	chloramphenicol/florfenicol_efflux_MFS_transporter_FloR	multidrug_efflux_RND_transporter_permease_subunit_OqxB	chloramphenicol_efflux_MFS_transporter_CmlA1	MBL_fold_metallo-hydrolase(WP_001109471.1)	type_A-2_chloramphenicol_O-acetyltransferase_CatII	Group
NMDC20552804	1	0	0	1	1	R
NMDC20554778	1	0	0	1	0	R
NMDC20582477	0	1	0	1	0	R
NMDC20582478	1	0	1	1	0	R
NMDC20582479	1	0	0	1	0	R
NMDC20582482	1	1	1	1	0	R
NMDC20582483	1	0	0	1	0	R
NMDC20554779	1	1	1	1	0	R
NMDC20582484	1	0	1	0	0	R
NMDC20582486	1	1	1	1	0	R
NMDC20582487	1	0	0	1	0	R
NMDC20582488	1	0	0	1	1	R
NMDC20582490	1	0	1	1	0	R
NMDC20582491	1	0	0	1	0	R
NMDC20582492	1	0	0	1	0	R
NMDC20582493	0	0	0	1	0	R
NMDC20550795	1	0	0	1	0	R
NMDC20554780	1	1	1	1	0	R
NMDC20554781	1	0	1	1	0	R
NMDC20582494	0	0	0	1	0	R
NMDC20582495	1	0	1	1	0	R
NMDC20582496	1	0	0	1	1	R
NMDC20582498	1	0	0	1	1	R
NMDC20554782	1	0	0	1	1	R
NMDC20582499	1	0	0	1	1	R
NMDC20582500	1	0	0	1	0	R
NMDC20582501	1	0	1	1	0	R
NMDC20556808	0	0	0	1	0	R
NMDC20582502	1	0	1	1	0	R
NMDC20582503	1	0	1	1	0	R
NMDC20582504	1	0	0	1	0	R
NMDC20582505	0	0	0	1	0	R
NMDC20582506	1	0	1	1	0	R
NMDC20582507	1	0	1	1	0	R
NMDC20554783	1	1	1	1	0	R
NMDC20582509	0	0	0	1	0	R
NMDC20582510	0	0	0	1	0	R
NMDC20582511	1	0	0	1	0	R
NMDC20552807	0	0	0	1	0	R
NMDC20582512	1	0	1	1	0	R
NMDC20582513	1	0	0	1	0	R
NMDC20554784	1	1	0	1	0	R
NMDC20556809	0	0	0	1	0	R
NMDC20550797	1	0	0	1	0	R
NMDC20582514	1	0	0	1	0	R
NMDC20582515	1	0	0	1	0	R
NMDC20582516	1	0	0	1	0	R
NMDC20582518	1	1	0	1	0	R
NMDC20582519	0	1	0	1	0	R
NMDC20582521	1	1	1	1	0	R
NMDC20554785	1	0	0	1	0	R
NMDC20582522	1	0	0	1	0	R
NMDC20582524	1	1	1	1	0	R
NMDC20582525	0	0	0	1	0	R
NMDC20582526	0	0	0	1	0	R
NMDC20552808	1	0	1	1	0	R
NMDC20550798	1	1	1	1	0	R
NMDC20582537	1	1	1	1	0	R
NMDC20582538	1	0	0	1	0	R
NMDC20556811	1	0	0	1	0	R
NMDC20554786	0	0	0	1	0	R
NMDC20582540	0	0	1	0	0	R
NMDC20582542	0	1	1	1	0	R
NMDC20556812	1	0	0	1	0	R
NMDC20582548	0	0	0	1	0	R
NMDC20582550	0	0	0	1	0	R
NMDC20582551	0	0	0	1	0	R
NMDC20582552	0	0	0	1	0	R
NMDC20582555	1	1	1	1	0	R
NMDC20582557	0	0	0	1	0	R
NMDC20582558	0	0	0	1	0	R
NMDC20582559	1	0	1	1	0	R
NMDC20554789	1	1	1	1	0	R
NMDC20554788	0	0	0	1	0	R
NMDC20582560	0	0	0	1	0	R
NMDC20582562	1	0	0	1	1	R
NMDC20550800	1	0	0	1	1	R
NMDC20556813	0	0	1	0	0	R
NMDC20582564	0	0	0	1	0	R
NMDC20582566	0	0	0	1	0	R
NMDC20552811	0	0	0	1	0	R
NMDC20582569	1	0	0	1	1	R
NMDC20556814	1	0	0	1	1	R
NMDC20582571	1	1	1	1	0	R
NMDC20550802	1	1	0	1	0	R
NMDC20554791	0	0	0	1	0	R
NMDC20582572	0	0	0	1	0	R
NMDC20582573	1	1	0	1	0	R
NMDC20582574	1	0	0	1	0	R
NMDC20582575	1	0	0	1	0	R
NMDC20582576	0	0	0	1	0	R
NMDC20556815	1	0	1	1	0	R
NMDC20582577	0	0	0	1	0	R
NMDC20582578	1	0	0	1	0	R
NMDC20582580	0	0	0	1	0	R
NMDC20582581	1	0	0	1	0	R
NMDC20582582	1	0	0	1	0	R
NMDC20582583	1	0	0	1	0	R
NMDC20582584	0	0	0	1	0	R
NMDC20582585	0	0	0	1	0	R
NMDC20582586	1	0	0	1	0	R
NMDC20554792	0	1	0	1	0	R
NMDC20556816	1	1	1	1	0	R
NMDC20550803	1	0	0	1	0	R
NMDC20582594	0	0	0	1	1	R
NMDC20550804	0	0	0	1	0	R
NMDC20582595	1	0	0	1	0	R
NMDC20582597	1	0	1	1	0	R
NMDC20554795	1	0	0	1	0	R
NMDC20582598	1	0	0	1	0	R
NMDC20582599	1	0	0	1	0	R
NMDC20582600	1	0	0	1	0	R
NMDC20582601	0	0	0	1	0	R
NMDC20556817	0	0	0	1	0	R
NMDC20582602	1	0	0	1	0	R
NMDC20582603	1	1	1	1	0	R
NMDC20582604	1	0	0	1	0	R
NMDC20582605	1	0	0	1	0	R
NMDC20582606	1	0	1	1	0	R
NMDC20582607	1	0	0	1	0	R
NMDC20582608	0	0	0	0	0	R
NMDC20582610	1	1	0	1	0	R
NMDC20582612	1	1	1	1	0	R
NMDC20582613	1	0	0	1	0	R
NMDC20582615	1	1	0	1	0	R
NMDC20582616	0	0	0	1	0	R
NMDC20582617	0	0	0	1	0	R
NMDC20556818	0	0	0	1	0	R
NMDC20552896	1	0	0	1	0	R
NMDC20582804	1	0	0	1	0	R
NMDC20552897	0	0	1	1	0	R
NMDC20582807	1	0	0	1	0	R
NMDC20582808	0	0	0	1	0	R
NMDC20582809	1	0	0	1	0	R
NMDC20556881	1	0	0	1	0	R
NMDC20556882	0	0	0	1	0	R
NMDC20554869	1	0	0	1	0	R
NMDC20582813	1	0	0	1	0	R
NMDC20554870	1	1	1	1	0	R
NMDC20556883	1	0	0	1	0	R
NMDC20556885	1	0	0	1	0	R
NMDC20550880	1	0	0	1	1	R
NMDC20582815	1	0	0	1	0	R
NMDC20552900	1	0	1	1	0	R
NMDC20550881	0	0	1	1	0	R
NMDC20582819	1	0	1	1	0	R
NMDC20552902	1	0	0	1	0	R
NMDC20582820	1	1	0	1	0	R
NMDC20582824	1	0	0	1	0	R
NMDC20556888	1	0	0	1	0	R
NMDC20552907	1	0	0	1	0	R
NMDC20582827	1	0	0	1	0	R
NMDC20556889	1	0	1	1	0	R
NMDC20550885	1	0	0	1	0	R
NMDC20552906	1	0	0	1	0	R
NMDC20582829	1	0	0	1	0	R
NMDC20550886	1	0	1	1	0	R
NMDC20550888	1	0	0	1	0	R
NMDC20582831	0	0	0	1	0	R
NMDC20556891	1	0	0	1	0	R
NMDC20552908	1	0	1	1	1	R
NMDC20556892	1	0	0	1	0	R
NMDC20550889	1	0	0	1	0	R
NMDC20550890	1	0	0	1	0	R
NMDC20550892	0	0	0	1	0	R
NMDC20554877	1	0	0	1	0	R
NMDC20552911	1	0	0	1	0	R
NMDC20550893	1	0	0	1	0	R
NMDC20550894	0	0	0	1	0	R
NMDC20582837	0	0	0	1	0	R
NMDC20552910	1	0	0	1	0	R
NMDC20582839	1	0	0	1	0	R
NMDC20552912	1	0	1	1	0	R
NMDC20550898	1	0	1	1	0	R
NMDC20556898	1	0	0	1	0	R
NMDC20550900	1	0	0	1	0	R
NMDC20556900	1	0	1	1	0	R
NMDC20550903	0	0	0	1	0	R
NMDC20556901	1	0	0	1	0	R
NMDC20556905	1	0	0	1	0	R
NMDC20556906	1	0	1	1	0	R
NMDC20582847	0	0	0	1	1	R
NMDC20556907	0	0	0	0	0	R
NMDC20552921	1	0	1	1	0	R
NMDC20554883	1	0	1	1	0	R
NMDC20554886	0	0	1	1	0	R
NMDC20582851	0	0	1	0	0	R
NMDC20556910	1	0	0	1	0	R
NMDC20556911	1	0	0	1	0	R
NMDC20556914	1	0	0	1	1	R
NMDC20552924	1	1	1	1	0	R
NMDC20582857	1	0	0	1	0	R
NMDC20554888	1	0	0	1	1	R
NMDC20552926	1	0	1	1	0	R
NMDC20556915	0	0	0	1	0	R
NMDC20554890	0	0	0	1	0	R
NMDC20554891	1	0	0	1	0	R
NMDC20582863	0	0	0	1	0	R
NMDC20582864	1	0	0	1	0	R
NMDC20552929	0	0	0	1	0	R
NMDC20552932	1	0	0	1	0	R
NMDC20550916	1	0	1	1	0	R
NMDC20554893	1	0	1	1	0	R
NMDC20552931	1	0	0	1	1	R
NMDC20582868	0	0	0	1	0	R
NMDC20552933	1	0	0	1	1	R
NMDC20582869	1	0	0	1	0	R
NMDC20556917	1	0	1	1	0	R
NMDC20582871	1	0	1	1	0	R
NMDC20582872	0	0	0	1	0	R
NMDC20554895	1	0	1	1	0	R
NMDC20554896	1	0	1	1	0	R
NMDC20556919	1	0	0	1	0	R
NMDC20582873	1	1	1	1	0	R
NMDC20554899	1	0	0	1	0	R
NMDC20582877	0	0	0	1	0	R
NMDC20582880	0	0	0	1	0	R
NMDC20550919	1	0	0	1	0	R
NMDC20554901	1	0	0	1	0	R
NMDC20552938	1	0	0	1	0	R
NMDC20582881	1	0	1	1	0	R
NMDC20552940	1	0	0	1	0	R
NMDC20554902	1	0	0	1	0	R
NMDC20582885	1	0	1	1	0	R
NMDC20582886	1	0	1	1	0	R
NMDC20582889	0	0	0	1	0	R
NMDC20582891	1	0	0	1	0	R
NMDC20582893	1	0	1	0	0	R
NMDC20582896	1	0	1	0	0	R
NMDC20583314	1	0	1	1	0	R
NMDC20553112	1	0	1	1	0	R
NMDC20583315	1	0	0	1	0	R
NMDC20555072	1	0	1	1	0	R
NMDC20583317	1	0	1	1	0	R
NMDC20555074	1	1	1	1	0	R
NMDC20583318	1	0	0	1	0	R
NMDC20557092	1	0	1	1	0	R
NMDC20551078	1	0	0	1	0	R
NMDC20583330	1	0	1	1	0	R
NMDC20583334	1	0	0	1	0	R
NMDC20583338	1	0	0	1	0	R
NMDC20583341	1	0	0	1	0	R
NMDC20583343	1	1	0	1	0	R
NMDC20583347	1	0	0	1	0	R
NMDC20584429	1	0	0	1	0	R
NMDC20584434	0	0	0	1	0	R
NMDC20584435	0	0	0	1	0	R
NMDC20584436	1	0	1	1	0	R
NMDC20584438	1	0	0	1	0	R
NMDC20584446	1	0	0	1	0	R
NMDC20584447	1	0	0	1	0	R
NMDC20584448	1	0	0	1	0	R
NMDC20584449	1	0	0	1	0	R
NMDC20584450	1	0	0	1	0	R
NMDC20584451	0	0	0	1	0	R
NMDC20584452	1	0	0	1	0	R
NMDC20584453	1	0	0	1	0	R
NMDC20584457	1	0	1	1	0	R
NMDC20584460	0	0	0	1	0	R
NMDC20584461	1	0	0	0	0	R
NMDC20584463	1	0	0	1	0	R
NMDC20584464	1	0	0	1	0	R
NMDC20584465	1	0	0	1	0	R
NMDC20584466	1	0	0	1	0	R
NMDC20584467	1	0	0	1	0	R
NMDC20584468	1	0	0	1	0	R
NMDC20584469	1	0	0	1	0	R
NMDC20584470	1	0	0	1	0	R
NMDC20584473	1	0	0	1	0	R
NMDC20584474	1	0	0	1	0	R
NMDC20584475	1	0	0	1	0	R
NMDC20584477	1	0	0	1	0	R
NMDC20584478	1	0	0	1	0	R
NMDC20584479	1	0	0	1	0	R
NMDC20584480	1	0	0	1	0	R
NMDC20584481	1	0	0	1	0	R
NMDC20584483	1	0	0	1	0	R
NMDC20584485	1	0	0	1	0	R
NMDC20584486	1	0	0	1	0	R
NMDC20584487	1	0	0	1	0	R
NMDC20584488	1	0	0	1	0	R
NMDC20584489	1	0	0	1	0	R
NMDC20584491	1	0	0	1	0	R
NMDC20584493	1	0	0	1	0	R
NMDC20584494	1	0	0	1	0	R
NMDC20584495	1	0	0	1	0	R
NMDC20584497	1	0	0	1	0	R
NMDC20584498	1	0	0	1	0	R
NMDC20584501	1	0	0	1	0	R
NMDC20584502	1	0	0	1	0	R
NMDC20584503	1	0	0	1	0	R
NMDC20584505	1	0	0	1	0	R
NMDC20584508	0	0	0	1	0	R
NMDC20584509	1	0	0	1	0	R
NMDC20584510	1	0	0	1	0	R
NMDC20584511	1	0	1	1	0	R
NMDC20584512	1	0	1	1	0	R
NMDC20584513	1	0	1	1	0	R
NMDC20584517	1	0	0	1	0	R
NMDC20584520	1	1	0	1	0	R
NMDC20584521	1	0	0	1	0	R
NMDC20584527	1	0	1	0	0	R
NMDC20584529	1	0	0	1	0	R
NMDC20584530	1	0	0	1	0	R
NMDC20584532	1	0	0	1	0	R
NMDC20584534	1	0	0	1	0	R
NMDC20584536	1	0	0	1	0	R
NMDC20584538	1	0	0	1	0	R
NMDC20584539	1	0	0	1	0	R
NMDC20584541	1	0	0	1	0	R
NMDC20584542	1	0	0	1	0	R
NMDC20584543	1	0	0	1	0	R
NMDC20584544	1	0	0	1	0	R
NMDC20584545	1	0	0	1	0	R
NMDC20584546	1	0	0	1	0	R
NMDC20584547	0	0	0	1	0	R
NMDC20584548	1	0	0	1	0	R
NMDC20584549	1	0	0	1	0	R
NMDC20584550	1	0	0	1	0	R
NMDC20584551	1	0	0	1	0	R
NMDC20584552	1	0	0	1	0	R
NMDC20584553	0	0	0	1	0	R
NMDC20584557	1	0	0	1	0	R
NMDC20584558	1	0	0	1	0	R
NMDC20584559	1	0	0	1	0	R
NMDC20584560	1	0	0	1	0	R
NMDC20584561	1	0	0	1	0	R
NMDC20584562	1	0	0	1	0	R
NMDC20584564	1	0	0	1	0	R
NMDC20584566	1	0	0	1	0	R
NMDC20584567	1	0	0	1	0	R
NMDC20584568	1	0	0	1	0	R
NMDC20584570	1	0	0	1	0	R
NMDC20584571	1	0	0	1	0	R
NMDC20584573	1	0	0	1	0	R
NMDC20584574	1	0	0	1	0	R
NMDC20584575	1	0	0	1	0	R
NMDC20584576	0	0	0	1	0	R
NMDC20584577	1	0	0	1	0	R
NMDC20584578	1	0	0	1	0	R
NMDC20584580	1	0	0	1	0	R
NMDC20584581	1	0	0	1	0	R
NMDC20584584	1	0	0	1	0	R
NMDC20584585	1	0	0	1	0	R
NMDC20584586	1	0	0	1	0	R
NMDC20584588	1	0	0	1	0	R
NMDC20584589	1	0	0	1	0	R
NMDC20584591	1	0	0	1	0	R
NMDC20584592	1	0	0	1	0	R
NMDC20584593	1	0	0	1	0	R
NMDC20584595	1	0	0	1	0	R
NMDC20584596	1	0	0	1	0	R
NMDC20584601	1	0	0	1	0	R
NMDC20584602	1	0	0	1	0	R
NMDC20584605	1	0	0	1	0	R
NMDC20584606	1	0	0	1	0	R
NMDC20584607	1	0	0	1	0	R
NMDC20584609	1	0	0	1	0	R
NMDC20584610	1	0	0	1	0	R
NMDC20584611	1	0	0	1	0	R
NMDC20584612	1	0	0	1	0	R
NMDC20584613	1	0	1	1	0	R
NMDC20584614	1	0	1	1	0	R
NMDC20584616	1	0	1	1	0	R
NMDC20584618	1	0	1	1	0	R
NMDC20584620	0	0	0	1	0	R
NMDC20584621	1	0	0	1	0	R
NMDC20584623	1	0	0	1	0	R
NMDC20584625	1	0	1	1	0	R
NMDC20584627	1	0	0	1	0	R
NMDC20584628	1	0	0	1	0	R
NMDC20584630	1	0	0	1	0	R
NMDC20584632	1	0	0	1	0	R
NMDC20584633	1	1	0	1	0	R
NMDC20584639	1	0	0	1	0	R
NMDC20584640	1	0	1	1	0	R
NMDC20584642	1	0	0	1	0	R
NMDC20584643	1	0	0	1	0	R
NMDC20584644	1	0	0	1	0	R
NMDC20584646	0	0	0	1	0	R
NMDC20584649	1	1	0	1	0	R
NMDC20584650	1	0	0	1	0	R
NMDC20584656	1	0	0	1	0	R
NMDC20584657	1	0	0	1	0	R
NMDC20584659	1	0	1	1	0	R
NMDC20584660	1	0	1	1	0	R
NMDC20584667	1	0	0	1	0	R
NMDC20584670	1	0	1	1	0	R
NMDC20584672	1	0	0	1	0	R
NMDC20584673	1	0	0	1	0	R
NMDC20584675	1	0	0	1	0	R
NMDC20584676	1	0	0	1	0	R
NMDC20584677	1	0	0	1	0	R
NMDC20584686	1	0	1	1	0	R
NMDC20584687	1	0	1	1	0	R
NMDC20584688	0	0	1	1	0	R
NMDC20584690	1	0	0	1	0	R
NMDC20584695	1	0	0	1	0	R
NMDC20584699	1	0	0	1	0	R
NMDC20584700	1	0	0	1	0	R
NMDC20584701	1	0	0	1	0	R
NMDC20584706	1	0	0	1	0	R
NMDC20584708	1	0	0	1	0	R
NMDC20584714	1	0	0	1	0	R
NMDC20584715	0	0	0	1	0	R
NMDC20584717	0	0	1	0	0	R
NMDC20584720	1	0	0	1	0	R
NMDC20584723	0	0	0	1	0	R
NMDC20584729	0	0	0	1	0	R
NMDC20584730	1	0	0	1	0	R
NMDC20584733	1	0	0	1	0	R
NMDC20584735	1	0	0	1	0	R
NMDC20584737	1	0	0	0	0	R
NMDC20584738	1	0	0	0	0	R
NMDC20584739	1	0	0	0	0	R
NMDC20584742	1	0	0	1	0	R
NMDC20584746	1	0	1	1	0	R
NMDC20584749	1	0	0	1	0	R
NMDC20584753	1	0	0	1	0	R
NMDC20584756	1	0	0	1	0	R
NMDC20584757	1	0	0	1	0	R
NMDC20584761	1	0	0	1	0	R
NMDC20584763	1	0	0	1	0	R
NMDC20584764	1	0	0	1	0	R
NMDC20584765	1	0	0	1	0	R
NMDC20584767	0	0	0	0	0	R
NMDC20584772	1	0	0	1	0	R
NMDC20584776	1	0	1	1	0	R
NMDC20584778	1	0	0	1	0	R
NMDC20584779	1	0	0	1	0	R
NMDC20584781	1	0	1	1	0	R
NMDC20584783	1	0	0	1	0	R
NMDC20584784	1	0	0	1	0	R
NMDC20584787	1	0	0	1	0	R
NMDC20584791	1	0	0	1	0	R
NMDC20584792	1	0	0	0	0	R
NMDC20584793	0	0	1	1	0	R
NMDC20584795	1	0	0	1	0	R
NMDC20584796	1	0	0	1	0	R
NMDC20584797	1	0	0	1	0	R
NMDC20584800	1	0	0	1	0	R
NMDC20584802	1	0	0	1	0	R
NMDC20584803	1	0	0	1	0	R
NMDC20584804	1	0	1	1	0	R
NMDC20584805	1	0	0	1	0	R
NMDC20584809	1	0	0	1	0	R
NMDC20584810	1	0	0	1	0	R
NMDC20584814	1	0	0	1	0	R
NMDC20584815	1	0	0	1	0	R
NMDC20584816	1	0	1	1	0	R
NMDC20584817	1	0	0	1	0	R
NMDC20584818	1	0	1	1	0	R
NMDC20584819	0	0	0	1	0	R
NMDC20584821	1	0	0	1	0	R
NMDC20584822	0	0	0	1	0	R
NMDC20584823	0	0	0	1	0	R
NMDC20584824	0	0	0	1	0	R
NMDC20584826	1	0	0	1	0	R
NMDC20584833	1	0	0	1	0	R
NMDC20584836	1	0	0	1	1	R
NMDC20584838	1	0	0	1	0	R
NMDC20584839	1	0	0	1	0	R
NMDC20584840	1	0	0	1	0	R
NMDC20584841	1	0	1	1	0	R
NMDC20584842	1	0	0	0	0	R
NMDC20584846	1	0	0	1	0	R
NMDC20584849	1	0	0	1	0	R
NMDC20584850	1	0	0	1	0	R
NMDC20584851	1	0	0	1	0	R
NMDC20584853	1	0	0	1	0	R
NMDC20584854	1	0	0	0	0	R
NMDC20584855	1	0	0	1	0	R
NMDC20584857	1	0	0	1	0	R
NMDC20584861	1	0	0	1	0	R
NMDC20584862	1	0	0	1	0	R
NMDC20584863	1	0	0	1	0	R
NMDC20584864	1	0	0	1	0	R
NMDC20584869	1	0	0	1	0	R
NMDC20584871	0	0	0	1	0	R
NMDC20584877	1	0	1	1	0	R
NMDC20584878	0	0	0	1	0	R
NMDC20584885	1	0	0	1	0	R
NMDC20584888	1	0	0	1	0	R
NMDC20584898	1	0	1	1	0	R
NMDC20585323	1	0	1	1	0	R
NMDC20585324	0	0	0	1	0	R
NMDC20553582	1	0	0	1	0	R
NMDC20557614	1	0	0	1	0	R
NMDC20553584	1	0	1	1	0	R
NMDC20585326	1	0	0	1	0	R
NMDC20555577	1	0	0	1	0	R
NMDC20551540	1	0	0	1	0	R
NMDC20585328	1	0	1	1	0	R
NMDC20553585	1	0	0	1	0	R
NMDC20553586	1	0	1	1	0	R
NMDC20555579	1	0	1	1	0	R
NMDC20585330	1	0	1	1	0	R
NMDC20585331	0	0	1	1	0	R
NMDC20585335	0	0	1	0	0	R
NMDC20585341	1	0	0	1	0	R
NMDC20555580	1	0	1	1	0	R
NMDC20551544	1	0	1	1	0	R
NMDC20585345	1	0	0	1	1	R
NMDC20551545	1	0	0	1	0	R
NMDC20585346	1	0	0	1	0	R
NMDC20555582	1	0	1	1	0	R
NMDC20555583	1	0	0	1	0	R
NMDC20585354	0	0	0	0	0	R
NMDC20553591	1	0	0	1	0	R
NMDC20555585	1	0	1	1	0	R
NMDC20551549	1	1	0	1	0	R
NMDC20553593	1	0	0	1	0	R
NMDC20555587	1	0	0	1	1	R
NMDC20553594	1	0	1	1	0	R
NMDC20585357	1	0	0	1	0	R
NMDC20585359	1	0	1	1	0	R
NMDC20553596	1	0	1	1	0	R
NMDC20585366	1	0	1	1	0	R
NMDC20585367	1	0	0	1	0	R
NMDC20551552	1	0	0	1	0	R
NMDC20555592	0	0	1	1	0	R
NMDC20553599	1	0	1	1	0	R
NMDC20555593	1	0	0	1	0	R
NMDC20553600	1	0	0	1	0	R
NMDC20555594	0	0	0	1	0	R
NMDC20585369	1	0	1	1	0	R
NMDC20585371	1	0	1	1	0	R
NMDC20557627	1	0	0	1	0	R
NMDC20585377	1	0	0	1	0	R
NMDC20557628	0	0	0	1	1	R
NMDC20585379	1	0	0	1	1	R
NMDC20555599	1	0	0	1	1	R
NMDC20585381	0	0	0	1	0	R
NMDC20557629	1	0	1	1	0	R
NMDC20585383	1	0	0	1	0	R
NMDC20585385	1	0	0	1	0	R
NMDC20557630	1	0	0	1	0	R
NMDC20553601	1	0	0	1	0	R
NMDC20555602	1	0	0	1	0	R
NMDC20585389	1	0	0	1	0	R
NMDC20585390	1	0	0	1	0	R
NMDC20555603	1	0	0	1	0	R
NMDC20555604	1	0	1	1	0	R
NMDC20585396	1	0	0	1	0	R
NMDC20553605	1	0	1	1	0	R
NMDC20557636	1	0	1	1	0	R
NMDC20557637	1	0	0	1	1	R
NMDC20555605	1	0	0	1	1	R
NMDC20585400	1	0	0	1	0	R
NMDC20585402	0	0	0	1	0	R
NMDC20555606	1	0	0	1	1	R
NMDC20585403	1	0	0	1	0	R
NMDC20551559	1	0	1	1	0	R
NMDC20585407	1	0	0	1	0	R
NMDC20551563	1	0	0	1	0	R
NMDC20585410	1	0	0	1	0	R
NMDC20585411	1	0	0	1	0	R
NMDC20585412	1	0	0	1	0	R
NMDC20585413	1	0	0	1	0	R
NMDC20585415	1	0	0	1	0	R
NMDC20585417	1	0	0	1	0	R
NMDC20555609	1	0	0	1	0	R
NMDC20585418	1	0	0	1	0	R
NMDC20585419	1	0	1	1	0	R
NMDC20585420	1	0	0	1	0	R
NMDC20585423	1	0	0	1	0	R
NMDC20555611	1	0	0	1	0	R
NMDC20557643	1	0	0	1	0	R
NMDC20551564	1	0	0	1	0	R
NMDC20557644	1	0	0	1	1	R
NMDC20585426	0	0	0	1	0	R
NMDC20555612	1	0	0	1	0	R
NMDC20585430	1	0	0	1	0	R
NMDC20553618	1	0	0	1	0	R
NMDC20585432	1	0	1	1	0	R
NMDC20585433	1	0	0	1	0	R
NMDC20585434	1	0	1	1	0	R
NMDC20585435	1	0	0	1	0	R
NMDC20553621	1	0	0	1	0	R
NMDC20585437	1	0	1	1	0	R
NMDC20585438	1	0	0	1	0	R
NMDC20557649	1	0	0	1	0	R
NMDC20585440	1	0	1	1	0	R
NMDC20585441	1	0	0	1	0	R
NMDC20585442	1	0	0	1	1	R
NMDC20553623	1	0	0	1	0	R
NMDC20585443	1	0	1	1	0	R
NMDC20555613	1	0	0	1	0	R
NMDC20553624	1	0	1	1	0	R
NMDC20585444	1	0	1	1	0	R
NMDC20557652	1	0	1	1	0	R
NMDC20585445	1	0	0	1	0	R
NMDC20551575	1	0	0	1	0	R
NMDC20585450	1	0	0	1	0	R
NMDC20555617	1	0	0	1	0	R
NMDC20585451	1	0	0	1	0	R
NMDC20553627	1	0	1	1	0	R
NMDC20557655	1	0	0	1	1	R
NMDC20555621	1	0	0	1	1	R
NMDC20553628	1	0	0	1	0	R
NMDC20551580	1	0	0	1	0	R
NMDC20553629	1	0	1	1	0	R
NMDC20553630	1	0	0	1	0	R
NMDC20551581	1	0	0	1	0	R
NMDC20585457	1	0	0	1	0	R
NMDC20553634	1	0	0	1	0	R
NMDC20585458	1	0	0	1	0	R
NMDC20585460	1	0	0	1	0	R
NMDC20551582	1	0	0	1	0	R
NMDC20551583	1	0	0	1	0	R
NMDC20557657	1	0	1	1	0	R
NMDC20553635	1	0	0	1	0	R
NMDC20585463	1	0	0	1	1	R
NMDC20585464	1	0	0	1	1	R
NMDC20551587	1	0	1	1	0	R
NMDC20557658	1	0	0	1	0	R
NMDC20585467	1	0	0	1	0	R
NMDC20585468	1	0	0	1	0	R
NMDC20585469	0	0	0	1	1	R
NMDC20585470	1	0	1	1	0	R
NMDC20555628	1	0	0	1	0	R
NMDC20585473	1	0	1	0	0	R
NMDC20551592	1	0	1	1	0	R
NMDC20553642	1	0	0	1	0	R
NMDC20551593	1	0	1	1	0	R
NMDC20585479	1	0	1	1	0	R
NMDC20557661	1	0	1	1	0	R
NMDC20555631	1	0	1	1	0	R
NMDC20551596	1	0	0	1	0	R
NMDC20585484	1	0	0	1	0	R
NMDC20585485	1	0	0	1	0	R
NMDC20585486	1	0	0	1	0	R
NMDC20585488	1	0	1	1	0	R
NMDC20585492	1	1	0	1	0	R
NMDC20585494	1	0	1	1	0	R
NMDC20585497	1	0	1	1	0	R
NMDC20585498	1	0	1	1	0	R
NMDC20585503	0	1	0	1	0	R
NMDC20585505	0	0	0	1	1	R
NMDC20585506	1	0	1	1	0	R
NMDC20585507	1	0	0	1	0	R
NMDC20585511	1	0	0	1	0	R
NMDC20585512	1	0	1	0	0	R
NMDC20585517	1	0	1	1	0	R
NMDC20585521	1	0	1	0	0	R
NMDC20585525	1	0	0	1	1	R
NMDC20585527	1	0	0	1	0	R
NMDC20585529	0	0	1	1	0	R
NMDC20585530	1	0	0	1	0	R
NMDC20585533	0	0	0	1	0	R
NMDC20585534	1	0	1	0	0	R
NMDC20585536	1	0	1	0	0	R
NMDC20585537	1	0	1	0	0	R
NMDC20585545	1	0	1	1	0	R
NMDC20585546	0	1	0	1	0	R
NMDC20585549	1	0	0	1	0	R
NMDC20585551	1	0	0	1	0	R
NMDC20585553	0	0	1	1	0	R
NMDC20585554	1	0	0	1	0	R
NMDC20585555	1	0	0	1	1	R
NMDC20585556	1	0	1	0	0	R
NMDC20585557	1	0	0	1	0	R
NMDC20585559	1	0	0	1	0	R
NMDC20585560	1	0	1	1	0	R
NMDC20585561	1	0	0	1	0	R
NMDC20585562	0	0	1	1	0	R
NMDC20585564	0	0	1	1	0	R
NMDC20551599	1	0	1	1	0	R
NMDC20551600	1	0	0	1	0	R
NMDC20585578	1	1	1	1	0	R
NMDC20551601	1	0	0	1	0	R
NMDC20551602	1	0	0	1	1	R
NMDC20585581	1	0	1	1	0	R
NMDC20551604	1	0	0	1	0	R
NMDC20585588	1	0	0	1	0	R
NMDC20585589	1	0	0	1	0	R
NMDC20585590	0	1	1	1	0	R
NMDC20585593	1	0	1	1	0	R
NMDC20585597	1	0	0	1	0	R
NMDC20585599	1	0	1	1	0	R
NMDC20585603	1	0	0	1	0	R
NMDC20557669	0	1	1	1	0	R
NMDC20553651	1	0	1	1	0	R
NMDC20557670	1	0	0	1	0	R
NMDC20557671	1	0	1	1	0	R
NMDC20557672	1	0	1	1	1	R
NMDC20555646	1	0	0	1	0	R
NMDC20557673	1	0	1	1	0	R
NMDC20551606	1	0	1	1	0	R
NMDC20585607	0	0	1	1	0	R
NMDC20585608	1	0	0	1	0	R
NMDC20585609	1	0	1	1	0	R
NMDC20585610	1	0	1	1	0	R
NMDC20553652	1	0	1	1	0	R
NMDC20551607	1	0	0	1	0	R
NMDC20551608	1	0	0	1	0	R
NMDC20551610	1	0	0	1	0	R
NMDC20551611	1	0	0	1	0	R
NMDC20551612	1	0	1	1	0	R
NMDC20553655	1	0	0	1	0	R
NMDC20551613	1	0	0	1	0	R
NMDC20555649	1	0	0	1	0	R
NMDC20585616	1	0	0	1	1	R
NMDC20553656	1	0	0	0	0	R
NMDC20585621	1	0	1	1	0	R
NMDC20553657	1	0	1	1	0	R
NMDC20555651	1	0	1	1	0	R
NMDC20555652	1	0	0	1	0	R
NMDC20585629	0	0	0	1	0	R
NMDC20585632	1	0	0	1	1	R
NMDC20557680	1	1	1	1	0	R
NMDC20555653	1	0	1	1	0	R
NMDC20585634	1	0	0	1	1	R
NMDC20585635	1	0	0	1	0	R
NMDC20585637	1	0	1	1	0	R
NMDC20553658	1	0	1	1	0	R
NMDC20585645	1	0	1	1	0	R
NMDC20557685	1	0	1	1	0	R
NMDC20551619	1	0	0	1	0	R
NMDC20585648	1	0	1	1	0	R
NMDC20585649	1	0	1	0	0	R
NMDC20585650	1	0	0	1	0	R
NMDC20557687	1	0	1	1	0	R
NMDC20557688	1	0	0	1	0	R
NMDC20585652	1	0	0	1	0	R
NMDC20555658	1	0	1	1	0	R
NMDC20585655	1	0	0	1	0	R
NMDC20551624	1	0	0	1	0	R
NMDC20553663	1	0	1	1	0	R
NMDC20585658	1	0	0	1	0	R
NMDC20553664	0	0	1	0	0	R
NMDC20555662	1	0	0	1	0	R
NMDC20585663	1	0	0	1	1	R
NMDC20585666	1	0	0	1	0	R
NMDC20585667	1	0	0	1	0	R
NMDC20585669	1	0	0	0	0	R
NMDC20585670	1	0	0	1	0	R
NMDC20585672	1	0	0	1	0	R
NMDC20585673	1	0	0	1	0	R
NMDC20585677	1	0	0	1	0	R
NMDC20585679	1	0	0	1	0	R
NMDC20585686	1	1	0	1	0	R
NMDC20551628	1	0	0	1	1	R
NMDC20585690	0	0	0	1	0	R
NMDC20585691	1	0	0	1	0	R
NMDC20585693	1	0	0	1	1	R
NMDC20553667	1	0	1	1	0	R
NMDC20557694	1	1	1	1	0	R
NMDC20585697	1	0	0	1	0	R
NMDC20585698	1	0	1	1	0	R
NMDC20585700	1	0	0	1	0	R
NMDC20551631	1	0	0	1	0	R
NMDC20551635	1	0	0	1	0	R
NMDC20585704	1	0	1	1	0	R
NMDC20585705	1	0	1	1	0	R
NMDC20585706	1	0	0	1	0	R
NMDC20585708	1	0	1	0	0	R
NMDC20585711	1	0	1	0	0	R
NMDC20585712	1	0	0	1	0	R
NMDC20585713	1	0	1	1	0	R
NMDC20585714	1	0	1	1	0	R
NMDC20585715	1	0	1	0	0	R
NMDC20585716	0	0	1	1	0	R
NMDC20557699	1	0	0	1	0	R
NMDC20555870	1	0	1	0	0	R
NMDC20586315	1	0	0	1	0	R
NMDC20586321	1	0	0	1	0	R
NMDC20586323	1	0	0	1	0	R
NMDC20553861	1	0	0	1	0	R
NMDC20553862	1	0	1	1	0	R
NMDC20551849	1	0	0	1	0	R
NMDC20551850	1	0	0	1	0	R
NMDC20586332	1	0	0	1	0	R
NMDC20586333	1	0	0	1	0	R
NMDC20586339	1	0	0	1	0	R
NMDC20586345	1	0	0	1	0	R
NMDC20586361	0	0	0	1	0	R
NMDC20586362	1	0	0	1	0	R
NMDC20586366	1	1	0	1	0	R
NMDC20586367	1	0	0	1	0	R
NMDC20586368	1	0	0	1	0	R
NMDC20586369	1	0	0	1	0	R
NMDC20586371	1	0	0	1	0	R
NMDC20586376	0	0	0	1	0	R
NMDC20586378	1	0	0	1	0	R
NMDC20586380	1	0	0	1	0	R
NMDC20589010	1	0	0	1	0	R
NMDC20589011	1	0	1	1	0	R
NMDC20589014	1	0	0	1	0	R
NMDC20589015	1	0	0	1	0	R
NMDC20589017	1	0	0	1	0	R
NMDC20589018	1	0	0	1	0	R
NMDC20589020	1	0	0	1	0	R
NMDC20589022	1	0	0	1	0	R
NMDC20589023	1	0	0	1	0	R
NMDC20589035	0	0	0	1	0	R
NMDC20589040	1	0	0	1	0	R
NMDC20589042	1	0	1	1	0	R
NMDC20555932	1	0	0	1	0	R
NMDC20586537	1	0	0	1	0	R
NMDC20586538	1	0	0	1	0	R
NMDC20586550	1	0	1	1	0	R
NMDC20586573	1	0	0	1	0	R
NMDC20553921	1	0	1	1	0	R
NMDC20557928	1	0	0	1	0	R
NMDC20586578	1	0	1	1	0	R
NMDC20551926	1	1	1	1	0	R
NMDC20557950	1	0	0	1	0	R
NMDC20586615	1	0	1	1	0	R
NMDC20586624	1	0	0	1	0	R
NMDC20553948	1	0	1	1	0	R
NMDC20553950	1	0	0	1	0	R
NMDC20586631	1	0	0	1	0	R
NMDC20553953	1	0	0	1	0	R
NMDC20557966	1	0	0	0	0	R
NMDC20586639	1	0	0	1	0	R
NMDC20551949	1	0	1	1	0	R
NMDC20557968	1	0	0	1	0	R
NMDC20553959	1	0	1	0	0	R
NMDC20586643	1	0	1	1	0	R
NMDC20586644	1	0	1	1	0	R
NMDC20555975	0	0	0	1	0	R
NMDC20557970	1	0	0	1	0	R
NMDC20586646	1	0	0	1	0	R
NMDC20553964	1	0	1	1	0	R
NMDC20551953	1	0	1	1	0	R
NMDC20586650	1	0	1	1	0	R
NMDC20551954	0	0	1	1	0	R
NMDC20586656	1	0	0	1	0	R
NMDC20551956	1	0	1	1	0	R
NMDC20588176	1	0	0	1	0	R
NMDC20588177	1	0	0	1	0	R
NMDC20588178	1	0	0	1	0	R
NMDC20588179	1	0	0	1	0	R
NMDC20588181	1	0	0	1	0	R
NMDC20588182	1	0	0	1	0	R
NMDC20588184	1	0	0	1	0	R
NMDC20588186	1	0	0	1	0	R
NMDC20588187	1	0	0	1	0	R
NMDC20552391	1	0	0	1	0	R
NMDC20556082	1	0	0	1	0	R
NMDC20558086	1	0	1	1	0	R
NMDC20552046	1	0	0	1	1	R
NMDC20558088	1	0	0	1	0	R
NMDC20586927	1	0	1	1	0	R
NMDC20586930	1	0	1	1	0	R
NMDC20558090	0	0	0	1	0	R
NMDC20586931	0	0	0	1	0	R
NMDC20586932	1	0	1	1	0	R
NMDC20552049	1	0	0	1	0	R
NMDC20586934	1	0	0	1	0	R
NMDC20586935	1	0	1	1	0	R
NMDC20554085	1	0	1	1	0	R
NMDC20586936	1	1	0	1	0	R
NMDC20554086	1	0	0	1	0	R
NMDC20586937	1	0	0	1	0	R
NMDC20552050	0	0	0	1	0	R
NMDC20586940	1	0	0	1	0	R
NMDC20586943	1	0	0	1	0	R
NMDC20552055	1	0	0	1	0	R
NMDC20556096	1	0	0	1	0	R
NMDC20554095	1	0	1	1	0	R
NMDC20552057	1	0	0	1	0	R
NMDC20554098	0	0	0	1	0	R
NMDC20586956	1	0	0	1	1	R
NMDC20586957	1	0	0	1	1	R
NMDC20586958	0	0	0	1	0	R
NMDC20586959	1	0	1	1	0	R
NMDC20558098	0	0	0	1	0	R
NMDC20552059	1	0	0	1	0	R
NMDC20558099	0	0	0	1	0	R
NMDC20552060	0	0	0	1	0	R
NMDC20558101	1	0	0	1	0	R
NMDC20554103	1	0	0	1	0	R
NMDC20552061	1	0	0	1	0	R
NMDC20556097	1	0	0	1	0	R
NMDC20586964	1	0	1	1	0	R
NMDC20586965	0	0	0	1	0	R
NMDC20586966	0	0	0	1	0	R
NMDC20586969	0	0	0	1	0	R
NMDC20554106	1	0	0	1	0	R
NMDC20552072	1	0	0	1	0	R
NMDC20554107	0	0	0	1	0	R
NMDC20586979	1	0	0	1	1	R
NMDC20554108	1	0	0	1	0	R
NMDC20554110	0	0	0	1	0	R
NMDC20558108	1	0	1	1	0	R
NMDC20586981	1	0	0	1	0	R
NMDC20554111	1	0	1	1	0	R
NMDC20552073	1	0	0	1	0	R
NMDC20554112	1	0	1	1	0	R
NMDC20556105	1	0	1	1	0	R
NMDC20586984	1	0	0	1	0	R
NMDC20586985	1	0	0	1	0	R
NMDC20586993	1	0	0	1	0	R
NMDC20586994	1	0	1	1	0	R
NMDC20552078	1	0	0	1	0	R
NMDC20586995	1	0	0	1	0	R
NMDC20558113	1	0	1	1	0	R
NMDC20587000	1	0	1	1	0	R
NMDC20587001	1	0	0	1	0	R
NMDC20587010	1	0	0	1	0	R
NMDC20552086	1	0	0	1	0	R
NMDC20556118	1	0	0	1	0	R
NMDC20558117	1	0	0	1	0	R
NMDC20556119	1	0	0	1	0	R
NMDC20552088	1	0	0	1	0	R
NMDC20587020	1	0	0	1	0	R
NMDC20558120	1	0	0	1	0	R
NMDC20554122	1	0	0	1	0	R
NMDC20558121	1	0	0	1	1	R
NMDC20587054	1	0	0	1	0	R
NMDC20556125	1	0	1	1	0	R
NMDC20554136	1	0	1	1	0	R
NMDC20558132	0	0	0	1	0	R
NMDC20587057	1	0	0	1	0	R
NMDC20587058	1	0	1	1	0	R
NMDC20554139	1	0	1	1	0	R
NMDC20587061	1	0	0	1	0	R
NMDC20552108	1	0	0	1	0	R
NMDC20558134	1	0	1	1	0	R
NMDC20587063	1	0	1	1	0	R
NMDC20587064	1	0	1	1	0	R
NMDC20554141	1	0	0	1	0	R
NMDC20552111	1	1	0	1	0	R
NMDC20587067	1	0	0	1	0	R
NMDC20556132	1	0	1	1	0	R
NMDC20587069	0	0	1	1	0	R
NMDC20558135	0	0	1	1	0	R
NMDC20556133	1	0	0	1	0	R
NMDC20587070	1	0	0	1	0	R
NMDC20587072	0	1	1	1	0	R
NMDC20556135	1	0	0	1	0	R
NMDC20558136	1	0	0	1	0	R
NMDC20552112	1	0	0	1	0	R
NMDC20558138	1	0	1	1	0	R
NMDC20587074	1	0	1	1	0	R
NMDC20587075	1	0	1	1	0	R
NMDC20554150	1	0	1	1	0	R
NMDC20554151	1	0	1	1	0	R
NMDC20587081	1	0	1	1	0	R
NMDC20552116	1	0	1	1	0	R
NMDC20587083	1	0	1	1	0	R
NMDC20587085	1	0	1	1	0	R
NMDC20554155	1	0	0	1	0	R
NMDC20558142	1	0	1	1	0	R
NMDC20556140	1	0	0	1	0	R
NMDC20556141	1	0	0	1	0	R
NMDC20587087	0	0	1	1	0	R
NMDC20558143	1	0	1	1	0	R
NMDC20558144	1	0	0	1	0	R
NMDC20558145	1	0	1	1	0	R
NMDC20587095	1	0	0	1	0	R
NMDC20587096	1	0	0	1	1	R
NMDC20558148	1	1	1	1	0	R
NMDC20556142	1	0	1	1	0	R
NMDC20554163	0	0	1	1	0	R
NMDC20552120	1	0	0	1	0	R
NMDC20558155	1	0	0	1	0	R
NMDC20556147	1	0	0	1	0	R
NMDC20552121	1	0	0	1	0	R
NMDC20587103	1	0	0	1	0	R
NMDC20556151	1	0	1	1	0	R
NMDC20552124	1	0	0	1	0	R
NMDC20556153	1	0	1	1	0	R
NMDC20587110	1	0	0	1	0	R
NMDC20587111	1	0	0	1	0	R
NMDC20587116	1	0	1	1	0	R
NMDC20552125	1	1	1	1	0	R
NMDC20558159	1	0	1	1	0	R
NMDC20587118	1	0	0	1	0	R
NMDC20587121	1	0	0	1	0	R
NMDC20552128	1	0	0	1	0	R
NMDC20552129	1	0	0	1	0	R
NMDC20556157	0	0	0	1	0	R
NMDC20556158	1	0	1	1	0	R
NMDC20554173	1	0	0	1	0	R
NMDC20552130	1	0	1	0	0	R
NMDC20556159	1	0	1	1	0	R
NMDC20558162	1	0	0	1	0	R
NMDC20587125	1	0	0	1	0	R
NMDC20587128	1	0	0	1	0	R
NMDC20558163	1	1	1	1	0	R
NMDC20587129	1	0	1	1	0	R
NMDC20587130	1	0	0	1	1	R
NMDC20554176	1	0	1	1	0	R
NMDC20556162	1	0	0	1	0	R
NMDC20556163	1	0	1	1	0	R
NMDC20587135	1	0	1	1	0	R
NMDC20556166	1	0	0	1	0	R
NMDC20552133	1	0	1	1	0	R
NMDC20587136	1	0	1	1	0	R
NMDC20587137	1	0	0	1	0	R
NMDC20554179	1	0	0	1	0	R
NMDC20587139	1	0	1	1	0	R
NMDC20558168	1	0	1	1	0	R
NMDC20558170	1	0	1	1	0	R
NMDC20552136	1	0	0	1	0	R
NMDC20552137	1	0	0	1	0	R
NMDC20554181	0	0	0	1	0	R
NMDC20554182	1	0	1	1	0	R
NMDC20552139	1	1	1	1	0	R
NMDC20552140	1	0	1	1	0	R
NMDC20554186	1	1	1	1	0	R
NMDC20552142	1	0	1	1	0	R
NMDC20552143	1	0	0	1	0	R
NMDC20587145	1	0	1	1	0	R
NMDC20587148	1	0	1	1	0	R
NMDC20587149	1	0	1	1	0	R
NMDC20587150	1	0	0	1	0	R
NMDC20587151	1	0	1	1	0	R
NMDC20587152	1	0	1	1	0	R
NMDC20556173	1	0	1	1	0	R
NMDC20587154	1	0	0	1	0	R
NMDC20587156	1	0	1	1	0	R
NMDC20558174	1	1	0	1	0	R
NMDC20587158	1	0	1	1	0	R
NMDC20587159	1	0	1	1	0	R
NMDC20587166	1	0	1	1	0	R
NMDC20552154	1	0	0	1	0	R
NMDC20558177	1	0	1	1	0	R
NMDC20554192	1	1	1	1	0	R
NMDC20556179	1	0	0	1	0	R
NMDC20587168	0	0	0	1	0	R
NMDC20587170	0	0	1	1	0	R
NMDC20558179	1	0	1	1	0	R
NMDC20587172	1	0	0	1	0	R
NMDC20558180	1	0	1	1	0	R
NMDC20552156	1	0	0	1	0	R
NMDC20552159	1	0	0	1	0	R
NMDC20552161	1	0	1	1	0	R
NMDC20558184	1	0	1	1	0	R
NMDC20587182	1	0	0	1	0	R
NMDC20587185	1	0	0	1	0	R
NMDC20587188	1	0	1	1	0	R
NMDC20587191	1	0	1	1	0	R
NMDC20587192	1	0	0	1	0	R
NMDC20556184	1	0	1	0	0	R
NMDC20556185	1	0	1	1	0	R
NMDC20587195	1	0	1	1	0	R
NMDC20558188	1	0	0	1	0	R
NMDC20552167	1	0	1	1	0	R
NMDC20587198	1	0	1	1	0	R
NMDC20556188	1	0	0	1	0	R
NMDC20558190	1	0	0	1	0	R
NMDC20558191	1	0	0	1	0	R
NMDC20587202	1	0	0	1	0	R
NMDC20556191	1	1	1	1	0	R
NMDC20552169	1	0	1	1	0	R
NMDC20556192	1	0	0	1	1	R
NMDC20556194	1	0	0	1	0	R
NMDC20587204	1	0	0	1	0	R
NMDC20556195	1	0	0	1	0	R
NMDC20587206	1	0	1	1	0	R
NMDC20552173	1	0	0	1	0	R
NMDC20587211	1	0	0	1	0	R
NMDC20558201	1	0	0	1	0	R
NMDC20554206	1	0	0	1	0	R
NMDC20554207	1	0	1	1	0	R
NMDC20554208	1	0	1	1	0	R
NMDC20558205	1	0	0	1	1	R
NMDC20587219	1	0	1	1	0	R
NMDC20554210	1	0	0	1	0	R
NMDC20587224	1	1	1	1	0	R
NMDC20554216	1	0	0	1	0	R
NMDC20556207	1	0	0	1	0	R
NMDC20587226	1	0	1	1	0	R
NMDC20587228	1	0	0	1	0	R
NMDC20587229	1	0	0	1	0	R
NMDC20587231	1	0	0	1	0	R
NMDC20587233	1	0	0	1	0	R
NMDC20552186	1	0	0	1	0	R
NMDC20552187	1	0	0	1	0	R
NMDC20552188	1	0	0	1	0	R
NMDC20552189	1	0	0	1	0	R
NMDC20587236	1	0	1	1	0	R
NMDC20556210	0	0	1	1	0	R
NMDC20552192	1	0	1	1	0	R
NMDC20587238	1	0	1	1	0	R
NMDC20552193	1	0	0	1	0	R
NMDC20587239	1	0	0	1	0	R
NMDC20587241	1	0	1	1	0	R
NMDC20587242	1	0	0	1	1	R
NMDC20558218	1	0	1	1	0	R
NMDC20552197	1	0	1	1	0	R
NMDC20552198	1	0	1	1	0	R
NMDC20587246	1	0	0	1	0	R
NMDC20558221	1	0	1	1	0	R
NMDC20556215	1	0	1	1	0	R
NMDC20554227	1	1	1	1	0	R
NMDC20554228	1	0	0	1	0	R
NMDC20552201	1	0	1	1	0	R
NMDC20587252	1	0	1	1	0	R
NMDC20587254	1	1	1	1	0	R
NMDC20587255	1	0	0	1	0	R
NMDC20587256	0	0	1	1	0	R
NMDC20554231	0	0	1	1	0	R
NMDC20552205	1	0	1	1	0	R
NMDC20552206	1	0	0	1	0	R
NMDC20552208	1	0	0	1	0	R
NMDC20556222	0	0	1	1	0	R
NMDC20587260	0	1	0	1	0	R
NMDC20558234	1	0	0	1	1	R
NMDC20554235	1	0	0	1	0	R
NMDC20556225	1	0	0	1	0	R
NMDC20552211	1	0	1	1	0	R
NMDC20558236	1	0	0	1	0	R
NMDC20587265	1	0	0	1	0	R
NMDC20552213	1	0	0	1	0	R
NMDC20554238	1	0	1	1	0	R
NMDC20552215	1	0	0	1	0	R
NMDC20552216	1	0	1	1	0	R
NMDC20556230	1	0	0	1	0	R
NMDC20556231	1	0	0	1	0	R
NMDC20558237	1	0	1	1	0	R
NMDC20552218	1	0	0	1	0	R
NMDC20558238	1	0	1	1	0	R
NMDC20587278	1	0	1	1	0	R
NMDC20558240	1	0	0	1	0	R
NMDC20587280	1	0	1	1	0	R
NMDC20554245	1	0	1	1	0	R
NMDC20552221	1	0	0	1	0	R
NMDC20587285	1	0	1	1	0	R
NMDC20554246	1	0	1	1	0	R
NMDC20558242	1	0	0	1	0	R
NMDC20587286	1	0	0	1	0	R
NMDC20554248	1	0	0	1	0	R
NMDC20558245	1	0	1	1	0	R
NMDC20554249	0	0	1	1	0	R
NMDC20587289	1	0	0	1	0	R
NMDC20552225	1	0	0	1	0	R
NMDC20587294	1	0	1	0	0	R
NMDC20558250	1	0	1	1	0	R
NMDC20552227	1	0	0	1	0	R
NMDC20554252	1	0	1	1	0	R
NMDC20587297	1	0	0	1	0	R
NMDC20556240	1	0	0	1	0	R
NMDC20587300	1	0	0	1	0	R
NMDC20552231	1	0	0	1	0	R
NMDC20558252	1	0	1	1	0	R
NMDC20556243	1	1	1	1	0	R
NMDC20587304	0	0	1	1	0	R
NMDC20587305	1	0	1	1	0	R
NMDC20552236	0	0	1	1	0	R
NMDC20587306	1	0	0	1	0	R
NMDC20558253	1	0	1	1	0	R
NMDC20558254	1	0	0	1	0	R
NMDC20558256	1	0	0	1	0	R
NMDC20587309	1	0	1	1	0	R
NMDC20558258	1	0	0	1	0	R
NMDC20587311	1	0	0	1	0	R
NMDC20552239	1	0	0	1	0	R
NMDC20554259	1	0	1	1	0	R
NMDC20552240	1	0	1	1	0	R
NMDC20558261	1	0	0	1	0	R
NMDC20556252	1	0	1	1	0	R
NMDC20587317	1	0	0	1	0	R
NMDC20554260	1	0	1	1	0	R
NMDC20556255	1	0	0	1	0	R
NMDC20587319	1	0	0	1	0	R
NMDC20554261	1	0	0	1	0	R
NMDC20587322	1	0	0	1	0	R
NMDC20558266	1	0	0	1	0	R
NMDC20558267	1	0	0	1	0	R
NMDC20556258	1	0	0	1	0	R
NMDC20558268	1	0	1	1	0	R
NMDC20556259	1	0	0	1	0	R
NMDC20587324	1	0	0	1	0	R
NMDC20552248	1	0	0	1	0	R
NMDC20587325	1	0	0	1	0	R
NMDC20587326	1	0	1	1	0	R
NMDC20554263	1	0	1	1	0	R
NMDC20558271	1	0	1	1	0	R
NMDC20558272	1	0	0	1	0	R
NMDC20552250	1	0	1	1	0	R
NMDC20587333	1	0	0	1	1	R
NMDC20587334	1	0	1	1	0	R
NMDC20554267	1	0	0	1	0	R
NMDC20556263	1	0	0	1	0	R
NMDC20556265	1	0	0	1	0	R
NMDC20556268	1	0	0	1	0	R
NMDC20587338	1	0	1	1	0	R
NMDC20558277	1	0	1	1	0	R
NMDC20556270	1	0	0	1	0	R
NMDC20552253	1	0	0	1	0	R
NMDC20552254	1	0	0	1	0	R
NMDC20554271	1	0	0	1	0	R
NMDC20587344	1	0	0	1	0	R
NMDC20587345	1	0	0	1	0	R
NMDC20587346	1	0	1	1	0	R
NMDC20552256	1	0	1	1	0	R
NMDC20558284	1	0	1	1	0	R
NMDC20552258	1	0	0	1	0	R
NMDC20587348	1	0	0	1	0	R
NMDC20587351	1	0	0	1	0	R
NMDC20587354	1	0	0	1	0	R
NMDC20587355	1	0	0	1	0	R
NMDC20556273	1	0	0	1	0	R
NMDC20556275	1	0	0	1	0	R
NMDC20587357	1	0	1	1	0	R
NMDC20552263	1	0	0	1	0	R
NMDC20554281	1	0	1	1	0	R
NMDC20556277	1	0	0	1	1	R
NMDC20552264	0	0	1	1	0	R
NMDC20587366	1	0	1	1	0	R
NMDC20554283	1	0	0	1	0	R
NMDC20556278	1	0	0	1	0	R
NMDC20587367	1	0	1	1	0	R
NMDC20554286	1	0	0	1	0	R
NMDC20558293	1	0	0	1	0	R
NMDC20556281	1	0	0	1	0	R
NMDC20587379	1	0	1	1	0	R
NMDC20554288	1	0	0	1	0	R
NMDC20552273	1	0	0	1	0	R
NMDC20587381	0	0	1	1	0	R
NMDC20587382	1	0	1	1	0	R
NMDC20558295	1	0	1	1	0	R
NMDC20554290	0	0	1	1	0	R
NMDC20587384	1	0	1	1	0	R
NMDC20552277	1	0	0	1	0	R
NMDC20558297	1	0	0	1	0	R
NMDC20587387	1	0	1	1	0	R
NMDC20554295	1	0	1	1	0	R
NMDC20587388	1	0	0	1	0	R
NMDC20558300	1	0	0	1	0	R
NMDC20554296	1	0	0	1	0	R
NMDC20556286	1	0	0	1	0	R
NMDC20558305	1	0	0	1	0	R
NMDC20556287	1	0	1	1	0	R
NMDC20552281	1	0	1	1	0	R
NMDC20554299	1	0	1	1	0	R
NMDC20556288	1	0	1	1	0	R
NMDC20587397	1	0	0	1	0	R
NMDC20587400	1	0	0	1	0	R
NMDC20556289	1	0	1	1	0	R
NMDC20556290	1	0	0	1	0	R
NMDC20587402	1	0	1	1	0	R
NMDC20558308	1	0	1	1	0	R
NMDC20587404	1	0	0	1	0	R
NMDC20587405	1	0	1	1	0	R
NMDC20587407	1	0	0	1	0	R
NMDC20554303	1	0	0	1	0	R
NMDC20558310	1	0	0	1	0	R
NMDC20554304	1	0	0	1	0	R
NMDC20587413	1	0	1	1	0	R
NMDC20556296	1	0	1	1	0	R
NMDC20587416	1	0	1	1	0	R
NMDC20558316	1	0	1	1	0	R
NMDC20587420	1	0	0	1	0	R
NMDC20558317	1	0	1	1	0	R
NMDC20554310	1	0	0	1	0	R
NMDC20556299	1	0	0	1	0	R
NMDC20587423	1	0	1	1	0	R
NMDC20556301	1	0	0	1	0	R
NMDC20558321	1	0	0	1	0	R
NMDC20554312	1	0	1	1	0	R
NMDC20587429	1	0	1	1	0	R
NMDC20552292	1	0	0	1	0	R
NMDC20587434	1	0	0	1	0	R
NMDC20554314	1	0	1	1	0	R
NMDC20587435	1	0	0	1	1	R
NMDC20552294	1	0	0	1	0	R
NMDC20556313	1	0	0	1	0	R
NMDC20587450	1	0	1	1	0	R
NMDC20552295	1	0	0	1	0	R
NMDC20554317	1	0	1	1	0	R
NMDC20554319	1	0	0	1	1	R
NMDC20552298	1	0	1	1	0	R
NMDC20554323	1	0	0	1	0	R
NMDC20558336	1	0	0	1	0	R
NMDC20558337	1	0	1	1	0	R
NMDC20552300	1	0	1	1	0	R
NMDC20587460	1	0	1	1	0	R
NMDC20556320	1	0	0	1	0	R
NMDC20587461	1	0	1	1	0	R
NMDC20556321	1	0	1	1	0	R
NMDC20554325	1	0	0	1	0	R
NMDC20556323	1	0	0	1	0	R
NMDC20552301	1	0	1	1	0	R
NMDC20587465	1	0	0	1	0	R
NMDC20552302	1	0	0	1	0	R
NMDC20554328	1	0	0	1	0	R
NMDC20587469	1	0	0	1	1	R
NMDC20556325	1	0	0	1	0	R
NMDC20558342	1	0	0	1	0	R
NMDC20587470	1	0	0	1	0	R
NMDC20552303	1	0	0	1	0	R
NMDC20587474	1	0	0	1	0	R
NMDC20552305	1	0	0	1	0	R
NMDC20587478	1	0	0	1	0	R
NMDC20556328	1	0	1	1	0	R
NMDC20587480	1	0	1	1	0	R
NMDC20558344	1	0	0	1	0	R
NMDC20587481	1	0	0	1	0	R
NMDC20587482	1	0	1	1	0	R
NMDC20558345	1	0	0	1	0	R
NMDC20587483	1	0	0	1	0	R
NMDC20558347	1	0	0	1	0	R
NMDC20556331	1	0	0	1	0	R
NMDC20558348	1	0	0	1	0	R
NMDC20554334	1	0	0	1	0	R
NMDC20554335	1	0	0	1	0	R
NMDC20556333	1	0	1	1	0	R
NMDC20554336	1	0	0	1	0	R
NMDC20587501	1	0	1	1	0	R
NMDC20587502	1	0	0	1	1	R
NMDC20552313	1	0	1	1	0	R
NMDC20587507	1	0	0	1	0	R
NMDC20587508	1	0	0	1	0	R
NMDC20552316	1	0	1	1	0	R
NMDC20587510	1	0	1	1	0	R
NMDC20558352	1	0	0	1	0	R
NMDC20556335	1	0	0	0	0	R
NMDC20587512	1	0	1	1	0	R
NMDC20552317	0	0	1	1	0	R
NMDC20552321	1	0	0	1	0	R
NMDC20552322	1	0	1	1	0	R
NMDC20552323	1	0	0	1	0	R
NMDC20587519	1	0	1	1	0	R
NMDC20587520	1	0	0	1	0	R
NMDC20587526	1	0	0	1	0	R
NMDC20587532	1	0	1	1	0	R
NMDC20587533	1	0	1	1	0	R
NMDC20587536	1	0	0	1	0	R
NMDC20558364	1	0	0	1	0	R
NMDC20558365	1	0	0	1	0	R
NMDC20558368	1	0	1	1	0	R
NMDC20552328	1	0	1	1	0	R
NMDC20554346	1	0	0	1	0	R
NMDC20554348	0	0	0	1	1	R
NMDC20554350	0	0	0	1	1	R
NMDC20556341	1	0	1	1	0	R
NMDC20552330	1	0	1	1	0	R
NMDC20587545	1	0	0	1	0	R
NMDC20556342	1	0	1	1	0	R
NMDC20556343	1	0	1	1	0	R
NMDC20587553	1	1	1	1	0	R
NMDC20556347	1	0	0	1	0	R
NMDC20554353	1	0	0	1	0	R
NMDC20587556	1	0	1	1	0	R
NMDC20552338	1	0	0	1	0	R
NMDC20554358	1	0	0	1	0	R
NMDC20587561	1	0	0	1	0	R
NMDC20587562	0	0	0	1	0	R
NMDC20558372	1	0	0	1	0	R
NMDC20554359	1	0	1	1	0	R
NMDC20552343	1	0	0	1	0	R
NMDC20587566	1	0	1	1	0	R
NMDC20554361	0	0	0	1	1	R
NMDC20556352	1	0	0	1	1	R
NMDC20558374	1	0	0	1	0	R
NMDC20558375	1	0	0	1	0	R
NMDC20587571	0	0	0	1	0	R
NMDC20587574	1	0	0	1	0	R
NMDC20587576	0	0	0	1	0	R
NMDC20587577	1	0	0	1	0	R
NMDC20587579	0	0	0	1	0	R
NMDC20587589	0	0	0	1	0	R
NMDC20587590	1	0	1	1	0	R
NMDC20587593	0	0	0	1	0	R
NMDC20587594	0	0	0	1	0	R
NMDC20587598	1	0	1	0	0	R
NMDC20587599	1	0	0	1	0	R
NMDC20587600	1	0	0	1	0	R
NMDC20587601	0	0	0	1	0	R
NMDC20587604	1	1	1	1	0	R
NMDC20587605	0	0	0	1	0	R
NMDC20587606	1	0	0	1	0	R
NMDC20587608	0	0	0	1	0	R
NMDC20587615	1	0	1	1	0	R
NMDC20587621	1	0	1	1	0	R
NMDC20587622	1	0	1	1	0	R
NMDC20587623	1	0	1	1	0	R
NMDC20587624	1	0	0	1	0	R
NMDC20587627	1	0	1	1	0	R
NMDC20587628	1	0	1	0	0	R
NMDC20587630	1	0	1	0	0	R
NMDC20587632	1	0	0	1	0	R
NMDC20587639	1	0	0	1	0	R
NMDC20587643	1	0	0	1	0	R
NMDC20587648	1	0	0	1	0	R
NMDC20587655	1	0	0	1	0	R
NMDC20587656	1	0	1	1	0	R
NMDC20587663	1	0	0	1	0	R
NMDC20587665	1	0	0	1	0	R
NMDC20587666	1	0	1	1	0	R
NMDC20587667	1	0	0	1	0	R
NMDC20587668	1	0	0	1	0	R
NMDC20587669	1	0	0	1	0	R
NMDC20587670	1	0	0	1	0	R
NMDC20587676	1	0	0	1	0	R
NMDC20587677	0	0	0	1	0	R
NMDC20587678	1	0	0	1	0	R
NMDC20587679	0	0	0	1	0	R
NMDC20587687	1	0	0	1	0	R
NMDC20587688	1	0	0	1	0	R
NMDC20587692	1	0	0	1	0	R
NMDC20587695	1	0	1	0	0	R
NMDC20587696	1	0	1	0	0	R
NMDC20587699	1	0	0	1	0	R
NMDC20587704	1	0	0	1	0	R
NMDC20587706	1	0	0	1	0	R
NMDC20587708	1	0	0	1	0	R
NMDC20587712	1	0	0	1	0	R
NMDC20587713	1	0	0	1	0	R
NMDC20587716	1	0	0	1	0	R
NMDC20587718	1	0	0	1	0	R
NMDC20587720	1	1	1	0	0	R
NMDC20587721	1	1	1	0	0	R
NMDC20587722	1	0	1	1	0	R
NMDC20587731	1	0	0	1	0	R
NMDC20587733	1	0	1	0	0	R
NMDC20587734	1	0	1	1	0	R
NMDC20587735	1	0	0	1	0	R
NMDC20587741	1	0	0	1	0	R
NMDC20587744	1	0	1	1	0	R
NMDC20587745	1	0	0	0	0	R
NMDC20587747	1	0	1	1	0	R
NMDC20587753	1	0	1	1	0	R
NMDC20587754	1	0	0	1	0	R
NMDC20587755	1	0	0	1	0	R
NMDC20587759	1	0	0	1	0	R
NMDC20587762	1	0	1	1	0	R
NMDC20587763	1	0	1	1	0	R
NMDC20587764	1	0	1	1	0	R
NMDC20587765	1	0	1	1	0	R
NMDC20587772	0	1	0	1	0	R
NMDC20587775	0	0	1	1	0	R
NMDC20587776	1	0	1	1	0	R
NMDC20587778	1	0	0	1	0	R
NMDC20587779	1	0	1	0	0	R
NMDC20587784	1	0	0	1	0	R
NMDC20587785	1	0	1	1	0	R
NMDC20587787	1	0	0	1	1	R
NMDC20587790	1	0	0	1	1	R
NMDC20587791	1	0	1	0	0	R
NMDC20587794	1	0	0	1	0	R
NMDC20587796	1	0	1	1	0	R
NMDC20587798	1	0	1	1	0	R
NMDC20587799	1	0	1	0	0	R
NMDC20587800	0	0	0	1	1	R
NMDC20587802	1	0	1	1	0	R
NMDC20587805	1	0	1	1	0	R
NMDC20587813	1	0	1	1	0	R
NMDC20587814	1	0	1	1	0	R
NMDC20587817	1	0	0	1	0	R
NMDC20587821	1	0	1	1	0	R
NMDC20587823	1	0	1	1	0	R
NMDC20587833	1	0	1	1	0	R
NMDC20587838	0	0	1	1	0	R
NMDC20587852	1	0	0	1	0	R
NMDC20587854	1	1	1	1	0	R
NMDC20587857	1	0	1	0	0	R
NMDC20587858	1	0	0	1	0	R
NMDC20587865	1	0	1	1	0	R
NMDC20587867	1	0	0	1	0	R
NMDC20587868	1	0	1	0	0	R
NMDC20587869	1	0	1	0	0	R
NMDC20587870	1	0	1	0	0	R
NMDC20587873	1	0	0	1	0	R
NMDC20587875	1	0	1	0	0	R
NMDC20587876	1	0	1	0	0	R
NMDC20587877	1	0	1	1	0	R
NMDC20587878	1	0	1	1	0	R
NMDC20587880	1	0	1	1	0	R
NMDC20587881	1	0	1	1	0	R
NMDC20587886	1	0	1	0	0	R
NMDC20587887	1	0	1	1	0	R
NMDC20587889	1	0	0	1	1	R
NMDC20587890	1	0	0	1	0	R
NMDC20587891	1	0	1	1	0	R
NMDC20587893	1	0	1	1	0	R
NMDC20587894	1	0	1	0	0	R
NMDC20587897	1	0	0	1	1	R
NMDC20587898	1	0	0	1	0	R
NMDC20587899	1	0	1	0	0	R
NMDC20587900	0	0	1	1	0	R
NMDC20587910	1	1	0	1	0	R
NMDC20587911	1	0	0	0	0	R
NMDC20587914	1	0	1	1	0	R
NMDC20587915	1	0	0	1	0	R
NMDC20587916	1	0	1	1	0	R
NMDC20587917	1	0	0	1	0	R
NMDC20587921	1	0	0	1	0	R
NMDC20587923	1	0	1	1	0	R
NMDC20587924	1	0	0	1	0	R
NMDC20587928	1	1	0	1	0	R
NMDC20587931	1	1	1	1	0	R
NMDC20587932	1	1	1	1	0	R
NMDC20587934	1	0	1	1	0	R
NMDC20587937	1	0	0	1	0	R
NMDC20587938	1	0	0	1	0	R
NMDC20587942	1	1	1	1	0	R
NMDC20587943	1	1	1	1	0	R
NMDC20587944	1	0	1	1	0	R
NMDC20587952	1	0	0	1	0	R
NMDC20587956	1	0	0	1	0	R
NMDC20587961	1	0	0	1	0	R
NMDC20587964	1	0	0	1	0	R
NMDC20587967	1	1	1	1	0	R
NMDC20587975	1	0	0	1	0	R
NMDC20587976	1	0	0	1	0	R
NMDC20587979	1	0	0	1	0	R
NMDC20587980	1	0	0	1	0	R
NMDC20587989	1	0	0	1	0	R
NMDC20587991	1	0	0	1	0	R
NMDC20587995	1	0	1	1	0	R
NMDC20588000	1	0	0	1	0	R
NMDC20588002	1	0	0	1	0	R
NMDC20588003	1	0	0	1	0	R
NMDC20588007	1	0	0	1	0	R
NMDC20588011	1	0	0	1	0	R
NMDC20588015	1	0	1	0	0	R
NMDC20588016	1	0	1	0	0	R
NMDC20588020	1	0	0	1	0	R
NMDC20588024	1	0	0	0	0	R
NMDC20588025	0	0	0	1	0	R
NMDC20588026	1	0	0	0	0	R
NMDC20588029	1	0	0	1	0	R
NMDC20588032	1	0	0	1	0	R
NMDC20588034	1	0	0	1	0	R
NMDC20588035	1	0	0	1	0	R
NMDC20588038	1	0	0	1	0	R
NMDC20588039	1	0	0	1	0	R
NMDC20588040	1	0	0	1	0	R
NMDC20588042	1	0	0	0	0	R
NMDC20588045	1	0	0	1	0	R
NMDC20588048	1	0	0	1	0	R
NMDC20588049	1	0	0	1	0	R
NMDC20588050	1	0	0	0	0	R
NMDC20588051	1	0	0	1	0	R
NMDC20588052	1	0	0	1	0	R
NMDC20588053	1	0	0	0	0	R
NMDC20588055	1	0	0	1	0	R
NMDC20588056	1	0	1	1	0	R
NMDC20588061	1	0	1	1	0	R
NMDC20588062	1	0	1	1	0	R
NMDC20588065	1	0	0	1	0	R
NMDC20588067	1	0	1	1	0	R
NMDC20552368	1	0	0	1	0	R
NMDC20588140	1	0	0	1	0	R
NMDC20554203	1	0	0	1	0	R
NMDC20587209	1	0	1	1	0	R
NMDC20587210	1	0	1	1	0	R
NMDC20554204	1	0	0	1	0	R
NMDC20558200	1	0	0	1	0	R
NMDC20587370	1	0	0	1	0	R
NMDC20552268	1	0	0	1	0	R
NMDC20554284	1	0	0	1	0	R
NMDC20556279	1	0	0	1	0	R
NMDC20587557	1	0	1	1	0	R
NMDC20552342	1	0	1	1	0	R
NMDC20554360	1	0	0	1	0	R
NMDC20556578	1	0	1	1	0	R
NMDC20554583	1	1	1	1	0	R
NMDC20588761	1	0	1	1	0	R
NMDC20588762	1	0	0	1	0	R
NMDC20556588	1	0	1	1	0	R
NMDC20556673	1	0	1	1	0	R
NMDC20552671	1	0	0	1	0	R
NMDC20554676	1	1	0	1	1	R
NMDC20582178	1	1	0	1	0	R
NMDC20556675	1	1	0	1	0	R
NMDC20556676	1	0	0	1	0	R
NMDC20552674	1	1	1	1	0	R
NMDC20552675	1	0	1	1	0	R
NMDC20550671	0	0	0	1	0	R
NMDC20552676	1	0	0	1	1	R
NMDC20556678	1	0	0	1	0	R
NMDC20582183	1	0	0	1	0	R
NMDC20582184	1	0	0	1	0	R
NMDC20556680	1	0	0	1	0	R
NMDC20582185	0	0	0	1	0	R
NMDC20556681	1	0	0	1	0	R
NMDC20582187	1	0	0	1	0	R
NMDC20582191	0	0	0	1	0	R
NMDC20554680	1	0	0	1	0	R
NMDC20582194	1	0	1	0	0	R
NMDC20582195	1	0	0	1	0	R
NMDC20550678	1	0	0	1	1	R
NMDC20582202	1	0	0	1	1	R
NMDC20550680	0	0	0	1	0	R
NMDC20556686	1	1	1	1	0	R
NMDC20554685	1	0	0	1	0	R
NMDC20550681	1	0	1	1	0	R
NMDC20552694	1	0	0	1	0	R
NMDC20552695	1	0	1	1	0	R
NMDC20550689	1	0	0	1	0	R
NMDC20552699	1	0	1	1	0	R
NMDC20582224	1	0	0	1	0	R
NMDC20550696	1	0	0	1	0	R
NMDC20582235	0	0	1	1	0	R
NMDC20556703	0	0	0	1	0	R
NMDC20550697	1	0	0	1	1	R
NMDC20552711	1	0	0	1	0	R
NMDC20582249	1	0	0	1	0	R
NMDC20582250	0	0	1	1	0	R
NMDC20582251	1	0	0	1	1	R
NMDC20582252	1	0	1	1	0	R
NMDC20582255	1	0	0	1	0	R
NMDC20582256	1	1	0	1	0	R
NMDC20582258	1	0	1	1	0	R
NMDC20556717	1	0	0	1	0	R
NMDC20550702	1	0	1	1	0	R
NMDC20582271	1	0	0	1	0	R
NMDC20582275	1	0	1	1	0	R
NMDC20556719	1	0	0	1	0	R
NMDC20556720	1	0	1	1	0	R
NMDC20582276	1	0	0	1	1	R
NMDC20550704	1	0	1	1	0	R
NMDC20582277	1	0	1	1	0	R
NMDC20582278	1	0	1	1	0	R
NMDC20556722	1	0	0	1	0	R
NMDC20550705	1	0	0	1	0	R
NMDC20554706	1	0	0	1	1	R
NMDC20582282	0	0	0	1	0	R
NMDC20550706	1	0	0	1	0	R
NMDC20550707	1	0	1	1	0	R
NMDC20550710	1	1	1	1	0	R
NMDC20550712	1	0	1	1	0	R
NMDC20582285	0	0	1	1	0	R
NMDC20554710	1	0	0	1	0	R
NMDC20554711	1	0	0	1	1	R
NMDC20554712	1	1	1	1	0	R
NMDC20552725	1	0	1	1	0	R
NMDC20550713	1	0	1	1	0	R
NMDC20582289	0	0	0	1	0	R
NMDC20550715	1	0	0	1	0	R
NMDC20582290	1	0	1	1	0	R
NMDC20554714	1	0	0	1	0	R
NMDC20582292	1	0	1	1	0	R
NMDC20582294	1	1	0	1	0	R
NMDC20552730	1	0	0	1	0	R
NMDC20550717	1	0	0	1	0	R
NMDC20554716	1	0	0	1	0	R
NMDC20552727	0	0	0	1	0	R
NMDC20552728	1	0	0	1	0	R
NMDC20582296	1	0	0	1	0	R
NMDC20550721	1	0	0	1	0	R
NMDC20582298	1	0	1	1	0	R
NMDC20550722	0	0	1	1	0	R
NMDC20550725	1	0	1	1	0	R
NMDC20554720	0	0	1	1	0	R
NMDC20552734	1	0	0	1	0	R
NMDC20554721	1	0	1	1	0	R
NMDC20556734	0	1	0	1	0	R
NMDC20582312	1	0	0	1	0	R
NMDC20556735	0	0	0	1	0	R
NMDC20582314	1	1	0	1	0	R
NMDC20550729	1	0	1	1	0	R
NMDC20552736	1	0	0	1	0	R
NMDC20552738	1	0	0	1	0	R
NMDC20550731	0	0	0	1	1	R
NMDC20554724	1	0	1	1	0	R
NMDC20582325	1	0	0	1	0	R
NMDC20552744	1	0	1	1	0	R
NMDC20582329	1	0	1	1	0	R
NMDC20582330	1	0	0	1	0	R
NMDC20552746	1	0	1	1	0	R
NMDC20582337	0	0	0	1	1	R
NMDC20556748	1	0	0	1	0	R
NMDC20582338	1	0	0	1	0	R
NMDC20554729	1	0	1	1	0	R
NMDC20582343	1	1	1	1	0	R
NMDC20556753	0	1	0	1	0	R
NMDC20552754	1	0	1	1	0	R
NMDC20554730	1	1	0	1	0	R
NMDC20582345	1	1	0	1	0	R
NMDC20582346	1	0	0	1	0	R
NMDC20556756	1	0	0	1	0	R
NMDC20554732	1	0	0	1	0	R
NMDC20582356	0	0	0	1	0	R
NMDC20582357	1	0	0	1	0	R
NMDC20582359	1	0	1	1	0	R
NMDC20582360	1	0	0	1	0	R
NMDC20554733	1	0	1	1	0	R
NMDC20582365	0	0	0	1	1	R
NMDC20550745	1	0	0	1	0	R
NMDC20550746	1	0	1	1	0	R
NMDC20550747	1	0	0	1	0	R
NMDC20550750	1	0	0	1	0	R
NMDC20550749	0	0	0	1	0	R
NMDC20582367	1	0	0	1	0	R
NMDC20556760	1	0	0	1	0	R
NMDC20582370	1	0	0	1	0	R
NMDC20582371	1	0	0	1	0	R
NMDC20582372	1	0	0	1	1	R
NMDC20582373	1	0	0	1	1	R
NMDC20582378	1	0	1	1	0	R
NMDC20552764	1	0	0	1	0	R
NMDC20582387	0	0	1	1	0	R
NMDC20552768	0	0	0	1	0	R
NMDC20556767	1	0	0	1	0	R
NMDC20582393	1	0	1	1	0	R
NMDC20550757	1	0	1	1	0	R
NMDC20552769	1	0	1	1	0	R
NMDC20582394	1	0	1	1	0	R
NMDC20582396	1	0	1	1	0	R
NMDC20582397	1	0	0	1	0	R
NMDC20582405	1	0	0	1	0	R
NMDC20550763	1	1	0	1	1	R
NMDC20582406	1	0	0	1	0	R
NMDC20582409	1	1	1	1	0	R
NMDC20582411	0	0	0	1	0	R
NMDC20582412	1	0	0	1	0	R
NMDC20550772	1	0	0	1	0	R
NMDC20582414	1	1	0	1	1	R
NMDC20582418	0	0	0	1	0	R
NMDC20582432	0	0	0	1	1	R
NMDC20556784	0	0	0	1	0	R
NMDC20582440	0	0	0	1	0	R
NMDC20582442	0	0	0	1	0	R
NMDC20554760	0	0	0	1	0	R
NMDC20556788	1	0	0	1	1	R
NMDC20582444	1	0	1	1	0	R
NMDC20550776	1	0	0	1	0	R
NMDC20556789	1	0	0	1	0	R
NMDC20556790	1	0	0	1	1	R
NMDC20556795	1	0	0	1	0	R
NMDC20552791	1	1	1	1	0	R
NMDC20582452	0	0	0	1	0	R
NMDC20582455	0	0	0	1	0	R
NMDC20552795	1	1	1	1	0	R
NMDC20556802	1	0	0	1	0	R
NMDC20550786	1	0	0	1	0	R
NMDC20550787	0	0	0	1	0	R
NMDC20582461	0	0	0	1	0	R
NMDC20582462	1	1	1	1	0	R
NMDC20582465	1	0	1	1	0	R
NMDC20550789	1	0	1	1	0	R
NMDC20582469	0	0	0	1	1	R
NMDC20552797	1	1	1	1	0	R
NMDC20552799	1	1	0	1	0	R
NMDC20552800	1	0	0	1	0	R
NMDC20552802	1	0	1	1	0	R
NMDC20582623	1	0	1	1	0	R
NMDC20582624	1	0	0	1	0	R
NMDC20556819	1	0	0	1	0	R
NMDC20582625	0	0	0	1	0	R
NMDC20552813	1	0	0	1	0	R
NMDC20556820	1	0	1	1	0	R
NMDC20550807	1	0	0	1	0	R
NMDC20582628	1	0	0	1	0	R
NMDC20582629	1	0	1	0	0	R
NMDC20582630	1	1	1	1	0	R
NMDC20550810	0	0	0	1	0	R
NMDC20550811	1	0	1	1	0	R
NMDC20582634	1	0	1	1	0	R
NMDC20582635	1	0	0	1	0	R
NMDC20582636	0	0	0	1	0	R
NMDC20582637	1	0	1	1	0	R
NMDC20556821	1	0	1	1	0	R
NMDC20556822	1	0	1	1	0	R
NMDC20550814	1	0	0	1	0	R
NMDC20552818	1	0	1	1	0	R
NMDC20582640	1	0	0	1	0	R
NMDC20582642	0	0	0	1	0	R
NMDC20550815	0	0	0	1	0	R
NMDC20582644	1	0	0	1	0	R
NMDC20582645	1	0	0	1	0	R
NMDC20582646	1	0	1	1	0	R
NMDC20556823	1	0	0	1	0	R
NMDC20552819	0	0	0	1	0	R
NMDC20552820	0	0	0	1	0	R
NMDC20554800	1	0	0	1	0	R
NMDC20552821	0	0	0	1	0	R
NMDC20552822	0	0	0	1	0	R
NMDC20552824	0	0	1	1	0	R
NMDC20582648	1	0	1	1	0	R
NMDC20550817	1	0	0	1	0	R
NMDC20582649	1	0	0	1	0	R
NMDC20582650	1	0	1	1	0	R
NMDC20582652	1	0	1	1	0	R
NMDC20550819	1	0	0	1	0	R
NMDC20550821	1	0	0	1	0	R
NMDC20552828	0	0	0	1	0	R
NMDC20582657	1	0	0	1	1	R
NMDC20550823	1	0	0	1	0	R
NMDC20582662	0	0	0	1	0	R
NMDC20582663	1	0	1	1	0	R
NMDC20556828	0	0	0	1	0	R
NMDC20582665	0	0	0	1	0	R
NMDC20554806	1	0	1	1	0	R
NMDC20550824	1	0	1	1	0	R
NMDC20556829	1	0	0	1	0	R
NMDC20554807	1	0	1	1	0	R
NMDC20582666	1	0	1	1	0	R
NMDC20582667	1	0	1	1	0	R
NMDC20552831	1	0	1	1	0	R
NMDC20550826	1	0	0	1	0	R
NMDC20582668	0	0	0	1	0	R
NMDC20582669	1	0	1	1	0	R
NMDC20556830	0	0	0	1	0	R
NMDC20552830	1	0	0	1	0	R
NMDC20582670	1	1	1	1	0	R
NMDC20582671	1	0	1	1	0	R
NMDC20582672	1	0	0	1	0	R
NMDC20550827	1	0	0	1	0	R
NMDC20552832	0	0	0	1	0	R
NMDC20582673	1	0	0	1	0	R
NMDC20554808	1	0	0	1	0	R
NMDC20582674	0	0	0	1	0	R
NMDC20582676	0	0	0	1	0	R
NMDC20554809	1	0	1	1	0	R
NMDC20556831	1	0	0	1	0	R
NMDC20556832	1	0	1	1	0	R
NMDC20556833	0	0	0	0	0	R
NMDC20582678	1	0	0	1	1	R
NMDC20582679	1	0	0	1	1	R
NMDC20556835	0	0	0	1	0	R
NMDC20554811	1	0	0	1	0	R
NMDC20554812	1	0	0	1	0	R
NMDC20550829	1	0	1	1	0	R
NMDC20552837	0	0	0	1	0	R
NMDC20550832	0	0	0	1	0	R
NMDC20556836	0	0	1	1	0	R
NMDC20582682	1	0	0	1	0	R
NMDC20552836	0	0	0	1	0	R
NMDC20550833	0	0	0	1	0	R
NMDC20552838	1	0	1	1	0	R
NMDC20582685	0	0	0	1	0	R
NMDC20554818	1	0	1	1	0	R
NMDC20550835	1	0	1	1	0	R
NMDC20554819	1	0	0	1	0	R
NMDC20582689	0	0	0	1	0	R
NMDC20552839	1	0	0	1	0	R
NMDC20550836	1	0	1	1	0	R
NMDC20582690	1	0	0	1	0	R
NMDC20554821	1	0	0	1	0	R
NMDC20582694	1	0	1	1	0	R
NMDC20582695	1	0	0	1	0	R
NMDC20582701	1	0	1	1	0	R
NMDC20582703	0	0	1	1	0	R
NMDC20582705	0	0	0	1	0	R
NMDC20582707	0	0	0	1	0	R
NMDC20582710	0	0	0	1	0	R
NMDC20582713	0	0	0	1	0	R
NMDC20550840	1	0	1	1	0	R
NMDC20582714	1	0	0	1	0	R
NMDC20550842	1	0	1	1	0	R
NMDC20556847	0	0	0	1	0	R
NMDC20550843	1	0	1	1	0	R
NMDC20552844	1	0	0	1	0	R
NMDC20554827	0	0	0	1	0	R
NMDC20554830	0	0	0	1	0	R
NMDC20552845	1	0	1	1	0	R
NMDC20554831	1	0	1	1	0	R
NMDC20582722	0	0	0	1	0	R
NMDC20554832	1	0	0	1	0	R
NMDC20554833	1	0	0	1	0	R
NMDC20550845	0	0	0	1	0	R
NMDC20582723	1	1	1	1	0	R
NMDC20552848	0	0	0	1	0	R
NMDC20582727	1	0	0	1	0	R
NMDC20556851	1	0	0	1	1	R
NMDC20582729	0	0	0	1	0	R
NMDC20550847	0	0	1	0	0	R
NMDC20582733	1	0	1	1	0	R
NMDC20552858	1	0	0	1	0	R
NMDC20582734	1	0	1	1	0	R
NMDC20582737	1	0	1	1	0	R
NMDC20582738	1	0	0	1	0	R
NMDC20582739	0	0	0	1	0	R
NMDC20582740	0	0	0	1	0	R
NMDC20550849	0	0	0	1	0	R
NMDC20582741	1	0	0	1	0	R
NMDC20582742	1	0	1	1	0	R
NMDC20556855	1	0	0	1	0	R
NMDC20582743	0	0	0	1	0	R
NMDC20550851	0	0	0	1	0	R
NMDC20550852	0	0	0	1	0	R
NMDC20552863	0	0	0	1	0	R
NMDC20556857	1	0	0	1	0	R
NMDC20582746	0	0	0	1	0	R
NMDC20556858	1	0	0	1	0	R
NMDC20550853	0	0	0	0	0	R
NMDC20582747	0	0	0	1	0	R
NMDC20582748	1	0	0	1	0	R
NMDC20550854	0	0	0	0	0	R
NMDC20582749	1	0	1	1	0	R
NMDC20582750	1	0	1	1	0	R
NMDC20582751	0	0	0	1	0	R
NMDC20554838	0	0	0	1	0	R
NMDC20554839	1	0	0	1	0	R
NMDC20582753	1	0	0	1	0	R
NMDC20552870	1	0	1	1	0	R
NMDC20582755	1	0	0	1	0	R
NMDC20552872	1	0	0	1	0	R
NMDC20552874	0	0	0	1	0	R
NMDC20554847	0	0	1	1	0	R
NMDC20556862	1	0	0	1	0	R
NMDC20582760	1	0	1	1	0	R
NMDC20550865	1	0	0	1	0	R
NMDC20550864	1	0	1	0	0	R
NMDC20556864	1	0	0	1	0	R
NMDC20582765	1	0	0	1	0	R
NMDC20552881	1	1	0	1	0	R
NMDC20552882	1	1	0	1	0	R
NMDC20552884	1	0	1	1	0	R
NMDC20582770	0	0	0	1	0	R
NMDC20582771	1	0	0	1	0	R
NMDC20582772	1	0	0	1	0	R
NMDC20550872	0	1	1	1	0	R
NMDC20556866	1	0	1	1	0	R
NMDC20556867	1	0	1	1	0	R
NMDC20554854	1	0	1	1	0	R
NMDC20552888	1	1	0	1	0	R
NMDC20552887	1	0	0	1	0	R
NMDC20582776	1	0	1	1	0	R
NMDC20582777	0	0	0	1	0	R
NMDC20582780	1	0	0	1	0	R
NMDC20556870	0	0	0	1	0	R
NMDC20554856	1	0	0	1	0	R
NMDC20582781	0	0	0	1	0	R
NMDC20582783	1	0	1	1	0	R
NMDC20552889	1	0	0	1	0	R
NMDC20550875	0	0	0	1	0	R
NMDC20552891	1	0	1	1	0	R
NMDC20582788	1	0	1	1	0	R
NMDC20550876	1	0	0	1	0	R
NMDC20554859	1	0	0	1	0	R
NMDC20582792	0	0	0	1	0	R
NMDC20582793	1	0	0	1	1	R
NMDC20554860	1	0	0	1	0	R
NMDC20552894	0	0	1	0	0	R
NMDC20556875	1	0	0	1	0	R
NMDC20556876	1	0	0	1	0	R
NMDC20582799	1	1	1	1	0	R
NMDC20582801	0	1	0	1	0	R
NMDC20552895	1	0	1	1	0	R
NMDC20556879	1	0	0	1	0	R
NMDC20582802	1	0	0	1	0	R
NMDC20554867	1	0	0	1	0	R
NMDC20582803	1	0	0	1	0	R
NMDC20582913	1	0	0	0	0	R
NMDC20582915	1	0	1	1	0	R
NMDC20582916	1	0	1	1	0	R
NMDC20582921	1	0	1	1	0	R
NMDC20550921	1	0	1	1	0	R
NMDC20554905	1	0	1	1	0	R
NMDC20582926	1	0	1	1	0	R
NMDC20582927	1	0	1	1	0	R
NMDC20554907	1	0	1	1	0	R
NMDC20582929	1	0	0	1	0	R
NMDC20550924	1	0	1	1	0	R
NMDC20582932	1	0	1	1	0	R
NMDC20552947	0	0	0	0	0	R
NMDC20552948	1	1	1	1	0	R
NMDC20582936	1	0	1	1	0	R
NMDC20582937	1	0	1	1	0	R
NMDC20554909	1	0	0	1	1	R
NMDC20582938	1	0	1	1	0	R
NMDC20554910	1	0	1	1	0	R
NMDC20554911	1	1	1	1	0	R
NMDC20582939	1	0	1	1	0	R
NMDC20552950	1	0	1	1	0	R
NMDC20550930	1	0	0	1	0	R
NMDC20554915	1	0	1	1	0	R
NMDC20552951	1	0	0	1	0	R
NMDC20582941	1	0	1	1	0	R
NMDC20582944	0	1	0	1	0	R
NMDC20554917	1	0	0	1	0	R
NMDC20582946	1	0	1	1	0	R
NMDC20552954	1	0	0	1	0	R
NMDC20552955	0	0	0	1	0	R
NMDC20582949	1	0	1	1	0	R
NMDC20556923	0	0	0	1	0	R
NMDC20554921	1	0	0	1	0	R
NMDC20582951	0	0	0	1	0	R
NMDC20556942	1	0	0	0	0	R
NMDC20582956	1	0	0	1	0	R
NMDC20582957	0	0	0	0	0	R
NMDC20582959	1	0	1	1	0	R
NMDC20556927	1	0	1	1	0	R
NMDC20582960	1	0	1	1	0	R
NMDC20556929	1	0	1	1	0	R
NMDC20582961	1	0	0	1	0	R
NMDC20582962	1	0	0	1	0	R
NMDC20556930	1	0	0	1	0	R
NMDC20554930	1	0	1	1	0	R
NMDC20552962	1	1	1	1	0	R
NMDC20552963	1	0	1	1	0	R
NMDC20582971	1	0	1	1	0	R
NMDC20550937	1	0	1	1	0	R
NMDC20552966	1	0	0	1	0	R
NMDC20554931	1	0	0	1	1	R
NMDC20582973	0	0	0	1	0	R
NMDC20552967	1	0	0	1	0	R
NMDC20582977	1	0	1	0	0	R
NMDC20582978	1	0	1	1	0	R
NMDC20554934	1	0	1	1	0	R
NMDC20554935	1	0	0	1	0	R
NMDC20550939	0	0	1	0	0	R
NMDC20582980	0	0	0	1	0	R
NMDC20582981	1	0	0	0	0	R
NMDC20556936	1	0	0	1	0	R
NMDC20552969	1	1	1	1	0	R
NMDC20582982	0	0	0	1	0	R
NMDC20556937	1	0	0	1	0	R
NMDC20552970	1	0	0	1	0	R
NMDC20550942	1	0	0	1	0	R
NMDC20556940	1	0	0	1	0	R
NMDC20582984	1	0	0	1	0	R
NMDC20554937	1	0	0	1	0	R
NMDC20552975	1	0	0	1	0	R
NMDC20552974	1	0	0	1	0	R
NMDC20556943	1	0	0	1	1	R
NMDC20556949	1	1	0	1	0	R
NMDC20556946	1	0	1	1	0	R
NMDC20552976	1	0	1	1	0	R
NMDC20550945	1	0	0	1	0	R
NMDC20582991	1	0	0	1	0	R
NMDC20582994	1	0	0	1	0	R
NMDC20554938	1	0	0	1	0	R
NMDC20556950	1	0	0	1	0	R
NMDC20550946	0	0	0	1	0	R
NMDC20582996	1	0	0	1	0	R
NMDC20550948	1	0	1	1	0	R
NMDC20552980	0	0	0	1	0	R
NMDC20556952	1	0	1	1	0	R
NMDC20554942	1	0	1	1	0	R
NMDC20583001	1	0	1	1	0	R
NMDC20554948	1	0	1	1	0	R
NMDC20550950	0	0	0	1	0	R
NMDC20583005	1	0	1	1	0	R
NMDC20554947	1	0	0	1	0	R
NMDC20556953	1	0	1	1	0	R
NMDC20583012	1	0	0	1	1	R
NMDC20583014	1	0	0	1	1	R
NMDC20583015	1	0	0	1	0	R
NMDC20583016	1	0	1	1	0	R
NMDC20583018	1	0	0	1	0	R
NMDC20552981	1	1	1	1	0	R
NMDC20552982	1	0	1	1	0	R
NMDC20554950	1	1	1	1	0	R
NMDC20556957	1	0	0	1	1	R
NMDC20556958	1	0	0	1	0	R
NMDC20583024	0	0	1	0	0	R
NMDC20554952	1	0	0	1	0	R
NMDC20554955	1	0	1	0	0	R
NMDC20550955	0	1	1	1	0	R
NMDC20583030	1	0	0	0	0	R
NMDC20583032	1	0	0	1	0	R
NMDC20583033	0	0	0	1	0	R
NMDC20552988	1	0	0	1	0	R
NMDC20556963	1	0	1	0	0	R
NMDC20556965	1	0	0	0	0	R
NMDC20583037	1	0	0	1	0	R
NMDC20556967	1	0	0	1	0	R
NMDC20583038	1	0	0	1	0	R
NMDC20556968	1	0	0	1	1	R
NMDC20554960	1	1	1	1	0	R
NMDC20556969	1	0	0	1	0	R
NMDC20583041	1	0	1	1	0	R
NMDC20583042	1	0	1	1	0	R
NMDC20556970	1	0	0	1	0	R
NMDC20583045	1	0	1	1	0	R
NMDC20552990	1	0	1	1	0	R
NMDC20556972	1	0	1	1	0	R
NMDC20554962	1	0	0	1	0	R
NMDC20550962	1	0	0	1	0	R
NMDC20554963	1	0	1	1	0	R
NMDC20583050	1	1	1	1	0	R
NMDC20552991	1	0	1	1	0	R
NMDC20552992	1	0	1	1	0	R
NMDC20554964	1	0	0	1	0	R
NMDC20583052	0	0	0	1	1	R
NMDC20583053	1	0	1	1	0	R
NMDC20583054	1	0	1	0	0	R
NMDC20554969	1	0	0	1	1	R
NMDC20556974	0	0	1	0	0	R
NMDC20583056	1	0	1	0	0	R
NMDC20550965	1	0	0	1	0	R
NMDC20554970	1	0	0	1	0	R
NMDC20583060	1	0	0	1	0	R
NMDC20550967	0	1	0	1	0	R
NMDC20583062	1	0	0	1	0	R
NMDC20554973	1	0	0	1	0	R
NMDC20583065	1	0	0	1	0	R
NMDC20554975	1	0	0	1	0	R
NMDC20553001	0	0	0	1	0	R
NMDC20552999	1	0	1	0	0	R
NMDC20553000	0	0	1	0	0	R
NMDC20583071	1	0	1	0	0	R
NMDC20583072	1	0	0	1	0	R
NMDC20583073	1	0	0	1	1	R
NMDC20583075	1	0	1	1	0	R
NMDC20554977	1	0	1	0	0	R
NMDC20553002	1	0	0	1	0	R
NMDC20553003	1	0	1	1	0	R
NMDC20554978	1	0	1	1	0	R
NMDC20553005	1	0	0	1	1	R
NMDC20556981	1	0	1	0	0	R
NMDC20556984	0	0	0	1	0	R
NMDC20553007	1	1	1	1	0	R
NMDC20556983	1	0	1	1	0	R
NMDC20583083	1	0	0	1	0	R
NMDC20583086	1	0	1	1	0	R
NMDC20583087	1	1	0	1	0	R
NMDC20583088	1	1	0	1	0	R
NMDC20583089	1	0	0	1	0	R
NMDC20583090	1	0	1	1	0	R
NMDC20553011	0	1	1	1	0	R
NMDC20554983	1	0	0	1	0	R
NMDC20554984	1	0	1	1	0	R
NMDC20550975	1	0	1	1	0	R
NMDC20556987	1	0	1	1	0	R
NMDC20556988	1	1	1	1	0	R
NMDC20583098	1	0	1	1	0	R
NMDC20583099	1	1	1	1	0	R
NMDC20583100	1	0	1	1	0	R
NMDC20550976	0	0	0	1	0	R
NMDC20553014	1	0	1	1	0	R
NMDC20554989	1	0	1	1	0	R
NMDC20583104	1	0	1	1	0	R
NMDC20550977	1	0	1	1	0	R
NMDC20583106	0	0	0	1	0	R
NMDC20583108	0	0	0	1	0	R
NMDC20583111	1	0	0	1	1	R
NMDC20583112	1	0	1	1	0	R
NMDC20550978	1	1	1	1	0	R
NMDC20583113	1	0	1	1	0	R
NMDC20583114	1	0	1	1	0	R
NMDC20550979	0	1	1	1	0	R
NMDC20554990	1	1	1	1	0	R
NMDC20583117	1	0	1	1	0	R
NMDC20553015	0	0	0	1	0	R
NMDC20583118	1	0	0	1	0	R
NMDC20553016	0	1	0	1	0	R
NMDC20554992	1	1	1	1	0	R
NMDC20583120	0	1	0	1	0	R
NMDC20556993	1	1	1	1	0	R
NMDC20553020	1	1	1	1	0	R
NMDC20553019	1	0	1	1	0	R
NMDC20550984	1	0	1	1	0	R
NMDC20583126	1	0	1	1	0	R
NMDC20554993	1	0	1	1	0	R
NMDC20550985	0	1	0	1	0	R
NMDC20556994	1	0	0	1	0	R
NMDC20550986	1	1	1	1	0	R
NMDC20550988	0	1	1	1	0	R
NMDC20553022	1	0	0	1	0	R
NMDC20553023	1	1	1	1	0	R
NMDC20554994	1	0	1	1	0	R
NMDC20550989	1	0	1	0	0	R
NMDC20556996	1	0	0	1	0	R
NMDC20556997	1	0	1	1	0	R
NMDC20583129	1	0	0	1	0	R
NMDC20554996	1	0	1	1	0	R
NMDC20583130	0	0	1	1	0	R
NMDC20583131	0	1	1	1	0	R
NMDC20550992	1	0	0	1	0	R
NMDC20583134	1	0	1	1	0	R
NMDC20550995	0	0	1	1	0	R
NMDC20550996	1	0	1	1	0	R
NMDC20553025	1	0	0	1	0	R
NMDC20583137	0	0	0	0	0	R
NMDC20550998	1	0	0	1	0	R
NMDC20554997	1	1	1	1	0	R
NMDC20583139	1	0	1	1	0	R
NMDC20583141	0	1	1	1	0	R
NMDC20583142	1	1	1	1	0	R
NMDC20583143	1	1	1	1	0	R
NMDC20557002	0	0	1	1	0	R
NMDC20554999	1	0	1	1	0	R
NMDC20550999	1	0	1	1	0	R
NMDC20551000	1	1	0	1	0	R
NMDC20555002	1	1	1	1	0	R
NMDC20583147	1	0	0	1	0	R
NMDC20583148	1	1	1	1	0	R
NMDC20555004	1	0	1	0	0	R
NMDC20583149	1	0	0	1	0	R
NMDC20553030	1	0	1	1	0	R
NMDC20557003	1	0	0	1	0	R
NMDC20583152	1	1	1	1	0	R
NMDC20551003	1	0	0	1	0	R
NMDC20583153	1	0	1	1	0	R
NMDC20557005	1	0	1	1	0	R
NMDC20553033	1	1	1	1	0	R
NMDC20553034	1	1	1	1	0	R
NMDC20583157	1	1	1	1	0	R
NMDC20583158	1	0	1	1	0	R
NMDC20551007	1	0	0	1	0	R
NMDC20553036	1	0	1	1	0	R
NMDC20555009	1	1	0	1	0	R
NMDC20551010	0	0	0	1	0	R
NMDC20583166	1	0	1	1	0	R
NMDC20553037	1	1	1	1	0	R
NMDC20583168	1	1	1	1	0	R
NMDC20553038	0	1	1	1	0	R
NMDC20555010	0	0	1	1	0	R
NMDC20583170	1	0	1	1	0	R
NMDC20557008	1	0	1	1	0	R
NMDC20583171	1	0	0	1	1	R
NMDC20583173	1	0	1	1	0	R
NMDC20557010	1	0	1	1	0	R
NMDC20583177	1	0	1	1	0	R
NMDC20583178	0	0	1	1	0	R
NMDC20555011	1	0	0	1	0	R
NMDC20583179	1	1	1	1	0	R
NMDC20553040	1	0	0	1	0	R
NMDC20553041	1	0	0	1	0	R
NMDC20555013	1	0	1	1	0	R
NMDC20583180	0	1	0	1	0	R
NMDC20555014	1	0	0	1	0	R
NMDC20557011	1	0	0	1	0	R
NMDC20555015	1	0	0	1	0	R
NMDC20583181	1	0	0	1	0	R
NMDC20555016	1	0	0	1	0	R
NMDC20551014	1	1	1	1	0	R
NMDC20557012	1	1	0	1	0	R
NMDC20553045	1	0	1	1	0	R
NMDC20583182	1	1	1	1	0	R
NMDC20583183	1	1	0	1	0	R
NMDC20557014	1	0	1	1	0	R
NMDC20583185	1	0	1	1	0	R
NMDC20557015	1	1	1	1	0	R
NMDC20583187	0	0	0	1	0	R
NMDC20583188	1	0	0	1	0	R
NMDC20583189	1	0	0	1	0	R
NMDC20551018	1	0	0	1	1	R
NMDC20553049	1	0	0	1	0	R
NMDC20553050	1	0	1	1	0	R
NMDC20557019	1	0	0	1	1	R
NMDC20551019	0	0	0	1	0	R
NMDC20553053	1	1	1	1	0	R
NMDC20557021	1	1	1	1	0	R
NMDC20551022	1	1	1	1	0	R
NMDC20557023	1	0	0	1	0	R
NMDC20583192	1	0	0	1	0	R
NMDC20555021	0	0	1	1	0	R
NMDC20553060	1	0	0	1	0	R
NMDC20555023	1	0	0	1	1	R
NMDC20557024	1	1	1	1	0	R
NMDC20583197	1	1	1	1	0	R
NMDC20583198	1	1	1	1	0	R
NMDC20553061	1	0	1	1	0	R
NMDC20583200	1	0	1	1	0	R
NMDC20583201	1	1	1	1	0	R
NMDC20555025	1	1	1	1	0	R
NMDC20583203	1	0	0	1	0	R
NMDC20557027	1	1	1	1	0	R
NMDC20551027	0	1	0	1	0	R
NMDC20551028	1	0	0	1	0	R
NMDC20583207	1	1	1	1	0	R
NMDC20557029	1	0	1	1	0	R
NMDC20555031	1	0	0	1	0	R
NMDC20553065	1	0	1	1	0	R
NMDC20553066	0	0	0	1	0	R
NMDC20553067	0	0	0	1	0	R
NMDC20583214	0	0	0	1	0	R
NMDC20551030	0	0	0	1	0	R
NMDC20557032	1	1	1	1	0	R
NMDC20555033	1	0	1	1	0	R
NMDC20555037	1	0	1	1	0	R
NMDC20557034	1	0	1	1	0	R
NMDC20551032	0	1	1	1	0	R
NMDC20557036	1	0	1	1	0	R
NMDC20557037	1	0	0	1	0	R
NMDC20553069	1	1	1	1	0	R
NMDC20583219	1	1	1	1	0	R
NMDC20551034	1	1	1	1	0	R
NMDC20557038	0	1	1	1	0	R
NMDC20557039	0	0	1	1	0	R
NMDC20553070	0	0	0	1	0	R
NMDC20551036	1	0	0	1	0	R
NMDC20583222	0	1	0	1	0	R
NMDC20555040	1	0	0	1	0	R
NMDC20551035	0	0	0	1	0	R
NMDC20583224	0	0	1	1	0	R
NMDC20583225	1	0	1	1	0	R
NMDC20553072	1	0	1	1	0	R
NMDC20553073	0	0	0	1	0	R
NMDC20583232	1	0	0	1	0	R
NMDC20583234	1	0	1	1	0	R
NMDC20557044	1	1	1	1	0	R
NMDC20583237	1	0	1	1	0	R
NMDC20553076	0	0	0	1	0	R
NMDC20557048	1	0	0	1	0	R
NMDC20553077	0	0	0	1	0	R
NMDC20551039	0	0	0	1	0	R
NMDC20553078	1	0	1	1	0	R
NMDC20551040	1	0	0	1	0	R
NMDC20557049	1	0	0	1	0	R
NMDC20553079	0	0	0	1	0	R
NMDC20583242	1	1	1	1	0	R
NMDC20583243	1	0	0	1	0	R
NMDC20557052	1	0	1	0	0	R
NMDC20553081	0	1	1	1	0	R
NMDC20583244	1	0	0	1	1	R
NMDC20583246	0	0	0	1	0	R
NMDC20557054	1	0	1	1	0	R
NMDC20551041	1	0	1	1	0	R
NMDC20551042	1	0	1	1	0	R
NMDC20551043	1	0	1	1	0	R
NMDC20553083	1	0	0	1	0	R
NMDC20557055	0	1	1	1	0	R
NMDC20555046	0	1	0	1	0	R
NMDC20551044	1	0	1	0	0	R
NMDC20553085	1	1	1	1	0	R
NMDC20583251	0	0	0	1	0	R
NMDC20583253	1	1	1	1	0	R
NMDC20555047	1	1	1	1	0	R
NMDC20583254	1	0	1	1	0	R
NMDC20583255	1	1	1	1	0	R
NMDC20551048	1	0	1	1	0	R
NMDC20583258	1	0	1	1	0	R
NMDC20553087	1	0	1	1	0	R
NMDC20553088	1	1	1	1	0	R
NMDC20551049	1	0	0	1	0	R
NMDC20557059	1	0	0	1	0	R
NMDC20551051	1	1	1	1	0	R
NMDC20557061	0	0	1	1	0	R
NMDC20555052	1	1	1	1	0	R
NMDC20557063	1	1	1	1	0	R
NMDC20557064	1	0	1	1	0	R
NMDC20555054	1	0	1	1	0	R
NMDC20555056	0	0	0	1	0	R
NMDC20551054	1	0	0	1	0	R
NMDC20551056	1	1	1	1	0	R
NMDC20557065	0	0	0	1	0	R
NMDC20553090	1	0	0	1	0	R
NMDC20583269	1	0	1	1	0	R
NMDC20583271	1	1	1	1	0	R
NMDC20551057	1	1	0	1	0	R
NMDC20583273	0	0	0	1	0	R
NMDC20551058	1	0	1	1	0	R
NMDC20583274	1	0	1	1	0	R
NMDC20551059	1	0	0	1	0	R
NMDC20583277	1	0	0	1	0	R
NMDC20557068	1	0	0	1	0	R
NMDC20557069	1	0	1	1	0	R
NMDC20583280	1	0	1	1	0	R
NMDC20583281	1	0	1	1	0	R
NMDC20583283	1	0	1	1	0	R
NMDC20557071	1	0	0	1	0	R
NMDC20551064	1	0	1	1	0	R
NMDC20583285	1	0	1	1	0	R
NMDC20551065	0	0	0	1	0	R
NMDC20551067	1	0	1	1	0	R
NMDC20557072	1	0	0	1	0	R
NMDC20555060	1	0	1	1	0	R
NMDC20553100	0	0	0	1	0	R
NMDC20583294	1	0	1	1	0	R
NMDC20583296	0	0	0	1	0	R
NMDC20583297	1	0	0	1	0	R
NMDC20553102	1	0	1	1	0	R
NMDC20555065	0	0	0	1	0	R
NMDC20583301	1	1	1	1	0	R
NMDC20583302	1	0	1	1	0	R
NMDC20583303	1	0	1	1	0	R
NMDC20557079	1	0	1	1	0	R
NMDC20583305	1	0	1	1	0	R
NMDC20553106	1	0	0	1	0	R
NMDC20557082	1	0	0	1	0	R
NMDC20555068	1	0	1	1	0	R
NMDC20555070	1	0	0	1	0	R
NMDC20557085	1	0	1	1	0	R
NMDC20583313	0	1	1	1	0	R
NMDC20557089	0	1	0	1	0	R
NMDC20553116	1	0	0	1	0	R
NMDC20557094	1	0	1	1	0	R
NMDC20551082	1	0	0	1	0	R
NMDC20583359	1	0	0	1	0	R
NMDC20557096	1	0	0	1	1	R
NMDC20583362	0	0	0	1	0	R
NMDC20583363	1	0	0	1	1	R
NMDC20551084	0	0	1	1	0	R
NMDC20583366	0	0	0	1	0	R
NMDC20583367	0	0	0	1	0	R
NMDC20583369	1	0	1	1	0	R
NMDC20555081	1	1	1	1	0	R
NMDC20551085	0	0	0	1	1	R
NMDC20583370	1	0	1	1	0	R
NMDC20555080	1	1	1	1	0	R
NMDC20557097	1	0	1	1	0	R
NMDC20583375	0	0	0	1	1	R
NMDC20583376	1	0	0	1	0	R
NMDC20583377	1	0	1	1	0	R
NMDC20557100	1	0	1	1	0	R
NMDC20555084	1	0	0	1	0	R
NMDC20555086	0	0	0	1	0	R
NMDC20557104	1	0	1	1	0	R
NMDC20555087	1	1	1	1	0	R
NMDC20583382	1	0	1	1	0	R
NMDC20553123	1	0	1	1	0	R
NMDC20551089	1	0	0	1	0	R
NMDC20583383	1	0	1	1	0	R
NMDC20557102	1	0	1	1	0	R
NMDC20557103	1	0	0	1	0	R
NMDC20555090	1	0	0	1	0	R
NMDC20583384	1	0	1	1	0	R
NMDC20583385	1	0	1	1	0	R
NMDC20551091	1	0	0	1	0	R
NMDC20555089	0	0	0	1	0	R
NMDC20583386	1	0	1	1	0	R
NMDC20553125	0	0	0	1	0	R
NMDC20583387	1	0	1	0	0	R
NMDC20553126	1	0	1	1	0	R
NMDC20555091	1	0	0	1	0	R
NMDC20557107	0	0	1	1	0	R
NMDC20553128	1	0	1	1	0	R
NMDC20583389	1	0	1	1	0	R
NMDC20583394	1	1	1	1	0	R
NMDC20551093	1	0	1	1	0	R
NMDC20557109	0	1	1	1	0	R
NMDC20555092	1	0	1	1	0	R
NMDC20551094	1	1	0	1	0	R
NMDC20553131	1	0	0	1	1	R
NMDC20583397	0	0	0	1	0	R
NMDC20553132	0	0	0	1	0	R
NMDC20551096	1	0	0	1	1	R
NMDC20583399	1	0	1	1	0	R
NMDC20555098	1	1	1	1	0	R
NMDC20583401	1	1	1	1	0	R
NMDC20551100	0	0	0	1	0	R
NMDC20555097	0	0	0	1	0	R
NMDC20555099	1	0	0	1	0	R
NMDC20583405	0	0	0	1	0	R
NMDC20583407	0	0	1	1	0	R
NMDC20583408	0	1	1	1	0	R
NMDC20553137	1	0	0	1	1	R
NMDC20557112	1	0	0	1	0	R
NMDC20555104	1	0	1	0	0	R
NMDC20583410	1	0	0	1	0	R
NMDC20551101	1	0	1	0	0	R
NMDC20583413	0	1	1	1	0	R
NMDC20583414	1	0	1	0	0	R
NMDC20557114	1	0	0	1	0	R
NMDC20583421	1	0	0	1	0	R
NMDC20555108	0	0	0	1	0	R
NMDC20583423	1	0	0	1	0	R
NMDC20583424	1	0	0	1	0	R
NMDC20583428	1	0	0	1	0	R
NMDC20553139	1	0	1	1	0	R
NMDC20583434	1	0	0	1	0	R
NMDC20583435	1	0	0	1	0	R
NMDC20583436	1	0	0	1	0	R
NMDC20583437	1	0	0	1	0	R
NMDC20557118	1	0	0	1	0	R
NMDC20583438	1	0	0	1	0	R
NMDC20553141	1	0	0	1	0	R
NMDC20583441	1	0	1	1	0	R
NMDC20583442	1	0	1	0	0	R
NMDC20583443	0	1	1	1	0	R
NMDC20583444	1	0	0	1	0	R
NMDC20551108	1	0	1	1	0	R
NMDC20583445	1	0	0	1	0	R
NMDC20553144	1	0	0	0	0	R
NMDC20557123	1	0	0	1	0	R
NMDC20553146	1	0	0	1	0	R
NMDC20557127	1	0	0	1	0	R
NMDC20553147	1	0	1	0	0	R
NMDC20583448	0	0	0	1	0	R
NMDC20553148	0	0	0	1	0	R
NMDC20557128	1	0	0	0	0	R
NMDC20551114	0	0	0	1	0	R
NMDC20557130	1	0	1	1	0	R
NMDC20555118	0	0	0	1	1	R
NMDC20555119	1	0	1	1	0	R
NMDC20583455	0	0	1	1	0	R
NMDC20583457	1	0	1	1	0	R
NMDC20555121	1	0	1	1	0	R
NMDC20583458	1	0	1	1	0	R
NMDC20583460	1	0	1	1	0	R
NMDC20551116	0	0	0	1	0	R
NMDC20551117	1	0	1	1	0	R
NMDC20551118	1	0	1	1	0	R
NMDC20551119	0	0	0	1	0	R
NMDC20583461	1	0	0	1	0	R
NMDC20551120	1	0	1	1	0	R
NMDC20583464	1	0	1	1	0	R
NMDC20555123	0	0	0	0	0	R
NMDC20557133	1	0	1	1	0	R
NMDC20553155	1	0	1	0	0	R
NMDC20553156	1	0	1	1	0	R
NMDC20583469	0	0	0	1	0	R
NMDC20555141	1	0	1	1	0	R
NMDC20557134	1	0	1	1	0	R
NMDC20583474	1	0	1	1	0	R
NMDC20557136	1	0	1	0	0	R
NMDC20557137	0	0	0	1	0	R
NMDC20583479	1	0	0	1	0	R
NMDC20551130	1	0	1	1	0	R
NMDC20551132	0	0	0	1	0	R
NMDC20583483	1	0	1	1	0	R
NMDC20551133	1	0	1	1	0	R
NMDC20555127	1	0	0	1	0	R
NMDC20557139	1	0	1	1	0	R
NMDC20583486	1	0	0	1	0	R
NMDC20555130	1	0	1	1	0	R
NMDC20551137	0	0	0	1	0	R
NMDC20555131	1	0	1	1	0	R
NMDC20553163	1	0	1	1	0	R
NMDC20555134	1	0	0	1	0	R
NMDC20583500	1	0	1	1	0	R
NMDC20583502	1	0	1	1	0	R
NMDC20583503	1	0	1	1	0	R
NMDC20555137	1	0	1	1	0	R
NMDC20555138	1	0	0	1	0	R
NMDC20555139	1	0	0	1	0	R
NMDC20583505	1	0	1	1	0	R
NMDC20555140	1	0	1	1	0	R
NMDC20557156	1	0	1	1	0	R
NMDC20583506	0	0	0	1	1	R
NMDC20583508	1	0	0	1	0	R
NMDC20553168	0	0	0	1	0	R
NMDC20583510	1	0	0	1	0	R
NMDC20555148	1	0	0	1	0	R
NMDC20555145	0	0	0	1	0	R
NMDC20555146	0	0	0	1	0	R
NMDC20583512	1	1	1	1	0	R
NMDC20583513	0	0	0	1	1	R
NMDC20553172	0	0	0	1	0	R
NMDC20551143	1	0	1	1	0	R
NMDC20583515	1	0	1	0	0	R
NMDC20555151	0	0	1	1	0	R
NMDC20553173	1	0	1	0	0	R
NMDC20555153	1	0	1	1	0	R
NMDC20551145	1	0	1	1	0	R
NMDC20583517	1	0	0	1	0	R
NMDC20555155	0	0	0	1	0	R
NMDC20583519	1	0	1	1	0	R
NMDC20553177	1	0	1	1	0	R
NMDC20583522	1	1	1	1	1	R
NMDC20553179	1	0	1	1	0	R
NMDC20553180	0	0	1	1	0	R
NMDC20583526	1	0	0	1	0	R
NMDC20553181	0	0	0	1	0	R
NMDC20555156	1	0	0	1	0	R
NMDC20583528	0	0	0	1	0	R
NMDC20551149	1	0	0	1	0	R
NMDC20551150	1	0	0	1	0	R
NMDC20555157	0	0	0	1	0	R
NMDC20555158	1	0	0	1	0	R
NMDC20553182	0	0	1	1	0	R
NMDC20553183	1	0	1	0	0	R
NMDC20553184	1	0	0	1	0	R
NMDC20555160	0	0	0	1	0	R
NMDC20583531	0	0	0	1	0	R
NMDC20553185	1	1	1	1	0	R
NMDC20551153	1	0	1	1	0	R
NMDC20555162	1	0	0	1	0	R
NMDC20557161	1	0	0	1	0	R
NMDC20557162	1	0	0	0	0	R
NMDC20583533	0	0	0	1	0	R
NMDC20553187	1	0	1	0	0	R
NMDC20583534	1	0	1	0	0	R
NMDC20557163	1	0	0	1	0	R
NMDC20551154	1	0	0	0	0	R
NMDC20553188	1	0	1	1	0	R
NMDC20555163	1	0	0	1	1	R
NMDC20551155	0	0	0	1	0	R
NMDC20557164	1	1	0	1	0	R
NMDC20551156	1	0	1	1	0	R
NMDC20557166	1	1	1	1	0	R
NMDC20555167	1	0	1	1	0	R
NMDC20555169	0	0	1	1	0	R
NMDC20553190	1	1	1	1	0	R
NMDC20557168	1	0	1	1	0	R
NMDC20555170	1	0	0	1	1	R
NMDC20583548	1	1	0	1	0	R
NMDC20583549	1	1	0	1	0	R
NMDC20557170	1	1	1	1	0	R
NMDC20583550	0	0	1	1	0	R
NMDC20583551	1	0	1	1	0	R
NMDC20583553	0	0	0	1	1	R
NMDC20553193	0	0	0	1	0	R
NMDC20553194	1	0	1	0	0	R
NMDC20553195	1	1	1	1	0	R
NMDC20583556	1	1	0	1	0	R
NMDC20583557	1	0	1	0	0	R
NMDC20583558	1	0	0	1	0	R
NMDC20583560	0	1	0	1	0	R
NMDC20583563	1	0	0	1	1	R
NMDC20583564	1	1	1	1	0	R
NMDC20557174	1	0	0	1	0	R
NMDC20551163	0	1	1	1	0	R
NMDC20583565	1	0	0	0	0	R
NMDC20583566	1	1	1	0	0	R
NMDC20583567	1	1	1	1	0	R
NMDC20583568	1	0	1	1	0	R
NMDC20583572	1	0	1	1	0	R
NMDC20583575	1	0	0	1	0	R
NMDC20583576	1	1	1	1	0	R
NMDC20583578	1	0	1	1	0	R
NMDC20583579	1	0	1	1	0	R
NMDC20583583	0	1	0	1	0	R
NMDC20583584	1	0	0	0	0	R
NMDC20583586	1	0	0	1	0	R
NMDC20583587	1	1	1	1	0	R
NMDC20583589	1	1	1	1	0	R
NMDC20583590	1	0	1	0	0	R
NMDC20555171	1	1	1	1	0	R
NMDC20583592	1	0	1	1	0	R
NMDC20583593	1	1	1	1	0	R
NMDC20557177	1	0	0	1	1	R
NMDC20583595	1	0	1	1	0	R
NMDC20583596	0	1	0	1	0	R
NMDC20583597	0	1	0	1	0	R
NMDC20555172	1	0	1	1	0	R
NMDC20583602	1	0	1	1	0	R
NMDC20557178	1	1	1	1	0	R
NMDC20583603	1	1	1	1	0	R
NMDC20583605	1	1	1	1	0	R
NMDC20583606	1	1	1	1	0	R
NMDC20551167	1	0	0	1	0	R
NMDC20553196	1	0	0	1	0	R
NMDC20551168	1	0	0	0	0	R
NMDC20583609	1	1	1	1	0	R
NMDC20583611	1	0	1	1	0	R
NMDC20583613	1	0	0	1	0	R
NMDC20583617	0	0	0	1	0	R
NMDC20583618	1	0	0	1	0	R
NMDC20551169	1	0	1	1	0	R
NMDC20557179	1	0	1	1	0	R
NMDC20583623	0	1	0	1	0	R
NMDC20583625	1	1	1	1	0	R
NMDC20553198	1	0	1	1	0	R
NMDC20583627	1	0	1	1	0	R
NMDC20551170	1	0	1	1	0	R
NMDC20551171	1	1	1	1	0	R
NMDC20583631	1	1	1	1	0	R
NMDC20583632	0	0	1	1	0	R
NMDC20583638	1	1	0	1	0	R
NMDC20583639	1	1	0	1	0	R
NMDC20583641	0	0	1	1	0	R
NMDC20583643	1	1	1	1	0	R
NMDC20557181	0	0	1	1	0	R
NMDC20583645	1	0	0	1	0	R
NMDC20583646	1	1	0	1	0	R
NMDC20583647	1	1	1	1	0	R
NMDC20583648	1	0	1	0	0	R
NMDC20555179	1	1	0	1	0	R
NMDC20553199	1	1	1	1	0	R
NMDC20553200	1	0	1	1	0	R
NMDC20553201	1	0	1	0	0	R
NMDC20583651	1	0	1	0	0	R
NMDC20583653	1	1	0	1	0	R
NMDC20555181	1	0	1	1	0	R
NMDC20583654	1	0	1	1	0	R
NMDC20555182	1	0	0	1	0	R
NMDC20553202	1	0	1	1	0	R
NMDC20583657	1	0	1	1	0	R
NMDC20557183	1	1	0	1	0	R
NMDC20583659	1	1	1	1	0	R
NMDC20555184	1	0	1	1	0	R
NMDC20553204	1	0	1	1	0	R
NMDC20557187	1	0	1	1	0	R
NMDC20557188	1	1	1	1	0	R
NMDC20583665	1	0	1	1	0	R
NMDC20551176	0	0	0	1	0	R
NMDC20583668	0	1	0	1	0	R
NMDC20553206	1	1	0	1	0	R
NMDC20555186	1	0	0	1	0	R
NMDC20551177	1	0	1	1	0	R
NMDC20555187	1	0	1	1	0	R
NMDC20583672	1	0	0	1	0	R
NMDC20555188	1	0	0	0	0	R
NMDC20583673	1	1	1	1	0	R
NMDC20553208	0	0	0	1	0	R
NMDC20553209	1	0	1	1	0	R
NMDC20583676	1	0	0	0	0	R
NMDC20583677	1	0	0	1	0	R
NMDC20583678	1	0	0	1	0	R
NMDC20583679	1	1	1	1	0	R
NMDC20555189	1	1	1	1	0	R
NMDC20583688	0	1	0	1	0	R
NMDC20583689	1	1	1	1	0	R
NMDC20583690	1	1	1	1	0	R
NMDC20553212	1	0	1	1	0	R
NMDC20583691	1	0	0	1	0	R
NMDC20553213	1	0	1	1	0	R
NMDC20583696	1	0	1	1	0	R
NMDC20583697	1	1	1	1	0	R
NMDC20583698	1	0	1	1	0	R
NMDC20557190	0	1	0	1	0	R
NMDC20583699	1	0	0	1	0	R
NMDC20551178	1	0	1	1	0	R
NMDC20551179	1	0	0	1	0	R
NMDC20583706	0	0	0	1	0	R
NMDC20555193	0	0	1	1	0	R
NMDC20583707	0	1	0	1	0	R
NMDC20553215	0	0	0	1	0	R
NMDC20557192	1	1	1	1	0	R
NMDC20551181	1	0	1	1	0	R
NMDC20583711	1	0	1	1	0	R
NMDC20557194	1	0	1	1	0	R
NMDC20583712	0	0	0	1	0	R
NMDC20557195	1	0	0	1	0	R
NMDC20583714	1	0	0	1	1	R
NMDC20583716	1	0	0	1	0	R
NMDC20553217	1	0	1	1	0	R
NMDC20583722	1	0	1	0	0	R
NMDC20583724	1	0	1	1	0	R
NMDC20583725	0	0	1	1	0	R
NMDC20583726	1	0	0	1	0	R
NMDC20583729	0	0	0	1	0	R
NMDC20553220	0	0	1	1	0	R
NMDC20583730	0	1	0	1	0	R
NMDC20583732	1	0	0	1	0	R
NMDC20583734	0	0	0	1	0	R
NMDC20583735	1	0	1	0	0	R
NMDC20551184	1	1	1	1	0	R
NMDC20557200	1	0	0	1	0	R
NMDC20583738	1	0	1	1	0	R
NMDC20555198	1	0	0	0	0	R
NMDC20553223	0	0	0	1	0	R
NMDC20557201	0	0	0	1	0	R
NMDC20557202	0	0	0	1	0	R
NMDC20557203	1	0	1	1	0	R
NMDC20557204	1	1	1	1	0	R
NMDC20583743	1	0	1	1	0	R
NMDC20583745	1	0	1	1	0	R
NMDC20583747	0	1	0	1	0	R
NMDC20551186	1	0	1	1	0	R
NMDC20583749	1	0	0	1	0	R
NMDC20583751	1	1	1	1	0	R
NMDC20551187	1	0	1	1	0	R
NMDC20583756	1	0	0	1	0	R
NMDC20583757	1	1	1	1	0	R
NMDC20583758	0	0	0	0	0	R
NMDC20583761	0	1	1	1	0	R
NMDC20583762	1	1	1	1	0	R
NMDC20583766	1	0	0	1	0	R
NMDC20583772	1	0	0	1	0	R
NMDC20555200	0	1	1	1	0	R
NMDC20583776	1	1	0	1	0	R
NMDC20551188	1	0	0	1	0	R
NMDC20583778	1	0	0	1	0	R
NMDC20553225	1	0	1	1	0	R
NMDC20551191	1	0	0	1	0	R
NMDC20557210	1	0	0	1	0	R
NMDC20551192	1	0	0	1	0	R
NMDC20557211	1	0	0	1	0	R
NMDC20583791	1	0	0	1	0	R
NMDC20551194	1	0	1	1	0	R
NMDC20583794	0	0	0	1	0	R
NMDC20583796	0	0	0	1	0	R
NMDC20557215	0	0	0	1	0	R
NMDC20583797	0	0	0	1	0	R
NMDC20583798	0	0	1	1	0	R
NMDC20583799	0	0	0	1	0	R
NMDC20557212	0	0	0	1	0	R
NMDC20583800	1	0	0	1	0	R
NMDC20557214	1	0	0	1	0	R
NMDC20555206	1	0	1	1	0	R
NMDC20557216	0	0	1	0	0	R
NMDC20555207	0	0	0	1	0	R
NMDC20555208	1	0	0	1	0	R
NMDC20551196	1	0	0	1	0	R
NMDC20583804	1	0	0	1	0	R
NMDC20557220	1	0	0	1	0	R
NMDC20553232	1	1	1	1	0	R
NMDC20583807	0	0	0	1	0	R
NMDC20583808	0	0	0	1	0	R
NMDC20551198	1	0	0	1	0	R
NMDC20555211	1	0	0	1	0	R
NMDC20555212	0	0	0	1	0	R
NMDC20551199	0	0	0	1	0	R
NMDC20557226	1	1	1	1	0	R
NMDC20583813	1	0	1	1	0	R
NMDC20583814	1	0	1	1	0	R
NMDC20583815	1	0	0	1	0	R
NMDC20557228	1	0	1	1	0	R
NMDC20583819	1	0	0	1	1	R
NMDC20553236	1	0	1	1	0	R
NMDC20557229	1	0	1	1	0	R
NMDC20551201	0	0	0	1	0	R
NMDC20557231	1	0	0	1	0	R
NMDC20583821	1	0	1	1	0	R
NMDC20583823	1	0	1	1	0	R
NMDC20583825	1	0	1	1	0	R
NMDC20551206	1	0	0	1	0	R
NMDC20553237	0	0	0	1	0	R
NMDC20555219	0	0	0	1	0	R
NMDC20583830	1	0	1	1	0	R
NMDC20583831	0	0	1	0	0	R
NMDC20553240	0	0	0	1	0	R
NMDC20551208	0	0	0	1	0	R
NMDC20557234	1	0	0	1	0	R
NMDC20557237	0	0	0	1	0	R
NMDC20557235	0	0	0	1	0	R
NMDC20551209	1	0	0	1	0	R
NMDC20551210	1	0	1	1	0	R
NMDC20583832	0	0	0	1	0	R
NMDC20553242	1	0	1	1	0	R
NMDC20557236	1	0	0	1	0	R
NMDC20553243	1	0	0	1	0	R
NMDC20583833	1	0	0	1	0	R
NMDC20557238	1	0	0	1	0	R
NMDC20551212	0	0	0	1	0	R
NMDC20583836	0	0	0	1	0	R
NMDC20555222	1	0	0	1	0	R
NMDC20583838	0	0	0	1	0	R
NMDC20583839	1	1	1	1	0	R
NMDC20557239	1	0	1	1	0	R
NMDC20555223	0	0	0	1	0	R
NMDC20583842	1	0	1	1	0	R
NMDC20553246	0	0	0	1	0	R
NMDC20557240	1	0	1	1	0	R
NMDC20583844	1	0	0	1	0	R
NMDC20553248	0	0	0	1	0	R
NMDC20583846	1	0	0	1	0	R
NMDC20583847	0	0	0	1	0	R
NMDC20583848	1	0	0	1	0	R
NMDC20583849	0	0	0	1	0	R
NMDC20583850	0	0	0	1	0	R
NMDC20557241	0	0	0	1	0	R
NMDC20555224	0	0	0	1	0	R
NMDC20557242	0	0	0	1	0	R
NMDC20553250	1	0	0	1	0	R
NMDC20551214	1	0	1	1	0	R
NMDC20557243	1	0	0	1	0	R
NMDC20583859	1	0	1	1	0	R
NMDC20557244	1	0	0	1	0	R
NMDC20583860	1	0	0	1	0	R
NMDC20583862	0	0	0	1	1	R
NMDC20583863	0	0	0	1	0	R
NMDC20555227	1	0	0	1	0	R
NMDC20583869	1	0	1	1	0	R
NMDC20557246	1	0	1	1	0	R
NMDC20557247	1	0	0	1	0	R
NMDC20553253	1	0	1	1	0	R
NMDC20553254	1	0	0	1	0	R
NMDC20583870	1	0	1	1	0	R
NMDC20555230	1	0	1	1	0	R
NMDC20555229	1	0	0	1	0	R
NMDC20583873	0	0	0	1	0	R
NMDC20583874	0	0	0	1	0	R
NMDC20583875	0	0	0	1	0	R
NMDC20551218	1	0	1	1	0	R
NMDC20583876	1	0	1	1	0	R
NMDC20557249	0	0	0	1	0	R
NMDC20557250	1	0	1	1	0	R
NMDC20557251	1	0	0	1	0	R
NMDC20553258	1	0	0	1	0	R
NMDC20551220	1	0	0	1	0	R
NMDC20555232	0	0	0	1	0	R
NMDC20553259	1	0	1	1	0	R
NMDC20553260	1	0	1	1	0	R
NMDC20583877	1	0	0	1	1	R
NMDC20553261	1	0	1	1	0	R
NMDC20555234	1	0	0	1	0	R
NMDC20555235	1	0	1	1	0	R
NMDC20583879	1	0	0	1	0	R
NMDC20551224	1	0	1	1	0	R
NMDC20583884	1	0	1	1	0	R
NMDC20553264	1	0	0	1	0	R
NMDC20583885	0	0	0	1	1	R
NMDC20555237	1	0	0	1	1	R
NMDC20557253	1	0	0	1	1	R
NMDC20555238	0	0	0	1	0	R
NMDC20555239	1	1	1	1	0	R
NMDC20553266	1	1	0	1	0	R
NMDC20551228	1	0	1	1	0	R
NMDC20583895	0	0	0	1	0	R
NMDC20557256	0	0	0	1	0	R
NMDC20583899	0	0	0	1	0	R
NMDC20555240	1	0	0	1	0	R
NMDC20557257	1	0	1	1	0	R
NMDC20553268	1	0	1	1	0	R
NMDC20555241	1	0	1	1	0	R
NMDC20583900	1	1	1	1	0	R
NMDC20583901	1	0	0	1	0	R
NMDC20555243	0	0	0	1	0	R
NMDC20583904	0	0	0	1	0	R
NMDC20557259	1	0	0	1	0	R
NMDC20583906	0	0	0	1	0	R
NMDC20583913	1	0	0	1	0	R
NMDC20555246	1	0	0	1	0	R
NMDC20583915	1	0	0	1	0	R
NMDC20557261	1	0	0	1	0	R
NMDC20551237	0	0	1	1	0	R
NMDC20557265	0	0	1	1	0	R
NMDC20551240	0	0	0	0	0	R
NMDC20557266	1	0	1	1	0	R
NMDC20583926	1	0	1	1	0	R
NMDC20555249	1	0	1	1	0	R
NMDC20555252	1	0	1	1	0	R
NMDC20583929	1	0	1	1	0	R
NMDC20557267	1	0	0	1	0	R
NMDC20557268	1	0	1	1	0	R
NMDC20555255	1	0	1	1	0	R
NMDC20583933	1	1	0	1	0	R
NMDC20583935	1	1	0	1	0	R
NMDC20583938	1	0	0	1	0	R
NMDC20583939	1	0	0	1	0	R
NMDC20551249	1	0	0	1	0	R
NMDC20583941	1	0	1	1	0	R
NMDC20551254	1	0	0	1	0	R
NMDC20553274	1	0	0	1	1	R
NMDC20553275	1	0	0	1	0	R
NMDC20553276	0	0	0	1	0	R
NMDC20583946	1	0	0	1	0	R
NMDC20555258	1	0	1	1	0	R
NMDC20551257	1	0	0	1	0	R
NMDC20555259	1	0	0	1	0	R
NMDC20551261	1	0	1	1	0	R
NMDC20553278	1	0	0	1	0	R
NMDC20557275	1	0	0	1	0	R
NMDC20583961	1	0	1	1	0	R
NMDC20557276	1	0	1	1	0	R
NMDC20553280	1	1	1	1	0	R
NMDC20555263	1	0	1	1	0	R
NMDC20583963	1	0	1	1	0	R
NMDC20555266	1	1	1	1	0	R
NMDC20583966	1	0	0	1	0	R
NMDC20551263	1	0	1	1	0	R
NMDC20583967	1	0	0	1	0	R
NMDC20583968	1	0	0	1	0	R
NMDC20551264	1	0	0	1	0	R
NMDC20583969	1	0	0	1	0	R
NMDC20583970	1	0	1	1	0	R
NMDC20551266	1	1	1	1	0	R
NMDC20553286	1	0	1	1	0	R
NMDC20551265	1	0	0	1	0	R
NMDC20551267	1	0	0	1	0	R
NMDC20583974	1	0	1	1	0	R
NMDC20557278	1	0	0	1	0	R
NMDC20553289	0	0	0	1	0	R
NMDC20553287	1	0	1	0	0	R
NMDC20551271	1	1	0	1	0	R
NMDC20583986	0	0	0	1	0	R
NMDC20553291	1	0	0	1	0	R
NMDC20583987	1	0	0	1	1	R
NMDC20583988	0	0	0	1	0	R
NMDC20557281	1	0	0	1	0	R
NMDC20557282	1	0	0	1	0	R
NMDC20583992	1	0	1	0	0	R
NMDC20555284	0	0	0	1	0	R
NMDC20553292	1	0	0	1	0	R
NMDC20583995	1	0	0	1	0	R
NMDC20584001	0	1	0	1	0	R
NMDC20584003	1	0	0	1	0	R
NMDC20584006	0	1	0	1	0	R
NMDC20584007	0	1	0	1	0	R
NMDC20557287	1	0	1	1	0	R
NMDC20584008	1	1	1	1	0	R
NMDC20584011	0	1	0	1	0	R
NMDC20584013	0	1	0	1	0	R
NMDC20584014	0	1	0	1	0	R
NMDC20584016	1	0	1	1	0	R
NMDC20584018	0	1	0	1	0	R
NMDC20584019	0	1	0	1	0	R
NMDC20584020	0	1	0	1	0	R
NMDC20584026	0	1	0	1	0	R
NMDC20584029	0	1	0	1	0	R
NMDC20584032	0	1	0	1	0	R
NMDC20584033	0	1	1	1	0	R
NMDC20584034	0	0	0	1	0	R
NMDC20584035	1	1	1	1	0	R
NMDC20584037	0	1	0	1	0	R
NMDC20584043	0	0	0	1	0	R
NMDC20584047	1	0	0	1	0	R
NMDC20557290	1	0	0	1	0	R
NMDC20555289	1	0	0	1	0	R
NMDC20551277	1	1	1	1	0	R
NMDC20557291	1	1	1	1	0	R
NMDC20555290	1	0	1	1	0	R
NMDC20584055	1	0	0	1	0	R
NMDC20551278	1	1	1	1	0	R
NMDC20584056	1	0	1	1	0	R
NMDC20557294	1	0	0	1	0	R
NMDC20557295	0	0	0	1	0	R
NMDC20557296	1	0	1	1	0	R
NMDC20553298	1	0	0	1	0	R
NMDC20555292	1	0	0	1	1	R
NMDC20553299	1	0	1	1	0	R
NMDC20555294	1	1	1	1	0	R
NMDC20553300	1	0	1	1	0	R
NMDC20553301	1	1	1	1	0	R
NMDC20584068	0	0	0	1	0	R
NMDC20557300	1	1	1	1	0	R
NMDC20555293	1	0	0	1	0	R
NMDC20584071	0	0	0	1	1	R
NMDC20584072	1	0	0	1	0	R
NMDC20584073	1	0	0	1	0	R
NMDC20584074	1	0	0	1	0	R
NMDC20551280	1	0	0	1	0	R
NMDC20557301	1	0	0	1	0	R
NMDC20551281	1	0	0	1	0	R
NMDC20584076	0	0	0	1	0	R
NMDC20584078	1	0	1	0	0	R
NMDC20584079	1	1	0	1	0	R
NMDC20557307	1	0	1	1	0	R
NMDC20584082	1	0	1	1	0	R
NMDC20584083	1	0	0	1	0	R
NMDC20557305	1	1	1	1	0	R
NMDC20584084	1	0	0	1	0	R
NMDC20557308	1	0	0	1	1	R
NMDC20584085	1	0	1	1	0	R
NMDC20553308	1	0	1	1	0	R
NMDC20584093	1	0	1	1	0	R
NMDC20551285	1	0	0	1	0	R
NMDC20584095	1	0	1	1	0	R
NMDC20584096	1	0	1	1	0	R
NMDC20584099	1	0	0	1	0	R
NMDC20584101	1	0	0	1	0	R
NMDC20555299	1	0	1	1	0	R
NMDC20551288	1	0	1	0	0	R
NMDC20557310	1	0	1	1	0	R
NMDC20555300	1	1	1	1	0	R
NMDC20551289	0	0	0	1	0	R
NMDC20584104	1	0	0	1	0	R
NMDC20584106	1	0	0	1	0	R
NMDC20551290	1	0	0	1	0	R
NMDC20551291	1	0	1	0	0	R
NMDC20555304	1	0	0	1	0	R
NMDC20551296	1	0	0	1	0	R
NMDC20551298	1	1	0	1	0	R
NMDC20584112	0	0	1	0	0	R
NMDC20553313	1	0	1	1	0	R
NMDC20584116	1	0	1	1	0	R
NMDC20555308	1	0	1	1	0	R
NMDC20584122	1	0	1	1	0	R
NMDC20584123	1	0	0	1	0	R
NMDC20584124	1	0	0	1	0	R
NMDC20551303	1	0	1	1	0	R
NMDC20555311	1	0	1	1	0	R
NMDC20553320	0	0	0	1	1	R
NMDC20553322	0	0	0	1	0	R
NMDC20555310	1	0	0	1	0	R
NMDC20584127	1	0	0	1	0	R
NMDC20555314	0	0	0	1	0	R
NMDC20555317	1	1	1	1	0	R
NMDC20553327	1	0	1	1	0	R
NMDC20584131	1	0	0	1	0	R
NMDC20555316	1	0	0	1	0	R
NMDC20555319	1	0	0	1	0	R
NMDC20584134	1	0	1	1	0	R
NMDC20584135	1	0	1	1	0	R
NMDC20584136	1	0	0	1	0	R
NMDC20555320	1	0	0	1	0	R
NMDC20555322	1	0	0	1	0	R
NMDC20584144	1	0	1	1	0	R
NMDC20557325	1	0	0	1	1	R
NMDC20555323	1	0	0	1	0	R
NMDC20557328	1	0	0	1	0	R
NMDC20555324	1	0	1	0	0	R
NMDC20551313	0	0	1	1	0	R
NMDC20584149	0	0	0	1	0	R
NMDC20584154	1	0	1	1	0	R
NMDC20584157	1	0	0	0	0	R
NMDC20555330	1	0	0	0	0	R
NMDC20584158	1	0	1	1	0	R
NMDC20553336	1	0	0	1	0	R
NMDC20553337	1	0	1	1	0	R
NMDC20584165	1	1	0	1	0	R
NMDC20584166	1	0	0	1	1	R
NMDC20551321	0	0	1	1	0	R
NMDC20553342	1	0	1	1	0	R
NMDC20584169	1	0	0	1	0	R
NMDC20584170	0	0	0	0	0	R
NMDC20557340	1	0	1	1	0	R
NMDC20555336	1	0	0	1	0	R
NMDC20551322	1	0	1	1	0	R
NMDC20555337	0	1	0	1	0	R
NMDC20557341	1	0	0	1	0	R
NMDC20555338	1	0	0	1	0	R
NMDC20557342	1	0	0	1	1	R
NMDC20584176	1	0	0	1	0	R
NMDC20584177	1	0	1	1	0	R
NMDC20553348	1	0	1	1	0	R
NMDC20553349	1	0	0	1	0	R
NMDC20553350	1	0	1	1	0	R
NMDC20584184	1	0	1	1	0	R
NMDC20555341	1	0	0	1	0	R
NMDC20555342	1	0	1	1	0	R
NMDC20553351	1	0	1	1	0	R
NMDC20584185	0	0	0	1	0	R
NMDC20555344	1	0	1	1	0	R
NMDC20584188	1	0	1	1	0	R
NMDC20551331	1	0	0	1	0	R
NMDC20551332	1	1	1	1	0	R
NMDC20584190	1	0	0	1	0	R
NMDC20555347	1	0	0	1	0	R
NMDC20555348	1	0	0	1	0	R
NMDC20553355	1	0	0	1	0	R
NMDC20557349	1	0	1	1	0	R
NMDC20584198	1	0	1	1	0	R
NMDC20551335	1	0	1	1	0	R
NMDC20555352	1	0	0	1	0	R
NMDC20553358	1	1	1	1	0	R
NMDC20584201	1	0	0	1	0	R
NMDC20555359	1	0	1	1	0	R
NMDC20555357	1	0	0	1	0	R
NMDC20551338	1	0	0	1	0	R
NMDC20557352	1	0	1	1	0	R
NMDC20557353	1	0	0	1	0	R
NMDC20553362	1	0	0	1	0	R
NMDC20553363	1	1	1	1	0	R
NMDC20557354	0	0	0	1	0	R
NMDC20555360	1	0	1	1	0	R
NMDC20555361	1	0	0	1	0	R
NMDC20584202	1	0	1	1	0	R
NMDC20551339	1	0	0	1	0	R
NMDC20555362	1	0	0	1	1	R
NMDC20584204	0	0	0	0	0	R
NMDC20555363	1	0	0	1	0	R
NMDC20553365	0	0	1	1	0	R
NMDC20555364	1	0	1	1	0	R
NMDC20584208	1	0	0	1	0	R
NMDC20555365	1	0	0	1	0	R
NMDC20551340	1	0	1	1	0	R
NMDC20557360	1	0	0	1	0	R
NMDC20557361	1	0	0	1	0	R
NMDC20551342	1	0	0	1	0	R
NMDC20584212	1	0	0	1	0	R
NMDC20555367	1	0	0	1	0	R
NMDC20557362	1	0	0	1	0	R
NMDC20553368	1	0	1	1	0	R
NMDC20551344	1	0	0	1	0	R
NMDC20584215	1	0	1	1	0	R
NMDC20555368	1	0	0	1	0	R
NMDC20557365	1	0	1	1	0	R
NMDC20584217	1	0	0	1	0	R
NMDC20557366	1	0	1	0	0	R
NMDC20557367	1	0	1	1	0	R
NMDC20557368	1	0	0	1	0	R
NMDC20553375	1	0	0	1	0	R
NMDC20584219	1	0	1	1	0	R
NMDC20553371	1	0	1	1	0	R
NMDC20584221	1	0	0	1	0	R
NMDC20557371	1	0	0	1	0	R
NMDC20584226	1	0	1	1	0	R
NMDC20584227	1	0	1	1	0	R
NMDC20555373	1	0	0	1	0	R
NMDC20551349	1	1	1	1	0	R
NMDC20584231	1	0	0	1	0	R
NMDC20584233	1	0	1	1	0	R
NMDC20584235	1	0	1	1	0	R
NMDC20551353	0	0	0	1	0	R
NMDC20551354	1	0	0	1	0	R
NMDC20584237	1	0	1	1	0	R
NMDC20584239	1	0	0	1	0	R
NMDC20553380	1	0	1	1	0	R
NMDC20557376	1	0	0	1	1	R
NMDC20557377	1	0	0	1	1	R
NMDC20555376	1	0	1	1	0	R
NMDC20584240	1	0	0	1	0	R
NMDC20557378	1	0	0	1	1	R
NMDC20584241	1	0	1	1	0	R
NMDC20584242	1	0	1	1	0	R
NMDC20584243	0	0	0	1	0	R
NMDC20557379	0	0	0	1	0	R
NMDC20557380	1	0	1	1	0	R
NMDC20553386	1	0	0	1	0	R
NMDC20584246	1	0	1	1	0	R
NMDC20551356	1	0	1	1	0	R
NMDC20584247	1	0	0	1	1	R
NMDC20584248	0	0	0	1	0	R
NMDC20553388	0	0	0	1	0	R
NMDC20584249	1	0	0	1	0	R
NMDC20551357	0	0	0	1	0	R
NMDC20555382	1	0	0	1	0	R
NMDC20553389	1	0	0	1	0	R
NMDC20553390	1	0	0	1	0	R
NMDC20584251	1	0	0	1	1	R
NMDC20584252	1	0	0	1	0	R
NMDC20551360	1	0	1	1	0	R
NMDC20584253	1	0	0	1	1	R
NMDC20553391	0	0	0	1	0	R
NMDC20557383	1	0	1	1	0	R
NMDC20584254	0	0	0	1	0	R
NMDC20584255	1	0	0	1	0	R
NMDC20584256	1	0	1	1	0	R
NMDC20584259	1	0	0	1	1	R
NMDC20551361	1	0	0	1	0	R
NMDC20555385	0	0	0	1	0	R
NMDC20555386	1	0	1	1	0	R
NMDC20557387	0	0	1	1	0	R
NMDC20551363	1	0	0	1	0	R
NMDC20584261	1	0	1	1	0	R
NMDC20557390	0	0	0	1	0	R
NMDC20557393	1	0	0	1	1	R
NMDC20555388	0	0	0	1	0	R
NMDC20584267	1	0	0	1	0	R
NMDC20555390	1	0	0	1	0	R
NMDC20553398	1	0	0	1	0	R
NMDC20551369	0	0	0	1	0	R
NMDC20555394	1	0	1	1	0	R
NMDC20557396	1	0	0	1	0	R
NMDC20553400	1	0	0	1	0	R
NMDC20555396	1	0	0	1	1	R
NMDC20551373	1	0	0	1	0	R
NMDC20557397	1	0	0	1	0	R
NMDC20584275	1	0	0	1	0	R
NMDC20551372	1	0	0	1	1	R
NMDC20584279	1	0	0	1	0	R
NMDC20584281	0	0	0	1	0	R
NMDC20584282	1	0	1	1	0	R
NMDC20584283	0	0	0	1	0	R
NMDC20584284	1	0	1	1	0	R
NMDC20584285	1	0	0	0	0	R
NMDC20553402	1	0	1	1	0	R
NMDC20584287	0	0	0	1	0	R
NMDC20584288	1	0	1	1	0	R
NMDC20584289	0	0	1	1	0	R
NMDC20584290	1	0	1	1	0	R
NMDC20555397	1	0	1	1	0	R
NMDC20584294	1	0	0	1	0	R
NMDC20584295	1	0	1	1	0	R
NMDC20555398	1	0	1	1	0	R
NMDC20557401	1	0	0	1	0	R
NMDC20555399	1	0	1	1	0	R
NMDC20584299	1	1	1	1	0	R
NMDC20584300	1	0	1	1	0	R
NMDC20584302	1	0	1	1	0	R
NMDC20551377	1	0	0	1	1	R
NMDC20557403	1	0	0	1	0	R
NMDC20584304	1	0	1	1	0	R
NMDC20555401	1	1	0	1	0	R
NMDC20584308	1	0	0	1	0	R
NMDC20555404	1	0	0	1	0	R
NMDC20551380	1	0	0	1	0	R
NMDC20551379	1	0	0	1	0	R
NMDC20584309	1	0	0	1	0	R
NMDC20553405	1	0	0	1	0	R
NMDC20557407	1	1	0	1	0	R
NMDC20557408	1	0	0	1	0	R
NMDC20584311	1	0	1	1	0	R
NMDC20557410	1	0	0	1	0	R
NMDC20551381	1	0	0	1	0	R
NMDC20551382	1	0	0	1	0	R
NMDC20557411	1	0	1	1	0	R
NMDC20551384	1	1	0	1	0	R
NMDC20551385	1	0	0	1	0	R
NMDC20553407	1	0	1	1	0	R
NMDC20551386	1	0	0	1	0	R
NMDC20557412	1	0	0	1	0	R
NMDC20584313	1	0	0	1	0	R
NMDC20584314	1	0	0	1	0	R
NMDC20584315	1	0	0	1	0	R
NMDC20557413	1	0	0	1	0	R
NMDC20584318	1	0	1	1	0	R
NMDC20584320	1	0	0	1	0	R
NMDC20555410	1	0	1	1	0	R
NMDC20584321	1	0	0	1	0	R
NMDC20584323	1	1	0	1	0	R
NMDC20555411	0	0	0	1	0	R
NMDC20553410	1	1	0	1	0	R
NMDC20584325	1	0	1	1	0	R
NMDC20584327	1	0	0	1	1	R
NMDC20584328	1	0	0	1	0	R
NMDC20551391	1	0	1	1	0	R
NMDC20584330	1	0	1	1	0	R
NMDC20584331	1	0	1	1	0	R
NMDC20553412	1	0	1	1	0	R
NMDC20584332	1	0	1	1	0	R
NMDC20584333	0	0	1	1	0	R
NMDC20584334	1	0	1	1	0	R
NMDC20553413	1	0	0	1	0	R
NMDC20553414	1	0	0	1	0	R
NMDC20553415	1	0	0	1	0	R
NMDC20584338	0	0	0	1	0	R
NMDC20584339	1	1	1	1	0	R
NMDC20551392	0	0	0	1	0	R
NMDC20557421	1	0	1	1	0	R
NMDC20584340	1	0	1	1	0	R
NMDC20557425	1	0	0	1	0	R
NMDC20551394	0	0	0	1	1	R
NMDC20584342	1	0	1	1	0	R
NMDC20551395	1	0	0	1	0	R
NMDC20555414	1	0	1	1	0	R
NMDC20551396	1	0	0	1	0	R
NMDC20555416	1	0	1	1	0	R
NMDC20584343	1	0	1	1	0	R
NMDC20584346	1	1	0	1	0	R
NMDC20551397	1	0	0	1	0	R
NMDC20584348	1	1	1	1	0	R
NMDC20584349	1	0	0	1	0	R
NMDC20584350	1	0	1	1	0	R
NMDC20584351	1	0	1	1	0	R
NMDC20557428	1	0	0	1	0	R
NMDC20557430	1	0	0	1	0	R
NMDC20553422	1	0	0	1	1	R
NMDC20551399	1	0	1	1	0	R
NMDC20584362	1	1	0	1	0	R
NMDC20557434	1	1	0	1	0	R
NMDC20584367	1	0	0	1	0	R
NMDC20553428	1	0	0	1	1	R
NMDC20555420	1	0	0	1	0	R
NMDC20584374	1	1	1	1	0	R
NMDC20584376	1	0	0	1	0	R
NMDC20557447	1	0	1	1	0	R
NMDC20551403	1	0	0	1	0	R
NMDC20551404	1	0	0	1	0	R
NMDC20584381	1	0	0	1	0	R
NMDC20555427	1	0	0	1	0	R
NMDC20584384	1	0	1	1	0	R
NMDC20557445	1	0	0	1	0	R
NMDC20551408	1	0	0	1	0	R
NMDC20553439	1	1	0	1	0	R
NMDC20557452	1	1	1	1	0	R
NMDC20584399	1	0	1	1	0	R
NMDC20551412	0	0	0	1	0	R
NMDC20584402	1	0	0	1	0	R
NMDC20555434	1	0	0	1	0	R
NMDC20584412	1	0	1	1	0	R
NMDC20557457	1	0	0	1	0	R
NMDC20557459	1	0	0	1	0	R
NMDC20584426	1	0	0	1	0	R
NMDC20553452	1	0	0	1	0	R
NMDC20551418	1	0	0	1	0	R
NMDC20557462	1	0	1	1	0	R
NMDC20555446	1	1	1	1	0	R
NMDC20584904	1	1	0	1	0	R
NMDC20584911	0	1	0	1	0	R
NMDC20584915	1	0	0	1	0	R
NMDC20584916	1	0	1	1	0	R
NMDC20584917	1	1	1	1	0	R
NMDC20584918	1	1	1	1	0	R
NMDC20584919	1	1	1	1	0	R
NMDC20584922	1	1	1	1	0	R
NMDC20584923	1	1	1	1	0	R
NMDC20584924	1	1	1	1	0	R
NMDC20584930	0	1	0	1	0	R
NMDC20584936	1	0	0	1	0	R
NMDC20553455	1	1	1	1	0	R
NMDC20584939	1	1	1	1	0	R
NMDC20584949	1	1	1	1	0	R
NMDC20553459	1	1	1	1	0	R
NMDC20553461	1	0	0	1	1	R
NMDC20555454	1	0	0	1	0	R
NMDC20555456	1	0	1	1	0	R
NMDC20551431	1	0	1	1	0	R
NMDC20553463	1	0	1	1	0	R
NMDC20555460	1	1	1	1	0	R
NMDC20584959	1	0	1	0	0	R
NMDC20584965	1	1	0	1	0	R
NMDC20584971	1	1	1	1	0	R
NMDC20551432	0	0	0	1	0	R
NMDC20557474	1	1	0	1	0	R
NMDC20584972	0	0	0	1	0	R
NMDC20584973	1	0	1	0	0	R
NMDC20555466	0	0	0	1	0	R
NMDC20557476	1	0	0	1	0	R
NMDC20584974	0	0	0	1	0	R
NMDC20555468	0	0	0	1	0	R
NMDC20553473	0	0	0	1	0	R
NMDC20584975	0	0	0	1	0	R
NMDC20555470	1	0	0	1	1	R
NMDC20584979	0	0	0	1	0	R
NMDC20584980	0	0	0	1	0	R
NMDC20553474	1	0	0	1	1	R
NMDC20584981	1	0	0	1	0	R
NMDC20557478	0	0	0	1	0	R
NMDC20557480	1	0	0	1	1	R
NMDC20553477	0	0	0	1	0	R
NMDC20584983	1	0	1	1	0	R
NMDC20584994	1	0	1	1	0	R
NMDC20557482	0	0	0	1	0	R
NMDC20557483	1	0	1	1	0	R
NMDC20553479	1	0	1	1	0	R
NMDC20557484	0	0	0	1	0	R
NMDC20585003	0	0	0	0	0	R
NMDC20551438	0	0	0	1	0	R
NMDC20555477	1	0	0	1	0	R
NMDC20585015	0	0	0	1	0	R
NMDC20585021	0	0	0	1	0	R
NMDC20555480	0	0	0	1	0	R
NMDC20557488	0	0	0	1	0	R
NMDC20585027	0	0	0	1	0	R
NMDC20585033	1	0	1	1	0	R
NMDC20585034	1	0	1	1	0	R
NMDC20555481	1	0	0	1	0	R
NMDC20585036	1	0	1	1	0	R
NMDC20585037	1	0	1	1	0	R
NMDC20553485	1	0	0	1	0	R
NMDC20557490	1	0	1	1	0	R
NMDC20553486	1	0	0	1	0	R
NMDC20585038	0	0	0	1	0	R
NMDC20553487	1	0	1	1	0	R
NMDC20585039	0	0	1	0	0	R
NMDC20585042	1	1	1	1	0	R
NMDC20585043	1	0	1	1	0	R
NMDC20585044	1	0	1	1	0	R
NMDC20585045	1	0	0	1	1	R
NMDC20557493	1	0	0	1	0	R
NMDC20557497	1	0	0	1	0	R
NMDC20585048	1	0	1	1	0	R
NMDC20585050	1	0	1	1	0	R
NMDC20557498	1	0	0	1	0	R
NMDC20585051	1	0	1	1	0	R
NMDC20585052	1	0	1	1	0	R
NMDC20585053	1	0	1	1	0	R
NMDC20551446	1	0	0	1	1	R
NMDC20557499	1	0	1	1	0	R
NMDC20553489	1	0	0	1	0	R
NMDC20585054	1	0	0	1	0	R
NMDC20557500	1	1	1	1	0	R
NMDC20585056	0	0	0	1	0	R
NMDC20555486	1	0	0	1	0	R
NMDC20555488	0	0	0	1	0	R
NMDC20585060	1	0	1	1	0	R
NMDC20555489	1	0	1	0	0	R
NMDC20585061	1	1	0	1	0	R
NMDC20585062	0	0	0	1	0	R
NMDC20557507	0	0	0	1	0	R
NMDC20553491	1	0	1	1	0	R
NMDC20557502	1	1	1	1	0	R
NMDC20585065	1	0	1	1	0	R
NMDC20557505	1	0	1	1	0	R
NMDC20555490	1	0	1	1	0	R
NMDC20551447	1	0	1	1	0	R
NMDC20557509	1	0	1	1	0	R
NMDC20553495	1	0	0	1	0	R
NMDC20551448	0	1	0	1	0	R
NMDC20551449	0	0	0	1	0	R
NMDC20585071	1	0	1	1	0	R
NMDC20555492	0	0	0	1	1	R
NMDC20585072	1	0	1	1	0	R
NMDC20585075	1	0	1	1	0	R
NMDC20551450	1	0	1	1	0	R
NMDC20555493	1	0	1	1	0	R
NMDC20551451	1	0	1	1	0	R
NMDC20551452	1	0	1	1	0	R
NMDC20585084	1	0	1	0	0	R
NMDC20557519	1	1	1	1	0	R
NMDC20551458	1	0	1	1	0	R
NMDC20557520	1	0	1	1	0	R
NMDC20585096	0	0	0	1	0	R
NMDC20585097	1	0	1	1	0	R
NMDC20553506	1	0	0	1	0	R
NMDC20555498	0	0	1	1	0	R
NMDC20557527	1	0	1	1	0	R
NMDC20557525	1	0	0	1	1	R
NMDC20553509	1	0	1	1	0	R
NMDC20557526	0	1	1	1	0	R
NMDC20553512	1	0	0	1	0	R
NMDC20551461	1	1	1	1	0	R
NMDC20551462	1	0	0	1	0	R
NMDC20585101	1	1	1	1	0	R
NMDC20585102	1	0	1	1	0	R
NMDC20585103	1	0	1	1	0	R
NMDC20585104	1	0	1	1	0	R
NMDC20553513	0	1	0	1	0	R
NMDC20557530	1	0	0	1	0	R
NMDC20551464	0	0	1	1	0	R
NMDC20585108	1	0	0	1	0	R
NMDC20555501	0	0	0	1	0	R
NMDC20585110	0	0	0	1	0	R
NMDC20553516	1	0	1	1	0	R
NMDC20585115	1	0	0	1	0	R
NMDC20585116	1	0	0	1	0	R
NMDC20551469	1	0	0	1	0	R
NMDC20585119	1	0	0	1	0	R
NMDC20585120	1	0	0	1	0	R
NMDC20555502	1	0	1	1	0	R
NMDC20585121	1	0	1	1	0	R
NMDC20585124	1	0	0	1	0	R
NMDC20551471	1	0	1	1	0	R
NMDC20553519	1	0	1	1	0	R
NMDC20585127	1	1	0	1	0	R
NMDC20551472	1	0	1	1	0	R
NMDC20557539	1	0	1	1	0	R
NMDC20555508	1	0	0	1	1	R
NMDC20555510	0	0	0	1	0	R
NMDC20553521	1	0	0	1	1	R
NMDC20585133	1	0	0	1	0	R
NMDC20553523	1	0	0	1	0	R
NMDC20551475	1	0	0	1	0	R
NMDC20557544	1	0	0	1	0	R
NMDC20553526	1	0	1	1	0	R
NMDC20585135	1	0	1	1	0	R
NMDC20555514	1	0	0	1	0	R
NMDC20585138	1	0	1	1	0	R
NMDC20557548	1	0	0	1	0	R
NMDC20585140	1	0	0	1	0	R
NMDC20555518	1	0	0	1	0	R
NMDC20553528	1	0	0	1	0	R
NMDC20551480	1	0	0	1	0	R
NMDC20557550	1	0	0	1	0	R
NMDC20557551	1	0	0	1	0	R
NMDC20557553	1	0	0	1	1	R
NMDC20585155	1	0	1	1	0	R
NMDC20551482	1	0	0	1	1	R
NMDC20553531	1	0	0	1	1	R
NMDC20553532	1	0	0	1	0	R
NMDC20551483	1	0	0	1	0	R
NMDC20553533	1	0	1	1	0	R
NMDC20585156	1	0	1	1	0	R
NMDC20585157	1	0	1	1	0	R
NMDC20585158	1	0	1	1	0	R
NMDC20551486	1	0	0	1	0	R
NMDC20557556	1	0	0	1	0	R
NMDC20555523	1	0	0	1	0	R
NMDC20557558	1	0	1	1	0	R
NMDC20555525	1	0	1	1	0	R
NMDC20585168	0	0	0	1	0	R
NMDC20553536	1	0	0	1	0	R
NMDC20585170	1	0	0	1	0	R
NMDC20555527	1	0	0	1	0	R
NMDC20555528	1	0	1	1	0	R
NMDC20555529	1	0	1	1	0	R
NMDC20551494	1	0	0	1	0	R
NMDC20557561	1	0	1	1	0	R
NMDC20553537	1	0	0	1	0	R
NMDC20553538	1	0	1	1	0	R
NMDC20585176	0	0	0	1	0	R
NMDC20585178	1	0	1	1	0	R
NMDC20585183	1	0	0	1	0	R
NMDC20585185	1	0	0	1	0	R
NMDC20551497	1	0	0	1	0	R
NMDC20585186	1	0	1	1	0	R
NMDC20585187	1	0	1	1	0	R
NMDC20585189	1	0	0	1	0	R
NMDC20585190	1	0	0	1	0	R
NMDC20555536	1	0	0	1	0	R
NMDC20585191	1	0	1	1	0	R
NMDC20551499	1	0	0	1	0	R
NMDC20551500	1	0	1	1	0	R
NMDC20585195	1	0	1	1	0	R
NMDC20555538	1	0	0	1	0	R
NMDC20585196	1	0	1	1	0	R
NMDC20585197	1	0	1	1	0	R
NMDC20557564	1	0	1	1	0	R
NMDC20555539	1	0	0	1	0	R
NMDC20555540	1	0	0	1	0	R
NMDC20585207	1	0	0	1	1	R
NMDC20551503	1	0	1	1	0	R
NMDC20555541	1	0	0	1	0	R
NMDC20585208	1	0	1	1	0	R
NMDC20585209	1	0	0	1	0	R
NMDC20551505	1	0	0	1	0	R
NMDC20585210	1	0	0	1	0	R
NMDC20557571	1	0	1	1	0	R
NMDC20557569	1	0	1	1	0	R
NMDC20557570	1	0	0	1	0	R
NMDC20585215	1	0	1	0	0	R
NMDC20585216	1	0	1	1	0	R
NMDC20553548	1	0	1	1	0	R
NMDC20555542	1	0	0	1	0	R
NMDC20551508	1	0	0	1	0	R
NMDC20557572	1	0	1	1	0	R
NMDC20557573	1	0	0	1	0	R
NMDC20553550	1	0	0	1	0	R
NMDC20553552	1	0	1	1	0	R
NMDC20555544	1	0	1	1	0	R
NMDC20555545	1	0	0	1	0	R
NMDC20551512	1	0	1	1	0	R
NMDC20551514	1	1	1	1	0	R
NMDC20553554	1	0	0	1	0	R
NMDC20585223	1	0	1	1	0	R
NMDC20585224	1	0	1	1	0	R
NMDC20557575	1	0	0	1	0	R
NMDC20585225	1	0	1	1	0	R
NMDC20555550	1	0	0	1	0	R
NMDC20551515	1	1	1	1	0	R
NMDC20557580	1	0	1	1	0	R
NMDC20557581	1	0	1	1	0	R
NMDC20555556	0	0	0	1	0	R
NMDC20555557	1	0	1	1	0	R
NMDC20557587	0	0	0	1	0	R
NMDC20553558	1	0	0	1	0	R
NMDC20551517	1	0	1	1	0	R
NMDC20557589	1	0	1	1	0	R
NMDC20557590	1	1	1	1	0	R
NMDC20585232	0	0	0	1	0	R
NMDC20557591	0	0	0	1	0	R
NMDC20557592	1	0	0	1	0	R
NMDC20551518	0	0	0	1	0	R
NMDC20555561	0	0	0	1	0	R
NMDC20557595	0	0	0	1	0	R
NMDC20585237	0	0	0	1	0	R
NMDC20585238	1	0	1	1	0	R
NMDC20557596	0	0	0	1	0	R
NMDC20585240	1	0	1	1	0	R
NMDC20585243	1	0	1	1	0	R
NMDC20585244	1	0	1	1	0	R
NMDC20551519	1	0	0	1	1	R
NMDC20557597	1	0	1	1	0	R
NMDC20557598	1	0	0	1	0	R
NMDC20551522	1	0	0	1	0	R
NMDC20553564	1	0	0	1	0	R
NMDC20557599	1	0	0	1	0	R
NMDC20555566	1	0	1	1	0	R
NMDC20553565	1	1	0	1	0	R
NMDC20551523	1	0	0	1	0	R
NMDC20553566	1	0	0	1	0	R
NMDC20551526	1	1	0	1	0	R
NMDC20585249	1	0	1	1	0	R
NMDC20553569	1	0	0	1	0	R
NMDC20585252	1	0	0	1	0	R
NMDC20553570	1	0	0	1	0	R
NMDC20585255	1	1	0	1	0	R
NMDC20585256	1	0	0	1	1	R
NMDC20585257	0	0	0	1	1	R
NMDC20585268	0	0	0	1	1	R
NMDC20585270	0	0	1	1	0	R
NMDC20553574	0	0	0	1	0	R
NMDC20585289	1	1	1	1	0	R
NMDC20585291	1	0	0	1	0	R
NMDC20555570	1	1	1	1	0	R
NMDC20585293	1	1	1	1	0	R
NMDC20585294	0	1	0	1	0	R
NMDC20585296	0	0	0	1	0	R
NMDC20585300	1	1	1	1	0	R
NMDC20551533	0	1	1	1	0	R
NMDC20553576	0	1	0	1	0	R
NMDC20585306	1	0	1	1	0	R
NMDC20555571	1	0	1	1	0	R
NMDC20553578	1	1	0	1	0	R
NMDC20585309	1	0	0	1	0	R
NMDC20553579	0	0	0	1	0	R
NMDC20555573	1	0	1	1	0	R
NMDC20553580	1	0	1	1	0	R
NMDC20585717	1	0	1	1	0	R
NMDC20585718	1	0	0	1	1	R
NMDC20585719	1	0	1	1	0	R
NMDC20557703	0	0	0	1	0	R
NMDC20555676	1	0	1	1	0	R
NMDC20557704	1	0	0	1	0	R
NMDC20585725	0	0	0	1	0	R
NMDC20553678	1	0	1	1	0	R
NMDC20551643	0	0	1	1	0	R
NMDC20585737	1	1	0	1	1	R
NMDC20585741	0	0	0	1	0	R
NMDC20551645	0	0	0	1	0	R
NMDC20557708	1	0	0	1	1	R
NMDC20551648	0	0	0	1	0	R
NMDC20557711	1	0	0	1	0	R
NMDC20585754	0	0	0	1	0	R
NMDC20553681	1	0	1	1	0	R
NMDC20555689	1	0	1	1	0	R
NMDC20557714	1	0	1	1	0	R
NMDC20553684	1	0	0	1	0	R
NMDC20585771	0	0	0	1	1	R
NMDC20551662	1	0	1	1	0	R
NMDC20553689	1	0	0	1	0	R
NMDC20553690	1	0	0	1	0	R
NMDC20553694	1	0	0	1	0	R
NMDC20555704	1	0	0	1	0	R
NMDC20555705	1	0	0	1	0	R
NMDC20555706	1	0	0	1	0	R
NMDC20585793	1	0	1	1	0	R
NMDC20555707	1	0	1	1	0	R
NMDC20555708	1	0	1	1	0	R
NMDC20557727	1	0	1	1	0	R
NMDC20557730	1	0	1	1	0	R
NMDC20585803	1	0	0	1	0	R
NMDC20585804	1	0	1	1	0	R
NMDC20553703	1	0	0	1	0	R
NMDC20585809	1	0	1	1	0	R
NMDC20551675	1	1	1	1	0	R
NMDC20585813	1	1	1	1	0	R
NMDC20551677	1	0	1	1	0	R
NMDC20553705	1	0	0	1	0	R
NMDC20585818	0	0	0	1	0	R
NMDC20551679	0	0	0	1	0	R
NMDC20551680	1	1	1	1	0	R
NMDC20585826	1	0	0	1	0	R
NMDC20551684	1	0	1	1	0	R
NMDC20551686	0	0	1	1	0	R
NMDC20551687	1	0	1	1	0	R
NMDC20553709	1	0	0	1	0	R
NMDC20585835	0	0	0	1	0	R
NMDC20585836	0	0	0	1	0	R
NMDC20585838	0	0	0	1	0	R
NMDC20585841	0	0	0	1	0	R
NMDC20585846	0	0	0	1	0	R
NMDC20585847	1	0	1	1	0	R
NMDC20585849	0	0	0	1	0	R
NMDC20585850	0	0	0	1	0	R
NMDC20585852	1	0	1	1	0	R
NMDC20585864	0	0	0	1	0	R
NMDC20585865	1	1	1	1	0	R
NMDC20585866	1	0	0	1	0	R
NMDC20585869	1	0	0	1	0	R
NMDC20585870	0	0	0	1	0	R
NMDC20585875	0	1	0	1	0	R
NMDC20585877	1	0	0	1	0	R
NMDC20585881	1	0	0	1	0	R
NMDC20585882	0	1	0	1	0	R
NMDC20553713	1	0	1	1	0	R
NMDC20585889	0	0	1	1	0	R
NMDC20555721	0	0	0	1	0	R
NMDC20585893	0	0	0	1	0	R
NMDC20555722	1	0	0	1	1	R
NMDC20555725	1	0	1	1	0	R
NMDC20557753	1	0	0	1	0	R
NMDC20553716	1	0	1	1	0	R
NMDC20585898	1	1	0	1	1	R
NMDC20585902	1	0	0	1	0	R
NMDC20555728	1	0	0	1	0	R
NMDC20585903	1	0	1	1	0	R
NMDC20585904	1	0	1	1	0	R
NMDC20557744	1	0	0	1	0	R
NMDC20585907	1	0	1	1	0	R
NMDC20557745	1	1	1	1	0	R
NMDC20585912	1	0	1	1	0	R
NMDC20551698	0	0	0	1	0	R
NMDC20585917	1	0	0	1	1	R
NMDC20555734	1	0	0	1	0	R
NMDC20585919	1	0	0	1	0	R
NMDC20557748	0	0	0	0	0	R
NMDC20585920	1	0	1	1	0	R
NMDC20585921	0	0	0	1	0	R
NMDC20553721	1	0	0	1	0	R
NMDC20551705	1	1	0	1	0	R
NMDC20553722	1	0	0	1	0	R
NMDC20551706	1	0	0	1	0	R
NMDC20551708	1	0	1	1	0	R
NMDC20553725	1	0	1	1	0	R
NMDC20585924	1	0	0	1	1	R
NMDC20555738	0	0	0	1	0	R
NMDC20585927	1	0	0	1	0	R
NMDC20557757	1	0	0	1	0	R
NMDC20585934	0	0	0	1	0	R
NMDC20585935	0	0	0	1	0	R
NMDC20553730	0	0	0	1	0	R
NMDC20585936	1	0	1	1	0	R
NMDC20551714	1	0	0	1	0	R
NMDC20555745	0	0	0	1	0	R
NMDC20585939	1	0	0	1	0	R
NMDC20551717	1	0	0	1	0	R
NMDC20557760	1	0	0	1	0	R
NMDC20585947	1	0	0	1	0	R
NMDC20557764	1	0	0	1	0	R
NMDC20585948	0	0	0	1	0	R
NMDC20585949	1	0	1	1	0	R
NMDC20551720	0	0	0	1	1	R
NMDC20557767	1	0	0	1	0	R
NMDC20551721	1	0	0	1	1	R
NMDC20585957	1	0	0	1	0	R
NMDC20551724	1	0	0	1	0	R
NMDC20555750	0	0	0	1	0	R
NMDC20555751	1	0	0	1	0	R
NMDC20585965	1	1	0	1	0	R
NMDC20585966	1	0	0	1	0	R
NMDC20555754	1	0	1	1	0	R
NMDC20557772	0	0	0	1	0	R
NMDC20557773	1	0	0	1	0	R
NMDC20555755	1	0	1	1	0	R
NMDC20557774	1	0	1	1	0	R
NMDC20553745	1	0	1	1	0	R
NMDC20553747	0	0	0	1	0	R
NMDC20557775	0	0	0	1	0	R
NMDC20585973	1	0	0	1	0	R
NMDC20555756	1	0	0	1	0	R
NMDC20555757	0	0	0	1	0	R
NMDC20585976	0	0	0	1	0	R
NMDC20553748	1	0	1	1	0	R
NMDC20553749	1	0	1	1	0	R
NMDC20585980	1	0	1	0	0	R
NMDC20557778	0	0	0	1	1	R
NMDC20585981	1	0	1	1	0	R
NMDC20551732	1	0	1	1	0	R
NMDC20557780	1	0	1	1	0	R
NMDC20551733	1	0	1	1	0	R
NMDC20585986	1	0	0	1	0	R
NMDC20555759	1	0	1	1	0	R
NMDC20557783	1	1	0	1	0	R
NMDC20585996	1	0	0	1	0	R
NMDC20585997	0	1	0	1	0	R
NMDC20586001	1	0	0	1	0	R
NMDC20557788	1	0	1	1	0	R
NMDC20557787	0	0	0	1	0	R
NMDC20557789	0	0	0	1	0	R
NMDC20586010	1	0	0	1	0	R
NMDC20586011	1	0	1	1	0	R
NMDC20551746	1	0	1	1	0	R
NMDC20586015	0	0	0	1	0	R
NMDC20553758	1	0	0	1	0	R
NMDC20557792	1	0	1	1	0	R
NMDC20555767	1	0	0	1	0	R
NMDC20586018	1	0	0	1	0	R
NMDC20586019	1	0	0	1	0	R
NMDC20551748	1	0	0	1	0	R
NMDC20553767	1	1	0	1	0	R
NMDC20586022	1	0	0	1	0	R
NMDC20551756	0	0	0	1	0	R
NMDC20586040	0	0	0	1	0	R
NMDC20586042	1	0	0	1	0	R
NMDC20586047	0	1	1	1	0	R
NMDC20586048	1	1	0	1	0	R
NMDC20586056	1	0	0	1	0	R
NMDC20586058	0	1	0	1	0	R
NMDC20586059	1	0	1	1	0	R
NMDC20586069	0	1	0	1	0	R
NMDC20586073	0	1	0	1	0	R
NMDC20586074	1	0	0	1	0	R
NMDC20586075	1	0	1	1	0	R
NMDC20586082	1	0	0	1	0	R
NMDC20586095	0	0	0	1	0	R
NMDC20586096	1	0	0	1	0	R
NMDC20557795	1	0	0	1	0	R
NMDC20553773	1	0	1	1	0	R
NMDC20551759	1	0	1	0	0	R
NMDC20557797	1	0	1	1	0	R
NMDC20555777	1	0	0	1	0	R
NMDC20586108	1	0	0	1	0	R
NMDC20555778	1	1	1	1	0	R
NMDC20557801	1	1	0	1	0	R
NMDC20586109	1	0	1	1	0	R
NMDC20586111	1	0	0	1	0	R
NMDC20553775	1	1	1	1	0	R
NMDC20586113	1	0	0	1	0	R
NMDC20557804	1	0	0	1	1	R
NMDC20551762	1	0	1	1	0	R
NMDC20553778	0	0	0	1	0	R
NMDC20557805	1	1	1	1	0	R
NMDC20586116	0	0	0	1	0	R
NMDC20586117	1	1	1	1	0	R
NMDC20551763	0	0	0	1	0	R
NMDC20555787	0	0	1	1	0	R
NMDC20555788	0	0	0	1	0	R
NMDC20553779	1	0	0	1	0	R
NMDC20551766	1	0	1	1	0	R
NMDC20586122	0	0	0	1	0	R
NMDC20555791	0	0	0	1	0	R
NMDC20557808	1	0	0	1	0	R
NMDC20555792	0	0	0	1	1	R
NMDC20553782	0	0	1	1	0	R
NMDC20551770	1	0	1	1	0	R
NMDC20586130	1	0	1	1	0	R
NMDC20551771	1	0	1	1	0	R
NMDC20551773	1	1	1	1	0	R
NMDC20586131	1	0	1	1	0	R
NMDC20555796	0	0	0	1	0	R
NMDC20586132	1	0	0	1	1	R
NMDC20551775	1	0	1	1	0	R
NMDC20586135	0	0	1	1	0	R
NMDC20553786	1	0	1	1	0	R
NMDC20586136	0	0	0	1	1	R
NMDC20586137	1	0	1	1	0	R
NMDC20551777	1	0	0	1	0	R
NMDC20586149	0	0	1	0	0	R
NMDC20553789	0	1	1	1	0	R
NMDC20557814	0	1	1	1	0	R
NMDC20551781	0	1	1	1	0	R
NMDC20586152	0	1	1	1	0	R
NMDC20551796	1	0	0	1	0	R
NMDC20586154	1	0	1	1	0	R
NMDC20557817	1	0	0	1	0	R
NMDC20586156	1	0	1	1	0	R
NMDC20553790	1	0	1	1	0	R
NMDC20553792	1	0	1	1	0	R
NMDC20586157	1	0	1	1	0	R
NMDC20555804	1	0	0	1	0	R
NMDC20586158	1	0	0	1	0	R
NMDC20586163	1	0	1	1	0	R
NMDC20586166	1	0	1	1	0	R
NMDC20555808	1	0	0	1	1	R
NMDC20586169	1	0	1	1	0	R
NMDC20557822	1	0	0	1	0	R
NMDC20586170	0	0	0	1	0	R
NMDC20557823	1	0	1	1	0	R
NMDC20557824	1	0	1	1	0	R
NMDC20586172	1	1	1	1	0	R
NMDC20586173	1	0	1	1	0	R
NMDC20553801	1	0	1	1	0	R
NMDC20553802	1	0	1	1	0	R
NMDC20551785	1	0	1	1	0	R
NMDC20557825	1	0	0	1	0	R
NMDC20553806	1	0	0	1	1	R
NMDC20586181	1	0	0	1	0	R
NMDC20557829	1	0	0	1	0	R
NMDC20553810	1	0	1	1	0	R
NMDC20555816	1	0	1	1	0	R
NMDC20555817	1	1	0	1	0	R
NMDC20586188	0	0	1	1	0	R
NMDC20557831	1	0	0	1	1	R
NMDC20586190	1	1	1	1	0	R
NMDC20551795	1	0	0	1	1	R
NMDC20551800	1	0	1	1	0	R
NMDC20551799	0	0	0	1	0	R
NMDC20557834	1	0	1	1	0	R
NMDC20586194	0	0	0	1	0	R
NMDC20555823	0	0	0	1	0	R
NMDC20555824	0	0	0	1	0	R
NMDC20557836	1	0	0	1	1	R
NMDC20586200	1	0	1	1	0	R
NMDC20553817	1	0	0	1	0	R
NMDC20551805	0	0	1	1	0	R
NMDC20586211	1	0	1	1	0	R
NMDC20586213	1	0	0	1	0	R
NMDC20553821	1	0	1	1	0	R
NMDC20586214	0	0	1	0	0	R
NMDC20586215	1	0	1	1	0	R
NMDC20557844	1	0	0	1	0	R
NMDC20586218	1	0	1	1	0	R
NMDC20586219	0	0	0	1	0	R
NMDC20555828	1	0	1	1	0	R
NMDC20551809	1	0	1	1	0	R
NMDC20553822	1	0	0	0	0	R
NMDC20586222	0	0	0	1	0	R
NMDC20555831	1	0	1	1	0	R
NMDC20586223	1	0	1	1	0	R
NMDC20553824	1	0	0	1	0	R
NMDC20555833	1	0	0	1	0	R
NMDC20586226	1	0	1	1	0	R
NMDC20586227	1	0	1	1	0	R
NMDC20586229	1	0	1	1	0	R
NMDC20586231	1	0	0	1	0	R
NMDC20586232	1	0	1	1	0	R
NMDC20586233	1	0	0	1	1	R
NMDC20557849	1	0	1	1	0	R
NMDC20586234	1	0	0	1	1	R
NMDC20553827	0	0	1	1	0	R
NMDC20586235	1	0	0	1	0	R
NMDC20551817	1	0	0	1	0	R
NMDC20551818	1	0	0	1	1	R
NMDC20586237	1	0	0	1	0	R
NMDC20586239	1	0	0	1	0	R
NMDC20557851	1	0	1	1	0	R
NMDC20586242	1	0	0	1	0	R
NMDC20551819	1	0	1	1	0	R
NMDC20586244	0	1	0	1	0	R
NMDC20586245	0	0	1	1	0	R
NMDC20586246	1	0	1	1	0	R
NMDC20553832	1	0	1	1	0	R
NMDC20557854	1	0	0	1	0	R
NMDC20586248	0	0	1	1	0	R
NMDC20551820	1	0	0	1	0	R
NMDC20551823	1	0	1	1	0	R
NMDC20553834	1	0	0	1	0	R
NMDC20557856	1	0	0	1	0	R
NMDC20555848	0	0	0	1	0	R
NMDC20557858	1	0	1	1	0	R
NMDC20553835	1	0	1	1	0	R
NMDC20555847	1	0	0	1	0	R
NMDC20557859	1	0	0	1	0	R
NMDC20551825	1	0	0	1	0	R
NMDC20557860	0	0	0	1	1	R
NMDC20555849	1	0	0	0	0	R
NMDC20551826	1	0	1	1	0	R
NMDC20557862	1	0	0	1	0	R
NMDC20553840	1	1	1	1	0	R
NMDC20586257	0	0	0	1	0	R
NMDC20553841	1	0	1	1	0	R
NMDC20551830	1	0	1	1	0	R
NMDC20551831	1	0	0	1	0	R
NMDC20586265	0	0	0	1	0	R
NMDC20586266	1	0	1	1	0	R
NMDC20557863	1	0	0	1	0	R
NMDC20557865	0	0	0	1	0	R
NMDC20555855	1	0	1	0	0	R
NMDC20555858	0	0	0	1	0	R
NMDC20586275	1	0	1	1	0	R
NMDC20586280	1	0	1	1	0	R
NMDC20586282	1	0	0	1	0	R
NMDC20551836	1	0	1	1	0	R
NMDC20551837	1	0	0	1	0	R
NMDC20551838	1	0	1	1	0	R
NMDC20557869	1	0	1	1	0	R
NMDC20586287	1	1	1	1	0	R
NMDC20586288	1	0	1	1	0	R
NMDC20586289	1	0	1	1	0	R
NMDC20586291	0	0	0	1	0	R
NMDC20551840	1	0	1	1	0	R
NMDC20586293	1	0	1	1	0	R
NMDC20586294	1	0	0	1	0	R
NMDC20586296	1	0	0	1	0	R
NMDC20586298	1	0	1	1	0	R
NMDC20557870	1	0	1	1	0	R
NMDC20555865	1	1	1	1	0	R
NMDC20555867	1	0	0	1	0	R
NMDC20586302	1	0	1	1	0	R
NMDC20553856	1	0	1	1	0	R
NMDC20586304	1	0	1	1	0	R
NMDC20555878	1	0	1	1	0	R
NMDC20557878	1	0	1	1	0	R
NMDC20557879	1	0	1	1	0	R
NMDC20551853	1	0	0	1	0	R
NMDC20586400	1	0	1	1	0	R
NMDC20555889	1	0	1	1	0	R
NMDC20553875	0	0	0	1	0	R
NMDC20586410	0	0	0	1	0	R
NMDC20586414	1	0	0	1	0	R
NMDC20586416	1	0	0	1	0	R
NMDC20555892	1	0	0	1	0	R
NMDC20555893	0	1	0	1	0	R
NMDC20586422	1	1	1	1	0	R
NMDC20586438	0	1	0	1	0	R
NMDC20586440	0	1	0	1	0	R
NMDC20586445	1	0	0	1	0	R
NMDC20586453	1	0	0	1	0	R
NMDC20586455	0	0	0	1	1	R
NMDC20586459	0	1	0	1	0	R
NMDC20586463	0	0	1	1	0	R
NMDC20557900	1	0	1	1	0	R
NMDC20586469	0	0	0	1	0	R
NMDC20586470	1	0	0	1	0	R
NMDC20555906	1	0	0	1	0	R
NMDC20586474	0	0	0	1	1	R
NMDC20553887	0	0	0	1	0	R
NMDC20551877	0	0	0	1	0	R
NMDC20551879	1	0	1	1	0	R
NMDC20586478	0	0	0	1	0	R
NMDC20557901	1	0	1	1	0	R
NMDC20555908	0	0	0	1	0	R
NMDC20586482	1	1	1	1	0	R
NMDC20586485	1	0	0	1	0	R
NMDC20586486	1	1	1	1	0	R
NMDC20551883	1	0	1	1	0	R
NMDC20557907	1	0	0	1	0	R
NMDC20586490	1	0	0	1	0	R
NMDC20555915	1	0	0	1	0	R
NMDC20557908	1	0	0	1	0	R
NMDC20557909	1	0	0	1	0	R
NMDC20553893	1	0	1	1	0	R
NMDC20551887	1	0	1	1	0	R
NMDC20553896	1	1	1	1	0	R
NMDC20555920	1	0	0	1	0	R
NMDC20586495	1	0	0	1	0	R
NMDC20555921	1	0	1	1	0	R
NMDC20586498	1	0	1	1	0	R
NMDC20586499	1	0	0	1	0	R
NMDC20551888	1	0	1	1	0	R
NMDC20586504	0	0	1	1	0	R
NMDC20586507	1	0	0	1	0	R
NMDC20586517	1	0	0	1	0	R
NMDC20586518	1	0	0	1	0	R
NMDC20586519	1	0	0	1	0	R
NMDC20586521	1	0	1	1	0	R
NMDC20586523	1	0	0	1	0	R
NMDC20586527	1	0	0	1	0	R
NMDC20553904	1	0	0	1	0	R
NMDC20555925	1	0	1	1	0	R
NMDC20555926	1	0	1	1	0	R
NMDC20551893	1	0	0	1	0	R
NMDC20586529	1	0	0	1	0	R
NMDC20553906	0	0	1	1	0	R
NMDC20586530	0	0	0	1	0	R
NMDC20555929	1	0	1	1	0	R
NMDC20555930	0	0	1	1	0	R
NMDC20551897	1	0	0	1	0	R
NMDC20557916	1	0	0	1	0	R
NMDC20555934	1	0	0	1	0	R
NMDC20551901	1	0	0	1	0	R
NMDC20586544	1	0	0	1	0	R
NMDC20555935	1	1	1	1	0	R
NMDC20553908	1	0	0	1	0	R
NMDC20553909	1	0	1	1	0	R
NMDC20555936	1	0	1	1	0	R
NMDC20553910	1	0	1	1	0	R
NMDC20586548	0	1	1	1	0	R
NMDC20555937	1	0	0	1	0	R
NMDC20557922	1	0	1	1	0	R
NMDC20586556	1	0	0	1	0	R
NMDC20586557	1	0	0	1	0	R
NMDC20551907	1	0	0	1	0	R
NMDC20586560	0	0	0	1	0	R
NMDC20555946	1	0	0	1	0	R
NMDC20553913	1	1	0	1	0	R
NMDC20557925	1	0	0	1	0	R
NMDC20586561	1	0	0	1	0	R
NMDC20586562	1	0	1	1	0	R
NMDC20553914	0	0	0	1	0	R
NMDC20551909	1	0	1	1	0	R
NMDC20553915	1	0	0	1	0	R
NMDC20586564	1	0	1	1	0	R
NMDC20553918	0	0	0	1	0	R
NMDC20555948	1	0	0	1	0	R
NMDC20586565	1	0	0	1	0	R
NMDC20586566	1	0	0	1	0	R
NMDC20553919	1	0	0	1	0	R
NMDC20586568	1	0	0	1	0	R
NMDC20586569	1	0	1	1	0	R
NMDC20586571	1	0	1	1	0	R
NMDC20586572	1	0	0	1	1	R
NMDC20553923	1	0	1	1	0	R
NMDC20557930	1	0	1	1	0	R
NMDC20551914	1	0	0	1	0	R
NMDC20551915	1	0	1	1	0	R
NMDC20555950	0	0	1	1	0	R
NMDC20551917	1	0	0	1	1	R
NMDC20586586	1	0	0	1	0	R
NMDC20555952	1	0	0	1	0	R
NMDC20551918	1	1	0	1	0	R
NMDC20586588	1	0	0	1	0	R
NMDC20586590	1	0	1	1	0	R
NMDC20553929	1	0	0	1	0	R
NMDC20586591	1	0	1	1	0	R
NMDC20553930	0	0	1	1	0	R
NMDC20551920	1	1	1	1	0	R
NMDC20586593	1	0	0	1	0	R
NMDC20553931	1	0	1	1	0	R
NMDC20557935	1	0	1	1	0	R
NMDC20586597	1	0	1	1	0	R
NMDC20555956	1	0	1	1	0	R
NMDC20557937	1	0	1	1	0	R
NMDC20551924	1	0	0	1	0	R
NMDC20551927	1	0	0	1	0	R
NMDC20551928	1	0	0	1	0	R
NMDC20555962	1	0	1	1	0	R
NMDC20557941	1	0	0	1	0	R
NMDC20557943	1	0	1	1	0	R
NMDC20553936	1	0	1	1	0	R
NMDC20586607	1	0	1	1	0	R
NMDC20555964	1	0	1	1	0	R
NMDC20586608	1	0	1	1	0	R
NMDC20553938	1	0	1	1	0	R
NMDC20553939	1	0	0	1	0	R
NMDC20586611	1	0	1	1	0	R
NMDC20553941	1	0	1	1	0	R
NMDC20586612	1	0	1	1	0	R
NMDC20586613	1	0	0	1	0	R
NMDC20555966	1	0	1	1	0	R
NMDC20557949	1	0	1	1	0	R
NMDC20553943	1	0	1	1	0	R
NMDC20586616	1	0	1	1	0	R
NMDC20553944	1	0	1	1	0	R
NMDC20586618	1	0	0	1	0	R
NMDC20586620	1	0	0	1	0	R
NMDC20586621	1	0	1	1	0	R
NMDC20586660	1	1	0	1	0	R
NMDC20551958	1	0	1	1	0	R
NMDC20586665	0	1	0	1	0	R
NMDC20551959	1	0	1	1	0	R
NMDC20586667	1	0	0	1	0	R
NMDC20551960	1	0	0	1	1	R
NMDC20557979	1	0	0	1	0	R
NMDC20586669	0	0	0	1	0	R
NMDC20551961	1	0	0	1	0	R
NMDC20551962	0	1	0	1	0	R
NMDC20551963	0	0	0	1	0	R
NMDC20555981	1	0	1	1	0	R
NMDC20555985	1	0	0	1	0	R
NMDC20553977	1	0	0	1	0	R
NMDC20586674	1	1	1	1	0	R
NMDC20586676	1	1	1	1	0	R
NMDC20555986	1	0	1	1	0	R
NMDC20557984	0	0	0	1	1	R
NMDC20557985	0	0	0	1	0	R
NMDC20557986	0	0	0	1	0	R
NMDC20555987	1	0	0	0	0	R
NMDC20555988	0	0	0	1	0	R
NMDC20551966	0	0	0	1	0	R
NMDC20586679	1	0	1	1	0	R
NMDC20557988	1	0	0	1	1	R
NMDC20553981	1	0	1	1	0	R
NMDC20555989	1	0	0	1	1	R
NMDC20586680	0	0	1	1	0	R
NMDC20557990	0	1	1	1	0	R
NMDC20586685	1	1	1	1	0	R
NMDC20586687	1	1	1	1	0	R
NMDC20586689	1	0	1	1	0	R
NMDC20586694	1	0	1	1	0	R
NMDC20586695	1	0	0	1	0	R
NMDC20586696	1	0	0	1	0	R
NMDC20586697	0	0	0	1	0	R
NMDC20553986	1	1	1	1	0	R
NMDC20557993	0	0	1	1	0	R
NMDC20553987	0	0	0	1	0	R
NMDC20557994	1	1	0	1	0	R
NMDC20551973	1	0	0	1	0	R
NMDC20551974	1	1	1	1	0	R
NMDC20551975	1	0	1	1	0	R
NMDC20553988	1	0	0	1	1	R
NMDC20555992	1	0	1	1	0	R
NMDC20553990	1	1	0	1	1	R
NMDC20557997	1	0	1	1	0	R
NMDC20586705	1	0	0	1	0	R
NMDC20586706	1	1	0	1	0	R
NMDC20551978	1	0	0	1	0	R
NMDC20553993	1	0	1	1	0	R
NMDC20586712	1	0	0	1	0	R
NMDC20586713	1	0	0	1	0	R
NMDC20551980	1	1	1	1	0	R
NMDC20553994	1	1	1	1	0	R
NMDC20551981	1	0	0	1	0	R
NMDC20586716	1	0	0	1	0	R
NMDC20553997	1	0	0	1	0	R
NMDC20586719	1	0	1	1	0	R
NMDC20551982	1	0	0	1	0	R
NMDC20586720	1	0	0	1	0	R
NMDC20558002	1	1	0	1	0	R
NMDC20586722	1	0	1	1	0	R
NMDC20558003	1	0	1	1	0	R
NMDC20586723	1	1	1	1	0	R
NMDC20586724	1	0	0	1	0	R
NMDC20551983	1	0	0	1	0	R
NMDC20556002	1	0	0	1	0	R
NMDC20558005	1	0	0	1	0	R
NMDC20586726	1	0	1	1	0	R
NMDC20586729	1	0	1	1	0	R
NMDC20556003	1	0	1	1	0	R
NMDC20551984	1	0	1	1	0	R
NMDC20551985	1	0	1	1	0	R
NMDC20554000	1	1	0	1	0	R
NMDC20551986	0	0	1	1	0	R
NMDC20586731	1	0	0	1	1	R
NMDC20586732	1	0	0	1	0	R
NMDC20586734	1	0	0	1	0	R
NMDC20558011	1	0	1	1	0	R
NMDC20586736	1	0	1	1	0	R
NMDC20551990	1	0	1	1	0	R
NMDC20558012	1	0	1	1	0	R
NMDC20586742	1	0	1	1	0	R
NMDC20556007	1	0	0	1	0	R
NMDC20586743	1	0	1	1	0	R
NMDC20586745	1	0	1	1	0	R
NMDC20556009	1	0	0	1	0	R
NMDC20554007	0	0	0	1	0	R
NMDC20558014	0	0	0	1	0	R
NMDC20586752	0	0	0	1	0	R
NMDC20586753	0	0	0	1	0	R
NMDC20586755	1	0	0	1	0	R
NMDC20586758	1	0	1	0	0	R
NMDC20586759	1	0	0	1	1	R
NMDC20586760	0	0	0	1	0	R
NMDC20551997	0	0	0	1	0	R
NMDC20586761	0	0	0	1	0	R
NMDC20556019	1	0	0	1	1	R
NMDC20586763	0	1	0	1	0	R
NMDC20586764	0	1	0	1	0	R
NMDC20586765	0	1	0	1	0	R
NMDC20586766	1	0	1	1	0	R
NMDC20586770	0	0	0	0	0	R
NMDC20586772	0	0	0	1	0	R
NMDC20586775	1	1	1	1	0	R
NMDC20586779	0	0	0	1	0	R
NMDC20586780	0	1	0	1	0	R
NMDC20586781	0	1	0	1	0	R
NMDC20554016	0	0	0	1	0	R
NMDC20586785	0	0	0	1	0	R
NMDC20554017	0	0	0	1	0	R
NMDC20554018	1	0	0	1	1	R
NMDC20556024	1	0	0	1	1	R
NMDC20586787	1	0	1	1	0	R
NMDC20586789	1	0	0	1	0	R
NMDC20558025	0	0	0	1	0	R
NMDC20586790	1	0	0	1	1	R
NMDC20556025	1	0	0	1	0	R
NMDC20556026	1	0	0	1	0	R
NMDC20558026	1	0	1	1	0	R
NMDC20556027	0	0	0	1	0	R
NMDC20586798	0	0	0	1	0	R
NMDC20586804	1	0	1	1	0	R
NMDC20586806	1	0	0	1	1	R
NMDC20554024	0	0	0	1	0	R
NMDC20552005	0	0	0	1	0	R
NMDC20586809	0	0	0	1	0	R
NMDC20556038	0	0	0	1	0	R
NMDC20556040	1	0	0	1	0	R
NMDC20586814	0	0	0	1	0	R
NMDC20558034	0	0	0	1	0	R
NMDC20586816	0	0	0	1	0	R
NMDC20554025	0	0	0	1	0	R
NMDC20586819	0	0	0	1	0	R
NMDC20586821	1	0	0	1	0	R
NMDC20558037	1	0	0	1	1	R
NMDC20558040	1	0	1	1	0	R
NMDC20586831	1	0	1	1	0	R
NMDC20554034	0	0	0	1	0	R
NMDC20554038	1	0	0	1	0	R
NMDC20556046	0	0	0	1	0	R
NMDC20586833	1	0	0	1	0	R
NMDC20586834	1	0	0	1	0	R
NMDC20586835	1	0	1	1	0	R
NMDC20586836	1	0	0	1	0	R
NMDC20552013	1	0	0	1	0	R
NMDC20558044	1	0	1	1	0	R
NMDC20556047	0	0	0	1	0	R
NMDC20558045	0	0	0	1	0	R
NMDC20558046	0	0	0	1	0	R
NMDC20552015	0	0	0	1	0	R
NMDC20556048	1	0	0	1	0	R
NMDC20586840	1	0	1	1	0	R
NMDC20556050	1	0	0	1	1	R
NMDC20554047	1	1	1	1	0	R
NMDC20552021	1	0	0	1	1	R
NMDC20552024	1	0	0	1	1	R
NMDC20586846	1	0	0	1	1	R
NMDC20586849	0	0	0	1	0	R
NMDC20586850	1	0	0	1	0	R
NMDC20586851	1	0	0	1	0	R
NMDC20586853	0	1	0	1	0	R
NMDC20552027	1	0	0	1	0	R
NMDC20586859	1	0	0	1	0	R
NMDC20558056	1	0	0	1	0	R
NMDC20586860	1	0	0	1	0	R
NMDC20556055	1	0	1	1	0	R
NMDC20556056	1	1	0	1	0	R
NMDC20552028	1	1	1	1	0	R
NMDC20586863	1	0	1	1	0	R
NMDC20586864	0	1	0	1	0	R
NMDC20586865	1	1	0	1	0	R
NMDC20586867	1	0	1	1	0	R
NMDC20558061	1	0	1	1	0	R
NMDC20556061	1	0	0	0	0	R
NMDC20586872	1	0	1	1	0	R
NMDC20586876	0	0	0	1	0	R
NMDC20558064	1	0	0	1	0	R
NMDC20586880	0	0	0	1	0	R
NMDC20554058	1	0	0	1	0	R
NMDC20558066	1	0	1	1	0	R
NMDC20586883	1	0	1	1	0	R
NMDC20552034	1	0	1	1	0	R
NMDC20586884	1	0	1	1	0	R
NMDC20554065	0	0	1	1	0	R
NMDC20556068	1	0	1	1	0	R
NMDC20556071	0	0	0	1	1	R
NMDC20586897	0	0	0	1	0	R
NMDC20586899	1	0	0	1	1	R
NMDC20558074	1	0	0	1	0	R
NMDC20586902	1	1	0	1	0	R
NMDC20558076	1	0	0	1	0	R
NMDC20586903	1	0	1	1	0	R
NMDC20558078	1	1	0	1	0	R
NMDC20586907	0	0	0	1	0	R
NMDC20558080	1	0	1	1	0	R
NMDC20552042	1	0	0	1	1	R
NMDC20586909	1	0	1	1	0	R
NMDC20556073	1	0	0	1	0	R
NMDC20558125	0	0	0	1	0	R
NMDC20558122	1	0	1	0	0	R
NMDC20552094	1	0	1	1	0	R
NMDC20554126	1	0	0	1	0	R
NMDC20587026	0	0	0	1	0	R
NMDC20587027	0	0	0	1	0	R
NMDC20587028	0	0	1	1	0	R
NMDC20587032	1	0	0	1	0	R
NMDC20587035	1	0	0	1	1	R
NMDC20552095	1	0	0	1	0	R
NMDC20587051	1	0	0	1	0	R
NMDC20587053	1	0	0	1	0	R
NMDC20552103	1	0	0	1	0	R
NMDC20588189	1	0	1	1	0	R
NMDC20588192	1	0	0	1	0	R
NMDC20556378	1	0	0	0	0	R
NMDC20558410	0	0	0	1	0	R
NMDC20552394	1	0	1	1	0	R
NMDC20552397	1	0	0	1	0	R
NMDC20552399	0	0	0	1	0	R
NMDC20558412	1	0	0	1	0	R
NMDC20588201	1	0	1	1	0	R
NMDC20554403	1	0	1	1	0	R
NMDC20556385	1	0	1	1	0	R
NMDC20556386	1	0	0	1	0	R
NMDC20554406	1	0	0	1	0	R
NMDC20554408	1	0	0	1	0	R
NMDC20588206	1	0	0	1	0	R
NMDC20554409	1	0	1	1	0	R
NMDC20552402	0	1	0	1	0	R
NMDC20588209	1	0	0	1	0	R
NMDC20552403	0	0	1	1	0	R
NMDC20556388	0	0	0	1	1	R
NMDC20558416	1	0	0	1	0	R
NMDC20588215	1	0	0	1	0	R
NMDC20552405	1	0	1	1	0	R
NMDC20556391	1	0	1	1	0	R
NMDC20588219	1	0	0	1	0	R
NMDC20588228	1	0	0	1	0	R
NMDC20552409	1	0	1	1	0	R
NMDC20588231	1	1	1	1	0	R
NMDC20554415	1	1	0	1	0	R
NMDC20554418	1	0	0	1	0	R
NMDC20588236	1	0	0	0	0	R
NMDC20554420	1	0	1	1	0	R
NMDC20556399	1	0	0	1	0	R
NMDC20558425	0	0	1	1	0	R
NMDC20552417	1	0	1	1	0	R
NMDC20554421	1	0	1	1	0	R
NMDC20554422	1	0	1	1	0	R
NMDC20588242	1	0	1	1	0	R
NMDC20556403	1	0	0	1	0	R
NMDC20588244	1	0	0	1	0	R
NMDC20588245	1	0	0	1	0	R
NMDC20558428	0	0	0	1	1	R
NMDC20552419	0	0	0	1	1	R
NMDC20556405	1	0	0	1	0	R
NMDC20588248	1	1	1	1	0	R
NMDC20556408	1	0	1	1	0	R
NMDC20558431	0	0	0	1	0	R
NMDC20558433	0	0	0	1	0	R
NMDC20552423	0	0	0	1	0	R
NMDC20588257	0	0	0	1	0	R
NMDC20588261	1	0	0	1	0	R
NMDC20552428	1	0	1	1	0	R
NMDC20554435	1	0	1	1	0	R
NMDC20558443	1	0	1	1	0	R
NMDC20556423	1	0	0	1	0	R
NMDC20588273	1	1	1	1	0	R
NMDC20588274	1	1	1	1	0	R
NMDC20552432	1	0	1	1	0	R
NMDC20556426	1	0	1	1	0	R
NMDC20558448	1	0	1	1	0	R
NMDC20588285	1	1	1	1	0	R
NMDC20588288	1	0	1	1	0	R
NMDC20552435	1	0	1	1	0	R
NMDC20556428	1	0	0	1	0	R
NMDC20554443	1	0	0	1	0	R
NMDC20588300	1	0	1	1	0	R
NMDC20556432	1	0	0	1	0	R
NMDC20588303	1	0	1	1	0	R
NMDC20556433	1	0	0	1	0	R
NMDC20558455	1	0	1	1	0	R
NMDC20556436	1	0	0	1	0	R
NMDC20556437	1	0	0	1	0	R
NMDC20552442	0	0	0	1	0	R
NMDC20554446	1	0	0	1	0	R
NMDC20552446	1	0	0	1	0	R
NMDC20588311	1	0	0	1	0	R
NMDC20558459	1	0	0	1	0	R
NMDC20588313	0	0	0	1	0	R
NMDC20558461	1	0	1	1	0	R
NMDC20558462	1	0	0	1	0	R
NMDC20588314	0	0	0	1	0	R
NMDC20558463	1	0	0	1	0	R
NMDC20558464	1	0	0	1	0	R
NMDC20554449	1	0	0	1	0	R
NMDC20556446	1	0	0	1	0	R
NMDC20588317	1	0	0	1	0	R
NMDC20588319	0	0	0	1	0	R
NMDC20588321	1	0	1	1	0	R
NMDC20558466	1	0	0	1	0	R
NMDC20554453	0	0	1	0	0	R
NMDC20588322	0	0	0	1	0	R
NMDC20558467	1	0	0	1	0	R
NMDC20558468	1	0	0	1	0	R
NMDC20554455	1	0	1	1	0	R
NMDC20552455	1	0	1	1	0	R
NMDC20558470	0	0	0	1	0	R
NMDC20554459	1	1	1	1	0	R
NMDC20554461	1	0	0	1	0	R
NMDC20588335	1	0	0	1	0	R
NMDC20588340	1	0	0	1	0	R
NMDC20588345	0	0	0	1	1	R
NMDC20588346	1	0	0	1	0	R
NMDC20556453	1	0	0	1	0	R
NMDC20588347	0	0	0	1	1	R
NMDC20558478	0	0	0	1	0	R
NMDC20554466	1	0	0	1	0	R
NMDC20588353	1	0	0	1	0	R
NMDC20556458	0	0	0	1	0	R
NMDC20558480	1	0	0	1	0	R
NMDC20588362	1	0	0	1	0	R
NMDC20588371	0	0	0	1	1	R
NMDC20588375	0	1	0	1	0	R
NMDC20552472	1	1	1	1	0	R
NMDC20588377	1	0	0	1	0	R
NMDC20588380	1	0	0	1	0	R
NMDC20554480	0	0	0	1	0	R
NMDC20588391	1	0	0	1	0	R
NMDC20588395	0	0	0	1	0	R
NMDC20558498	1	0	0	1	1	R
NMDC20556484	0	0	0	1	0	R
NMDC20554491	0	0	0	1	0	R
NMDC20588417	0	0	0	1	0	R
NMDC20556485	0	0	0	0	0	R
NMDC20588418	0	0	0	1	0	R
NMDC20588427	1	0	1	1	0	R
NMDC20556486	0	1	0	1	0	R
NMDC20588428	1	0	1	1	0	R
NMDC20558504	1	0	0	1	0	R
NMDC20554498	1	1	1	1	0	R
NMDC20556489	1	0	0	1	1	R
NMDC20552495	1	0	1	1	0	R
NMDC20552497	1	0	0	1	0	R
NMDC20556493	1	0	1	1	0	R
NMDC20588443	1	0	0	1	0	R
NMDC20588450	1	1	1	1	0	R
NMDC20552503	1	0	1	1	0	R
NMDC20588452	1	1	1	1	0	R
NMDC20556497	1	0	0	1	1	R
NMDC20558512	1	0	0	1	0	R
NMDC20556498	1	0	0	1	0	R
NMDC20556501	1	0	0	1	0	R
NMDC20558515	1	0	0	1	0	R
NMDC20556500	1	0	0	1	0	R
NMDC20552510	1	0	1	1	0	R
NMDC20552511	1	0	1	1	0	R
NMDC20588466	1	0	1	1	0	R
NMDC20588467	1	0	1	1	0	R
NMDC20552513	1	0	0	1	0	R
NMDC20556503	1	0	1	1	0	R
NMDC20588468	0	0	1	1	0	R
NMDC20556504	1	0	1	1	0	R
NMDC20588469	1	0	1	1	0	R
NMDC20556505	1	0	1	1	0	R
NMDC20552516	1	0	1	1	0	R
NMDC20588475	1	0	1	1	0	R
NMDC20558521	1	0	1	1	0	R
NMDC20554519	1	0	0	1	0	R
NMDC20558524	1	0	0	1	0	R
NMDC20552520	1	0	1	1	0	R
NMDC20554522	1	0	0	1	0	R
NMDC20588482	1	1	1	1	0	R
NMDC20588483	0	0	0	1	0	R
NMDC20588484	0	0	0	1	0	R
NMDC20588485	1	0	0	1	0	R
NMDC20556513	1	0	0	1	1	R
NMDC20588488	1	0	0	1	0	R
NMDC20556515	1	0	1	1	0	R
NMDC20588492	1	0	0	1	1	R
NMDC20588495	1	0	0	1	0	R
NMDC20556523	1	1	0	1	0	R
NMDC20554531	1	0	1	1	0	R
NMDC20588498	1	0	0	1	0	R
NMDC20554532	1	0	0	1	1	R
NMDC20552531	1	0	1	1	0	R
NMDC20558532	0	0	0	1	0	R
NMDC20556524	1	0	0	1	0	R
NMDC20554533	1	0	1	1	0	R
NMDC20588506	1	0	1	1	0	R
NMDC20552536	1	0	0	1	1	R
NMDC20552537	1	0	0	1	0	R
NMDC20588507	0	0	1	1	0	R
NMDC20588509	1	0	0	1	0	R
NMDC20588510	1	0	0	1	0	R
NMDC20552539	1	0	1	1	0	R
NMDC20588513	1	0	0	1	0	R
NMDC20552540	1	0	0	1	0	R
NMDC20554536	1	0	1	1	1	R
NMDC20554539	1	0	1	1	0	R
NMDC20554540	1	0	1	1	0	R
NMDC20554541	1	0	0	1	0	R
NMDC20554545	1	0	0	1	0	R
NMDC20558542	1	0	1	1	0	R
NMDC20554547	1	0	1	1	0	R
NMDC20588526	1	0	0	1	0	R
NMDC20588527	1	0	0	1	1	R
NMDC20588531	1	0	0	0	0	R
NMDC20554549	1	0	0	1	0	R
NMDC20558545	1	0	0	0	0	R
NMDC20552549	1	0	0	1	0	R
NMDC20558548	1	0	1	1	0	R
NMDC20556538	1	0	0	0	0	R
NMDC20556539	1	0	0	1	0	R
NMDC20558550	1	0	1	1	0	R
NMDC20556540	0	0	1	1	0	R
NMDC20588541	1	0	1	1	0	R
NMDC20588542	1	0	1	1	0	R
NMDC20588543	1	1	1	1	0	R
NMDC20552551	1	0	0	1	0	R
NMDC20556541	1	0	1	1	0	R
NMDC20556543	1	0	0	1	0	R
NMDC20588546	1	0	0	1	0	R
NMDC20588558	1	0	0	1	0	R
NMDC20554557	1	0	0	1	0	R
NMDC20552555	1	0	0	1	0	R
NMDC20552556	1	0	0	1	0	R
NMDC20558560	1	0	1	1	0	R
NMDC20588563	1	0	0	1	0	R
NMDC20556553	0	0	1	1	0	R
NMDC20554560	1	0	0	1	0	R
NMDC20588564	1	0	1	1	0	R
NMDC20558561	1	0	0	1	0	R
NMDC20552560	1	0	1	1	0	R
NMDC20558562	1	1	1	1	0	R
NMDC20588568	0	0	1	1	0	R
NMDC20558563	0	0	0	1	1	R
NMDC20558564	1	0	1	1	0	R
NMDC20554563	0	0	0	1	1	R
NMDC20554565	1	0	1	1	0	R
NMDC20554567	1	0	0	1	0	R
NMDC20588579	0	0	0	1	0	R
NMDC20558572	0	0	0	1	0	R
NMDC20554570	1	0	0	1	0	R
NMDC20588587	0	0	0	1	0	R
NMDC20588591	1	0	1	1	0	R
NMDC20588592	1	0	1	1	0	R
NMDC20588593	0	1	0	1	0	R
NMDC20588594	1	1	1	1	0	R
NMDC20556563	1	1	1	1	0	R
NMDC20588599	0	1	0	1	0	R
NMDC20556564	1	0	1	1	0	R
NMDC20588601	1	0	1	1	0	R
NMDC20588609	1	0	1	1	0	R
NMDC20556565	0	1	0	1	0	R
NMDC20588610	1	0	1	1	0	R
NMDC20588611	1	0	0	1	0	R
NMDC20556566	1	0	1	1	0	R
NMDC20588615	1	0	0	1	0	R
NMDC20552570	1	0	1	1	0	R
NMDC20556567	1	0	1	1	0	R
NMDC20588618	1	0	1	1	0	R
NMDC20588619	1	0	1	1	0	R
NMDC20552572	1	0	0	1	0	R
NMDC20552573	1	0	1	1	0	R
NMDC20552574	1	0	0	1	1	R
NMDC20588622	1	1	1	1	0	R
NMDC20588623	1	0	1	1	0	R
NMDC20556570	1	1	0	1	0	R
NMDC20558574	1	1	1	1	0	R
NMDC20588629	1	0	1	1	0	R
NMDC20556573	1	1	0	1	0	R
NMDC20588631	0	0	1	1	0	R
NMDC20588632	1	0	0	1	0	R
NMDC20552576	1	0	0	1	0	R
NMDC20556575	1	0	1	1	0	R
NMDC20556576	1	0	1	1	0	R
NMDC20552579	1	1	1	1	0	R
NMDC20558608	1	0	0	1	1	R
NMDC20552605	1	1	1	1	0	R
NMDC20588835	0	1	0	1	0	R
NMDC20554605	1	0	1	1	0	R
NMDC20588836	1	0	0	1	0	R
NMDC20554606	1	0	1	1	0	R
NMDC20588837	1	0	1	1	0	R
NMDC20552607	1	0	0	1	0	R
NMDC20588841	1	0	0	1	0	R
NMDC20556604	1	0	1	1	0	R
NMDC20558611	1	0	0	1	0	R
NMDC20588847	1	0	1	1	0	R
NMDC20558614	1	0	0	1	0	R
NMDC20558616	1	0	0	1	0	R
NMDC20588849	1	0	0	1	0	R
NMDC20588851	1	1	0	1	0	R
NMDC20588853	1	0	0	1	0	R
NMDC20558617	1	1	1	1	0	R
NMDC20554612	1	0	1	1	0	R
NMDC20552612	1	0	0	1	0	R
NMDC20554613	1	0	0	1	0	R
NMDC20588855	1	1	1	1	0	R
NMDC20556608	1	0	0	1	0	R
NMDC20558619	1	0	1	1	0	R
NMDC20552615	1	1	1	1	0	R
NMDC20588857	0	0	0	1	0	R
NMDC20558620	1	0	0	1	0	R
NMDC20556610	1	0	1	1	0	R
NMDC20558623	1	0	0	1	0	R
NMDC20588861	0	0	0	1	0	R
NMDC20554616	0	0	0	1	0	R
NMDC20556612	1	0	0	1	1	R
NMDC20588870	1	0	0	1	0	R
NMDC20588871	1	0	1	1	0	R
NMDC20554618	1	0	0	1	0	R
NMDC20588874	1	0	1	1	0	R
NMDC20554620	0	0	1	0	0	R
NMDC20588877	1	0	0	1	0	R
NMDC20556618	1	0	1	1	0	R
NMDC20588879	1	0	1	1	0	R
NMDC20558628	1	0	1	1	0	R
NMDC20588884	1	0	0	1	1	R
NMDC20588885	1	0	1	1	0	R
NMDC20588886	0	0	0	1	0	R
NMDC20556621	1	0	0	1	1	R
NMDC20588889	1	0	0	1	0	R
NMDC20556622	1	0	0	1	0	R
NMDC20556623	1	0	0	1	0	R
NMDC20558630	1	1	0	1	0	R
NMDC20588890	2	0	0	1	0	R
NMDC20554625	0	0	1	0	0	R
NMDC20558632	0	0	0	1	0	R
NMDC20588896	1	0	0	1	1	R
NMDC20558635	0	0	1	1	0	R
NMDC20558636	1	0	0	1	0	R
NMDC20556626	1	0	0	1	0	R
NMDC20556628	1	0	0	1	0	R
NMDC20554633	1	0	0	1	1	R
NMDC20558637	1	0	1	1	0	R
NMDC20554634	1	0	0	1	0	R
NMDC20558638	1	0	0	1	0	R
NMDC20552633	0	1	0	1	0	R
NMDC20556635	1	0	0	1	0	R
NMDC20558639	0	0	0	0	0	R
NMDC20554636	1	0	0	1	0	R
NMDC20556637	1	0	0	1	0	R
NMDC20554637	1	0	0	1	0	R
NMDC20588917	1	0	0	1	0	R
NMDC20588918	1	0	0	1	1	R
NMDC20554638	1	0	1	1	0	R
NMDC20554639	1	0	0	1	1	R
NMDC20554643	1	0	1	1	0	R
NMDC20556644	1	0	0	1	0	R
NMDC20552637	1	0	1	1	0	R
NMDC20588931	1	0	0	1	0	R
NMDC20588932	1	0	1	1	0	R
NMDC20554644	0	0	1	1	0	R
NMDC20588934	1	0	0	1	0	R
NMDC20558645	1	0	0	1	0	R
NMDC20554646	1	1	0	1	0	R
NMDC20588940	0	0	1	1	0	R
NMDC20588942	1	0	1	1	0	R
NMDC20556650	1	0	0	1	0	R
NMDC20588944	1	0	1	1	0	R
NMDC20588945	1	0	1	1	0	R
NMDC20588947	1	0	1	1	0	R
NMDC20588948	1	0	0	1	0	R
NMDC20556651	1	0	0	1	0	R
NMDC20554649	0	0	0	1	0	R
NMDC20556652	1	0	1	1	0	R
NMDC20552649	1	0	0	1	0	R
NMDC20552650	1	0	0	1	1	R
NMDC20552651	1	0	0	1	0	R
NMDC20552652	1	0	0	1	0	R
NMDC20554653	0	0	0	1	0	R
NMDC20554654	1	0	0	1	0	R
NMDC20588953	1	1	0	1	1	R
NMDC20588958	1	0	0	1	0	R
NMDC20552653	1	0	1	1	0	R
NMDC20554656	1	0	1	1	0	R
NMDC20588974	1	0	0	1	1	R
NMDC20588975	1	0	1	1	0	R
NMDC20558659	1	1	0	1	1	R
NMDC20558660	1	0	1	1	0	R
NMDC20558661	0	0	0	1	0	R
NMDC20556662	0	0	0	1	0	R
NMDC20554661	1	0	0	1	0	R
NMDC20552661	0	1	0	1	0	R
NMDC20588989	0	0	0	1	0	R
NMDC20588990	1	0	0	1	1	R
NMDC20552664	1	0	1	1	0	R
NMDC20552665	1	0	0	1	1	R
NMDC20588995	1	0	0	1	1	R
NMDC20552666	1	0	1	1	0	R
NMDC20556667	1	0	0	1	1	R
NMDC20588997	0	1	0	1	0	R
NMDC20582475	0	0	0	1	0	S
NMDC20582532	0	0	0	1	0	S
NMDC20582543	0	0	0	1	0	S
NMDC20554787	0	0	0	1	0	S
NMDC20552809	0	0	0	1	0	S
NMDC20582544	0	0	0	1	0	S
NMDC20582545	0	0	0	1	0	S
NMDC20550799	0	0	0	1	0	S
NMDC20552810	0	0	0	1	0	S
NMDC20582546	0	0	0	1	0	S
NMDC20582549	0	0	1	0	0	S
NMDC20582553	0	0	0	1	0	S
NMDC20582554	0	0	0	1	0	S
NMDC20582556	0	0	0	0	0	S
NMDC20582579	0	0	0	1	0	S
NMDC20582588	0	0	0	1	0	S
NMDC20582590	0	0	0	1	0	S
NMDC20582591	0	0	0	1	0	S
NMDC20582592	0	0	0	1	0	S
NMDC20550805	0	0	0	1	0	S
NMDC20582620	0	0	0	1	0	S
NMDC20582621	0	0	0	1	0	S
NMDC20582622	0	0	0	1	0	S
NMDC20582805	0	0	0	1	0	S
NMDC20582806	0	0	0	1	0	S
NMDC20554868	0	0	0	1	0	S
NMDC20550879	0	0	0	1	0	S
NMDC20582811	0	0	0	1	0	S
NMDC20582812	0	0	0	1	0	S
NMDC20556884	0	0	0	1	0	S
NMDC20554871	0	0	0	1	0	S
NMDC20582814	0	0	0	1	0	S
NMDC20556886	0	0	0	1	0	S
NMDC20582816	0	0	0	1	0	S
NMDC20582817	0	0	0	1	0	S
NMDC20582818	0	0	0	1	0	S
NMDC20554872	0	0	1	0	0	S
NMDC20550882	0	0	0	1	0	S
NMDC20552901	0	0	0	1	0	S
NMDC20582821	0	0	0	1	0	S
NMDC20550884	0	0	0	1	0	S
NMDC20582822	0	0	0	1	0	S
NMDC20554874	0	0	0	1	0	S
NMDC20552904	0	0	0	1	0	S
NMDC20552905	0	0	0	1	0	S
NMDC20554876	0	0	0	1	0	S
NMDC20556890	0	0	0	1	0	S
NMDC20582830	0	0	0	1	0	S
NMDC20552909	0	0	0	1	0	S
NMDC20550891	0	0	0	1	0	S
NMDC20554878	0	0	0	1	0	S
NMDC20582836	0	0	0	1	0	S
NMDC20554879	0	0	0	1	0	S
NMDC20554880	0	0	0	1	0	S
NMDC20582838	0	0	0	1	0	S
NMDC20554881	0	0	0	1	0	S
NMDC20556893	0	0	0	1	0	S
NMDC20552913	0	0	0	1	0	S
NMDC20550895	0	0	0	1	0	S
NMDC20556894	0	0	0	1	0	S
NMDC20582840	0	0	0	1	0	S
NMDC20556895	0	0	0	1	0	S
NMDC20556896	0	0	0	1	0	S
NMDC20552915	0	0	0	1	0	S
NMDC20552916	0	0	0	1	0	S
NMDC20550896	0	0	0	1	0	S
NMDC20556897	0	0	0	1	0	S
NMDC20554882	0	0	0	1	0	S
NMDC20550897	0	0	0	1	0	S
NMDC20550899	0	0	0	1	0	S
NMDC20552918	0	0	0	1	0	S
NMDC20582842	0	0	0	1	0	S
NMDC20552919	0	0	0	1	0	S
NMDC20550901	0	0	0	1	0	S
NMDC20550902	0	0	0	1	0	S
NMDC20582843	0	0	0	0	0	S
NMDC20582844	0	0	0	1	0	S
NMDC20556902	0	0	0	1	0	S
NMDC20582845	0	0	0	1	0	S
NMDC20556903	0	0	0	1	0	S
NMDC20582846	0	0	0	1	0	S
NMDC20554884	0	0	0	1	0	S
NMDC20582848	0	0	0	1	0	S
NMDC20582849	0	0	0	1	0	S
NMDC20556908	0	0	0	1	0	S
NMDC20582850	0	0	0	1	0	S
NMDC20556909	0	0	0	1	0	S
NMDC20554885	0	0	0	1	0	S
NMDC20556912	0	0	0	1	0	S
NMDC20550904	0	0	0	1	0	S
NMDC20582853	0	0	0	1	0	S
NMDC20550905	0	0	0	1	0	S
NMDC20552922	0	0	0	1	0	S
NMDC20550906	0	0	0	1	0	S
NMDC20550907	0	0	0	1	0	S
NMDC20582854	0	0	0	1	0	S
NMDC20550910	0	0	0	1	0	S
NMDC20582856	0	0	0	1	0	S
NMDC20552925	0	0	0	1	0	S
NMDC20582858	0	0	0	1	0	S
NMDC20550911	0	0	0	1	0	S
NMDC20550912	0	0	0	1	0	S
NMDC20582860	0	0	0	1	0	S
NMDC20552927	0	0	0	1	0	S
NMDC20582861	0	0	0	1	0	S
NMDC20552928	0	0	0	1	0	S
NMDC20550915	0	0	0	1	0	S
NMDC20582865	0	0	0	1	0	S
NMDC20552930	0	0	0	1	0	S
NMDC20582867	0	0	0	1	0	S
NMDC20554894	0	0	0	1	0	S
NMDC20550918	0	0	0	1	0	S
NMDC20582870	0	0	0	1	0	S
NMDC20556918	0	0	0	1	0	S
NMDC20554897	0	0	0	1	0	S
NMDC20582874	0	0	0	1	0	S
NMDC20552935	0	0	0	1	0	S
NMDC20554900	0	0	0	1	0	S
NMDC20552936	0	0	0	1	0	S
NMDC20552937	0	0	0	1	0	S
NMDC20550920	0	0	0	1	0	S
NMDC20552942	0	0	0	1	0	S
NMDC20582887	0	0	0	0	0	S
NMDC20582888	0	0	0	1	0	S
NMDC20582890	0	0	0	1	0	S
NMDC20582892	0	0	0	1	0	S
NMDC20582894	0	0	0	1	0	S
NMDC20582895	0	0	0	1	0	S
NMDC20582898	0	0	0	1	0	S
NMDC20582903	0	0	0	1	0	S
NMDC20582905	0	0	0	1	0	S
NMDC20582906	0	0	0	1	0	S
NMDC20582908	0	0	0	1	0	S
NMDC20582909	0	0	0	1	0	S
NMDC20582910	0	0	0	1	0	S
NMDC20582912	0	0	0	1	0	S
NMDC20553110	0	0	0	1	0	S
NMDC20551076	0	0	0	0	0	S
NMDC20551077	0	0	0	1	0	S
NMDC20553113	0	0	0	1	0	S
NMDC20557091	0	0	0	1	0	S
NMDC20555075	0	1	0	1	0	S
NMDC20553114	0	0	0	1	0	S
NMDC20555077	0	0	0	1	0	S
NMDC20583320	0	0	0	1	0	S
NMDC20583323	0	0	0	1	0	S
NMDC20583324	0	0	0	1	0	S
NMDC20583325	0	0	0	1	0	S
NMDC20583326	0	0	0	1	0	S
NMDC20583328	0	0	0	1	0	S
NMDC20583331	0	0	0	1	0	S
NMDC20583332	0	0	0	1	0	S
NMDC20583333	0	0	0	1	0	S
NMDC20583335	0	0	0	0	0	S
NMDC20583337	0	0	0	1	0	S
NMDC20583339	0	0	0	1	0	S
NMDC20583340	0	0	1	0	0	S
NMDC20583342	0	0	0	1	0	S
NMDC20583344	0	0	0	1	0	S
NMDC20583345	0	0	1	0	0	S
NMDC20583348	0	0	0	1	0	S
NMDC20583350	0	0	0	1	0	S
NMDC20583351	0	0	0	1	0	S
NMDC20583352	0	0	0	1	0	S
NMDC20583353	0	0	0	1	0	S
NMDC20584427	0	0	0	0	0	S
NMDC20584428	0	0	0	1	0	S
NMDC20584430	0	0	0	1	0	S
NMDC20584431	0	0	0	1	0	S
NMDC20584432	0	0	0	1	0	S
NMDC20584433	0	0	0	1	0	S
NMDC20584437	0	0	0	1	0	S
NMDC20584439	0	0	0	1	0	S
NMDC20584440	0	0	0	1	0	S
NMDC20584441	0	0	0	1	0	S
NMDC20584442	0	0	0	1	0	S
NMDC20584443	0	0	0	1	0	S
NMDC20584459	1	0	0	1	0	S
NMDC20584482	0	0	0	1	0	S
NMDC20584492	0	0	0	1	0	S
NMDC20584496	1	0	0	1	0	S
NMDC20584507	0	0	0	1	0	S
NMDC20584514	0	0	0	1	0	S
NMDC20584515	0	0	0	1	0	S
NMDC20584516	0	0	0	1	0	S
NMDC20584518	0	0	0	1	0	S
NMDC20584519	0	0	0	1	0	S
NMDC20584522	0	0	0	1	0	S
NMDC20584523	0	0	0	1	0	S
NMDC20584524	0	0	0	1	0	S
NMDC20584525	0	0	0	1	0	S
NMDC20584526	0	0	0	0	0	S
NMDC20584535	0	0	0	1	0	S
NMDC20584537	0	0	0	1	0	S
NMDC20584540	0	0	0	1	0	S
NMDC20584556	0	0	0	1	0	S
NMDC20584590	0	0	0	1	0	S
NMDC20584597	0	0	0	1	0	S
NMDC20584598	0	0	0	1	0	S
NMDC20584600	0	0	0	1	0	S
NMDC20584603	0	0	0	1	0	S
NMDC20584629	0	0	0	1	0	S
NMDC20584631	0	0	0	1	0	S
NMDC20584635	0	0	0	1	0	S
NMDC20584636	0	0	0	1	0	S
NMDC20584637	0	0	0	1	0	S
NMDC20584638	0	0	0	1	0	S
NMDC20584641	0	0	0	1	0	S
NMDC20584645	0	0	0	1	0	S
NMDC20584648	0	0	0	1	0	S
NMDC20584651	0	0	0	1	0	S
NMDC20584652	0	0	0	1	0	S
NMDC20584653	0	0	0	1	0	S
NMDC20584655	0	0	0	1	0	S
NMDC20584658	0	0	0	1	0	S
NMDC20584661	0	0	0	1	0	S
NMDC20584664	0	0	0	1	0	S
NMDC20584666	0	0	0	1	0	S
NMDC20584678	0	0	0	1	0	S
NMDC20584679	0	0	0	1	0	S
NMDC20584680	0	0	0	1	0	S
NMDC20584682	0	0	0	1	0	S
NMDC20584683	0	0	0	1	0	S
NMDC20584684	0	0	0	1	0	S
NMDC20584689	0	0	0	1	0	S
NMDC20584691	0	0	0	1	0	S
NMDC20584692	0	0	0	1	0	S
NMDC20584693	0	0	0	1	0	S
NMDC20584694	0	0	0	1	0	S
NMDC20584697	0	0	0	1	0	S
NMDC20584698	0	0	0	1	0	S
NMDC20584702	0	0	0	1	0	S
NMDC20584703	0	0	0	1	0	S
NMDC20584704	0	0	0	1	0	S
NMDC20584707	0	0	0	1	0	S
NMDC20584709	0	0	0	1	0	S
NMDC20584710	0	0	0	1	0	S
NMDC20584711	0	0	0	1	0	S
NMDC20584713	0	0	0	1	0	S
NMDC20584716	0	0	0	1	0	S
NMDC20584718	0	0	0	1	0	S
NMDC20584719	0	0	0	1	0	S
NMDC20584721	1	0	0	1	0	S
NMDC20584722	0	0	0	1	0	S
NMDC20584725	0	0	0	1	0	S
NMDC20584727	0	0	0	1	0	S
NMDC20584728	0	0	0	1	0	S
NMDC20584731	0	0	0	1	0	S
NMDC20584736	0	0	0	1	0	S
NMDC20584740	0	0	0	1	0	S
NMDC20584743	0	0	0	1	0	S
NMDC20584745	0	0	0	1	0	S
NMDC20584748	0	0	0	1	0	S
NMDC20584750	0	0	0	1	0	S
NMDC20584751	0	0	0	1	0	S
NMDC20584752	0	0	0	1	0	S
NMDC20584759	0	0	0	1	0	S
NMDC20584766	0	0	0	1	0	S
NMDC20584768	0	0	0	1	0	S
NMDC20584773	0	0	0	1	0	S
NMDC20584775	0	0	0	1	0	S
NMDC20584777	0	0	0	1	0	S
NMDC20584785	0	0	0	1	0	S
NMDC20584786	0	0	0	1	0	S
NMDC20584789	0	0	0	1	0	S
NMDC20584790	0	0	0	1	0	S
NMDC20584798	0	0	0	1	0	S
NMDC20584799	0	0	0	1	0	S
NMDC20584801	0	0	0	1	0	S
NMDC20584806	0	0	0	1	0	S
NMDC20584808	0	0	0	1	0	S
NMDC20584812	0	0	0	1	0	S
NMDC20584820	0	0	0	1	0	S
NMDC20584825	0	0	0	1	0	S
NMDC20584827	0	0	0	1	0	S
NMDC20584830	0	0	0	1	0	S
NMDC20584831	0	0	0	1	0	S
NMDC20584832	0	0	0	1	0	S
NMDC20584834	0	0	0	1	0	S
NMDC20584835	0	0	0	1	0	S
NMDC20584843	0	0	0	1	0	S
NMDC20584844	0	0	0	0	0	S
NMDC20584847	0	0	0	1	0	S
NMDC20584852	0	0	0	1	0	S
NMDC20584856	0	0	0	1	0	S
NMDC20584858	0	0	0	1	0	S
NMDC20584860	0	0	0	1	0	S
NMDC20584865	0	0	0	1	0	S
NMDC20584866	0	0	0	0	0	S
NMDC20584868	0	0	0	1	0	S
NMDC20584872	0	0	0	1	0	S
NMDC20584873	0	0	0	1	0	S
NMDC20584875	0	0	0	1	0	S
NMDC20584881	0	0	0	1	0	S
NMDC20584882	0	0	0	1	0	S
NMDC20584883	0	0	0	1	0	S
NMDC20584884	0	0	0	1	0	S
NMDC20584887	0	0	0	1	0	S
NMDC20584889	0	0	0	1	0	S
NMDC20584892	0	0	0	1	0	S
NMDC20584893	0	0	0	1	0	S
NMDC20584894	0	0	0	1	0	S
NMDC20584895	0	0	0	1	0	S
NMDC20584899	0	0	0	0	0	S
NMDC20555575	0	0	0	1	0	S
NMDC20553583	0	0	0	1	0	S
NMDC20555576	0	0	0	1	0	S
NMDC20557615	0	0	0	1	0	S
NMDC20551541	0	0	0	1	0	S
NMDC20585327	0	0	0	1	0	S
NMDC20551542	0	0	0	1	0	S
NMDC20585329	0	0	0	1	0	S
NMDC20585332	0	0	0	0	0	S
NMDC20585336	0	0	0	1	0	S
NMDC20585338	0	0	0	1	0	S
NMDC20585339	0	0	0	1	0	S
NMDC20585342	0	0	0	1	0	S
NMDC20585343	0	0	0	0	0	S
NMDC20557617	0	0	0	1	0	S
NMDC20557618	0	0	0	1	0	S
NMDC20585347	0	0	0	1	0	S
NMDC20557619	0	0	0	1	0	S
NMDC20551546	0	0	0	1	0	S
NMDC20551547	0	0	0	1	0	S
NMDC20557620	0	0	0	1	0	S
NMDC20553590	0	0	0	1	0	S
NMDC20585349	0	0	0	1	0	S
NMDC20585350	0	0	0	1	0	S
NMDC20585351	0	0	0	1	0	S
NMDC20551548	0	0	0	1	0	S
NMDC20555586	0	0	0	1	0	S
NMDC20585356	0	0	0	1	0	S
NMDC20557621	0	0	0	1	0	S
NMDC20585358	0	0	0	1	0	S
NMDC20555588	0	0	0	1	0	S
NMDC20553595	0	0	0	1	0	S
NMDC20585360	0	0	0	1	0	S
NMDC20553597	0	0	0	1	0	S
NMDC20555590	0	0	0	1	0	S
NMDC20557622	1	0	1	1	0	S
NMDC20557623	0	0	0	1	0	S
NMDC20585362	0	0	0	1	0	S
NMDC20553598	0	0	0	1	0	S
NMDC20557624	0	0	0	1	0	S
NMDC20585365	0	0	0	1	0	S
NMDC20557625	0	0	0	1	0	S
NMDC20551554	0	0	0	1	0	S
NMDC20555596	0	0	0	1	0	S
NMDC20585374	0	0	0	1	0	S
NMDC20585376	0	0	0	1	0	S
NMDC20555598	0	0	0	1	0	S
NMDC20585378	0	0	0	1	0	S
NMDC20585384	0	0	0	1	0	S
NMDC20585387	0	0	0	1	0	S
NMDC20557631	0	0	0	1	0	S
NMDC20557632	0	0	0	1	0	S
NMDC20585388	0	0	0	1	0	S
NMDC20585391	0	0	0	1	0	S
NMDC20585392	0	0	0	1	0	S
NMDC20557633	0	0	0	1	0	S
NMDC20585393	0	0	0	1	0	S
NMDC20585394	0	0	0	1	0	S
NMDC20553603	0	0	0	1	0	S
NMDC20553604	0	0	0	1	0	S
NMDC20585398	0	0	0	1	0	S
NMDC20557635	0	0	0	1	0	S
NMDC20553606	0	0	0	1	0	S
NMDC20553607	1	0	0	1	0	S
NMDC20553608	0	0	0	1	0	S
NMDC20555607	0	0	0	1	0	S
NMDC20551561	0	0	0	1	0	S
NMDC20585408	0	0	0	1	0	S
NMDC20555608	0	0	0	1	0	S
NMDC20557638	0	0	0	1	0	S
NMDC20553611	0	0	0	1	0	S
NMDC20553612	0	0	0	1	0	S
NMDC20557639	0	0	0	1	0	S
NMDC20585416	0	0	0	1	0	S
NMDC20553613	0	0	0	1	0	S
NMDC20553614	0	0	0	1	0	S
NMDC20557640	0	0	0	1	0	S
NMDC20585421	0	0	0	1	0	S
NMDC20553615	0	0	0	1	0	S
NMDC20555610	0	0	0	1	0	S
NMDC20585422	0	0	0	1	0	S
NMDC20585425	0	0	0	1	0	S
NMDC20557641	0	0	0	0	0	S
NMDC20557645	0	0	0	1	0	S
NMDC20553617	0	0	0	1	0	S
NMDC20551565	0	0	0	1	0	S
NMDC20585427	0	0	0	1	0	S
NMDC20585429	0	0	0	1	0	S
NMDC20585431	0	0	0	1	0	S
NMDC20551567	0	0	0	1	0	S
NMDC20553619	0	0	0	1	0	S
NMDC20553620	0	0	0	1	0	S
NMDC20551568	0	0	0	1	0	S
NMDC20557646	0	0	0	1	0	S
NMDC20557647	0	0	1	0	0	S
NMDC20557648	0	0	0	1	0	S
NMDC20553622	0	0	0	1	0	S
NMDC20551569	0	0	0	1	0	S
NMDC20585439	0	0	0	1	0	S
NMDC20551570	0	0	0	1	0	S
NMDC20555614	0	0	0	1	0	S
NMDC20557651	0	0	0	1	0	S
NMDC20555615	0	0	0	1	0	S
NMDC20551573	0	0	0	1	0	S
NMDC20585446	0	0	0	1	0	S
NMDC20585447	0	0	0	1	0	S
NMDC20585448	0	0	0	1	0	S
NMDC20555616	0	0	0	1	0	S
NMDC20551574	0	0	1	0	0	S
NMDC20585449	0	0	0	1	0	S
NMDC20553626	0	0	0	1	0	S
NMDC20555618	0	0	0	1	0	S
NMDC20585452	0	0	0	1	0	S
NMDC20555619	0	0	0	1	0	S
NMDC20555620	0	0	0	1	0	S
NMDC20585453	0	0	0	1	0	S
NMDC20551578	0	0	0	1	0	S
NMDC20555622	0	0	0	1	0	S
NMDC20585456	0	0	0	1	0	S
NMDC20553631	0	0	0	1	0	S
NMDC20553632	0	0	0	1	0	S
NMDC20557656	0	0	0	1	0	S
NMDC20555623	0	0	0	1	0	S
NMDC20555624	0	0	0	1	0	S
NMDC20555625	0	0	0	1	0	S
NMDC20585462	0	0	0	1	0	S
NMDC20551584	0	0	0	1	0	S
NMDC20551585	0	0	0	1	0	S
NMDC20553637	0	0	0	1	0	S
NMDC20553638	0	0	0	0	0	S
NMDC20585465	0	0	0	1	0	S
NMDC20551588	0	0	0	1	0	S
NMDC20555626	0	0	0	1	0	S
NMDC20551589	0	0	0	1	0	S
NMDC20553639	0	0	0	1	0	S
NMDC20553640	0	0	0	1	0	S
NMDC20585474	0	0	0	1	0	S
NMDC20585475	0	0	0	1	0	S
NMDC20557659	0	0	0	1	0	S
NMDC20585476	0	0	0	1	0	S
NMDC20585477	0	0	0	1	0	S
NMDC20557660	0	0	0	1	0	S
NMDC20585480	0	0	0	1	0	S
NMDC20553643	0	0	0	1	0	S
NMDC20555630	0	0	0	1	0	S
NMDC20585481	0	0	0	1	0	S
NMDC20557662	0	0	0	1	0	S
NMDC20551595	0	0	0	1	0	S
NMDC20555634	0	0	0	1	0	S
NMDC20555635	0	0	0	0	0	S
NMDC20585482	0	0	0	1	0	S
NMDC20585483	0	0	0	1	0	S
NMDC20585487	0	0	0	0	0	S
NMDC20585489	0	0	0	1	0	S
NMDC20585490	0	0	0	1	0	S
NMDC20585491	0	0	0	1	0	S
NMDC20585493	0	0	0	1	0	S
NMDC20585495	0	0	0	1	0	S
NMDC20585496	0	0	0	1	0	S
NMDC20585501	0	0	1	0	0	S
NMDC20585502	0	0	0	1	0	S
NMDC20585504	0	0	0	1	0	S
NMDC20585508	0	0	0	1	0	S
NMDC20585509	0	0	0	1	0	S
NMDC20585514	0	0	0	1	0	S
NMDC20585515	0	0	0	1	0	S
NMDC20585516	0	0	0	1	0	S
NMDC20585518	0	0	0	1	0	S
NMDC20585519	0	0	0	1	0	S
NMDC20585520	0	0	1	0	0	S
NMDC20585522	0	0	0	1	0	S
NMDC20585526	0	0	0	1	0	S
NMDC20585531	0	0	0	1	0	S
NMDC20585532	0	0	1	0	0	S
NMDC20585538	0	0	0	1	0	S
NMDC20585539	0	0	1	0	0	S
NMDC20585542	0	0	0	0	0	S
NMDC20585543	0	0	0	1	0	S
NMDC20585548	0	0	0	1	0	S
NMDC20585550	0	0	0	0	0	S
NMDC20585552	0	0	0	1	0	S
NMDC20585566	0	0	0	0	0	S
NMDC20585567	0	0	0	1	0	S
NMDC20585568	0	0	0	1	0	S
NMDC20585569	0	0	0	0	0	S
NMDC20553645	0	0	0	1	0	S
NMDC20551597	0	0	0	1	0	S
NMDC20555638	0	0	0	1	0	S
NMDC20557663	0	0	0	1	0	S
NMDC20585570	0	0	0	1	0	S
NMDC20585571	0	0	0	1	0	S
NMDC20585572	0	0	0	1	0	S
NMDC20585573	0	0	0	1	0	S
NMDC20585574	0	0	0	1	0	S
NMDC20585575	0	0	0	1	0	S
NMDC20557664	0	0	0	1	0	S
NMDC20553647	0	0	0	1	0	S
NMDC20553648	0	0	0	1	0	S
NMDC20557665	0	0	0	1	0	S
NMDC20551598	0	0	0	1	0	S
NMDC20585576	0	0	0	1	0	S
NMDC20555639	0	0	0	1	0	S
NMDC20585577	0	0	0	1	0	S
NMDC20585579	0	0	0	1	0	S
NMDC20555640	0	0	0	1	0	S
NMDC20553649	0	0	0	1	0	S
NMDC20555641	0	0	0	1	0	S
NMDC20555642	0	0	0	1	0	S
NMDC20557666	0	0	0	1	0	S
NMDC20585582	0	0	0	1	0	S
NMDC20585583	0	0	0	1	0	S
NMDC20555643	0	0	0	1	0	S
NMDC20585585	0	0	0	1	0	S
NMDC20551603	0	0	0	1	0	S
NMDC20585586	0	0	0	1	0	S
NMDC20557667	0	0	0	1	0	S
NMDC20555644	0	0	0	1	0	S
NMDC20585587	0	0	0	1	0	S
NMDC20585592	0	0	0	1	0	S
NMDC20555645	0	0	0	1	0	S
NMDC20585595	0	0	0	1	0	S
NMDC20585596	0	0	0	1	0	S
NMDC20585598	0	0	0	1	0	S
NMDC20585601	0	0	0	1	0	S
NMDC20585602	0	0	0	1	0	S
NMDC20585606	0	0	0	1	0	S
NMDC20551605	0	0	0	1	0	S
NMDC20585611	0	0	0	0	0	S
NMDC20585612	0	0	0	1	0	S
NMDC20557675	0	0	0	1	0	S
NMDC20551609	0	0	0	1	0	S
NMDC20585614	0	0	0	1	0	S
NMDC20553654	0	0	0	1	0	S
NMDC20557677	0	0	0	1	0	S
NMDC20551614	0	0	0	1	0	S
NMDC20585618	0	0	0	1	0	S
NMDC20585619	0	0	0	1	0	S
NMDC20557679	0	0	0	1	0	S
NMDC20585622	0	0	0	1	0	S
NMDC20585623	0	0	0	1	0	S
NMDC20585626	0	0	0	1	0	S
NMDC20585627	0	0	0	1	0	S
NMDC20585628	1	0	0	1	0	S
NMDC20557681	0	0	0	0	0	S
NMDC20557682	0	0	0	1	0	S
NMDC20557683	0	0	0	1	0	S
NMDC20585636	0	0	0	1	0	S
NMDC20551615	0	0	0	1	0	S
NMDC20585638	0	0	0	1	0	S
NMDC20555654	0	0	0	1	0	S
NMDC20585639	0	0	0	1	0	S
NMDC20551616	0	0	0	1	0	S
NMDC20585640	0	0	0	1	0	S
NMDC20555655	0	0	0	0	0	S
NMDC20585642	0	0	0	1	0	S
NMDC20557684	0	0	0	1	0	S
NMDC20585646	0	0	0	1	0	S
NMDC20553660	0	0	0	1	0	S
NMDC20551620	0	0	0	0	0	S
NMDC20585647	0	0	0	1	0	S
NMDC20555656	0	0	0	1	0	S
NMDC20551621	0	0	0	1	0	S
NMDC20585651	0	0	0	1	0	S
NMDC20557686	0	0	0	1	0	S
NMDC20555657	0	0	0	1	0	S
NMDC20551622	0	0	0	1	0	S
NMDC20585653	0	0	0	1	0	S
NMDC20551625	0	0	0	1	0	S
NMDC20555660	0	0	0	1	0	S
NMDC20555661	0	0	0	1	0	S
NMDC20585657	0	0	0	1	0	S
NMDC20585659	0	0	0	1	0	S
NMDC20585660	0	0	0	1	0	S
NMDC20551626	0	0	0	1	0	S
NMDC20553665	0	0	0	1	0	S
NMDC20585662	0	0	0	1	0	S
NMDC20585665	0	0	0	0	0	S
NMDC20585668	0	0	0	0	0	S
NMDC20585671	0	0	0	1	0	S
NMDC20585674	0	0	0	1	0	S
NMDC20585675	0	0	0	1	0	S
NMDC20557691	0	0	0	1	0	S
NMDC20585681	0	0	0	1	0	S
NMDC20585682	0	0	0	1	0	S
NMDC20585683	0	0	0	1	0	S
NMDC20585684	0	0	0	1	0	S
NMDC20555664	0	0	0	1	0	S
NMDC20555665	0	0	0	1	0	S
NMDC20585685	0	0	0	1	0	S
NMDC20551627	0	0	0	1	0	S
NMDC20585689	0	0	0	1	0	S
NMDC20557692	0	0	0	1	0	S
NMDC20551629	0	0	0	1	0	S
NMDC20585694	0	0	0	0	0	S
NMDC20585695	0	0	0	1	0	S
NMDC20557693	0	0	0	1	0	S
NMDC20553668	0	0	0	1	0	S
NMDC20555666	0	0	0	1	0	S
NMDC20585696	0	0	0	1	0	S
NMDC20555667	0	0	0	1	0	S
NMDC20557695	0	0	0	1	0	S
NMDC20585699	0	0	0	1	0	S
NMDC20551630	0	0	0	1	0	S
NMDC20555669	0	0	0	1	0	S
NMDC20553669	0	0	0	1	0	S
NMDC20555670	0	0	0	1	0	S
NMDC20557696	0	0	0	1	0	S
NMDC20551632	0	0	0	1	0	S
NMDC20585701	0	0	0	1	0	S
NMDC20585702	0	0	0	1	0	S
NMDC20553670	0	0	0	1	0	S
NMDC20557697	0	0	0	1	0	S
NMDC20585703	0	0	1	0	0	S
NMDC20557698	0	0	0	1	0	S
NMDC20585707	0	0	0	1	0	S
NMDC20585709	0	0	0	1	0	S
NMDC20585710	0	0	1	0	0	S
NMDC20555673	0	0	0	1	0	S
NMDC20551636	0	0	0	1	0	S
NMDC20557873	0	0	0	1	0	S
NMDC20586309	0	0	0	1	0	S
NMDC20551845	0	0	0	1	0	S
NMDC20586312	0	0	0	1	0	S
NMDC20553857	0	0	0	1	0	S
NMDC20586313	0	0	0	1	0	S
NMDC20555871	0	0	0	1	0	S
NMDC20586314	0	0	0	1	0	S
NMDC20553858	0	0	0	1	0	S
NMDC20586316	0	0	0	1	0	S
NMDC20586317	0	0	0	1	0	S
NMDC20586318	0	0	0	1	0	S
NMDC20551847	0	0	0	1	0	S
NMDC20555873	0	0	0	1	0	S
NMDC20553859	0	0	0	1	0	S
NMDC20551848	0	0	0	1	0	S
NMDC20553860	0	0	0	1	0	S
NMDC20586322	0	0	0	1	0	S
NMDC20586324	0	0	0	1	0	S
NMDC20555874	0	0	0	1	0	S
NMDC20555875	0	0	0	1	0	S
NMDC20586325	0	0	0	1	0	S
NMDC20586326	0	0	0	1	0	S
NMDC20586328	0	0	0	1	0	S
NMDC20557875	0	0	0	1	0	S
NMDC20553863	0	0	0	1	0	S
NMDC20586330	0	0	0	1	0	S
NMDC20586331	0	0	0	1	0	S
NMDC20586334	0	0	0	1	0	S
NMDC20586336	0	0	0	1	0	S
NMDC20586337	0	0	0	1	0	S
NMDC20586338	0	0	0	1	0	S
NMDC20586340	0	0	0	1	0	S
NMDC20586341	0	0	0	1	0	S
NMDC20586342	0	0	0	1	0	S
NMDC20586344	0	0	0	1	0	S
NMDC20586346	0	0	0	1	0	S
NMDC20586348	0	0	0	1	0	S
NMDC20586350	0	0	0	1	0	S
NMDC20586351	0	0	0	1	0	S
NMDC20586354	0	0	0	1	0	S
NMDC20586355	0	0	0	1	0	S
NMDC20586356	0	0	0	1	0	S
NMDC20586357	0	0	0	1	0	S
NMDC20586358	0	0	0	1	0	S
NMDC20586359	0	0	0	1	0	S
NMDC20586360	0	0	0	1	0	S
NMDC20586365	0	0	0	1	0	S
NMDC20586373	0	0	0	1	0	S
NMDC20586374	0	0	0	1	0	S
NMDC20586377	0	0	0	1	0	S
NMDC20586379	0	0	0	1	0	S
NMDC20586382	0	0	0	1	0	S
NMDC20586383	0	0	0	1	0	S
NMDC20589012	0	0	0	1	0	S
NMDC20589016	0	0	0	1	0	S
NMDC20589019	0	0	0	1	0	S
NMDC20589021	0	0	0	1	0	S
NMDC20589024	1	0	0	1	0	S
NMDC20589026	0	0	0	1	0	S
NMDC20589027	0	0	0	1	0	S
NMDC20589028	0	0	0	1	0	S
NMDC20589029	0	0	0	1	0	S
NMDC20589030	0	0	0	1	0	S
NMDC20589033	0	0	0	1	0	S
NMDC20589034	0	0	0	1	0	S
NMDC20589037	0	0	0	1	0	S
NMDC20589039	0	0	0	1	0	S
NMDC20557917	0	0	0	1	0	S
NMDC20553907	0	0	0	1	0	S
NMDC20586536	0	0	0	1	0	S
NMDC20586539	0	0	0	1	0	S
NMDC20551899	0	0	0	1	0	S
NMDC20551905	0	0	0	1	0	S
NMDC20555949	0	0	0	1	0	S
NMDC20551912	0	0	0	1	0	S
NMDC20557927	0	0	0	1	0	S
NMDC20586574	0	0	0	1	0	S
NMDC20586576	0	0	0	1	0	S
NMDC20555960	0	0	0	1	0	S
NMDC20557957	0	0	0	1	0	S
NMDC20555968	0	0	0	1	0	S
NMDC20586625	0	0	0	1	0	S
NMDC20586626	0	0	0	1	0	S
NMDC20586627	0	0	0	0	0	S
NMDC20555969	0	0	0	1	0	S
NMDC20586628	0	0	0	1	0	S
NMDC20557958	0	0	0	1	0	S
NMDC20551940	0	0	0	1	0	S
NMDC20551941	0	0	0	1	0	S
NMDC20557960	0	0	0	1	0	S
NMDC20557961	0	0	0	1	0	S
NMDC20555971	0	0	0	1	0	S
NMDC20586629	0	0	0	1	0	S
NMDC20553949	0	0	0	1	0	S
NMDC20551942	0	0	0	1	0	S
NMDC20553951	0	0	0	1	0	S
NMDC20557962	0	0	0	1	0	S
NMDC20555972	0	0	0	1	0	S
NMDC20551943	0	0	0	1	0	S
NMDC20586630	0	0	0	1	0	S
NMDC20586632	0	0	0	1	0	S
NMDC20557963	0	0	0	1	0	S
NMDC20553952	0	0	0	1	0	S
NMDC20557964	0	0	0	1	0	S
NMDC20553954	0	0	0	1	0	S
NMDC20586634	0	0	0	1	0	S
NMDC20586635	0	0	0	1	0	S
NMDC20557965	1	0	0	1	0	S
NMDC20553955	0	0	0	1	0	S
NMDC20555974	0	0	0	1	0	S
NMDC20586636	0	0	0	1	0	S
NMDC20586637	0	0	0	1	0	S
NMDC20586638	0	0	0	1	0	S
NMDC20551945	0	0	0	1	0	S
NMDC20551947	0	0	0	1	0	S
NMDC20553956	0	0	0	1	0	S
NMDC20551948	0	0	0	1	0	S
NMDC20553957	0	0	0	1	0	S
NMDC20586640	0	0	0	1	0	S
NMDC20551950	0	0	0	1	0	S
NMDC20553958	0	0	0	1	0	S
NMDC20586641	0	0	0	1	0	S
NMDC20553960	0	0	0	1	0	S
NMDC20557969	0	0	0	1	0	S
NMDC20553963	0	0	0	1	0	S
NMDC20557971	0	0	0	1	0	S
NMDC20555976	0	0	0	1	0	S
NMDC20586649	0	0	0	1	0	S
NMDC20586651	0	0	0	1	0	S
NMDC20553965	0	0	0	1	0	S
NMDC20557974	0	0	0	0	0	S
NMDC20553967	0	0	0	1	0	S
NMDC20586652	0	0	0	1	0	S
NMDC20551955	0	0	0	1	0	S
NMDC20555978	0	0	0	1	0	S
NMDC20586654	0	0	0	1	0	S
NMDC20586655	0	0	0	1	0	S
NMDC20588174	0	0	0	1	0	S
NMDC20588185	0	0	0	1	0	S
NMDC20556377	0	0	0	1	0	S
NMDC20588188	0	0	0	1	0	S
NMDC20554079	0	0	0	1	0	S
NMDC20556081	0	0	0	1	0	S
NMDC20554080	0	0	0	1	0	S
NMDC20558085	0	0	0	1	0	S
NMDC20586924	0	0	0	0	0	S
NMDC20556083	0	0	0	1	0	S
NMDC20586925	0	0	0	1	0	S
NMDC20586926	0	0	0	1	0	S
NMDC20554081	0	0	0	1	0	S
NMDC20558089	0	0	0	1	0	S
NMDC20554082	0	0	0	1	0	S
NMDC20556085	0	0	0	1	0	S
NMDC20586929	0	0	0	1	0	S
NMDC20552047	0	0	0	1	0	S
NMDC20556086	0	0	0	1	0	S
NMDC20552048	0	0	0	1	0	S
NMDC20556088	0	0	0	1	0	S
NMDC20556089	0	0	0	1	0	S
NMDC20556090	0	0	0	1	0	S
NMDC20586938	0	0	0	1	0	S
NMDC20554087	0	0	0	1	0	S
NMDC20586939	0	0	0	1	0	S
NMDC20552051	0	0	0	1	0	S
NMDC20586941	0	0	0	1	0	S
NMDC20586942	0	0	0	1	0	S
NMDC20586944	0	0	0	1	0	S
NMDC20556093	0	0	0	1	0	S
NMDC20556094	0	0	0	1	0	S
NMDC20586945	0	0	0	1	0	S
NMDC20554091	0	0	0	1	0	S
NMDC20558092	0	0	0	1	0	S
NMDC20586948	0	0	0	1	0	S
NMDC20558093	0	0	0	1	0	S
NMDC20558094	0	0	0	0	0	S
NMDC20552056	0	0	0	1	0	S
NMDC20554094	0	0	0	1	0	S
NMDC20586950	0	0	0	1	0	S
NMDC20586952	0	0	0	1	0	S
NMDC20586953	0	0	0	1	0	S
NMDC20586954	0	0	0	1	0	S
NMDC20558096	1	0	1	1	0	S
NMDC20554097	0	0	0	1	0	S
NMDC20554099	0	0	0	1	0	S
NMDC20554100	0	0	0	1	0	S
NMDC20586960	0	0	0	1	0	S
NMDC20586961	0	0	0	1	0	S
NMDC20554101	0	0	0	1	0	S
NMDC20586963	0	0	0	1	0	S
NMDC20586967	0	0	0	1	0	S
NMDC20556098	0	0	0	1	0	S
NMDC20552063	0	0	0	1	0	S
NMDC20554104	0	0	0	1	0	S
NMDC20558102	0	0	0	1	0	S
NMDC20558103	0	0	0	1	0	S
NMDC20552064	0	0	0	1	0	S
NMDC20554105	0	0	0	1	0	S
NMDC20552065	0	0	0	1	0	S
NMDC20552066	0	0	0	1	0	S
NMDC20552067	0	0	0	1	0	S
NMDC20552068	0	0	0	1	0	S
NMDC20586970	0	0	0	1	0	S
NMDC20586972	0	0	0	1	0	S
NMDC20556099	0	0	0	1	0	S
NMDC20558105	0	0	0	1	0	S
NMDC20558106	0	0	0	1	0	S
NMDC20586973	0	0	0	1	0	S
NMDC20552070	0	0	0	1	0	S
NMDC20552071	0	0	0	1	0	S
NMDC20586974	0	0	0	1	0	S
NMDC20556102	0	0	0	1	0	S
NMDC20586976	0	0	0	1	0	S
NMDC20586977	0	0	0	1	0	S
NMDC20556103	0	0	0	1	0	S
NMDC20556104	0	0	0	1	0	S
NMDC20554109	0	0	0	1	0	S
NMDC20552074	0	0	0	1	0	S
NMDC20552075	0	0	0	1	0	S
NMDC20558110	0	0	0	1	0	S
NMDC20586987	0	0	0	1	0	S
NMDC20556106	0	0	0	1	0	S
NMDC20558111	0	0	0	1	0	S
NMDC20552076	0	0	0	1	0	S
NMDC20586989	0	0	0	1	0	S
NMDC20554113	0	0	0	1	0	S
NMDC20586991	0	0	0	1	0	S
NMDC20554114	0	0	0	1	0	S
NMDC20556109	0	0	0	1	0	S
NMDC20558112	0	0	0	1	0	S
NMDC20556110	0	0	0	1	0	S
NMDC20552080	0	0	0	1	0	S
NMDC20586996	0	0	0	1	0	S
NMDC20586998	0	0	0	0	0	S
NMDC20586999	0	0	0	1	0	S
NMDC20554116	0	0	0	1	0	S
NMDC20558114	0	0	0	1	0	S
NMDC20587004	0	0	0	1	0	S
NMDC20587006	0	0	0	1	0	S
NMDC20552081	0	0	0	1	0	S
NMDC20552082	0	0	0	1	0	S
NMDC20556112	0	0	0	1	0	S
NMDC20587008	0	0	0	1	0	S
NMDC20587009	0	0	0	1	0	S
NMDC20587012	0	0	0	1	0	S
NMDC20587013	0	0	0	1	0	S
NMDC20552083	0	0	0	1	0	S
NMDC20558115	0	0	0	1	0	S
NMDC20587014	0	0	0	1	0	S
NMDC20554118	0	0	0	1	0	S
NMDC20552084	0	0	0	1	0	S
NMDC20552085	0	0	0	1	0	S
NMDC20587015	0	0	0	1	0	S
NMDC20587016	0	0	0	1	0	S
NMDC20556114	0	0	0	1	0	S
NMDC20556115	0	0	0	1	0	S
NMDC20552087	0	0	0	1	0	S
NMDC20556116	0	0	0	1	0	S
NMDC20554119	0	0	0	1	0	S
NMDC20587018	0	0	0	1	0	S
NMDC20558118	0	0	0	1	0	S
NMDC20558119	0	0	0	1	0	S
NMDC20554120	0	0	0	1	0	S
NMDC20556120	0	0	0	1	0	S
NMDC20587021	0	0	0	1	0	S
NMDC20552089	0	0	0	1	0	S
NMDC20552090	0	0	0	1	0	S
NMDC20554121	0	0	0	1	0	S
NMDC20587024	0	0	0	1	0	S
NMDC20556121	0	0	0	1	0	S
NMDC20587025	0	0	0	1	0	S
NMDC20552104	0	0	0	1	0	S
NMDC20587055	0	0	0	1	0	S
NMDC20554135	0	0	0	1	0	S
NMDC20587056	0	0	0	1	0	S
NMDC20556126	0	0	0	1	0	S
NMDC20552105	0	0	0	1	0	S
NMDC20556127	0	0	0	1	0	S
NMDC20556128	0	0	0	1	0	S
NMDC20552106	0	0	0	1	0	S
NMDC20554137	0	0	0	1	0	S
NMDC20556129	0	0	0	1	0	S
NMDC20556130	1	0	0	1	0	S
NMDC20558133	0	0	0	1	0	S
NMDC20556131	0	0	0	1	0	S
NMDC20587059	0	0	0	1	0	S
NMDC20554138	0	0	0	1	0	S
NMDC20587060	0	0	0	1	0	S
NMDC20587062	0	0	0	1	0	S
NMDC20554140	0	0	0	1	0	S
NMDC20552109	0	0	0	1	0	S
NMDC20552110	0	0	0	1	0	S
NMDC20587065	0	0	0	1	0	S
NMDC20587066	0	0	0	1	0	S
NMDC20554142	0	0	0	1	0	S
NMDC20554144	0	0	0	1	0	S
NMDC20554145	0	0	0	1	0	S
NMDC20587068	0	0	0	1	0	S
NMDC20587071	0	0	0	1	0	S
NMDC20556134	0	0	0	1	0	S
NMDC20558137	0	0	0	1	0	S
NMDC20587076	0	0	0	1	0	S
NMDC20556136	0	0	0	1	0	S
NMDC20554147	0	0	0	1	0	S
NMDC20558139	0	0	0	1	0	S
NMDC20556137	0	1	0	1	0	S
NMDC20554148	0	0	0	1	0	S
NMDC20587077	0	0	0	1	0	S
NMDC20554149	0	0	0	1	0	S
NMDC20556138	0	0	0	1	0	S
NMDC20552114	0	0	0	1	0	S
NMDC20587079	0	0	0	1	0	S
NMDC20558141	0	0	0	1	0	S
NMDC20554153	0	0	0	1	0	S
NMDC20556139	0	0	0	1	0	S
NMDC20587084	0	0	0	1	0	S
NMDC20554154	0	0	0	1	0	S
NMDC20587086	0	0	0	1	0	S
NMDC20587088	0	0	0	1	0	S
NMDC20587091	0	0	0	1	0	S
NMDC20554157	0	0	0	1	0	S
NMDC20552117	0	0	0	1	0	S
NMDC20587093	0	0	0	1	0	S
NMDC20587094	0	0	0	1	0	S
NMDC20554160	0	0	0	1	0	S
NMDC20558146	0	0	0	1	0	S
NMDC20587097	0	0	0	1	0	S
NMDC20554161	0	0	0	1	0	S
NMDC20558149	0	0	0	1	0	S
NMDC20558150	0	0	0	1	0	S
NMDC20556143	0	0	0	1	0	S
NMDC20554162	0	0	0	1	0	S
NMDC20587100	0	0	0	1	0	S
NMDC20556144	0	0	0	1	0	S
NMDC20558153	0	0	0	1	0	S
NMDC20556145	0	0	0	1	0	S
NMDC20552119	0	0	0	1	0	S
NMDC20558156	0	0	0	1	0	S
NMDC20556148	0	0	0	1	0	S
NMDC20587104	0	0	0	1	0	S
NMDC20558157	0	0	0	1	0	S
NMDC20556150	0	0	0	1	0	S
NMDC20558158	0	0	0	1	0	S
NMDC20556152	0	0	0	1	0	S
NMDC20554164	0	0	0	1	0	S
NMDC20554165	0	0	0	1	0	S
NMDC20587106	0	0	0	1	0	S
NMDC20587107	0	0	0	1	0	S
NMDC20587108	0	0	0	1	0	S
NMDC20556154	0	0	0	1	0	S
NMDC20587113	0	0	0	1	0	S
NMDC20554166	0	0	0	1	0	S
NMDC20587114	0	0	0	1	0	S
NMDC20554167	0	0	0	1	0	S
NMDC20554169	0	0	0	1	0	S
NMDC20554170	0	0	0	1	0	S
NMDC20552126	0	0	0	1	0	S
NMDC20587119	0	0	0	1	0	S
NMDC20587120	0	0	0	1	0	S
NMDC20556156	0	0	0	1	0	S
NMDC20587122	0	0	0	1	0	S
NMDC20554171	0	0	0	1	0	S
NMDC20554172	0	0	0	1	0	S
NMDC20556160	0	0	0	1	0	S
NMDC20587127	0	0	0	1	0	S
NMDC20552131	0	0	0	1	0	S
NMDC20587131	0	0	0	1	0	S
NMDC20554177	0	0	0	1	0	S
NMDC20587132	0	0	0	1	0	S
NMDC20554178	0	0	0	1	0	S
NMDC20587133	0	0	0	1	0	S
NMDC20556164	0	0	0	1	0	S
NMDC20556165	0	0	0	1	0	S
NMDC20587134	0	0	0	1	0	S
NMDC20558166	0	0	0	1	0	S
NMDC20552134	0	0	0	1	0	S
NMDC20556167	0	0	0	1	0	S
NMDC20587138	0	0	0	1	0	S
NMDC20556168	0	0	0	1	0	S
NMDC20558169	0	0	0	1	1	S
NMDC20552135	0	0	0	1	0	S
NMDC20554180	0	0	0	1	0	S
NMDC20552138	0	0	0	1	0	S
NMDC20554184	0	0	0	1	0	S
NMDC20587141	0	0	0	1	0	S
NMDC20554185	0	0	0	1	0	S
NMDC20552141	0	0	0	1	0	S
NMDC20587143	0	0	0	1	0	S
NMDC20556169	0	0	0	1	0	S
NMDC20556170	0	0	0	1	0	S
NMDC20554188	0	0	0	1	0	S
NMDC20587144	0	0	0	1	0	S
NMDC20552144	0	0	0	1	0	S
NMDC20554189	0	0	0	1	0	S
NMDC20552145	0	0	0	1	0	S
NMDC20552146	0	0	0	1	1	S
NMDC20587146	0	0	0	1	0	S
NMDC20558171	0	0	0	1	0	S
NMDC20556171	0	0	0	1	0	S
NMDC20558172	0	0	0	1	0	S
NMDC20556174	0	0	0	1	0	S
NMDC20552147	0	0	0	1	0	S
NMDC20558173	0	0	0	1	0	S
NMDC20587153	0	0	0	1	0	S
NMDC20552148	0	0	0	1	0	S
NMDC20587155	0	0	0	1	0	S
NMDC20587157	0	0	0	1	0	S
NMDC20556175	0	0	0	1	0	S
NMDC20552149	0	0	0	1	0	S
NMDC20587160	0	0	0	1	0	S
NMDC20552150	0	0	0	1	0	S
NMDC20587161	1	0	1	1	0	S
NMDC20556176	0	0	0	1	0	S
NMDC20554190	0	0	0	1	0	S
NMDC20552152	0	0	0	1	0	S
NMDC20587163	0	0	0	1	0	S
NMDC20552153	0	0	0	1	0	S
NMDC20558175	0	0	0	1	0	S
NMDC20587164	0	0	0	1	0	S
NMDC20587165	0	0	0	1	0	S
NMDC20554191	0	0	0	1	0	S
NMDC20587167	0	0	0	1	0	S
NMDC20552155	0	0	0	1	0	S
NMDC20556178	0	0	0	1	0	S
NMDC20587169	0	0	0	1	0	S
NMDC20554193	0	0	0	1	0	S
NMDC20587173	0	0	0	1	0	S
NMDC20554194	0	0	0	1	0	S
NMDC20558181	0	0	0	1	0	S
NMDC20556182	0	0	0	1	0	S
NMDC20587174	0	0	0	1	0	S
NMDC20587175	0	0	0	1	0	S
NMDC20552157	0	0	0	1	0	S
NMDC20558182	0	0	0	1	0	S
NMDC20554195	0	0	0	1	0	S
NMDC20552158	0	0	0	1	0	S
NMDC20554196	0	0	0	1	0	S
NMDC20587176	0	0	0	1	0	S
NMDC20587177	0	0	0	1	0	S
NMDC20556183	0	0	0	1	0	S
NMDC20552160	0	0	0	1	0	S
NMDC20587178	0	0	0	1	0	S
NMDC20552162	0	0	0	1	0	S
NMDC20587180	0	0	0	1	0	S
NMDC20587181	0	0	0	1	0	S
NMDC20552163	0	0	0	1	0	S
NMDC20558183	0	0	0	1	0	S
NMDC20552164	0	0	0	1	0	S
NMDC20554197	0	0	0	1	0	S
NMDC20587183	0	0	0	1	0	S
NMDC20587184	0	0	0	1	0	S
NMDC20554198	0	0	0	1	0	S
NMDC20587186	0	0	0	1	0	S
NMDC20587187	0	0	0	1	0	S
NMDC20558186	0	0	0	1	0	S
NMDC20587189	0	0	0	1	0	S
NMDC20587190	0	0	0	1	0	S
NMDC20552165	0	0	0	1	0	S
NMDC20552166	0	0	0	1	0	S
NMDC20558187	0	0	0	1	0	S
NMDC20587193	0	0	0	1	0	S
NMDC20558189	0	0	1	0	0	S
NMDC20587196	0	0	0	1	0	S
NMDC20556186	0	0	0	1	0	S
NMDC20556187	0	0	0	1	0	S
NMDC20587197	0	0	0	1	0	S
NMDC20552168	0	0	0	1	0	S
NMDC20554201	0	0	0	1	0	S
NMDC20587201	0	0	0	1	0	S
NMDC20556190	0	0	0	1	0	S
NMDC20558193	0	0	0	1	0	S
NMDC20587203	0	0	1	0	0	S
NMDC20558194	0	0	0	1	0	S
NMDC20552172	0	0	0	1	0	S
NMDC20556196	0	0	0	1	0	S
NMDC20558195	0	0	0	1	0	S
NMDC20587212	0	0	0	1	0	S
NMDC20587213	0	0	0	1	0	S
NMDC20552176	0	0	0	1	0	S
NMDC20587214	0	0	0	1	0	S
NMDC20558202	0	0	0	1	0	S
NMDC20558203	0	0	0	1	0	S
NMDC20587215	0	0	0	1	0	S
NMDC20587216	0	0	0	1	0	S
NMDC20552177	0	0	0	1	0	S
NMDC20556198	0	0	0	1	0	S
NMDC20587217	0	0	0	1	0	S
NMDC20556199	0	0	0	1	0	S
NMDC20556200	0	0	0	1	0	S
NMDC20552180	0	0	0	1	0	S
NMDC20556201	0	0	0	1	0	S
NMDC20558206	0	0	0	1	0	S
NMDC20587220	0	0	0	1	0	S
NMDC20587222	0	0	0	1	0	S
NMDC20554209	0	0	0	1	0	S
NMDC20552181	0	0	0	1	0	S
NMDC20556202	0	0	0	1	0	S
NMDC20556203	0	0	0	1	0	S
NMDC20554211	0	0	0	1	0	S
NMDC20556204	0	0	0	1	0	S
NMDC20554212	0	0	0	1	0	S
NMDC20554213	0	0	0	1	0	S
NMDC20587223	0	0	0	1	0	S
NMDC20558209	0	0	0	1	0	S
NMDC20558210	0	0	0	1	0	S
NMDC20552182	0	0	0	1	0	S
NMDC20558212	0	0	0	1	0	S
NMDC20554215	0	0	0	1	0	S
NMDC20587225	0	0	0	1	0	S
NMDC20552184	0	0	0	1	0	S
NMDC20552185	0	0	0	1	0	S
NMDC20554217	0	0	0	1	0	S
NMDC20554218	0	0	0	1	0	S
NMDC20554219	0	0	0	1	0	S
NMDC20554220	0	0	0	1	0	S
NMDC20587227	0	0	0	1	0	S
NMDC20556208	0	0	0	1	0	S
NMDC20587230	0	0	0	1	0	S
NMDC20558213	0	0	0	1	0	S
NMDC20587232	0	0	0	1	0	S
NMDC20587234	0	0	0	1	0	S
NMDC20554222	0	0	0	1	0	S
NMDC20558215	0	0	0	1	0	S
NMDC20587235	0	0	0	1	0	S
NMDC20558216	0	0	0	1	0	S
NMDC20554223	0	0	0	1	0	S
NMDC20554224	0	0	0	1	0	S
NMDC20556212	0	0	0	1	0	S
NMDC20554225	0	0	0	1	0	S
NMDC20552190	0	0	0	1	0	S
NMDC20554226	0	0	0	1	0	S
NMDC20552191	0	0	0	1	0	S
NMDC20587237	0	0	0	1	0	S
NMDC20556213	0	0	0	1	0	S
NMDC20587240	0	0	0	1	0	S
NMDC20558217	0	0	0	1	0	S
NMDC20587243	0	0	0	1	0	S
NMDC20587244	0	0	0	1	0	S
NMDC20558220	0	0	0	1	0	S
NMDC20556214	0	0	0	1	0	S
NMDC20552195	0	0	0	1	0	S
NMDC20552196	0	0	0	1	0	S
NMDC20587245	0	0	0	1	0	S
NMDC20552199	0	0	0	1	0	S
NMDC20587247	0	0	0	1	0	S
NMDC20558222	0	0	0	1	0	S
NMDC20552200	0	0	0	1	0	S
NMDC20558223	0	0	0	1	0	S
NMDC20558224	0	0	0	1	0	S
NMDC20556217	0	0	0	1	0	S
NMDC20552202	0	0	0	1	0	S
NMDC20558225	0	0	0	1	0	S
NMDC20554229	0	0	0	1	0	S
NMDC20552203	0	0	0	1	0	S
NMDC20587249	0	0	0	1	0	S
NMDC20587250	0	0	0	1	0	S
NMDC20587251	0	0	0	1	0	S
NMDC20556219	0	0	0	1	0	S
NMDC20558226	0	0	0	1	0	S
NMDC20587253	0	0	0	1	0	S
NMDC20554230	0	0	0	1	0	S
NMDC20558227	0	0	0	1	0	S
NMDC20556220	0	0	0	1	0	S
NMDC20587257	0	0	0	1	0	S
NMDC20552204	0	0	0	1	0	S
NMDC20558228	0	0	0	1	0	S
NMDC20558229	0	0	0	1	0	S
NMDC20552207	0	0	0	1	0	S
NMDC20587259	0	0	0	1	0	S
NMDC20554233	0	0	0	1	0	S
NMDC20552209	0	0	0	1	0	S
NMDC20558230	0	0	0	1	0	S
NMDC20558231	0	0	0	1	0	S
NMDC20558232	0	0	0	1	0	S
NMDC20554234	0	0	0	1	0	S
NMDC20552210	0	0	0	1	0	S
NMDC20587262	0	0	0	1	0	S
NMDC20587263	0	0	0	1	0	S
NMDC20587264	0	0	0	1	0	S
NMDC20556228	0	0	0	1	0	S
NMDC20587266	0	0	0	1	0	S
NMDC20554237	0	0	0	1	0	S
NMDC20556229	0	0	0	1	0	S
NMDC20552214	0	0	0	1	0	S
NMDC20587268	0	0	0	1	0	S
NMDC20587269	0	0	0	1	0	S
NMDC20554239	0	0	0	1	0	S
NMDC20587270	0	0	0	1	0	S
NMDC20587271	0	0	0	1	0	S
NMDC20552217	0	0	0	1	0	S
NMDC20587273	0	0	0	1	0	S
NMDC20556232	0	0	0	1	0	S
NMDC20556233	0	0	0	1	0	S
NMDC20556234	0	0	0	1	0	S
NMDC20554241	0	0	0	1	0	S
NMDC20587274	0	0	0	1	0	S
NMDC20554242	0	0	0	1	0	S
NMDC20554243	0	0	0	1	0	S
NMDC20556235	0	0	0	1	0	S
NMDC20587276	0	0	0	1	0	S
NMDC20587277	0	0	0	1	0	S
NMDC20554244	0	0	0	1	0	S
NMDC20558239	0	0	0	1	0	S
NMDC20552219	0	0	0	1	0	S
NMDC20587284	0	0	0	1	0	S
NMDC20552222	0	0	0	1	0	S
NMDC20552223	0	0	0	1	0	S
NMDC20554247	0	0	0	1	0	S
NMDC20558243	0	0	0	1	0	S
NMDC20558244	0	0	0	1	0	S
NMDC20552224	0	0	0	1	0	S
NMDC20587290	0	0	0	1	0	S
NMDC20587291	0	0	0	1	0	S
NMDC20558246	0	0	0	1	0	S
NMDC20554251	0	0	0	1	0	S
NMDC20556238	0	0	0	1	0	S
NMDC20558247	0	0	0	1	0	S
NMDC20587293	0	0	0	1	0	S
NMDC20552226	0	0	0	1	0	S
NMDC20558248	0	0	0	1	0	S
NMDC20558249	0	0	0	1	0	S
NMDC20587296	0	0	0	1	0	S
NMDC20552228	0	0	0	1	0	S
NMDC20554253	0	0	0	1	0	S
NMDC20552229	0	0	0	1	0	S
NMDC20558251	0	0	0	1	0	S
NMDC20587299	0	0	0	1	0	S
NMDC20552230	0	0	0	1	0	S
NMDC20554254	0	0	0	1	0	S
NMDC20587301	0	0	0	1	0	S
NMDC20556242	0	0	0	1	0	S
NMDC20552233	0	0	0	1	0	S
NMDC20587302	0	0	0	1	0	S
NMDC20554255	0	0	0	1	0	S
NMDC20587303	0	0	0	1	0	S
NMDC20552234	0	0	0	1	0	S
NMDC20552235	0	0	0	1	0	S
NMDC20554256	0	0	0	1	0	S
NMDC20556244	0	0	0	1	0	S
NMDC20587308	0	0	0	1	0	S
NMDC20558255	0	0	0	1	0	S
NMDC20558257	0	0	0	1	0	S
NMDC20552238	0	0	0	1	0	S
NMDC20558259	0	0	0	1	0	S
NMDC20587310	0	0	0	1	0	S
NMDC20556246	0	0	0	1	0	S
NMDC20556247	0	0	0	1	0	S
NMDC20556248	0	0	0	1	0	S
NMDC20556249	0	0	0	1	0	S
NMDC20554258	0	0	0	1	0	S
NMDC20556251	0	0	0	1	0	S
NMDC20587312	0	0	0	1	0	S
NMDC20587313	0	0	0	1	0	S
NMDC20558260	0	0	0	1	0	S
NMDC20587314	0	0	0	1	0	S
NMDC20587315	0	0	0	1	0	S
NMDC20587316	0	0	0	1	0	S
NMDC20552242	0	0	0	1	0	S
NMDC20558263	0	0	0	1	0	S
NMDC20556256	0	0	0	1	0	S
NMDC20552243	0	0	0	1	0	S
NMDC20587320	0	0	0	1	0	S
NMDC20558264	0	0	0	1	0	S
NMDC20558265	0	0	0	1	0	S
NMDC20587323	0	0	0	1	0	S
NMDC20552246	0	0	0	1	0	S
NMDC20554262	0	0	0	1	0	S
NMDC20558269	0	0	0	1	0	S
NMDC20556260	0	0	0	1	0	S
NMDC20558270	0	0	0	1	0	S
NMDC20556261	0	0	0	1	0	S
NMDC20556262	0	0	0	1	0	S
NMDC20552249	0	0	0	1	0	S
NMDC20587327	0	0	0	1	0	S
NMDC20554264	0	0	0	1	0	S
NMDC20554265	0	0	0	1	0	S
NMDC20587329	0	0	0	1	0	S
NMDC20587330	0	0	0	1	0	S
NMDC20554266	0	0	0	1	0	S
NMDC20587331	0	0	0	1	0	S
NMDC20558273	0	0	0	1	0	S
NMDC20554268	0	0	0	1	0	S
NMDC20552252	0	0	0	1	0	S
NMDC20556264	0	0	0	1	0	S
NMDC20556266	0	0	0	1	0	S
NMDC20556267	0	0	0	1	0	S
NMDC20554269	0	0	0	1	0	S
NMDC20554270	0	0	0	1	0	S
NMDC20587335	0	0	0	1	0	S
NMDC20587336	0	0	0	1	0	S
NMDC20556269	0	0	0	1	0	S
NMDC20587337	0	0	0	1	0	S
NMDC20587339	0	0	0	1	0	S
NMDC20558275	0	0	0	1	0	S
NMDC20587340	0	0	0	1	0	S
NMDC20587341	0	0	0	1	0	S
NMDC20558278	0	0	0	1	0	S
NMDC20556271	0	0	0	1	0	S
NMDC20587342	0	0	0	1	0	S
NMDC20554272	0	0	0	1	0	S
NMDC20558279	0	0	0	1	0	S
NMDC20554273	0	0	0	1	0	S
NMDC20558280	0	0	0	1	0	S
NMDC20587343	0	0	0	1	0	S
NMDC20554274	0	0	0	1	0	S
NMDC20558281	0	0	0	1	0	S
NMDC20552255	0	0	0	1	0	S
NMDC20558282	0	0	0	1	0	S
NMDC20587347	0	0	0	0	0	S
NMDC20552257	0	0	0	1	0	S
NMDC20552259	0	0	0	1	0	S
NMDC20552260	0	0	0	1	0	S
NMDC20587349	0	0	0	1	0	S
NMDC20558285	0	0	0	1	0	S
NMDC20554275	1	0	0	1	0	S
NMDC20587350	0	0	0	1	0	S
NMDC20556272	0	0	0	1	0	S
NMDC20587352	0	0	0	1	0	S
NMDC20556274	0	0	0	1	0	S
NMDC20587356	0	0	0	1	0	S
NMDC20552262	0	0	0	1	0	S
NMDC20558286	0	0	0	1	0	S
NMDC20587358	0	0	0	1	0	S
NMDC20554278	0	0	0	1	0	S
NMDC20554279	0	0	0	1	0	S
NMDC20558287	0	0	0	1	0	S
NMDC20558288	0	0	0	1	0	S
NMDC20587360	0	0	0	1	0	S
NMDC20554280	0	0	1	0	0	S
NMDC20554282	0	0	0	1	0	S
NMDC20587363	0	0	0	1	0	S
NMDC20552265	0	0	0	1	0	S
NMDC20552266	0	0	0	1	0	S
NMDC20587368	0	0	0	1	0	S
NMDC20587371	0	0	0	1	0	S
NMDC20587373	0	0	0	1	0	S
NMDC20587375	0	0	0	1	0	S
NMDC20587376	0	0	1	0	0	S
NMDC20587377	0	0	0	1	0	S
NMDC20556280	0	0	0	1	0	S
NMDC20554287	0	0	0	1	0	S
NMDC20587378	0	0	0	1	0	S
NMDC20552272	0	0	0	1	0	S
NMDC20587380	0	0	0	1	0	S
NMDC20554289	0	0	0	1	0	S
NMDC20587383	0	0	0	1	0	S
NMDC20552276	0	0	0	1	0	S
NMDC20552278	0	0	0	1	0	S
NMDC20558298	0	0	0	1	0	S
NMDC20554292	0	0	0	1	0	S
NMDC20558299	0	0	0	1	0	S
NMDC20554293	0	0	0	1	0	S
NMDC20554294	0	0	0	1	0	S
NMDC20552279	0	0	0	1	0	S
NMDC20587389	0	0	0	1	0	S
NMDC20556283	0	0	0	1	0	S
NMDC20556284	0	0	0	1	0	S
NMDC20556285	0	0	0	1	0	S
NMDC20587390	0	0	0	1	0	S
NMDC20554297	0	0	0	1	0	S
NMDC20587392	0	0	0	1	0	S
NMDC20587393	0	0	0	1	0	S
NMDC20554298	0	0	0	1	0	S
NMDC20587394	0	0	0	1	0	S
NMDC20587395	0	0	0	1	0	S
NMDC20587396	0	0	0	1	0	S
NMDC20552282	0	0	0	1	0	S
NMDC20587398	0	0	1	0	0	S
NMDC20587399	0	0	0	1	0	S
NMDC20552283	0	0	0	1	0	S
NMDC20587401	0	0	0	1	0	S
NMDC20556291	0	0	0	1	0	S
NMDC20556292	0	0	0	1	0	S
NMDC20587403	0	0	0	1	0	S
NMDC20554300	0	0	0	1	0	S
NMDC20558309	0	0	0	1	0	S
NMDC20587406	0	0	0	1	0	S
NMDC20556293	0	0	0	1	0	S
NMDC20552284	0	0	0	1	0	S
NMDC20554302	0	0	0	1	0	S
NMDC20587409	0	0	0	1	0	S
NMDC20552285	0	0	0	1	0	S
NMDC20587410	0	0	0	1	0	S
NMDC20587411	0	0	0	1	0	S
NMDC20552286	0	0	0	1	0	S
NMDC20587412	0	0	0	1	0	S
NMDC20554305	0	0	0	1	0	S
NMDC20558311	0	0	0	1	0	S
NMDC20558312	0	0	0	1	0	S
NMDC20554307	0	0	0	1	0	S
NMDC20556295	0	0	0	1	0	S
NMDC20558313	0	0	0	1	0	S
NMDC20587415	0	0	0	1	0	S
NMDC20558314	0	0	0	1	0	S
NMDC20587417	0	0	0	1	0	S
NMDC20554309	0	0	0	1	0	S
NMDC20587418	0	0	0	1	0	S
NMDC20587419	0	0	0	1	0	S
NMDC20556298	0	0	0	1	0	S
NMDC20552287	0	0	0	1	0	S
NMDC20587422	0	0	0	1	0	S
NMDC20558320	0	0	0	1	0	S
NMDC20554311	0	0	0	1	0	S
NMDC20587424	0	0	0	1	0	S
NMDC20587425	0	0	0	1	0	S
NMDC20558322	0	0	0	1	0	S
NMDC20552289	0	0	0	1	0	S
NMDC20552290	0	0	0	1	0	S
NMDC20587427	0	0	0	1	0	S
NMDC20558323	0	0	0	1	0	S
NMDC20556304	0	0	0	1	0	S
NMDC20556305	0	0	0	1	0	S
NMDC20587430	0	0	0	1	0	S
NMDC20587431	0	0	0	1	0	S
NMDC20587432	0	0	0	1	0	S
NMDC20552291	0	0	0	1	0	S
NMDC20554313	0	0	0	1	0	S
NMDC20587433	0	0	0	1	0	S
NMDC20556306	0	0	0	1	0	S
NMDC20558324	0	0	0	1	0	S
NMDC20558325	0	0	0	1	0	S
NMDC20558326	0	0	0	1	0	S
NMDC20587436	0	0	0	1	0	S
NMDC20587437	0	0	0	1	0	S
NMDC20556307	0	0	0	1	0	S
NMDC20554315	0	0	0	1	0	S
NMDC20558328	0	0	0	1	0	S
NMDC20558329	0	0	0	1	0	S
NMDC20587438	0	0	0	1	0	S
NMDC20556308	0	0	0	1	0	S
NMDC20558330	0	0	0	1	0	S
NMDC20587439	0	0	1	0	0	S
NMDC20587440	0	0	0	1	0	S
NMDC20558331	0	0	0	1	0	S
NMDC20558332	0	0	0	1	0	S
NMDC20556310	0	0	0	1	0	S
NMDC20552293	0	0	0	1	0	S
NMDC20587443	0	0	1	0	0	S
NMDC20556311	0	0	0	1	0	S
NMDC20587445	0	0	0	1	0	S
NMDC20556312	0	0	0	1	0	S
NMDC20587447	0	0	0	1	0	S
NMDC20587448	0	0	0	1	0	S
NMDC20587449	0	0	0	1	0	S
NMDC20554318	0	0	0	1	0	S
NMDC20587452	0	0	0	1	0	S
NMDC20587453	0	0	0	1	0	S
NMDC20558333	0	0	0	1	0	S
NMDC20552296	0	0	0	1	0	S
NMDC20558334	0	0	0	1	0	S
NMDC20587454	0	0	0	1	0	S
NMDC20554320	0	0	0	1	0	S
NMDC20556317	0	0	0	1	0	S
NMDC20552297	0	0	0	1	0	S
NMDC20558335	0	0	0	1	0	S
NMDC20587455	0	0	0	1	0	S
NMDC20556318	0	0	0	0	0	S
NMDC20587457	0	0	0	1	0	S
NMDC20556319	0	0	0	1	0	S
NMDC20587458	0	0	0	1	0	S
NMDC20587459	0	0	0	1	0	S
NMDC20552299	0	0	0	0	0	S
NMDC20556322	0	0	0	1	0	S
NMDC20587462	0	0	0	1	0	S
NMDC20587463	0	0	0	1	0	S
NMDC20587464	0	0	0	1	0	S
NMDC20554326	0	0	0	1	0	S
NMDC20558338	0	0	0	1	0	S
NMDC20587467	0	0	0	1	0	S
NMDC20558339	0	0	0	1	0	S
NMDC20556324	0	0	0	1	0	S
NMDC20558340	0	0	0	1	0	S
NMDC20587468	0	0	0	1	0	S
NMDC20558341	0	0	0	1	0	S
NMDC20587471	0	0	0	1	0	S
NMDC20552304	0	0	0	1	0	S
NMDC20587472	0	0	0	1	0	S
NMDC20587473	0	0	0	1	0	S
NMDC20554329	0	0	0	1	0	S
NMDC20587476	0	0	0	1	0	S
NMDC20556327	0	0	0	1	0	S
NMDC20587479	0	0	0	1	0	S
NMDC20554331	0	0	0	1	0	S
NMDC20556329	0	0	0	1	0	S
NMDC20587484	0	0	0	1	0	S
NMDC20587485	0	0	0	1	0	S
NMDC20552307	0	0	0	1	0	S
NMDC20587486	0	0	0	1	0	S
NMDC20554332	0	0	0	1	0	S
NMDC20554333	0	0	0	1	0	S
NMDC20552309	0	0	0	1	0	S
NMDC20587488	0	0	0	1	0	S
NMDC20587489	0	0	0	1	0	S
NMDC20556330	0	0	0	1	0	S
NMDC20587490	0	0	0	1	0	S
NMDC20558346	0	0	0	1	0	S
NMDC20587491	0	0	0	1	0	S
NMDC20587492	0	0	0	1	0	S
NMDC20556332	0	0	0	1	0	S
NMDC20587493	0	0	0	1	1	S
NMDC20558349	0	0	0	1	0	S
NMDC20587494	0	0	0	1	0	S
NMDC20587495	0	0	0	1	0	S
NMDC20552311	0	0	0	1	0	S
NMDC20587496	0	0	0	1	0	S
NMDC20587497	0	0	0	1	0	S
NMDC20556334	0	0	0	1	0	S
NMDC20587504	0	0	0	1	0	S
NMDC20558350	0	0	0	1	0	S
NMDC20587505	0	0	0	1	0	S
NMDC20552314	0	0	0	1	0	S
NMDC20554337	0	0	0	1	0	S
NMDC20587506	0	0	0	1	0	S
NMDC20587509	0	0	0	1	0	S
NMDC20552315	0	0	0	1	0	S
NMDC20558351	1	0	0	1	0	S
NMDC20587511	0	0	0	1	0	S
NMDC20558353	0	0	0	1	0	S
NMDC20558354	0	0	0	1	0	S
NMDC20587513	0	0	0	1	0	S
NMDC20558355	0	0	0	1	0	S
NMDC20558356	0	0	0	1	0	S
NMDC20554338	0	0	0	1	0	S
NMDC20587516	0	0	0	1	0	S
NMDC20558357	0	0	0	1	0	S
NMDC20552318	0	0	0	1	0	S
NMDC20558358	0	0	0	1	0	S
NMDC20587517	0	0	0	1	0	S
NMDC20558359	0	0	0	1	0	S
NMDC20552319	0	0	0	1	0	S
NMDC20554339	0	0	0	1	0	S
NMDC20552320	0	0	0	1	0	S
NMDC20587518	0	0	0	1	0	S
NMDC20587522	0	0	0	1	0	S
NMDC20554340	0	0	0	1	0	S
NMDC20558361	0	0	0	1	0	S
NMDC20587524	0	0	0	1	0	S
NMDC20587525	0	0	0	1	0	S
NMDC20554341	0	0	0	1	0	S
NMDC20558362	0	0	0	1	0	S
NMDC20587527	0	0	0	1	0	S
NMDC20587528	0	0	0	1	0	S
NMDC20556337	0	0	0	1	0	S
NMDC20554342	0	0	0	1	0	S
NMDC20556338	0	0	0	1	0	S
NMDC20554343	0	0	0	1	0	S
NMDC20552324	0	0	1	0	0	S
NMDC20587529	0	0	0	1	0	S
NMDC20558363	0	0	0	1	0	S
NMDC20554344	0	0	0	1	0	S
NMDC20587530	0	0	0	1	0	S
NMDC20587531	0	0	0	1	0	S
NMDC20552325	0	0	0	1	0	S
NMDC20587534	0	0	1	0	0	S
NMDC20587535	0	0	0	1	0	S
NMDC20558366	0	0	0	1	0	S
NMDC20556339	0	0	0	1	0	S
NMDC20558367	0	0	0	1	0	S
NMDC20587537	0	0	0	1	0	S
NMDC20587538	0	0	0	1	0	S
NMDC20587539	0	0	0	1	0	S
NMDC20587540	0	0	0	1	0	S
NMDC20587541	0	0	0	1	0	S
NMDC20554347	0	0	0	1	0	S
NMDC20587542	0	0	0	1	0	S
NMDC20587544	0	0	0	1	0	S
NMDC20554349	0	0	0	1	0	S
NMDC20552331	0	0	0	1	0	S
NMDC20587548	0	0	0	1	0	S
NMDC20552334	0	0	0	1	0	S
NMDC20587549	0	0	0	1	0	S
NMDC20554352	0	0	0	1	0	S
NMDC20556344	0	0	0	1	0	S
NMDC20558369	0	0	0	1	0	S
NMDC20552335	0	0	0	1	0	S
NMDC20587552	0	0	0	1	0	S
NMDC20552336	0	0	0	1	0	S
NMDC20556345	0	0	0	0	0	S
NMDC20552337	0	0	0	1	0	S
NMDC20587555	0	0	0	1	0	S
NMDC20554357	0	0	0	1	0	S
NMDC20587559	0	0	0	1	0	S
NMDC20587563	0	0	0	1	0	S
NMDC20556350	0	0	0	1	0	S
NMDC20558371	0	0	0	1	0	S
NMDC20552339	0	0	0	1	0	S
NMDC20552340	0	0	0	1	0	S
NMDC20552341	0	0	0	1	0	S
NMDC20587564	0	0	0	1	0	S
NMDC20552344	0	0	0	1	0	S
NMDC20558373	0	0	0	1	0	S
NMDC20552345	0	0	0	1	0	S
NMDC20587568	1	0	0	1	0	S
NMDC20587569	1	0	0	1	0	S
NMDC20587573	0	0	0	1	0	S
NMDC20587575	1	0	0	1	0	S
NMDC20587572	0	0	0	1	0	S
NMDC20587580	1	0	1	0	0	S
NMDC20587581	0	0	0	1	1	S
NMDC20587584	0	0	0	1	0	S
NMDC20587586	0	0	0	1	0	S
NMDC20587587	1	0	0	0	0	S
NMDC20587588	1	0	0	0	0	S
NMDC20587591	1	1	1	1	0	S
NMDC20587595	0	0	0	1	0	S
NMDC20587596	0	0	0	1	0	S
NMDC20587602	1	0	0	1	0	S
NMDC20587609	0	1	0	1	0	S
NMDC20587610	0	0	0	1	0	S
NMDC20587613	0	0	0	1	0	S
NMDC20587614	0	0	0	1	0	S
NMDC20587617	0	0	0	1	0	S
NMDC20587618	0	0	0	1	0	S
NMDC20587619	0	0	0	1	0	S
NMDC20587620	0	0	0	1	0	S
NMDC20587631	0	0	1	0	0	S
NMDC20587633	0	0	0	1	0	S
NMDC20587634	0	0	0	1	0	S
NMDC20587635	0	0	0	1	0	S
NMDC20587637	1	0	0	1	0	S
NMDC20587640	0	0	0	1	0	S
NMDC20587644	0	0	0	1	0	S
NMDC20587645	0	0	0	1	0	S
NMDC20587646	0	0	0	1	0	S
NMDC20587647	0	0	0	1	0	S
NMDC20587649	0	0	0	1	0	S
NMDC20587650	0	0	0	1	0	S
NMDC20587651	0	0	0	1	0	S
NMDC20587652	0	0	0	1	0	S
NMDC20587653	0	0	0	1	0	S
NMDC20587654	0	0	0	1	0	S
NMDC20587658	0	0	0	1	0	S
NMDC20587659	0	0	0	1	0	S
NMDC20587660	0	0	0	1	0	S
NMDC20587661	0	0	0	1	0	S
NMDC20587662	0	0	0	1	0	S
NMDC20587664	0	0	0	1	0	S
NMDC20587672	0	0	1	0	0	S
NMDC20587674	0	0	0	1	0	S
NMDC20587675	0	0	0	1	0	S
NMDC20587680	0	0	0	1	0	S
NMDC20587681	0	0	0	1	0	S
NMDC20587683	0	0	0	1	0	S
NMDC20587684	0	0	0	1	0	S
NMDC20587685	0	0	0	1	0	S
NMDC20587686	0	0	0	0	0	S
NMDC20587690	0	0	0	1	0	S
NMDC20587691	0	0	0	1	0	S
NMDC20587693	0	0	0	1	0	S
NMDC20587694	0	0	0	1	0	S
NMDC20587697	0	0	0	1	0	S
NMDC20587698	0	0	0	1	0	S
NMDC20587701	0	0	0	1	0	S
NMDC20587702	0	0	0	1	0	S
NMDC20587707	0	0	0	0	0	S
NMDC20587709	0	0	0	0	0	S
NMDC20587710	0	0	0	1	0	S
NMDC20587711	0	0	0	1	0	S
NMDC20587715	0	0	0	1	0	S
NMDC20587717	0	0	0	1	0	S
NMDC20587719	0	0	0	1	0	S
NMDC20587723	0	0	0	1	0	S
NMDC20587724	0	0	0	0	0	S
NMDC20587726	0	0	0	1	0	S
NMDC20587728	0	0	0	1	0	S
NMDC20587729	0	0	0	1	0	S
NMDC20587730	0	0	0	1	0	S
NMDC20587732	0	0	1	0	0	S
NMDC20587736	0	0	0	1	0	S
NMDC20587739	0	0	0	0	0	S
NMDC20587740	0	0	0	1	0	S
NMDC20587746	0	0	0	1	0	S
NMDC20587750	0	0	0	1	0	S
NMDC20587751	0	0	0	1	0	S
NMDC20587752	0	0	0	1	0	S
NMDC20587758	0	0	1	0	0	S
NMDC20587760	0	0	0	1	0	S
NMDC20587767	0	0	0	1	0	S
NMDC20587768	0	0	0	1	0	S
NMDC20587769	0	0	0	1	0	S
NMDC20587770	0	0	0	1	0	S
NMDC20587771	0	0	0	1	0	S
NMDC20587777	0	0	0	1	0	S
NMDC20587781	0	0	0	1	0	S
NMDC20587782	0	0	0	1	0	S
NMDC20587783	0	0	0	1	0	S
NMDC20587792	0	0	0	1	0	S
NMDC20587801	0	0	0	1	0	S
NMDC20587803	0	0	0	1	0	S
NMDC20587804	0	0	0	1	0	S
NMDC20587808	0	0	0	1	0	S
NMDC20587809	0	0	0	1	0	S
NMDC20587811	0	0	0	1	0	S
NMDC20587812	0	0	0	0	0	S
NMDC20587815	0	0	0	0	0	S
NMDC20587816	0	0	1	0	0	S
NMDC20587818	0	0	0	1	0	S
NMDC20587819	0	0	0	1	0	S
NMDC20587820	1	0	1	1	0	S
NMDC20587824	0	0	0	1	0	S
NMDC20587825	0	0	0	1	0	S
NMDC20587827	0	0	0	1	0	S
NMDC20587828	0	0	0	1	0	S
NMDC20587829	0	0	0	1	0	S
NMDC20587831	0	0	0	1	0	S
NMDC20587835	0	0	0	1	0	S
NMDC20587836	0	0	1	0	0	S
NMDC20587837	0	0	1	0	0	S
NMDC20587839	0	0	0	1	0	S
NMDC20587840	0	0	0	1	0	S
NMDC20587841	0	0	0	0	0	S
NMDC20587843	0	0	0	1	0	S
NMDC20587844	0	0	0	1	0	S
NMDC20587845	0	0	0	1	0	S
NMDC20587847	0	0	1	0	0	S
NMDC20587848	0	0	0	1	0	S
NMDC20587849	0	0	0	1	0	S
NMDC20587851	0	0	0	1	0	S
NMDC20587853	0	0	0	1	0	S
NMDC20587855	0	0	0	1	0	S
NMDC20587856	0	0	0	1	0	S
NMDC20587859	0	0	0	1	0	S
NMDC20587861	0	0	0	0	0	S
NMDC20587863	0	0	0	1	0	S
NMDC20587864	0	0	0	1	0	S
NMDC20587866	0	0	0	1	0	S
NMDC20587871	0	0	0	1	0	S
NMDC20587879	0	0	0	0	0	S
NMDC20587883	0	0	0	0	0	S
NMDC20587884	0	0	0	0	0	S
NMDC20587895	0	0	1	0	0	S
NMDC20587901	0	0	0	1	0	S
NMDC20587902	0	0	0	1	0	S
NMDC20587903	0	0	0	0	0	S
NMDC20587906	0	0	0	1	0	S
NMDC20587907	0	0	0	1	0	S
NMDC20587908	0	0	0	1	0	S
NMDC20587909	0	0	0	1	0	S
NMDC20587912	0	0	0	1	0	S
NMDC20587913	0	0	0	1	0	S
NMDC20587918	0	0	0	1	0	S
NMDC20587919	0	0	0	1	0	S
NMDC20587925	0	0	1	0	0	S
NMDC20587926	0	0	0	1	0	S
NMDC20587927	0	0	0	1	0	S
NMDC20587933	0	0	0	1	0	S
NMDC20587935	0	0	0	1	0	S
NMDC20587939	0	0	0	0	0	S
NMDC20587940	0	0	0	1	0	S
NMDC20587941	0	0	0	1	0	S
NMDC20587945	0	0	0	0	0	S
NMDC20587946	0	0	0	1	0	S
NMDC20587947	0	0	0	1	0	S
NMDC20587948	0	0	0	1	0	S
NMDC20587950	0	0	0	1	0	S
NMDC20587955	0	0	0	1	0	S
NMDC20587957	0	0	0	0	0	S
NMDC20587958	0	0	0	1	0	S
NMDC20587960	0	0	0	1	0	S
NMDC20587966	0	0	0	1	0	S
NMDC20587968	1	0	0	1	0	S
NMDC20587969	0	0	0	1	0	S
NMDC20587971	0	0	0	1	0	S
NMDC20587972	0	0	0	1	0	S
NMDC20587973	0	0	0	1	0	S
NMDC20587974	0	0	0	1	0	S
NMDC20587978	0	0	0	1	0	S
NMDC20587981	0	0	0	1	0	S
NMDC20587982	0	0	0	1	0	S
NMDC20587983	0	0	0	1	0	S
NMDC20587984	0	0	0	1	0	S
NMDC20587985	0	0	0	1	0	S
NMDC20587986	0	0	1	0	0	S
NMDC20587987	0	0	0	1	0	S
NMDC20587988	0	0	0	1	0	S
NMDC20587994	0	0	0	1	0	S
NMDC20588001	0	0	0	1	0	S
NMDC20588005	0	0	0	1	0	S
NMDC20588006	0	0	0	1	0	S
NMDC20588008	0	0	0	1	0	S
NMDC20588009	0	0	0	1	0	S
NMDC20588010	0	0	0	1	0	S
NMDC20588013	0	0	0	1	0	S
NMDC20588018	0	0	0	1	0	S
NMDC20588019	0	0	0	1	0	S
NMDC20588021	0	0	0	1	0	S
NMDC20588023	0	0	1	0	0	S
NMDC20588028	0	0	0	1	0	S
NMDC20588030	0	0	0	1	0	S
NMDC20588031	0	0	0	1	0	S
NMDC20588033	0	0	0	1	0	S
NMDC20588036	0	0	0	1	0	S
NMDC20588037	0	0	0	1	0	S
NMDC20588046	0	0	0	0	0	S
NMDC20588058	0	0	0	1	0	S
NMDC20588059	0	0	0	1	0	S
NMDC20588060	0	0	0	1	0	S
NMDC20588068	0	0	0	1	0	S
NMDC20556353	0	0	0	1	0	S
NMDC20554362	0	0	0	1	0	S
NMDC20588070	0	0	0	1	0	S
NMDC20588071	0	0	0	1	0	S
NMDC20552346	0	0	0	1	0	S
NMDC20558377	0	0	0	1	0	S
NMDC20552347	0	0	0	1	0	S
NMDC20588072	0	0	0	1	0	S
NMDC20588073	0	0	0	1	0	S
NMDC20588074	0	0	0	1	0	S
NMDC20552348	0	0	0	1	0	S
NMDC20588076	0	0	0	1	0	S
NMDC20588077	0	0	0	1	0	S
NMDC20588078	0	0	0	1	0	S
NMDC20588079	0	0	0	1	0	S
NMDC20554365	0	0	0	1	0	S
NMDC20558378	0	0	0	1	0	S
NMDC20558379	0	0	0	1	0	S
NMDC20588081	0	0	0	1	0	S
NMDC20552350	0	0	0	1	0	S
NMDC20588082	0	0	0	1	0	S
NMDC20554366	0	0	0	1	0	S
NMDC20554367	0	0	0	1	0	S
NMDC20588083	0	0	0	1	0	S
NMDC20588084	0	0	0	1	0	S
NMDC20552351	0	0	0	1	0	S
NMDC20588086	0	0	0	1	0	S
NMDC20554368	0	0	0	1	0	S
NMDC20558381	0	0	0	1	0	S
NMDC20552352	0	0	0	1	0	S
NMDC20556355	0	0	0	1	0	S
NMDC20588087	0	0	0	1	0	S
NMDC20588088	0	0	0	1	0	S
NMDC20588089	0	0	0	1	0	S
NMDC20588090	0	0	0	1	0	S
NMDC20588091	0	0	0	1	0	S
NMDC20558383	0	0	0	1	0	S
NMDC20556356	0	0	0	1	0	S
NMDC20588093	0	0	0	1	0	S
NMDC20554370	0	0	0	1	0	S
NMDC20558384	0	0	0	1	0	S
NMDC20556357	0	0	0	1	0	S
NMDC20588094	0	0	0	1	0	S
NMDC20588095	0	0	0	1	0	S
NMDC20588096	0	0	0	1	0	S
NMDC20588097	0	0	0	1	0	S
NMDC20588098	0	0	0	1	0	S
NMDC20588099	0	0	0	1	0	S
NMDC20558386	0	0	0	1	0	S
NMDC20558387	0	0	0	1	0	S
NMDC20552353	0	0	0	1	0	S
NMDC20552354	0	0	0	1	0	S
NMDC20552355	0	0	0	1	0	S
NMDC20556358	0	0	0	1	0	S
NMDC20552357	0	0	0	1	0	S
NMDC20556359	0	0	0	1	0	S
NMDC20556360	0	0	0	1	0	S
NMDC20552358	0	0	0	1	0	S
NMDC20588101	0	0	0	1	0	S
NMDC20554371	0	0	0	1	0	S
NMDC20588102	0	0	0	1	0	S
NMDC20554372	0	0	0	1	0	S
NMDC20554373	0	0	0	1	0	S
NMDC20588103	0	0	0	1	0	S
NMDC20588104	0	0	0	1	0	S
NMDC20588106	0	0	0	1	0	S
NMDC20552360	0	0	0	1	0	S
NMDC20554375	0	0	0	1	0	S
NMDC20552361	0	0	0	1	0	S
NMDC20588107	0	0	0	1	0	S
NMDC20558388	0	0	0	1	0	S
NMDC20558389	0	0	0	1	0	S
NMDC20588108	0	0	0	1	0	S
NMDC20588109	0	0	0	1	0	S
NMDC20588110	0	0	0	1	0	S
NMDC20558390	0	0	0	1	0	S
NMDC20558391	0	0	0	1	0	S
NMDC20588111	0	0	0	1	0	S
NMDC20588113	0	0	0	1	0	S
NMDC20588114	0	0	0	1	0	S
NMDC20588115	0	0	0	1	0	S
NMDC20554376	0	0	0	1	0	S
NMDC20552364	0	0	0	1	0	S
NMDC20588117	0	0	0	1	0	S
NMDC20558392	0	0	0	1	0	S
NMDC20588118	0	0	0	1	0	S
NMDC20588119	0	0	0	1	0	S
NMDC20588120	0	0	0	1	0	S
NMDC20588121	0	0	0	1	0	S
NMDC20588123	0	0	0	1	0	S
NMDC20556361	0	0	0	1	0	S
NMDC20588126	0	0	0	1	0	S
NMDC20588127	0	0	0	1	0	S
NMDC20552366	0	0	0	1	0	S
NMDC20556363	0	0	0	1	0	S
NMDC20554377	0	0	0	1	0	S
NMDC20554378	0	0	0	1	0	S
NMDC20588128	0	0	0	1	0	S
NMDC20588129	0	0	0	1	0	S
NMDC20588132	0	0	0	1	0	S
NMDC20558396	0	0	0	1	0	S
NMDC20588133	0	0	0	1	0	S
NMDC20554379	0	0	0	1	0	S
NMDC20556365	0	0	0	1	0	S
NMDC20552370	0	0	0	1	0	S
NMDC20554380	0	0	0	1	0	S
NMDC20554381	0	0	0	1	0	S
NMDC20588134	0	0	0	1	0	S
NMDC20588135	0	0	0	1	0	S
NMDC20556366	0	0	0	1	0	S
NMDC20588136	0	0	0	1	0	S
NMDC20558397	0	0	0	1	0	S
NMDC20552371	0	0	0	1	0	S
NMDC20554382	0	0	0	1	0	S
NMDC20552373	0	0	0	1	0	S
NMDC20588137	0	0	0	1	0	S
NMDC20558398	0	0	0	1	0	S
NMDC20552374	0	0	0	1	0	S
NMDC20552375	0	0	0	1	0	S
NMDC20554383	0	0	0	1	0	S
NMDC20588138	0	0	0	1	0	S
NMDC20554384	0	0	0	0	0	S
NMDC20558399	0	0	0	0	0	S
NMDC20556368	0	0	0	0	0	S
NMDC20552377	0	0	0	0	0	S
NMDC20556369	0	0	0	0	0	S
NMDC20588141	0	0	0	0	0	S
NMDC20588142	0	0	0	0	0	S
NMDC20588143	0	0	0	0	0	S
NMDC20554385	0	0	0	0	0	S
NMDC20554386	0	0	0	0	0	S
NMDC20588144	0	0	0	0	0	S
NMDC20588145	0	0	0	0	0	S
NMDC20554387	0	0	0	0	0	S
NMDC20588146	0	0	0	0	0	S
NMDC20588147	0	0	0	1	0	S
NMDC20552381	0	0	0	1	0	S
NMDC20588148	0	0	0	1	0	S
NMDC20588149	0	0	0	1	0	S
NMDC20556370	0	0	0	1	0	S
NMDC20556371	0	0	0	1	0	S
NMDC20558401	0	0	0	1	0	S
NMDC20552383	0	0	0	1	0	S
NMDC20588150	0	0	0	1	0	S
NMDC20588151	0	0	0	1	0	S
NMDC20556372	0	0	0	1	0	S
NMDC20588152	0	0	0	1	0	S
NMDC20588154	0	0	0	1	0	S
NMDC20588155	0	0	0	1	0	S
NMDC20588156	0	0	0	1	0	S
NMDC20558402	0	0	0	1	0	S
NMDC20588157	0	0	0	1	0	S
NMDC20552384	0	0	0	1	0	S
NMDC20588158	0	0	0	1	0	S
NMDC20552385	0	0	0	1	0	S
NMDC20552386	0	0	0	1	0	S
NMDC20556374	0	0	0	1	0	S
NMDC20588161	0	0	0	1	0	S
NMDC20558403	0	0	0	1	0	S
NMDC20554390	0	0	0	1	0	S
NMDC20556375	0	0	0	1	0	S
NMDC20588162	0	0	0	1	0	S
NMDC20588163	0	0	0	1	0	S
NMDC20588164	0	0	0	1	0	S
NMDC20588165	0	0	0	1	0	S
NMDC20588166	0	0	0	1	0	S
NMDC20588167	0	0	0	1	0	S
NMDC20554391	0	0	0	1	0	S
NMDC20552389	0	0	0	1	0	S
NMDC20558405	0	0	0	1	0	S
NMDC20588168	0	0	0	1	0	S
NMDC20554392	0	0	0	1	0	S
NMDC20556376	0	0	0	1	0	S
NMDC20588170	0	0	0	1	0	S
NMDC20552390	0	0	0	1	0	S
NMDC20588172	0	0	0	1	0	S
NMDC20588173	0	0	0	1	0	S
NMDC20558196	0	0	0	1	0	S
NMDC20587207	0	0	0	1	0	S
NMDC20558197	0	0	0	1	0	S
NMDC20558198	0	0	0	1	0	S
NMDC20558199	0	0	0	1	0	S
NMDC20556197	0	0	0	1	0	S
NMDC20587208	0	0	0	1	0	S
NMDC20552175	0	0	0	1	0	S
NMDC20554205	0	0	0	1	0	S
NMDC20558291	0	0	0	0	0	S
NMDC20552267	0	0	0	1	0	S
NMDC20554285	0	0	0	1	0	S
NMDC20552269	0	0	0	1	0	S
NMDC20587547	0	0	0	1	0	S
NMDC20554355	0	0	0	1	0	S
NMDC20556348	0	0	0	1	0	S
NMDC20554356	0	0	0	1	0	S
NMDC20556349	0	0	0	1	0	S
NMDC20587565	0	0	0	1	0	S
NMDC20588636	0	0	0	1	0	S
NMDC20588640	0	0	0	1	0	S
NMDC20588642	0	0	0	1	0	S
NMDC20588645	0	0	0	0	0	S
NMDC20588646	0	0	0	1	0	S
NMDC20589043	0	0	0	1	0	S
NMDC20588651	0	0	0	1	0	S
NMDC20588652	0	0	0	1	0	S
NMDC20588654	0	0	0	1	0	S
NMDC20588655	0	0	0	1	0	S
NMDC20588658	0	0	1	0	0	S
NMDC20588667	0	0	0	1	0	S
NMDC20588669	0	0	0	1	0	S
NMDC20588671	0	0	0	1	0	S
NMDC20588672	0	0	0	0	0	S
NMDC20588673	0	0	0	1	0	S
NMDC20588674	0	0	0	1	0	S
NMDC20588677	0	0	0	1	0	S
NMDC20588682	0	0	0	1	0	S
NMDC20588685	0	0	0	1	0	S
NMDC20588686	0	0	1	0	0	S
NMDC20588687	0	0	0	1	0	S
NMDC20588688	0	0	0	1	0	S
NMDC20588689	0	0	0	1	0	S
NMDC20588690	0	0	0	1	0	S
NMDC20588693	0	0	0	1	0	S
NMDC20588696	0	0	0	1	0	S
NMDC20588699	0	0	0	1	0	S
NMDC20588700	0	0	0	1	0	S
NMDC20588704	0	0	0	1	0	S
NMDC20588707	0	0	0	1	0	S
NMDC20588710	0	0	0	1	0	S
NMDC20588711	0	0	0	1	0	S
NMDC20588715	0	0	0	1	0	S
NMDC20588717	0	0	0	1	0	S
NMDC20588719	0	0	0	1	0	S
NMDC20588720	0	0	0	1	0	S
NMDC20588722	0	0	0	1	0	S
NMDC20588723	0	0	0	1	0	S
NMDC20588724	0	0	0	1	0	S
NMDC20588729	0	0	0	1	0	S
NMDC20588734	0	0	0	1	0	S
NMDC20588735	0	0	0	1	0	S
NMDC20588736	0	0	0	1	0	S
NMDC20588739	0	0	0	1	0	S
NMDC20588744	0	0	0	1	0	S
NMDC20588745	0	0	0	1	0	S
NMDC20588751	0	0	0	1	0	S
NMDC20588753	0	0	0	1	0	S
NMDC20554581	0	0	0	1	0	S
NMDC20554582	0	0	0	1	0	S
NMDC20588757	0	0	0	1	0	S
NMDC20588758	0	0	0	1	0	S
NMDC20558578	0	0	0	1	0	S
NMDC20588759	0	0	0	1	0	S
NMDC20588760	0	0	0	1	0	S
NMDC20588764	0	0	0	1	0	S
NMDC20552580	0	0	0	1	0	S
NMDC20558579	0	0	0	1	0	S
NMDC20588766	0	0	0	1	0	S
NMDC20588767	0	0	0	0	0	S
NMDC20588768	0	0	0	1	0	S
NMDC20588769	0	0	0	1	0	S
NMDC20558580	0	0	0	1	0	S
NMDC20554584	0	0	0	1	0	S
NMDC20588773	0	0	0	1	0	S
NMDC20588774	0	0	0	1	0	S
NMDC20558581	0	0	0	1	0	S
NMDC20588775	0	0	0	1	0	S
NMDC20588776	0	0	0	1	0	S
NMDC20556581	0	0	0	1	0	S
NMDC20558582	0	0	0	1	0	S
NMDC20558583	0	0	0	1	0	S
NMDC20588777	0	0	0	1	0	S
NMDC20588778	0	0	0	1	0	S
NMDC20588779	0	0	0	1	0	S
NMDC20552582	0	0	0	1	0	S
NMDC20552583	0	0	0	1	0	S
NMDC20558584	0	0	0	1	0	S
NMDC20552584	0	0	0	1	0	S
NMDC20588780	0	0	0	1	0	S
NMDC20558585	0	0	0	1	0	S
NMDC20588781	0	0	0	1	0	S
NMDC20552585	0	0	0	1	0	S
NMDC20558586	0	0	0	1	0	S
NMDC20588782	0	0	0	1	0	S
NMDC20588783	0	0	0	1	0	S
NMDC20552586	0	0	0	1	0	S
NMDC20588785	0	0	0	1	0	S
NMDC20558587	0	0	0	1	0	S
NMDC20556583	0	0	0	1	0	S
NMDC20556584	0	0	0	1	0	S
NMDC20558588	0	0	0	1	0	S
NMDC20588788	0	0	0	1	0	S
NMDC20554588	0	0	0	1	0	S
NMDC20588789	0	0	0	1	0	S
NMDC20588790	0	0	0	1	0	S
NMDC20588791	0	0	0	1	0	S
NMDC20552588	0	0	0	1	0	S
NMDC20588794	0	0	0	1	0	S
NMDC20556585	0	0	0	1	0	S
NMDC20556586	0	0	0	1	0	S
NMDC20558590	0	0	0	1	0	S
NMDC20556587	0	0	0	1	0	S
NMDC20556589	0	0	0	1	0	S
NMDC20588795	0	0	0	1	0	S
NMDC20554590	0	0	0	1	0	S
NMDC20556590	0	0	0	1	0	S
NMDC20558591	0	0	0	1	0	S
NMDC20554591	0	0	0	1	0	S
NMDC20588796	0	0	0	1	0	S
NMDC20588797	0	0	0	1	0	S
NMDC20588798	0	0	0	1	0	S
NMDC20556591	0	0	0	1	0	S
NMDC20556592	0	0	0	1	0	S
NMDC20588800	0	0	0	1	0	S
NMDC20588801	0	0	0	1	0	S
NMDC20552589	0	0	0	1	0	S
NMDC20588803	0	0	0	1	0	S
NMDC20588804	0	0	0	1	0	S
NMDC20558592	0	0	0	1	0	S
NMDC20552590	0	0	0	1	0	S
NMDC20588806	0	0	0	1	0	S
NMDC20558593	0	0	0	1	0	S
NMDC20558594	0	0	0	1	0	S
NMDC20588807	0	0	0	1	0	S
NMDC20588808	0	0	0	1	0	S
NMDC20554593	0	0	0	1	0	S
NMDC20588809	0	0	0	1	0	S
NMDC20588810	0	0	0	1	0	S
NMDC20552591	0	0	0	1	0	S
NMDC20552592	0	0	0	1	0	S
NMDC20588812	0	0	0	1	0	S
NMDC20552593	0	0	0	1	0	S
NMDC20552594	0	0	0	1	0	S
NMDC20558595	0	0	0	1	0	S
NMDC20588813	0	0	0	1	0	S
NMDC20558596	0	0	0	1	0	S
NMDC20558597	0	0	0	1	0	S
NMDC20552595	0	0	0	1	0	S
NMDC20558598	0	0	0	1	0	S
NMDC20556593	0	0	0	1	0	S
NMDC20588814	0	0	0	1	0	S
NMDC20552596	0	0	0	1	0	S
NMDC20588815	0	0	0	1	0	S
NMDC20588816	0	0	0	1	0	S
NMDC20588817	0	0	0	1	0	S
NMDC20588818	0	0	0	1	0	S
NMDC20554595	0	0	0	1	0	S
NMDC20558599	0	0	0	1	0	S
NMDC20554596	0	0	0	1	0	S
NMDC20554597	0	0	0	1	0	S
NMDC20552597	0	0	0	1	0	S
NMDC20554598	0	0	0	1	0	S
NMDC20558600	0	0	0	1	0	S
NMDC20554599	0	0	0	1	0	S
NMDC20558601	0	0	0	1	0	S
NMDC20588819	0	0	0	1	0	S
NMDC20554600	0	0	0	1	0	S
NMDC20552598	0	0	0	1	0	S
NMDC20588821	0	0	0	1	0	S
NMDC20588822	0	0	0	1	0	S
NMDC20558602	0	0	0	1	0	S
NMDC20556595	0	0	0	1	0	S
NMDC20552599	0	0	0	1	0	S
NMDC20558603	0	0	0	1	0	S
NMDC20556596	0	0	0	1	0	S
NMDC20588824	0	0	0	1	0	S
NMDC20554604	0	0	0	1	0	S
NMDC20552602	0	0	0	1	0	S
NMDC20556597	0	0	0	1	0	S
NMDC20588827	0	0	0	1	0	S
NMDC20588828	0	0	0	1	0	S
NMDC20558606	0	0	0	1	0	S
NMDC20556599	0	0	0	1	0	S
NMDC20552603	0	0	0	1	0	S
NMDC20588829	0	0	0	1	0	S
NMDC20558607	0	0	0	1	0	S
NMDC20588830	0	0	0	1	0	S
NMDC20588831	0	0	0	1	0	S
NMDC20552600	0	0	0	1	0	S
NMDC20554602	0	0	0	1	0	S
NMDC20558604	0	0	0	1	0	S
NMDC20558605	0	0	0	1	0	S
NMDC20554603	0	0	0	1	0	S
NMDC20552601	0	0	0	1	0	S
NMDC20582164	0	0	1	0	0	S
NMDC20550668	0	0	0	1	0	S
NMDC20582165	0	0	0	1	0	S
NMDC20554668	0	0	0	1	0	S
NMDC20554670	0	0	1	0	0	S
NMDC20554671	0	0	0	1	0	S
NMDC20554672	0	0	0	1	0	S
NMDC20556668	0	0	0	1	0	S
NMDC20582167	0	0	0	1	0	S
NMDC20582170	0	0	0	1	0	S
NMDC20556669	0	0	0	1	0	S
NMDC20556671	0	0	0	1	0	S
NMDC20582171	0	0	0	1	0	S
NMDC20554674	0	0	0	1	0	S
NMDC20552669	0	0	0	1	0	S
NMDC20556672	0	0	0	1	0	S
NMDC20582172	0	0	0	1	0	S
NMDC20582173	0	0	0	1	0	S
NMDC20582174	0	0	0	1	0	S
NMDC20552672	0	0	0	1	0	S
NMDC20550669	0	0	0	1	0	S
NMDC20554675	0	0	0	1	0	S
NMDC20552670	0	0	0	1	0	S
NMDC20550670	0	0	0	1	0	S
NMDC20582176	0	0	0	1	0	S
NMDC20550672	0	0	0	1	0	S
NMDC20582179	0	0	0	1	0	S
NMDC20552673	0	0	0	1	0	S
NMDC20582181	0	0	0	1	0	S
NMDC20582182	0	0	0	1	0	S
NMDC20550674	0	0	0	1	0	S
NMDC20552682	0	0	0	1	0	S
NMDC20554679	0	0	0	1	0	S
NMDC20552679	0	0	0	1	0	S
NMDC20550675	0	0	0	1	0	S
NMDC20552680	0	0	0	1	0	S
NMDC20550676	0	0	0	0	0	S
NMDC20552683	0	0	0	1	0	S
NMDC20582189	0	0	0	1	0	S
NMDC20582190	0	0	0	1	0	S
NMDC20552685	0	0	0	1	0	S
NMDC20556682	0	0	0	1	0	S
NMDC20554681	0	0	0	1	0	S
NMDC20556683	0	0	0	1	0	S
NMDC20582196	0	0	0	1	0	S
NMDC20582197	0	0	0	1	0	S
NMDC20582199	0	0	0	1	0	S
NMDC20552686	0	0	0	1	0	S
NMDC20552688	0	0	0	1	0	S
NMDC20552689	0	0	1	0	0	S
NMDC20556684	0	0	0	1	0	S
NMDC20582200	0	0	0	1	0	S
NMDC20554683	0	0	0	1	0	S
NMDC20550679	0	0	0	1	0	S
NMDC20556694	0	0	0	1	0	S
NMDC20582201	0	0	0	1	0	S
NMDC20552690	0	0	0	1	0	S
NMDC20556685	0	0	0	1	0	S
NMDC20552691	0	0	0	1	0	S
NMDC20554684	0	0	0	0	0	S
NMDC20582203	0	0	0	1	0	S
NMDC20582204	0	0	0	1	0	S
NMDC20582205	0	0	0	1	0	S
NMDC20582206	0	0	0	1	0	S
NMDC20582207	0	0	0	1	0	S
NMDC20552692	0	0	0	0	0	S
NMDC20552693	0	0	0	1	0	S
NMDC20582208	0	0	0	1	0	S
NMDC20582209	0	0	0	1	0	S
NMDC20556687	0	0	0	1	0	S
NMDC20550682	0	0	0	1	0	S
NMDC20556688	0	0	0	1	0	S
NMDC20554687	0	0	0	1	0	S
NMDC20554689	0	0	0	1	0	S
NMDC20582211	0	0	0	1	0	S
NMDC20550686	0	0	0	1	0	S
NMDC20550683	0	0	0	1	0	S
NMDC20550684	0	0	0	1	0	S
NMDC20582215	0	0	0	1	0	S
NMDC20552696	0	0	0	1	0	S
NMDC20582216	0	0	0	1	0	S
NMDC20582217	0	0	0	1	0	S
NMDC20556690	0	0	0	1	0	S
NMDC20556691	0	0	0	1	0	S
NMDC20582218	0	0	0	1	0	S
NMDC20552697	0	0	0	1	0	S
NMDC20554690	0	0	0	1	0	S
NMDC20582219	0	0	0	1	0	S
NMDC20556693	0	0	0	1	0	S
NMDC20552700	0	0	0	1	0	S
NMDC20552698	0	0	0	1	0	S
NMDC20550687	0	0	0	1	0	S
NMDC20556695	0	0	0	1	0	S
NMDC20550688	0	0	0	1	0	S
NMDC20582221	0	0	0	1	0	S
NMDC20550692	0	0	0	1	0	S
NMDC20582222	0	0	0	1	0	S
NMDC20556697	0	0	0	1	0	S
NMDC20582223	0	0	0	1	0	S
NMDC20554691	0	0	0	1	0	S
NMDC20554692	0	0	0	1	0	S
NMDC20556698	0	0	0	1	0	S
NMDC20552701	0	0	0	1	0	S
NMDC20550691	0	0	0	1	0	S
NMDC20582225	0	0	0	1	0	S
NMDC20550693	0	0	0	1	0	S
NMDC20556699	0	0	0	1	0	S
NMDC20582228	0	0	0	1	0	S
NMDC20556700	0	0	0	1	0	S
NMDC20552702	0	0	0	1	0	S
NMDC20582230	0	0	0	1	0	S
NMDC20556701	0	0	0	1	0	S
NMDC20556702	0	0	0	1	0	S
NMDC20552703	0	0	0	1	0	S
NMDC20552704	0	0	0	1	0	S
NMDC20552705	0	0	0	1	0	S
NMDC20552706	0	0	0	1	0	S
NMDC20552707	0	0	0	1	0	S
NMDC20582233	0	0	0	1	0	S
NMDC20582234	0	0	0	1	0	S
NMDC20582236	0	0	0	1	0	S
NMDC20554694	0	0	1	0	0	S
NMDC20552708	0	0	0	1	0	S
NMDC20556705	0	0	0	1	0	S
NMDC20582237	0	0	0	1	0	S
NMDC20582238	0	0	0	1	0	S
NMDC20554696	1	0	0	0	0	S
NMDC20556704	0	0	0	1	0	S
NMDC20556706	0	0	0	1	0	S
NMDC20552709	0	0	0	1	0	S
NMDC20552710	0	0	0	1	0	S
NMDC20556707	0	0	0	1	0	S
NMDC20582240	0	0	0	1	0	S
NMDC20582241	0	0	0	1	0	S
NMDC20582242	0	0	0	1	0	S
NMDC20582243	0	0	0	1	0	S
NMDC20556709	0	0	0	1	0	S
NMDC20554698	0	0	0	1	0	S
NMDC20552712	0	0	0	1	0	S
NMDC20582245	0	0	0	1	0	S
NMDC20582246	0	0	0	1	0	S
NMDC20582247	0	0	0	1	0	S
NMDC20552713	0	0	0	1	0	S
NMDC20582248	0	0	0	1	0	S
NMDC20550698	0	0	0	1	0	S
NMDC20552714	0	0	0	1	0	S
NMDC20552715	0	0	0	1	0	S
NMDC20582253	0	0	1	0	0	S
NMDC20556710	0	0	0	1	0	S
NMDC20582254	0	0	0	1	0	S
NMDC20582257	0	0	0	1	0	S
NMDC20556712	0	0	0	1	0	S
NMDC20554699	0	0	0	1	0	S
NMDC20552718	0	0	0	1	0	S
NMDC20582260	0	0	0	1	0	S
NMDC20554700	0	0	0	1	0	S
NMDC20556713	0	0	0	1	0	S
NMDC20550699	0	0	0	1	0	S
NMDC20556714	1	0	0	1	0	S
NMDC20552717	0	0	0	1	0	S
NMDC20582261	0	0	0	1	0	S
NMDC20556715	0	0	0	1	0	S
NMDC20582263	0	0	0	1	0	S
NMDC20554701	0	0	0	1	0	S
NMDC20582264	0	0	0	1	0	S
NMDC20550701	0	0	0	1	0	S
NMDC20556716	0	0	0	1	0	S
NMDC20582266	0	0	0	1	0	S
NMDC20582267	0	0	0	1	0	S
NMDC20552721	0	0	0	1	0	S
NMDC20552719	0	0	0	1	0	S
NMDC20556718	0	0	0	1	0	S
NMDC20582268	0	0	0	1	0	S
NMDC20582269	0	0	0	1	0	S
NMDC20554702	0	0	0	0	0	S
NMDC20550703	0	0	0	1	0	S
NMDC20552722	0	0	0	1	0	S
NMDC20582274	0	0	0	1	0	S
NMDC20554703	0	0	0	1	0	S
NMDC20556721	0	0	0	1	0	S
NMDC20550708	0	0	0	1	0	S
NMDC20552723	0	0	0	1	0	S
NMDC20556726	1	0	1	1	0	S
NMDC20550709	0	0	0	1	0	S
NMDC20556725	0	0	0	1	0	S
NMDC20554707	0	0	0	1	0	S
NMDC20554708	0	0	0	1	0	S
NMDC20552724	0	0	0	1	0	S
NMDC20552733	0	0	0	1	0	S
NMDC20554709	0	0	1	1	0	S
NMDC20582286	0	0	0	1	0	S
NMDC20550711	0	0	0	1	0	S
NMDC20582287	0	0	0	1	0	S
NMDC20550714	0	0	0	1	0	S
NMDC20556727	0	0	0	1	0	S
NMDC20550716	0	0	0	1	0	S
NMDC20582291	0	0	0	1	0	S
NMDC20582293	0	0	0	1	0	S
NMDC20556729	0	0	0	1	0	S
NMDC20556730	0	0	0	1	0	S
NMDC20550719	0	0	0	1	0	S
NMDC20550720	0	0	0	1	0	S
NMDC20582297	0	0	0	1	0	S
NMDC20552731	0	0	0	1	0	S
NMDC20582299	0	0	0	1	0	S
NMDC20550724	0	0	0	1	0	S
NMDC20582300	0	0	0	1	0	S
NMDC20554717	0	0	0	1	0	S
NMDC20554718	0	0	0	1	0	S
NMDC20582304	0	0	0	1	0	S
NMDC20556732	0	0	0	1	0	S
NMDC20582305	0	0	0	1	0	S
NMDC20556733	0	0	0	1	0	S
NMDC20552732	0	0	0	1	0	S
NMDC20554719	0	0	0	1	0	S
NMDC20550726	0	0	0	1	0	S
NMDC20552735	0	0	0	1	0	S
NMDC20552737	0	0	0	1	0	S
NMDC20582311	0	0	0	1	0	S
NMDC20582315	0	0	0	1	0	S
NMDC20550730	0	0	0	1	0	S
NMDC20582316	0	0	0	1	0	S
NMDC20550732	0	0	0	1	0	S
NMDC20556737	0	0	0	1	0	S
NMDC20582317	0	0	0	1	0	S
NMDC20554722	0	0	0	1	0	S
NMDC20582318	0	0	0	1	0	S
NMDC20582319	0	0	0	1	0	S
NMDC20552739	0	0	0	1	0	S
NMDC20582320	0	0	0	1	0	S
NMDC20582321	0	0	0	1	0	S
NMDC20554723	0	0	0	1	0	S
NMDC20556738	0	0	0	1	0	S
NMDC20556739	0	0	0	1	0	S
NMDC20550734	0	0	0	1	0	S
NMDC20554725	0	0	0	1	0	S
NMDC20582326	0	0	0	1	0	S
NMDC20556740	0	0	0	1	0	S
NMDC20554726	0	0	0	1	0	S
NMDC20582327	0	0	0	1	0	S
NMDC20552740	0	0	0	1	0	S
NMDC20582328	0	0	0	1	0	S
NMDC20554727	0	0	0	1	0	S
NMDC20552741	0	0	0	1	0	S
NMDC20552742	0	0	0	1	0	S
NMDC20556741	0	0	0	1	0	S
NMDC20552745	0	0	0	1	0	S
NMDC20556758	0	0	0	0	0	S
NMDC20556745	0	0	0	1	0	S
NMDC20556742	0	0	1	0	0	S
NMDC20550737	0	0	0	1	0	S
NMDC20556743	0	0	0	1	0	S
NMDC20556744	0	0	0	1	0	S
NMDC20550738	0	0	0	1	0	S
NMDC20582331	0	0	0	1	0	S
NMDC20556746	0	0	0	1	0	S
NMDC20556747	0	0	0	1	0	S
NMDC20582332	0	0	0	1	0	S
NMDC20582333	0	0	0	1	0	S
NMDC20582334	0	0	0	1	0	S
NMDC20550739	0	0	0	1	0	S
NMDC20582335	0	0	0	0	0	S
NMDC20582336	0	0	0	0	0	S
NMDC20582339	0	0	0	1	0	S
NMDC20556749	0	0	0	1	0	S
NMDC20582340	0	0	0	1	0	S
NMDC20582341	0	0	0	1	0	S
NMDC20550740	0	0	0	1	0	S
NMDC20556751	0	0	0	1	0	S
NMDC20552749	0	0	0	1	0	S
NMDC20550741	0	0	0	1	0	S
NMDC20552751	0	0	0	1	0	S
NMDC20552752	0	0	0	1	0	S
NMDC20552753	0	0	0	1	0	S
NMDC20582344	0	0	0	1	0	S
NMDC20554731	0	0	0	1	0	S
NMDC20550742	0	0	0	1	0	S
NMDC20550743	0	0	0	0	0	S
NMDC20556754	0	0	0	1	0	S
NMDC20552756	0	0	0	1	0	S
NMDC20550744	0	0	0	1	0	S
NMDC20582348	0	0	0	1	0	S
NMDC20556755	0	0	0	1	0	S
NMDC20582349	0	0	0	1	0	S
NMDC20582350	0	0	0	1	0	S
NMDC20582351	0	0	0	1	0	S
NMDC20582352	0	0	0	1	0	S
NMDC20582353	0	0	0	1	0	S
NMDC20582354	0	0	0	1	0	S
NMDC20582355	0	0	0	1	0	S
NMDC20556757	0	0	0	1	0	S
NMDC20582363	0	0	0	1	0	S
NMDC20550748	0	0	0	0	0	S
NMDC20552758	0	0	0	1	0	S
NMDC20552759	0	0	0	1	0	S
NMDC20582366	0	0	0	1	0	S
NMDC20556759	0	0	0	1	0	S
NMDC20582375	0	0	0	1	0	S
NMDC20582377	0	0	0	1	0	S
NMDC20554734	0	0	0	1	0	S
NMDC20552762	0	0	0	1	0	S
NMDC20582379	0	0	0	0	0	S
NMDC20556763	0	0	0	0	0	S
NMDC20582380	0	0	0	1	0	S
NMDC20552763	0	0	0	1	0	S
NMDC20550752	0	0	0	1	0	S
NMDC20582381	0	0	0	1	0	S
NMDC20550753	0	0	0	1	0	S
NMDC20556765	0	1	0	1	0	S
NMDC20582383	0	0	0	1	0	S
NMDC20582384	0	0	0	1	0	S
NMDC20556764	0	0	0	1	0	S
NMDC20582385	0	0	0	1	0	S
NMDC20552765	0	0	0	1	0	S
NMDC20582386	0	0	0	1	0	S
NMDC20552766	0	0	0	1	0	S
NMDC20554736	0	0	0	1	0	S
NMDC20582388	0	0	0	1	0	S
NMDC20582389	0	0	0	1	0	S
NMDC20550755	0	0	0	1	0	S
NMDC20552767	0	0	0	1	0	S
NMDC20556766	0	0	0	1	0	S
NMDC20550756	0	0	0	1	0	S
NMDC20582391	0	0	0	1	0	S
NMDC20582395	0	0	0	1	0	S
NMDC20582399	0	0	0	1	0	S
NMDC20550759	0	0	0	1	0	S
NMDC20552771	0	0	0	1	0	S
NMDC20582400	0	0	0	1	0	S
NMDC20582401	0	0	0	1	0	S
NMDC20556786	0	0	0	1	0	S
NMDC20550762	0	0	0	1	0	S
NMDC20552772	0	0	0	0	0	S
NMDC20582403	0	0	0	1	0	S
NMDC20552773	0	0	0	1	0	S
NMDC20554740	0	0	0	0	0	S
NMDC20550760	0	0	0	1	0	S
NMDC20550761	0	0	0	1	0	S
NMDC20556771	0	0	0	1	0	S
NMDC20556768	0	0	0	1	0	S
NMDC20556769	0	0	0	0	0	S
NMDC20550764	0	0	0	1	0	S
NMDC20554741	0	0	0	1	0	S
NMDC20554742	0	0	0	1	0	S
NMDC20556770	1	0	1	1	0	S
NMDC20582408	0	0	0	1	0	S
NMDC20550765	0	0	0	1	0	S
NMDC20556772	0	1	0	1	0	S
NMDC20554743	0	0	0	1	0	S
NMDC20582410	0	0	0	1	0	S
NMDC20550766	0	0	0	1	0	S
NMDC20552774	0	0	0	1	0	S
NMDC20552775	0	0	0	1	0	S
NMDC20550770	0	0	0	1	0	S
NMDC20556774	0	0	0	1	0	S
NMDC20554744	0	0	0	1	0	S
NMDC20556775	0	0	0	1	0	S
NMDC20550769	0	0	0	1	0	S
NMDC20552776	0	0	0	1	0	S
NMDC20554745	0	0	0	0	0	S
NMDC20550773	0	0	0	1	0	S
NMDC20552777	0	0	0	1	0	S
NMDC20554746	0	0	0	1	0	S
NMDC20582417	0	0	0	1	0	S
NMDC20554748	0	0	0	1	0	S
NMDC20554750	0	0	0	1	0	S
NMDC20552778	0	0	0	1	0	S
NMDC20554751	0	0	0	1	0	S
NMDC20582419	0	0	0	1	0	S
NMDC20582420	0	0	0	1	0	S
NMDC20554752	0	0	0	1	0	S
NMDC20554753	0	0	0	1	1	S
NMDC20554755	0	0	0	0	0	S
NMDC20582421	0	0	0	1	0	S
NMDC20582422	0	0	0	0	0	S
NMDC20582423	0	0	0	0	0	S
NMDC20550774	0	0	0	0	0	S
NMDC20582424	0	0	0	1	0	S
NMDC20556778	0	0	0	0	0	S
NMDC20556779	0	0	0	0	0	S
NMDC20582427	0	0	0	0	0	S
NMDC20556780	0	0	0	1	0	S
NMDC20556781	0	0	0	1	0	S
NMDC20554756	0	0	0	0	0	S
NMDC20554757	0	0	0	1	0	S
NMDC20552781	0	0	0	1	0	S
NMDC20582428	0	0	0	1	0	S
NMDC20582429	0	0	0	1	0	S
NMDC20552782	0	0	0	1	0	S
NMDC20556782	0	0	0	1	0	S
NMDC20552783	0	0	0	1	0	S
NMDC20556783	0	0	0	1	0	S
NMDC20582430	0	0	0	1	0	S
NMDC20582431	0	0	0	1	0	S
NMDC20552784	1	0	0	1	0	S
NMDC20582433	0	0	0	1	0	S
NMDC20552785	0	0	0	1	0	S
NMDC20554758	0	0	0	0	0	S
NMDC20582435	0	0	0	1	0	S
NMDC20582436	0	0	0	1	0	S
NMDC20582438	0	0	0	1	0	S
NMDC20582441	0	0	0	1	0	S
NMDC20582443	0	0	0	1	0	S
NMDC20556787	0	0	0	1	0	S
NMDC20552787	0	0	0	1	0	S
NMDC20554763	0	0	0	1	0	S
NMDC20554764	0	0	0	1	0	S
NMDC20554765	0	0	0	1	0	S
NMDC20556791	0	0	0	0	0	S
NMDC20556792	0	0	0	0	0	S
NMDC20582445	0	0	0	1	0	S
NMDC20550780	0	0	0	1	0	S
NMDC20550777	0	0	0	1	0	S
NMDC20550778	0	0	0	1	0	S
NMDC20582446	0	0	0	1	0	S
NMDC20552789	0	0	0	1	0	S
NMDC20552790	0	0	0	0	0	S
NMDC20582447	0	0	0	0	0	S
NMDC20582448	0	0	0	1	0	S
NMDC20556793	0	0	0	1	0	S
NMDC20556794	0	0	0	1	0	S
NMDC20556796	0	0	0	0	0	S
NMDC20550781	0	0	0	1	0	S
NMDC20552793	0	0	0	1	0	S
NMDC20582449	0	0	0	1	0	S
NMDC20552792	0	0	0	1	0	S
NMDC20556797	0	0	0	1	0	S
NMDC20582451	0	0	0	1	0	S
NMDC20554766	0	0	0	0	0	S
NMDC20550782	0	0	0	1	0	S
NMDC20550783	0	0	0	1	0	S
NMDC20550784	0	0	0	1	0	S
NMDC20552794	0	0	0	1	0	S
NMDC20556798	0	0	0	1	0	S
NMDC20582454	0	0	0	1	0	S
NMDC20556799	0	0	0	0	0	S
NMDC20582456	0	0	0	1	0	S
NMDC20556800	0	0	0	1	0	S
NMDC20582457	0	0	0	1	0	S
NMDC20554767	0	0	0	1	0	S
NMDC20550785	0	0	0	1	0	S
NMDC20556801	0	0	0	1	0	S
NMDC20552796	0	0	0	0	0	S
NMDC20582458	0	0	0	1	0	S
NMDC20556804	0	0	0	1	0	S
NMDC20556803	0	0	0	1	0	S
NMDC20582459	0	0	0	1	0	S
NMDC20550788	0	0	0	0	0	S
NMDC20582463	0	0	0	1	0	S
NMDC20582464	0	0	0	1	0	S
NMDC20554772	0	0	0	1	0	S
NMDC20582466	0	0	0	0	0	S
NMDC20556805	0	0	0	1	0	S
NMDC20582467	0	0	0	1	0	S
NMDC20582468	0	0	0	0	0	S
NMDC20554773	0	0	0	0	0	S
NMDC20556806	0	0	0	0	0	S
NMDC20552798	0	0	0	1	0	S
NMDC20554774	0	0	0	1	0	S
NMDC20554776	0	0	0	1	0	S
NMDC20582473	0	0	0	1	0	S
NMDC20554777	0	0	0	1	0	S
NMDC20550793	1	0	0	1	0	S
NMDC20552803	0	0	0	1	0	S
NMDC20550809	0	0	0	1	0	S
NMDC20582643	0	0	0	1	0	S
NMDC20554813	0	0	0	1	0	S
NMDC20582681	0	0	0	1	0	S
NMDC20554814	0	0	0	1	0	S
NMDC20582692	0	0	0	1	0	S
NMDC20556841	0	0	0	1	0	S
NMDC20582699	0	0	0	1	0	S
NMDC20552841	0	0	0	1	0	S
NMDC20582718	0	0	0	1	0	S
NMDC20582719	0	0	0	1	0	S
NMDC20582728	1	0	1	1	0	S
NMDC20556856	1	0	0	1	0	S
NMDC20582745	0	0	1	0	0	S
NMDC20554840	0	0	0	1	0	S
NMDC20554846	0	0	0	1	0	S
NMDC20582759	0	0	0	1	0	S
NMDC20556863	0	0	0	1	0	S
NMDC20582761	0	0	0	1	0	S
NMDC20582762	0	0	0	1	0	S
NMDC20582763	0	0	0	1	0	S
NMDC20582764	0	0	0	1	0	S
NMDC20552876	0	0	0	1	0	S
NMDC20552877	0	0	0	1	0	S
NMDC20554849	0	0	0	1	0	S
NMDC20550866	0	0	0	1	0	S
NMDC20552878	0	0	0	1	0	S
NMDC20554850	0	0	0	1	0	S
NMDC20554851	1	0	1	1	0	S
NMDC20582766	0	0	0	1	0	S
NMDC20550867	0	0	0	1	0	S
NMDC20550871	1	0	1	1	0	S
NMDC20550869	0	0	0	1	0	S
NMDC20552883	0	0	0	1	0	S
NMDC20556868	0	0	0	1	0	S
NMDC20552885	0	0	0	1	0	S
NMDC20582774	0	0	1	0	0	S
NMDC20550873	0	0	0	1	0	S
NMDC20556869	0	0	0	1	0	S
NMDC20554855	1	0	0	1	0	S
NMDC20582784	0	0	0	1	0	S
NMDC20556872	0	0	0	1	0	S
NMDC20550874	0	0	0	1	0	S
NMDC20582785	0	0	0	1	0	S
NMDC20582786	0	0	0	1	0	S
NMDC20552893	0	0	0	1	0	S
NMDC20582789	0	0	0	1	0	S
NMDC20582790	0	0	0	0	0	S
NMDC20552892	0	0	0	1	0	S
NMDC20556873	0	0	0	1	0	S
NMDC20582791	1	0	0	1	0	S
NMDC20554861	0	0	0	1	0	S
NMDC20554862	0	0	0	1	0	S
NMDC20582794	0	0	0	1	0	S
NMDC20582795	0	0	0	1	0	S
NMDC20582796	0	0	0	1	0	S
NMDC20554863	0	0	0	1	0	S
NMDC20554864	0	0	0	1	0	S
NMDC20550878	0	0	0	1	0	S
NMDC20556877	0	0	0	1	0	S
NMDC20582800	0	0	0	1	0	S
NMDC20554865	0	0	0	1	0	S
NMDC20554866	0	0	0	1	0	S
NMDC20556920	0	0	0	1	0	S
NMDC20582914	0	1	0	1	0	S
NMDC20582917	0	0	0	0	0	S
NMDC20582918	0	0	0	0	0	S
NMDC20582919	0	0	0	1	0	S
NMDC20582922	0	0	0	1	0	S
NMDC20582923	0	0	0	1	0	S
NMDC20556921	0	0	0	1	0	S
NMDC20552944	0	0	0	1	0	S
NMDC20550922	0	0	0	1	0	S
NMDC20582924	0	0	0	1	0	S
NMDC20582925	0	0	0	1	0	S
NMDC20552946	0	0	0	1	0	S
NMDC20582928	0	0	0	1	0	S
NMDC20550923	0	0	0	1	0	S
NMDC20550925	0	0	1	0	0	S
NMDC20582934	0	0	0	1	0	S
NMDC20582935	0	0	0	1	0	S
NMDC20556922	0	0	0	1	0	S
NMDC20552949	0	0	0	0	0	S
NMDC20554912	0	0	0	1	0	S
NMDC20554913	0	0	0	1	0	S
NMDC20554914	1	0	1	0	0	S
NMDC20550929	0	0	0	1	0	S
NMDC20554916	0	0	0	1	0	S
NMDC20582942	0	0	0	0	0	S
NMDC20582943	0	0	0	1	0	S
NMDC20550931	0	0	0	1	0	S
NMDC20554918	0	0	0	1	0	S
NMDC20552952	0	0	0	0	0	S
NMDC20554919	0	0	0	1	0	S
NMDC20582947	0	0	0	1	0	S
NMDC20552953	0	0	0	1	0	S
NMDC20554920	1	0	0	1	0	S
NMDC20582950	0	0	0	1	0	S
NMDC20554922	0	0	0	1	0	S
NMDC20556924	0	0	0	1	0	S
NMDC20582952	0	0	0	1	0	S
NMDC20582953	0	0	0	1	0	S
NMDC20582954	0	0	0	1	0	S
NMDC20582958	0	0	0	1	0	S
NMDC20554924	0	0	0	1	0	S
NMDC20550932	0	0	0	1	0	S
NMDC20554925	0	0	0	1	0	S
NMDC20550933	1	0	0	1	0	S
NMDC20552957	0	0	0	1	0	S
NMDC20556928	0	0	0	1	0	S
NMDC20552958	0	0	0	1	0	S
NMDC20554928	0	0	0	1	0	S
NMDC20582963	0	0	0	1	0	S
NMDC20552959	0	0	0	1	0	S
NMDC20582965	1	0	0	1	0	S
NMDC20552960	0	0	0	1	0	S
NMDC20554929	0	0	0	1	0	S
NMDC20582966	0	0	0	0	0	S
NMDC20556931	0	0	0	1	0	S
NMDC20550936	0	0	0	1	0	S
NMDC20582969	0	0	0	1	0	S
NMDC20582972	0	0	0	1	0	S
NMDC20550938	0	0	0	1	0	S
NMDC20556933	1	0	1	1	0	S
NMDC20582975	0	0	0	1	0	S
NMDC20554933	0	0	0	0	0	S
NMDC20582976	0	0	0	1	0	S
NMDC20556934	1	0	0	1	0	S
NMDC20552968	0	0	0	1	0	S
NMDC20556935	0	0	0	1	0	S
NMDC20582979	0	0	0	1	0	S
NMDC20554936	0	0	0	1	0	S
NMDC20550940	0	0	0	1	0	S
NMDC20550941	0	0	0	1	0	S
NMDC20556938	0	0	0	1	0	S
NMDC20556941	0	0	0	1	0	S
NMDC20552971	0	0	0	0	0	S
NMDC20552972	0	0	0	0	0	S
NMDC20550943	0	0	0	1	0	S
NMDC20552973	0	0	0	1	0	S
NMDC20582987	1	0	0	1	1	S
NMDC20582988	0	0	0	1	0	S
NMDC20556944	0	0	0	1	0	S
NMDC20556945	0	0	0	1	0	S
NMDC20582989	0	0	0	1	0	S
NMDC20556947	0	0	0	1	0	S
NMDC20582992	0	0	0	1	0	S
NMDC20556948	0	0	0	1	0	S
NMDC20582993	0	0	0	1	0	S
NMDC20550947	0	0	0	1	0	S
NMDC20582995	1	0	0	1	0	S
NMDC20554943	0	0	0	1	0	S
NMDC20554940	0	0	0	1	0	S
NMDC20582998	0	0	0	1	0	S
NMDC20552979	0	0	0	1	0	S
NMDC20550949	0	0	0	1	0	S
NMDC20554945	0	0	0	1	0	S
NMDC20554946	0	0	0	1	0	S
NMDC20583003	0	0	0	1	0	S
NMDC20583004	0	0	0	1	0	S
NMDC20550951	0	0	0	1	0	S
NMDC20550952	0	0	0	0	0	S
NMDC20554949	0	0	0	1	0	S
NMDC20583007	0	0	0	1	0	S
NMDC20583009	0	0	0	1	0	S
NMDC20583013	0	0	0	1	0	S
NMDC20556955	0	0	0	1	0	S
NMDC20583017	0	0	0	0	0	S
NMDC20550954	0	0	0	1	0	S
NMDC20583019	0	0	0	1	0	S
NMDC20556956	0	0	0	1	0	S
NMDC20550953	0	0	0	1	0	S
NMDC20583021	0	0	0	1	0	S
NMDC20583022	0	0	0	1	0	S
NMDC20552984	0	0	0	1	0	S
NMDC20552983	0	0	0	1	0	S
NMDC20556960	0	0	0	1	0	S
NMDC20583026	0	0	0	1	0	S
NMDC20583027	0	0	0	1	0	S
NMDC20556961	0	0	0	1	0	S
NMDC20583028	0	0	0	1	0	S
NMDC20552985	0	0	0	1	0	S
NMDC20554957	0	0	0	1	0	S
NMDC20556962	0	0	0	0	0	S
NMDC20552986	0	0	0	1	0	S
NMDC20550956	0	0	0	1	0	S
NMDC20583031	0	0	0	1	0	S
NMDC20550957	0	0	0	1	0	S
NMDC20554958	0	0	0	1	0	S
NMDC20556964	0	0	0	0	0	S
NMDC20550958	0	0	0	1	0	S
NMDC20550959	0	0	0	1	0	S
NMDC20556966	0	0	0	1	0	S
NMDC20583036	0	0	0	1	0	S
NMDC20550960	0	0	0	1	0	S
NMDC20554959	0	0	0	1	0	S
NMDC20583039	0	0	0	1	0	S
NMDC20583040	0	0	0	1	0	S
NMDC20554961	0	0	0	1	0	S
NMDC20552989	0	0	0	1	0	S
NMDC20583044	0	0	0	1	0	S
NMDC20583046	0	0	0	1	0	S
NMDC20550961	0	0	0	1	0	S
NMDC20583048	0	0	0	1	0	S
NMDC20583049	0	0	0	1	0	S
NMDC20552993	0	0	0	1	0	S
NMDC20583051	0	0	0	1	0	S
NMDC20554965	0	0	0	1	0	S
NMDC20554966	0	0	0	1	0	S
NMDC20554967	0	0	0	1	0	S
NMDC20556973	0	0	0	1	0	S
NMDC20583055	0	0	0	1	0	S
NMDC20554968	0	0	0	1	0	S
NMDC20550963	0	0	0	1	0	S
NMDC20583057	0	0	0	1	0	S
NMDC20556975	0	0	0	1	0	S
NMDC20583058	0	0	0	1	0	S
NMDC20552994	0	0	0	1	0	S
NMDC20583059	0	0	0	1	0	S
NMDC20556977	0	0	0	0	0	S
NMDC20583061	0	0	0	1	0	S
NMDC20554971	0	0	0	1	0	S
NMDC20554972	0	0	0	1	0	S
NMDC20583063	0	0	0	1	0	S
NMDC20583064	0	0	0	1	0	S
NMDC20556978	0	0	0	1	0	S
NMDC20556979	0	0	0	1	0	S
NMDC20583068	0	0	0	1	0	S
NMDC20556980	0	0	0	0	0	S
NMDC20583070	0	0	0	1	0	S
NMDC20554980	0	0	0	1	0	S
NMDC20554979	0	0	0	1	0	S
NMDC20550970	0	0	0	1	0	S
NMDC20550971	0	0	0	0	0	S
NMDC20583077	0	0	0	0	0	S
NMDC20550972	0	0	0	1	0	S
NMDC20583079	0	0	0	1	0	S
NMDC20583080	0	0	0	1	0	S
NMDC20583081	0	0	0	1	0	S
NMDC20583082	0	0	0	1	0	S
NMDC20553008	0	0	0	1	0	S
NMDC20553012	0	0	0	1	0	S
NMDC20554982	0	0	0	1	0	S
NMDC20583091	0	0	0	1	0	S
NMDC20583092	0	0	0	0	0	S
NMDC20550974	0	0	0	1	0	S
NMDC20556986	0	0	0	1	0	S
NMDC20556985	0	0	0	1	0	S
NMDC20583095	0	0	0	1	0	S
NMDC20583096	0	0	0	1	0	S
NMDC20583097	0	0	0	1	0	S
NMDC20554986	0	0	0	1	0	S
NMDC20554987	0	0	0	1	0	S
NMDC20583101	0	0	0	1	0	S
NMDC20583102	0	0	0	0	0	S
NMDC20556990	0	0	0	0	0	S
NMDC20583107	0	0	0	1	0	S
NMDC20583110	0	0	0	1	0	S
NMDC20553017	0	0	0	1	0	S
NMDC20550980	0	0	0	1	0	S
NMDC20583119	0	0	0	1	0	S
NMDC20556992	0	0	0	1	0	S
NMDC20550981	0	0	0	1	0	S
NMDC20583122	0	0	0	1	0	S
NMDC20583123	0	0	0	1	0	S
NMDC20550982	0	0	0	1	0	S
NMDC20583124	0	0	0	1	0	S
NMDC20550987	0	0	0	1	0	S
NMDC20553024	0	0	0	1	0	S
NMDC20554995	0	0	0	1	0	S
NMDC20583128	0	0	0	1	0	S
NMDC20556998	0	0	0	1	0	S
NMDC20550991	0	0	0	1	0	S
NMDC20550993	0	0	0	1	0	S
NMDC20553026	1	0	0	1	0	S
NMDC20583133	0	0	0	1	0	S
NMDC20583135	0	0	0	1	0	S
NMDC20556999	0	0	0	0	0	S
NMDC20583136	0	0	0	0	0	S
NMDC20557000	0	0	0	1	0	S
NMDC20583140	0	0	0	1	0	S
NMDC20554998	0	0	0	1	0	S
NMDC20553028	0	0	0	1	0	S
NMDC20583145	0	0	0	1	0	S
NMDC20553029	0	0	0	1	0	S
NMDC20555007	1	0	0	1	0	S
NMDC20553032	0	0	0	1	0	S
NMDC20583150	0	0	0	0	0	S
NMDC20583151	0	0	0	1	0	S
NMDC20555005	0	0	0	1	0	S
NMDC20583154	1	0	0	1	0	S
NMDC20557004	0	0	0	1	0	S
NMDC20583156	0	0	0	1	0	S
NMDC20555008	0	0	0	1	0	S
NMDC20551005	0	0	0	1	0	S
NMDC20551008	1	0	1	1	0	S
NMDC20557006	0	0	0	1	0	S
NMDC20583160	0	0	0	1	0	S
NMDC20583161	0	0	0	1	0	S
NMDC20583162	0	0	0	1	0	S
NMDC20583164	0	0	0	1	0	S
NMDC20551009	0	0	0	1	0	S
NMDC20583165	0	0	0	1	0	S
NMDC20583167	0	0	1	0	0	S
NMDC20557009	0	0	0	1	0	S
NMDC20583172	0	0	0	1	0	S
NMDC20583174	0	0	0	0	0	S
NMDC20583176	0	0	0	1	0	S
NMDC20553039	0	0	0	1	0	S
NMDC20551013	0	0	0	1	0	S
NMDC20551012	0	0	0	0	0	S
NMDC20557013	0	0	0	1	0	S
NMDC20553044	0	0	0	1	0	S
NMDC20555019	0	0	0	1	0	S
NMDC20583184	0	0	0	1	0	S
NMDC20551016	0	0	0	1	0	S
NMDC20583186	0	0	0	1	0	S
NMDC20553046	0	0	0	1	0	S
NMDC20557016	0	0	0	1	0	S
NMDC20557017	0	0	0	0	0	S
NMDC20553048	0	0	0	1	0	S
NMDC20551017	0	0	0	1	0	S
NMDC20553052	0	0	0	1	0	S
NMDC20553051	0	0	0	1	0	S
NMDC20583190	0	0	0	1	0	S
NMDC20557020	0	0	0	1	0	S
NMDC20551024	0	0	0	1	0	S
NMDC20551021	0	0	0	1	0	S
NMDC20553054	0	0	0	1	0	S
NMDC20551023	0	0	0	1	0	S
NMDC20557022	0	0	0	1	0	S
NMDC20553055	0	0	0	1	0	S
NMDC20553056	0	0	0	1	0	S
NMDC20551025	0	0	0	1	0	S
NMDC20583194	0	0	0	1	0	S
NMDC20553057	0	0	0	1	0	S
NMDC20555022	0	0	0	1	0	S
NMDC20553059	0	0	0	1	0	S
NMDC20557025	0	0	0	1	0	S
NMDC20583199	0	0	0	1	0	S
NMDC20557026	0	0	0	1	0	S
NMDC20555027	0	0	0	1	0	S
NMDC20555028	0	0	0	1	0	S
NMDC20583204	0	0	0	1	0	S
NMDC20583205	0	0	0	1	0	S
NMDC20555029	0	0	0	1	0	S
NMDC20553062	0	0	0	1	0	S
NMDC20555030	0	0	0	1	0	S
NMDC20553063	0	0	0	1	0	S
NMDC20557030	0	0	0	0	0	S
NMDC20583208	0	0	0	1	0	S
NMDC20553064	0	0	0	1	0	S
NMDC20583209	0	0	0	1	0	S
NMDC20583210	0	0	0	1	0	S
NMDC20555032	0	0	0	1	0	S
NMDC20583212	1	0	0	1	0	S
NMDC20583213	0	0	0	1	0	S
NMDC20553068	0	0	0	0	0	S
NMDC20551031	1	0	1	1	0	S
NMDC20557033	1	0	1	1	0	S
NMDC20557035	0	0	0	1	0	S
NMDC20555036	0	0	0	1	0	S
NMDC20583217	0	0	0	1	0	S
NMDC20555038	0	0	0	0	0	S
NMDC20551033	0	0	0	1	0	S
NMDC20553071	0	0	0	1	0	S
NMDC20557041	0	0	0	1	0	S
NMDC20583223	0	0	0	1	0	S
NMDC20583226	0	0	0	1	0	S
NMDC20583229	0	0	0	1	0	S
NMDC20583230	0	0	0	1	0	S
NMDC20555041	0	0	0	1	0	S
NMDC20557043	0	0	0	1	0	S
NMDC20583233	0	0	0	1	0	S
NMDC20583236	0	0	0	1	0	S
NMDC20551038	0	0	0	1	0	S
NMDC20555043	0	0	0	1	0	S
NMDC20557046	0	0	0	1	0	S
NMDC20583239	0	0	0	1	0	S
NMDC20557047	0	0	0	0	0	S
NMDC20583240	0	0	0	1	0	S
NMDC20583241	0	0	0	1	0	S
NMDC20553080	0	0	0	1	0	S
NMDC20557051	0	0	0	1	0	S
NMDC20555044	0	0	0	1	0	S
NMDC20555045	0	0	0	1	0	S
NMDC20557053	0	0	0	1	0	S
NMDC20583247	0	0	0	1	0	S
NMDC20583249	0	0	0	1	0	S
NMDC20553082	0	0	0	1	0	S
NMDC20551045	0	0	0	1	0	S
NMDC20553084	0	0	0	1	0	S
NMDC20555049	0	0	0	1	0	S
NMDC20551047	0	0	0	1	0	S
NMDC20555048	0	0	0	1	0	S
NMDC20557058	0	0	0	1	0	S
NMDC20583259	0	0	0	1	0	S
NMDC20583260	0	0	0	1	0	S
NMDC20557057	0	0	0	1	0	S
NMDC20557062	0	0	0	1	0	S
NMDC20557060	0	0	0	1	0	S
NMDC20555051	0	0	0	1	0	S
NMDC20583261	0	0	0	1	0	S
NMDC20551052	0	0	0	1	0	S
NMDC20551053	0	0	0	1	0	S
NMDC20583262	0	0	0	1	0	S
NMDC20583263	0	0	0	1	0	S
NMDC20555053	0	0	0	1	0	S
NMDC20583264	0	0	0	1	0	S
NMDC20583267	0	0	0	1	0	S
NMDC20551055	0	0	0	1	0	S
NMDC20583268	0	0	0	1	0	S
NMDC20553091	0	0	0	1	0	S
NMDC20557067	0	0	0	1	0	S
NMDC20553093	0	0	0	1	0	S
NMDC20583275	0	0	0	1	0	S
NMDC20583276	0	0	0	1	0	S
NMDC20583279	0	0	0	1	0	S
NMDC20557070	0	0	0	1	0	S
NMDC20583282	0	0	0	1	0	S
NMDC20553096	0	0	0	1	0	S
NMDC20551066	0	0	0	1	0	S
NMDC20551063	0	0	0	0	0	S
NMDC20555058	0	0	0	1	0	S
NMDC20583284	0	0	1	0	0	S
NMDC20551062	0	0	0	1	0	S
NMDC20583286	0	0	0	1	0	S
NMDC20583287	0	0	0	1	0	S
NMDC20553098	0	0	0	1	0	S
NMDC20583288	0	0	1	0	0	S
NMDC20555059	0	0	0	1	0	S
NMDC20583289	0	0	0	1	0	S
NMDC20583290	0	0	0	0	0	S
NMDC20583291	0	0	0	1	0	S
NMDC20551068	0	0	0	1	0	S
NMDC20555061	0	0	0	1	0	S
NMDC20557073	0	0	0	1	0	S
NMDC20583292	0	0	0	1	0	S
NMDC20583293	0	0	0	1	0	S
NMDC20553099	0	0	0	1	0	S
NMDC20557074	0	0	0	0	0	S
NMDC20551069	0	0	0	1	0	S
NMDC20553101	0	0	0	1	0	S
NMDC20583295	0	0	0	1	0	S
NMDC20555062	0	0	0	1	0	S
NMDC20557076	0	0	0	1	0	S
NMDC20555063	0	0	0	1	0	S
NMDC20583299	0	0	0	1	0	S
NMDC20551073	0	0	0	1	0	S
NMDC20583300	0	0	0	1	0	S
NMDC20555064	0	0	0	1	0	S
NMDC20557078	0	0	0	1	0	S
NMDC20583304	0	0	0	1	0	S
NMDC20553104	1	0	1	1	0	S
NMDC20555066	0	0	0	1	0	S
NMDC20557080	0	0	0	1	0	S
NMDC20557081	0	0	0	1	0	S
NMDC20555067	0	0	0	1	0	S
NMDC20551074	0	0	0	1	0	S
NMDC20583308	0	0	0	1	0	S
NMDC20553108	0	0	0	1	0	S
NMDC20583309	0	0	0	1	0	S
NMDC20555069	0	0	0	1	0	S
NMDC20555071	0	0	0	1	0	S
NMDC20583310	0	0	0	1	0	S
NMDC20583311	0	0	0	1	0	S
NMDC20583312	0	0	0	1	0	S
NMDC20557087	0	0	0	1	0	S
NMDC20557093	0	0	0	1	0	S
NMDC20553115	0	0	0	1	0	S
NMDC20583355	0	0	0	1	0	S
NMDC20551080	0	0	0	1	0	S
NMDC20583358	0	0	0	1	0	S
NMDC20557095	0	0	0	0	0	S
NMDC20583365	0	0	0	1	0	S
NMDC20555079	0	0	0	0	0	S
NMDC20583368	0	0	0	1	0	S
NMDC20553118	0	0	0	1	0	S
NMDC20553120	0	0	0	1	0	S
NMDC20583371	0	0	0	1	0	S
NMDC20583372	0	0	0	1	0	S
NMDC20583373	0	0	0	1	0	S
NMDC20583374	0	0	0	0	0	S
NMDC20557098	0	0	0	1	0	S
NMDC20557099	0	0	0	0	0	S
NMDC20555082	0	0	0	1	0	S
NMDC20583378	0	0	0	1	0	S
NMDC20555083	0	0	0	1	0	S
NMDC20551086	0	0	0	1	0	S
NMDC20553121	0	0	0	0	0	S
NMDC20551087	0	0	0	1	0	S
NMDC20583380	0	0	0	1	0	S
NMDC20551088	0	0	0	1	0	S
NMDC20555088	0	0	0	1	0	S
NMDC20553124	0	0	0	1	0	S
NMDC20551090	0	0	0	1	0	S
NMDC20551092	0	0	0	1	0	S
NMDC20553129	0	0	0	1	0	S
NMDC20557106	0	0	0	1	0	S
NMDC20583391	0	0	0	1	0	S
NMDC20583392	0	0	0	1	0	S
NMDC20583393	0	0	0	1	0	S
NMDC20557108	0	0	0	1	0	S
NMDC20583395	0	0	0	1	0	S
NMDC20583396	0	0	0	1	0	S
NMDC20551095	0	0	0	1	0	S
NMDC20583398	0	0	0	1	0	S
NMDC20551097	0	0	0	1	0	S
NMDC20553133	0	0	0	1	0	S
NMDC20551098	0	0	0	1	0	S
NMDC20583400	0	0	0	1	0	S
NMDC20583402	0	0	0	1	0	S
NMDC20583403	0	0	0	1	0	S
NMDC20551099	0	0	0	1	0	S
NMDC20557111	0	0	0	1	0	S
NMDC20553135	0	0	0	0	0	S
NMDC20583406	0	0	0	1	0	S
NMDC20583409	0	0	0	0	0	S
NMDC20553134	0	0	0	1	0	S
NMDC20555100	0	0	0	1	0	S
NMDC20555101	0	0	0	0	0	S
NMDC20555102	0	0	0	1	0	S
NMDC20555103	0	0	0	1	0	S
NMDC20583412	0	0	0	1	0	S
NMDC20551102	0	0	0	1	0	S
NMDC20583416	0	0	0	1	0	S
NMDC20583418	0	0	0	1	0	S
NMDC20583420	0	0	0	1	0	S
NMDC20583425	0	0	0	1	0	S
NMDC20583426	0	0	0	1	0	S
NMDC20583429	0	0	0	1	0	S
NMDC20557115	0	0	0	1	0	S
NMDC20555109	0	0	0	1	0	S
NMDC20555110	0	0	0	1	0	S
NMDC20551105	0	0	0	1	0	S
NMDC20583432	0	0	0	1	0	S
NMDC20551106	0	0	0	1	0	S
NMDC20583433	0	0	0	1	0	S
NMDC20557116	0	0	0	1	0	S
NMDC20583439	0	0	0	1	0	S
NMDC20583440	0	0	0	1	0	S
NMDC20557117	0	0	0	1	0	S
NMDC20557119	0	0	0	1	0	S
NMDC20551107	0	0	0	1	0	S
NMDC20557122	0	0	0	1	0	S
NMDC20555112	0	0	0	1	0	S
NMDC20551110	0	0	0	1	0	S
NMDC20555113	0	0	0	1	0	S
NMDC20551111	0	0	0	1	0	S
NMDC20555114	0	0	0	1	0	S
NMDC20557126	0	0	0	1	0	S
NMDC20555115	1	0	1	1	0	S
NMDC20557129	0	0	0	1	0	S
NMDC20583449	0	0	0	1	0	S
NMDC20583450	0	0	0	0	0	S
NMDC20553149	0	0	0	1	0	S
NMDC20583456	0	0	0	0	0	S
NMDC20555120	0	0	0	1	0	S
NMDC20553152	0	0	0	1	0	S
NMDC20557131	0	0	0	1	0	S
NMDC20583462	0	0	0	1	0	S
NMDC20551122	0	0	0	1	0	S
NMDC20555122	1	0	0	1	0	S
NMDC20583465	0	0	0	1	0	S
NMDC20553153	0	0	0	1	0	S
NMDC20583467	0	0	0	1	0	S
NMDC20551124	0	0	0	1	0	S
NMDC20553157	0	0	0	1	0	S
NMDC20583470	0	0	0	1	0	S
NMDC20583471	0	0	0	1	0	S
NMDC20583472	0	0	0	1	0	S
NMDC20551126	1	0	1	1	0	S
NMDC20583473	0	0	0	1	0	S
NMDC20553158	0	0	0	1	0	S
NMDC20553159	0	0	0	1	0	S
NMDC20551127	1	0	0	1	0	S
NMDC20583476	0	0	0	1	0	S
NMDC20557138	0	0	0	1	0	S
NMDC20551129	1	0	0	1	0	S
NMDC20583484	0	0	0	1	0	S
NMDC20583485	0	0	0	1	0	S
NMDC20583488	0	0	0	1	0	S
NMDC20557141	0	0	0	1	0	S
NMDC20583489	0	0	0	1	0	S
NMDC20555128	0	0	0	1	0	S
NMDC20583490	0	0	0	1	0	S
NMDC20557142	0	0	0	1	0	S
NMDC20555129	0	0	0	1	0	S
NMDC20583491	0	0	0	1	0	S
NMDC20583492	0	0	0	1	0	S
NMDC20553161	0	0	1	0	0	S
NMDC20557143	0	0	0	1	0	S
NMDC20553162	0	0	0	1	0	S
NMDC20583494	0	0	0	1	0	S
NMDC20583495	0	0	0	1	0	S
NMDC20583496	0	0	0	1	0	S
NMDC20551138	0	0	0	1	0	S
NMDC20583497	0	0	0	1	0	S
NMDC20583498	0	0	0	1	0	S
NMDC20553165	0	0	0	1	0	S
NMDC20555133	0	0	0	1	0	S
NMDC20583501	0	0	0	1	0	S
NMDC20555136	0	0	0	1	0	S
NMDC20557145	0	0	0	1	0	S
NMDC20557146	0	0	0	1	0	S
NMDC20583504	0	0	0	1	0	S
NMDC20555142	0	0	0	1	0	S
NMDC20557150	0	0	0	1	0	S
NMDC20555143	0	0	0	1	0	S
NMDC20551139	0	0	0	1	0	S
NMDC20551141	0	0	0	1	0	S
NMDC20555144	0	0	0	1	0	S
NMDC20551142	0	0	0	1	0	S
NMDC20553170	0	0	0	1	0	S
NMDC20557152	0	0	0	1	0	S
NMDC20555149	0	0	1	0	0	S
NMDC20555150	0	0	0	1	0	S
NMDC20553171	0	0	0	1	0	S
NMDC20551144	0	0	0	1	0	S
NMDC20553174	0	0	0	1	0	S
NMDC20555154	0	0	0	1	0	S
NMDC20557154	0	0	0	1	0	S
NMDC20583518	0	0	0	1	0	S
NMDC20557155	0	0	0	1	0	S
NMDC20553178	0	0	0	1	0	S
NMDC20583521	0	0	0	1	0	S
NMDC20583523	0	0	0	0	0	S
NMDC20557157	0	0	0	1	0	S
NMDC20583525	0	0	0	1	0	S
NMDC20551147	0	0	0	1	0	S
NMDC20551148	0	0	0	1	0	S
NMDC20557159	0	0	0	1	0	S
NMDC20551151	0	0	0	1	0	S
NMDC20555159	0	0	0	1	0	S
NMDC20557160	0	0	0	1	0	S
NMDC20551152	0	0	0	1	0	S
NMDC20555161	0	0	0	1	0	S
NMDC20583532	0	0	0	1	0	S
NMDC20583535	1	1	1	1	0	S
NMDC20583536	0	0	0	1	0	S
NMDC20583537	0	0	0	1	0	S
NMDC20583539	0	0	0	1	0	S
NMDC20583540	0	0	0	1	0	S
NMDC20555164	0	0	0	1	0	S
NMDC20583543	0	0	0	1	0	S
NMDC20555166	0	0	0	0	0	S
NMDC20557167	0	0	0	1	0	S
NMDC20583546	0	0	0	1	0	S
NMDC20553191	0	0	0	1	0	S
NMDC20583547	0	0	0	1	0	S
NMDC20583552	0	0	0	1	0	S
NMDC20583554	0	1	0	1	0	S
NMDC20557171	0	0	0	1	0	S
NMDC20583555	0	0	0	1	0	S
NMDC20583559	0	0	0	1	0	S
NMDC20583562	1	1	1	1	0	S
NMDC20557172	0	0	0	1	1	S
NMDC20551162	0	0	0	1	0	S
NMDC20583569	0	0	0	1	0	S
NMDC20583570	0	0	0	1	0	S
NMDC20583582	0	0	0	1	0	S
NMDC20583585	0	0	0	1	0	S
NMDC20551164	0	0	0	1	0	S
NMDC20557176	0	0	0	1	0	S
NMDC20583591	0	0	0	1	0	S
NMDC20583599	0	0	0	1	0	S
NMDC20583600	0	0	0	1	0	S
NMDC20583604	0	0	0	1	0	S
NMDC20551166	0	0	0	1	0	S
NMDC20583607	0	0	0	1	0	S
NMDC20583619	0	0	0	1	0	S
NMDC20555174	0	0	0	1	0	S
NMDC20555175	0	0	0	1	0	S
NMDC20583620	0	0	0	1	0	S
NMDC20583621	0	0	0	1	0	S
NMDC20583626	0	0	0	1	0	S
NMDC20583628	0	0	0	1	0	S
NMDC20555178	1	1	1	1	0	S
NMDC20557180	0	0	0	1	0	S
NMDC20583634	0	0	0	1	0	S
NMDC20583635	0	0	0	1	0	S
NMDC20583636	0	0	0	1	0	S
NMDC20583640	0	0	0	1	0	S
NMDC20583642	0	0	0	1	0	S
NMDC20583649	0	0	0	1	0	S
NMDC20551172	0	0	0	1	0	S
NMDC20583650	1	0	0	1	0	S
NMDC20583652	0	0	0	1	0	S
NMDC20557182	0	0	0	1	0	S
NMDC20551173	0	0	0	1	0	S
NMDC20583656	0	0	0	1	0	S
NMDC20553203	0	0	0	1	0	S
NMDC20557184	0	0	0	1	0	S
NMDC20557185	0	0	0	1	0	S
NMDC20583662	0	0	0	1	0	S
NMDC20551175	0	0	0	1	0	S
NMDC20583664	0	0	0	1	0	S
NMDC20583666	0	0	0	1	0	S
NMDC20553205	0	0	0	1	0	S
NMDC20583669	0	0	0	1	0	S
NMDC20553207	0	0	0	1	0	S
NMDC20583671	0	0	0	1	0	S
NMDC20583674	0	0	0	1	0	S
NMDC20583675	0	0	0	1	0	S
NMDC20583680	0	0	0	1	0	S
NMDC20555190	0	0	0	1	0	S
NMDC20557189	0	0	0	1	0	S
NMDC20583684	0	0	0	1	0	S
NMDC20553211	0	0	0	1	0	S
NMDC20583692	0	0	0	1	0	S
NMDC20583693	0	0	0	1	0	S
NMDC20583694	0	0	0	1	0	S
NMDC20583695	0	0	0	1	0	S
NMDC20583700	0	0	0	1	0	S
NMDC20583701	0	0	0	1	0	S
NMDC20551180	0	0	0	1	0	S
NMDC20555192	0	0	0	0	0	S
NMDC20583703	0	0	0	1	0	S
NMDC20583704	0	0	0	1	0	S
NMDC20583708	0	0	0	1	0	S
NMDC20553214	0	0	0	1	0	S
NMDC20583709	0	0	0	1	0	S
NMDC20553216	0	0	0	1	0	S
NMDC20557193	0	0	0	1	0	S
NMDC20583710	0	0	0	1	0	S
NMDC20555194	0	0	0	1	0	S
NMDC20557196	0	0	0	1	0	S
NMDC20555195	0	0	0	1	0	S
NMDC20555196	0	0	0	1	0	S
NMDC20551182	0	0	0	1	0	S
NMDC20551183	0	0	0	1	0	S
NMDC20583717	0	0	0	1	0	S
NMDC20583718	0	0	0	1	0	S
NMDC20553218	0	0	0	1	0	S
NMDC20553219	0	0	0	1	0	S
NMDC20583721	0	0	1	0	0	S
NMDC20557199	0	0	1	1	0	S
NMDC20583727	0	0	0	1	0	S
NMDC20583728	0	0	0	1	0	S
NMDC20553221	0	0	0	1	0	S
NMDC20553222	0	0	0	1	0	S
NMDC20551185	0	0	0	0	0	S
NMDC20557205	0	0	0	1	0	S
NMDC20583748	0	0	0	1	0	S
NMDC20583750	0	0	0	0	0	S
NMDC20557206	0	0	0	1	0	S
NMDC20583753	0	0	0	1	0	S
NMDC20553224	0	0	0	1	0	S
NMDC20583754	0	0	0	1	0	S
NMDC20583759	0	0	0	1	0	S
NMDC20583760	0	0	0	1	0	S
NMDC20583763	0	0	0	1	0	S
NMDC20583764	0	0	0	1	0	S
NMDC20583767	0	0	0	1	0	S
NMDC20583769	0	0	0	1	0	S
NMDC20583771	0	0	0	1	0	S
NMDC20557207	0	0	0	1	0	S
NMDC20557208	0	0	0	1	0	S
NMDC20583775	0	0	0	0	0	S
NMDC20583777	0	0	0	1	0	S
NMDC20555202	0	0	0	1	0	S
NMDC20551190	0	0	0	1	0	S
NMDC20557209	0	0	0	1	0	S
NMDC20583781	0	0	0	1	0	S
NMDC20583783	0	0	0	1	0	S
NMDC20583784	0	0	0	1	0	S
NMDC20583785	0	0	0	1	0	S
NMDC20583786	1	0	1	1	0	S
NMDC20583787	1	0	0	1	0	S
NMDC20583788	1	0	0	1	0	S
NMDC20551193	0	0	0	1	0	S
NMDC20583789	0	0	0	1	0	S
NMDC20553228	0	0	0	1	0	S
NMDC20583792	0	0	0	1	0	S
NMDC20583795	0	0	0	1	0	S
NMDC20557213	0	0	0	1	0	S
NMDC20557219	0	0	0	1	0	S
NMDC20583802	0	0	0	1	0	S
NMDC20557217	0	0	0	1	0	S
NMDC20557218	0	1	0	1	0	S
NMDC20583803	0	0	0	1	0	S
NMDC20551195	0	0	0	1	0	S
NMDC20557221	0	0	0	1	0	S
NMDC20583805	0	0	0	1	0	S
NMDC20583806	0	0	0	1	0	S
NMDC20555209	0	0	0	1	0	S
NMDC20557222	1	1	0	1	0	S
NMDC20555210	0	0	0	1	0	S
NMDC20557223	0	0	0	1	0	S
NMDC20583810	0	0	0	1	0	S
NMDC20555213	0	0	0	1	0	S
NMDC20583811	0	0	0	1	0	S
NMDC20557225	0	0	0	1	0	S
NMDC20553234	0	0	0	1	0	S
NMDC20583812	0	0	0	1	0	S
NMDC20557227	0	0	0	1	0	S
NMDC20583816	0	0	0	1	0	S
NMDC20583817	0	0	0	1	0	S
NMDC20551200	0	0	0	1	0	S
NMDC20583820	0	0	0	1	0	S
NMDC20553247	0	0	0	1	0	S
NMDC20555214	0	0	0	1	0	S
NMDC20555215	0	0	0	1	0	S
NMDC20551204	0	0	0	1	0	S
NMDC20583826	0	0	0	1	0	S
NMDC20557232	0	0	0	1	0	S
NMDC20557233	0	0	0	1	0	S
NMDC20551205	0	0	0	1	0	S
NMDC20583827	0	0	0	1	0	S
NMDC20551207	0	0	0	1	0	S
NMDC20583828	0	0	0	1	0	S
NMDC20553238	0	0	0	1	0	S
NMDC20583829	0	0	0	1	0	S
NMDC20555217	0	0	0	1	0	S
NMDC20553239	0	0	0	1	0	S
NMDC20555220	0	0	1	0	0	S
NMDC20583845	0	0	0	1	0	S
NMDC20583851	0	0	0	1	0	S
NMDC20553249	0	0	0	1	0	S
NMDC20583853	0	0	0	1	0	S
NMDC20583856	1	0	0	1	0	S
NMDC20583857	0	0	0	1	0	S
NMDC20583858	0	0	0	1	0	S
NMDC20551215	0	0	0	1	0	S
NMDC20557245	0	0	0	1	0	S
NMDC20553251	1	0	0	1	0	S
NMDC20555225	0	0	0	1	0	S
NMDC20583864	0	0	0	1	0	S
NMDC20583867	0	0	0	1	0	S
NMDC20583871	0	0	0	1	0	S
NMDC20551217	0	0	0	1	0	S
NMDC20553256	0	0	0	1	0	S
NMDC20553257	0	0	0	1	0	S
NMDC20555231	0	0	0	1	0	S
NMDC20555233	0	0	0	1	0	S
NMDC20553262	0	0	0	1	0	S
NMDC20551221	0	0	0	1	0	S
NMDC20553263	0	0	0	1	0	S
NMDC20583878	0	0	0	1	0	S
NMDC20551223	0	0	0	1	0	S
NMDC20555236	0	0	0	1	0	S
NMDC20583880	0	0	0	1	0	S
NMDC20583881	0	0	0	1	0	S
NMDC20557254	0	0	0	1	0	S
NMDC20551225	0	0	0	1	0	S
NMDC20553265	0	0	0	1	0	S
NMDC20583886	0	0	0	1	0	S
NMDC20551226	0	0	0	1	0	S
NMDC20583889	0	0	0	0	0	S
NMDC20583891	0	0	0	1	0	S
NMDC20583892	0	0	0	1	0	S
NMDC20583894	0	0	0	1	0	S
NMDC20551230	0	0	0	1	0	S
NMDC20583896	0	0	0	1	0	S
NMDC20583897	0	0	0	1	0	S
NMDC20583898	0	0	0	1	0	S
NMDC20555242	0	0	0	1	0	S
NMDC20583903	0	0	0	1	0	S
NMDC20553269	0	0	0	1	0	S
NMDC20583905	0	0	0	1	0	S
NMDC20551232	0	0	0	1	0	S
NMDC20551233	0	0	0	1	0	S
NMDC20583908	0	0	0	1	0	S
NMDC20583909	0	0	0	1	0	S
NMDC20551235	0	0	0	1	0	S
NMDC20583911	0	0	0	1	0	S
NMDC20583912	0	0	0	1	0	S
NMDC20553270	0	0	0	1	0	S
NMDC20553271	0	0	0	1	0	S
NMDC20555245	0	0	1	0	0	S
NMDC20551236	0	0	0	1	0	S
NMDC20583914	0	0	0	1	0	S
NMDC20557260	0	0	0	1	0	S
NMDC20583916	0	0	0	1	0	S
NMDC20583917	0	0	0	1	0	S
NMDC20557262	0	0	0	1	0	S
NMDC20557264	0	0	0	1	0	S
NMDC20583919	0	0	0	1	0	S
NMDC20583920	0	0	0	1	0	S
NMDC20583921	0	0	0	1	0	S
NMDC20551239	0	0	0	1	0	S
NMDC20583923	0	0	0	1	0	S
NMDC20583924	0	0	0	1	0	S
NMDC20583925	0	0	0	1	0	S
NMDC20583927	0	0	0	1	0	S
NMDC20551245	0	0	0	1	0	S
NMDC20583928	0	0	0	1	0	S
NMDC20553272	0	0	0	1	0	S
NMDC20555253	0	0	0	1	0	S
NMDC20551244	0	0	0	1	0	S
NMDC20551247	0	0	0	1	0	S
NMDC20555254	0	0	0	1	0	S
NMDC20557269	0	0	0	1	0	S
NMDC20583931	0	0	0	1	0	S
NMDC20551246	0	0	0	1	0	S
NMDC20583932	0	0	0	1	0	S
NMDC20583937	0	0	0	1	0	S
NMDC20583940	0	0	0	1	0	S
NMDC20551250	0	0	0	1	0	S
NMDC20583942	0	0	0	1	0	S
NMDC20583943	0	0	0	1	0	S
NMDC20551251	0	0	0	1	0	S
NMDC20551252	0	0	0	1	0	S
NMDC20551253	0	0	0	1	0	S
NMDC20551258	0	0	0	1	0	S
NMDC20583947	0	0	0	1	0	S
NMDC20551255	0	0	0	1	0	S
NMDC20583948	0	0	0	1	0	S
NMDC20557274	0	0	0	1	0	S
NMDC20551256	0	0	0	1	0	S
NMDC20583953	0	0	0	0	0	S
NMDC20583955	0	0	0	1	0	S
NMDC20555261	0	0	0	1	0	S
NMDC20553277	0	0	0	1	0	S
NMDC20551259	0	0	0	1	0	S
NMDC20583956	0	0	0	1	0	S
NMDC20583957	0	0	0	1	0	S
NMDC20551262	0	0	0	1	0	S
NMDC20583958	0	0	0	1	0	S
NMDC20553281	0	0	1	0	0	S
NMDC20583959	0	0	0	1	0	S
NMDC20553279	0	0	0	1	0	S
NMDC20583962	0	0	0	1	0	S
NMDC20553283	0	0	0	1	0	S
NMDC20555264	0	0	0	1	0	S
NMDC20555265	0	0	0	1	0	S
NMDC20583965	0	0	0	1	0	S
NMDC20553282	0	0	0	1	0	S
NMDC20555267	0	0	0	1	0	S
NMDC20555269	0	0	0	1	0	S
NMDC20555270	0	0	0	1	0	S
NMDC20555271	0	0	0	1	0	S
NMDC20583971	0	0	0	1	0	S
NMDC20555273	0	0	0	1	0	S
NMDC20555274	0	0	0	1	0	S
NMDC20553284	0	0	0	1	0	S
NMDC20553285	0	0	0	1	0	S
NMDC20583973	0	0	0	1	0	S
NMDC20555277	0	0	0	1	0	S
NMDC20583975	0	0	0	1	0	S
NMDC20583976	0	0	0	1	0	S
NMDC20583977	0	0	0	1	0	S
NMDC20583978	0	0	0	1	0	S
NMDC20555276	0	0	0	1	0	S
NMDC20551268	0	0	0	1	0	S
NMDC20551269	0	0	0	1	0	S
NMDC20555278	0	0	0	1	0	S
NMDC20555279	0	0	0	1	0	S
NMDC20553288	0	0	0	1	0	S
NMDC20583981	0	0	0	1	0	S
NMDC20583982	0	0	0	1	0	S
NMDC20583983	0	0	0	0	0	S
NMDC20555280	0	0	0	1	0	S
NMDC20583985	0	0	0	1	0	S
NMDC20557279	0	0	1	0	0	S
NMDC20551272	0	0	0	1	0	S
NMDC20555282	0	0	0	1	0	S
NMDC20557283	0	0	0	1	0	S
NMDC20555283	0	0	0	1	0	S
NMDC20557284	0	0	0	1	0	S
NMDC20583994	0	0	0	1	0	S
NMDC20553293	0	0	0	1	0	S
NMDC20557285	0	0	0	0	0	S
NMDC20555285	0	0	0	1	0	S
NMDC20551274	0	0	0	1	0	S
NMDC20583996	0	0	0	1	0	S
NMDC20583998	0	0	0	1	0	S
NMDC20583999	0	0	0	1	0	S
NMDC20584000	0	0	0	1	0	S
NMDC20584002	0	0	0	1	0	S
NMDC20584009	0	0	0	1	0	S
NMDC20584010	0	0	0	1	0	S
NMDC20584012	0	0	0	1	0	S
NMDC20584017	0	0	0	1	0	S
NMDC20584021	0	0	0	1	0	S
NMDC20584023	0	0	0	1	0	S
NMDC20584024	0	0	0	1	0	S
NMDC20584025	0	0	0	1	0	S
NMDC20584030	0	0	0	1	0	S
NMDC20551276	0	0	0	0	0	S
NMDC20584039	0	0	0	1	0	S
NMDC20584040	0	0	0	1	0	S
NMDC20584042	0	0	0	1	0	S
NMDC20584044	0	0	0	1	0	S
NMDC20584045	0	0	0	1	0	S
NMDC20584046	0	0	0	1	0	S
NMDC20584048	0	0	0	1	0	S
NMDC20557289	0	0	0	1	0	S
NMDC20555288	0	0	0	1	0	S
NMDC20557292	0	0	0	0	0	S
NMDC20584051	0	0	0	1	0	S
NMDC20584052	0	0	0	0	0	S
NMDC20584053	0	0	0	1	0	S
NMDC20584054	0	0	0	1	0	S
NMDC20557293	0	0	0	1	0	S
NMDC20584057	0	0	0	1	0	S
NMDC20584058	0	0	0	1	0	S
NMDC20584059	0	0	0	1	0	S
NMDC20584061	0	0	0	1	0	S
NMDC20557297	0	0	0	1	0	S
NMDC20584063	0	0	0	1	0	S
NMDC20584064	1	0	0	1	0	S
NMDC20557298	0	0	0	1	0	S
NMDC20584065	1	0	1	1	0	S
NMDC20584070	0	0	0	1	0	S
NMDC20584075	0	0	0	1	0	S
NMDC20584077	0	0	0	1	0	S
NMDC20557302	0	0	0	1	0	S
NMDC20555295	0	0	0	1	0	S
NMDC20584080	0	0	0	1	0	S
NMDC20584081	0	0	0	1	0	S
NMDC20557303	0	0	0	1	0	S
NMDC20557304	0	0	0	1	0	S
NMDC20551282	0	0	0	1	0	S
NMDC20553304	0	0	0	1	0	S
NMDC20557306	0	0	0	1	0	S
NMDC20553305	0	0	0	1	0	S
NMDC20551283	0	0	0	1	0	S
NMDC20553306	0	0	0	1	0	S
NMDC20584086	0	0	0	1	0	S
NMDC20584087	0	0	0	1	0	S
NMDC20555296	0	0	0	1	0	S
NMDC20553307	0	0	0	1	0	S
NMDC20584088	0	0	0	1	0	S
NMDC20555297	0	0	0	1	0	S
NMDC20584089	0	0	0	1	0	S
NMDC20551286	0	0	0	1	0	S
NMDC20551284	0	0	0	1	0	S
NMDC20584090	0	0	0	1	0	S
NMDC20584091	0	0	0	1	0	S
NMDC20584092	0	0	0	1	0	S
NMDC20555298	0	0	0	1	0	S
NMDC20584094	0	0	0	1	0	S
NMDC20551287	0	0	0	1	0	S
NMDC20584102	0	0	0	1	0	S
NMDC20553309	0	0	0	1	0	S
NMDC20557311	0	0	0	1	0	S
NMDC20555301	0	0	0	1	0	S
NMDC20584105	0	0	0	1	0	S
NMDC20551293	0	0	0	1	0	S
NMDC20555302	0	0	0	1	0	S
NMDC20584108	0	0	0	1	0	S
NMDC20551292	0	0	0	1	0	S
NMDC20551294	0	0	0	1	0	S
NMDC20584110	0	0	0	1	0	S
NMDC20551295	0	0	0	1	0	S
NMDC20551297	0	0	0	1	0	S
NMDC20551299	0	0	0	1	0	S
NMDC20584114	0	0	0	1	0	S
NMDC20584115	0	0	0	1	0	S
NMDC20555306	0	0	0	1	0	S
NMDC20553314	0	0	0	1	0	S
NMDC20557314	0	0	0	1	0	S
NMDC20584118	0	0	0	1	0	S
NMDC20584119	0	0	0	1	0	S
NMDC20557315	0	0	0	1	0	S
NMDC20584120	0	0	0	1	0	S
NMDC20553316	0	0	0	0	0	S
NMDC20553317	0	0	0	1	0	S
NMDC20584121	0	0	0	1	0	S
NMDC20553318	0	0	0	1	0	S
NMDC20584125	0	0	0	1	0	S
NMDC20584126	0	0	0	1	0	S
NMDC20557317	0	0	0	1	0	S
NMDC20553338	0	0	0	1	0	S
NMDC20551304	0	0	0	1	0	S
NMDC20555309	0	0	0	1	0	S
NMDC20553321	0	0	0	1	0	S
NMDC20557318	0	0	0	1	0	S
NMDC20557319	0	0	0	1	0	S
NMDC20584129	0	0	0	1	0	S
NMDC20553324	0	0	0	1	0	S
NMDC20584130	1	0	0	1	0	S
NMDC20551306	0	0	0	1	0	S
NMDC20553325	0	0	0	1	0	S
NMDC20553326	0	0	0	1	0	S
NMDC20584132	0	0	0	1	0	S
NMDC20557320	0	0	0	1	0	S
NMDC20551307	0	0	0	1	0	S
NMDC20553329	1	0	1	1	0	S
NMDC20555318	0	0	0	1	0	S
NMDC20557322	0	0	0	1	0	S
NMDC20551308	0	0	0	1	0	S
NMDC20557323	0	0	0	1	0	S
NMDC20553331	0	0	0	1	0	S
NMDC20551309	0	0	0	1	0	S
NMDC20553330	0	0	0	1	0	S
NMDC20551310	0	0	0	1	0	S
NMDC20555321	0	0	0	1	0	S
NMDC20584137	0	0	0	1	0	S
NMDC20584139	0	0	0	1	0	S
NMDC20584140	0	0	0	1	0	S
NMDC20584141	0	0	0	1	0	S
NMDC20584142	0	0	0	1	0	S
NMDC20584143	0	0	0	1	0	S
NMDC20584147	0	0	0	1	0	S
NMDC20551311	0	0	0	1	0	S
NMDC20557330	0	0	0	1	0	S
NMDC20553332	0	0	0	1	0	S
NMDC20551312	0	0	0	1	0	S
NMDC20557329	0	0	0	1	0	S
NMDC20551314	0	0	0	1	0	S
NMDC20555325	0	0	0	1	0	S
NMDC20553334	0	0	0	1	0	S
NMDC20584150	1	0	0	1	0	S
NMDC20584151	0	0	0	1	0	S
NMDC20584152	0	0	0	1	0	S
NMDC20555328	0	0	0	1	0	S
NMDC20584153	0	0	0	1	0	S
NMDC20551316	0	0	0	1	0	S
NMDC20555329	0	0	0	1	0	S
NMDC20557332	0	0	0	1	0	S
NMDC20584155	0	0	0	1	0	S
NMDC20584156	0	0	0	1	0	S
NMDC20557334	0	0	0	1	0	S
NMDC20584159	0	0	0	1	0	S
NMDC20551317	0	0	0	1	0	S
NMDC20584160	0	0	0	1	0	S
NMDC20551318	0	0	0	1	0	S
NMDC20584164	0	0	0	1	0	S
NMDC20553340	0	0	0	1	0	S
NMDC20557335	0	0	0	1	0	S
NMDC20557336	0	0	0	1	0	S
NMDC20557337	0	0	0	1	0	S
NMDC20553341	0	0	0	1	0	S
NMDC20553344	0	0	0	0	0	S
NMDC20557339	0	0	0	1	0	S
NMDC20584167	0	0	0	1	0	S
NMDC20553343	0	0	0	1	0	S
NMDC20553345	0	0	0	1	0	S
NMDC20555335	0	0	1	1	0	S
NMDC20584173	0	0	0	1	0	S
NMDC20555339	0	0	0	1	0	S
NMDC20584175	0	0	0	1	0	S
NMDC20557343	0	0	0	1	0	S
NMDC20551326	0	0	1	0	0	S
NMDC20584181	0	0	0	1	0	S
NMDC20555343	0	0	0	1	0	S
NMDC20551327	0	0	0	1	0	S
NMDC20555340	0	0	0	1	0	S
NMDC20584183	0	0	0	1	0	S
NMDC20551328	0	0	0	1	0	S
NMDC20557345	0	0	0	1	0	S
NMDC20553352	0	0	0	1	0	S
NMDC20584187	0	0	0	1	0	S
NMDC20557346	0	0	0	1	0	S
NMDC20555345	0	0	0	1	0	S
NMDC20555366	0	0	0	1	0	S
NMDC20584189	0	0	0	1	0	S
NMDC20584191	0	0	0	1	0	S
NMDC20584192	0	0	0	1	0	S
NMDC20584194	0	0	0	1	0	S
NMDC20555349	0	0	0	1	0	S
NMDC20553354	0	0	0	1	0	S
NMDC20555350	0	0	1	0	0	S
NMDC20584195	0	0	0	0	0	S
NMDC20584196	0	0	0	1	0	S
NMDC20584197	0	0	0	1	0	S
NMDC20557348	0	0	0	1	0	S
NMDC20555353	0	0	0	1	0	S
NMDC20555351	0	0	0	1	0	S
NMDC20551334	0	0	0	1	0	S
NMDC20553356	0	0	0	1	0	S
NMDC20553357	0	0	0	1	0	S
NMDC20551336	0	0	0	1	0	S
NMDC20557350	0	0	0	1	0	S
NMDC20553359	0	0	0	1	0	S
NMDC20555355	0	0	0	1	0	S
NMDC20553360	0	0	0	1	0	S
NMDC20555356	0	0	0	1	0	S
NMDC20557355	0	0	0	1	0	S
NMDC20584203	0	0	0	1	0	S
NMDC20557357	0	0	0	1	0	S
NMDC20557358	0	0	0	1	0	S
NMDC20584206	0	0	0	0	0	S
NMDC20584207	0	0	0	1	0	S
NMDC20557359	0	0	0	1	0	S
NMDC20584209	0	0	0	1	0	S
NMDC20553366	0	0	0	1	0	S
NMDC20551341	0	0	0	1	0	S
NMDC20551343	0	0	0	1	0	S
NMDC20557363	0	0	0	1	0	S
NMDC20557364	0	0	0	1	0	S
NMDC20584216	0	0	0	1	0	S
NMDC20584218	0	0	0	1	0	S
NMDC20555369	0	0	0	1	0	S
NMDC20553370	0	0	0	1	0	S
NMDC20555370	0	0	0	1	0	S
NMDC20557369	0	0	0	1	0	S
NMDC20553372	0	0	0	1	0	S
NMDC20584220	0	0	0	1	0	S
NMDC20555372	0	0	0	1	0	S
NMDC20584223	0	0	0	1	0	S
NMDC20553373	0	0	0	1	0	S
NMDC20551347	0	0	0	1	0	S
NMDC20584224	0	0	0	1	0	S
NMDC20551348	0	0	0	1	0	S
NMDC20551351	0	0	0	1	0	S
NMDC20584225	0	0	0	1	0	S
NMDC20557372	0	0	0	1	0	S
NMDC20555374	0	0	0	1	0	S
NMDC20551350	0	0	0	1	0	S
NMDC20557373	0	0	0	1	0	S
NMDC20584228	0	0	0	1	0	S
NMDC20557374	0	0	0	1	0	S
NMDC20555375	0	0	0	1	0	S
NMDC20584230	0	0	0	1	0	S
NMDC20551352	0	0	0	1	0	S
NMDC20557375	0	0	0	1	0	S
NMDC20553378	0	0	0	1	0	S
NMDC20584236	0	0	0	1	0	S
NMDC20584238	0	0	0	1	0	S
NMDC20555380	0	0	0	1	0	S
NMDC20555378	0	0	0	1	0	S
NMDC20555379	0	0	0	1	0	S
NMDC20584244	0	0	0	1	0	S
NMDC20553385	0	0	0	1	0	S
NMDC20584245	0	0	0	1	0	S
NMDC20553387	0	0	0	1	0	S
NMDC20555381	0	0	0	1	0	S
NMDC20555383	0	0	0	1	0	S
NMDC20555384	0	0	0	1	0	S
NMDC20584258	0	0	0	1	0	S
NMDC20557384	0	0	0	1	0	S
NMDC20553393	0	0	0	1	0	S
NMDC20557385	0	0	0	1	0	S
NMDC20557386	0	0	0	1	0	S
NMDC20553394	0	0	0	1	0	S
NMDC20551362	0	0	0	1	0	S
NMDC20584260	0	0	0	1	0	S
NMDC20553395	0	0	0	1	0	S
NMDC20557388	1	0	0	1	0	S
NMDC20551364	0	0	0	1	0	S
NMDC20557389	1	0	1	1	0	S
NMDC20584263	0	0	0	1	0	S
NMDC20551365	0	0	0	1	0	S
NMDC20584264	0	0	0	1	0	S
NMDC20557391	0	0	0	1	0	S
NMDC20553396	1	0	1	1	0	S
NMDC20584265	0	0	0	1	0	S
NMDC20584266	0	0	0	1	0	S
NMDC20551367	0	0	0	1	0	S
NMDC20584269	0	0	0	1	0	S
NMDC20557394	0	0	0	1	0	S
NMDC20584270	0	0	1	0	0	S
NMDC20555391	0	0	0	1	0	S
NMDC20557395	0	0	0	1	0	S
NMDC20555395	0	0	0	1	0	S
NMDC20584273	0	0	0	1	0	S
NMDC20551371	0	0	0	1	0	S
NMDC20584274	0	0	0	1	0	S
NMDC20557398	0	0	0	1	0	S
NMDC20584277	0	0	0	1	0	S
NMDC20557399	0	0	0	1	0	S
NMDC20584286	0	0	0	0	0	S
NMDC20551375	0	0	0	1	0	S
NMDC20584292	0	0	0	1	0	S
NMDC20584293	0	0	0	1	0	S
NMDC20553403	0	0	0	1	0	S
NMDC20557400	0	0	0	1	0	S
NMDC20584297	0	0	0	1	0	S
NMDC20584298	0	0	0	1	0	S
NMDC20584301	0	0	0	1	0	S
NMDC20584305	0	0	0	1	0	S
NMDC20555400	0	0	0	1	0	S
NMDC20584306	0	0	0	1	0	S
NMDC20555403	0	0	0	1	0	S
NMDC20553404	0	0	0	1	0	S
NMDC20557404	0	0	0	1	0	S
NMDC20557405	0	0	0	1	0	S
NMDC20557406	0	0	0	1	0	S
NMDC20584310	0	0	0	1	0	S
NMDC20584312	0	0	0	1	0	S
NMDC20557409	0	0	0	1	0	S
NMDC20553406	0	0	0	1	0	S
NMDC20555406	0	0	0	1	0	S
NMDC20584316	0	0	0	1	0	S
NMDC20584317	0	0	0	1	0	S
NMDC20551387	0	0	0	1	0	S
NMDC20557415	0	0	0	1	0	S
NMDC20555409	1	0	0	1	0	S
NMDC20584319	0	0	0	0	0	S
NMDC20551388	0	0	0	1	0	S
NMDC20584322	0	0	0	1	0	S
NMDC20553409	0	0	0	1	0	S
NMDC20584326	0	0	0	1	0	S
NMDC20557416	0	0	0	1	0	S
NMDC20553411	0	0	0	1	0	S
NMDC20557417	0	0	0	1	0	S
NMDC20557418	0	0	0	1	0	S
NMDC20555412	0	0	0	1	0	S
NMDC20584335	0	0	0	1	0	S
NMDC20555413	0	0	0	1	0	S
NMDC20557419	0	0	0	1	0	S
NMDC20557420	0	0	0	1	0	S
NMDC20557423	0	0	0	1	0	S
NMDC20584337	0	0	0	1	0	S
NMDC20551393	1	0	1	1	0	S
NMDC20557422	0	0	0	1	0	S
NMDC20584341	0	0	0	1	0	S
NMDC20584344	0	0	0	1	0	S
NMDC20584345	0	0	0	1	0	S
NMDC20584347	0	0	0	1	0	S
NMDC20584352	0	0	0	1	0	S
NMDC20553418	0	0	0	1	0	S
NMDC20584353	0	0	0	1	0	S
NMDC20557427	0	0	0	1	0	S
NMDC20555417	0	0	0	1	0	S
NMDC20584354	0	0	0	1	0	S
NMDC20557429	0	0	0	1	0	S
NMDC20584355	0	0	0	1	0	S
NMDC20553424	0	0	0	1	0	S
NMDC20553423	0	0	0	1	0	S
NMDC20584356	0	0	0	1	0	S
NMDC20584357	0	0	0	1	0	S
NMDC20557431	0	0	0	1	0	S
NMDC20557432	0	0	0	1	0	S
NMDC20551398	0	0	0	1	0	S
NMDC20553425	0	0	0	1	0	S
NMDC20557433	0	0	0	1	0	S
NMDC20584360	0	0	0	1	0	S
NMDC20584361	0	0	0	1	0	S
NMDC20557436	0	0	0	1	0	S
NMDC20557435	0	0	0	1	0	S
NMDC20584363	0	0	0	1	0	S
NMDC20555418	0	0	0	1	0	S
NMDC20553426	0	0	0	1	0	S
NMDC20584365	0	0	0	1	0	S
NMDC20555419	0	0	0	1	0	S
NMDC20557437	0	0	0	1	0	S
NMDC20553427	0	0	0	1	0	S
NMDC20584368	0	0	0	1	0	S
NMDC20584369	0	0	0	1	0	S
NMDC20584370	0	0	0	1	0	S
NMDC20584372	0	0	0	1	0	S
NMDC20584373	0	0	0	1	0	S
NMDC20555422	0	0	0	1	0	S
NMDC20557439	0	0	0	1	0	S
NMDC20557440	0	0	0	1	0	S
NMDC20584375	0	0	0	1	0	S
NMDC20557441	0	0	0	1	0	S
NMDC20553431	0	0	0	1	0	S
NMDC20584377	0	0	0	1	0	S
NMDC20553432	0	0	0	1	0	S
NMDC20553433	0	0	0	1	0	S
NMDC20555423	0	0	0	1	0	S
NMDC20551401	0	0	0	1	0	S
NMDC20584378	0	0	0	1	0	S
NMDC20555424	0	0	0	1	0	S
NMDC20553434	0	0	0	1	0	S
NMDC20553435	0	0	0	1	0	S
NMDC20553436	0	0	0	1	0	S
NMDC20557442	0	0	0	1	0	S
NMDC20584379	0	0	0	1	0	S
NMDC20584380	0	0	0	1	0	S
NMDC20551402	0	0	0	1	0	S
NMDC20557443	0	0	0	1	0	S
NMDC20555426	0	0	0	1	0	S
NMDC20584382	0	0	0	1	0	S
NMDC20584383	0	0	0	1	0	S
NMDC20555428	0	0	0	1	0	S
NMDC20584385	0	0	0	1	0	S
NMDC20557444	0	0	0	1	0	S
NMDC20584386	0	0	0	1	0	S
NMDC20584387	0	0	0	1	0	S
NMDC20584388	0	0	0	1	0	S
NMDC20584390	0	0	0	1	0	S
NMDC20551407	0	0	0	1	0	S
NMDC20555429	0	0	0	1	0	S
NMDC20555430	0	0	0	1	0	S
NMDC20555431	0	0	0	1	0	S
NMDC20557446	0	0	0	1	0	S
NMDC20584392	0	0	0	1	0	S
NMDC20557448	0	0	0	1	0	S
NMDC20584393	0	0	0	1	0	S
NMDC20557449	0	0	0	1	0	S
NMDC20584394	0	0	0	1	0	S
NMDC20551409	0	0	0	1	0	S
NMDC20555432	0	0	0	1	0	S
NMDC20551410	0	0	0	1	0	S
NMDC20557450	0	0	0	1	0	S
NMDC20551414	0	0	0	1	0	S
NMDC20584397	0	0	0	1	0	S
NMDC20584398	0	0	0	1	0	S
NMDC20551411	0	0	0	1	0	S
NMDC20584400	1	0	1	1	0	S
NMDC20553441	0	0	0	1	0	S
NMDC20584401	0	0	0	1	0	S
NMDC20557454	0	0	0	1	0	S
NMDC20555435	0	0	0	1	0	S
NMDC20584405	0	0	0	1	0	S
NMDC20584406	0	0	0	1	0	S
NMDC20555437	0	0	0	1	0	S
NMDC20551415	0	0	0	1	0	S
NMDC20553442	0	0	0	1	0	S
NMDC20551416	0	0	0	1	0	S
NMDC20584408	0	0	0	1	0	S
NMDC20557455	0	0	0	1	0	S
NMDC20584410	0	0	0	1	0	S
NMDC20557458	0	0	0	1	0	S
NMDC20551417	0	0	0	1	0	S
NMDC20584411	0	0	0	1	0	S
NMDC20584413	0	0	0	1	0	S
NMDC20584414	0	0	0	1	0	S
NMDC20555438	0	0	0	1	0	S
NMDC20553443	0	0	0	1	0	S
NMDC20584415	0	0	0	1	0	S
NMDC20584416	0	0	0	1	0	S
NMDC20555439	0	0	0	1	0	S
NMDC20584417	0	0	0	1	0	S
NMDC20553445	0	0	0	1	0	S
NMDC20553446	0	0	0	1	0	S
NMDC20555440	0	0	0	1	0	S
NMDC20584419	0	0	0	1	0	S
NMDC20584420	0	0	0	1	0	S
NMDC20584421	0	0	0	1	0	S
NMDC20553447	0	0	0	1	0	S
NMDC20553448	0	0	0	1	0	S
NMDC20584423	0	0	0	1	0	S
NMDC20555441	0	0	0	1	0	S
NMDC20557460	0	0	0	1	0	S
NMDC20553449	0	0	0	1	0	S
NMDC20557461	0	0	0	1	0	S
NMDC20553451	0	0	0	1	0	S
NMDC20555444	0	0	0	1	0	S
NMDC20584900	0	0	0	0	0	S
NMDC20551419	0	0	0	1	0	S
NMDC20555442	0	0	0	1	0	S
NMDC20555443	0	0	0	1	0	S
NMDC20584901	0	0	0	1	0	S
NMDC20584902	0	0	0	1	0	S
NMDC20584905	0	0	0	0	0	S
NMDC20551420	0	0	0	1	0	S
NMDC20584907	0	0	0	1	0	S
NMDC20555445	0	0	0	1	0	S
NMDC20584909	0	0	0	1	0	S
NMDC20555448	0	0	0	1	0	S
NMDC20553454	0	0	0	1	0	S
NMDC20555447	0	0	0	1	0	S
NMDC20584910	0	0	0	1	0	S
NMDC20584913	0	0	0	1	0	S
NMDC20555449	0	0	0	1	0	S
NMDC20584925	0	0	0	1	0	S
NMDC20551421	0	0	0	1	0	S
NMDC20584926	0	0	0	1	0	S
NMDC20584932	0	0	0	1	0	S
NMDC20584933	0	0	0	1	0	S
NMDC20584935	0	0	0	1	0	S
NMDC20555450	0	0	0	1	0	S
NMDC20584938	0	0	0	1	0	S
NMDC20555451	0	0	0	1	0	S
NMDC20584940	0	0	0	1	0	S
NMDC20584941	0	0	0	1	0	S
NMDC20584942	0	0	0	1	0	S
NMDC20584943	0	0	0	1	0	S
NMDC20584944	0	0	0	1	0	S
NMDC20551422	0	0	0	1	0	S
NMDC20584945	0	0	0	1	0	S
NMDC20555452	0	0	0	0	0	S
NMDC20551423	0	0	0	1	0	S
NMDC20553456	0	0	0	1	0	S
NMDC20584947	0	0	0	1	0	S
NMDC20555453	0	0	0	1	0	S
NMDC20553457	0	0	0	1	0	S
NMDC20551425	0	0	0	1	0	S
NMDC20584948	0	0	0	1	0	S
NMDC20557464	0	0	0	1	0	S
NMDC20553458	0	0	0	1	0	S
NMDC20551426	0	0	0	1	0	S
NMDC20584950	0	0	0	1	0	S
NMDC20584951	0	0	0	1	0	S
NMDC20551427	0	0	0	1	0	S
NMDC20557465	0	0	0	1	0	S
NMDC20584952	0	0	0	1	0	S
NMDC20553462	0	0	0	1	0	S
NMDC20555455	0	0	1	0	0	S
NMDC20584953	0	0	0	1	0	S
NMDC20557467	0	0	0	1	0	S
NMDC20584954	0	0	0	1	0	S
NMDC20584955	0	0	0	1	0	S
NMDC20551429	0	0	0	1	0	S
NMDC20584956	0	0	0	1	0	S
NMDC20551430	0	0	0	1	0	S
NMDC20557469	0	0	0	1	0	S
NMDC20555457	0	0	0	1	0	S
NMDC20555458	0	0	0	0	0	S
NMDC20555459	0	0	0	1	0	S
NMDC20584958	0	0	1	0	0	S
NMDC20557471	0	0	0	1	0	S
NMDC20584960	0	0	0	1	0	S
NMDC20584962	0	0	0	1	0	S
NMDC20584963	0	0	0	1	0	S
NMDC20553464	0	0	0	1	0	S
NMDC20553465	0	0	0	1	0	S
NMDC20555461	0	0	0	1	0	S
NMDC20555462	0	0	0	1	0	S
NMDC20584966	0	0	0	1	0	S
NMDC20553466	0	0	0	1	0	S
NMDC20553467	0	0	0	1	0	S
NMDC20555464	0	0	0	1	0	S
NMDC20584967	1	0	1	1	0	S
NMDC20555465	0	0	0	1	0	S
NMDC20584968	0	0	0	1	0	S
NMDC20553470	0	0	0	1	0	S
NMDC20557473	0	0	0	1	0	S
NMDC20555467	0	0	0	1	0	S
NMDC20553472	0	0	0	1	0	S
NMDC20584977	0	0	0	1	0	S
NMDC20555469	0	0	0	1	0	S
NMDC20557477	0	0	0	1	0	S
NMDC20551433	0	0	0	1	0	S
NMDC20551434	0	0	0	1	0	S
NMDC20557479	0	0	0	1	0	S
NMDC20557481	0	0	0	1	0	S
NMDC20553476	0	0	0	1	0	S
NMDC20555471	0	0	0	1	0	S
NMDC20584984	0	0	0	1	0	S
NMDC20584985	0	0	0	1	0	S
NMDC20584986	0	0	0	1	0	S
NMDC20584988	0	0	0	1	0	S
NMDC20584989	0	0	0	1	0	S
NMDC20584990	0	1	0	1	0	S
NMDC20584991	0	0	0	1	0	S
NMDC20584995	0	0	0	1	0	S
NMDC20551435	0	0	0	1	0	S
NMDC20584997	0	0	0	1	0	S
NMDC20584998	0	0	0	1	0	S
NMDC20584999	0	0	0	1	0	S
NMDC20585000	0	0	0	1	0	S
NMDC20585001	0	0	0	1	0	S
NMDC20585002	0	0	0	1	0	S
NMDC20555473	0	0	0	1	0	S
NMDC20551437	0	0	0	1	0	S
NMDC20585004	0	0	0	1	0	S
NMDC20585005	0	1	0	1	0	S
NMDC20585006	0	0	0	1	0	S
NMDC20557485	0	0	0	1	0	S
NMDC20585007	1	0	1	1	0	S
NMDC20557486	1	0	0	1	0	S
NMDC20555474	0	0	0	1	0	S
NMDC20585008	0	0	0	1	0	S
NMDC20585009	1	1	1	0	0	S
NMDC20585010	0	0	0	1	0	S
NMDC20585011	0	1	0	1	0	S
NMDC20555476	0	0	0	1	0	S
NMDC20585012	0	0	0	1	0	S
NMDC20551439	0	0	0	0	0	S
NMDC20585013	0	0	0	1	0	S
NMDC20585014	0	0	0	1	0	S
NMDC20553480	0	0	0	1	0	S
NMDC20555478	0	0	0	1	0	S
NMDC20585016	0	0	0	1	0	S
NMDC20585017	0	0	0	1	0	S
NMDC20557487	0	0	0	1	0	S
NMDC20555479	0	0	0	1	1	S
NMDC20551440	0	0	0	1	1	S
NMDC20585018	0	0	0	1	0	S
NMDC20585019	0	0	0	1	0	S
NMDC20551441	0	0	0	1	0	S
NMDC20585020	0	0	0	1	0	S
NMDC20585022	0	0	0	0	0	S
NMDC20553482	0	0	0	1	0	S
NMDC20585023	0	0	0	1	0	S
NMDC20585024	0	0	0	1	0	S
NMDC20585026	0	0	0	1	0	S
NMDC20585028	0	0	0	1	0	S
NMDC20585031	0	0	0	1	0	S
NMDC20585035	0	0	0	1	0	S
NMDC20551442	0	0	0	1	0	S
NMDC20553484	0	0	0	1	0	S
NMDC20555482	0	0	0	1	0	S
NMDC20551444	0	0	0	1	0	S
NMDC20555483	0	0	0	1	0	S
NMDC20585040	0	0	0	1	0	S
NMDC20585041	0	0	0	1	0	S
NMDC20555484	0	0	0	1	0	S
NMDC20557492	0	0	0	1	0	S
NMDC20557495	0	0	0	1	0	S
NMDC20585046	0	0	0	1	0	S
NMDC20555485	0	0	0	1	0	S
NMDC20553488	0	0	0	1	0	S
NMDC20551445	0	0	0	1	0	S
NMDC20555487	0	0	0	1	0	S
NMDC20585058	0	0	0	1	0	S
NMDC20557501	1	0	1	1	0	S
NMDC20585059	0	0	0	1	0	S
NMDC20585063	0	0	0	1	0	S
NMDC20585064	0	0	0	1	0	S
NMDC20557506	0	0	0	1	0	S
NMDC20553493	0	0	0	1	0	S
NMDC20553494	0	0	0	1	0	S
NMDC20585066	0	0	0	1	0	S
NMDC20585068	0	0	0	1	0	S
NMDC20557508	0	0	0	1	0	S
NMDC20555491	0	0	0	1	0	S
NMDC20585069	0	0	0	1	0	S
NMDC20553496	0	0	0	1	0	S
NMDC20557511	0	0	0	1	0	S
NMDC20585070	0	0	0	1	0	S
NMDC20585073	0	0	0	1	0	S
NMDC20585076	0	0	0	1	0	S
NMDC20585077	0	0	0	1	0	S
NMDC20585078	0	0	1	0	0	S
NMDC20557521	0	0	0	1	0	S
NMDC20585079	0	0	0	1	0	S
NMDC20553498	0	0	0	1	0	S
NMDC20557512	0	0	0	1	0	S
NMDC20585080	0	0	0	1	0	S
NMDC20551454	0	0	0	1	0	S
NMDC20557513	0	0	0	1	0	S
NMDC20585081	0	0	0	1	0	S
NMDC20585083	0	0	0	1	0	S
NMDC20585086	0	0	0	1	0	S
NMDC20557514	0	0	0	1	0	S
NMDC20555494	0	0	0	1	0	S
NMDC20557515	0	0	0	1	0	S
NMDC20551456	0	0	0	1	0	S
NMDC20585088	0	0	0	1	0	S
NMDC20555495	0	0	0	1	0	S
NMDC20557516	0	0	0	1	0	S
NMDC20557517	0	0	0	1	0	S
NMDC20585089	0	0	0	1	0	S
NMDC20585090	0	0	0	1	0	S
NMDC20551457	0	0	0	1	0	S
NMDC20553499	0	0	0	1	0	S
NMDC20585091	0	0	0	1	0	S
NMDC20553500	0	0	0	1	0	S
NMDC20585092	0	0	0	1	0	S
NMDC20585093	0	0	0	1	0	S
NMDC20585094	0	0	0	1	0	S
NMDC20551459	0	0	0	1	0	S
NMDC20585095	0	0	0	1	0	S
NMDC20553502	0	0	0	1	0	S
NMDC20553504	0	0	0	1	0	S
NMDC20555496	0	0	0	1	0	S
NMDC20555497	0	0	0	1	0	S
NMDC20553507	0	0	0	1	0	S
NMDC20557522	0	0	0	1	0	S
NMDC20557523	0	0	0	1	0	S
NMDC20585098	0	0	0	1	0	S
NMDC20553508	0	0	0	1	0	S
NMDC20557524	0	0	0	1	0	S
NMDC20585099	0	0	0	1	0	S
NMDC20557528	0	0	0	1	0	S
NMDC20557529	0	0	0	1	0	S
NMDC20555500	0	0	0	1	0	S
NMDC20585105	0	0	0	1	0	S
NMDC20585106	0	0	0	1	0	S
NMDC20553514	0	0	0	1	0	S
NMDC20551465	0	0	0	1	0	S
NMDC20557532	0	0	0	0	0	S
NMDC20557533	0	0	0	1	0	S
NMDC20585107	0	0	0	1	0	S
NMDC20551468	0	0	0	1	0	S
NMDC20557535	0	0	0	1	0	S
NMDC20585111	0	0	0	1	0	S
NMDC20585112	0	0	0	1	0	S
NMDC20585113	0	0	0	1	0	S
NMDC20585117	1	0	1	1	0	S
NMDC20585118	0	0	0	1	0	S
NMDC20585122	0	0	0	1	0	S
NMDC20585123	0	0	0	1	0	S
NMDC20585125	0	0	0	1	0	S
NMDC20553518	1	0	0	1	1	S
NMDC20555506	0	0	0	1	0	S
NMDC20557538	0	0	0	1	0	S
NMDC20555507	0	0	0	1	0	S
NMDC20551473	0	0	0	1	0	S
NMDC20585130	0	0	0	1	0	S
NMDC20585131	0	0	0	1	0	S
NMDC20551474	0	0	0	1	0	S
NMDC20557540	0	0	0	1	0	S
NMDC20585132	0	1	0	1	0	S
NMDC20557541	0	0	0	1	0	S
NMDC20557542	0	0	0	1	0	S
NMDC20557543	0	0	0	1	0	S
NMDC20585134	0	0	0	1	0	S
NMDC20553524	0	0	0	1	0	S
NMDC20557545	0	0	0	0	0	S
NMDC20553525	0	0	0	0	0	S
NMDC20557546	0	0	0	1	0	S
NMDC20585139	0	0	0	0	0	S
NMDC20585141	0	0	0	1	0	S
NMDC20551476	0	0	0	1	0	S
NMDC20555520	0	0	0	0	0	S
NMDC20551477	0	0	0	1	0	S
NMDC20585143	0	0	0	1	0	S
NMDC20553527	0	0	0	1	0	S
NMDC20555519	0	0	0	1	0	S
NMDC20585146	0	0	0	1	0	S
NMDC20585147	0	0	0	1	0	S
NMDC20585148	0	0	0	0	0	S
NMDC20551479	0	0	0	1	0	S
NMDC20585149	0	0	0	1	0	S
NMDC20585150	0	0	0	1	0	S
NMDC20553530	0	0	0	1	0	S
NMDC20585151	0	0	0	1	0	S
NMDC20585152	0	0	0	1	0	S
NMDC20551481	0	0	0	1	0	S
NMDC20585153	0	0	0	1	0	S
NMDC20553529	0	0	0	1	0	S
NMDC20585154	0	0	0	1	0	S
NMDC20557554	0	0	0	1	0	S
NMDC20551485	0	0	0	1	0	S
NMDC20557555	0	0	0	1	0	S
NMDC20551484	0	0	0	1	0	S
NMDC20555521	0	0	0	1	0	S
NMDC20551488	0	0	0	1	0	S
NMDC20551487	0	0	0	1	0	S
NMDC20585160	0	0	0	1	0	S
NMDC20553534	0	0	0	1	0	S
NMDC20557557	0	0	0	1	0	S
NMDC20585161	0	0	0	1	0	S
NMDC20585162	0	0	0	1	0	S
NMDC20585163	0	0	0	1	0	S
NMDC20553535	0	0	0	1	0	S
NMDC20551489	0	0	0	1	0	S
NMDC20557559	0	0	0	1	0	S
NMDC20551491	0	0	0	1	0	S
NMDC20551493	0	0	0	1	0	S
NMDC20585166	0	0	0	1	0	S
NMDC20585167	0	0	0	1	0	S
NMDC20585169	0	0	0	1	0	S
NMDC20585171	0	0	0	1	0	S
NMDC20557560	0	0	0	1	0	S
NMDC20585172	0	0	0	1	0	S
NMDC20585173	0	0	0	1	0	S
NMDC20551495	0	0	0	1	0	S
NMDC20553539	0	0	0	0	0	S
NMDC20553540	0	0	0	1	0	S
NMDC20585179	0	0	0	1	0	S
NMDC20555533	0	0	0	1	0	S
NMDC20555531	0	0	0	1	0	S
NMDC20585181	0	0	0	1	0	S
NMDC20557562	0	0	0	1	0	S
NMDC20585182	0	0	0	1	0	S
NMDC20551496	0	0	0	1	0	S
NMDC20555532	0	0	0	1	0	S
NMDC20585184	0	0	0	1	0	S
NMDC20555535	0	0	0	1	0	S
NMDC20551498	0	0	0	1	0	S
NMDC20585188	0	0	1	0	0	S
NMDC20585192	0	0	0	1	0	S
NMDC20585194	0	0	0	1	0	S
NMDC20557563	0	0	0	1	0	S
NMDC20555537	0	0	0	1	0	S
NMDC20585199	0	0	0	1	0	S
NMDC20585201	0	0	0	1	0	S
NMDC20585202	0	0	0	1	0	S
NMDC20557566	0	0	0	1	0	S
NMDC20585205	0	0	1	0	0	S
NMDC20553543	0	0	0	1	0	S
NMDC20585206	0	0	0	1	0	S
NMDC20551502	0	0	0	1	0	S
NMDC20553545	0	0	0	1	0	S
NMDC20551504	0	0	0	1	0	S
NMDC20553546	0	0	0	1	0	S
NMDC20585212	0	0	0	1	0	S
NMDC20557567	0	0	0	1	0	S
NMDC20557568	0	0	0	1	0	S
NMDC20553547	0	0	0	1	0	S
NMDC20553549	0	0	0	1	0	S
NMDC20555543	0	0	0	1	0	S
NMDC20585217	0	0	0	1	0	S
NMDC20551509	0	0	0	1	0	S
NMDC20585218	0	0	0	1	0	S
NMDC20551510	0	0	0	1	0	S
NMDC20551511	0	0	0	1	0	S
NMDC20555546	1	0	1	1	0	S
NMDC20585220	0	0	0	1	0	S
NMDC20555547	0	0	0	1	0	S
NMDC20551513	0	0	1	0	0	S
NMDC20557574	0	0	0	1	0	S
NMDC20585221	0	0	0	1	0	S
NMDC20585222	1	0	0	1	0	S
NMDC20555548	0	0	1	0	0	S
NMDC20553555	0	0	0	1	0	S
NMDC20585226	0	0	0	1	0	S
NMDC20585227	0	0	0	1	0	S
NMDC20557577	0	0	1	0	0	S
NMDC20557578	0	0	0	1	0	S
NMDC20557579	0	0	0	1	0	S
NMDC20585228	0	0	0	1	0	S
NMDC20553556	0	0	0	1	0	S
NMDC20555553	0	0	0	1	0	S
NMDC20553557	0	0	0	1	0	S
NMDC20557582	0	0	0	1	0	S
NMDC20557583	0	0	0	1	0	S
NMDC20557584	0	0	0	1	0	S
NMDC20551516	0	0	0	1	0	S
NMDC20555555	1	0	1	1	0	S
NMDC20557585	0	0	0	1	0	S
NMDC20557586	1	0	1	1	0	S
NMDC20557588	0	0	0	1	0	S
NMDC20553559	0	0	0	1	0	S
NMDC20553560	1	1	1	1	0	S
NMDC20555558	1	1	1	1	0	S
NMDC20555559	0	0	0	1	0	S
NMDC20557593	0	0	0	1	0	S
NMDC20557594	0	0	0	1	0	S
NMDC20553563	0	0	0	1	0	S
NMDC20585236	0	0	0	1	0	S
NMDC20585239	0	0	0	0	0	S
NMDC20585241	0	0	0	1	0	S
NMDC20585245	0	0	0	1	0	S
NMDC20551520	0	0	0	1	0	S
NMDC20585246	0	0	0	1	0	S
NMDC20557601	0	0	0	1	0	S
NMDC20585247	0	0	0	1	0	S
NMDC20557603	0	0	0	1	0	S
NMDC20551525	0	0	0	1	0	S
NMDC20585248	0	0	0	1	0	S
NMDC20557604	0	0	0	1	0	S
NMDC20551527	0	0	0	1	0	S
NMDC20553567	0	0	0	1	0	S
NMDC20553568	0	0	0	1	0	S
NMDC20585251	0	0	0	1	0	S
NMDC20553571	0	0	1	0	0	S
NMDC20585258	0	0	1	0	0	S
NMDC20551528	0	0	0	1	0	S
NMDC20557606	0	0	1	1	0	S
NMDC20585259	0	0	0	1	0	S
NMDC20585260	0	0	0	1	0	S
NMDC20585261	0	0	0	1	0	S
NMDC20585263	0	0	0	1	0	S
NMDC20585266	0	0	0	1	0	S
NMDC20585267	0	0	0	1	0	S
NMDC20585269	0	0	0	1	0	S
NMDC20553572	0	0	0	1	0	S
NMDC20557607	0	0	0	1	0	S
NMDC20585271	0	0	0	1	0	S
NMDC20585272	0	0	0	1	0	S
NMDC20585273	0	0	0	0	0	S
NMDC20553573	0	0	0	1	0	S
NMDC20551529	0	0	0	1	0	S
NMDC20551530	0	0	0	1	0	S
NMDC20585275	0	0	0	1	0	S
NMDC20585276	0	0	0	1	0	S
NMDC20585277	0	0	0	1	0	S
NMDC20551531	1	0	0	1	0	S
NMDC20585278	0	0	0	1	0	S
NMDC20585279	0	0	0	1	0	S
NMDC20585281	0	0	0	1	0	S
NMDC20557608	0	0	0	1	0	S
NMDC20551532	0	0	0	1	0	S
NMDC20585283	0	0	0	1	0	S
NMDC20585284	0	1	0	1	0	S
NMDC20585285	0	0	1	0	0	S
NMDC20555569	0	0	0	1	0	S
NMDC20557610	0	0	0	0	0	S
NMDC20585302	0	0	0	0	0	S
NMDC20585307	0	0	0	0	0	S
NMDC20585308	0	0	0	1	0	S
NMDC20585310	0	0	0	1	0	S
NMDC20585311	0	0	0	1	0	S
NMDC20585312	0	0	0	1	0	S
NMDC20585313	0	0	1	1	0	S
NMDC20585314	0	0	1	0	0	S
NMDC20585315	0	0	0	0	0	S
NMDC20585316	1	0	1	1	0	S
NMDC20551536	0	0	0	1	0	S
NMDC20551537	1	0	0	1	0	S
NMDC20585320	1	1	1	1	0	S
NMDC20585321	1	0	1	1	0	S
NMDC20551538	0	0	0	1	0	S
NMDC20557613	1	1	0	1	0	S
NMDC20585322	1	1	1	1	0	S
NMDC20555674	0	0	0	1	0	S
NMDC20557701	0	0	0	1	0	S
NMDC20557702	0	0	0	1	0	S
NMDC20585720	0	0	0	1	0	S
NMDC20551637	0	0	0	1	0	S
NMDC20551638	0	0	0	1	0	S
NMDC20557706	0	0	0	1	0	S
NMDC20585722	0	0	0	1	0	S
NMDC20585723	0	0	0	1	0	S
NMDC20557705	0	0	0	1	0	S
NMDC20553672	0	0	0	0	0	S
NMDC20555677	0	0	0	1	0	S
NMDC20553675	0	0	0	1	0	S
NMDC20585726	0	0	0	1	0	S
NMDC20585727	0	0	0	1	0	S
NMDC20585731	0	0	0	1	0	S
NMDC20551639	0	0	0	1	0	S
NMDC20555678	0	0	0	1	0	S
NMDC20555679	0	0	0	1	0	S
NMDC20551640	0	0	0	1	0	S
NMDC20585732	0	0	0	1	0	S
NMDC20585733	0	0	0	1	0	S
NMDC20555680	0	0	0	1	0	S
NMDC20555682	0	0	0	1	0	S
NMDC20585734	0	0	0	1	0	S
NMDC20553676	0	0	0	1	0	S
NMDC20551641	0	0	0	1	0	S
NMDC20585735	0	0	0	1	0	S
NMDC20551642	0	0	0	1	0	S
NMDC20585736	0	0	0	1	0	S
NMDC20553677	0	0	0	1	0	S
NMDC20585738	0	0	0	1	0	S
NMDC20585739	0	0	0	1	0	S
NMDC20557707	0	0	0	1	0	S
NMDC20585740	0	0	0	1	0	S
NMDC20555684	0	0	0	1	0	S
NMDC20585744	0	0	0	1	0	S
NMDC20585746	0	0	0	1	0	S
NMDC20585747	0	0	0	1	0	S
NMDC20585748	0	0	0	1	0	S
NMDC20555686	0	0	0	1	0	S
NMDC20585750	0	0	0	1	0	S
NMDC20551647	0	0	0	1	0	S
NMDC20553679	0	0	0	1	0	S
NMDC20585752	0	0	0	1	0	S
NMDC20551649	0	0	0	1	0	S
NMDC20555688	0	0	0	1	0	S
NMDC20553680	0	0	0	1	0	S
NMDC20585759	0	0	0	1	0	S
NMDC20557713	0	0	0	1	0	S
NMDC20585760	0	0	0	1	0	S
NMDC20553682	0	0	0	1	0	S
NMDC20551652	0	0	0	1	0	S
NMDC20585761	0	0	0	1	0	S
NMDC20555690	0	0	0	1	0	S
NMDC20585763	0	0	0	1	0	S
NMDC20551653	0	0	0	1	0	S
NMDC20555691	0	0	0	1	0	S
NMDC20551654	0	0	0	1	0	S
NMDC20553683	0	0	0	1	0	S
NMDC20585764	0	0	0	1	0	S
NMDC20551655	0	0	0	1	0	S
NMDC20555692	0	0	0	1	0	S
NMDC20551657	0	0	0	1	0	S
NMDC20557715	0	0	0	1	0	S
NMDC20557716	0	0	0	1	0	S
NMDC20553685	0	0	0	1	0	S
NMDC20555694	0	0	0	1	0	S
NMDC20557717	0	0	0	1	0	S
NMDC20585767	0	0	0	1	0	S
NMDC20551656	0	0	0	1	0	S
NMDC20585768	0	0	0	1	0	S
NMDC20551658	0	0	0	1	0	S
NMDC20555695	0	0	0	1	0	S
NMDC20585769	0	0	0	1	0	S
NMDC20553686	0	0	0	1	0	S
NMDC20585770	0	0	0	1	0	S
NMDC20555699	0	0	0	1	0	S
NMDC20551660	0	0	0	1	0	S
NMDC20585772	0	0	0	1	0	S
NMDC20555698	0	0	0	1	0	S
NMDC20557719	0	0	0	1	0	S
NMDC20557721	0	0	0	1	0	S
NMDC20557720	0	0	0	1	0	S
NMDC20555700	0	0	0	1	0	S
NMDC20585774	0	0	0	1	0	S
NMDC20585775	0	0	0	1	0	S
NMDC20585777	0	0	0	1	0	S
NMDC20553687	0	0	0	1	0	S
NMDC20555701	0	0	0	1	0	S
NMDC20585778	0	0	0	1	0	S
NMDC20551663	0	0	0	1	0	S
NMDC20585779	0	0	0	1	0	S
NMDC20557722	0	0	0	1	0	S
NMDC20557723	0	0	0	1	0	S
NMDC20585781	0	0	0	1	0	S
NMDC20585782	0	0	0	1	0	S
NMDC20553691	0	0	0	1	0	S
NMDC20551664	0	0	0	1	0	S
NMDC20585783	0	0	0	0	0	S
NMDC20551665	0	0	0	1	0	S
NMDC20555703	0	0	0	1	0	S
NMDC20585784	0	0	0	1	0	S
NMDC20585785	0	0	0	1	0	S
NMDC20557725	0	0	0	1	0	S
NMDC20585786	0	0	0	1	0	S
NMDC20553693	0	0	0	1	0	S
NMDC20585787	0	0	0	1	0	S
NMDC20553695	0	0	0	1	0	S
NMDC20557724	0	0	0	1	0	S
NMDC20553696	0	0	0	1	0	S
NMDC20585789	0	0	0	1	0	S
NMDC20585790	0	0	0	1	0	S
NMDC20585791	0	0	0	1	0	S
NMDC20585792	0	0	0	1	0	S
NMDC20551667	0	0	0	1	0	S
NMDC20551668	0	0	0	1	0	S
NMDC20551669	0	0	0	1	0	S
NMDC20585794	0	0	0	1	0	S
NMDC20557728	0	0	0	1	0	S
NMDC20551670	0	0	0	1	0	S
NMDC20555709	0	0	0	1	0	S
NMDC20557729	0	0	0	1	0	S
NMDC20555711	0	0	0	1	0	S
NMDC20585796	0	0	0	1	0	S
NMDC20557731	0	0	0	1	0	S
NMDC20557732	0	0	0	1	0	S
NMDC20551671	0	0	0	1	0	S
NMDC20585799	0	0	0	1	0	S
NMDC20555712	0	0	0	1	0	S
NMDC20585800	0	0	0	1	0	S
NMDC20585801	0	0	0	1	0	S
NMDC20585802	0	0	0	1	0	S
NMDC20553698	0	0	0	1	0	S
NMDC20557733	0	0	0	1	0	S
NMDC20555713	0	0	0	1	0	S
NMDC20553699	1	0	1	0	0	S
NMDC20553700	0	0	0	1	0	S
NMDC20551672	0	0	0	1	0	S
NMDC20585806	0	0	0	1	0	S
NMDC20553702	0	0	0	1	0	S
NMDC20557734	0	0	0	1	0	S
NMDC20555714	0	0	0	1	0	S
NMDC20557735	0	0	0	1	0	S
NMDC20553704	0	0	0	1	0	S
NMDC20551676	0	0	0	0	0	S
NMDC20585810	0	0	0	1	0	S
NMDC20585812	0	0	0	1	0	S
NMDC20555715	0	0	0	1	0	S
NMDC20555716	0	0	0	1	0	S
NMDC20585815	0	0	0	1	0	S
NMDC20551678	0	0	0	1	0	S
NMDC20553706	0	0	0	1	0	S
NMDC20585817	0	0	0	1	0	S
NMDC20585820	0	0	0	1	0	S
NMDC20585821	0	0	0	1	0	S
NMDC20555717	0	0	0	0	0	S
NMDC20555718	0	0	0	1	0	S
NMDC20585822	0	0	0	1	0	S
NMDC20551681	0	0	0	1	0	S
NMDC20551682	0	0	0	1	0	S
NMDC20553707	0	0	0	1	0	S
NMDC20551683	0	0	0	1	0	S
NMDC20585828	0	0	0	1	0	S
NMDC20557738	0	0	0	1	0	S
NMDC20551688	0	0	0	1	0	S
NMDC20553710	0	0	0	1	0	S
NMDC20551689	0	0	0	1	0	S
NMDC20585831	0	0	0	1	0	S
NMDC20585834	0	0	0	1	0	S
NMDC20585837	0	0	0	1	0	S
NMDC20585844	0	0	0	1	0	S
NMDC20585845	0	0	0	1	0	S
NMDC20585848	0	0	0	1	0	S
NMDC20585853	0	0	0	1	0	S
NMDC20585854	0	0	0	1	0	S
NMDC20585855	0	0	0	1	0	S
NMDC20585857	0	0	0	1	0	S
NMDC20585859	0	0	0	1	0	S
NMDC20585860	0	0	0	1	0	S
NMDC20585861	0	0	0	1	0	S
NMDC20585862	0	0	0	1	0	S
NMDC20585867	0	0	0	1	0	S
NMDC20585868	0	0	0	1	0	S
NMDC20585871	0	0	0	1	0	S
NMDC20585872	0	0	0	1	0	S
NMDC20585873	0	0	0	1	0	S
NMDC20585874	0	0	0	0	0	S
NMDC20585876	0	0	0	1	0	S
NMDC20585878	0	0	0	1	0	S
NMDC20557739	0	0	0	1	0	S
NMDC20551690	0	0	0	1	0	S
NMDC20551691	0	0	0	1	0	S
NMDC20553711	0	0	0	1	0	S
NMDC20585883	0	0	0	0	0	S
NMDC20585884	0	0	0	1	0	S
NMDC20585885	0	0	0	1	0	S
NMDC20551692	0	0	0	1	0	S
NMDC20553712	0	0	0	0	0	S
NMDC20555719	0	0	0	1	0	S
NMDC20557740	0	0	0	1	0	S
NMDC20585886	0	0	0	1	0	S
NMDC20585887	0	0	0	1	0	S
NMDC20551693	0	0	0	1	0	S
NMDC20555720	0	0	0	1	0	S
NMDC20553715	0	0	0	1	0	S
NMDC20585892	0	0	0	1	0	S
NMDC20551694	0	0	0	1	0	S
NMDC20557741	0	0	0	1	0	S
NMDC20555723	0	0	0	1	0	S
NMDC20555724	0	0	0	1	0	S
NMDC20585896	0	0	0	1	0	S
NMDC20555727	0	0	0	1	0	S
NMDC20585900	0	0	0	0	0	S
NMDC20585901	1	1	0	1	0	S
NMDC20553718	0	0	0	0	0	S
NMDC20585905	0	0	0	1	0	S
NMDC20551696	0	0	0	1	0	S
NMDC20551697	0	0	0	1	0	S
NMDC20585906	0	0	0	1	0	S
NMDC20585908	0	0	0	1	0	S
NMDC20585909	0	0	0	1	0	S
NMDC20555729	0	0	0	1	0	S
NMDC20585910	0	0	0	1	0	S
NMDC20553719	0	0	0	1	0	S
NMDC20585913	0	0	0	1	0	S
NMDC20585914	0	0	0	1	0	S
NMDC20557746	0	0	0	1	0	S
NMDC20551699	0	0	0	1	0	S
NMDC20551700	0	0	0	1	0	S
NMDC20585915	0	0	0	1	0	S
NMDC20585916	0	0	0	1	0	S
NMDC20551701	0	0	0	1	0	S
NMDC20551702	0	0	0	1	0	S
NMDC20551703	0	0	0	1	0	S
NMDC20553720	0	0	0	1	0	S
NMDC20555731	0	0	0	1	0	S
NMDC20557747	0	0	0	1	0	S
NMDC20555733	0	0	0	1	0	S
NMDC20585918	0	0	0	1	0	S
NMDC20557749	0	0	0	1	0	S
NMDC20553723	1	0	0	1	0	S
NMDC20551707	0	0	0	1	0	S
NMDC20585922	0	0	0	1	0	S
NMDC20585923	0	0	0	1	0	S
NMDC20553726	0	0	0	1	0	S
NMDC20555737	0	0	0	1	0	S
NMDC20557751	0	0	0	1	0	S
NMDC20557752	0	0	0	1	0	S
NMDC20585925	0	0	0	1	0	S
NMDC20551709	0	0	0	1	0	S
NMDC20551710	0	0	0	1	0	S
NMDC20555739	0	0	0	1	0	S
NMDC20585926	0	0	0	1	0	S
NMDC20555740	0	0	0	1	0	S
NMDC20553727	0	0	0	1	0	S
NMDC20551711	0	0	0	1	0	S
NMDC20555741	0	0	0	1	0	S
NMDC20557754	0	0	0	1	0	S
NMDC20585929	0	0	0	1	0	S
NMDC20585930	0	0	0	1	0	S
NMDC20557755	0	0	0	1	0	S
NMDC20555742	0	0	0	1	0	S
NMDC20585932	0	0	0	1	0	S
NMDC20555743	0	0	0	1	0	S
NMDC20557758	0	0	0	1	0	S
NMDC20553729	0	0	0	1	0	S
NMDC20551713	0	0	0	1	0	S
NMDC20555744	0	0	0	1	0	S
NMDC20585937	0	0	0	1	0	S
NMDC20553731	0	0	0	1	0	S
NMDC20553732	0	0	0	1	0	S
NMDC20551716	0	0	0	1	0	S
NMDC20553734	0	0	0	1	0	S
NMDC20585942	0	0	1	0	0	S
NMDC20585943	0	0	0	1	0	S
NMDC20557761	0	0	0	1	0	S
NMDC20585944	0	0	0	1	0	S
NMDC20555746	0	0	0	1	0	S
NMDC20585945	0	0	0	1	0	S
NMDC20585946	0	0	0	1	0	S
NMDC20551718	0	0	0	1	0	S
NMDC20553737	0	0	0	1	0	S
NMDC20585951	0	0	0	1	0	S
NMDC20557766	0	0	0	1	0	S
NMDC20553739	0	0	0	1	0	S
NMDC20585953	0	0	0	1	0	S
NMDC20585954	1	0	0	1	1	S
NMDC20585955	0	0	0	1	0	S
NMDC20557768	0	0	0	1	0	S
NMDC20555747	0	0	0	1	0	S
NMDC20551722	0	0	0	1	0	S
NMDC20553740	0	0	0	1	0	S
NMDC20585956	0	0	0	1	0	S
NMDC20551725	0	0	0	1	0	S
NMDC20553741	1	0	0	1	0	S
NMDC20551726	0	0	0	1	0	S
NMDC20555748	0	0	0	1	0	S
NMDC20555749	0	0	0	1	0	S
NMDC20585959	1	0	0	1	0	S
NMDC20585960	1	0	0	1	0	S
NMDC20585961	0	0	0	1	0	S
NMDC20585962	0	0	0	1	0	S
NMDC20585963	0	0	0	1	0	S
NMDC20585964	0	0	0	1	0	S
NMDC20553743	1	0	0	1	0	S
NMDC20553742	1	0	1	1	0	S
NMDC20557770	0	0	0	1	0	S
NMDC20557771	0	0	0	1	0	S
NMDC20555753	0	0	0	1	0	S
NMDC20551729	0	0	0	1	0	S
NMDC20585969	0	0	0	1	0	S
NMDC20585970	0	0	0	1	0	S
NMDC20585971	0	0	0	1	0	S
NMDC20553744	0	0	0	1	0	S
NMDC20551730	0	0	0	1	0	S
NMDC20557776	0	0	0	1	0	S
NMDC20585977	0	0	0	1	0	S
NMDC20557777	1	0	1	1	0	S
NMDC20585979	0	0	0	1	0	S
NMDC20551744	0	0	0	1	0	S
NMDC20557779	0	0	0	1	0	S
NMDC20585982	0	0	0	1	0	S
NMDC20551734	1	0	1	1	0	S
NMDC20551735	0	0	0	0	0	S
NMDC20551736	0	0	0	1	0	S
NMDC20585984	0	0	0	1	0	S
NMDC20551737	0	0	0	1	0	S
NMDC20585985	0	0	0	1	0	S
NMDC20585987	0	0	0	1	0	S
NMDC20551738	0	0	0	1	0	S
NMDC20557782	0	0	1	0	0	S
NMDC20553752	0	0	0	0	0	S
NMDC20555760	0	0	0	1	0	S
NMDC20585993	0	0	0	1	0	S
NMDC20557784	0	0	0	1	0	S
NMDC20585998	0	0	0	1	0	S
NMDC20551740	0	0	0	1	0	S
NMDC20553754	0	0	0	1	0	S
NMDC20585999	0	0	0	1	0	S
NMDC20586000	0	0	0	1	0	S
NMDC20586002	0	0	0	1	0	S
NMDC20586003	0	0	0	1	0	S
NMDC20555762	0	0	0	1	0	S
NMDC20586005	0	0	0	1	0	S
NMDC20551742	0	0	0	1	0	S
NMDC20557785	0	0	0	0	0	S
NMDC20557786	0	0	0	1	0	S
NMDC20551743	0	0	0	1	0	S
NMDC20586007	0	0	0	1	0	S
NMDC20557790	0	0	0	1	0	S
NMDC20555764	0	0	0	1	0	S
NMDC20551745	0	0	0	1	0	S
NMDC20557791	0	0	0	1	0	S
NMDC20586012	0	0	0	1	0	S
NMDC20553757	0	0	0	1	0	S
NMDC20586014	0	0	0	1	0	S
NMDC20551747	0	0	0	1	0	S
NMDC20553759	0	0	0	1	0	S
NMDC20586016	0	0	0	1	0	S
NMDC20586017	0	0	0	1	0	S
NMDC20551750	0	0	0	1	0	S
NMDC20555768	0	0	0	1	0	S
NMDC20555769	0	0	0	1	0	S
NMDC20553761	0	0	0	1	0	S
NMDC20551749	0	0	0	1	0	S
NMDC20555770	0	0	0	1	0	S
NMDC20551752	0	0	0	1	0	S
NMDC20553762	0	0	0	1	0	S
NMDC20551751	0	0	0	1	0	S
NMDC20553763	0	0	0	1	0	S
NMDC20553764	0	0	0	1	0	S
NMDC20586020	0	0	0	1	0	S
NMDC20553765	0	0	0	0	0	S
NMDC20586021	0	0	0	1	0	S
NMDC20553766	0	0	0	1	0	S
NMDC20586023	0	0	0	1	0	S
NMDC20555771	1	1	0	1	0	S
NMDC20551755	0	0	1	0	0	S
NMDC20586026	0	0	0	1	0	S
NMDC20586027	0	0	0	1	0	S
NMDC20586029	0	0	0	1	0	S
NMDC20586031	0	0	0	1	0	S
NMDC20586032	0	0	0	1	0	S
NMDC20586033	0	0	0	1	0	S
NMDC20586034	0	0	0	1	0	S
NMDC20586036	0	0	0	1	0	S
NMDC20586045	0	0	0	1	0	S
NMDC20586046	1	0	1	1	0	S
NMDC20586049	0	0	0	1	0	S
NMDC20586051	0	0	0	1	0	S
NMDC20586053	0	0	0	1	0	S
NMDC20586054	0	0	0	1	0	S
NMDC20586057	0	0	0	1	0	S
NMDC20586060	0	0	0	0	0	S
NMDC20586061	0	0	0	0	0	S
NMDC20586062	0	0	0	0	0	S
NMDC20586063	0	0	0	1	0	S
NMDC20586064	0	0	0	1	0	S
NMDC20586065	0	0	0	1	0	S
NMDC20586066	0	0	0	1	0	S
NMDC20586068	0	0	0	1	0	S
NMDC20586071	0	0	0	1	0	S
NMDC20586072	0	0	0	1	0	S
NMDC20586076	0	0	0	1	0	S
NMDC20586077	0	0	0	1	0	S
NMDC20586078	0	0	0	1	0	S
NMDC20586079	0	0	0	1	0	S
NMDC20586080	0	0	0	1	0	S
NMDC20586081	0	0	0	1	0	S
NMDC20586085	0	0	0	1	0	S
NMDC20586086	0	0	0	1	0	S
NMDC20586087	0	0	0	1	0	S
NMDC20586088	0	0	0	1	0	S
NMDC20586089	0	0	0	1	0	S
NMDC20586090	0	0	0	1	0	S
NMDC20586091	0	0	0	1	0	S
NMDC20586092	0	0	0	1	0	S
NMDC20586093	0	0	0	1	0	S
NMDC20586094	0	0	0	1	0	S
NMDC20586097	0	0	0	1	0	S
NMDC20586098	0	0	0	1	0	S
NMDC20586099	0	0	0	1	0	S
NMDC20586102	0	0	0	1	0	S
NMDC20586103	0	0	0	1	0	S
NMDC20553769	0	0	0	1	0	S
NMDC20551757	0	0	0	1	0	S
NMDC20555773	0	0	0	1	0	S
NMDC20555774	0	0	0	1	0	S
NMDC20586104	0	0	0	1	0	S
NMDC20555776	0	0	0	1	0	S
NMDC20586105	0	0	0	1	0	S
NMDC20586106	0	0	0	1	0	S
NMDC20551758	0	0	0	1	0	S
NMDC20557796	0	0	0	1	0	S
NMDC20586107	0	0	0	1	0	S
NMDC20553772	0	0	0	1	0	S
NMDC20551760	0	0	0	1	0	S
NMDC20586110	0	0	1	0	0	S
NMDC20557798	0	0	0	1	0	S
NMDC20555779	0	0	0	1	0	S
NMDC20557800	0	0	0	1	0	S
NMDC20557803	0	0	0	1	0	S
NMDC20586112	0	0	0	1	0	S
NMDC20555780	0	0	0	1	0	S
NMDC20555781	0	0	0	1	0	S
NMDC20555782	0	0	0	1	0	S
NMDC20555783	0	0	0	1	0	S
NMDC20586114	0	0	0	1	0	S
NMDC20553777	0	0	0	1	0	S
NMDC20586115	0	0	0	1	0	S
NMDC20586119	0	0	0	1	0	S
NMDC20586120	0	0	0	1	0	S
NMDC20586121	0	0	0	1	0	S
NMDC20551764	0	0	0	1	0	S
NMDC20557806	0	0	0	1	0	S
NMDC20586123	0	0	0	1	0	S
NMDC20586125	0	0	0	1	0	S
NMDC20586127	0	0	0	1	0	S
NMDC20553781	0	0	0	1	0	S
NMDC20551768	0	0	0	1	0	S
NMDC20586128	0	0	0	1	0	S
NMDC20555793	0	0	0	1	0	S
NMDC20555794	0	0	0	1	0	S
NMDC20586129	0	0	0	1	0	S
NMDC20557809	0	0	1	0	0	S
NMDC20555795	0	0	0	0	0	S
NMDC20553783	0	0	0	1	0	S
NMDC20555797	0	0	0	1	0	S
NMDC20555798	0	0	1	0	0	S
NMDC20557811	0	0	0	1	0	S
NMDC20551774	0	0	0	1	0	S
NMDC20586133	0	0	0	1	0	S
NMDC20553785	0	0	0	1	0	S
NMDC20586134	0	0	0	1	0	S
NMDC20557810	0	0	0	1	0	S
NMDC20551776	0	0	0	1	0	S
NMDC20553787	0	0	0	1	0	S
NMDC20586138	0	0	0	1	0	S
NMDC20586140	0	0	0	1	0	S
NMDC20555799	0	0	0	1	0	S
NMDC20553788	0	0	0	1	0	S
NMDC20586141	0	0	0	1	0	S
NMDC20557812	0	0	0	1	0	S
NMDC20551778	0	0	0	0	0	S
NMDC20551779	0	0	0	1	0	S
NMDC20586142	0	0	0	1	0	S
NMDC20586143	0	0	0	1	0	S
NMDC20586144	0	0	0	1	0	S
NMDC20586145	0	0	0	1	0	S
NMDC20551780	0	0	0	1	0	S
NMDC20555800	0	0	0	1	0	S
NMDC20586147	0	0	0	1	0	S
NMDC20557813	0	0	0	1	0	S
NMDC20555801	0	0	0	1	0	S
NMDC20586151	0	0	0	1	0	S
NMDC20557815	0	0	0	1	0	S
NMDC20557816	0	0	0	1	0	S
NMDC20551782	0	0	0	1	0	S
NMDC20555805	0	0	0	1	0	S
NMDC20557818	0	0	0	1	0	S
NMDC20586159	0	0	0	1	0	S
NMDC20586160	0	0	0	1	0	S
NMDC20586161	0	0	0	1	0	S
NMDC20586162	0	0	0	1	0	S
NMDC20586164	0	0	0	1	0	S
NMDC20553794	0	0	0	1	0	S
NMDC20557821	0	0	0	1	0	S
NMDC20586165	0	0	0	1	0	S
NMDC20553795	0	0	0	1	0	S
NMDC20553796	0	0	0	1	0	S
NMDC20555807	0	0	0	1	0	S
NMDC20586167	0	0	0	1	0	S
NMDC20586168	0	0	0	1	0	S
NMDC20555809	0	0	0	1	0	S
NMDC20586171	0	0	0	1	0	S
NMDC20553800	0	0	0	1	0	S
NMDC20555811	0	0	0	1	0	S
NMDC20553807	0	0	0	1	0	S
NMDC20553803	0	0	0	1	0	S
NMDC20553804	0	0	0	1	0	S
NMDC20553805	0	0	0	1	0	S
NMDC20586176	1	0	0	1	1	S
NMDC20586177	0	0	0	1	0	S
NMDC20551786	0	0	0	1	0	S
NMDC20555813	0	0	0	1	0	S
NMDC20551787	0	0	0	1	0	S
NMDC20551788	0	0	0	1	0	S
NMDC20586179	0	0	0	1	0	S
NMDC20551790	0	0	0	1	0	S
NMDC20553808	0	0	0	1	0	S
NMDC20553809	0	0	1	0	0	S
NMDC20555815	0	0	0	1	0	S
NMDC20557828	0	0	0	1	0	S
NMDC20586182	0	0	1	0	0	S
NMDC20586183	0	0	1	0	0	S
NMDC20557830	0	0	0	1	0	S
NMDC20586184	0	0	0	1	0	S
NMDC20553812	0	0	1	0	0	S
NMDC20586185	0	0	0	1	0	S
NMDC20553811	0	0	0	1	0	S
NMDC20586187	0	0	0	1	0	S
NMDC20553813	0	0	0	1	0	S
NMDC20555818	0	0	0	1	0	S
NMDC20555819	0	0	0	1	0	S
NMDC20555820	0	0	0	1	0	S
NMDC20586191	0	0	0	1	0	S
NMDC20551793	0	0	0	1	0	S
NMDC20551794	0	0	0	1	0	S
NMDC20586192	0	0	0	1	0	S
NMDC20551797	0	0	0	1	0	S
NMDC20551798	0	0	0	1	0	S
NMDC20586193	1	0	1	1	0	S
NMDC20586195	0	0	0	1	0	S
NMDC20586196	0	0	0	1	0	S
NMDC20551801	0	0	0	1	0	S
NMDC20586197	0	0	0	1	0	S
NMDC20551802	0	0	0	1	0	S
NMDC20586199	0	0	0	1	0	S
NMDC20586201	0	0	0	1	0	S
NMDC20586202	0	0	0	1	0	S
NMDC20586203	0	0	0	1	0	S
NMDC20555826	0	0	0	1	0	S
NMDC20586204	0	0	0	1	0	S
NMDC20553815	0	0	0	1	0	S
NMDC20557837	0	0	0	1	0	S
NMDC20557838	0	0	1	0	0	S
NMDC20551806	0	0	0	1	0	S
NMDC20586206	0	0	0	1	0	S
NMDC20586208	0	0	0	1	0	S
NMDC20553818	0	0	0	1	0	S
NMDC20586209	0	0	0	1	0	S
NMDC20586210	0	0	0	1	0	S
NMDC20586212	0	0	0	1	0	S
NMDC20586217	0	0	0	1	0	S
NMDC20551807	0	0	0	1	0	S
NMDC20553820	0	0	0	1	0	S
NMDC20555829	0	0	0	1	0	S
NMDC20555827	0	0	0	1	0	S
NMDC20586220	0	0	0	1	0	S
NMDC20551808	0	0	0	1	0	S
NMDC20553823	0	0	0	1	0	S
NMDC20555830	0	0	0	1	0	S
NMDC20551811	0	0	0	1	0	S
NMDC20586224	0	0	0	1	0	S
NMDC20586225	0	0	0	1	0	S
NMDC20557846	0	0	0	1	0	S
NMDC20557847	0	0	0	1	0	S
NMDC20555852	0	0	0	1	0	S
NMDC20551813	0	0	0	1	0	S
NMDC20553825	0	0	0	1	0	S
NMDC20551814	0	0	0	1	0	S
NMDC20551815	0	0	0	1	0	S
NMDC20555832	0	0	0	1	0	S
NMDC20557848	0	0	0	1	0	S
NMDC20586230	0	0	0	1	0	S
NMDC20553826	0	0	0	1	0	S
NMDC20557850	0	0	0	1	0	S
NMDC20555835	0	0	0	1	0	S
NMDC20553828	0	0	0	0	0	S
NMDC20586236	0	0	0	1	0	S
NMDC20586238	1	0	1	1	0	S
NMDC20555836	0	1	0	1	0	S
NMDC20555837	0	0	0	1	0	S
NMDC20586241	0	0	0	1	0	S
NMDC20555838	0	0	0	1	0	S
NMDC20553831	0	0	0	1	0	S
NMDC20586243	0	0	0	1	0	S
NMDC20555840	0	0	0	1	0	S
NMDC20555841	0	0	0	1	0	S
NMDC20557853	0	0	0	1	0	S
NMDC20586247	0	0	0	1	0	S
NMDC20586249	0	0	0	1	0	S
NMDC20553833	0	0	0	1	0	S
NMDC20555842	0	0	0	1	0	S
NMDC20586251	0	0	0	1	0	S
NMDC20555843	0	0	0	1	0	S
NMDC20555845	0	0	0	1	0	S
NMDC20551821	0	0	0	1	0	S
NMDC20557855	0	0	0	1	0	S
NMDC20551822	0	0	0	1	0	S
NMDC20555846	0	0	0	1	0	S
NMDC20586252	0	0	0	1	0	S
NMDC20557857	0	0	0	1	0	S
NMDC20586253	0	0	0	1	0	S
NMDC20586254	0	0	0	1	0	S
NMDC20553837	0	0	0	1	0	S
NMDC20553838	0	0	0	1	0	S
NMDC20551824	0	1	0	0	0	S
NMDC20551827	0	0	0	1	0	S
NMDC20586255	0	0	0	1	0	S
NMDC20555850	0	0	0	1	0	S
NMDC20551828	0	0	0	1	0	S
NMDC20551829	0	0	0	1	0	S
NMDC20586258	0	0	0	1	0	S
NMDC20555851	0	0	0	1	0	S
NMDC20586259	0	0	0	1	0	S
NMDC20586260	0	0	0	1	0	S
NMDC20553839	0	0	0	1	0	S
NMDC20586262	0	0	0	1	0	S
NMDC20555853	0	0	0	1	0	S
NMDC20586264	0	0	0	1	0	S
NMDC20553842	0	0	0	1	0	S
NMDC20557864	0	0	0	1	0	S
NMDC20553843	0	0	0	1	0	S
NMDC20553845	0	0	0	1	0	S
NMDC20586269	0	0	0	1	0	S
NMDC20555854	0	0	0	1	0	S
NMDC20555856	0	0	0	1	0	S
NMDC20555857	0	0	0	1	0	S
NMDC20557866	0	0	0	1	0	S
NMDC20586276	0	0	0	1	0	S
NMDC20551833	0	0	0	1	0	S
NMDC20553847	0	0	0	1	0	S
NMDC20551835	0	0	0	1	0	S
NMDC20586281	0	0	0	1	0	S
NMDC20555860	0	0	0	1	0	S
NMDC20586283	0	0	0	1	0	S
NMDC20555861	0	0	1	0	0	S
NMDC20586284	0	0	0	1	0	S
NMDC20553849	0	0	0	1	0	S
NMDC20553850	0	0	0	1	0	S
NMDC20586286	0	0	0	1	0	S
NMDC20551839	0	0	0	1	0	S
NMDC20553851	0	0	0	1	0	S
NMDC20553852	0	0	0	1	0	S
NMDC20555863	0	0	0	1	0	S
NMDC20586290	0	0	0	1	0	S
NMDC20586292	0	0	0	1	0	S
NMDC20586295	0	0	0	1	0	S
NMDC20551841	0	0	0	1	0	S
NMDC20551842	0	0	0	1	0	S
NMDC20586297	0	0	0	1	0	S
NMDC20555864	0	0	0	1	0	S
NMDC20553855	0	0	0	1	0	S
NMDC20586299	0	0	0	1	0	S
NMDC20586300	0	0	0	1	0	S
NMDC20557871	0	0	1	0	0	S
NMDC20551843	0	0	0	1	0	S
NMDC20555868	0	0	0	1	0	S
NMDC20586303	0	0	0	1	0	S
NMDC20551844	0	0	1	0	0	S
NMDC20551851	0	0	0	1	0	S
NMDC20586384	0	0	0	1	0	S
NMDC20586385	0	0	0	1	0	S
NMDC20586386	0	0	0	1	0	S
NMDC20586387	0	0	0	1	0	S
NMDC20557876	0	0	0	1	0	S
NMDC20557877	0	0	0	1	0	S
NMDC20555877	0	0	0	1	0	S
NMDC20553866	0	0	0	1	0	S
NMDC20551852	0	0	0	1	0	S
NMDC20586388	0	0	0	1	0	S
NMDC20555879	0	0	0	1	0	S
NMDC20586389	0	0	0	1	0	S
NMDC20553867	1	1	0	1	0	S
NMDC20553868	0	0	0	1	0	S
NMDC20551855	0	0	0	1	0	S
NMDC20551856	0	1	0	1	0	S
NMDC20555881	0	1	0	1	0	S
NMDC20586390	0	0	0	1	0	S
NMDC20551857	0	0	0	1	0	S
NMDC20553869	0	0	0	1	0	S
NMDC20555880	0	0	0	1	0	S
NMDC20553870	0	0	0	1	0	S
NMDC20557881	0	0	0	0	0	S
NMDC20551858	0	1	0	1	0	S
NMDC20586394	0	1	0	1	0	S
NMDC20551859	0	1	0	1	0	S
NMDC20586395	0	0	0	1	0	S
NMDC20553871	0	0	0	0	0	S
NMDC20557882	0	1	0	1	0	S
NMDC20586396	0	0	0	1	0	S
NMDC20557883	0	0	0	0	0	S
NMDC20553873	0	0	0	0	0	S
NMDC20555884	0	0	0	0	0	S
NMDC20555885	0	0	0	0	0	S
NMDC20557884	0	0	0	0	0	S
NMDC20555886	0	0	0	1	0	S
NMDC20586397	0	0	0	0	0	S
NMDC20586398	0	0	0	0	0	S
NMDC20555887	0	0	0	0	0	S
NMDC20586399	0	0	0	0	0	S
NMDC20553874	0	0	0	0	0	S
NMDC20586402	0	0	0	1	0	S
NMDC20586403	0	0	0	1	0	S
NMDC20586404	0	0	0	1	0	S
NMDC20555888	0	0	0	1	0	S
NMDC20557886	0	0	1	0	0	S
NMDC20586407	0	0	0	1	0	S
NMDC20586408	0	0	0	1	0	S
NMDC20586409	0	0	0	1	0	S
NMDC20586411	0	0	0	1	0	S
NMDC20586413	0	0	0	1	0	S
NMDC20555890	0	0	0	1	0	S
NMDC20555891	0	0	1	0	0	S
NMDC20586415	0	0	0	1	0	S
NMDC20586417	0	0	0	1	0	S
NMDC20586418	0	0	0	1	0	S
NMDC20551863	0	0	0	1	0	S
NMDC20551864	0	0	1	0	0	S
NMDC20586419	0	0	0	1	0	S
NMDC20555894	0	0	0	0	0	S
NMDC20586421	0	0	0	1	0	S
NMDC20557887	0	0	0	1	0	S
NMDC20586423	0	0	0	1	0	S
NMDC20551867	0	0	0	1	0	S
NMDC20586426	0	0	0	1	0	S
NMDC20586427	0	0	0	1	0	S
NMDC20555898	0	0	0	1	0	S
NMDC20586428	0	0	0	1	0	S
NMDC20586429	0	0	0	1	0	S
NMDC20586430	0	0	0	1	0	S
NMDC20555899	0	0	0	1	0	S
NMDC20557888	0	0	0	1	0	S
NMDC20555901	0	0	0	1	0	S
NMDC20586431	0	0	0	1	0	S
NMDC20586432	0	0	0	1	0	S
NMDC20586433	0	0	0	1	0	S
NMDC20557889	0	0	0	1	0	S
NMDC20557890	0	0	0	1	0	S
NMDC20586434	0	0	0	1	0	S
NMDC20551868	0	0	0	0	0	S
NMDC20551869	0	0	0	1	0	S
NMDC20551870	0	0	0	1	0	S
NMDC20555902	0	0	0	1	0	S
NMDC20553877	0	0	0	1	0	S
NMDC20557891	0	0	0	1	0	S
NMDC20551871	0	0	0	1	0	S
NMDC20586435	0	0	0	1	0	S
NMDC20557892	0	0	0	1	0	S
NMDC20586436	0	0	0	1	0	S
NMDC20551872	0	0	0	1	0	S
NMDC20553878	0	0	0	1	0	S
NMDC20586437	0	0	0	1	0	S
NMDC20553879	0	0	0	1	0	S
NMDC20586439	0	0	0	1	0	S
NMDC20553880	0	0	0	1	0	S
NMDC20551873	0	0	0	1	0	S
NMDC20586444	0	0	0	1	0	S
NMDC20557893	0	0	0	1	0	S
NMDC20586446	0	0	0	1	0	S
NMDC20586448	0	0	0	1	0	S
NMDC20586449	0	0	0	1	0	S
NMDC20586450	0	0	0	1	0	S
NMDC20553882	0	0	0	1	0	S
NMDC20557894	0	0	0	1	0	S
NMDC20586451	0	0	0	1	0	S
NMDC20586452	0	0	0	1	0	S
NMDC20551875	0	0	0	1	0	S
NMDC20557895	0	0	1	0	0	S
NMDC20586454	0	0	0	1	0	S
NMDC20586456	0	0	0	1	0	S
NMDC20586457	0	0	0	1	0	S
NMDC20553883	0	0	0	1	0	S
NMDC20586460	0	0	0	1	0	S
NMDC20586461	0	0	0	1	0	S
NMDC20555904	0	0	0	1	0	S
NMDC20557897	0	0	0	1	0	S
NMDC20586462	0	0	0	1	0	S
NMDC20553884	0	0	0	1	0	S
NMDC20553885	0	0	0	1	0	S
NMDC20586464	0	0	0	1	0	S
NMDC20557898	0	0	0	1	0	S
NMDC20586466	0	0	0	1	0	S
NMDC20586467	1	0	0	1	0	S
NMDC20555905	0	0	0	1	0	S
NMDC20586468	0	0	0	1	0	S
NMDC20586471	0	0	0	1	0	S
NMDC20586473	0	0	0	1	0	S
NMDC20555907	0	0	0	1	0	S
NMDC20551876	0	0	0	1	0	S
NMDC20586475	0	0	0	1	0	S
NMDC20586476	0	0	0	1	0	S
NMDC20551878	0	0	0	1	0	S
NMDC20555909	0	0	0	1	0	S
NMDC20557902	1	0	0	1	1	S
NMDC20553888	0	0	0	1	0	S
NMDC20551880	0	0	0	1	0	S
NMDC20586480	0	0	0	1	0	S
NMDC20557905	0	0	0	1	0	S
NMDC20557904	0	0	0	1	0	S
NMDC20551881	0	0	0	1	0	S
NMDC20586481	0	0	0	1	0	S
NMDC20555910	0	0	0	1	0	S
NMDC20586483	0	0	0	1	0	S
NMDC20586484	0	0	0	1	0	S
NMDC20555911	0	0	0	1	0	S
NMDC20555912	0	0	0	1	0	S
NMDC20551882	0	0	0	1	0	S
NMDC20553889	0	0	0	1	0	S
NMDC20586487	0	0	0	1	0	S
NMDC20557906	0	0	0	1	0	S
NMDC20555913	0	0	0	1	0	S
NMDC20586489	0	0	0	1	0	S
NMDC20555914	0	0	0	1	0	S
NMDC20555918	0	0	0	1	0	S
NMDC20553891	0	0	0	1	0	S
NMDC20555917	0	0	0	1	0	S
NMDC20586491	0	0	0	1	0	S
NMDC20557912	0	0	0	1	0	S
NMDC20551886	0	0	0	1	0	S
NMDC20586492	0	0	0	1	0	S
NMDC20557911	0	0	0	1	0	S
NMDC20553894	0	0	0	1	0	S
NMDC20586493	0	0	0	1	0	S
NMDC20555919	0	0	0	1	0	S
NMDC20586494	0	0	0	1	0	S
NMDC20553895	0	0	0	1	0	S
NMDC20586496	0	0	0	1	0	S
NMDC20551891	0	0	0	1	0	S
NMDC20586497	0	0	0	1	0	S
NMDC20553897	0	0	0	1	0	S
NMDC20551889	0	0	0	1	0	S
NMDC20586500	0	0	0	1	0	S
NMDC20557914	0	0	0	1	0	S
NMDC20551890	0	0	0	1	0	S
NMDC20553898	0	0	0	1	0	S
NMDC20553899	0	0	0	1	0	S
NMDC20553900	0	0	0	1	0	S
NMDC20553901	0	0	0	1	0	S
NMDC20553902	0	0	0	1	0	S
NMDC20555922	0	0	0	1	0	S
NMDC20586502	0	0	0	1	0	S
NMDC20553903	0	0	0	1	0	S
NMDC20586503	0	0	0	1	0	S
NMDC20555924	0	0	0	1	0	S
NMDC20586505	0	0	0	1	0	S
NMDC20586506	0	0	0	1	0	S
NMDC20586509	0	0	0	1	0	S
NMDC20586510	1	0	0	1	0	S
NMDC20586511	0	0	0	1	0	S
NMDC20586512	0	0	0	1	0	S
NMDC20586513	0	0	0	1	0	S
NMDC20586516	0	0	0	1	0	S
NMDC20586520	0	0	0	1	0	S
NMDC20586522	0	0	0	1	0	S
NMDC20586525	0	0	0	1	0	S
NMDC20551892	0	0	0	1	1	S
NMDC20551894	0	0	0	1	0	S
NMDC20553905	0	0	0	1	0	S
NMDC20586531	0	0	0	1	0	S
NMDC20551896	0	0	0	1	0	S
NMDC20555931	0	0	0	1	0	S
NMDC20586532	0	0	0	1	0	S
NMDC20586534	0	0	0	1	0	S
NMDC20551898	0	0	0	1	0	S
NMDC20555933	0	0	0	1	0	S
NMDC20551900	0	0	0	1	0	S
NMDC20551902	0	0	0	1	0	S
NMDC20551903	0	0	0	0	0	S
NMDC20586540	0	0	0	1	0	S
NMDC20586542	0	0	0	1	0	S
NMDC20586543	0	0	0	1	0	S
NMDC20586545	0	0	0	1	0	S
NMDC20586546	0	0	0	1	0	S
NMDC20551904	0	0	0	1	0	S
NMDC20557920	0	0	0	1	0	S
NMDC20553911	1	0	1	1	0	S
NMDC20586549	0	0	0	1	0	S
NMDC20555938	0	0	0	1	0	S
NMDC20586551	0	0	0	1	0	S
NMDC20586553	0	0	0	0	0	S
NMDC20555939	0	0	0	1	0	S
NMDC20586554	0	0	0	1	0	S
NMDC20555940	0	0	0	1	0	S
NMDC20555941	0	0	0	1	0	S
NMDC20586555	0	0	0	1	0	S
NMDC20555942	0	0	0	1	0	S
NMDC20555944	0	0	0	1	0	S
NMDC20586558	0	0	0	1	0	S
NMDC20586559	0	0	0	0	0	S
NMDC20551908	0	0	0	1	0	S
NMDC20555945	0	0	0	1	0	S
NMDC20586563	0	0	0	1	0	S
NMDC20553917	0	0	0	1	0	S
NMDC20586570	0	0	0	1	0	S
NMDC20557929	0	0	0	1	0	S
NMDC20586579	0	0	0	1	0	S
NMDC20586581	0	0	0	1	0	S
NMDC20553924	0	0	0	1	0	S
NMDC20557931	0	0	0	1	0	S
NMDC20586582	0	0	0	1	0	S
NMDC20553925	0	0	0	1	0	S
NMDC20553926	0	0	0	1	0	S
NMDC20586583	0	0	0	1	0	S
NMDC20551916	0	0	0	1	0	S
NMDC20586584	0	0	0	1	0	S
NMDC20553927	0	0	0	1	0	S
NMDC20586585	0	0	0	1	0	S
NMDC20553928	0	0	0	1	0	S
NMDC20555951	0	0	0	1	0	S
NMDC20557934	0	0	0	1	0	S
NMDC20586589	0	0	0	1	0	S
NMDC20551919	0	0	0	1	0	S
NMDC20586592	0	0	0	1	0	S
NMDC20555953	0	0	0	1	0	S
NMDC20553932	0	0	0	1	0	S
NMDC20553933	0	0	0	1	0	S
NMDC20586595	0	0	0	1	0	S
NMDC20586596	0	0	0	1	0	S
NMDC20555955	0	0	0	1	0	S
NMDC20551923	0	0	0	1	0	S
NMDC20553935	0	0	0	1	0	S
NMDC20555958	0	0	0	1	0	S
NMDC20586598	0	0	0	1	0	S
NMDC20555959	0	0	0	1	0	S
NMDC20586599	0	0	0	1	0	S
NMDC20557938	0	0	0	1	0	S
NMDC20586600	0	0	0	1	0	S
NMDC20551925	0	0	0	1	0	S
NMDC20557939	0	0	0	1	0	S
NMDC20555961	0	0	0	1	0	S
NMDC20551929	0	0	0	0	0	S
NMDC20551930	0	0	0	0	0	S
NMDC20557940	0	0	0	1	0	S
NMDC20586602	0	0	0	1	0	S
NMDC20586603	0	0	0	1	0	S
NMDC20586604	0	0	0	1	0	S
NMDC20551931	0	0	0	1	0	S
NMDC20557942	0	0	0	1	0	S
NMDC20551932	0	0	0	1	0	S
NMDC20551933	0	0	0	1	0	S
NMDC20586605	0	0	0	1	0	S
NMDC20555963	0	0	0	1	0	S
NMDC20586606	0	0	0	1	0	S
NMDC20551934	0	0	0	1	0	S
NMDC20557944	0	0	0	1	0	S
NMDC20557945	0	0	0	1	0	S
NMDC20586609	0	0	0	1	0	S
NMDC20586610	0	0	0	1	0	S
NMDC20553940	0	0	0	1	0	S
NMDC20557947	0	0	0	1	0	S
NMDC20553945	0	0	0	1	0	S
NMDC20557952	0	0	0	1	0	S
NMDC20551936	0	0	0	1	0	S
NMDC20557953	0	0	0	1	0	S
NMDC20557956	0	0	0	1	0	S
NMDC20586622	0	0	0	1	0	S
NMDC20553946	0	0	0	1	0	S
NMDC20553947	0	0	0	1	0	S
NMDC20555967	0	0	0	1	0	S
NMDC20551937	0	0	0	1	0	S
NMDC20586623	0	0	0	1	0	S
NMDC20586657	0	0	0	0	0	S
NMDC20551957	0	0	0	0	0	S
NMDC20586658	0	0	0	1	0	S
NMDC20586662	0	0	0	1	0	S
NMDC20553968	0	0	0	1	0	S
NMDC20586663	0	0	0	1	0	S
NMDC20557978	0	0	0	1	0	S
NMDC20586664	0	0	0	1	0	S
NMDC20553969	0	0	0	1	0	S
NMDC20557976	0	0	0	1	0	S
NMDC20553970	0	0	0	1	0	S
NMDC20586666	0	0	0	1	0	S
NMDC20553971	0	0	0	1	0	S
NMDC20586671	0	0	0	1	0	S
NMDC20586673	0	0	0	1	0	S
NMDC20553973	0	0	0	1	0	S
NMDC20555982	0	0	0	1	0	S
NMDC20557980	0	0	0	1	0	S
NMDC20551964	0	0	0	1	0	S
NMDC20555983	0	0	0	1	0	S
NMDC20555984	0	0	0	0	0	S
NMDC20557982	0	0	0	1	0	S
NMDC20553976	0	0	0	1	0	S
NMDC20557981	0	0	0	1	0	S
NMDC20553978	0	0	0	1	0	S
NMDC20553979	0	0	0	1	0	S
NMDC20551967	0	0	0	1	0	S
NMDC20557983	0	0	0	1	0	S
NMDC20586677	0	0	0	1	0	S
NMDC20551968	0	0	0	1	0	S
NMDC20551969	0	0	0	1	0	S
NMDC20553982	0	0	0	1	0	S
NMDC20586681	0	0	0	1	0	S
NMDC20553983	0	0	0	1	0	S
NMDC20586682	0	0	0	1	0	S
NMDC20586683	0	0	0	1	0	S
NMDC20586684	0	0	0	1	0	S
NMDC20551970	0	0	0	1	0	S
NMDC20557992	0	0	0	1	0	S
NMDC20551971	0	0	0	1	0	S
NMDC20586688	0	0	0	1	0	S
NMDC20553985	0	0	0	1	0	S
NMDC20557991	0	0	0	1	0	S
NMDC20586699	0	0	0	1	0	S
NMDC20551972	0	0	0	1	0	S
NMDC20586701	0	0	0	1	1	S
NMDC20586702	0	0	0	1	0	S
NMDC20555991	0	0	0	1	0	S
NMDC20557995	0	0	0	1	0	S
NMDC20557996	0	0	0	1	0	S
NMDC20555993	0	0	1	0	0	S
NMDC20553989	0	0	0	1	0	S
NMDC20555994	0	0	0	1	0	S
NMDC20586707	0	0	0	1	0	S
NMDC20586708	0	0	0	1	0	S
NMDC20553992	0	0	0	1	0	S
NMDC20586711	0	0	0	1	0	S
NMDC20551979	0	0	0	1	0	S
NMDC20553995	0	0	0	1	0	S
NMDC20586714	0	0	0	1	0	S
NMDC20557999	0	0	0	1	0	S
NMDC20555996	0	0	0	1	0	S
NMDC20558001	0	0	0	1	0	S
NMDC20555997	0	0	0	1	0	S
NMDC20555998	0	0	0	1	0	S
NMDC20555999	0	0	0	1	0	S
NMDC20586717	0	0	0	1	0	S
NMDC20556000	0	0	0	1	0	S
NMDC20586721	0	0	0	1	0	S
NMDC20558004	0	0	0	1	0	S
NMDC20553998	0	0	0	1	0	S
NMDC20586725	0	0	0	1	0	S
NMDC20586728	0	0	0	1	0	S
NMDC20553999	0	0	0	1	0	S
NMDC20556004	0	0	0	1	0	S
NMDC20586730	0	0	0	1	0	S
NMDC20554002	0	0	0	1	0	S
NMDC20554003	0	0	0	1	0	S
NMDC20558006	0	0	0	0	0	S
NMDC20551987	0	0	0	1	0	S
NMDC20558008	0	0	0	1	0	S
NMDC20554004	0	0	0	1	0	S
NMDC20558010	0	0	0	0	0	S
NMDC20586735	0	0	0	1	0	S
NMDC20556006	0	0	0	1	0	S
NMDC20586739	0	0	0	1	0	S
NMDC20554005	0	0	0	1	0	S
NMDC20551991	0	0	0	1	0	S
NMDC20586740	0	0	0	1	0	S
NMDC20586741	0	0	0	1	0	S
NMDC20558013	0	0	0	1	0	S
NMDC20554006	0	0	0	1	0	S
NMDC20586744	0	0	0	1	0	S
NMDC20556008	0	0	0	1	0	S
NMDC20556010	0	0	0	1	0	S
NMDC20554008	1	0	0	1	0	S
NMDC20556012	1	0	1	1	0	S
NMDC20551994	0	0	0	1	0	S
NMDC20556013	1	0	1	1	0	S
NMDC20586750	1	0	1	1	0	S
NMDC20551995	0	0	0	1	0	S
NMDC20586751	0	0	0	1	0	S
NMDC20586754	0	0	0	1	0	S
NMDC20551996	1	0	0	1	0	S
NMDC20556014	1	0	0	1	0	S
NMDC20554009	0	0	0	1	0	S
NMDC20554010	0	0	0	0	0	S
NMDC20556015	0	0	0	1	0	S
NMDC20558016	0	0	0	1	0	S
NMDC20586756	0	0	0	1	0	S
NMDC20558017	0	0	0	1	0	S
NMDC20554011	0	0	0	1	0	S
NMDC20558018	0	0	0	1	0	S
NMDC20554012	0	0	1	0	0	S
NMDC20556016	0	0	1	0	0	S
NMDC20556017	0	0	0	1	0	S
NMDC20556018	0	0	0	1	0	S
NMDC20558020	0	0	0	1	0	S
NMDC20558022	1	0	1	1	0	S
NMDC20554014	0	0	0	1	0	S
NMDC20556020	0	0	0	1	0	S
NMDC20586762	0	0	0	1	0	S
NMDC20586769	0	1	0	1	0	S
NMDC20586771	0	0	0	1	0	S
NMDC20586773	0	0	0	1	1	S
NMDC20586776	0	0	0	1	0	S
NMDC20586777	0	0	0	1	0	S
NMDC20586778	0	0	0	0	0	S
NMDC20586782	0	0	0	1	0	S
NMDC20586784	0	0	0	1	0	S
NMDC20556041	0	0	0	1	0	S
NMDC20556022	0	0	0	1	0	S
NMDC20552000	0	0	0	1	0	S
NMDC20586786	1	0	0	1	1	S
NMDC20586792	0	0	0	1	0	S
NMDC20558027	0	0	0	1	0	S
NMDC20552001	0	0	1	0	0	S
NMDC20554020	0	0	0	1	0	S
NMDC20552002	1	0	0	1	0	S
NMDC20558028	0	0	0	1	0	S
NMDC20586794	0	0	0	1	0	S
NMDC20586795	0	0	0	1	0	S
NMDC20586796	0	0	0	1	0	S
NMDC20586797	0	0	0	1	0	S
NMDC20554022	0	0	0	1	0	S
NMDC20556028	0	0	0	1	0	S
NMDC20556029	1	0	0	1	0	S
NMDC20556030	0	0	0	1	0	S
NMDC20558030	0	0	0	1	0	S
NMDC20556031	0	0	0	1	0	S
NMDC20586800	0	0	0	1	0	S
NMDC20554023	0	0	0	1	0	S
NMDC20586801	0	0	0	1	0	S
NMDC20586802	0	0	0	1	0	S
NMDC20556032	0	0	0	1	0	S
NMDC20586803	0	0	0	1	0	S
NMDC20556034	1	1	0	1	1	S
NMDC20552004	1	0	0	1	0	S
NMDC20558032	0	0	0	1	0	S
NMDC20558033	1	0	0	1	0	S
NMDC20586807	0	0	0	1	0	S
NMDC20586808	1	0	0	1	0	S
NMDC20586810	0	0	0	1	0	S
NMDC20552006	0	0	0	1	0	S
NMDC20586812	0	0	0	1	0	S
NMDC20586813	0	0	0	1	0	S
NMDC20586815	0	0	0	1	0	S
NMDC20558035	0	0	0	1	0	S
NMDC20586817	0	0	0	1	0	S
NMDC20554026	0	0	0	1	0	S
NMDC20586818	0	0	0	1	0	S
NMDC20554027	0	0	0	1	0	S
NMDC20554028	0	0	0	1	0	S
NMDC20586820	0	0	0	1	0	S
NMDC20556042	0	0	0	1	0	S
NMDC20554029	0	0	0	1	0	S
NMDC20552008	0	0	0	1	0	S
NMDC20552009	0	0	0	1	0	S
NMDC20558038	0	0	0	1	0	S
NMDC20586822	0	0	0	1	0	S
NMDC20586823	0	0	0	1	0	S
NMDC20586824	0	0	0	1	0	S
NMDC20556044	0	0	0	1	0	S
NMDC20556045	0	0	0	1	0	S
NMDC20586826	0	0	0	1	0	S
NMDC20554030	0	0	0	1	0	S
NMDC20586827	0	0	0	1	0	S
NMDC20586828	0	0	0	1	0	S
NMDC20554031	0	0	0	1	0	S
NMDC20554032	0	0	0	1	0	S
NMDC20552011	0	0	0	1	0	S
NMDC20558041	0	0	0	0	0	S
NMDC20586832	0	0	0	1	0	S
NMDC20554035	0	0	0	1	0	S
NMDC20586837	0	0	0	1	0	S
NMDC20554040	1	0	0	1	0	S
NMDC20552014	0	0	0	1	0	S
NMDC20586838	1	0	0	1	1	S
NMDC20554041	0	0	0	1	0	S
NMDC20586839	0	0	0	1	0	S
NMDC20558047	0	0	0	1	0	S
NMDC20554042	0	0	0	1	0	S
NMDC20554043	0	0	0	1	0	S
NMDC20558048	0	0	0	1	0	S
NMDC20554045	0	0	0	1	0	S
NMDC20558049	0	0	0	1	0	S
NMDC20556051	0	0	0	1	0	S
NMDC20558050	0	0	0	1	0	S
NMDC20552018	0	0	0	1	0	S
NMDC20552019	0	0	0	1	0	S
NMDC20552023	0	0	0	1	0	S
NMDC20554046	0	0	0	0	0	S
NMDC20552020	0	0	0	1	0	S
NMDC20558051	0	0	0	1	0	S
NMDC20586842	0	0	0	1	0	S
NMDC20556052	0	0	0	1	0	S
NMDC20586843	0	0	0	1	0	S
NMDC20554048	0	0	0	1	0	S
NMDC20552022	0	0	0	1	0	S
NMDC20586844	0	0	0	1	0	S
NMDC20586845	0	0	0	1	0	S
NMDC20586848	0	0	0	1	0	S
NMDC20552025	0	0	0	1	0	S
NMDC20586856	0	0	0	1	0	S
NMDC20586857	0	0	0	1	0	S
NMDC20556053	0	0	0	1	0	S
NMDC20558054	0	0	0	1	0	S
NMDC20552026	0	0	0	1	0	S
NMDC20554049	0	0	0	1	0	S
NMDC20558055	0	0	0	1	0	S
NMDC20586861	0	0	0	1	0	S
NMDC20554052	0	0	0	1	0	S
NMDC20554050	0	0	0	1	0	S
NMDC20558057	0	0	0	1	0	S
NMDC20586862	0	0	0	0	0	S
NMDC20554051	0	0	0	1	0	S
NMDC20558058	0	0	0	0	0	S
NMDC20552029	0	0	0	1	0	S
NMDC20556058	0	0	0	1	0	S
NMDC20586868	0	0	0	1	0	S
NMDC20556060	0	0	0	1	0	S
NMDC20586870	0	0	0	0	0	S
NMDC20586871	0	0	0	1	0	S
NMDC20554055	0	0	0	1	0	S
NMDC20552031	0	0	0	1	0	S
NMDC20552032	0	0	0	1	0	S
NMDC20556063	0	0	0	1	0	S
NMDC20554053	0	0	0	1	0	S
NMDC20586873	0	0	0	0	0	S
NMDC20554054	0	0	0	0	0	S
NMDC20552033	0	0	0	1	0	S
NMDC20586874	0	0	0	1	0	S
NMDC20586875	0	0	0	1	0	S
NMDC20554056	0	0	0	0	0	S
NMDC20558063	0	0	0	1	0	S
NMDC20554060	0	0	0	1	0	S
NMDC20558065	0	0	1	0	0	S
NMDC20586879	0	0	0	1	0	S
NMDC20556065	0	0	0	1	0	S
NMDC20558067	0	0	0	1	0	S
NMDC20558068	0	0	0	1	0	S
NMDC20586882	0	0	0	1	0	S
NMDC20586886	0	0	0	1	0	S
NMDC20554062	0	0	0	1	0	S
NMDC20586887	0	0	0	1	0	S
NMDC20554063	0	0	0	1	0	S
NMDC20586888	0	0	0	1	0	S
NMDC20558069	0	0	0	1	0	S
NMDC20556067	0	0	0	1	0	S
NMDC20558071	0	0	0	1	0	S
NMDC20552035	0	0	0	1	0	S
NMDC20586889	0	0	0	1	0	S
NMDC20554064	0	0	0	1	0	S
NMDC20558072	0	0	0	1	0	S
NMDC20586890	0	0	0	1	0	S
NMDC20586891	0	0	0	1	0	S
NMDC20554067	0	0	0	1	0	S
NMDC20554068	0	0	0	1	0	S
NMDC20554070	0	0	0	1	0	S
NMDC20556069	0	0	0	1	0	S
NMDC20586892	0	0	0	1	0	S
NMDC20554069	0	0	0	1	0	S
NMDC20558073	0	0	0	1	0	S
NMDC20556070	0	0	0	1	0	S
NMDC20586894	1	0	1	1	0	S
NMDC20586895	0	0	0	1	0	S
NMDC20552036	0	0	0	1	0	S
NMDC20586896	0	0	0	1	0	S
NMDC20552037	0	0	1	0	0	S
NMDC20552039	0	0	0	1	0	S
NMDC20586898	0	0	0	1	0	S
NMDC20586901	0	0	0	1	0	S
NMDC20558075	0	0	0	1	0	S
NMDC20558077	0	0	0	1	0	S
NMDC20552040	0	0	0	1	0	S
NMDC20586904	0	0	0	0	0	S
NMDC20586905	0	0	0	1	0	S
NMDC20586906	0	0	0	1	0	S
NMDC20554071	0	0	0	1	0	S
NMDC20554075	0	0	0	1	0	S
NMDC20552041	0	0	0	1	0	S
NMDC20558079	0	0	0	1	0	S
NMDC20556072	0	0	0	1	0	S
NMDC20558081	0	0	0	1	0	S
NMDC20586912	0	0	0	1	0	S
NMDC20558082	0	0	0	1	0	S
NMDC20554076	0	0	0	1	0	S
NMDC20586913	0	0	0	1	0	S
NMDC20558083	0	0	0	1	0	S
NMDC20586914	0	0	0	1	0	S
NMDC20556074	0	0	0	1	0	S
NMDC20554077	0	0	0	1	0	S
NMDC20558084	0	0	0	1	0	S
NMDC20556076	0	0	0	1	0	S
NMDC20586915	0	0	0	1	0	S
NMDC20552043	0	0	0	1	0	S
NMDC20556078	0	0	0	1	0	S
NMDC20586917	0	0	0	1	0	S
NMDC20586918	0	0	0	1	0	S
NMDC20552045	0	0	0	1	0	S
NMDC20554078	0	0	0	1	0	S
NMDC20586921	0	0	0	1	0	S
NMDC20586922	0	0	0	1	0	S
NMDC20556080	0	0	0	1	0	S
NMDC20552091	0	0	0	1	0	S
NMDC20554123	0	0	0	1	0	S
NMDC20558123	0	0	0	1	0	S
NMDC20554124	0	0	0	1	0	S
NMDC20552093	0	0	0	1	0	S
NMDC20554125	0	0	0	1	0	S
NMDC20558124	0	0	0	1	0	S
NMDC20558126	0	0	0	1	0	S
NMDC20558127	0	0	0	1	0	S
NMDC20558128	0	0	1	0	0	S
NMDC20556122	0	0	0	1	0	S
NMDC20587029	0	0	0	1	0	S
NMDC20554129	0	0	0	1	0	S
NMDC20587031	0	0	0	1	0	S
NMDC20558129	0	0	0	1	0	S
NMDC20587033	0	0	0	1	0	S
NMDC20587034	0	0	0	1	0	S
NMDC20554128	1	1	0	1	0	S
NMDC20587036	1	0	0	1	0	S
NMDC20552096	0	0	0	1	0	S
NMDC20587039	0	0	0	1	0	S
NMDC20587040	0	0	0	0	0	S
NMDC20587041	1	0	1	1	0	S
NMDC20587042	1	1	1	1	0	S
NMDC20587043	1	1	1	1	0	S
NMDC20556123	0	0	0	1	0	S
NMDC20552097	0	0	0	1	0	S
NMDC20554130	0	0	0	0	0	S
NMDC20552098	0	0	0	1	0	S
NMDC20556124	0	0	0	1	0	S
NMDC20554133	0	0	0	1	0	S
NMDC20558130	0	0	0	1	0	S
NMDC20587045	0	0	0	1	0	S
NMDC20587046	0	0	0	1	0	S
NMDC20587047	0	0	0	1	0	S
NMDC20552102	0	0	0	1	0	S
NMDC20554132	0	0	0	1	0	S
NMDC20587048	0	0	0	0	0	S
NMDC20587050	0	0	0	1	0	S
NMDC20554134	0	0	0	1	0	S
NMDC20587052	0	0	0	1	0	S
NMDC20588190	0	0	0	1	0	S
NMDC20588191	0	0	0	1	0	S
NMDC20554397	0	0	0	1	0	S
NMDC20552392	0	0	0	1	0	S
NMDC20552393	0	0	0	1	0	S
NMDC20588193	0	0	0	1	0	S
NMDC20554400	0	0	0	1	0	S
NMDC20554398	0	0	0	1	0	S
NMDC20588194	0	0	0	1	0	S
NMDC20588195	0	0	0	1	0	S
NMDC20588196	0	0	0	1	0	S
NMDC20556381	0	0	0	1	0	S
NMDC20552395	0	0	0	1	0	S
NMDC20556379	0	0	0	1	0	S
NMDC20588197	0	0	0	1	0	S
NMDC20554401	0	0	0	1	0	S
NMDC20552396	0	0	0	1	0	S
NMDC20556380	0	0	0	1	0	S
NMDC20588198	0	0	0	1	0	S
NMDC20552398	0	0	0	1	0	S
NMDC20588199	0	0	0	1	0	S
NMDC20588200	0	0	0	1	0	S
NMDC20554402	0	0	0	1	0	S
NMDC20556383	0	0	0	1	0	S
NMDC20558413	1	0	0	1	0	S
NMDC20554404	0	0	0	1	0	S
NMDC20558414	0	0	0	1	0	S
NMDC20558415	0	0	0	1	0	S
NMDC20588203	0	0	0	1	0	S
NMDC20552400	0	0	0	1	0	S
NMDC20588204	0	0	0	1	0	S
NMDC20554405	0	0	0	1	0	S
NMDC20556387	0	0	0	1	0	S
NMDC20554407	0	0	0	1	0	S
NMDC20552401	0	0	0	1	0	S
NMDC20588205	0	0	0	1	0	S
NMDC20588207	0	0	0	1	0	S
NMDC20588208	0	0	0	1	0	S
NMDC20554410	0	0	0	1	0	S
NMDC20588210	0	0	0	1	0	S
NMDC20588211	0	0	0	1	0	S
NMDC20552404	0	0	0	1	0	S
NMDC20588212	0	0	0	1	0	S
NMDC20588213	0	0	0	1	0	S
NMDC20558419	0	0	0	1	0	S
NMDC20556389	0	0	0	1	0	S
NMDC20588214	0	0	0	1	0	S
NMDC20588216	0	0	0	1	0	S
NMDC20552406	0	0	0	1	0	S
NMDC20588217	0	0	0	1	0	S
NMDC20588218	0	0	0	1	0	S
NMDC20554412	0	0	0	1	0	S
NMDC20588220	0	0	0	1	0	S
NMDC20552408	0	0	0	1	0	S
NMDC20556394	0	0	0	1	0	S
NMDC20588224	0	0	0	1	0	S
NMDC20558420	0	0	0	1	0	S
NMDC20588225	0	0	0	1	0	S
NMDC20554413	0	0	0	1	0	S
NMDC20588230	0	0	0	1	0	S
NMDC20558421	0	0	0	1	0	S
NMDC20556395	0	0	0	1	0	S
NMDC20552410	0	0	0	1	0	S
NMDC20552413	0	0	0	1	0	S
NMDC20554414	0	0	0	1	0	S
NMDC20556396	0	0	0	1	0	S
NMDC20554416	0	0	0	1	0	S
NMDC20552411	0	0	0	1	0	S
NMDC20588232	0	0	0	1	0	S
NMDC20552412	0	0	0	1	0	S
NMDC20554417	0	0	0	1	0	S
NMDC20556397	0	0	0	1	0	S
NMDC20588233	0	0	0	1	0	S
NMDC20588234	0	0	0	1	0	S
NMDC20552414	0	0	0	1	0	S
NMDC20554419	0	0	0	1	0	S
NMDC20558423	0	0	0	1	0	S
NMDC20588237	0	0	0	1	0	S
NMDC20558424	0	0	0	1	0	S
NMDC20552416	0	0	0	1	0	S
NMDC20556400	0	0	0	1	0	S
NMDC20588239	0	0	0	1	0	S
NMDC20588240	0	0	0	1	0	S
NMDC20558426	0	0	0	1	0	S
NMDC20556401	0	0	0	1	0	S
NMDC20556402	0	0	0	1	0	S
NMDC20554423	0	0	0	1	0	S
NMDC20588243	0	0	0	1	0	S
NMDC20558429	0	0	0	1	0	S
NMDC20554424	0	0	0	1	0	S
NMDC20554425	0	0	0	1	0	S
NMDC20588246	0	0	0	1	0	S
NMDC20588247	0	0	0	1	0	S
NMDC20556406	0	0	0	1	0	S
NMDC20558430	0	0	0	1	0	S
NMDC20556407	0	0	0	1	0	S
NMDC20554426	0	0	0	1	0	S
NMDC20552420	0	0	0	1	0	S
NMDC20552421	0	0	0	0	0	S
NMDC20556409	0	0	0	1	0	S
NMDC20588250	1	0	0	1	0	S
NMDC20556411	1	0	0	1	1	S
NMDC20552422	0	0	0	1	0	S
NMDC20558432	0	0	0	1	0	S
NMDC20588251	0	0	0	1	0	S
NMDC20588252	0	0	0	1	0	S
NMDC20558435	0	0	0	1	0	S
NMDC20588254	1	0	0	1	0	S
NMDC20588255	1	0	0	1	1	S
NMDC20588256	0	0	0	1	0	S
NMDC20554430	0	0	0	1	0	S
NMDC20558436	0	0	0	1	0	S
NMDC20588258	0	0	0	1	0	S
NMDC20552425	0	0	0	1	0	S
NMDC20588259	1	0	0	1	0	S
NMDC20556412	1	0	0	1	0	S
NMDC20556413	0	0	0	1	0	S
NMDC20556414	0	0	0	1	0	S
NMDC20552426	0	0	0	1	0	S
NMDC20556415	0	0	0	1	0	S
NMDC20588262	0	0	0	1	0	S
NMDC20588263	0	0	0	1	0	S
NMDC20556417	0	0	0	1	0	S
NMDC20558437	0	0	0	1	0	S
NMDC20588264	0	0	0	1	0	S
NMDC20554431	0	0	0	1	0	S
NMDC20556418	0	0	0	1	0	S
NMDC20552427	0	0	0	1	0	S
NMDC20588267	0	0	0	1	0	S
NMDC20558438	0	0	0	1	0	S
NMDC20556419	0	0	0	1	0	S
NMDC20552429	0	0	0	1	0	S
NMDC20556420	0	0	0	1	0	S
NMDC20556421	0	0	0	1	0	S
NMDC20558440	0	0	0	1	0	S
NMDC20556422	0	0	0	1	0	S
NMDC20554433	0	0	0	1	0	S
NMDC20554434	0	0	0	1	0	S
NMDC20558442	0	0	0	1	0	S
NMDC20556425	0	0	0	1	0	S
NMDC20588272	0	0	0	1	0	S
NMDC20556424	0	0	0	1	0	S
NMDC20558445	0	0	0	1	0	S
NMDC20558447	0	0	0	1	0	S
NMDC20554437	0	0	0	1	0	S
NMDC20558446	0	0	0	1	0	S
NMDC20588276	0	0	0	1	0	S
NMDC20554438	0	0	0	1	0	S
NMDC20552433	0	0	0	1	0	S
NMDC20588277	0	0	0	1	0	S
NMDC20556427	0	0	0	1	0	S
NMDC20588278	0	0	0	1	0	S
NMDC20588279	0	0	0	1	0	S
NMDC20588280	0	0	0	1	0	S
NMDC20554439	0	0	0	1	0	S
NMDC20552434	0	0	0	1	0	S
NMDC20588282	0	0	0	1	0	S
NMDC20588283	0	0	0	1	0	S
NMDC20558449	0	0	0	1	0	S
NMDC20558450	0	0	0	1	0	S
NMDC20558451	0	0	0	1	0	S
NMDC20588287	0	0	0	1	0	S
NMDC20558452	0	0	0	1	0	S
NMDC20552437	0	0	0	1	0	S
NMDC20588289	0	0	0	1	0	S
NMDC20588290	0	0	0	1	0	S
NMDC20552436	0	0	0	1	0	S
NMDC20588291	0	0	0	1	0	S
NMDC20588292	0	0	0	1	0	S
NMDC20556429	0	0	0	1	0	S
NMDC20588293	0	0	0	1	0	S
NMDC20588295	0	0	0	1	0	S
NMDC20588297	0	0	0	1	0	S
NMDC20588298	0	0	0	1	0	S
NMDC20556431	0	0	0	1	0	S
NMDC20552439	0	0	0	1	0	S
NMDC20552440	0	0	0	1	0	S
NMDC20554444	0	0	0	1	0	S
NMDC20588299	0	0	0	1	0	S
NMDC20588301	0	0	0	1	0	S
NMDC20554445	0	0	0	1	0	S
NMDC20588302	0	0	0	1	0	S
NMDC20556434	0	0	0	1	0	S
NMDC20588304	0	0	0	1	0	S
NMDC20552441	1	0	0	1	0	S
NMDC20558456	0	0	0	1	0	S
NMDC20588305	0	0	0	1	0	S
NMDC20552443	0	0	0	1	0	S
NMDC20588306	0	0	0	1	0	S
NMDC20556439	0	0	0	1	0	S
NMDC20552448	0	0	0	1	0	S
NMDC20552444	0	0	0	1	0	S
NMDC20552445	0	0	0	1	0	S
NMDC20588307	0	0	0	1	0	S
NMDC20588308	0	0	0	1	0	S
NMDC20554447	0	0	0	1	0	S
NMDC20558457	0	0	0	1	0	S
NMDC20588309	0	0	0	1	0	S
NMDC20552447	0	0	0	1	0	S
NMDC20588310	0	0	0	1	0	S
NMDC20556442	0	0	0	1	0	S
NMDC20554448	0	0	0	1	0	S
NMDC20552449	0	0	0	1	0	S
NMDC20556440	0	0	0	1	0	S
NMDC20558458	0	0	0	1	0	S
NMDC20588312	0	0	0	1	0	S
NMDC20558460	0	0	0	1	0	S
NMDC20556443	0	0	0	1	0	S
NMDC20588315	0	0	0	1	0	S
NMDC20556444	0	0	0	1	0	S
NMDC20556445	0	0	0	1	0	S
NMDC20558465	0	0	0	1	0	S
NMDC20588316	0	0	0	1	0	S
NMDC20552453	0	0	0	1	0	S
NMDC20554450	0	0	0	1	0	S
NMDC20554451	0	0	0	1	0	S
NMDC20556447	0	0	0	1	0	S
NMDC20588323	1	0	0	1	0	S
NMDC20554452	0	0	0	1	0	S
NMDC20588324	0	0	0	1	0	S
NMDC20554454	0	0	0	1	0	S
NMDC20558469	0	0	0	1	0	S
NMDC20588325	0	0	0	1	0	S
NMDC20588326	0	0	0	1	0	S
NMDC20588327	0	0	0	1	0	S
NMDC20588328	0	0	0	1	0	S
NMDC20554456	0	0	0	1	0	S
NMDC20558472	0	0	0	1	0	S
NMDC20558471	0	0	0	1	0	S
NMDC20554458	0	0	0	1	0	S
NMDC20552456	0	0	0	1	0	S
NMDC20556448	0	0	0	1	0	S
NMDC20556449	0	0	0	1	0	S
NMDC20588330	0	0	0	1	0	S
NMDC20588332	0	0	0	1	0	S
NMDC20588333	0	0	0	1	0	S
NMDC20558473	0	0	0	1	0	S
NMDC20554460	0	0	0	1	0	S
NMDC20552458	0	0	0	1	0	S
NMDC20588334	0	0	0	1	0	S
NMDC20552459	0	0	0	1	0	S
NMDC20588336	0	0	0	1	0	S
NMDC20556450	0	0	0	1	0	S
NMDC20588337	0	0	0	1	0	S
NMDC20552460	0	0	0	1	0	S
NMDC20588338	0	0	0	1	0	S
NMDC20588339	0	0	0	1	0	S
NMDC20588341	0	0	0	1	0	S
NMDC20552461	0	0	0	1	0	S
NMDC20588342	0	0	0	1	0	S
NMDC20588343	0	0	0	1	0	S
NMDC20588344	0	0	0	1	0	S
NMDC20554462	0	0	0	1	0	S
NMDC20556452	0	0	0	1	0	S
NMDC20554463	0	0	0	1	0	S
NMDC20556454	0	0	0	1	0	S
NMDC20556455	0	0	0	1	0	S
NMDC20558476	0	0	0	1	0	S
NMDC20588348	0	0	0	1	0	S
NMDC20588349	0	0	0	1	0	S
NMDC20556456	0	0	0	1	0	S
NMDC20588350	0	0	0	1	0	S
NMDC20558477	0	0	0	1	0	S
NMDC20556457	0	0	0	1	0	S
NMDC20588351	0	0	0	1	0	S
NMDC20588352	0	0	0	1	0	S
NMDC20556459	0	0	0	1	0	S
NMDC20552464	0	0	0	1	0	S
NMDC20554467	0	0	0	1	0	S
NMDC20588354	0	0	0	1	0	S
NMDC20588355	0	0	0	1	0	S
NMDC20556463	0	0	0	1	0	S
NMDC20552465	0	0	0	1	0	S
NMDC20588356	0	0	0	0	0	S
NMDC20556461	0	0	0	1	0	S
NMDC20558482	0	0	0	1	0	S
NMDC20552466	0	0	0	1	0	S
NMDC20588357	0	0	0	1	0	S
NMDC20588358	0	0	0	1	0	S
NMDC20588359	0	0	0	1	0	S
NMDC20554468	0	0	0	1	0	S
NMDC20588361	0	0	0	1	0	S
NMDC20552468	0	0	0	1	0	S
NMDC20554469	0	0	0	1	0	S
NMDC20588363	0	0	0	1	0	S
NMDC20588365	0	0	0	1	0	S
NMDC20552469	0	0	0	0	0	S
NMDC20588366	0	0	0	1	0	S
NMDC20588367	0	0	0	1	0	S
NMDC20558484	0	0	0	1	0	S
NMDC20556465	0	0	1	0	0	S
NMDC20588368	0	0	0	1	0	S
NMDC20556466	0	0	0	1	0	S
NMDC20556467	0	0	0	1	0	S
NMDC20588370	0	0	0	0	0	S
NMDC20554471	0	0	0	0	0	S
NMDC20588372	0	0	0	0	0	S
NMDC20558486	0	0	0	1	0	S
NMDC20556468	0	0	0	1	0	S
NMDC20554472	0	0	0	1	0	S
NMDC20556469	0	0	0	1	0	S
NMDC20552471	0	0	0	1	0	S
NMDC20558487	0	0	0	0	0	S
NMDC20556470	0	0	0	1	0	S
NMDC20558488	0	0	0	1	0	S
NMDC20588374	0	0	0	1	0	S
NMDC20558489	0	0	0	1	0	S
NMDC20554473	0	0	0	1	0	S
NMDC20558490	0	0	0	1	0	S
NMDC20552473	0	0	0	1	0	S
NMDC20588378	0	0	0	1	0	S
NMDC20588379	0	0	0	1	0	S
NMDC20556471	0	0	0	1	0	S
NMDC20558491	0	0	0	1	0	S
NMDC20554474	0	0	0	1	0	S
NMDC20588381	0	0	0	1	0	S
NMDC20588382	0	0	0	1	0	S
NMDC20556472	0	0	0	1	0	S
NMDC20588383	0	0	0	1	0	S
NMDC20552474	0	0	0	1	0	S
NMDC20558492	0	0	0	1	0	S
NMDC20588384	0	0	0	1	0	S
NMDC20558493	0	0	0	1	0	S
NMDC20588386	0	0	0	1	0	S
NMDC20556473	0	0	0	1	0	S
NMDC20558494	0	0	0	1	0	S
NMDC20554476	0	0	0	1	0	S
NMDC20552476	0	0	0	1	0	S
NMDC20588387	0	0	0	1	0	S
NMDC20588388	0	0	0	1	0	S
NMDC20588389	0	0	0	1	0	S
NMDC20554477	1	0	1	1	0	S
NMDC20556474	0	0	0	1	0	S
NMDC20554478	0	0	0	1	0	S
NMDC20588390	0	0	0	1	0	S
NMDC20554481	0	0	0	1	0	S
NMDC20588392	0	0	0	1	0	S
NMDC20552477	0	0	0	1	0	S
NMDC20552478	0	0	0	1	0	S
NMDC20554482	0	0	0	1	0	S
NMDC20588393	0	0	0	1	0	S
NMDC20556476	0	0	0	1	0	S
NMDC20554487	0	0	0	1	0	S
NMDC20558495	0	0	0	1	0	S
NMDC20588396	1	0	1	1	0	S
NMDC20558496	0	0	0	1	0	S
NMDC20552479	0	0	0	1	0	S
NMDC20554486	0	0	0	1	0	S
NMDC20556477	0	0	0	1	0	S
NMDC20552480	0	0	0	1	0	S
NMDC20588400	0	0	0	1	0	S
NMDC20556478	0	0	0	1	0	S
NMDC20588401	0	0	0	1	0	S
NMDC20588402	0	0	0	1	0	S
NMDC20588403	0	0	0	1	0	S
NMDC20556479	0	0	0	0	0	S
NMDC20588404	0	0	0	1	0	S
NMDC20588405	0	0	0	1	0	S
NMDC20588406	0	0	0	1	0	S
NMDC20588407	0	0	0	1	0	S
NMDC20554488	0	0	0	1	0	S
NMDC20552481	0	0	0	1	0	S
NMDC20556480	0	0	0	1	0	S
NMDC20556481	0	0	0	1	0	S
NMDC20588409	0	0	0	1	0	S
NMDC20556482	0	0	0	1	0	S
NMDC20554489	0	0	0	1	0	S
NMDC20588410	0	0	0	1	0	S
NMDC20552482	0	0	0	1	0	S
NMDC20556483	0	0	0	1	0	S
NMDC20558499	0	0	0	1	0	S
NMDC20588412	0	0	0	1	0	S
NMDC20588413	0	0	0	1	0	S
NMDC20588415	0	0	0	1	0	S
NMDC20588416	0	0	0	1	0	S
NMDC20554492	0	0	0	1	0	S
NMDC20588419	0	0	0	1	0	S
NMDC20554493	0	0	0	1	0	S
NMDC20588420	0	0	0	1	0	S
NMDC20588421	0	0	0	1	0	S
NMDC20588422	0	0	0	1	0	S
NMDC20588423	0	0	0	1	0	S
NMDC20552484	0	0	0	1	0	S
NMDC20588424	0	0	0	1	0	S
NMDC20558500	0	0	0	1	0	S
NMDC20554494	0	0	0	1	0	S
NMDC20552485	0	0	0	1	0	S
NMDC20552486	0	0	0	1	0	S
NMDC20558501	0	0	0	1	0	S
NMDC20552488	0	0	0	0	0	S
NMDC20588425	0	0	0	1	1	S
NMDC20554495	0	0	0	1	0	S
NMDC20588426	0	0	0	1	0	S
NMDC20558502	0	0	0	1	0	S
NMDC20558503	0	0	0	1	0	S
NMDC20552491	0	0	0	1	0	S
NMDC20556487	0	0	0	1	0	S
NMDC20556488	0	0	0	1	0	S
NMDC20552490	0	0	0	1	0	S
NMDC20588431	0	0	0	0	0	S
NMDC20588432	0	0	0	1	0	S
NMDC20554496	0	0	0	1	0	S
NMDC20552492	0	0	0	1	0	S
NMDC20554499	0	1	0	1	0	S
NMDC20588436	0	0	0	1	0	S
NMDC20554501	0	0	0	1	0	S
NMDC20558506	0	0	0	1	0	S
NMDC20552493	0	0	0	1	0	S
NMDC20588437	0	0	0	1	0	S
NMDC20554500	0	0	0	1	0	S
NMDC20556491	0	0	0	1	0	S
NMDC20558508	0	0	0	1	0	S
NMDC20552496	0	0	0	1	0	S
NMDC20588440	0	0	0	1	0	S
NMDC20556490	0	0	0	1	0	S
NMDC20554503	0	0	0	1	0	S
NMDC20552498	0	0	0	1	0	S
NMDC20558509	0	0	0	1	0	S
NMDC20588441	0	0	0	1	0	S
NMDC20558510	0	0	0	1	0	S
NMDC20552499	0	0	0	1	0	S
NMDC20552500	0	0	0	1	0	S
NMDC20556492	0	0	0	1	0	S
NMDC20588442	0	0	0	1	0	S
NMDC20554508	0	0	0	1	0	S
NMDC20554505	0	0	0	1	0	S
NMDC20588444	0	0	0	1	0	S
NMDC20554506	0	0	0	1	0	S
NMDC20588445	0	0	0	1	0	S
NMDC20556494	0	0	0	1	0	S
NMDC20588447	0	0	0	1	0	S
NMDC20588448	0	0	0	1	0	S
NMDC20588449	0	0	0	1	0	S
NMDC20552501	0	0	0	1	1	S
NMDC20556495	0	0	0	1	0	S
NMDC20552502	0	0	0	1	0	S
NMDC20588451	0	0	0	1	0	S
NMDC20552504	0	0	0	0	0	S
NMDC20588453	0	0	0	1	0	S
NMDC20552505	0	0	0	1	0	S
NMDC20552506	0	0	0	1	0	S
NMDC20556496	0	0	0	1	0	S
NMDC20558511	0	0	0	1	0	S
NMDC20552507	0	0	0	1	0	S
NMDC20554510	0	0	0	1	0	S
NMDC20588454	0	0	0	1	0	S
NMDC20556499	0	0	0	1	0	S
NMDC20588455	0	0	0	1	0	S
NMDC20554511	0	0	0	1	0	S
NMDC20588456	0	0	0	1	0	S
NMDC20588457	0	0	0	1	0	S
NMDC20558513	1	0	0	1	0	S
NMDC20552508	0	0	0	1	0	S
NMDC20558514	0	0	0	1	0	S
NMDC20554512	0	0	0	1	0	S
NMDC20554513	0	0	0	1	0	S
NMDC20554514	0	0	0	1	0	S
NMDC20558516	0	0	0	1	0	S
NMDC20588459	0	0	0	1	0	S
NMDC20588460	0	0	0	1	0	S
NMDC20558517	0	0	0	1	0	S
NMDC20554515	0	0	0	1	0	S
NMDC20556502	0	0	0	1	0	S
NMDC20588462	0	0	0	1	0	S
NMDC20554516	0	0	0	0	0	S
NMDC20554517	0	0	0	0	0	S
NMDC20588463	0	0	0	1	0	S
NMDC20588464	0	0	0	1	0	S
NMDC20552512	0	0	0	1	0	S
NMDC20558518	0	0	0	1	0	S
NMDC20558520	0	0	0	1	0	S
NMDC20588470	0	0	0	0	0	S
NMDC20558519	0	0	0	1	0	S
NMDC20588474	0	0	0	1	0	S
NMDC20556507	0	0	0	1	0	S
NMDC20554518	0	0	0	1	0	S
NMDC20588476	0	0	0	1	0	S
NMDC20588477	0	0	0	1	0	S
NMDC20554520	0	0	0	1	0	S
NMDC20558523	0	0	0	1	0	S
NMDC20558526	0	0	0	1	0	S
NMDC20588478	0	0	0	1	0	S
NMDC20558525	0	0	0	1	0	S
NMDC20554521	0	0	0	1	0	S
NMDC20558529	0	0	0	1	0	S
NMDC20588480	0	0	0	1	0	S
NMDC20552522	0	0	0	1	0	S
NMDC20558528	0	0	0	1	0	S
NMDC20552524	0	0	0	1	0	S
NMDC20552523	0	0	0	1	0	S
NMDC20556508	0	0	0	1	0	S
NMDC20554523	0	0	0	1	0	S
NMDC20554524	0	0	0	1	0	S
NMDC20554525	0	0	0	1	0	S
NMDC20556509	0	0	0	1	0	S
NMDC20556511	0	0	0	0	0	S
NMDC20588487	0	0	0	1	0	S
NMDC20552525	0	0	0	1	0	S
NMDC20588489	0	0	0	1	0	S
NMDC20552526	0	0	0	1	0	S
NMDC20556514	0	0	0	1	0	S
NMDC20552527	0	0	0	1	0	S
NMDC20588491	0	0	0	1	0	S
NMDC20588493	0	0	0	1	0	S
NMDC20558530	0	0	0	1	0	S
NMDC20588496	0	0	0	1	0	S
NMDC20556519	0	0	0	1	0	S
NMDC20588497	0	0	0	1	0	S
NMDC20556520	0	0	0	1	0	S
NMDC20554529	0	0	0	1	0	S
NMDC20554530	0	0	0	1	0	S
NMDC20552529	0	0	0	1	0	S
NMDC20556521	0	0	0	1	0	S
NMDC20552530	0	0	0	1	0	S
NMDC20588499	0	0	0	1	0	S
NMDC20588500	0	0	0	1	0	S
NMDC20588501	0	0	0	1	0	S
NMDC20588502	0	0	0	1	0	S
NMDC20552532	0	0	0	1	0	S
NMDC20588503	0	0	0	1	0	S
NMDC20588504	0	0	0	1	0	S
NMDC20556525	0	0	0	1	0	S
NMDC20558536	0	0	0	1	0	S
NMDC20552533	0	0	0	1	0	S
NMDC20558534	0	0	0	1	0	S
NMDC20552534	0	0	0	0	0	S
NMDC20552535	0	0	0	0	0	S
NMDC20558535	0	0	0	0	0	S
NMDC20556528	0	0	0	1	0	S
NMDC20556529	0	0	0	1	0	S
NMDC20554535	0	0	0	0	0	S
NMDC20556530	0	0	0	1	0	S
NMDC20558537	0	0	0	1	0	S
NMDC20554534	0	0	0	1	0	S
NMDC20588511	0	0	0	1	0	S
NMDC20588512	0	0	0	1	0	S
NMDC20588514	0	0	0	1	0	S
NMDC20588515	0	0	0	1	0	S
NMDC20552541	0	0	0	1	0	S
NMDC20554537	0	0	0	1	0	S
NMDC20554538	0	0	0	1	0	S
NMDC20556531	0	0	0	1	0	S
NMDC20552542	0	0	0	1	0	S
NMDC20558538	0	0	0	1	0	S
NMDC20558540	0	0	0	1	0	S
NMDC20588517	0	0	0	1	0	S
NMDC20554542	0	0	0	1	0	S
NMDC20554543	0	0	0	1	0	S
NMDC20554544	0	0	0	1	0	S
NMDC20588519	0	0	0	1	0	S
NMDC20588521	0	0	0	1	0	S
NMDC20552543	0	0	0	1	0	S
NMDC20588522	0	0	0	1	0	S
NMDC20556532	0	0	0	1	0	S
NMDC20588523	0	0	0	1	0	S
NMDC20588524	0	0	0	1	0	S
NMDC20556533	0	0	0	1	0	S
NMDC20588525	0	0	0	1	0	S
NMDC20552545	0	0	0	1	0	S
NMDC20588528	0	0	0	1	0	S
NMDC20556534	0	0	0	1	0	S
NMDC20588529	0	0	0	1	0	S
NMDC20554548	0	0	0	1	0	S
NMDC20588532	0	0	0	1	0	S
NMDC20588533	0	0	0	1	0	S
NMDC20556536	0	0	0	1	0	S
NMDC20552548	1	0	1	1	0	S
NMDC20588535	0	0	0	1	0	S
NMDC20556537	0	0	0	1	0	S
NMDC20558546	0	0	0	1	0	S
NMDC20558547	0	0	0	1	0	S
NMDC20588536	0	0	0	1	0	S
NMDC20588538	0	0	0	1	0	S
NMDC20554551	0	0	0	1	0	S
NMDC20588539	0	0	0	1	0	S
NMDC20588540	0	0	0	1	0	S
NMDC20552550	0	0	0	1	0	S
NMDC20558551	0	0	0	1	0	S
NMDC20556542	0	0	0	1	0	S
NMDC20588545	0	0	0	1	0	S
NMDC20588547	0	0	0	1	0	S
NMDC20554553	0	0	0	1	0	S
NMDC20558552	0	0	0	1	0	S
NMDC20558553	0	0	0	1	0	S
NMDC20588548	0	0	0	1	0	S
NMDC20558554	0	0	0	1	0	S
NMDC20588550	0	0	0	1	0	S
NMDC20554555	0	0	0	1	0	S
NMDC20588552	0	0	0	1	0	S
NMDC20588553	0	0	0	1	0	S
NMDC20556547	0	0	0	1	0	S
NMDC20588554	0	0	0	1	0	S
NMDC20556548	0	0	0	1	0	S
NMDC20588555	0	0	0	1	0	S
NMDC20588556	0	0	0	1	0	S
NMDC20554556	1	0	0	1	0	S
NMDC20552552	0	0	0	1	0	S
NMDC20552553	0	0	0	1	0	S
NMDC20588559	1	1	1	1	0	S
NMDC20558555	0	0	0	1	0	S
NMDC20558558	0	0	0	1	0	S
NMDC20556549	0	0	0	1	0	S
NMDC20588561	0	0	0	1	0	S
NMDC20588562	0	0	0	1	0	S
NMDC20558559	0	0	0	1	0	S
NMDC20556552	0	0	0	1	0	S
NMDC20554558	0	0	0	1	0	S
NMDC20556554	0	0	0	1	0	S
NMDC20588565	0	0	0	1	0	S
NMDC20552559	0	0	0	1	0	S
NMDC20552561	0	0	0	1	0	S
NMDC20552562	0	0	0	1	0	S
NMDC20552563	0	0	0	1	0	S
NMDC20554562	0	0	0	1	0	S
NMDC20588569	0	0	0	1	0	S
NMDC20588570	0	0	0	1	0	S
NMDC20556557	0	0	1	0	0	S
NMDC20588572	0	0	0	0	0	S
NMDC20556558	0	0	0	0	0	S
NMDC20558565	0	0	0	0	0	S
NMDC20558566	0	0	0	0	0	S
NMDC20554564	0	0	0	0	0	S
NMDC20588573	0	0	0	1	0	S
NMDC20552564	0	0	0	0	0	S
NMDC20558568	0	0	0	0	0	S
NMDC20552565	0	0	0	0	0	S
NMDC20588574	1	0	1	1	0	S
NMDC20558569	0	0	0	1	0	S
NMDC20554566	0	0	0	0	0	S
NMDC20556560	0	0	0	0	0	S
NMDC20588575	0	0	0	1	0	S
NMDC20556561	0	0	0	1	0	S
NMDC20558571	0	0	0	1	0	S
NMDC20552566	0	0	0	1	0	S
NMDC20554568	0	0	0	1	0	S
NMDC20588576	0	0	0	1	0	S
NMDC20552567	0	0	0	1	0	S
NMDC20588578	0	0	0	1	0	S
NMDC20556562	0	0	0	1	0	S
NMDC20552568	0	0	0	1	0	S
NMDC20588580	0	0	0	1	0	S
NMDC20588581	0	0	0	1	0	S
NMDC20588582	0	0	0	1	0	S
NMDC20588583	0	0	0	1	0	S
NMDC20588585	0	0	0	1	0	S
NMDC20588586	0	0	0	0	0	S
NMDC20588590	0	0	0	1	0	S
NMDC20552569	0	0	0	1	0	S
NMDC20554571	0	0	0	0	0	S
NMDC20588595	0	0	0	1	0	S
NMDC20588604	0	0	0	0	0	S
NMDC20588607	0	0	0	1	0	S
NMDC20588613	0	0	0	1	0	S
NMDC20588614	0	0	0	1	0	S
NMDC20588617	0	0	0	1	0	S
NMDC20552571	0	0	0	1	0	S
NMDC20588620	0	0	0	1	0	S
NMDC20588621	0	0	0	1	0	S
NMDC20558573	0	0	0	1	0	S
NMDC20554573	0	0	0	1	0	S
NMDC20588624	1	0	1	1	0	S
NMDC20588625	0	0	0	1	0	S
NMDC20552575	0	0	0	1	0	S
NMDC20554575	0	0	0	1	0	S
NMDC20588626	0	0	0	1	0	S
NMDC20588627	0	0	0	1	0	S
NMDC20556571	0	0	0	1	0	S
NMDC20554576	0	0	0	1	0	S
NMDC20558575	0	0	0	1	0	S
NMDC20588630	0	0	0	1	0	S
NMDC20558576	0	0	0	1	0	S
NMDC20554580	0	0	0	1	0	S
NMDC20552577	0	0	0	1	0	S
NMDC20556574	0	0	0	1	0	S
NMDC20552578	0	0	0	1	0	S
NMDC20554578	0	0	0	1	0	S
NMDC20556577	0	0	0	1	0	S
NMDC20554579	0	0	0	1	0	S
NMDC20588633	0	0	0	1	0	S
NMDC20552616	0	0	0	1	0	S
NMDC20558609	0	0	0	1	0	S
NMDC20588832	0	0	0	1	0	S
NMDC20556601	0	0	0	1	0	S
NMDC20588834	0	0	0	1	0	S
NMDC20556603	0	0	0	1	0	S
NMDC20554607	0	0	0	1	0	S
NMDC20588839	0	0	0	1	0	S
NMDC20552608	0	0	0	1	0	S
NMDC20552609	1	0	1	1	0	S
NMDC20588840	0	0	0	1	0	S
NMDC20588842	0	0	0	0	0	S
NMDC20588843	0	0	0	1	0	S
NMDC20588844	0	0	0	1	0	S
NMDC20554608	0	0	0	1	0	S
NMDC20558613	0	0	1	0	0	S
NMDC20588845	0	0	0	1	0	S
NMDC20588846	0	0	0	1	0	S
NMDC20558615	0	0	0	1	0	S
NMDC20588848	0	0	0	1	0	S
NMDC20588850	0	0	0	1	0	S
NMDC20554610	0	0	0	1	0	S
NMDC20554611	0	0	0	1	0	S
NMDC20554614	0	0	0	1	0	S
NMDC20588854	0	0	0	1	0	S
NMDC20556605	1	0	0	1	1	S
NMDC20558618	0	0	0	1	0	S
NMDC20556606	0	0	0	1	0	S
NMDC20556607	0	0	0	0	0	S
NMDC20554615	0	0	0	1	0	S
NMDC20556609	0	0	0	1	0	S
NMDC20588858	0	0	0	1	0	S
NMDC20552613	0	0	0	1	0	S
NMDC20552614	0	0	0	1	0	S
NMDC20558621	0	0	0	1	0	S
NMDC20588862	0	0	0	1	0	S
NMDC20552618	1	0	1	1	0	S
NMDC20588863	0	0	1	1	0	S
NMDC20588864	0	0	0	1	0	S
NMDC20588865	0	0	0	1	0	S
NMDC20554617	0	0	0	1	0	S
NMDC20556611	0	0	0	1	0	S
NMDC20558624	0	0	0	1	0	S
NMDC20556613	0	0	0	1	0	S
NMDC20588866	0	0	0	1	0	S
NMDC20588867	0	0	0	1	0	S
NMDC20588868	0	0	0	1	0	S
NMDC20588872	0	0	1	0	0	S
NMDC20588873	0	0	0	1	0	S
NMDC20588881	0	0	1	0	0	S
NMDC20552623	0	0	0	1	0	S
NMDC20588883	0	0	0	0	0	S
NMDC20556620	0	0	1	0	0	S
NMDC20558629	0	0	0	1	0	S
NMDC20554622	0	0	0	1	0	S
NMDC20588888	0	0	0	1	0	S
NMDC20554626	0	0	0	1	0	S
NMDC20588892	0	0	0	1	0	S
NMDC20588893	0	0	0	1	0	S
NMDC20588894	0	0	0	1	0	S
NMDC20552625	0	0	1	0	0	S
NMDC20558634	0	0	0	1	0	S
NMDC20556633	0	0	0	1	0	S
NMDC20588898	0	0	0	1	0	S
NMDC20588899	0	0	0	1	0	S
NMDC20552626	0	0	0	1	0	S
NMDC20588900	0	0	0	1	0	S
NMDC20588901	0	0	0	1	0	S
NMDC20554631	0	0	0	1	0	S
NMDC20588902	0	0	0	1	0	S
NMDC20588903	0	0	0	1	0	S
NMDC20554629	0	0	0	1	0	S
NMDC20588904	0	0	0	1	0	S
NMDC20552629	0	0	0	1	0	S
NMDC20556629	0	0	0	1	0	S
NMDC20552628	0	0	0	1	0	S
NMDC20554632	0	0	0	1	0	S
NMDC20556630	0	0	0	1	0	S
NMDC20588905	0	0	0	1	0	S
NMDC20556631	0	0	0	1	0	S
NMDC20588906	0	0	0	1	0	S
NMDC20588907	0	0	0	1	0	S
NMDC20552630	0	0	0	1	0	S
NMDC20588909	0	0	0	1	0	S
NMDC20588910	0	0	0	1	0	S
NMDC20588911	0	0	0	1	0	S
NMDC20556638	0	0	0	1	0	S
NMDC20588919	0	0	0	1	0	S
NMDC20588920	0	0	0	1	0	S
NMDC20554640	0	0	0	1	0	S
NMDC20588921	0	0	0	1	0	S
NMDC20588922	0	0	0	1	0	S
NMDC20554641	0	0	0	1	0	S
NMDC20588923	0	0	0	1	0	S
NMDC20588924	0	0	0	1	0	S
NMDC20552635	0	1	0	1	0	S
NMDC20556639	0	0	0	1	0	S
NMDC20588926	0	0	0	1	0	S
NMDC20556640	0	0	0	1	0	S
NMDC20552636	0	0	0	1	0	S
NMDC20556641	0	0	0	1	0	S
NMDC20558641	0	0	0	1	0	S
NMDC20556643	0	0	0	1	0	S
NMDC20588927	0	0	0	1	0	S
NMDC20558643	0	0	0	1	0	S
NMDC20554645	0	0	0	1	0	S
NMDC20556645	0	0	0	1	0	S
NMDC20552640	0	0	0	1	0	S
NMDC20588935	0	0	0	1	0	S
NMDC20588936	1	0	1	1	0	S
NMDC20558646	0	0	0	1	0	S
NMDC20588938	0	0	0	1	0	S
NMDC20556646	0	0	1	0	0	S
NMDC20552642	0	0	1	0	0	S
NMDC20588939	0	0	0	1	0	S
NMDC20552646	0	0	0	1	0	S
NMDC20588941	1	1	1	1	0	S
NMDC20556649	0	0	0	1	0	S
NMDC20552647	1	0	0	1	0	S
NMDC20558647	0	0	0	1	0	S
NMDC20588951	1	0	0	1	0	S
NMDC20558650	0	0	0	1	0	S
NMDC20588952	0	0	0	1	0	S
NMDC20558652	0	0	0	1	0	S
NMDC20558653	0	0	0	1	0	S
NMDC20554652	0	0	1	0	0	S
NMDC20588956	0	0	0	1	0	S
NMDC20588957	0	0	0	1	0	S
NMDC20558654	0	0	1	0	0	S
NMDC20554655	0	0	0	1	0	S
NMDC20558655	0	0	0	1	0	S
NMDC20556656	0	0	0	1	0	S
NMDC20558656	0	0	0	1	0	S
NMDC20554657	0	0	0	1	0	S
NMDC20588962	0	0	1	0	0	S
NMDC20556657	0	0	0	1	0	S
NMDC20552654	0	0	0	1	0	S
NMDC20552655	1	1	0	1	1	S
NMDC20558657	1	0	0	1	1	S
NMDC20554658	1	0	0	1	0	S
NMDC20552656	0	0	0	0	0	S
NMDC20588967	0	0	0	0	0	S
NMDC20588968	1	0	1	1	0	S
NMDC20588970	0	0	0	1	0	S
NMDC20552657	0	0	0	1	0	S
NMDC20554659	0	0	0	1	0	S
NMDC20556658	0	0	0	1	0	S
NMDC20556659	0	0	0	1	0	S
NMDC20552658	0	0	0	1	0	S
NMDC20588973	0	0	0	1	0	S
NMDC20552659	0	0	0	1	0	S
NMDC20552660	0	0	0	1	0	S
NMDC20588978	0	0	0	1	0	S
NMDC20588979	0	0	0	1	0	S
NMDC20588980	0	0	0	1	0	S
NMDC20556663	1	1	0	1	1	S
NMDC20554664	1	0	0	1	1	S
NMDC20588982	1	0	0	1	0	S
NMDC20588984	0	0	0	1	0	S
NMDC20588985	0	0	0	1	0	S
NMDC20558663	0	0	0	1	0	S
NMDC20554665	0	0	0	0	0	S
NMDC20554666	0	0	0	0	0	S
NMDC20554667	0	0	0	1	0	S
NMDC20588986	1	1	1	1	0	S
NMDC20588987	1	0	1	1	0	S
NMDC20588988	1	1	1	1	0	S
NMDC20558664	0	0	0	1	0	S
NMDC20558665	0	0	0	1	0	S
NMDC20552662	0	0	0	1	0	S
NMDC20556665	0	0	0	1	0	S
NMDC20588992	0	0	0	1	0	S
NMDC20558666	0	0	0	1	0	S
NMDC20552663	0	0	0	1	0	S
NMDC20588993	0	0	0	1	0	S
NMDC20588994	0	0	0	1	0	S
NMDC20558667	0	0	0	1	0	S
NMDC20588996	0	0	0	1	0	S
NMDC20552667	0	0	1	0	0	S
NMDC20588998	0	0	0	1	0	S
NMDC20588999	0	0	0	1	0	S
NMDC20589000	0	0	0	1	0	S
NMDC20589001	0	0	0	1	0	S
NMDC20589003	0	0	0	1	0	S
NMDC20589004	0	0	0	1	0	S
NMDC20589005	0	0	0	1	0	S
NMDC20589006	0	0	0	1	0	S
NMDC20589008	0	0	0	1	0	S
NMDC20589009	0	0	0	1	0	S
