	broad-spectrum_class_A_beta-lactamase_TEM-1	aminoglycoside_N-acetyltransferase_AAC(3)-IVa	SMR_family_transporter(WP_000159237.1)	chloramphenicol/florfenicol_efflux_MFS_transporter_FloR	NAD(+)--rifampin_ADP-ribosyltransferase_Arr-2	extended-spectrum_class_A_beta-lactamase_CTX-M-55	oxacillin-hydrolyzing_class_D_beta-lactamase_OXA-1	class_A_beta-lactamase	extended-spectrum_class_A_beta-lactamase_CTX-M-14	sulfonamide-resistant_dihydropteroate_synthase_Sul1	Group
NMDC20552804	0	1	0	1	0	0	1	0	0	1	R
NMDC20582474	1	0	0	0	0	0	0	0	0	0	R
NMDC20554778	1	0	0	1	0	0	0	0	0	1	R
NMDC20582475	1	0	0	0	0	0	0	0	0	0	R
NMDC20582477	0	0	0	0	0	0	0	0	0	1	R
NMDC20582478	1	1	0	1	0	0	0	0	0	0	R
NMDC20582480	1	1	0	1	0	0	1	0	0	1	R
NMDC20582481	1	1	0	1	0	1	1	0	0	1	R
NMDC20552805	1	0	0	1	0	1	0	0	0	1	R
NMDC20582483	1	0	0	1	1	0	0	0	0	0	R
NMDC20554779	1	1	0	1	0	1	1	0	0	1	R
NMDC20550794	0	0	0	0	0	0	0	0	0	0	R
NMDC20582484	1	0	1	1	0	0	0	0	0	0	R
NMDC20582486	1	1	0	1	0	0	1	0	0	1	R
NMDC20582488	1	0	0	1	0	0	0	0	0	1	R
NMDC20582489	0	0	1	0	0	0	0	0	0	0	R
NMDC20582490	1	1	0	1	0	0	1	0	1	1	R
NMDC20582491	0	1	0	1	0	0	0	0	0	0	R
NMDC20554780	0	1	0	1	0	0	0	0	1	1	R
NMDC20550796	1	1	0	1	0	0	1	0	0	1	R
NMDC20554781	1	1	0	1	0	0	0	0	1	1	R
NMDC20582494	1	0	0	0	0	0	0	0	0	0	R
NMDC20582495	0	1	0	1	0	0	1	0	0	1	R
NMDC20582496	1	0	0	1	0	0	0	0	0	1	R
NMDC20582497	1	1	0	1	0	0	1	0	1	1	R
NMDC20582498	1	0	0	1	0	0	0	0	0	1	R
NMDC20554782	1	0	0	1	0	0	0	0	0	1	R
NMDC20582500	1	0	0	1	0	0	0	0	0	0	R
NMDC20582501	1	1	0	1	0	0	1	0	0	1	R
NMDC20556808	1	0	0	0	0	0	0	0	0	1	R
NMDC20582504	1	0	0	1	0	0	0	0	0	1	R
NMDC20582505	0	0	0	0	0	0	0	0	0	0	R
NMDC20582506	0	1	0	1	0	0	0	0	1	1	R
NMDC20582508	0	1	0	0	0	0	0	0	1	1	R
NMDC20582509	1	0	0	0	0	0	0	0	0	0	R
NMDC20582510	0	0	0	0	0	0	0	0	0	0	R
NMDC20582512	0	1	0	1	1	0	0	0	0	0	R
NMDC20582513	0	1	0	1	0	0	0	0	1	0	R
NMDC20554784	1	1	0	1	0	0	1	0	0	0	R
NMDC20556809	0	0	0	0	0	0	0	0	0	0	R
NMDC20582515	1	0	1	1	0	0	1	0	0	1	R
NMDC20582516	1	0	1	1	0	0	1	0	0	1	R
NMDC20582517	1	1	0	1	0	0	0	0	0	0	R
NMDC20582521	0	1	0	1	0	0	1	0	0	1	R
NMDC20582522	1	0	1	1	0	0	1	0	0	1	R
NMDC20582523	0	1	0	1	0	0	1	0	0	1	R
NMDC20582524	0	1	0	1	0	0	1	0	0	1	R
NMDC20582526	1	0	0	0	0	0	0	0	0	0	R
NMDC20582527	1	0	0	0	0	0	0	0	0	0	R
NMDC20582531	1	0	0	0	0	0	0	0	0	0	R
NMDC20582533	1	0	0	0	0	0	0	0	0	0	R
NMDC20582536	1	0	0	1	0	0	1	0	0	0	R
NMDC20552808	1	1	0	1	0	0	0	0	1	1	R
NMDC20556810	1	0	0	1	1	0	0	0	0	0	R
NMDC20582538	1	0	0	1	0	1	0	0	0	0	R
NMDC20582539	1	0	0	0	0	0	0	0	0	0	R
NMDC20556811	1	0	0	1	0	0	0	0	0	1	R
NMDC20554786	1	0	0	0	0	0	0	0	0	0	R
NMDC20582540	1	0	1	0	0	0	0	0	0	1	R
NMDC20582541	1	0	0	0	0	1	0	0	0	0	R
NMDC20582543	1	0	0	0	0	0	0	0	0	0	R
NMDC20554787	1	0	0	0	0	0	0	0	0	0	R
NMDC20582544	0	0	0	0	0	1	0	0	0	0	R
NMDC20550799	1	0	0	0	0	0	0	0	0	0	R
NMDC20552810	0	0	0	0	0	1	0	0	0	0	R
NMDC20582547	0	1	0	1	0	0	1	0	0	1	R
NMDC20582548	1	0	0	0	0	0	0	0	0	0	R
NMDC20582549	1	0	1	0	0	0	0	0	0	1	R
NMDC20582550	1	0	1	0	0	0	0	0	0	0	R
NMDC20582551	0	0	0	0	0	0	0	0	0	0	R
NMDC20582552	0	0	0	0	0	0	0	0	0	0	R
NMDC20582553	1	0	0	0	0	0	0	0	0	0	R
NMDC20582554	1	0	0	0	0	0	0	0	0	0	R
NMDC20582555	0	1	0	1	0	0	1	0	0	1	R
NMDC20582557	0	0	0	0	0	0	0	0	0	0	R
NMDC20582558	1	0	0	0	0	0	0	0	0	0	R
NMDC20582559	1	0	0	1	0	0	0	0	0	0	R
NMDC20554789	0	1	0	1	0	1	1	0	0	1	R
NMDC20582562	1	0	0	1	0	1	0	0	0	1	R
NMDC20550800	1	0	0	1	0	0	0	0	0	1	R
NMDC20582563	1	0	0	1	0	0	0	0	0	1	R
NMDC20556813	1	0	1	0	0	0	0	0	0	1	R
NMDC20582564	1	0	0	0	0	0	0	0	0	0	R
NMDC20582565	1	0	0	0	0	0	1	0	0	1	R
NMDC20582566	0	0	0	0	0	0	0	0	0	0	R
NMDC20554790	1	0	0	1	0	0	0	0	0	0	R
NMDC20552811	0	0	0	0	0	0	0	0	0	0	R
NMDC20582569	1	0	0	1	0	0	0	0	0	1	R
NMDC20582570	1	0	0	1	1	1	0	0	0	0	R
NMDC20556814	1	0	0	1	0	0	0	0	0	1	R
NMDC20582571	0	1	0	1	0	0	1	0	0	1	R
NMDC20550802	1	0	0	1	0	0	1	0	0	1	R
NMDC20554791	0	0	0	0	0	0	0	0	0	0	R
NMDC20582573	0	1	0	1	0	0	1	0	0	1	R
NMDC20582575	1	0	0	1	1	1	0	0	0	0	R
NMDC20582576	0	0	0	0	0	0	0	0	0	0	R
NMDC20556815	0	1	0	1	1	0	0	0	0	0	R
NMDC20582577	0	0	0	0	0	0	0	0	0	0	R
NMDC20582578	1	0	0	1	0	0	0	0	0	1	R
NMDC20582579	0	0	0	0	0	0	0	0	0	0	R
NMDC20582580	0	0	0	0	0	0	0	0	0	0	R
NMDC20552812	0	1	0	1	0	0	1	0	0	1	R
NMDC20582581	0	1	0	1	0	1	1	0	0	1	R
NMDC20582582	1	0	0	1	1	1	0	0	0	0	R
NMDC20582583	1	0	0	1	1	1	0	0	0	0	R
NMDC20582584	0	0	0	0	0	0	1	0	0	1	R
NMDC20582585	0	0	0	0	0	0	0	0	0	1	R
NMDC20582586	0	0	0	1	1	1	0	0	0	0	R
NMDC20554792	1	0	0	0	0	0	0	0	0	0	R
NMDC20582587	0	0	0	0	0	0	0	0	0	1	R
NMDC20582589	1	0	0	0	0	0	0	0	1	0	R
NMDC20582591	1	0	0	0	0	0	0	0	0	0	R
NMDC20582592	1	0	0	0	0	0	0	0	0	0	R
NMDC20582593	0	1	0	1	0	0	1	0	0	1	R
NMDC20556816	1	1	0	1	0	0	1	0	0	1	R
NMDC20550803	0	1	0	1	0	0	1	0	0	1	R
NMDC20582594	1	0	0	0	0	0	0	0	0	1	R
NMDC20550804	1	0	0	0	0	0	0	0	0	0	R
NMDC20554793	1	0	0	1	1	0	0	0	0	0	R
NMDC20582595	1	0	0	1	1	1	0	0	0	0	R
NMDC20582597	1	0	0	1	0	0	0	0	0	1	R
NMDC20554794	0	0	0	0	0	0	1	0	0	0	R
NMDC20582598	1	0	0	1	0	0	0	0	0	1	R
NMDC20582599	1	0	0	1	0	0	0	0	0	1	R
NMDC20582600	1	0	0	1	0	0	0	0	0	1	R
NMDC20556817	1	0	0	0	0	0	0	0	0	1	R
NMDC20582602	0	0	0	1	0	1	0	0	0	0	R
NMDC20554796	1	0	0	1	0	0	0	0	0	1	R
NMDC20582603	1	1	0	1	0	0	1	0	0	1	R
NMDC20582604	0	0	0	1	0	0	0	0	0	0	R
NMDC20582605	1	0	1	1	0	0	0	0	0	1	R
NMDC20582606	0	1	0	1	0	0	1	0	1	1	R
NMDC20582607	0	1	0	1	0	0	1	0	0	1	R
NMDC20582608	0	0	0	0	0	0	0	0	0	0	R
NMDC20582610	0	1	0	1	0	0	1	0	0	0	R
NMDC20582611	1	1	0	1	0	0	1	0	0	1	R
NMDC20582612	0	1	0	1	0	0	1	1	0	1	R
NMDC20582613	0	1	0	1	0	0	0	0	0	1	R
NMDC20582615	0	1	0	1	0	0	0	0	1	0	R
NMDC20582616	0	0	0	0	0	0	0	0	0	0	R
NMDC20582617	0	0	0	0	0	0	0	0	0	0	R
NMDC20582618	0	0	0	0	0	0	0	0	0	1	R
NMDC20582619	0	1	0	1	1	0	0	0	0	0	R
NMDC20550805	1	0	0	0	0	0	0	0	0	0	R
NMDC20582620	1	0	0	0	0	0	0	0	0	0	R
NMDC20582621	0	0	0	0	0	0	0	0	0	0	R
NMDC20552896	0	0	0	1	1	0	0	0	0	0	R
NMDC20582804	1	0	0	1	0	0	0	0	0	0	R
NMDC20582806	1	0	0	0	0	0	0	0	0	0	R
NMDC20582808	1	0	0	0	0	0	0	0	0	0	R
NMDC20582809	0	0	0	1	1	0	0	0	0	0	R
NMDC20582810	0	1	0	1	1	0	0	0	0	1	R
NMDC20556881	0	0	0	1	1	0	0	0	0	0	R
NMDC20550879	1	0	0	0	0	0	0	0	0	0	R
NMDC20582811	1	0	0	0	0	0	0	0	0	0	R
NMDC20556882	0	0	0	0	0	0	0	0	0	0	R
NMDC20554869	0	1	0	1	1	0	0	0	0	0	R
NMDC20582812	1	0	0	0	0	0	0	0	0	0	R
NMDC20554870	1	1	0	1	0	0	1	0	0	1	R
NMDC20552899	1	0	0	0	0	0	0	0	0	0	R
NMDC20556883	1	0	0	1	0	0	0	0	0	0	R
NMDC20556884	0	0	0	0	0	0	0	0	0	0	R
NMDC20554871	1	0	0	0	0	0	0	0	0	0	R
NMDC20550880	1	0	0	1	0	0	0	0	0	1	R
NMDC20582814	1	0	0	0	0	0	0	0	0	0	R
NMDC20582815	1	0	0	1	0	0	0	0	0	0	R
NMDC20556886	1	0	0	0	0	0	1	0	0	1	R
NMDC20556887	0	0	0	0	0	1	0	0	0	0	R
NMDC20552900	1	0	0	1	0	0	0	0	0	0	R
NMDC20550881	1	0	0	0	0	0	0	0	0	0	R
NMDC20582818	0	0	0	0	0	0	0	0	0	0	R
NMDC20582819	1	0	0	1	0	0	0	0	0	0	R
NMDC20554872	1	0	1	0	0	0	0	0	0	1	R
NMDC20554873	0	1	0	1	1	0	0	0	0	0	R
NMDC20582820	0	0	0	1	0	0	0	0	0	1	R
NMDC20552903	1	0	0	0	0	0	0	0	0	0	R
NMDC20552904	1	0	0	0	0	0	0	0	0	0	R
NMDC20554875	1	0	0	0	0	0	0	0	0	0	R
NMDC20582823	0	0	0	1	0	0	0	0	0	0	R
NMDC20582824	0	0	0	1	0	1	0	0	0	0	R
NMDC20556888	0	0	0	1	1	0	0	0	0	0	R
NMDC20552907	1	0	0	1	0	0	0	0	0	1	R
NMDC20582826	1	0	0	0	0	0	0	0	0	0	R
NMDC20582827	0	1	0	1	1	0	0	0	0	0	R
NMDC20556889	1	0	0	1	0	0	0	0	0	0	R
NMDC20550885	0	1	0	1	1	0	0	0	0	0	R
NMDC20552906	0	0	0	1	1	1	0	0	0	0	R
NMDC20582829	0	1	0	1	1	0	0	0	0	0	R
NMDC20550888	0	1	0	1	1	0	0	0	0	0	R
NMDC20582831	0	0	0	0	0	0	0	0	0	0	R
NMDC20556891	1	0	0	1	0	0	0	0	0	0	R
NMDC20552908	1	1	0	1	0	0	1	0	0	1	R
NMDC20550887	1	0	0	1	0	0	0	0	0	1	R
NMDC20582833	1	0	0	0	0	0	0	0	0	0	R
NMDC20550889	0	0	0	1	1	0	0	0	0	0	R
NMDC20550891	1	0	0	0	0	0	0	0	0	0	R
NMDC20550892	1	0	0	0	0	0	0	0	0	0	R
NMDC20554877	1	0	0	1	0	0	0	0	0	0	R
NMDC20582835	0	0	0	1	1	0	0	0	0	0	R
NMDC20554878	1	0	0	0	0	0	0	0	0	0	R
NMDC20552911	1	0	0	1	0	0	0	0	0	0	R
NMDC20550893	0	1	0	1	1	0	0	0	0	0	R
NMDC20550894	0	0	0	0	0	0	0	0	0	0	R
NMDC20582836	1	0	0	0	0	0	0	0	0	0	R
NMDC20554879	1	0	0	0	0	0	0	0	0	0	R
NMDC20554881	1	0	0	0	0	0	0	0	0	0	R
NMDC20552910	0	1	0	1	0	0	1	0	0	1	R
NMDC20552912	1	0	0	1	0	0	0	0	0	0	R
NMDC20552913	1	0	0	0	0	0	0	0	0	0	R
NMDC20550895	1	0	0	0	0	0	0	0	0	0	R
NMDC20556894	1	0	0	0	0	0	0	0	0	0	R
NMDC20582840	1	0	0	0	0	0	0	0	0	0	R
NMDC20552914	0	0	0	1	1	0	0	0	0	0	R
NMDC20550898	1	0	0	1	0	0	0	0	0	0	R
NMDC20552916	1	0	0	0	0	0	0	0	0	0	R
NMDC20556898	0	1	0	1	1	0	0	0	0	0	R
NMDC20554882	1	0	0	0	0	0	0	0	0	0	R
NMDC20550900	1	0	0	1	0	0	0	0	0	0	R
NMDC20556899	1	0	0	1	0	0	0	0	0	0	R
NMDC20556900	1	0	0	1	0	0	0	0	0	0	R
NMDC20582841	1	0	0	0	0	0	0	0	0	0	R
NMDC20550902	1	0	0	0	0	0	0	0	0	0	R
NMDC20556901	1	0	0	1	0	0	0	0	0	0	R
NMDC20556903	1	0	0	0	0	0	0	0	0	0	R
NMDC20552920	1	0	0	0	0	0	0	0	0	0	R
NMDC20556906	1	0	0	1	0	0	0	0	0	0	R
NMDC20582847	0	0	0	0	0	0	1	0	0	1	R
NMDC20554883	1	0	0	1	0	0	0	0	0	0	R
NMDC20554884	0	0	0	0	0	1	0	0	0	0	R
NMDC20582849	1	0	0	0	0	0	0	0	0	0	R
NMDC20554886	1	0	0	0	0	0	0	0	0	0	R
NMDC20556910	1	0	0	1	0	0	0	0	0	0	R
NMDC20582852	1	0	0	0	0	0	0	0	0	0	R
NMDC20582853	1	0	0	0	0	0	0	0	0	0	R
NMDC20552922	1	0	0	0	0	0	0	0	0	0	R
NMDC20550908	1	0	0	1	0	0	0	0	0	0	R
NMDC20556914	0	0	0	1	0	1	0	0	0	0	R
NMDC20550910	1	0	0	0	0	0	0	0	0	0	R
NMDC20582855	1	0	0	0	0	0	0	0	0	0	R
NMDC20552924	0	1	0	1	0	0	1	0	0	1	R
NMDC20554887	1	0	0	0	0	0	0	0	0	0	R
NMDC20552925	1	0	0	0	0	0	0	0	0	0	R
NMDC20582857	1	0	0	1	0	0	0	0	0	1	R
NMDC20554888	1	0	0	1	1	0	0	0	0	1	R
NMDC20552926	1	0	0	1	0	0	0	0	0	0	R
NMDC20550911	1	0	0	0	0	0	0	0	0	0	R
NMDC20582859	1	0	0	0	0	0	0	0	0	0	R
NMDC20582861	1	0	0	0	0	0	0	0	0	0	R
NMDC20552928	1	0	0	0	0	0	0	0	0	0	R
NMDC20556915	1	0	0	0	0	0	0	0	0	0	R
NMDC20554890	1	0	0	0	0	0	0	0	0	0	R
NMDC20554891	1	0	0	1	0	1	0	0	0	0	R
NMDC20550914	1	0	0	0	0	0	0	0	0	0	R
NMDC20582863	1	0	0	0	0	0	0	0	0	0	R
NMDC20552929	0	0	0	0	0	0	0	0	0	0	R
NMDC20554892	1	0	0	0	0	0	0	0	0	0	R
NMDC20552932	1	0	0	1	0	0	0	0	0	0	R
NMDC20550915	1	0	0	0	0	0	0	0	0	0	R
NMDC20582865	1	0	0	0	0	0	0	0	0	0	R
NMDC20550916	1	0	0	1	0	0	0	0	0	0	R
NMDC20554893	0	1	0	1	0	0	1	0	0	1	R
NMDC20582866	1	0	0	0	0	0	0	0	0	0	R
NMDC20582867	1	0	0	0	0	0	0	0	0	0	R
NMDC20556916	1	0	0	1	0	0	0	0	0	1	R
NMDC20552931	1	0	0	1	0	0	0	0	0	1	R
NMDC20582868	1	0	0	0	0	0	0	0	0	0	R
NMDC20552933	1	0	0	1	0	0	0	0	0	1	R
NMDC20582869	1	0	0	1	0	0	0	0	0	1	R
NMDC20556917	1	0	0	1	0	0	0	0	0	0	R
NMDC20582871	1	0	0	1	0	0	0	0	0	0	R
NMDC20556918	1	0	0	0	0	0	0	0	0	0	R
NMDC20552934	0	0	0	1	0	0	0	0	1	0	R
NMDC20554895	1	0	0	1	0	0	0	0	0	0	R
NMDC20556919	1	0	0	1	0	0	0	0	0	0	R
NMDC20582873	0	1	0	1	0	0	1	0	0	1	R
NMDC20554897	1	0	0	0	0	0	0	0	0	0	R
NMDC20582874	1	0	0	0	0	0	0	0	0	0	R
NMDC20582875	0	0	0	1	1	0	0	0	0	0	R
NMDC20552935	1	0	0	0	0	0	0	0	0	0	R
NMDC20554898	1	0	0	0	0	0	0	0	0	1	R
NMDC20554899	1	0	0	1	0	0	0	0	0	0	R
NMDC20582876	1	0	0	0	0	0	0	0	0	0	R
NMDC20582877	0	0	0	0	0	0	0	0	0	0	R
NMDC20582879	0	0	0	0	0	0	0	0	0	1	R
NMDC20582880	1	0	0	0	0	0	0	0	0	0	R
NMDC20552936	1	0	0	0	0	1	0	0	0	0	R
NMDC20552937	1	0	0	0	0	1	0	0	0	0	R
NMDC20550919	0	0	0	1	0	0	0	0	0	0	R
NMDC20554901	1	0	0	1	0	1	0	0	0	0	R
NMDC20552938	1	0	0	1	0	0	0	0	0	1	R
NMDC20582881	1	0	0	1	0	0	0	0	0	0	R
NMDC20552940	1	0	0	1	0	0	0	0	0	0	R
NMDC20550920	1	0	0	0	0	0	0	0	0	0	R
NMDC20582883	0	0	0	1	0	0	0	1	0	0	R
NMDC20554902	1	0	0	1	0	0	0	0	0	0	R
NMDC20582886	1	0	0	1	0	0	0	0	0	0	R
NMDC20582888	1	0	0	0	0	0	0	0	0	0	R
NMDC20582890	1	0	0	0	0	0	0	0	0	0	R
NMDC20582891	0	1	0	1	0	1	1	0	0	1	R
NMDC20582892	1	0	0	0	0	0	0	0	0	0	R
NMDC20582893	1	0	1	1	0	0	0	0	0	0	R
NMDC20582894	1	0	0	0	0	0	0	0	0	0	R
NMDC20582896	1	0	1	1	0	0	0	0	0	0	R
NMDC20582898	0	0	0	0	0	0	1	0	0	1	R
NMDC20582900	0	1	1	1	1	0	0	0	0	0	R
NMDC20582901	1	0	0	0	0	0	0	0	0	0	R
NMDC20582903	1	0	0	0	0	0	0	0	0	0	R
NMDC20582905	0	0	0	0	0	0	0	0	1	0	R
NMDC20582907	0	0	1	0	0	0	0	0	0	0	R
NMDC20582908	1	0	0	0	0	0	0	0	0	0	R
NMDC20582912	1	0	0	0	0	0	0	0	0	0	R
NMDC20553112	1	0	0	1	0	0	0	0	0	0	R
NMDC20583315	1	0	0	1	0	1	0	0	0	0	R
NMDC20555072	0	0	0	1	0	1	0	0	0	0	R
NMDC20583316	1	0	0	1	0	1	0	0	0	0	R
NMDC20551077	0	0	0	0	0	1	0	0	0	0	R
NMDC20583317	1	0	0	1	0	1	0	0	0	0	R
NMDC20555073	0	0	0	0	0	1	0	0	0	0	R
NMDC20555074	0	1	0	1	0	1	0	0	0	0	R
NMDC20555075	0	0	0	0	0	0	0	0	0	1	R
NMDC20583318	1	0	0	1	0	0	0	0	0	1	R
NMDC20583319	0	0	0	0	0	0	0	0	0	0	R
NMDC20555076	1	0	0	0	0	1	0	0	0	0	R
NMDC20551078	1	0	0	1	0	0	0	0	0	0	R
NMDC20555077	1	0	0	0	0	0	0	0	0	0	R
NMDC20583320	1	0	0	0	0	0	0	0	0	0	R
NMDC20583321	1	0	0	0	0	0	0	0	0	0	R
NMDC20583322	1	0	0	0	0	0	0	0	0	0	R
NMDC20583323	1	0	0	0	0	0	0	0	0	0	R
NMDC20583330	1	0	0	1	0	0	0	0	0	0	R
NMDC20583331	1	0	0	0	0	0	0	0	0	0	R
NMDC20583332	0	0	0	0	0	0	0	0	0	0	R
NMDC20583333	1	0	0	0	0	0	0	0	0	0	R
NMDC20583334	0	0	0	1	0	1	0	0	0	1	R
NMDC20583335	1	0	1	0	0	0	0	0	0	0	R
NMDC20583336	1	1	0	0	1	0	0	0	0	0	R
NMDC20583340	1	0	1	0	0	0	0	0	0	1	R
NMDC20583341	0	1	0	1	0	0	0	0	0	1	R
NMDC20583343	0	1	0	1	0	0	1	0	0	1	R
NMDC20583345	1	0	1	0	0	0	0	0	0	0	R
NMDC20583346	0	1	0	1	1	0	0	0	0	0	R
NMDC20583349	1	0	1	0	0	0	0	0	0	1	R
NMDC20583351	0	0	0	0	0	0	0	0	1	1	R
NMDC20583352	1	0	0	0	0	0	0	0	0	0	R
NMDC20583353	1	0	0	0	0	0	0	0	0	0	R
NMDC20583354	0	0	0	1	1	1	0	0	0	0	R
NMDC20584427	0	0	0	0	0	0	0	0	0	0	R
NMDC20584429	1	0	0	1	1	1	0	0	0	0	R
NMDC20584435	0	0	0	0	1	0	0	0	0	0	R
NMDC20584436	0	1	0	1	0	0	0	0	0	0	R
NMDC20584437	1	0	0	0	0	0	0	0	0	0	R
NMDC20584438	0	1	0	1	1	0	0	0	0	0	R
NMDC20584439	1	0	0	0	0	0	0	0	0	0	R
NMDC20584440	1	0	0	0	0	0	0	0	0	0	R
NMDC20584443	1	0	0	0	0	0	0	0	0	0	R
NMDC20584453	0	0	1	1	0	1	0	0	0	0	R
NMDC20584457	0	1	0	1	1	0	0	0	0	0	R
NMDC20584462	0	0	0	1	1	0	0	0	0	0	R
NMDC20584464	0	0	0	1	1	0	0	0	0	0	R
NMDC20584470	0	0	0	1	0	0	0	0	0	0	R
NMDC20584471	0	0	0	1	0	0	0	0	0	0	R
NMDC20584477	1	0	0	1	0	1	0	0	0	0	R
NMDC20584486	0	0	1	1	0	1	0	0	0	0	R
NMDC20584487	0	0	1	1	0	1	0	0	0	0	R
NMDC20584491	0	0	1	1	0	0	0	0	0	0	R
NMDC20584492	0	0	1	0	0	0	0	0	0	0	R
NMDC20584497	1	0	0	1	1	1	0	0	0	0	R
NMDC20584501	0	1	0	1	0	0	0	0	0	1	R
NMDC20584502	0	1	0	1	1	1	0	0	0	0	R
NMDC20584505	0	0	0	1	1	0	0	0	0	0	R
NMDC20584511	0	1	0	1	1	0	0	0	0	0	R
NMDC20584512	0	1	0	1	1	0	0	0	0	0	R
NMDC20584513	0	1	0	1	1	0	0	0	0	0	R
NMDC20584515	1	0	0	0	0	0	0	0	0	0	R
NMDC20584517	0	0	0	1	0	1	0	0	0	1	R
NMDC20584518	1	0	0	0	0	0	0	0	0	0	R
NMDC20584520	0	1	0	1	0	1	1	0	0	1	R
NMDC20584521	0	0	0	1	1	1	0	0	0	1	R
NMDC20584523	1	0	0	0	0	0	0	0	0	0	R
NMDC20584524	1	0	0	0	0	0	0	0	0	0	R
NMDC20584525	1	0	0	0	0	0	0	0	0	0	R
NMDC20584529	0	1	0	1	0	1	1	0	0	1	R
NMDC20584530	0	1	0	1	0	1	1	0	0	1	R
NMDC20584531	0	0	0	1	1	1	0	0	0	0	R
NMDC20584532	0	1	0	1	1	0	0	0	0	0	R
NMDC20584533	1	0	0	1	1	1	0	0	0	1	R
NMDC20584534	0	0	0	1	1	1	0	0	0	1	R
NMDC20584536	1	0	0	1	1	1	0	0	0	1	R
NMDC20584539	1	0	0	1	1	1	0	0	0	0	R
NMDC20584540	1	0	0	0	0	0	0	0	0	0	R
NMDC20584541	0	0	0	1	1	1	0	0	0	1	R
NMDC20584543	0	0	0	1	1	0	0	0	0	0	R
NMDC20584544	0	0	0	1	1	0	0	0	0	0	R
NMDC20584545	1	0	0	1	1	1	0	0	0	0	R
NMDC20584546	1	0	0	1	1	1	0	0	0	0	R
NMDC20584547	0	1	0	0	1	0	0	0	0	0	R
NMDC20584549	1	0	0	1	1	1	0	0	0	0	R
NMDC20584550	0	0	0	1	1	0	0	0	0	0	R
NMDC20584551	0	0	0	1	1	0	0	0	0	0	R
NMDC20584552	0	0	0	1	1	1	0	0	0	1	R
NMDC20584553	0	0	0	0	1	0	0	0	0	0	R
NMDC20584555	0	0	0	1	1	0	0	0	0	0	R
NMDC20584556	1	0	0	0	0	0	0	0	0	0	R
NMDC20584557	0	0	0	1	0	0	0	0	0	0	R
NMDC20584558	0	0	0	1	1	0	0	0	0	0	R
NMDC20584559	0	0	0	1	1	0	0	0	0	0	R
NMDC20584560	0	0	0	1	0	0	0	0	1	1	R
NMDC20584561	0	1	0	1	0	0	0	0	0	1	R
NMDC20584562	0	0	0	1	1	0	0	0	0	0	R
NMDC20584563	0	1	0	1	1	0	0	0	0	0	R
NMDC20584564	0	0	0	1	1	0	0	0	0	0	R
NMDC20584565	0	0	0	1	1	0	0	0	0	0	R
NMDC20584568	0	0	0	1	1	0	0	0	0	0	R
NMDC20584569	0	0	0	1	1	0	0	0	0	0	R
NMDC20584570	0	0	0	1	1	1	0	0	0	1	R
NMDC20584571	0	0	0	1	1	0	0	0	0	0	R
NMDC20584572	1	0	0	1	1	1	0	0	0	0	R
NMDC20584576	0	0	0	0	1	0	0	0	0	0	R
NMDC20584577	0	0	0	1	1	0	0	0	0	0	R
NMDC20584578	0	0	0	1	1	1	0	0	0	1	R
NMDC20584579	0	1	0	1	0	0	1	0	0	1	R
NMDC20584580	0	0	0	1	1	0	0	0	0	0	R
NMDC20584581	0	0	0	1	1	0	0	0	0	0	R
NMDC20584582	0	0	0	1	1	0	0	0	0	0	R
NMDC20584583	1	0	0	0	0	0	0	0	0	0	R
NMDC20584584	0	0	0	1	1	0	0	0	0	0	R
NMDC20584585	0	0	0	1	1	0	0	0	0	0	R
NMDC20584586	0	0	0	1	1	0	0	0	0	0	R
NMDC20584587	1	0	0	0	0	0	0	0	0	0	R
NMDC20584588	0	0	0	1	1	0	0	0	0	0	R
NMDC20584590	1	0	0	0	0	0	0	0	0	0	R
NMDC20584593	0	0	0	1	1	0	0	0	0	0	R
NMDC20584594	1	0	0	0	0	0	0	0	0	0	R
NMDC20584595	0	0	0	1	1	0	0	0	0	0	R
NMDC20584596	0	0	0	1	1	0	0	0	0	0	R
NMDC20584597	1	0	0	0	0	0	0	0	0	0	R
NMDC20584600	1	0	0	0	0	0	0	0	0	0	R
NMDC20584601	0	0	0	1	1	0	0	0	0	0	R
NMDC20584602	0	0	0	1	1	0	0	0	0	0	R
NMDC20584603	1	0	0	0	0	0	0	0	0	0	R
NMDC20584604	0	0	0	1	1	0	0	0	0	0	R
NMDC20584606	0	0	0	1	1	0	0	0	0	0	R
NMDC20584607	0	0	0	1	1	0	0	0	0	0	R
NMDC20584608	0	0	0	1	1	0	0	0	0	0	R
NMDC20584609	0	0	0	1	1	0	0	0	0	0	R
NMDC20584610	0	0	0	1	1	0	0	0	0	0	R
NMDC20584612	0	0	0	1	1	0	0	0	0	0	R
NMDC20584613	0	1	0	1	1	0	0	0	0	0	R
NMDC20584614	0	1	0	1	1	0	0	0	0	0	R
NMDC20584615	0	1	0	1	1	0	0	0	0	0	R
NMDC20584617	0	0	0	0	1	0	0	0	0	0	R
NMDC20584618	0	1	0	1	1	0	0	0	0	0	R
NMDC20584619	0	1	0	1	1	0	0	0	0	0	R
NMDC20584620	0	0	0	0	0	1	0	0	0	0	R
NMDC20584621	0	0	0	1	1	0	0	0	0	0	R
NMDC20584622	0	0	0	1	1	0	0	0	0	0	R
NMDC20584623	0	1	0	1	1	0	0	0	0	0	R
NMDC20584624	0	1	0	1	1	0	0	0	0	0	R
NMDC20584625	0	1	0	1	1	0	0	0	0	0	R
NMDC20584626	1	0	0	0	0	0	0	0	0	0	R
NMDC20584627	0	0	0	1	1	0	0	0	0	0	R
NMDC20584630	0	0	0	1	1	1	0	0	0	1	R
NMDC20584631	1	0	0	0	0	0	0	0	0	0	R
NMDC20584632	1	0	0	1	1	1	0	0	0	1	R
NMDC20584633	0	1	0	1	0	0	1	0	1	1	R
NMDC20584634	0	1	0	1	1	0	0	0	0	0	R
NMDC20584635	1	0	0	0	0	0	0	0	0	0	R
NMDC20584636	1	0	0	0	0	0	0	0	0	0	R
NMDC20584637	1	0	0	0	0	0	0	0	0	0	R
NMDC20584638	1	0	0	0	0	0	0	0	0	0	R
NMDC20584639	0	1	0	1	0	0	1	0	0	1	R
NMDC20584640	0	1	0	1	1	0	0	0	0	0	R
NMDC20584641	1	0	0	0	0	0	0	0	0	0	R
NMDC20584642	0	0	0	1	1	0	0	0	0	0	R
NMDC20584644	0	0	0	1	1	0	0	0	0	0	R
NMDC20584645	1	0	0	0	0	0	0	0	0	0	R
NMDC20584646	0	0	0	0	1	0	0	0	0	0	R
NMDC20584647	1	0	0	0	0	0	0	0	0	0	R
NMDC20584650	0	1	0	1	1	1	0	0	0	1	R
NMDC20584654	1	0	0	0	0	0	0	0	0	0	R
NMDC20584655	1	0	0	0	0	0	0	0	0	0	R
NMDC20584656	1	0	1	1	0	1	0	0	0	0	R
NMDC20584657	0	1	0	1	1	0	0	0	0	0	R
NMDC20584661	0	0	1	0	0	0	0	0	0	0	R
NMDC20584662	1	0	0	1	1	0	0	0	0	1	R
NMDC20584663	0	0	1	1	1	1	0	0	0	0	R
NMDC20584664	1	0	0	0	0	0	0	0	0	0	R
NMDC20584665	0	1	0	1	0	1	1	0	0	1	R
NMDC20584666	0	0	1	0	0	0	0	0	0	0	R
NMDC20584669	0	1	0	1	0	0	0	0	0	1	R
NMDC20584670	0	0	0	1	1	0	0	0	0	0	R
NMDC20584671	1	0	0	0	0	0	0	0	0	0	R
NMDC20584673	0	1	0	1	0	0	0	0	0	1	R
NMDC20584674	0	0	0	0	0	0	0	0	0	0	R
NMDC20584675	0	1	0	1	0	0	0	0	0	1	R
NMDC20584676	0	1	0	1	1	0	0	0	0	0	R
NMDC20584677	0	1	0	1	1	0	0	0	0	0	R
NMDC20584678	1	0	0	0	0	0	0	0	0	0	R
NMDC20584680	1	0	0	0	0	0	0	0	0	0	R
NMDC20584686	0	1	0	1	1	0	0	0	0	0	R
NMDC20584687	0	1	0	1	1	0	0	0	0	0	R
NMDC20584688	1	1	0	0	1	0	1	0	0	1	R
NMDC20584693	1	0	0	0	0	0	0	0	0	0	R
NMDC20584695	0	0	1	1	0	1	0	0	0	0	R
NMDC20584697	1	0	1	0	0	1	0	0	0	0	R
NMDC20584698	1	0	0	0	0	0	0	0	0	0	R
NMDC20584699	1	0	1	1	1	1	0	0	0	0	R
NMDC20584700	0	1	0	1	0	0	1	0	1	1	R
NMDC20584703	1	0	1	0	0	1	0	0	0	0	R
NMDC20584704	1	0	1	0	0	1	0	0	0	0	R
NMDC20584705	1	0	1	0	0	1	0	0	0	0	R
NMDC20584707	1	0	1	0	0	1	0	0	0	0	R
NMDC20584708	1	0	0	1	0	0	0	0	0	0	R
NMDC20584709	1	0	0	0	0	0	0	0	0	0	R
NMDC20584717	1	0	1	0	0	0	0	0	0	1	R
NMDC20584718	1	0	0	0	0	0	0	0	0	0	R
NMDC20584721	0	1	0	1	1	0	0	0	0	0	R
NMDC20584722	0	0	0	0	0	0	0	0	0	0	R
NMDC20584726	0	0	0	1	1	1	0	0	0	0	R
NMDC20584729	1	0	0	0	0	0	0	0	0	0	R
NMDC20584730	1	0	0	1	1	1	0	0	0	0	R
NMDC20584733	1	0	0	1	0	0	0	0	0	0	R
NMDC20584734	1	0	0	1	0	0	0	0	0	0	R
NMDC20584735	1	0	1	1	1	1	0	0	0	0	R
NMDC20584736	0	0	0	0	0	0	0	0	1	1	R
NMDC20584737	0	0	0	1	0	1	0	0	0	1	R
NMDC20584739	0	0	0	1	0	1	0	0	0	1	R
NMDC20584741	1	0	0	0	0	0	0	0	0	0	R
NMDC20584742	0	1	0	1	1	0	0	0	0	0	R
NMDC20584743	1	0	0	0	0	0	0	0	0	0	R
NMDC20584744	0	1	0	1	1	1	0	0	0	0	R
NMDC20584746	0	1	0	1	1	0	0	0	0	0	R
NMDC20584747	1	0	0	1	1	1	0	0	0	0	R
NMDC20584748	1	0	0	0	0	0	0	0	0	0	R
NMDC20584749	0	1	0	1	1	0	0	0	0	0	R
NMDC20584751	1	0	0	0	0	0	0	0	0	0	R
NMDC20584754	1	0	0	1	1	1	0	0	0	0	R
NMDC20584755	0	1	0	1	0	0	1	0	0	0	R
NMDC20584756	0	0	0	1	0	1	0	0	0	1	R
NMDC20584757	0	0	0	1	1	0	0	0	0	0	R
NMDC20584758	0	0	0	1	0	1	0	0	0	1	R
NMDC20584759	1	0	0	0	0	0	0	0	0	0	R
NMDC20584760	0	1	0	1	1	0	0	0	0	0	R
NMDC20584762	1	0	0	1	1	1	0	0	0	0	R
NMDC20584763	1	0	0	1	1	1	0	0	0	1	R
NMDC20584764	0	0	0	1	1	1	0	0	0	1	R
NMDC20584765	0	0	0	1	1	1	0	0	0	1	R
NMDC20584767	1	0	1	0	1	0	0	0	0	0	R
NMDC20584768	1	0	0	0	0	0	0	0	0	0	R
NMDC20584769	1	0	0	1	1	1	0	0	0	0	R
NMDC20584770	0	1	0	0	0	0	0	0	0	0	R
NMDC20584772	0	0	0	1	1	1	0	0	0	1	R
NMDC20584773	1	0	1	0	0	0	0	0	0	0	R
NMDC20584774	1	0	0	0	0	0	0	0	0	0	R
NMDC20584775	1	0	0	0	0	0	0	0	0	0	R
NMDC20584776	0	1	0	1	1	0	0	0	0	0	R
NMDC20584777	1	0	0	0	0	0	0	0	0	0	R
NMDC20584779	0	0	0	1	0	0	0	0	0	0	R
NMDC20584780	0	1	0	1	0	0	0	0	0	1	R
NMDC20584782	0	1	0	1	1	0	0	0	0	0	R
NMDC20584783	0	1	0	1	0	0	0	0	0	1	R
NMDC20584784	0	1	0	1	0	0	0	0	0	1	R
NMDC20584786	1	0	0	0	0	0	0	0	0	0	R
NMDC20584787	1	0	0	1	1	1	0	0	0	1	R
NMDC20584789	1	0	0	0	0	0	0	0	0	0	R
NMDC20584790	0	0	0	0	1	1	0	0	0	1	R
NMDC20584791	1	0	1	1	1	1	0	0	0	0	R
NMDC20584793	1	1	0	0	0	0	0	0	0	0	R
NMDC20584796	0	1	0	1	0	0	0	0	0	1	R
NMDC20584799	1	0	0	0	0	0	0	0	0	0	R
NMDC20584800	1	0	0	1	1	1	0	0	0	1	R
NMDC20584802	0	0	0	1	1	0	0	0	0	0	R
NMDC20584804	0	1	0	1	1	0	0	0	0	0	R
NMDC20584805	1	0	0	1	1	1	0	0	0	1	R
NMDC20584806	1	0	0	0	0	0	0	0	0	0	R
NMDC20584807	1	0	0	1	0	0	0	0	0	0	R
NMDC20584809	0	1	0	1	0	0	1	0	0	1	R
NMDC20584812	1	0	0	0	0	0	0	0	0	0	R
NMDC20584813	1	0	0	0	0	0	0	0	0	0	R
NMDC20584814	0	1	0	1	0	0	0	0	0	1	R
NMDC20584815	1	0	0	1	1	1	0	0	0	0	R
NMDC20584816	0	1	0	1	1	0	0	0	0	0	R
NMDC20584818	0	1	0	1	1	0	0	0	0	0	R
NMDC20584819	1	0	0	0	0	0	0	0	0	0	R
NMDC20584821	0	1	0	1	0	0	1	0	0	1	R
NMDC20584822	0	0	0	0	0	0	0	0	0	0	R
NMDC20584826	1	0	0	1	0	0	0	0	0	0	R
NMDC20584827	1	0	0	0	0	0	0	0	0	0	R
NMDC20584828	1	0	0	0	0	0	0	0	0	0	R
NMDC20584830	1	0	0	0	0	0	0	0	0	0	R
NMDC20584831	1	0	0	0	0	0	0	0	0	0	R
NMDC20584832	1	0	0	0	0	0	0	0	0	0	R
NMDC20584834	1	0	0	0	0	0	0	0	0	0	R
NMDC20584836	1	0	0	1	1	0	0	0	0	1	R
NMDC20584840	1	0	0	1	1	1	0	0	0	0	R
NMDC20584841	1	1	0	1	0	0	0	0	0	0	R
NMDC20584845	0	1	0	1	0	0	0	0	0	1	R
NMDC20584848	0	0	0	1	1	1	0	0	0	1	R
NMDC20584849	1	0	0	1	1	0	0	0	0	0	R
NMDC20584850	1	0	0	1	1	0	0	0	0	0	R
NMDC20584851	1	0	0	1	1	0	0	0	0	0	R
NMDC20584853	1	0	1	1	0	0	0	0	0	1	R
NMDC20584854	0	0	0	1	0	0	0	0	0	1	R
NMDC20584855	1	0	0	1	1	1	0	0	0	1	R
NMDC20584856	1	0	0	0	0	0	0	0	0	0	R
NMDC20584857	0	0	0	1	1	1	0	0	0	1	R
NMDC20584858	1	0	0	0	0	0	0	0	0	0	R
NMDC20584859	1	0	0	0	0	0	0	0	0	0	R
NMDC20584860	1	0	0	0	0	0	0	0	0	0	R
NMDC20584861	0	0	0	1	1	1	0	0	0	1	R
NMDC20584862	0	0	0	1	1	1	0	0	0	1	R
NMDC20584863	0	0	0	1	1	1	0	1	0	1	R
NMDC20584865	1	0	0	0	0	0	0	0	0	0	R
NMDC20584867	1	0	0	0	0	0	0	0	0	0	R
NMDC20584869	1	0	0	1	1	1	0	0	0	0	R
NMDC20584870	0	0	0	0	0	0	0	0	0	0	R
NMDC20584871	0	0	0	0	0	0	0	0	0	0	R
NMDC20584877	0	1	0	1	1	0	0	0	0	0	R
NMDC20584878	0	0	0	0	0	0	0	0	0	0	R
NMDC20584880	0	0	0	0	0	0	0	0	0	0	R
NMDC20584882	1	0	0	0	0	0	0	0	0	0	R
NMDC20584883	1	0	0	0	0	0	0	0	0	0	R
NMDC20584885	1	0	0	1	1	1	0	0	0	0	R
NMDC20584886	1	0	0	1	1	1	0	0	0	1	R
NMDC20584887	1	0	0	0	0	0	0	0	0	0	R
NMDC20584888	0	0	0	1	0	1	0	0	0	1	R
NMDC20584889	1	0	0	0	0	0	0	0	0	0	R
NMDC20584890	1	0	0	0	0	0	0	0	0	0	R
NMDC20584892	1	0	0	0	0	0	0	0	0	0	R
NMDC20584893	1	0	0	0	0	0	0	0	0	0	R
NMDC20584894	1	0	0	0	0	0	0	0	0	0	R
NMDC20584895	1	0	0	0	0	0	0	0	0	0	R
NMDC20584896	1	0	0	1	1	1	0	0	0	1	R
NMDC20584897	1	0	0	0	0	0	0	0	0	0	R
NMDC20584898	0	1	0	1	1	0	0	0	0	0	R
NMDC20585323	1	0	0	1	0	0	0	0	0	0	R
NMDC20553582	0	0	0	1	1	0	0	0	0	0	R
NMDC20557614	0	0	0	1	1	0	0	0	0	0	R
NMDC20555575	1	0	0	0	0	0	0	0	0	0	R
NMDC20553583	1	0	0	0	0	0	0	0	0	0	R
NMDC20557615	1	0	0	0	0	1	0	0	0	0	R
NMDC20585326	1	0	0	1	0	0	0	0	0	0	R
NMDC20555577	0	0	0	1	1	1	0	0	0	0	R
NMDC20551540	0	1	0	1	1	0	0	0	0	0	R
NMDC20557616	1	0	0	0	0	0	0	0	0	0	R
NMDC20585327	1	0	0	0	0	0	0	0	0	0	R
NMDC20585328	1	0	0	1	0	0	0	0	0	0	R
NMDC20553585	0	0	0	1	0	0	0	0	0	0	R
NMDC20555578	1	1	0	1	0	0	0	0	0	0	R
NMDC20553586	1	0	0	1	0	0	0	0	0	0	R
NMDC20551542	1	0	0	0	0	0	0	0	0	0	R
NMDC20551543	1	0	0	0	0	0	0	0	1	0	R
NMDC20585330	1	0	0	1	0	0	0	0	0	0	R
NMDC20585335	1	0	1	0	0	0	0	0	0	0	R
NMDC20585336	0	0	0	0	0	0	0	0	0	0	R
NMDC20585337	0	1	0	0	0	0	1	0	0	0	R
NMDC20585338	1	0	0	0	0	0	0	0	0	0	R
NMDC20585341	1	0	0	1	1	1	0	0	0	0	R
NMDC20585343	1	0	1	0	0	0	0	0	0	0	R
NMDC20555580	1	0	0	1	0	0	0	0	0	0	R
NMDC20585344	1	0	0	1	0	0	0	0	0	0	R
NMDC20553587	1	0	0	0	0	0	0	0	0	0	R
NMDC20551544	1	0	0	1	0	0	0	0	0	0	R
NMDC20585345	1	0	0	1	1	0	0	0	0	1	R
NMDC20551545	0	1	0	1	0	0	1	0	0	1	R
NMDC20557617	1	0	0	0	0	0	0	0	0	0	R
NMDC20585347	1	0	0	0	0	0	0	0	0	0	R
NMDC20555582	1	0	0	1	0	0	0	0	0	0	R
NMDC20553588	1	0	0	1	0	0	0	0	0	1	R
NMDC20557619	1	0	0	0	0	0	0	0	0	0	R
NMDC20551547	1	0	0	0	0	0	0	0	0	0	R
NMDC20555583	0	0	0	1	0	1	0	0	0	0	R
NMDC20555584	1	0	0	0	0	0	0	0	0	0	R
NMDC20585349	1	0	0	0	0	0	0	0	0	0	R
NMDC20585350	1	0	0	0	0	0	0	0	0	0	R
NMDC20585352	1	0	0	0	0	0	0	0	0	0	R
NMDC20585353	1	0	0	0	0	0	0	0	0	0	R
NMDC20585354	0	0	0	0	1	0	0	0	0	0	R
NMDC20551548	1	0	0	0	0	0	0	0	0	1	R
NMDC20553591	0	0	0	1	1	0	0	0	0	0	R
NMDC20553592	1	0	1	1	0	0	0	0	0	0	R
NMDC20555586	1	0	0	0	0	0	0	0	0	0	R
NMDC20551549	0	1	0	1	0	0	1	0	0	1	R
NMDC20585355	1	0	0	0	0	0	0	0	0	0	R
NMDC20555587	0	0	0	1	0	0	1	0	0	1	R
NMDC20553594	1	0	0	1	0	0	0	0	0	0	R
NMDC20585357	1	0	0	1	0	0	0	0	0	1	R
NMDC20557621	1	0	0	0	0	0	0	0	0	0	R
NMDC20555588	1	0	0	0	0	0	0	0	0	0	R
NMDC20585359	1	0	0	1	0	0	0	0	0	0	R
NMDC20553596	1	0	0	1	0	0	0	0	0	0	R
NMDC20585362	1	0	0	0	0	0	0	0	0	0	R
NMDC20553598	1	0	0	0	0	0	0	0	0	0	R
NMDC20585363	1	0	0	0	0	0	0	0	0	0	R
NMDC20585364	1	0	0	1	0	0	0	0	0	0	R
NMDC20585365	0	0	0	0	0	0	1	0	0	1	R
NMDC20585366	1	0	0	1	0	0	0	0	0	0	R
NMDC20555591	1	0	0	0	0	0	0	0	0	0	R
NMDC20585368	1	0	0	0	0	0	0	0	0	0	R
NMDC20555592	1	0	0	0	0	0	0	0	0	0	R
NMDC20553599	1	0	0	1	0	0	0	0	0	0	R
NMDC20553600	0	1	0	1	1	0	0	0	0	0	R
NMDC20555594	0	0	0	0	0	0	1	0	0	1	R
NMDC20551553	1	0	0	1	0	0	0	0	0	0	R
NMDC20551554	1	0	0	0	0	0	0	0	0	0	R
NMDC20585370	0	0	0	0	0	0	0	0	0	0	R
NMDC20585371	1	0	0	1	0	0	0	0	0	0	R
NMDC20585372	1	0	0	0	0	0	0	0	0	0	R
NMDC20585373	0	0	0	0	0	0	0	0	0	0	R
NMDC20555596	1	0	0	0	0	0	0	0	0	0	R
NMDC20585376	1	0	0	0	0	0	0	0	0	0	R
NMDC20557627	0	0	0	1	1	1	0	0	0	1	R
NMDC20585377	1	0	0	1	0	0	0	0	0	1	R
NMDC20557628	1	0	0	0	0	0	0	0	0	1	R
NMDC20555597	1	0	0	0	0	0	0	0	0	0	R
NMDC20585378	1	0	0	0	0	0	0	0	0	0	R
NMDC20585379	1	0	0	1	0	0	0	0	0	1	R
NMDC20555599	0	0	0	1	0	0	1	0	0	1	R
NMDC20585381	0	0	0	0	1	0	0	0	0	0	R
NMDC20555600	1	0	0	0	0	0	0	0	0	0	R
NMDC20557629	1	0	0	1	0	0	0	0	0	0	R
NMDC20585383	0	0	0	1	1	0	0	0	0	0	R
NMDC20585385	1	1	0	1	0	0	0	0	0	0	R
NMDC20585386	1	0	0	0	0	0	0	0	0	0	R
NMDC20555601	1	0	0	1	0	0	0	0	0	0	R
NMDC20553601	1	0	0	1	1	1	0	0	0	0	R
NMDC20555602	1	0	0	1	0	0	0	0	0	1	R
NMDC20557631	1	0	0	0	0	1	0	0	0	0	R
NMDC20557632	0	0	0	0	0	1	0	0	0	0	R
NMDC20585389	1	0	0	1	0	0	0	0	0	1	R
NMDC20553602	1	0	0	1	0	0	0	0	0	0	R
NMDC20555603	0	1	0	1	1	0	0	0	0	0	R
NMDC20585391	1	0	0	0	0	0	0	0	0	0	R
NMDC20585392	1	0	0	0	0	0	0	0	0	0	R
NMDC20585393	1	0	0	0	0	0	0	0	0	0	R
NMDC20585395	1	0	0	0	0	0	0	0	0	0	R
NMDC20555604	1	0	0	1	0	0	0	0	0	0	R
NMDC20553603	1	0	0	0	0	0	0	0	0	0	R
NMDC20557634	1	0	0	1	0	0	0	0	0	0	R
NMDC20585397	1	0	0	0	0	0	0	0	0	0	R
NMDC20585398	1	0	0	0	0	0	0	0	0	0	R
NMDC20585399	1	0	0	1	0	0	0	0	0	0	R
NMDC20553605	0	1	0	1	0	0	1	0	0	0	R
NMDC20553606	0	0	0	0	0	1	1	0	0	1	R
NMDC20553607	1	0	0	1	0	1	0	0	0	0	R
NMDC20551556	1	0	0	0	0	0	0	0	0	0	R
NMDC20557636	1	0	0	1	0	0	0	0	0	0	R
NMDC20553608	1	0	0	0	0	0	0	0	0	0	R
NMDC20557637	1	0	0	1	1	0	1	0	0	1	R
NMDC20551557	1	0	0	1	0	0	0	0	0	0	R
NMDC20585400	1	0	0	1	0	0	0	0	0	0	R
NMDC20551558	1	0	0	0	0	0	0	0	0	0	R
NMDC20585402	1	0	0	0	0	0	0	0	0	0	R
NMDC20555606	1	0	0	1	0	0	0	0	0	1	R
NMDC20553609	0	0	0	1	0	0	0	0	0	0	R
NMDC20585403	1	0	0	1	1	1	0	0	0	0	R
NMDC20551560	1	0	0	1	0	0	0	0	0	0	R
NMDC20585407	0	1	0	1	1	0	0	0	0	0	R
NMDC20553610	1	0	0	1	0	0	0	0	0	1	R
NMDC20551562	0	0	0	1	1	0	0	0	0	0	R
NMDC20585409	0	0	0	1	1	1	0	0	0	0	R
NMDC20551563	0	0	0	1	0	0	0	0	0	0	R
NMDC20585410	1	0	0	1	1	0	0	0	0	1	R
NMDC20585411	0	0	0	1	0	0	0	0	0	0	R
NMDC20557638	1	0	0	0	0	0	0	0	0	0	R
NMDC20585412	0	1	0	1	1	0	0	0	0	0	R
NMDC20585414	1	0	0	0	0	0	0	0	0	0	R
NMDC20553612	1	0	0	0	0	0	0	0	0	0	R
NMDC20557639	1	0	0	0	0	0	0	0	0	0	R
NMDC20585415	1	0	0	1	0	0	0	0	0	1	R
NMDC20585416	1	0	0	0	0	0	0	0	0	0	R
NMDC20553613	1	0	0	0	0	0	0	0	0	0	R
NMDC20555609	1	0	0	1	0	0	0	0	0	1	R
NMDC20585418	1	0	0	1	0	0	0	0	0	1	R
NMDC20585419	1	0	0	1	0	0	0	0	0	0	R
NMDC20585420	1	0	0	1	0	0	0	0	0	1	R
NMDC20553614	1	0	0	0	0	0	0	0	0	0	R
NMDC20557640	1	0	0	0	0	0	0	0	0	0	R
NMDC20585421	1	0	0	0	0	0	0	0	0	0	R
NMDC20585422	1	0	0	0	0	0	0	0	0	0	R
NMDC20553616	0	0	0	0	0	0	0	0	0	1	R
NMDC20557643	1	0	1	1	0	0	0	0	0	0	R
NMDC20557644	1	0	0	1	0	0	0	0	0	1	R
NMDC20557645	1	0	0	0	0	0	0	0	0	0	R
NMDC20585428	1	0	0	1	1	0	0	0	0	0	R
NMDC20555612	1	0	0	1	0	0	0	0	0	1	R
NMDC20585429	1	0	0	0	0	0	0	0	0	0	R
NMDC20551566	1	1	0	1	1	0	0	0	0	0	R
NMDC20585431	1	0	0	0	0	0	0	0	0	0	R
NMDC20585433	1	0	0	1	0	0	0	0	0	1	R
NMDC20553619	1	0	0	0	0	0	0	0	0	0	R
NMDC20585434	1	0	0	1	0	0	0	0	0	0	R
NMDC20553620	1	0	0	0	0	0	0	0	0	0	R
NMDC20557646	1	0	0	0	0	0	0	0	0	0	R
NMDC20557647	1	0	1	0	0	1	0	0	0	1	R
NMDC20553621	1	0	0	1	0	0	0	0	0	1	R
NMDC20557648	1	0	0	0	0	0	0	0	0	0	R
NMDC20551569	1	0	0	0	0	1	0	0	0	0	R
NMDC20585436	1	0	0	1	0	0	0	0	0	0	R
NMDC20557649	1	0	0	1	0	0	0	0	0	1	R
NMDC20585439	1	0	0	0	0	0	0	0	0	0	R
NMDC20585440	1	0	0	1	0	0	0	0	0	0	R
NMDC20551570	1	0	0	0	0	0	0	0	0	0	R
NMDC20585441	1	0	0	1	0	0	0	0	0	1	R
NMDC20551571	1	0	0	1	0	0	0	0	0	1	R
NMDC20585442	1	0	0	1	0	0	0	0	0	0	R
NMDC20585443	1	0	0	1	0	0	0	0	0	0	R
NMDC20555613	0	0	0	1	0	0	0	0	0	0	R
NMDC20557650	1	0	0	1	0	0	0	0	0	1	R
NMDC20557651	0	0	0	0	0	0	0	0	0	0	R
NMDC20585444	1	0	0	1	0	0	0	0	0	0	R
NMDC20557652	1	0	0	1	0	1	0	0	0	0	R
NMDC20551573	0	0	0	0	0	0	0	0	0	0	R
NMDC20585445	0	0	0	1	1	0	0	0	0	0	R
NMDC20585446	1	0	0	0	0	0	0	0	0	0	R
NMDC20585447	1	0	0	0	0	0	0	0	0	0	R
NMDC20551574	1	0	1	0	0	0	0	0	0	1	R
NMDC20557653	1	0	0	0	0	0	0	0	0	0	R
NMDC20551575	0	1	0	1	0	0	0	0	0	0	R
NMDC20585450	1	0	0	1	0	0	0	0	0	0	R
NMDC20551576	1	0	0	0	0	0	0	0	0	0	R
NMDC20553626	1	0	0	0	0	0	0	0	0	0	R
NMDC20555617	0	1	0	1	1	0	0	0	0	0	R
NMDC20557654	1	0	0	1	0	0	0	0	0	0	R
NMDC20585451	0	1	0	1	0	0	1	0	0	1	R
NMDC20555618	1	0	0	0	0	0	0	0	0	0	R
NMDC20555620	1	0	0	0	0	0	0	0	0	0	R
NMDC20553627	1	0	0	1	0	0	0	0	0	0	R
NMDC20555621	1	0	0	1	0	0	0	0	0	0	R
NMDC20551578	0	0	0	0	0	0	0	0	0	0	R
NMDC20555622	1	0	0	0	0	0	0	0	0	0	R
NMDC20585454	1	0	0	0	0	0	0	0	0	0	R
NMDC20553628	1	0	0	1	0	0	0	0	0	1	R
NMDC20585455	1	0	0	1	0	0	0	0	0	0	R
NMDC20551580	1	0	0	1	1	1	0	0	0	0	R
NMDC20553629	1	0	0	1	0	0	0	0	0	0	R
NMDC20585456	1	0	0	0	0	0	0	0	0	0	R
NMDC20553630	0	0	0	1	0	0	0	0	0	0	R
NMDC20553633	0	0	1	0	0	0	0	0	0	0	R
NMDC20551581	1	0	0	1	0	0	0	0	0	1	R
NMDC20585457	1	0	0	1	0	0	0	0	0	1	R
NMDC20555623	1	0	0	0	0	0	0	0	0	0	R
NMDC20553634	1	0	0	1	0	0	0	0	0	0	R
NMDC20585459	0	0	0	1	1	0	1	0	0	1	R
NMDC20555625	1	0	0	0	0	0	0	0	0	0	R
NMDC20585460	1	0	0	1	1	1	0	0	0	0	R
NMDC20585461	1	0	0	1	1	1	0	0	0	0	R
NMDC20551582	1	0	0	1	0	0	0	0	0	1	R
NMDC20551583	1	0	0	1	0	0	0	0	1	0	R
NMDC20585462	1	0	0	0	0	0	0	0	0	0	R
NMDC20557657	1	0	0	1	0	0	0	0	0	0	R
NMDC20553635	1	0	0	1	0	0	0	0	0	1	R
NMDC20585463	1	0	0	1	1	0	1	0	0	1	R
NMDC20553637	1	0	0	0	0	0	0	0	0	0	R
NMDC20585464	1	0	0	1	0	0	0	0	0	1	R
NMDC20551586	0	0	0	1	0	0	0	0	0	0	R
NMDC20551587	1	0	0	1	0	0	0	0	0	0	R
NMDC20585466	1	0	0	0	0	0	0	0	0	0	R
NMDC20585467	1	0	1	1	1	1	0	0	0	0	R
NMDC20585468	1	0	0	1	0	0	0	0	0	1	R
NMDC20551589	1	0	0	0	0	0	0	0	0	0	R
NMDC20551590	1	0	0	1	0	0	0	0	0	1	R
NMDC20585469	1	0	0	0	0	0	0	0	0	0	R
NMDC20585470	1	0	0	1	0	0	0	0	0	0	R
NMDC20585471	1	0	0	1	1	0	0	0	0	1	R
NMDC20555627	1	0	0	0	0	0	0	0	0	0	R
NMDC20555628	1	0	0	1	1	0	0	0	0	1	R
NMDC20553640	1	0	0	0	0	0	0	0	0	0	R
NMDC20585473	1	0	1	1	0	0	0	0	0	0	R
NMDC20585474	1	0	0	0	0	0	0	0	0	0	R
NMDC20585475	1	0	0	0	0	0	0	0	0	0	R
NMDC20551592	1	0	0	1	0	0	0	0	0	0	R
NMDC20553642	0	0	0	1	1	0	0	0	0	0	R
NMDC20585477	1	0	0	0	0	0	0	0	0	0	R
NMDC20551593	1	0	0	1	0	0	0	0	0	0	R
NMDC20585478	1	1	0	1	0	0	0	0	0	1	R
NMDC20553643	1	0	0	0	0	0	0	0	0	0	R
NMDC20557661	0	1	0	1	0	0	0	0	0	1	R
NMDC20555631	1	0	0	1	0	0	0	0	0	0	R
NMDC20557662	1	0	0	0	0	0	0	0	0	0	R
NMDC20555633	1	0	0	0	0	0	0	0	0	0	R
NMDC20553644	1	0	0	1	0	0	0	0	0	0	R
NMDC20551596	1	0	0	1	0	0	0	0	0	1	R
NMDC20585492	0	0	0	1	1	0	0	0	0	0	R
NMDC20585493	1	0	0	0	0	0	0	0	0	0	R
NMDC20585494	1	0	0	1	0	0	0	0	0	0	R
NMDC20585497	1	0	0	1	0	0	0	0	0	0	R
NMDC20585499	1	0	0	1	0	0	0	0	0	1	R
NMDC20585501	1	0	1	0	0	0	0	0	0	1	R
NMDC20585502	1	0	0	0	0	0	0	0	0	1	R
NMDC20585505	1	0	0	0	0	0	0	0	0	1	R
NMDC20585506	1	0	0	1	0	0	0	0	0	0	R
NMDC20585507	1	0	0	1	0	0	0	0	0	1	R
NMDC20585508	0	0	0	0	1	1	0	0	0	1	R
NMDC20585509	1	0	0	0	0	0	0	0	0	0	R
NMDC20585510	1	0	0	0	0	0	0	0	0	0	R
NMDC20585511	1	0	0	1	0	0	0	0	0	0	R
NMDC20585512	1	0	1	1	0	0	0	0	0	0	R
NMDC20585514	1	0	0	0	0	0	0	0	0	0	R
NMDC20585517	1	0	0	1	0	0	0	0	0	0	R
NMDC20585520	1	0	1	0	0	0	0	0	0	0	R
NMDC20585521	1	0	1	1	0	0	0	0	0	0	R
NMDC20585522	1	0	0	0	0	0	0	0	0	0	R
NMDC20585524	1	0	1	1	0	0	0	0	0	0	R
NMDC20585527	1	0	0	1	0	0	0	0	0	1	R
NMDC20585528	1	0	0	0	0	0	0	0	0	0	R
NMDC20585529	1	0	0	0	0	0	0	0	0	0	R
NMDC20585532	1	0	1	0	0	0	0	0	0	1	R
NMDC20585534	1	0	1	1	0	0	0	0	0	0	R
NMDC20585536	1	0	1	1	0	0	0	0	0	0	R
NMDC20585537	1	0	1	1	0	0	0	0	0	0	R
NMDC20585539	1	0	1	0	0	0	0	0	0	0	R
NMDC20585542	1	0	1	0	0	0	0	0	0	0	R
NMDC20585544	1	0	0	1	0	0	0	0	0	0	R
NMDC20585545	1	0	0	1	0	0	0	0	0	0	R
NMDC20585547	1	0	0	0	0	0	0	0	0	1	R
NMDC20585548	1	0	0	0	0	0	0	0	0	0	R
NMDC20585551	1	0	0	1	0	0	0	0	0	1	R
NMDC20585552	1	0	0	0	0	0	0	0	0	0	R
NMDC20585553	1	0	0	0	0	0	0	0	0	0	R
NMDC20585554	1	0	0	1	0	0	0	0	0	0	R
NMDC20585555	1	0	0	1	0	0	0	0	0	1	R
NMDC20585556	1	0	1	1	0	0	0	0	0	0	R
NMDC20585557	1	0	0	1	0	0	0	0	0	0	R
NMDC20585558	1	0	0	1	0	0	0	0	0	1	R
NMDC20585560	1	0	0	1	0	0	0	0	0	0	R
NMDC20585561	0	0	0	1	0	1	0	0	0	0	R
NMDC20585562	0	0	0	0	0	0	1	0	0	1	R
NMDC20585563	1	0	0	0	0	0	0	0	0	0	R
NMDC20585564	0	0	0	0	0	0	1	0	0	1	R
NMDC20585565	1	0	0	0	0	0	0	0	0	0	R
NMDC20585567	1	0	0	0	0	0	0	0	0	0	R
NMDC20553645	1	0	0	0	0	0	0	0	0	0	R
NMDC20551597	1	0	0	0	0	0	0	0	0	0	R
NMDC20555637	1	0	0	0	0	0	0	0	0	0	R
NMDC20555638	1	0	0	0	0	0	0	0	0	0	R
NMDC20557663	1	0	0	0	0	0	0	0	0	0	R
NMDC20585570	1	0	0	0	0	0	0	0	0	0	R
NMDC20585571	1	0	0	0	0	0	0	0	0	0	R
NMDC20585572	1	0	0	0	0	0	0	0	0	0	R
NMDC20585573	1	0	0	0	0	0	0	0	0	0	R
NMDC20553646	1	0	0	0	0	0	0	0	0	0	R
NMDC20585574	1	0	0	0	0	0	0	0	0	0	R
NMDC20585575	1	0	0	0	0	0	0	0	0	0	R
NMDC20557664	1	0	0	0	0	0	0	0	0	0	R
NMDC20553647	1	0	0	0	0	0	0	0	0	0	R
NMDC20557665	1	0	0	0	0	0	0	0	0	0	R
NMDC20551598	1	0	0	0	0	0	0	0	0	0	R
NMDC20585576	1	0	0	0	0	0	0	0	0	0	R
NMDC20555639	0	0	0	0	0	0	0	0	0	0	R
NMDC20585578	0	1	0	1	0	1	1	0	0	1	R
NMDC20585579	1	0	0	0	0	0	0	0	0	1	R
NMDC20585580	1	0	0	1	0	0	0	0	0	0	R
NMDC20555640	1	0	0	0	0	0	0	0	0	0	R
NMDC20551601	1	0	0	1	0	0	0	0	0	0	R
NMDC20585581	1	0	0	1	0	0	0	0	0	0	R
NMDC20555642	1	0	0	0	0	0	0	0	0	0	R
NMDC20557666	1	0	0	0	0	0	0	0	0	0	R
NMDC20585582	1	0	0	0	0	0	0	0	0	0	R
NMDC20585583	1	0	0	0	0	0	0	0	0	0	R
NMDC20585585	1	0	0	0	0	0	0	0	0	0	R
NMDC20551603	1	0	0	0	0	0	0	0	0	0	R
NMDC20557667	1	0	0	0	0	0	0	0	0	0	R
NMDC20557668	1	0	1	0	0	0	0	0	0	1	R
NMDC20555644	1	0	0	0	0	0	0	0	0	0	R
NMDC20585587	1	0	0	0	0	0	0	0	0	0	R
NMDC20585588	1	0	0	1	0	0	0	0	0	1	R
NMDC20585589	1	0	0	1	0	0	0	0	0	1	R
NMDC20555645	1	0	0	0	0	0	0	0	0	0	R
NMDC20585596	1	0	0	0	0	0	0	0	0	0	R
NMDC20585597	1	0	0	1	0	0	0	0	0	0	R
NMDC20585599	0	1	0	1	1	0	0	0	0	0	R
NMDC20585605	0	0	0	1	1	1	0	0	0	1	R
NMDC20557669	0	1	0	0	0	0	1	0	0	0	R
NMDC20553651	1	0	0	1	0	1	0	0	0	0	R
NMDC20557670	1	0	0	1	0	0	0	0	0	1	R
NMDC20557671	1	0	0	1	0	0	0	0	0	0	R
NMDC20557672	0	1	0	1	1	1	0	0	0	0	R
NMDC20585606	1	0	0	0	0	0	0	0	0	0	R
NMDC20555646	1	0	0	1	0	0	0	0	0	0	R
NMDC20557673	1	0	0	1	0	0	0	0	0	0	R
NMDC20551606	1	0	0	1	0	0	0	0	0	0	R
NMDC20557674	1	0	0	0	0	0	0	0	0	0	R
NMDC20585608	1	0	0	1	0	0	0	0	0	1	R
NMDC20585609	1	0	0	1	0	0	0	0	0	0	R
NMDC20551607	1	0	0	1	0	0	0	0	0	1	R
NMDC20557675	1	0	0	0	0	0	0	0	0	0	R
NMDC20585613	1	0	0	1	0	0	0	0	0	0	R
NMDC20551608	0	0	0	1	1	1	0	0	0	0	R
NMDC20557676	0	0	0	1	1	1	0	0	0	0	R
NMDC20551610	0	0	0	1	1	1	0	0	0	0	R
NMDC20551611	1	0	0	1	0	0	0	0	0	1	R
NMDC20585614	1	0	0	0	0	0	0	0	0	0	R
NMDC20551612	1	0	0	1	0	0	0	0	0	0	R
NMDC20553654	0	0	0	0	0	0	0	0	0	0	R
NMDC20553655	0	0	0	1	1	1	0	0	0	0	R
NMDC20557677	1	0	0	0	0	0	0	0	0	0	R
NMDC20585615	0	1	0	1	0	0	1	0	0	1	R
NMDC20551613	1	0	0	1	0	0	0	0	0	0	R
NMDC20555649	1	0	0	1	0	0	0	0	0	0	R
NMDC20557678	1	0	0	1	0	0	0	0	0	0	R
NMDC20585616	1	0	0	1	0	0	0	0	0	1	R
NMDC20553656	1	0	1	1	0	0	0	0	0	0	R
NMDC20551614	1	0	0	0	0	0	0	0	0	0	R
NMDC20585617	1	0	0	0	0	0	0	0	0	0	R
NMDC20585618	1	0	0	0	0	0	0	0	0	0	R
NMDC20585621	1	0	0	1	0	0	0	0	0	0	R
NMDC20553657	0	1	0	1	0	0	1	0	0	1	R
NMDC20557679	1	0	0	0	0	0	0	0	0	0	R
NMDC20555650	1	0	0	0	0	0	0	0	0	0	R
NMDC20585623	1	0	0	0	0	0	0	0	0	0	R
NMDC20555651	1	0	0	1	0	0	0	0	0	0	R
NMDC20585625	1	0	0	1	0	0	0	0	0	0	R
NMDC20585626	1	0	0	0	0	0	0	0	0	0	R
NMDC20555652	0	0	0	1	1	0	0	0	0	0	R
NMDC20585627	1	0	0	0	0	0	0	0	0	0	R
NMDC20585629	0	0	0	0	0	0	0	0	0	0	R
NMDC20585630	0	1	0	1	1	0	0	0	0	0	R
NMDC20585631	0	1	0	1	0	0	1	0	0	0	R
NMDC20585632	1	0	0	1	0	0	0	0	0	1	R
NMDC20557680	1	1	0	1	0	0	0	0	0	1	R
NMDC20557683	1	0	0	0	0	0	0	0	0	0	R
NMDC20555653	1	0	0	1	0	0	0	0	0	0	R
NMDC20585636	1	0	0	0	0	0	0	0	0	0	R
NMDC20585637	1	0	0	1	0	0	0	0	0	0	R
NMDC20585638	1	0	0	0	0	0	0	0	0	0	R
NMDC20555654	1	0	0	0	0	0	0	0	0	0	R
NMDC20585639	1	0	0	0	0	0	0	0	0	0	R
NMDC20585640	1	0	0	0	0	0	0	0	0	0	R
NMDC20585641	1	0	0	0	0	0	0	0	0	0	R
NMDC20585644	1	0	0	1	0	0	0	0	0	0	R
NMDC20585645	1	0	0	1	0	0	0	0	0	0	R
NMDC20557685	1	0	0	1	0	0	0	0	0	0	R
NMDC20553661	1	0	0	1	0	0	0	0	0	0	R
NMDC20551618	1	0	0	1	0	0	0	0	0	1	R
NMDC20551619	0	0	0	1	0	0	0	0	0	1	R
NMDC20585648	1	0	0	1	0	0	0	0	0	0	R
NMDC20585649	0	0	1	1	0	0	0	0	0	0	R
NMDC20585650	1	0	0	1	0	0	0	0	0	0	R
NMDC20585651	1	0	0	0	0	0	0	0	0	0	R
NMDC20557686	1	0	0	0	0	0	0	0	0	0	R
NMDC20555657	1	0	0	0	0	0	0	0	0	0	R
NMDC20557688	1	0	0	1	0	0	0	0	0	0	R
NMDC20585652	1	0	0	1	0	0	0	0	0	0	R
NMDC20555658	1	0	0	1	0	1	0	0	0	0	R
NMDC20551622	0	0	1	0	0	0	0	0	0	0	R
NMDC20557689	1	0	0	1	0	0	0	0	0	0	R
NMDC20555659	0	0	0	0	0	1	0	0	0	0	R
NMDC20585653	1	0	0	0	0	0	0	0	0	0	R
NMDC20557690	1	0	0	1	0	0	0	0	0	1	R
NMDC20585655	1	0	0	1	0	0	0	0	0	1	R
NMDC20551624	0	1	0	1	1	0	0	0	0	0	R
NMDC20553663	1	0	0	1	0	0	0	0	0	0	R
NMDC20585657	1	0	0	0	0	0	0	0	0	0	R
NMDC20585658	0	0	0	1	1	0	0	0	0	0	R
NMDC20585659	1	0	0	0	0	0	0	0	0	0	R
NMDC20585660	1	0	0	0	0	0	0	0	0	0	R
NMDC20553664	1	0	1	0	0	0	0	0	0	0	R
NMDC20555662	1	0	0	1	0	0	0	0	0	1	R
NMDC20585663	1	0	0	1	0	0	0	0	0	1	R
NMDC20585667	1	0	0	1	1	0	0	0	0	1	R
NMDC20585670	1	0	0	1	1	0	0	0	0	1	R
NMDC20585672	0	0	0	1	1	0	0	0	0	0	R
NMDC20585673	1	0	0	1	0	0	0	0	0	0	R
NMDC20585676	1	0	0	0	0	0	0	0	0	0	R
NMDC20585678	1	0	0	1	1	1	0	0	0	0	R
NMDC20585679	0	0	0	1	1	1	0	0	0	1	R
NMDC20553666	1	0	0	0	0	0	0	0	0	0	R
NMDC20555664	1	0	0	0	0	0	0	0	0	0	R
NMDC20585686	0	1	0	1	0	0	1	0	0	1	R
NMDC20585687	1	0	0	1	0	0	0	0	0	0	R
NMDC20551628	1	0	0	1	0	0	0	0	0	1	R
NMDC20585688	1	0	0	0	0	0	0	0	0	0	R
NMDC20585689	1	0	0	0	0	0	0	0	0	0	R
NMDC20557692	1	0	0	0	0	0	0	0	0	0	R
NMDC20585690	0	0	0	0	0	0	0	0	0	0	R
NMDC20551629	1	0	0	0	0	0	0	0	0	0	R
NMDC20585693	1	0	0	1	0	0	0	0	0	1	R
NMDC20553667	1	0	0	1	0	0	0	0	0	0	R
NMDC20585695	1	0	0	0	0	0	0	0	0	0	R
NMDC20557694	0	1	0	1	0	0	1	0	0	0	R
NMDC20553668	1	0	0	0	0	0	0	0	0	0	R
NMDC20585696	1	0	0	0	0	0	0	0	0	0	R
NMDC20585698	0	0	0	1	0	0	0	0	1	0	R
NMDC20551630	1	0	0	0	0	0	0	0	0	0	R
NMDC20555668	0	0	0	1	0	0	1	0	0	1	R
NMDC20551631	1	0	0	1	0	0	0	0	0	1	R
NMDC20555670	1	0	0	0	0	0	0	0	0	0	R
NMDC20557696	1	0	0	0	0	0	0	0	0	0	R
NMDC20551632	1	0	0	0	0	0	0	0	0	0	R
NMDC20585701	1	0	0	0	0	0	0	0	0	0	R
NMDC20553670	1	0	0	0	0	0	0	0	0	0	R
NMDC20555671	1	0	0	0	0	0	0	0	0	0	R
NMDC20551633	1	0	0	0	0	0	0	0	0	0	R
NMDC20557697	1	0	0	0	0	0	0	0	0	0	R
NMDC20551634	1	0	0	0	0	0	0	0	0	0	R
NMDC20585703	1	0	1	0	0	0	0	0	0	1	R
NMDC20585704	1	0	0	1	0	0	0	0	0	0	R
NMDC20585705	1	0	0	1	0	0	0	0	0	0	R
NMDC20555672	1	0	0	0	0	0	0	0	0	0	R
NMDC20585706	1	0	0	1	0	0	0	0	0	1	R
NMDC20585708	1	0	1	1	0	0	0	0	0	0	R
NMDC20585709	1	0	0	0	0	0	0	0	0	0	R
NMDC20585710	1	0	1	0	0	0	0	0	0	1	R
NMDC20585712	1	0	0	1	0	0	0	0	0	1	R
NMDC20585713	1	0	0	1	0	0	0	0	0	0	R
NMDC20585714	1	0	0	1	0	0	0	0	0	0	R
NMDC20585715	1	0	1	1	0	0	0	0	0	0	R
NMDC20557699	1	0	0	1	0	0	0	0	0	0	R
NMDC20555673	1	0	0	0	0	0	0	0	0	0	R
NMDC20553671	0	0	0	1	0	0	1	0	0	1	R
NMDC20557873	1	0	0	0	0	0	0	0	0	0	R
NMDC20586307	1	0	0	0	0	0	0	0	1	0	R
NMDC20586309	1	0	0	0	0	0	0	0	0	0	R
NMDC20551845	1	0	0	0	0	0	0	0	0	0	R
NMDC20586312	1	0	0	0	0	0	0	0	0	0	R
NMDC20553857	1	0	0	0	0	0	0	0	0	0	R
NMDC20586313	1	0	0	0	0	0	0	0	0	0	R
NMDC20551846	1	0	0	0	0	0	0	0	0	1	R
NMDC20586315	1	0	0	1	1	1	0	0	0	1	R
NMDC20586316	1	0	0	0	0	0	0	0	0	0	R
NMDC20586318	1	0	0	0	0	0	0	0	0	0	R
NMDC20555872	1	0	0	0	0	0	0	0	0	1	R
NMDC20586320	1	0	0	0	0	0	0	0	0	0	R
NMDC20551847	1	0	0	0	0	0	0	0	0	0	R
NMDC20555873	1	0	0	0	0	0	0	0	0	0	R
NMDC20553859	1	0	0	0	0	0	0	0	0	0	R
NMDC20551848	0	0	0	0	0	1	0	0	1	0	R
NMDC20586321	0	1	0	1	1	0	0	0	0	0	R
NMDC20586322	1	0	0	0	0	0	0	0	0	0	R
NMDC20553861	0	0	0	1	1	0	0	0	0	0	R
NMDC20557874	1	0	0	0	0	0	0	0	0	0	R
NMDC20551849	1	0	0	1	0	0	0	0	1	1	R
NMDC20586327	1	0	0	0	0	0	0	0	0	0	R
NMDC20586328	1	0	0	0	0	0	0	0	0	0	R
NMDC20586329	1	0	0	0	0	0	0	0	0	0	R
NMDC20557875	1	0	0	0	0	0	0	0	0	0	R
NMDC20553863	1	0	0	0	0	0	0	0	0	0	R
NMDC20551850	1	0	0	1	0	0	0	0	0	1	R
NMDC20586332	0	0	0	1	1	1	0	0	0	1	R
NMDC20586333	0	0	0	1	1	1	0	0	0	1	R
NMDC20586335	1	0	0	0	0	0	0	0	0	0	R
NMDC20586337	0	0	0	0	0	0	0	0	1	0	R
NMDC20586338	1	0	0	0	0	0	0	0	0	0	R
NMDC20586339	0	0	0	1	1	1	0	0	0	1	R
NMDC20586340	1	0	0	0	0	0	0	0	0	0	R
NMDC20586342	1	0	0	0	0	0	0	0	0	0	R
NMDC20586343	1	0	0	0	0	0	0	0	0	0	R
NMDC20586344	1	0	0	0	0	0	0	0	0	0	R
NMDC20586345	0	0	0	1	1	1	0	1	0	0	R
NMDC20586346	1	0	0	0	0	0	0	0	0	0	R
NMDC20586352	1	0	0	0	0	0	0	0	0	0	R
NMDC20586353	1	0	0	0	0	0	0	0	0	0	R
NMDC20586354	0	0	0	0	0	0	0	1	0	0	R
NMDC20586355	0	0	0	0	0	0	0	0	1	1	R
NMDC20586356	1	0	0	0	0	0	0	0	0	0	R
NMDC20586358	1	0	0	0	0	0	0	0	0	0	R
NMDC20586359	0	0	0	0	0	0	0	0	0	0	R
NMDC20586361	1	0	0	0	0	0	0	0	0	0	R
NMDC20586362	0	0	0	1	1	1	0	0	0	1	R
NMDC20586364	0	1	0	1	0	0	1	0	0	1	R
NMDC20586366	1	1	0	1	0	0	1	0	0	1	R
NMDC20586368	0	1	0	1	0	0	0	0	0	1	R
NMDC20586369	1	1	0	1	0	1	1	0	0	1	R
NMDC20586371	0	0	0	1	0	1	0	0	0	1	R
NMDC20586373	1	0	0	0	0	0	0	0	0	0	R
NMDC20586376	0	0	0	0	0	0	0	0	0	0	R
NMDC20586377	1	0	0	0	0	0	0	0	0	0	R
NMDC20586382	1	0	0	0	0	0	0	0	0	0	R
NMDC20589010	1	0	0	1	0	1	0	0	0	0	R
NMDC20589013	0	1	0	1	1	0	0	0	0	0	R
NMDC20589017	0	0	0	1	1	0	0	0	0	0	R
NMDC20589018	1	0	0	1	1	0	0	0	0	0	R
NMDC20589020	1	0	0	1	0	1	0	0	0	0	R
NMDC20589021	1	0	0	0	0	0	0	0	0	0	R
NMDC20589022	1	0	0	1	0	1	0	0	0	0	R
NMDC20589023	0	0	0	1	1	0	0	0	0	0	R
NMDC20589034	1	0	0	0	0	0	0	0	0	0	R
NMDC20589035	0	0	0	0	0	0	0	0	0	0	R
NMDC20589039	1	0	0	0	0	0	0	0	0	0	R
NMDC20589040	1	0	0	1	0	1	0	0	0	0	R
NMDC20589041	1	0	0	0	0	0	0	0	0	0	R
NMDC20589042	1	0	0	1	0	0	0	0	0	0	R
NMDC20555932	0	1	0	1	1	0	0	0	0	0	R
NMDC20586536	1	0	0	0	0	0	0	0	0	0	R
NMDC20586538	1	0	0	1	0	0	0	0	0	1	R
NMDC20586539	0	0	0	0	0	1	0	0	0	0	R
NMDC20551905	1	0	0	0	0	1	0	0	0	0	R
NMDC20557921	1	0	0	0	0	0	0	0	0	0	R
NMDC20586573	0	1	0	1	1	0	0	0	0	0	R
NMDC20551912	0	0	1	0	0	0	0	0	0	0	R
NMDC20553921	1	0	0	1	0	0	0	0	0	0	R
NMDC20557928	0	1	0	1	0	0	0	0	0	1	R
NMDC20555960	1	0	0	0	0	1	0	0	0	0	R
NMDC20551926	0	1	0	1	0	0	1	0	0	0	R
NMDC20586615	1	0	0	1	0	0	0	0	0	0	R
NMDC20555968	1	0	0	0	0	0	0	0	0	0	R
NMDC20553948	1	0	0	1	0	0	0	0	0	0	R
NMDC20586625	1	0	0	0	0	0	0	0	0	0	R
NMDC20551939	1	0	0	0	0	0	0	0	0	0	R
NMDC20557958	1	0	0	0	0	0	0	0	0	0	R
NMDC20557959	1	0	0	0	0	0	0	0	0	0	R
NMDC20555970	1	0	0	0	0	0	0	0	0	0	R
NMDC20551941	1	0	0	0	0	0	0	0	0	0	R
NMDC20557960	1	0	0	0	0	0	0	0	0	0	R
NMDC20557961	1	0	0	0	0	0	0	0	0	0	R
NMDC20553951	1	0	0	0	0	0	0	0	0	0	R
NMDC20586632	1	0	0	0	0	0	0	0	0	0	R
NMDC20557963	1	0	0	0	0	0	0	0	0	0	R
NMDC20553952	1	0	0	0	0	0	0	0	0	0	R
NMDC20553953	0	1	0	1	1	0	0	0	0	0	R
NMDC20557965	1	0	0	1	0	0	0	0	0	1	R
NMDC20553955	1	0	0	0	0	0	0	0	0	0	R
NMDC20555974	1	0	0	0	0	0	0	0	0	0	R
NMDC20586636	1	0	0	0	0	0	0	0	0	0	R
NMDC20557966	1	0	1	1	0	0	0	0	0	1	R
NMDC20586637	1	0	0	0	0	0	0	0	0	0	R
NMDC20551945	1	0	0	0	0	0	0	0	0	0	R
NMDC20553956	1	0	0	0	0	0	0	0	0	0	R
NMDC20551949	1	0	0	1	0	0	0	0	0	0	R
NMDC20557968	0	1	0	1	0	0	0	0	0	0	R
NMDC20551950	1	0	0	0	0	0	0	0	0	0	R
NMDC20553959	1	0	1	1	1	0	0	0	0	1	R
NMDC20586642	0	0	0	0	0	1	0	0	0	0	R
NMDC20586643	1	0	0	1	0	0	0	0	0	0	R
NMDC20551951	0	1	0	1	1	0	0	0	0	0	R
NMDC20586644	0	1	0	1	1	0	0	0	0	0	R
NMDC20553961	0	0	0	0	0	0	0	0	0	0	R
NMDC20555975	0	0	0	0	0	0	0	0	0	0	R
NMDC20553962	1	0	0	0	0	0	0	0	0	0	R
NMDC20557970	1	0	0	1	0	0	0	0	0	0	R
NMDC20586645	0	1	0	1	0	0	1	0	0	1	R
NMDC20553963	1	0	0	0	0	0	0	0	0	0	R
NMDC20586646	0	0	0	1	0	0	0	0	0	1	R
NMDC20555976	1	0	0	0	0	0	0	0	0	0	R
NMDC20586649	1	0	0	0	0	0	0	0	0	0	R
NMDC20557972	1	0	0	1	0	0	0	0	0	0	R
NMDC20551952	1	0	0	0	0	0	0	0	0	0	R
NMDC20551953	1	0	0	1	0	0	0	0	0	0	R
NMDC20551954	1	0	0	0	0	0	0	0	0	0	R
NMDC20553966	1	0	0	1	0	0	0	0	0	1	R
NMDC20551955	1	0	0	0	0	0	0	0	0	0	R
NMDC20586653	1	0	0	0	0	0	0	0	0	0	R
NMDC20586654	1	0	0	0	0	0	0	0	0	0	R
NMDC20586655	1	0	0	0	0	0	0	0	0	0	R
NMDC20551956	1	0	0	1	0	0	0	0	0	0	R
NMDC20588176	1	0	0	1	1	1	0	0	0	0	R
NMDC20554394	1	0	0	0	0	0	0	0	0	1	R
NMDC20588184	1	0	0	1	1	1	0	0	0	0	R
NMDC20588186	1	0	0	1	1	1	0	0	0	0	R
NMDC20588187	1	0	0	1	1	1	0	0	0	0	R
NMDC20558407	1	0	0	1	1	1	0	0	0	0	R
NMDC20554079	1	0	0	0	0	0	0	0	0	0	R
NMDC20554080	1	0	0	0	0	0	0	0	0	0	R
NMDC20556082	1	0	0	1	0	0	0	0	0	0	R
NMDC20558085	1	0	0	0	0	0	0	0	0	0	R
NMDC20558086	1	0	0	1	0	0	0	0	0	0	R
NMDC20552046	1	0	0	1	0	0	0	0	0	1	R
NMDC20586926	1	0	0	0	0	0	0	0	0	0	R
NMDC20558087	1	0	0	1	0	0	0	0	0	1	R
NMDC20558088	1	0	0	1	0	0	0	0	0	1	R
NMDC20586927	0	1	0	1	0	0	0	0	1	1	R
NMDC20558089	1	0	0	0	0	0	0	0	0	0	R
NMDC20554082	1	0	0	0	0	0	0	0	0	0	R
NMDC20586928	0	1	0	1	1	0	0	0	0	0	R
NMDC20586929	0	0	0	0	0	0	0	0	0	0	R
NMDC20554084	1	0	0	1	0	1	0	0	0	0	R
NMDC20558090	0	0	1	0	0	0	0	0	0	0	R
NMDC20556087	1	0	0	0	0	0	0	0	0	0	R
NMDC20558091	1	0	0	0	0	0	0	0	0	0	R
NMDC20586931	0	0	0	0	0	0	0	0	0	0	R
NMDC20556088	1	0	0	0	0	0	0	0	0	1	R
NMDC20586932	0	1	0	1	1	0	0	0	0	0	R
NMDC20552049	1	0	0	1	0	0	0	0	0	0	R
NMDC20586934	1	0	0	1	0	0	0	0	0	1	R
NMDC20556089	1	0	0	0	0	0	0	0	0	0	R
NMDC20586935	1	0	0	1	0	0	0	0	0	0	R
NMDC20586936	0	1	0	1	0	0	1	0	0	1	R
NMDC20554086	0	0	0	1	1	1	0	0	0	1	R
NMDC20586937	1	0	0	1	0	0	0	0	0	0	R
NMDC20556090	1	0	0	0	0	0	0	0	0	1	R
NMDC20552050	0	1	0	0	0	0	0	0	1	0	R
NMDC20586938	1	0	0	0	0	0	0	0	0	0	R
NMDC20554087	1	0	0	0	0	0	0	0	0	0	R
NMDC20556091	1	0	0	0	0	0	0	0	0	0	R
NMDC20586940	1	0	0	1	0	0	0	0	0	1	R
NMDC20556092	1	0	0	1	0	0	0	0	0	0	R
NMDC20552052	0	0	0	0	0	0	0	0	0	0	R
NMDC20586941	1	0	0	0	0	0	0	0	0	0	R
NMDC20586942	0	0	0	0	0	0	0	0	0	0	R
NMDC20586944	0	0	1	0	0	0	0	0	0	0	R
NMDC20556093	1	0	0	0	0	0	0	0	0	0	R
NMDC20552053	0	0	0	0	0	1	0	1	0	0	R
NMDC20554088	1	0	0	0	0	0	0	0	0	0	R
NMDC20554089	1	0	0	0	0	0	0	0	0	0	R
NMDC20554090	1	0	1	1	0	0	0	0	0	0	R
NMDC20586946	0	0	0	1	1	1	0	0	0	1	R
NMDC20586947	1	0	0	1	0	0	0	0	0	1	R
NMDC20554091	1	0	0	0	0	0	0	0	0	0	R
NMDC20558092	1	0	0	0	0	1	0	0	0	0	R
NMDC20556095	1	0	0	0	0	0	0	0	0	0	R
NMDC20586948	1	0	0	0	0	0	0	0	0	0	R
NMDC20554092	0	0	0	0	0	0	0	1	0	0	R
NMDC20558094	0	0	0	0	0	0	0	0	0	0	R
NMDC20556096	1	0	0	1	0	0	0	0	0	1	R
NMDC20586949	0	0	0	0	0	0	0	0	0	0	R
NMDC20554094	1	0	0	0	0	0	0	0	0	0	R
NMDC20554095	1	0	0	1	0	0	0	0	0	0	R
NMDC20586952	1	0	0	0	0	0	0	0	0	0	R
NMDC20586953	1	0	0	0	0	0	0	0	0	0	R
NMDC20554096	1	0	0	0	0	0	0	0	0	0	R
NMDC20586954	0	0	0	0	0	0	0	0	0	0	R
NMDC20558095	1	0	0	0	0	0	0	0	0	0	R
NMDC20554097	1	0	0	0	0	0	0	0	0	0	R
NMDC20554098	1	0	0	0	0	0	0	0	0	0	R
NMDC20586956	1	0	0	1	1	0	1	0	0	1	R
NMDC20586957	1	0	0	1	0	0	0	0	0	1	R
NMDC20586958	1	0	0	0	0	0	0	0	0	0	R
NMDC20554100	1	0	0	0	0	0	0	0	0	0	R
NMDC20552058	0	0	0	0	0	0	0	0	1	0	R
NMDC20558097	1	0	0	0	0	0	0	0	0	0	R
NMDC20586961	1	0	0	0	0	0	0	0	0	0	R
NMDC20554101	1	0	0	0	0	0	0	0	0	0	R
NMDC20558098	1	0	0	0	0	0	0	0	0	0	R
NMDC20552059	1	0	0	1	0	0	0	0	0	0	R
NMDC20586962	1	0	0	1	0	0	0	0	0	0	R
NMDC20586963	1	0	0	0	0	0	0	0	0	0	R
NMDC20554102	1	0	0	1	0	0	0	0	0	0	R
NMDC20558100	0	0	0	0	0	0	0	0	0	0	R
NMDC20558101	0	0	0	1	0	0	0	0	0	1	R
NMDC20554103	0	0	0	1	1	1	0	0	0	0	R
NMDC20552061	1	0	0	1	0	0	0	0	0	1	R
NMDC20552062	1	0	0	0	0	0	0	0	0	0	R
NMDC20586964	0	0	0	1	0	0	0	0	0	0	R
NMDC20586966	1	0	0	0	0	0	0	0	0	0	R
NMDC20556098	0	0	0	0	0	0	0	0	1	0	R
NMDC20552063	1	0	0	0	0	0	0	0	0	0	R
NMDC20586968	1	0	0	0	0	0	0	0	0	0	R
NMDC20554104	1	0	0	0	0	0	0	0	0	0	R
NMDC20558102	1	0	0	0	0	0	0	0	0	0	R
NMDC20552064	1	0	0	0	0	0	0	0	0	0	R
NMDC20586969	1	0	0	0	1	0	0	0	0	1	R
NMDC20552066	0	0	0	0	0	0	0	0	1	0	R
NMDC20552067	1	0	0	0	0	0	0	0	0	0	R
NMDC20552068	0	0	0	0	0	0	0	0	0	0	R
NMDC20586971	1	0	0	0	0	0	0	0	0	0	R
NMDC20552069	1	0	0	0	0	0	0	0	0	0	R
NMDC20556100	0	0	0	0	0	0	0	1	0	0	R
NMDC20554106	0	0	0	1	1	1	0	0	0	1	R
NMDC20558104	0	0	0	1	1	1	0	0	0	1	R
NMDC20558106	0	0	0	0	0	0	0	0	1	0	R
NMDC20586973	1	0	0	0	0	0	0	0	0	0	R
NMDC20552070	1	0	0	0	0	0	0	0	0	0	R
NMDC20586974	1	0	0	0	0	0	0	0	0	0	R
NMDC20586975	1	0	0	0	0	0	0	0	0	0	R
NMDC20556102	0	0	0	0	0	0	0	0	0	0	R
NMDC20554107	1	0	0	0	0	1	0	0	0	0	R
NMDC20556103	1	0	0	0	0	0	0	0	0	0	R
NMDC20556104	1	0	0	0	0	0	0	0	0	0	R
NMDC20586979	1	0	0	1	0	0	0	0	0	1	R
NMDC20586980	1	0	0	1	0	0	0	0	0	1	R
NMDC20554109	1	0	0	0	0	0	0	0	0	0	R
NMDC20554110	1	1	0	0	1	0	0	0	0	0	R
NMDC20558108	1	0	0	1	0	0	0	0	0	0	R
NMDC20586981	1	0	0	1	1	1	0	0	0	0	R
NMDC20552073	1	0	0	1	0	0	0	0	0	0	R
NMDC20586982	1	1	0	1	1	0	0	0	0	0	R
NMDC20558109	0	0	0	1	0	0	0	0	1	0	R
NMDC20556105	1	0	0	1	0	0	0	0	0	0	R
NMDC20552075	1	0	0	0	0	0	0	0	0	0	R
NMDC20556106	1	0	0	0	0	0	0	0	0	0	R
NMDC20558111	0	0	0	0	0	0	0	0	1	0	R
NMDC20586988	1	0	0	0	0	0	0	0	0	0	R
NMDC20586989	1	0	0	0	0	0	0	0	0	0	R
NMDC20552077	1	0	0	0	0	0	0	0	0	0	R
NMDC20586991	1	0	0	0	0	0	0	0	0	0	R
NMDC20586992	1	0	0	0	0	0	0	0	0	0	R
NMDC20556107	1	0	0	0	0	0	0	0	0	0	R
NMDC20586994	1	0	0	1	0	0	0	0	0	0	R
NMDC20554114	1	0	0	0	0	0	0	0	0	0	R
NMDC20552078	1	0	0	1	0	0	0	0	0	0	R
NMDC20556108	1	0	0	1	0	0	0	0	0	0	R
NMDC20556109	1	0	0	0	0	0	0	0	0	0	R
NMDC20558112	1	0	0	0	0	0	0	0	0	0	R
NMDC20554115	1	0	0	0	0	0	0	0	0	0	R
NMDC20552079	1	0	0	1	0	0	0	0	0	0	R
NMDC20558113	1	0	0	1	0	0	0	0	0	0	R
NMDC20556110	1	0	0	0	0	0	0	0	0	0	R
NMDC20552080	1	0	0	0	0	0	0	0	0	0	R
NMDC20587000	1	1	0	1	0	0	1	0	0	1	R
NMDC20587001	0	0	0	1	0	0	0	0	0	1	R
NMDC20587003	0	0	1	1	0	1	0	0	0	0	R
NMDC20556111	1	0	0	1	0	0	0	0	0	0	R
NMDC20587004	1	0	0	0	0	0	0	0	0	0	R
NMDC20587005	0	0	0	0	1	0	0	0	0	0	R
NMDC20552081	1	0	0	0	0	0	0	0	0	0	R
NMDC20552082	1	0	0	0	0	0	0	0	0	0	R
NMDC20554117	1	1	0	1	0	0	0	0	0	0	R
NMDC20556112	1	0	0	0	0	0	0	0	0	0	R
NMDC20587007	1	0	0	0	0	0	0	0	0	0	R
NMDC20587012	1	0	0	0	0	0	0	0	0	0	R
NMDC20587013	1	0	0	0	0	0	0	0	0	0	R
NMDC20552083	1	0	0	0	0	0	0	0	0	0	R
NMDC20558115	1	0	0	0	0	0	0	0	0	0	R
NMDC20558116	1	0	0	0	0	0	0	0	0	0	R
NMDC20552084	1	0	0	0	0	0	0	0	0	0	R
NMDC20552085	1	0	0	0	0	0	0	0	0	0	R
NMDC20587015	1	0	0	0	0	0	0	0	0	0	R
NMDC20552086	1	0	0	1	0	0	0	0	0	1	R
NMDC20556115	1	0	0	0	0	0	0	0	0	0	R
NMDC20552087	1	0	0	0	0	0	0	0	0	0	R
NMDC20556116	1	0	0	0	0	0	0	0	0	0	R
NMDC20556118	1	0	0	1	1	1	1	0	0	1	R
NMDC20558117	1	0	0	1	0	0	0	0	0	1	R
NMDC20587017	1	0	0	0	0	0	0	0	0	0	R
NMDC20556119	1	0	0	1	0	0	1	0	0	1	R
NMDC20587018	1	0	0	0	0	0	0	0	0	0	R
NMDC20558118	0	0	0	0	0	1	0	0	0	0	R
NMDC20552088	0	1	0	1	1	0	0	0	0	0	R
NMDC20587020	0	0	0	1	0	0	1	0	0	1	R
NMDC20587022	0	0	0	0	0	1	0	0	0	0	R
NMDC20552090	0	0	0	0	0	1	0	0	0	0	R
NMDC20558120	1	0	0	1	0	0	0	0	0	0	R
NMDC20554121	1	0	0	0	0	0	0	0	0	0	R
NMDC20554122	1	0	0	1	0	0	0	0	0	0	R
NMDC20558121	1	0	0	1	1	0	1	0	0	1	R
NMDC20587054	0	1	0	1	1	0	0	0	0	0	R
NMDC20554135	0	0	0	0	0	1	0	0	0	0	R
NMDC20556126	1	0	0	0	0	0	0	0	0	0	R
NMDC20558132	1	0	0	0	0	0	0	0	0	0	R
NMDC20558133	1	0	0	0	0	0	0	0	0	0	R
NMDC20587058	1	0	0	1	0	0	0	0	0	0	R
NMDC20587060	1	0	0	0	0	0	0	0	0	0	R
NMDC20554139	1	0	0	1	0	0	0	0	0	0	R
NMDC20552108	1	0	0	1	0	0	0	0	0	1	R
NMDC20587063	1	0	0	1	0	0	0	0	0	0	R
NMDC20552110	1	0	0	0	0	0	0	0	0	0	R
NMDC20587065	1	0	0	0	0	0	0	0	0	0	R
NMDC20587066	1	0	0	0	0	0	0	0	0	0	R
NMDC20552111	1	1	0	1	0	0	1	0	0	1	R
NMDC20587067	0	1	0	1	1	0	0	0	0	0	R
NMDC20556132	1	0	0	1	0	0	0	0	0	0	R
NMDC20587068	1	0	0	0	0	0	0	0	0	0	R
NMDC20587069	1	0	0	0	0	0	0	0	0	0	R
NMDC20558135	1	0	0	0	0	0	0	0	0	0	R
NMDC20587070	0	1	0	1	1	0	0	0	0	0	R
NMDC20587072	0	1	0	0	0	0	1	0	0	1	R
NMDC20558136	0	0	0	1	0	0	1	0	0	1	R
NMDC20552112	0	0	0	1	1	0	0	0	0	0	R
NMDC20558138	1	0	0	1	0	0	0	0	0	0	R
NMDC20587074	0	1	0	1	1	0	0	0	0	0	R
NMDC20587076	1	0	0	0	0	0	0	0	0	0	R
NMDC20554147	1	0	0	0	0	0	0	0	0	0	R
NMDC20552113	1	0	0	1	0	0	0	0	0	0	R
NMDC20558139	1	0	0	0	0	0	0	0	0	0	R
NMDC20556137	1	0	0	0	0	0	0	0	0	1	R
NMDC20554148	0	0	0	0	0	0	1	0	0	0	R
NMDC20554149	1	0	0	0	0	0	0	0	0	0	R
NMDC20554150	0	0	0	1	0	0	0	0	0	0	R
NMDC20587078	0	0	0	1	1	0	0	0	0	0	R
NMDC20554151	0	1	0	1	1	0	0	0	0	0	R
NMDC20587079	1	0	0	0	0	0	0	0	0	0	R
NMDC20558141	1	0	0	0	0	0	0	0	0	0	R
NMDC20552115	1	0	0	0	0	0	0	0	0	0	R
NMDC20554153	1	0	0	0	0	0	0	0	0	0	R
NMDC20587081	1	0	0	1	0	0	0	0	0	0	R
NMDC20552116	1	0	0	1	0	0	0	0	0	0	R
NMDC20587083	1	0	0	1	0	0	0	0	0	0	R
NMDC20556139	1	0	0	0	0	0	0	0	0	0	R
NMDC20587085	0	1	0	1	1	0	0	0	0	0	R
NMDC20554155	1	0	0	1	0	0	0	0	0	1	R
NMDC20558142	1	0	0	1	0	0	0	0	0	0	R
NMDC20556141	0	1	0	1	0	0	0	0	0	0	R
NMDC20587088	1	0	0	0	0	0	0	0	0	0	R
NMDC20587090	1	0	0	0	0	0	0	0	0	0	R
NMDC20558143	0	0	0	1	0	0	0	0	0	0	R
NMDC20558144	0	1	0	1	1	0	0	0	0	0	R
NMDC20558145	1	0	0	1	0	0	0	0	0	0	R
NMDC20587093	1	0	0	0	0	0	0	0	0	0	R
NMDC20587094	0	0	0	0	0	0	0	0	0	0	R
NMDC20558146	1	0	0	0	0	0	0	0	0	0	R
NMDC20558147	1	0	0	0	0	0	0	0	0	0	R
NMDC20587095	1	0	0	1	0	0	0	0	0	0	R
NMDC20587096	0	1	0	1	0	0	1	0	0	1	R
NMDC20587097	0	0	0	0	0	0	0	0	0	0	R
NMDC20558149	1	0	0	0	0	0	0	0	0	0	R
NMDC20558152	1	0	0	0	0	0	0	0	0	0	R
NMDC20556144	1	0	0	0	0	0	0	0	0	0	R
NMDC20558153	0	0	0	0	0	1	0	0	0	0	R
NMDC20552118	0	1	0	1	1	0	0	0	0	0	R
NMDC20554163	1	0	0	0	0	0	0	0	0	0	R
NMDC20552119	1	0	0	0	0	0	0	0	0	0	R
NMDC20558154	1	1	0	1	1	0	0	0	0	0	R
NMDC20552120	1	0	0	1	0	0	0	0	0	0	R
NMDC20587101	1	0	0	0	0	0	0	0	0	0	R
NMDC20558155	1	1	0	1	1	0	0	0	0	0	R
NMDC20556147	1	1	0	1	1	0	0	0	0	0	R
NMDC20552121	0	0	0	1	0	0	0	0	0	0	R
NMDC20558156	1	0	0	0	0	0	0	0	0	0	R
NMDC20556148	1	0	0	0	0	0	0	0	0	0	R
NMDC20587104	1	0	0	0	0	0	0	0	0	0	R
NMDC20558157	1	0	0	0	0	0	0	0	0	0	R
NMDC20556150	1	0	0	0	0	0	0	0	0	0	R
NMDC20556151	1	0	0	1	0	0	0	0	0	0	R
NMDC20552122	1	0	0	1	0	0	0	0	0	0	R
NMDC20556152	1	0	0	0	0	0	0	0	0	0	R
NMDC20587106	1	0	0	0	0	0	0	0	0	0	R
NMDC20556153	1	0	0	1	0	0	0	0	0	0	R
NMDC20587108	1	0	0	0	0	0	0	0	0	0	R
NMDC20556154	1	0	0	0	0	0	0	0	0	0	R
NMDC20587110	0	1	0	1	1	0	0	0	0	0	R
NMDC20587112	0	1	0	1	0	0	1	0	0	1	R
NMDC20556155	1	0	0	0	0	0	0	0	0	0	R
NMDC20554166	1	0	0	0	0	0	0	0	0	0	R
NMDC20587116	1	0	0	1	0	0	0	0	0	0	R
NMDC20552125	0	1	0	1	0	0	1	0	0	1	R
NMDC20558159	0	1	0	1	1	0	0	0	0	0	R
NMDC20552126	1	0	0	0	0	0	0	0	0	0	R
NMDC20587117	1	0	0	0	0	0	0	0	0	0	R
NMDC20587118	1	0	0	1	0	0	0	0	0	0	R
NMDC20552127	1	0	0	1	0	0	0	0	0	0	R
NMDC20587119	1	0	0	0	0	0	0	0	0	0	R
NMDC20587120	1	0	0	0	0	0	0	0	0	0	R
NMDC20587121	0	0	0	1	0	0	1	0	0	1	R
NMDC20558160	1	0	0	0	0	0	0	0	0	0	R
NMDC20552128	0	1	0	1	0	0	1	0	0	1	R
NMDC20552129	0	1	0	1	0	0	1	0	0	1	R
NMDC20556157	1	0	0	0	0	0	0	0	0	0	R
NMDC20554171	1	0	0	0	0	0	0	0	0	0	R
NMDC20554172	1	0	0	0	0	0	0	0	0	0	R
NMDC20556158	1	0	0	1	0	0	0	0	0	0	R
NMDC20554173	1	0	0	1	0	0	0	0	0	1	R
NMDC20558161	1	1	0	1	0	0	1	0	1	1	R
NMDC20552130	1	0	1	1	0	0	0	0	0	1	R
NMDC20554174	1	0	0	0	0	0	0	0	0	0	R
NMDC20587123	1	0	0	0	0	0	0	0	0	0	R
NMDC20558162	0	1	0	1	1	0	0	0	0	0	R
NMDC20554175	1	0	0	0	0	0	0	0	0	0	R
NMDC20587125	1	0	0	1	0	0	0	0	0	1	R
NMDC20556161	1	0	0	1	0	0	0	0	0	1	R
NMDC20587126	0	0	0	1	0	1	0	0	0	0	R
NMDC20552131	1	0	0	0	0	0	0	0	0	0	R
NMDC20558163	1	1	0	1	0	0	0	0	0	1	R
NMDC20587129	0	1	0	1	0	0	0	0	0	0	R
NMDC20587131	1	0	0	0	0	0	0	0	0	0	R
NMDC20554177	1	0	0	0	0	0	0	0	0	0	R
NMDC20556162	1	0	0	1	0	0	0	0	0	0	R
NMDC20554178	1	0	0	0	0	0	0	0	0	0	R
NMDC20587133	1	0	0	0	0	0	0	0	0	0	R
NMDC20552132	0	0	0	1	0	1	0	0	0	1	R
NMDC20556163	1	0	0	1	0	0	0	0	0	0	R
NMDC20587134	0	0	0	0	0	0	0	0	0	0	R
NMDC20587135	1	1	0	1	0	0	0	0	0	0	R
NMDC20556166	1	0	0	1	0	0	0	0	0	0	R
NMDC20558164	1	0	0	1	0	0	0	0	0	0	R
NMDC20558165	1	0	0	1	0	0	0	0	0	1	R
NMDC20558166	1	0	0	0	0	0	0	0	0	0	R
NMDC20552133	1	0	0	1	0	0	0	0	0	0	R
NMDC20587136	1	0	0	1	0	0	0	0	0	0	R
NMDC20552134	0	0	0	0	0	1	0	0	0	0	R
NMDC20587137	0	1	0	1	1	0	0	0	0	0	R
NMDC20554179	0	1	0	1	1	0	0	0	0	0	R
NMDC20587138	1	0	0	0	0	0	0	0	0	0	R
NMDC20587139	1	0	0	1	0	0	0	0	0	0	R
NMDC20558169	1	0	0	0	0	1	0	0	0	0	R
NMDC20558170	0	1	0	1	1	0	0	0	0	0	R
NMDC20552135	1	0	0	0	0	0	0	0	0	0	R
NMDC20552136	0	1	0	1	1	0	0	0	0	0	R
NMDC20587140	1	0	0	0	0	0	0	0	0	0	R
NMDC20554182	0	1	0	1	1	0	0	0	0	0	R
NMDC20552138	1	0	0	0	0	0	0	0	0	0	R
NMDC20552139	0	1	0	1	0	0	0	0	1	1	R
NMDC20554184	1	0	0	0	0	0	0	0	0	0	R
NMDC20554185	1	0	0	0	0	0	0	0	0	0	R
NMDC20552140	1	0	0	1	0	0	0	0	0	0	R
NMDC20587142	0	0	0	1	1	1	0	0	0	1	R
NMDC20554186	0	1	0	1	0	0	0	0	1	1	R
NMDC20587143	0	1	0	0	0	0	0	0	1	0	R
NMDC20556169	1	0	0	0	0	0	0	0	0	0	R
NMDC20554188	1	0	0	0	0	0	0	0	0	0	R
NMDC20552142	1	0	0	1	0	0	0	0	0	0	R
NMDC20552143	0	1	0	1	1	0	0	0	0	0	R
NMDC20587144	1	0	0	0	0	0	0	0	0	0	R
NMDC20587145	1	0	0	1	0	1	0	0	0	0	R
NMDC20552146	1	0	0	0	0	1	0	0	0	0	R
NMDC20587146	1	0	0	0	0	0	0	0	0	0	R
NMDC20587148	1	0	0	1	0	0	0	0	0	0	R
NMDC20556171	1	0	0	0	0	0	0	0	0	0	R
NMDC20587151	1	1	0	1	0	0	0	0	1	1	R
NMDC20556172	1	0	0	0	0	0	0	0	0	0	R
NMDC20556173	1	0	0	1	0	0	0	0	0	0	R
NMDC20587154	1	0	0	1	0	0	0	0	0	1	R
NMDC20587155	1	0	0	0	0	0	0	0	0	0	R
NMDC20587156	1	0	0	1	0	0	0	0	0	0	R
NMDC20587157	1	0	0	0	0	0	0	0	0	0	R
NMDC20556175	0	0	0	0	0	1	0	0	0	0	R
NMDC20552149	0	0	0	0	0	1	0	0	0	0	R
NMDC20587159	0	1	0	1	1	0	0	0	0	0	R
NMDC20587160	1	0	0	0	0	0	0	0	0	0	R
NMDC20552150	1	0	0	0	0	0	0	0	1	0	R
NMDC20587161	1	0	0	1	0	0	0	0	0	0	R
NMDC20556176	1	0	0	0	0	0	0	0	0	0	R
NMDC20554190	1	0	0	0	0	0	0	0	0	0	R
NMDC20552152	1	0	0	0	0	0	0	0	0	0	R
NMDC20587163	1	0	0	0	0	0	0	0	0	0	R
NMDC20552153	1	0	0	0	0	0	0	0	1	0	R
NMDC20558175	1	0	0	0	0	0	0	0	1	0	R
NMDC20587164	1	0	0	0	0	0	0	0	0	0	R
NMDC20587165	1	0	0	0	0	0	0	0	0	0	R
NMDC20587166	1	0	0	1	0	0	0	0	0	0	R
NMDC20554191	1	0	0	0	0	0	0	0	0	0	R
NMDC20587167	1	0	0	0	0	0	0	0	0	0	R
NMDC20552154	1	0	0	1	0	0	0	0	0	0	R
NMDC20558177	1	0	0	1	0	0	0	0	0	0	R
NMDC20552155	1	0	0	0	0	0	0	0	0	0	R
NMDC20556178	0	0	0	0	0	1	0	0	0	0	R
NMDC20556179	1	0	0	1	0	0	0	0	0	1	R
NMDC20556180	0	1	0	1	1	0	0	0	0	0	R
NMDC20587168	1	0	0	0	0	0	0	0	0	0	R
NMDC20587170	0	1	0	0	0	0	0	0	1	1	R
NMDC20558178	1	0	0	0	0	0	0	0	0	0	R
NMDC20556181	0	0	0	0	0	0	0	0	1	1	R
NMDC20587171	1	0	0	1	0	0	0	0	0	0	R
NMDC20554193	0	1	0	0	0	0	0	0	0	0	R
NMDC20587172	0	0	0	1	0	0	1	0	0	1	R
NMDC20587173	1	0	0	0	0	0	0	0	0	0	R
NMDC20554194	1	0	0	0	0	0	0	0	0	0	R
NMDC20556182	1	0	0	0	0	0	0	0	0	0	R
NMDC20587174	0	0	0	0	0	0	0	0	0	0	R
NMDC20552156	1	0	0	1	0	1	0	0	0	1	R
NMDC20552157	1	0	0	0	0	0	0	0	0	0	R
NMDC20558182	0	0	0	0	0	1	0	0	0	0	R
NMDC20552158	1	0	0	0	0	0	0	0	0	0	R
NMDC20554196	1	0	0	0	0	0	0	0	0	0	R
NMDC20587176	1	0	0	0	0	0	0	0	0	0	R
NMDC20556183	1	0	0	0	0	0	0	0	0	0	R
NMDC20552159	0	0	0	1	1	0	0	0	0	0	R
NMDC20587178	1	0	0	0	0	0	0	0	0	0	R
NMDC20552161	1	0	0	1	0	0	0	0	0	0	R
NMDC20552162	1	0	0	0	0	0	0	0	0	0	R
NMDC20587180	1	0	0	0	0	0	0	0	0	0	R
NMDC20587181	1	0	0	0	0	0	0	0	1	0	R
NMDC20552163	1	0	0	0	0	0	0	0	0	0	R
NMDC20558183	0	1	0	0	0	0	0	0	0	0	R
NMDC20558184	1	0	0	1	0	0	0	0	0	0	R
NMDC20558185	0	1	0	1	1	0	0	0	0	0	R
NMDC20587183	1	0	0	0	0	0	0	0	0	0	R
NMDC20587185	1	0	0	1	0	0	0	0	0	0	R
NMDC20587187	1	0	0	0	0	0	0	0	0	1	R
NMDC20558186	1	0	0	0	0	0	0	0	0	0	R
NMDC20587188	1	0	0	1	0	0	0	0	0	0	R
NMDC20552165	1	0	0	0	0	0	0	0	0	0	R
NMDC20587191	1	0	0	1	0	0	0	0	0	0	R
NMDC20587192	1	0	0	1	0	0	0	0	0	1	R
NMDC20552166	1	0	0	0	0	0	0	0	0	1	R
NMDC20558187	1	0	0	0	0	0	0	0	0	0	R
NMDC20556185	1	0	0	1	0	0	0	0	0	0	R
NMDC20587194	1	0	0	1	0	0	0	0	0	0	R
NMDC20587195	0	1	0	1	1	0	0	0	0	0	R
NMDC20554199	1	0	0	0	0	0	0	0	0	0	R
NMDC20558188	1	0	0	1	0	0	0	0	0	0	R
NMDC20552167	1	1	0	1	0	0	1	0	0	0	R
NMDC20556186	1	0	0	0	0	0	0	0	0	0	R
NMDC20556187	1	0	0	0	0	0	0	0	0	0	R
NMDC20587197	1	0	0	0	0	0	0	0	0	0	R
NMDC20554200	1	0	0	1	0	0	0	0	0	0	R
NMDC20587198	1	0	0	1	0	0	0	0	0	0	R
NMDC20587199	1	0	0	1	0	0	0	0	0	0	R
NMDC20554201	1	0	0	0	0	0	0	0	0	0	R
NMDC20556188	1	0	0	1	0	0	0	0	0	1	R
NMDC20554202	1	0	0	1	0	0	0	0	0	1	R
NMDC20558190	1	0	0	1	0	0	0	0	0	1	R
NMDC20556189	1	0	0	1	0	0	0	0	0	0	R
NMDC20587201	1	0	0	0	0	0	0	0	0	0	R
NMDC20558191	1	0	0	1	1	1	0	0	0	0	R
NMDC20558192	1	0	0	0	0	0	0	0	0	0	R
NMDC20556190	1	0	0	0	0	0	0	0	0	0	R
NMDC20587202	1	0	0	1	0	0	0	0	0	1	R
NMDC20556191	1	1	0	1	0	0	1	0	0	0	R
NMDC20552169	1	0	0	1	0	0	0	0	0	0	R
NMDC20552170	1	0	0	0	0	0	0	0	0	0	R
NMDC20558193	1	0	0	0	0	0	0	0	0	0	R
NMDC20556192	1	0	0	1	0	0	0	0	0	1	R
NMDC20587203	1	0	1	0	0	0	0	0	0	1	R
NMDC20556194	0	0	0	1	1	0	0	0	0	0	R
NMDC20587204	1	0	0	1	0	0	0	0	0	0	R
NMDC20587205	1	0	0	1	0	0	0	0	0	0	R
NMDC20587206	0	1	0	1	0	0	1	0	0	1	R
NMDC20552171	1	0	0	1	0	0	0	0	0	0	R
NMDC20552172	1	0	0	0	0	0	0	0	0	0	R
NMDC20552173	1	0	0	1	1	1	0	0	0	0	R
NMDC20587211	1	0	0	1	0	0	1	0	0	1	R
NMDC20558201	0	0	0	1	1	0	0	0	0	0	R
NMDC20554206	0	0	0	1	1	0	0	0	0	0	R
NMDC20558202	1	0	0	0	0	0	0	0	0	0	R
NMDC20558203	1	0	0	0	0	0	0	0	0	0	R
NMDC20587215	1	0	0	0	0	0	0	0	0	0	R
NMDC20558204	1	0	0	0	0	0	0	0	0	0	R
NMDC20552178	0	1	0	1	1	0	0	0	0	0	R
NMDC20556198	1	0	0	0	0	0	0	0	0	0	R
NMDC20554207	1	0	0	1	0	0	0	0	0	0	R
NMDC20554208	0	1	0	1	0	0	1	0	1	0	R
NMDC20558205	1	0	0	1	0	0	0	0	0	1	R
NMDC20556200	1	0	0	0	0	0	0	0	0	0	R
NMDC20552180	1	0	0	0	0	0	0	0	0	0	R
NMDC20556201	0	0	0	0	0	1	0	0	0	0	R
NMDC20558206	1	0	0	0	0	0	0	0	0	0	R
NMDC20558207	1	0	0	1	0	0	0	0	0	0	R
NMDC20558208	1	0	0	1	0	0	0	0	0	0	R
NMDC20554210	0	0	0	1	1	1	0	1	0	0	R
NMDC20554212	0	0	0	0	0	1	0	0	0	0	R
NMDC20554213	1	0	0	0	0	0	0	0	0	0	R
NMDC20587223	1	0	0	0	0	0	0	0	0	0	R
NMDC20558209	1	0	0	0	0	0	0	0	0	0	R
NMDC20558210	1	0	0	0	0	0	0	0	0	0	R
NMDC20587224	0	1	0	1	0	0	1	0	0	1	R
NMDC20558211	1	0	0	0	0	0	0	0	0	0	R
NMDC20558212	1	0	0	0	0	1	0	0	0	0	R
NMDC20552185	1	0	0	0	0	0	0	0	0	0	R
NMDC20554217	1	0	0	0	0	0	0	0	0	0	R
NMDC20554218	1	0	0	0	0	0	0	0	0	0	R
NMDC20554219	1	0	0	0	0	0	0	0	0	0	R
NMDC20556207	0	0	0	1	0	0	0	0	0	1	R
NMDC20554220	1	0	0	0	0	0	0	0	0	0	R
NMDC20556208	1	0	0	0	0	0	0	0	0	0	R
NMDC20587228	1	0	0	1	0	0	0	0	0	0	R
NMDC20587229	1	0	0	1	0	1	0	0	0	0	R
NMDC20587230	1	0	0	0	0	0	0	0	0	0	R
NMDC20558213	1	0	0	0	0	0	0	0	0	0	R
NMDC20587231	1	0	0	1	0	0	0	0	0	0	R
NMDC20556209	1	0	0	0	0	0	0	0	0	0	R
NMDC20554221	1	0	0	1	1	0	1	0	0	1	R
NMDC20587234	1	0	0	0	0	0	0	0	0	0	R
NMDC20552186	0	1	0	1	1	0	0	0	0	0	R
NMDC20558214	1	0	0	0	0	0	0	0	0	0	R
NMDC20554222	1	0	0	0	0	0	0	0	0	0	R
NMDC20552187	1	0	0	1	0	0	0	0	0	1	R
NMDC20552189	0	1	0	1	1	0	0	0	0	0	R
NMDC20556210	1	1	0	0	1	0	0	0	0	0	R
NMDC20556212	1	0	0	0	0	0	0	0	0	0	R
NMDC20554225	1	0	0	0	0	0	0	0	0	0	R
NMDC20552190	1	0	0	0	0	0	0	0	0	0	R
NMDC20554226	1	0	0	0	0	0	0	0	0	0	R
NMDC20552191	1	0	0	0	0	0	0	0	0	0	R
NMDC20552192	1	0	0	1	0	0	0	0	0	0	R
NMDC20552193	1	1	0	1	1	0	0	0	0	0	R
NMDC20587239	1	0	0	1	0	0	0	0	0	1	R
NMDC20552194	0	1	0	1	1	0	0	0	0	0	R
NMDC20587242	1	0	0	1	0	0	0	0	0	1	R
NMDC20587243	1	0	0	0	0	0	0	0	0	0	R
NMDC20587244	0	0	0	0	0	0	0	0	0	0	R
NMDC20558218	1	0	0	1	0	0	0	0	0	0	R
NMDC20558220	1	0	0	0	0	0	0	0	0	0	R
NMDC20556214	1	0	0	0	0	0	0	0	0	0	R
NMDC20552195	1	0	0	0	0	0	0	0	0	0	R
NMDC20587245	1	0	0	0	0	0	0	0	0	0	R
NMDC20552197	1	0	0	1	0	0	0	0	0	0	R
NMDC20552198	1	0	0	1	0	0	0	0	0	0	R
NMDC20587246	1	0	0	1	0	0	0	0	0	1	R
NMDC20558221	1	0	0	1	0	0	0	0	0	0	R
NMDC20556215	1	0	0	1	0	0	0	0	0	0	R
NMDC20556216	1	0	0	0	0	0	0	0	0	0	R
NMDC20554227	0	1	0	1	0	0	1	0	0	0	R
NMDC20558222	1	0	0	0	0	0	0	0	0	0	R
NMDC20558223	1	0	0	0	0	0	0	0	0	0	R
NMDC20554228	0	1	0	1	1	0	0	0	0	0	R
NMDC20552202	0	0	0	0	0	1	0	0	0	0	R
NMDC20587248	1	0	0	1	0	0	0	0	0	0	R
NMDC20552203	1	0	0	0	0	0	0	0	0	0	R
NMDC20587249	1	0	0	0	0	0	0	0	0	0	R
NMDC20587250	1	0	0	0	0	0	0	0	0	0	R
NMDC20556218	1	0	0	0	0	0	0	0	0	0	R
NMDC20587251	1	0	0	0	0	0	0	0	0	0	R
NMDC20587252	1	0	0	1	0	0	0	0	0	0	R
NMDC20558226	1	0	0	0	0	0	0	0	0	0	R
NMDC20587254	1	1	0	1	0	0	1	0	0	0	R
NMDC20554230	1	0	0	0	0	0	0	0	0	0	R
NMDC20587256	1	0	0	0	0	0	0	0	0	0	R
NMDC20554231	1	0	0	0	0	0	0	0	0	0	R
NMDC20558229	1	0	0	0	0	0	0	0	0	0	R
NMDC20552206	1	0	0	1	0	0	0	0	0	0	R
NMDC20554232	1	0	0	1	0	0	0	0	0	1	R
NMDC20587259	1	0	0	0	0	0	0	0	0	0	R
NMDC20552208	1	1	0	1	1	0	0	0	0	0	R
NMDC20554233	1	0	0	0	0	0	0	0	0	0	R
NMDC20556222	1	1	0	0	0	0	0	0	0	0	R
NMDC20552209	1	0	0	0	0	0	0	0	0	0	R
NMDC20587260	0	0	0	0	0	0	0	0	0	1	R
NMDC20587261	0	1	0	1	1	0	0	0	0	0	R
NMDC20558232	1	0	0	0	0	0	0	0	0	0	R
NMDC20558233	0	0	0	1	1	1	0	0	0	1	R
NMDC20554234	1	0	0	0	0	0	0	0	0	0	R
NMDC20556224	1	0	0	0	1	1	0	0	0	0	R
NMDC20558234	1	0	0	1	0	0	1	0	0	1	R
NMDC20554235	0	1	0	1	1	0	0	0	0	0	R
NMDC20556225	0	1	0	1	1	0	0	0	0	0	R
NMDC20552211	1	0	0	1	0	0	0	0	0	0	R
NMDC20554236	1	0	0	0	0	0	0	0	0	0	R
NMDC20558236	1	0	0	1	0	0	0	0	0	1	R
NMDC20587265	1	0	0	1	1	1	0	0	0	0	R
NMDC20552213	1	0	0	1	1	0	0	0	0	0	R
NMDC20554237	1	0	0	0	0	0	0	0	0	0	R
NMDC20556229	1	0	0	0	0	0	0	0	0	0	R
NMDC20552214	1	0	0	0	0	0	0	0	0	0	R
NMDC20554238	1	0	0	1	0	0	0	0	0	0	R
NMDC20552215	0	1	0	1	1	0	0	0	0	0	R
NMDC20556230	1	1	0	1	1	0	0	0	0	0	R
NMDC20556231	1	0	0	1	0	0	0	0	0	1	R
NMDC20587267	1	0	0	0	0	0	0	0	0	0	R
NMDC20587268	1	0	0	0	0	0	0	0	0	0	R
NMDC20587270	1	0	0	0	0	0	0	0	0	0	R
NMDC20587271	1	0	0	0	0	0	0	0	0	0	R
NMDC20587272	1	0	0	0	0	0	0	0	0	0	R
NMDC20554240	1	0	0	1	0	0	0	0	0	0	R
NMDC20552217	1	0	0	0	0	0	0	0	0	0	R
NMDC20587273	1	0	0	0	0	0	0	0	0	0	R
NMDC20556232	1	0	0	0	0	0	0	0	0	0	R
NMDC20554241	1	0	0	0	0	0	0	0	0	0	R
NMDC20587274	1	0	0	0	0	0	0	0	0	0	R
NMDC20554242	1	0	0	0	0	0	0	0	0	0	R
NMDC20554243	1	0	0	0	0	0	0	0	0	0	R
NMDC20556235	1	0	0	0	0	0	0	0	0	0	R
NMDC20587277	1	0	0	0	0	0	0	0	0	0	R
NMDC20587278	1	0	0	1	0	0	0	0	0	0	R
NMDC20587279	0	0	0	0	0	0	0	0	0	0	R
NMDC20558239	1	0	0	0	0	0	0	0	0	0	R
NMDC20558240	0	0	0	1	0	0	0	0	0	1	R
NMDC20558241	1	0	0	0	0	0	0	0	0	0	R
NMDC20587282	0	0	0	1	1	0	0	0	0	0	R
NMDC20552221	0	1	0	1	1	0	0	0	0	0	R
NMDC20587283	1	1	0	1	0	0	0	0	1	1	R
NMDC20587284	1	0	0	0	0	0	0	0	0	0	R
NMDC20587285	0	1	0	1	1	0	0	0	0	0	R
NMDC20554246	0	1	0	1	1	0	0	0	0	0	R
NMDC20552223	1	0	0	0	0	0	0	0	0	0	R
NMDC20558242	1	0	0	1	0	0	0	0	0	0	R
NMDC20587286	1	0	0	1	1	0	0	0	0	1	R
NMDC20554247	1	0	0	0	0	0	0	0	0	0	R
NMDC20558244	1	0	0	0	0	0	0	0	0	0	R
NMDC20558245	1	0	0	1	0	0	0	0	0	0	R
NMDC20554249	1	0	0	0	0	0	0	0	0	0	R
NMDC20552224	1	0	0	0	0	0	0	0	0	0	R
NMDC20587289	1	0	0	1	0	0	0	0	0	1	R
NMDC20587290	1	0	0	0	0	0	0	0	0	0	R
NMDC20556237	1	0	0	1	0	0	0	0	0	1	R
NMDC20558246	1	0	0	0	0	0	0	0	0	0	R
NMDC20554251	1	0	0	0	0	0	0	0	0	0	R
NMDC20587292	1	0	0	0	0	0	0	0	0	0	R
NMDC20556238	1	0	0	0	0	0	0	0	0	0	R
NMDC20558247	1	0	0	0	0	0	0	0	0	0	R
NMDC20556239	1	0	0	0	0	0	0	0	0	0	R
NMDC20587293	1	0	0	0	0	0	0	0	0	0	R
NMDC20552226	1	0	0	0	0	0	0	0	0	0	R
NMDC20587294	1	0	1	1	0	0	0	0	0	0	R
NMDC20558249	1	0	0	0	0	0	0	0	0	0	R
NMDC20587295	0	1	0	1	1	0	0	0	0	0	R
NMDC20587296	1	0	0	0	0	0	0	0	0	0	R
NMDC20552227	0	1	0	1	1	0	0	0	0	0	R
NMDC20554252	1	0	0	1	0	0	0	0	0	0	R
NMDC20587297	0	1	0	1	1	0	0	0	0	0	R
NMDC20554253	1	0	0	0	0	0	0	0	0	0	R
NMDC20558251	1	0	0	0	0	0	0	0	0	0	R
NMDC20556240	0	0	0	1	1	1	0	0	0	0	R
NMDC20587300	0	1	0	1	1	0	0	0	0	0	R
NMDC20552230	0	0	0	0	0	0	0	0	1	0	R
NMDC20552231	0	0	0	1	1	0	0	0	0	0	R
NMDC20552232	1	0	0	0	0	0	0	0	0	0	R
NMDC20558252	1	0	0	1	0	0	0	0	0	0	R
NMDC20587301	1	0	0	0	0	0	0	0	0	0	R
NMDC20556242	1	0	0	0	0	0	0	0	0	0	R
NMDC20587302	1	0	0	0	0	0	0	0	0	0	R
NMDC20556243	1	1	0	1	0	0	0	0	0	1	R
NMDC20587304	1	0	0	0	0	0	0	0	0	0	R
NMDC20587305	1	0	0	1	0	0	0	0	0	0	R
NMDC20552235	1	0	0	0	0	0	0	0	0	0	R
NMDC20556244	1	0	0	0	0	0	0	0	0	0	R
NMDC20587306	0	1	0	1	1	0	0	0	0	0	R
NMDC20558253	1	0	0	1	0	0	0	0	0	0	R
NMDC20552237	1	0	0	1	0	0	0	0	0	0	R
NMDC20587307	1	0	0	0	0	0	0	0	0	0	R
NMDC20558254	0	1	0	1	1	0	0	0	0	0	R
NMDC20587308	1	0	0	0	0	0	0	0	0	0	R
NMDC20558256	1	0	0	1	0	0	0	0	0	0	R
NMDC20552238	1	0	0	0	0	0	0	0	0	0	R
NMDC20587309	1	0	0	1	0	1	0	0	0	0	R
NMDC20558258	1	0	0	1	0	0	0	0	0	0	R
NMDC20558259	1	0	0	0	0	1	0	0	0	0	R
NMDC20556246	1	0	0	0	0	0	0	0	0	0	R
NMDC20587311	1	0	0	1	0	0	0	0	0	1	R
NMDC20556247	1	0	0	0	0	0	0	0	0	0	R
NMDC20554257	1	0	0	0	0	0	0	0	0	0	R
NMDC20554258	1	0	0	0	0	0	0	0	0	0	R
NMDC20554259	1	0	0	1	0	0	0	0	0	0	R
NMDC20556251	1	0	0	0	0	0	0	0	0	0	R
NMDC20552240	1	0	0	1	0	0	0	0	0	0	R
NMDC20552241	1	0	0	0	0	0	0	0	0	0	R
NMDC20558261	0	1	0	1	1	0	0	0	0	0	R
NMDC20556252	0	1	0	1	1	0	0	0	0	0	R
NMDC20556253	0	0	0	1	1	0	0	0	0	0	R
NMDC20587314	1	0	0	0	0	0	0	0	0	0	R
NMDC20556254	1	0	0	1	0	0	0	0	0	1	R
NMDC20587317	0	0	0	1	1	0	0	0	0	0	R
NMDC20558263	1	0	0	0	0	0	0	0	0	0	R
NMDC20552243	1	0	0	0	0	0	0	0	0	1	R
NMDC20587319	0	1	0	1	1	0	0	0	0	0	R
NMDC20558264	1	0	0	0	0	0	0	0	0	0	R
NMDC20558265	1	0	0	0	0	0	0	0	0	0	R
NMDC20587321	1	0	0	0	0	0	0	0	0	0	R
NMDC20587322	0	1	0	1	1	0	0	0	0	0	R
NMDC20552244	1	1	0	1	0	0	0	0	0	0	R
NMDC20558266	1	1	0	1	0	0	0	0	0	0	R
NMDC20558267	1	0	0	1	0	0	0	0	0	0	R
NMDC20556258	0	1	0	1	1	0	0	0	0	0	R
NMDC20558268	1	0	0	1	0	0	0	0	0	0	R
NMDC20556259	0	1	0	1	1	0	0	0	0	0	R
NMDC20552247	1	0	0	1	0	0	0	0	0	1	R
NMDC20587324	1	0	0	1	1	1	0	0	0	0	R
NMDC20587325	1	0	0	1	0	0	0	0	0	0	R
NMDC20554262	1	0	0	0	0	0	0	0	0	0	R
NMDC20558269	0	0	0	0	0	1	0	0	0	0	R
NMDC20556260	1	0	0	0	0	0	0	0	0	0	R
NMDC20558270	1	0	0	0	0	0	0	0	0	0	R
NMDC20556261	1	0	0	0	0	0	0	0	0	0	R
NMDC20556262	0	0	0	0	0	0	0	0	1	1	R
NMDC20587326	1	0	0	1	0	0	0	0	0	0	R
NMDC20552249	1	0	0	0	0	0	0	0	0	0	R
NMDC20554263	1	0	0	1	0	0	0	0	0	0	R
NMDC20587327	1	0	0	0	0	0	0	0	0	0	R
NMDC20558271	0	1	0	1	1	0	0	0	0	0	R
NMDC20558272	0	1	0	1	0	0	1	0	0	0	R
NMDC20554265	1	0	0	0	0	0	0	0	0	0	R
NMDC20587328	1	0	0	1	0	0	0	0	0	0	R
NMDC20587330	1	0	0	0	0	0	0	0	0	0	R
NMDC20554266	1	0	0	0	0	0	0	0	0	0	R
NMDC20552250	1	0	0	1	0	0	0	0	0	0	R
NMDC20587331	1	0	0	0	0	0	0	0	0	0	R
NMDC20587332	0	1	0	1	0	0	0	0	0	0	R
NMDC20552251	1	0	0	0	0	0	0	0	0	0	R
NMDC20587334	1	0	0	1	0	0	0	0	0	0	R
NMDC20554267	1	0	0	1	0	0	0	0	0	1	R
NMDC20556263	1	0	0	1	1	1	1	0	0	1	R
NMDC20552252	1	0	0	0	0	0	0	0	0	0	R
NMDC20556264	1	0	0	0	0	0	0	0	0	0	R
NMDC20556265	0	0	0	1	1	0	0	0	0	1	R
NMDC20556268	1	0	0	1	0	0	0	0	0	1	R
NMDC20587335	1	0	0	0	0	0	0	0	0	0	R
NMDC20587336	1	0	0	0	0	0	0	0	0	0	R
NMDC20587338	0	0	0	1	1	0	0	0	0	0	R
NMDC20558275	1	0	0	0	0	0	0	0	0	0	R
NMDC20558276	1	0	0	1	0	0	0	0	0	0	R
NMDC20558277	1	0	0	1	0	0	0	0	0	0	R
NMDC20556270	1	0	0	1	0	0	0	0	0	1	R
NMDC20552253	1	0	0	1	0	0	0	0	0	1	R
NMDC20587341	1	0	0	0	0	0	0	0	0	0	R
NMDC20556271	1	0	0	0	0	0	0	0	0	0	R
NMDC20587342	1	0	0	0	0	0	0	0	0	0	R
NMDC20552254	0	0	0	1	0	0	1	0	0	1	R
NMDC20554271	1	0	0	1	0	0	0	0	0	0	R
NMDC20554274	1	0	0	0	0	0	0	0	0	0	R
NMDC20552255	1	0	0	0	0	0	0	0	0	0	R
NMDC20558282	1	0	0	0	0	0	0	0	0	0	R
NMDC20558283	1	0	0	0	0	0	0	0	0	0	R
NMDC20552256	1	0	0	1	1	0	0	0	0	0	R
NMDC20558284	1	0	0	1	0	0	0	0	0	0	R
NMDC20552258	1	0	0	1	0	0	0	0	0	1	R
NMDC20552259	1	0	0	0	0	0	0	0	0	0	R
NMDC20552260	1	0	0	0	0	0	0	0	0	0	R
NMDC20587349	1	0	0	0	0	0	0	0	0	0	R
NMDC20587350	1	0	0	0	0	0	0	0	0	0	R
NMDC20556272	1	0	0	0	0	0	0	0	0	0	R
NMDC20587352	1	0	0	0	0	0	0	0	0	0	R
NMDC20587353	1	0	0	1	0	0	0	0	0	1	R
NMDC20587354	0	0	0	1	0	0	1	0	0	1	R
NMDC20556273	1	1	0	1	0	0	1	0	0	0	R
NMDC20556275	0	0	0	1	1	1	0	0	0	1	R
NMDC20554276	1	0	0	1	0	0	0	0	0	0	R
NMDC20558286	1	0	0	0	0	0	0	0	0	0	R
NMDC20587357	1	0	0	1	0	0	0	0	0	0	R
NMDC20552263	1	0	0	1	0	0	0	0	0	0	R
NMDC20587358	1	0	0	0	0	0	0	0	0	0	R
NMDC20554279	1	0	0	0	0	0	0	0	0	0	R
NMDC20558287	1	0	0	0	0	0	0	0	0	0	R
NMDC20556276	1	0	0	0	0	0	0	0	0	0	R
NMDC20558288	1	0	0	0	0	0	0	0	0	0	R
NMDC20587360	1	0	0	0	0	0	0	0	0	0	R
NMDC20554280	1	0	1	0	0	0	0	0	0	1	R
NMDC20587361	1	0	0	0	0	0	0	0	0	0	R
NMDC20554281	1	0	0	1	0	0	0	0	0	0	R
NMDC20554282	1	0	0	0	0	0	0	0	0	0	R
NMDC20556277	1	0	0	1	0	0	0	0	0	1	R
NMDC20587363	1	0	0	0	0	0	0	0	0	0	R
NMDC20587364	1	0	0	1	0	0	0	0	0	0	R
NMDC20552264	1	0	0	0	0	0	0	0	1	0	R
NMDC20558290	0	0	0	1	1	0	0	0	0	0	R
NMDC20554283	1	0	0	1	0	0	0	0	0	1	R
NMDC20556278	0	0	0	1	1	0	0	0	0	0	R
NMDC20587367	1	0	0	1	0	0	0	0	0	0	R
NMDC20587371	1	0	0	0	0	0	0	0	0	0	R
NMDC20558292	1	0	0	1	0	0	0	0	0	0	R
NMDC20552270	0	0	0	1	1	0	0	0	0	0	R
NMDC20587375	1	0	0	0	0	0	0	0	0	0	R
NMDC20558293	0	0	0	1	1	0	0	0	0	0	R
NMDC20587377	1	0	0	0	0	0	0	0	0	0	R
NMDC20556281	1	0	0	1	0	0	0	0	0	0	R
NMDC20587378	1	0	0	0	0	0	0	0	0	0	R
NMDC20587379	1	0	0	1	0	0	0	0	0	0	R
NMDC20558294	0	1	0	1	1	0	0	0	0	0	R
NMDC20587380	1	0	0	0	0	0	0	0	0	0	R
NMDC20552273	0	0	0	1	1	0	0	0	0	1	R
NMDC20587381	1	1	0	0	0	0	1	0	0	1	R
NMDC20587382	1	0	0	1	0	0	0	0	0	0	R
NMDC20558295	1	0	0	1	0	0	0	0	0	0	R
NMDC20552274	1	0	0	0	0	0	0	0	0	1	R
NMDC20554289	1	0	0	0	0	0	0	0	0	0	R
NMDC20587383	0	0	0	0	0	0	1	0	0	1	R
NMDC20552275	1	0	0	0	0	0	0	0	0	0	R
NMDC20554291	0	1	0	1	1	0	0	0	0	0	R
NMDC20587384	1	0	0	1	0	0	0	0	0	0	R
NMDC20587385	1	0	0	0	0	0	0	0	0	0	R
NMDC20558296	1	0	0	0	0	0	0	0	0	0	R
NMDC20587386	1	0	0	0	0	0	0	0	0	0	R
NMDC20556282	1	0	0	0	0	0	0	0	0	0	R
NMDC20558299	1	0	0	0	0	0	0	0	0	0	R
NMDC20554293	1	0	0	0	0	0	0	0	0	0	R
NMDC20587387	1	0	0	1	0	0	0	0	0	0	R
NMDC20554294	1	0	0	0	0	0	0	0	0	0	R
NMDC20554295	1	0	0	1	0	0	0	0	0	0	R
NMDC20552279	1	0	0	0	0	0	0	0	0	0	R
NMDC20587388	1	0	0	1	1	0	0	0	0	1	R
NMDC20587389	1	0	0	0	0	0	0	0	0	0	R
NMDC20556283	1	0	0	0	0	0	0	0	0	0	R
NMDC20556284	1	0	0	0	0	0	0	0	0	0	R
NMDC20558300	0	0	0	1	1	0	0	0	0	0	R
NMDC20554296	0	1	0	1	1	0	0	0	0	0	R
NMDC20556286	0	1	0	1	1	0	0	0	0	0	R
NMDC20552280	1	0	0	1	0	0	0	0	0	0	R
NMDC20587391	1	0	0	0	0	0	0	0	0	0	R
NMDC20587393	1	0	0	0	0	0	0	0	0	0	R
NMDC20558302	1	0	0	1	0	0	0	0	0	0	R
NMDC20558303	0	1	0	1	0	0	1	0	0	0	R
NMDC20558304	1	0	0	0	0	0	0	0	0	0	R
NMDC20558305	1	0	0	1	0	0	0	0	0	1	R
NMDC20556287	1	0	0	1	0	0	0	0	0	0	R
NMDC20552281	1	0	0	1	0	0	0	0	0	0	R
NMDC20554299	0	0	0	1	1	0	0	0	0	0	R
NMDC20587396	1	0	0	0	0	0	0	0	0	0	R
NMDC20587398	1	0	1	0	0	0	0	0	0	1	R
NMDC20558306	0	1	0	0	0	0	0	0	1	1	R
NMDC20587399	1	0	0	0	0	0	0	0	0	0	R
NMDC20556289	0	1	0	1	1	0	0	0	0	0	R
NMDC20587401	1	0	0	0	0	0	0	0	0	0	R
NMDC20556290	0	0	0	1	1	0	0	0	0	0	R
NMDC20556291	1	0	0	0	0	0	0	0	0	0	R
NMDC20587402	0	0	0	1	0	0	0	0	0	0	R
NMDC20556292	1	0	0	0	0	0	0	0	0	0	R
NMDC20558308	1	0	0	1	0	0	0	0	0	0	R
NMDC20554300	0	0	0	0	0	0	1	0	0	1	R
NMDC20587404	1	0	0	1	0	0	0	0	0	0	R
NMDC20587405	0	1	0	1	0	0	1	0	0	1	R
NMDC20558309	1	0	0	0	0	0	0	0	0	0	R
NMDC20587406	0	0	0	0	0	0	0	1	0	0	R
NMDC20587407	0	1	0	1	1	0	0	0	0	0	R
NMDC20556293	1	0	0	0	0	0	0	0	0	0	R
NMDC20554301	1	0	0	0	0	0	0	0	0	0	R
NMDC20556294	1	0	0	0	0	0	0	0	0	0	R
NMDC20554302	1	0	0	0	0	0	0	0	0	0	R
NMDC20554303	0	1	0	1	0	0	1	0	0	0	R
NMDC20558310	0	1	0	1	1	0	0	0	0	0	R
NMDC20554304	0	1	0	1	1	0	0	0	0	0	R
NMDC20552285	1	0	0	0	0	0	0	0	0	0	R
NMDC20554305	1	0	0	0	0	0	0	0	0	0	R
NMDC20558311	1	0	0	0	0	0	0	0	0	0	R
NMDC20587413	1	1	0	1	0	1	0	0	0	0	R
NMDC20558312	1	0	0	0	0	0	0	0	0	0	R
NMDC20554306	0	1	0	1	0	0	0	0	1	0	R
NMDC20554307	1	0	0	0	0	0	0	0	0	0	R
NMDC20587414	1	0	0	0	0	0	0	0	0	0	R
NMDC20554308	1	1	0	1	1	0	0	0	0	0	R
NMDC20556296	1	0	0	1	0	0	0	0	0	0	R
NMDC20558314	1	0	0	0	0	0	0	0	0	0	R
NMDC20558315	1	0	0	0	0	0	0	0	0	0	R
NMDC20587416	1	0	0	1	0	0	0	0	0	0	R
NMDC20554309	1	0	0	0	0	0	0	0	0	0	R
NMDC20587419	1	0	0	0	0	0	0	0	0	0	R
NMDC20587420	1	0	0	1	0	0	0	0	0	0	R
NMDC20558318	1	0	0	0	0	0	0	0	0	0	R
NMDC20556298	1	0	0	0	0	0	0	0	0	0	R
NMDC20554310	1	0	0	1	0	0	0	0	0	0	R
NMDC20552287	1	0	0	0	0	0	0	0	0	0	R
NMDC20558320	1	0	0	0	0	0	0	0	0	0	R
NMDC20587423	1	0	0	1	0	0	0	0	0	0	R
NMDC20556300	1	0	0	1	0	0	0	0	0	0	R
NMDC20552288	1	1	0	0	1	0	0	0	0	0	R
NMDC20587424	1	0	0	0	0	0	0	0	0	0	R
NMDC20556301	1	1	0	1	0	0	0	0	0	0	R
NMDC20587426	0	1	0	0	0	1	0	0	1	1	R
NMDC20587427	1	0	0	0	0	0	0	0	0	0	R
NMDC20556302	1	0	0	0	0	0	0	0	0	1	R
NMDC20587428	1	0	0	0	0	0	0	0	0	0	R
NMDC20556303	1	0	0	0	0	0	0	0	0	0	R
NMDC20554312	0	0	0	1	0	0	0	0	0	1	R
NMDC20587429	0	0	0	1	0	0	0	0	0	1	R
NMDC20556304	1	0	0	0	0	0	0	0	0	0	R
NMDC20556305	0	0	0	0	0	1	0	0	0	0	R
NMDC20587430	1	0	0	0	0	0	0	0	0	0	R
NMDC20554313	1	0	0	0	0	0	0	0	0	0	R
NMDC20587433	1	0	0	0	0	0	0	0	0	0	R
NMDC20587434	0	0	0	1	0	0	1	0	0	1	R
NMDC20554314	1	0	0	1	1	0	0	0	0	1	R
NMDC20587435	1	0	0	1	0	1	0	0	0	1	R
NMDC20558325	1	0	0	0	0	0	0	0	0	0	R
NMDC20558326	1	0	0	0	0	0	0	0	0	0	R
NMDC20587436	1	0	0	0	0	0	0	0	0	0	R
NMDC20558327	1	0	0	0	0	0	0	0	0	0	R
NMDC20554315	1	0	1	0	0	0	0	0	0	0	R
NMDC20554316	0	1	0	1	0	0	1	0	0	0	R
NMDC20556308	1	0	0	0	0	0	0	0	0	0	R
NMDC20587439	1	0	1	0	0	0	0	0	0	1	R
NMDC20587440	1	0	0	0	0	0	0	0	0	0	R
NMDC20558331	0	0	0	0	0	0	0	0	0	0	R
NMDC20556309	1	0	0	1	1	1	0	0	0	1	R
NMDC20558332	1	0	0	0	0	0	0	0	0	0	R
NMDC20587443	1	0	1	0	0	0	0	0	0	1	R
NMDC20556311	1	0	0	0	0	0	0	0	0	0	R
NMDC20587444	0	1	0	1	1	0	0	0	0	0	R
NMDC20587445	1	0	0	0	0	0	0	0	0	0	R
NMDC20587446	1	0	0	1	0	0	0	0	0	0	R
NMDC20552294	0	1	0	1	0	0	1	0	0	1	R
NMDC20587448	0	0	0	0	0	0	0	0	0	0	R
NMDC20556313	0	0	0	1	1	1	0	0	0	1	R
NMDC20587450	1	1	0	1	0	0	0	0	0	1	R
NMDC20552295	1	0	0	1	1	1	0	0	0	0	R
NMDC20554319	1	0	0	1	0	0	0	0	0	1	R
NMDC20556314	0	1	0	1	0	0	1	0	0	1	R
NMDC20587451	0	0	0	1	1	0	0	0	0	0	R
NMDC20587452	1	0	0	0	0	0	0	0	0	0	R
NMDC20587453	1	0	0	0	0	0	0	0	0	0	R
NMDC20558333	0	0	0	0	0	0	0	0	0	0	R
NMDC20552296	1	0	0	0	0	0	0	0	0	0	R
NMDC20558334	1	0	0	0	0	0	0	0	0	0	R
NMDC20587454	1	0	0	0	0	0	0	0	0	0	R
NMDC20554320	0	0	0	0	0	0	1	0	0	1	R
NMDC20554322	1	0	0	0	0	0	0	0	0	0	R
NMDC20552298	1	0	0	1	0	0	0	0	0	0	R
NMDC20558335	1	0	0	0	0	0	0	0	0	0	R
NMDC20554323	0	1	0	1	0	0	1	0	0	1	R
NMDC20587455	1	0	0	0	0	0	0	0	0	0	R
NMDC20556318	0	0	1	0	0	0	0	0	0	0	R
NMDC20587456	1	0	0	0	0	0	0	0	0	0	R
NMDC20558336	0	1	0	1	1	0	0	0	0	0	R
NMDC20556319	1	0	0	0	0	0	0	0	0	0	R
NMDC20587458	1	0	0	0	0	0	0	0	0	0	R
NMDC20587459	1	0	0	0	0	0	0	0	0	0	R
NMDC20558337	1	0	0	1	0	0	0	0	0	0	R
NMDC20552300	1	0	0	1	0	0	0	0	0	0	R
NMDC20587460	1	1	0	1	0	1	0	0	0	0	R
NMDC20556320	1	1	0	1	1	0	0	0	0	0	R
NMDC20587461	1	0	0	1	0	0	0	0	0	0	R
NMDC20556321	1	0	0	1	0	0	0	0	0	0	R
NMDC20556322	1	0	0	0	0	0	0	0	0	0	R
NMDC20587462	1	0	0	0	0	0	0	0	0	0	R
NMDC20587463	1	0	0	0	0	0	0	0	0	0	R
NMDC20587464	1	0	0	0	0	0	0	0	0	0	R
NMDC20554325	1	1	0	1	1	0	0	0	0	0	R
NMDC20552301	0	1	0	1	0	1	0	0	0	0	R
NMDC20587465	0	1	0	1	1	1	0	0	0	0	R
NMDC20558338	1	0	0	0	0	0	0	0	0	0	R
NMDC20554327	0	1	0	1	1	0	0	0	0	0	R
NMDC20587467	1	0	0	0	0	0	0	0	0	0	R
NMDC20558339	0	0	0	0	0	0	1	0	0	1	R
NMDC20558340	1	0	0	0	0	0	0	0	0	0	R
NMDC20587468	1	0	0	0	0	0	0	0	0	0	R
NMDC20587469	1	0	0	1	0	0	0	0	0	1	R
NMDC20556325	0	1	0	1	1	0	0	0	0	0	R
NMDC20558341	1	0	0	0	0	0	0	0	0	0	R
NMDC20558342	0	1	0	1	1	0	0	0	0	0	R
NMDC20587470	0	1	0	1	1	0	0	0	0	0	R
NMDC20552303	0	0	0	1	0	0	1	0	0	1	R
NMDC20587472	1	0	0	0	0	0	0	0	0	0	R
NMDC20587473	1	0	0	0	0	0	0	0	0	0	R
NMDC20587476	1	0	0	0	0	0	0	0	0	0	R
NMDC20552305	0	0	1	1	0	0	0	0	0	0	R
NMDC20556327	1	0	0	0	0	0	0	0	0	0	R
NMDC20558343	1	1	0	1	1	0	0	0	0	0	R
NMDC20587479	1	0	0	0	0	0	0	0	0	0	R
NMDC20587480	1	0	0	1	0	0	0	0	0	0	R
NMDC20558344	0	0	0	1	1	1	0	0	0	1	R
NMDC20554331	1	0	0	0	0	0	0	0	0	0	R
NMDC20587481	1	0	0	1	1	1	0	0	0	0	R
NMDC20587482	1	1	0	1	1	1	0	0	0	0	R
NMDC20558345	0	1	0	1	1	0	0	0	0	0	R
NMDC20556329	1	0	0	0	0	0	0	0	0	0	R
NMDC20587483	1	0	0	1	1	1	0	0	0	0	R
NMDC20587485	1	0	0	0	0	0	0	0	0	0	R
NMDC20552307	1	0	0	0	0	0	0	0	0	0	R
NMDC20587486	1	0	0	0	0	0	0	0	0	0	R
NMDC20554332	1	0	0	0	0	0	0	0	0	0	R
NMDC20552310	1	0	0	0	0	0	0	0	0	0	R
NMDC20556331	1	1	0	1	1	0	0	0	0	0	R
NMDC20558348	0	0	0	1	1	0	0	0	0	0	R
NMDC20587492	1	0	0	0	0	0	0	0	0	0	R
NMDC20587493	1	0	0	0	0	1	0	0	0	0	R
NMDC20554334	1	0	0	1	1	0	0	0	0	0	R
NMDC20558349	1	0	0	0	0	0	0	0	0	0	R
NMDC20587494	1	0	0	0	0	0	0	0	0	0	R
NMDC20587498	0	0	0	1	0	0	0	0	0	0	R
NMDC20587499	1	0	0	1	0	0	0	0	0	0	R
NMDC20587501	1	0	0	1	0	0	0	0	0	0	R
NMDC20587504	0	0	0	0	0	0	0	0	1	0	R
NMDC20558350	1	0	0	0	0	0	0	0	0	0	R
NMDC20587505	0	0	0	0	0	0	0	0	0	0	R
NMDC20552313	1	1	0	1	0	0	0	0	0	0	R
NMDC20587508	0	0	0	1	0	1	0	0	0	0	R
NMDC20552316	1	0	0	1	0	0	0	0	0	0	R
NMDC20587510	1	0	0	1	0	0	0	0	0	0	R
NMDC20556335	1	0	1	1	0	1	0	0	0	0	R
NMDC20587512	1	1	0	1	0	0	1	0	0	1	R
NMDC20556336	1	0	0	0	0	0	0	0	0	0	R
NMDC20558353	1	0	0	0	0	0	0	0	0	0	R
NMDC20587513	1	0	0	0	0	0	0	0	0	0	R
NMDC20587515	1	0	0	0	0	0	0	0	0	0	R
NMDC20558355	1	0	0	0	0	0	0	0	0	0	R
NMDC20552317	1	0	0	0	0	0	0	0	0	0	R
NMDC20587516	1	0	0	0	0	0	0	0	0	0	R
NMDC20558357	1	0	0	0	0	0	0	0	0	0	R
NMDC20552318	1	0	0	0	0	0	0	0	0	0	R
NMDC20558358	1	0	0	0	0	0	0	0	0	0	R
NMDC20587517	1	0	0	0	0	0	0	0	0	0	R
NMDC20558359	1	0	0	0	0	0	0	0	0	0	R
NMDC20558360	0	0	0	0	0	0	0	0	0	0	R
NMDC20552320	1	0	0	0	0	0	0	0	0	0	R
NMDC20552322	1	0	0	1	0	0	0	0	0	0	R
NMDC20552323	1	0	0	1	1	1	0	0	0	0	R
NMDC20587519	1	0	0	1	0	0	0	0	0	0	R
NMDC20587521	1	0	0	1	0	0	1	0	0	1	R
NMDC20587522	1	0	0	0	0	0	0	0	0	0	R
NMDC20587523	1	0	0	0	0	0	0	0	0	0	R
NMDC20558361	1	0	0	0	0	0	0	0	0	0	R
NMDC20587524	1	0	0	0	0	0	0	0	0	0	R
NMDC20587525	1	0	0	0	0	0	0	0	0	0	R
NMDC20587526	1	0	0	1	1	0	0	0	0	0	R
NMDC20554341	1	0	0	0	0	0	0	0	0	0	R
NMDC20558362	1	0	0	0	0	0	0	0	0	0	R
NMDC20587527	1	0	0	0	0	0	0	0	0	0	R
NMDC20587528	1	0	0	0	0	0	0	0	0	0	R
NMDC20554343	1	0	0	0	0	0	0	0	0	0	R
NMDC20558363	1	0	0	0	0	0	0	0	0	0	R
NMDC20554344	1	0	0	0	0	0	0	0	0	0	R
NMDC20587530	1	0	0	0	0	0	0	0	0	0	R
NMDC20587532	1	0	0	1	0	0	0	0	0	0	R
NMDC20587533	1	0	0	1	0	0	0	0	0	0	R
NMDC20552325	1	0	0	0	0	0	0	0	0	0	R
NMDC20587534	1	0	1	0	0	0	0	0	0	1	R
NMDC20587536	1	0	0	1	1	1	0	0	0	0	R
NMDC20558364	1	0	0	1	0	0	0	0	0	0	R
NMDC20558366	1	0	0	0	0	0	0	0	0	0	R
NMDC20558367	1	0	0	0	0	0	0	0	0	0	R
NMDC20552327	0	0	0	0	0	0	0	0	1	0	R
NMDC20558368	1	0	0	1	0	0	0	0	0	0	R
NMDC20552328	1	0	0	1	0	0	0	0	0	0	R
NMDC20554346	0	0	0	1	1	1	0	0	0	1	R
NMDC20556340	1	0	0	0	0	0	0	0	0	0	R
NMDC20554347	1	0	0	0	0	0	0	0	0	0	R
NMDC20587543	1	0	0	1	0	0	0	0	0	0	R
NMDC20552329	1	0	0	0	0	0	0	0	0	1	R
NMDC20554349	1	0	0	0	0	0	0	0	0	0	R
NMDC20554350	0	0	0	0	0	0	0	0	0	0	R
NMDC20556341	1	1	0	1	1	0	0	0	0	0	R
NMDC20552332	1	0	0	0	0	0	0	0	0	0	R
NMDC20556342	0	0	0	1	0	0	0	0	0	0	R
NMDC20556343	1	0	0	1	0	0	0	0	0	0	R
NMDC20554352	1	0	0	0	0	0	0	0	0	0	R
NMDC20552335	1	0	0	0	0	0	0	0	0	0	R
NMDC20587551	1	0	0	0	0	0	0	0	0	0	R
NMDC20587552	1	0	0	0	0	0	0	0	0	0	R
NMDC20587553	0	1	0	1	0	0	1	0	0	0	R
NMDC20552336	1	0	0	0	0	0	0	0	0	0	R
NMDC20587554	1	0	0	1	0	0	0	0	0	1	R
NMDC20556346	1	0	0	0	0	0	0	0	0	0	R
NMDC20556347	1	0	0	1	1	0	0	0	0	0	R
NMDC20554353	1	0	0	1	0	0	0	0	0	1	R
NMDC20587555	1	0	0	0	0	0	0	0	0	0	R
NMDC20554354	1	0	0	1	0	0	0	0	0	1	R
NMDC20554357	1	0	0	0	0	0	0	0	0	0	R
NMDC20587558	1	0	0	0	0	0	0	0	0	0	R
NMDC20587559	0	1	0	0	0	0	0	0	1	0	R
NMDC20587561	1	0	0	1	1	1	0	0	0	0	R
NMDC20587562	0	0	0	0	0	0	0	0	0	1	R
NMDC20552341	1	0	0	0	0	0	1	0	0	1	R
NMDC20558372	1	0	0	1	0	0	0	0	0	0	R
NMDC20554359	1	0	0	1	0	0	0	0	0	0	R
NMDC20552343	1	0	0	1	0	0	0	0	0	0	R
NMDC20552344	0	0	0	0	0	0	0	0	0	1	R
NMDC20587566	1	0	0	1	0	0	0	0	0	0	R
NMDC20554361	1	0	0	0	0	0	0	0	0	1	R
NMDC20556352	0	0	0	1	0	0	1	0	0	1	R
NMDC20558374	1	1	0	1	1	0	0	0	0	0	R
NMDC20558375	0	1	0	1	1	0	0	0	0	0	R
NMDC20558376	0	1	0	1	0	0	1	0	0	1	R
NMDC20587567	1	0	0	0	0	0	0	0	0	0	R
NMDC20587571	0	0	0	0	0	0	0	0	0	0	R
NMDC20587574	0	1	0	1	0	0	1	0	0	1	R
NMDC20587575	1	0	1	1	0	0	0	0	0	0	R
NMDC20587576	1	0	0	0	0	0	0	0	0	0	R
NMDC20587579	0	0	1	0	0	0	0	0	0	0	R
NMDC20587580	0	0	1	1	1	0	0	0	0	1	R
NMDC20587582	0	0	0	0	0	0	0	0	0	0	R
NMDC20587583	0	0	0	0	0	0	0	0	0	0	R
NMDC20587589	0	0	0	0	0	0	0	0	0	0	R
NMDC20587590	1	0	0	1	0	0	0	0	0	0	R
NMDC20587594	1	0	0	0	0	0	0	0	0	0	R
NMDC20587596	1	0	0	0	0	0	0	0	0	0	R
NMDC20587598	1	0	1	1	0	0	0	0	0	0	R
NMDC20587599	1	0	0	1	0	0	0	0	0	0	R
NMDC20587600	1	0	0	1	0	0	0	0	0	0	R
NMDC20587601	1	0	0	0	0	0	0	0	0	0	R
NMDC20587602	0	1	0	1	0	1	0	0	1	0	R
NMDC20587603	1	1	0	1	0	0	1	0	0	1	R
NMDC20587604	0	1	0	1	0	0	1	0	0	0	R
NMDC20587605	0	0	0	0	0	0	0	0	0	0	R
NMDC20587606	0	0	0	1	1	1	0	0	0	1	R
NMDC20587612	1	0	0	1	0	0	0	0	0	0	R
NMDC20587615	1	0	0	1	0	0	0	0	0	0	R
NMDC20587616	1	0	0	0	0	0	0	0	0	0	R
NMDC20587620	1	0	0	0	0	0	0	0	0	0	R
NMDC20587621	1	0	0	1	0	0	0	0	0	0	R
NMDC20587622	1	0	0	1	0	0	0	0	0	0	R
NMDC20587623	1	0	0	1	0	0	0	0	0	0	R
NMDC20587624	1	0	0	1	0	0	0	0	0	0	R
NMDC20587625	1	0	0	1	0	0	0	0	0	0	R
NMDC20587626	1	0	0	1	0	0	0	0	0	0	R
NMDC20587627	1	0	0	1	0	0	0	0	0	0	R
NMDC20587628	0	0	1	1	1	0	0	0	0	1	R
NMDC20587629	0	0	1	1	1	0	0	0	0	1	R
NMDC20587630	0	0	1	1	1	0	0	0	0	1	R
NMDC20587631	1	0	1	0	0	0	0	0	0	1	R
NMDC20587632	1	0	0	1	0	0	0	0	0	0	R
NMDC20587637	1	0	0	1	1	0	0	0	0	1	R
NMDC20587636	1	0	0	0	0	0	0	0	0	0	R
NMDC20587642	1	0	0	1	0	0	0	0	0	1	R
NMDC20587643	1	0	0	1	0	0	0	0	0	1	R
NMDC20587646	1	0	0	0	0	0	0	0	0	0	R
NMDC20587648	0	0	0	1	1	0	0	0	0	0	R
NMDC20587650	0	0	0	0	0	0	0	0	1	1	R
NMDC20587652	0	0	0	0	0	0	0	0	1	1	R
NMDC20587653	0	0	0	0	0	0	0	0	1	1	R
NMDC20587655	0	0	0	1	1	1	0	0	0	1	R
NMDC20587656	0	1	0	1	1	0	0	0	0	0	R
NMDC20587660	1	0	0	0	0	0	0	0	0	0	R
NMDC20587664	1	0	0	0	0	0	0	0	0	0	R
NMDC20587665	0	0	0	1	0	1	0	0	0	0	R
NMDC20587668	0	0	0	1	1	1	0	0	0	1	R
NMDC20587669	0	0	0	1	1	1	0	0	0	1	R
NMDC20587673	1	0	0	1	0	0	0	0	0	1	R
NMDC20587674	1	0	0	0	0	0	0	0	0	0	R
NMDC20587676	0	0	0	1	1	1	0	0	0	1	R
NMDC20587682	1	0	0	0	0	0	0	0	0	0	R
NMDC20587683	1	0	0	0	0	0	0	0	0	0	R
NMDC20587684	1	0	0	0	0	0	0	0	0	0	R
NMDC20587687	1	0	0	1	1	1	0	0	0	0	R
NMDC20587688	1	0	0	1	1	1	0	0	0	0	R
NMDC20587689	1	0	0	0	0	0	0	0	0	0	R
NMDC20587690	1	0	0	0	0	0	0	0	0	0	R
NMDC20587691	1	0	0	0	0	0	0	0	0	0	R
NMDC20587692	0	0	0	1	0	0	0	0	0	0	R
NMDC20587695	1	0	1	1	0	0	0	0	0	0	R
NMDC20587696	1	0	1	1	0	0	0	0	0	0	R
NMDC20587698	1	0	0	0	0	0	0	0	0	0	R
NMDC20587704	0	0	0	1	0	0	0	0	0	0	R
NMDC20587705	0	0	0	1	0	0	0	0	0	0	R
NMDC20587706	0	0	0	1	1	1	0	0	0	1	R
NMDC20587708	1	0	0	1	1	1	0	0	0	0	R
NMDC20587712	0	1	0	1	0	0	1	0	0	0	R
NMDC20587713	0	0	0	1	1	1	0	0	0	1	R
NMDC20587716	0	0	0	1	1	1	0	0	0	1	R
NMDC20587718	1	1	0	1	1	0	0	0	0	0	R
NMDC20587719	1	0	0	0	0	0	0	0	0	0	R
NMDC20587720	0	1	0	1	0	0	1	0	0	0	R
NMDC20587721	0	1	0	1	0	0	1	0	0	0	R
NMDC20587722	1	0	0	1	0	0	0	0	0	0	R
NMDC20587723	0	0	0	0	0	0	0	0	1	1	R
NMDC20587726	1	0	0	0	0	0	0	0	0	0	R
NMDC20587728	0	0	0	0	0	0	0	0	1	1	R
NMDC20587729	0	0	0	0	0	0	0	0	1	1	R
NMDC20587731	0	0	0	1	1	0	0	0	0	0	R
NMDC20587732	1	0	1	0	0	0	0	0	0	1	R
NMDC20587734	1	0	0	1	0	0	0	0	0	0	R
NMDC20587735	0	0	0	1	1	0	0	0	0	0	R
NMDC20587737	1	0	1	0	0	0	0	0	0	1	R
NMDC20587738	1	0	1	1	0	0	0	0	0	0	R
NMDC20587739	1	0	1	0	0	0	0	0	0	0	R
NMDC20587740	1	0	0	0	0	0	0	0	0	1	R
NMDC20587741	0	0	0	1	1	0	0	0	0	0	R
NMDC20587742	1	0	0	1	0	0	0	0	0	0	R
NMDC20587744	1	0	0	1	0	0	0	0	0	0	R
NMDC20587745	0	0	0	1	0	0	0	0	0	1	R
NMDC20587754	1	0	0	1	0	0	0	0	0	1	R
NMDC20587755	1	0	0	1	0	0	0	0	0	1	R
NMDC20587756	1	0	0	1	0	0	0	0	0	0	R
NMDC20587759	1	0	0	1	0	0	0	0	0	1	R
NMDC20587761	1	0	0	1	0	0	0	0	0	1	R
NMDC20587762	1	0	0	1	0	0	0	0	0	0	R
NMDC20587763	1	0	0	1	0	0	0	0	0	0	R
NMDC20587773	1	0	0	0	0	0	0	0	0	0	R
NMDC20587775	1	0	0	0	1	0	0	0	0	0	R
NMDC20587776	1	0	0	1	0	0	0	0	0	0	R
NMDC20587779	1	0	1	1	0	0	0	0	0	0	R
NMDC20587784	1	0	0	1	0	0	0	0	0	0	R
NMDC20587785	0	0	0	1	0	0	0	0	0	0	R
NMDC20587786	0	1	0	1	1	0	0	0	0	0	R
NMDC20587787	1	0	0	1	0	0	0	0	0	1	R
NMDC20587788	1	0	1	0	0	0	0	0	0	1	R
NMDC20587789	1	0	0	1	0	0	0	0	0	0	R
NMDC20587790	1	0	0	1	0	0	0	0	0	1	R
NMDC20587791	1	0	1	1	0	0	0	0	0	0	R
NMDC20587793	0	0	0	1	0	1	0	0	0	0	R
NMDC20587794	1	0	0	1	0	0	0	0	0	1	R
NMDC20587795	1	0	0	1	0	0	0	0	0	0	R
NMDC20587796	1	0	0	1	0	0	0	0	0	0	R
NMDC20587797	1	0	0	0	0	0	0	0	0	0	R
NMDC20587800	1	0	0	0	0	0	0	0	0	1	R
NMDC20587802	0	1	0	1	0	0	0	0	0	0	R
NMDC20587805	0	1	0	1	0	0	0	0	0	0	R
NMDC20587815	1	0	1	0	0	0	0	0	0	0	R
NMDC20587816	1	0	1	0	0	0	0	0	0	1	R
NMDC20587817	1	0	0	1	0	0	0	0	0	0	R
NMDC20587821	0	1	0	1	0	0	1	0	0	1	R
NMDC20587823	0	1	0	1	0	0	1	0	0	1	R
NMDC20587826	1	0	1	0	0	0	0	0	0	1	R
NMDC20587830	1	0	1	0	0	0	0	0	0	1	R
NMDC20587832	1	1	0	0	1	0	0	0	0	0	R
NMDC20587833	0	1	0	1	0	0	1	0	0	1	R
NMDC20587839	1	0	0	0	0	0	0	0	0	0	R
NMDC20587840	1	0	0	0	0	0	0	0	0	0	R
NMDC20587842	1	0	1	1	0	0	0	0	0	0	R
NMDC20587846	1	0	1	0	0	0	0	0	0	0	R
NMDC20587847	1	0	1	0	0	0	0	0	0	0	R
NMDC20587849	1	0	0	0	0	0	0	0	0	0	R
NMDC20587854	1	1	0	1	0	0	1	0	0	1	R
NMDC20587857	1	0	1	1	0	0	0	0	0	0	R
NMDC20587858	1	0	0	1	0	0	0	0	0	0	R
NMDC20587865	1	0	0	1	0	0	0	0	0	0	R
NMDC20587867	1	0	0	1	1	0	0	0	0	1	R
NMDC20587868	1	0	1	1	0	0	0	0	0	0	R
NMDC20587870	1	0	1	1	0	0	0	0	0	0	R
NMDC20587873	1	0	0	1	0	0	0	0	0	0	R
NMDC20587875	1	0	1	1	0	0	0	0	0	0	R
NMDC20587876	1	0	1	1	0	0	0	0	0	0	R
NMDC20587877	0	1	0	1	0	0	1	0	0	0	R
NMDC20587878	0	1	0	1	0	0	0	0	0	0	R
NMDC20587880	1	0	0	1	0	0	0	0	0	0	R
NMDC20587885	1	1	0	1	0	0	0	0	0	0	R
NMDC20587889	1	0	0	1	0	0	0	0	0	1	R
NMDC20587891	1	0	0	1	0	0	0	0	0	0	R
NMDC20587892	1	0	0	1	0	0	0	0	0	0	R
NMDC20587893	1	0	0	1	0	0	0	0	0	0	R
NMDC20587895	1	0	1	0	0	0	0	0	0	0	R
NMDC20587897	1	0	0	1	0	0	0	0	0	1	R
NMDC20587899	1	0	1	1	0	0	0	0	0	0	R
NMDC20587900	1	0	0	0	0	0	0	0	0	0	R
NMDC20587904	1	0	1	0	0	0	0	0	0	1	R
NMDC20587910	1	0	0	1	0	0	0	0	0	1	R
NMDC20587912	1	0	0	0	0	0	0	0	0	0	R
NMDC20587914	1	0	0	1	0	0	0	0	0	0	R
NMDC20587915	1	0	0	1	1	1	0	0	0	0	R
NMDC20587916	1	0	0	1	0	0	0	0	0	0	R
NMDC20587919	1	0	0	0	0	0	0	0	0	0	R
NMDC20587920	0	1	0	1	0	0	1	0	0	0	R
NMDC20587922	1	0	0	1	0	0	0	0	0	0	R
NMDC20587925	1	0	1	0	0	0	0	0	0	0	R
NMDC20587926	1	0	0	0	0	0	0	0	0	0	R
NMDC20587929	0	1	0	1	0	0	1	0	0	0	R
NMDC20587931	0	1	0	1	0	0	1	0	0	0	R
NMDC20587932	0	1	0	1	0	0	1	0	0	0	R
NMDC20587934	1	0	0	1	0	0	0	0	0	0	R
NMDC20587935	1	0	0	0	0	0	0	0	0	0	R
NMDC20587937	0	0	0	1	1	1	0	0	0	1	R
NMDC20587938	0	0	0	1	0	0	0	0	0	0	R
NMDC20587942	0	1	0	1	0	0	1	0	0	0	R
NMDC20587943	0	1	0	1	0	0	1	0	0	0	R
NMDC20587944	1	0	0	1	0	0	0	0	0	0	R
NMDC20587947	1	0	0	0	0	0	0	0	0	0	R
NMDC20587950	1	0	0	0	0	0	0	0	0	0	R
NMDC20587951	0	0	0	1	0	1	0	0	0	1	R
NMDC20587952	0	0	0	1	0	1	0	0	0	1	R
NMDC20587953	0	0	0	1	0	1	0	0	0	1	R
NMDC20587954	0	0	0	1	0	1	0	0	0	1	R
NMDC20587958	1	0	0	0	0	0	0	0	0	0	R
NMDC20587959	0	0	1	1	1	1	0	0	0	0	R
NMDC20587960	0	0	0	0	0	0	0	0	1	1	R
NMDC20587964	0	0	0	1	1	1	0	0	0	1	R
NMDC20587965	1	0	0	1	0	0	0	0	0	0	R
NMDC20587967	0	1	0	1	0	1	1	0	0	1	R
NMDC20587968	0	0	1	1	0	0	0	0	0	0	R
NMDC20587971	1	0	0	0	0	0	0	0	0	0	R
NMDC20587972	1	0	0	0	0	0	0	0	0	0	R
NMDC20587975	0	0	0	1	0	1	0	0	0	0	R
NMDC20587976	1	0	0	1	1	1	0	0	0	0	R
NMDC20587978	0	0	0	0	0	0	0	0	1	1	R
NMDC20587980	1	0	0	1	1	1	0	0	0	0	R
NMDC20587981	1	0	0	0	0	0	0	0	0	0	R
NMDC20587982	0	0	0	0	0	0	0	0	1	0	R
NMDC20587986	1	0	1	0	0	0	0	0	0	1	R
NMDC20587989	0	0	0	1	1	0	0	0	0	0	R
NMDC20587991	1	0	0	1	1	0	0	0	0	1	R
NMDC20587996	0	0	0	0	1	1	0	0	0	1	R
NMDC20587998	1	0	0	0	0	0	0	0	0	0	R
NMDC20587999	0	0	0	0	0	1	0	0	0	0	R
NMDC20588000	1	0	0	1	1	1	0	0	0	1	R
NMDC20588001	1	0	0	0	0	0	0	0	0	0	R
NMDC20588003	1	0	0	1	0	0	0	0	0	0	R
NMDC20588004	1	0	0	1	0	0	0	0	0	0	R
NMDC20588006	1	0	0	0	0	0	0	0	0	0	R
NMDC20588007	1	0	0	1	0	0	0	0	0	0	R
NMDC20588009	1	0	0	0	0	0	0	0	0	0	R
NMDC20588011	0	1	0	1	0	0	0	0	0	1	R
NMDC20588012	0	1	0	1	0	0	0	0	0	1	R
NMDC20588014	0	0	0	1	1	1	0	0	0	1	R
NMDC20588015	1	0	1	1	0	0	0	0	0	0	R
NMDC20588016	1	0	1	1	0	0	0	0	0	0	R
NMDC20588023	1	0	1	0	0	0	0	0	0	1	R
NMDC20588025	0	0	0	0	0	0	0	0	0	0	R
NMDC20588032	0	1	0	1	0	1	1	0	0	1	R
NMDC20588034	1	0	1	1	0	0	0	0	0	0	R
NMDC20588035	0	0	0	1	1	1	0	0	0	1	R
NMDC20588036	1	0	0	0	0	0	0	0	0	0	R
NMDC20588043	1	0	0	1	0	0	0	0	0	0	R
NMDC20588045	0	0	1	1	0	0	0	0	0	0	R
NMDC20588047	0	0	0	1	0	0	0	0	0	0	R
NMDC20588048	0	0	1	1	0	0	0	0	0	0	R
NMDC20588049	0	0	0	1	0	0	0	0	0	0	R
NMDC20588050	1	0	0	1	0	0	0	0	0	0	R
NMDC20588051	0	0	1	1	0	0	0	0	0	0	R
NMDC20588052	0	0	0	1	0	0	0	0	0	0	R
NMDC20588053	1	0	0	1	0	0	0	0	0	0	R
NMDC20588055	0	1	0	1	0	0	1	0	0	1	R
NMDC20588057	1	0	0	0	0	0	0	0	0	0	R
NMDC20588058	1	0	0	0	0	0	0	0	0	0	R
NMDC20588062	1	0	0	1	0	0	0	0	0	0	R
NMDC20588064	1	0	0	1	1	1	0	0	0	1	R
NMDC20588066	0	0	0	1	0	1	0	0	0	1	R
NMDC20588067	0	1	1	1	0	0	0	0	0	0	R
NMDC20588068	1	0	0	0	0	0	0	0	0	0	R
NMDC20552348	1	0	0	0	0	0	0	0	0	0	R
NMDC20588076	1	0	0	0	0	0	0	0	0	0	R
NMDC20588077	1	0	0	0	0	0	0	0	0	0	R
NMDC20588079	1	0	0	0	0	0	0	0	0	0	R
NMDC20588080	1	0	0	0	0	0	0	0	0	0	R
NMDC20558378	1	0	0	0	0	0	0	0	0	0	R
NMDC20552349	1	0	0	0	0	0	0	0	0	0	R
NMDC20558379	1	0	0	0	0	0	0	0	0	0	R
NMDC20588081	1	0	0	0	0	0	0	0	0	0	R
NMDC20552350	1	0	0	0	0	0	0	0	0	0	R
NMDC20588082	1	0	0	0	0	0	0	0	0	0	R
NMDC20554366	1	0	0	0	0	0	0	0	0	0	R
NMDC20558380	1	0	0	0	0	0	0	0	0	0	R
NMDC20554367	1	0	0	0	0	0	0	0	0	0	R
NMDC20588083	1	0	0	0	0	0	0	0	0	0	R
NMDC20588084	1	0	0	0	0	0	0	0	0	0	R
NMDC20588085	1	0	0	0	0	0	0	0	0	0	R
NMDC20588086	1	0	0	0	0	0	0	0	0	0	R
NMDC20554368	1	0	0	0	0	0	0	0	0	0	R
NMDC20558381	1	0	0	0	0	0	0	0	0	0	R
NMDC20552352	1	0	0	0	0	0	0	0	0	0	R
NMDC20556355	1	0	0	0	0	0	0	0	0	0	R
NMDC20588087	1	0	0	0	0	0	0	0	0	0	R
NMDC20588088	1	0	0	0	0	0	0	0	0	0	R
NMDC20558382	1	0	0	0	0	0	0	0	0	0	R
NMDC20588090	1	0	0	0	0	0	0	0	0	0	R
NMDC20588091	1	0	0	0	0	0	0	0	0	0	R
NMDC20558383	1	0	0	0	0	0	0	0	0	0	R
NMDC20554369	1	0	0	0	0	0	0	0	0	0	R
NMDC20588092	1	0	0	0	0	0	0	0	0	0	R
NMDC20556356	1	0	0	0	0	0	0	0	0	0	R
NMDC20588093	1	0	0	0	0	0	0	0	0	0	R
NMDC20554370	1	0	0	0	0	0	0	0	0	0	R
NMDC20558384	1	0	0	0	0	0	0	0	0	0	R
NMDC20556357	1	0	0	0	0	0	0	0	0	0	R
NMDC20588094	1	0	0	0	0	0	0	0	0	0	R
NMDC20588096	1	0	0	0	0	0	0	0	0	0	R
NMDC20588098	1	0	0	0	0	0	0	0	0	0	R
NMDC20588099	1	0	0	0	0	0	0	0	0	0	R
NMDC20558385	1	0	0	0	0	0	0	0	0	0	R
NMDC20558386	1	0	0	0	0	0	0	0	0	0	R
NMDC20558387	1	0	0	0	0	0	0	0	0	0	R
NMDC20552353	1	0	0	0	0	0	0	0	0	0	R
NMDC20552354	1	0	0	0	0	0	0	0	0	0	R
NMDC20552355	1	0	0	0	0	0	0	0	0	0	R
NMDC20552356	1	0	0	0	0	0	0	0	0	0	R
NMDC20556358	1	0	0	0	0	0	0	0	0	0	R
NMDC20552358	1	0	0	0	0	0	0	0	0	0	R
NMDC20588101	1	0	0	0	0	0	0	0	0	0	R
NMDC20588102	1	0	0	0	0	0	0	0	0	0	R
NMDC20554372	1	0	0	0	0	0	0	0	0	0	R
NMDC20554373	1	0	0	0	0	0	0	0	0	0	R
NMDC20588103	1	0	0	0	0	0	0	0	0	0	R
NMDC20588104	1	0	0	0	0	0	0	0	0	0	R
NMDC20552359	1	0	0	0	0	0	0	0	0	0	R
NMDC20554374	1	0	0	0	0	0	0	0	0	0	R
NMDC20588113	0	0	0	0	0	0	0	0	0	0	R
NMDC20552363	0	0	0	0	0	0	0	0	0	0	R
NMDC20588116	1	0	0	0	0	0	0	0	0	0	R
NMDC20588117	1	0	0	0	0	0	0	0	0	0	R
NMDC20558392	1	0	0	0	0	0	0	0	0	0	R
NMDC20588118	1	0	0	0	0	0	0	0	0	0	R
NMDC20588119	1	0	0	0	0	0	0	0	0	0	R
NMDC20588122	1	0	0	0	0	0	0	0	0	0	R
NMDC20588123	1	0	0	0	0	0	0	0	0	0	R
NMDC20558393	1	0	0	0	0	0	0	0	0	0	R
NMDC20588124	1	0	0	0	0	0	0	0	0	0	R
NMDC20556361	1	0	0	0	0	0	0	0	0	0	R
NMDC20588129	1	0	0	0	0	0	0	0	0	0	R
NMDC20558395	1	0	0	0	0	0	0	0	0	0	R
NMDC20588130	1	0	0	0	0	0	0	0	0	0	R
NMDC20552368	1	0	0	1	0	0	0	0	0	0	R
NMDC20556366	1	0	0	0	0	0	0	0	0	0	R
NMDC20588136	1	0	0	0	0	0	0	0	0	0	R
NMDC20558397	1	0	0	0	0	0	0	0	0	0	R
NMDC20552371	1	0	0	0	0	0	0	0	0	0	R
NMDC20552375	1	0	0	0	0	0	0	0	0	0	R
NMDC20552376	1	0	0	0	0	0	0	0	0	0	R
NMDC20554383	1	0	0	0	0	0	0	0	0	0	R
NMDC20556367	1	0	0	0	0	0	0	0	0	0	R
NMDC20588138	1	0	0	0	0	0	0	0	0	0	R
NMDC20588140	0	0	0	1	0	1	0	0	0	0	R
NMDC20552381	1	0	0	0	0	0	0	0	0	0	R
NMDC20558400	1	0	0	0	0	0	0	0	0	0	R
NMDC20588149	1	0	0	0	0	0	0	0	0	0	R
NMDC20552382	1	0	0	0	0	0	0	0	0	0	R
NMDC20556371	1	0	0	0	0	0	0	0	0	0	R
NMDC20588151	1	0	0	0	0	0	0	0	0	0	R
NMDC20588152	1	0	0	0	0	0	0	0	0	0	R
NMDC20588153	1	0	0	0	0	0	0	0	0	0	R
NMDC20588154	1	0	0	0	0	0	0	0	0	0	R
NMDC20588156	1	0	0	0	0	0	0	0	0	0	R
NMDC20558402	1	0	0	0	0	0	0	0	0	0	R
NMDC20588157	1	0	0	0	0	0	0	0	0	0	R
NMDC20556373	1	0	0	0	0	0	0	0	0	0	R
NMDC20588158	1	0	0	0	0	0	0	0	0	0	R
NMDC20552385	1	0	0	0	0	0	0	0	0	0	R
NMDC20552386	1	0	0	0	0	0	0	0	0	0	R
NMDC20552387	1	0	0	0	0	0	0	0	0	0	R
NMDC20556374	1	0	0	0	0	0	0	0	0	0	R
NMDC20554389	1	0	0	0	0	0	0	0	0	0	R
NMDC20588160	1	0	0	0	0	0	0	0	0	0	R
NMDC20588161	1	0	0	0	0	0	0	0	0	0	R
NMDC20556375	1	0	0	0	0	0	0	0	0	0	R
NMDC20588162	1	0	0	0	0	0	0	0	0	0	R
NMDC20588163	1	0	0	0	0	0	0	0	0	0	R
NMDC20588164	1	0	0	0	0	0	0	0	0	0	R
NMDC20588165	1	0	0	0	0	0	0	0	0	0	R
NMDC20588166	1	0	0	0	0	0	0	0	0	0	R
NMDC20554392	1	0	0	0	0	0	0	0	0	0	R
NMDC20552390	1	0	0	0	0	0	0	0	0	0	R
NMDC20554393	1	0	0	0	0	0	0	0	0	0	R
NMDC20588171	1	0	0	0	0	0	0	0	0	0	R
NMDC20588172	1	0	0	0	0	0	0	0	0	0	R
NMDC20588173	1	0	0	0	0	0	0	0	0	0	R
NMDC20558196	1	0	0	0	0	0	0	0	0	0	R
NMDC20587207	1	0	0	0	0	0	0	0	0	0	R
NMDC20558198	0	0	0	0	0	1	0	0	0	0	R
NMDC20558199	1	0	0	0	0	0	0	0	0	0	R
NMDC20587208	0	0	0	0	0	0	0	0	0	1	R
NMDC20554203	1	0	0	1	0	0	0	0	0	1	R
NMDC20587210	0	1	0	1	1	0	0	0	0	0	R
NMDC20554204	0	0	0	1	1	0	0	0	0	0	R
NMDC20554205	1	0	0	0	0	0	0	0	0	0	R
NMDC20558200	0	0	0	1	0	0	1	0	0	1	R
NMDC20587369	1	0	0	1	0	0	0	0	0	0	R
NMDC20587370	1	1	0	1	1	0	0	0	0	0	R
NMDC20587372	1	0	0	0	0	0	0	0	0	0	R
NMDC20552268	1	0	0	1	0	0	0	0	0	1	R
NMDC20554284	1	0	0	1	0	0	1	0	0	1	R
NMDC20556279	0	1	0	1	0	0	1	0	0	1	R
NMDC20556348	1	0	0	0	0	0	0	0	0	0	R
NMDC20556349	1	0	0	0	0	0	0	0	0	0	R
NMDC20556351	1	0	0	1	0	0	0	0	0	0	R
NMDC20587565	1	0	0	0	0	0	0	0	0	0	R
NMDC20554360	0	1	0	1	1	0	0	0	0	0	R
NMDC20589043	1	0	0	0	0	0	0	0	0	1	R
NMDC20556578	1	0	0	1	0	0	0	0	0	0	R
NMDC20588755	1	0	0	0	1	1	0	0	0	0	R
NMDC20558577	1	0	0	0	0	0	0	0	0	0	R
NMDC20554581	1	0	0	0	0	0	0	0	0	0	R
NMDC20588756	1	0	0	1	0	0	0	0	0	0	R
NMDC20556579	1	0	0	0	0	0	0	0	0	0	R
NMDC20588757	1	0	0	0	0	0	0	0	0	0	R
NMDC20554583	0	1	0	1	0	0	1	0	0	0	R
NMDC20588758	1	0	0	0	0	0	0	0	0	0	R
NMDC20588761	1	0	0	1	0	0	0	0	0	0	R
NMDC20588768	1	0	0	0	0	0	0	0	0	0	R
NMDC20558580	1	0	0	0	0	0	0	0	0	0	R
NMDC20588772	1	0	0	0	0	0	0	0	0	0	R
NMDC20552586	1	0	0	0	0	0	0	0	0	0	R
NMDC20556584	1	0	0	0	0	0	0	0	0	0	R
NMDC20558588	1	0	0	0	0	0	0	0	0	0	R
NMDC20552587	1	0	0	0	0	0	0	0	0	0	R
NMDC20588794	1	0	0	0	0	0	0	0	0	0	R
NMDC20556585	1	0	0	0	0	0	0	0	0	0	R
NMDC20556588	1	0	0	1	0	0	0	0	0	0	R
NMDC20554589	1	0	0	0	0	0	0	0	0	0	R
NMDC20558596	1	0	0	0	0	0	0	0	0	0	R
NMDC20558597	1	0	0	0	0	0	0	0	0	0	R
NMDC20558598	1	0	0	0	0	0	0	0	0	0	R
NMDC20556593	1	0	0	0	0	0	0	0	0	0	R
NMDC20588814	1	0	0	0	0	0	0	0	0	0	R
NMDC20552596	1	0	0	0	0	0	0	0	0	0	R
NMDC20588815	1	0	0	0	0	0	0	0	0	0	R
NMDC20588816	1	0	0	0	0	0	0	0	0	0	R
NMDC20588817	1	0	0	0	0	0	0	0	0	0	R
NMDC20554596	1	0	0	0	0	0	0	0	0	0	R
NMDC20554597	1	0	0	0	0	0	0	0	0	0	R
NMDC20552597	1	0	0	0	0	0	0	0	0	0	R
NMDC20554604	1	0	0	0	0	0	0	0	0	0	R
NMDC20552602	1	0	0	0	0	0	0	0	0	0	R
NMDC20588826	1	0	0	0	0	0	0	0	0	0	R
NMDC20588827	1	0	0	0	0	0	0	0	0	0	R
NMDC20588828	1	0	0	0	0	0	0	0	0	0	R
NMDC20558606	1	0	0	0	0	0	0	0	0	0	R
NMDC20552603	1	0	0	0	0	0	0	0	0	0	R
NMDC20588829	1	0	0	0	0	0	0	0	0	0	R
NMDC20556600	1	0	0	0	0	0	0	0	0	0	R
NMDC20558607	1	0	0	0	0	0	0	0	0	0	R
NMDC20588830	1	0	0	0	0	0	0	0	0	0	R
NMDC20552600	1	0	0	0	0	0	0	0	0	0	R
NMDC20588825	1	0	0	0	0	0	0	0	0	0	R
NMDC20554602	1	0	0	0	0	0	0	0	0	0	R
NMDC20558604	1	0	0	0	0	0	0	0	0	0	R
NMDC20558605	1	0	0	0	0	0	0	0	0	0	R
NMDC20582164	1	0	1	0	0	0	0	0	0	1	R
NMDC20550668	0	0	0	0	0	1	0	0	0	0	R
NMDC20554670	1	0	1	0	0	0	0	0	0	1	R
NMDC20554672	1	0	0	0	0	0	0	0	0	0	R
NMDC20556670	1	0	0	0	0	0	0	0	0	0	R
NMDC20552668	0	1	0	1	0	0	1	0	1	1	R
NMDC20582170	1	0	0	0	0	0	0	0	0	0	R
NMDC20556673	1	1	0	1	0	0	1	0	1	0	R
NMDC20556672	1	0	0	0	0	0	0	0	0	0	R
NMDC20582172	1	0	0	0	0	0	0	0	0	0	R
NMDC20582174	1	0	0	0	0	0	0	0	0	0	R
NMDC20550669	1	0	0	0	0	1	0	0	0	0	R
NMDC20554675	1	0	0	0	0	0	0	0	0	0	R
NMDC20552670	1	0	0	0	0	0	0	0	0	1	R
NMDC20554676	1	0	0	1	0	0	0	0	0	1	R
NMDC20582177	0	0	0	0	0	0	0	0	0	0	R
NMDC20582178	1	0	0	1	0	0	0	0	0	0	R
NMDC20550672	1	0	0	0	0	0	0	0	0	0	R
NMDC20556674	0	0	1	0	0	0	0	0	0	0	R
NMDC20582179	1	0	0	0	0	0	0	0	0	1	R
NMDC20582180	1	0	0	0	0	0	0	0	0	0	R
NMDC20556675	1	0	0	1	0	0	0	0	0	0	R
NMDC20556676	1	0	0	1	0	0	0	0	0	1	R
NMDC20552674	1	1	0	1	0	0	1	0	0	0	R
NMDC20556677	0	0	1	0	0	0	0	0	0	0	R
NMDC20554677	0	0	0	0	0	0	0	0	0	0	R
NMDC20552676	1	0	0	1	0	0	0	0	0	1	R
NMDC20552677	1	0	0	1	0	0	0	0	0	1	R
NMDC20552678	1	0	0	1	0	0	0	0	0	1	R
NMDC20556678	0	1	0	1	1	0	0	0	0	0	R
NMDC20550673	1	0	0	1	0	0	0	0	0	1	R
NMDC20554678	1	0	0	1	0	0	0	0	0	1	R
NMDC20582182	1	0	0	0	0	0	0	0	0	0	R
NMDC20550674	1	0	0	0	0	0	0	0	0	1	R
NMDC20556679	1	0	0	0	0	0	0	0	0	0	R
NMDC20552682	1	0	0	0	0	0	0	0	0	0	R
NMDC20554679	1	0	0	0	0	0	0	0	0	0	R
NMDC20550675	1	0	0	0	0	0	0	0	0	0	R
NMDC20552680	1	0	0	0	0	1	0	0	1	0	R
NMDC20582183	0	0	0	1	0	0	1	0	0	1	R
NMDC20582184	1	0	0	1	1	1	0	0	0	1	R
NMDC20556681	1	0	0	1	1	1	0	0	0	1	R
NMDC20550677	1	0	0	1	0	0	0	0	0	0	R
NMDC20550676	1	0	1	0	0	0	0	0	0	1	R
NMDC20582186	1	0	0	0	0	0	0	0	0	0	R
NMDC20582187	0	0	0	1	0	0	0	0	0	1	R
NMDC20582188	1	0	0	1	0	0	0	0	0	0	R
NMDC20552683	1	0	0	0	0	0	0	0	0	0	R
NMDC20582190	1	0	0	0	0	0	0	0	0	0	R
NMDC20552685	0	0	0	0	0	0	0	0	0	0	R
NMDC20582192	1	0	0	0	0	0	0	0	0	0	R
NMDC20556682	1	0	0	0	0	0	0	0	0	0	R
NMDC20582193	1	0	0	0	0	0	0	0	0	0	R
NMDC20582194	1	0	1	1	0	0	0	0	0	0	R
NMDC20554681	1	0	0	0	0	0	0	0	0	0	R
NMDC20556683	1	0	0	0	0	0	0	0	0	0	R
NMDC20582195	0	0	1	1	0	0	0	0	1	0	R
NMDC20554682	1	0	0	0	0	0	0	0	0	0	R
NMDC20582196	1	0	0	0	0	0	0	0	0	1	R
NMDC20582197	1	0	0	0	0	0	0	0	0	0	R
NMDC20582199	1	0	0	0	0	0	0	0	0	0	R
NMDC20552687	1	0	0	0	0	0	0	0	0	0	R
NMDC20552688	1	0	0	0	0	0	0	0	0	0	R
NMDC20550678	1	0	0	1	0	0	0	0	0	1	R
NMDC20582201	0	0	0	0	0	0	0	0	1	1	R
NMDC20582202	1	0	0	1	0	0	0	0	0	1	R
NMDC20552690	0	0	0	0	0	0	0	0	0	0	R
NMDC20582203	1	0	0	0	0	0	0	0	0	0	R
NMDC20582204	1	0	0	0	0	0	0	0	0	0	R
NMDC20582205	0	0	0	0	0	0	0	0	0	0	R
NMDC20582207	1	0	0	0	0	0	0	0	0	0	R
NMDC20582208	0	0	0	0	0	1	0	0	0	0	R
NMDC20554685	1	0	0	1	0	0	0	0	0	1	R
NMDC20550681	1	0	0	1	0	0	0	0	0	0	R
NMDC20550682	1	0	0	0	0	0	0	0	0	0	R
NMDC20554686	1	0	0	1	0	0	0	0	0	0	R
NMDC20552694	0	0	0	1	0	1	0	0	0	1	R
NMDC20582210	1	0	0	0	0	0	0	0	0	0	R
NMDC20552695	1	0	0	1	0	0	0	0	0	0	R
NMDC20582212	1	0	0	0	0	0	0	0	0	0	R
NMDC20550686	1	0	0	0	0	0	0	0	0	0	R
NMDC20582213	1	0	0	0	0	0	0	0	0	0	R
NMDC20582214	1	0	0	0	0	0	0	0	0	0	R
NMDC20550683	1	0	0	0	0	0	0	0	0	0	R
NMDC20550684	1	0	0	0	0	0	0	0	0	0	R
NMDC20582215	1	0	0	0	0	0	0	0	0	0	R
NMDC20556689	1	0	0	0	0	0	0	0	0	0	R
NMDC20550685	1	0	0	0	0	0	0	0	0	0	R
NMDC20582216	1	0	0	0	0	0	0	0	0	0	R
NMDC20556692	0	0	0	0	0	0	0	0	0	0	R
NMDC20582217	1	0	0	0	0	0	0	0	0	0	R
NMDC20556690	1	0	0	0	0	0	0	0	0	0	R
NMDC20556691	1	0	0	0	0	0	0	0	0	0	R
NMDC20552697	1	0	0	0	0	0	0	0	0	0	R
NMDC20554690	1	0	0	0	0	0	0	0	0	0	R
NMDC20552700	1	0	0	0	0	0	0	0	0	0	R
NMDC20550687	1	0	0	0	0	0	0	0	0	0	R
NMDC20556695	1	0	0	0	0	0	0	0	0	0	R
NMDC20556696	1	0	0	0	0	0	0	0	0	0	R
NMDC20550688	1	0	0	0	0	0	0	0	0	0	R
NMDC20552699	1	0	0	1	0	0	0	0	0	0	R
NMDC20550692	1	0	0	0	0	0	0	0	0	0	R
NMDC20582223	1	0	0	0	0	0	0	0	0	0	R
NMDC20554691	1	0	0	0	0	0	0	0	0	0	R
NMDC20582225	1	0	0	0	0	0	0	0	0	0	R
NMDC20550693	1	0	0	0	0	0	0	0	0	0	R
NMDC20582227	0	0	0	1	0	0	0	0	0	1	R
NMDC20582228	1	0	0	0	0	0	0	0	0	0	R
NMDC20582230	1	0	0	0	0	0	0	0	0	0	R
NMDC20550696	1	0	0	1	0	0	0	0	0	1	R
NMDC20554694	1	0	1	0	0	0	0	0	0	1	R
NMDC20550697	1	0	0	1	0	0	0	0	0	1	R
NMDC20552711	0	0	0	1	0	0	1	0	0	1	R
NMDC20582242	0	0	0	0	0	0	0	0	0	0	R
NMDC20582243	1	0	0	0	0	0	0	0	0	0	R
NMDC20556709	1	0	0	0	0	0	0	0	0	0	R
NMDC20554698	1	0	0	0	0	0	0	0	0	0	R
NMDC20552712	1	0	0	0	0	0	0	0	0	0	R
NMDC20582246	1	0	0	0	0	0	0	0	0	0	R
NMDC20582247	1	0	0	0	0	0	0	0	0	0	R
NMDC20582248	1	0	0	0	0	0	0	0	0	0	R
NMDC20582249	1	0	0	1	0	0	0	0	0	1	R
NMDC20582250	1	0	0	0	0	0	0	0	0	0	R
NMDC20582251	1	0	0	1	0	0	0	0	0	1	R
NMDC20550698	1	0	0	0	0	0	0	0	0	0	R
NMDC20582252	1	0	0	1	0	1	0	0	0	0	R
NMDC20552714	1	0	0	0	0	0	0	0	0	0	R
NMDC20582253	1	0	1	0	0	0	0	0	0	1	R
NMDC20556710	0	0	0	0	0	0	1	0	0	1	R
NMDC20582258	1	1	0	1	1	0	0	0	0	0	R
NMDC20552716	1	0	0	0	0	0	0	0	0	0	R
NMDC20554699	1	0	0	0	0	0	0	0	0	0	R
NMDC20582260	1	0	0	0	0	0	0	0	0	0	R
NMDC20552717	1	0	0	0	0	0	0	0	0	0	R
NMDC20582261	1	0	0	0	0	0	0	0	0	0	R
NMDC20556715	1	0	0	0	0	0	0	0	0	0	R
NMDC20550700	1	0	0	0	0	0	0	0	0	0	R
NMDC20582262	1	0	0	0	0	0	0	0	0	0	R
NMDC20582264	1	0	0	0	0	0	0	0	0	0	R
NMDC20550701	1	0	0	0	0	0	0	0	0	0	R
NMDC20556716	0	0	0	0	0	0	0	1	0	0	R
NMDC20582267	0	0	0	0	0	0	0	1	0	0	R
NMDC20556717	1	1	0	1	0	0	0	0	1	0	R
NMDC20552721	1	0	0	0	0	0	0	0	0	0	R
NMDC20552719	1	0	0	0	0	1	0	0	0	0	R
NMDC20582268	1	0	0	0	0	0	0	0	0	0	R
NMDC20552720	1	0	0	0	0	0	0	0	0	0	R
NMDC20550702	0	0	0	1	1	0	0	0	0	0	R
NMDC20582270	1	0	0	0	0	0	0	0	0	0	R
NMDC20552722	1	0	0	0	0	0	0	0	0	0	R
NMDC20582275	1	0	0	1	0	1	0	0	0	0	R
NMDC20556720	1	0	0	1	0	0	0	0	0	0	R
NMDC20582276	1	0	0	1	0	0	0	0	0	1	R
NMDC20550704	1	0	0	1	0	0	0	0	0	0	R
NMDC20554703	1	0	0	0	0	0	0	0	0	1	R
NMDC20582277	1	0	0	1	0	0	0	0	0	0	R
NMDC20556721	1	0	0	0	0	0	0	0	0	0	R
NMDC20582278	1	0	0	1	0	0	0	0	0	0	R
NMDC20556722	0	0	0	1	1	0	0	0	0	0	R
NMDC20550705	0	0	0	1	1	0	0	0	0	0	R
NMDC20554706	1	0	0	1	0	0	0	0	0	1	R
NMDC20582281	1	0	0	0	0	0	0	0	0	0	R
NMDC20556723	0	0	0	0	0	0	0	0	0	0	R
NMDC20550706	0	0	0	1	0	0	1	0	0	1	R
NMDC20550707	1	0	0	1	0	0	0	0	0	0	R
NMDC20556724	1	0	0	0	0	0	0	0	0	0	R
NMDC20556725	0	0	0	0	0	0	0	0	0	0	R
NMDC20550710	1	1	0	1	0	0	1	0	0	0	R
NMDC20582283	1	0	0	1	0	0	0	0	0	0	R
NMDC20554708	0	0	0	0	0	0	0	1	0	0	R
NMDC20552724	1	0	0	0	0	0	0	0	0	0	R
NMDC20550712	0	1	0	1	1	0	0	0	0	0	R
NMDC20582285	0	1	0	0	0	0	1	0	0	1	R
NMDC20582286	1	0	0	0	0	0	0	0	0	0	R
NMDC20554711	1	0	0	1	0	0	0	0	0	1	R
NMDC20554712	1	1	0	1	0	0	1	0	0	0	R
NMDC20550711	1	0	0	0	0	0	0	0	0	0	R
NMDC20582287	1	0	0	0	0	0	0	0	0	0	R
NMDC20552725	1	1	0	1	0	0	1	0	0	0	R
NMDC20550714	0	1	0	0	0	0	0	0	1	0	R
NMDC20556727	0	1	0	0	0	0	0	0	1	0	R
NMDC20554713	1	0	0	1	0	0	0	0	0	1	R
NMDC20582288	1	0	0	0	0	0	0	0	0	0	R
NMDC20556728	1	0	0	0	0	0	0	0	0	0	R
NMDC20550715	1	0	0	1	1	0	0	0	0	1	R
NMDC20582290	0	1	0	1	1	0	0	0	0	0	R
NMDC20554714	1	0	0	1	0	0	0	0	0	1	R
NMDC20552726	0	1	0	0	0	0	0	0	0	0	R
NMDC20582292	1	0	0	1	0	0	0	0	0	0	R
NMDC20582294	1	0	0	1	0	0	0	0	0	1	R
NMDC20550717	1	0	0	1	1	1	0	0	0	0	R
NMDC20554715	1	0	0	0	0	0	0	0	0	0	R
NMDC20554716	1	0	0	1	0	0	0	0	0	1	R
NMDC20556730	0	0	0	0	0	0	1	0	0	1	R
NMDC20552727	0	0	0	0	1	1	0	0	0	0	R
NMDC20552728	0	1	0	1	1	0	0	0	0	0	R
NMDC20582296	1	0	0	1	1	1	0	0	0	0	R
NMDC20550718	1	0	0	0	0	0	0	0	0	0	R
NMDC20550720	1	0	0	0	0	0	0	0	0	0	R
NMDC20550721	0	0	0	1	0	0	1	0	0	1	R
NMDC20582298	1	0	0	1	0	1	0	0	0	0	R
NMDC20550722	1	0	0	0	1	0	0	0	0	0	R
NMDC20552731	1	0	0	0	0	0	0	0	0	0	R
NMDC20582301	1	0	0	0	0	0	0	0	0	0	R
NMDC20550725	1	0	0	1	0	0	0	0	0	0	R
NMDC20554717	1	0	0	0	0	0	0	0	0	0	R
NMDC20554718	1	0	0	0	0	0	0	0	0	0	R
NMDC20556732	1	0	0	0	0	0	0	0	0	0	R
NMDC20582305	1	0	0	0	0	0	0	0	0	0	R
NMDC20554720	1	0	0	0	0	0	0	0	0	0	R
NMDC20552734	1	0	0	1	1	1	0	0	0	0	R
NMDC20582309	1	0	0	1	0	0	0	0	0	1	R
NMDC20582311	1	0	0	0	0	0	0	0	0	0	R
NMDC20582313	0	0	0	0	0	0	0	0	1	1	R
NMDC20582314	1	1	0	1	0	0	1	0	0	0	R
NMDC20550728	1	0	0	0	0	0	0	0	0	0	R
NMDC20556736	0	0	0	1	0	0	0	0	0	0	R
NMDC20552736	1	0	0	1	0	0	0	0	0	0	R
NMDC20582315	1	0	0	0	0	0	0	0	0	1	R
NMDC20550730	1	0	0	0	0	0	0	0	0	0	R
NMDC20552738	1	1	0	1	0	0	0	0	1	0	R
NMDC20582316	1	0	0	0	0	0	0	0	0	0	R
NMDC20550731	0	0	0	0	0	0	0	0	0	1	R
NMDC20550732	1	0	0	0	0	0	0	0	0	0	R
NMDC20556737	1	0	0	0	0	1	0	0	0	0	R
NMDC20582317	1	0	0	0	0	0	0	0	1	0	R
NMDC20554722	0	0	0	0	0	1	1	0	0	1	R
NMDC20550733	1	0	0	1	0	0	0	0	0	0	R
NMDC20582322	1	0	0	1	0	0	0	0	0	1	R
NMDC20554723	1	0	0	0	0	0	0	0	0	0	R
NMDC20556738	1	0	0	0	0	0	0	0	0	0	R
NMDC20556739	1	0	0	0	0	0	0	0	0	0	R
NMDC20582324	1	0	0	1	0	0	0	0	0	0	R
NMDC20550734	1	0	0	0	0	0	0	0	0	0	R
NMDC20554725	1	0	0	0	0	0	0	0	0	0	R
NMDC20556740	1	0	0	0	0	0	0	0	0	0	R
NMDC20582327	1	0	0	0	0	0	0	0	0	0	R
NMDC20582328	1	0	0	0	0	0	0	0	0	0	R
NMDC20550735	1	0	0	0	0	0	0	0	0	0	R
NMDC20554727	1	0	0	0	0	0	0	0	0	0	R
NMDC20552741	1	0	0	0	0	0	0	0	0	0	R
NMDC20556741	1	0	0	0	0	0	0	0	0	0	R
NMDC20552743	1	0	0	1	0	0	0	0	0	0	R
NMDC20552744	1	0	0	1	0	0	0	0	0	0	R
NMDC20582329	1	0	0	1	0	0	0	0	0	0	R
NMDC20556745	0	0	0	0	0	0	0	0	1	1	R
NMDC20582330	0	0	0	1	0	0	1	0	0	1	R
NMDC20556742	1	0	1	0	0	0	0	0	0	1	R
NMDC20582334	1	0	0	0	0	0	0	0	1	0	R
NMDC20556750	0	1	0	1	0	0	1	0	0	1	R
NMDC20582337	1	0	0	0	0	0	1	0	0	1	R
NMDC20582338	0	0	0	1	0	1	0	0	0	0	R
NMDC20554729	0	1	0	1	0	0	1	0	0	1	R
NMDC20552751	1	0	1	0	0	0	0	0	0	0	R
NMDC20582343	0	1	0	1	0	0	1	0	0	0	R
NMDC20556753	1	0	0	0	1	0	1	0	0	0	R
NMDC20552754	1	0	0	1	0	0	0	0	0	0	R
NMDC20554730	0	1	0	1	0	1	1	0	0	1	R
NMDC20582345	1	1	0	1	0	0	1	0	0	0	R
NMDC20552755	0	0	0	0	0	1	0	0	0	0	R
NMDC20556756	0	0	0	1	0	1	0	0	0	0	R
NMDC20552757	1	0	0	1	0	0	0	0	0	1	R
NMDC20582353	0	0	0	0	0	0	0	0	0	0	R
NMDC20582356	0	0	0	0	0	0	0	0	0	0	R
NMDC20582357	1	0	0	1	0	0	0	0	0	1	R
NMDC20582359	0	1	0	1	0	0	1	0	0	1	R
NMDC20582360	0	1	0	1	0	0	1	0	0	1	R
NMDC20582364	0	0	0	0	0	1	0	0	0	0	R
NMDC20554733	1	0	0	1	0	0	0	0	0	0	R
NMDC20552758	1	0	0	0	0	0	0	0	0	0	R
NMDC20552759	1	1	0	0	0	0	0	0	0	1	R
NMDC20582365	1	0	0	0	0	0	0	0	0	1	R
NMDC20582366	1	0	0	0	0	0	0	0	0	0	R
NMDC20556759	1	0	0	0	0	1	0	0	0	1	R
NMDC20550746	1	0	0	1	0	1	0	0	0	1	R
NMDC20550747	0	0	0	1	0	0	1	0	0	1	R
NMDC20550750	1	0	1	1	0	0	0	0	0	1	R
NMDC20550749	0	0	0	0	0	0	0	0	0	0	R
NMDC20582368	1	0	0	1	0	0	0	0	0	0	R
NMDC20556760	0	0	0	1	0	0	0	0	0	0	R
NMDC20582370	1	0	0	1	0	0	0	0	0	1	R
NMDC20582372	1	0	0	1	0	0	0	0	0	1	R
NMDC20554735	1	0	0	1	0	0	0	0	0	0	R
NMDC20582373	1	0	0	1	0	0	0	0	0	1	R
NMDC20582376	0	1	0	1	0	0	1	0	0	0	R
NMDC20556762	0	1	0	1	0	1	1	0	0	1	R
NMDC20582378	1	0	0	1	0	0	0	0	0	0	R
NMDC20582382	1	0	0	0	0	0	0	0	0	0	R
NMDC20550754	1	0	0	0	0	0	0	0	0	0	R
NMDC20582384	1	0	0	0	0	0	0	0	0	0	R
NMDC20556766	0	0	1	0	0	0	0	0	0	0	R
NMDC20556767	1	0	0	1	1	1	0	0	0	0	R
NMDC20582393	1	0	0	1	0	0	0	0	0	0	R
NMDC20554738	0	0	0	0	0	0	0	0	0	0	R
NMDC20552769	1	0	0	1	0	0	0	0	0	0	R
NMDC20582394	1	0	0	1	0	0	0	0	0	0	R
NMDC20582395	1	0	0	0	0	0	0	0	0	0	R
NMDC20582397	0	0	0	1	1	1	0	0	0	1	R
NMDC20552770	1	0	0	0	0	0	0	0	0	0	R
NMDC20582398	1	0	0	1	0	0	0	0	0	0	R
NMDC20550759	1	0	0	0	0	0	0	0	0	0	R
NMDC20552771	0	0	1	0	0	0	0	0	0	0	R
NMDC20582400	1	0	0	0	0	0	0	0	0	1	R
NMDC20550762	0	0	0	0	0	1	0	0	0	0	R
NMDC20582403	0	0	0	0	0	0	0	0	0	0	R
NMDC20552773	0	0	0	0	0	0	0	0	0	0	R
NMDC20582404	0	0	0	1	0	1	1	0	0	1	R
NMDC20582405	1	0	0	1	1	1	0	0	0	0	R
NMDC20550761	0	0	0	0	0	0	0	0	0	0	R
NMDC20550763	0	0	0	1	0	0	0	0	0	0	R
NMDC20582406	1	0	0	1	0	0	0	0	0	1	R
NMDC20554741	1	0	0	0	0	0	0	0	0	0	R
NMDC20554742	1	0	0	0	0	0	0	0	0	0	R
NMDC20556770	1	0	0	1	0	0	0	0	0	0	R
NMDC20582408	0	0	1	0	0	0	0	0	0	0	R
NMDC20556772	1	0	0	0	0	0	0	0	0	1	R
NMDC20554744	1	0	0	0	0	0	0	0	0	0	R
NMDC20582411	0	0	1	0	0	0	0	0	0	0	R
NMDC20582412	0	1	0	1	0	1	1	0	0	1	R
NMDC20550768	1	0	0	0	0	0	0	0	0	0	R
NMDC20582413	0	0	0	0	0	0	0	0	0	0	R
NMDC20556777	0	0	0	0	0	0	0	0	0	1	R
NMDC20550771	0	0	0	1	0	0	0	0	0	1	R
NMDC20582414	1	0	0	1	0	0	0	0	0	1	R
NMDC20554745	0	0	0	0	0	0	0	0	0	0	R
NMDC20582417	0	0	0	0	0	0	0	0	1	1	R
NMDC20582418	0	0	0	0	0	0	0	0	0	0	R
NMDC20582421	1	0	0	0	0	0	0	0	0	0	R
NMDC20552779	0	1	0	1	1	0	0	0	0	0	R
NMDC20582425	1	0	0	0	0	0	0	0	0	0	R
NMDC20582426	0	0	0	0	0	0	0	0	0	0	R
NMDC20556778	0	0	0	0	0	0	0	0	0	0	R
NMDC20556779	0	0	0	0	0	0	0	0	0	0	R
NMDC20582427	0	0	0	0	0	0	0	0	0	0	R
NMDC20554756	0	0	0	0	0	0	0	0	0	0	R
NMDC20582432	1	0	0	0	0	0	0	0	0	1	R
NMDC20556784	1	0	0	0	0	0	0	0	0	0	R
NMDC20582440	0	0	0	0	0	0	0	0	0	0	R
NMDC20582441	0	0	0	0	0	0	0	0	0	1	R
NMDC20552787	1	0	0	0	0	0	0	0	0	0	R
NMDC20556788	1	0	0	1	0	0	0	0	0	1	R
NMDC20554763	0	0	0	0	0	0	0	0	0	1	R
NMDC20554764	0	0	1	0	0	0	0	0	0	0	R
NMDC20582444	0	1	0	1	0	0	1	0	0	1	R
NMDC20556790	1	0	0	1	0	0	0	0	0	1	R
NMDC20550780	1	0	0	0	0	0	0	0	0	0	R
NMDC20550779	1	0	0	0	0	0	0	0	0	0	R
NMDC20582448	1	0	0	0	0	0	0	0	0	0	R
NMDC20556795	1	0	0	1	0	0	0	0	0	1	R
NMDC20550781	1	0	0	0	0	0	0	0	0	0	R
NMDC20552791	1	1	0	1	0	0	1	0	0	1	R
NMDC20582452	0	0	1	0	0	0	0	0	0	0	R
NMDC20550782	1	0	0	0	0	0	0	0	0	0	R
NMDC20550784	0	0	0	0	0	0	0	0	1	1	R
NMDC20582455	1	0	0	0	0	0	0	0	0	0	R
NMDC20582456	1	0	0	0	0	0	0	0	0	0	R
NMDC20552795	0	1	0	1	0	0	1	0	0	0	R
NMDC20582457	1	0	0	0	0	0	0	0	0	0	R
NMDC20556802	0	0	0	1	1	0	0	0	0	0	R
NMDC20582458	1	0	0	0	0	0	0	0	0	0	R
NMDC20550786	1	0	0	1	0	0	0	0	0	1	R
NMDC20550787	0	0	1	0	0	0	0	0	0	0	R
NMDC20582462	0	1	0	1	0	0	1	0	0	1	R
NMDC20554770	1	0	0	0	0	0	0	0	1	0	R
NMDC20582465	1	0	0	1	0	0	0	0	0	0	R
NMDC20550789	1	0	0	1	0	0	0	0	0	0	R
NMDC20582467	1	0	0	0	0	0	0	0	0	0	R
NMDC20582469	1	0	0	0	0	0	0	0	0	1	R
NMDC20552797	0	1	0	1	0	0	1	0	0	1	R
NMDC20552799	1	0	0	1	0	0	0	0	0	1	R
NMDC20550791	1	0	0	1	0	0	0	0	0	1	R
NMDC20582471	1	0	0	1	0	0	0	0	0	1	R
NMDC20552800	1	0	0	1	0	0	0	0	0	1	R
NMDC20552802	1	0	0	1	0	0	0	0	0	0	R
NMDC20554777	1	0	0	0	0	0	0	0	0	0	R
NMDC20550806	1	0	0	0	0	0	0	0	0	0	R
NMDC20556819	1	0	0	1	0	0	0	0	0	0	R
NMDC20582625	1	0	0	0	0	0	0	0	0	0	R
NMDC20556820	1	0	0	1	0	0	0	0	0	0	R
NMDC20550807	1	0	0	1	0	0	0	0	0	0	R
NMDC20582626	1	0	0	0	0	0	0	0	0	0	R
NMDC20550808	1	0	0	0	0	0	0	0	0	0	R
NMDC20552814	1	0	0	0	0	0	0	0	0	0	R
NMDC20552815	1	0	0	1	0	0	0	0	0	0	R
NMDC20552816	1	0	0	0	0	0	0	0	0	0	R
NMDC20582628	1	0	0	1	1	1	0	0	0	0	R
NMDC20554798	1	0	1	0	0	0	0	0	0	1	R
NMDC20582629	1	0	1	1	0	0	0	0	0	0	R
NMDC20552817	1	0	1	0	0	0	0	0	0	1	R
NMDC20582630	0	1	0	1	0	0	1	0	0	1	R
NMDC20582631	1	0	0	1	0	0	0	0	0	1	R
NMDC20550810	0	0	0	0	0	0	0	0	0	0	R
NMDC20550811	1	0	0	1	0	0	0	0	0	0	R
NMDC20582633	0	1	0	1	1	1	0	0	0	0	R
NMDC20582634	1	0	0	1	0	0	0	0	0	0	R
NMDC20582635	1	0	0	1	0	0	0	0	0	1	R
NMDC20582637	1	0	0	1	0	0	0	0	0	0	R
NMDC20582638	0	0	0	0	0	0	0	0	0	0	R
NMDC20556821	1	0	0	1	0	0	0	0	0	0	R
NMDC20556822	1	0	0	1	0	1	0	0	0	0	R
NMDC20552818	0	1	0	1	1	0	0	0	0	0	R
NMDC20582640	1	0	0	1	0	0	0	0	0	1	R
NMDC20582642	1	0	0	0	0	0	0	0	0	0	R
NMDC20550815	1	0	0	0	0	0	0	0	0	0	R
NMDC20582644	1	0	0	1	0	0	0	0	0	0	R
NMDC20582645	0	1	0	1	1	0	0	0	0	0	R
NMDC20582646	1	0	0	1	0	0	0	0	0	0	R
NMDC20556823	0	0	0	1	0	0	0	0	0	1	R
NMDC20552819	0	0	0	0	0	0	0	0	0	0	R
NMDC20552820	1	0	0	0	0	0	0	0	0	0	R
NMDC20554800	1	0	0	1	0	0	0	0	0	1	R
NMDC20552822	1	0	0	0	0	0	0	0	0	0	R
NMDC20552823	1	0	0	0	0	0	0	0	0	0	R
NMDC20554801	1	0	0	0	0	0	0	0	0	0	R
NMDC20556824	0	0	0	0	0	0	0	0	0	1	R
NMDC20582648	1	0	0	1	0	0	0	0	0	0	R
NMDC20552825	1	0	0	0	0	0	0	0	0	0	R
NMDC20550817	0	1	0	1	0	0	0	0	1	1	R
NMDC20582649	1	0	0	1	0	0	0	0	0	1	R
NMDC20556825	1	0	0	1	0	0	0	0	0	1	R
NMDC20582650	1	0	0	1	0	0	0	0	0	0	R
NMDC20554802	1	0	0	0	0	0	0	0	0	0	R
NMDC20582651	1	0	0	0	0	0	0	0	0	0	R
NMDC20554803	1	0	0	0	0	0	0	0	0	0	R
NMDC20582652	0	0	0	1	1	0	0	0	0	0	R
NMDC20550818	1	0	0	0	0	0	0	0	0	0	R
NMDC20556826	1	0	0	0	0	0	0	0	0	0	R
NMDC20582653	1	0	0	0	0	0	0	0	0	0	R
NMDC20582654	1	0	0	0	0	0	0	0	0	0	R
NMDC20556827	1	0	1	0	0	0	0	0	0	1	R
NMDC20582655	1	0	0	0	0	0	0	0	0	1	R
NMDC20582657	1	0	0	1	0	0	0	0	0	1	R
NMDC20582658	1	0	0	0	0	0	0	0	0	0	R
NMDC20550822	1	0	0	0	0	0	0	0	0	0	R
NMDC20582660	1	0	0	0	0	0	0	0	0	0	R
NMDC20554820	1	0	0	0	0	0	0	0	0	0	R
NMDC20554805	0	1	0	1	1	0	0	0	0	0	R
NMDC20582661	1	0	0	1	0	0	0	0	0	0	R
NMDC20550823	0	0	0	1	0	0	0	0	0	1	R
NMDC20582662	1	0	0	0	0	0	0	0	0	0	R
NMDC20582663	1	0	0	1	0	0	0	0	0	0	R
NMDC20554804	1	0	0	1	0	0	0	0	0	0	R
NMDC20556828	1	0	0	0	0	0	0	0	0	0	R
NMDC20582665	0	0	0	0	0	0	1	0	0	0	R
NMDC20554806	1	0	0	1	0	0	0	0	0	0	R
NMDC20550824	1	0	0	1	0	0	0	0	0	0	R
NMDC20556829	1	0	0	1	0	0	0	0	0	0	R
NMDC20550825	1	0	0	0	0	0	0	0	0	0	R
NMDC20554807	1	0	0	1	0	0	0	0	0	0	R
NMDC20582666	1	0	0	1	0	0	0	0	0	0	R
NMDC20582667	1	0	0	1	0	0	0	0	0	0	R
NMDC20552831	1	0	0	1	0	0	0	0	0	0	R
NMDC20550826	1	0	0	1	0	0	0	0	0	1	R
NMDC20552830	1	0	0	1	0	0	0	0	0	0	R
NMDC20582670	0	1	0	1	0	0	1	0	0	1	R
NMDC20582671	1	0	0	1	0	0	0	0	0	0	R
NMDC20550827	1	0	0	1	0	0	0	0	0	1	R
NMDC20552832	0	0	1	0	0	0	0	0	0	0	R
NMDC20582673	1	0	0	1	0	0	0	0	0	1	R
NMDC20554808	0	0	0	1	1	1	0	0	0	0	R
NMDC20582674	1	0	0	0	0	0	0	0	0	0	R
NMDC20582675	1	0	0	0	0	0	0	0	0	1	R
NMDC20582676	0	0	0	0	0	0	0	0	0	0	R
NMDC20554809	1	0	0	1	0	1	0	0	0	0	R
NMDC20556831	1	0	0	1	0	0	0	0	0	1	R
NMDC20556832	1	0	0	1	0	0	0	0	0	0	R
NMDC20556833	0	0	0	0	0	0	0	0	0	0	R
NMDC20554810	1	0	0	0	1	1	0	0	0	0	R
NMDC20582677	1	0	0	1	0	0	0	0	0	1	R
NMDC20552833	0	0	0	0	0	0	0	0	0	0	R
NMDC20552834	1	0	0	0	0	0	0	0	0	0	R
NMDC20582678	0	0	0	1	0	0	1	0	0	1	R
NMDC20556835	0	0	0	0	0	0	0	0	0	0	R
NMDC20554811	1	0	0	1	0	0	0	0	0	0	R
NMDC20582680	1	0	0	0	0	0	0	0	0	0	R
NMDC20554812	1	0	0	1	1	0	0	0	0	0	R
NMDC20556834	0	0	0	0	0	1	0	1	0	0	R
NMDC20550829	1	0	0	1	0	0	0	0	0	0	R
NMDC20550830	1	0	0	1	0	0	0	0	0	0	R
NMDC20552837	0	0	0	0	0	0	0	0	0	0	R
NMDC20550831	0	0	0	0	0	0	0	0	0	0	R
NMDC20582681	1	0	0	0	0	0	0	0	0	0	R
NMDC20550832	1	0	0	0	0	1	0	0	0	0	R
NMDC20556836	1	0	0	0	0	0	0	0	0	0	R
NMDC20552836	0	0	0	0	0	0	0	0	0	0	R
NMDC20582683	0	0	0	0	0	0	0	0	0	0	R
NMDC20554814	1	0	0	0	0	0	0	0	0	0	R
NMDC20550833	0	0	0	0	0	0	0	0	0	0	R
NMDC20554815	1	0	0	0	0	0	0	0	0	0	R
NMDC20554816	1	0	0	0	0	0	0	0	0	0	R
NMDC20582684	1	0	0	0	0	0	0	0	0	0	R
NMDC20582686	1	0	0	0	0	0	0	0	0	0	R
NMDC20556839	1	0	0	0	0	0	0	0	0	0	R
NMDC20550835	1	0	0	1	0	0	0	0	0	0	R
NMDC20582687	1	0	0	0	0	0	0	0	0	1	R
NMDC20556840	1	0	0	0	0	0	0	0	0	0	R
NMDC20554819	0	0	0	1	0	0	0	0	0	1	R
NMDC20582689	1	0	0	0	0	0	0	0	0	0	R
NMDC20552839	1	0	0	1	0	0	0	0	0	0	R
NMDC20556853	1	0	0	0	0	0	0	0	0	0	R
NMDC20550836	1	0	0	1	0	0	0	0	0	0	R
NMDC20582691	0	0	0	0	0	0	0	0	0	0	R
NMDC20582692	0	0	0	0	0	0	0	0	0	0	R
NMDC20582693	0	0	0	0	0	0	0	0	0	0	R
NMDC20554822	1	0	0	0	0	0	0	0	0	0	R
NMDC20582694	0	1	0	1	1	0	0	0	0	0	R
NMDC20582695	1	0	0	1	0	0	0	0	0	0	R
NMDC20582696	1	0	0	0	0	0	0	0	0	0	R
NMDC20582697	1	0	0	0	0	0	0	0	0	0	R
NMDC20582698	1	0	0	0	0	0	0	0	0	0	R
NMDC20550837	1	0	0	0	0	0	0	0	0	0	R
NMDC20582700	1	0	0	0	0	0	0	0	0	0	R
NMDC20582701	1	0	0	1	0	0	0	0	0	0	R
NMDC20582702	1	0	0	0	0	0	0	0	0	0	R
NMDC20582704	1	0	0	0	0	0	0	0	0	0	R
NMDC20582705	1	0	0	0	0	0	0	0	0	0	R
NMDC20582706	0	0	0	0	0	1	0	0	0	0	R
NMDC20582707	1	1	0	0	0	0	1	0	0	1	R
NMDC20554823	1	0	0	0	0	0	0	0	0	0	R
NMDC20582708	0	0	0	0	0	0	0	0	0	0	R
NMDC20550838	1	0	0	0	0	0	0	0	0	0	R
NMDC20550839	1	0	0	0	0	0	0	0	0	0	R
NMDC20582709	0	0	0	0	0	0	0	0	0	0	R
NMDC20556844	1	0	0	0	0	0	0	0	0	0	R
NMDC20582710	1	0	0	0	0	0	0	0	0	0	R
NMDC20582711	1	0	0	0	0	0	0	0	0	0	R
NMDC20556845	1	0	0	0	0	0	0	0	0	0	R
NMDC20554824	1	0	0	0	0	0	0	0	0	0	R
NMDC20582713	0	0	1	0	0	0	0	0	0	0	R
NMDC20554825	1	0	0	1	0	0	0	0	0	0	R
NMDC20582714	0	0	0	1	0	0	0	0	0	0	R
NMDC20550842	1	0	0	1	0	0	0	0	0	0	R
NMDC20582715	1	0	0	0	0	0	0	0	0	0	R
NMDC20556847	0	0	0	0	0	0	0	0	0	0	R
NMDC20556848	1	0	0	0	0	0	0	0	0	0	R
NMDC20582716	1	0	0	1	0	0	0	0	0	1	R
NMDC20550843	1	0	0	1	0	0	0	0	0	0	R
NMDC20552844	1	0	0	1	0	0	0	0	0	1	R
NMDC20582718	1	0	0	0	0	0	0	0	0	0	R
NMDC20582719	1	0	0	0	0	0	0	0	0	0	R
NMDC20552842	1	0	0	0	0	0	0	0	0	0	R
NMDC20582720	0	0	0	0	0	0	0	0	0	0	R
NMDC20552843	0	0	0	0	0	0	0	0	0	0	R
NMDC20554828	1	0	0	1	0	0	0	0	0	0	R
NMDC20550844	1	0	0	1	1	0	0	0	0	0	R
NMDC20554829	1	0	0	0	0	0	0	0	0	1	R
NMDC20554830	0	0	0	0	0	0	0	0	0	0	R
NMDC20552845	1	0	0	1	0	0	0	0	0	0	R
NMDC20582722	1	0	0	0	0	0	0	0	0	0	R
NMDC20554832	1	0	0	1	0	0	0	0	0	1	R
NMDC20550845	1	0	0	0	0	0	0	0	0	0	R
NMDC20582723	0	1	0	1	0	0	1	0	0	1	R
NMDC20552846	1	0	0	0	0	0	0	0	0	0	R
NMDC20582724	0	0	0	0	0	0	0	0	0	0	R
NMDC20552848	0	0	0	0	0	0	0	0	0	0	R
NMDC20582727	0	0	0	1	1	1	0	0	0	0	R
NMDC20556850	0	0	0	0	0	0	0	0	0	0	R
NMDC20552849	0	0	0	0	0	0	0	0	0	0	R
NMDC20554834	1	0	0	0	0	0	0	0	1	0	R
NMDC20552854	1	0	0	0	0	0	0	0	0	0	R
NMDC20556851	1	0	0	1	0	0	0	0	0	1	R
NMDC20552851	1	0	0	0	0	0	0	0	0	0	R
NMDC20582728	1	0	0	1	0	0	0	0	0	0	R
NMDC20582729	1	0	0	0	0	0	0	0	0	0	R
NMDC20556852	1	0	1	0	0	0	0	0	0	1	R
NMDC20582730	0	0	0	0	0	0	0	1	0	0	R
NMDC20582731	0	0	0	0	0	1	0	0	0	0	R
NMDC20550847	1	0	1	0	0	0	0	0	1	1	R
NMDC20554835	1	0	0	0	0	0	0	0	0	0	R
NMDC20552855	1	0	0	0	0	0	0	0	0	0	R
NMDC20556854	0	0	0	0	0	0	0	0	0	0	R
NMDC20552856	1	0	0	0	0	0	0	0	0	0	R
NMDC20582733	0	0	0	1	0	0	0	0	0	0	R
NMDC20552858	0	0	0	1	0	1	0	0	0	0	R
NMDC20554836	0	0	0	0	0	0	0	0	0	0	R
NMDC20582735	0	0	0	1	1	0	0	0	0	0	R
NMDC20582736	1	0	0	0	0	0	0	0	0	0	R
NMDC20582737	1	0	0	1	0	0	0	0	0	0	R
NMDC20552859	1	0	0	1	1	0	0	0	0	0	R
NMDC20550848	1	0	0	0	0	0	0	0	0	0	R
NMDC20582738	0	0	0	1	0	0	0	0	0	1	R
NMDC20582740	0	0	0	0	0	0	0	0	0	0	R
NMDC20550849	1	0	0	0	0	0	0	0	0	0	R
NMDC20582741	1	0	0	1	0	0	0	0	0	0	R
NMDC20552860	0	0	0	1	1	1	0	0	0	0	R
NMDC20582742	0	0	0	1	0	0	0	0	0	0	R
NMDC20552861	1	0	0	1	0	0	0	0	0	1	R
NMDC20552862	0	1	0	1	0	0	1	0	0	1	R
NMDC20550850	1	0	0	0	0	0	0	0	0	0	R
NMDC20556855	1	1	0	1	0	0	1	0	0	1	R
NMDC20582743	1	0	0	0	0	0	0	0	0	0	R
NMDC20550851	0	0	0	0	0	0	0	0	0	0	R
NMDC20582744	0	0	0	1	0	0	0	0	0	1	R
NMDC20550852	1	0	0	0	0	0	0	0	0	0	R
NMDC20552863	1	0	0	0	0	0	0	0	0	0	R
NMDC20556857	1	0	0	1	0	0	0	0	0	0	R
NMDC20556858	1	0	0	1	1	1	0	0	0	0	R
NMDC20582747	1	0	0	0	0	0	0	0	0	0	R
NMDC20582748	0	0	0	1	1	0	0	0	0	0	R
NMDC20550854	1	0	1	0	0	0	0	0	0	0	R
NMDC20582750	1	0	0	1	0	0	0	0	0	0	R
NMDC20554838	0	0	0	0	0	1	0	0	0	0	R
NMDC20554839	1	0	0	1	0	0	0	0	0	0	R
NMDC20552865	0	0	0	0	0	1	0	0	0	0	R
NMDC20554840	0	0	0	0	0	1	0	0	0	0	R
NMDC20582752	1	0	0	0	0	0	0	0	0	0	R
NMDC20582753	1	0	0	1	0	0	0	0	0	1	R
NMDC20582754	1	0	0	1	0	0	0	0	0	0	R
NMDC20554841	1	0	1	1	0	0	0	0	0	0	R
NMDC20552869	1	0	0	0	0	0	0	0	0	0	R
NMDC20550859	0	1	0	1	1	0	0	0	0	0	R
NMDC20550860	1	0	0	0	0	0	0	0	0	0	R
NMDC20554844	1	0	0	0	0	0	0	0	0	0	R
NMDC20552870	0	1	0	1	1	0	0	0	0	0	R
NMDC20552871	0	0	1	0	0	0	0	0	1	0	R
NMDC20554842	0	0	0	0	0	1	0	0	0	0	R
NMDC20582755	1	0	0	1	0	0	0	0	0	0	R
NMDC20556861	1	0	0	0	0	0	0	0	0	0	R
NMDC20552872	0	0	0	1	1	0	0	0	0	0	R
NMDC20582756	1	0	0	0	0	0	0	0	0	0	R
NMDC20554843	1	0	0	0	0	0	0	0	0	0	R
NMDC20550862	1	0	0	0	0	1	0	0	0	0	R
NMDC20554853	1	0	0	1	1	1	0	0	0	0	R
NMDC20582758	1	0	0	1	0	0	0	0	0	0	R
NMDC20554846	1	0	0	0	0	0	0	0	0	0	R
NMDC20550863	0	0	0	0	0	0	0	0	0	0	R
NMDC20554848	1	0	0	0	0	0	0	0	0	0	R
NMDC20582759	0	0	0	0	0	0	0	0	0	0	R
NMDC20556862	1	0	0	1	1	1	0	0	0	0	R
NMDC20582760	1	0	0	1	0	0	0	0	0	0	R
NMDC20550865	1	0	0	1	1	0	0	0	0	1	R
NMDC20582762	1	0	0	0	0	0	0	0	0	0	R
NMDC20552875	1	0	0	0	0	0	0	0	0	0	R
NMDC20582763	1	0	0	0	0	0	0	0	0	0	R
NMDC20582765	1	0	0	1	1	1	0	0	0	0	R
NMDC20552878	1	0	0	0	0	0	0	0	0	0	R
NMDC20554850	1	0	0	0	0	0	0	0	0	0	R
NMDC20582766	1	0	0	0	0	0	0	0	0	0	R
NMDC20552880	0	0	0	0	0	0	0	0	0	1	R
NMDC20550871	1	0	0	1	0	0	0	0	0	0	R
NMDC20550868	1	0	0	0	0	0	0	0	1	0	R
NMDC20552881	0	1	0	1	0	0	0	0	1	0	R
NMDC20552882	0	1	0	1	0	0	0	0	1	0	R
NMDC20550869	1	0	0	0	0	0	0	0	0	0	R
NMDC20550870	1	0	0	0	0	0	0	0	0	0	R
NMDC20582769	1	0	0	0	0	0	0	0	0	0	R
NMDC20552884	1	0	0	1	0	0	0	0	0	0	R
NMDC20582770	1	0	0	0	0	0	0	0	0	0	R
NMDC20582772	1	0	0	1	1	1	0	0	0	0	R
NMDC20556866	1	0	0	1	0	0	0	0	0	0	R
NMDC20582773	1	0	0	0	0	0	0	0	0	0	R
NMDC20582774	1	0	1	0	0	1	0	0	0	1	R
NMDC20550873	0	0	0	0	0	1	0	0	0	0	R
NMDC20554854	1	0	0	1	0	0	0	0	0	0	R
NMDC20552888	0	1	0	1	0	0	1	0	0	1	R
NMDC20552887	1	0	0	1	0	0	0	0	0	0	R
NMDC20582776	1	0	0	1	0	0	0	0	0	0	R
NMDC20582778	0	1	0	0	0	0	1	0	0	1	R
NMDC20582779	0	1	0	1	1	0	0	0	0	0	R
NMDC20582780	1	0	0	1	0	0	0	0	0	0	R
NMDC20556870	1	0	0	0	0	0	0	0	0	0	R
NMDC20554856	0	0	0	1	0	0	0	0	0	1	R
NMDC20582781	1	0	0	0	0	0	0	0	0	0	R
NMDC20554855	0	1	0	1	0	0	1	0	0	1	R
NMDC20582782	1	0	0	1	0	0	0	0	0	0	R
NMDC20582783	1	0	0	1	0	0	0	0	0	0	R
NMDC20552889	1	0	0	1	0	0	0	0	0	1	R
NMDC20556872	0	0	0	0	0	0	0	0	0	0	R
NMDC20582785	1	0	0	0	0	0	0	0	0	0	R
NMDC20552890	1	0	0	0	0	0	0	0	0	0	R
NMDC20552891	0	1	0	1	1	0	0	0	0	0	R
NMDC20582787	1	0	0	0	0	0	0	0	0	0	R
NMDC20550876	1	0	0	1	0	0	0	0	0	1	R
NMDC20554859	0	0	0	1	0	0	0	0	0	1	R
NMDC20582789	0	0	0	0	0	0	1	0	0	1	R
NMDC20582793	1	1	0	1	0	1	0	0	0	1	R
NMDC20554860	1	0	0	1	1	1	0	0	0	0	R
NMDC20550877	0	0	0	0	0	0	1	0	0	1	R
NMDC20554862	1	0	0	0	0	0	0	0	0	0	R
NMDC20552894	1	0	1	0	0	0	0	0	0	1	R
NMDC20582794	1	0	0	0	0	0	0	0	0	0	R
NMDC20556874	1	0	0	0	0	0	0	0	0	0	R
NMDC20582797	1	0	0	1	0	0	0	0	0	0	R
NMDC20554863	1	0	0	0	0	0	0	0	0	0	R
NMDC20556875	1	0	0	1	0	0	0	0	1	0	R
NMDC20556876	1	1	0	1	0	0	0	0	1	0	R
NMDC20582799	0	1	0	1	0	0	1	0	0	1	R
NMDC20554866	0	0	0	0	0	1	0	0	0	0	R
NMDC20556879	1	0	0	1	0	0	0	0	0	1	R
NMDC20556880	1	0	0	0	0	0	0	0	0	0	R
NMDC20582802	0	0	0	1	0	0	0	0	0	0	R
NMDC20554867	1	0	0	1	0	0	0	0	0	1	R
NMDC20582803	1	0	0	1	1	0	0	0	0	1	R
NMDC20582913	0	1	0	1	1	0	0	0	0	0	R
NMDC20582914	0	0	0	0	0	0	0	0	0	1	R
NMDC20552943	0	0	0	0	0	0	0	0	0	0	R
NMDC20554903	1	0	0	1	0	0	0	0	0	0	R
NMDC20582915	0	1	0	1	1	0	0	0	0	0	R
NMDC20582916	1	0	0	1	0	0	0	0	0	0	R
NMDC20582919	1	0	0	0	0	0	0	0	0	0	R
NMDC20582920	1	0	0	0	0	1	0	0	0	0	R
NMDC20554904	1	0	0	1	0	0	0	0	0	1	R
NMDC20582921	1	0	0	1	0	0	0	0	0	0	R
NMDC20554905	1	0	0	1	0	0	0	0	0	1	R
NMDC20582923	0	0	0	0	0	0	0	0	0	1	R
NMDC20582924	1	0	0	0	0	0	0	0	0	0	R
NMDC20552945	1	0	1	0	0	0	0	0	0	1	R
NMDC20554907	1	0	0	1	0	0	0	0	0	0	R
NMDC20582929	0	0	0	1	1	0	0	0	0	0	R
NMDC20550924	1	0	0	1	0	0	0	0	0	0	R
NMDC20550925	1	0	1	0	0	0	0	0	0	1	R
NMDC20582930	1	0	0	1	0	0	0	0	0	0	R
NMDC20582931	0	1	0	1	0	0	1	0	0	1	R
NMDC20582932	1	0	0	1	0	0	0	0	0	0	R
NMDC20582933	0	1	0	1	1	0	0	0	0	0	R
NMDC20552947	0	0	1	0	0	0	0	0	0	0	R
NMDC20552948	0	0	0	1	0	1	0	0	0	0	R
NMDC20582936	1	0	0	1	0	0	0	0	0	0	R
NMDC20554908	1	0	0	1	0	0	0	0	0	0	R
NMDC20556922	1	0	0	0	0	0	0	0	0	0	R
NMDC20582937	1	0	0	1	0	0	0	0	0	0	R
NMDC20582938	1	0	0	1	0	0	0	0	0	0	R
NMDC20554910	1	0	0	1	0	0	0	0	0	0	R
NMDC20554911	0	1	0	1	0	0	1	0	0	1	R
NMDC20550928	1	0	0	1	0	0	0	0	0	1	R
NMDC20554912	0	0	0	0	0	0	0	0	1	1	R
NMDC20582939	1	0	0	1	0	0	0	0	0	0	R
NMDC20554913	1	0	0	0	0	0	0	0	0	0	R
NMDC20554914	1	0	1	1	0	0	0	0	0	0	R
NMDC20552950	1	0	0	1	0	0	0	0	0	0	R
NMDC20550930	0	0	0	1	1	0	0	0	0	0	R
NMDC20554915	1	0	0	1	0	0	0	0	0	0	R
NMDC20552951	1	0	0	1	0	0	0	0	0	1	R
NMDC20554916	0	0	0	0	0	1	0	0	0	0	R
NMDC20582941	1	0	0	1	0	0	0	0	0	0	R
NMDC20582943	0	0	0	0	0	0	0	1	0	0	R
NMDC20582944	1	0	0	0	0	0	0	0	0	1	R
NMDC20582945	0	0	0	0	0	0	1	0	0	1	R
NMDC20554917	1	0	0	1	0	0	0	0	0	0	R
NMDC20582946	1	0	0	1	0	0	0	0	0	0	R
NMDC20552954	0	0	1	1	0	0	1	0	0	1	R
NMDC20582949	1	0	0	1	0	0	0	0	0	0	R
NMDC20556923	1	0	0	0	0	0	0	0	0	0	R
NMDC20554920	1	0	0	1	1	1	0	0	0	0	R
NMDC20582950	1	0	0	0	0	0	0	0	0	0	R
NMDC20582952	1	0	0	0	0	0	0	0	0	0	R
NMDC20582954	1	0	0	0	0	0	0	0	0	0	R
NMDC20556942	0	1	0	1	1	0	0	0	0	0	R
NMDC20582955	1	0	0	0	0	0	0	0	0	0	R
NMDC20552956	1	0	0	0	0	0	0	0	0	0	R
NMDC20554923	0	0	0	0	0	0	0	0	0	0	R
NMDC20582957	0	0	0	0	0	0	0	0	0	0	R
NMDC20556925	0	0	0	1	0	0	1	0	0	1	R
NMDC20556926	0	1	0	1	0	0	1	0	0	1	R
NMDC20582959	1	0	0	1	0	0	0	0	0	0	R
NMDC20554926	1	0	0	1	0	0	0	0	0	0	R
NMDC20550933	1	0	0	1	0	0	0	0	0	0	R
NMDC20554927	1	0	0	1	0	0	0	0	0	0	R
NMDC20582960	1	0	0	1	0	0	0	0	0	0	R
NMDC20556928	0	0	0	0	0	0	0	0	0	1	R
NMDC20552958	1	0	0	0	0	0	0	0	0	0	R
NMDC20550934	1	0	0	1	0	0	0	0	0	0	R
NMDC20550935	0	1	0	0	0	0	0	0	1	0	R
NMDC20582962	1	0	0	1	0	0	0	0	0	0	R
NMDC20582964	1	0	0	1	0	0	0	0	0	0	R
NMDC20582968	0	0	0	1	0	1	0	0	0	0	R
NMDC20552961	0	1	0	1	0	0	1	0	0	0	R
NMDC20554930	1	0	0	1	0	0	0	0	0	0	R
NMDC20552963	1	0	0	1	0	0	0	0	0	0	R
NMDC20582970	0	0	0	0	0	0	0	0	0	0	R
NMDC20582971	0	0	0	1	1	0	0	0	0	0	R
NMDC20554932	1	0	0	0	0	1	0	0	0	0	R
NMDC20550937	0	1	0	1	1	0	0	0	0	0	R
NMDC20552965	0	0	0	0	0	0	0	0	0	0	R
NMDC20556932	0	0	0	0	0	0	0	0	0	0	R
NMDC20582972	1	0	0	0	0	0	0	0	0	0	R
NMDC20554931	1	0	0	1	1	0	1	0	0	1	R
NMDC20582973	1	0	0	0	0	0	0	0	0	1	R
NMDC20550938	0	0	1	0	0	0	0	0	1	0	R
NMDC20556933	1	0	0	1	0	0	0	0	0	0	R
NMDC20582974	1	0	0	1	0	0	0	0	1	1	R
NMDC20582976	0	0	0	0	0	0	0	0	0	0	R
NMDC20582977	1	0	1	1	0	0	0	0	0	1	R
NMDC20552968	1	0	0	0	0	0	0	0	0	0	R
NMDC20554934	1	0	0	1	0	0	0	0	0	0	R
NMDC20554936	1	0	0	0	0	1	0	0	0	0	R
NMDC20550939	1	0	1	0	0	0	0	0	0	1	R
NMDC20582980	1	0	0	0	0	0	0	0	0	0	R
NMDC20582981	0	0	1	1	0	0	0	0	0	1	R
NMDC20556936	0	0	0	1	1	1	0	0	0	1	R
NMDC20552969	0	1	0	1	0	0	1	0	0	0	R
NMDC20582982	0	0	0	0	1	0	0	0	1	1	R
NMDC20556937	1	0	0	1	0	1	0	0	0	1	R
NMDC20550940	1	0	0	0	0	0	0	0	0	0	R
NMDC20582983	1	0	0	1	0	0	0	0	0	1	R
NMDC20552970	0	0	0	1	1	0	0	0	0	0	R
NMDC20550941	0	0	0	0	0	0	0	0	0	0	R
NMDC20556938	0	0	0	0	0	0	0	0	0	0	R
NMDC20550942	0	1	0	1	0	0	1	0	0	1	R
NMDC20556939	1	0	0	1	0	0	0	0	0	0	R
NMDC20556940	0	0	0	1	1	1	0	0	0	1	R
NMDC20582985	1	0	0	0	0	0	0	0	0	0	R
NMDC20554937	1	0	0	1	1	0	0	0	0	1	R
NMDC20582987	1	0	0	1	0	0	0	0	0	1	R
NMDC20550944	1	0	0	1	0	0	0	0	0	0	R
NMDC20582988	0	0	0	0	0	1	0	0	0	0	R
NMDC20552974	1	0	0	1	0	0	0	0	0	0	R
NMDC20556943	1	0	0	1	0	0	0	0	0	1	R
NMDC20556944	1	0	0	0	0	0	0	0	0	0	R
NMDC20556949	1	0	0	1	0	0	0	0	0	0	R
NMDC20582990	0	1	0	1	1	0	0	0	0	0	R
NMDC20556946	0	1	0	1	0	0	1	0	0	1	R
NMDC20552976	1	0	0	1	0	0	0	0	0	0	R
NMDC20582991	1	0	0	1	1	0	0	0	0	1	R
NMDC20582992	0	0	0	0	0	1	0	0	0	0	R
NMDC20556948	0	0	0	0	0	0	0	0	0	0	R
NMDC20582993	1	0	0	0	0	0	0	0	0	0	R
NMDC20582994	0	0	0	1	0	0	0	0	0	0	R
NMDC20550947	0	0	0	0	0	1	0	0	0	0	R
NMDC20554938	1	0	0	1	0	0	0	0	0	0	R
NMDC20552977	1	0	0	1	0	0	0	0	0	0	R
NMDC20582995	0	0	1	1	0	0	0	0	0	0	R
NMDC20556951	1	0	0	1	0	0	0	0	0	1	R
NMDC20554939	1	0	0	1	0	0	0	0	0	0	R
NMDC20582997	1	0	0	1	0	0	0	0	0	1	R
NMDC20554943	0	0	0	0	0	0	0	0	1	1	R
NMDC20554940	1	0	0	0	0	0	0	0	0	0	R
NMDC20550948	1	0	0	1	0	0	0	0	0	0	R
NMDC20552980	0	0	0	0	0	0	0	0	0	0	R
NMDC20582999	1	0	0	1	0	0	0	0	0	1	R
NMDC20583000	1	0	0	0	0	0	0	0	0	0	R
NMDC20554941	1	0	0	0	0	1	0	0	0	0	R
NMDC20583001	1	0	0	1	0	0	0	0	0	0	R
NMDC20554948	1	0	0	1	0	0	0	0	0	0	R
NMDC20550949	0	0	0	0	0	1	0	0	0	0	R
NMDC20550950	0	0	0	0	0	0	0	0	0	0	R
NMDC20583004	1	0	1	0	0	0	0	0	0	0	R
NMDC20583005	1	0	0	1	0	1	0	0	0	0	R
NMDC20554947	0	0	0	1	0	0	0	0	0	0	R
NMDC20550951	0	0	0	0	0	0	0	0	1	1	R
NMDC20583006	1	0	0	0	0	0	0	0	0	0	R
NMDC20554949	1	0	0	0	0	0	0	0	0	1	R
NMDC20583009	1	0	0	0	0	0	0	0	0	0	R
NMDC20583010	0	0	0	0	0	0	0	0	0	0	R
NMDC20583011	1	0	0	1	0	0	0	0	0	0	R
NMDC20583012	1	0	0	1	0	0	0	0	0	1	R
NMDC20556954	1	0	0	0	0	0	0	0	1	0	R
NMDC20583014	1	0	0	1	0	0	0	0	0	1	R
NMDC20556955	0	0	0	0	0	0	0	0	0	0	R
NMDC20583015	1	0	0	1	0	0	0	0	0	1	R
NMDC20583018	0	0	0	1	0	1	0	0	0	0	R
NMDC20552981	0	1	0	1	0	0	0	0	0	0	R
NMDC20554950	0	1	0	1	0	0	1	0	0	0	R
NMDC20583021	1	0	0	0	0	0	0	0	0	0	R
NMDC20556958	0	0	0	1	0	0	0	0	1	1	R
NMDC20554951	1	0	0	1	0	0	0	0	0	1	R
NMDC20583024	1	0	1	0	0	0	0	0	0	1	R
NMDC20556959	1	0	0	0	0	0	0	0	0	0	R
NMDC20554952	1	0	0	1	1	0	1	0	0	1	R
NMDC20554953	1	0	0	1	0	0	0	0	0	1	R
NMDC20583025	1	0	0	1	0	0	0	0	0	1	R
NMDC20583027	1	0	0	0	0	0	0	0	0	0	R
NMDC20556961	1	0	0	0	0	0	0	0	0	0	R
NMDC20583028	1	0	0	0	0	0	0	0	0	0	R
NMDC20583029	1	0	0	0	0	0	0	0	0	0	R
NMDC20554954	1	0	0	0	0	0	0	0	0	0	R
NMDC20554956	0	0	0	0	0	0	0	0	0	1	R
NMDC20550955	0	0	0	0	0	1	0	0	0	0	R
NMDC20583030	0	1	0	1	0	0	0	0	1	0	R
NMDC20583033	0	0	0	0	0	0	0	0	0	0	R
NMDC20552988	1	1	0	1	0	0	1	0	0	1	R
NMDC20583035	1	0	0	1	0	0	0	0	0	0	R
NMDC20556965	1	0	0	1	0	0	0	0	0	0	R
NMDC20550959	0	0	0	0	0	0	0	0	0	0	R
NMDC20583036	0	0	0	0	0	0	0	0	1	1	R
NMDC20583037	1	0	0	1	1	1	0	0	0	0	R
NMDC20583038	0	0	0	1	0	0	0	0	0	0	R
NMDC20556968	1	0	0	1	0	0	0	0	1	1	R
NMDC20583039	1	0	0	0	0	1	0	0	0	0	R
NMDC20583040	1	0	0	0	0	1	0	0	0	0	R
NMDC20556969	0	1	0	1	0	0	1	0	0	0	R
NMDC20552989	1	0	0	0	0	0	0	0	0	0	R
NMDC20583041	1	0	0	1	0	0	0	0	0	0	R
NMDC20583044	1	0	0	0	0	0	0	0	0	0	R
NMDC20583045	1	0	0	1	0	0	0	0	0	0	R
NMDC20552990	1	0	0	1	0	0	0	0	0	0	R
NMDC20550961	1	0	0	0	0	0	0	0	0	0	R
NMDC20556971	0	1	0	1	0	0	1	0	0	1	R
NMDC20556972	1	0	0	1	0	0	0	0	0	0	R
NMDC20554962	0	0	0	1	0	0	1	0	0	1	R
NMDC20554963	1	0	0	1	0	1	0	0	0	0	R
NMDC20583050	1	1	0	1	0	0	1	0	0	0	R
NMDC20552991	1	0	0	1	0	0	0	0	0	0	R
NMDC20552992	1	0	0	1	0	0	0	0	0	0	R
NMDC20554964	0	0	0	1	1	0	0	0	0	1	R
NMDC20583051	1	0	0	0	0	0	0	0	0	0	R
NMDC20583054	1	0	1	1	0	0	0	0	0	0	R
NMDC20554969	1	0	0	1	0	0	0	0	0	1	R
NMDC20556974	1	0	1	0	0	0	0	0	0	0	R
NMDC20550964	0	1	0	1	1	0	0	0	0	1	R
NMDC20550965	1	0	0	1	0	0	0	0	0	1	R
NMDC20550966	1	0	0	1	0	0	0	0	0	0	R
NMDC20550967	0	0	0	0	0	1	0	0	0	0	R
NMDC20554971	1	0	0	0	0	0	0	0	0	0	R
NMDC20552996	1	0	1	1	0	0	0	0	0	0	R
NMDC20554973	1	0	0	1	0	0	0	0	0	0	R
NMDC20583063	0	0	0	0	0	1	0	0	0	0	R
NMDC20583065	0	0	0	1	1	0	0	0	0	0	R
NMDC20554975	0	0	0	1	1	0	0	0	0	0	R
NMDC20553001	0	0	0	0	0	0	0	0	0	0	R
NMDC20552998	0	0	0	0	0	0	0	0	0	0	R
NMDC20552999	1	0	1	1	0	0	0	0	0	0	R
NMDC20553000	1	0	1	0	0	0	0	0	0	0	R
NMDC20583069	0	0	0	1	0	0	0	0	0	0	R
NMDC20583071	1	0	1	1	0	0	0	0	0	0	R
NMDC20583072	0	0	0	1	1	0	0	0	0	0	R
NMDC20583073	1	0	0	1	0	0	0	0	0	1	R
NMDC20554977	1	0	1	1	0	0	0	0	0	1	R
NMDC20550968	1	0	0	1	0	0	0	0	0	0	R
NMDC20553002	0	1	0	1	0	0	1	0	0	1	R
NMDC20553003	0	1	0	1	0	0	1	0	0	0	R
NMDC20554978	1	0	0	1	0	0	0	0	0	0	R
NMDC20583076	0	0	0	0	0	0	0	0	0	0	R
NMDC20553006	0	0	0	1	1	0	0	0	0	0	R
NMDC20556984	0	0	0	0	0	0	1	0	0	1	R
NMDC20553007	1	1	0	1	0	0	1	0	0	1	R
NMDC20583082	0	0	0	0	0	0	0	0	0	1	R
NMDC20556983	1	0	0	1	0	0	0	0	0	0	R
NMDC20583083	0	0	0	1	0	0	0	0	0	0	R
NMDC20553009	0	1	0	1	0	0	1	0	0	0	R
NMDC20583085	1	1	0	1	0	0	0	0	0	0	R
NMDC20583086	0	1	0	1	0	0	1	0	1	0	R
NMDC20583087	0	1	0	1	0	0	1	0	0	1	R
NMDC20553012	1	0	1	0	0	0	0	0	0	0	R
NMDC20553010	1	1	0	1	0	0	1	0	0	1	R
NMDC20583089	0	0	0	1	0	1	0	0	0	0	R
NMDC20583090	1	0	0	1	0	0	0	0	0	0	R
NMDC20550973	1	1	0	1	0	0	0	0	1	1	R
NMDC20583092	0	0	0	0	0	0	0	0	0	0	R
NMDC20550974	1	0	0	0	0	0	0	0	0	0	R
NMDC20554984	1	1	0	1	0	0	0	0	1	1	R
NMDC20550975	1	1	0	1	0	0	0	0	1	1	R
NMDC20556985	1	0	0	0	0	0	0	0	0	0	R
NMDC20583094	1	0	0	0	0	0	0	0	0	0	R
NMDC20583096	0	0	0	0	0	1	0	0	0	0	R
NMDC20583097	1	0	0	0	0	0	0	0	0	0	R
NMDC20554986	1	0	0	0	0	0	0	0	0	0	R
NMDC20583099	0	1	0	1	0	0	1	0	0	1	R
NMDC20583100	1	0	0	1	0	0	0	0	0	0	R
NMDC20553014	1	0	0	1	0	0	0	0	0	0	R
NMDC20583103	0	1	0	1	0	0	0	0	1	1	R
NMDC20583104	1	1	0	1	0	0	0	0	1	1	R
NMDC20556989	1	0	0	0	0	0	0	0	0	0	R
NMDC20550977	0	1	0	1	1	0	0	0	0	0	R
NMDC20583105	1	0	0	1	0	0	0	0	0	0	R
NMDC20583108	1	0	0	0	0	0	0	0	0	0	R
NMDC20583112	1	1	0	1	0	0	0	0	1	1	R
NMDC20550978	0	1	0	1	0	0	0	0	1	1	R
NMDC20583113	1	1	0	1	0	0	0	0	1	1	R
NMDC20550979	1	0	0	0	0	0	0	0	0	0	R
NMDC20583115	1	1	0	1	0	1	0	0	1	1	R
NMDC20583116	1	1	0	1	0	0	0	0	1	1	R
NMDC20583117	1	1	0	1	0	0	0	0	0	0	R
NMDC20583118	1	0	0	1	0	1	0	0	0	0	R
NMDC20556991	0	0	0	0	0	0	0	0	0	0	R
NMDC20554991	0	0	0	0	0	0	0	0	0	1	R
NMDC20550983	0	1	0	1	0	0	1	0	0	0	R
NMDC20554992	1	1	0	1	0	0	0	0	1	1	R
NMDC20583120	1	0	0	0	0	0	0	0	1	1	R
NMDC20583121	0	1	0	1	0	0	1	0	0	0	R
NMDC20583122	1	0	0	0	0	0	0	0	0	0	R
NMDC20553018	0	1	0	0	0	0	1	0	0	1	R
NMDC20583123	1	0	0	0	0	0	0	0	0	0	R
NMDC20553020	0	1	0	1	0	0	1	0	0	0	R
NMDC20583124	1	0	0	0	0	0	0	0	0	0	R
NMDC20553019	1	1	0	1	0	0	0	0	1	1	R
NMDC20550984	1	0	0	1	0	0	0	0	0	0	R
NMDC20583125	1	1	0	1	0	0	1	0	0	1	R
NMDC20583126	1	1	0	1	0	0	0	0	1	1	R
NMDC20556994	1	0	0	1	0	0	0	0	0	1	R
NMDC20550986	0	1	0	1	0	1	1	0	0	1	R
NMDC20550987	0	0	0	0	0	1	0	0	0	0	R
NMDC20550988	0	1	0	0	0	0	1	0	0	1	R
NMDC20553021	1	0	0	1	0	0	0	0	0	0	R
NMDC20553023	0	1	0	1	0	0	1	0	0	1	R
NMDC20553024	0	0	0	0	0	0	0	0	0	0	R
NMDC20554994	0	1	0	1	0	0	0	0	1	1	R
NMDC20550989	1	1	0	1	0	0	0	0	1	1	R
NMDC20550990	1	0	1	0	0	0	0	0	0	1	R
NMDC20556998	0	0	0	0	0	0	0	0	0	0	R
NMDC20556996	0	1	0	1	1	0	0	0	0	0	R
NMDC20556997	0	1	0	1	0	0	0	0	1	1	R
NMDC20554996	1	1	0	1	0	0	0	0	1	1	R
NMDC20583130	1	1	0	0	1	0	0	0	0	0	R
NMDC20583131	0	0	0	0	0	0	1	0	0	1	R
NMDC20550991	0	0	0	0	0	1	0	0	0	0	R
NMDC20550992	1	0	1	1	0	0	0	0	0	1	R
NMDC20550993	1	0	0	0	0	0	0	0	0	0	R
NMDC20583134	1	0	0	1	0	0	0	0	0	0	R
NMDC20550995	0	1	0	0	0	1	0	0	0	0	R
NMDC20550996	1	1	0	1	0	0	0	0	1	1	R
NMDC20550997	0	1	0	1	0	0	0	0	1	0	R
NMDC20553025	1	1	0	1	0	0	0	0	0	0	R
NMDC20583137	0	0	0	0	0	0	0	0	0	0	R
NMDC20550998	0	0	0	1	0	1	0	0	0	0	R
NMDC20583139	0	1	0	1	0	0	0	0	1	0	R
NMDC20553027	1	0	0	0	0	0	0	0	0	1	R
NMDC20583141	1	1	0	0	0	0	0	0	0	0	R
NMDC20583142	0	1	0	1	0	0	1	0	0	1	R
NMDC20583143	1	1	0	1	0	0	0	0	0	0	R
NMDC20557002	0	1	0	0	0	0	1	0	0	1	R
NMDC20554999	1	0	0	1	0	0	0	0	0	0	R
NMDC20555000	1	0	0	0	0	0	0	0	0	0	R
NMDC20550999	0	1	0	1	1	0	0	0	0	0	R
NMDC20551000	0	1	0	1	0	0	1	0	0	1	R
NMDC20551001	0	1	0	1	0	1	1	0	0	1	R
NMDC20583144	0	1	0	1	1	0	0	0	0	0	R
NMDC20583145	1	0	1	0	0	0	0	0	0	0	R
NMDC20583146	0	0	0	0	0	0	0	0	0	0	R
NMDC20555002	1	1	0	1	0	0	0	0	1	1	R
NMDC20583148	1	1	0	1	0	0	0	0	0	0	R
NMDC20555003	1	0	0	1	0	0	0	0	0	0	R
NMDC20555004	1	0	1	1	0	0	0	0	0	0	R
NMDC20553030	0	1	0	1	1	0	0	0	0	0	R
NMDC20553031	0	1	0	1	1	0	0	0	0	0	R
NMDC20555007	1	0	0	1	1	0	0	0	0	1	R
NMDC20557003	0	1	0	1	1	0	0	0	0	0	R
NMDC20551002	1	1	0	1	0	0	0	0	0	0	R
NMDC20583151	0	0	0	0	0	1	0	0	0	0	R
NMDC20555005	1	0	0	0	0	0	0	0	0	0	R
NMDC20583152	0	1	0	1	0	0	1	0	0	1	R
NMDC20583153	0	1	0	1	1	0	0	0	0	0	R
NMDC20557005	1	0	0	1	0	0	0	0	0	0	R
NMDC20583154	1	0	0	1	0	0	0	0	0	0	R
NMDC20583155	1	0	0	0	0	0	0	0	0	1	R
NMDC20551004	1	0	0	0	0	1	0	0	0	0	R
NMDC20553033	0	1	0	1	0	0	1	0	0	1	R
NMDC20583156	0	0	0	0	0	0	1	0	0	1	R
NMDC20555008	1	0	0	0	0	0	0	0	0	0	R
NMDC20583157	0	1	0	1	0	0	0	0	1	1	R
NMDC20551008	1	0	0	1	0	0	0	0	0	0	R
NMDC20553035	1	0	0	0	0	0	0	0	0	0	R
NMDC20551006	0	1	0	1	1	0	0	0	0	0	R
NMDC20557006	1	0	0	0	0	0	0	0	0	0	R
NMDC20583158	1	0	0	1	0	0	0	0	0	0	R
NMDC20551007	1	0	0	1	0	0	0	0	0	0	R
NMDC20583160	1	0	0	0	0	1	0	0	0	0	R
NMDC20553036	1	0	0	1	0	0	0	0	0	0	R
NMDC20555009	1	0	0	1	0	0	0	0	0	0	R
NMDC20583161	1	0	0	0	0	1	0	0	0	0	R
NMDC20583162	0	0	0	0	0	1	0	0	0	0	R
NMDC20583163	0	1	0	0	0	0	1	0	0	1	R
NMDC20583164	0	0	0	0	0	1	0	0	0	0	R
NMDC20557007	1	0	0	1	0	0	0	0	0	0	R
NMDC20551009	1	0	0	0	0	0	0	0	0	0	R
NMDC20583165	1	0	0	0	0	0	0	0	0	0	R
NMDC20551010	1	0	0	0	0	0	0	0	0	0	R
NMDC20583166	1	0	0	1	0	0	0	0	0	0	R
NMDC20583167	1	0	1	0	0	0	0	0	0	0	R
NMDC20553037	1	1	0	1	0	0	0	0	0	0	R
NMDC20553038	0	1	0	0	0	0	1	0	0	1	R
NMDC20555010	1	0	0	0	0	0	0	0	0	0	R
NMDC20583170	1	0	0	1	0	0	0	0	0	1	R
NMDC20557008	1	0	0	1	0	0	0	0	0	0	R
NMDC20583172	1	0	0	0	0	0	0	0	0	0	R
NMDC20583173	0	1	0	1	1	0	0	0	0	0	R
NMDC20583174	1	0	1	0	0	0	0	0	0	0	R
NMDC20557010	0	1	0	1	0	0	1	0	0	1	R
NMDC20551011	1	0	0	1	0	0	0	0	0	1	R
NMDC20583178	0	1	0	0	1	0	0	0	0	0	R
NMDC20555011	1	0	0	1	0	0	0	0	0	1	R
NMDC20583179	0	1	0	1	0	0	1	0	0	1	R
NMDC20553040	0	0	0	1	1	0	0	0	0	0	R
NMDC20553041	1	0	0	1	0	0	0	0	0	0	R
NMDC20555012	0	1	0	1	0	0	1	0	0	1	R
NMDC20551013	0	0	0	0	0	1	0	0	0	0	R
NMDC20555013	1	1	0	1	0	0	0	0	1	1	R
NMDC20583180	1	0	0	0	0	0	0	0	0	1	R
NMDC20557011	0	0	1	1	0	0	0	0	0	0	R
NMDC20555015	1	0	0	1	0	0	0	0	0	1	R
NMDC20583181	1	0	0	1	0	0	0	0	0	1	R
NMDC20555016	1	0	1	1	0	0	0	0	0	1	R
NMDC20553042	1	0	0	0	0	0	0	0	1	0	R
NMDC20553043	0	1	0	1	1	0	0	0	0	0	R
NMDC20551015	1	0	1	0	0	0	0	0	0	0	R
NMDC20551014	1	1	0	1	0	0	1	0	0	1	R
NMDC20557012	0	1	0	1	0	0	1	0	0	0	R
NMDC20553045	1	1	0	1	0	0	0	0	1	1	R
NMDC20583182	0	1	0	1	0	0	1	0	0	1	R
NMDC20583183	0	1	0	1	0	0	1	0	0	1	R
NMDC20557014	1	0	0	1	0	0	0	0	0	0	R
NMDC20583185	1	1	0	1	0	0	0	0	1	1	R
NMDC20551016	1	0	1	0	0	0	0	0	0	0	R
NMDC20583186	1	0	1	0	0	0	0	0	0	0	R
NMDC20583187	0	0	0	0	0	0	0	0	1	0	R
NMDC20583188	1	0	1	1	0	0	0	0	0	0	R
NMDC20553047	1	0	0	1	0	0	0	0	0	0	R
NMDC20557018	0	0	0	0	0	0	0	0	0	1	R
NMDC20583189	1	0	0	1	0	0	0	0	0	0	R
NMDC20551017	1	0	0	0	0	0	0	0	1	0	R
NMDC20553050	1	1	0	1	0	0	0	0	1	1	R
NMDC20557019	1	0	0	1	0	0	0	0	0	1	R
NMDC20551019	1	0	0	0	0	1	0	0	0	0	R
NMDC20555020	1	0	0	0	0	1	0	0	0	0	R
NMDC20551020	1	0	0	0	0	0	0	0	0	0	R
NMDC20583190	1	0	0	0	0	0	0	0	0	0	R
NMDC20557020	1	0	0	0	0	0	0	0	0	0	R
NMDC20553053	0	1	0	1	0	0	1	0	0	1	R
NMDC20557021	1	1	0	1	0	0	1	0	0	1	R
NMDC20551022	0	1	0	1	0	0	1	0	0	0	R
NMDC20583192	0	0	0	1	0	0	0	0	0	1	R
NMDC20553058	1	0	0	1	0	0	0	0	0	0	R
NMDC20555021	1	1	0	0	0	0	0	0	0	0	R
NMDC20553060	0	0	0	1	0	0	0	0	0	0	R
NMDC20553059	1	0	0	0	0	0	0	0	0	0	R
NMDC20555023	1	0	0	1	0	0	0	0	0	1	R
NMDC20583197	0	1	0	1	0	0	1	0	0	1	R
NMDC20583198	0	1	0	1	0	0	1	0	0	1	R
NMDC20553061	0	1	0	1	1	0	0	0	0	0	R
NMDC20583200	1	0	0	1	0	0	0	0	0	0	R
NMDC20583201	0	1	0	1	0	0	1	0	0	1	R
NMDC20583202	0	1	0	1	0	0	1	0	0	1	R
NMDC20555025	0	1	0	1	0	1	1	0	0	1	R
NMDC20555026	0	0	0	0	0	1	0	0	0	0	R
NMDC20551026	1	0	0	1	0	0	0	0	0	0	R
NMDC20555029	1	0	0	0	0	0	0	0	0	0	R
NMDC20557028	1	1	0	1	0	0	1	0	0	1	R
NMDC20583207	1	1	0	1	0	1	1	0	0	1	R
NMDC20553063	1	0	0	0	0	0	0	0	0	0	R
NMDC20557029	1	0	0	1	0	0	0	0	0	0	R
NMDC20553064	1	0	0	0	0	0	0	0	0	0	R
NMDC20583211	0	1	0	1	0	1	1	0	0	1	R
NMDC20555031	1	0	0	1	0	0	0	0	0	0	R
NMDC20553065	1	0	0	1	0	0	0	0	0	0	R
NMDC20553067	0	0	0	0	0	0	0	0	0	0	R
NMDC20583214	0	0	0	0	0	0	0	0	0	0	R
NMDC20551030	0	0	0	0	0	0	0	0	0	0	R
NMDC20557032	0	1	0	1	0	0	1	0	0	1	R
NMDC20583215	1	0	0	1	0	0	0	0	0	0	R
NMDC20555034	0	0	0	0	0	0	0	0	0	0	R
NMDC20557035	0	0	0	0	0	0	0	0	0	0	R
NMDC20583216	0	1	0	1	1	0	0	0	0	0	R
NMDC20555037	0	0	0	1	0	0	0	0	0	0	R
NMDC20557034	1	0	0	1	0	0	0	0	0	0	R
NMDC20583218	1	0	0	1	0	0	0	0	0	0	R
NMDC20551033	0	1	0	0	0	0	1	0	1	1	R
NMDC20551032	0	1	0	0	0	0	1	0	1	1	R
NMDC20557036	1	0	0	1	0	0	0	0	0	0	R
NMDC20553069	0	1	0	1	0	0	1	0	0	1	R
NMDC20583219	0	1	0	1	0	0	1	0	0	1	R
NMDC20551034	0	1	0	1	0	0	1	0	0	1	R
NMDC20557038	1	0	0	0	0	0	0	0	0	0	R
NMDC20583220	0	1	0	1	1	0	0	0	0	0	R
NMDC20557040	0	0	0	0	0	1	0	0	0	0	R
NMDC20551036	1	0	0	1	0	0	0	0	0	0	R
NMDC20583221	1	0	0	1	0	0	0	0	0	0	R
NMDC20557041	1	0	0	0	0	0	0	0	0	0	R
NMDC20555040	1	0	0	1	0	0	0	0	0	1	R
NMDC20551035	0	0	0	0	0	0	0	0	0	0	R
NMDC20583225	0	0	0	1	1	0	0	0	0	0	R
NMDC20551037	1	0	0	1	0	0	0	0	0	0	R
NMDC20553072	0	1	0	1	1	0	0	0	0	0	R
NMDC20583228	0	0	0	1	0	0	1	0	0	1	R
NMDC20553073	0	1	0	0	0	0	1	0	0	1	R
NMDC20583232	1	0	0	1	0	0	0	0	0	1	R
NMDC20583233	1	0	0	0	0	0	1	0	0	1	R
NMDC20583234	1	0	0	1	0	0	0	0	0	0	R
NMDC20583235	1	0	0	1	0	0	0	0	0	0	R
NMDC20555042	0	1	0	1	1	0	0	0	0	0	R
NMDC20583237	0	1	0	1	1	0	0	0	0	0	R
NMDC20583238	1	0	1	0	0	0	0	0	0	1	R
NMDC20557048	1	0	0	1	0	0	0	0	0	1	R
NMDC20553077	1	0	0	0	0	0	0	0	0	0	R
NMDC20555043	1	0	0	0	0	0	0	0	0	0	R
NMDC20553078	0	1	0	1	1	0	0	0	0	0	R
NMDC20557045	0	1	0	1	1	0	0	0	0	0	R
NMDC20557046	0	0	0	0	0	0	0	0	0	0	R
NMDC20583240	1	0	0	0	0	0	0	0	0	0	R
NMDC20551040	0	1	0	1	0	1	0	0	0	0	R
NMDC20557049	0	0	0	1	1	1	0	0	0	1	R
NMDC20557050	1	0	1	1	0	0	0	0	0	0	R
NMDC20583242	0	1	0	1	0	0	1	0	0	0	R
NMDC20557052	1	1	0	1	0	0	0	0	1	1	R
NMDC20555044	0	0	0	0	0	0	0	0	0	1	R
NMDC20583244	1	0	0	1	1	0	0	0	0	0	R
NMDC20557053	0	0	0	0	0	1	0	0	0	0	R
NMDC20583246	1	0	0	0	0	0	0	0	0	0	R
NMDC20557054	0	1	0	1	1	0	0	0	0	0	R
NMDC20551041	1	0	0	1	0	0	0	0	0	0	R
NMDC20583247	0	0	0	0	0	0	0	1	0	0	R
NMDC20583248	1	0	0	0	0	0	0	0	0	0	R
NMDC20551043	1	1	0	1	0	0	0	0	0	0	R
NMDC20553083	0	0	0	1	0	0	0	0	0	0	R
NMDC20557055	0	0	0	0	0	0	0	0	0	1	R
NMDC20583250	1	0	0	0	0	0	0	0	0	0	R
NMDC20551044	1	0	1	1	0	0	0	0	0	0	R
NMDC20553085	1	1	0	1	0	0	1	0	0	1	R
NMDC20551046	1	1	0	1	0	0	0	0	1	0	R
NMDC20553086	0	1	0	1	1	0	0	0	0	0	R
NMDC20583251	1	0	1	0	0	0	0	0	0	0	R
NMDC20583252	1	0	0	0	0	0	0	0	0	0	R
NMDC20583254	1	0	0	1	0	0	0	0	0	0	R
NMDC20583255	1	1	0	1	0	0	1	0	0	0	R
NMDC20583256	0	0	0	0	0	1	0	0	0	0	R
NMDC20551048	1	0	0	1	0	0	0	0	0	0	R
NMDC20557058	0	0	0	0	0	1	0	0	0	0	R
NMDC20553088	1	1	0	1	0	1	1	0	0	1	R
NMDC20557059	1	1	0	1	0	1	0	0	1	0	R
NMDC20555050	0	0	0	1	0	0	0	0	0	0	R
NMDC20551051	1	1	0	1	0	0	1	0	0	0	R
NMDC20557061	1	0	0	0	0	0	0	0	0	0	R
NMDC20555052	0	1	0	1	0	0	1	0	0	1	R
NMDC20551052	1	0	1	0	0	0	0	0	0	0	R
NMDC20583264	1	0	0	0	0	0	0	0	0	0	R
NMDC20557063	0	0	0	1	0	1	0	0	0	0	R
NMDC20557064	1	0	0	1	0	0	0	0	0	0	R
NMDC20555054	0	1	0	1	1	0	0	0	0	0	R
NMDC20583265	1	0	0	1	0	0	0	0	0	0	R
NMDC20555056	1	0	0	0	0	0	0	0	0	0	R
NMDC20583266	0	0	0	0	0	0	0	0	0	0	R
NMDC20583267	1	0	0	0	0	0	0	0	0	0	R
NMDC20551055	1	0	0	0	0	0	0	0	0	0	R
NMDC20551056	1	1	0	1	0	0	1	0	0	1	R
NMDC20557065	1	0	0	0	0	0	0	0	0	0	R
NMDC20553090	1	0	0	1	0	0	0	0	0	0	R
NMDC20553092	1	0	0	0	0	0	0	0	0	0	R
NMDC20583271	0	1	0	1	0	0	1	0	0	1	R
NMDC20551057	0	1	0	1	0	0	1	0	0	1	R
NMDC20583272	1	0	0	0	0	0	0	0	0	0	R
NMDC20557067	0	0	0	0	0	1	0	0	0	0	R
NMDC20551058	1	0	0	1	0	0	0	0	0	0	R
NMDC20583274	0	1	0	1	1	0	0	0	0	0	R
NMDC20553094	1	0	0	1	0	0	0	0	0	1	R
NMDC20583277	0	1	0	1	1	0	0	0	0	0	R
NMDC20557069	0	1	0	1	1	0	0	0	0	0	R
NMDC20557070	1	0	0	0	0	1	0	0	0	0	R
NMDC20551060	0	1	0	1	1	0	0	0	0	0	R
NMDC20583283	1	0	0	1	0	0	0	0	0	0	R
NMDC20557071	1	0	0	1	0	0	0	0	0	0	R
NMDC20583284	1	0	1	0	0	0	0	0	0	1	R
NMDC20551064	0	1	0	1	1	0	0	0	0	0	R
NMDC20583285	1	1	0	1	0	0	0	0	1	1	R
NMDC20583288	1	0	1	0	0	0	0	0	0	1	R
NMDC20555059	0	1	0	0	0	0	1	0	0	1	R
NMDC20583289	0	0	0	0	0	0	0	0	0	0	R
NMDC20551065	1	0	0	0	0	1	0	0	0	0	R
NMDC20583290	0	0	0	0	0	0	0	0	0	0	R
NMDC20551067	0	1	0	1	1	0	0	0	0	0	R
NMDC20557072	0	1	0	1	0	0	0	0	0	0	R
NMDC20555060	1	1	0	1	0	0	0	0	1	1	R
NMDC20555061	0	0	0	0	0	1	0	0	0	0	R
NMDC20557073	1	0	0	0	0	0	0	0	0	1	R
NMDC20553099	0	0	0	0	0	0	1	0	0	1	R
NMDC20557075	0	0	0	1	0	0	0	0	0	0	R
NMDC20557074	1	0	1	0	0	0	0	0	0	0	R
NMDC20553101	0	0	0	0	0	0	0	0	0	0	R
NMDC20583294	1	0	0	1	0	0	0	0	0	0	R
NMDC20583295	1	0	0	0	0	0	0	0	0	0	R
NMDC20583296	1	0	0	0	0	0	0	0	0	0	R
NMDC20551070	1	0	1	0	0	0	0	0	0	0	R
NMDC20583297	0	0	0	1	1	0	0	0	0	0	R
NMDC20557076	1	0	0	0	0	0	0	0	0	0	R
NMDC20583298	1	0	0	0	0	0	0	0	0	1	R
NMDC20583299	1	0	0	0	0	0	0	0	0	0	R
NMDC20583300	1	0	0	0	0	0	0	0	0	0	R
NMDC20555065	0	0	0	0	0	0	0	0	0	0	R
NMDC20557077	1	0	1	1	0	0	0	0	0	1	R
NMDC20583301	0	1	0	1	0	0	0	0	1	1	R
NMDC20583302	1	0	0	1	0	0	0	0	0	0	R
NMDC20557078	1	0	0	0	0	0	0	0	0	0	R
NMDC20583303	1	0	0	1	0	0	0	0	0	0	R
NMDC20553104	0	1	0	1	1	0	0	0	0	0	R
NMDC20557079	1	0	0	1	0	0	0	0	0	0	R
NMDC20555066	1	0	0	0	0	0	0	0	0	0	R
NMDC20553105	1	0	0	0	0	0	0	0	0	0	R
NMDC20557080	1	0	0	0	0	0	0	0	0	0	R
NMDC20557081	1	0	0	0	0	0	0	0	0	0	R
NMDC20553106	0	1	0	1	0	0	1	0	0	1	R
NMDC20551074	1	0	0	0	0	0	0	0	0	0	R
NMDC20557082	0	0	0	1	1	0	0	0	0	0	R
NMDC20583308	1	0	0	0	0	0	0	0	0	0	R
NMDC20553108	0	0	0	0	0	0	0	0	0	0	R
NMDC20555068	0	1	0	1	1	0	0	0	0	0	R
NMDC20553107	1	0	0	0	0	0	0	0	0	0	R
NMDC20557084	0	0	0	0	0	0	0	0	0	0	R
NMDC20555069	1	0	0	0	0	0	0	0	0	0	R
NMDC20555071	1	0	0	0	0	0	0	0	0	0	R
NMDC20557085	1	1	0	1	0	0	1	0	0	1	R
NMDC20583311	1	0	1	0	0	0	0	0	0	0	R
NMDC20583312	0	0	1	0	0	0	0	0	0	1	R
NMDC20557086	0	0	0	0	0	0	0	0	0	0	R
NMDC20557087	1	0	0	0	0	0	0	0	0	0	R
NMDC20557088	1	0	0	0	0	0	0	0	0	0	R
NMDC20583313	0	0	0	0	0	0	1	0	0	1	R
NMDC20557089	0	0	0	0	0	0	1	0	0	1	R
NMDC20557110	1	0	0	1	0	1	0	0	0	0	R
NMDC20553115	1	0	0	0	0	0	0	0	0	0	R
NMDC20583356	1	0	0	0	0	0	0	0	0	0	R
NMDC20583357	1	1	0	1	0	0	0	0	0	0	R
NMDC20583358	1	0	0	0	0	0	0	0	0	0	R
NMDC20551081	1	0	0	0	0	0	0	0	0	1	R
NMDC20557094	1	0	0	1	0	0	0	0	0	0	R
NMDC20583359	0	0	0	1	0	1	0	0	0	0	R
NMDC20583360	1	0	0	0	0	0	0	0	0	0	R
NMDC20583361	0	0	0	0	0	0	0	0	1	1	R
NMDC20557096	1	0	0	1	0	0	0	0	0	1	R
NMDC20583364	0	0	0	0	0	0	0	0	0	1	R
NMDC20583365	1	0	0	0	0	0	0	0	0	0	R
NMDC20553117	1	0	0	1	0	0	0	0	0	0	R
NMDC20583366	1	0	0	0	0	1	0	0	0	0	R
NMDC20583369	1	0	0	1	0	0	0	0	0	0	R
NMDC20553118	1	0	0	0	0	0	0	0	0	0	R
NMDC20553119	1	0	0	1	0	0	0	0	0	0	R
NMDC20551085	1	0	0	0	0	0	0	0	0	1	R
NMDC20583370	1	0	0	1	0	0	0	0	0	0	R
NMDC20553120	1	0	0	0	0	0	0	0	0	0	R
NMDC20583371	1	0	0	0	0	0	0	0	0	0	R
NMDC20583375	1	0	0	0	0	0	0	0	0	1	R
NMDC20583377	1	0	0	1	0	0	0	0	0	0	R
NMDC20551086	1	0	0	0	0	1	0	0	0	0	R
NMDC20583379	1	0	1	1	0	0	0	0	0	0	R
NMDC20555086	0	0	0	0	0	0	0	0	0	1	R
NMDC20553122	1	1	0	1	0	1	1	0	0	1	R
NMDC20551088	1	0	0	0	0	0	0	0	0	0	R
NMDC20583381	0	0	0	0	0	0	0	0	0	0	R
NMDC20583382	1	0	0	1	0	0	0	0	0	0	R
NMDC20553123	1	0	0	1	0	0	0	0	0	0	R
NMDC20583383	1	0	0	1	0	0	0	0	0	0	R
NMDC20557102	1	0	0	1	0	0	0	0	0	0	R
NMDC20553124	1	0	0	0	0	1	0	0	0	0	R
NMDC20551090	1	0	0	0	0	1	0	0	0	0	R
NMDC20555090	0	0	0	1	0	1	0	0	0	1	R
NMDC20583385	1	1	0	1	0	0	1	0	0	1	R
NMDC20551091	0	0	0	1	0	1	0	0	0	1	R
NMDC20555089	0	0	0	0	0	0	0	0	0	1	R
NMDC20583386	1	0	0	1	0	0	0	0	0	0	R
NMDC20553125	0	0	0	0	0	1	0	0	0	1	R
NMDC20583387	1	0	1	1	0	0	0	0	0	0	R
NMDC20553126	1	0	0	1	0	0	0	0	0	0	R
NMDC20553129	1	0	0	0	0	0	0	0	0	0	R
NMDC20553127	1	0	0	1	0	0	0	0	0	0	R
NMDC20583388	0	0	0	1	0	0	0	0	1	1	R
NMDC20557107	1	0	0	0	0	0	0	0	0	0	R
NMDC20553128	1	0	0	1	0	0	0	0	0	0	R
NMDC20583389	1	0	0	1	0	0	0	0	0	0	R
NMDC20583390	0	0	0	1	0	1	0	1	0	0	R
NMDC20583391	1	0	0	0	0	0	0	0	0	0	R
NMDC20583392	1	0	0	0	0	0	0	0	0	0	R
NMDC20553130	0	0	0	1	0	1	0	1	0	0	R
NMDC20583394	1	1	0	1	0	0	0	0	0	0	R
NMDC20551093	0	0	0	1	0	0	0	0	0	0	R
NMDC20557109	1	0	0	0	0	0	0	0	0	1	R
NMDC20555092	1	0	0	1	0	0	0	0	0	0	R
NMDC20583395	1	0	0	0	0	0	0	0	0	0	R
NMDC20551094	1	0	0	1	0	0	0	0	0	0	R
NMDC20553131	1	0	0	1	0	0	1	0	0	1	R
NMDC20583396	1	0	0	0	0	1	0	0	0	0	R
NMDC20555094	1	0	0	0	0	0	0	0	0	0	R
NMDC20553132	0	0	0	0	0	0	0	0	0	0	R
NMDC20555095	1	0	0	0	0	0	0	0	0	0	R
NMDC20551096	1	0	0	1	0	0	0	0	0	1	R
NMDC20551097	1	0	0	0	0	0	0	0	0	0	R
NMDC20553133	1	0	0	0	0	0	0	0	0	0	R
NMDC20551098	0	0	0	0	0	0	0	1	0	0	R
NMDC20583399	1	0	0	1	0	0	0	0	0	0	R
NMDC20555098	0	1	0	1	0	0	1	0	0	1	R
NMDC20583400	1	0	0	0	0	0	0	0	0	0	R
NMDC20583401	0	1	0	1	0	0	1	0	0	0	R
NMDC20583402	1	0	0	0	0	0	0	0	0	0	R
NMDC20583403	1	0	0	0	0	0	0	0	0	0	R
NMDC20551100	1	0	0	0	1	1	0	0	0	0	R
NMDC20555096	1	0	1	1	0	0	0	0	0	1	R
NMDC20555097	1	0	0	0	1	1	0	0	0	0	R
NMDC20583404	1	0	0	0	0	1	0	0	0	0	R
NMDC20557111	1	0	0	0	0	0	0	0	0	0	R
NMDC20555099	0	0	0	1	0	1	0	0	0	1	R
NMDC20583405	0	0	0	0	0	0	0	0	0	1	R
NMDC20583407	0	0	0	0	0	0	1	0	0	1	R
NMDC20583408	1	0	0	0	0	0	0	0	0	0	R
NMDC20555100	1	0	0	0	0	0	0	0	0	0	R
NMDC20553137	1	1	0	1	0	1	0	0	0	1	R
NMDC20557112	1	0	0	1	0	0	0	0	0	0	R
NMDC20583410	1	0	0	1	0	0	0	0	0	0	R
NMDC20555105	1	0	0	0	0	0	0	0	0	0	R
NMDC20555107	1	0	0	0	0	1	0	0	0	0	R
NMDC20583411	1	0	0	0	0	0	0	0	0	0	R
NMDC20557113	1	0	0	0	0	0	0	0	0	0	R
NMDC20551102	0	0	0	0	0	0	0	0	1	1	R
NMDC20551103	1	0	0	0	0	0	0	0	0	0	R
NMDC20557114	1	0	0	1	1	1	0	0	0	0	R
NMDC20583420	1	0	0	0	0	0	0	0	0	0	R
NMDC20551104	1	0	0	0	0	0	0	0	0	0	R
NMDC20583421	1	0	0	1	0	0	0	0	0	0	R
NMDC20555108	0	0	0	0	0	0	0	0	0	0	R
NMDC20583426	1	0	0	0	0	0	0	0	0	0	R
NMDC20583427	1	0	0	1	1	1	0	0	0	0	R
NMDC20557115	1	0	0	0	0	0	0	0	0	0	R
NMDC20553138	1	0	0	0	0	0	0	0	1	0	R
NMDC20555109	1	0	0	0	0	0	0	0	0	0	R
NMDC20555110	1	0	0	0	0	0	0	0	0	0	R
NMDC20583430	1	0	0	0	0	0	0	0	0	0	R
NMDC20583431	1	0	0	1	0	0	0	0	0	0	R
NMDC20553139	1	0	0	1	0	0	0	0	0	0	R
NMDC20553140	1	0	0	0	0	1	0	0	0	1	R
NMDC20583435	1	0	0	1	1	1	0	0	0	0	R
NMDC20583437	0	0	0	1	0	0	0	0	0	0	R
NMDC20557118	1	0	0	1	0	1	0	0	0	0	R
NMDC20583438	1	0	0	1	0	0	0	0	0	0	R
NMDC20583440	1	0	0	0	0	0	0	0	0	0	R
NMDC20553141	0	0	0	1	0	1	0	0	0	0	R
NMDC20583441	1	0	0	1	0	0	0	0	0	0	R
NMDC20583442	1	0	1	1	0	0	0	0	0	0	R
NMDC20553142	0	0	0	0	0	0	0	0	0	0	R
NMDC20583443	0	0	0	0	0	1	0	0	0	1	R
NMDC20553143	1	0	0	1	0	0	0	0	0	0	R
NMDC20557119	1	0	0	0	0	0	0	0	0	0	R
NMDC20557120	1	0	0	0	0	0	0	0	0	0	R
NMDC20551107	1	0	0	0	0	0	0	0	0	0	R
NMDC20557122	1	0	0	0	0	0	0	0	0	0	R
NMDC20555112	1	0	0	0	0	1	0	0	0	0	R
NMDC20551108	1	0	0	1	0	0	0	0	0	0	R
NMDC20553144	1	0	0	1	0	0	0	0	0	0	R
NMDC20555113	1	0	0	0	0	1	0	0	0	0	R
NMDC20557123	1	0	0	1	0	0	0	0	0	0	R
NMDC20553146	1	0	0	1	1	1	0	0	0	0	R
NMDC20551112	1	0	0	0	0	0	0	0	0	0	R
NMDC20551125	1	0	0	1	0	0	0	0	0	0	R
NMDC20557124	1	0	0	0	0	0	0	0	0	0	R
NMDC20557125	1	0	0	0	0	0	0	0	0	0	R
NMDC20555114	1	0	0	0	0	0	0	0	0	0	R
NMDC20557127	1	0	0	1	0	0	0	0	0	1	R
NMDC20553147	1	0	1	1	0	0	0	0	0	0	R
NMDC20583448	0	0	0	0	0	0	0	0	0	0	R
NMDC20557129	1	0	0	0	0	0	0	0	0	0	R
NMDC20553148	1	0	0	0	1	1	0	0	0	1	R
NMDC20555116	1	0	0	1	0	0	0	0	0	0	R
NMDC20551113	1	0	0	0	0	0	0	0	0	0	R
NMDC20553149	1	0	0	0	0	0	0	0	0	0	R
NMDC20551114	1	0	1	0	0	0	0	0	0	0	R
NMDC20557130	1	0	0	1	0	0	0	0	0	0	R
NMDC20583451	1	0	0	0	0	0	0	0	1	0	R
NMDC20583452	1	0	0	1	0	0	0	0	0	0	R
NMDC20555118	1	0	0	0	0	0	0	0	0	1	R
NMDC20555119	1	0	0	1	0	0	0	0	0	0	R
NMDC20583453	0	0	0	0	0	0	0	1	0	0	R
NMDC20583454	0	0	0	0	0	0	1	0	0	0	R
NMDC20583455	1	0	0	0	0	0	0	0	0	0	R
NMDC20583457	1	0	0	1	0	0	0	0	0	0	R
NMDC20553151	1	0	0	0	0	0	0	0	0	0	R
NMDC20555120	1	0	0	0	0	0	0	0	0	0	R
NMDC20555121	1	0	0	1	0	0	0	0	0	0	R
NMDC20583458	0	0	0	1	0	1	0	1	0	0	R
NMDC20583460	0	0	0	1	1	0	0	0	0	0	R
NMDC20551116	1	0	0	0	0	0	0	0	0	0	R
NMDC20557131	1	0	0	0	0	0	0	0	0	0	R
NMDC20551117	0	0	0	1	0	1	0	1	0	0	R
NMDC20551119	1	0	0	0	0	0	0	0	0	0	R
NMDC20583461	1	1	0	1	0	0	1	0	0	0	R
NMDC20583462	1	0	0	0	0	0	0	0	0	0	R
NMDC20583463	1	0	1	0	0	0	0	0	0	1	R
NMDC20551120	0	0	0	1	0	0	0	0	0	0	R
NMDC20551121	1	0	0	0	0	0	0	0	0	0	R
NMDC20555124	1	0	0	0	0	0	0	0	0	0	R
NMDC20583465	1	0	0	0	0	0	0	0	0	0	R
NMDC20557132	1	0	0	1	0	0	0	0	0	0	R
NMDC20553155	1	0	1	1	0	0	0	0	0	0	R
NMDC20553156	1	0	0	1	0	0	0	0	1	0	R
NMDC20583468	1	0	0	1	0	0	0	0	0	0	R
NMDC20551123	1	0	0	1	0	0	0	0	0	0	R
NMDC20551124	1	0	0	0	0	0	0	0	0	0	R
NMDC20583469	1	0	0	0	0	0	0	0	0	0	R
NMDC20555125	1	0	0	0	0	0	0	0	0	0	R
NMDC20555141	1	0	0	1	0	0	0	0	0	0	R
NMDC20583471	1	0	0	0	0	0	0	0	0	0	R
NMDC20583472	1	0	0	0	0	0	0	0	0	0	R
NMDC20557134	1	0	0	1	0	0	0	0	0	0	R
NMDC20583473	1	0	0	0	0	0	0	0	0	1	R
NMDC20583474	1	0	0	1	0	0	0	0	0	0	R
NMDC20557136	1	0	1	1	0	0	0	0	0	0	R
NMDC20555126	1	0	0	0	0	0	0	0	0	0	R
NMDC20553158	1	0	0	0	0	0	0	0	0	0	R
NMDC20557137	1	0	0	0	0	0	0	0	0	0	R
NMDC20553159	1	0	0	0	0	0	0	0	0	0	R
NMDC20551127	0	0	0	1	0	0	0	0	0	0	R
NMDC20551128	0	0	0	1	0	1	0	0	0	0	R
NMDC20583478	1	0	0	0	0	0	0	0	0	1	R
NMDC20551130	1	0	0	1	0	0	0	0	0	0	R
NMDC20583480	1	0	0	0	0	0	0	0	0	0	R
NMDC20583482	1	0	0	0	0	0	0	0	0	0	R
NMDC20583483	0	0	0	1	0	1	0	0	0	0	R
NMDC20551133	1	0	0	1	0	0	0	0	0	0	R
NMDC20555127	1	0	0	1	1	1	0	0	0	0	R
NMDC20557140	1	0	0	0	0	0	0	0	0	0	R
NMDC20583486	1	0	0	1	0	0	0	0	0	0	R
NMDC20583487	1	0	0	0	0	0	0	0	0	0	R
NMDC20551134	1	0	0	0	0	0	0	0	0	0	R
NMDC20583488	1	0	0	0	0	0	0	0	0	0	R
NMDC20557141	1	0	0	0	0	0	0	0	0	0	R
NMDC20555128	1	0	0	0	0	0	0	0	0	0	R
NMDC20583490	1	0	0	0	0	0	0	0	0	0	R
NMDC20551135	1	0	0	0	0	0	0	0	0	0	R
NMDC20583491	1	0	0	0	0	0	0	0	0	0	R
NMDC20583492	1	0	0	0	0	0	0	0	0	0	R
NMDC20553161	1	0	1	0	0	0	0	0	0	1	R
NMDC20555130	1	0	0	1	0	0	0	0	0	0	R
NMDC20551137	1	0	0	0	0	0	0	0	0	0	R
NMDC20583493	1	0	0	0	0	0	0	0	0	0	R
NMDC20557144	1	0	0	0	0	0	0	0	0	1	R
NMDC20583495	1	0	0	0	0	0	0	0	0	0	R
NMDC20583496	1	0	0	0	0	0	0	0	0	0	R
NMDC20583497	1	0	0	0	0	0	0	0	0	0	R
NMDC20583498	1	0	0	0	0	0	0	0	0	0	R
NMDC20555133	1	0	0	0	0	0	0	0	0	0	R
NMDC20555134	0	1	0	1	1	0	0	0	0	0	R
NMDC20583500	0	1	0	1	1	0	0	0	0	0	R
NMDC20583501	1	0	0	0	0	0	0	0	0	0	R
NMDC20555136	1	0	0	0	0	0	0	0	0	0	R
NMDC20583502	1	0	0	1	0	0	0	0	0	0	R
NMDC20583503	0	1	0	1	1	0	0	0	0	0	R
NMDC20557147	1	0	0	0	0	0	0	0	0	1	R
NMDC20557145	1	0	0	0	0	0	0	0	0	0	R
NMDC20557146	1	0	0	0	0	0	0	0	0	0	R
NMDC20553166	1	0	0	0	0	0	0	0	0	0	R
NMDC20555137	1	0	0	1	0	0	0	0	0	0	R
NMDC20555138	1	0	0	1	0	0	0	0	0	0	R
NMDC20555139	1	0	0	1	1	1	0	0	0	0	R
NMDC20555140	1	0	0	1	0	0	0	0	1	0	R
NMDC20557156	1	0	0	1	0	0	0	0	0	0	R
NMDC20557148	1	0	0	0	0	0	0	0	0	0	R
NMDC20557150	1	0	0	0	0	0	0	0	0	0	R
NMDC20555143	1	0	0	0	0	0	0	0	0	0	R
NMDC20583506	1	0	0	0	0	0	0	0	0	1	R
NMDC20583507	0	0	0	1	0	1	0	0	0	0	R
NMDC20551140	1	0	0	0	0	0	0	0	0	1	R
NMDC20583508	1	0	0	1	0	0	0	0	0	1	R
NMDC20553168	1	0	0	0	0	0	0	0	0	0	R
NMDC20555144	1	0	0	0	0	0	0	0	0	0	R
NMDC20583509	1	0	0	0	0	0	0	0	0	0	R
NMDC20583510	0	1	0	1	1	0	0	0	0	0	R
NMDC20555148	0	0	0	1	1	0	0	0	0	0	R
NMDC20555145	0	0	0	0	0	0	0	0	0	0	R
NMDC20555146	1	1	0	0	1	0	0	0	0	0	R
NMDC20553169	1	0	0	0	0	0	0	0	0	0	R
NMDC20551142	1	0	0	0	0	0	0	0	0	0	R
NMDC20583512	0	1	0	1	0	0	1	0	0	1	R
NMDC20551143	0	1	0	1	1	0	0	0	0	0	R
NMDC20557152	1	0	0	0	0	0	0	0	0	0	R
NMDC20555149	1	0	1	0	0	0	0	0	0	1	R
NMDC20583514	1	1	0	0	0	0	1	0	0	1	R
NMDC20553173	1	0	1	1	0	0	0	0	0	0	R
NMDC20555153	1	0	0	1	0	0	0	0	0	0	R
NMDC20555154	1	0	0	0	0	0	0	0	0	0	R
NMDC20583517	1	0	0	1	0	0	0	0	0	0	R
NMDC20557154	1	0	0	0	0	0	0	0	0	0	R
NMDC20553176	1	0	0	1	0	0	0	0	0	0	R
NMDC20553177	1	0	0	1	0	0	0	0	0	0	R
NMDC20583520	1	0	0	0	0	0	0	0	0	0	R
NMDC20583521	1	0	0	0	0	0	0	0	0	0	R
NMDC20583522	1	0	0	1	0	0	0	0	0	1	R
NMDC20553179	0	1	0	1	1	0	0	0	0	0	R
NMDC20583524	0	0	0	0	0	0	0	0	0	0	R
NMDC20551146	1	0	0	1	0	0	0	0	0	0	R
NMDC20583525	1	0	0	0	0	1	0	0	0	0	R
NMDC20583526	1	0	0	1	0	0	0	0	0	0	R
NMDC20553181	1	0	0	0	0	0	0	0	0	0	R
NMDC20551147	1	0	0	0	0	0	0	0	0	0	R
NMDC20555156	1	0	0	1	0	0	0	0	0	0	R
NMDC20583528	0	0	0	0	0	0	0	0	0	0	R
NMDC20557158	0	0	0	0	0	0	0	0	0	0	R
NMDC20551148	1	0	0	0	0	0	0	0	0	0	R
NMDC20555157	0	0	0	0	0	0	0	0	0	0	R
NMDC20555158	1	1	0	1	0	0	0	0	1	0	R
NMDC20553182	1	0	0	0	0	0	0	0	0	0	R
NMDC20583529	0	0	0	0	0	1	0	0	0	0	R
NMDC20553183	1	0	1	1	0	0	0	0	0	0	R
NMDC20583530	1	0	0	0	0	0	0	0	0	0	R
NMDC20553184	0	1	0	1	1	0	0	0	0	0	R
NMDC20557160	1	0	0	0	0	0	0	0	0	0	R
NMDC20551152	1	0	0	0	0	0	0	0	0	0	R
NMDC20555160	1	0	0	0	0	0	0	0	0	0	R
NMDC20553185	0	1	0	1	0	0	1	0	0	1	R
NMDC20551153	1	0	0	1	0	0	0	0	0	0	R
NMDC20555161	1	0	0	0	0	0	0	0	0	0	R
NMDC20555162	1	0	0	1	0	0	0	0	0	0	R
NMDC20553186	1	0	0	1	0	0	0	0	0	0	R
NMDC20557161	1	0	0	1	0	0	1	0	0	1	R
NMDC20583533	0	0	0	0	0	0	0	0	0	0	R
NMDC20553187	1	0	1	1	0	0	0	0	0	0	R
NMDC20583534	1	0	1	1	0	0	0	0	0	0	R
NMDC20557163	0	1	0	1	0	0	1	0	0	1	R
NMDC20551154	0	0	0	1	1	0	0	0	0	0	R
NMDC20555163	1	0	0	1	0	1	0	0	0	1	R
NMDC20557164	1	1	0	1	0	1	1	0	0	1	R
NMDC20551156	1	0	0	1	0	0	0	0	0	0	R
NMDC20583540	0	0	0	0	0	0	1	0	0	1	R
NMDC20557165	0	0	0	1	0	1	0	0	0	0	R
NMDC20583541	1	0	0	0	0	0	0	0	0	0	R
NMDC20553189	1	0	0	0	0	0	0	0	0	0	R
NMDC20583543	1	0	0	0	0	0	0	0	0	0	R
NMDC20557166	1	1	0	1	0	0	0	0	0	1	R
NMDC20555167	1	1	0	1	0	0	0	0	1	1	R
NMDC20551158	1	1	0	1	0	0	0	0	0	0	R
NMDC20555168	1	0	0	0	0	0	0	0	0	0	R
NMDC20555169	0	0	0	0	0	0	1	0	0	1	R
NMDC20553190	0	1	0	1	0	0	1	0	0	1	R
NMDC20553191	1	0	0	0	0	0	0	0	0	0	R
NMDC20551159	1	0	0	1	0	1	0	0	0	0	R
NMDC20557168	1	1	0	1	0	0	0	0	1	1	R
NMDC20555170	1	0	0	1	0	1	0	0	0	0	R
NMDC20583549	1	1	0	1	0	0	1	0	0	0	R
NMDC20551160	1	0	0	0	0	0	0	0	0	0	R
NMDC20583553	1	0	0	0	0	0	0	0	0	1	R
NMDC20551161	1	0	0	0	0	0	0	0	0	1	R
NMDC20553192	0	1	0	1	0	0	1	0	0	1	R
NMDC20553193	1	0	0	0	0	0	0	0	0	0	R
NMDC20553194	1	0	1	1	0	0	0	0	0	1	R
NMDC20553195	0	1	0	1	0	0	1	0	0	1	R
NMDC20583557	1	0	1	1	0	0	0	0	0	0	R
NMDC20583559	1	0	0	0	0	0	0	0	0	0	R
NMDC20583562	1	1	0	1	0	1	1	0	0	1	R
NMDC20557172	1	0	0	0	0	1	0	0	0	0	R
NMDC20551162	1	0	0	0	0	0	0	0	0	0	R
NMDC20583563	1	0	0	1	1	0	0	0	0	0	R
NMDC20583564	0	1	0	1	0	0	1	0	0	0	R
NMDC20583566	1	0	0	1	0	0	0	0	0	0	R
NMDC20557175	1	0	0	0	0	0	1	0	0	1	R
NMDC20583567	0	1	0	1	0	0	1	0	0	1	R
NMDC20583572	0	1	0	1	0	0	1	0	0	0	R
NMDC20583573	1	0	1	0	0	0	0	0	0	0	R
NMDC20583576	0	1	0	1	0	0	1	0	0	0	R
NMDC20583577	1	0	1	0	0	0	0	0	0	0	R
NMDC20583578	1	0	0	1	0	0	0	0	0	0	R
NMDC20583579	1	0	0	1	0	0	0	0	0	0	R
NMDC20583581	1	0	0	1	0	0	0	0	0	0	R
NMDC20583584	1	0	0	1	0	0	0	0	0	0	R
NMDC20583585	1	0	1	0	0	0	0	0	0	0	R
NMDC20551164	1	0	0	0	0	0	0	0	0	0	R
NMDC20583586	1	1	0	1	0	0	0	0	1	1	R
NMDC20583587	0	1	0	1	0	0	1	0	0	1	R
NMDC20583588	0	1	0	1	0	0	1	0	0	0	R
NMDC20583590	1	0	1	1	0	0	0	0	0	0	R
NMDC20555171	0	1	0	1	0	0	1	0	0	1	R
NMDC20583592	1	0	0	1	0	0	0	0	0	0	R
NMDC20557177	1	0	0	1	0	0	0	0	0	1	R
NMDC20583595	1	0	0	1	0	0	0	0	0	0	R
NMDC20583597	1	0	0	0	0	0	0	0	0	0	R
NMDC20583598	0	0	1	0	0	0	0	0	0	0	R
NMDC20583599	1	0	0	0	0	0	0	0	0	0	R
NMDC20555172	1	0	0	1	0	0	0	0	0	0	R
NMDC20551165	1	0	1	0	0	0	0	0	0	1	R
NMDC20583602	0	0	0	1	1	0	0	0	0	0	R
NMDC20557178	1	1	0	1	0	0	1	0	0	1	R
NMDC20583603	0	1	0	1	0	0	1	0	0	1	R
NMDC20583605	0	1	0	1	0	0	1	0	0	0	R
NMDC20583606	0	1	0	1	0	0	1	0	0	0	R
NMDC20551167	0	0	0	1	0	0	0	0	1	0	R
NMDC20553196	0	1	0	1	1	0	0	0	0	0	R
NMDC20583609	0	1	0	1	0	0	1	0	0	1	R
NMDC20583610	1	0	0	1	0	0	0	0	0	0	R
NMDC20583611	1	0	0	1	0	0	0	0	0	0	R
NMDC20583612	1	0	0	0	0	0	0	0	0	0	R
NMDC20583618	1	0	0	1	0	0	0	0	0	1	R
NMDC20551169	1	0	0	1	0	0	0	0	0	0	R
NMDC20557179	1	0	0	1	0	0	0	0	0	0	R
NMDC20583622	1	0	0	1	0	1	0	0	0	0	R
NMDC20583624	1	0	1	0	0	0	0	0	0	1	R
NMDC20553197	1	0	0	0	0	0	0	0	0	0	R
NMDC20583625	0	1	0	1	0	0	1	0	0	0	R
NMDC20553198	1	0	0	1	0	0	0	0	0	0	R
NMDC20555177	1	0	0	0	0	0	0	0	0	0	R
NMDC20551170	0	1	0	1	1	0	0	0	0	0	R
NMDC20551171	1	1	0	1	0	0	0	0	0	0	R
NMDC20583633	0	1	0	1	0	1	1	0	0	1	R
NMDC20583638	0	1	0	1	0	0	1	0	0	0	R
NMDC20583639	0	1	0	1	0	0	1	0	0	0	R
NMDC20583643	0	1	0	1	0	0	1	0	0	0	R
NMDC20557181	1	0	0	0	0	0	0	0	0	0	R
NMDC20583644	1	0	0	1	0	0	0	0	0	0	R
NMDC20583646	1	0	0	1	0	0	0	0	0	0	R
NMDC20583647	0	1	0	1	0	0	1	0	0	1	R
NMDC20583648	1	0	1	1	0	0	0	0	0	0	R
NMDC20553199	0	1	0	1	0	1	1	0	0	1	R
NMDC20583649	1	0	0	0	0	0	0	0	0	0	R
NMDC20553200	0	1	0	1	0	0	0	0	1	1	R
NMDC20553201	1	0	1	1	0	0	0	0	0	0	R
NMDC20583651	1	0	1	1	0	0	0	0	0	0	R
NMDC20555180	1	0	0	0	0	0	0	0	0	0	R
NMDC20557182	0	0	0	0	0	0	0	0	0	0	R
NMDC20583653	1	1	0	1	0	1	1	0	0	1	R
NMDC20555181	1	0	0	1	0	0	0	0	0	0	R
NMDC20583654	1	1	0	1	0	0	0	0	1	1	R
NMDC20553202	1	0	0	1	0	0	0	0	0	0	R
NMDC20555183	0	1	0	1	0	0	1	0	0	1	R
NMDC20553203	1	0	0	0	0	0	0	0	0	0	R
NMDC20583657	0	1	0	1	1	0	0	0	0	0	R
NMDC20557183	1	1	0	1	0	0	1	0	0	1	R
NMDC20583658	0	1	0	1	0	0	1	0	0	0	R
NMDC20557184	1	0	0	0	0	0	0	0	0	0	R
NMDC20583659	0	1	0	1	0	0	1	0	0	0	R
NMDC20557185	0	0	0	0	0	1	0	0	0	0	R
NMDC20555184	1	0	0	1	0	0	0	0	0	0	R
NMDC20553204	1	0	0	1	0	0	0	0	0	0	R
NMDC20555185	1	0	0	0	0	1	0	0	0	1	R
NMDC20557186	1	1	0	1	0	0	0	0	0	0	R
NMDC20557187	0	1	0	1	0	1	1	0	0	1	R
NMDC20583662	1	0	0	0	0	0	0	0	0	0	R
NMDC20551175	1	0	0	0	0	0	0	0	0	0	R
NMDC20583663	1	0	0	0	0	1	0	0	0	0	R
NMDC20557188	0	1	0	1	0	0	1	0	0	1	R
NMDC20583665	1	0	0	1	0	0	0	0	0	0	R
NMDC20553205	1	0	0	0	0	0	0	0	0	0	R
NMDC20583667	1	0	0	0	0	0	0	0	0	0	R
NMDC20551177	1	0	0	1	0	0	0	0	0	0	R
NMDC20555188	0	0	0	1	0	0	0	0	1	1	R
NMDC20583673	1	1	0	1	0	0	1	0	0	1	R
NMDC20583679	1	0	0	1	0	0	0	0	0	0	R
NMDC20583682	1	0	0	0	0	0	0	0	0	0	R
NMDC20555190	1	0	0	0	0	0	0	0	0	0	R
NMDC20555191	0	1	0	1	0	0	1	0	0	0	R
NMDC20583688	0	0	0	0	0	0	0	0	0	0	R
NMDC20583689	1	1	0	1	0	1	1	0	0	1	R
NMDC20583690	0	1	0	1	0	0	1	0	0	1	R
NMDC20553212	0	1	0	1	1	0	0	0	0	0	R
NMDC20583691	0	0	0	1	0	1	0	0	0	1	R
NMDC20583693	1	0	0	0	0	0	0	0	0	0	R
NMDC20553213	0	0	0	1	0	0	0	0	0	0	R
NMDC20583695	0	0	0	0	0	1	0	0	0	0	R
NMDC20583696	1	0	0	1	0	0	0	0	0	0	R
NMDC20583698	0	1	0	1	0	0	1	0	0	0	R
NMDC20557190	1	0	0	0	0	1	0	0	0	1	R
NMDC20583699	0	1	0	1	0	0	0	0	1	0	R
NMDC20551178	1	1	0	1	0	0	0	0	1	1	R
NMDC20557191	0	0	0	0	0	0	0	0	0	1	R
NMDC20555192	0	0	0	0	0	0	0	0	1	0	R
NMDC20555193	1	0	0	0	0	0	0	0	0	0	R
NMDC20583709	1	0	1	0	0	0	0	0	0	0	R
NMDC20553216	1	0	0	0	0	0	0	0	0	0	R
NMDC20557192	1	1	0	1	0	1	1	0	0	1	R
NMDC20551181	0	1	0	1	0	0	0	0	1	1	R
NMDC20583711	0	1	0	1	0	0	0	0	1	1	R
NMDC20557194	0	1	0	1	1	0	0	0	0	0	R
NMDC20583712	1	0	0	0	0	0	0	0	0	0	R
NMDC20583713	0	1	0	1	0	0	1	0	0	0	R
NMDC20557195	0	1	0	1	0	0	1	0	0	1	R
NMDC20555195	1	0	0	0	0	1	0	0	0	0	R
NMDC20583714	1	0	0	1	0	1	0	0	0	1	R
NMDC20583716	1	0	0	1	1	0	0	0	0	1	R
NMDC20583719	1	0	1	0	0	0	0	0	0	0	R
NMDC20557198	1	1	0	1	0	0	0	0	1	0	R
NMDC20583721	1	0	1	0	0	0	0	0	0	1	R
NMDC20555197	1	0	1	1	0	0	0	0	0	1	R
NMDC20557199	1	0	0	0	0	0	0	0	0	0	R
NMDC20583724	1	0	0	1	0	0	0	0	0	0	R
NMDC20583725	1	0	0	0	1	0	0	0	0	0	R
NMDC20583728	1	0	0	0	0	0	0	0	0	0	R
NMDC20553220	1	0	0	0	0	0	0	0	1	0	R
NMDC20583730	1	0	0	0	0	0	0	0	0	0	R
NMDC20583732	0	1	0	1	0	0	1	0	0	1	R
NMDC20583734	0	0	0	0	0	0	0	0	0	0	R
NMDC20583735	1	0	1	1	0	0	0	0	0	0	R
NMDC20551184	0	1	0	1	0	0	1	0	0	1	R
NMDC20583737	0	1	0	1	0	0	1	0	0	1	R
NMDC20557200	1	0	0	1	0	0	0	0	0	0	R
NMDC20583738	1	0	0	1	0	0	0	0	0	0	R
NMDC20553223	1	0	0	0	0	0	0	0	1	1	R
NMDC20557201	1	0	0	0	0	0	0	0	1	1	R
NMDC20583740	1	0	0	0	0	0	0	0	0	0	R
NMDC20557202	0	0	0	0	0	0	0	0	0	0	R
NMDC20557203	1	0	0	1	0	0	0	0	0	0	R
NMDC20583741	1	0	0	0	0	0	0	0	0	0	R
NMDC20583743	1	0	0	1	0	0	0	0	0	0	R
NMDC20551186	1	0	0	1	0	0	0	0	0	0	R
NMDC20583748	1	0	0	0	0	1	0	0	0	0	R
NMDC20583749	0	0	0	1	1	0	0	0	0	0	R
NMDC20555199	1	0	0	0	0	0	1	0	0	1	R
NMDC20583752	1	0	0	1	0	0	0	0	0	0	R
NMDC20557206	1	0	0	0	0	0	0	0	0	0	R
NMDC20551187	1	0	0	1	0	0	0	0	0	0	R
NMDC20553224	1	0	0	0	0	1	0	0	0	0	R
NMDC20583756	1	0	1	1	0	0	0	0	0	1	R
NMDC20583760	1	0	0	0	0	0	0	0	1	0	R
NMDC20583762	0	1	0	1	0	0	1	0	0	0	R
NMDC20583766	1	0	0	1	1	0	0	0	0	0	R
NMDC20583768	1	0	1	0	0	0	0	0	0	0	R
NMDC20583776	0	1	0	1	0	0	1	0	0	1	R
NMDC20551188	1	0	1	1	0	0	0	0	0	1	R
NMDC20557209	1	0	0	0	0	0	0	0	0	0	R
NMDC20583787	1	0	1	1	0	0	0	0	0	0	R
NMDC20557211	1	0	1	1	0	0	0	0	0	1	R
NMDC20551193	1	0	0	0	0	0	0	0	0	0	R
NMDC20583789	1	0	1	0	0	0	0	0	0	0	R
NMDC20553226	1	0	0	0	0	0	0	0	0	0	R
NMDC20583791	0	1	0	1	0	0	1	0	0	1	R
NMDC20553229	0	1	0	1	0	0	1	0	0	1	R
NMDC20553228	0	0	0	0	0	1	0	0	0	0	R
NMDC20583792	0	0	0	0	0	0	0	0	0	0	R
NMDC20551194	1	0	0	1	0	0	0	0	0	0	R
NMDC20583794	0	0	0	0	0	0	0	0	0	0	R
NMDC20583796	0	0	0	0	0	1	0	0	0	0	R
NMDC20557215	1	0	0	0	0	0	0	0	0	0	R
NMDC20583797	0	0	0	0	0	0	0	0	0	0	R
NMDC20583798	1	0	0	0	0	0	0	0	0	0	R
NMDC20557212	1	0	0	0	0	0	0	0	0	0	R
NMDC20557213	1	0	0	0	0	0	0	0	0	0	R
NMDC20557214	1	0	0	1	0	0	0	0	0	0	R
NMDC20583801	1	0	0	0	0	0	0	0	1	0	R
NMDC20557219	1	0	0	0	0	0	0	0	0	0	R
NMDC20555206	0	1	0	1	1	0	0	0	0	0	R
NMDC20557216	1	0	1	0	0	0	0	0	0	1	R
NMDC20555207	1	0	0	0	0	0	0	0	0	0	R
NMDC20557217	0	0	0	0	0	0	0	0	0	0	R
NMDC20557218	0	0	0	0	0	0	0	0	0	1	R
NMDC20555208	0	0	0	1	0	0	0	0	1	1	R
NMDC20583803	1	0	0	0	0	1	0	0	0	0	R
NMDC20551196	1	0	0	1	0	0	0	0	0	0	R
NMDC20583804	1	0	0	1	0	0	0	0	0	1	R
NMDC20557220	1	0	0	1	1	1	0	0	0	0	R
NMDC20551195	0	0	0	0	0	0	0	0	0	0	R
NMDC20557221	1	0	0	0	0	0	0	0	0	0	R
NMDC20583806	0	0	0	0	0	0	0	0	0	0	R
NMDC20555209	1	0	0	0	0	0	0	0	0	0	R
NMDC20555210	1	0	0	0	0	0	0	0	0	0	R
NMDC20551197	0	0	0	0	0	0	0	0	0	0	R
NMDC20583807	1	0	0	0	0	0	0	0	0	0	R
NMDC20555211	0	0	0	1	0	1	0	0	0	0	R
NMDC20557224	1	0	0	0	0	0	0	0	0	0	R
NMDC20583810	0	0	0	0	0	0	0	0	0	0	R
NMDC20555213	1	0	0	0	0	0	0	0	0	0	R
NMDC20583811	1	0	0	0	0	0	0	0	0	1	R
NMDC20553235	1	0	0	1	0	0	0	0	0	1	R
NMDC20557227	1	0	0	0	0	0	0	0	0	0	R
NMDC20583813	1	0	0	1	0	0	0	0	0	0	R
NMDC20583814	1	0	0	1	0	0	0	0	0	0	R
NMDC20583817	1	0	0	0	0	0	0	0	0	0	R
NMDC20583818	0	0	0	1	0	0	0	0	0	0	R
NMDC20583819	1	0	0	1	0	0	0	0	0	1	R
NMDC20551200	1	0	0	0	0	0	0	0	0	0	R
NMDC20553236	1	0	0	1	0	0	0	0	0	0	R
NMDC20551201	1	0	0	0	0	0	0	0	0	0	R
NMDC20551202	1	0	0	0	0	0	0	0	0	0	R
NMDC20583820	0	0	0	0	0	0	0	0	0	0	R
NMDC20553247	1	0	0	0	0	0	0	0	0	0	R
NMDC20557231	1	0	0	1	0	0	0	0	0	0	R
NMDC20583821	1	0	0	1	0	0	0	0	0	0	R
NMDC20555214	1	0	0	0	0	0	0	0	0	0	R
NMDC20551203	0	0	0	0	0	0	0	0	0	1	R
NMDC20583823	1	0	0	1	0	0	0	0	0	0	R
NMDC20583825	1	0	0	1	0	0	0	0	0	0	R
NMDC20557232	1	0	0	0	0	0	0	0	0	0	R
NMDC20557233	1	0	0	0	0	0	0	0	0	0	R
NMDC20583827	1	0	0	0	0	0	0	0	0	0	R
NMDC20551207	1	0	0	0	0	0	0	0	0	0	R
NMDC20555216	1	0	0	0	0	0	0	0	0	0	R
NMDC20583828	1	0	0	0	0	0	0	0	0	0	R
NMDC20555219	0	0	0	0	0	0	0	0	0	0	R
NMDC20553238	1	0	0	0	0	0	0	0	0	0	R
NMDC20583829	1	0	0	0	0	0	0	0	0	0	R
NMDC20555217	1	0	0	0	0	0	0	0	0	0	R
NMDC20553240	1	0	0	0	0	0	0	0	0	0	R
NMDC20557234	1	0	0	1	0	0	0	0	0	0	R
NMDC20557237	0	0	0	0	0	1	0	0	0	0	R
NMDC20557235	0	0	0	0	0	0	0	0	0	0	R
NMDC20553241	1	0	0	0	0	0	0	0	0	0	R
NMDC20555220	1	0	1	0	0	0	0	0	0	1	R
NMDC20551209	0	0	0	1	0	0	0	0	0	1	R
NMDC20583832	1	0	0	0	0	0	0	0	0	0	R
NMDC20557236	0	0	0	1	0	0	0	0	0	0	R
NMDC20553244	1	0	0	1	0	0	0	0	0	0	R
NMDC20555221	1	0	0	0	0	0	0	0	0	0	R
NMDC20551211	1	0	0	1	0	0	0	0	0	0	R
NMDC20583835	1	0	0	0	0	0	0	0	0	0	R
NMDC20557238	1	0	0	1	0	0	0	0	0	1	R
NMDC20583836	0	0	0	0	0	0	0	0	0	0	R
NMDC20555222	1	0	0	1	1	1	0	0	0	0	R
NMDC20583838	1	0	0	0	0	0	0	0	0	0	R
NMDC20583839	1	1	0	1	0	0	1	0	0	0	R
NMDC20583840	1	0	0	0	0	0	0	0	0	0	R
NMDC20553245	1	1	0	1	0	0	1	0	0	0	R
NMDC20583841	1	0	0	1	0	0	0	0	0	1	R
NMDC20551213	1	0	0	0	0	0	0	0	0	0	R
NMDC20583842	0	1	0	1	0	0	1	0	0	0	R
NMDC20553246	1	0	0	0	0	0	0	0	0	0	R
NMDC20557240	0	1	0	1	1	0	0	0	0	0	R
NMDC20583843	1	0	1	1	0	0	0	0	0	1	R
NMDC20583845	1	0	0	0	0	0	0	0	0	0	R
NMDC20553248	1	0	0	0	0	0	0	0	0	0	R
NMDC20583846	0	1	0	1	1	0	0	0	0	0	R
NMDC20583847	0	0	0	0	0	0	0	0	0	0	R
NMDC20583848	1	0	0	1	0	0	0	0	0	0	R
NMDC20583849	1	0	0	0	0	0	0	0	0	0	R
NMDC20583850	1	0	0	0	0	0	0	0	0	0	R
NMDC20555224	1	0	0	0	0	0	0	0	0	0	R
NMDC20583851	1	0	0	0	0	0	0	0	0	0	R
NMDC20583852	1	1	0	1	0	0	1	0	0	0	R
NMDC20557242	1	0	0	0	0	0	0	0	0	0	R
NMDC20553249	1	0	0	0	0	0	0	0	0	0	R
NMDC20553250	1	0	0	1	1	1	0	0	0	1	R
NMDC20583854	1	0	0	1	0	0	0	0	0	0	R
NMDC20583855	1	0	0	0	1	1	0	0	0	0	R
NMDC20583856	0	0	0	1	1	0	0	0	0	0	R
NMDC20583857	1	0	0	0	0	0	0	0	0	0	R
NMDC20583858	0	0	0	0	0	0	0	0	0	0	R
NMDC20557243	1	0	0	1	0	0	0	0	0	0	R
NMDC20583859	1	0	0	1	0	0	0	0	0	0	R
NMDC20557244	1	1	0	1	0	0	0	0	0	0	R
NMDC20583860	0	0	0	1	1	0	0	0	0	0	R
NMDC20583862	1	0	0	0	0	0	0	0	0	0	R
NMDC20553251	1	0	0	1	0	0	0	0	0	0	R
NMDC20583864	1	0	0	0	0	0	0	0	0	0	R
NMDC20583865	1	0	0	0	0	0	0	0	0	0	R
NMDC20583866	1	0	0	1	0	0	0	0	0	0	R
NMDC20583867	1	0	0	0	0	0	0	0	0	0	R
NMDC20583869	1	0	0	1	0	0	0	0	0	0	R
NMDC20557246	1	0	0	1	0	0	0	0	0	0	R
NMDC20557247	1	0	0	1	1	1	0	0	0	0	R
NMDC20553253	1	0	0	1	0	0	0	0	0	0	R
NMDC20553254	1	0	0	1	0	0	0	0	0	1	R
NMDC20583870	0	0	0	1	0	0	0	0	0	0	R
NMDC20583871	1	0	0	0	0	0	0	0	0	0	R
NMDC20551217	1	0	0	0	0	0	0	0	0	0	R
NMDC20555230	1	0	0	1	1	1	0	0	0	0	R
NMDC20553256	1	0	0	0	0	0	0	0	0	0	R
NMDC20555228	1	0	0	0	0	0	0	0	0	0	R
NMDC20553257	1	0	0	0	0	0	0	0	0	0	R
NMDC20583872	1	0	0	0	0	0	0	0	0	0	R
NMDC20555229	1	0	0	1	0	0	1	0	0	1	R
NMDC20557248	1	0	0	0	0	0	0	0	0	0	R
NMDC20583873	1	0	0	0	0	0	0	0	0	0	R
NMDC20583874	1	0	0	0	0	0	0	0	0	0	R
NMDC20583875	1	0	0	0	0	0	0	0	0	0	R
NMDC20551218	1	0	0	1	0	0	0	0	0	0	R
NMDC20583876	1	0	0	1	0	0	0	0	0	0	R
NMDC20555231	0	0	0	0	0	0	0	0	0	0	R
NMDC20551219	1	0	0	0	0	0	0	0	0	0	R
NMDC20557249	0	0	0	0	0	0	0	0	0	0	R
NMDC20557251	1	1	0	1	0	1	1	0	0	1	R
NMDC20553258	1	0	0	1	1	1	0	0	0	0	R
NMDC20551220	0	0	0	1	1	0	1	0	0	1	R
NMDC20553259	1	0	0	1	0	0	0	0	0	0	R
NMDC20553260	0	0	0	1	0	0	0	0	0	0	R
NMDC20583877	0	0	0	1	0	0	0	0	0	1	R
NMDC20553261	1	0	0	1	0	0	0	0	0	0	R
NMDC20555234	1	0	0	1	0	0	0	0	0	1	R
NMDC20551221	1	0	0	0	0	0	0	0	0	0	R
NMDC20555235	1	0	0	1	0	1	0	0	0	0	R
NMDC20553263	0	0	0	0	0	0	0	0	0	0	R
NMDC20583878	1	0	0	0	0	0	0	0	0	0	R
NMDC20551223	1	0	0	0	0	0	0	0	1	0	R
NMDC20555236	0	0	0	0	0	0	0	0	0	0	R
NMDC20551224	1	0	0	1	0	0	0	0	0	0	R
NMDC20583882	1	0	0	1	0	0	0	0	0	0	R
NMDC20583883	1	0	0	1	0	0	0	0	0	0	R
NMDC20557252	1	0	1	0	0	0	0	0	0	0	R
NMDC20583884	1	0	0	1	0	0	0	0	0	0	R
NMDC20553264	1	1	0	1	0	0	1	0	0	0	R
NMDC20583885	1	0	0	0	0	0	0	0	0	1	R
NMDC20557255	0	0	0	0	0	0	0	0	0	0	R
NMDC20555237	1	0	0	1	0	0	0	0	0	1	R
NMDC20557253	1	0	0	1	0	0	0	0	0	1	R
NMDC20551225	1	0	0	0	0	0	0	0	0	0	R
NMDC20553265	1	0	0	0	0	0	0	0	0	0	R
NMDC20583886	1	0	0	0	0	0	0	0	0	0	R
NMDC20551226	1	0	0	0	0	0	0	0	0	0	R
NMDC20551227	1	0	0	0	0	0	0	0	0	0	R
NMDC20555239	0	1	0	1	0	0	1	0	0	1	R
NMDC20551228	1	0	0	1	0	0	0	0	0	0	R
NMDC20583895	0	0	0	0	0	0	0	0	0	0	R
NMDC20553267	1	0	1	0	0	0	0	0	0	1	R
NMDC20557256	1	0	0	0	0	0	0	0	0	0	R
NMDC20583896	1	0	0	0	0	0	0	0	0	0	R
NMDC20583897	1	0	0	0	0	0	0	0	0	0	R
NMDC20555240	1	0	0	1	0	0	0	0	0	0	R
NMDC20557257	1	0	0	1	0	0	0	0	0	0	R
NMDC20553268	1	0	0	1	0	0	0	0	0	0	R
NMDC20555241	1	0	0	1	0	0	0	0	0	0	R
NMDC20583900	0	1	0	1	0	0	1	0	0	1	R
NMDC20583901	0	0	0	1	1	1	0	0	0	1	R
NMDC20583902	1	0	0	0	0	0	0	0	0	0	R
NMDC20583903	0	0	0	0	0	0	0	0	0	0	R
NMDC20583904	0	0	0	0	0	0	0	0	0	0	R
NMDC20553269	0	0	0	0	0	1	0	0	0	0	R
NMDC20583905	1	0	0	0	0	0	0	0	0	0	R
NMDC20551232	1	0	0	0	0	0	0	0	0	0	R
NMDC20557259	0	0	0	1	0	0	0	0	0	0	R
NMDC20551233	1	0	0	0	0	0	0	0	0	0	R
NMDC20583908	0	0	0	0	0	0	0	0	0	0	R
NMDC20583910	0	0	0	0	1	1	0	0	0	0	R
NMDC20583912	0	0	0	0	0	0	0	0	1	0	R
NMDC20583913	1	0	0	1	0	0	0	0	0	0	R
NMDC20553270	0	0	0	0	0	0	0	0	0	0	R
NMDC20553271	1	0	0	0	0	0	0	0	0	0	R
NMDC20555245	1	0	1	0	0	0	0	0	0	1	R
NMDC20555246	0	0	0	1	0	0	0	0	0	1	R
NMDC20583914	1	0	0	0	0	0	0	0	0	0	R
NMDC20557260	1	0	0	0	0	0	0	0	0	0	R
NMDC20583915	1	0	0	1	0	0	0	0	0	0	R
NMDC20557261	1	0	0	1	0	0	0	0	0	0	R
NMDC20583918	0	1	0	1	0	0	1	0	0	1	R
NMDC20551237	0	0	0	0	0	0	1	0	0	1	R
NMDC20557262	1	0	0	0	0	0	0	0	0	0	R
NMDC20557263	1	0	0	0	0	0	0	0	0	0	R
NMDC20557264	1	0	0	0	0	0	0	0	0	0	R
NMDC20583919	1	0	0	0	0	0	0	0	0	0	R
NMDC20557265	0	0	0	0	0	0	1	0	0	1	R
NMDC20551238	1	0	0	0	0	0	0	0	0	0	R
NMDC20583920	0	0	0	0	0	0	0	0	0	0	R
NMDC20583921	1	0	0	0	0	0	0	0	0	0	R
NMDC20555247	1	0	0	0	0	0	0	0	0	0	R
NMDC20551239	1	0	0	0	0	0	0	0	0	1	R
NMDC20583923	1	0	0	0	0	0	0	0	0	0	R
NMDC20583924	1	0	0	0	0	0	0	0	0	0	R
NMDC20583925	1	0	0	0	0	0	0	0	0	0	R
NMDC20551241	0	0	0	1	1	1	0	0	0	1	R
NMDC20583926	1	0	0	1	0	0	0	0	0	0	R
NMDC20583927	1	0	0	0	0	0	0	0	0	0	R
NMDC20555249	1	0	0	1	0	0	0	0	0	0	R
NMDC20583928	1	0	0	0	0	0	0	0	0	0	R
NMDC20555251	1	0	0	0	0	0	0	0	0	0	R
NMDC20555252	1	0	0	1	0	0	0	0	0	0	R
NMDC20553272	1	0	0	0	0	0	0	0	0	0	R
NMDC20583929	1	0	0	1	0	0	0	0	0	0	R
NMDC20557267	1	0	0	1	1	1	0	0	0	0	R
NMDC20551244	1	0	0	0	0	0	0	0	0	1	R
NMDC20555254	1	0	0	0	0	0	0	0	0	0	R
NMDC20557268	1	0	0	1	0	0	0	0	0	0	R
NMDC20583931	1	0	0	0	0	0	0	0	0	0	R
NMDC20555255	1	0	0	1	0	0	0	0	0	0	R
NMDC20557270	1	0	0	1	0	1	0	0	0	0	R
NMDC20583932	0	0	0	0	0	0	0	1	0	0	R
NMDC20583933	0	0	0	1	0	0	1	0	0	1	R
NMDC20583934	1	0	0	0	0	0	0	0	0	0	R
NMDC20551248	1	0	0	0	0	0	0	0	0	0	R
NMDC20583936	1	0	0	0	0	0	0	0	0	0	R
NMDC20583937	1	0	0	0	0	0	0	0	0	0	R
NMDC20583938	0	0	0	1	0	1	0	0	0	0	R
NMDC20583939	1	0	0	1	1	1	0	0	0	0	R
NMDC20551249	1	0	0	1	1	1	0	0	0	0	R
NMDC20551254	1	0	1	1	0	0	1	0	0	1	R
NMDC20583942	0	1	0	0	0	0	1	0	0	1	R
NMDC20583943	1	0	0	0	0	0	0	0	0	0	R
NMDC20553273	1	0	0	0	0	0	0	0	0	0	R
NMDC20551251	1	0	0	0	0	0	0	0	0	0	R
NMDC20553274	1	0	0	1	0	0	0	0	0	1	R
NMDC20553275	0	0	0	1	0	0	0	0	0	1	R
NMDC20583944	1	0	0	1	0	0	0	0	0	1	R
NMDC20553276	0	0	0	0	0	0	0	0	0	0	R
NMDC20551258	1	0	0	0	0	0	0	0	0	0	R
NMDC20583946	0	0	0	1	0	0	0	0	0	1	R
NMDC20557271	1	0	0	1	0	0	0	0	0	1	R
NMDC20555257	1	0	0	0	0	0	0	0	0	0	R
NMDC20555258	1	0	0	1	0	0	0	0	0	1	R
NMDC20583949	0	0	0	0	0	0	0	0	1	1	R
NMDC20557273	0	0	0	0	0	0	0	0	1	1	R
NMDC20583952	0	0	0	0	0	0	0	0	0	0	R
NMDC20551257	1	0	0	1	1	0	0	0	0	1	R
NMDC20583955	1	0	0	0	0	0	0	0	0	0	R
NMDC20555261	1	0	0	0	0	0	0	0	0	0	R
NMDC20553277	1	0	0	0	0	0	0	0	0	0	R
NMDC20551259	0	0	0	0	0	0	0	0	0	0	R
NMDC20583956	1	0	0	0	0	0	0	0	0	0	R
NMDC20555259	0	0	0	1	1	1	0	0	0	1	R
NMDC20551260	0	0	0	1	1	1	0	0	0	1	R
NMDC20551261	1	0	0	1	0	0	0	0	0	0	R
NMDC20583957	1	0	0	0	0	1	0	0	0	0	R
NMDC20551262	0	0	0	0	0	0	0	1	0	0	R
NMDC20553281	1	0	1	0	0	0	0	0	0	1	R
NMDC20583959	0	0	0	0	0	0	0	0	1	1	R
NMDC20583960	1	0	0	0	0	0	0	0	1	0	R
NMDC20557275	1	0	0	1	0	0	0	0	0	0	R
NMDC20553279	1	0	0	0	0	0	0	0	0	0	R
NMDC20555262	1	0	0	0	0	0	0	0	0	0	R
NMDC20553280	0	1	0	1	0	0	1	0	0	1	R
NMDC20583962	1	0	0	0	0	0	0	0	0	1	R
NMDC20555263	1	0	0	1	0	0	0	0	0	0	R
NMDC20555264	1	0	0	0	0	0	0	0	0	0	R
NMDC20555265	1	0	0	0	0	0	0	0	0	0	R
NMDC20555266	0	1	0	1	0	0	1	0	0	0	R
NMDC20583964	1	0	0	1	1	1	0	0	0	0	R
NMDC20583968	0	0	0	1	1	1	0	1	0	1	R
NMDC20583969	0	1	0	1	1	0	0	0	0	0	R
NMDC20583970	1	0	0	1	0	0	0	0	0	0	R
NMDC20555271	1	0	0	0	0	0	0	0	0	0	R
NMDC20551266	1	1	0	1	0	0	1	0	0	1	R
NMDC20555272	1	0	0	0	0	0	0	0	0	0	R
NMDC20555274	1	0	0	0	0	0	0	0	0	0	R
NMDC20553285	1	0	0	0	0	0	0	0	0	1	R
NMDC20555275	1	0	0	0	0	0	0	0	0	0	R
NMDC20583972	1	0	0	0	0	0	0	0	0	0	R
NMDC20583973	1	0	0	0	0	0	0	0	0	0	R
NMDC20555277	1	0	0	0	0	0	0	0	0	0	R
NMDC20551267	1	0	1	1	0	0	1	0	0	1	R
NMDC20583974	1	0	0	1	0	0	0	0	0	0	R
NMDC20583975	1	0	0	0	0	0	0	0	1	0	R
NMDC20583976	1	0	0	0	0	0	0	0	0	0	R
NMDC20583977	1	0	0	0	0	0	0	0	0	0	R
NMDC20557278	0	0	0	1	0	1	0	0	0	0	R
NMDC20583978	1	0	0	0	0	0	0	0	0	0	R
NMDC20555276	1	0	0	0	0	0	0	0	0	0	R
NMDC20583979	0	0	0	1	1	0	0	0	0	0	R
NMDC20553289	1	0	0	0	0	0	0	0	0	0	R
NMDC20551268	1	0	0	0	0	0	0	0	0	0	R
NMDC20583980	1	0	0	0	0	0	0	0	0	0	R
NMDC20553287	1	0	1	1	0	0	0	0	0	0	R
NMDC20553288	1	0	0	0	0	0	0	0	0	0	R
NMDC20583981	1	0	0	0	0	0	0	0	0	0	R
NMDC20583982	1	0	0	0	0	0	0	0	0	0	R
NMDC20551270	0	0	1	0	0	0	0	0	0	0	R
NMDC20555280	1	0	0	0	0	0	0	0	0	0	R
NMDC20583985	1	0	0	0	0	0	0	0	0	0	R
NMDC20553290	1	0	0	1	0	0	0	0	0	1	R
NMDC20551271	0	1	0	1	0	0	1	0	0	0	R
NMDC20583986	0	0	0	0	0	0	0	0	0	0	R
NMDC20553291	0	1	0	1	0	1	0	0	0	0	R
NMDC20583987	1	0	0	1	0	0	0	0	0	1	R
NMDC20557279	1	0	1	0	0	0	0	0	0	1	R
NMDC20555281	1	1	0	1	0	0	1	0	0	1	R
NMDC20583989	0	0	0	0	0	0	0	0	0	0	R
NMDC20583990	1	0	0	1	0	0	0	0	0	0	R
NMDC20557281	1	0	1	1	0	0	1	0	0	1	R
NMDC20557282	1	0	1	1	0	0	1	0	0	1	R
NMDC20555282	0	0	1	0	0	1	0	0	0	0	R
NMDC20555283	1	0	0	0	0	0	0	0	0	0	R
NMDC20555284	1	0	0	0	0	0	0	0	0	0	R
NMDC20583993	0	0	0	0	0	1	0	0	0	0	R
NMDC20553292	0	0	0	1	0	1	0	0	0	0	R
NMDC20553293	1	0	0	0	0	0	0	0	0	0	R
NMDC20557286	0	0	0	0	0	0	0	0	0	0	R
NMDC20557285	0	0	1	0	0	0	0	0	0	0	R
NMDC20555285	1	0	0	0	0	0	0	0	0	0	R
NMDC20555286	0	0	0	0	0	1	0	1	0	0	R
NMDC20551274	0	0	0	0	0	1	0	0	0	0	R
NMDC20583995	1	0	0	1	0	0	0	0	0	1	R
NMDC20555287	1	0	0	1	0	0	0	0	0	0	R
NMDC20583998	0	0	0	0	0	0	0	0	0	0	R
NMDC20584001	1	1	0	0	0	0	0	0	1	0	R
NMDC20584002	1	0	0	0	0	0	0	0	0	0	R
NMDC20584003	0	1	0	1	0	0	1	1	0	1	R
NMDC20553294	0	0	1	0	0	0	0	0	0	0	R
NMDC20584005	1	0	0	0	0	0	0	0	0	1	R
NMDC20557287	1	0	0	1	0	0	0	0	0	0	R
NMDC20584008	0	1	0	1	0	0	1	0	0	0	R
NMDC20584010	1	0	0	0	0	0	0	0	0	0	R
NMDC20584011	1	0	0	0	0	0	0	0	0	0	R
NMDC20584016	1	0	0	1	0	0	0	0	0	0	R
NMDC20584017	1	0	0	0	0	0	0	0	0	0	R
NMDC20584021	0	0	0	0	0	0	0	0	0	0	R
NMDC20584022	1	0	1	1	0	0	1	0	0	1	R
NMDC20584034	0	0	0	0	0	0	0	0	0	0	R
NMDC20584035	0	1	0	1	0	0	1	0	0	0	R
NMDC20584043	0	0	1	0	0	0	0	0	0	0	R
NMDC20584044	0	0	1	0	0	0	0	0	0	0	R
NMDC20551275	0	0	0	1	1	1	0	0	0	1	R
NMDC20584047	0	1	0	1	0	0	1	0	0	1	R
NMDC20557289	1	0	0	0	0	0	0	0	0	0	R
NMDC20555288	1	0	0	0	0	0	0	0	0	0	R
NMDC20551277	1	1	0	1	0	0	1	0	0	0	R
NMDC20553295	1	0	0	0	0	0	0	0	0	0	R
NMDC20584050	0	1	0	1	0	0	1	0	1	0	R
NMDC20553296	1	0	0	1	0	0	0	0	0	1	R
NMDC20557291	1	0	0	1	0	0	1	0	0	1	R
NMDC20555290	1	0	0	1	0	0	0	0	1	0	R
NMDC20584055	0	0	0	1	0	0	1	0	0	1	R
NMDC20551278	1	1	0	1	0	1	1	0	0	0	R
NMDC20584056	1	0	0	1	0	1	0	0	0	0	R
NMDC20557293	1	0	0	0	0	0	0	0	0	0	R
NMDC20584059	1	0	0	0	0	0	0	0	0	0	R
NMDC20555291	0	0	0	0	0	0	0	0	0	0	R
NMDC20553298	0	1	0	1	0	0	1	0	0	1	R
NMDC20584060	1	0	0	0	0	0	0	0	0	0	R
NMDC20584061	1	0	0	0	0	0	0	0	0	0	R
NMDC20584062	1	0	0	0	0	0	0	0	0	0	R
NMDC20584063	1	0	0	0	0	0	0	0	0	0	R
NMDC20584064	0	0	0	1	0	1	0	0	0	0	R
NMDC20555292	1	0	0	1	0	0	0	0	0	1	R
NMDC20557298	1	0	0	0	0	1	0	0	0	0	R
NMDC20553299	1	1	0	1	0	0	1	0	1	0	R
NMDC20584065	1	0	0	1	0	0	0	0	0	0	R
NMDC20584066	0	1	0	1	0	0	0	0	1	1	R
NMDC20555294	0	1	0	1	0	0	1	0	0	0	R
NMDC20553300	1	0	0	1	0	0	0	0	0	0	R
NMDC20553301	0	1	0	1	0	0	1	0	0	1	R
NMDC20584067	0	1	0	0	0	0	1	0	0	1	R
NMDC20584068	1	0	0	0	0	0	0	0	0	0	R
NMDC20557300	0	1	0	1	0	0	0	0	1	1	R
NMDC20584069	1	0	0	1	0	0	0	0	0	0	R
NMDC20551279	0	0	0	1	0	0	0	0	0	0	R
NMDC20555293	1	0	0	1	0	0	0	0	0	1	R
NMDC20584071	0	0	0	0	0	0	0	0	0	1	R
NMDC20584072	1	0	0	1	0	0	0	0	0	1	R
NMDC20584073	1	0	0	1	0	0	0	0	0	1	R
NMDC20551280	0	0	0	1	0	0	0	0	0	0	R
NMDC20557301	1	0	0	1	0	0	0	0	0	1	R
NMDC20557302	1	0	0	0	0	0	0	0	0	1	R
NMDC20555295	1	0	0	0	0	0	0	0	0	1	R
NMDC20584079	0	1	0	1	0	0	1	0	0	1	R
NMDC20584081	1	0	0	0	0	0	0	0	0	0	R
NMDC20553319	1	0	0	1	0	0	0	0	0	0	R
NMDC20557307	0	0	0	1	0	0	0	0	1	1	R
NMDC20584082	1	0	0	1	0	0	0	0	0	0	R
NMDC20557304	1	0	0	0	0	0	0	0	0	0	R
NMDC20584083	0	0	0	1	0	0	0	0	0	1	R
NMDC20551282	1	0	0	0	0	0	0	0	0	0	R
NMDC20584084	1	0	0	1	0	0	0	0	0	0	R
NMDC20557306	1	0	0	0	0	0	0	0	0	0	R
NMDC20557308	1	0	0	1	0	0	0	0	0	1	R
NMDC20584085	1	0	0	1	0	0	0	0	0	0	R
NMDC20584086	1	0	0	0	0	0	0	0	0	0	R
NMDC20584087	1	0	0	0	0	0	0	0	0	0	R
NMDC20555296	1	0	0	0	0	0	0	0	0	0	R
NMDC20553307	1	0	0	0	0	0	0	0	0	0	R
NMDC20584088	1	0	0	0	0	0	0	0	0	0	R
NMDC20555297	1	0	0	0	0	0	0	0	0	0	R
NMDC20551286	1	0	0	0	0	0	0	0	0	0	R
NMDC20551284	1	0	0	0	0	0	0	0	0	0	R
NMDC20584090	1	0	0	0	0	0	0	0	0	0	R
NMDC20584091	1	0	0	0	0	0	0	0	0	0	R
NMDC20584092	1	0	0	0	0	0	0	0	0	0	R
NMDC20555298	1	0	0	0	0	0	0	0	0	0	R
NMDC20553308	1	0	0	1	0	1	0	0	0	0	R
NMDC20584093	1	0	0	1	0	1	0	0	0	0	R
NMDC20557309	1	0	0	0	0	0	0	0	0	0	R
NMDC20584097	0	0	0	0	0	0	0	0	1	0	R
NMDC20584099	0	0	0	1	0	0	1	0	0	1	R
NMDC20551287	1	0	0	0	0	0	0	0	0	0	R
NMDC20584100	0	0	0	0	0	0	0	1	0	0	R
NMDC20584101	1	0	0	1	0	0	0	0	0	1	R
NMDC20555299	1	0	0	1	0	0	0	0	0	0	R
NMDC20551288	0	1	0	1	1	0	0	0	0	0	R
NMDC20557310	1	0	0	1	0	0	0	0	0	0	R
NMDC20555300	0	1	0	1	0	0	1	0	0	1	R
NMDC20555301	1	0	0	0	0	0	0	0	0	0	R
NMDC20551289	0	0	0	0	0	0	0	0	0	0	R
NMDC20584104	1	0	0	1	0	0	0	0	0	1	R
NMDC20553310	1	0	0	1	0	0	0	0	0	1	R
NMDC20551293	1	0	0	0	0	0	0	0	0	0	R
NMDC20584107	1	0	0	0	0	0	0	0	0	0	R
NMDC20551291	1	0	1	1	0	0	0	0	0	0	R
NMDC20584108	1	0	0	0	0	0	0	0	0	1	R
NMDC20551292	1	0	0	0	0	0	0	0	0	0	R
NMDC20584109	1	0	0	1	0	0	0	0	0	0	R
NMDC20551294	1	0	0	0	0	0	0	0	0	1	R
NMDC20584110	1	0	0	0	0	0	0	0	0	0	R
NMDC20551295	1	0	0	0	0	1	0	0	0	0	R
NMDC20551296	0	0	0	1	0	0	1	0	0	1	R
NMDC20551298	0	1	0	1	0	0	1	0	0	0	R
NMDC20553315	1	0	0	0	0	0	0	0	0	1	R
NMDC20555305	0	1	0	1	0	0	1	0	0	0	R
NMDC20584113	1	0	0	0	0	0	0	0	0	0	R
NMDC20553313	1	0	0	1	0	0	0	0	0	0	R
NMDC20584114	1	0	0	0	0	0	0	0	0	0	R
NMDC20553314	1	0	0	0	0	0	0	0	0	0	R
NMDC20584118	1	0	0	0	0	0	0	0	0	0	R
NMDC20584120	1	0	0	0	0	0	0	0	0	0	R
NMDC20555308	1	0	0	1	0	0	0	0	0	0	R
NMDC20584122	1	0	0	1	0	0	0	0	0	0	R
NMDC20584123	1	0	0	1	0	0	0	0	0	1	R
NMDC20584124	1	0	0	1	1	0	0	0	0	1	R
NMDC20551303	1	0	0	1	0	0	0	0	0	0	R
NMDC20584126	1	0	0	0	0	0	0	0	0	0	R
NMDC20557317	1	0	0	0	0	0	0	0	0	0	R
NMDC20555311	1	0	0	1	0	0	0	0	0	0	R
NMDC20553320	1	0	0	0	0	0	0	0	0	1	R
NMDC20553321	0	0	0	0	0	0	1	0	0	1	R
NMDC20553322	1	0	0	0	0	0	0	0	0	0	R
NMDC20555310	1	0	0	1	0	0	0	0	0	1	R
NMDC20584128	1	0	0	1	0	0	0	0	0	0	R
NMDC20557318	1	0	0	0	0	0	0	0	0	0	R
NMDC20553323	0	0	0	0	0	0	0	1	0	0	R
NMDC20557319	1	0	0	0	0	0	0	0	0	0	R
NMDC20555313	1	0	0	1	0	0	0	0	0	1	R
NMDC20555314	0	0	0	0	0	0	0	0	0	0	R
NMDC20553324	1	0	0	0	0	0	0	0	0	0	R
NMDC20584130	1	0	0	1	0	0	0	0	0	1	R
NMDC20553327	1	0	0	1	0	0	0	0	0	0	R
NMDC20555316	0	0	0	1	0	0	0	0	0	0	R
NMDC20555318	1	0	0	0	0	0	0	0	0	0	R
NMDC20584134	1	0	0	1	0	0	0	0	0	0	R
NMDC20584135	1	0	0	1	0	0	0	0	0	0	R
NMDC20551308	1	0	0	0	0	1	0	0	0	0	R
NMDC20584136	1	0	0	1	0	0	0	0	1	0	R
NMDC20557323	1	0	0	0	0	0	0	0	0	0	R
NMDC20551309	1	0	0	0	0	0	0	0	0	0	R
NMDC20553330	1	0	0	0	0	0	0	0	0	0	R
NMDC20551310	1	0	0	0	0	0	0	0	0	0	R
NMDC20555321	1	0	0	0	0	0	0	0	0	0	R
NMDC20555322	1	0	0	1	0	0	0	0	0	1	R
NMDC20584138	1	0	0	0	0	0	0	0	0	0	R
NMDC20584140	0	0	0	0	0	0	0	0	1	1	R
NMDC20584141	1	0	0	0	0	0	0	0	0	0	R
NMDC20584144	1	0	0	1	0	0	0	0	0	0	R
NMDC20584145	1	0	0	0	0	0	0	0	0	0	R
NMDC20557325	1	0	0	1	0	0	0	0	0	1	R
NMDC20584146	1	0	0	1	0	0	0	0	0	0	R
NMDC20551311	1	0	0	0	0	0	0	0	0	0	R
NMDC20555323	0	0	0	1	1	0	0	0	0	0	R
NMDC20555324	1	0	1	1	0	0	0	0	0	0	R
NMDC20584149	1	0	0	0	0	0	0	0	0	0	R
NMDC20584150	1	0	0	1	0	0	0	0	0	1	R
NMDC20584151	1	0	0	0	0	0	0	0	0	0	R
NMDC20557331	1	0	1	0	0	0	0	0	0	0	R
NMDC20555326	1	0	0	0	0	0	0	0	0	0	R
NMDC20584152	1	0	0	0	0	0	0	0	0	0	R
NMDC20553335	1	0	0	1	0	0	0	0	0	0	R
NMDC20555328	1	0	0	0	0	0	0	0	0	0	R
NMDC20584153	1	0	0	0	0	0	0	0	0	0	R
NMDC20551316	1	0	0	0	0	0	0	0	0	0	R
NMDC20555329	1	0	0	0	0	0	0	0	0	0	R
NMDC20584154	1	0	0	1	0	0	0	0	0	0	R
NMDC20557333	1	0	0	0	0	0	0	0	0	0	R
NMDC20584156	1	0	0	0	0	0	0	0	0	0	R
NMDC20555330	0	0	1	1	0	0	0	0	0	0	R
NMDC20557334	1	0	0	0	0	0	0	0	0	0	R
NMDC20584158	1	1	1	1	0	0	0	0	0	0	R
NMDC20553336	1	1	0	1	1	0	0	0	0	0	R
NMDC20551317	1	0	0	0	0	0	0	0	0	0	R
NMDC20555332	0	0	0	0	0	0	1	0	0	1	R
NMDC20553337	1	0	0	1	0	0	0	0	0	0	R
NMDC20584160	1	0	0	0	0	0	0	0	0	0	R
NMDC20551319	1	0	0	0	0	0	0	0	0	0	R
NMDC20551318	1	0	0	0	0	0	0	0	0	0	R
NMDC20584162	0	0	0	1	0	0	1	0	0	1	R
NMDC20584163	1	0	0	0	0	0	0	0	0	0	R
NMDC20584164	0	0	0	0	0	1	0	0	0	0	R
NMDC20584165	1	0	0	1	0	0	1	0	0	1	R
NMDC20584166	1	0	0	1	0	0	0	0	0	1	R
NMDC20555333	0	0	0	0	0	0	1	0	0	1	R
NMDC20557338	0	1	0	1	1	0	0	0	0	0	R
NMDC20584167	1	0	0	0	0	0	0	0	0	0	R
NMDC20584168	1	0	0	0	0	1	0	0	0	0	R
NMDC20551321	1	0	0	0	0	0	0	0	0	0	R
NMDC20553342	1	0	0	1	0	0	0	0	0	0	R
NMDC20584169	1	0	0	1	0	0	0	0	0	0	R
NMDC20555334	1	0	0	1	0	0	0	0	0	0	R
NMDC20551323	0	1	0	0	0	0	1	0	0	0	R
NMDC20553345	1	0	0	0	0	0	0	0	0	0	R
NMDC20584170	0	0	1	0	0	0	0	0	0	0	R
NMDC20557340	1	0	0	1	0	0	0	0	0	0	R
NMDC20553346	1	0	0	0	0	0	0	0	0	0	R
NMDC20584172	1	0	0	0	0	0	0	0	0	0	R
NMDC20551322	1	0	0	1	0	0	0	0	0	0	R
NMDC20551325	1	0	0	1	0	0	0	0	0	0	R
NMDC20584173	1	0	0	0	0	1	0	0	0	0	R
NMDC20557341	1	0	0	1	0	0	1	0	0	1	R
NMDC20584174	1	0	0	1	0	0	0	0	0	1	R
NMDC20555339	1	0	0	0	0	0	0	0	0	0	R
NMDC20557342	1	0	0	1	0	0	0	0	0	1	R
NMDC20553347	1	0	0	0	0	1	0	0	0	0	R
NMDC20584176	1	0	0	1	0	0	0	0	0	1	R
NMDC20584177	1	0	0	1	0	0	0	0	0	0	R
NMDC20557343	1	0	0	0	0	0	0	0	0	0	R
NMDC20553349	1	0	0	1	0	0	0	0	0	1	R
NMDC20584180	1	0	0	1	0	0	0	0	0	0	R
NMDC20551326	1	0	1	0	0	0	0	0	0	1	R
NMDC20551327	1	0	0	0	0	0	0	0	0	0	R
NMDC20555340	1	0	0	0	0	0	0	0	0	0	R
NMDC20584182	1	0	0	0	0	0	0	0	0	0	R
NMDC20584183	1	0	0	0	0	0	0	0	0	0	R
NMDC20584184	1	0	0	1	0	0	0	0	0	0	R
NMDC20555342	1	0	0	1	0	1	0	0	0	0	R
NMDC20553351	1	0	0	1	0	0	0	0	0	0	R
NMDC20584185	0	0	0	0	0	0	0	0	0	0	R
NMDC20584186	1	0	1	0	0	0	0	0	0	1	R
NMDC20553352	1	0	0	0	0	0	0	0	0	0	R
NMDC20551329	1	0	0	0	0	0	0	0	0	0	R
NMDC20584188	1	0	0	1	0	0	0	0	0	0	R
NMDC20551330	0	0	0	0	0	0	0	0	0	0	R
NMDC20555345	1	0	0	0	0	1	0	0	0	0	R
NMDC20551331	1	0	0	1	0	0	1	0	0	1	R
NMDC20555346	1	0	0	1	0	0	0	0	0	1	R
NMDC20551332	0	1	0	1	0	0	1	0	0	1	R
NMDC20584189	1	0	0	0	0	0	0	0	0	0	R
NMDC20557347	1	0	0	0	0	0	0	0	0	0	R
NMDC20584190	0	1	0	1	1	0	0	0	0	0	R
NMDC20584191	1	0	0	0	0	0	0	0	0	0	R
NMDC20555347	1	0	0	1	0	0	0	0	0	1	R
NMDC20584192	1	0	0	0	0	0	0	0	0	0	R
NMDC20584193	1	0	0	0	0	0	0	0	0	0	R
NMDC20584194	1	0	0	0	0	0	0	0	0	0	R
NMDC20555349	1	0	0	0	0	0	0	0	0	0	R
NMDC20553354	1	0	0	0	0	0	0	0	0	0	R
NMDC20555350	1	0	1	0	0	0	0	0	0	1	R
NMDC20584196	1	0	0	0	0	0	0	0	0	1	R
NMDC20551333	1	0	0	0	0	0	0	0	0	0	R
NMDC20557349	1	1	0	1	1	0	0	0	0	0	R
NMDC20553356	1	0	0	0	0	0	0	0	0	0	R
NMDC20551335	1	0	0	1	0	0	0	0	0	0	R
NMDC20584199	1	0	0	0	0	0	0	0	0	0	R
NMDC20555352	1	0	0	1	0	0	0	0	0	1	R
NMDC20557350	1	0	0	0	0	0	0	0	0	0	R
NMDC20553358	1	0	0	1	0	0	0	0	0	0	R
NMDC20551337	1	0	0	0	0	0	0	0	0	1	R
NMDC20584201	1	0	0	1	0	0	0	0	0	1	R
NMDC20555355	1	0	0	0	0	0	0	0	0	0	R
NMDC20553360	1	0	0	0	0	0	0	0	0	0	R
NMDC20555359	1	0	0	1	0	0	0	0	0	0	R
NMDC20555356	1	0	0	0	0	0	0	0	0	0	R
NMDC20555358	0	1	0	1	0	0	1	0	0	1	R
NMDC20553361	1	0	0	0	0	0	0	0	0	0	R
NMDC20551338	1	0	0	1	0	0	0	0	0	0	R
NMDC20553362	0	0	0	1	0	0	0	0	0	0	R
NMDC20553363	0	1	0	1	0	0	0	0	1	1	R
NMDC20555360	1	0	0	1	0	0	0	0	0	0	R
NMDC20555361	0	1	0	1	0	0	1	0	0	1	R
NMDC20584202	1	0	0	1	0	0	0	0	0	0	R
NMDC20584203	1	0	0	0	0	0	0	0	0	0	R
NMDC20551339	1	0	0	1	1	1	0	0	0	0	R
NMDC20555362	1	0	0	1	0	0	0	0	0	1	R
NMDC20557356	1	0	0	0	0	0	0	0	0	0	R
NMDC20584204	1	0	0	0	1	1	0	0	0	0	R
NMDC20553364	1	0	0	1	0	0	0	0	0	0	R
NMDC20555363	1	0	0	1	1	1	1	0	0	1	R
NMDC20557358	1	0	0	0	0	0	0	0	0	0	R
NMDC20553365	1	0	0	0	0	0	0	0	1	1	R
NMDC20584207	1	0	0	0	0	0	0	0	0	0	R
NMDC20555364	1	0	0	1	0	0	0	0	0	0	R
NMDC20584208	0	1	0	1	1	0	0	0	0	0	R
NMDC20557359	1	0	0	0	0	0	0	0	0	0	R
NMDC20551340	0	0	0	1	0	0	0	0	0	0	R
NMDC20557360	1	0	0	1	0	0	0	0	0	0	R
NMDC20553366	1	0	0	0	0	0	0	0	0	0	R
NMDC20551341	1	0	0	0	0	0	0	0	0	1	R
NMDC20584211	1	0	0	0	0	0	0	0	0	0	R
NMDC20551342	1	0	0	1	1	0	0	0	0	1	R
NMDC20584212	1	0	0	1	0	0	0	0	0	0	R
NMDC20555367	1	1	0	1	0	0	0	0	0	0	R
NMDC20584214	1	0	0	1	0	0	0	0	0	0	R
NMDC20557362	1	0	0	1	0	0	0	0	0	0	R
NMDC20551344	0	1	0	1	1	0	0	0	0	0	R
NMDC20584215	0	1	0	1	1	0	0	0	0	0	R
NMDC20557363	1	0	0	0	0	0	0	0	0	0	R
NMDC20557365	1	0	0	1	0	0	0	0	1	0	R
NMDC20584216	1	0	0	0	0	0	0	0	0	0	R
NMDC20584217	0	0	0	1	1	0	0	0	0	0	R
NMDC20551346	1	0	0	0	0	0	0	0	0	0	R
NMDC20557366	1	0	1	1	0	0	0	0	0	0	R
NMDC20557367	1	0	0	1	0	0	0	0	0	0	R
NMDC20555369	1	0	0	0	0	0	0	0	0	0	R
NMDC20557368	0	0	0	1	0	0	0	0	0	1	R
NMDC20553375	1	0	0	1	1	0	0	0	0	1	R
NMDC20557369	1	0	0	0	0	0	0	0	0	0	R
NMDC20584219	1	0	0	1	0	0	0	0	0	0	R
NMDC20553372	1	0	0	0	0	0	0	0	0	0	R
NMDC20557370	1	0	0	1	0	0	0	0	0	0	R
NMDC20553371	1	0	0	1	0	0	0	0	0	0	R
NMDC20555372	1	0	0	0	0	0	0	0	0	0	R
NMDC20584221	0	0	0	1	0	0	1	0	0	1	R
NMDC20584222	1	0	0	0	0	0	0	0	0	0	R
NMDC20584223	1	0	0	0	0	0	0	0	0	0	R
NMDC20555371	1	0	0	1	0	0	0	0	0	0	R
NMDC20551348	1	0	0	0	0	0	0	0	0	0	R
NMDC20551351	1	0	0	0	0	0	0	0	0	0	R
NMDC20584225	1	0	0	0	0	0	0	0	0	0	R
NMDC20584226	0	1	0	1	0	0	0	0	1	0	R
NMDC20584227	0	1	0	1	0	0	0	0	1	0	R
NMDC20553374	1	0	0	0	0	0	0	0	0	1	R
NMDC20557372	0	0	0	0	0	0	1	0	0	1	R
NMDC20551349	0	1	0	1	0	1	1	0	0	1	R
NMDC20555374	1	0	0	0	0	0	0	0	0	1	R
NMDC20557373	1	0	0	0	0	0	0	0	0	0	R
NMDC20584228	1	0	0	0	0	0	0	0	0	0	R
NMDC20584229	1	0	0	0	0	0	0	0	0	0	R
NMDC20555375	1	0	0	0	0	1	0	0	0	0	R
NMDC20584230	1	0	0	0	0	1	0	0	0	0	R
NMDC20557375	1	0	0	0	0	0	0	0	0	0	R
NMDC20584233	1	0	0	1	0	0	0	0	0	0	R
NMDC20584234	1	0	1	1	1	1	0	0	0	0	R
NMDC20584235	0	1	0	1	1	0	0	0	0	0	R
NMDC20551353	1	0	0	0	0	0	0	0	0	0	R
NMDC20553379	0	0	0	0	0	0	0	0	0	1	R
NMDC20584236	1	0	0	0	0	0	0	0	0	0	R
NMDC20584237	1	0	0	1	0	0	0	0	0	0	R
NMDC20584238	1	0	0	0	0	0	0	0	0	0	R
NMDC20553380	0	1	0	1	1	0	0	0	0	0	R
NMDC20557376	1	0	0	1	0	0	0	0	0	1	R
NMDC20555376	0	0	0	1	0	0	0	0	0	0	R
NMDC20584240	1	0	0	1	0	0	0	0	0	1	R
NMDC20557378	1	0	0	1	0	0	0	0	0	1	R
NMDC20584241	0	1	0	1	1	0	0	0	0	0	R
NMDC20584242	1	0	0	1	0	0	0	0	0	0	R
NMDC20551355	1	0	0	1	0	0	0	0	0	0	R
NMDC20553384	0	0	0	0	0	0	0	0	0	0	R
NMDC20555377	1	0	0	0	0	0	0	0	0	0	R
NMDC20555379	1	0	0	0	0	0	0	0	0	0	R
NMDC20584244	1	0	0	0	0	0	0	0	0	0	R
NMDC20557379	0	0	0	0	0	0	0	0	0	0	R
NMDC20557380	1	0	0	1	0	0	0	0	0	0	R
NMDC20553385	1	0	0	0	0	0	0	0	0	0	R
NMDC20553386	1	0	1	1	1	1	0	0	0	0	R
NMDC20553387	1	0	0	0	0	1	0	0	0	0	R
NMDC20584247	1	0	0	1	0	0	1	0	0	1	R
NMDC20584248	0	0	0	0	0	0	0	0	0	0	R
NMDC20555381	1	0	0	0	0	0	0	0	0	0	R
NMDC20584249	1	0	0	1	1	1	0	0	0	0	R
NMDC20551357	1	0	0	0	0	0	0	0	0	0	R
NMDC20551358	1	0	0	1	0	0	0	0	0	1	R
NMDC20555382	1	0	0	1	0	0	0	0	1	0	R
NMDC20551359	0	0	0	0	0	1	0	0	0	0	R
NMDC20553389	1	0	0	1	1	0	0	0	0	1	R
NMDC20553390	1	0	0	1	0	0	0	0	0	0	R
NMDC20584250	0	1	0	1	1	0	0	0	0	1	R
NMDC20584251	1	0	0	1	0	0	0	0	0	1	R
NMDC20584253	1	0	0	1	0	0	1	0	0	1	R
NMDC20557381	1	0	0	1	0	0	0	0	0	0	R
NMDC20553391	1	0	0	0	0	0	0	0	0	0	R
NMDC20557383	0	0	0	1	0	0	0	0	0	0	R
NMDC20584254	1	0	0	0	0	0	0	0	0	0	R
NMDC20584256	1	0	0	1	0	0	0	0	0	0	R
NMDC20584257	1	0	0	0	0	0	0	0	0	0	R
NMDC20557384	1	0	0	0	0	0	0	0	0	0	R
NMDC20553392	0	0	0	0	0	0	0	0	0	0	R
NMDC20555385	1	0	0	0	0	0	0	0	0	0	R
NMDC20557385	1	0	0	0	0	0	0	0	0	0	R
NMDC20557386	1	0	0	0	0	0	0	0	0	0	R
NMDC20551362	1	0	0	0	0	0	0	0	0	0	R
NMDC20555386	1	0	0	1	0	0	0	0	0	0	R
NMDC20584260	1	0	0	0	0	0	0	0	0	0	R
NMDC20557387	1	0	0	0	0	0	0	0	0	0	R
NMDC20553395	1	0	0	0	0	0	0	0	0	0	R
NMDC20584261	1	0	0	1	0	0	0	0	0	0	R
NMDC20584262	1	0	1	0	0	0	0	0	0	1	R
NMDC20557388	1	0	0	1	0	0	0	0	0	0	R
NMDC20557390	1	0	0	0	0	0	0	0	0	0	R
NMDC20551365	1	0	0	0	0	0	0	0	0	0	R
NMDC20584264	1	0	0	0	0	0	0	0	0	0	R
NMDC20557391	1	0	0	0	0	0	0	0	0	0	R
NMDC20584265	1	0	0	0	0	0	0	0	0	0	R
NMDC20557392	0	0	0	1	1	0	0	0	0	0	R
NMDC20551366	1	0	0	1	0	0	0	0	0	1	R
NMDC20557393	1	0	0	1	0	0	1	0	0	1	R
NMDC20555388	1	0	0	0	0	0	0	0	0	0	R
NMDC20555389	1	0	0	1	0	0	0	0	0	0	R
NMDC20584267	0	1	0	1	0	0	1	0	0	1	R
NMDC20551367	0	0	0	0	0	0	0	0	0	0	R
NMDC20555390	1	0	0	1	0	0	0	0	0	0	R
NMDC20584268	1	0	0	0	0	0	0	0	0	0	R
NMDC20584269	1	0	0	0	0	0	0	0	0	0	R
NMDC20555393	1	0	0	1	1	0	1	0	0	1	R
NMDC20555391	0	0	0	0	0	0	0	0	0	0	R
NMDC20584271	1	0	0	1	0	0	0	0	0	0	R
NMDC20553397	0	0	0	0	0	0	0	0	1	0	R
NMDC20551368	1	0	0	0	0	0	0	0	0	0	R
NMDC20553398	1	0	0	1	1	0	0	0	0	1	R
NMDC20555392	1	1	0	0	0	0	1	0	0	1	R
NMDC20551369	1	0	0	0	0	0	0	0	0	0	R
NMDC20557395	1	0	0	0	0	0	0	0	0	0	R
NMDC20557396	1	0	0	1	1	1	0	0	0	0	R
NMDC20584273	1	0	0	0	0	0	0	0	0	0	R
NMDC20553400	1	0	0	1	0	0	0	0	0	0	R
NMDC20555396	0	1	0	1	0	0	1	0	0	1	R
NMDC20557397	0	0	0	1	0	0	1	0	0	1	R
NMDC20584274	1	0	0	0	0	0	0	0	0	0	R
NMDC20584275	0	0	0	1	1	1	0	0	0	1	R
NMDC20551372	0	0	0	1	0	0	1	0	0	1	R
NMDC20557399	1	0	0	0	0	0	0	0	0	0	R
NMDC20584279	1	0	0	1	0	0	0	0	0	1	R
NMDC20553401	0	0	0	1	0	0	1	0	0	1	R
NMDC20584280	1	0	0	1	1	0	1	0	0	1	R
NMDC20584281	0	0	0	0	0	0	0	0	1	1	R
NMDC20584282	1	0	0	1	0	0	0	0	0	1	R
NMDC20584283	0	0	0	0	0	0	0	0	0	0	R
NMDC20584284	0	0	0	1	0	1	0	0	0	0	R
NMDC20551374	1	0	0	0	0	0	0	0	0	0	R
NMDC20584285	0	0	0	1	1	1	0	0	0	1	R
NMDC20553402	0	0	0	1	0	1	0	0	0	0	R
NMDC20584287	0	0	0	0	0	0	0	0	0	0	R
NMDC20584289	1	0	0	0	0	0	0	0	0	0	R
NMDC20584290	0	0	0	1	1	0	0	0	0	0	R
NMDC20555397	1	0	0	1	0	0	0	0	0	0	R
NMDC20584295	1	0	0	1	0	0	0	0	0	0	R
NMDC20584296	1	0	0	1	0	1	0	0	0	0	R
NMDC20557400	1	0	0	0	0	0	0	0	0	0	R
NMDC20555398	1	0	0	1	0	0	0	0	0	0	R
NMDC20557401	1	0	0	1	0	0	0	0	0	0	R
NMDC20584297	1	0	0	0	0	0	0	0	0	0	R
NMDC20584299	1	1	0	1	0	0	0	0	0	0	R
NMDC20584300	0	0	0	1	1	0	0	0	0	0	R
NMDC20551376	1	0	0	0	0	0	0	0	0	0	R
NMDC20584301	1	0	0	0	0	0	0	0	0	0	R
NMDC20584302	1	0	0	1	0	0	0	0	0	0	R
NMDC20551377	1	0	0	1	0	0	0	0	0	1	R
NMDC20557403	0	1	0	1	1	0	0	0	0	0	R
NMDC20551378	0	0	0	0	0	0	1	1	0	1	R
NMDC20584305	1	0	0	0	0	0	0	0	0	0	R
NMDC20555401	1	1	0	1	0	0	1	0	0	1	R
NMDC20555402	0	1	0	1	0	0	1	0	0	1	R
NMDC20584307	0	0	0	0	0	0	1	0	0	1	R
NMDC20584308	1	0	0	1	0	0	0	0	0	1	R
NMDC20557404	1	0	0	0	0	0	0	0	0	0	R
NMDC20551380	0	0	0	1	0	0	1	0	0	1	R
NMDC20551379	0	1	0	1	1	0	0	0	0	0	R
NMDC20557405	1	0	0	0	0	0	0	0	0	0	R
NMDC20584309	1	0	0	1	0	0	0	0	0	0	R
NMDC20553405	1	0	0	1	0	0	0	0	0	0	R
NMDC20584311	1	0	0	1	0	0	0	0	0	0	R
NMDC20555405	0	0	0	0	0	0	0	0	1	1	R
NMDC20557409	1	0	0	0	0	0	0	0	0	0	R
NMDC20557410	1	0	0	1	0	0	0	0	0	1	R
NMDC20551382	1	0	0	1	0	0	0	0	0	0	R
NMDC20557411	1	0	0	1	0	0	0	0	0	0	R
NMDC20551384	0	0	0	1	0	1	0	0	0	0	R
NMDC20551385	1	0	0	1	0	0	0	0	0	0	R
NMDC20553407	1	0	0	1	0	0	0	0	0	0	R
NMDC20555406	0	0	1	0	0	0	0	0	0	0	R
NMDC20557412	0	0	0	1	0	0	1	0	0	1	R
NMDC20555407	0	0	0	1	0	0	1	0	0	1	R
NMDC20584313	1	0	0	1	1	1	0	0	0	0	R
NMDC20584315	0	0	0	1	0	0	1	0	0	1	R
NMDC20555408	1	0	0	1	0	0	0	0	0	0	R
NMDC20584317	1	0	0	0	0	0	0	0	0	0	R
NMDC20551387	0	0	0	0	0	1	0	0	0	0	R
NMDC20557414	0	0	0	0	0	1	0	0	0	0	R
NMDC20555409	0	0	0	1	0	0	1	0	0	1	R
NMDC20584318	1	0	0	1	0	0	0	0	0	0	R
NMDC20584320	0	0	0	1	0	0	1	0	0	1	R
NMDC20555410	1	0	0	1	0	0	0	0	0	0	R
NMDC20584321	1	0	0	1	0	0	0	0	0	0	R
NMDC20584322	0	0	0	0	0	0	1	0	0	1	R
NMDC20555411	0	0	0	0	0	0	0	0	0	0	R
NMDC20553410	0	1	0	1	0	0	1	0	0	1	R
NMDC20584325	1	0	0	1	0	0	0	0	0	0	R
NMDC20557416	1	0	0	0	0	0	0	0	0	1	R
NMDC20553411	0	0	0	0	0	0	1	0	0	1	R
NMDC20584328	0	1	0	1	1	0	0	0	0	0	R
NMDC20584329	1	0	0	0	0	0	0	0	0	1	R
NMDC20551391	1	0	0	1	0	0	0	0	0	0	R
NMDC20584330	0	1	0	1	0	0	1	0	0	1	R
NMDC20584331	1	0	0	1	0	0	0	0	0	0	R
NMDC20584332	1	0	0	1	0	0	0	0	0	0	R
NMDC20584333	1	0	0	0	0	0	0	0	0	0	R
NMDC20557418	1	0	0	0	0	1	0	0	0	0	R
NMDC20555412	1	0	0	0	0	0	0	0	0	0	R
NMDC20584334	1	0	0	1	0	0	0	0	0	0	R
NMDC20555413	1	0	0	0	0	0	0	0	0	0	R
NMDC20553413	0	1	0	1	1	0	0	0	0	0	R
NMDC20584336	0	0	0	1	0	0	0	0	0	0	R
NMDC20557419	1	0	0	0	0	0	0	0	1	0	R
NMDC20553414	0	0	0	1	0	0	1	0	0	1	R
NMDC20553415	0	1	0	1	1	0	0	0	0	0	R
NMDC20584338	1	0	0	0	0	0	0	0	0	0	R
NMDC20584339	0	1	0	1	0	0	1	0	0	1	R
NMDC20551392	1	0	0	0	0	0	0	0	0	0	R
NMDC20557421	1	0	0	1	0	0	0	0	0	0	R
NMDC20584340	1	0	0	1	0	0	0	0	0	0	R
NMDC20557425	0	0	0	1	1	0	0	0	0	0	R
NMDC20551394	0	0	0	0	0	0	0	0	0	1	R
NMDC20584342	1	0	0	1	0	0	0	0	0	0	R
NMDC20553416	1	0	0	1	0	0	0	0	0	1	R
NMDC20553417	0	0	0	1	0	1	0	0	0	0	R
NMDC20551395	1	0	0	1	0	1	0	0	0	1	R
NMDC20555414	1	1	0	1	0	0	0	0	1	1	R
NMDC20555415	0	1	0	1	0	0	1	0	0	1	R
NMDC20557424	1	0	0	0	0	0	0	0	0	0	R
NMDC20584343	1	0	0	1	0	0	0	0	0	0	R
NMDC20584346	1	0	0	1	1	0	0	0	0	0	R
NMDC20584348	1	1	0	1	0	0	1	0	0	1	R
NMDC20584349	1	0	0	1	0	1	0	0	0	0	R
NMDC20584350	1	0	0	1	0	0	0	0	0	0	R
NMDC20553418	0	0	0	0	0	0	0	1	0	0	R
NMDC20584353	0	0	0	0	0	0	0	1	0	0	R
NMDC20557427	1	0	0	0	0	0	0	0	0	0	R
NMDC20557428	1	0	0	1	0	0	0	0	0	1	R
NMDC20555417	0	0	0	0	0	0	0	0	1	1	R
NMDC20553420	0	0	0	0	0	0	0	0	0	1	R
NMDC20584354	0	0	0	0	0	0	0	0	1	1	R
NMDC20557429	1	0	0	0	0	0	0	0	0	0	R
NMDC20584355	1	0	0	0	0	0	0	0	0	0	R
NMDC20557430	0	0	0	1	0	0	0	0	0	1	R
NMDC20553421	1	0	0	0	0	0	0	0	0	0	R
NMDC20553422	1	0	0	1	0	0	0	0	0	0	R
NMDC20584356	1	0	0	0	0	0	0	0	0	0	R
NMDC20557432	1	0	0	0	0	0	0	0	0	0	R
NMDC20551398	1	0	0	0	0	0	0	0	0	0	R
NMDC20584358	1	0	0	1	0	1	0	0	0	0	R
NMDC20551399	1	0	0	1	0	0	0	0	0	0	R
NMDC20584361	1	0	0	0	0	0	0	0	0	0	R
NMDC20557434	1	0	0	1	0	0	0	0	0	1	R
NMDC20584363	0	0	0	0	0	0	0	1	0	0	R
NMDC20553426	0	0	0	0	0	0	1	0	0	1	R
NMDC20584366	0	0	0	0	0	1	0	0	0	0	R
NMDC20584367	1	0	0	1	0	0	0	0	0	1	R
NMDC20584370	1	0	0	0	0	0	0	0	0	0	R
NMDC20584371	0	0	0	1	0	0	0	0	0	0	R
NMDC20584373	0	0	0	0	0	0	0	0	0	0	R
NMDC20553428	1	0	0	1	0	0	0	0	0	0	R
NMDC20555420	0	0	0	1	0	1	0	0	0	0	R
NMDC20555422	1	0	0	0	0	0	0	0	0	0	R
NMDC20551400	1	0	0	0	0	0	0	0	0	0	R
NMDC20555421	1	0	0	0	0	0	0	0	0	0	R
NMDC20553429	1	0	0	0	0	0	0	0	0	0	R
NMDC20584374	1	1	0	1	0	0	1	0	0	0	R
NMDC20557438	1	0	0	0	0	0	0	0	0	0	R
NMDC20553430	1	0	0	0	0	0	0	0	0	0	R
NMDC20584376	1	0	0	1	0	0	0	0	0	0	R
NMDC20553433	1	0	0	0	0	0	0	0	0	0	R
NMDC20555423	1	0	0	0	0	0	0	0	0	0	R
NMDC20551401	1	0	0	0	0	0	0	0	0	0	R
NMDC20557447	1	0	0	1	0	0	0	0	0	0	R
NMDC20551403	1	0	0	1	1	1	1	0	0	1	R
NMDC20584378	1	0	0	0	0	0	0	0	0	0	R
NMDC20584379	1	0	1	0	0	0	0	0	0	0	R
NMDC20584380	1	0	0	0	0	0	0	0	0	0	R
NMDC20557443	0	0	0	0	0	0	0	0	0	1	R
NMDC20551404	1	0	0	1	0	0	0	0	0	0	R
NMDC20584382	0	0	0	0	0	0	0	0	1	1	R
NMDC20555427	0	0	1	1	1	1	0	0	0	0	R
NMDC20551405	1	0	0	0	0	0	0	0	0	0	R
NMDC20584385	1	0	0	0	0	0	0	0	0	0	R
NMDC20557444	1	0	0	0	0	0	0	0	0	0	R
NMDC20584386	1	0	0	0	0	0	0	0	0	0	R
NMDC20553438	1	0	0	0	0	0	0	0	0	0	R
NMDC20584387	1	0	0	0	0	0	0	0	0	0	R
NMDC20584388	1	0	0	0	0	0	0	0	0	0	R
NMDC20584389	0	0	0	0	0	0	0	0	0	0	R
NMDC20551407	0	0	0	0	0	0	0	0	0	0	R
NMDC20555429	1	0	0	0	0	0	0	0	0	0	R
NMDC20555430	1	0	1	0	0	0	0	0	0	0	R
NMDC20557445	1	0	0	1	1	1	0	0	0	0	R
NMDC20551408	0	0	0	1	1	1	0	0	0	1	R
NMDC20555431	1	0	0	0	0	0	0	0	0	0	R
NMDC20557446	1	0	0	0	0	0	0	0	0	0	R
NMDC20584391	0	0	1	0	0	0	0	0	0	0	R
NMDC20584394	0	0	0	0	0	1	0	0	0	0	R
NMDC20553439	0	1	0	1	0	0	1	0	0	1	R
NMDC20551414	1	0	0	0	0	0	0	0	0	0	R
NMDC20584397	1	0	0	0	0	0	0	0	0	0	R
NMDC20557452	1	1	0	1	0	0	1	0	0	1	R
NMDC20551412	1	0	0	0	0	0	0	0	0	0	R
NMDC20584402	1	1	0	1	0	0	1	0	0	0	R
NMDC20557453	1	0	0	0	0	0	0	0	0	0	R
NMDC20555434	1	0	0	1	0	0	0	0	0	0	R
NMDC20584404	1	0	0	0	0	0	0	0	0	0	R
NMDC20555435	1	0	0	0	0	0	0	0	0	0	R
NMDC20584405	0	0	0	0	0	0	0	1	0	0	R
NMDC20551415	1	0	0	0	0	0	0	0	0	0	R
NMDC20553442	1	0	0	0	0	0	0	0	0	0	R
NMDC20551416	1	0	0	0	0	0	0	0	0	0	R
NMDC20584407	1	0	0	0	0	0	0	0	0	0	R
NMDC20555436	1	0	0	0	0	0	0	0	0	0	R
NMDC20584409	1	0	0	0	0	0	0	0	0	0	R
NMDC20551417	1	0	0	0	0	0	0	0	0	0	R
NMDC20584411	1	0	0	0	0	0	0	0	0	0	R
NMDC20584412	1	0	0	1	0	0	0	0	0	0	R
NMDC20584413	1	0	0	0	0	0	0	0	0	0	R
NMDC20555438	0	0	0	0	0	0	0	0	0	0	R
NMDC20553443	1	0	0	0	0	0	0	0	0	0	R
NMDC20584415	1	0	0	0	0	0	0	0	0	0	R
NMDC20584416	1	0	0	0	0	0	0	0	0	0	R
NMDC20555439	1	0	0	0	0	0	0	0	0	0	R
NMDC20584417	1	0	0	0	0	0	0	0	0	0	R
NMDC20553445	1	0	0	0	0	0	0	0	0	0	R
NMDC20553446	1	0	0	0	0	0	0	0	0	0	R
NMDC20555440	1	0	0	0	0	0	0	0	0	0	R
NMDC20557459	0	0	0	1	0	1	0	1	0	0	R
NMDC20584420	0	0	0	0	0	1	0	0	0	0	R
NMDC20584422	0	0	0	1	0	1	0	0	0	0	R
NMDC20553448	1	0	0	0	0	0	0	0	0	0	R
NMDC20584423	1	0	0	0	0	0	0	0	0	0	R
NMDC20584425	0	1	0	0	0	0	1	0	0	1	R
NMDC20553449	1	0	0	0	0	0	0	0	0	0	R
NMDC20557461	1	0	0	0	0	0	0	0	0	0	R
NMDC20553450	0	0	0	1	1	1	0	0	0	0	R
NMDC20584426	0	0	0	1	1	1	0	0	0	0	R
NMDC20553451	1	0	0	0	0	0	0	0	0	0	R
NMDC20557462	0	0	0	1	0	0	0	0	0	0	R
NMDC20555444	1	0	0	0	0	0	0	0	0	0	R
NMDC20584900	0	0	0	0	0	0	0	0	0	0	R
NMDC20557463	1	0	0	0	0	0	0	0	0	0	R
NMDC20555443	1	0	0	0	0	0	0	0	0	0	R
NMDC20584903	1	0	0	1	0	0	0	0	0	1	R
NMDC20555446	1	1	0	1	0	0	1	0	0	1	R
NMDC20584904	0	1	0	1	0	1	1	0	0	1	R
NMDC20584906	0	0	0	0	0	1	0	0	0	0	R
NMDC20584908	1	1	0	1	0	0	1	0	1	1	R
NMDC20584909	1	0	0	0	0	0	0	0	0	0	R
NMDC20553454	1	0	0	0	0	0	0	0	0	0	R
NMDC20555447	1	0	0	0	0	0	0	0	0	0	R
NMDC20584910	1	0	0	0	0	0	0	0	0	0	R
NMDC20584914	1	1	0	1	0	0	1	0	0	1	R
NMDC20584917	0	1	0	1	0	0	1	0	0	0	R
NMDC20555449	1	0	0	0	0	0	0	0	0	0	R
NMDC20584918	0	1	0	1	0	0	1	0	0	0	R
NMDC20584919	0	1	0	1	0	0	1	0	0	0	R
NMDC20584921	1	0	0	0	0	0	0	0	0	0	R
NMDC20584922	0	1	0	1	0	0	1	0	0	0	R
NMDC20584923	0	1	0	1	0	0	1	0	0	0	R
NMDC20584924	0	1	0	1	0	0	1	0	0	0	R
NMDC20551421	1	0	0	0	0	0	0	0	0	0	R
NMDC20584926	1	0	0	0	0	0	0	0	0	0	R
NMDC20584935	1	0	0	0	0	0	0	0	0	0	R
NMDC20584936	0	0	0	1	1	1	0	0	0	1	R
NMDC20553455	0	1	0	1	0	0	0	0	1	1	R
NMDC20584938	0	0	0	0	0	0	0	0	1	1	R
NMDC20584939	0	1	0	1	0	0	1	0	0	1	R
NMDC20584940	1	0	0	0	0	0	0	0	0	0	R
NMDC20584942	0	0	0	0	0	0	0	1	0	0	R
NMDC20584943	1	0	0	0	0	0	0	0	0	0	R
NMDC20584944	1	0	0	0	0	0	0	0	0	0	R
NMDC20551422	1	0	0	0	0	0	0	0	0	0	R
NMDC20584946	1	0	0	0	0	0	0	0	0	0	R
NMDC20551424	1	0	0	0	0	0	0	0	0	0	R
NMDC20555453	1	0	0	0	0	0	0	0	0	0	R
NMDC20553457	1	0	0	0	0	0	0	0	0	0	R
NMDC20551425	1	0	0	0	0	0	0	0	1	1	R
NMDC20557464	1	0	0	0	0	0	0	0	0	0	R
NMDC20553458	1	0	0	0	0	0	0	0	0	0	R
NMDC20584949	1	1	0	1	0	1	1	0	0	1	R
NMDC20557466	1	0	0	1	0	0	0	0	0	0	R
NMDC20551426	1	0	0	0	0	0	0	0	0	0	R
NMDC20553459	1	1	0	1	0	0	1	0	0	0	R
NMDC20584950	1	0	0	0	0	0	0	0	0	0	R
NMDC20553460	1	0	0	1	0	0	0	0	0	1	R
NMDC20553461	1	0	0	1	0	0	0	0	0	1	R
NMDC20557468	1	0	0	0	0	0	0	0	0	1	R
NMDC20553462	1	0	0	0	0	0	0	0	0	0	R
NMDC20555455	1	0	1	0	0	0	0	0	0	1	R
NMDC20584953	1	0	0	0	0	0	0	0	0	0	R
NMDC20584955	0	0	0	0	0	0	0	0	0	0	R
NMDC20551431	1	0	0	1	0	0	0	0	0	0	R
NMDC20584958	1	0	1	0	0	0	0	0	0	1	R
NMDC20555460	1	1	0	1	0	1	1	0	0	1	R
NMDC20584959	1	0	1	1	0	0	0	0	0	0	R
NMDC20584960	1	0	0	0	0	0	0	0	0	0	R
NMDC20584962	1	0	0	0	0	0	0	0	0	0	R
NMDC20584963	1	0	0	0	0	0	0	0	0	0	R
NMDC20553464	1	0	0	0	0	0	0	0	0	1	R
NMDC20557472	1	0	0	0	0	0	0	0	0	0	R
NMDC20584964	1	1	0	1	0	0	1	0	0	1	R
NMDC20584965	1	1	0	1	0	1	1	0	0	1	R
NMDC20553465	1	0	0	0	0	0	0	0	0	0	R
NMDC20555463	1	0	0	0	0	0	0	0	0	0	R
NMDC20553466	1	0	0	0	0	1	0	0	0	0	R
NMDC20553467	1	0	0	0	0	0	0	0	0	0	R
NMDC20555464	1	0	0	0	0	0	0	0	0	0	R
NMDC20553468	1	0	0	0	0	0	0	0	0	0	R
NMDC20584967	1	0	0	1	0	0	0	0	0	0	R
NMDC20555465	1	0	0	0	0	0	0	0	0	0	R
NMDC20553469	1	0	0	0	0	0	0	0	0	1	R
NMDC20584968	1	0	0	0	0	0	0	0	0	1	R
NMDC20584969	1	0	0	0	0	0	0	0	0	1	R
NMDC20553470	1	0	0	0	0	0	0	0	0	0	R
NMDC20557473	1	0	0	0	0	0	0	0	0	0	R
NMDC20553471	1	0	0	0	0	0	0	0	0	0	R
NMDC20584971	1	1	0	1	0	1	1	0	0	1	R
NMDC20551432	1	0	0	0	0	0	0	0	0	0	R
NMDC20557474	0	1	0	1	0	0	1	0	0	0	R
NMDC20584972	1	0	0	0	0	0	0	0	0	0	R
NMDC20584973	1	0	1	1	0	0	0	0	0	0	R
NMDC20555466	1	0	0	0	0	0	0	0	0	0	R
NMDC20557475	1	0	0	0	0	0	0	0	0	0	R
NMDC20553472	0	0	0	0	0	0	0	0	0	0	R
NMDC20557476	1	0	0	1	0	0	0	0	0	1	R
NMDC20584974	1	0	0	0	0	0	0	0	0	0	R
NMDC20555468	1	0	0	0	0	0	0	0	0	0	R
NMDC20553473	1	0	0	0	0	0	0	0	0	0	R
NMDC20584975	1	0	0	0	0	0	0	0	0	0	R
NMDC20584976	0	0	0	1	0	0	0	0	0	0	R
NMDC20584977	0	0	0	0	0	0	0	0	0	0	R
NMDC20555469	1	0	0	0	0	0	0	0	0	0	R
NMDC20557477	1	0	0	0	0	0	0	0	0	0	R
NMDC20584978	1	0	0	0	0	0	0	0	0	0	R
NMDC20551433	1	0	0	0	0	0	0	0	0	0	R
NMDC20551434	1	0	0	0	0	0	0	0	0	0	R
NMDC20555470	1	0	0	1	0	0	0	0	0	0	R
NMDC20584979	1	0	0	0	0	0	0	0	0	0	R
NMDC20584980	1	0	0	0	0	0	0	0	0	0	R
NMDC20553474	1	0	0	1	0	0	0	0	0	0	R
NMDC20584981	1	0	0	1	0	0	0	0	0	0	R
NMDC20584982	1	0	0	0	0	0	0	0	0	0	R
NMDC20557478	1	0	0	0	0	0	0	0	0	0	R
NMDC20557480	1	0	0	1	0	0	0	0	0	1	R
NMDC20553476	0	0	0	0	0	0	0	1	0	0	R
NMDC20553477	0	0	0	0	0	0	0	1	0	0	R
NMDC20584983	1	0	0	1	0	0	0	0	0	0	R
NMDC20584984	0	0	0	0	0	1	0	0	0	0	R
NMDC20584990	1	0	0	0	0	0	0	0	0	0	R
NMDC20584991	1	0	0	0	0	0	0	0	0	0	R
NMDC20584994	1	1	0	1	0	0	0	0	1	1	R
NMDC20584996	0	0	0	0	0	0	1	0	0	1	R
NMDC20553478	1	0	0	0	0	0	0	0	0	0	R
NMDC20584997	1	0	0	0	0	0	0	0	0	0	R
NMDC20557482	0	0	0	0	0	0	0	0	0	0	R
NMDC20557483	1	0	0	1	0	0	0	0	0	0	R
NMDC20553479	1	0	0	1	0	0	0	0	0	0	R
NMDC20584998	0	0	1	0	0	0	0	0	0	0	R
NMDC20551436	1	0	0	0	0	0	0	0	1	0	R
NMDC20584999	1	0	0	0	0	0	0	0	1	0	R
NMDC20585000	0	0	0	0	0	0	0	0	0	0	R
NMDC20585001	1	0	0	0	0	0	0	0	1	0	R
NMDC20557484	1	0	0	0	0	0	0	0	0	0	R
NMDC20551437	0	0	0	0	0	0	0	0	0	0	R
NMDC20585003	0	0	0	0	0	0	0	0	0	0	R
NMDC20585006	1	0	0	0	0	0	0	0	0	0	R
NMDC20551438	1	0	0	0	0	0	0	0	0	0	R
NMDC20557485	1	0	0	0	0	0	0	0	0	0	R
NMDC20555474	1	0	0	0	0	0	0	0	0	0	R
NMDC20585009	0	1	0	1	0	0	1	0	0	0	R
NMDC20585010	1	0	0	0	0	0	0	0	0	0	R
NMDC20585011	1	0	0	0	0	0	0	0	0	0	R
NMDC20585012	0	0	0	0	0	0	0	0	0	0	R
NMDC20551439	0	0	1	0	0	0	0	0	0	0	R
NMDC20585014	0	0	0	0	0	0	0	0	0	0	R
NMDC20585015	0	0	0	0	0	0	0	0	0	1	R
NMDC20557487	0	0	0	0	0	0	0	0	0	1	R
NMDC20555479	1	0	0	0	0	0	0	0	0	1	R
NMDC20551440	1	0	0	0	0	0	0	0	0	1	R
NMDC20585018	0	0	0	0	0	0	0	0	0	1	R
NMDC20585019	0	0	0	0	0	0	0	0	0	1	R
NMDC20553481	1	0	0	0	0	0	0	0	0	0	R
NMDC20585021	1	0	0	0	0	0	0	0	0	0	R
NMDC20555480	0	0	1	0	0	0	0	0	0	0	R
NMDC20585022	0	0	1	0	0	0	0	0	0	0	R
NMDC20557488	0	0	0	0	0	0	0	0	0	0	R
NMDC20585026	1	0	0	0	0	0	0	0	0	0	R
NMDC20585028	1	0	0	0	0	0	0	0	0	0	R
NMDC20585031	1	0	0	0	0	0	0	0	0	1	R
NMDC20585033	1	0	0	1	0	0	0	0	0	0	R
NMDC20585034	1	1	0	1	0	0	1	0	0	0	R
NMDC20585035	1	0	0	0	0	0	0	0	0	0	R
NMDC20551442	1	0	0	0	0	0	0	0	0	0	R
NMDC20553483	1	0	0	0	0	0	0	0	0	0	R
NMDC20585036	1	0	0	1	0	0	0	0	0	0	R
NMDC20551443	1	0	0	1	1	0	0	0	0	0	R
NMDC20553484	1	0	0	0	0	0	0	0	0	0	R
NMDC20555482	1	0	0	0	0	0	0	0	0	0	R
NMDC20585037	1	0	0	1	0	0	0	0	0	0	R
NMDC20553485	0	0	0	1	1	1	0	0	0	1	R
NMDC20585038	0	0	0	0	0	0	0	0	0	0	R
NMDC20553487	1	0	0	1	0	0	0	0	0	0	R
NMDC20585039	1	0	1	0	0	0	0	0	0	1	R
NMDC20585040	1	0	0	0	0	0	0	0	0	0	R
NMDC20585042	0	1	0	1	0	0	1	0	0	0	R
NMDC20585043	0	1	0	1	1	0	0	0	0	0	R
NMDC20555484	0	0	0	0	0	1	0	0	0	0	R
NMDC20557493	0	1	0	1	1	0	0	0	0	0	R
NMDC20557494	1	0	0	0	0	0	0	0	0	0	R
NMDC20557497	0	0	0	1	1	0	0	0	0	0	R
NMDC20585048	1	0	0	1	0	0	0	0	0	0	R
NMDC20585049	1	0	0	1	0	0	0	0	0	0	R
NMDC20585050	1	0	0	1	0	0	0	0	0	0	R
NMDC20557498	1	0	0	1	0	0	0	0	0	0	R
NMDC20585051	1	0	0	1	0	1	0	0	0	0	R
NMDC20553488	1	0	0	0	0	0	0	0	0	0	R
NMDC20585053	1	1	0	1	0	0	0	0	1	1	R
NMDC20551446	1	0	0	1	0	1	0	0	0	1	R
NMDC20551445	1	0	0	0	0	0	0	0	0	0	R
NMDC20557499	1	0	0	1	0	1	0	0	0	0	R
NMDC20553489	1	0	0	1	0	0	0	0	0	1	R
NMDC20585054	1	0	0	1	1	1	0	0	0	0	R
NMDC20585056	1	0	0	0	0	0	0	0	0	0	R
NMDC20557501	1	0	0	1	0	0	0	0	0	0	R
NMDC20555488	1	0	0	0	0	0	0	0	0	0	R
NMDC20585060	1	0	0	1	0	0	0	0	0	0	R
NMDC20555489	1	0	1	1	0	0	0	0	0	0	R
NMDC20553490	1	0	0	1	0	0	0	0	0	0	R
NMDC20585061	0	1	0	1	0	0	1	0	0	1	R
NMDC20585062	0	0	0	0	0	1	0	0	0	0	R
NMDC20553491	0	0	0	1	0	0	0	0	1	0	R
NMDC20585064	1	0	0	0	0	1	0	0	0	0	R
NMDC20557504	0	0	0	0	0	1	0	0	0	0	R
NMDC20585065	1	0	0	1	0	0	0	0	0	0	R
NMDC20553492	1	0	1	0	0	0	0	0	0	1	R
NMDC20557505	0	1	0	1	1	0	0	0	0	0	R
NMDC20557506	1	0	0	0	0	0	0	0	0	0	R
NMDC20553493	0	0	0	0	0	1	0	0	0	0	R
NMDC20553494	1	0	0	0	0	0	0	0	0	0	R
NMDC20555490	1	0	0	1	0	0	0	0	0	0	R
NMDC20585068	1	0	0	0	0	0	0	0	0	0	R
NMDC20555491	1	0	0	0	0	0	0	0	0	0	R
NMDC20557509	1	0	0	1	0	0	0	0	0	0	R
NMDC20553495	1	0	0	1	0	0	0	0	0	1	R
NMDC20553496	1	0	0	0	0	0	0	0	0	0	R
NMDC20557511	1	0	0	0	0	0	0	0	0	0	R
NMDC20551448	0	0	0	0	0	0	0	0	0	1	R
NMDC20551449	1	0	0	0	0	0	0	0	0	0	R
NMDC20585072	1	0	0	1	0	0	0	0	0	0	R
NMDC20585073	1	0	0	0	0	0	0	0	0	0	R
NMDC20553497	1	0	0	1	0	0	0	0	0	0	R
NMDC20585075	1	0	0	1	0	0	0	0	0	0	R
NMDC20585076	1	0	0	0	0	0	0	0	1	0	R
NMDC20551450	1	0	0	1	0	1	0	0	0	0	R
NMDC20555493	1	0	0	1	0	0	0	0	0	0	R
NMDC20551451	1	0	0	1	0	0	0	0	0	0	R
NMDC20585078	1	0	1	0	0	0	0	0	0	1	R
NMDC20551452	1	0	0	1	0	1	0	0	0	0	R
NMDC20557512	1	0	0	0	0	0	0	0	0	0	R
NMDC20585080	1	0	0	0	0	0	0	0	0	0	R
NMDC20551453	1	0	0	0	0	0	0	0	0	0	R
NMDC20551454	1	0	0	0	0	0	0	0	0	0	R
NMDC20551455	1	0	0	0	0	0	0	0	0	0	R
NMDC20557513	1	0	0	0	0	0	0	0	0	0	R
NMDC20585081	1	0	0	0	0	0	0	0	0	0	R
NMDC20585082	1	0	0	0	0	0	0	0	0	0	R
NMDC20585083	1	0	0	0	0	0	0	0	0	0	R
NMDC20585084	1	0	1	1	0	0	0	0	0	0	R
NMDC20557516	1	0	0	0	0	0	0	0	0	0	R
NMDC20557519	0	1	0	1	0	0	1	0	0	1	R
NMDC20557517	1	0	0	0	0	0	0	0	0	0	R
NMDC20585089	1	0	0	0	0	0	0	0	0	0	R
NMDC20585090	1	0	0	0	0	0	0	0	0	0	R
NMDC20551457	1	0	0	0	0	0	0	0	0	0	R
NMDC20553499	1	0	0	0	0	0	0	0	0	0	R
NMDC20553500	1	0	0	0	0	0	0	0	0	0	R
NMDC20551458	1	0	0	1	0	0	0	0	0	0	R
NMDC20551459	1	0	0	0	0	0	0	0	0	0	R
NMDC20557520	1	0	0	1	0	0	0	0	0	0	R
NMDC20585095	1	0	0	0	0	1	0	0	0	0	R
NMDC20553501	1	0	0	0	0	0	0	0	0	0	R
NMDC20585096	1	0	0	0	0	0	0	0	0	1	R
NMDC20585097	0	1	0	1	1	0	0	0	0	0	R
NMDC20553502	0	0	0	0	0	1	0	0	0	0	R
NMDC20553503	1	0	0	1	0	0	0	0	0	0	R
NMDC20553504	1	0	0	0	0	1	0	0	0	0	R
NMDC20553506	0	0	0	1	0	1	0	0	0	0	R
NMDC20553507	1	0	0	0	0	0	0	0	1	0	R
NMDC20557522	1	0	0	0	0	1	0	0	0	0	R
NMDC20585098	1	0	0	0	0	0	0	0	0	0	R
NMDC20553508	1	0	0	0	0	0	0	0	0	0	R
NMDC20557524	1	0	0	0	0	0	0	0	0	0	R
NMDC20557525	1	0	0	1	0	0	0	0	0	1	R
NMDC20551460	1	0	0	1	0	0	0	0	0	0	R
NMDC20553509	1	0	0	1	0	1	0	0	0	0	R
NMDC20557526	1	0	0	0	0	0	0	0	0	1	R
NMDC20553512	1	0	0	1	0	0	0	0	0	0	R
NMDC20551462	0	0	0	1	1	1	0	0	0	1	R
NMDC20585100	1	0	0	0	0	0	0	0	0	0	R
NMDC20585101	1	1	0	1	0	0	0	0	0	0	R
NMDC20585102	1	0	0	1	0	0	0	0	0	0	R
NMDC20553510	1	0	0	0	0	0	0	0	0	0	R
NMDC20553511	1	0	0	1	0	0	0	0	0	0	R
NMDC20585104	1	0	0	1	0	0	0	0	0	0	R
NMDC20555499	0	0	0	0	0	0	0	0	0	0	R
NMDC20555500	1	0	0	0	0	0	0	0	0	0	R
NMDC20585105	1	0	0	0	0	0	0	0	0	0	R
NMDC20557530	1	0	0	1	1	1	0	0	0	0	R
NMDC20551464	0	0	0	0	0	0	1	0	0	1	R
NMDC20557531	1	0	0	0	0	0	0	0	0	0	R
NMDC20557534	1	0	0	0	0	0	0	0	0	0	R
NMDC20557533	1	0	0	0	0	0	0	0	0	0	R
NMDC20585108	1	0	0	1	0	0	0	0	0	1	R
NMDC20553515	0	1	0	1	0	0	1	0	0	1	R
NMDC20585109	0	0	0	0	0	0	0	0	0	0	R
NMDC20551468	1	0	0	0	0	0	0	0	0	0	R
NMDC20585110	0	0	0	0	0	0	0	0	0	0	R
NMDC20551466	1	1	0	1	0	0	1	0	0	1	R
NMDC20585113	1	0	0	0	0	0	0	0	0	0	R
NMDC20551467	1	0	0	0	0	0	0	0	0	0	R
NMDC20553516	1	0	0	1	0	0	0	0	0	0	R
NMDC20585115	0	0	0	1	0	0	0	0	0	1	R
NMDC20585116	1	0	0	1	0	0	0	0	0	1	R
NMDC20551469	1	1	0	1	0	0	1	0	0	1	R
NMDC20557536	1	0	0	0	0	0	0	0	0	0	R
NMDC20585118	1	0	0	0	0	0	0	0	0	0	R
NMDC20585119	1	0	0	1	0	0	0	0	0	0	R
NMDC20551470	1	0	0	1	0	0	0	0	0	0	R
NMDC20585121	1	0	0	1	0	0	0	0	0	0	R
NMDC20555503	1	0	0	1	0	0	0	0	0	0	R
NMDC20557537	1	0	0	1	0	0	0	0	0	0	R
NMDC20553517	0	0	0	0	0	1	0	0	0	0	R
NMDC20553518	1	0	0	1	0	0	0	0	0	1	R
NMDC20555505	1	0	1	0	0	0	0	0	0	1	R
NMDC20553519	1	0	0	1	0	0	0	0	0	0	R
NMDC20585127	0	1	0	1	0	0	1	0	0	0	R
NMDC20555506	1	0	0	0	0	0	0	0	0	0	R
NMDC20585128	1	0	0	1	0	0	0	0	0	1	R
NMDC20551472	1	0	0	1	0	0	0	0	0	0	R
NMDC20553520	1	0	0	1	0	0	0	0	0	1	R
NMDC20557538	1	0	0	0	0	0	0	0	0	0	R
NMDC20555507	1	0	0	0	0	0	0	0	0	0	R
NMDC20557539	1	0	0	1	0	0	0	0	0	0	R
NMDC20585129	1	0	0	1	0	0	0	0	0	0	R
NMDC20555508	1	0	0	1	0	0	0	0	0	1	R
NMDC20551473	1	0	0	0	0	0	0	0	0	0	R
NMDC20585130	1	0	0	0	0	0	0	0	0	0	R
NMDC20555509	1	0	0	0	0	0	0	0	0	1	R
NMDC20555511	1	0	0	1	1	1	0	0	0	0	R
NMDC20553523	0	0	0	1	0	1	0	0	0	0	R
NMDC20553524	1	0	0	0	0	0	0	0	0	0	R
NMDC20555512	1	0	0	0	0	0	0	0	0	0	R
NMDC20551475	1	0	0	1	0	0	0	0	0	1	R
NMDC20557544	1	0	0	1	0	0	0	0	0	1	R
NMDC20553526	0	1	0	1	0	0	0	0	0	0	R
NMDC20555514	1	0	0	1	0	0	0	0	0	1	R
NMDC20555516	0	1	0	1	1	0	0	0	0	0	R
NMDC20585138	1	0	0	1	0	0	0	0	0	0	R
NMDC20557548	1	0	0	1	0	0	0	0	0	0	R
NMDC20555515	1	0	0	1	0	0	0	0	0	0	R
NMDC20557549	1	0	0	1	0	0	0	0	0	0	R
NMDC20551476	1	0	0	0	0	0	0	0	0	0	R
NMDC20555517	1	0	0	1	1	1	0	0	0	0	R
NMDC20551477	1	0	0	0	0	0	0	0	0	1	R
NMDC20585142	1	0	0	0	0	0	0	0	0	0	R
NMDC20585143	1	0	0	0	0	0	0	0	0	0	R
NMDC20585144	1	0	0	0	0	0	0	0	0	0	R
NMDC20553527	1	0	0	0	0	0	0	0	0	0	R
NMDC20555519	1	0	0	0	0	0	0	0	0	0	R
NMDC20585147	0	0	0	0	0	0	0	0	1	1	R
NMDC20553528	1	0	0	1	0	0	0	0	0	0	R
NMDC20551479	1	0	0	0	0	1	0	0	0	0	R
NMDC20585149	1	0	0	0	0	0	0	0	0	0	R
NMDC20585150	1	0	0	0	0	0	0	0	0	0	R
NMDC20551480	1	0	0	1	0	0	0	0	0	1	R
NMDC20557551	1	0	0	1	0	0	0	0	0	0	R
NMDC20557552	1	0	0	1	0	0	0	0	0	0	R
NMDC20553530	1	0	0	0	0	0	0	0	0	0	R
NMDC20585151	1	0	0	0	0	0	0	0	0	0	R
NMDC20551481	1	0	0	0	0	0	0	0	0	0	R
NMDC20557554	1	0	0	0	0	0	0	0	0	0	R
NMDC20551485	1	0	0	0	0	0	0	0	0	0	R
NMDC20585155	1	0	0	1	0	0	0	0	0	0	R
NMDC20551482	1	0	0	1	0	0	0	0	0	1	R
NMDC20553531	1	0	0	1	0	0	0	0	0	1	R
NMDC20553532	0	0	0	1	1	1	0	0	0	0	R
NMDC20557555	1	0	0	0	0	0	0	0	0	0	R
NMDC20551484	1	0	0	0	0	0	0	0	0	0	R
NMDC20553533	1	0	0	1	0	0	0	0	0	0	R
NMDC20585156	1	0	0	1	0	0	0	0	0	0	R
NMDC20555521	1	0	0	0	0	0	0	0	0	0	R
NMDC20557565	1	0	0	0	0	0	0	0	0	1	R
NMDC20585157	1	0	0	1	0	0	0	0	0	0	R
NMDC20585158	1	0	0	1	0	0	0	0	0	0	R
NMDC20551486	1	0	0	1	0	0	0	0	0	1	R
NMDC20585159	1	0	0	0	0	0	0	0	0	0	R
NMDC20551487	1	0	0	0	0	0	0	0	0	0	R
NMDC20585160	1	0	0	0	0	0	1	0	0	1	R
NMDC20555522	1	0	0	1	0	0	0	0	0	0	R
NMDC20557556	1	0	0	1	0	0	0	0	0	1	R
NMDC20555524	1	0	0	0	0	0	0	0	0	0	R
NMDC20555523	1	0	0	1	0	0	0	0	0	0	R
NMDC20553534	1	0	0	0	0	0	0	0	0	0	R
NMDC20585161	1	0	0	0	0	0	0	0	0	0	R
NMDC20585163	1	0	0	0	0	0	0	0	0	0	R
NMDC20585164	0	0	1	1	1	0	0	0	0	1	R
NMDC20555525	1	0	0	1	0	0	0	0	0	0	R
NMDC20585165	1	0	0	1	0	0	0	0	0	0	R
NMDC20557559	0	0	0	0	0	0	0	0	0	0	R
NMDC20551493	1	0	0	0	0	0	0	0	0	0	R
NMDC20585166	1	0	0	0	0	0	0	0	0	0	R
NMDC20585167	0	0	0	0	0	0	0	0	1	0	R
NMDC20585168	0	0	0	0	0	0	0	0	0	0	R
NMDC20585169	1	0	0	0	0	0	0	0	0	0	R
NMDC20585170	1	0	0	1	0	0	0	0	0	0	R
NMDC20555527	0	1	0	1	1	0	0	0	0	0	R
NMDC20555528	0	1	0	1	1	0	0	0	0	0	R
NMDC20551494	1	0	0	1	0	0	0	0	0	0	R
NMDC20557561	1	0	0	1	0	0	0	0	0	0	R
NMDC20553537	1	0	0	1	0	0	0	0	0	0	R
NMDC20553538	1	0	0	1	0	0	0	0	0	0	R
NMDC20585173	1	0	0	0	0	0	0	0	0	0	R
NMDC20585174	1	0	0	0	0	0	0	0	0	0	R
NMDC20585175	1	0	0	1	0	0	0	0	0	1	R
NMDC20585176	0	0	0	0	0	0	0	0	0	0	R
NMDC20555530	1	0	0	1	0	0	0	0	0	0	R
NMDC20585178	1	0	0	1	0	0	0	0	0	0	R
NMDC20585180	1	0	0	1	0	0	0	0	0	1	R
NMDC20585182	1	0	0	0	0	0	0	0	0	0	R
NMDC20555532	0	0	0	0	0	1	0	0	0	0	R
NMDC20585184	1	0	0	0	0	1	0	0	0	0	R
NMDC20585185	1	0	0	1	0	0	0	0	0	0	R
NMDC20585188	1	0	1	0	0	0	0	0	0	0	R
NMDC20585189	1	0	0	1	1	1	0	0	0	0	R
NMDC20555536	0	1	0	1	1	0	0	0	0	0	R
NMDC20585191	1	0	0	1	0	0	0	0	0	0	R
NMDC20585192	1	0	0	0	0	0	0	0	0	0	R
NMDC20551499	0	1	0	1	0	0	1	0	0	1	R
NMDC20551500	0	1	0	1	1	0	0	0	0	0	R
NMDC20585195	1	0	0	1	0	0	0	0	0	0	R
NMDC20555538	1	0	0	1	0	0	0	0	0	0	R
NMDC20585196	1	0	0	1	0	0	0	0	0	0	R
NMDC20585197	0	1	0	1	1	0	0	0	0	0	R
NMDC20557564	1	0	0	1	0	0	0	0	0	0	R
NMDC20585198	1	0	0	0	0	0	0	0	0	0	R
NMDC20555537	1	0	0	0	0	0	0	0	0	0	R
NMDC20585199	0	0	0	0	0	1	0	0	0	0	R
NMDC20585200	1	0	1	1	0	0	0	0	0	0	R
NMDC20585201	1	0	0	0	0	0	0	0	0	0	R
NMDC20557566	1	0	0	0	0	0	0	0	0	0	R
NMDC20585205	1	0	1	0	0	0	0	0	0	1	R
NMDC20585206	1	0	0	0	0	0	0	0	0	0	R
NMDC20555539	1	0	0	1	0	0	0	0	0	0	R
NMDC20555540	1	0	0	1	0	0	0	0	0	0	R
NMDC20585207	1	0	0	1	0	0	0	0	0	1	R
NMDC20551503	1	0	0	1	0	0	0	0	0	0	R
NMDC20555541	0	0	0	1	0	0	1	0	0	1	R
NMDC20585208	1	1	0	1	0	0	1	0	0	1	R
NMDC20553546	1	0	0	0	0	0	0	0	0	1	R
NMDC20585209	1	0	0	1	1	1	0	0	0	0	R
NMDC20551505	1	0	0	1	0	0	0	0	0	0	R
NMDC20585210	0	0	0	1	1	0	0	0	0	0	R
NMDC20585211	1	0	0	1	0	0	0	0	0	0	R
NMDC20557571	1	0	0	1	0	0	0	0	0	0	R
NMDC20551507	1	0	0	0	1	0	0	0	0	0	R
NMDC20585213	1	0	0	0	0	0	0	0	0	0	R
NMDC20557569	1	0	0	1	0	0	0	0	0	0	R
NMDC20557570	1	0	0	1	0	0	0	0	0	1	R
NMDC20585215	1	0	1	1	0	0	0	0	0	0	R
NMDC20553547	0	0	0	0	0	0	0	0	1	1	R
NMDC20585216	0	1	0	1	1	0	0	0	0	0	R
NMDC20553551	1	0	0	1	0	0	0	0	0	1	R
NMDC20553548	0	1	0	1	1	0	0	0	0	0	R
NMDC20553549	1	0	0	0	0	0	0	0	0	0	R
NMDC20555542	1	0	0	1	0	0	0	0	0	1	R
NMDC20555543	0	0	0	0	0	0	0	0	0	0	R
NMDC20551508	1	0	0	1	0	0	0	0	0	1	R
NMDC20585217	1	0	0	0	0	0	0	0	0	0	R
NMDC20557572	1	0	0	1	0	0	0	0	0	0	R
NMDC20557573	0	0	0	1	1	0	1	0	0	1	R
NMDC20551509	1	0	0	0	0	0	0	0	0	0	R
NMDC20553550	1	0	0	1	0	0	0	0	0	1	R
NMDC20585218	1	0	0	0	0	0	0	0	0	0	R
NMDC20551510	1	0	0	0	0	0	0	0	0	0	R
NMDC20551511	1	0	0	0	0	0	0	0	0	0	R
NMDC20555544	1	0	0	1	0	0	0	0	0	0	R
NMDC20555545	1	0	0	1	0	0	0	0	0	1	R
NMDC20551512	0	1	0	1	0	0	1	0	0	1	R
NMDC20555546	1	0	0	1	0	0	0	0	0	0	R
NMDC20585220	1	0	0	0	0	0	0	0	0	0	R
NMDC20555547	1	0	0	0	0	0	0	0	0	0	R
NMDC20551514	1	1	0	1	0	0	1	0	0	1	R
NMDC20553553	1	0	0	1	0	0	0	0	0	0	R
NMDC20557574	1	0	0	0	0	0	0	0	0	0	R
NMDC20585221	1	0	0	0	0	0	0	0	0	0	R
NMDC20585222	1	0	0	1	0	1	0	0	0	1	R
NMDC20553554	1	0	0	1	0	0	0	0	0	1	R
NMDC20585224	1	1	0	1	0	0	0	0	1	1	R
NMDC20557575	0	1	0	1	0	0	1	0	0	1	R
NMDC20555551	0	0	0	0	0	0	0	0	0	1	R
NMDC20557576	1	0	0	1	0	0	0	0	0	1	R
NMDC20555548	1	0	1	0	0	0	0	0	0	0	R
NMDC20553555	1	0	0	0	0	0	0	0	0	0	R
NMDC20585226	1	0	0	0	0	1	0	0	0	0	R
NMDC20557577	1	0	1	0	0	0	0	0	0	0	R
NMDC20557579	1	0	0	0	0	0	0	0	0	0	R
NMDC20585228	0	0	0	0	0	1	0	0	0	0	R
NMDC20551515	1	1	0	1	0	0	1	0	0	0	R
NMDC20553557	1	0	0	0	0	0	0	0	0	0	R
NMDC20557580	0	0	0	1	0	0	0	0	0	0	R
NMDC20557581	0	0	0	1	0	0	0	0	0	0	R
NMDC20557582	1	0	0	0	0	0	0	0	0	0	R
NMDC20551516	0	0	0	0	0	0	0	0	0	0	R
NMDC20555554	0	0	0	0	0	0	1	0	0	1	R
NMDC20557585	0	0	0	0	0	0	0	0	0	0	R
NMDC20555556	1	0	0	0	0	1	0	0	0	0	R
NMDC20555557	1	1	0	1	0	0	0	0	1	1	R
NMDC20557586	1	1	0	1	0	0	1	0	1	0	R
NMDC20557587	0	0	0	0	0	0	0	0	0	0	R
NMDC20553558	1	0	0	1	0	0	1	0	0	1	R
NMDC20557588	1	0	0	0	0	0	0	0	0	0	R
NMDC20553559	1	0	0	0	0	1	0	0	0	0	R
NMDC20551517	0	1	0	1	0	0	1	0	0	1	R
NMDC20557589	1	1	0	1	0	0	0	0	1	1	R
NMDC20553561	1	0	0	1	0	0	0	0	0	0	R
NMDC20557590	1	1	0	1	0	0	1	0	0	1	R
NMDC20557592	0	0	0	1	0	0	0	0	0	1	R
NMDC20555560	0	0	0	0	0	0	0	0	0	0	R
NMDC20553562	0	0	0	0	0	0	0	0	0	0	R
NMDC20585234	0	0	0	0	0	0	0	0	0	0	R
NMDC20551518	0	0	0	0	0	0	0	0	1	0	R
NMDC20585235	0	0	0	0	0	0	1	0	0	1	R
NMDC20555561	0	0	0	0	0	0	1	0	0	1	R
NMDC20585236	0	0	0	0	0	0	0	0	0	0	R
NMDC20555562	0	0	0	0	0	0	0	0	0	0	R
NMDC20585237	1	0	0	0	0	0	0	0	0	0	R
NMDC20555563	1	0	0	1	0	0	0	0	0	0	R
NMDC20585238	1	0	0	1	0	0	0	0	0	0	R
NMDC20557596	1	0	0	0	0	0	0	0	0	0	R
NMDC20585240	0	1	0	1	0	0	1	0	0	1	R
NMDC20585241	0	0	0	0	0	0	0	0	0	0	R
NMDC20585242	1	0	0	0	0	0	0	0	0	0	R
NMDC20585243	1	0	0	1	0	0	0	0	0	0	R
NMDC20585244	1	0	0	1	0	1	0	0	0	0	R
NMDC20551519	1	0	0	1	0	0	0	0	0	0	R
NMDC20555564	0	1	0	1	0	0	1	0	0	1	R
NMDC20557597	1	1	0	1	0	0	0	0	1	1	R
NMDC20551522	1	0	1	1	0	0	0	0	0	0	R
NMDC20585245	0	0	0	0	0	0	1	0	0	1	R
NMDC20553564	0	0	0	1	1	1	0	0	0	0	R
NMDC20557599	0	0	0	1	1	1	0	0	0	0	R
NMDC20555566	1	1	0	1	0	0	0	0	1	1	R
NMDC20585246	1	0	0	0	0	0	0	0	0	0	R
NMDC20557601	1	0	0	0	0	0	0	0	0	0	R
NMDC20585247	1	0	0	0	0	1	0	0	0	0	R
NMDC20557602	1	0	0	0	0	0	0	0	0	0	R
NMDC20553566	1	0	0	1	0	0	0	0	0	1	R
NMDC20551526	0	1	0	1	0	0	1	0	0	1	R
NMDC20585248	0	0	0	0	0	0	0	0	1	1	R
NMDC20557604	0	0	0	0	0	1	0	0	0	0	R
NMDC20551527	1	0	0	0	0	0	0	0	0	0	R
NMDC20585249	1	0	0	1	0	0	0	0	0	0	R
NMDC20553569	1	0	0	1	0	0	0	0	0	1	R
NMDC20557605	0	0	0	0	0	0	1	0	0	1	R
NMDC20553570	1	0	0	1	0	0	0	0	0	1	R
NMDC20585253	1	0	0	1	0	0	0	0	0	1	R
NMDC20585257	1	0	0	0	0	0	0	0	0	1	R
NMDC20553571	1	0	1	0	0	1	0	0	0	1	R
NMDC20585258	1	0	1	0	0	0	0	0	0	1	R
NMDC20551528	1	0	0	0	0	0	0	0	0	0	R
NMDC20557606	1	0	0	0	0	0	0	0	0	0	R
NMDC20585270	1	0	0	0	0	0	0	0	0	0	R
NMDC20585275	0	0	0	0	0	0	0	0	0	0	R
NMDC20553574	0	0	1	0	0	0	0	0	0	0	R
NMDC20555568	0	0	0	1	0	1	0	0	0	0	R
NMDC20585281	1	0	0	0	0	0	0	0	0	0	R
NMDC20557608	0	0	0	0	0	1	0	0	0	0	R
NMDC20585284	1	0	0	0	0	0	0	0	0	0	R
NMDC20553575	1	0	0	0	0	0	0	0	0	0	R
NMDC20585285	1	0	1	0	0	0	0	0	0	1	R
NMDC20585287	0	1	0	1	0	0	0	0	1	1	R
NMDC20585288	1	0	0	0	0	0	0	0	0	0	R
NMDC20555570	0	1	0	1	0	0	1	0	0	0	R
NMDC20585293	0	1	0	1	0	0	1	0	0	0	R
NMDC20585300	0	1	0	1	0	0	1	0	0	0	R
NMDC20585301	0	1	0	1	0	0	1	0	0	0	R
NMDC20585306	1	0	0	1	0	0	0	0	0	0	R
NMDC20555571	1	0	0	1	0	0	0	0	0	0	R
NMDC20585310	0	0	0	0	0	0	0	0	1	0	R
NMDC20551537	1	0	0	1	0	0	0	0	0	1	R
NMDC20553579	0	0	0	0	0	0	0	0	0	0	R
NMDC20555573	0	1	0	1	0	0	0	0	1	1	R
NMDC20585320	1	1	0	1	0	1	0	0	0	1	R
NMDC20553580	1	1	0	1	0	0	0	0	1	1	R
NMDC20551538	1	0	0	0	0	0	0	0	0	0	R
NMDC20585322	0	1	0	1	0	0	1	0	0	1	R
NMDC20555674	1	0	0	0	0	0	0	0	0	0	R
NMDC20557701	1	0	0	0	0	0	0	0	0	0	R
NMDC20585719	0	0	0	1	1	0	0	0	0	0	R
NMDC20585720	1	0	0	0	0	0	0	0	0	0	R
NMDC20557706	1	0	0	0	0	0	0	0	0	0	R
NMDC20557703	1	0	0	0	0	0	0	0	0	0	R
NMDC20555675	1	0	0	1	0	0	0	0	0	0	R
NMDC20585722	1	0	0	0	0	0	0	0	0	0	R
NMDC20555676	1	0	0	1	0	0	0	0	0	0	R
NMDC20585723	1	0	0	0	0	0	0	0	0	0	R
NMDC20557705	1	0	0	0	0	0	0	0	0	0	R
NMDC20555677	1	0	0	0	0	0	0	0	0	0	R
NMDC20553674	1	0	0	0	0	0	0	0	0	0	R
NMDC20585725	0	0	0	0	0	0	0	0	0	0	R
NMDC20553675	1	0	0	0	0	0	0	0	1	0	R
NMDC20585726	0	0	0	0	0	0	0	0	0	0	R
NMDC20585727	1	0	0	0	0	0	0	0	0	0	R
NMDC20585728	1	0	0	1	0	0	0	0	0	1	R
NMDC20585729	0	0	0	0	0	0	0	0	1	1	R
NMDC20585730	1	0	0	0	0	0	0	0	0	0	R
NMDC20585731	1	0	0	0	0	0	0	0	0	0	R
NMDC20551639	1	0	0	0	0	0	0	0	0	0	R
NMDC20555678	1	0	0	0	0	0	0	0	0	0	R
NMDC20555679	1	0	0	0	0	0	0	0	0	0	R
NMDC20555681	0	0	0	0	0	0	0	1	0	0	R
NMDC20555682	1	0	0	0	0	0	0	0	0	0	R
NMDC20585734	1	0	0	0	0	0	0	0	0	0	R
NMDC20551644	0	0	0	0	0	0	0	0	0	0	R
NMDC20553676	1	0	0	0	0	0	0	0	0	0	R
NMDC20551641	1	0	0	0	0	0	0	0	0	0	R
NMDC20551642	1	0	0	0	0	0	0	0	0	0	R
NMDC20553678	1	0	0	1	0	0	0	0	0	0	R
NMDC20551643	1	0	0	0	0	0	0	0	0	0	R
NMDC20585737	1	0	0	1	0	0	0	0	0	1	R
NMDC20585739	1	0	0	0	0	0	0	0	0	0	R
NMDC20557707	1	0	0	0	0	0	0	0	0	0	R
NMDC20585741	1	0	0	0	0	0	0	0	0	0	R
NMDC20555684	1	0	0	0	0	0	0	0	0	0	R
NMDC20585743	1	0	0	0	0	0	0	0	0	0	R
NMDC20555685	1	0	0	0	0	0	0	0	0	0	R
NMDC20557708	1	0	0	1	0	0	0	0	0	1	R
NMDC20585744	1	0	0	0	0	0	0	0	0	0	R
NMDC20585746	1	0	0	0	0	0	0	0	0	0	R
NMDC20585748	1	0	0	0	0	0	0	0	0	0	R
NMDC20555686	0	0	0	0	0	0	0	0	0	1	R
NMDC20551648	0	0	0	0	0	0	0	0	0	0	R
NMDC20585749	1	0	0	0	0	0	0	0	0	0	R
NMDC20555687	1	0	0	0	0	0	0	0	0	0	R
NMDC20585750	1	0	0	0	0	0	0	0	0	0	R
NMDC20557710	1	0	0	0	0	0	0	0	0	0	R
NMDC20585751	1	0	0	0	0	0	0	0	0	0	R
NMDC20585752	1	0	0	0	0	0	0	0	0	0	R
NMDC20585753	1	0	0	0	0	0	0	0	0	1	R
NMDC20557711	1	0	0	1	1	1	0	0	0	0	R
NMDC20585754	1	0	0	0	0	0	0	0	0	0	R
NMDC20551649	1	0	0	0	0	0	0	0	0	0	R
NMDC20551650	1	0	0	0	0	0	0	0	0	0	R
NMDC20553680	1	0	0	0	0	0	0	0	0	0	R
NMDC20585758	0	0	0	0	0	0	0	1	0	0	R
NMDC20585759	1	0	0	0	0	0	0	0	0	0	R
NMDC20553681	0	0	0	1	1	0	0	0	0	0	R
NMDC20555689	1	0	0	1	0	0	0	0	0	0	R
NMDC20557713	1	0	0	0	0	0	0	0	0	0	R
NMDC20585760	1	0	0	0	0	0	0	0	0	0	R
NMDC20553682	1	0	0	0	0	0	0	0	0	0	R
NMDC20585761	1	0	0	0	0	0	0	0	0	0	R
NMDC20555691	1	0	0	0	0	0	0	0	0	0	R
NMDC20557714	1	1	0	1	0	0	1	0	1	0	R
NMDC20585764	1	0	0	0	0	0	0	0	0	0	R
NMDC20553684	1	0	0	1	0	0	0	0	0	1	R
NMDC20551655	0	0	0	0	0	0	0	1	0	0	R
NMDC20555692	0	0	0	0	0	0	0	1	0	0	R
NMDC20555693	0	0	0	0	0	0	0	1	0	0	R
NMDC20551657	1	0	0	0	0	0	0	0	0	0	R
NMDC20557715	0	0	0	0	0	0	0	1	0	0	R
NMDC20557716	1	0	0	0	0	0	0	0	1	0	R
NMDC20585765	1	0	0	0	0	0	0	0	0	0	R
NMDC20553685	1	0	0	0	0	0	0	0	0	0	R
NMDC20557717	1	0	0	0	0	0	0	0	0	0	R
NMDC20551656	1	0	0	0	0	0	0	0	0	0	R
NMDC20551658	1	0	0	0	0	0	0	0	0	0	R
NMDC20585769	1	0	0	0	0	0	0	0	0	0	R
NMDC20555696	1	0	0	1	0	0	0	0	0	0	R
NMDC20553686	1	0	0	0	0	0	0	0	0	0	R
NMDC20555697	1	0	0	0	0	0	0	0	0	0	R
NMDC20585770	0	0	0	0	0	0	0	0	1	1	R
NMDC20555699	1	0	0	0	0	0	0	0	0	0	R
NMDC20551660	1	0	0	0	0	0	0	0	0	0	R
NMDC20551662	0	1	0	1	1	0	0	0	0	0	R
NMDC20555698	1	0	0	0	0	0	0	0	0	0	R
NMDC20557721	1	0	0	0	0	0	0	0	0	0	R
NMDC20555700	1	0	0	0	0	0	0	0	0	0	R
NMDC20585774	1	0	0	0	0	0	0	0	0	0	R
NMDC20585776	1	0	0	0	0	0	0	0	0	0	R
NMDC20553687	1	0	0	0	0	0	0	0	0	0	R
NMDC20553688	1	0	0	0	0	0	0	0	0	0	R
NMDC20551663	1	0	0	0	0	0	0	0	0	0	R
NMDC20585779	1	0	0	0	0	0	0	0	0	0	R
NMDC20557722	1	0	0	0	0	0	0	0	0	0	R
NMDC20557723	1	0	0	0	0	0	0	0	1	0	R
NMDC20555702	1	0	0	0	0	0	0	0	0	0	R
NMDC20585782	1	0	0	0	0	0	0	0	0	0	R
NMDC20553691	1	0	0	0	0	0	0	0	0	0	R
NMDC20585784	1	0	0	0	0	0	0	0	0	0	R
NMDC20585785	1	0	0	0	0	0	0	0	0	0	R
NMDC20551666	1	0	0	0	0	0	0	0	0	0	R
NMDC20585786	0	0	0	0	0	0	0	0	0	0	R
NMDC20553693	1	0	0	0	0	0	0	0	0	0	R
NMDC20585788	1	0	0	0	0	0	0	0	0	0	R
NMDC20553695	1	0	0	0	0	0	0	0	0	0	R
NMDC20585791	1	0	0	0	0	0	0	0	0	0	R
NMDC20585792	1	0	0	0	0	0	0	0	0	0	R
NMDC20555704	0	0	0	1	0	1	0	1	0	0	R
NMDC20555705	0	0	0	1	0	1	0	1	0	0	R
NMDC20555706	0	0	0	1	0	1	0	1	0	0	R
NMDC20585793	1	1	0	1	0	0	1	0	0	0	R
NMDC20555707	1	1	0	1	0	0	1	0	0	0	R
NMDC20551668	1	0	0	0	0	0	0	0	0	0	R
NMDC20555708	1	0	0	1	0	0	0	0	0	0	R
NMDC20557727	1	1	0	1	0	0	1	0	0	0	R
NMDC20557730	1	0	0	1	0	0	0	0	0	0	R
NMDC20557728	1	0	0	0	0	0	0	0	0	0	R
NMDC20555710	1	0	0	0	0	0	0	0	0	0	R
NMDC20585795	1	0	0	0	0	0	0	0	0	0	R
NMDC20557729	1	0	0	0	0	0	0	0	0	0	R
NMDC20555711	1	0	0	0	0	0	0	0	0	0	R
NMDC20585797	1	0	0	0	0	0	0	0	0	0	R
NMDC20557731	1	0	0	0	0	0	0	0	0	0	R
NMDC20557732	1	0	0	0	0	0	0	0	0	0	R
NMDC20555712	1	0	0	0	0	0	0	0	0	0	R
NMDC20585800	1	0	0	0	0	0	0	0	0	0	R
NMDC20553698	1	0	0	0	0	0	0	0	0	0	R
NMDC20585803	1	0	0	1	0	0	0	0	0	0	R
NMDC20585804	1	0	0	1	0	0	0	0	0	0	R
NMDC20555713	1	0	0	0	0	0	0	0	0	0	R
NMDC20585805	1	0	0	0	0	0	0	0	0	0	R
NMDC20553700	1	0	0	0	0	0	0	0	0	0	R
NMDC20551672	1	0	0	0	0	0	0	0	0	0	R
NMDC20551673	1	0	0	0	0	0	0	0	0	0	R
NMDC20553701	1	0	0	0	0	0	0	0	0	0	R
NMDC20585807	1	0	0	0	0	0	0	0	0	0	R
NMDC20557735	0	0	0	0	0	0	0	1	0	0	R
NMDC20585811	1	0	0	0	0	0	0	0	0	1	R
NMDC20555715	1	0	0	0	0	0	0	0	0	0	R
NMDC20585813	0	1	0	1	0	0	1	0	0	1	R
NMDC20585814	1	0	0	0	1	0	0	0	0	0	R
NMDC20551677	1	1	0	1	0	0	0	0	1	1	R
NMDC20553706	1	0	0	0	0	0	0	0	0	0	R
NMDC20585817	1	0	0	0	0	0	0	0	0	0	R
NMDC20585818	1	0	0	0	0	0	0	0	1	0	R
NMDC20551679	0	0	0	0	0	1	0	0	0	0	R
NMDC20585820	1	0	0	0	0	0	0	0	0	0	R
NMDC20551680	0	1	0	1	0	0	1	0	0	1	R
NMDC20585821	1	0	0	0	0	0	0	0	0	0	R
NMDC20551681	0	0	1	0	0	0	0	0	0	0	R
NMDC20585826	1	0	0	1	0	0	0	0	0	0	R
NMDC20551682	1	0	0	0	0	0	0	0	0	0	R
NMDC20585827	0	0	0	1	0	0	0	0	0	0	R
NMDC20557736	1	0	0	0	0	0	0	0	0	0	R
NMDC20557737	0	0	0	0	0	0	0	0	0	0	R
NMDC20553707	1	0	0	0	0	0	0	0	0	0	R
NMDC20551684	1	1	0	1	0	0	0	0	1	1	R
NMDC20551685	0	0	0	1	0	0	0	0	0	0	R
NMDC20551686	1	0	0	0	0	0	0	0	0	0	R
NMDC20551687	1	0	0	1	0	0	0	0	0	0	R
NMDC20585829	1	0	0	0	0	0	1	0	0	1	R
NMDC20557738	1	0	0	0	0	0	0	0	0	0	R
NMDC20553709	0	0	0	1	1	0	0	0	0	0	R
NMDC20585837	1	0	0	0	0	0	0	0	0	0	R
NMDC20585838	0	0	1	0	0	0	0	0	0	0	R
NMDC20585839	1	0	0	0	0	0	0	0	0	0	R
NMDC20585840	0	0	0	0	0	0	0	0	0	0	R
NMDC20585842	0	0	0	0	0	0	0	0	0	0	R
NMDC20585847	0	1	0	1	0	0	0	0	1	1	R
NMDC20585849	1	0	0	0	0	0	0	0	0	0	R
NMDC20585850	0	0	0	0	0	0	0	0	0	0	R
NMDC20585851	1	0	0	0	0	0	0	0	0	0	R
NMDC20585852	1	0	0	1	0	0	0	0	0	0	R
NMDC20585853	0	0	1	0	0	0	0	0	0	0	R
NMDC20585855	0	0	1	0	0	0	0	0	0	0	R
NMDC20585856	1	0	0	0	0	0	0	0	0	0	R
NMDC20585857	0	0	0	0	0	0	0	0	0	1	R
NMDC20585858	1	0	0	0	0	0	0	0	0	1	R
NMDC20585860	1	0	0	0	0	0	0	0	0	0	R
NMDC20585861	1	0	0	0	0	0	0	0	0	0	R
NMDC20585863	0	0	0	0	0	0	0	0	0	0	R
NMDC20585864	1	0	0	0	0	0	0	0	0	0	R
NMDC20585867	1	0	0	0	0	0	0	0	0	0	R
NMDC20585870	1	0	0	0	0	0	0	0	0	0	R
NMDC20585871	1	0	0	0	0	0	0	0	0	0	R
NMDC20585876	0	0	0	0	0	1	0	0	0	0	R
NMDC20585879	1	0	0	0	0	0	0	0	0	0	R
NMDC20585880	1	0	0	0	0	1	0	0	0	0	R
NMDC20585881	0	0	0	1	0	0	0	0	0	0	R
NMDC20555719	1	0	0	0	0	0	0	0	0	0	R
NMDC20557740	1	0	0	0	0	0	0	0	0	1	R
NMDC20585886	1	0	0	0	0	0	0	0	0	0	R
NMDC20553713	0	1	0	1	0	0	0	0	1	1	R
NMDC20585889	1	1	0	0	0	0	1	0	1	0	R
NMDC20585891	1	0	0	0	0	0	0	0	0	0	R
NMDC20551694	1	0	0	0	0	0	0	0	0	0	R
NMDC20555721	0	0	1	0	0	0	0	0	0	0	R
NMDC20555722	1	0	0	1	0	0	0	0	0	1	R
NMDC20555723	1	0	0	0	0	0	0	0	0	0	R
NMDC20585895	1	0	0	0	0	0	0	0	0	0	R
NMDC20555725	1	0	0	1	0	0	0	0	0	0	R
NMDC20557753	0	0	0	1	1	1	0	0	0	1	R
NMDC20553716	0	1	0	1	0	0	0	0	0	0	R
NMDC20551695	1	0	0	1	0	0	0	0	0	1	R
NMDC20585897	1	0	0	0	0	0	0	0	0	0	R
NMDC20585898	1	0	0	1	0	0	0	0	0	1	R
NMDC20585902	0	1	1	1	1	0	0	0	0	0	R
NMDC20555728	0	1	0	1	0	0	0	1	0	0	R
NMDC20585903	1	0	0	1	0	0	0	0	0	0	R
NMDC20585904	1	0	0	1	0	0	0	0	0	0	R
NMDC20585905	1	0	0	0	0	0	0	0	0	0	R
NMDC20551696	1	0	0	0	0	0	0	0	0	0	R
NMDC20557744	1	0	0	1	0	0	0	0	0	1	R
NMDC20585906	1	0	0	0	0	0	0	0	0	0	R
NMDC20585907	1	0	0	1	0	0	0	0	0	0	R
NMDC20585909	1	0	0	0	0	0	0	0	0	0	R
NMDC20555730	1	0	0	0	0	0	0	0	0	0	R
NMDC20585910	1	0	0	0	0	0	0	0	0	0	R
NMDC20585911	1	0	0	0	0	0	0	0	0	0	R
NMDC20557745	0	1	0	1	0	0	1	0	0	0	R
NMDC20585912	1	0	0	1	0	0	0	0	0	0	R
NMDC20551698	0	0	0	0	0	0	1	0	0	1	R
NMDC20585913	0	0	0	0	0	0	0	0	1	1	R
NMDC20557746	1	0	0	0	0	0	0	0	0	0	R
NMDC20551699	1	0	0	0	0	0	0	0	0	0	R
NMDC20551700	1	0	0	0	0	0	0	0	0	0	R
NMDC20585917	1	0	0	1	0	0	0	0	0	1	R
NMDC20555734	1	0	0	1	0	0	0	0	0	1	R
NMDC20551703	1	0	0	0	0	0	0	0	0	0	R
NMDC20557747	1	0	0	0	0	0	0	0	0	0	R
NMDC20555733	1	0	0	0	0	0	0	0	0	0	R
NMDC20557748	0	0	1	0	0	0	0	0	0	0	R
NMDC20585920	1	0	0	1	0	0	0	0	0	0	R
NMDC20555735	1	0	0	0	0	0	0	0	0	0	R
NMDC20551704	1	0	0	1	0	0	0	0	0	1	R
NMDC20557749	1	0	0	0	0	0	0	0	0	0	R
NMDC20553721	1	0	0	1	0	0	0	0	0	0	R
NMDC20553724	0	0	0	1	0	0	1	0	0	1	R
NMDC20553722	1	0	0	1	0	0	0	0	0	1	R
NMDC20553723	1	0	0	1	0	0	0	0	0	0	R
NMDC20551706	0	0	0	1	1	1	0	0	0	1	R
NMDC20551707	1	0	0	0	0	0	0	0	1	0	R
NMDC20551708	1	0	0	1	0	0	0	0	0	0	R
NMDC20553725	1	0	0	1	0	0	0	0	0	0	R
NMDC20553726	0	0	0	0	0	0	0	0	1	1	R
NMDC20555738	1	0	0	0	0	0	0	0	0	0	R
NMDC20555739	0	0	0	0	0	0	0	0	0	0	R
NMDC20585926	0	0	0	0	0	0	1	0	0	1	R
NMDC20585928	1	0	0	0	0	0	1	0	0	1	R
NMDC20553727	1	0	0	0	0	0	0	0	0	0	R
NMDC20557756	1	0	0	0	0	0	0	0	0	0	R
NMDC20555741	1	0	0	0	0	0	0	0	0	0	R
NMDC20585930	1	0	0	0	0	0	0	0	0	0	R
NMDC20557755	1	0	0	0	0	0	0	0	0	0	R
NMDC20555742	1	0	0	0	0	0	0	0	0	0	R
NMDC20585931	1	0	0	0	0	0	0	0	0	0	R
NMDC20555743	1	0	0	0	0	0	0	0	0	0	R
NMDC20557757	1	0	0	1	0	0	0	0	0	1	R
NMDC20557758	1	0	0	0	0	0	0	0	0	0	R
NMDC20585934	0	0	0	0	0	0	0	0	0	1	R
NMDC20585935	0	0	0	0	0	0	0	0	0	0	R
NMDC20553729	1	0	0	0	0	0	0	0	0	0	R
NMDC20557759	1	0	0	1	0	0	0	0	0	0	R
NMDC20551713	1	0	0	0	0	0	0	0	0	0	R
NMDC20553730	1	0	0	0	0	0	0	0	0	0	R
NMDC20585936	0	1	0	1	1	0	0	0	0	0	R
NMDC20551715	0	0	0	0	0	0	0	0	0	0	R
NMDC20555744	1	0	0	0	0	0	0	0	0	0	R
NMDC20555745	0	0	0	0	0	0	0	0	0	0	R
NMDC20585937	1	0	0	0	0	0	0	0	0	0	R
NMDC20585938	0	1	0	1	0	0	1	0	0	1	R
NMDC20553733	1	0	0	0	0	0	0	0	0	0	R
NMDC20553734	1	0	0	0	0	0	0	0	0	0	R
NMDC20585944	1	0	0	0	0	0	0	0	0	0	R
NMDC20551719	1	0	0	0	0	0	0	0	0	0	R
NMDC20585946	1	0	0	0	0	0	0	0	0	0	R
NMDC20585947	1	0	0	1	1	1	0	0	0	0	R
NMDC20557764	1	0	0	1	0	0	0	0	0	0	R
NMDC20553735	1	0	0	1	0	0	0	0	0	0	R
NMDC20585948	1	0	0	0	0	0	0	0	0	0	R
NMDC20585949	1	0	0	1	0	0	0	0	0	0	R
NMDC20585950	1	0	0	0	0	0	0	0	0	0	R
NMDC20553737	1	0	0	0	0	0	0	0	0	0	R
NMDC20553738	1	0	1	0	0	0	0	0	0	1	R
NMDC20551720	1	0	0	0	0	0	0	0	0	1	R
NMDC20557765	0	0	0	0	0	0	0	0	0	0	R
NMDC20557766	1	0	0	0	0	0	0	0	0	0	R
NMDC20553739	1	0	0	0	0	0	0	0	0	0	R
NMDC20585953	0	0	1	0	0	0	0	0	0	0	R
NMDC20585954	1	0	0	1	0	0	0	0	0	0	R
NMDC20585955	1	0	0	0	0	0	0	0	0	0	R
NMDC20557768	1	0	0	0	0	0	0	0	0	0	R
NMDC20551722	1	0	0	0	0	0	0	0	0	0	R
NMDC20553740	1	0	0	0	0	0	0	0	0	0	R
NMDC20585956	0	0	0	0	0	0	0	0	0	0	R
NMDC20551724	1	0	0	1	0	0	0	0	0	0	R
NMDC20551725	1	0	0	0	0	0	0	0	0	0	R
NMDC20553741	0	0	1	1	0	0	0	0	0	0	R
NMDC20585958	1	0	0	0	0	0	0	0	0	0	R
NMDC20557769	1	0	0	1	0	0	0	0	0	0	R
NMDC20551727	1	0	0	0	0	0	0	0	0	0	R
NMDC20555749	1	0	0	0	0	0	0	0	0	0	R
NMDC20585959	1	0	0	1	0	0	0	0	0	1	R
NMDC20555750	1	0	0	0	0	0	0	0	0	0	R
NMDC20585961	0	0	0	0	0	0	0	0	0	0	R
NMDC20585962	1	0	0	0	0	0	0	0	0	0	R
NMDC20555751	0	0	0	1	1	1	0	0	0	1	R
NMDC20585964	1	0	0	0	0	0	0	0	0	0	R
NMDC20585965	1	0	0	1	1	0	0	0	0	0	R
NMDC20585966	1	0	0	1	0	0	0	0	0	1	R
NMDC20553743	1	0	0	1	0	0	0	0	0	1	R
NMDC20553742	1	0	0	1	0	0	0	0	0	0	R
NMDC20557770	1	0	0	0	0	0	0	0	0	0	R
NMDC20585968	1	0	0	0	0	0	0	0	0	0	R
NMDC20557771	0	0	0	0	0	0	0	0	0	0	R
NMDC20555754	1	0	0	1	0	0	0	0	0	0	R
NMDC20553746	1	0	0	1	0	0	0	0	0	1	R
NMDC20585969	1	0	0	0	0	0	0	0	0	0	R
NMDC20557772	0	1	0	0	0	0	0	0	1	0	R
NMDC20557773	1	0	0	1	0	0	1	0	0	1	R
NMDC20553744	1	0	0	0	0	0	0	0	0	0	R
NMDC20557774	1	0	0	1	0	0	0	0	0	0	R
NMDC20553745	1	0	0	1	0	0	0	0	0	0	R
NMDC20585972	0	0	0	0	0	0	0	0	0	0	R
NMDC20557775	1	0	0	0	0	0	0	0	0	0	R
NMDC20585973	1	0	0	1	0	0	0	0	0	1	R
NMDC20585975	1	1	0	1	0	1	1	0	0	1	R
NMDC20551730	1	0	0	0	0	0	0	0	0	0	R
NMDC20555757	1	0	0	0	0	0	0	0	0	0	R
NMDC20551731	1	0	0	0	0	0	0	0	0	0	R
NMDC20553748	1	0	0	1	0	1	0	0	0	0	R
NMDC20585978	0	0	0	0	0	0	0	0	0	0	R
NMDC20557777	1	0	0	1	0	0	0	0	0	0	R
NMDC20585980	1	0	1	1	0	0	0	0	0	0	R
NMDC20585981	0	1	0	1	0	0	1	0	0	1	R
NMDC20551732	1	0	0	1	0	0	0	0	0	0	R
NMDC20557780	1	0	0	1	0	0	0	0	0	0	R
NMDC20551734	1	1	0	1	0	0	0	0	0	1	R
NMDC20555758	1	0	1	0	0	0	0	0	0	0	R
NMDC20557781	1	0	1	0	0	0	0	0	0	1	R
NMDC20585984	1	0	0	0	0	0	0	0	1	0	R
NMDC20553751	1	0	0	0	0	0	0	0	0	0	R
NMDC20585986	0	0	0	1	0	0	0	0	0	0	R
NMDC20585989	1	0	0	0	0	0	0	0	0	0	R
NMDC20585990	1	0	0	0	0	0	0	0	0	0	R
NMDC20551739	1	0	0	0	0	0	1	0	1	1	R
NMDC20557782	1	0	1	0	0	0	0	0	0	0	R
NMDC20555759	1	0	0	1	0	0	0	0	0	0	R
NMDC20555760	0	0	0	0	0	1	0	0	0	0	R
NMDC20585992	1	0	0	0	0	0	0	0	1	0	R
NMDC20585994	1	0	0	1	0	0	0	0	0	0	R
NMDC20551741	0	0	0	0	0	0	1	0	0	1	R
NMDC20585998	1	0	0	0	0	0	0	0	1	0	R
NMDC20585999	1	0	0	0	0	0	0	0	0	0	R
NMDC20586000	1	0	0	0	0	0	0	0	0	0	R
NMDC20586006	1	0	0	0	0	0	0	0	0	1	R
NMDC20557786	1	0	0	0	0	0	0	0	0	0	R
NMDC20557788	1	1	0	1	0	0	1	0	1	1	R
NMDC20557787	1	0	0	0	0	0	0	0	0	0	R
NMDC20557789	1	0	0	0	0	0	0	0	0	0	R
NMDC20586010	0	0	0	1	0	0	0	0	0	0	R
NMDC20586011	1	0	0	1	0	0	0	0	0	0	R
NMDC20551745	1	0	0	0	0	0	0	0	0	0	R
NMDC20551746	1	0	0	1	0	0	0	0	0	0	R
NMDC20586015	0	0	0	0	0	0	0	0	0	0	R
NMDC20553758	1	0	0	1	0	0	1	0	0	1	R
NMDC20586016	1	0	0	0	0	0	0	0	0	0	R
NMDC20557792	0	0	0	1	0	0	0	0	0	0	R
NMDC20555766	1	0	1	0	0	0	0	0	0	1	R
NMDC20555768	1	0	0	0	0	0	0	0	0	0	R
NMDC20586018	0	0	0	1	0	1	0	0	0	0	R
NMDC20555769	1	0	0	0	0	0	0	0	0	0	R
NMDC20551748	0	0	0	1	0	0	0	0	0	1	R
NMDC20553760	1	0	0	0	0	0	0	0	0	0	R
NMDC20553761	1	0	0	0	0	0	0	0	0	0	R
NMDC20551752	1	0	0	0	0	0	0	0	0	0	R
NMDC20551751	1	0	0	0	0	0	0	0	0	0	R
NMDC20553764	1	0	0	0	0	0	0	0	0	0	R
NMDC20553767	0	1	0	1	0	0	1	0	0	0	R
NMDC20557793	1	0	0	1	0	0	0	0	0	1	R
NMDC20586023	0	0	0	0	0	1	0	0	0	0	R
NMDC20555772	1	0	0	0	0	0	0	0	0	0	R
NMDC20586029	1	0	0	0	0	0	0	0	0	1	R
NMDC20586056	1	0	0	1	0	0	0	0	0	1	R
NMDC20586059	0	1	0	1	0	0	1	0	0	1	R
NMDC20586064	1	0	0	0	0	0	0	0	0	0	R
NMDC20586071	1	0	0	0	0	0	0	0	0	0	R
NMDC20586074	0	0	0	1	0	0	0	0	0	0	R
NMDC20586076	1	0	0	0	0	0	0	0	0	0	R
NMDC20586077	1	0	0	0	0	0	0	0	0	0	R
NMDC20586078	1	0	0	0	0	0	0	0	0	0	R
NMDC20586080	1	0	0	0	0	0	0	0	0	0	R
NMDC20586081	1	0	0	0	0	0	0	0	1	0	R
NMDC20586082	0	0	0	1	0	1	1	0	0	1	R
NMDC20586084	1	0	0	0	0	0	0	0	0	0	R
NMDC20586085	1	0	0	0	0	0	0	0	0	0	R
NMDC20586093	1	0	0	0	0	0	0	0	0	0	R
NMDC20586095	1	0	0	0	0	0	0	0	0	0	R
NMDC20586096	0	0	0	1	0	0	0	0	0	0	R
NMDC20586097	1	0	0	0	0	0	0	0	0	0	R
NMDC20586100	0	0	0	0	0	0	0	0	0	0	R
NMDC20557794	1	0	0	0	0	0	0	0	0	0	R
NMDC20586103	1	0	0	0	0	0	0	0	0	0	R
NMDC20557795	1	0	0	1	1	1	0	0	0	0	R
NMDC20551757	1	0	0	0	0	0	0	0	0	0	R
NMDC20555775	1	1	0	1	0	0	0	0	1	1	R
NMDC20553771	1	0	0	0	0	0	0	0	0	0	R
NMDC20586104	1	0	0	0	0	0	0	0	0	0	R
NMDC20555776	1	0	0	0	0	0	0	0	0	0	R
NMDC20551758	1	0	0	0	0	0	0	0	0	0	R
NMDC20553773	1	0	0	1	0	0	0	0	0	0	R
NMDC20551759	1	0	1	1	0	0	0	0	0	1	R
NMDC20557797	1	1	0	1	0	0	0	0	1	1	R
NMDC20555777	0	0	0	1	0	0	0	0	1	0	R
NMDC20586108	0	1	0	1	0	0	1	0	0	1	R
NMDC20555778	1	1	0	1	0	0	1	0	0	1	R
NMDC20557801	1	0	0	1	0	0	0	0	0	0	R
NMDC20551760	0	0	0	0	0	0	0	0	0	0	R
NMDC20586109	1	0	0	1	0	0	0	0	0	0	R
NMDC20586110	1	0	1	0	0	0	0	0	0	1	R
NMDC20557798	1	0	0	0	0	0	0	0	0	0	R
NMDC20557799	1	0	1	0	0	0	0	0	0	1	R
NMDC20586111	1	0	0	1	0	0	0	0	0	0	R
NMDC20553774	1	0	0	1	0	0	0	0	0	0	R
NMDC20555779	1	0	0	0	0	0	0	0	0	0	R
NMDC20557800	1	0	0	0	0	0	0	0	0	0	R
NMDC20551761	1	0	0	0	0	0	0	0	0	0	R
NMDC20586112	1	0	0	0	0	1	0	0	0	0	R
NMDC20553775	0	1	0	1	0	0	1	0	0	0	R
NMDC20555780	1	0	0	0	0	1	0	0	0	0	R
NMDC20555783	1	0	0	0	0	0	0	0	0	0	R
NMDC20557802	0	1	0	1	0	0	1	0	0	1	R
NMDC20586113	0	0	0	1	0	0	0	0	0	0	R
NMDC20586114	1	0	0	0	0	0	0	0	0	0	R
NMDC20555784	1	0	1	0	0	0	0	0	0	1	R
NMDC20557804	1	0	0	1	0	1	0	0	0	0	R
NMDC20551762	0	1	0	1	0	0	0	0	1	0	R
NMDC20553778	1	0	0	0	0	0	0	0	0	0	R
NMDC20555785	0	1	0	1	0	0	1	0	0	1	R
NMDC20557805	1	1	0	1	0	0	0	0	0	1	R
NMDC20586116	1	0	0	0	0	0	1	0	0	1	R
NMDC20586117	0	1	0	1	0	0	1	0	0	1	R
NMDC20551763	0	0	0	0	0	0	0	0	0	0	R
NMDC20555787	1	1	0	0	0	0	0	0	1	1	R
NMDC20586118	1	0	0	0	0	0	0	0	0	1	R
NMDC20555788	0	0	0	0	0	0	0	0	0	0	R
NMDC20555789	1	0	0	1	0	0	0	0	0	1	R
NMDC20551766	0	1	0	1	0	0	0	0	1	1	R
NMDC20551767	1	0	0	0	0	1	0	0	0	0	R
NMDC20555790	1	0	0	0	0	0	0	0	0	0	R
NMDC20586124	1	0	0	0	0	0	0	0	0	0	R
NMDC20555791	1	0	0	0	0	0	0	0	1	1	R
NMDC20557807	1	0	0	0	0	0	0	0	0	0	R
NMDC20557808	1	0	0	1	0	0	0	0	0	1	R
NMDC20555792	0	0	0	0	0	0	1	0	0	1	R
NMDC20553781	1	0	0	0	0	0	0	0	1	0	R
NMDC20586128	1	0	0	0	0	0	0	0	1	0	R
NMDC20555793	0	0	0	0	0	0	0	0	0	0	R
NMDC20555794	1	0	0	0	0	0	0	0	1	0	R
NMDC20553782	1	1	0	0	1	0	0	0	0	0	R
NMDC20557809	1	0	1	0	0	0	0	0	0	1	R
NMDC20551771	1	0	0	1	0	0	0	0	0	0	R
NMDC20551773	1	1	0	1	0	0	1	0	0	1	R
NMDC20586131	1	0	0	1	0	0	0	0	0	0	R
NMDC20586132	1	0	0	1	0	0	0	0	0	1	R
NMDC20555798	1	0	1	0	0	0	0	0	0	1	R
NMDC20557811	1	0	0	0	0	0	0	0	0	0	R
NMDC20553785	1	0	0	0	0	0	0	0	0	0	R
NMDC20557810	1	0	0	0	0	0	0	0	0	1	R
NMDC20551775	1	0	0	1	0	0	0	0	0	0	R
NMDC20551776	1	0	0	0	0	0	0	0	0	0	R
NMDC20553787	0	0	0	0	0	0	0	0	0	0	R
NMDC20551777	0	0	0	1	0	1	0	0	0	0	R
NMDC20586139	1	0	0	1	0	0	0	0	0	0	R
NMDC20586141	1	0	0	0	0	0	0	0	0	0	R
NMDC20557812	1	0	0	0	0	0	0	0	0	0	R
NMDC20551779	0	0	0	0	0	0	0	0	0	1	R
NMDC20586142	1	0	0	0	0	0	0	0	0	0	R
NMDC20586145	0	0	0	0	0	0	0	0	0	1	R
NMDC20586146	1	0	0	1	1	0	0	0	0	1	R
NMDC20551780	1	0	0	0	0	0	0	0	0	0	R
NMDC20586147	1	0	0	0	0	0	0	0	1	0	R
NMDC20586149	1	0	1	0	0	0	0	0	0	1	R
NMDC20553789	0	0	0	0	0	0	1	0	0	1	R
NMDC20557813	1	0	0	0	0	1	0	0	0	0	R
NMDC20557814	0	0	0	0	0	0	1	0	0	1	R
NMDC20555801	1	0	0	0	0	0	0	0	0	0	R
NMDC20586151	1	0	0	0	0	0	0	0	0	0	R
NMDC20551781	0	0	0	0	0	0	1	0	0	1	R
NMDC20586153	1	0	0	1	0	0	0	0	0	0	R
NMDC20551796	0	0	0	1	0	0	0	0	0	1	R
NMDC20586154	1	0	0	1	0	0	0	0	0	0	R
NMDC20586155	1	0	0	1	0	0	0	0	0	0	R
NMDC20586156	1	0	0	1	0	0	0	0	0	0	R
NMDC20553791	1	0	0	1	0	0	0	0	0	0	R
NMDC20555803	0	1	0	1	0	0	1	0	0	1	R
NMDC20553792	1	0	0	1	0	0	0	0	0	0	R
NMDC20586157	1	0	0	1	0	0	0	0	0	0	R
NMDC20586158	1	0	0	1	0	0	0	0	0	1	R
NMDC20555806	0	0	0	0	0	0	0	0	0	0	R
NMDC20586162	0	0	0	0	0	0	0	1	0	0	R
NMDC20586163	1	0	0	1	0	0	0	0	0	0	R
NMDC20586164	0	0	0	0	0	0	0	1	0	0	R
NMDC20557820	0	0	0	0	0	0	0	1	0	0	R
NMDC20557821	0	0	0	0	0	0	0	1	0	0	R
NMDC20586165	0	0	0	0	0	0	0	1	0	0	R
NMDC20551784	0	0	0	0	0	0	0	1	0	0	R
NMDC20553795	0	0	0	0	0	0	0	1	0	0	R
NMDC20553796	1	0	0	0	0	0	0	0	0	0	R
NMDC20555807	1	0	0	0	0	0	0	0	0	0	R
NMDC20553797	1	0	0	0	0	0	0	0	0	0	R
NMDC20586166	1	0	0	1	0	0	0	0	0	0	R
NMDC20586167	0	0	0	0	0	0	0	1	0	0	R
NMDC20555809	0	0	0	0	0	0	0	1	0	0	R
NMDC20586169	1	0	0	1	0	0	0	0	0	0	R
NMDC20557822	1	0	0	1	0	0	0	0	0	1	R
NMDC20586170	1	0	0	0	0	1	0	0	0	0	R
NMDC20586171	0	0	0	0	0	0	0	1	0	0	R
NMDC20553798	0	0	0	0	0	0	0	1	0	0	R
NMDC20557824	1	0	0	1	0	0	0	0	0	0	R
NMDC20553799	1	0	0	1	1	0	1	0	0	1	R
NMDC20586172	0	1	0	1	0	0	1	0	0	0	R
NMDC20555810	0	0	0	0	0	0	0	0	0	0	R
NMDC20586173	1	0	0	1	0	0	0	0	0	0	R
NMDC20586174	0	0	0	0	0	0	0	0	0	0	R
NMDC20586175	1	0	0	1	0	0	0	0	0	0	R
NMDC20555812	0	1	0	1	0	0	1	0	0	1	R
NMDC20553801	1	0	0	1	0	0	0	0	0	0	R
NMDC20553807	1	0	0	0	0	0	0	0	0	0	R
NMDC20551785	1	0	0	1	0	0	0	0	0	0	R
NMDC20553803	0	0	0	0	0	0	0	1	0	0	R
NMDC20553804	0	0	0	0	0	0	0	1	0	0	R
NMDC20557825	1	0	0	1	0	0	0	0	0	0	R
NMDC20553806	0	0	0	1	0	0	1	0	0	1	R
NMDC20586177	1	0	0	0	0	0	0	0	0	0	R
NMDC20551786	1	0	0	0	0	0	0	0	0	0	R
NMDC20557827	1	0	0	0	0	0	0	0	0	0	R
NMDC20586179	0	0	0	0	0	0	0	1	0	0	R
NMDC20551789	0	0	0	0	0	0	0	1	0	0	R
NMDC20551790	0	0	0	0	0	0	0	1	0	0	R
NMDC20555814	0	0	0	0	0	0	0	1	0	0	R
NMDC20557826	0	0	0	0	0	0	0	1	0	0	R
NMDC20553808	1	0	0	0	0	0	0	0	0	0	R
NMDC20586181	1	0	0	1	0	0	0	0	0	1	R
NMDC20553809	1	0	1	0	0	0	0	0	0	1	R
NMDC20557828	1	0	0	0	0	0	0	0	0	0	R
NMDC20553810	1	0	0	1	0	0	0	0	0	0	R
NMDC20557830	1	0	0	0	0	0	0	0	0	0	R
NMDC20553812	1	0	1	0	0	0	0	0	0	1	R
NMDC20586185	1	0	0	0	0	0	0	0	0	0	R
NMDC20553811	1	0	0	0	0	0	0	0	0	0	R
NMDC20555816	1	0	0	1	0	0	0	0	0	0	R
NMDC20555817	1	0	0	1	0	0	0	0	0	0	R
NMDC20586188	1	0	0	0	0	0	0	0	0	0	R
NMDC20557831	1	0	0	1	0	0	0	0	0	1	R
NMDC20551791	1	0	0	0	0	0	0	0	0	0	R
NMDC20586190	0	1	0	1	0	0	1	0	0	0	R
NMDC20551792	1	0	0	1	0	1	0	0	0	1	R
NMDC20555818	0	0	0	0	0	0	1	0	0	1	R
NMDC20555819	0	0	0	0	0	0	0	0	0	0	R
NMDC20551794	0	0	0	0	0	0	0	1	0	0	R
NMDC20551795	1	0	0	1	0	0	0	0	0	1	R
NMDC20551800	0	1	0	1	0	0	0	0	1	1	R
NMDC20551797	1	0	0	0	0	0	0	0	0	1	R
NMDC20555821	1	0	0	0	0	0	0	0	0	1	R
NMDC20555822	1	0	0	0	0	0	0	0	0	0	R
NMDC20557832	1	0	0	0	0	0	0	0	0	0	R
NMDC20551799	0	0	0	0	0	0	0	0	0	0	R
NMDC20557834	1	0	0	1	0	0	0	0	0	0	R
NMDC20586194	1	0	0	0	0	0	0	0	0	1	R
NMDC20586195	1	0	0	0	0	0	0	0	0	0	R
NMDC20555823	1	0	0	0	0	0	0	0	0	0	R
NMDC20553814	1	0	0	0	0	0	0	0	0	0	R
NMDC20551801	1	0	0	0	0	0	0	0	0	0	R
NMDC20555824	1	0	0	0	0	0	0	0	0	1	R
NMDC20586198	1	0	0	0	0	0	0	0	0	0	R
NMDC20586199	0	0	0	0	0	0	0	1	0	0	R
NMDC20557836	1	0	0	1	0	0	0	0	0	1	R
NMDC20555825	0	1	0	1	1	0	0	0	0	0	R
NMDC20551803	1	0	0	0	0	0	0	0	0	0	R
NMDC20551804	1	0	0	0	0	0	0	0	0	1	R
NMDC20555826	1	0	0	0	0	0	0	0	0	0	R
NMDC20586204	1	0	0	0	0	0	0	0	0	0	R
NMDC20557837	0	0	0	0	0	1	0	0	0	1	R
NMDC20557838	1	0	1	0	0	0	0	0	0	0	R
NMDC20557839	1	0	0	1	0	0	0	0	0	0	R
NMDC20551805	1	0	0	0	0	0	0	0	0	0	R
NMDC20557842	0	0	0	1	0	0	0	0	0	0	R
NMDC20586209	1	0	0	0	0	0	0	0	0	0	R
NMDC20586211	1	0	0	1	0	0	0	0	0	0	R
NMDC20586213	1	0	0	1	0	0	0	0	0	1	R
NMDC20557841	1	0	0	0	0	0	0	0	0	0	R
NMDC20553821	1	0	0	1	0	0	0	0	0	0	R
NMDC20586214	1	0	1	0	0	1	0	0	0	1	R
NMDC20586215	1	0	0	1	0	0	0	0	1	0	R
NMDC20553819	1	0	0	1	0	0	0	0	1	0	R
NMDC20586216	0	0	0	1	0	1	0	0	0	1	R
NMDC20553820	1	0	0	0	0	0	0	0	0	0	R
NMDC20586218	1	0	0	1	0	0	0	0	0	0	R
NMDC20555829	1	0	0	0	0	0	0	0	0	0	R
NMDC20586219	0	0	0	0	0	0	0	0	0	0	R
NMDC20555827	1	0	0	0	0	1	0	0	0	0	R
NMDC20555828	1	0	0	1	0	1	0	0	0	0	R
NMDC20557845	1	0	0	0	0	0	0	0	0	0	R
NMDC20551809	1	0	0	1	0	0	0	0	0	0	R
NMDC20586221	1	0	0	0	0	0	0	0	0	0	R
NMDC20586222	0	0	0	0	0	0	0	0	0	0	R
NMDC20555830	1	0	0	0	0	0	0	0	0	0	R
NMDC20555831	1	0	0	1	0	0	0	0	0	0	R
NMDC20586223	1	0	0	1	0	0	0	0	0	0	R
NMDC20551811	1	0	0	0	0	0	0	0	0	0	R
NMDC20586224	1	0	0	0	0	0	0	0	0	0	R
NMDC20553824	1	0	0	1	0	0	0	0	0	1	R
NMDC20557847	1	0	0	0	0	0	0	0	0	0	R
NMDC20555852	1	0	0	0	0	0	0	0	0	0	R
NMDC20555833	0	1	0	1	1	0	0	0	0	0	R
NMDC20586226	1	0	0	1	0	0	0	0	0	0	R
NMDC20551812	0	1	0	1	0	0	1	0	0	0	R
NMDC20551814	1	0	0	0	0	0	0	0	0	0	R
NMDC20586227	1	0	0	1	0	0	0	0	0	0	R
NMDC20586228	1	0	0	1	0	0	0	0	0	1	R
NMDC20551816	0	0	0	1	1	1	0	0	0	0	R
NMDC20555832	1	0	0	0	0	0	0	0	0	0	R
NMDC20557848	1	0	0	0	0	0	0	0	0	0	R
NMDC20586229	1	0	0	1	0	0	0	0	0	0	R
NMDC20553826	1	0	0	0	0	0	0	0	0	0	R
NMDC20555834	0	1	0	1	1	0	0	0	0	0	R
NMDC20586231	1	0	0	1	1	1	0	0	0	0	R
NMDC20586232	1	0	0	1	0	0	0	0	0	0	R
NMDC20557849	1	0	0	1	0	0	0	0	0	0	R
NMDC20586234	1	0	0	1	0	0	0	0	0	1	R
NMDC20553827	1	0	0	0	0	0	0	0	1	0	R
NMDC20586235	1	0	0	1	0	0	0	0	0	1	R
NMDC20551817	0	0	0	1	1	0	0	0	0	0	R
NMDC20551818	1	0	0	1	0	0	0	0	0	1	R
NMDC20586237	0	0	0	1	1	0	0	0	0	0	R
NMDC20586239	0	0	0	1	1	0	0	0	0	0	R
NMDC20586240	1	0	0	0	0	0	0	0	0	0	R
NMDC20586241	1	0	0	0	0	0	0	0	0	0	R
NMDC20557851	1	0	0	1	0	0	0	0	0	0	R
NMDC20586242	1	0	0	1	0	0	0	0	0	1	R
NMDC20555839	1	0	0	1	0	0	0	0	0	0	R
NMDC20557852	1	0	0	0	0	0	0	0	0	0	R
NMDC20551819	1	0	0	1	0	0	0	0	0	0	R
NMDC20586244	0	0	0	0	0	0	0	0	0	0	R
NMDC20586245	1	0	0	0	0	0	0	0	0	0	R
NMDC20553832	1	0	0	1	0	0	0	0	0	0	R
NMDC20551820	1	0	0	1	0	1	0	0	0	0	R
NMDC20586249	1	0	0	0	0	0	0	0	0	0	R
NMDC20586250	1	0	0	1	0	0	0	0	0	0	R
NMDC20551823	1	0	0	1	0	0	0	0	0	0	R
NMDC20555844	1	0	0	1	0	0	0	0	0	0	R
NMDC20555846	1	0	0	0	0	0	0	0	0	0	R
NMDC20553834	0	0	0	1	0	0	1	0	0	1	R
NMDC20557856	1	0	0	1	0	0	0	0	0	0	R
NMDC20586252	1	0	0	0	0	0	0	0	0	0	R
NMDC20555848	0	0	0	0	0	0	0	0	0	0	R
NMDC20557858	1	0	0	1	0	0	0	0	0	0	R
NMDC20553835	1	0	0	1	0	0	0	0	0	0	R
NMDC20586253	1	0	0	0	0	0	0	0	0	0	R
NMDC20555847	1	0	0	1	0	1	0	0	0	0	R
NMDC20553837	1	0	0	0	0	0	0	0	0	0	R
NMDC20553838	1	0	0	0	0	0	0	0	0	0	R
NMDC20551824	1	0	0	0	0	0	0	0	0	1	R
NMDC20551827	0	0	0	0	0	0	0	0	0	0	R
NMDC20551825	1	0	0	1	0	0	0	0	0	1	R
NMDC20557860	1	0	0	0	0	0	0	0	0	1	R
NMDC20557861	1	0	0	0	0	0	0	0	0	0	R
NMDC20586256	1	0	0	0	0	0	0	0	0	1	R
NMDC20555849	0	0	0	1	0	0	1	0	0	1	R
NMDC20551826	0	1	0	1	1	0	0	0	0	0	R
NMDC20557862	1	0	0	1	0	0	0	0	0	1	R
NMDC20553840	0	1	0	1	0	0	0	0	1	1	R
NMDC20586261	1	0	0	0	0	0	1	0	0	1	R
NMDC20586262	1	0	0	0	0	0	0	0	0	0	R
NMDC20553841	1	0	0	1	0	0	0	0	0	0	R
NMDC20586263	0	0	0	0	0	0	0	0	0	0	R
NMDC20586264	1	0	0	0	0	0	0	0	0	0	R
NMDC20551830	1	0	0	1	0	0	0	0	0	0	R
NMDC20551831	0	0	0	1	1	0	0	0	0	0	R
NMDC20586265	1	0	0	0	0	0	0	0	0	0	R
NMDC20586266	1	0	0	1	0	0	0	0	0	0	R
NMDC20557863	0	0	0	1	0	0	0	0	0	0	R
NMDC20557864	1	0	0	0	0	0	0	0	0	0	R
NMDC20586268	0	0	0	0	0	0	0	0	0	0	R
NMDC20557865	1	0	0	0	0	0	0	0	0	0	R
NMDC20586269	1	0	0	0	0	0	0	0	0	0	R
NMDC20555855	1	0	1	1	0	0	0	0	0	0	R
NMDC20555857	1	0	0	0	0	0	0	0	0	0	R
NMDC20557866	1	0	0	0	0	0	0	0	0	0	R
NMDC20553846	1	0	0	0	0	0	0	0	0	0	R
NMDC20551832	1	1	0	1	0	0	1	0	1	0	R
NMDC20586275	1	0	0	1	0	0	0	0	0	0	R
NMDC20551833	1	0	0	0	0	0	0	0	0	0	R
NMDC20586277	1	0	0	0	0	0	0	0	0	0	R
NMDC20553847	1	0	0	0	0	0	0	0	0	0	R
NMDC20586278	1	0	0	1	0	0	0	0	0	0	R
NMDC20551835	1	0	0	0	0	0	0	0	0	0	R
NMDC20586280	0	1	0	1	1	0	0	0	0	0	R
NMDC20553848	1	0	0	1	0	0	0	0	0	0	R
NMDC20586282	1	0	0	1	0	0	0	0	0	0	R
NMDC20555861	1	0	1	0	0	0	0	0	0	0	R
NMDC20551836	1	0	0	1	0	0	0	0	0	0	R
NMDC20555862	1	0	0	0	0	0	0	0	0	0	R
NMDC20586284	1	0	0	0	0	0	0	0	0	0	R
NMDC20557867	1	0	0	1	0	0	0	0	0	0	R
NMDC20586285	0	0	0	0	0	0	0	0	0	0	R
NMDC20553849	0	0	0	0	0	0	0	0	0	0	R
NMDC20551837	1	0	0	1	0	0	0	0	0	0	R
NMDC20551838	1	0	0	1	0	0	0	0	0	0	R
NMDC20557869	1	0	0	1	0	0	0	0	0	0	R
NMDC20586287	0	1	0	1	0	0	1	0	0	0	R
NMDC20551839	1	0	0	0	0	0	0	0	0	0	R
NMDC20586288	1	0	0	1	0	0	0	0	0	0	R
NMDC20586289	1	1	0	1	0	0	1	0	1	0	R
NMDC20586291	1	0	0	0	0	0	0	0	0	1	R
NMDC20553853	1	0	0	0	0	0	0	0	0	1	R
NMDC20551840	1	0	0	1	0	0	0	0	0	0	R
NMDC20586293	1	0	0	1	0	0	0	0	0	0	R
NMDC20586295	1	0	0	0	0	0	0	0	0	0	R
NMDC20586296	0	0	0	1	1	0	0	0	0	0	R
NMDC20551842	1	0	0	0	0	0	0	0	0	0	R
NMDC20586298	1	0	0	1	0	1	0	0	0	0	R
NMDC20553854	1	0	0	1	0	0	0	0	0	0	R
NMDC20555864	1	0	0	0	0	0	0	0	0	0	R
NMDC20586301	1	1	0	0	0	0	1	0	1	1	R
NMDC20555865	0	1	0	1	0	0	0	0	1	1	R
NMDC20555866	0	1	0	1	0	0	0	0	1	1	R
NMDC20555867	1	0	0	1	0	0	0	0	0	1	R
NMDC20586302	1	0	0	1	0	0	0	0	0	0	R
NMDC20555868	1	0	0	0	0	0	0	0	0	0	R
NMDC20555869	1	0	0	1	0	0	0	0	0	0	R
NMDC20551844	1	0	1	0	0	0	0	0	0	0	R
NMDC20586305	1	0	0	1	0	0	0	0	0	0	R
NMDC20586306	1	0	0	1	0	0	0	0	0	0	R
NMDC20557872	1	0	0	1	0	0	0	0	0	1	R
NMDC20553865	0	0	0	0	0	0	0	1	0	0	R
NMDC20555876	1	0	0	0	0	0	0	0	0	1	R
NMDC20586385	1	0	0	0	0	0	0	0	0	0	R
NMDC20586387	1	0	0	0	0	0	0	0	0	0	R
NMDC20557876	0	0	0	0	0	0	0	1	0	0	R
NMDC20555878	1	0	0	1	0	0	0	0	0	0	R
NMDC20557878	1	0	0	1	0	0	0	0	0	0	R
NMDC20551852	0	0	0	0	0	0	0	1	0	0	R
NMDC20586388	1	0	0	0	0	0	0	0	0	0	R
NMDC20557880	1	0	0	0	0	0	0	0	0	0	R
NMDC20551853	1	0	0	1	0	0	0	0	0	0	R
NMDC20586389	0	0	0	0	0	1	0	0	0	0	R
NMDC20551855	1	0	0	0	0	0	0	0	0	0	R
NMDC20551856	1	0	0	0	0	0	0	0	0	1	R
NMDC20555881	1	0	0	0	0	0	0	0	0	1	R
NMDC20586390	1	0	0	0	0	0	0	0	0	0	R
NMDC20586391	1	0	0	0	0	0	0	0	0	0	R
NMDC20553869	1	0	0	0	0	0	0	0	0	0	R
NMDC20555880	1	0	0	0	0	0	0	0	0	0	R
NMDC20553870	1	0	0	0	0	0	0	0	0	0	R
NMDC20586394	1	0	0	0	0	0	0	0	0	1	R
NMDC20555882	1	0	0	0	0	0	0	0	0	0	R
NMDC20551859	1	0	0	0	0	0	0	0	0	1	R
NMDC20586395	1	0	0	0	0	1	0	0	0	0	R
NMDC20557882	1	0	0	0	0	0	0	0	0	1	R
NMDC20586400	0	1	0	1	1	0	0	0	0	0	R
NMDC20586403	1	0	0	0	0	0	0	0	0	0	R
NMDC20586404	0	0	0	0	0	1	0	0	0	0	R
NMDC20557886	1	0	1	0	0	0	0	0	0	1	R
NMDC20586409	0	0	0	0	0	0	0	0	0	0	R
NMDC20553875	1	0	0	0	0	0	0	0	0	0	R
NMDC20586410	1	0	0	0	0	0	0	0	0	0	R
NMDC20551860	1	0	0	1	0	0	0	0	0	0	R
NMDC20551861	0	1	0	1	1	0	0	0	0	0	R
NMDC20555890	1	0	0	0	0	0	0	0	0	0	R
NMDC20555891	1	0	1	0	0	0	0	0	0	1	R
NMDC20551862	1	0	0	1	0	0	0	0	0	0	R
NMDC20586415	1	0	0	0	0	0	0	0	0	0	R
NMDC20586416	0	1	0	1	1	0	0	0	0	0	R
NMDC20555892	0	1	0	1	1	0	0	0	0	0	R
NMDC20551864	1	0	1	0	0	0	0	0	0	0	R
NMDC20555893	1	0	0	0	0	0	0	0	0	1	R
NMDC20586421	1	0	0	0	0	0	0	0	0	0	R
NMDC20586424	0	0	0	0	0	0	0	0	0	0	R
NMDC20555895	0	1	0	1	1	0	0	0	0	0	R
NMDC20555896	1	1	0	1	0	0	1	0	0	1	R
NMDC20551867	1	0	0	0	0	0	0	0	0	0	R
NMDC20555897	0	0	0	0	0	0	0	1	0	0	R
NMDC20586426	0	0	0	0	0	0	0	1	0	0	R
NMDC20555898	0	0	0	0	0	0	0	1	0	0	R
NMDC20551866	0	0	0	0	0	0	0	1	0	0	R
NMDC20586429	0	0	0	0	0	0	0	1	0	0	R
NMDC20586430	0	0	0	0	0	0	0	1	0	0	R
NMDC20557888	1	0	0	0	0	0	0	0	0	0	R
NMDC20555901	1	0	0	0	0	0	0	0	0	0	R
NMDC20586431	1	0	0	0	0	0	0	0	0	0	R
NMDC20586432	1	0	0	0	0	0	0	0	0	0	R
NMDC20586433	1	0	0	0	0	0	0	0	0	0	R
NMDC20557890	1	0	0	0	0	0	0	0	0	0	R
NMDC20586434	1	0	0	0	0	0	0	0	0	0	R
NMDC20551869	1	0	0	0	0	0	0	0	0	0	R
NMDC20551870	1	0	0	0	0	0	0	0	0	0	R
NMDC20555902	1	0	0	0	0	0	0	0	0	0	R
NMDC20553877	0	0	0	0	0	0	0	0	0	0	R
NMDC20551871	1	0	0	0	0	0	0	0	0	0	R
NMDC20586435	1	0	0	0	0	0	0	0	0	0	R
NMDC20586436	1	0	0	0	0	0	0	0	0	0	R
NMDC20551872	1	0	0	0	0	0	0	0	0	0	R
NMDC20553879	1	0	0	0	0	0	0	0	0	0	R
NMDC20551873	1	0	0	0	0	0	0	0	0	0	R
NMDC20553881	1	0	0	0	0	0	0	0	0	0	R
NMDC20586445	0	0	0	1	0	0	0	0	0	0	R
NMDC20555903	1	0	0	0	0	0	0	0	0	0	R
NMDC20586447	1	0	0	0	0	0	0	0	0	0	R
NMDC20586448	1	0	0	0	0	0	0	0	0	0	R
NMDC20586449	1	0	0	0	0	0	0	0	0	0	R
NMDC20586451	1	0	0	0	0	0	0	0	0	0	R
NMDC20551875	1	0	0	0	0	0	0	0	0	0	R
NMDC20557895	1	0	1	0	0	0	0	0	0	1	R
NMDC20586453	1	1	0	1	0	1	0	0	0	0	R
NMDC20586455	1	0	0	0	0	0	1	0	0	1	R
NMDC20586460	0	0	0	0	0	0	0	0	0	0	R
NMDC20557896	1	0	0	0	0	0	0	0	0	0	R
NMDC20553884	1	0	0	0	0	0	0	0	0	0	R
NMDC20553885	1	0	0	0	0	0	0	0	0	0	R
NMDC20586464	1	0	0	0	0	0	0	0	0	0	R
NMDC20557898	0	0	0	0	0	1	0	0	0	0	R
NMDC20557899	1	0	0	1	1	1	0	0	0	1	R
NMDC20586465	0	1	0	1	0	0	1	0	0	1	R
NMDC20586469	1	0	0	0	0	0	0	0	0	0	R
NMDC20586471	1	0	0	0	0	0	0	0	0	0	R
NMDC20553886	1	0	0	0	0	0	0	0	0	0	R
NMDC20555906	0	1	0	1	1	0	0	0	0	0	R
NMDC20586472	1	0	0	0	0	0	0	0	0	0	R
NMDC20586473	1	0	0	0	0	0	0	0	0	0	R
NMDC20586474	1	0	0	0	0	0	0	0	0	1	R
NMDC20553887	1	0	0	0	0	0	0	0	0	1	R
NMDC20551877	1	0	0	0	0	0	0	0	1	0	R
NMDC20551878	0	0	1	0	0	0	0	0	0	0	R
NMDC20586477	0	0	0	0	0	0	0	0	0	0	R
NMDC20586478	1	0	0	0	0	0	0	0	0	0	R
NMDC20557901	0	1	0	1	1	0	0	0	0	0	R
NMDC20555908	1	0	0	0	0	0	0	0	0	0	R
NMDC20555909	1	0	0	0	0	0	1	0	0	1	R
NMDC20553888	1	0	0	0	0	0	0	0	0	0	R
NMDC20586480	1	0	0	0	0	0	0	0	0	0	R
NMDC20557903	0	0	0	0	0	0	0	0	0	0	R
NMDC20586481	1	0	0	0	0	0	0	0	0	0	R
NMDC20586482	0	1	0	1	0	0	0	0	0	1	R
NMDC20586484	1	0	0	0	0	0	0	0	0	0	R
NMDC20586485	1	1	0	1	0	0	1	0	0	0	R
NMDC20555912	1	0	0	0	0	0	0	0	0	0	R
NMDC20586486	0	1	0	1	0	0	0	0	0	1	R
NMDC20553889	1	0	0	0	0	1	0	0	0	0	R
NMDC20586487	1	0	0	0	0	0	0	0	0	0	R
NMDC20586488	0	0	0	1	0	0	0	1	0	0	R
NMDC20551883	0	1	0	1	1	0	0	0	0	0	R
NMDC20557906	1	0	0	0	0	0	0	0	0	0	R
NMDC20557907	1	1	0	1	0	0	1	0	0	0	R
NMDC20586489	1	0	0	0	0	0	0	0	0	0	R
NMDC20551884	1	0	0	1	0	0	0	0	0	0	R
NMDC20555914	1	0	0	0	0	0	0	0	0	0	R
NMDC20553891	1	0	0	0	0	0	0	0	0	0	R
NMDC20555916	1	0	0	0	0	0	0	0	0	0	R
NMDC20553892	1	0	0	0	0	0	0	0	0	0	R
NMDC20586491	1	0	0	0	0	0	0	0	0	0	R
NMDC20557909	0	0	0	1	1	0	0	0	0	0	R
NMDC20551886	1	0	0	0	0	0	0	0	0	1	R
NMDC20557910	1	0	0	0	1	1	0	0	0	0	R
NMDC20553893	1	0	0	1	0	0	0	0	0	0	R
NMDC20586492	1	0	0	0	0	0	0	0	0	0	R
NMDC20557911	1	0	0	0	0	0	0	0	0	0	R
NMDC20553894	1	0	0	0	0	0	0	0	0	0	R
NMDC20553896	1	1	0	1	0	0	1	0	0	0	R
NMDC20586494	1	0	0	0	0	0	0	0	0	0	R
NMDC20586495	0	0	0	1	1	0	0	0	0	0	R
NMDC20553895	1	0	0	0	0	0	0	0	0	0	R
NMDC20586496	1	0	0	0	0	0	0	0	0	0	R
NMDC20555921	1	0	0	1	0	1	0	0	0	0	R
NMDC20551891	1	0	0	0	0	0	0	0	0	0	R
NMDC20586498	1	0	0	1	0	1	0	0	0	0	R
NMDC20553897	1	0	0	0	0	0	0	0	0	0	R
NMDC20551888	0	1	0	1	1	0	0	0	0	0	R
NMDC20551889	1	0	0	0	0	0	0	0	0	0	R
NMDC20586500	1	0	0	0	0	0	0	0	0	0	R
NMDC20557914	1	0	0	0	0	0	0	0	0	0	R
NMDC20553899	1	0	0	0	0	0	0	0	0	0	R
NMDC20553900	1	0	0	0	0	1	0	0	0	0	R
NMDC20553902	1	0	0	0	0	0	0	0	0	0	R
NMDC20586501	1	0	0	0	0	0	0	0	0	0	R
NMDC20555922	1	0	0	0	0	0	0	0	0	0	R
NMDC20586504	1	0	0	0	0	0	0	0	0	0	R
NMDC20586505	1	0	0	0	0	0	0	0	0	0	R
NMDC20586507	0	1	0	1	0	0	0	0	0	1	R
NMDC20586508	1	0	0	0	0	0	0	0	0	0	R
NMDC20586509	1	0	0	0	0	0	0	0	0	0	R
NMDC20586510	0	0	0	1	0	0	0	0	0	0	R
NMDC20586511	1	0	0	0	0	0	0	0	0	0	R
NMDC20586513	0	0	0	0	0	0	0	0	0	0	R
NMDC20586514	1	0	0	0	1	0	0	0	0	0	R
NMDC20586518	1	0	0	1	1	1	0	0	0	0	R
NMDC20586519	1	1	0	1	1	0	0	0	0	0	R
NMDC20586520	1	0	0	0	0	0	0	0	0	1	R
NMDC20586522	1	0	0	0	0	0	0	0	0	0	R
NMDC20586524	1	1	0	1	0	0	0	0	0	1	R
NMDC20586526	1	0	0	0	0	0	0	0	0	0	R
NMDC20586527	1	0	0	1	1	0	0	0	0	0	R
NMDC20553904	1	0	0	1	0	0	0	0	0	0	R
NMDC20551892	1	0	0	0	0	1	0	0	0	0	R
NMDC20555925	0	1	0	1	1	0	0	0	0	0	R
NMDC20586528	1	1	0	1	0	0	1	0	1	0	R
NMDC20555926	1	1	0	1	0	0	1	0	0	1	R
NMDC20551893	0	1	0	1	1	0	0	0	0	0	R
NMDC20555927	1	0	0	1	0	0	0	0	0	1	R
NMDC20586529	0	0	0	1	1	0	0	0	0	0	R
NMDC20553906	1	1	0	0	1	0	0	0	0	0	R
NMDC20586530	0	0	0	0	0	0	0	0	0	0	R
NMDC20555928	0	0	0	0	0	0	0	0	0	0	R
NMDC20555929	1	0	0	1	0	0	0	0	0	0	R
NMDC20551895	0	1	0	1	1	0	0	0	0	0	R
NMDC20551896	1	0	0	0	0	0	0	0	0	0	R
NMDC20555931	1	0	0	0	0	0	0	0	0	0	R
NMDC20586532	1	0	0	0	0	0	0	0	0	0	R
NMDC20586533	1	1	0	0	1	0	0	0	0	0	R
NMDC20557916	0	0	0	1	1	0	0	0	0	0	R
NMDC20586535	1	0	0	1	0	0	0	0	0	0	R
NMDC20555933	1	0	0	0	0	0	0	0	0	0	R
NMDC20555934	0	0	0	1	1	0	0	0	0	0	R
NMDC20551900	1	0	0	0	0	0	0	0	0	0	R
NMDC20551901	1	0	0	1	0	0	0	0	0	0	R
NMDC20551902	1	0	0	0	0	0	0	0	0	1	R
NMDC20586542	1	0	0	0	0	1	0	0	0	0	R
NMDC20586543	1	0	0	0	0	0	0	0	0	0	R
NMDC20586544	0	0	0	1	0	0	0	0	0	1	R
NMDC20586546	0	0	0	0	0	1	0	0	0	0	R
NMDC20557919	1	0	0	0	0	0	0	0	0	0	R
NMDC20586547	0	1	0	1	0	0	1	0	0	1	R
NMDC20555935	0	1	0	1	0	0	1	0	0	1	R
NMDC20553908	1	0	0	1	0	0	0	0	0	1	R
NMDC20551904	0	0	0	0	0	1	0	0	0	0	R
NMDC20553909	1	0	0	1	0	1	0	0	0	0	R
NMDC20555936	0	1	0	1	0	0	1	0	0	1	R
NMDC20553910	1	0	0	1	0	0	0	0	0	0	R
NMDC20586549	1	0	0	0	0	0	0	0	0	0	R
NMDC20555937	1	0	0	1	0	0	0	0	0	0	R
NMDC20555938	1	0	0	0	0	0	0	0	0	0	R
NMDC20586551	1	0	0	0	0	0	0	0	0	0	R
NMDC20586552	1	0	0	0	0	0	0	0	0	0	R
NMDC20586554	1	0	0	0	0	0	0	0	0	0	R
NMDC20555940	1	0	0	0	0	0	0	0	0	0	R
NMDC20555941	0	0	0	0	0	1	0	0	0	0	R
NMDC20586555	1	0	0	0	0	0	0	0	1	0	R
NMDC20555943	1	0	0	0	0	0	0	0	0	0	R
NMDC20555944	1	0	0	0	0	0	0	0	0	0	R
NMDC20586557	0	0	0	1	0	0	0	0	0	1	R
NMDC20557923	1	0	0	1	0	0	0	0	0	0	R
NMDC20586560	1	0	0	0	0	1	0	0	0	0	R
NMDC20555946	1	0	0	1	0	0	0	0	0	1	R
NMDC20557925	0	1	0	1	1	0	0	0	0	0	R
NMDC20586561	0	1	0	1	0	0	0	0	0	1	R
NMDC20553914	0	0	0	0	0	0	0	0	0	0	R
NMDC20555947	1	0	0	0	0	0	0	0	0	0	R
NMDC20551909	1	0	0	1	0	0	0	0	0	0	R
NMDC20553915	1	0	0	1	0	0	0	0	0	1	R
NMDC20551910	0	0	0	1	0	0	0	0	0	1	R
NMDC20553916	1	0	0	1	0	0	0	0	0	0	R
NMDC20586564	1	0	0	1	0	0	0	0	0	0	R
NMDC20553918	0	0	0	0	0	1	0	0	0	0	R
NMDC20555948	1	0	0	1	0	1	0	0	0	0	R
NMDC20586565	1	0	0	1	0	1	0	0	0	0	R
NMDC20586566	1	0	0	1	0	0	0	0	0	0	R
NMDC20557926	0	0	0	0	0	0	1	0	0	1	R
NMDC20586567	1	0	0	0	0	0	0	0	0	0	R
NMDC20553919	1	0	0	1	0	0	0	0	0	1	R
NMDC20586568	1	0	0	1	0	0	0	0	0	0	R
NMDC20586570	0	0	0	0	0	1	0	0	0	0	R
NMDC20586571	1	0	0	1	0	0	0	0	0	0	R
NMDC20551911	1	0	0	0	0	0	0	0	0	0	R
NMDC20586572	1	0	0	1	0	0	0	0	0	1	R
NMDC20553923	1	0	0	1	0	0	0	0	0	0	R
NMDC20551913	1	0	0	1	0	0	0	0	0	1	R
NMDC20586579	1	0	0	0	0	0	0	0	0	0	R
NMDC20557930	0	1	0	1	1	0	0	0	0	0	R
NMDC20586581	0	0	0	0	0	1	0	0	0	1	R
NMDC20551914	0	1	0	1	0	0	1	0	0	1	R
NMDC20553924	0	0	0	0	0	1	0	0	0	0	R
NMDC20586582	1	0	0	0	0	0	0	0	0	0	R
NMDC20553925	0	0	0	0	0	1	0	0	0	0	R
NMDC20551916	0	0	0	0	0	0	0	1	0	0	R
NMDC20586585	0	0	0	0	0	1	0	0	0	0	R
NMDC20586586	0	1	0	1	1	0	0	0	0	0	R
NMDC20551918	1	0	0	1	0	0	1	0	0	1	R
NMDC20557933	1	0	0	0	0	0	0	0	0	0	R
NMDC20586587	1	0	0	1	0	0	0	0	0	1	R
NMDC20586588	1	0	0	1	0	0	0	0	0	1	R
NMDC20553929	1	0	0	1	0	0	0	0	0	1	R
NMDC20586591	1	0	0	1	0	0	0	0	0	0	R
NMDC20553930	1	1	0	0	1	0	0	0	0	0	R
NMDC20551920	0	1	0	1	0	0	0	0	0	0	R
NMDC20586592	1	0	0	0	0	0	0	0	0	0	R
NMDC20586593	1	0	0	1	0	0	0	0	0	1	R
NMDC20555953	0	0	0	0	0	1	0	0	0	0	R
NMDC20553932	1	0	0	0	0	0	0	0	0	0	R
NMDC20551922	1	0	0	0	0	0	0	0	0	0	R
NMDC20586594	0	0	0	0	0	1	0	0	0	0	R
NMDC20553933	1	0	0	0	0	0	0	0	0	0	R
NMDC20557935	0	1	0	1	1	0	0	0	0	0	R
NMDC20553934	1	0	0	1	0	0	0	0	0	0	R
NMDC20586595	1	0	0	0	0	0	0	0	0	0	R
NMDC20586597	1	0	0	1	0	0	0	0	0	0	R
NMDC20551923	1	0	0	0	0	0	0	0	0	0	R
NMDC20553935	1	0	0	0	0	0	0	0	0	0	R
NMDC20555956	1	0	0	1	0	0	0	0	0	0	R
NMDC20555958	1	0	0	0	0	0	0	0	0	0	R
NMDC20555959	1	0	0	0	0	0	0	0	0	0	R
NMDC20551924	1	0	0	1	0	0	0	0	0	1	R
NMDC20557938	1	0	0	0	0	0	0	0	0	0	R
NMDC20551925	0	0	0	0	0	0	0	0	0	1	R
NMDC20586601	1	0	0	0	0	0	0	0	0	0	R
NMDC20557939	1	0	0	0	0	0	0	0	0	0	R
NMDC20551928	1	0	0	1	0	0	0	0	0	0	R
NMDC20557940	1	0	0	0	0	0	0	0	0	0	R
NMDC20551931	1	0	0	0	0	0	0	0	0	0	R
NMDC20557941	1	0	0	1	0	0	0	0	0	0	R
NMDC20557942	1	0	0	0	0	0	0	0	0	0	R
NMDC20557943	1	0	0	1	0	0	0	0	0	0	R
NMDC20586606	0	0	0	0	0	1	0	0	0	0	R
NMDC20551934	1	0	0	0	0	0	0	0	0	0	R
NMDC20553937	0	0	0	0	0	1	0	0	0	0	R
NMDC20557944	1	0	0	0	0	0	0	0	0	0	R
NMDC20586607	1	0	0	1	0	0	0	0	0	0	R
NMDC20555964	1	0	0	1	0	0	0	0	0	0	R
NMDC20551935	1	0	0	1	0	0	0	0	0	0	R
NMDC20586608	1	0	0	1	0	0	0	0	0	0	R
NMDC20553938	1	0	0	1	0	0	0	0	0	0	R
NMDC20557945	0	0	0	0	0	1	0	0	0	0	R
NMDC20557946	0	1	0	1	1	0	0	0	0	0	R
NMDC20586609	1	0	0	0	0	0	0	0	0	0	R
NMDC20553940	1	0	0	0	0	0	0	0	0	0	R
NMDC20586611	1	0	0	1	0	0	0	0	0	0	R
NMDC20557947	1	0	0	0	0	0	0	0	0	0	R
NMDC20557948	0	0	0	0	0	0	1	0	0	1	R
NMDC20586614	0	0	0	0	0	0	1	0	0	1	R
NMDC20553943	1	0	0	1	0	0	0	0	0	0	R
NMDC20553944	1	1	0	1	0	0	0	0	1	1	R
NMDC20557951	1	0	0	1	0	0	0	0	0	0	R
NMDC20553945	1	0	0	0	0	0	0	0	0	0	R
NMDC20586620	0	0	0	1	1	1	0	0	0	1	R
NMDC20557953	1	0	0	0	0	0	0	0	0	0	R
NMDC20557954	1	1	0	1	1	0	0	0	0	0	R
NMDC20557955	1	0	0	1	0	0	0	0	0	0	R
NMDC20586621	1	0	0	1	0	0	0	0	0	0	R
NMDC20586622	1	0	0	0	0	0	0	0	0	0	R
NMDC20553946	1	0	0	0	0	0	0	0	0	0	R
NMDC20551937	1	0	0	0	0	0	0	0	0	0	R
NMDC20586623	1	0	0	0	0	0	0	0	0	0	R
NMDC20586660	1	1	0	1	0	0	1	0	0	1	R
NMDC20555979	1	0	0	0	0	0	0	0	0	0	R
NMDC20557978	1	0	0	0	0	0	0	0	0	0	R
NMDC20586664	1	0	0	0	0	0	0	0	0	0	R
NMDC20553969	1	0	0	0	0	0	0	0	0	0	R
NMDC20551958	1	0	0	1	0	0	0	0	0	0	R
NMDC20557976	1	0	1	0	0	0	0	0	0	0	R
NMDC20586665	0	0	0	0	0	0	1	0	0	1	R
NMDC20551959	1	0	0	1	0	0	0	0	0	0	R
NMDC20557977	1	1	0	1	0	0	0	0	1	1	R
NMDC20551960	1	0	0	1	0	1	0	0	0	1	R
NMDC20557979	1	0	0	1	0	0	0	0	0	1	R
NMDC20586668	1	0	0	0	0	0	0	0	0	1	R
NMDC20586669	0	0	1	0	0	0	0	0	0	0	R
NMDC20586672	1	0	0	1	0	0	0	0	0	0	R
NMDC20551961	1	0	0	1	0	0	0	0	0	1	R
NMDC20551962	1	0	0	0	0	0	0	0	0	0	R
NMDC20586673	0	0	0	0	0	0	0	0	0	0	R
NMDC20551963	0	0	0	0	0	0	1	0	0	1	R
NMDC20555981	1	0	0	1	0	0	0	0	0	0	R
NMDC20553973	1	0	0	0	0	0	0	0	0	0	R
NMDC20555982	0	0	0	0	0	0	0	0	1	0	R
NMDC20551964	0	0	0	0	0	0	0	0	0	0	R
NMDC20555983	1	0	0	0	0	0	0	0	0	0	R
NMDC20553976	0	0	1	0	0	0	0	0	0	0	R
NMDC20551965	1	0	0	0	0	0	0	0	1	1	R
NMDC20555985	0	0	0	1	0	0	1	0	0	1	R
NMDC20553977	1	1	0	1	0	0	0	0	1	1	R
NMDC20586674	0	1	0	1	0	0	1	0	0	1	R
NMDC20553978	0	0	0	0	0	1	0	0	0	0	R
NMDC20586675	1	0	0	0	0	0	0	0	0	0	R
NMDC20557983	1	0	0	0	0	0	0	0	0	0	R
NMDC20586676	0	1	0	1	0	0	1	0	0	1	R
NMDC20555986	1	0	0	1	0	0	0	0	0	0	R
NMDC20557985	0	0	0	0	0	0	0	0	0	0	R
NMDC20557986	0	0	0	0	0	0	0	0	0	0	R
NMDC20555987	1	0	0	1	0	0	0	0	0	0	R
NMDC20551966	1	0	0	0	0	0	0	0	0	0	R
NMDC20553980	1	0	0	0	0	0	0	0	0	0	R
NMDC20557987	1	0	0	0	0	0	0	0	0	0	R
NMDC20586679	1	0	0	1	0	0	0	0	0	0	R
NMDC20551968	1	0	0	0	0	0	0	0	0	0	R
NMDC20553981	1	0	0	1	0	0	0	0	0	0	R
NMDC20557989	0	0	0	0	0	0	1	0	0	1	R
NMDC20555989	1	0	0	1	0	0	0	0	0	1	R
NMDC20557990	0	1	0	0	0	0	1	0	0	1	R
NMDC20586681	1	0	0	0	0	0	0	0	0	0	R
NMDC20586682	0	0	0	0	0	0	1	0	0	1	R
NMDC20586685	0	1	0	1	0	0	1	0	0	1	R
NMDC20557992	0	0	0	0	0	0	0	0	0	0	R
NMDC20586686	1	0	0	1	0	0	0	0	0	0	R
NMDC20551971	1	0	0	0	0	0	0	0	0	0	R
NMDC20586687	0	1	0	1	0	0	1	0	0	1	R
NMDC20586689	1	0	0	1	0	0	0	0	0	0	R
NMDC20553984	1	0	0	1	0	0	0	0	0	0	R
NMDC20586690	0	1	0	1	1	0	0	0	0	0	R
NMDC20586694	0	0	0	1	1	0	0	0	0	0	R
NMDC20586695	1	0	0	1	1	0	0	0	0	0	R
NMDC20586697	0	0	0	0	0	0	0	0	0	0	R
NMDC20553986	0	1	0	1	0	0	1	0	0	1	R
NMDC20555990	0	1	0	1	1	0	0	0	0	0	R
NMDC20586698	0	0	0	1	1	0	0	0	0	0	R
NMDC20557993	1	0	0	0	0	0	0	0	0	0	R
NMDC20553987	1	0	0	0	0	0	0	0	0	1	R
NMDC20557994	1	1	0	1	0	0	1	0	0	1	R
NMDC20551972	1	0	0	0	0	0	0	0	0	0	R
NMDC20551973	1	0	0	1	0	0	0	0	0	1	R
NMDC20586701	1	0	0	0	0	1	0	0	0	0	R
NMDC20555991	1	0	0	0	0	0	0	0	0	0	R
NMDC20557995	1	0	0	0	0	0	0	0	0	0	R
NMDC20557996	1	0	0	0	0	0	0	0	0	0	R
NMDC20551974	1	1	0	1	0	0	1	0	0	1	R
NMDC20551975	1	1	0	1	0	0	1	0	0	1	R
NMDC20553988	0	0	0	1	0	0	1	0	0	1	R
NMDC20551976	0	0	0	1	0	0	1	0	0	1	R
NMDC20555992	1	1	0	1	0	0	1	0	1	0	R
NMDC20555993	1	0	1	0	0	0	0	0	0	1	R
NMDC20553990	1	0	1	1	1	1	0	0	0	0	R
NMDC20557997	1	0	0	1	0	0	0	0	0	0	R
NMDC20551977	1	1	0	1	0	0	1	0	1	0	R
NMDC20586705	0	0	0	1	0	0	0	0	0	1	R
NMDC20586706	1	0	0	1	0	0	0	0	0	0	R
NMDC20586707	1	0	0	0	0	0	0	0	0	0	R
NMDC20553991	0	0	0	1	0	0	1	0	0	1	R
NMDC20586708	0	0	0	0	0	0	1	0	0	1	R
NMDC20586710	1	0	0	1	1	1	0	0	0	0	R
NMDC20557998	1	0	0	1	0	0	0	0	0	1	R
NMDC20553993	1	0	0	1	0	0	0	0	0	0	R
NMDC20586712	1	0	0	1	0	0	0	0	0	1	R
NMDC20553994	0	1	0	1	0	0	1	0	0	1	R
NMDC20553995	1	0	0	0	0	0	0	0	1	0	R
NMDC20551981	0	0	1	1	0	0	0	0	0	0	R
NMDC20557999	1	0	0	0	1	0	0	0	0	0	R
NMDC20555996	1	0	0	0	0	0	0	0	0	0	R
NMDC20558000	1	0	0	1	0	0	0	0	0	0	R
NMDC20558001	1	0	0	0	0	0	0	0	0	0	R
NMDC20553997	0	0	1	1	0	0	0	0	0	0	R
NMDC20555999	1	0	0	0	0	0	0	0	0	0	R
NMDC20586719	0	1	0	1	1	0	0	0	0	0	R
NMDC20551982	0	0	0	1	1	1	0	0	0	1	R
NMDC20586720	1	0	0	1	0	0	0	0	0	0	R
NMDC20558002	0	1	0	1	0	0	1	0	0	0	R
NMDC20586722	1	0	0	1	0	0	0	0	0	0	R
NMDC20558003	1	0	0	1	0	0	0	0	0	0	R
NMDC20586723	0	1	0	1	0	0	0	0	0	1	R
NMDC20586724	0	0	0	1	1	0	0	0	0	0	R
NMDC20551983	1	0	0	1	0	0	0	0	0	1	R
NMDC20586729	1	0	0	1	0	0	0	0	0	0	R
NMDC20556003	1	0	0	1	0	0	0	0	0	0	R
NMDC20551984	0	1	0	1	0	0	1	0	0	1	R
NMDC20551985	0	1	0	1	1	0	0	0	0	0	R
NMDC20554000	0	0	0	1	0	0	0	0	0	1	R
NMDC20554001	1	0	0	1	0	0	0	0	0	0	R
NMDC20551986	1	0	0	0	0	0	0	0	0	0	R
NMDC20586731	1	0	0	1	0	1	0	0	0	1	R
NMDC20558007	0	0	0	0	0	1	0	0	0	0	R
NMDC20586732	1	0	0	1	0	0	0	0	0	0	R
NMDC20551987	1	0	0	0	0	0	0	0	0	0	R
NMDC20586733	1	0	0	1	0	0	0	0	0	0	R
NMDC20558009	0	0	0	1	1	0	0	0	0	0	R
NMDC20551988	1	0	0	0	0	0	0	0	0	0	R
NMDC20586734	1	0	0	1	0	0	0	0	0	1	R
NMDC20558010	1	0	1	0	0	0	0	0	0	0	R
NMDC20558011	1	0	0	1	0	0	0	0	0	0	R
NMDC20551989	1	0	0	0	0	0	0	0	0	0	R
NMDC20551990	1	0	0	1	0	0	0	0	0	0	R
NMDC20586739	1	0	0	0	0	1	0	0	0	1	R
NMDC20558012	1	0	0	1	0	0	0	0	0	0	R
NMDC20554005	1	0	0	0	0	0	0	0	0	0	R
NMDC20586741	1	0	0	0	0	0	0	0	0	0	R
NMDC20586742	1	0	0	1	0	0	0	0	0	0	R
NMDC20556007	0	1	0	1	0	0	1	0	0	1	R
NMDC20554006	0	0	0	0	0	1	0	0	0	0	R
NMDC20586744	1	0	0	0	0	0	0	0	0	0	R
NMDC20586745	1	0	0	1	0	0	0	0	0	0	R
NMDC20586746	1	0	0	1	0	0	0	0	0	0	R
NMDC20586747	1	0	0	1	0	0	0	0	0	0	R
NMDC20586748	1	0	0	1	0	0	0	0	0	0	R
NMDC20556009	1	0	0	1	0	0	0	0	0	1	R
NMDC20554007	1	0	0	0	0	0	0	0	0	0	R
NMDC20556011	0	0	1	0	0	0	0	0	0	0	R
NMDC20554008	1	1	0	1	0	0	1	0	1	1	R
NMDC20556012	1	0	0	1	0	0	0	0	0	0	R
NMDC20551994	1	0	0	0	0	0	0	0	0	0	R
NMDC20556013	1	0	0	1	0	0	0	0	0	0	R
NMDC20558015	1	0	0	0	0	0	0	0	0	0	R
NMDC20586751	0	0	0	0	0	0	0	0	0	0	R
NMDC20586752	1	0	0	0	0	0	0	0	0	0	R
NMDC20586753	0	0	0	0	0	0	0	0	0	0	R
NMDC20586754	0	0	0	0	0	0	0	0	0	0	R
NMDC20551996	0	1	0	1	0	0	1	0	0	1	R
NMDC20554011	0	0	0	0	0	0	0	0	1	1	R
NMDC20586757	1	0	0	1	0	0	0	0	0	0	R
NMDC20586759	1	0	0	1	0	0	0	0	0	1	R
NMDC20558018	0	0	0	0	0	0	0	0	0	0	R
NMDC20554012	1	0	1	0	0	0	0	0	0	1	R
NMDC20556016	1	0	1	0	0	0	0	0	0	1	R
NMDC20586760	0	0	0	0	0	0	0	0	0	0	R
NMDC20551997	0	0	0	0	0	0	0	0	0	0	R
NMDC20556018	1	0	0	0	0	0	0	0	0	0	R
NMDC20558019	0	0	0	0	0	0	0	0	0	0	R
NMDC20551998	1	0	0	0	0	0	0	0	0	0	R
NMDC20558020	1	0	0	0	0	0	0	0	0	0	R
NMDC20558021	1	0	0	0	0	0	0	0	0	0	R
NMDC20586766	1	0	0	1	0	0	0	0	0	0	R
NMDC20586768	0	0	0	0	0	0	0	0	0	1	R
NMDC20586769	0	0	0	0	0	0	0	0	0	1	R
NMDC20586772	0	0	1	0	0	0	0	0	0	0	R
NMDC20586774	1	0	0	1	0	0	0	0	0	0	R
NMDC20586775	0	1	0	1	0	0	1	0	0	0	R
NMDC20586779	0	0	0	0	0	0	0	0	0	1	R
NMDC20586781	0	0	0	0	0	0	0	0	0	0	R
NMDC20586782	0	0	0	0	0	0	0	0	0	0	R
NMDC20556041	1	0	0	0	0	0	0	0	0	0	R
NMDC20556022	1	0	0	0	0	0	0	0	0	0	R
NMDC20552000	1	0	0	0	0	0	0	0	0	0	R
NMDC20556023	0	0	0	0	0	0	0	1	0	0	R
NMDC20586785	1	0	0	0	0	0	0	0	0	0	R
NMDC20586786	1	0	0	1	0	0	0	0	0	1	R
NMDC20554017	1	0	0	0	0	0	0	0	0	0	R
NMDC20554018	1	0	0	1	0	0	0	0	0	1	R
NMDC20586787	1	0	0	1	0	0	0	0	0	0	R
NMDC20586789	0	0	1	1	0	1	0	0	0	0	R
NMDC20558025	1	0	0	0	0	0	0	0	0	0	R
NMDC20556025	1	0	0	1	0	0	0	0	0	1	R
NMDC20556026	1	0	1	1	1	1	0	0	0	0	R
NMDC20558026	1	0	0	1	0	0	0	0	0	0	R
NMDC20586791	0	0	0	1	1	1	0	0	0	1	R
NMDC20554019	0	0	0	0	0	0	0	0	0	0	R
NMDC20586792	0	0	0	0	0	0	0	0	0	0	R
NMDC20558027	0	0	0	0	0	0	0	0	0	0	R
NMDC20552001	1	0	1	0	0	0	0	0	0	1	R
NMDC20556027	0	0	0	0	0	0	0	0	0	0	R
NMDC20552002	0	0	0	1	1	0	0	0	0	0	R
NMDC20558028	0	0	0	0	0	0	0	0	0	0	R
NMDC20586796	0	0	0	0	0	0	0	0	0	0	R
NMDC20586797	1	0	0	0	0	0	0	0	0	0	R
NMDC20556028	0	0	0	0	0	0	0	0	0	0	R
NMDC20558029	1	0	0	0	0	0	0	0	0	0	R
NMDC20586798	1	0	0	0	0	0	0	0	0	0	R
NMDC20552003	1	0	0	1	0	0	0	0	0	0	R
NMDC20586799	1	0	0	1	0	0	0	0	0	1	R
NMDC20586801	1	0	0	0	0	0	0	0	0	0	R
NMDC20586803	1	0	0	0	0	0	0	0	0	0	R
NMDC20586804	1	0	0	1	0	0	0	0	1	0	R
NMDC20586805	0	0	0	0	0	0	0	0	0	0	R
NMDC20586806	1	0	0	1	0	0	0	0	0	1	R
NMDC20558031	0	0	0	0	0	0	0	0	0	0	R
NMDC20552004	0	1	0	1	0	0	1	0	0	1	R
NMDC20558032	1	0	0	0	0	0	0	0	0	0	R
NMDC20558033	1	0	0	1	0	0	0	0	0	0	R
NMDC20556035	1	0	0	0	0	0	0	0	0	1	R
NMDC20552005	1	0	0	0	0	0	0	0	0	0	R
NMDC20586809	1	0	0	0	0	0	0	0	0	0	R
NMDC20586811	0	0	0	0	0	0	0	0	0	0	R
NMDC20556038	0	0	0	0	0	0	0	0	0	0	R
NMDC20556040	0	0	0	1	0	1	0	0	0	0	R
NMDC20586814	0	0	0	0	0	0	0	0	0	0	R
NMDC20558034	0	0	0	0	0	0	0	0	0	0	R
NMDC20586816	0	0	0	0	0	0	0	0	1	1	R
NMDC20554025	0	0	0	0	0	0	0	0	1	1	R
NMDC20558035	0	0	0	0	0	0	0	0	0	0	R
NMDC20586817	1	0	0	0	0	0	0	0	0	0	R
NMDC20554026	1	0	0	0	0	0	0	0	0	0	R
NMDC20554027	0	0	0	0	0	0	0	0	0	0	R
NMDC20586819	1	0	0	0	0	0	0	0	0	0	R
NMDC20554028	1	0	0	0	0	0	0	0	0	0	R
NMDC20586820	1	0	0	0	0	0	0	0	0	0	R
NMDC20552007	1	0	0	0	0	0	0	0	0	0	R
NMDC20556042	0	0	0	0	0	0	0	0	0	0	R
NMDC20586821	0	1	0	1	1	0	0	0	0	0	R
NMDC20558037	1	0	0	1	0	0	0	0	0	1	R
NMDC20552009	0	0	0	0	0	0	0	1	0	0	R
NMDC20558038	1	0	0	0	0	0	0	0	0	0	R
NMDC20556043	0	0	0	0	0	0	0	0	0	0	R
NMDC20586822	1	0	0	0	0	0	0	0	0	0	R
NMDC20586823	1	0	0	0	0	0	0	0	0	0	R
NMDC20586824	0	0	0	0	0	0	0	1	0	0	R
NMDC20556044	0	0	0	0	0	0	0	1	0	0	R
NMDC20556045	1	0	0	0	0	0	0	0	0	0	R
NMDC20586825	1	0	0	0	0	0	0	0	0	0	R
NMDC20586826	0	0	0	0	0	0	0	1	0	0	R
NMDC20554030	1	0	0	0	0	0	0	0	0	0	R
NMDC20586827	0	0	0	0	0	0	0	1	0	0	R
NMDC20586828	0	0	0	0	0	0	0	1	0	0	R
NMDC20552010	1	1	0	1	0	0	0	0	1	0	R
NMDC20558040	1	1	0	1	0	0	1	0	0	0	R
NMDC20586830	1	0	0	0	0	0	0	0	0	0	R
NMDC20554032	1	0	0	0	0	0	0	0	0	0	R
NMDC20552011	0	0	0	0	0	0	0	1	0	0	R
NMDC20554033	0	0	0	1	0	0	1	0	0	0	R
NMDC20554034	1	0	0	0	0	0	0	0	0	0	R
NMDC20554038	0	0	0	1	0	1	0	0	0	1	R
NMDC20556046	0	0	0	0	0	0	0	0	0	0	R
NMDC20586833	1	0	0	1	0	0	0	0	0	0	R
NMDC20586834	1	0	0	1	0	0	0	0	0	0	R
NMDC20586835	0	1	0	1	0	0	0	0	0	0	R
NMDC20586836	0	0	0	1	1	1	0	0	0	1	R
NMDC20554036	0	0	0	1	1	1	0	0	0	1	R
NMDC20554037	1	0	0	0	0	0	0	0	0	0	R
NMDC20558044	1	0	0	1	0	0	0	0	0	0	R
NMDC20554039	0	0	0	1	1	1	0	0	0	1	R
NMDC20554040	0	0	0	1	1	0	0	0	0	0	R
NMDC20552014	0	0	0	0	0	0	0	0	1	0	R
NMDC20556047	1	0	0	0	0	0	0	0	0	0	R
NMDC20558042	1	0	0	1	0	0	0	0	0	0	R
NMDC20586838	1	0	0	1	0	0	0	0	0	1	R
NMDC20558046	1	0	0	0	0	0	0	0	0	0	R
NMDC20554041	1	0	0	0	0	0	0	0	0	0	R
NMDC20586839	1	0	0	0	0	0	0	0	0	0	R
NMDC20556048	0	0	0	1	0	1	0	0	0	0	R
NMDC20586840	1	0	0	1	0	0	0	0	0	0	R
NMDC20554042	1	0	0	0	0	0	0	0	0	0	R
NMDC20554043	1	0	0	0	0	0	0	0	0	0	R
NMDC20554044	1	0	0	0	0	0	0	0	0	1	R
NMDC20558048	0	0	0	0	0	0	1	0	0	1	R
NMDC20556049	1	0	0	0	0	0	0	0	0	0	R
NMDC20552016	1	0	0	0	0	0	0	0	0	0	R
NMDC20552018	1	0	0	0	0	0	0	0	0	0	R
NMDC20586841	1	0	0	1	0	0	0	0	0	0	R
NMDC20552020	1	0	0	0	0	0	0	0	0	0	R
NMDC20586842	0	0	0	0	0	0	0	0	1	1	R
NMDC20554047	1	1	0	1	0	0	1	0	0	0	R
NMDC20556052	1	0	0	0	0	0	0	0	0	0	R
NMDC20586843	1	0	0	0	0	0	0	0	0	0	R
NMDC20554048	1	0	0	0	0	0	0	0	0	0	R
NMDC20552021	1	0	0	1	0	0	0	0	0	1	R
NMDC20552022	1	0	0	0	0	0	0	0	0	0	R
NMDC20552024	1	0	0	1	0	0	0	0	0	1	R
NMDC20586846	0	0	0	1	0	0	1	0	0	1	R
NMDC20586848	0	0	0	0	0	0	0	0	1	1	R
NMDC20552025	1	0	0	0	0	0	0	0	0	0	R
NMDC20586850	0	0	0	1	0	0	1	0	0	1	R
NMDC20586858	1	0	0	0	0	0	0	0	0	1	R
NMDC20558054	0	0	0	0	0	0	1	0	0	1	R
NMDC20552026	1	0	0	0	0	0	0	0	0	0	R
NMDC20556054	1	0	0	1	1	0	0	0	0	0	R
NMDC20552027	0	0	0	1	0	1	0	0	0	0	R
NMDC20586859	0	1	0	1	0	1	1	0	0	1	R
NMDC20554049	1	0	0	0	0	0	0	0	0	1	R
NMDC20558056	1	0	1	1	0	0	1	0	0	1	R
NMDC20586860	1	0	1	1	0	0	1	0	0	1	R
NMDC20554052	1	0	0	0	0	0	0	0	0	0	R
NMDC20556056	0	0	0	1	0	1	1	0	0	1	R
NMDC20554051	1	0	0	0	0	0	0	0	0	0	R
NMDC20552029	1	0	0	0	0	0	0	0	0	0	R
NMDC20558060	1	1	0	0	0	0	1	0	1	1	R
NMDC20586863	1	1	0	1	0	0	1	0	0	1	R
NMDC20586865	0	1	0	1	0	0	1	0	0	1	R
NMDC20586866	0	0	0	0	0	0	0	0	1	0	R
NMDC20556058	0	0	0	0	0	0	0	0	1	1	R
NMDC20558061	1	0	0	1	0	0	0	0	0	0	R
NMDC20556060	1	0	0	0	0	0	0	0	0	0	R
NMDC20586871	1	0	0	0	0	0	0	0	0	0	R
NMDC20552032	1	0	0	0	0	0	0	0	0	0	R
NMDC20556062	0	0	1	0	0	0	0	0	0	0	R
NMDC20552033	1	0	0	0	0	0	0	0	0	0	R
NMDC20586874	1	0	0	0	0	0	0	0	0	0	R
NMDC20586875	1	0	0	0	0	0	0	0	0	0	R
NMDC20586877	1	0	0	0	0	0	0	0	0	0	R
NMDC20558064	0	0	0	1	1	1	0	0	0	1	R
NMDC20558065	1	0	1	0	0	0	0	0	0	1	R
NMDC20586880	1	0	0	0	0	0	0	0	0	0	R
NMDC20556064	1	0	0	0	0	0	0	0	0	0	R
NMDC20554058	0	0	1	1	0	0	0	0	0	0	R
NMDC20558068	1	0	0	0	0	0	0	0	0	0	R
NMDC20586881	1	0	0	0	0	0	0	0	0	0	R
NMDC20586882	1	0	0	0	0	0	0	0	0	0	R
NMDC20586883	1	0	0	1	0	0	0	0	0	0	R
NMDC20586884	1	0	0	1	0	0	0	0	0	0	R
NMDC20556066	1	0	0	1	0	0	0	0	0	0	R
NMDC20586885	1	0	0	1	0	0	0	0	0	0	R
NMDC20554061	1	0	0	0	0	0	0	0	0	0	R
NMDC20586886	1	0	0	0	0	0	0	0	0	0	R
NMDC20554063	1	0	0	0	0	0	0	0	0	0	R
NMDC20586888	1	0	0	0	0	0	0	0	0	0	R
NMDC20556067	0	0	0	0	0	0	0	0	0	0	R
NMDC20552035	1	0	0	0	0	0	0	0	0	0	R
NMDC20554064	1	0	0	0	0	0	0	0	0	0	R
NMDC20554065	1	0	0	0	0	0	0	0	0	0	R
NMDC20558072	1	0	0	0	0	0	0	0	0	0	R
NMDC20556068	1	0	0	1	0	0	0	0	0	0	R
NMDC20554066	1	0	0	0	0	0	0	0	0	0	R
NMDC20586890	1	0	0	0	0	0	0	0	0	0	R
NMDC20586891	1	0	0	0	0	0	0	0	0	0	R
NMDC20554068	1	0	0	0	0	0	0	0	0	0	R
NMDC20556069	1	0	0	0	0	0	0	0	0	0	R
NMDC20586892	1	0	0	0	0	0	0	0	0	0	R
NMDC20554069	1	0	0	0	0	0	0	0	0	0	R
NMDC20556070	1	0	0	0	0	0	0	0	0	0	R
NMDC20586895	1	0	0	0	0	0	0	0	0	0	R
NMDC20556071	1	0	0	0	0	0	0	0	0	1	R
NMDC20552037	1	0	1	0	0	0	0	0	0	1	R
NMDC20586897	0	0	0	0	0	0	0	0	0	0	R
NMDC20552038	1	0	0	0	0	0	0	0	0	0	R
NMDC20552039	1	0	0	0	0	0	0	0	0	0	R
NMDC20586899	1	0	0	1	0	0	0	0	0	1	R
NMDC20586902	0	1	0	1	0	0	1	0	0	1	R
NMDC20558075	1	0	0	0	0	0	0	0	0	0	R
NMDC20558076	0	0	0	1	0	1	0	0	0	0	R
NMDC20552040	1	0	0	0	0	0	0	0	0	0	R
NMDC20558078	0	1	0	1	0	0	1	0	0	1	R
NMDC20554073	1	0	0	0	0	0	0	0	0	0	R
NMDC20586907	0	0	0	0	0	0	0	0	0	1	R
NMDC20558080	1	0	0	1	0	0	0	0	0	0	R
NMDC20586908	1	0	0	1	0	0	0	0	0	0	R
NMDC20586909	1	0	0	1	0	0	0	0	0	0	R
NMDC20556073	1	0	0	1	0	0	0	0	0	1	R
NMDC20586910	0	0	0	0	0	0	0	0	0	0	R
NMDC20558081	0	0	0	0	0	0	0	0	0	0	R
NMDC20586911	0	0	0	0	0	0	0	0	0	0	R
NMDC20558083	0	0	0	0	0	0	0	0	0	0	R
NMDC20556074	0	0	0	0	0	0	0	0	0	0	R
NMDC20556077	1	0	0	1	0	0	0	0	0	1	R
NMDC20586917	1	0	0	0	0	0	0	0	0	1	R
NMDC20586919	0	0	0	0	0	0	0	0	0	0	R
NMDC20554078	1	0	0	0	0	0	0	0	0	0	R
NMDC20586921	1	0	0	0	0	0	0	0	0	0	R
NMDC20586923	1	0	0	0	0	0	0	0	0	0	R
NMDC20558125	0	0	0	0	0	0	0	0	0	0	R
NMDC20552091	0	0	0	0	0	0	0	0	0	0	R
NMDC20558122	1	0	1	1	0	0	0	0	0	0	R
NMDC20558123	1	0	0	0	0	0	0	0	0	0	R
NMDC20554125	1	0	0	0	0	0	0	0	0	0	R
NMDC20552094	1	0	0	1	0	0	0	0	0	0	R
NMDC20558124	0	0	0	0	0	0	0	0	0	0	R
NMDC20554126	1	0	0	1	0	0	0	0	0	1	R
NMDC20587026	1	0	0	0	0	0	0	0	0	0	R
NMDC20587028	1	0	0	0	0	0	0	0	0	0	R
NMDC20556122	1	0	0	0	0	0	0	0	0	0	R
NMDC20587033	1	0	0	0	0	0	0	0	0	0	R
NMDC20587035	1	0	0	1	0	0	0	0	0	1	R
NMDC20587036	0	1	0	1	0	0	1	0	0	1	R
NMDC20587037	1	0	0	0	0	0	0	0	0	1	R
NMDC20587038	1	0	0	1	0	0	0	0	0	1	R
NMDC20587039	1	0	0	0	0	0	0	0	0	0	R
NMDC20587041	1	1	0	1	1	0	0	0	0	0	R
NMDC20554130	0	0	0	0	0	0	0	0	0	0	R
NMDC20552099	1	0	1	1	0	0	0	0	0	0	R
NMDC20552100	0	0	0	0	0	0	0	0	0	0	R
NMDC20554131	1	0	0	0	0	0	0	0	0	0	R
NMDC20558131	1	0	0	0	0	0	0	0	0	0	R
NMDC20587047	0	0	0	0	0	0	0	0	0	0	R
NMDC20587050	1	0	0	0	0	0	0	0	0	0	R
NMDC20554134	1	0	0	0	0	0	0	0	0	0	R
NMDC20587053	1	0	0	1	0	0	0	0	1	0	R
NMDC20552103	1	0	0	1	0	0	0	0	0	1	R
NMDC20588189	1	0	0	1	0	0	0	0	0	0	R
NMDC20588190	1	0	0	0	0	0	0	0	0	0	R
NMDC20588192	0	0	0	1	0	0	1	0	0	1	R
NMDC20552393	1	0	0	0	0	0	0	0	0	0	R
NMDC20554400	1	0	0	0	0	0	0	0	0	0	R
NMDC20558409	1	0	0	1	0	0	0	0	0	1	R
NMDC20556378	1	0	0	1	0	0	0	0	0	0	R
NMDC20554398	1	0	0	0	0	0	0	0	0	0	R
NMDC20558410	1	0	0	0	0	0	0	0	0	0	R
NMDC20552394	1	0	0	1	0	0	0	0	0	0	R
NMDC20554399	1	0	0	0	0	0	0	0	0	0	R
NMDC20588194	1	0	0	0	0	0	0	0	0	0	R
NMDC20588195	1	0	0	0	0	0	0	0	0	0	R
NMDC20588196	1	0	0	0	0	0	0	0	0	0	R
NMDC20552395	1	0	0	0	0	0	0	0	0	0	R
NMDC20556379	1	0	0	0	0	0	0	0	0	0	R
NMDC20558411	1	0	0	0	0	0	0	0	0	0	R
NMDC20554401	1	0	0	0	0	0	0	0	0	0	R
NMDC20552396	1	0	0	0	0	0	0	0	0	0	R
NMDC20552397	1	0	0	1	0	0	0	0	0	1	R
NMDC20556382	0	0	0	0	0	1	0	0	0	0	R
NMDC20588199	1	0	0	0	0	0	0	0	0	0	R
NMDC20588200	1	0	0	0	0	0	0	0	0	0	R
NMDC20552399	1	0	0	0	0	0	0	0	0	0	R
NMDC20554402	1	0	0	0	0	0	0	0	0	0	R
NMDC20558412	1	0	0	1	1	1	0	0	0	0	R
NMDC20588201	1	0	0	1	0	0	0	0	0	0	R
NMDC20556385	1	0	0	1	0	0	0	0	0	0	R
NMDC20558413	1	0	0	1	0	0	0	0	0	1	R
NMDC20558414	1	0	0	0	0	0	0	0	0	0	R
NMDC20556386	0	0	0	1	1	0	0	0	0	0	R
NMDC20558415	1	0	0	0	0	0	0	0	0	0	R
NMDC20588203	1	0	0	0	0	1	0	0	0	0	R
NMDC20552400	1	0	0	0	0	0	0	0	0	0	R
NMDC20588204	1	0	0	0	0	0	0	0	0	0	R
NMDC20554406	1	0	0	1	0	0	0	0	0	0	R
NMDC20556387	1	0	0	0	0	0	0	0	0	0	R
NMDC20552401	1	0	0	0	0	0	0	0	0	0	R
NMDC20554408	0	1	0	1	1	0	0	0	0	0	R
NMDC20588206	1	0	0	1	1	0	0	0	0	0	R
NMDC20554409	1	1	0	1	0	0	1	0	0	1	R
NMDC20588207	1	0	0	0	0	0	0	0	0	0	R
NMDC20554410	1	0	0	0	0	0	0	0	0	0	R
NMDC20588209	1	0	0	1	0	0	0	0	0	1	R
NMDC20552403	0	0	0	0	0	1	0	0	0	0	R
NMDC20588210	1	0	0	0	0	0	0	0	0	0	R
NMDC20556388	1	0	0	0	0	0	0	0	0	1	R
NMDC20588211	1	0	0	0	0	0	0	0	0	0	R
NMDC20558417	1	0	0	0	0	0	0	0	0	0	R
NMDC20558418	1	0	1	0	0	0	0	0	0	1	R
NMDC20556389	1	0	0	0	0	1	0	0	0	0	R
NMDC20588214	1	0	0	0	0	0	0	0	0	0	R
NMDC20552405	0	1	0	1	1	0	0	0	0	0	R
NMDC20556391	1	0	0	1	0	0	0	0	0	0	R
NMDC20588216	1	0	0	0	0	0	0	0	0	0	R
NMDC20552406	0	0	0	0	0	1	0	0	0	0	R
NMDC20588217	1	0	0	0	0	0	0	0	0	0	R
NMDC20588218	1	0	0	0	0	0	0	0	0	0	R
NMDC20552407	1	0	0	0	0	0	1	0	0	0	R
NMDC20588219	1	0	0	1	0	0	0	0	0	1	R
NMDC20588221	1	0	0	0	0	0	0	0	0	0	R
NMDC20556392	1	0	0	0	0	0	0	0	0	0	R
NMDC20588222	1	0	0	0	0	0	0	0	0	0	R
NMDC20556394	1	0	0	0	0	0	0	0	0	0	R
NMDC20588224	1	0	0	0	0	0	0	0	0	0	R
NMDC20558420	1	0	0	0	0	0	0	0	0	0	R
NMDC20588225	1	0	0	0	0	0	0	0	0	0	R
NMDC20588228	0	0	0	1	0	0	0	0	0	0	R
NMDC20588229	1	0	0	0	0	0	0	0	0	0	R
NMDC20552409	0	1	0	1	0	0	1	0	0	1	R
NMDC20588231	0	1	0	1	0	0	1	0	0	1	R
NMDC20558421	1	0	0	0	0	0	0	0	0	0	R
NMDC20556395	1	0	0	0	0	0	0	0	0	0	R
NMDC20552410	0	0	0	0	0	1	0	0	0	0	R
NMDC20552413	1	0	0	0	0	0	0	0	0	0	R
NMDC20554415	0	1	0	1	0	1	1	0	0	1	R
NMDC20556396	1	0	0	0	0	0	0	0	0	0	R
NMDC20588232	1	0	0	0	0	0	0	0	0	0	R
NMDC20552412	1	0	0	0	0	0	0	0	0	0	R
NMDC20554417	1	0	0	0	0	0	0	0	0	0	R
NMDC20588233	1	0	0	0	0	0	0	0	0	0	R
NMDC20552414	1	0	0	0	0	0	0	0	0	0	R
NMDC20554418	1	0	0	1	0	0	0	0	0	0	R
NMDC20552415	0	0	0	0	0	1	0	0	0	0	R
NMDC20556398	1	0	0	0	0	0	0	0	0	0	R
NMDC20588236	1	0	0	1	0	0	0	0	0	0	R
NMDC20554420	1	0	0	1	0	0	0	0	0	0	R
NMDC20588237	1	0	1	0	0	0	0	0	0	0	R
NMDC20558424	0	0	0	0	0	1	0	0	0	0	R
NMDC20556399	1	0	0	1	1	0	0	0	0	0	R
NMDC20556400	1	0	0	0	0	0	0	0	0	0	R
NMDC20552417	1	0	0	1	0	0	0	0	0	0	R
NMDC20554421	0	1	0	1	0	0	1	0	0	1	R
NMDC20588239	0	0	0	0	0	1	0	0	0	0	R
NMDC20558426	1	0	0	0	0	0	0	0	0	0	R
NMDC20552418	0	0	0	1	1	0	0	0	0	0	R
NMDC20556401	1	0	0	0	0	0	0	0	0	0	R
NMDC20556402	1	0	0	0	0	0	0	0	0	0	R
NMDC20558427	1	0	0	0	0	0	0	0	0	0	R
NMDC20588241	1	0	0	1	0	0	0	0	0	0	R
NMDC20554422	1	0	0	1	0	0	0	0	0	0	R
NMDC20554423	1	0	0	0	0	0	0	0	0	0	R
NMDC20556403	1	0	0	1	0	0	0	0	0	0	R
NMDC20588244	1	0	0	1	0	0	0	0	0	1	R
NMDC20588245	1	0	0	1	0	0	0	0	0	0	R
NMDC20558428	1	0	0	0	0	0	0	0	0	1	R
NMDC20552419	1	0	0	0	0	0	0	0	0	1	R
NMDC20554424	1	0	0	0	0	1	0	0	0	1	R
NMDC20556404	0	0	0	0	0	1	0	0	0	0	R
NMDC20556405	0	0	0	1	0	0	0	0	0	0	R
NMDC20588248	0	1	0	1	0	0	1	0	0	0	R
NMDC20558430	0	0	0	0	0	0	1	0	0	1	R
NMDC20556407	0	0	0	0	0	0	1	0	0	1	R
NMDC20556408	1	0	0	1	0	0	0	0	0	0	R
NMDC20554429	1	0	0	0	0	0	0	0	0	0	R
NMDC20554426	0	0	0	0	0	0	0	0	0	0	R
NMDC20552421	0	0	0	0	0	0	0	0	0	0	R
NMDC20556409	0	0	0	0	0	0	1	0	0	1	R
NMDC20588250	0	0	0	1	0	1	0	0	0	0	R
NMDC20556410	1	0	0	1	0	0	0	0	0	1	R
NMDC20556411	1	0	0	1	0	0	0	0	0	1	R
NMDC20552422	0	0	0	0	0	0	0	0	1	1	R
NMDC20558431	1	0	0	0	0	0	0	0	0	0	R
NMDC20558432	1	0	0	0	0	0	0	0	0	0	R
NMDC20558433	1	0	0	0	0	0	0	0	0	0	R
NMDC20558434	1	0	0	0	0	0	0	0	0	0	R
NMDC20588252	0	0	0	0	0	0	0	0	1	1	R
NMDC20588253	1	1	0	1	0	0	0	0	0	1	R
NMDC20558435	1	0	0	0	0	0	0	0	0	0	R
NMDC20588254	1	0	0	1	0	0	0	0	0	0	R
NMDC20552423	0	0	0	0	0	0	0	0	0	0	R
NMDC20588255	1	0	0	1	0	0	0	0	0	1	R
NMDC20588256	0	0	0	0	0	0	0	0	0	0	R
NMDC20588257	0	0	0	0	0	0	0	0	1	1	R
NMDC20554430	1	0	0	0	0	0	0	0	0	0	R
NMDC20558436	0	0	0	0	0	0	0	0	1	1	R
NMDC20588258	1	0	0	0	0	0	0	0	0	0	R
NMDC20552425	1	0	0	0	0	0	0	0	0	0	R
NMDC20588259	0	0	0	1	1	0	0	0	0	1	R
NMDC20556412	0	0	0	1	1	0	0	0	0	0	R
NMDC20556414	1	0	0	0	0	0	0	0	0	0	R
NMDC20552426	0	0	0	0	0	0	0	0	0	0	R
NMDC20588262	0	0	0	0	0	0	0	0	1	1	R
NMDC20588263	0	0	0	0	0	1	0	0	0	0	R
NMDC20556416	1	0	0	0	0	0	0	0	0	0	R
NMDC20588264	1	0	0	0	0	0	0	0	0	0	R
NMDC20554431	1	0	0	0	0	0	0	0	0	0	R
NMDC20556418	1	0	0	0	0	0	0	0	0	0	R
NMDC20588267	1	0	0	0	0	0	0	0	0	0	R
NMDC20588269	1	0	0	0	0	0	0	0	0	0	R
NMDC20554432	1	0	0	0	0	0	0	0	0	0	R
NMDC20552428	1	0	0	1	0	0	0	0	0	0	R
NMDC20588270	1	0	0	0	0	0	0	0	0	0	R
NMDC20558438	1	0	0	0	0	0	0	0	0	0	R
NMDC20558439	1	0	0	0	0	0	0	0	0	0	R
NMDC20556419	1	0	0	0	0	0	0	0	0	0	R
NMDC20556420	0	0	0	0	0	0	0	0	0	0	R
NMDC20554435	1	0	0	1	0	0	0	0	0	0	R
NMDC20556421	1	0	0	0	0	0	0	0	0	0	R
NMDC20552431	0	0	0	0	0	0	1	0	0	1	R
NMDC20588271	1	0	0	0	0	0	0	0	0	0	R
NMDC20558440	1	0	0	0	0	0	0	0	0	0	R
NMDC20558441	1	0	0	0	0	0	0	0	0	0	R
NMDC20556422	1	0	0	0	0	0	0	0	0	0	R
NMDC20554433	1	0	0	0	0	0	0	0	0	0	R
NMDC20554434	0	0	0	0	0	0	0	1	0	0	R
NMDC20558442	1	0	0	0	0	0	0	0	0	0	R
NMDC20588272	1	0	0	0	0	0	0	0	0	0	R
NMDC20558443	0	1	0	1	0	0	1	0	0	1	R
NMDC20556423	0	0	0	1	0	1	0	0	0	0	R
NMDC20558444	1	0	0	0	0	0	0	0	0	0	R
NMDC20556424	1	0	0	0	0	0	0	0	0	0	R
NMDC20552432	1	0	0	1	0	0	0	0	0	0	R
NMDC20558446	0	0	0	0	0	0	0	1	0	0	R
NMDC20588277	1	0	0	0	0	0	0	0	0	0	R
NMDC20588279	1	0	0	0	0	0	0	0	0	0	R
NMDC20554439	1	0	0	0	0	0	0	0	0	0	R
NMDC20554440	1	0	0	0	0	0	0	0	0	0	R
NMDC20552434	1	0	0	0	0	0	0	0	0	0	R
NMDC20554441	1	0	0	0	0	0	0	0	0	0	R
NMDC20588283	1	0	0	0	0	0	0	0	0	0	R
NMDC20554442	0	0	0	0	0	0	0	0	1	1	R
NMDC20558449	1	0	0	0	0	0	0	0	0	0	R
NMDC20588285	0	1	0	1	0	0	0	0	1	1	R
NMDC20588286	1	0	0	0	0	0	0	0	0	0	R
NMDC20588287	1	0	0	0	0	0	0	0	0	0	R
NMDC20588288	0	0	0	1	1	0	0	0	0	0	R
NMDC20552435	1	0	0	1	0	0	0	0	0	0	R
NMDC20558452	1	0	0	0	0	0	0	0	0	0	R
NMDC20588289	1	0	0	0	0	0	0	0	0	0	R
NMDC20552436	1	0	0	0	0	0	0	0	0	0	R
NMDC20588294	1	0	0	0	0	0	0	0	0	0	R
NMDC20588296	1	0	0	0	0	0	0	0	0	0	R
NMDC20588297	1	0	0	0	0	0	0	0	0	0	R
NMDC20552438	0	0	0	0	0	0	0	0	0	0	R
NMDC20588298	1	0	0	0	0	0	0	0	0	0	R
NMDC20554443	0	0	0	1	0	0	0	0	0	1	R
NMDC20552439	1	0	0	0	0	0	0	0	0	0	R
NMDC20552440	1	0	0	0	0	0	0	0	0	0	R
NMDC20588301	1	0	0	0	0	0	0	0	0	0	R
NMDC20554445	1	0	0	0	0	1	0	0	0	0	R
NMDC20588303	1	0	0	1	0	0	0	0	0	0	R
NMDC20556433	1	0	0	1	0	0	0	0	0	1	R
NMDC20556436	1	0	0	1	1	1	0	0	0	0	R
NMDC20588304	0	0	0	0	0	0	0	1	0	0	R
NMDC20556437	0	1	0	1	1	0	0	0	0	0	R
NMDC20552442	0	0	0	0	0	0	0	0	0	0	R
NMDC20588305	1	0	0	0	0	0	0	0	0	0	R
NMDC20552443	1	0	0	0	0	0	0	0	0	0	R
NMDC20588306	1	0	0	0	0	0	0	0	0	0	R
NMDC20556438	1	0	0	0	0	0	0	0	1	0	R
NMDC20556439	1	0	0	0	0	0	0	0	0	0	R
NMDC20588307	1	0	0	0	0	0	0	0	0	0	R
NMDC20588308	1	0	0	0	0	0	0	0	0	0	R
NMDC20554447	1	0	0	0	0	1	0	0	0	0	R
NMDC20554448	1	0	0	0	0	0	0	0	0	0	R
NMDC20552449	1	0	0	0	0	0	0	0	1	0	R
NMDC20556441	1	0	0	0	0	0	0	0	1	0	R
NMDC20552450	1	0	0	0	0	0	0	0	0	0	R
NMDC20558460	1	0	0	0	0	0	0	0	0	0	R
NMDC20588313	1	0	0	0	0	0	0	0	0	0	R
NMDC20558461	1	0	0	1	0	0	0	0	0	0	R
NMDC20558462	1	0	0	1	1	1	0	0	0	0	R
NMDC20588314	1	0	0	0	0	0	0	0	0	0	R
NMDC20558463	1	0	0	1	0	0	0	0	0	1	R
NMDC20588315	1	0	0	0	0	0	0	0	0	0	R
NMDC20556444	0	0	0	0	0	0	0	0	0	0	R
NMDC20558464	1	0	0	1	1	1	0	0	0	0	R
NMDC20556445	1	0	0	0	0	0	0	0	0	0	R
NMDC20558465	0	0	0	0	0	0	0	0	0	0	R
NMDC20554449	0	1	0	1	1	0	0	0	0	0	R
NMDC20588316	1	0	0	0	0	0	0	0	0	0	R
NMDC20588317	0	0	0	1	1	0	0	0	0	0	R
NMDC20588318	1	0	0	0	0	0	0	0	0	0	R
NMDC20588319	0	0	0	0	0	0	0	0	0	0	R
NMDC20588321	0	1	0	1	1	0	0	0	0	0	R
NMDC20552451	1	0	0	1	0	0	0	0	0	1	R
NMDC20558466	1	0	0	1	0	0	0	0	0	1	R
NMDC20588322	1	0	0	0	0	0	0	0	0	0	R
NMDC20554451	1	0	0	0	0	0	0	0	0	0	R
NMDC20556447	1	0	0	0	0	0	0	0	0	0	R
NMDC20552454	1	0	0	0	0	0	0	0	0	0	R
NMDC20554452	0	0	0	0	0	0	0	0	0	0	R
NMDC20558467	1	0	0	1	0	0	0	0	0	1	R
NMDC20558468	0	0	0	1	1	0	0	0	0	0	R
NMDC20554455	0	1	0	1	1	0	0	0	0	0	R
NMDC20588325	1	0	0	0	0	0	0	0	0	0	R
NMDC20552455	1	0	0	1	0	0	0	0	0	0	R
NMDC20558470	1	0	0	0	0	0	0	0	0	0	R
NMDC20554456	1	0	0	0	0	0	0	0	0	0	R
NMDC20558472	0	0	0	0	0	0	0	1	0	0	R
NMDC20558471	1	0	0	0	0	0	0	0	0	0	R
NMDC20554457	1	0	0	0	0	0	0	0	0	0	R
NMDC20588329	1	0	0	0	0	0	0	0	0	0	R
NMDC20554458	0	0	0	0	0	0	0	1	0	0	R
NMDC20552456	0	0	0	0	0	0	0	1	0	0	R
NMDC20556448	0	0	0	0	0	0	0	1	0	0	R
NMDC20556449	0	0	0	0	0	0	1	0	0	1	R
NMDC20588331	0	0	0	0	0	0	0	1	0	0	R
NMDC20552457	1	0	0	0	0	0	0	0	0	0	R
NMDC20588332	1	0	0	0	0	0	0	0	0	0	R
NMDC20558473	1	0	0	0	0	0	0	0	0	0	R
NMDC20554459	0	1	0	1	0	0	0	0	1	1	R
NMDC20554460	1	0	0	0	0	0	0	0	0	0	R
NMDC20552458	1	0	0	0	0	0	0	0	0	0	R
NMDC20588334	1	0	0	0	0	0	0	0	0	0	R
NMDC20554461	0	1	0	1	1	0	0	0	0	0	R
NMDC20588335	1	0	0	1	0	0	0	0	0	1	R
NMDC20588336	1	0	0	0	0	0	0	0	0	0	R
NMDC20556450	1	0	0	0	0	0	0	0	0	0	R
NMDC20552460	1	0	0	0	0	0	0	0	0	0	R
NMDC20556451	1	0	0	0	0	0	0	0	0	0	R
NMDC20588338	1	0	0	0	0	0	0	0	0	0	R
NMDC20588341	1	0	0	0	0	0	0	0	0	0	R
NMDC20552461	1	0	0	0	0	0	0	0	0	0	R
NMDC20588344	1	0	0	0	0	0	0	0	0	0	R
NMDC20552462	1	0	0	0	0	0	0	0	0	0	R
NMDC20554462	1	0	0	0	0	0	0	0	0	0	R
NMDC20588345	1	0	0	0	0	0	1	0	0	1	R
NMDC20588346	1	0	0	1	0	0	0	0	0	1	R
NMDC20558475	1	0	0	0	0	0	0	0	0	0	R
NMDC20556455	1	0	0	0	0	0	0	0	0	0	R
NMDC20588347	1	0	0	0	0	0	0	0	0	1	R
NMDC20554464	0	0	0	0	0	0	0	1	0	0	R
NMDC20588348	1	0	0	0	0	0	0	0	0	0	R
NMDC20588349	1	0	0	0	0	0	0	0	0	0	R
NMDC20558478	1	0	0	0	0	0	0	0	0	0	R
NMDC20556456	1	0	0	0	0	0	0	0	0	0	R
NMDC20554465	1	0	0	0	0	1	0	0	0	0	R
NMDC20552463	1	0	0	0	0	0	0	0	0	0	R
NMDC20554466	1	0	0	1	0	0	0	0	0	1	R
NMDC20556457	1	0	0	0	0	0	0	0	0	0	R
NMDC20588352	1	0	0	0	0	0	0	0	0	0	R
NMDC20588353	1	0	0	1	0	0	0	0	0	1	R
NMDC20558481	0	0	0	0	0	0	0	1	0	0	R
NMDC20558479	1	1	0	1	0	0	1	0	0	0	R
NMDC20556458	0	0	0	0	0	0	0	0	0	0	R
NMDC20588355	1	0	0	0	0	0	0	0	0	0	R
NMDC20556463	0	0	0	0	0	0	0	1	0	0	R
NMDC20558482	0	0	0	0	0	0	0	1	0	0	R
NMDC20552466	1	0	0	0	0	0	0	0	0	0	R
NMDC20588358	1	0	0	0	0	0	0	0	0	0	R
NMDC20556462	1	0	0	1	0	0	0	0	0	1	R
NMDC20552467	1	0	0	0	0	0	0	0	0	0	R
NMDC20588360	0	0	0	0	0	0	0	1	0	0	R
NMDC20554468	1	0	0	0	0	0	0	0	0	0	R
NMDC20588361	1	0	0	0	0	0	0	0	0	0	R
NMDC20588362	0	0	0	1	0	0	0	0	0	0	R
NMDC20552468	1	0	0	0	0	0	0	0	1	0	R
NMDC20554469	0	0	0	0	0	0	0	1	0	0	R
NMDC20588363	0	0	0	0	0	0	0	1	0	0	R
NMDC20588364	1	0	0	0	0	0	0	0	0	0	R
NMDC20588365	1	0	0	0	0	0	0	0	0	0	R
NMDC20588366	1	0	0	0	0	0	0	0	0	0	R
NMDC20556465	1	0	1	0	0	0	0	0	0	1	R
NMDC20588371	0	0	0	0	0	0	1	0	0	1	R
NMDC20558486	1	0	0	0	0	0	0	0	0	0	R
NMDC20554472	1	0	0	0	0	0	0	0	0	0	R
NMDC20552470	1	0	0	0	0	0	0	0	0	0	R
NMDC20552471	0	0	0	0	0	1	0	0	0	0	R
NMDC20556470	1	0	0	0	0	0	0	0	0	0	R
NMDC20558488	1	0	0	0	0	0	0	0	0	0	R
NMDC20588374	0	0	0	0	0	1	0	0	0	0	R
NMDC20558489	0	0	0	0	0	0	0	0	1	1	R
NMDC20588375	1	0	0	0	0	0	1	0	0	1	R
NMDC20554475	0	0	0	0	0	0	0	0	0	0	R
NMDC20554473	0	0	0	0	0	1	0	1	0	0	R
NMDC20588377	1	0	0	1	0	0	0	0	0	0	R
NMDC20588378	0	0	0	0	0	0	0	1	0	0	R
NMDC20556471	1	0	0	0	0	0	0	0	0	0	R
NMDC20588380	0	1	0	1	1	0	0	0	0	0	R
NMDC20554474	0	0	0	0	0	1	0	0	0	0	R
NMDC20588381	1	0	0	0	0	0	0	0	0	0	R
NMDC20588382	1	0	0	0	0	0	0	0	0	0	R
NMDC20556472	1	0	0	0	0	0	0	0	0	0	R
NMDC20588383	0	0	0	0	0	0	0	0	1	1	R
NMDC20552474	1	0	0	0	0	0	0	0	0	0	R
NMDC20552475	1	0	0	0	0	0	0	0	0	0	R
NMDC20558493	1	0	0	0	0	0	0	0	0	0	R
NMDC20588386	1	0	0	0	0	0	0	0	0	0	R
NMDC20554476	1	0	0	0	0	0	0	0	0	0	R
NMDC20552476	1	0	0	0	0	0	0	0	0	0	R
NMDC20588389	0	0	0	0	0	0	0	0	0	0	R
NMDC20556474	0	0	1	0	0	0	0	0	0	0	R
NMDC20554480	0	0	0	0	0	0	0	0	0	0	R
NMDC20554481	0	0	0	0	0	1	0	0	0	0	R
NMDC20552477	1	0	0	0	0	0	0	0	0	0	R
NMDC20552478	1	0	0	0	0	0	0	0	0	0	R
NMDC20588393	0	0	1	0	0	0	0	0	0	0	R
NMDC20556476	0	0	1	0	0	0	0	0	0	0	R
NMDC20554487	1	0	0	0	0	0	0	0	0	0	R
NMDC20588395	1	0	0	0	0	0	0	0	0	0	R
NMDC20588396	1	0	0	1	0	0	0	0	0	0	R
NMDC20588397	1	0	0	0	0	0	0	0	0	0	R
NMDC20554485	1	0	0	0	0	0	0	0	0	0	R
NMDC20554486	1	0	0	0	0	0	0	0	0	0	R
NMDC20588398	1	0	0	0	0	0	0	0	0	0	R
NMDC20552480	1	0	0	0	0	0	0	0	0	0	R
NMDC20588400	1	0	0	0	0	0	0	0	0	0	R
NMDC20588401	1	0	0	0	0	0	0	0	0	0	R
NMDC20558497	1	0	0	0	0	0	0	0	0	0	R
NMDC20556479	0	0	0	0	0	0	0	0	0	0	R
NMDC20588406	1	0	0	0	0	0	0	0	0	0	R
NMDC20554488	1	0	0	0	0	0	0	0	0	0	R
NMDC20556480	1	0	0	0	0	0	0	0	0	0	R
NMDC20556481	1	0	0	0	0	0	0	0	0	0	R
NMDC20588408	0	0	0	0	0	0	1	0	0	1	R
NMDC20588409	1	0	0	0	0	0	0	0	0	0	R
NMDC20556482	0	0	0	0	0	1	0	0	0	0	R
NMDC20554489	1	0	0	0	0	0	0	0	0	0	R
NMDC20588410	1	0	0	0	0	0	0	0	0	0	R
NMDC20588411	1	0	0	0	0	0	0	0	0	0	R
NMDC20558499	1	0	0	0	0	0	0	0	0	0	R
NMDC20588412	1	0	0	0	0	0	0	0	0	0	R
NMDC20588414	1	0	0	0	0	0	0	0	0	0	R
NMDC20588415	1	0	0	0	0	0	0	0	0	0	R
NMDC20554490	0	0	0	0	0	0	0	0	0	0	R
NMDC20552483	0	0	0	0	0	0	0	0	0	0	R
NMDC20554491	0	0	0	0	0	0	0	0	0	0	R
NMDC20554492	0	0	0	0	0	1	0	1	0	0	R
NMDC20588419	1	0	0	0	0	0	0	0	0	0	R
NMDC20588420	0	0	0	0	0	1	0	0	0	0	R
NMDC20588421	1	0	0	0	0	0	0	0	0	0	R
NMDC20588422	1	0	0	0	0	0	0	0	0	0	R
NMDC20552484	1	0	0	0	0	0	0	0	0	0	R
NMDC20558500	1	0	0	0	0	0	0	0	0	0	R
NMDC20554494	1	0	0	0	0	0	0	0	0	0	R
NMDC20552486	1	0	0	0	0	0	0	0	0	0	R
NMDC20558501	1	0	0	0	0	0	0	0	0	0	R
NMDC20588425	1	0	0	0	0	0	0	0	0	1	R
NMDC20588427	1	0	0	1	0	0	0	0	0	0	R
NMDC20556486	0	0	0	0	0	0	1	0	0	0	R
NMDC20588428	1	0	0	1	0	0	0	0	0	0	R
NMDC20556488	1	0	0	0	0	0	0	0	0	0	R
NMDC20588430	1	0	0	0	0	0	0	0	0	0	R
NMDC20558504	0	0	0	1	1	0	0	0	0	0	R
NMDC20552490	0	0	1	0	0	0	0	0	0	0	R
NMDC20558505	1	0	0	0	0	0	0	0	0	0	R
NMDC20588432	1	0	0	0	0	0	0	0	0	0	R
NMDC20588434	0	0	0	0	0	1	0	0	0	0	R
NMDC20588435	1	0	0	0	0	0	0	0	0	0	R
NMDC20554498	0	1	0	1	0	0	1	0	0	1	R
NMDC20588436	1	0	0	0	0	0	0	0	0	0	R
NMDC20554501	1	0	0	0	0	0	0	0	0	0	R
NMDC20588437	0	0	0	0	0	0	0	0	0	0	R
NMDC20556489	1	0	0	1	0	1	0	0	0	0	R
NMDC20588438	1	0	0	0	0	1	0	0	0	0	R
NMDC20556491	1	0	0	0	0	0	0	0	0	0	R
NMDC20558508	1	0	0	0	0	0	0	0	0	0	R
NMDC20552496	0	0	0	0	0	0	0	0	0	0	R
NMDC20588440	0	0	0	0	0	0	0	0	0	0	R
NMDC20556490	0	0	0	0	0	0	0	0	0	0	R
NMDC20554503	1	0	0	0	0	0	0	0	0	0	R
NMDC20552498	1	0	0	0	0	0	0	0	0	0	R
NMDC20554504	1	0	0	0	0	0	0	0	0	0	R
NMDC20558510	1	0	0	0	0	0	0	0	0	0	R
NMDC20552499	1	0	0	0	0	0	0	0	0	0	R
NMDC20552500	1	0	0	0	0	0	0	0	0	0	R
NMDC20556492	1	0	0	0	0	0	0	0	0	0	R
NMDC20554508	0	0	0	0	0	0	0	0	0	0	R
NMDC20556493	1	0	0	1	0	0	0	0	0	0	R
NMDC20588443	0	1	0	1	1	0	0	0	0	0	R
NMDC20554506	1	0	0	0	0	0	0	0	0	0	R
NMDC20554507	1	0	0	0	0	0	0	0	0	0	R
NMDC20588447	0	0	0	0	0	1	0	0	0	0	R
NMDC20588450	0	1	0	1	0	0	1	0	0	0	R
NMDC20552501	1	0	0	0	0	1	0	0	0	0	R
NMDC20588451	0	0	0	0	0	1	0	0	0	0	R
NMDC20588452	0	1	0	1	0	0	1	0	0	0	R
NMDC20556497	1	0	0	1	0	1	0	0	0	1	R
NMDC20588453	1	0	0	0	0	0	0	0	0	0	R
NMDC20552505	1	0	0	0	0	0	0	0	0	0	R
NMDC20552506	1	0	0	0	0	0	0	0	0	0	R
NMDC20558511	1	0	0	0	0	0	0	0	0	0	R
NMDC20552507	1	0	0	0	0	0	0	0	0	0	R
NMDC20588454	1	0	0	0	0	0	0	0	0	0	R
NMDC20556499	1	0	0	0	0	0	0	0	0	0	R
NMDC20558512	0	0	0	1	1	1	0	0	0	1	R
NMDC20556498	0	1	0	1	0	0	1	0	0	1	R
NMDC20588457	1	0	0	0	0	0	0	0	0	0	R
NMDC20552508	0	0	0	0	0	1	0	0	0	0	R
NMDC20558514	1	0	0	0	0	0	0	0	0	0	R
NMDC20588458	0	0	0	0	0	1	0	0	0	0	R
NMDC20556501	1	0	0	1	0	0	0	0	0	0	R
NMDC20558515	1	0	0	1	0	0	0	0	0	0	R
NMDC20554512	1	0	0	0	0	0	0	0	0	0	R
NMDC20554513	1	0	0	0	0	0	0	0	0	0	R
NMDC20554514	1	0	0	0	0	1	0	0	0	0	R
NMDC20558516	1	0	0	0	0	1	0	0	0	0	R
NMDC20558517	1	0	0	0	0	0	0	0	0	0	R
NMDC20588461	1	0	0	0	0	0	0	0	0	0	R
NMDC20556502	1	0	0	0	0	0	0	0	0	0	R
NMDC20554516	0	0	0	0	0	0	0	0	0	0	R
NMDC20552510	1	0	0	1	0	0	0	0	0	0	R
NMDC20588464	1	0	0	0	0	0	0	0	0	0	R
NMDC20552512	0	0	0	0	0	1	0	0	0	0	R
NMDC20588466	0	1	0	1	0	0	1	0	1	1	R
NMDC20552513	1	0	0	1	0	0	0	0	0	1	R
NMDC20556503	1	0	0	1	0	0	0	0	0	0	R
NMDC20552514	0	0	0	0	0	1	0	0	0	0	R
NMDC20556504	1	0	0	1	0	0	0	0	0	0	R
NMDC20552515	1	0	0	0	0	0	0	0	0	0	R
NMDC20588469	1	0	0	1	0	0	0	0	0	0	R
NMDC20558518	1	0	0	0	0	0	0	0	0	0	R
NMDC20558520	1	0	0	0	0	0	0	0	0	0	R
NMDC20588470	0	0	0	0	0	0	0	0	0	0	R
NMDC20588471	1	0	0	1	0	0	0	0	0	0	R
NMDC20556505	0	1	0	1	1	0	0	0	0	0	R
NMDC20558519	1	0	0	0	0	0	0	0	0	0	R
NMDC20588473	1	0	0	0	0	0	0	0	0	0	R
NMDC20552517	1	0	0	0	0	0	0	0	0	0	R
NMDC20588475	1	0	0	1	0	0	0	0	0	0	R
NMDC20556507	1	0	0	0	0	0	0	0	0	0	R
NMDC20588476	1	0	0	0	0	0	0	0	0	0	R
NMDC20588477	1	0	0	0	0	0	0	0	0	0	R
NMDC20552518	1	0	0	0	0	0	0	0	0	0	R
NMDC20554520	0	0	0	0	0	1	0	0	0	0	R
NMDC20558523	0	0	0	0	0	1	0	0	0	0	R
NMDC20558526	1	0	0	0	0	0	0	0	0	0	R
NMDC20588478	1	0	0	0	0	0	0	0	0	0	R
NMDC20558525	1	0	0	0	0	0	0	0	0	0	R
NMDC20588479	0	0	0	0	0	1	0	0	0	0	R
NMDC20552519	1	0	0	0	0	0	0	0	0	0	R
NMDC20558529	1	0	0	0	0	0	0	0	0	0	R
NMDC20588481	1	0	0	1	0	0	0	0	0	0	R
NMDC20552521	1	0	0	1	0	0	0	0	0	0	R
NMDC20552524	1	0	0	0	0	0	0	0	0	0	R
NMDC20552523	1	0	0	0	0	0	0	0	0	0	R
NMDC20554523	1	0	0	0	0	0	0	0	0	0	R
NMDC20588483	1	0	0	0	0	0	0	0	0	0	R
NMDC20554524	1	0	0	0	0	0	0	0	0	0	R
NMDC20588484	1	0	0	0	0	0	0	0	0	0	R
NMDC20588485	1	0	0	1	0	0	0	0	0	0	R
NMDC20554528	1	0	0	0	0	0	0	0	0	0	R
NMDC20588486	1	0	0	0	0	0	0	0	0	0	R
NMDC20588487	1	0	0	0	0	0	0	0	0	1	R
NMDC20556512	1	0	0	0	0	0	0	0	0	0	R
NMDC20588488	1	1	0	1	0	0	1	0	0	1	R
NMDC20554527	1	0	0	1	0	0	0	0	0	0	R
NMDC20552525	1	0	0	0	0	0	0	0	0	0	R
NMDC20552528	1	0	0	0	0	0	0	0	0	0	R
NMDC20588489	0	0	0	0	0	0	0	0	0	0	R
NMDC20552526	1	0	0	0	0	0	0	0	0	0	R
NMDC20556514	1	0	0	0	0	0	0	0	0	0	R
NMDC20556516	0	0	0	0	0	0	0	0	1	1	R
NMDC20556518	1	0	0	1	0	0	0	0	0	1	R
NMDC20558530	1	0	0	0	0	0	0	0	0	0	R
NMDC20588495	1	0	0	1	0	0	0	0	0	1	R
NMDC20558531	1	0	0	0	0	0	0	0	0	0	R
NMDC20588496	1	0	0	0	0	0	0	0	0	0	R
NMDC20556520	1	0	0	0	0	0	0	0	0	0	R
NMDC20554529	1	0	0	0	0	0	0	0	0	0	R
NMDC20554530	1	0	0	0	0	0	0	0	0	0	R
NMDC20552529	1	0	0	0	0	0	0	0	0	0	R
NMDC20556521	1	0	0	0	0	0	0	0	0	0	R
NMDC20552530	1	0	0	0	0	0	0	0	0	1	R
NMDC20588498	1	0	0	1	0	0	0	0	0	1	R
NMDC20588499	1	0	0	0	0	0	0	0	0	0	R
NMDC20554532	1	0	0	1	0	0	0	0	0	1	R
NMDC20552531	1	0	0	1	0	0	0	0	0	0	R
NMDC20556526	1	0	0	0	0	0	0	0	0	0	R
NMDC20558532	0	0	0	0	1	0	0	0	0	0	R
NMDC20556524	1	0	0	1	0	0	0	0	0	1	R
NMDC20588500	1	0	0	0	0	0	0	0	0	0	R
NMDC20554533	1	1	0	1	0	0	0	0	1	1	R
NMDC20588501	1	0	0	0	0	0	0	0	0	0	R
NMDC20552532	0	0	0	0	0	0	0	0	0	0	R
NMDC20588503	0	0	0	0	0	0	0	0	0	0	R
NMDC20588504	1	0	0	0	0	0	0	0	1	0	R
NMDC20556525	1	0	0	0	0	0	0	0	0	0	R
NMDC20558536	0	0	0	0	0	1	0	0	0	0	R
NMDC20556527	1	0	0	0	0	0	0	0	0	0	R
NMDC20552533	1	0	0	0	0	0	0	0	0	0	R
NMDC20558535	1	0	1	0	0	0	0	0	0	0	R
NMDC20552536	1	0	0	1	0	1	0	0	0	0	R
NMDC20556528	1	0	0	0	0	0	0	0	0	0	R
NMDC20588507	1	0	0	0	0	0	0	0	0	0	R
NMDC20556529	1	0	0	0	0	0	0	0	0	0	R
NMDC20552538	0	0	0	1	0	1	0	0	0	0	R
NMDC20558537	0	0	0	0	0	0	0	0	1	1	R
NMDC20588512	1	0	0	0	0	0	0	0	0	0	R
NMDC20588513	1	0	0	1	1	1	0	0	0	0	R
NMDC20552540	1	0	0	1	1	1	0	0	0	0	R
NMDC20554536	0	1	0	1	0	1	1	0	0	1	R
NMDC20588515	1	0	0	0	0	0	0	0	0	0	R
NMDC20552541	0	0	0	0	0	0	0	1	0	0	R
NMDC20554537	0	0	0	0	0	0	0	1	0	0	R
NMDC20588516	1	0	0	0	0	0	0	0	0	0	R
NMDC20554538	1	0	0	0	0	0	0	0	0	0	R
NMDC20554539	1	0	0	1	0	0	0	0	0	0	R
NMDC20554540	1	0	0	1	0	0	0	0	0	0	R
NMDC20556531	1	0	0	0	0	0	0	0	0	0	R
NMDC20552542	1	0	0	0	0	0	0	0	0	0	R
NMDC20558538	1	0	0	0	0	0	0	0	0	0	R
NMDC20554541	0	0	0	1	0	1	0	0	0	0	R
NMDC20558540	1	0	0	0	0	0	0	0	0	0	R
NMDC20588517	1	0	0	0	0	0	0	0	0	0	R
NMDC20554542	1	0	0	0	0	0	0	0	0	0	R
NMDC20554544	1	0	0	0	0	0	0	0	0	0	R
NMDC20588518	1	0	0	0	0	1	0	0	0	0	R
NMDC20554546	0	1	0	1	0	0	1	0	0	0	R
NMDC20558542	1	0	0	1	0	0	0	0	0	0	R
NMDC20558543	1	0	0	1	0	0	0	0	0	1	R
NMDC20588522	0	0	0	0	0	1	0	0	0	1	R
NMDC20556532	1	0	0	0	0	0	0	0	0	0	R
NMDC20588523	1	0	0	0	0	0	0	0	0	0	R
NMDC20588524	1	0	0	0	0	0	0	0	0	0	R
NMDC20588526	1	0	0	1	1	1	0	0	0	0	R
NMDC20588527	1	0	0	1	0	0	0	0	0	1	R
NMDC20552546	0	0	0	1	0	1	0	0	0	0	R
NMDC20588528	0	0	0	0	0	0	0	0	0	0	R
NMDC20556534	0	0	0	0	0	0	0	0	0	0	R
NMDC20588529	0	0	0	0	0	0	0	0	0	0	R
NMDC20588530	0	0	0	0	0	0	0	0	0	0	R
NMDC20556535	0	0	0	0	0	0	0	0	0	0	R
NMDC20588532	1	0	0	0	0	0	0	0	0	0	R
NMDC20588533	1	0	0	0	0	0	0	0	0	0	R
NMDC20556536	0	0	1	0	0	0	0	0	0	0	R
NMDC20552547	1	0	0	0	0	0	0	0	0	0	R
NMDC20588534	1	0	0	1	0	0	0	0	0	0	R
NMDC20588535	0	0	0	0	0	0	0	0	0	0	R
NMDC20558547	1	0	0	0	0	0	0	0	0	0	R
NMDC20554550	0	0	0	0	0	0	0	0	0	0	R
NMDC20588536	1	0	0	0	0	1	0	0	0	0	R
NMDC20588537	1	0	0	1	0	0	0	0	0	0	R
NMDC20588538	0	0	0	0	0	0	0	0	0	0	R
NMDC20556539	1	0	0	1	1	1	0	0	0	0	R
NMDC20558550	0	1	0	1	1	0	0	0	0	0	R
NMDC20588540	1	0	0	0	0	0	0	0	0	0	R
NMDC20552550	1	0	0	0	0	0	0	0	0	0	R
NMDC20588542	0	1	0	1	1	0	0	0	0	0	R
NMDC20588543	0	1	0	1	0	0	1	0	0	1	R
NMDC20558551	1	0	0	0	0	0	0	0	0	0	R
NMDC20552551	1	0	0	1	0	0	0	0	0	1	R
NMDC20588544	1	0	0	1	0	0	0	0	0	0	R
NMDC20556541	1	0	0	1	0	0	0	0	0	0	R
NMDC20556543	0	0	0	1	0	1	0	0	0	0	R
NMDC20556544	1	0	0	1	0	0	0	0	0	0	R
NMDC20588545	1	0	0	0	0	0	0	0	0	0	R
NMDC20588546	1	0	0	1	1	1	0	0	0	0	R
NMDC20588549	1	0	0	1	0	0	0	0	0	1	R
NMDC20556545	1	0	0	0	0	0	0	0	0	0	R
NMDC20588551	1	0	0	1	0	0	0	0	0	1	R
NMDC20554555	1	0	0	0	0	0	0	0	0	0	R
NMDC20588552	1	0	0	0	0	0	0	0	0	0	R
NMDC20556546	1	0	0	0	0	0	0	0	0	0	R
NMDC20556547	1	0	0	0	0	0	0	0	0	0	R
NMDC20588554	1	0	0	0	0	0	0	0	0	0	R
NMDC20556548	1	0	0	0	0	0	0	0	0	0	R
NMDC20588556	1	0	0	0	0	0	0	0	0	0	R
NMDC20554556	1	0	0	1	0	0	0	0	0	1	R
NMDC20588557	1	0	0	0	0	0	0	0	0	0	R
NMDC20552552	1	0	0	0	0	0	0	0	0	0	R
NMDC20588558	1	0	0	1	0	0	0	0	0	1	R
NMDC20554557	1	0	0	1	0	0	0	0	0	1	R
NMDC20552553	1	0	0	0	0	0	0	0	0	0	R
NMDC20552554	1	0	0	0	0	0	0	0	0	0	R
NMDC20552555	1	1	0	1	0	0	0	0	1	0	R
NMDC20558556	0	0	0	1	1	0	0	0	0	0	R
NMDC20558557	0	1	0	1	0	0	1	0	0	1	R
NMDC20558558	1	0	0	0	0	0	0	0	0	0	R
NMDC20556549	1	0	0	0	0	0	0	0	0	0	R
NMDC20588560	1	0	0	1	0	0	0	0	0	0	R
NMDC20556550	1	0	0	0	0	0	0	0	0	0	R
NMDC20552556	1	0	0	1	0	0	0	0	0	0	R
NMDC20588562	1	0	0	0	0	0	0	0	0	0	R
NMDC20558560	1	0	0	1	0	1	0	0	0	0	R
NMDC20588563	1	0	0	1	0	0	0	0	0	1	R
NMDC20556553	1	0	0	0	0	1	0	0	0	0	R
NMDC20554559	1	0	0	0	0	0	0	0	0	0	R
NMDC20554560	1	0	0	1	0	0	0	0	0	1	R
NMDC20556554	1	0	0	0	0	0	0	0	0	0	R
NMDC20588564	0	0	0	1	1	0	0	0	0	0	R
NMDC20552559	1	0	0	0	0	0	0	0	0	1	R
NMDC20556555	1	0	0	1	1	1	0	0	0	0	R
NMDC20552561	1	0	0	0	0	0	0	0	0	0	R
NMDC20552562	1	0	0	0	0	0	0	0	0	0	R
NMDC20554561	0	0	0	1	0	1	0	0	0	0	R
NMDC20558562	0	1	0	1	0	0	1	0	0	0	R
NMDC20588567	0	1	0	1	0	0	1	0	0	0	R
NMDC20552563	1	0	0	0	0	0	0	0	0	0	R
NMDC20588571	1	0	0	1	0	0	0	0	0	0	R
NMDC20558563	1	0	0	0	0	1	0	0	0	0	R
NMDC20558564	1	0	0	1	0	0	0	0	0	0	R
NMDC20556557	1	0	1	0	0	0	0	0	0	1	R
NMDC20554563	0	0	0	0	0	0	0	0	0	1	R
NMDC20558569	1	0	0	0	0	0	0	0	0	0	R
NMDC20554565	1	0	0	1	0	0	0	0	0	0	R
NMDC20558570	1	0	0	0	0	0	0	0	0	0	R
NMDC20556561	1	0	0	0	0	0	0	0	0	0	R
NMDC20558571	0	0	0	0	0	0	0	0	0	0	R
NMDC20554567	1	0	0	1	0	0	0	0	0	1	R
NMDC20588576	1	0	0	0	0	0	0	0	0	0	R
NMDC20588579	1	0	0	0	0	0	0	0	0	0	R
NMDC20556562	1	0	0	0	0	0	0	0	0	0	R
NMDC20558572	1	0	0	0	0	0	0	0	0	0	R
NMDC20552568	1	0	0	0	0	0	0	0	0	0	R
NMDC20588582	1	0	1	0	0	0	0	0	0	0	R
NMDC20588585	1	0	1	0	0	0	0	0	0	0	R
NMDC20554570	1	0	1	1	0	0	0	0	0	0	R
NMDC20588587	0	0	1	0	0	0	0	0	0	0	R
NMDC20556563	0	1	0	1	0	0	1	0	0	0	R
NMDC20556564	1	0	0	1	0	0	0	0	0	0	R
NMDC20588603	0	1	0	1	0	0	1	0	0	0	R
NMDC20588605	1	0	0	1	0	0	0	0	0	0	R
NMDC20588606	1	0	0	1	0	0	0	0	0	0	R
NMDC20588608	0	1	0	1	0	0	1	0	0	0	R
NMDC20588610	1	0	0	1	0	0	0	0	0	0	R
NMDC20556566	1	0	0	1	0	0	0	0	0	0	R
NMDC20588615	0	0	0	1	1	0	0	0	0	0	R
NMDC20552570	1	0	0	1	0	0	0	0	0	0	R
NMDC20554572	1	0	0	0	0	0	0	0	0	0	R
NMDC20556567	0	1	0	1	1	0	0	0	0	0	R
NMDC20588618	0	1	0	1	1	0	0	0	0	0	R
NMDC20552571	1	0	0	0	0	0	0	0	1	0	R
NMDC20588619	1	0	0	1	0	0	0	0	0	0	R
NMDC20552572	1	0	0	1	0	0	0	0	0	0	R
NMDC20588621	1	0	0	0	0	0	0	0	0	0	R
NMDC20552573	1	1	0	1	0	0	0	0	1	1	R
NMDC20552574	1	0	0	1	0	1	0	0	0	0	R
NMDC20558573	1	0	0	0	0	0	0	0	0	0	R
NMDC20554573	1	0	0	0	0	0	0	0	0	0	R
NMDC20556568	1	0	0	1	0	0	0	0	0	0	R
NMDC20588622	0	1	0	1	0	0	1	0	0	1	R
NMDC20588623	1	1	0	1	0	0	1	0	0	1	R
NMDC20554574	1	0	0	0	0	0	0	0	0	0	R
NMDC20588627	1	0	0	0	0	0	0	0	0	0	R
NMDC20556569	1	0	0	0	0	0	0	0	1	0	R
NMDC20556570	1	1	0	1	0	0	1	0	0	1	R
NMDC20558574	0	1	0	1	0	0	1	0	1	1	R
NMDC20556571	1	0	0	0	0	0	0	0	0	0	R
NMDC20554576	1	0	0	0	0	0	0	0	0	0	R
NMDC20556572	1	0	0	0	0	1	0	0	0	0	R
NMDC20558575	1	0	0	0	0	0	0	0	0	0	R
NMDC20588629	0	1	0	1	1	0	0	0	0	0	R
NMDC20556573	0	1	0	1	0	0	1	0	0	0	R
NMDC20588630	0	0	0	0	0	0	0	0	0	1	R
NMDC20588632	0	0	0	1	0	0	0	0	0	0	R
NMDC20552576	1	0	0	1	0	0	0	0	0	0	R
NMDC20552577	1	0	0	0	0	0	0	0	0	0	R
NMDC20556574	1	0	0	0	0	0	0	0	0	0	R
NMDC20556575	1	0	0	1	0	0	0	0	0	0	R
NMDC20552578	1	0	0	0	0	0	0	0	0	0	R
NMDC20554578	0	0	0	0	0	0	0	0	0	0	R
NMDC20556576	1	1	0	1	0	0	0	0	1	1	R
NMDC20556577	1	0	0	0	0	0	0	0	0	0	R
NMDC20552579	1	1	0	1	0	0	1	0	0	0	R
NMDC20588833	1	0	0	0	0	0	0	0	0	0	R
NMDC20552605	1	1	0	1	0	0	1	0	0	0	R
NMDC20588835	0	0	0	0	0	0	0	0	0	0	R
NMDC20552606	1	0	1	1	0	0	0	0	0	0	R
NMDC20554605	0	1	0	1	1	0	0	0	0	0	R
NMDC20556602	1	0	0	1	0	0	0	0	0	0	R
NMDC20588836	1	0	0	1	0	0	0	0	0	1	R
NMDC20554606	1	0	0	1	0	0	0	0	0	0	R
NMDC20588837	1	0	0	1	0	0	0	0	0	0	R
NMDC20588839	1	0	0	0	0	0	0	0	0	0	R
NMDC20558610	1	0	0	0	0	0	0	0	1	0	R
NMDC20552609	1	0	0	1	0	0	0	0	0	0	R
NMDC20556604	1	0	0	1	0	0	0	0	0	0	R
NMDC20558611	1	0	0	1	0	0	0	0	0	0	R
NMDC20588842	0	0	1	0	0	0	0	0	0	0	R
NMDC20552610	1	0	0	0	0	0	0	0	0	0	R
NMDC20552611	1	0	0	0	0	0	0	0	0	0	R
NMDC20558613	1	0	1	0	0	0	0	0	0	1	R
NMDC20588846	1	0	0	0	0	0	0	0	0	0	R
NMDC20558615	1	0	0	0	0	1	0	0	0	0	R
NMDC20588847	1	0	0	1	0	0	0	0	0	0	R
NMDC20588848	0	0	0	0	0	0	0	0	0	0	R
NMDC20588849	1	0	0	1	0	0	0	0	0	0	R
NMDC20588850	1	0	0	0	0	0	0	0	0	0	R
NMDC20554609	1	0	1	0	0	0	0	0	0	1	R
NMDC20588851	0	0	0	1	0	0	0	0	0	1	R
NMDC20554610	1	0	0	0	0	1	0	0	0	0	R
NMDC20588853	0	0	0	1	1	1	0	0	0	1	R
NMDC20558617	0	1	0	1	0	0	1	0	0	0	R
NMDC20554611	1	0	0	0	0	0	0	0	0	0	R
NMDC20554612	1	0	0	1	0	0	0	0	0	0	R
NMDC20554614	1	0	0	0	0	0	0	0	0	0	R
NMDC20556606	1	0	0	0	0	0	0	0	0	0	R
NMDC20552612	1	0	0	1	0	0	0	0	0	1	R
NMDC20554613	0	1	0	1	1	1	1	0	0	0	R
NMDC20588855	0	1	0	1	0	0	1	0	0	0	R
NMDC20558619	1	0	0	1	0	0	0	0	0	0	R
NMDC20552615	0	1	0	1	0	0	1	0	0	1	R
NMDC20554615	1	0	0	0	0	0	0	0	0	0	R
NMDC20588857	0	0	0	0	0	0	0	0	0	1	R
NMDC20588859	1	0	0	0	0	1	0	0	0	0	R
NMDC20588860	0	0	0	1	0	0	0	0	0	1	R
NMDC20556610	1	0	0	1	0	0	0	0	0	0	R
NMDC20558623	1	0	0	1	0	0	0	0	0	0	R
NMDC20588861	0	0	0	0	0	0	0	0	0	0	R
NMDC20552617	1	0	1	1	0	1	0	0	0	1	R
NMDC20554616	0	0	0	0	0	0	0	0	0	0	R
NMDC20588863	0	0	0	0	0	0	0	0	0	0	R
NMDC20588864	0	0	0	0	0	0	0	0	0	0	R
NMDC20554617	1	0	0	0	0	0	0	0	0	1	R
NMDC20556611	1	0	0	0	0	0	0	0	0	0	R
NMDC20556612	1	0	0	1	0	0	0	0	0	1	R
NMDC20558624	1	0	0	0	0	0	0	0	0	0	R
NMDC20556613	1	0	0	0	0	0	0	0	0	0	R
NMDC20588866	0	0	0	0	0	1	0	0	0	0	R
NMDC20558626	1	0	0	1	0	0	0	0	0	0	R
NMDC20556614	1	0	1	0	0	0	0	0	0	1	R
NMDC20588870	0	1	0	1	0	0	1	0	0	1	R
NMDC20588871	1	0	0	1	0	0	0	0	0	0	R
NMDC20554618	0	1	0	1	0	0	1	0	0	1	R
NMDC20556615	1	0	1	0	0	0	0	0	0	0	R
NMDC20588872	1	0	1	0	0	0	0	0	0	0	R
NMDC20588875	1	0	0	0	0	0	0	0	0	0	R
NMDC20554619	0	0	0	0	0	0	0	0	1	1	R
NMDC20552620	1	0	0	1	0	0	0	0	0	0	R
NMDC20554620	1	0	1	0	0	0	0	0	0	1	R
NMDC20588876	1	0	0	1	0	0	0	0	0	0	R
NMDC20588877	1	0	0	1	1	1	0	0	0	0	R
NMDC20556617	1	0	0	1	0	0	0	0	0	0	R
NMDC20552622	1	0	0	0	0	0	0	0	0	0	R
NMDC20588879	1	0	0	1	0	0	0	0	0	0	R
NMDC20588881	1	0	1	0	0	0	0	0	0	1	R
NMDC20552623	1	0	0	0	0	0	0	0	0	0	R
NMDC20588882	1	0	0	1	0	0	0	0	0	0	R
NMDC20558628	1	0	0	1	0	0	0	0	0	0	R
NMDC20588886	0	0	0	0	0	0	0	0	0	0	R
NMDC20556620	1	0	1	0	0	0	0	0	0	1	R
NMDC20558629	1	0	0	0	0	0	0	0	0	0	R
NMDC20554622	1	0	0	0	0	0	0	0	0	0	R
NMDC20588888	0	0	0	0	0	0	0	0	0	0	R
NMDC20556621	1	0	0	1	0	0	0	0	0	1	R
NMDC20588889	1	0	0	1	0	0	0	0	0	1	R
NMDC20552624	1	0	0	1	0	0	0	0	1	0	R
NMDC20554623	1	0	0	1	0	0	0	0	0	0	R
NMDC20558630	1	0	0	1	0	0	0	0	0	0	R
NMDC20554625	1	0	1	0	0	0	0	0	0	1	R
NMDC20558632	0	0	0	0	0	0	0	0	0	0	R
NMDC20588894	1	0	0	0	0	0	0	0	0	0	R
NMDC20588895	1	0	0	0	0	0	0	0	0	0	R
NMDC20552625	1	0	1	0	0	0	0	0	1	1	R
NMDC20554628	1	0	0	0	0	0	0	0	0	0	R
NMDC20588896	1	0	0	1	0	0	0	0	0	1	R
NMDC20556633	1	0	0	0	0	0	0	0	0	0	R
NMDC20558636	1	0	0	1	0	0	0	0	0	1	R
NMDC20556624	1	0	0	0	0	0	0	0	0	0	R
NMDC20588899	1	0	0	0	0	0	0	0	0	0	R
NMDC20552626	1	0	0	0	0	0	0	0	0	0	R
NMDC20588900	1	0	0	0	0	0	0	0	0	0	R
NMDC20556625	1	0	0	0	0	1	0	0	0	0	R
NMDC20556626	1	0	0	1	0	0	0	0	0	1	R
NMDC20556628	1	0	0	1	0	0	0	0	0	0	R
NMDC20556629	0	0	0	0	0	0	0	1	0	0	R
NMDC20588905	1	0	0	0	0	0	0	0	0	0	R
NMDC20554633	1	0	0	1	0	1	0	0	0	0	R
NMDC20558637	0	1	0	1	0	0	1	0	0	1	R
NMDC20554634	1	0	0	1	0	0	1	0	0	1	R
NMDC20554635	1	0	0	0	0	0	0	0	0	0	R
NMDC20558638	0	0	0	1	0	0	0	0	0	1	R
NMDC20552632	1	0	0	1	1	0	1	0	0	1	R
NMDC20588912	1	0	0	1	0	0	0	0	0	1	R
NMDC20588915	1	0	0	0	0	0	0	0	0	0	R
NMDC20558639	1	0	1	0	0	0	0	0	0	1	R
NMDC20556636	1	0	0	0	0	0	0	0	0	0	R
NMDC20556638	1	0	0	0	0	0	0	0	0	0	R
NMDC20556637	0	1	0	1	0	0	0	1	0	0	R
NMDC20588917	0	0	0	1	0	1	0	0	0	0	R
NMDC20588918	1	0	0	1	0	0	0	0	0	1	R
NMDC20588920	1	0	0	0	0	0	0	0	0	0	R
NMDC20554639	1	0	0	1	0	0	0	0	0	1	R
NMDC20554640	0	0	0	0	0	0	0	0	0	0	R
NMDC20588921	0	0	0	0	0	0	0	0	0	0	R
NMDC20588922	1	0	0	0	0	0	0	0	0	0	R
NMDC20554643	1	0	0	1	0	0	0	0	0	0	R
NMDC20588924	1	0	0	0	0	0	0	0	0	0	R
NMDC20556640	1	0	0	0	0	0	0	0	0	0	R
NMDC20552636	1	0	0	0	0	0	0	0	0	0	R
NMDC20552637	1	0	0	1	0	0	0	0	0	0	R
NMDC20556643	1	0	0	0	0	0	0	0	0	0	R
NMDC20588927	1	0	0	0	0	0	0	0	0	0	R
NMDC20558642	0	0	0	0	0	0	0	0	0	0	R
NMDC20588930	1	0	0	0	0	0	0	0	0	0	R
NMDC20588931	1	0	0	1	0	0	0	0	0	1	R
NMDC20588932	1	0	0	1	0	0	0	0	0	0	R
NMDC20554644	0	0	0	0	0	0	0	0	0	0	R
NMDC20558644	0	0	0	0	0	0	0	0	0	0	R
NMDC20552639	1	0	0	1	0	0	0	0	0	0	R
NMDC20554645	0	0	0	0	0	0	0	0	0	0	R
NMDC20588934	1	0	0	1	0	0	0	0	0	0	R
NMDC20558645	1	0	0	1	0	0	0	0	0	1	R
NMDC20552641	1	0	1	0	0	0	0	0	0	1	R
NMDC20554646	1	0	0	1	0	0	0	0	0	0	R
NMDC20588936	1	0	0	1	0	0	0	0	0	0	R
NMDC20552644	1	0	0	1	0	0	0	0	0	0	R
NMDC20552645	1	0	0	0	0	0	0	0	0	1	R
NMDC20588939	0	0	0	0	0	1	0	0	0	0	R
NMDC20556648	1	0	0	1	0	0	0	0	0	0	R
NMDC20552646	0	0	0	0	0	0	0	0	0	0	R
NMDC20552647	0	0	0	1	0	0	0	0	0	0	R
NMDC20588942	1	0	0	1	0	0	0	0	0	0	R
NMDC20556650	0	0	0	1	1	0	0	0	0	0	R
NMDC20554648	1	0	0	1	0	0	0	0	0	1	R
NMDC20588944	1	0	0	1	0	0	0	0	0	0	R
NMDC20588945	1	0	0	1	0	0	0	0	0	0	R
NMDC20588948	0	1	0	1	0	0	1	0	0	0	R
NMDC20558648	0	0	0	0	0	1	0	0	0	1	R
NMDC20556652	1	0	0	1	0	0	0	0	0	0	R
NMDC20554651	1	0	1	0	0	0	0	0	0	1	R
NMDC20588949	1	0	0	0	0	0	0	0	0	1	R
NMDC20552650	1	0	0	1	0	0	0	0	0	1	R
NMDC20552652	1	0	0	1	0	0	0	0	0	1	R
NMDC20588950	1	0	0	0	0	0	0	0	0	0	R
NMDC20558650	1	0	0	0	0	0	0	0	0	0	R
NMDC20556655	0	0	0	0	0	1	0	0	0	0	R
NMDC20558652	0	0	0	0	0	1	0	0	0	0	R
NMDC20554653	0	0	0	0	0	0	1	0	0	1	R
NMDC20588956	1	0	0	0	0	0	0	0	0	0	R
NMDC20558654	1	0	1	0	0	0	0	0	0	1	R
NMDC20554655	1	0	0	0	0	0	0	0	0	0	R
NMDC20558655	1	0	0	0	0	0	0	0	0	0	R
NMDC20588959	1	0	0	1	0	0	0	0	0	0	R
NMDC20554656	1	0	0	1	0	0	0	0	0	0	R
NMDC20588961	1	0	0	1	0	0	0	0	0	1	R
NMDC20588962	1	0	1	0	0	0	0	0	0	1	R
NMDC20552655	1	0	0	1	0	0	0	0	0	1	R
NMDC20588963	1	0	0	1	0	1	0	0	0	1	R
NMDC20588964	1	0	0	1	1	1	0	0	0	0	R
NMDC20588965	0	1	0	1	0	0	1	0	0	0	R
NMDC20558657	1	0	0	1	0	0	0	0	0	1	R
NMDC20554658	1	0	0	1	0	0	0	0	0	0	R
NMDC20588968	1	0	0	1	0	0	0	0	0	0	R
NMDC20554659	1	0	0	0	0	0	0	0	0	0	R
NMDC20556659	1	0	0	0	0	0	0	0	0	0	R
NMDC20588971	1	0	0	0	0	0	0	0	0	0	R
NMDC20552659	1	0	0	0	0	0	0	0	0	0	R
NMDC20558658	1	0	0	0	0	0	0	0	0	0	R
NMDC20588974	1	0	0	1	0	0	0	0	0	1	R
NMDC20558660	1	0	0	1	0	0	0	0	0	0	R
NMDC20554660	0	0	0	1	0	1	0	0	0	0	R
NMDC20556660	1	0	0	0	0	0	0	0	0	0	R
NMDC20558662	1	0	0	1	1	1	0	0	0	0	R
NMDC20588979	1	0	0	0	0	0	0	0	0	0	R
NMDC20556663	1	0	0	1	0	0	0	0	0	1	R
NMDC20588981	1	0	0	0	0	0	0	0	0	1	R
NMDC20588982	1	0	0	1	0	0	0	0	0	1	R
NMDC20588983	1	0	0	0	0	0	0	0	0	1	R
NMDC20588985	1	0	0	0	0	0	0	0	0	0	R
NMDC20588988	0	1	0	1	0	0	1	0	0	0	R
NMDC20558664	1	0	0	0	0	0	0	0	0	0	R
NMDC20558665	1	0	0	0	0	0	0	0	0	0	R
NMDC20556665	1	0	0	0	0	1	0	0	0	0	R
NMDC20588990	0	0	0	1	0	1	0	0	0	0	R
NMDC20558666	1	0	0	0	0	0	0	0	0	0	R
NMDC20552664	0	1	0	1	0	0	1	0	0	1	R
NMDC20552665	1	0	0	1	0	0	0	0	0	1	R
NMDC20588994	1	0	0	0	0	0	0	0	0	0	R
NMDC20588995	1	0	0	1	0	0	0	0	0	1	R
NMDC20558667	1	0	0	0	0	0	0	0	0	0	R
NMDC20552666	1	0	0	1	0	0	0	0	0	0	R
NMDC20552667	1	0	1	0	0	0	0	0	0	0	R
NMDC20589000	1	0	0	0	0	0	0	0	0	0	R
NMDC20589001	1	0	0	0	0	0	0	0	0	0	R
NMDC20589004	0	0	0	0	0	0	0	0	0	0	R
NMDC20589006	1	0	0	0	0	0	0	0	0	0	R
NMDC20589007	0	0	0	1	0	0	0	0	0	0	R
NMDC20589008	1	0	0	0	0	0	0	0	0	0	R
NMDC20582556	0	0	0	0	0	0	0	0	0	1	S
NMDC20582622	0	0	0	0	0	0	0	0	0	0	S
NMDC20582805	0	0	0	0	0	0	0	0	0	0	S
NMDC20554868	0	0	0	0	0	0	0	0	0	0	S
NMDC20582807	0	0	0	1	0	0	0	0	0	1	S
NMDC20552898	0	0	0	0	0	0	0	0	0	0	S
NMDC20582813	0	0	0	1	0	0	0	0	0	1	S
NMDC20582816	0	0	0	0	0	0	0	0	0	0	S
NMDC20582817	0	0	0	0	0	0	0	0	0	0	S
NMDC20550882	0	0	0	0	0	0	0	0	0	0	S
NMDC20550884	0	0	0	0	0	0	0	0	0	0	S
NMDC20582822	0	0	0	0	0	0	0	0	0	0	S
NMDC20554874	0	0	0	0	0	0	0	0	0	0	S
NMDC20582825	0	0	0	0	0	0	0	0	0	0	S
NMDC20552905	0	0	0	0	0	0	0	0	0	0	S
NMDC20582828	0	0	0	0	0	0	0	0	0	0	S
NMDC20554876	0	0	0	0	0	0	0	0	0	0	S
NMDC20550886	0	0	0	1	0	0	0	0	0	0	S
NMDC20556890	0	0	0	0	0	0	0	0	0	0	S
NMDC20582830	0	0	0	0	0	0	0	0	0	0	S
NMDC20582832	0	0	0	0	0	0	0	0	0	0	S
NMDC20552909	0	0	0	0	0	0	0	0	0	0	S
NMDC20582838	0	0	1	0	0	0	0	0	0	0	S
NMDC20556893	0	0	0	0	0	0	0	0	0	0	S
NMDC20552915	0	0	0	0	0	0	0	0	0	0	S
NMDC20550896	0	0	0	0	0	0	0	0	0	0	S
NMDC20556897	0	0	0	0	0	0	0	0	0	0	S
NMDC20552917	0	0	0	0	0	0	0	0	0	0	S
NMDC20550897	0	0	0	0	0	0	0	0	0	0	S
NMDC20550899	0	0	0	0	0	0	0	0	0	0	S
NMDC20552918	0	0	0	0	0	0	0	0	0	0	S
NMDC20582842	0	0	0	0	0	0	0	0	0	0	S
NMDC20550901	0	0	0	0	0	0	0	0	0	0	S
NMDC20582844	0	0	0	0	0	0	0	0	0	0	S
NMDC20582845	0	0	0	0	0	0	0	0	0	1	S
NMDC20582846	0	0	0	0	0	0	0	0	0	0	S
NMDC20556904	0	0	0	0	0	0	0	0	0	0	S
NMDC20582848	0	0	0	0	0	0	0	0	0	0	S
NMDC20556908	0	0	0	0	0	0	0	0	0	0	S
NMDC20582850	0	0	0	0	0	0	0	0	0	0	S
NMDC20556912	0	0	0	0	0	0	0	0	0	0	S
NMDC20550905	0	0	0	0	0	0	0	0	0	0	S
NMDC20550907	0	0	0	0	0	0	0	0	0	0	S
NMDC20552923	0	0	0	0	0	0	0	0	0	0	S
NMDC20582856	0	0	0	0	0	0	0	0	0	0	S
NMDC20582858	0	0	0	0	0	0	0	0	0	0	S
NMDC20582860	0	0	0	0	0	0	0	0	0	0	S
NMDC20554889	0	0	0	0	0	0	0	0	0	0	S
NMDC20582862	0	0	0	0	0	0	0	0	0	0	S
NMDC20552930	0	0	0	0	0	0	0	0	0	0	S
NMDC20554894	0	0	0	0	0	0	0	0	0	0	S
NMDC20550917	0	0	0	0	0	0	0	0	0	0	S
NMDC20550918	0	0	0	0	0	0	0	0	0	0	S
NMDC20582870	0	0	0	0	0	0	0	0	0	0	S
NMDC20554900	0	0	0	0	0	0	0	0	0	0	S
NMDC20552941	0	0	0	0	0	0	0	0	0	0	S
NMDC20582895	0	0	0	0	0	0	0	0	0	0	S
NMDC20582897	0	0	0	0	0	0	0	0	0	0	S
NMDC20582899	0	0	0	0	0	0	0	0	0	0	S
NMDC20582902	0	0	0	0	0	0	0	0	0	0	S
NMDC20582904	0	0	0	0	0	0	0	0	0	0	S
NMDC20582910	0	0	0	0	0	0	0	0	0	0	S
NMDC20551075	0	0	0	0	0	0	0	0	0	0	S
NMDC20551076	0	0	0	0	0	0	0	0	0	0	S
NMDC20557090	0	0	0	0	0	0	0	0	0	0	S
NMDC20553113	0	0	0	0	0	0	0	0	0	1	S
NMDC20557091	0	0	0	0	0	0	0	0	0	1	S
NMDC20583324	0	0	0	0	0	0	0	0	0	0	S
NMDC20583326	0	0	0	0	0	0	0	0	0	0	S
NMDC20583327	0	0	0	0	0	0	0	0	0	0	S
NMDC20583328	0	0	0	0	0	0	0	0	0	0	S
NMDC20583329	0	0	0	0	0	0	0	0	0	0	S
NMDC20583337	0	0	0	0	0	0	0	0	0	0	S
NMDC20583338	0	0	1	1	0	0	0	0	0	0	S
NMDC20583339	0	0	0	0	0	0	0	0	0	0	S
NMDC20583342	0	0	1	0	0	0	0	0	0	0	S
NMDC20583344	0	0	0	0	0	0	0	0	0	0	S
NMDC20583347	0	0	1	1	0	0	0	0	0	0	S
NMDC20583348	0	0	0	0	0	0	0	0	0	0	S
NMDC20583350	0	0	0	0	0	0	0	0	0	0	S
NMDC20584428	0	0	1	0	0	0	0	0	0	0	S
NMDC20584430	0	0	0	0	0	0	0	0	0	0	S
NMDC20584431	0	0	0	0	0	0	0	0	0	0	S
NMDC20584432	0	0	0	0	0	0	0	0	0	0	S
NMDC20584433	0	0	0	0	0	0	0	0	0	0	S
NMDC20584434	0	0	1	0	1	0	0	0	0	0	S
NMDC20584441	0	0	0	0	0	0	0	0	0	0	S
NMDC20584444	0	0	1	0	0	0	0	0	0	0	S
NMDC20584446	0	0	1	1	0	0	0	0	0	0	S
NMDC20584447	0	0	1	1	0	0	0	0	0	0	S
NMDC20584450	0	0	1	1	0	0	0	0	0	0	S
NMDC20584454	0	0	0	1	0	0	0	0	0	0	S
NMDC20584455	0	0	1	1	0	0	0	0	0	0	S
NMDC20584456	0	0	1	0	0	0	0	0	0	0	S
NMDC20584458	0	0	1	1	0	0	0	0	0	0	S
NMDC20584459	0	0	1	1	0	0	0	0	0	0	S
NMDC20584460	0	0	0	0	0	0	0	0	0	0	S
NMDC20584461	0	0	1	1	0	0	0	0	0	0	S
NMDC20584463	0	0	1	1	0	0	0	0	0	0	S
NMDC20584465	0	0	1	1	0	0	0	0	0	0	S
NMDC20584467	0	0	0	1	0	0	0	0	0	0	S
NMDC20584468	0	0	1	1	0	0	0	0	0	0	S
NMDC20584469	0	0	1	1	0	0	0	0	0	0	S
NMDC20584475	0	0	1	1	0	0	0	0	0	0	S
NMDC20584476	0	0	1	1	0	0	0	0	0	0	S
NMDC20584478	0	0	1	1	0	0	0	0	0	0	S
NMDC20584480	0	0	1	1	0	0	0	0	0	0	S
NMDC20584481	0	0	1	1	0	0	0	0	0	0	S
NMDC20584482	0	0	1	0	0	0	0	0	0	0	S
NMDC20584483	0	0	1	1	0	0	0	0	0	0	S
NMDC20584485	0	0	1	1	0	0	0	0	0	0	S
NMDC20584490	0	0	1	1	0	0	0	0	0	0	S
NMDC20584493	0	0	1	1	0	0	0	0	0	0	S
NMDC20584494	0	0	1	1	0	0	0	0	0	0	S
NMDC20584495	0	0	1	1	0	0	0	0	0	0	S
NMDC20584499	0	0	1	1	0	0	0	0	0	0	S
NMDC20584500	0	0	1	1	0	0	0	0	0	0	S
NMDC20584503	0	0	1	1	0	0	0	0	0	0	S
NMDC20584504	0	0	1	1	0	0	0	0	0	0	S
NMDC20584506	0	0	1	1	0	0	0	0	0	0	S
NMDC20584507	0	0	1	0	0	0	0	0	0	0	S
NMDC20584510	0	0	1	1	0	0	0	0	0	0	S
NMDC20584514	1	0	0	0	0	0	0	0	0	0	S
NMDC20584526	0	0	0	0	0	0	0	0	0	0	S
NMDC20584535	0	0	0	0	0	0	0	0	0	0	S
NMDC20584629	0	0	0	0	0	0	0	0	0	0	S
NMDC20584648	0	0	0	0	0	0	0	0	0	0	S
NMDC20584652	0	0	0	0	0	0	0	0	0	0	S
NMDC20584653	0	0	1	0	0	0	0	0	0	0	S
NMDC20584668	0	0	1	0	0	0	0	0	0	0	S
NMDC20584681	0	0	0	1	1	0	0	0	0	1	S
NMDC20584682	0	0	1	0	0	0	0	0	0	0	S
NMDC20584684	0	0	1	0	0	0	0	0	0	0	S
NMDC20584685	0	0	1	0	0	0	0	0	0	0	S
NMDC20584691	0	0	0	0	0	0	0	0	0	0	S
NMDC20584692	0	0	0	0	0	0	0	0	0	0	S
NMDC20584694	0	0	0	0	0	0	0	0	0	0	S
NMDC20584696	0	0	0	0	0	0	0	0	0	0	S
NMDC20584701	0	0	1	1	0	0	0	0	0	0	S
NMDC20584712	0	0	1	0	0	0	0	0	0	0	S
NMDC20584716	0	0	0	0	0	0	0	0	0	0	S
NMDC20584719	0	0	0	0	0	0	0	0	0	0	S
NMDC20584725	1	0	0	0	0	0	0	0	0	0	S
NMDC20584727	1	0	0	0	0	0	0	0	0	0	S
NMDC20584728	0	0	0	0	0	0	0	0	0	0	S
NMDC20584731	0	0	0	0	0	0	0	0	0	0	S
NMDC20584740	0	0	0	0	0	0	0	0	0	0	S
NMDC20584750	0	0	0	0	0	0	0	0	0	0	S
NMDC20584752	0	0	0	0	0	0	0	0	0	0	S
NMDC20584761	0	1	0	1	1	0	0	0	0	0	S
NMDC20584766	0	0	1	0	0	0	0	0	0	0	S
NMDC20584785	0	0	0	0	0	0	0	0	0	0	S
NMDC20584788	0	0	0	0	0	0	0	0	0	0	S
NMDC20584792	0	0	1	1	0	0	0	0	0	0	S
NMDC20584794	0	0	1	1	0	0	0	0	0	0	S
NMDC20584798	0	0	0	0	0	0	0	0	0	0	S
NMDC20584803	0	0	1	1	0	0	0	0	0	0	S
NMDC20584808	0	0	0	0	0	0	0	0	0	0	S
NMDC20584835	0	0	0	0	0	0	0	0	0	0	S
NMDC20584839	0	0	1	1	0	0	0	0	0	0	S
NMDC20584842	0	0	0	1	0	0	0	0	0	1	S
NMDC20584843	0	0	0	0	0	0	0	0	0	0	S
NMDC20584844	0	0	1	0	0	0	0	0	0	0	S
NMDC20584847	0	0	0	0	0	0	0	0	0	0	S
NMDC20584852	0	0	0	0	0	0	0	0	0	0	S
NMDC20584866	0	0	0	0	0	0	0	0	0	0	S
NMDC20584873	0	0	1	0	0	0	0	0	0	0	S
NMDC20584874	0	0	1	0	0	0	0	0	0	0	S
NMDC20584875	0	0	0	0	0	0	0	0	0	0	S
NMDC20584881	1	0	0	0	0	0	0	0	0	0	S
NMDC20551541	0	0	0	0	0	0	0	0	0	0	S
NMDC20585331	0	0	0	0	0	0	0	0	0	0	S
NMDC20585332	0	0	0	0	0	0	0	0	0	0	S
NMDC20585333	0	0	0	0	0	0	0	0	0	0	S
NMDC20585342	0	0	0	0	0	0	0	0	0	0	S
NMDC20557618	0	0	0	0	0	0	0	0	0	0	S
NMDC20585348	0	0	0	1	0	0	0	0	0	1	S
NMDC20557620	0	0	0	0	0	0	0	0	0	0	S
NMDC20553590	0	0	0	0	0	0	0	0	0	0	S
NMDC20585351	0	0	0	0	0	0	0	0	0	0	S
NMDC20585358	0	0	0	0	0	0	0	0	0	0	S
NMDC20553595	0	0	0	0	0	0	0	0	0	0	S
NMDC20555589	0	0	0	0	0	0	0	0	0	1	S
NMDC20585360	0	0	0	0	0	0	0	0	0	1	S
NMDC20553597	0	0	0	0	0	0	0	0	0	1	S
NMDC20555590	0	0	0	0	0	0	0	0	0	0	S
NMDC20557623	0	0	0	0	0	0	0	0	0	0	S
NMDC20585374	0	0	0	0	0	0	0	0	0	0	S
NMDC20585375	0	0	0	0	0	0	0	0	0	0	S
NMDC20555598	0	0	0	0	0	0	0	0	0	0	S
NMDC20585382	0	0	0	0	0	0	0	0	0	0	S
NMDC20585387	0	0	0	0	0	0	0	0	0	0	S
NMDC20585394	0	0	0	0	0	0	0	0	0	0	S
NMDC20585396	0	0	0	1	0	0	0	0	0	1	S
NMDC20557635	0	0	0	0	0	0	0	0	0	0	S
NMDC20585404	0	0	0	0	0	0	0	0	0	1	S
NMDC20585406	0	0	0	0	0	0	0	0	0	0	S
NMDC20585408	0	0	0	0	0	0	0	0	0	0	S
NMDC20555608	0	0	0	0	0	0	0	0	0	0	S
NMDC20585424	1	0	0	1	0	0	0	0	0	1	S
NMDC20585425	0	0	0	0	0	0	0	0	0	0	S
NMDC20557641	0	0	0	0	0	0	0	0	0	0	S
NMDC20551565	0	0	0	0	0	0	0	0	0	1	S
NMDC20585427	0	0	0	0	0	0	0	0	0	1	S
NMDC20553618	0	0	0	1	0	0	0	0	0	1	S
NMDC20551567	0	0	0	0	0	0	0	0	0	0	S
NMDC20551568	0	0	0	0	0	0	0	0	0	0	S
NMDC20555614	0	0	0	0	0	0	0	0	0	0	S
NMDC20553625	0	0	1	0	0	0	0	0	0	0	S
NMDC20555616	0	0	0	0	0	0	0	0	0	0	S
NMDC20551577	0	0	0	0	0	0	0	0	0	0	S
NMDC20585453	0	0	0	0	0	0	0	0	0	0	S
NMDC20551579	0	0	0	0	0	0	0	0	0	0	S
NMDC20551585	0	0	0	0	0	0	0	0	0	0	S
NMDC20553638	0	0	0	0	0	0	0	0	0	0	S
NMDC20557658	0	0	1	1	0	0	0	0	0	0	S
NMDC20555626	0	0	0	0	0	0	0	0	0	0	S
NMDC20553639	0	0	0	0	0	0	0	0	0	0	S
NMDC20585472	0	0	0	0	0	0	0	0	0	0	S
NMDC20585476	0	0	0	0	0	0	0	0	0	0	S
NMDC20585480	0	0	0	0	0	0	0	0	0	0	S
NMDC20551594	1	0	0	1	0	1	0	0	0	0	S
NMDC20585481	0	0	0	0	0	0	0	0	0	0	S
NMDC20551595	0	0	0	0	0	0	0	0	0	0	S
NMDC20555634	0	0	0	0	0	0	0	0	0	0	S
NMDC20555635	0	0	1	0	0	0	0	0	0	0	S
NMDC20585484	0	0	0	1	0	0	0	0	0	0	S
NMDC20585486	0	0	0	1	0	0	0	0	0	0	S
NMDC20585487	0	0	1	0	0	0	0	0	0	0	S
NMDC20585490	0	0	1	0	0	0	0	0	0	0	S
NMDC20585491	0	0	0	0	0	0	0	0	0	0	S
NMDC20585495	0	0	0	0	0	0	0	0	0	0	S
NMDC20585496	0	0	0	0	0	0	0	0	0	0	S
NMDC20585500	0	0	1	0	0	0	0	0	0	0	S
NMDC20585503	0	0	0	0	0	0	0	0	0	0	S
NMDC20585504	0	0	0	0	0	0	0	0	0	0	S
NMDC20585513	0	0	1	0	0	0	0	0	0	0	S
NMDC20585515	0	0	0	0	0	0	0	0	0	0	S
NMDC20585518	0	0	0	0	0	0	0	0	0	0	S
NMDC20585531	0	0	0	0	0	0	0	0	0	0	S
NMDC20585533	0	0	0	0	0	0	0	0	0	0	S
NMDC20585535	0	0	0	1	0	0	0	0	0	0	S
NMDC20585538	0	0	1	0	0	0	0	0	0	0	S
NMDC20585540	0	0	0	0	0	0	0	0	0	0	S
NMDC20585543	0	0	0	0	0	0	0	0	0	0	S
NMDC20585546	0	0	0	0	0	0	0	0	0	0	S
NMDC20585566	0	0	1	0	0	0	0	0	0	0	S
NMDC20585568	0	0	0	0	0	0	0	0	0	0	S
NMDC20585569	0	0	1	0	0	0	0	0	0	0	S
NMDC20551600	0	0	0	1	0	0	0	0	0	0	S
NMDC20585577	0	0	0	0	1	0	0	0	0	1	S
NMDC20553649	0	0	0	0	0	0	0	0	0	0	S
NMDC20555641	0	0	0	0	0	0	0	0	0	0	S
NMDC20555643	1	0	0	0	0	0	0	0	0	0	S
NMDC20585586	0	0	0	0	0	0	0	0	0	0	S
NMDC20585592	0	0	0	0	0	0	0	0	0	0	S
NMDC20585594	0	0	0	0	0	0	0	0	0	0	S
NMDC20585595	0	0	0	0	0	0	0	0	0	0	S
NMDC20585598	0	0	0	0	0	0	0	0	0	0	S
NMDC20585603	0	0	0	1	0	0	0	0	0	0	S
NMDC20551605	0	0	0	0	0	0	0	0	0	0	S
NMDC20585607	0	0	0	0	0	0	0	0	0	0	S
NMDC20555647	0	0	0	0	0	0	0	0	0	0	S
NMDC20585611	0	0	1	0	0	0	0	0	0	0	S
NMDC20553652	0	0	0	1	0	0	0	0	0	0	S
NMDC20555648	0	0	0	0	0	0	0	0	0	0	S
NMDC20585622	0	0	0	0	0	0	0	0	0	0	S
NMDC20585624	0	0	0	0	0	0	0	0	0	0	S
NMDC20585628	1	0	0	1	1	1	0	0	0	0	S
NMDC20585633	0	0	0	0	0	0	0	0	0	0	S
NMDC20551615	0	0	0	0	0	0	0	0	0	0	S
NMDC20585643	0	0	0	0	0	0	0	0	0	0	S
NMDC20551617	0	0	0	0	0	0	0	0	0	0	S
NMDC20553659	0	0	0	0	0	0	0	0	0	0	S
NMDC20557684	0	0	0	0	0	0	0	0	0	0	S
NMDC20553660	0	0	0	0	0	0	0	0	0	0	S
NMDC20551620	0	0	0	0	0	0	0	0	0	0	S
NMDC20585647	0	0	0	0	0	0	0	0	0	0	S
NMDC20555656	0	0	0	0	0	0	0	0	0	0	S
NMDC20551621	0	0	0	0	0	0	0	0	0	0	S
NMDC20553662	0	0	0	0	0	0	0	0	0	0	S
NMDC20551625	0	0	0	0	0	0	0	0	0	0	S
NMDC20555660	0	0	0	0	0	0	0	0	0	0	S
NMDC20551626	0	0	0	0	0	0	0	0	0	0	S
NMDC20553665	0	0	0	0	0	0	0	0	0	0	S
NMDC20585661	0	0	0	0	0	0	0	0	0	0	S
NMDC20585662	0	0	0	0	0	0	0	0	0	1	S
NMDC20585664	0	0	0	0	0	0	0	0	0	0	S
NMDC20585665	0	0	0	0	0	0	0	0	0	0	S
NMDC20585666	0	0	0	1	0	0	0	0	0	0	S
NMDC20585668	0	0	0	0	0	0	0	0	0	0	S
NMDC20585669	0	0	0	1	0	0	0	0	0	1	S
NMDC20585674	0	0	0	0	0	0	0	0	0	0	S
NMDC20585675	0	0	0	0	0	0	0	0	0	0	S
NMDC20585680	0	0	0	0	0	0	0	0	0	0	S
NMDC20585682	0	0	0	0	0	0	0	0	0	0	S
NMDC20585683	0	0	0	0	0	0	0	0	0	0	S
NMDC20585684	0	0	0	0	0	0	0	0	0	0	S
NMDC20555665	0	0	0	0	0	0	0	0	0	0	S
NMDC20585685	0	0	0	0	0	0	0	0	0	0	S
NMDC20551627	0	0	0	0	0	0	0	0	0	0	S
NMDC20585692	0	0	0	0	0	0	0	0	0	0	S
NMDC20555666	0	0	0	0	0	0	0	0	0	0	S
NMDC20585699	0	0	0	0	0	0	0	0	0	0	S
NMDC20585711	0	0	1	1	0	0	0	0	0	0	S
NMDC20585716	0	0	0	0	0	0	0	0	0	0	S
NMDC20551636	0	0	0	0	0	0	0	0	0	0	S
NMDC20586310	0	0	0	0	0	0	0	0	0	0	S
NMDC20586317	0	0	1	0	0	0	0	0	0	0	S
NMDC20555875	0	0	0	0	0	0	0	0	0	0	S
NMDC20586325	0	0	0	0	0	0	0	0	0	0	S
NMDC20586326	0	0	0	0	0	0	0	0	0	0	S
NMDC20586330	0	0	0	0	0	0	0	0	0	0	S
NMDC20586331	0	0	0	0	0	0	0	0	0	0	S
NMDC20586336	0	0	0	0	0	0	0	0	0	0	S
NMDC20586341	0	0	0	0	0	0	0	0	0	0	S
NMDC20586348	0	0	0	0	0	0	0	0	0	0	S
NMDC20586350	1	0	0	0	0	0	0	0	0	0	S
NMDC20586357	0	0	0	0	0	0	0	0	0	0	S
NMDC20586360	0	0	0	0	0	0	0	0	0	0	S
NMDC20586363	0	0	0	0	0	0	0	0	0	0	S
NMDC20586365	0	0	0	0	0	0	0	0	0	0	S
NMDC20586374	0	0	1	0	0	0	0	0	0	1	S
NMDC20586375	0	0	0	0	0	0	0	1	0	0	S
NMDC20586379	0	0	0	0	0	0	0	0	0	0	S
NMDC20586381	0	0	0	0	0	0	0	0	0	0	S
NMDC20586383	0	0	0	0	0	0	0	0	0	0	S
NMDC20589012	0	0	0	0	0	0	0	0	0	0	S
NMDC20589024	1	0	0	1	0	1	0	0	0	0	S
NMDC20589036	0	0	0	0	0	0	0	0	0	0	S
NMDC20589038	0	0	0	0	0	0	0	0	0	0	S
NMDC20553907	0	0	0	0	0	0	0	0	0	0	S
NMDC20551899	0	0	0	0	0	0	0	0	0	0	S
NMDC20553912	0	0	0	0	0	0	0	0	0	0	S
NMDC20551906	0	0	0	0	0	0	0	0	0	0	S
NMDC20555949	0	0	0	0	0	0	0	0	0	0	S
NMDC20557927	0	0	1	0	0	0	0	0	0	0	S
NMDC20586577	0	0	0	0	0	0	0	0	0	0	S
NMDC20586578	0	0	0	1	0	0	0	0	0	0	S
NMDC20553922	0	0	0	0	0	0	0	0	0	0	S
NMDC20553942	0	0	1	0	0	0	0	0	0	0	S
NMDC20557957	0	0	0	0	0	0	0	0	0	0	S
NMDC20551938	0	0	0	0	0	0	0	0	0	0	S
NMDC20586626	0	0	0	0	0	0	0	0	0	0	S
NMDC20586627	0	0	0	0	0	0	0	0	0	0	S
NMDC20555969	0	0	0	0	0	0	0	0	0	0	S
NMDC20586628	0	0	0	0	0	0	0	0	0	0	S
NMDC20555971	0	0	0	0	0	0	0	0	0	0	S
NMDC20586629	0	0	0	0	0	0	0	0	0	0	S
NMDC20553949	0	0	0	0	0	0	0	0	0	0	S
NMDC20551942	0	0	0	0	0	0	0	0	0	0	S
NMDC20557962	0	0	0	0	0	0	0	0	0	0	S
NMDC20555972	0	0	0	0	0	0	0	0	0	0	S
NMDC20551943	0	0	0	0	0	0	0	0	0	0	S
NMDC20555973	0	0	0	0	0	0	0	0	0	0	S
NMDC20586630	0	0	0	0	0	0	0	0	0	0	S
NMDC20586631	0	0	0	1	0	0	0	0	0	1	S
NMDC20551944	0	0	0	0	0	0	0	0	0	0	S
NMDC20586634	0	0	0	0	0	0	0	0	0	0	S
NMDC20586635	0	0	0	0	0	0	0	0	0	0	S
NMDC20586638	0	0	0	0	0	0	0	0	0	0	S
NMDC20557967	0	0	0	0	0	0	0	0	0	0	S
NMDC20551947	0	0	0	0	0	0	0	0	0	0	S
NMDC20551948	0	0	0	0	0	0	0	0	0	0	S
NMDC20553957	0	0	0	0	0	0	0	0	0	0	S
NMDC20586640	0	0	0	0	0	0	0	0	0	0	S
NMDC20586641	0	0	0	0	0	0	0	0	0	0	S
NMDC20553960	0	0	0	0	0	0	0	0	0	0	S
NMDC20557971	0	0	0	0	0	0	0	0	0	0	S
NMDC20586647	0	0	0	0	0	0	0	0	0	0	S
NMDC20555977	0	0	0	0	0	0	0	0	0	0	S
NMDC20586650	0	0	0	1	0	0	0	0	0	0	S
NMDC20586651	0	0	0	0	0	0	0	0	0	0	S
NMDC20553965	0	0	0	0	0	0	0	0	0	0	S
NMDC20553967	0	0	0	0	0	0	0	0	0	0	S
NMDC20586652	0	0	0	0	0	0	0	0	0	0	S
NMDC20555978	0	0	0	0	0	0	0	0	0	0	S
NMDC20557975	0	0	0	0	0	0	0	0	0	0	S
NMDC20588174	0	0	0	0	0	0	0	0	0	0	S
NMDC20588175	0	0	0	0	0	0	0	0	0	0	S
NMDC20588177	0	0	0	1	0	0	0	0	0	0	S
NMDC20588178	0	0	0	1	0	0	0	0	0	0	S
NMDC20588179	0	0	0	1	0	0	0	0	0	0	S
NMDC20588180	0	0	0	1	0	0	0	0	0	0	S
NMDC20588181	0	0	0	1	0	0	0	0	0	0	S
NMDC20588182	0	0	0	1	0	0	0	0	0	0	S
NMDC20588185	0	0	0	0	0	0	0	0	0	0	S
NMDC20552391	0	0	0	1	0	0	0	0	0	0	S
NMDC20556377	0	0	0	0	0	0	0	0	0	0	S
NMDC20554396	0	0	0	0	0	0	0	0	0	0	S
NMDC20586924	0	0	0	0	0	0	0	0	0	0	S
NMDC20556083	1	0	0	0	0	0	0	0	0	0	S
NMDC20554083	0	0	0	0	0	0	0	0	0	0	S
NMDC20552048	0	0	0	0	0	0	0	0	0	0	S
NMDC20586930	0	0	0	1	0	0	0	0	0	0	S
NMDC20552051	0	0	0	0	0	0	0	0	0	0	S
NMDC20586943	0	0	0	1	0	0	0	0	0	0	S
NMDC20552055	0	0	0	1	0	0	0	0	0	1	S
NMDC20558093	0	0	0	0	0	0	0	0	0	0	S
NMDC20554093	0	0	0	0	0	0	0	0	1	0	S
NMDC20586950	0	0	0	0	0	0	0	0	0	0	S
NMDC20586951	0	0	0	0	0	0	0	0	0	0	S
NMDC20586955	0	0	1	0	0	0	0	0	0	0	S
NMDC20554099	0	0	0	0	0	0	0	0	0	0	S
NMDC20558099	0	0	0	0	0	0	0	0	0	0	S
NMDC20554105	0	0	0	0	0	0	0	0	0	0	S
NMDC20552065	0	0	0	0	0	0	0	0	0	0	S
NMDC20586970	0	0	0	0	0	0	0	0	0	0	S
NMDC20558105	0	0	0	0	0	0	0	0	0	0	S
NMDC20552071	0	0	0	0	0	0	0	0	0	0	S
NMDC20586976	0	0	0	0	0	0	0	0	0	0	S
NMDC20586977	0	0	0	0	0	0	0	0	0	0	S
NMDC20558107	0	0	1	1	0	0	0	0	0	0	S
NMDC20586978	0	0	0	0	0	0	0	0	0	0	S
NMDC20586985	0	0	0	1	0	0	0	0	0	0	S
NMDC20586986	0	0	1	0	0	0	0	0	0	0	S
NMDC20586987	0	0	1	0	0	0	0	0	0	0	S
NMDC20554113	0	0	0	0	0	0	0	0	0	0	S
NMDC20586990	0	0	0	0	0	0	0	0	0	0	S
NMDC20586997	0	0	1	0	0	0	0	0	0	0	S
NMDC20586998	0	0	0	0	0	0	0	0	0	0	S
NMDC20586999	0	0	0	0	0	0	0	0	0	0	S
NMDC20587006	0	0	0	0	0	0	0	0	0	0	S
NMDC20587009	0	0	0	0	0	0	0	0	0	0	S
NMDC20556113	0	0	0	1	0	0	0	0	0	1	S
NMDC20554119	0	0	0	0	0	0	0	0	0	0	S
NMDC20558119	0	0	0	0	0	0	0	0	0	0	S
NMDC20554120	0	0	0	0	0	0	0	0	0	0	S
NMDC20556120	0	0	0	0	0	0	0	0	0	0	S
NMDC20587024	0	0	0	0	0	0	0	0	0	0	S
NMDC20552104	0	0	0	0	0	0	0	0	0	0	S
NMDC20587055	0	0	0	0	0	0	0	0	0	0	S
NMDC20552105	0	0	0	0	0	0	0	0	0	0	S
NMDC20556128	0	0	0	0	0	0	0	0	0	0	S
NMDC20554137	0	0	0	0	0	0	0	0	0	0	S
NMDC20556131	0	0	0	0	0	0	0	0	0	0	S
NMDC20587059	0	0	0	0	0	0	0	0	0	0	S
NMDC20552107	0	0	0	0	0	0	0	0	0	0	S
NMDC20554138	0	0	0	0	0	0	0	0	0	0	S
NMDC20587061	0	0	0	1	0	0	0	0	0	0	S
NMDC20554140	0	0	0	0	0	0	0	0	0	0	S
NMDC20552109	0	0	0	0	0	0	0	0	0	0	S
NMDC20554144	0	0	1	0	0	0	0	0	0	0	S
NMDC20554145	0	0	0	0	0	0	0	0	0	0	S
NMDC20587071	0	0	0	0	0	0	0	0	0	0	S
NMDC20587073	0	0	0	0	0	0	0	0	0	0	S
NMDC20556136	0	0	0	0	0	0	0	0	0	0	S
NMDC20587077	0	0	0	0	0	0	0	0	0	0	S
NMDC20556138	0	0	0	0	0	0	0	0	0	0	S
NMDC20552114	0	0	0	0	0	0	0	0	0	0	S
NMDC20558140	0	0	0	0	0	0	0	0	0	0	S
NMDC20587080	0	0	0	0	0	0	0	0	0	0	S
NMDC20587084	0	0	0	0	0	0	0	0	0	0	S
NMDC20554154	0	0	0	0	0	0	0	0	0	0	S
NMDC20587086	0	0	0	0	0	0	0	0	0	0	S
NMDC20554156	0	0	0	0	0	0	0	0	0	0	S
NMDC20587087	0	0	0	0	0	0	0	0	0	0	S
NMDC20587089	0	0	0	1	0	0	0	0	0	1	S
NMDC20587091	0	0	0	0	0	0	0	0	0	1	S
NMDC20554157	0	0	0	0	0	0	0	0	0	0	S
NMDC20554159	0	0	0	0	0	0	0	0	0	0	S
NMDC20554160	0	0	0	0	0	0	0	0	0	0	S
NMDC20554161	0	0	0	0	0	0	0	0	0	0	S
NMDC20558150	0	0	0	0	0	0	0	0	0	0	S
NMDC20587098	0	0	0	0	0	0	0	0	0	0	S
NMDC20558151	0	0	0	0	0	0	0	0	0	0	S
NMDC20554162	0	0	0	0	0	0	0	0	0	0	S
NMDC20587099	0	0	0	0	0	0	0	0	0	1	S
NMDC20587100	0	0	0	0	0	0	0	0	0	0	S
NMDC20556145	0	0	0	0	0	0	0	0	0	0	S
NMDC20587102	0	0	0	0	0	0	0	0	0	0	S
NMDC20587105	0	0	0	0	0	0	0	0	0	0	S
NMDC20558158	0	0	0	0	0	0	0	0	0	0	S
NMDC20554164	0	0	0	0	0	0	0	0	0	1	S
NMDC20554165	0	0	0	0	0	0	0	0	0	1	S
NMDC20552124	0	0	0	1	0	0	0	0	0	0	S
NMDC20587107	0	0	0	0	0	0	0	0	0	0	S
NMDC20587114	0	0	0	0	0	0	0	0	0	0	S
NMDC20587115	0	0	0	1	0	0	0	0	0	0	S
NMDC20554168	0	0	0	0	0	0	0	0	0	0	S
NMDC20554169	0	0	0	0	0	0	0	0	0	0	S
NMDC20554170	0	0	0	0	0	0	0	0	0	0	S
NMDC20587122	0	0	0	0	0	0	0	0	0	0	S
NMDC20587127	0	0	0	0	0	0	0	0	0	0	S
NMDC20587132	0	0	0	0	0	0	0	0	0	0	S
NMDC20556165	0	0	0	0	0	0	0	0	0	0	S
NMDC20556167	0	0	0	0	0	0	0	0	0	0	S
NMDC20556168	0	0	1	0	0	0	0	0	0	0	S
NMDC20554183	0	0	0	0	0	0	0	0	0	0	S
NMDC20587141	0	0	0	0	0	0	0	0	0	0	S
NMDC20556170	0	0	0	0	0	0	0	0	0	0	S
NMDC20554187	0	0	0	0	0	0	0	0	0	0	S
NMDC20554189	0	0	0	0	0	0	0	0	0	0	S
NMDC20558171	0	0	0	0	0	0	0	0	0	0	S
NMDC20556174	0	0	0	0	0	0	0	0	0	0	S
NMDC20558173	0	0	0	0	0	0	0	0	0	0	S
NMDC20587153	0	0	0	0	0	0	0	0	0	0	S
NMDC20552148	0	0	0	0	0	0	0	0	0	0	S
NMDC20552151	0	0	0	0	0	0	0	0	0	0	S
NMDC20587162	0	0	0	0	0	0	0	0	0	0	S
NMDC20558176	0	0	0	0	0	0	0	0	0	0	S
NMDC20556177	0	0	0	0	0	0	0	0	0	0	S
NMDC20587169	0	0	0	0	0	0	0	0	0	1	S
NMDC20558179	0	0	0	1	0	1	0	0	0	0	S
NMDC20558181	0	0	0	0	0	0	0	0	0	0	S
NMDC20587175	0	0	0	0	0	0	0	0	0	0	S
NMDC20587177	0	0	0	0	0	0	0	0	0	0	S
NMDC20552160	0	0	0	0	0	0	0	0	0	0	S
NMDC20552164	0	0	0	0	0	0	0	0	0	0	S
NMDC20587184	0	0	0	0	0	0	0	0	0	0	S
NMDC20554198	0	0	0	0	0	0	0	0	0	0	S
NMDC20587186	0	0	0	0	0	0	0	0	0	0	S
NMDC20587190	0	0	0	0	0	0	0	0	0	0	S
NMDC20587193	0	0	0	0	0	0	0	0	0	0	S
NMDC20587196	0	0	0	0	0	0	0	0	0	0	S
NMDC20552168	0	0	0	0	0	0	0	0	0	0	S
NMDC20558194	0	0	0	0	0	0	0	0	0	0	S
NMDC20556196	0	0	0	0	0	0	0	0	0	0	S
NMDC20558195	0	0	0	0	0	0	0	0	0	0	S
NMDC20587212	0	0	0	0	0	0	0	0	0	0	S
NMDC20587216	0	0	0	0	0	0	0	0	0	0	S
NMDC20552177	0	0	0	0	0	0	0	0	0	0	S
NMDC20552179	0	0	1	0	0	0	0	0	0	0	S
NMDC20556199	0	0	0	0	0	0	0	0	0	0	S
NMDC20587218	0	0	0	0	0	0	0	0	0	1	S
NMDC20587221	0	0	0	1	0	0	0	0	0	0	S
NMDC20554209	0	0	0	0	0	0	0	0	0	0	S
NMDC20556202	0	0	0	0	0	0	0	0	0	0	S
NMDC20554211	0	0	0	0	0	0	0	0	0	0	S
NMDC20556204	0	0	0	0	0	0	0	0	0	0	S
NMDC20554214	0	0	0	0	0	0	0	0	0	0	S
NMDC20556205	0	0	0	0	0	0	0	0	0	0	S
NMDC20554215	0	0	0	0	0	0	0	0	0	0	S
NMDC20552183	0	0	0	0	0	0	0	0	0	0	S
NMDC20552184	0	0	0	0	0	0	0	0	0	1	S
NMDC20587232	0	0	0	0	0	0	0	0	0	0	S
NMDC20587235	0	0	0	0	0	0	0	0	0	0	S
NMDC20587236	0	0	0	1	0	0	0	0	0	0	S
NMDC20556211	0	0	0	0	0	0	0	0	0	0	S
NMDC20556213	0	0	0	0	0	0	0	0	0	0	S
NMDC20587238	0	0	0	1	0	0	0	0	0	0	S
NMDC20587241	0	0	0	1	0	0	0	0	0	0	S
NMDC20552199	0	0	0	0	0	0	0	0	0	0	S
NMDC20587247	0	0	0	0	0	0	0	0	0	0	S
NMDC20552200	0	0	0	0	0	0	0	0	0	0	S
NMDC20556217	0	0	1	0	0	0	0	0	0	0	S
NMDC20552201	0	0	0	1	0	0	0	0	0	0	S
NMDC20558225	0	0	0	0	0	0	0	0	0	1	S
NMDC20554229	0	0	0	0	0	0	0	0	0	1	S
NMDC20556219	0	0	1	0	0	0	0	0	0	0	S
NMDC20587253	0	0	1	0	0	0	0	0	0	0	S
NMDC20558227	0	0	0	0	0	0	0	0	0	0	S
NMDC20587257	0	0	0	0	0	0	0	0	0	0	S
NMDC20552204	0	0	0	0	0	0	0	0	0	0	S
NMDC20558228	0	0	0	0	0	0	0	0	0	0	S
NMDC20556223	0	0	0	0	0	0	0	0	0	0	S
NMDC20558231	0	0	0	0	0	0	0	0	0	0	S
NMDC20587262	0	0	0	0	0	0	0	0	0	0	S
NMDC20556226	0	0	0	0	0	0	0	0	0	0	S
NMDC20587263	0	0	0	0	0	0	0	0	0	0	S
NMDC20587264	0	0	0	0	0	0	0	0	0	0	S
NMDC20587266	0	0	0	0	0	0	0	0	0	0	S
NMDC20552218	0	0	0	1	1	0	0	0	0	0	S
NMDC20587275	0	0	0	0	0	0	0	0	0	0	S
NMDC20554244	0	0	0	0	0	0	0	0	0	0	S
NMDC20587287	0	0	0	0	0	0	0	0	0	0	S
NMDC20558243	0	0	0	0	0	0	0	0	0	0	S
NMDC20587291	0	0	0	0	0	0	0	0	0	0	S
NMDC20552228	0	0	0	0	0	0	0	0	0	0	S
NMDC20587298	0	0	0	0	0	0	0	0	0	0	S
NMDC20552229	0	0	0	0	0	0	0	0	0	0	S
NMDC20587299	0	0	0	0	0	0	0	0	0	0	S
NMDC20554254	0	0	0	0	0	0	0	0	0	0	S
NMDC20552233	0	0	0	0	0	0	0	0	0	0	S
NMDC20554255	0	0	0	0	0	0	0	0	0	0	S
NMDC20587303	0	0	0	0	0	0	0	0	0	0	S
NMDC20552234	0	0	0	0	0	0	0	0	0	1	S
NMDC20554256	0	0	0	0	0	0	0	0	0	0	S
NMDC20558257	0	0	0	0	0	0	0	0	0	0	S
NMDC20556248	0	0	0	0	0	0	0	0	0	0	S
NMDC20556249	0	0	0	0	0	0	0	0	0	0	S
NMDC20556250	0	0	0	0	0	0	0	0	0	0	S
NMDC20587312	0	0	0	0	0	0	0	0	0	0	S
NMDC20587316	0	0	0	0	0	0	0	0	0	0	S
NMDC20552242	0	0	0	0	0	0	0	0	0	0	S
NMDC20587318	0	0	0	1	0	0	0	0	0	1	S
NMDC20556255	0	0	0	1	0	0	0	0	0	1	S
NMDC20556256	0	0	0	0	0	0	0	0	0	0	S
NMDC20587323	0	0	0	0	0	0	0	0	0	0	S
NMDC20554268	0	0	1	0	0	0	0	0	0	0	S
NMDC20556267	0	0	0	0	0	0	0	0	0	0	S
NMDC20554269	0	0	0	0	0	0	0	0	0	0	S
NMDC20554270	0	0	0	0	0	0	0	0	0	0	S
NMDC20587339	0	0	0	0	0	0	0	0	0	0	S
NMDC20587340	0	0	0	0	0	0	0	0	0	0	S
NMDC20558278	0	0	0	0	0	0	0	0	0	0	S
NMDC20558280	0	0	0	0	0	0	0	0	0	0	S
NMDC20587344	0	0	0	1	0	0	0	0	0	0	S
NMDC20587345	0	0	0	1	1	0	0	0	0	1	S
NMDC20587347	0	0	1	0	0	0	0	0	0	0	S
NMDC20552257	0	0	0	0	0	0	0	0	0	0	S
NMDC20558285	0	0	0	0	0	0	0	0	0	0	S
NMDC20587355	0	0	0	1	0	0	0	0	0	0	S
NMDC20587356	0	0	0	0	0	0	0	0	0	0	S
NMDC20554277	0	0	0	0	0	0	0	0	0	0	S
NMDC20587365	0	0	0	0	0	0	0	0	0	0	S
NMDC20558289	0	0	1	0	0	0	0	0	0	0	S
NMDC20552265	0	0	0	0	0	0	0	0	0	0	S
NMDC20552266	0	0	0	0	0	0	0	0	0	0	S
NMDC20587368	0	0	0	0	0	0	0	0	0	0	S
NMDC20552271	0	0	0	0	0	0	0	0	0	0	S
NMDC20587376	0	0	1	0	0	0	0	1	0	0	S
NMDC20552272	0	0	0	0	0	0	0	0	0	0	S
NMDC20552276	0	0	0	0	0	0	0	0	0	1	S
NMDC20554292	0	0	0	0	0	0	0	0	0	0	S
NMDC20558301	0	0	0	0	0	0	0	0	0	0	S
NMDC20554297	0	0	0	0	0	0	0	0	0	0	S
NMDC20587392	0	0	0	0	0	0	0	0	0	0	S
NMDC20587394	0	0	0	0	0	0	0	0	0	0	S
NMDC20552282	0	0	0	0	0	0	0	0	0	0	S
NMDC20587403	0	0	0	0	0	0	0	0	0	0	S
NMDC20587411	0	0	0	0	0	0	0	0	0	0	S
NMDC20552286	0	0	0	0	0	0	0	0	0	0	S
NMDC20587412	0	0	0	0	0	0	0	0	0	0	S
NMDC20556295	0	0	0	0	0	0	0	0	0	0	S
NMDC20558313	0	0	0	0	0	0	0	0	0	0	S
NMDC20587415	0	0	0	0	0	0	0	0	0	0	S
NMDC20587417	0	0	0	0	0	0	0	0	0	0	S
NMDC20558319	0	0	0	0	0	0	0	0	0	0	S
NMDC20587422	0	0	0	0	0	0	0	0	0	0	S
NMDC20587425	0	0	1	0	0	0	0	0	0	0	S
NMDC20552289	0	0	0	0	0	0	0	0	0	0	S
NMDC20552290	0	0	0	0	0	0	0	0	0	0	S
NMDC20558323	0	0	0	0	0	0	0	0	0	0	S
NMDC20558324	0	0	0	0	0	0	0	0	0	0	S
NMDC20556307	0	0	0	0	0	0	0	0	0	0	S
NMDC20587442	0	0	0	1	0	0	0	0	0	1	S
NMDC20552293	0	0	0	0	0	0	0	0	0	0	S
NMDC20556312	0	0	0	0	0	0	0	0	0	0	S
NMDC20587447	0	0	0	0	0	0	0	0	0	0	S
NMDC20556316	0	0	0	0	0	0	0	0	0	0	S
NMDC20587457	0	0	0	0	0	0	0	0	0	0	S
NMDC20552299	0	0	1	0	0	0	0	0	0	0	S
NMDC20554324	0	0	0	0	0	0	0	0	0	0	S
NMDC20554326	0	0	0	0	0	0	0	0	0	0	S
NMDC20587466	0	0	0	0	0	0	0	0	0	0	S
NMDC20554330	0	0	0	0	0	0	0	0	0	0	S
NMDC20587484	0	0	0	0	0	0	0	0	0	0	S
NMDC20552308	0	0	0	0	0	0	0	0	0	0	S
NMDC20554333	0	0	0	0	0	0	0	0	0	0	S
NMDC20587487	0	0	0	0	0	0	0	0	0	0	S
NMDC20552309	0	0	0	0	0	0	0	0	0	0	S
NMDC20587488	0	0	0	0	0	0	0	0	0	0	S
NMDC20587489	0	0	0	0	0	0	0	0	0	0	S
NMDC20587490	0	0	0	0	0	0	0	0	0	0	S
NMDC20558346	0	0	0	0	0	0	0	0	0	1	S
NMDC20556332	0	0	0	0	0	0	0	0	0	0	S
NMDC20587495	0	0	0	0	0	0	0	0	0	0	S
NMDC20552311	0	0	0	0	0	0	0	0	0	0	S
NMDC20552312	0	0	0	0	0	0	0	0	0	0	S
NMDC20556334	0	0	0	0	0	0	0	0	0	0	S
NMDC20552314	0	0	0	0	0	0	0	0	0	0	S
NMDC20554337	0	0	0	0	0	0	0	0	0	0	S
NMDC20587506	0	0	0	0	0	0	0	0	0	0	S
NMDC20587509	0	0	0	0	0	0	0	0	0	0	S
NMDC20552315	0	0	0	0	0	0	0	0	0	0	S
NMDC20587511	0	0	0	0	0	0	0	0	0	0	S
NMDC20558354	0	0	0	0	0	0	0	0	0	0	S
NMDC20558356	0	0	0	0	0	0	0	0	0	0	S
NMDC20554338	0	0	0	0	0	0	0	0	0	0	S
NMDC20587518	0	0	0	0	0	0	0	0	0	0	S
NMDC20554340	0	0	0	0	0	0	0	0	0	0	S
NMDC20556337	0	0	0	0	0	0	0	0	0	0	S
NMDC20554342	0	0	0	0	0	0	0	0	0	0	S
NMDC20556338	0	0	0	0	0	0	0	0	0	0	S
NMDC20587529	0	0	1	0	0	0	0	0	0	0	S
NMDC20587531	0	0	0	0	0	0	0	0	0	0	S
NMDC20587535	0	0	0	0	0	0	0	0	0	0	S
NMDC20587538	0	0	0	0	0	0	0	0	0	0	S
NMDC20587540	0	0	0	0	0	0	0	0	0	0	S
NMDC20552331	0	0	0	0	0	0	0	0	0	0	S
NMDC20587548	0	0	0	0	0	0	0	0	0	1	S
NMDC20554351	0	0	0	0	1	0	0	0	0	1	S
NMDC20552334	0	0	0	0	0	0	0	0	0	0	S
NMDC20587549	0	0	0	0	0	0	0	0	0	0	S
NMDC20587550	0	0	0	0	0	0	0	0	0	0	S
NMDC20556345	0	0	0	0	0	0	0	0	0	0	S
NMDC20558370	0	0	0	0	0	0	0	0	0	0	S
NMDC20587563	0	0	0	0	0	0	0	0	0	0	S
NMDC20556350	0	0	0	0	0	0	0	0	0	0	S
NMDC20558371	0	0	0	0	0	0	0	0	0	0	S
NMDC20552339	0	0	0	0	0	0	0	0	0	0	S
NMDC20552340	0	0	0	0	0	0	0	0	0	1	S
NMDC20587564	0	0	0	0	0	0	0	0	0	0	S
NMDC20558373	0	0	0	0	0	0	0	0	0	1	S
NMDC20552345	0	0	0	0	0	0	0	0	0	0	S
NMDC20587568	0	0	0	1	0	0	0	0	0	1	S
NMDC20587573	0	0	0	0	0	0	0	0	0	0	S
NMDC20587572	1	0	0	0	0	0	0	0	0	0	S
NMDC20587577	0	0	0	1	1	1	0	0	0	1	S
NMDC20587578	1	0	1	0	0	0	0	0	0	1	S
NMDC20587581	1	0	0	0	0	0	0	0	0	1	S
NMDC20587584	0	0	0	0	0	0	0	0	0	0	S
NMDC20587585	0	0	0	0	0	0	0	0	0	0	S
NMDC20587586	0	0	0	0	0	0	0	0	0	0	S
NMDC20587587	1	0	1	1	1	1	0	0	0	0	S
NMDC20587591	0	1	0	1	0	0	1	0	0	0	S
NMDC20587597	1	0	0	0	0	0	0	0	0	0	S
NMDC20587609	0	0	0	0	0	0	0	0	0	0	S
NMDC20587610	1	0	0	0	0	0	0	0	0	0	S
NMDC20587611	0	0	0	0	0	0	0	0	0	0	S
NMDC20587613	0	0	0	0	0	0	0	0	0	0	S
NMDC20587617	0	0	0	0	0	0	0	0	0	0	S
NMDC20587618	0	0	0	0	0	0	0	0	0	0	S
NMDC20587619	0	0	0	0	0	0	0	0	0	0	S
NMDC20587633	0	0	0	0	0	0	0	0	0	0	S
NMDC20587634	0	0	0	0	0	0	0	0	0	0	S
NMDC20587635	0	0	0	0	0	0	0	0	0	0	S
NMDC20587638	0	0	0	0	0	0	0	0	0	0	S
NMDC20587644	0	0	0	0	0	0	0	0	0	0	S
NMDC20587649	0	0	0	0	0	0	0	0	0	0	S
NMDC20587651	0	0	1	0	0	0	0	0	0	0	S
NMDC20587654	0	0	0	0	0	0	0	0	0	0	S
NMDC20587657	0	0	0	0	0	0	0	0	0	0	S
NMDC20587658	0	0	1	0	0	0	0	0	0	0	S
NMDC20587659	0	0	0	0	0	0	0	0	0	0	S
NMDC20587661	0	0	0	0	0	0	0	0	0	0	S
NMDC20587662	0	0	0	0	0	0	0	0	0	0	S
NMDC20587667	0	0	1	1	0	0	0	0	0	0	S
NMDC20587675	0	0	1	0	0	0	0	0	0	0	S
NMDC20587677	0	0	0	0	0	0	0	0	0	0	S
NMDC20587678	0	0	1	1	0	0	0	0	0	0	S
NMDC20587679	0	0	0	0	0	0	0	0	0	0	S
NMDC20587680	0	0	0	0	1	0	0	0	0	1	S
NMDC20587685	0	0	0	0	0	0	0	0	0	1	S
NMDC20587693	0	0	0	0	0	0	0	0	0	0	S
NMDC20587694	0	0	0	0	0	0	0	0	0	0	S
NMDC20587697	0	0	0	0	0	0	0	0	0	0	S
NMDC20587700	0	0	1	1	0	0	0	0	0	0	S
NMDC20587701	0	0	1	0	0	0	0	0	0	0	S
NMDC20587702	0	0	1	0	0	0	0	0	0	0	S
NMDC20587703	0	0	0	0	0	0	0	0	0	0	S
NMDC20587707	0	0	0	0	0	0	0	0	0	0	S
NMDC20587709	0	0	0	0	0	0	0	0	0	0	S
NMDC20587710	0	0	1	0	0	0	0	0	0	0	S
NMDC20587711	0	0	1	0	0	0	0	0	0	0	S
NMDC20587714	0	0	1	0	0	0	0	0	0	0	S
NMDC20587724	0	0	1	0	0	0	0	0	0	0	S
NMDC20587725	0	0	1	0	0	0	0	0	0	0	S
NMDC20587730	0	0	0	0	0	0	0	0	0	0	S
NMDC20587736	0	0	0	0	0	0	0	0	0	0	S
NMDC20587743	0	0	0	0	0	0	0	0	0	0	S
NMDC20587746	0	0	0	0	0	0	0	0	0	1	S
NMDC20587749	0	0	0	0	0	0	0	0	0	0	S
NMDC20587750	0	0	0	0	0	0	0	0	0	1	S
NMDC20587751	0	0	0	0	0	0	0	0	0	1	S
NMDC20587752	0	0	0	0	0	0	0	0	0	0	S
NMDC20587757	0	0	1	0	0	0	0	0	0	0	S
NMDC20587766	0	0	0	0	0	0	0	0	0	0	S
NMDC20587767	0	0	0	0	0	0	0	0	0	0	S
NMDC20587770	0	0	0	0	0	0	0	0	0	0	S
NMDC20587771	0	0	0	0	0	0	0	0	0	0	S
NMDC20587772	0	0	0	0	0	0	0	0	0	0	S
NMDC20587781	0	0	0	0	0	0	0	0	0	0	S
NMDC20587782	0	0	0	0	0	0	0	0	0	0	S
NMDC20587783	0	0	0	0	0	0	0	0	0	0	S
NMDC20587798	0	0	0	1	0	0	0	0	0	0	S
NMDC20587801	0	0	0	0	0	0	0	0	0	0	S
NMDC20587803	0	0	0	0	0	0	0	0	0	0	S
NMDC20587804	0	0	0	0	0	0	0	0	0	0	S
NMDC20587808	0	0	0	0	0	0	0	0	0	0	S
NMDC20587809	0	0	0	0	0	0	0	0	0	0	S
NMDC20587810	0	0	1	0	0	0	0	0	0	0	S
NMDC20587811	0	0	0	0	0	0	0	0	0	0	S
NMDC20587812	0	0	1	0	0	0	0	0	0	0	S
NMDC20587814	0	0	0	1	0	0	0	0	0	0	S
NMDC20587818	0	0	0	0	0	0	0	0	0	0	S
NMDC20587820	0	1	0	1	0	0	1	0	0	1	S
NMDC20587822	0	0	0	0	0	0	0	0	0	0	S
NMDC20587824	0	0	0	0	0	0	0	0	0	0	S
NMDC20587827	0	0	0	0	0	0	0	0	0	0	S
NMDC20587828	0	0	0	0	0	0	0	0	0	0	S
NMDC20587829	0	0	0	0	0	0	0	0	0	1	S
NMDC20587835	0	0	0	0	0	0	0	0	0	0	S
NMDC20587838	0	0	0	0	0	0	0	0	0	0	S
NMDC20587841	0	0	0	0	0	0	0	0	0	0	S
NMDC20587843	0	0	0	0	0	0	0	0	0	0	S
NMDC20587844	0	0	0	0	0	0	0	0	0	0	S
NMDC20587845	0	0	0	0	0	0	0	0	0	0	S
NMDC20587848	0	0	0	0	0	0	0	0	0	0	S
NMDC20587850	0	0	0	0	0	0	0	0	0	0	S
NMDC20587853	0	0	0	0	0	0	0	0	0	1	S
NMDC20587856	0	0	0	0	0	0	0	0	0	0	S
NMDC20587859	0	0	0	0	0	0	0	0	0	0	S
NMDC20587860	0	0	0	0	0	0	0	0	0	0	S
NMDC20587861	0	0	1	0	0	0	0	0	0	0	S
NMDC20587862	0	0	0	0	0	0	0	0	0	0	S
NMDC20587863	0	0	0	0	0	0	0	0	0	0	S
NMDC20587864	0	0	0	0	0	0	0	0	0	0	S
NMDC20587871	0	0	0	0	0	0	0	0	0	0	S
NMDC20587872	0	0	0	0	0	0	0	0	0	0	S
NMDC20587879	0	0	1	0	0	0	0	0	0	0	S
NMDC20587882	0	0	1	0	0	0	0	0	0	0	S
NMDC20587896	0	0	1	0	0	0	0	0	0	0	S
NMDC20587898	0	0	0	1	0	0	0	0	0	0	S
NMDC20587901	0	0	0	0	0	0	0	0	0	0	S
NMDC20587902	0	0	0	0	0	0	0	0	0	0	S
NMDC20587906	0	0	0	0	0	0	0	0	0	1	S
NMDC20587907	0	0	0	0	0	0	0	0	0	0	S
NMDC20587911	0	0	1	1	0	0	0	0	0	0	S
NMDC20587918	0	0	0	0	0	0	0	0	0	0	S
NMDC20587927	0	0	0	0	0	0	0	0	0	0	S
NMDC20587933	0	0	0	0	0	0	0	0	0	0	S
NMDC20587939	0	0	1	0	0	0	0	0	0	0	S
NMDC20587940	0	0	0	0	0	0	0	0	0	0	S
NMDC20587941	0	0	0	0	0	0	0	0	0	0	S
NMDC20587945	0	0	1	0	0	0	0	0	0	0	S
NMDC20587946	0	0	0	0	0	0	0	0	0	0	S
NMDC20587949	0	0	0	0	0	0	0	0	0	0	S
NMDC20587956	0	0	0	1	0	0	0	0	0	0	S
NMDC20587957	0	0	1	0	0	0	0	0	0	0	S
NMDC20587963	0	0	1	1	0	0	0	0	0	0	S
NMDC20587966	0	0	1	0	0	0	0	0	0	0	S
NMDC20587969	0	0	0	0	0	0	0	0	0	0	S
NMDC20587973	0	0	1	0	0	0	0	0	0	0	S
NMDC20587974	0	0	1	0	0	0	0	0	0	0	S
NMDC20587977	0	0	0	0	0	0	0	0	0	0	S
NMDC20587979	0	0	1	1	0	0	0	0	0	0	S
NMDC20587984	0	0	0	0	1	0	0	0	0	1	S
NMDC20587985	0	0	0	0	0	0	0	0	0	0	S
NMDC20587987	0	0	0	0	0	0	0	0	0	0	S
NMDC20587988	0	0	0	0	0	0	0	0	0	0	S
NMDC20587990	0	0	0	0	0	0	0	0	0	0	S
NMDC20587992	0	0	0	0	0	0	0	0	0	0	S
NMDC20587997	0	0	0	0	0	0	0	0	0	0	S
NMDC20588008	0	0	1	0	0	0	0	0	0	0	S
NMDC20588010	0	0	0	0	0	0	0	0	0	0	S
NMDC20588013	0	0	0	0	0	0	0	0	0	0	S
NMDC20588017	0	0	0	0	0	0	0	0	0	0	S
NMDC20588018	0	0	0	0	0	0	0	0	0	0	S
NMDC20588019	0	0	0	0	0	0	0	0	0	0	S
NMDC20588021	0	0	0	0	0	0	0	0	0	0	S
NMDC20588022	0	0	0	0	0	0	0	0	0	0	S
NMDC20588024	0	0	1	1	0	0	0	0	0	1	S
NMDC20588026	0	0	0	1	0	0	0	0	0	1	S
NMDC20588027	0	0	0	1	0	0	0	0	0	1	S
NMDC20588028	0	0	0	0	0	0	0	0	0	0	S
NMDC20588030	0	0	0	0	0	0	0	0	0	0	S
NMDC20588037	0	0	1	0	0	0	0	0	0	0	S
NMDC20588040	0	0	1	1	0	0	0	0	0	0	S
NMDC20588041	0	0	0	0	0	0	0	0	0	0	S
NMDC20588044	0	0	1	0	0	0	0	0	0	0	S
NMDC20588046	0	0	1	0	0	0	0	0	0	0	S
NMDC20588054	0	0	0	0	0	0	0	0	0	0	S
NMDC20588059	0	0	0	0	0	0	0	0	0	0	S
NMDC20588060	0	0	0	0	0	0	0	0	0	0	S
NMDC20588063	0	0	0	0	0	0	0	0	0	0	S
NMDC20588069	0	0	0	0	0	0	0	0	0	0	S
NMDC20588070	0	0	0	0	0	0	0	0	0	0	S
NMDC20588071	0	0	0	0	0	0	0	0	0	0	S
NMDC20554363	0	0	0	0	0	0	0	0	0	0	S
NMDC20556354	0	0	0	0	0	0	0	0	0	0	S
NMDC20558377	0	0	0	0	0	0	0	0	0	0	S
NMDC20552347	0	0	0	0	0	0	0	0	0	0	S
NMDC20554364	0	0	0	0	0	0	0	0	0	0	S
NMDC20588072	0	0	0	0	0	0	0	0	0	0	S
NMDC20588073	0	0	0	0	0	0	0	0	0	0	S
NMDC20588075	0	0	0	0	0	0	0	0	0	0	S
NMDC20552357	0	0	0	0	0	0	0	0	0	0	S
NMDC20556359	0	0	0	0	0	0	0	0	0	0	S
NMDC20556360	0	0	0	0	0	0	0	0	0	0	S
NMDC20554371	0	0	0	0	0	0	0	0	1	1	S
NMDC20588106	0	0	0	0	0	0	0	0	0	0	S
NMDC20552360	0	0	0	0	0	0	0	0	0	0	S
NMDC20552361	0	0	0	0	0	0	0	0	0	0	S
NMDC20558389	0	0	0	0	0	0	0	0	0	0	S
NMDC20588108	0	0	0	0	0	0	0	0	0	0	S
NMDC20588109	0	0	0	0	0	0	0	0	0	0	S
NMDC20588110	0	0	0	0	0	0	0	0	0	0	S
NMDC20558390	0	0	0	0	0	0	0	0	0	0	S
NMDC20558391	0	0	0	0	0	0	0	0	0	0	S
NMDC20588114	0	0	0	0	0	0	0	0	0	0	S
NMDC20588115	0	0	0	0	0	0	0	0	0	0	S
NMDC20554376	0	0	0	0	0	0	0	0	0	0	S
NMDC20588121	0	0	0	0	0	0	0	0	0	0	S
NMDC20556362	0	0	0	0	0	0	0	0	0	0	S
NMDC20588125	0	0	0	0	0	0	0	0	0	0	S
NMDC20552365	0	0	0	0	0	0	0	0	0	0	S
NMDC20588126	0	0	0	0	0	0	0	0	0	0	S
NMDC20588127	0	0	0	0	0	0	0	0	0	0	S
NMDC20558394	0	0	0	0	0	0	0	0	0	0	S
NMDC20552366	0	0	0	0	0	0	0	0	0	0	S
NMDC20556363	0	0	0	0	0	0	0	0	0	0	S
NMDC20554377	0	0	0	0	0	0	0	0	0	0	S
NMDC20554378	0	0	0	0	0	0	0	0	0	0	S
NMDC20588132	0	0	0	0	0	0	0	0	0	0	S
NMDC20558396	0	0	0	0	0	0	0	0	0	0	S
NMDC20556364	0	0	0	0	0	0	0	0	0	0	S
NMDC20588133	0	0	0	0	0	0	0	0	0	0	S
NMDC20554379	0	0	0	0	0	0	0	0	0	0	S
NMDC20552370	0	0	0	0	0	0	0	0	0	0	S
NMDC20554380	0	0	0	0	0	0	0	0	0	0	S
NMDC20588134	0	0	0	0	0	0	0	0	0	0	S
NMDC20588135	0	0	0	0	0	0	0	0	0	0	S
NMDC20554382	0	0	0	0	0	0	0	0	0	0	S
NMDC20552372	0	0	0	0	0	0	0	0	0	0	S
NMDC20552373	0	0	0	0	0	0	0	0	0	0	S
NMDC20552374	0	0	0	0	0	0	0	0	0	0	S
NMDC20554384	0	0	0	0	0	0	0	0	0	0	S
NMDC20558399	0	0	0	0	0	0	0	0	0	0	S
NMDC20556368	0	0	0	0	0	0	0	0	0	0	S
NMDC20552377	0	0	0	0	0	0	0	0	0	0	S
NMDC20552378	0	0	0	0	0	0	0	0	0	0	S
NMDC20556369	0	0	0	0	0	0	0	0	0	0	S
NMDC20588142	0	0	0	0	0	0	0	0	0	0	S
NMDC20552379	0	0	0	0	0	0	0	0	0	0	S
NMDC20554385	0	0	0	0	0	0	0	0	0	0	S
NMDC20554386	0	0	0	0	0	0	0	0	0	0	S
NMDC20552380	0	0	0	0	0	0	0	0	0	0	S
NMDC20588145	0	0	0	0	0	0	0	0	0	0	S
NMDC20554387	0	0	0	0	0	0	0	0	0	0	S
NMDC20588146	0	0	0	0	0	0	0	0	0	0	S
NMDC20558401	0	0	0	0	0	0	0	0	0	0	S
NMDC20552383	0	0	0	0	0	0	0	0	0	0	S
NMDC20588150	0	0	0	0	0	0	0	0	0	0	S
NMDC20554388	1	0	0	0	0	0	0	0	0	0	S
NMDC20588167	0	0	0	0	0	0	0	0	0	0	S
NMDC20552388	0	0	0	0	0	0	0	0	0	0	S
NMDC20554391	0	0	0	0	0	0	0	0	0	0	S
NMDC20552389	0	0	0	0	0	0	0	0	0	0	S
NMDC20558405	0	0	0	0	0	0	0	0	0	0	S
NMDC20588169	0	0	0	0	0	0	0	0	0	0	S
NMDC20556376	0	0	0	0	0	0	0	0	0	0	S
NMDC20588170	0	0	0	0	0	0	0	0	0	0	S
NMDC20558197	0	0	0	0	0	0	0	0	0	0	S
NMDC20556197	0	0	0	0	0	0	0	0	0	0	S
NMDC20552175	0	0	0	0	0	0	0	0	0	0	S
NMDC20552333	0	0	0	0	0	0	0	0	0	0	S
NMDC20587547	0	0	0	0	0	0	0	0	0	0	S
NMDC20554355	0	0	0	0	0	0	0	0	0	0	S
NMDC20587557	0	0	0	1	0	0	0	0	0	0	S
NMDC20554356	0	0	0	0	0	0	0	0	0	0	S
NMDC20588634	0	0	0	0	0	0	0	0	0	0	S
NMDC20588642	0	0	0	0	0	0	0	0	0	0	S
NMDC20588645	0	0	0	0	0	0	0	0	0	0	S
NMDC20588646	0	0	0	0	0	0	0	0	0	0	S
NMDC20588649	0	0	0	1	1	0	0	0	0	1	S
NMDC20588652	0	0	1	0	0	0	0	0	0	0	S
NMDC20588654	0	0	0	0	0	0	0	0	0	0	S
NMDC20588657	0	0	1	1	0	0	0	0	0	0	S
NMDC20588659	0	0	0	0	0	0	0	0	0	0	S
NMDC20588667	0	0	0	0	0	0	0	0	0	0	S
NMDC20588668	0	0	0	0	0	0	0	0	0	0	S
NMDC20588669	0	0	0	0	0	0	0	0	0	0	S
NMDC20588672	0	0	1	0	0	0	0	0	0	0	S
NMDC20588673	0	0	0	0	0	0	0	0	0	0	S
NMDC20588674	0	0	0	0	0	0	0	0	0	0	S
NMDC20588677	0	0	0	0	0	0	0	0	0	0	S
NMDC20588678	0	0	0	0	0	0	0	0	0	0	S
NMDC20588682	0	0	0	0	0	0	0	0	0	0	S
NMDC20588684	0	0	0	0	0	0	0	0	0	0	S
NMDC20588689	0	0	0	0	0	0	0	0	0	0	S
NMDC20588691	0	0	0	0	0	0	0	0	0	0	S
NMDC20588693	0	0	0	0	0	0	0	0	0	0	S
NMDC20588700	0	0	0	0	0	0	0	0	0	0	S
NMDC20588702	0	0	0	0	0	0	0	0	0	0	S
NMDC20588703	0	0	0	0	0	0	0	0	0	0	S
NMDC20588704	0	0	0	0	0	0	0	0	0	0	S
NMDC20588707	0	0	1	0	0	0	0	0	0	0	S
NMDC20588711	0	0	0	0	0	0	0	0	0	0	S
NMDC20588713	0	0	1	1	0	0	0	0	0	0	S
NMDC20588715	0	0	0	0	0	0	0	0	0	0	S
NMDC20588717	0	0	0	0	0	0	0	0	0	0	S
NMDC20588718	0	0	0	1	1	1	0	0	0	0	S
NMDC20588719	0	0	0	0	0	0	0	0	0	0	S
NMDC20588721	0	0	0	1	1	0	0	0	0	1	S
NMDC20588723	0	0	0	0	0	0	0	0	0	0	S
NMDC20588724	0	0	0	0	0	0	0	0	0	0	S
NMDC20588726	0	0	0	0	0	0	0	0	0	0	S
NMDC20588731	0	0	1	1	0	0	0	0	0	0	S
NMDC20588734	0	0	1	0	0	0	0	0	0	0	S
NMDC20588735	0	0	1	0	0	0	0	0	0	0	S
NMDC20588736	0	0	1	0	0	0	0	0	0	0	S
NMDC20588737	0	0	0	1	0	0	0	0	0	0	S
NMDC20588739	0	0	0	0	0	0	0	0	0	0	S
NMDC20588740	0	0	1	1	0	0	0	0	0	0	S
NMDC20588744	0	0	0	0	0	0	0	0	0	0	S
NMDC20588746	0	0	1	1	0	0	0	0	0	0	S
NMDC20588750	0	0	0	0	0	0	0	0	0	0	S
NMDC20588751	0	0	1	0	0	0	0	0	0	0	S
NMDC20588754	0	0	0	0	0	0	0	0	0	0	S
NMDC20588759	0	0	0	0	0	0	0	0	0	0	S
NMDC20588762	0	0	0	1	0	0	0	0	0	0	S
NMDC20588763	0	0	0	0	0	0	0	0	0	0	S
NMDC20588764	0	0	0	0	0	0	0	0	0	0	S
NMDC20552580	0	0	0	0	0	0	0	0	0	0	S
NMDC20558579	0	0	0	0	0	0	0	0	0	0	S
NMDC20588765	0	0	0	0	0	0	0	0	0	0	S
NMDC20588767	0	0	0	0	0	0	0	0	0	0	S
NMDC20588769	0	0	0	0	0	0	0	0	0	0	S
NMDC20588770	0	0	0	0	0	0	0	0	0	0	S
NMDC20554584	0	0	0	0	0	0	0	0	0	0	S
NMDC20588771	0	0	0	0	0	0	0	0	0	0	S
NMDC20588773	0	0	0	0	0	0	0	0	0	0	S
NMDC20558581	0	0	0	0	0	0	0	0	0	0	S
NMDC20554586	0	0	0	0	0	0	0	0	0	0	S
NMDC20556580	0	0	0	0	0	0	0	0	0	0	S
NMDC20588776	0	0	0	0	0	0	0	0	0	0	S
NMDC20556581	0	0	0	0	0	0	0	0	0	0	S
NMDC20558583	0	0	0	0	0	0	0	0	0	0	S
NMDC20588778	0	0	0	0	0	0	0	0	0	0	S
NMDC20588779	0	0	0	0	0	0	0	0	0	0	S
NMDC20552582	0	0	0	0	0	0	0	0	0	0	S
NMDC20552583	0	0	0	0	0	0	0	0	0	0	S
NMDC20552584	0	0	0	0	0	0	0	0	0	0	S
NMDC20588780	0	0	0	0	0	0	0	0	0	0	S
NMDC20588781	0	0	0	0	0	0	0	0	0	0	S
NMDC20552585	0	0	0	0	0	0	0	0	0	0	S
NMDC20558586	0	0	0	0	0	0	0	0	0	0	S
NMDC20588782	0	0	0	0	0	0	0	0	0	0	S
NMDC20588783	0	0	0	0	0	0	0	0	0	0	S
NMDC20554587	0	0	0	0	0	0	0	0	0	0	S
NMDC20588784	0	0	0	0	0	0	0	0	0	0	S
NMDC20588787	0	0	0	0	0	0	0	0	0	0	S
NMDC20588788	0	0	0	0	0	0	0	0	0	0	S
NMDC20554588	0	0	0	0	0	0	0	0	0	0	S
NMDC20588789	0	0	0	0	0	0	0	0	0	0	S
NMDC20558589	0	0	0	0	0	0	0	0	0	0	S
NMDC20588790	0	0	0	0	0	0	0	0	0	0	S
NMDC20588791	0	0	0	0	0	0	0	0	0	0	S
NMDC20588792	0	0	0	0	0	0	0	0	0	0	S
NMDC20552588	0	0	0	0	0	0	0	0	0	0	S
NMDC20556589	0	0	0	0	0	0	0	0	0	0	S
NMDC20588795	0	0	0	0	0	0	0	0	0	0	S
NMDC20554590	0	0	0	0	0	0	0	0	0	0	S
NMDC20556590	0	0	0	0	0	0	0	0	0	0	S
NMDC20558591	0	0	0	0	0	0	0	0	0	0	S
NMDC20554591	0	0	0	0	0	0	0	0	0	0	S
NMDC20588797	0	0	0	0	0	0	0	0	0	0	S
NMDC20588798	0	0	0	0	0	0	0	0	0	0	S
NMDC20556591	0	0	0	0	0	0	0	0	0	0	S
NMDC20588799	0	0	0	0	0	0	0	0	0	0	S
NMDC20588800	0	0	0	0	0	0	0	0	0	0	S
NMDC20588801	0	0	0	0	0	0	0	0	0	0	S
NMDC20588802	0	0	0	0	0	0	0	0	0	0	S
NMDC20552589	0	0	0	0	0	0	0	0	0	0	S
NMDC20588803	0	0	0	0	0	0	0	0	0	0	S
NMDC20588804	0	0	0	0	0	0	0	0	0	0	S
NMDC20558592	0	0	0	0	0	0	0	0	0	0	S
NMDC20588805	0	0	0	0	0	0	0	0	0	0	S
NMDC20588806	0	0	0	0	0	0	0	0	0	0	S
NMDC20558593	0	0	0	0	0	0	0	0	0	0	S
NMDC20558594	0	0	0	0	0	0	0	0	0	0	S
NMDC20588807	0	0	0	0	0	0	0	0	0	0	S
NMDC20588808	0	0	0	0	0	0	0	0	0	0	S
NMDC20554593	0	0	0	0	0	0	0	0	0	0	S
NMDC20588809	0	0	0	0	0	0	0	0	0	0	S
NMDC20552591	0	0	0	0	0	0	0	0	0	0	S
NMDC20588811	0	0	0	0	0	0	0	0	0	0	S
NMDC20552592	0	0	0	0	0	0	0	0	0	0	S
NMDC20588812	0	0	0	0	0	0	0	0	0	0	S
NMDC20552594	0	0	0	0	0	0	0	0	0	0	S
NMDC20558595	0	0	0	0	0	0	0	0	0	0	S
NMDC20588813	0	0	0	0	0	0	0	0	0	0	S
NMDC20556594	0	0	0	0	0	0	0	0	0	0	S
NMDC20588818	0	0	0	0	0	0	0	0	0	0	S
NMDC20554595	0	0	0	0	0	0	0	0	0	0	S
NMDC20558599	0	0	0	0	0	0	0	0	0	0	S
NMDC20554598	0	0	0	0	0	0	0	0	0	0	S
NMDC20558600	0	0	0	0	0	0	0	0	0	0	S
NMDC20558601	0	0	0	0	0	0	0	0	0	0	S
NMDC20588819	0	0	0	0	0	0	0	0	0	0	S
NMDC20554600	0	0	0	0	0	0	0	0	0	0	S
NMDC20552598	0	0	0	0	0	0	0	0	0	0	S
NMDC20588821	0	0	0	0	0	0	0	0	0	0	S
NMDC20588822	0	0	0	0	0	0	0	0	0	0	S
NMDC20558602	0	0	0	0	0	0	0	0	0	0	S
NMDC20556595	0	0	0	0	0	0	0	0	0	0	S
NMDC20552599	0	0	0	0	0	0	0	0	0	0	S
NMDC20558603	0	0	0	0	0	0	0	0	0	0	S
NMDC20556596	0	0	0	0	0	0	0	0	0	0	S
NMDC20554601	0	0	0	0	0	0	0	0	0	1	S
NMDC20588824	0	0	0	0	0	0	0	0	0	1	S
NMDC20556597	0	0	0	0	0	0	0	0	0	0	S
NMDC20556598	0	0	0	0	0	0	0	0	0	0	S
NMDC20582165	0	0	0	0	0	0	0	0	0	0	S
NMDC20554668	0	0	0	0	0	0	0	0	0	0	S
NMDC20582166	0	0	0	0	0	0	0	0	0	0	S
NMDC20554669	0	0	0	0	0	0	0	0	0	0	S
NMDC20554671	0	0	0	0	0	0	0	0	0	0	S
NMDC20556668	0	0	0	0	0	0	0	0	0	0	S
NMDC20582169	0	0	0	0	0	0	0	0	0	0	S
NMDC20556669	0	0	0	0	0	0	0	0	0	0	S
NMDC20554673	0	0	0	0	0	0	0	0	0	0	S
NMDC20582171	0	0	0	0	0	0	0	0	0	0	S
NMDC20554674	0	0	0	0	0	0	0	0	0	0	S
NMDC20582173	0	0	0	0	0	0	0	0	0	0	S
NMDC20582175	0	0	0	0	0	0	0	0	0	0	S
NMDC20582176	0	0	0	0	0	0	0	0	0	1	S
NMDC20550671	0	0	0	0	0	0	0	0	0	0	S
NMDC20552684	0	0	0	1	0	0	0	0	0	1	S
NMDC20556684	0	0	0	0	0	0	0	0	0	0	S
NMDC20554683	0	0	0	0	0	0	0	0	0	0	S
NMDC20550679	0	0	0	0	0	0	0	0	0	0	S
NMDC20556685	1	0	0	0	0	0	0	0	0	0	S
NMDC20552691	0	0	0	0	0	0	0	0	0	0	S
NMDC20554684	0	0	1	0	0	0	0	0	0	1	S
NMDC20582206	1	0	0	0	0	0	0	0	0	0	S
NMDC20552692	0	0	0	0	0	0	0	0	0	0	S
NMDC20552693	0	0	1	0	0	0	0	0	0	0	S
NMDC20582209	0	0	0	0	0	0	0	0	0	0	S
NMDC20556687	0	0	0	0	0	0	0	0	0	0	S
NMDC20556688	0	0	0	0	0	0	0	0	0	0	S
NMDC20554687	0	0	0	0	0	0	0	0	0	0	S
NMDC20582221	0	0	0	0	0	0	0	0	0	0	S
NMDC20556697	0	0	0	0	0	0	0	0	0	0	S
NMDC20556698	0	0	0	0	0	0	0	0	0	0	S
NMDC20552701	0	0	0	0	0	0	0	0	0	0	S
NMDC20550691	0	0	0	0	0	0	0	0	0	0	S
NMDC20556700	0	0	0	0	0	0	0	0	0	0	S
NMDC20552702	0	0	0	0	0	0	0	0	0	0	S
NMDC20582229	0	0	0	0	0	0	0	0	0	0	S
NMDC20550694	0	0	0	0	0	0	0	0	0	0	S
NMDC20556701	0	0	0	0	0	0	0	0	0	0	S
NMDC20556702	0	0	0	0	0	0	0	0	0	0	S
NMDC20552703	0	0	0	0	0	0	0	0	0	0	S
NMDC20582231	0	0	0	0	0	0	0	0	0	0	S
NMDC20552704	0	0	0	0	0	0	0	0	0	0	S
NMDC20582232	0	0	0	0	0	0	0	0	0	0	S
NMDC20552705	0	0	0	0	0	0	0	0	0	0	S
NMDC20552707	0	0	0	0	0	0	0	0	0	0	S
NMDC20582234	0	0	0	0	0	0	0	0	0	0	S
NMDC20582235	0	0	0	0	0	0	0	0	0	0	S
NMDC20582236	0	0	0	0	0	0	0	0	0	0	S
NMDC20554693	0	0	0	0	0	0	0	0	0	0	S
NMDC20550695	0	0	0	0	0	0	0	0	0	0	S
NMDC20552708	0	0	0	0	0	0	0	0	0	0	S
NMDC20556705	0	0	0	0	0	0	0	0	0	0	S
NMDC20582237	0	0	0	0	0	0	0	0	0	0	S
NMDC20554696	0	0	0	1	1	1	0	0	0	0	S
NMDC20556704	0	0	0	0	0	0	0	0	0	0	S
NMDC20554697	0	0	0	0	0	0	0	0	0	0	S
NMDC20556706	0	0	0	0	0	0	0	0	0	0	S
NMDC20552709	0	0	0	0	0	0	0	0	0	0	S
NMDC20552710	0	0	0	0	0	0	0	0	0	0	S
NMDC20556707	0	0	0	0	0	0	0	0	0	0	S
NMDC20582240	0	0	0	0	0	0	0	0	0	0	S
NMDC20556708	0	0	0	0	0	0	0	0	0	0	S
NMDC20582241	0	0	0	0	0	0	0	0	0	0	S
NMDC20582244	0	0	0	0	0	0	0	0	0	0	S
NMDC20582245	0	0	0	0	0	0	0	0	0	0	S
NMDC20552715	0	0	0	0	0	0	0	0	0	0	S
NMDC20582254	0	0	0	0	0	0	0	0	0	0	S
NMDC20556712	0	0	0	0	0	0	0	0	0	0	S
NMDC20554700	0	0	0	0	0	0	0	0	0	0	S
NMDC20556713	0	0	1	0	0	0	0	0	0	0	S
NMDC20550699	0	0	0	0	0	0	0	0	0	0	S
NMDC20582266	1	0	0	0	0	0	0	0	0	0	S
NMDC20556718	0	0	0	0	0	0	0	0	0	0	S
NMDC20554702	0	0	0	0	0	0	0	0	0	0	S
NMDC20582273	0	0	0	0	0	0	0	0	0	0	S
NMDC20582279	0	0	1	1	0	0	0	0	0	0	S
NMDC20554704	0	0	0	1	0	0	0	0	0	1	S
NMDC20582280	0	0	0	0	0	0	0	0	0	0	S
NMDC20552723	0	0	0	0	0	0	0	0	0	0	S
NMDC20556726	0	1	0	1	1	0	0	0	0	0	S
NMDC20552733	0	0	0	0	0	0	0	0	0	0	S
NMDC20554709	0	1	0	0	0	0	1	0	0	1	S
NMDC20554710	0	0	0	1	0	0	0	0	0	1	S
NMDC20582289	0	0	0	0	0	0	0	0	0	0	S
NMDC20550716	0	0	0	0	0	0	0	0	0	0	S
NMDC20582291	0	0	0	0	0	0	0	0	0	0	S
NMDC20582293	0	0	0	0	0	0	0	0	0	0	S
NMDC20556729	0	0	0	0	0	0	0	0	0	0	S
NMDC20552729	0	0	0	0	0	0	0	0	0	0	S
NMDC20550723	0	0	1	0	0	0	0	0	0	0	S
NMDC20550719	0	0	0	0	0	0	0	0	0	0	S
NMDC20550724	1	0	0	0	0	0	0	0	0	0	S
NMDC20582302	0	0	0	0	0	0	0	0	0	0	S
NMDC20582303	0	0	0	0	0	0	0	0	0	0	S
NMDC20582304	0	0	0	0	0	0	0	0	0	0	S
NMDC20556733	0	0	0	0	0	0	0	0	0	0	S
NMDC20582306	0	0	0	0	0	0	0	0	0	0	S
NMDC20552732	0	0	0	0	0	0	0	0	0	0	S
NMDC20554719	0	0	0	0	0	0	0	0	0	0	S
NMDC20582307	0	0	0	0	0	0	0	0	0	1	S
NMDC20582308	0	0	0	0	0	0	0	0	0	0	S
NMDC20582310	0	0	0	0	0	0	0	0	0	0	S
NMDC20550726	0	0	0	0	0	0	0	0	0	0	S
NMDC20552735	0	0	0	0	0	0	0	0	0	0	S
NMDC20550727	0	0	1	1	0	0	0	0	0	0	S
NMDC20552737	0	0	0	0	0	0	0	0	0	0	S
NMDC20582312	0	0	1	1	0	0	0	0	0	0	S
NMDC20582320	0	0	0	0	0	0	0	0	0	0	S
NMDC20582321	0	0	0	0	0	0	0	0	0	0	S
NMDC20582323	0	0	0	1	0	0	0	0	0	0	S
NMDC20582325	0	0	0	1	0	0	0	0	0	0	S
NMDC20554726	0	0	0	0	0	0	0	0	0	0	S
NMDC20552745	0	0	0	0	0	0	0	0	0	0	S
NMDC20556758	0	0	0	0	0	0	0	0	0	0	S
NMDC20550736	0	0	0	0	0	0	0	0	0	0	S
NMDC20550737	0	0	0	0	0	0	0	0	0	0	S
NMDC20556743	0	0	0	0	0	0	0	0	0	0	S
NMDC20556744	0	0	0	0	0	0	0	0	0	0	S
NMDC20582331	0	0	0	0	0	0	0	0	0	0	S
NMDC20556746	0	0	0	0	0	0	0	0	0	0	S
NMDC20556747	0	0	0	0	0	0	0	0	0	0	S
NMDC20582332	0	0	0	0	0	0	0	0	0	0	S
NMDC20582333	0	0	0	0	0	0	0	0	0	0	S
NMDC20550739	0	0	0	0	0	0	0	0	0	0	S
NMDC20552747	0	0	0	0	0	0	0	0	0	0	S
NMDC20582339	0	0	1	0	0	0	0	0	0	0	S
NMDC20556749	0	0	1	0	0	0	0	0	0	0	S
NMDC20582340	0	0	1	0	0	0	0	0	0	0	S
NMDC20582341	0	0	1	0	0	0	0	0	0	0	S
NMDC20550740	0	0	1	0	0	0	0	0	0	0	S
NMDC20556751	0	0	1	0	0	0	0	0	0	0	S
NMDC20552749	0	0	1	0	0	0	0	0	0	0	S
NMDC20552750	0	0	1	0	0	0	0	0	0	0	S
NMDC20550741	0	0	1	0	0	0	0	0	0	0	S
NMDC20556752	0	0	1	0	0	0	0	0	0	0	S
NMDC20582342	0	0	0	0	0	0	0	0	0	0	S
NMDC20552752	0	0	0	0	0	0	0	0	0	0	S
NMDC20552753	0	0	0	0	0	0	0	0	0	0	S
NMDC20554731	0	0	0	0	0	0	0	0	0	0	S
NMDC20550742	0	0	0	0	0	0	0	0	0	0	S
NMDC20550743	0	0	0	0	0	0	0	0	0	0	S
NMDC20556754	0	0	0	0	0	0	0	0	0	0	S
NMDC20582346	0	0	1	1	0	0	0	0	0	0	S
NMDC20550744	0	0	0	0	0	0	0	0	0	0	S
NMDC20556755	0	0	0	0	0	0	0	0	0	0	S
NMDC20582350	0	0	1	0	0	0	0	0	0	0	S
NMDC20582351	0	0	1	0	0	0	0	0	0	0	S
NMDC20582352	0	0	0	0	0	0	0	0	0	0	S
NMDC20582354	0	0	0	0	0	0	0	0	0	0	S
NMDC20582355	0	0	0	0	0	0	0	0	0	0	S
NMDC20582358	0	0	0	0	0	0	0	0	0	0	S
NMDC20582361	0	0	1	0	0	0	0	0	0	0	S
NMDC20582362	0	0	0	0	0	0	0	0	0	0	S
NMDC20582363	0	0	0	0	0	0	0	0	0	0	S
NMDC20550748	0	0	0	0	0	0	0	0	0	0	S
NMDC20552760	0	0	0	0	0	0	0	0	0	0	S
NMDC20550745	0	0	0	1	0	0	0	0	0	1	S
NMDC20582371	0	0	0	1	0	0	0	0	0	1	S
NMDC20582375	0	0	0	0	0	0	0	0	0	0	S
NMDC20554734	0	0	0	0	0	0	0	0	0	0	S
NMDC20552762	0	0	0	0	0	0	0	0	0	0	S
NMDC20582379	0	0	0	0	0	0	0	0	0	0	S
NMDC20556763	0	0	0	0	0	0	0	0	0	0	S
NMDC20552763	0	0	1	0	0	0	0	0	0	0	S
NMDC20550752	0	0	1	0	0	0	0	0	0	0	S
NMDC20582381	0	0	1	0	0	0	0	0	0	0	S
NMDC20550753	0	0	0	0	0	0	0	0	0	0	S
NMDC20582383	1	0	0	0	0	0	0	0	0	0	S
NMDC20582385	0	0	0	0	0	0	0	0	0	0	S
NMDC20552765	0	0	0	0	0	0	0	0	0	0	S
NMDC20552766	0	0	0	0	0	0	0	0	0	0	S
NMDC20582387	0	0	0	0	0	0	0	0	0	0	S
NMDC20554736	0	0	1	0	0	0	0	0	0	0	S
NMDC20582388	0	0	1	0	0	0	0	0	0	0	S
NMDC20582389	0	0	1	0	0	0	0	0	0	0	S
NMDC20550755	0	0	1	0	0	0	0	0	0	0	S
NMDC20554737	0	0	1	0	0	0	0	0	0	0	S
NMDC20552767	0	0	1	0	0	0	0	0	0	0	S
NMDC20550756	0	0	1	0	0	0	0	0	0	0	S
NMDC20582392	0	0	1	0	0	0	0	0	0	0	S
NMDC20582399	0	0	0	0	0	0	0	0	0	0	S
NMDC20582401	0	0	0	0	0	0	0	0	0	0	S
NMDC20556786	0	0	0	0	0	0	0	0	0	0	S
NMDC20582402	0	0	0	0	0	0	0	0	0	0	S
NMDC20552772	0	0	0	0	0	0	0	0	0	0	S
NMDC20554739	0	0	0	0	0	0	0	0	0	0	S
NMDC20554740	0	0	0	0	0	0	0	0	0	0	S
NMDC20550760	0	0	0	0	0	0	0	0	0	0	S
NMDC20556771	0	0	1	0	0	0	0	0	0	0	S
NMDC20556768	0	0	0	0	0	0	0	0	0	0	S
NMDC20550764	0	0	0	0	0	0	0	0	0	0	S
NMDC20550765	0	0	1	0	0	0	0	0	0	0	S
NMDC20554743	0	0	0	0	0	0	0	0	0	0	S
NMDC20582410	0	0	0	0	0	0	0	0	0	0	S
NMDC20556773	0	0	1	0	0	0	0	0	0	0	S
NMDC20550766	0	0	0	0	0	0	0	0	0	0	S
NMDC20552774	0	0	0	0	0	0	0	0	0	0	S
NMDC20550767	0	0	1	0	0	0	0	0	0	0	S
NMDC20552775	0	0	0	0	0	0	0	0	0	0	S
NMDC20550770	0	0	1	0	0	0	0	0	0	0	S
NMDC20556775	0	0	0	0	0	0	0	0	0	0	S
NMDC20550769	0	0	0	0	0	0	0	0	0	0	S
NMDC20554747	0	0	0	0	0	0	0	0	0	0	S
NMDC20550772	0	0	1	1	0	0	0	0	0	0	S
NMDC20552776	0	0	0	0	0	0	0	0	0	0	S
NMDC20550773	1	0	0	0	0	0	0	0	0	1	S
NMDC20554746	0	0	0	0	0	0	0	0	0	1	S
NMDC20554748	0	0	0	0	0	0	0	0	0	0	S
NMDC20554750	0	0	0	0	0	0	0	0	0	0	S
NMDC20552778	1	0	0	0	0	0	0	0	0	0	S
NMDC20582420	0	0	0	0	0	0	0	0	0	0	S
NMDC20554752	0	0	0	0	0	0	0	0	0	0	S
NMDC20554753	0	0	0	0	0	0	0	0	0	0	S
NMDC20554754	0	0	1	0	0	0	0	0	0	0	S
NMDC20554755	0	0	0	0	0	0	0	0	0	0	S
NMDC20582422	0	0	0	0	0	0	0	0	0	0	S
NMDC20550774	0	0	0	0	0	0	0	0	0	0	S
NMDC20582424	0	0	0	0	0	0	0	0	0	0	S
NMDC20556780	1	0	0	0	0	0	0	0	0	0	S
NMDC20550775	0	0	0	0	0	0	0	0	0	0	S
NMDC20554757	0	0	1	0	0	0	0	0	0	0	S
NMDC20552781	0	0	0	0	0	0	0	0	0	0	S
NMDC20582428	0	0	1	0	0	0	0	0	0	0	S
NMDC20552782	0	0	0	0	0	0	0	0	0	0	S
NMDC20556782	0	0	0	0	0	0	0	0	0	0	S
NMDC20552783	1	0	0	0	0	0	0	0	0	0	S
NMDC20556783	1	0	0	0	0	0	0	0	0	0	S
NMDC20582430	0	0	1	0	0	0	0	0	0	0	S
NMDC20582431	0	0	0	0	0	0	0	0	0	0	S
NMDC20582434	0	0	0	0	0	0	0	0	0	0	S
NMDC20554758	0	0	1	0	0	0	0	0	0	0	S
NMDC20582437	0	0	1	0	0	0	0	0	0	0	S
NMDC20554759	0	0	0	0	0	0	0	0	0	0	S
NMDC20582438	0	0	1	0	0	0	0	0	0	0	S
NMDC20582439	0	0	0	0	0	0	0	0	0	0	S
NMDC20582442	0	0	0	0	0	0	0	0	0	0	S
NMDC20554760	1	0	0	0	0	0	0	0	0	0	S
NMDC20554761	0	0	0	0	0	0	0	0	0	0	S
NMDC20582443	0	0	1	0	0	0	0	0	0	0	S
NMDC20556787	0	0	0	0	0	0	0	0	0	0	S
NMDC20554765	0	0	0	0	0	0	0	0	0	0	S
NMDC20550776	0	0	0	1	0	0	0	0	0	0	S
NMDC20556791	0	0	1	0	0	0	0	0	0	0	S
NMDC20552788	0	0	0	0	0	0	0	0	0	0	S
NMDC20582445	0	0	0	0	0	0	0	0	0	0	S
NMDC20550777	0	0	1	0	0	0	0	0	0	0	S
NMDC20582446	0	0	0	0	0	0	0	0	0	0	S
NMDC20552790	0	0	0	0	0	0	0	0	0	0	S
NMDC20582447	0	0	0	0	0	0	0	0	0	0	S
NMDC20556794	0	0	0	0	0	0	0	0	0	0	S
NMDC20556796	0	0	1	0	0	0	0	0	0	0	S
NMDC20552793	0	0	0	0	0	0	0	0	0	0	S
NMDC20582449	0	0	1	0	0	0	0	0	0	0	S
NMDC20582450	1	0	0	0	0	0	0	0	0	0	S
NMDC20556797	1	0	0	0	0	0	0	0	0	0	S
NMDC20582451	0	0	0	0	0	0	0	0	0	0	S
NMDC20554766	0	0	0	0	0	0	0	0	0	0	S
NMDC20582453	0	0	0	0	0	0	0	0	0	0	S
NMDC20550783	0	0	0	0	0	0	0	0	0	0	S
NMDC20552794	0	0	0	0	0	0	0	0	0	0	S
NMDC20556798	0	0	0	0	0	0	0	0	0	0	S
NMDC20582454	0	0	0	0	0	0	0	0	0	0	S
NMDC20556799	0	0	0	0	0	0	0	0	0	0	S
NMDC20556800	0	0	0	0	0	0	0	0	0	0	S
NMDC20554767	0	0	1	0	0	0	0	0	0	0	S
NMDC20550785	0	0	0	0	0	0	0	0	0	0	S
NMDC20556801	0	0	0	0	0	0	0	0	0	0	S
NMDC20556803	0	0	1	0	0	0	0	0	0	0	S
NMDC20554768	0	0	0	0	0	0	0	0	0	0	S
NMDC20582459	0	0	0	0	0	0	0	0	0	0	S
NMDC20582460	0	0	0	0	0	0	0	0	0	0	S
NMDC20582461	0	0	0	0	0	0	0	0	0	0	S
NMDC20582463	0	0	0	0	0	0	0	0	0	0	S
NMDC20554771	0	0	0	0	0	0	0	0	0	0	S
NMDC20554772	0	0	0	0	0	0	0	0	0	0	S
NMDC20582466	0	0	1	0	0	0	0	0	0	0	S
NMDC20556805	0	0	0	0	0	0	0	0	0	0	S
NMDC20550790	0	0	0	0	0	0	0	0	0	0	S
NMDC20582468	0	0	0	0	0	0	0	0	0	0	S
NMDC20554773	0	0	0	0	0	0	0	0	0	0	S
NMDC20556806	0	0	0	0	0	0	0	0	0	0	S
NMDC20582470	0	0	0	0	0	0	0	0	0	0	S
NMDC20554775	0	0	0	0	0	0	0	0	0	0	S
NMDC20556807	0	0	0	0	0	0	0	0	0	0	S
NMDC20554776	0	0	0	0	0	0	0	0	0	0	S
NMDC20552801	0	0	0	0	0	0	0	0	0	0	S
NMDC20582472	0	0	0	0	0	0	0	0	0	0	S
NMDC20582473	0	0	0	0	0	0	0	0	0	0	S
NMDC20582416	1	1	0	1	0	0	1	0	0	1	S
NMDC20550793	1	0	0	1	1	1	0	0	0	0	S
NMDC20552803	0	0	0	0	0	0	0	0	0	0	S
NMDC20582627	0	0	0	0	0	0	0	0	0	0	S
NMDC20550812	0	0	0	0	0	0	0	0	0	0	S
NMDC20550816	0	0	0	0	0	0	0	0	0	0	S
NMDC20552821	0	0	0	0	0	0	0	0	0	0	S
NMDC20582647	0	0	0	0	0	0	0	0	0	0	S
NMDC20552827	0	0	0	0	0	0	0	0	0	0	S
NMDC20550819	0	0	0	1	0	0	0	0	0	1	S
NMDC20550820	0	0	0	0	0	0	0	0	0	0	S
NMDC20550821	0	0	0	1	0	0	0	0	0	0	S
NMDC20582656	1	0	0	1	0	0	0	0	0	1	S
NMDC20582664	0	0	1	0	0	0	0	0	0	0	S
NMDC20582668	0	0	0	0	0	0	0	0	0	0	S
NMDC20554817	0	0	0	0	0	0	0	0	0	0	S
NMDC20582688	0	0	0	1	1	0	0	0	0	0	S
NMDC20554821	0	0	0	1	0	0	0	0	0	1	S
NMDC20556841	0	0	0	0	0	0	0	0	0	0	S
NMDC20582699	1	0	0	0	0	0	0	0	0	0	S
NMDC20556842	0	0	0	0	0	0	0	0	0	0	S
NMDC20552840	0	0	0	0	0	0	0	0	0	0	S
NMDC20550841	1	0	0	0	0	0	0	0	0	0	S
NMDC20554826	0	0	0	0	0	0	0	0	0	0	S
NMDC20552841	0	0	0	0	0	0	0	0	0	0	S
NMDC20582725	0	0	0	0	0	0	0	0	0	0	S
NMDC20556849	0	1	0	1	1	0	0	0	0	0	S
NMDC20552852	1	0	0	0	0	1	0	0	0	0	S
NMDC20552864	0	0	0	0	0	0	0	0	0	0	S
NMDC20582732	1	0	0	0	0	0	0	0	0	0	S
NMDC20552857	0	0	0	0	0	0	0	0	0	0	S
NMDC20556856	0	0	0	1	0	0	0	0	0	0	S
NMDC20550855	0	0	0	0	0	0	0	0	0	0	S
NMDC20552868	0	0	0	0	0	0	0	0	0	0	S
NMDC20550858	0	0	0	0	0	0	0	0	0	0	S
NMDC20556859	0	0	0	0	0	0	0	0	0	0	S
NMDC20556860	0	0	1	0	0	0	0	0	0	0	S
NMDC20554845	0	0	1	0	0	0	0	0	0	0	S
NMDC20582761	0	0	1	0	0	0	0	0	0	0	S
NMDC20552877	0	0	0	0	0	0	0	0	0	0	S
NMDC20554849	1	0	0	0	0	0	0	0	0	0	S
NMDC20550866	0	0	0	0	0	0	0	0	0	0	S
NMDC20554851	1	0	0	1	0	0	0	0	0	0	S
NMDC20552879	0	0	0	0	0	0	0	0	0	0	S
NMDC20554852	1	0	0	0	0	0	0	0	0	0	S
NMDC20582768	0	0	0	0	0	0	0	0	0	0	S
NMDC20552883	0	0	0	0	0	0	0	0	0	0	S
NMDC20582777	0	0	0	0	0	0	0	0	0	0	S
NMDC20556869	0	0	0	0	0	0	0	0	0	0	S
NMDC20582784	1	0	0	0	0	0	0	0	0	0	S
NMDC20552893	0	0	1	0	0	0	0	0	0	0	S
NMDC20582790	0	0	0	0	0	0	0	0	0	0	S
NMDC20552892	0	0	0	0	0	0	0	0	0	0	S
NMDC20582791	1	0	0	1	0	0	0	0	0	1	S
NMDC20582792	0	0	1	0	0	0	0	0	0	0	S
NMDC20554861	0	0	1	0	0	0	0	0	0	0	S
NMDC20582795	0	0	0	0	0	0	0	0	0	0	S
NMDC20556878	0	0	0	0	0	0	0	0	0	0	S
NMDC20582917	0	0	0	0	0	0	0	0	0	0	S
NMDC20582918	0	0	0	0	0	0	0	0	0	0	S
NMDC20582922	0	0	0	0	0	0	0	0	0	0	S
NMDC20556921	0	0	0	0	0	0	0	0	0	0	S
NMDC20552944	0	0	0	0	0	0	0	0	0	0	S
NMDC20550922	0	0	1	0	0	0	0	0	0	0	S
NMDC20582925	0	0	0	0	0	0	0	0	0	0	S
NMDC20582935	0	0	0	0	0	0	0	0	0	0	S
NMDC20552949	0	0	0	0	0	0	0	0	0	0	S
NMDC20550931	0	0	1	0	0	0	0	0	0	0	S
NMDC20554918	0	0	0	0	0	0	0	0	0	0	S
NMDC20552952	0	0	0	0	0	0	0	0	0	0	S
NMDC20554919	0	0	0	0	0	0	0	0	0	0	S
NMDC20552953	0	0	1	0	0	0	0	0	0	0	S
NMDC20582948	0	0	0	0	0	0	0	0	0	0	S
NMDC20582951	0	0	1	0	0	0	0	0	0	0	S
NMDC20582958	0	0	0	0	0	0	0	0	0	0	S
NMDC20550932	0	0	0	0	0	0	0	0	0	0	S
NMDC20556927	0	0	0	1	0	0	0	0	0	0	S
NMDC20582963	0	0	0	0	0	0	0	0	0	0	S
NMDC20552959	0	0	0	0	0	0	0	0	0	0	S
NMDC20582965	1	0	0	1	0	0	0	0	0	1	S
NMDC20552960	0	0	1	0	0	0	0	0	0	0	S
NMDC20582969	0	0	0	0	0	0	0	0	0	0	S
NMDC20552966	0	0	0	1	0	0	0	0	0	0	S
NMDC20582975	0	0	0	0	0	0	0	0	0	0	S
NMDC20554933	0	0	0	0	0	0	0	0	0	0	S
NMDC20582979	0	0	0	0	0	0	0	0	0	0	S
NMDC20554935	0	0	0	1	0	0	0	0	0	1	S
NMDC20556941	0	0	0	0	0	0	0	0	0	0	S
NMDC20552971	0	0	0	0	0	0	0	0	0	0	S
NMDC20552972	0	0	0	0	0	0	0	0	0	0	S
NMDC20550943	0	0	0	0	0	0	0	0	0	0	S
NMDC20552973	0	0	0	0	0	0	0	0	0	0	S
NMDC20582986	0	0	0	0	0	0	0	0	0	0	S
NMDC20556945	0	0	0	0	0	0	0	0	0	0	S
NMDC20582989	0	0	0	0	0	0	0	0	0	0	S
NMDC20550945	0	0	0	1	0	0	0	0	0	1	S
NMDC20550946	0	0	0	0	0	1	0	0	0	0	S
NMDC20552978	0	0	0	0	0	0	0	0	0	0	S
NMDC20552979	0	0	0	0	0	0	0	0	0	0	S
NMDC20554944	0	0	0	0	0	0	0	0	0	0	S
NMDC20554945	0	0	0	0	0	0	0	0	0	0	S
NMDC20583002	0	0	0	0	0	0	0	0	0	0	S
NMDC20554946	0	0	0	0	0	0	0	0	0	0	S
NMDC20583003	0	0	0	0	0	0	0	0	0	0	S
NMDC20583007	0	0	0	0	0	0	0	0	0	0	S
NMDC20583008	0	0	0	0	0	0	0	0	0	0	S
NMDC20583016	0	0	0	1	0	0	0	0	0	0	S
NMDC20550954	0	0	0	0	0	0	0	0	0	0	S
NMDC20550953	0	0	0	0	0	0	0	0	0	0	S
NMDC20583020	0	0	0	0	0	0	0	0	0	0	S
NMDC20583022	0	0	0	0	0	0	0	0	0	0	S
NMDC20552984	0	0	0	0	0	0	0	0	0	0	S
NMDC20583023	0	0	0	1	0	0	0	0	0	0	S
NMDC20556960	0	0	0	0	0	0	0	0	0	0	S
NMDC20583026	0	0	0	0	0	0	0	0	0	0	S
NMDC20552986	0	0	0	0	0	0	0	0	0	0	S
NMDC20550956	0	0	0	0	0	0	0	0	0	0	S
NMDC20550957	0	0	0	0	0	0	0	0	0	0	S
NMDC20583034	0	0	0	0	0	0	0	0	0	0	S
NMDC20556964	0	0	0	0	0	0	0	0	0	0	S
NMDC20550958	0	0	0	0	0	0	0	0	0	0	S
NMDC20583043	0	0	0	0	0	0	0	0	0	0	S
NMDC20583046	0	0	0	0	0	0	0	0	0	0	S
NMDC20583047	0	0	0	0	0	0	0	0	0	0	S
NMDC20583049	0	0	0	0	0	0	0	0	0	0	S
NMDC20550962	0	0	0	1	0	0	0	0	0	0	S
NMDC20552993	0	0	0	0	0	0	0	0	0	0	S
NMDC20554965	0	0	0	0	0	0	0	0	0	0	S
NMDC20554966	0	0	0	0	0	0	0	0	0	0	S
NMDC20554967	0	0	0	0	0	0	0	0	0	0	S
NMDC20556973	0	0	0	0	0	0	0	0	0	0	S
NMDC20583055	0	0	0	0	0	0	0	0	0	0	S
NMDC20554968	0	0	0	0	0	0	0	0	0	0	S
NMDC20583056	0	0	1	1	0	0	0	0	0	0	S
NMDC20550963	0	0	0	0	0	0	0	0	0	0	S
NMDC20583057	0	0	0	0	0	0	0	0	0	0	S
NMDC20556975	0	0	0	0	0	0	0	0	0	0	S
NMDC20556976	0	0	0	0	0	0	0	0	0	0	S
NMDC20583058	0	0	1	0	0	0	0	0	0	0	S
NMDC20552994	0	0	1	0	0	0	0	0	0	0	S
NMDC20583059	0	0	0	0	0	0	0	0	0	0	S
NMDC20552995	0	0	0	0	0	0	0	0	0	0	S
NMDC20556977	0	0	0	0	0	0	0	0	0	0	S
NMDC20583061	0	0	0	0	0	0	0	0	0	0	S
NMDC20554972	0	0	0	0	0	0	0	0	0	0	S
NMDC20554974	0	0	0	0	0	0	0	0	0	0	S
NMDC20556978	0	0	0	0	0	0	0	0	0	0	S
NMDC20556979	0	0	1	0	0	0	0	0	0	0	S
NMDC20552997	0	0	0	0	0	0	0	0	0	0	S
NMDC20583066	0	0	0	0	0	0	0	0	0	0	S
NMDC20583068	0	0	0	0	0	0	0	0	0	0	S
NMDC20554976	0	0	0	0	0	0	0	0	0	0	S
NMDC20583070	0	0	0	0	0	0	0	0	0	0	S
NMDC20583074	0	0	0	0	0	0	0	0	0	0	S
NMDC20550969	0	0	1	0	0	0	0	0	0	0	S
NMDC20550970	0	0	0	0	0	0	0	0	0	0	S
NMDC20550971	0	0	0	0	0	0	0	0	0	0	S
NMDC20553004	0	0	0	0	0	0	0	0	0	0	S
NMDC20583077	0	0	0	0	0	0	0	0	0	0	S
NMDC20553005	0	0	0	1	0	0	0	0	0	1	S
NMDC20550972	0	0	0	0	0	0	0	0	0	0	S
NMDC20583078	0	0	0	0	0	0	0	0	0	0	S
NMDC20583079	0	0	0	0	0	0	0	0	0	0	S
NMDC20583080	0	0	0	0	0	0	0	0	0	0	S
NMDC20556982	0	0	0	0	0	0	0	0	0	0	S
NMDC20554982	0	0	0	0	0	0	0	0	0	0	S
NMDC20553011	0	0	0	0	0	0	0	0	0	1	S
NMDC20583091	0	0	0	0	0	0	0	0	0	0	S
NMDC20553013	0	0	0	0	0	0	0	0	0	0	S
NMDC20583095	0	0	0	0	0	0	0	0	0	0	S
NMDC20583102	0	0	0	0	0	0	0	0	0	0	S
NMDC20553017	0	0	0	0	0	0	0	0	0	0	S
NMDC20550980	0	0	0	0	0	0	0	0	0	0	S
NMDC20553015	0	0	0	0	0	0	0	0	0	0	S
NMDC20553016	0	0	0	0	0	0	0	0	0	0	S
NMDC20556992	0	0	0	0	0	0	0	0	0	0	S
NMDC20550982	0	0	0	0	0	0	0	0	0	0	S
NMDC20550985	0	0	0	0	0	0	0	0	0	1	S
NMDC20553022	0	0	0	1	0	0	0	0	0	0	S
NMDC20554995	0	0	0	0	0	0	0	0	0	0	S
NMDC20583128	0	0	0	0	0	0	0	0	0	0	S
NMDC20583132	0	0	1	1	0	0	0	0	0	0	S
NMDC20583135	0	0	0	0	0	0	0	0	0	0	S
NMDC20556999	0	0	0	0	0	0	0	0	0	0	S
NMDC20583136	0	0	0	0	0	0	0	0	0	0	S
NMDC20557000	0	0	0	0	0	0	0	0	0	0	S
NMDC20583140	0	0	0	0	0	0	0	0	0	0	S
NMDC20557001	0	0	0	0	0	0	0	0	0	0	S
NMDC20555001	0	0	0	0	0	0	0	0	0	0	S
NMDC20583147	0	0	0	1	0	0	0	0	0	0	S
NMDC20553032	0	0	0	0	0	0	0	0	0	0	S
NMDC20583150	0	0	0	0	0	0	0	0	0	0	S
NMDC20551003	0	0	0	1	0	0	0	0	0	1	S
NMDC20551005	0	0	0	0	0	0	0	0	0	0	S
NMDC20583169	0	0	0	0	0	0	0	0	0	0	S
NMDC20583175	1	0	0	0	0	0	0	0	0	0	S
NMDC20583176	0	0	0	0	0	0	0	0	0	0	S
NMDC20553039	0	0	0	0	0	0	0	0	0	0	S
NMDC20551012	0	0	0	0	0	0	0	0	0	0	S
NMDC20553044	0	0	0	0	0	0	0	0	0	0	S
NMDC20555018	0	0	0	0	0	0	0	0	0	0	S
NMDC20583184	0	0	0	0	0	0	0	0	0	0	S
NMDC20553046	0	0	0	0	0	0	0	0	0	0	S
NMDC20557016	0	0	0	0	0	0	0	0	0	0	S
NMDC20557017	0	0	0	0	0	0	0	0	0	0	S
NMDC20553052	0	0	0	0	0	0	0	0	0	0	S
NMDC20553051	0	0	0	0	0	0	0	0	0	0	S
NMDC20557022	0	0	1	0	0	0	0	0	0	0	S
NMDC20553055	0	0	0	0	0	0	0	0	0	0	S
NMDC20583194	0	0	0	0	0	0	0	0	0	0	S
NMDC20553057	0	0	0	0	0	0	0	0	0	0	S
NMDC20583195	0	0	0	1	0	0	0	0	0	0	S
NMDC20555022	0	0	0	0	0	0	0	0	0	0	S
NMDC20555024	0	0	0	1	0	0	0	0	0	0	S
NMDC20583196	0	0	1	1	0	0	0	0	0	0	S
NMDC20557025	0	0	0	0	0	0	0	0	0	0	S
NMDC20557026	0	0	0	0	0	0	0	0	0	0	S
NMDC20555028	0	0	0	0	0	0	0	0	0	0	S
NMDC20583204	0	0	1	0	0	0	0	0	0	0	S
NMDC20583206	0	0	0	0	0	0	0	0	0	0	S
NMDC20551028	0	0	0	1	0	0	0	0	0	1	S
NMDC20553062	0	0	0	0	0	0	0	0	0	0	S
NMDC20555030	0	0	0	0	0	0	0	0	0	0	S
NMDC20583208	0	0	0	0	0	0	0	0	0	0	S
NMDC20583209	0	0	0	0	0	0	0	0	0	0	S
NMDC20583210	0	0	0	0	0	0	0	0	0	0	S
NMDC20555032	0	0	0	0	0	0	0	0	0	0	S
NMDC20553066	1	0	0	0	0	0	0	0	0	0	S
NMDC20583212	0	0	0	1	0	0	0	0	0	0	S
NMDC20553068	0	0	0	0	0	0	0	0	0	0	S
NMDC20557033	1	0	0	1	0	0	0	0	0	0	S
NMDC20555035	0	0	0	0	0	0	0	0	0	0	S
NMDC20583217	0	0	0	0	0	0	0	0	0	0	S
NMDC20555038	0	0	0	0	0	0	0	0	0	0	S
NMDC20583229	0	0	0	0	0	0	0	0	0	0	S
NMDC20583230	0	0	0	0	0	0	0	0	0	0	S
NMDC20553074	0	0	0	0	0	0	0	0	0	0	S
NMDC20583231	0	0	0	0	0	0	0	0	0	0	S
NMDC20557043	0	0	0	0	0	0	0	0	0	0	S
NMDC20583236	0	0	0	0	0	0	0	0	0	0	S
NMDC20551038	0	0	0	0	0	0	0	0	0	0	S
NMDC20583239	1	0	1	0	0	0	0	0	0	0	S
NMDC20557047	0	0	0	0	0	0	0	0	0	0	S
NMDC20583241	0	0	0	0	0	0	0	0	0	0	S
NMDC20553080	0	0	0	0	0	0	0	0	0	0	S
NMDC20583243	0	0	0	1	0	0	0	0	0	0	S
NMDC20557051	0	0	0	0	0	0	0	0	0	0	S
NMDC20555045	0	0	0	0	0	0	0	0	0	0	S
NMDC20553082	0	0	0	0	0	0	0	0	0	0	S
NMDC20555046	0	0	0	0	0	0	0	0	0	0	S
NMDC20551045	0	0	0	0	0	0	0	0	0	0	S
NMDC20553084	0	0	0	0	0	0	0	0	0	0	S
NMDC20555049	0	0	0	0	0	0	0	0	0	0	S
NMDC20583259	0	0	0	0	0	0	0	0	0	0	S
NMDC20583260	0	0	0	0	0	0	0	0	0	0	S
NMDC20551049	0	0	1	1	0	0	0	0	0	0	S
NMDC20557062	0	0	0	0	0	0	0	0	0	0	S
NMDC20555051	0	0	0	0	0	0	0	0	0	0	S
NMDC20583261	0	0	0	0	0	0	0	0	0	0	S
NMDC20551053	0	0	0	0	0	0	0	0	0	0	S
NMDC20583262	0	0	1	0	0	0	0	0	0	0	S
NMDC20583263	0	0	0	0	0	0	0	0	0	0	S
NMDC20553091	0	0	0	0	0	0	0	0	0	0	S
NMDC20583270	0	0	0	0	0	0	0	0	0	0	S
NMDC20553093	0	0	0	0	0	0	0	0	0	0	S
NMDC20555057	0	0	0	0	0	0	0	0	0	1	S
NMDC20553096	0	0	0	0	0	0	0	0	0	0	S
NMDC20551066	1	0	0	0	0	0	0	0	0	0	S
NMDC20551063	0	0	0	0	0	0	0	0	0	0	S
NMDC20555058	0	0	0	0	0	0	0	0	0	0	S
NMDC20551061	0	0	0	0	0	0	0	0	0	0	S
NMDC20551062	0	0	0	0	0	0	0	0	0	0	S
NMDC20583286	0	0	0	0	0	0	0	0	0	0	S
NMDC20583287	0	0	0	0	0	0	0	0	0	0	S
NMDC20553097	0	0	0	0	0	0	0	0	0	0	S
NMDC20553098	0	0	0	0	0	0	0	0	0	0	S
NMDC20583291	0	0	0	0	0	0	0	0	0	0	S
NMDC20583292	0	0	0	0	0	0	0	0	0	0	S
NMDC20551072	0	0	0	0	0	0	0	0	0	0	S
NMDC20553103	0	0	1	0	0	0	0	0	0	0	S
NMDC20555064	0	0	0	0	0	0	0	0	0	0	S
NMDC20557083	0	0	0	0	0	0	0	0	0	0	S
NMDC20583306	0	0	0	0	0	0	0	0	0	0	S
NMDC20583307	1	0	0	1	0	1	0	0	0	0	S
NMDC20583309	0	0	0	0	0	0	0	0	0	0	S
NMDC20555078	0	0	0	0	0	0	0	0	0	0	S
NMDC20553116	0	0	1	1	0	0	0	0	0	0	S
NMDC20583355	0	0	0	0	0	0	0	0	0	0	S
NMDC20551080	0	0	0	0	0	0	0	0	0	0	S
NMDC20557095	0	0	0	0	0	0	0	0	0	0	S
NMDC20583362	0	0	0	0	0	0	0	0	0	0	S
NMDC20551083	0	0	0	0	0	0	0	0	0	0	S
NMDC20551084	1	0	0	0	0	0	0	0	0	0	S
NMDC20555079	0	0	1	0	0	0	0	0	0	0	S
NMDC20583367	0	0	0	0	0	0	0	0	0	0	S
NMDC20557097	0	0	0	1	0	0	0	0	0	0	S
NMDC20583372	0	0	0	0	0	0	0	0	0	0	S
NMDC20583373	0	0	0	0	0	0	0	0	0	0	S
NMDC20583374	0	0	0	0	0	0	0	0	0	0	S
NMDC20557098	0	0	0	0	0	0	0	0	0	0	S
NMDC20557099	0	0	0	0	0	0	0	0	0	0	S
NMDC20555082	0	0	0	0	0	0	0	0	0	1	S
NMDC20583376	0	0	1	1	0	0	0	0	0	0	S
NMDC20555083	0	0	0	0	0	0	0	0	0	0	S
NMDC20557101	0	0	0	0	0	0	0	0	0	0	S
NMDC20553121	0	0	0	0	0	0	0	0	0	0	S
NMDC20555085	0	0	0	0	0	0	0	0	0	0	S
NMDC20551087	0	0	1	0	0	0	0	0	0	0	S
NMDC20555087	0	1	0	1	0	0	0	0	0	0	S
NMDC20555088	0	0	0	0	0	0	0	0	0	1	S
NMDC20583384	0	0	0	1	0	0	0	0	0	0	S
NMDC20551092	0	0	1	0	0	0	0	0	0	0	S
NMDC20557105	0	0	0	0	0	0	0	0	0	0	S
NMDC20555091	0	0	0	1	0	0	0	0	0	1	S
NMDC20557106	0	0	0	0	0	0	0	0	0	0	S
NMDC20583393	0	0	0	0	0	0	0	0	0	0	S
NMDC20557108	0	0	0	0	0	0	0	0	0	0	S
NMDC20551095	0	0	0	0	0	0	0	0	0	0	S
NMDC20583398	0	0	0	0	0	0	0	0	0	0	S
NMDC20553135	0	0	0	0	0	0	0	0	0	0	S
NMDC20583406	0	0	0	0	0	0	0	0	0	0	S
NMDC20583409	0	0	0	0	0	0	0	0	0	0	S
NMDC20553134	0	0	1	0	0	0	0	0	0	0	S
NMDC20555101	0	0	0	0	0	0	0	0	0	1	S
NMDC20555102	0	0	0	0	0	0	0	0	0	0	S
NMDC20555103	0	0	0	0	0	0	0	0	0	0	S
NMDC20553136	0	0	1	0	0	0	0	0	0	0	S
NMDC20583412	0	0	0	0	0	0	0	0	0	0	S
NMDC20555106	0	0	0	0	0	0	0	0	0	0	S
NMDC20583415	0	0	1	1	0	0	0	0	0	0	S
NMDC20583416	0	0	0	0	0	0	0	0	0	0	S
NMDC20583418	0	0	0	0	0	0	0	0	0	0	S
NMDC20583419	0	0	0	0	0	0	0	0	0	0	S
NMDC20583422	0	0	0	1	0	0	0	0	0	0	S
NMDC20583423	0	0	0	1	0	0	0	0	0	0	S
NMDC20583424	0	0	0	1	0	0	0	0	0	0	S
NMDC20583428	0	0	0	1	0	0	0	0	0	0	S
NMDC20583429	0	0	0	0	0	0	0	0	0	0	S
NMDC20551106	0	0	0	0	0	0	0	0	0	0	S
NMDC20583433	0	0	0	0	0	0	0	0	0	0	S
NMDC20583436	0	0	0	1	0	0	0	0	0	0	S
NMDC20557116	0	0	0	0	0	0	0	0	0	0	S
NMDC20583439	0	0	0	0	0	0	0	0	0	0	S
NMDC20583444	0	0	1	1	0	0	0	0	0	0	S
NMDC20557121	0	0	1	0	0	0	0	0	0	0	S
NMDC20551109	0	0	0	0	0	0	0	0	0	0	S
NMDC20553145	0	0	0	0	0	0	0	0	0	0	S
NMDC20557126	0	0	0	0	0	0	0	0	0	0	S
NMDC20555115	0	0	0	1	0	0	0	0	0	0	S
NMDC20583449	0	0	0	0	0	0	0	0	0	1	S
NMDC20555117	0	0	0	0	0	0	0	0	0	0	S
NMDC20553150	0	0	0	0	0	0	0	0	0	0	S
NMDC20583456	0	0	0	0	0	0	0	0	0	0	S
NMDC20553152	0	0	0	0	0	0	0	0	0	0	S
NMDC20583459	0	0	0	0	0	0	0	0	0	0	S
NMDC20583464	1	0	0	1	0	0	0	0	0	0	S
NMDC20551122	1	0	0	0	0	0	0	0	0	0	S
NMDC20555122	0	0	0	1	0	0	0	0	0	0	S
NMDC20583467	0	0	0	0	0	0	0	0	0	0	S
NMDC20583470	0	0	0	0	0	0	0	0	0	0	S
NMDC20583476	0	0	0	0	0	0	0	0	0	0	S
NMDC20557138	0	0	0	0	0	0	0	0	0	0	S
NMDC20553160	0	0	0	0	0	0	0	0	0	0	S
NMDC20583484	0	0	0	0	0	0	0	0	0	0	S
NMDC20583485	0	0	0	0	0	0	0	0	0	0	S
NMDC20583489	0	0	0	0	0	0	0	0	0	0	S
NMDC20557142	0	0	0	0	0	0	0	0	0	0	S
NMDC20555129	0	0	0	0	0	0	0	0	0	0	S
NMDC20557143	0	0	0	0	0	0	0	0	0	0	S
NMDC20553162	0	0	0	0	0	0	0	0	0	0	S
NMDC20551136	0	0	0	0	0	0	0	0	0	0	S
NMDC20555131	1	0	0	1	0	0	0	0	0	0	S
NMDC20553165	0	0	0	0	0	0	0	0	0	1	S
NMDC20583499	0	0	0	0	0	0	0	0	0	0	S
NMDC20553164	0	0	0	0	0	0	0	0	0	0	S
NMDC20583504	0	0	0	0	0	0	0	0	0	0	S
NMDC20555142	0	0	0	0	0	0	0	0	0	0	S
NMDC20557149	0	0	1	0	0	0	0	0	0	0	S
NMDC20551139	0	0	0	0	0	0	0	0	0	0	S
NMDC20551141	0	0	0	0	0	0	0	0	0	0	S
NMDC20583511	0	0	0	0	0	0	0	0	0	0	S
NMDC20555150	0	0	0	0	0	0	0	0	0	0	S
NMDC20553171	0	0	1	0	0	0	0	0	0	0	S
NMDC20557153	0	0	0	0	0	0	0	0	0	0	S
NMDC20551144	0	0	0	0	0	0	0	0	0	0	S
NMDC20583516	0	0	0	0	0	0	0	0	0	0	S
NMDC20551145	0	0	0	1	0	0	0	0	0	0	S
NMDC20555155	0	0	0	0	0	0	0	0	0	0	S
NMDC20583518	0	0	0	0	0	0	0	0	0	0	S
NMDC20557155	0	0	0	0	0	0	0	0	0	0	S
NMDC20553178	0	0	0	0	0	0	0	0	0	0	S
NMDC20557157	0	0	0	0	0	0	0	0	0	0	S
NMDC20553180	0	0	0	0	0	0	0	0	0	0	S
NMDC20555159	0	0	0	0	0	0	0	0	0	0	S
NMDC20583535	1	1	0	1	0	0	1	0	0	1	S
NMDC20583537	0	0	0	0	0	0	0	0	0	0	S
NMDC20551155	0	0	1	0	0	0	0	0	0	0	S
NMDC20583539	0	0	0	0	0	0	0	0	0	0	S
NMDC20583542	0	0	1	0	0	0	0	0	0	0	S
NMDC20555165	0	0	0	0	0	0	0	0	0	0	S
NMDC20555166	0	0	0	0	0	0	0	0	0	0	S
NMDC20557167	0	0	0	0	0	0	0	0	0	0	S
NMDC20583546	0	0	0	0	0	0	0	0	0	0	S
NMDC20557169	0	0	0	0	0	0	0	0	0	0	S
NMDC20583547	0	0	1	0	0	0	0	0	0	0	S
NMDC20583552	0	0	0	0	0	0	0	0	0	0	S
NMDC20583554	0	0	0	0	0	0	0	0	0	0	S
NMDC20557171	0	0	0	0	0	0	0	0	0	0	S
NMDC20583555	0	0	0	0	0	0	0	0	0	0	S
NMDC20583556	0	0	0	1	0	0	0	0	0	0	S
NMDC20583558	0	0	0	1	0	0	0	0	0	0	S
NMDC20583561	0	0	1	1	0	0	0	0	0	0	S
NMDC20557173	0	0	0	0	0	0	0	0	0	0	S
NMDC20583569	0	0	1	0	0	0	0	0	0	0	S
NMDC20583575	0	0	0	1	0	0	0	0	0	1	S
NMDC20583580	0	0	0	0	0	0	0	0	0	0	S
NMDC20583582	0	0	0	0	0	0	0	0	0	0	S
NMDC20583583	0	0	0	0	0	0	0	0	0	0	S
NMDC20583591	0	0	0	0	0	0	0	0	0	1	S
NMDC20583594	1	0	0	1	0	0	0	0	0	0	S
NMDC20583600	0	0	0	0	0	0	0	0	0	0	S
NMDC20583601	0	0	0	0	0	0	0	0	0	0	S
NMDC20583604	0	0	0	0	0	0	0	0	0	0	S
NMDC20583607	0	0	0	0	0	0	0	0	0	0	S
NMDC20551168	0	0	1	1	0	0	0	0	0	0	S
NMDC20583608	0	0	0	0	0	0	0	0	0	0	S
NMDC20555173	0	0	0	0	0	0	0	0	0	0	S
NMDC20583614	0	0	0	0	0	0	0	0	0	0	S
NMDC20583617	0	0	1	0	0	0	0	0	0	0	S
NMDC20555175	0	0	0	0	0	0	0	0	0	0	S
NMDC20583620	0	0	1	0	0	0	0	0	0	0	S
NMDC20583623	0	0	0	0	0	0	0	0	0	0	S
NMDC20583626	0	0	1	0	0	0	0	0	0	0	S
NMDC20583629	0	0	0	0	0	0	0	0	0	0	S
NMDC20555178	1	1	0	1	0	0	0	0	0	0	S
NMDC20583630	0	0	0	0	0	0	0	0	0	0	S
NMDC20583632	0	0	0	0	0	0	0	0	0	0	S
NMDC20583635	0	0	0	0	0	0	0	0	0	0	S
NMDC20583636	0	0	1	0	0	0	0	0	0	0	S
NMDC20583637	0	0	0	0	0	0	0	0	0	1	S
NMDC20583642	0	0	0	0	0	0	0	0	0	0	S
NMDC20583645	0	0	1	1	0	0	0	0	0	0	S
NMDC20583650	0	0	1	1	0	0	0	0	0	0	S
NMDC20551173	0	0	0	0	0	0	0	0	0	0	S
NMDC20555182	0	0	0	1	0	0	0	0	0	0	S
NMDC20551174	0	0	0	0	0	0	0	0	0	0	S
NMDC20583660	0	0	0	1	0	0	0	0	0	0	S
NMDC20583661	0	0	0	0	0	0	0	0	0	0	S
NMDC20583664	0	0	0	0	0	0	0	0	0	1	S
NMDC20583668	0	0	0	0	0	0	0	0	0	0	S
NMDC20583669	0	0	0	0	0	0	0	0	0	0	S
NMDC20583670	0	0	0	1	0	0	0	0	0	0	S
NMDC20553207	0	0	0	0	0	0	0	0	0	0	S
NMDC20583671	0	0	0	0	0	0	0	0	0	1	S
NMDC20583674	0	0	0	0	0	0	0	0	0	0	S
NMDC20583675	0	0	0	0	0	0	0	0	0	0	S
NMDC20553209	0	0	0	1	0	0	0	0	0	0	S
NMDC20583677	0	0	0	1	0	0	0	0	0	0	S
NMDC20583678	0	0	0	1	0	0	0	0	0	1	S
NMDC20583680	0	0	0	0	0	0	0	0	0	0	S
NMDC20553210	0	0	0	0	0	0	0	0	0	0	S
NMDC20583681	0	0	1	1	0	0	0	0	0	0	S
NMDC20583683	0	0	0	0	0	0	0	0	0	0	S
NMDC20557189	0	0	1	0	0	0	0	0	0	0	S
NMDC20583684	0	0	0	0	0	0	0	0	0	0	S
NMDC20583685	0	0	0	0	0	0	0	0	0	0	S
NMDC20553211	0	0	0	0	0	0	0	0	0	0	S
NMDC20583686	1	0	0	1	0	0	0	0	0	0	S
NMDC20583687	0	0	0	0	0	0	0	0	0	0	S
NMDC20583694	0	0	0	0	0	0	0	0	0	0	S
NMDC20583700	0	0	1	0	0	0	0	0	0	0	S
NMDC20583701	0	0	0	0	0	0	0	0	0	0	S
NMDC20551179	0	0	0	1	0	0	0	0	0	0	S
NMDC20551180	0	0	0	0	0	0	0	0	0	0	S
NMDC20583702	0	0	0	0	0	0	0	0	0	0	S
NMDC20583704	0	0	0	0	0	0	0	0	0	0	S
NMDC20583707	0	0	0	0	0	0	0	0	0	0	S
NMDC20583708	0	0	1	0	0	0	0	0	0	0	S
NMDC20553214	0	0	0	0	0	0	0	0	0	0	S
NMDC20583710	0	0	0	0	0	0	0	0	0	1	S
NMDC20557196	0	0	0	0	0	0	0	0	0	0	S
NMDC20555196	0	0	0	0	0	0	0	0	0	0	S
NMDC20553217	1	0	0	1	0	0	0	0	0	0	S
NMDC20553218	0	0	0	0	0	0	0	0	0	0	S
NMDC20553219	0	0	0	0	0	0	0	0	0	0	S
NMDC20583720	0	0	0	0	0	0	0	0	0	0	S
NMDC20583723	0	0	1	1	0	0	0	0	0	0	S
NMDC20583727	0	0	0	0	0	0	0	0	0	0	S
NMDC20583731	0	0	0	1	0	0	0	0	0	0	S
NMDC20553221	0	0	0	0	0	0	0	0	0	0	S
NMDC20583733	0	0	0	0	0	0	0	0	0	0	S
NMDC20553222	0	0	0	0	0	0	0	0	0	0	S
NMDC20551185	0	0	0	0	0	0	0	0	0	0	S
NMDC20583736	0	0	0	0	0	0	0	0	0	0	S
NMDC20555198	0	0	1	1	0	0	0	0	0	0	S
NMDC20583739	0	0	1	1	0	0	0	0	0	0	S
NMDC20583746	0	0	0	0	0	0	0	0	0	0	S
NMDC20583747	0	0	0	0	0	0	0	0	0	0	S
NMDC20583753	0	0	0	0	0	0	0	0	0	0	S
NMDC20583754	0	0	0	0	0	0	0	0	0	1	S
NMDC20583755	0	0	0	0	0	0	0	0	0	1	S
NMDC20583758	0	0	1	0	0	0	0	0	0	0	S
NMDC20583759	0	0	0	0	0	0	0	0	0	1	S
NMDC20583761	0	0	0	0	0	0	0	0	0	0	S
NMDC20583763	0	0	0	0	0	0	0	0	0	0	S
NMDC20583764	0	0	0	0	0	0	0	0	0	0	S
NMDC20583765	0	0	0	0	0	0	0	0	0	0	S
NMDC20583767	0	0	0	0	0	0	0	0	0	0	S
NMDC20583770	1	0	0	0	0	0	0	0	0	0	S
NMDC20583773	0	0	0	1	0	0	0	0	0	0	S
NMDC20557208	0	0	0	0	0	0	0	0	0	0	S
NMDC20555200	0	0	0	0	0	0	0	0	0	0	S
NMDC20583774	0	0	0	0	0	0	0	0	0	1	S
NMDC20583775	0	0	0	0	0	0	0	0	0	0	S
NMDC20583777	0	0	1	0	0	0	0	0	0	0	S
NMDC20583778	0	0	1	1	0	0	0	0	0	0	S
NMDC20583779	0	0	0	0	0	0	0	0	0	0	S
NMDC20551189	0	0	0	1	0	0	0	0	0	0	S
NMDC20583780	0	0	0	1	0	0	0	0	0	0	S
NMDC20583782	0	1	0	1	0	0	0	0	0	0	S
NMDC20583783	0	0	0	0	0	0	0	0	0	0	S
NMDC20583784	0	0	0	0	0	0	0	0	0	0	S
NMDC20551191	0	0	0	1	0	0	0	0	0	0	S
NMDC20583785	0	0	0	0	0	0	0	0	0	0	S
NMDC20583786	1	0	0	1	0	0	0	0	0	0	S
NMDC20583788	0	1	0	1	0	0	0	0	0	0	S
NMDC20583790	0	0	0	0	0	0	0	0	0	0	S
NMDC20553227	0	0	0	0	0	0	0	0	0	0	S
NMDC20583793	0	0	0	1	0	0	0	0	0	0	S
NMDC20583795	0	0	0	0	0	0	0	0	0	0	S
NMDC20557223	0	0	0	0	0	0	0	0	0	0	S
NMDC20557225	0	0	0	0	0	0	0	0	0	0	S
NMDC20553234	0	0	0	0	0	0	0	0	0	1	S
NMDC20583816	0	0	0	0	0	0	0	0	0	0	S
NMDC20583822	1	0	0	0	0	0	0	0	0	0	S
NMDC20583824	0	0	0	0	0	0	0	0	0	0	S
NMDC20551204	0	0	0	0	0	0	0	0	0	0	S
NMDC20583861	0	0	0	0	0	0	0	0	0	0	S
NMDC20583868	0	0	0	0	0	0	0	0	0	0	S
NMDC20583880	0	0	0	0	0	0	0	0	0	0	S
NMDC20583881	1	0	1	0	0	0	0	0	0	0	S
NMDC20583887	0	0	0	0	0	0	0	0	0	0	S
NMDC20583888	0	0	0	0	0	0	0	0	0	0	S
NMDC20583889	0	0	0	0	0	0	0	0	0	0	S
NMDC20583893	0	0	0	0	0	0	0	0	0	0	S
NMDC20551230	0	0	1	0	0	0	0	0	0	0	S
NMDC20557258	1	0	0	0	0	0	0	0	0	0	S
NMDC20555243	0	0	0	0	0	0	0	0	0	0	S
NMDC20551231	0	0	0	0	0	0	0	0	0	0	S
NMDC20583917	0	0	0	0	0	0	0	0	0	0	S
NMDC20551240	0	0	0	0	0	0	0	0	0	0	S
NMDC20555250	0	0	0	0	0	0	0	0	0	0	S
NMDC20551245	0	0	0	0	0	0	0	0	0	0	S
NMDC20551243	0	0	0	0	0	0	0	0	0	0	S
NMDC20551252	0	0	0	0	0	0	0	0	0	0	S
NMDC20551253	1	0	0	0	0	1	0	0	0	0	S
NMDC20583945	0	0	0	0	0	0	0	0	0	0	S
NMDC20583947	0	0	0	0	0	0	0	0	0	0	S
NMDC20583950	0	0	0	0	0	0	0	0	0	0	S
NMDC20583953	0	0	0	0	0	0	0	0	0	0	S
NMDC20555260	0	0	0	0	0	0	0	0	0	0	S
NMDC20553278	0	0	0	1	0	0	0	0	0	1	S
NMDC20553283	0	0	0	0	0	0	0	0	0	0	S
NMDC20583965	0	0	1	0	0	0	0	0	0	0	S
NMDC20553282	0	0	0	0	0	0	0	0	0	0	S
NMDC20555270	0	0	0	0	0	0	0	0	0	0	S
NMDC20583971	0	0	0	0	0	0	0	0	0	0	S
NMDC20555273	0	0	0	0	0	0	0	0	0	0	S
NMDC20553284	0	0	0	0	0	0	0	0	0	0	S
NMDC20551269	0	0	0	0	0	0	0	0	0	0	S
NMDC20555279	0	0	0	0	0	0	0	0	0	0	S
NMDC20583984	0	0	1	0	0	0	0	0	0	0	S
NMDC20551272	0	0	0	0	0	0	0	0	0	0	S
NMDC20583991	0	0	0	0	0	0	0	0	0	0	S
NMDC20557283	0	0	0	0	0	0	0	0	0	0	S
NMDC20583994	0	0	0	0	0	0	0	0	0	0	S
NMDC20584004	0	0	0	0	0	0	0	0	0	0	S
NMDC20584009	0	0	0	0	0	0	0	0	0	0	S
NMDC20584012	0	0	1	0	0	0	0	0	0	0	S
NMDC20584013	0	0	0	0	0	0	0	0	0	0	S
NMDC20584015	0	0	0	0	0	0	0	0	0	0	S
NMDC20584018	0	0	0	0	0	0	0	0	0	0	S
NMDC20584020	0	0	0	0	0	0	0	0	0	0	S
NMDC20584023	0	0	0	0	0	0	0	0	0	0	S
NMDC20584024	0	0	0	0	0	0	0	0	0	0	S
NMDC20584025	0	0	0	0	0	0	0	0	0	1	S
NMDC20584026	0	0	0	0	0	0	0	0	0	0	S
NMDC20584027	0	0	0	0	0	0	0	0	0	0	S
NMDC20584028	0	0	0	0	0	0	0	0	0	0	S
NMDC20584030	0	0	1	0	0	0	0	0	0	0	S
NMDC20584032	0	0	0	0	0	0	0	0	0	0	S
NMDC20551276	0	0	0	0	0	0	0	0	0	0	S
NMDC20584037	0	0	0	0	0	0	0	0	0	0	S
NMDC20584038	0	0	0	0	0	0	0	0	0	0	S
NMDC20584039	0	0	0	0	0	0	0	0	0	1	S
NMDC20584040	0	0	0	0	0	0	0	0	0	0	S
NMDC20584042	0	0	0	0	0	0	0	0	0	0	S
NMDC20584045	0	0	0	0	0	0	0	0	0	0	S
NMDC20584046	0	0	1	0	0	0	0	0	0	0	S
NMDC20584048	0	0	0	0	0	0	0	0	0	0	S
NMDC20557288	0	0	0	0	0	0	0	0	0	0	S
NMDC20584051	0	0	1	0	0	0	0	0	0	0	S
NMDC20584052	0	0	0	0	0	0	0	0	0	0	S
NMDC20584054	0	0	1	0	0	0	0	0	0	0	S
NMDC20584057	0	0	0	0	0	0	0	0	0	0	S
NMDC20584058	0	0	0	0	0	0	0	0	0	0	S
NMDC20584070	0	0	0	0	0	0	0	0	0	0	S
NMDC20584075	0	0	0	0	0	0	0	0	0	0	S
NMDC20553303	1	0	0	0	0	0	0	0	0	0	S
NMDC20553304	1	0	0	0	0	0	0	0	0	0	S
NMDC20551283	0	0	0	0	0	0	0	0	0	0	S
NMDC20584098	0	0	0	0	0	0	0	0	0	0	S
NMDC20557311	0	0	0	0	0	0	0	0	0	0	S
NMDC20557312	1	0	0	1	0	0	0	0	0	1	S
NMDC20584105	0	0	0	0	0	0	0	0	0	0	S
NMDC20555302	0	0	0	0	0	0	0	0	0	0	S
NMDC20555303	0	0	0	0	0	0	0	0	0	0	S
NMDC20551297	0	0	0	0	0	0	0	0	0	0	S
NMDC20551299	0	0	1	0	0	0	0	0	0	0	S
NMDC20584115	0	0	0	0	0	0	0	0	0	0	S
NMDC20557313	0	0	0	0	0	0	0	0	0	0	S
NMDC20557314	0	0	0	0	0	0	0	0	0	0	S
NMDC20555307	0	0	0	0	0	0	0	0	0	0	S
NMDC20584119	0	0	0	0	0	0	0	0	0	0	S
NMDC20557316	0	0	1	0	0	0	0	0	0	0	S
NMDC20553316	0	0	0	0	0	0	0	0	0	0	S
NMDC20553317	0	0	1	0	0	0	0	0	0	0	S
NMDC20551302	0	0	0	0	0	0	0	0	0	0	S
NMDC20584121	0	0	0	0	0	0	0	0	0	0	S
NMDC20553318	0	0	0	0	0	0	0	0	0	0	S
NMDC20584125	0	0	0	0	0	0	0	0	0	0	S
NMDC20553338	0	0	0	0	0	0	0	0	0	0	S
NMDC20551305	0	0	0	0	0	0	0	0	0	0	S
NMDC20555309	0	0	0	0	0	0	0	0	0	0	S
NMDC20584127	0	0	0	1	0	0	0	0	0	1	S
NMDC20555312	0	0	0	0	0	0	0	0	0	0	S
NMDC20584129	0	0	0	0	0	0	0	0	0	0	S
NMDC20551306	0	0	0	0	0	0	0	0	0	0	S
NMDC20553328	0	0	0	0	0	0	0	0	0	0	S
NMDC20557320	0	0	0	0	0	0	0	0	0	0	S
NMDC20553329	0	0	0	1	0	1	0	0	0	0	S
NMDC20557322	0	0	1	0	0	0	0	0	0	0	S
NMDC20553331	0	0	0	0	0	0	0	0	0	0	S
NMDC20584137	0	0	0	0	0	0	0	0	0	0	S
NMDC20584139	0	0	1	0	0	0	0	0	0	0	S
NMDC20584147	0	0	0	0	0	0	0	0	0	0	S
NMDC20557330	0	0	0	0	0	0	0	0	0	0	S
NMDC20551312	0	0	1	0	0	0	0	0	0	0	S
NMDC20584148	0	0	0	0	0	0	0	0	0	0	S
NMDC20553333	0	0	0	0	0	0	0	0	0	0	S
NMDC20557329	0	0	0	0	0	0	0	0	0	0	S
NMDC20551314	0	0	0	0	0	0	0	0	0	0	S
NMDC20553334	0	0	0	0	0	0	0	0	0	0	S
NMDC20551315	0	0	1	0	0	0	0	0	0	0	S
NMDC20584155	0	0	0	0	0	0	0	0	0	0	S
NMDC20584157	0	0	1	1	0	0	0	0	0	0	S
NMDC20584159	0	0	0	0	0	0	0	0	0	0	S
NMDC20553339	0	0	0	1	0	0	0	0	0	0	S
NMDC20584161	0	0	0	0	0	0	0	0	0	0	S
NMDC20553340	0	0	0	0	0	0	0	0	0	0	S
NMDC20557336	0	0	0	0	0	0	0	0	0	0	S
NMDC20557337	0	0	0	0	0	0	0	0	0	0	S
NMDC20553341	1	0	0	0	0	0	0	0	0	0	S
NMDC20553344	0	0	0	0	0	0	0	0	0	0	S
NMDC20557339	0	0	0	0	0	0	0	0	0	0	S
NMDC20551324	0	0	0	0	0	0	0	0	0	0	S
NMDC20584175	0	0	0	0	0	0	0	0	0	0	S
NMDC20584178	0	0	1	1	0	0	0	0	0	0	S
NMDC20551328	0	0	0	0	0	0	0	0	0	0	S
NMDC20553353	0	0	0	0	0	0	0	0	0	0	S
NMDC20584197	0	0	0	0	0	0	0	0	0	0	S
NMDC20557348	0	0	0	0	0	0	0	0	0	0	S
NMDC20555351	0	0	0	0	0	0	0	0	0	0	S
NMDC20551334	0	0	0	0	0	0	0	0	0	0	S
NMDC20551336	0	0	0	0	0	0	0	0	0	0	S
NMDC20557355	0	0	0	0	0	0	0	0	0	0	S
NMDC20557357	0	0	0	0	0	0	0	0	0	0	S
NMDC20584205	0	0	0	0	0	0	0	0	0	0	S
NMDC20584206	0	0	0	0	0	0	0	0	0	0	S
NMDC20555365	0	0	0	1	0	0	0	0	0	1	S
NMDC20584209	0	0	0	0	0	0	0	0	0	0	S
NMDC20584213	0	0	0	1	0	0	0	0	0	0	S
NMDC20553369	0	0	0	0	0	0	0	0	0	0	S
NMDC20584218	0	0	0	0	0	0	0	0	0	0	S
NMDC20553373	0	0	0	0	0	0	0	0	0	0	S
NMDC20551347	0	0	0	0	0	0	0	0	0	0	S
NMDC20551350	0	0	0	0	0	0	0	0	0	0	S
NMDC20551352	0	0	0	0	0	0	0	0	0	0	S
NMDC20553381	0	0	0	0	0	0	0	0	0	0	S
NMDC20553382	0	0	0	0	0	0	0	0	0	0	S
NMDC20555380	0	0	0	0	0	0	0	0	0	0	S
NMDC20555378	0	0	0	0	0	0	0	0	0	0	S
NMDC20584246	0	0	0	1	0	0	0	1	0	0	S
NMDC20584252	0	0	0	1	0	0	0	0	0	0	S
NMDC20551360	0	0	0	1	0	0	0	0	0	0	S
NMDC20584255	0	0	0	1	0	0	0	0	0	1	S
NMDC20551364	0	0	0	0	0	0	0	0	0	0	S
NMDC20584263	0	0	0	0	0	0	0	0	0	0	S
NMDC20584266	0	0	0	0	0	0	0	0	0	0	S
NMDC20557394	0	0	0	0	0	0	0	0	0	0	S
NMDC20553399	0	0	0	0	0	0	0	0	0	0	S
NMDC20555395	0	0	0	0	0	0	0	0	0	0	S
NMDC20551373	0	0	0	1	0	0	0	0	0	1	S
NMDC20551371	0	0	0	0	0	0	0	0	0	0	S
NMDC20584276	0	0	0	0	0	0	0	0	0	0	S
NMDC20557398	0	0	0	0	0	0	0	0	0	0	S
NMDC20584277	0	0	0	0	0	0	0	0	0	0	S
NMDC20584286	0	0	0	0	0	0	0	0	0	0	S
NMDC20584292	0	0	0	0	0	0	0	0	0	0	S
NMDC20584293	0	0	0	0	0	0	0	0	0	0	S
NMDC20553403	0	0	0	0	0	0	0	0	0	0	S
NMDC20584303	0	0	1	0	0	0	0	0	0	0	S
NMDC20584306	0	0	0	0	0	0	0	0	0	0	S
NMDC20555403	0	0	0	0	0	0	0	0	0	0	S
NMDC20553408	0	0	0	0	0	0	0	0	0	0	S
NMDC20584319	0	0	1	0	0	0	0	0	0	0	S
NMDC20551388	0	0	0	0	0	0	0	0	0	0	S
NMDC20584323	0	0	0	1	0	0	0	0	0	1	S
NMDC20553409	0	0	0	0	0	0	0	0	0	0	S
NMDC20584324	0	0	0	0	0	0	0	0	0	0	S
NMDC20584326	0	0	0	0	0	0	0	0	0	0	S
NMDC20551390	0	0	0	0	0	0	0	0	0	0	S
NMDC20584335	0	0	0	0	0	0	0	0	0	0	S
NMDC20557420	0	0	0	0	0	0	0	0	0	0	S
NMDC20557423	0	0	0	0	0	0	0	0	0	0	S
NMDC20557422	0	0	0	0	0	0	0	0	0	0	S
NMDC20584341	0	0	0	0	0	0	0	0	0	1	S
NMDC20584347	0	0	0	0	0	0	0	0	0	1	S
NMDC20584352	0	0	0	0	0	0	0	0	0	0	S
NMDC20553424	0	0	0	0	0	0	0	0	0	0	S
NMDC20553423	0	0	0	0	0	0	0	0	0	0	S
NMDC20584357	0	0	0	0	0	0	0	0	0	0	S
NMDC20557431	0	0	1	0	0	0	0	0	0	0	S
NMDC20553425	0	0	0	0	0	0	0	0	0	0	S
NMDC20557433	0	0	0	0	0	0	0	0	0	0	S
NMDC20557436	0	0	0	0	0	0	0	0	0	0	S
NMDC20557435	0	0	0	0	0	0	0	0	0	0	S
NMDC20555418	0	0	0	0	0	0	0	0	0	0	S
NMDC20555419	0	0	0	0	0	0	0	0	0	0	S
NMDC20584368	0	0	0	0	0	0	0	0	0	0	S
NMDC20584369	0	0	0	0	0	0	0	0	0	0	S
NMDC20584372	0	0	0	0	0	0	0	0	0	0	S
NMDC20557440	0	0	0	0	0	0	0	0	0	0	S
NMDC20584375	0	0	0	0	0	0	0	0	0	0	S
NMDC20557441	0	0	0	0	0	0	0	0	0	0	S
NMDC20553431	0	0	0	0	0	0	0	0	0	0	S
NMDC20584377	0	0	0	0	0	0	0	0	0	0	S
NMDC20553432	0	0	1	0	0	0	0	0	0	0	S
NMDC20555424	0	0	0	0	0	0	0	0	0	0	S
NMDC20553434	0	0	0	0	0	0	0	0	0	0	S
NMDC20553435	0	0	0	0	0	0	0	0	0	0	S
NMDC20553436	0	0	0	0	0	0	0	0	0	0	S
NMDC20551402	0	0	0	0	0	0	0	0	0	0	S
NMDC20555428	0	0	0	0	0	0	0	0	0	0	S
NMDC20584384	0	0	0	1	0	0	0	0	0	0	S
NMDC20584392	0	0	0	0	0	0	0	0	0	0	S
NMDC20557448	0	0	0	0	0	0	0	0	0	0	S
NMDC20584393	0	0	0	0	0	0	0	0	0	0	S
NMDC20557449	0	0	0	0	0	0	0	0	0	0	S
NMDC20551409	0	0	0	0	0	0	0	0	0	0	S
NMDC20584395	0	0	0	0	0	0	0	0	0	0	S
NMDC20551410	0	0	0	0	0	0	0	0	0	0	S
NMDC20557451	0	0	0	0	0	0	0	0	0	0	S
NMDC20551411	0	0	0	0	0	0	0	0	0	0	S
NMDC20584400	1	0	0	1	0	0	0	0	0	0	S
NMDC20551413	0	0	0	0	0	0	0	0	0	0	S
NMDC20555433	0	0	0	0	0	0	0	0	0	0	S
NMDC20553441	0	0	0	0	0	0	0	0	0	0	S
NMDC20584401	0	0	0	0	0	0	0	0	0	0	S
NMDC20555437	0	0	1	0	0	0	0	0	0	0	S
NMDC20557455	0	0	0	0	0	0	0	0	0	0	S
NMDC20557458	0	0	0	0	0	0	0	0	0	0	S
NMDC20584414	0	0	0	0	0	0	0	0	0	0	S
NMDC20553444	0	0	0	0	0	0	0	0	0	0	S
NMDC20584419	0	0	0	0	0	0	0	0	0	0	S
NMDC20584421	0	0	0	0	0	0	0	0	0	0	S
NMDC20553447	0	0	0	0	0	0	0	0	0	0	S
NMDC20557460	0	0	0	0	0	0	0	0	0	0	S
NMDC20551419	0	0	1	0	0	0	0	0	0	0	S
NMDC20555442	1	0	0	0	0	0	0	0	0	0	S
NMDC20584902	0	0	0	0	0	0	0	0	0	0	S
NMDC20584905	0	0	0	0	0	0	0	0	0	0	S
NMDC20553453	0	0	1	0	0	0	0	0	0	0	S
NMDC20555445	0	0	1	0	0	0	0	0	0	0	S
NMDC20555448	0	0	1	0	0	0	0	0	0	0	S
NMDC20584911	0	0	0	0	0	0	0	0	0	0	S
NMDC20584912	0	0	0	0	0	0	0	0	0	0	S
NMDC20584913	0	0	0	0	0	0	0	0	0	0	S
NMDC20584915	0	0	0	1	0	0	0	0	0	0	S
NMDC20584920	1	0	0	0	0	0	0	0	0	0	S
NMDC20584927	0	0	0	0	0	0	0	0	0	0	S
NMDC20584928	0	0	0	0	0	0	0	0	0	0	S
NMDC20584929	0	0	0	0	0	0	0	0	0	0	S
NMDC20584931	0	0	0	0	0	0	0	0	0	0	S
NMDC20584932	0	0	0	0	0	0	0	0	0	0	S
NMDC20584933	0	0	0	0	0	0	0	0	0	0	S
NMDC20584934	0	0	0	0	0	0	0	0	0	0	S
NMDC20584937	0	0	0	0	0	0	0	0	0	0	S
NMDC20584941	1	0	0	0	0	0	0	0	0	0	S
NMDC20584945	0	0	0	0	0	0	0	0	0	0	S
NMDC20555452	0	0	0	0	0	0	0	0	0	0	S
NMDC20551423	0	0	0	0	0	0	0	0	0	0	S
NMDC20584948	0	0	0	0	0	0	0	0	0	0	S
NMDC20551427	0	0	0	0	0	0	0	0	0	1	S
NMDC20551428	0	0	0	0	0	0	0	0	0	0	S
NMDC20584952	0	0	0	0	0	0	0	0	0	0	S
NMDC20557467	0	0	0	0	0	0	0	0	0	0	S
NMDC20584954	0	0	0	0	0	0	0	0	0	0	S
NMDC20555456	0	0	0	1	0	0	0	0	0	1	S
NMDC20557469	1	0	0	0	0	0	0	0	0	0	S
NMDC20555457	0	0	1	0	0	0	0	0	0	0	S
NMDC20584957	0	0	1	0	0	0	0	0	0	0	S
NMDC20553463	0	0	0	1	0	0	0	0	0	0	S
NMDC20555458	0	0	0	0	0	0	0	0	0	0	S
NMDC20555459	0	0	0	0	0	0	0	0	0	0	S
NMDC20555462	0	0	0	0	0	0	0	0	0	0	S
NMDC20584966	0	0	0	0	0	0	0	0	0	0	S
NMDC20553475	0	0	0	0	0	0	0	0	0	0	S
NMDC20555471	0	0	0	0	0	0	0	0	0	0	S
NMDC20584986	1	0	0	0	0	0	0	0	0	0	S
NMDC20584987	1	0	0	0	0	0	0	0	0	1	S
NMDC20584988	0	0	0	0	0	0	0	0	0	0	S
NMDC20584989	1	0	0	0	0	0	0	0	0	0	S
NMDC20584992	0	0	0	0	0	0	0	0	0	0	S
NMDC20584993	0	0	0	0	0	0	0	0	0	0	S
NMDC20551435	0	0	0	0	0	0	0	0	0	0	S
NMDC20555473	0	0	0	0	0	0	0	0	0	0	S
NMDC20585005	1	0	0	0	0	0	0	0	0	0	S
NMDC20585007	1	0	0	1	0	0	0	0	0	0	S
NMDC20585008	0	0	0	0	0	0	0	0	0	0	S
NMDC20555475	0	0	0	0	0	0	0	0	0	0	S
NMDC20555476	0	0	1	0	0	0	0	0	0	0	S
NMDC20555478	1	0	0	0	0	0	0	0	0	0	S
NMDC20585016	0	0	1	0	0	0	0	0	0	0	S
NMDC20585017	0	0	0	0	0	0	0	0	0	0	S
NMDC20551441	1	0	0	0	0	0	0	0	0	0	S
NMDC20585020	0	0	0	0	0	0	0	0	0	1	S
NMDC20585023	0	0	0	0	0	1	0	0	0	0	S
NMDC20557489	0	0	0	0	0	0	0	0	0	0	S
NMDC20551444	0	0	0	0	0	0	0	0	0	0	S
NMDC20557491	0	0	0	0	0	0	0	0	0	0	S
NMDC20555483	0	0	0	0	0	0	0	0	0	0	S
NMDC20557495	0	0	0	0	0	0	0	0	0	0	S
NMDC20557496	0	0	0	1	0	0	0	0	0	0	S
NMDC20585047	0	0	0	1	0	0	0	0	0	0	S
NMDC20585058	0	0	0	0	0	0	0	0	0	0	S
NMDC20557502	0	1	0	1	0	0	0	0	0	1	S
NMDC20551447	0	0	0	1	0	0	0	0	0	0	S
NMDC20585069	0	0	0	0	0	0	0	0	0	0	S
NMDC20585074	0	0	0	1	0	0	0	0	0	0	S
NMDC20585079	0	0	0	0	0	0	0	0	0	0	S
NMDC20585086	0	0	0	0	0	0	0	0	0	0	S
NMDC20585087	0	0	0	0	0	0	0	0	0	0	S
NMDC20557514	0	0	0	0	0	0	0	0	0	0	S
NMDC20555494	0	0	0	0	0	0	0	0	0	0	S
NMDC20557515	0	0	0	0	0	0	0	0	0	0	S
NMDC20585088	0	0	0	0	0	0	0	0	0	0	S
NMDC20555495	0	0	0	0	0	0	0	0	0	0	S
NMDC20585092	0	0	0	0	0	0	0	0	0	0	S
NMDC20585093	0	0	0	0	0	0	0	0	0	0	S
NMDC20555496	0	0	0	0	0	0	0	0	0	0	S
NMDC20555497	1	0	0	0	0	1	0	0	0	0	S
NMDC20585099	0	0	0	0	0	0	0	0	0	0	S
NMDC20557528	0	0	0	0	0	0	0	0	0	0	S
NMDC20585103	0	0	0	1	0	0	0	0	0	0	S
NMDC20557529	0	0	0	0	0	0	0	0	0	0	S
NMDC20551465	0	0	0	0	0	0	0	0	0	0	S
NMDC20585107	0	0	0	0	0	0	0	0	0	0	S
NMDC20585111	0	0	0	0	0	0	0	0	0	0	S
NMDC20585123	0	0	0	0	0	0	0	0	0	0	S
NMDC20555504	0	0	0	1	0	0	0	0	0	1	S
NMDC20553522	0	0	0	0	0	0	0	0	0	0	S
NMDC20551474	0	0	0	0	0	0	0	0	0	0	S
NMDC20557541	0	0	0	0	0	0	0	0	0	0	S
NMDC20557545	0	0	1	0	0	0	0	0	0	1	S
NMDC20553525	0	0	1	0	0	0	0	0	0	1	S
NMDC20557547	0	0	0	0	0	0	0	0	0	0	S
NMDC20585137	0	0	0	0	0	0	0	0	0	0	S
NMDC20585139	0	0	1	0	0	0	0	0	0	0	S
NMDC20585140	0	0	1	1	0	0	0	0	0	0	S
NMDC20555518	0	0	0	1	0	0	0	0	0	0	S
NMDC20585145	0	0	0	0	0	0	0	0	0	1	S
NMDC20585148	0	0	1	0	0	0	0	0	0	0	S
NMDC20557550	0	0	0	1	0	0	0	0	0	1	S
NMDC20585153	0	0	0	0	0	0	0	0	0	0	S
NMDC20585154	0	0	0	0	0	0	0	0	0	0	S
NMDC20551488	0	0	0	0	0	0	0	0	0	0	S
NMDC20557557	0	0	0	0	0	0	0	0	0	0	S
NMDC20585162	0	0	0	0	0	0	0	0	0	0	S
NMDC20551492	0	0	0	0	0	0	0	0	0	0	S
NMDC20557560	0	0	0	0	0	0	0	0	0	0	S
NMDC20553539	0	0	1	0	0	0	0	0	0	0	S
NMDC20585179	0	0	0	0	0	0	0	0	0	0	S
NMDC20585181	0	0	0	0	0	0	0	0	0	0	S
NMDC20557562	0	0	0	0	0	0	0	0	0	0	S
NMDC20585183	0	0	0	1	0	0	0	0	0	1	S
NMDC20551497	0	0	1	1	0	0	0	0	0	0	S
NMDC20555534	0	0	1	1	0	0	0	0	0	0	S
NMDC20553541	0	0	0	0	0	0	0	0	0	0	S
NMDC20585194	0	0	0	0	0	0	0	0	0	0	S
NMDC20557563	0	0	0	0	0	0	0	0	0	0	S
NMDC20553542	0	0	0	0	0	0	0	0	0	0	S
NMDC20585202	0	0	0	0	0	0	0	0	0	0	S
NMDC20585204	0	0	0	0	0	0	0	0	0	0	S
NMDC20553543	0	0	0	0	0	0	0	0	0	0	S
NMDC20551502	0	0	0	0	0	0	0	0	0	0	S
NMDC20553545	0	0	0	0	0	0	0	0	0	0	S
NMDC20557567	0	0	0	0	0	0	0	0	0	0	S
NMDC20557568	0	0	0	0	0	0	0	0	0	0	S
NMDC20585227	0	0	0	0	0	0	0	0	0	0	S
NMDC20553556	0	0	0	0	0	0	0	0	0	0	S
NMDC20555552	0	0	0	1	0	0	0	0	0	0	S
NMDC20557583	0	0	0	0	0	0	0	0	0	0	S
NMDC20557584	0	0	0	0	0	0	0	0	0	0	S
NMDC20585230	0	0	0	0	0	0	0	0	0	0	S
NMDC20553560	0	1	0	1	0	0	1	0	0	1	S
NMDC20585233	0	0	0	0	0	0	0	0	0	0	S
NMDC20557591	0	0	0	0	0	0	0	0	0	0	S
NMDC20555559	0	0	0	0	0	0	0	0	0	0	S
NMDC20557593	0	0	0	0	0	0	0	0	0	0	S
NMDC20557594	0	0	0	0	0	0	0	0	0	0	S
NMDC20585239	0	0	0	0	0	0	0	0	0	0	S
NMDC20551524	0	0	0	0	0	0	0	0	0	0	S
NMDC20551525	0	0	0	0	0	0	0	0	0	0	S
NMDC20553568	0	0	0	0	0	0	0	0	0	0	S
NMDC20585252	0	0	1	1	0	0	0	0	0	0	S
NMDC20585254	0	0	0	1	0	0	0	0	0	0	S
NMDC20585259	0	0	1	0	0	0	0	0	0	0	S
NMDC20585260	0	0	0	0	0	0	0	0	0	0	S
NMDC20585261	0	0	0	0	0	0	0	0	0	0	S
NMDC20585262	0	0	0	0	0	0	0	0	0	0	S
NMDC20585263	0	0	0	0	0	0	0	0	0	0	S
NMDC20585264	0	0	0	0	0	0	0	0	0	0	S
NMDC20555567	0	0	0	0	0	0	0	0	0	0	S
NMDC20585265	0	0	0	0	0	0	0	0	0	0	S
NMDC20585266	0	0	0	0	0	0	0	0	0	0	S
NMDC20585267	0	0	0	0	0	0	0	0	0	0	S
NMDC20585269	0	0	0	0	0	0	0	0	0	0	S
NMDC20553572	0	0	0	0	0	0	0	0	0	0	S
NMDC20557607	0	0	0	0	0	0	0	0	0	0	S
NMDC20585271	0	0	0	0	0	0	0	0	0	0	S
NMDC20585272	0	0	0	0	0	0	0	0	0	0	S
NMDC20585273	0	0	0	0	0	0	0	0	0	0	S
NMDC20585274	0	0	0	0	0	0	0	0	0	0	S
NMDC20553573	0	0	0	0	0	0	0	0	0	1	S
NMDC20551529	0	0	0	0	0	0	0	0	0	0	S
NMDC20551530	0	0	0	0	0	0	0	0	0	0	S
NMDC20585276	0	0	0	0	0	0	0	0	0	0	S
NMDC20585277	0	0	0	0	0	0	0	0	0	0	S
NMDC20551531	0	1	0	1	0	0	1	0	0	1	S
NMDC20585278	0	0	0	0	0	0	0	0	0	0	S
NMDC20585279	0	0	1	0	0	0	0	0	0	0	S
NMDC20585282	0	0	1	0	0	0	0	0	0	0	S
NMDC20551532	0	0	1	0	0	0	0	0	0	0	S
NMDC20585283	0	0	1	0	0	0	0	0	0	0	S
NMDC20555569	0	0	0	0	0	0	0	0	0	0	S
NMDC20585290	0	0	0	0	0	0	0	0	0	0	S
NMDC20585291	0	0	0	1	0	0	0	0	0	0	S
NMDC20585294	0	0	0	0	0	0	0	0	0	0	S
NMDC20557610	0	0	0	0	0	0	0	0	0	0	S
NMDC20585297	0	0	0	0	0	0	0	0	0	0	S
NMDC20585298	0	0	0	0	0	0	0	0	0	1	S
NMDC20585299	0	0	0	0	0	0	0	0	0	0	S
NMDC20551533	0	0	0	0	0	0	0	0	0	1	S
NMDC20551534	0	0	0	1	0	0	0	0	0	0	S
NMDC20553576	0	0	0	0	0	0	0	0	0	0	S
NMDC20585302	0	0	0	0	0	0	0	0	0	0	S
NMDC20553577	0	0	0	0	0	0	0	0	0	0	S
NMDC20585303	0	0	0	0	0	0	0	0	0	0	S
NMDC20585304	0	0	0	0	0	0	0	0	0	0	S
NMDC20585305	0	0	0	0	0	0	0	0	0	0	S
NMDC20557611	0	0	0	1	0	0	0	0	0	0	S
NMDC20551535	0	0	0	0	0	0	0	0	0	1	S
NMDC20585307	0	0	0	0	0	0	0	0	0	0	S
NMDC20585308	0	0	0	0	0	0	0	0	0	0	S
NMDC20585311	0	0	0	0	0	0	0	0	0	0	S
NMDC20585312	1	0	0	0	0	0	0	0	0	0	S
NMDC20585313	1	1	0	0	0	0	0	0	1	1	S
NMDC20585314	1	0	1	0	0	0	0	0	0	1	S
NMDC20585315	0	0	0	0	0	0	0	0	0	0	S
NMDC20585316	0	1	0	1	1	0	0	0	0	0	S
NMDC20585317	0	0	0	0	0	0	0	0	0	0	S
NMDC20551536	1	0	0	0	0	1	0	0	0	0	S
NMDC20557612	1	0	0	0	0	0	0	0	0	0	S
NMDC20585318	1	0	0	0	0	0	0	0	0	0	S
NMDC20557613	0	1	0	1	0	0	0	0	0	1	S
NMDC20557702	0	0	0	0	0	0	0	0	0	0	S
NMDC20551638	0	0	0	0	0	0	0	0	0	0	S
NMDC20553672	0	0	1	0	0	0	0	0	0	0	S
NMDC20585724	0	0	0	0	0	0	0	0	0	0	S
NMDC20551640	0	0	0	0	0	0	0	0	0	0	S
NMDC20585732	0	0	0	0	0	0	0	0	0	0	S
NMDC20555680	0	0	1	0	0	0	0	0	0	0	S
NMDC20585735	0	0	0	0	0	0	0	0	0	0	S
NMDC20585736	0	0	0	0	0	0	0	0	0	0	S
NMDC20553677	0	0	0	0	0	0	0	0	0	0	S
NMDC20555683	1	0	0	0	0	0	0	0	0	0	S
NMDC20585740	0	0	0	0	0	0	0	0	0	0	S
NMDC20585742	0	0	0	0	0	0	0	0	0	0	S
NMDC20555688	0	0	0	0	0	0	0	0	0	0	S
NMDC20585755	0	0	0	0	0	0	0	0	0	0	S
NMDC20585756	0	0	0	0	0	0	0	0	0	0	S
NMDC20557712	0	0	0	0	0	0	0	0	0	0	S
NMDC20551652	0	0	0	0	0	0	0	0	0	0	S
NMDC20555690	0	0	0	0	0	0	0	0	0	0	S
NMDC20585762	0	0	0	0	0	0	0	0	0	0	S
NMDC20585763	0	0	0	0	0	0	0	0	0	0	S
NMDC20551653	0	0	0	0	0	0	0	0	0	0	S
NMDC20553683	0	0	0	0	0	0	0	0	0	0	S
NMDC20585767	0	0	0	0	0	0	0	0	0	0	S
NMDC20557718	0	0	0	0	0	0	0	0	0	0	S
NMDC20551659	0	0	0	0	0	0	0	0	0	0	S
NMDC20585772	0	0	0	0	0	0	0	0	0	0	S
NMDC20585773	0	0	0	0	0	0	0	0	0	0	S
NMDC20557719	0	0	1	0	0	0	0	0	0	0	S
NMDC20585777	0	0	0	0	0	0	0	0	0	0	S
NMDC20555701	0	0	0	0	0	0	0	0	0	0	S
NMDC20557726	1	0	0	0	0	0	0	0	0	0	S
NMDC20585778	0	0	0	0	0	0	0	0	0	0	S
NMDC20553689	0	0	0	1	0	0	0	0	0	1	S
NMDC20585780	0	0	0	0	0	0	0	0	0	0	S
NMDC20585781	0	0	0	0	0	0	0	0	0	0	S
NMDC20551664	1	0	0	0	0	0	0	0	0	1	S
NMDC20585783	0	0	0	0	0	0	0	0	0	0	S
NMDC20551665	1	0	0	0	0	0	0	0	0	0	S
NMDC20555703	0	0	0	0	0	0	0	0	0	0	S
NMDC20553692	0	0	0	0	0	0	0	0	0	0	S
NMDC20557725	0	0	0	0	0	0	0	0	0	0	S
NMDC20585790	0	0	0	0	0	0	0	0	0	0	S
NMDC20551667	1	0	0	0	0	0	0	0	0	0	S
NMDC20551669	0	0	0	0	0	0	0	0	0	0	S
NMDC20585794	0	0	0	0	0	0	0	0	0	0	S
NMDC20555709	0	0	0	0	0	0	0	0	0	0	S
NMDC20551671	0	0	0	0	0	0	0	0	0	0	S
NMDC20553697	0	0	0	0	0	0	0	0	0	0	S
NMDC20585801	0	0	0	0	0	0	0	0	0	0	S
NMDC20557733	0	0	0	0	0	0	0	0	0	0	S
NMDC20585806	0	0	0	0	0	0	0	0	0	0	S
NMDC20551674	0	0	0	0	0	0	0	0	0	0	S
NMDC20553702	0	0	0	0	0	0	0	0	0	0	S
NMDC20557734	0	0	0	0	0	0	0	0	0	0	S
NMDC20553704	0	0	0	0	0	0	0	0	0	0	S
NMDC20585810	0	0	0	0	0	0	0	0	0	0	S
NMDC20551678	0	0	0	0	0	0	0	0	0	0	S
NMDC20585816	0	0	0	0	0	0	0	0	0	1	S
NMDC20555718	0	0	0	0	0	0	0	0	0	0	S
NMDC20585822	0	0	0	0	0	0	0	0	0	0	S
NMDC20585823	0	0	0	0	0	0	0	0	0	0	S
NMDC20585824	0	0	0	0	0	0	0	0	0	0	S
NMDC20551683	0	0	0	0	0	0	0	0	0	0	S
NMDC20585830	0	0	0	0	0	0	0	0	0	0	S
NMDC20553710	0	0	0	0	0	0	0	0	0	1	S
NMDC20585848	0	0	0	0	0	0	0	0	0	0	S
NMDC20585862	0	0	0	0	0	0	0	0	0	0	S
NMDC20585866	0	0	0	1	0	0	0	0	0	0	S
NMDC20585869	0	0	0	1	0	0	0	0	0	0	S
NMDC20585872	0	0	0	0	0	0	0	0	0	0	S
NMDC20585877	0	0	0	1	0	0	0	0	0	0	S
NMDC20585878	0	0	0	0	0	0	0	0	0	0	S
NMDC20551690	0	0	0	0	0	0	0	0	0	0	S
NMDC20551691	0	0	0	0	0	0	0	0	0	0	S
NMDC20553711	0	0	0	0	0	0	0	0	0	1	S
NMDC20585883	0	0	0	0	0	0	0	0	0	0	S
NMDC20585884	0	0	0	0	0	0	0	0	0	0	S
NMDC20585885	0	0	1	0	0	0	0	0	0	0	S
NMDC20585887	0	0	0	0	0	0	0	0	0	0	S
NMDC20553714	0	0	0	0	0	0	0	0	0	1	S
NMDC20585892	0	0	0	0	0	0	0	0	0	0	S
NMDC20557741	0	0	0	0	0	0	0	0	0	0	S
NMDC20555724	0	0	0	0	0	0	0	0	0	0	S
NMDC20585896	0	0	0	0	0	0	0	0	0	0	S
NMDC20557742	0	0	0	0	0	0	0	0	0	0	S
NMDC20585899	0	0	0	0	0	0	0	0	0	0	S
NMDC20585900	0	0	0	0	0	0	0	0	0	0	S
NMDC20553717	0	0	0	0	0	0	0	0	0	0	S
NMDC20585901	0	0	0	1	1	0	1	0	0	0	S
NMDC20553718	0	0	0	0	0	0	0	0	0	0	S
NMDC20551697	0	0	0	0	0	0	0	0	0	0	S
NMDC20555729	0	0	0	0	0	0	0	0	0	0	S
NMDC20585915	0	0	0	0	0	0	0	0	0	0	S
NMDC20585916	0	0	0	0	0	0	0	0	0	0	S
NMDC20555731	0	0	0	0	0	0	0	0	0	0	S
NMDC20555736	0	0	0	0	0	0	0	0	0	0	S
NMDC20551705	0	0	0	1	0	0	0	0	0	0	S
NMDC20585922	0	0	0	0	0	0	0	0	0	0	S
NMDC20585923	0	0	1	0	0	0	0	0	0	0	S
NMDC20555737	0	0	1	0	0	0	0	0	0	0	S
NMDC20557752	0	0	0	0	0	0	0	0	0	0	S
NMDC20585925	1	0	0	0	0	0	0	0	1	0	S
NMDC20551710	0	0	0	0	0	0	0	0	0	0	S
NMDC20555740	0	0	0	0	0	0	0	0	0	0	S
NMDC20585932	0	0	0	0	0	0	0	0	0	0	S
NMDC20553731	0	0	0	0	0	0	0	0	0	0	S
NMDC20585940	0	0	0	0	0	0	0	0	0	0	S
NMDC20553732	0	0	0	0	0	0	0	0	0	0	S
NMDC20585941	0	0	0	0	0	0	0	0	0	0	S
NMDC20551716	0	0	0	0	0	0	0	0	0	0	S
NMDC20557761	0	0	0	0	0	0	0	0	0	0	S
NMDC20585945	0	0	0	0	0	0	0	0	0	0	S
NMDC20557762	1	0	1	1	0	0	0	0	0	1	S
NMDC20557763	0	0	0	0	0	0	0	0	0	0	S
NMDC20553736	0	0	1	0	0	0	0	0	0	0	S
NMDC20585951	0	0	1	0	0	0	0	0	0	0	S
NMDC20585952	0	0	0	0	0	0	0	0	0	0	S
NMDC20551726	0	0	0	0	0	0	0	0	0	0	S
NMDC20555748	0	0	0	0	0	0	0	0	0	0	S
NMDC20585960	1	0	0	1	0	0	0	0	0	1	S
NMDC20555752	0	0	0	0	0	0	0	0	0	0	S
NMDC20555753	0	0	0	0	0	0	0	0	0	0	S
NMDC20585970	0	0	0	0	0	0	0	0	0	0	S
NMDC20557776	0	0	0	0	0	0	0	0	0	0	S
NMDC20585977	0	0	0	0	0	0	0	0	0	0	S
NMDC20551744	0	0	0	0	0	0	0	0	0	0	S
NMDC20557779	0	0	0	0	0	0	0	0	0	0	S
NMDC20557778	0	0	0	0	0	0	0	0	0	1	S
NMDC20553750	0	0	0	0	0	0	0	0	0	0	S
NMDC20585983	0	0	0	1	0	0	0	0	0	0	S
NMDC20551736	0	0	0	0	0	0	0	0	0	0	S
NMDC20585985	0	0	0	0	0	0	0	0	0	0	S
NMDC20585987	0	0	0	0	0	0	0	0	0	0	S
NMDC20585988	0	0	0	0	0	0	0	0	0	0	S
NMDC20551738	0	0	0	0	0	0	0	0	0	0	S
NMDC20585991	0	0	0	0	0	0	0	0	0	0	S
NMDC20585993	0	0	0	0	0	0	0	0	0	0	S
NMDC20585995	0	0	1	0	0	0	0	0	0	0	S
NMDC20557783	0	0	0	1	0	0	0	0	0	1	S
NMDC20553753	0	0	0	0	0	0	0	0	0	0	S
NMDC20586002	0	0	0	0	0	0	0	0	0	0	S
NMDC20586003	0	0	0	0	0	0	0	0	0	0	S
NMDC20555761	0	0	0	0	0	0	0	0	0	0	S
NMDC20555762	0	0	0	0	0	0	0	0	0	0	S
NMDC20586004	0	0	0	0	0	0	0	0	0	0	S
NMDC20586005	0	0	1	0	0	0	0	0	0	0	S
NMDC20551742	0	0	0	0	0	0	0	0	0	0	S
NMDC20557785	0	0	0	0	0	0	0	0	0	0	S
NMDC20553755	0	0	0	0	0	0	0	0	0	0	S
NMDC20551743	0	0	0	0	0	0	0	0	0	0	S
NMDC20586007	0	0	0	0	0	0	0	0	0	0	S
NMDC20555763	0	0	0	0	0	0	0	0	0	0	S
NMDC20553756	0	0	0	0	0	0	0	0	0	0	S
NMDC20557790	0	0	0	0	0	0	0	0	0	0	S
NMDC20555764	0	0	0	0	0	0	0	0	0	0	S
NMDC20555765	0	0	0	0	0	0	0	0	0	0	S
NMDC20586012	0	0	0	0	0	0	0	0	0	0	S
NMDC20553759	0	0	0	0	0	0	0	0	0	0	S
NMDC20586017	0	0	0	0	0	0	0	0	0	0	S
NMDC20555767	0	0	0	1	0	0	0	0	0	0	S
NMDC20551750	0	0	0	0	0	0	0	0	0	0	S
NMDC20551749	0	0	0	0	0	0	0	0	0	0	S
NMDC20555770	0	0	0	0	0	0	0	0	0	0	S
NMDC20553762	0	0	0	0	0	0	0	0	0	0	S
NMDC20553763	0	0	0	0	0	0	0	0	0	0	S
NMDC20586020	0	0	0	0	0	1	0	0	0	0	S
NMDC20553765	0	0	0	0	0	0	0	0	0	0	S
NMDC20553768	0	0	0	0	0	0	0	0	0	0	S
NMDC20586021	0	0	0	0	0	0	0	0	0	0	S
NMDC20551754	0	0	1	0	0	0	0	0	0	0	S
NMDC20586022	0	0	1	1	0	0	0	0	0	0	S
NMDC20555771	0	1	0	1	0	0	1	0	0	1	S
NMDC20586025	0	0	0	0	0	0	0	0	0	0	S
NMDC20586026	0	0	0	0	0	0	0	0	0	0	S
NMDC20586027	0	0	0	0	0	0	0	0	0	0	S
NMDC20586057	0	0	0	0	0	0	0	0	0	0	S
NMDC20586058	0	0	0	0	0	0	0	0	0	1	S
NMDC20586060	0	0	0	0	0	0	0	0	0	1	S
NMDC20586061	0	0	0	0	0	0	0	0	0	1	S
NMDC20586062	0	0	0	0	0	0	0	0	0	1	S
NMDC20586065	0	0	0	0	0	0	0	0	0	0	S
NMDC20586066	0	0	0	0	0	0	0	0	0	0	S
NMDC20586067	0	0	0	0	0	0	0	0	0	0	S
NMDC20586069	0	0	0	0	0	0	0	0	0	0	S
NMDC20586070	0	0	0	0	0	0	0	0	0	0	S
NMDC20586079	0	0	0	0	0	0	0	0	0	0	S
NMDC20586083	0	0	0	0	0	0	0	0	0	0	S
NMDC20586086	0	0	0	0	0	0	0	0	0	0	S
NMDC20586088	0	0	0	0	0	0	0	0	0	0	S
NMDC20586089	0	0	0	0	0	0	0	0	0	0	S
NMDC20586091	0	0	0	0	0	0	0	0	0	0	S
NMDC20586092	0	0	0	0	0	0	0	0	0	0	S
NMDC20586094	0	0	0	0	0	0	0	0	0	0	S
NMDC20586098	0	0	0	0	0	0	0	0	0	0	S
NMDC20586099	0	0	0	0	0	0	0	0	0	0	S
NMDC20586102	0	0	0	0	0	0	0	0	0	0	S
NMDC20555773	0	0	0	0	0	0	0	0	0	0	S
NMDC20555774	0	0	0	0	0	0	0	0	0	0	S
NMDC20586105	0	0	0	0	0	0	0	0	0	0	S
NMDC20553772	0	0	0	0	0	0	0	0	0	0	S
NMDC20586115	0	0	0	0	0	0	0	0	0	0	S
NMDC20586119	0	0	0	0	0	0	0	0	0	0	S
NMDC20586120	0	0	0	0	0	0	0	0	0	0	S
NMDC20586121	0	0	0	0	0	0	0	0	0	0	S
NMDC20551764	0	0	0	0	0	0	0	0	0	0	S
NMDC20553779	0	0	0	1	0	0	0	0	0	0	S
NMDC20551765	0	0	0	0	0	0	0	0	0	0	S
NMDC20586129	0	0	0	0	0	0	0	0	0	0	S
NMDC20555795	0	0	1	0	0	0	0	0	0	1	S
NMDC20553783	0	0	0	0	0	0	0	0	0	1	S
NMDC20555797	0	0	0	0	0	0	0	0	0	0	S
NMDC20586133	0	0	0	0	0	0	0	0	0	0	S
NMDC20586134	0	0	0	0	0	0	0	0	0	0	S
NMDC20586136	0	0	0	0	0	0	0	0	0	0	S
NMDC20586138	0	0	0	0	0	0	0	0	0	0	S
NMDC20553788	0	0	0	0	0	0	0	0	0	0	S
NMDC20551778	0	0	1	0	0	0	0	0	0	0	S
NMDC20555800	0	0	0	0	0	0	0	0	0	0	S
NMDC20586148	0	0	0	0	0	0	0	0	0	0	S
NMDC20586150	0	0	0	0	0	0	0	0	0	0	S
NMDC20557815	0	0	0	0	0	0	0	0	0	0	S
NMDC20557816	0	0	0	0	0	0	0	0	0	0	S
NMDC20555804	0	0	0	1	0	0	0	0	0	0	S
NMDC20551782	0	0	0	0	0	0	0	0	0	0	S
NMDC20555805	0	0	0	0	0	0	0	0	0	0	S
NMDC20557818	0	0	0	0	0	0	0	0	0	0	S
NMDC20551783	0	0	0	0	0	0	0	0	0	0	S
NMDC20557819	0	0	0	0	0	0	0	1	0	0	S
NMDC20586160	0	0	0	0	0	0	0	0	0	0	S
NMDC20553800	0	0	0	0	0	0	0	0	0	0	S
NMDC20555811	0	0	1	0	0	0	0	0	0	0	S
NMDC20553802	0	0	0	1	0	0	0	0	0	0	S
NMDC20553805	0	0	0	0	0	0	0	0	0	0	S
NMDC20586176	0	0	0	1	0	0	1	0	0	1	S
NMDC20586178	0	0	0	0	0	0	0	0	0	0	S
NMDC20555815	0	0	0	0	0	0	0	0	0	0	S
NMDC20586184	0	0	0	0	0	0	0	0	0	1	S
NMDC20553813	0	0	0	0	0	0	0	0	0	0	S
NMDC20586192	0	0	0	0	0	0	0	0	0	0	S
NMDC20557833	1	0	0	0	0	0	0	0	0	0	S
NMDC20586193	1	0	0	1	0	0	0	0	0	0	S
NMDC20557835	0	0	0	0	0	0	0	0	0	0	S
NMDC20586196	0	0	0	0	0	0	0	0	0	0	S
NMDC20586197	0	0	0	0	0	0	0	0	0	0	S
NMDC20551802	0	0	0	0	0	0	0	0	0	0	S
NMDC20586202	0	0	0	0	0	0	0	0	0	0	S
NMDC20586203	0	0	0	0	0	0	0	0	0	0	S
NMDC20553815	0	0	0	0	0	0	0	0	0	0	S
NMDC20586205	1	0	0	1	0	0	0	0	0	0	S
NMDC20586206	0	0	0	0	0	0	0	0	0	0	S
NMDC20586207	0	0	0	0	0	0	0	0	0	0	S
NMDC20586208	0	0	0	0	0	0	0	0	0	0	S
NMDC20553818	0	0	0	0	0	0	0	0	0	0	S
NMDC20586210	0	0	0	0	0	0	0	0	0	0	S
NMDC20586212	0	0	0	0	0	0	0	0	0	0	S
NMDC20557843	0	0	0	0	0	0	0	0	0	0	S
NMDC20586217	0	0	0	0	0	0	0	0	0	0	S
NMDC20586220	0	0	0	0	0	0	0	0	0	0	S
NMDC20551808	0	0	0	0	0	0	0	0	0	0	S
NMDC20553822	0	0	1	1	0	0	0	0	0	0	S
NMDC20551810	0	0	0	0	0	0	0	0	0	0	S
NMDC20586225	0	0	0	0	0	0	0	0	0	0	S
NMDC20557846	0	0	0	0	0	0	0	0	0	0	S
NMDC20551813	0	0	0	0	0	0	0	0	0	0	S
NMDC20553825	0	0	0	0	0	0	0	0	0	0	S
NMDC20555835	0	0	0	0	0	0	0	0	0	0	S
NMDC20553828	0	0	0	0	0	0	0	0	0	0	S
NMDC20553829	0	0	0	0	0	0	0	0	0	0	S
NMDC20553831	1	0	0	0	0	0	0	0	0	0	S
NMDC20553833	0	0	0	0	0	0	0	0	0	0	S
NMDC20586251	0	0	0	0	0	0	0	0	0	0	S
NMDC20555845	0	0	0	0	0	0	0	0	0	0	S
NMDC20551821	0	0	0	0	0	0	0	0	0	0	S
NMDC20557855	0	0	0	0	0	0	0	0	0	0	S
NMDC20551822	0	0	0	0	0	0	0	0	0	0	S
NMDC20557857	0	0	0	0	0	0	0	0	0	0	S
NMDC20553836	0	0	0	1	0	0	0	0	0	1	S
NMDC20586254	0	0	0	0	0	0	0	0	0	0	S
NMDC20555850	0	0	0	0	0	0	0	0	0	0	S
NMDC20551828	0	0	0	0	0	0	0	0	0	0	S
NMDC20551829	0	0	0	0	0	0	0	0	0	0	S
NMDC20586258	0	0	0	0	0	0	0	0	0	0	S
NMDC20555851	0	0	0	0	0	0	0	0	0	0	S
NMDC20586259	0	0	0	0	0	0	0	0	0	0	S
NMDC20553839	0	0	0	0	0	0	0	0	0	0	S
NMDC20553843	0	0	0	0	0	0	0	0	0	0	S
NMDC20553844	0	0	0	0	0	0	0	0	0	0	S
NMDC20555854	0	0	0	0	0	0	0	0	0	0	S
NMDC20586270	0	0	0	0	0	0	0	0	0	0	S
NMDC20586271	0	0	0	0	0	0	0	0	0	0	S
NMDC20555856	0	0	0	0	0	0	0	0	0	0	S
NMDC20586273	0	0	0	0	0	0	0	0	0	0	S
NMDC20586279	0	0	0	1	0	0	0	0	0	0	S
NMDC20586281	0	0	0	0	0	0	0	0	0	0	S
NMDC20586283	0	0	1	0	0	0	0	0	0	0	S
NMDC20553850	0	0	0	0	0	0	0	0	0	0	S
NMDC20586286	0	0	0	0	0	0	0	0	0	0	S
NMDC20553851	0	0	0	0	0	0	0	0	0	0	S
NMDC20553852	0	0	0	0	0	0	0	0	0	0	S
NMDC20555863	0	0	0	0	0	0	0	0	0	0	S
NMDC20586292	0	0	0	0	0	0	0	0	0	0	S
NMDC20586299	0	0	0	0	0	0	0	0	0	0	S
NMDC20586300	0	0	0	0	0	0	0	0	0	0	S
NMDC20586384	0	0	0	0	0	0	0	0	0	0	S
NMDC20586386	0	0	0	0	0	0	0	0	0	0	S
NMDC20553866	0	0	0	0	0	0	0	0	0	0	S
NMDC20551854	0	0	0	0	0	0	0	0	0	0	S
NMDC20553867	0	1	0	1	0	1	1	0	0	1	S
NMDC20553868	1	0	0	0	0	0	0	0	0	0	S
NMDC20557881	0	0	0	0	0	0	0	0	0	0	S
NMDC20553871	0	0	0	0	0	0	0	0	0	0	S
NMDC20555883	0	0	0	0	0	0	0	0	0	0	S
NMDC20553872	0	0	0	0	0	0	0	0	0	0	S
NMDC20553873	0	0	0	0	0	0	0	0	0	0	S
NMDC20557885	0	0	0	0	0	0	0	0	0	0	S
NMDC20555884	0	0	0	0	0	0	0	0	0	0	S
NMDC20555885	0	0	0	0	0	0	0	0	0	0	S
NMDC20557884	0	0	0	0	0	0	0	0	0	0	S
NMDC20555886	0	0	0	0	0	0	0	0	0	0	S
NMDC20586397	0	0	0	0	0	0	0	0	0	0	S
NMDC20586398	0	0	0	0	0	0	0	0	0	0	S
NMDC20555887	0	0	0	0	0	0	0	0	0	0	S
NMDC20586402	0	0	0	0	0	0	0	0	0	0	S
NMDC20555888	0	0	0	0	0	0	0	0	0	0	S
NMDC20586405	0	0	0	0	0	0	0	0	0	0	S
NMDC20586407	0	0	0	0	0	0	0	0	0	0	S
NMDC20586408	0	0	0	0	0	0	0	0	0	0	S
NMDC20586411	0	0	0	0	0	0	0	0	0	0	S
NMDC20586414	0	0	0	1	0	0	0	0	0	0	S
NMDC20553876	0	0	1	0	0	0	0	0	0	0	S
NMDC20586417	0	0	0	0	0	0	0	0	0	0	S
NMDC20586418	0	0	0	0	0	0	0	0	0	0	S
NMDC20551863	0	0	0	0	0	0	0	0	0	0	S
NMDC20586419	0	0	0	0	0	0	0	0	0	0	S
NMDC20551865	0	0	0	0	0	0	0	0	0	0	S
NMDC20586420	0	0	0	0	0	0	0	0	0	0	S
NMDC20557889	0	0	0	0	0	0	0	0	0	0	S
NMDC20551868	0	0	1	0	0	0	0	0	0	0	S
NMDC20586438	0	0	0	0	0	0	0	0	0	0	S
NMDC20586439	0	0	0	0	0	0	0	0	0	0	S
NMDC20586440	0	0	0	0	0	0	0	0	0	0	S
NMDC20586441	0	0	0	0	0	0	0	0	0	0	S
NMDC20586442	0	0	0	0	0	0	0	0	0	0	S
NMDC20586443	0	0	0	0	0	0	0	0	0	0	S
NMDC20586444	0	0	1	0	0	0	0	0	0	0	S
NMDC20557893	0	0	0	0	0	0	0	0	0	0	S
NMDC20586450	0	0	0	0	0	0	0	0	0	0	S
NMDC20557894	0	0	0	0	0	0	0	0	0	0	S
NMDC20586452	0	0	0	0	0	0	0	0	0	0	S
NMDC20586456	0	0	0	0	0	0	0	0	0	0	S
NMDC20586459	0	0	0	0	0	0	0	0	0	0	S
NMDC20553883	0	0	1	0	0	0	0	0	0	0	S
NMDC20586461	0	0	0	0	0	0	0	0	0	0	S
NMDC20555904	0	0	0	0	0	0	0	0	0	0	S
NMDC20557897	0	0	0	0	0	0	0	0	0	0	S
NMDC20586463	0	0	0	0	0	0	0	0	0	0	S
NMDC20586466	0	0	0	0	0	0	0	0	0	0	S
NMDC20586467	1	0	0	1	1	1	0	0	0	1	S
NMDC20586468	0	0	0	0	0	0	0	0	0	0	S
NMDC20586470	0	0	0	1	0	0	0	0	0	0	S
NMDC20555907	0	0	0	0	0	0	0	0	0	0	S
NMDC20551876	0	0	0	0	0	0	0	0	0	0	S
NMDC20586475	0	0	0	0	0	0	0	0	0	0	S
NMDC20551880	0	0	0	0	0	0	0	0	0	0	S
NMDC20557905	0	0	0	0	0	0	0	0	0	0	S
NMDC20557904	0	0	0	0	0	0	0	0	0	0	S
NMDC20555910	0	0	0	0	0	0	0	0	0	0	S
NMDC20586483	0	0	0	0	0	0	0	0	0	0	S
NMDC20553890	0	0	0	0	0	0	0	0	0	0	S
NMDC20555917	0	0	0	0	0	0	0	0	0	0	S
NMDC20551885	0	0	0	0	0	0	0	0	0	0	S
NMDC20551890	0	0	0	0	0	0	0	0	0	0	S
NMDC20553898	0	0	0	0	0	0	0	0	0	0	S
NMDC20551894	0	0	0	0	0	0	0	0	0	0	S
NMDC20553905	0	0	0	0	0	0	0	0	0	0	S
NMDC20586531	0	0	0	0	0	0	0	0	0	0	S
NMDC20551903	0	0	0	0	0	0	0	0	0	0	S
NMDC20586541	0	0	0	0	0	0	0	0	0	0	S
NMDC20557918	0	0	0	0	0	0	0	0	0	0	S
NMDC20586545	0	0	0	0	0	0	0	0	0	0	S
NMDC20557922	1	0	0	1	0	0	0	0	0	0	S
NMDC20555942	0	0	0	0	0	0	0	0	0	0	S
NMDC20557924	0	0	0	0	0	0	0	0	0	0	S
NMDC20551908	0	0	0	0	0	0	0	0	0	0	S
NMDC20586562	0	0	0	1	0	0	0	0	0	0	S
NMDC20553917	0	0	0	0	0	0	0	0	0	0	S
NMDC20586580	0	0	0	0	0	0	0	0	0	0	S
NMDC20553926	0	0	0	0	0	0	0	0	0	0	S
NMDC20586583	0	0	0	0	0	0	0	0	0	0	S
NMDC20557932	0	0	0	0	0	0	0	0	0	0	S
NMDC20553927	0	0	0	0	0	0	0	0	0	0	S
NMDC20553928	0	0	0	0	0	0	0	0	0	0	S
NMDC20555951	0	0	0	0	0	0	0	0	0	0	S
NMDC20557934	0	0	0	0	0	0	0	0	0	0	S
NMDC20551919	0	0	0	0	0	0	0	0	0	0	S
NMDC20551921	0	0	0	0	0	0	0	0	0	1	S
NMDC20555955	1	0	0	0	0	0	0	0	0	0	S
NMDC20586598	0	0	0	0	0	0	0	0	0	0	S
NMDC20586599	0	0	0	0	0	0	0	0	0	0	S
NMDC20586600	0	0	0	0	0	0	0	0	0	0	S
NMDC20551929	0	0	0	0	0	0	0	0	0	0	S
NMDC20551930	0	0	1	0	0	0	0	0	0	0	S
NMDC20586602	1	0	0	0	0	0	0	0	0	0	S
NMDC20586603	0	0	0	0	0	0	0	0	0	0	S
NMDC20555962	1	0	0	1	0	0	0	0	0	0	S
NMDC20586604	0	0	0	0	0	0	0	0	0	0	S
NMDC20551932	0	0	0	0	0	0	0	0	0	0	S
NMDC20551933	0	0	0	0	0	0	0	0	0	0	S
NMDC20586605	0	0	0	0	0	0	0	0	0	0	S
NMDC20555963	0	0	0	0	0	0	0	0	0	0	S
NMDC20555965	0	0	0	0	0	0	0	0	0	0	S
NMDC20586617	0	0	0	0	0	0	0	0	0	0	S
NMDC20557952	0	0	0	0	0	0	0	0	0	0	S
NMDC20551936	0	0	0	0	0	0	0	0	0	0	S
NMDC20586619	0	0	0	0	0	0	0	0	0	0	S
NMDC20557956	0	0	0	0	0	0	0	0	0	0	S
NMDC20586658	0	0	0	0	0	0	0	0	0	0	S
NMDC20586659	1	1	0	1	0	0	1	0	0	0	S
NMDC20586661	0	0	0	0	0	0	0	0	0	0	S
NMDC20586662	0	0	1	0	0	0	0	0	0	0	S
NMDC20586663	0	0	1	0	0	0	0	0	0	0	S
NMDC20553971	0	0	0	0	0	0	0	0	0	0	S
NMDC20586670	0	0	0	0	0	0	0	0	0	0	S
NMDC20586671	0	0	0	0	0	0	0	0	0	0	S
NMDC20553974	0	0	0	0	0	0	0	0	0	0	S
NMDC20557982	1	0	0	0	0	0	0	0	0	0	S
NMDC20551967	0	0	0	0	0	0	0	0	0	0	S
NMDC20586677	0	0	0	0	0	0	0	0	0	0	S
NMDC20555988	0	0	0	0	0	0	0	0	0	0	S
NMDC20586678	0	0	0	0	0	0	0	0	0	0	S
NMDC20586680	0	0	0	0	0	0	0	0	0	0	S
NMDC20553982	0	0	0	0	0	0	0	0	0	0	S
NMDC20553983	0	0	0	0	0	0	0	0	0	0	S
NMDC20586683	0	0	0	0	0	0	0	0	0	0	S
NMDC20586684	0	0	1	0	0	0	0	0	0	0	S
NMDC20551970	0	0	0	0	0	0	0	0	0	0	S
NMDC20586688	0	0	0	0	0	0	0	0	0	0	S
NMDC20553985	0	0	0	0	0	0	0	0	0	0	S
NMDC20557991	0	0	0	0	0	0	0	0	0	0	S
NMDC20586692	0	0	0	0	0	0	0	0	0	0	S
NMDC20586693	0	0	0	0	0	0	0	0	0	0	S
NMDC20586699	0	0	0	0	0	0	0	0	0	0	S
NMDC20586703	0	0	0	0	0	0	0	0	0	0	S
NMDC20586704	0	1	0	1	1	0	0	0	0	1	S
NMDC20586709	0	0	0	0	0	0	0	0	0	0	S
NMDC20553992	0	0	0	0	0	0	0	0	0	0	S
NMDC20586711	0	0	0	0	0	0	0	0	0	0	S
NMDC20551979	0	0	0	0	0	0	0	0	0	0	S
NMDC20586714	0	0	0	0	0	0	0	0	0	0	S
NMDC20586716	0	0	0	1	0	0	0	0	0	0	S
NMDC20556000	0	0	0	0	0	0	0	0	0	0	S
NMDC20586721	0	0	0	0	0	0	0	0	0	0	S
NMDC20553998	0	0	0	0	0	0	0	0	0	0	S
NMDC20586725	0	0	0	0	0	0	0	0	0	0	S
NMDC20586726	0	0	0	1	0	0	0	0	0	0	S
NMDC20586727	0	0	0	0	0	0	0	0	0	0	S
NMDC20553999	0	0	0	0	0	0	0	0	0	0	S
NMDC20554002	0	0	0	0	0	0	0	0	0	0	S
NMDC20554003	0	0	0	0	0	0	0	0	0	0	S
NMDC20558006	0	0	1	0	0	0	0	0	0	0	S
NMDC20556005	0	0	0	0	0	0	0	0	0	0	S
NMDC20558008	0	0	0	0	0	0	0	0	0	1	S
NMDC20554004	0	0	0	0	0	0	0	0	0	0	S
NMDC20586735	0	0	0	0	0	0	0	0	0	0	S
NMDC20556006	0	0	0	0	0	0	0	0	0	0	S
NMDC20551991	0	0	0	0	0	0	0	0	0	0	S
NMDC20586740	0	0	0	0	0	0	0	0	0	0	S
NMDC20558013	1	0	0	0	0	0	0	0	0	0	S
NMDC20558014	1	0	0	0	0	0	0	0	0	0	S
NMDC20551995	0	0	0	0	0	0	0	0	0	0	S
NMDC20556014	0	1	0	1	1	0	0	0	0	0	S
NMDC20554009	1	0	1	0	0	0	0	0	0	0	S
NMDC20554010	0	0	0	0	0	0	0	0	0	0	S
NMDC20558016	1	0	0	0	0	0	0	0	0	0	S
NMDC20586756	0	0	0	0	0	0	0	0	0	0	S
NMDC20556017	0	0	0	0	0	0	0	0	0	0	S
NMDC20556019	1	0	0	1	0	0	0	0	0	1	S
NMDC20554014	0	0	0	0	0	0	0	0	0	0	S
NMDC20556020	1	0	0	0	0	0	0	0	0	1	S
NMDC20551999	0	0	0	0	0	0	0	0	0	0	S
NMDC20586763	0	0	0	0	0	0	0	0	0	0	S
NMDC20586765	0	0	0	0	0	0	0	0	0	0	S
NMDC20586767	0	0	0	1	0	0	0	0	0	1	S
NMDC20586771	0	0	0	0	0	0	0	0	0	0	S
NMDC20586773	1	0	0	0	0	0	0	0	0	1	S
NMDC20586776	0	0	1	0	0	0	0	0	0	0	S
NMDC20556021	0	0	0	0	0	0	0	0	0	0	S
NMDC20586777	0	0	0	0	0	0	0	0	0	0	S
NMDC20586778	0	0	0	0	0	0	0	0	0	0	S
NMDC20586783	0	0	0	0	0	0	0	0	0	0	S
NMDC20586784	0	0	0	0	0	0	0	0	0	0	S
NMDC20586793	0	0	0	0	0	1	0	0	0	0	S
NMDC20554022	1	0	0	0	0	0	0	0	0	0	S
NMDC20556030	0	0	0	0	0	0	0	0	0	0	S
NMDC20558030	0	0	0	0	0	0	0	0	0	0	S
NMDC20556031	0	0	0	0	0	0	0	0	0	0	S
NMDC20586800	0	0	0	0	0	0	0	0	0	0	S
NMDC20586802	0	0	0	0	0	1	0	0	0	0	S
NMDC20556032	0	0	0	0	0	0	0	0	0	0	S
NMDC20556034	1	0	0	1	0	0	0	0	0	1	S
NMDC20586807	0	0	0	0	0	0	0	0	0	0	S
NMDC20556036	1	0	0	1	1	1	0	0	0	0	S
NMDC20586810	0	0	0	0	0	0	0	0	0	0	S
NMDC20556039	1	0	0	1	0	0	0	0	0	0	S
NMDC20552006	0	0	0	0	0	0	0	0	0	0	S
NMDC20586812	0	0	0	0	0	0	0	0	0	0	S
NMDC20586813	0	0	0	0	0	0	0	0	0	0	S
NMDC20552008	0	0	0	0	0	0	0	0	0	0	S
NMDC20554031	0	0	0	0	0	0	0	0	0	0	S
NMDC20558041	0	0	0	0	0	0	0	0	0	0	S
NMDC20586832	0	0	0	0	0	0	0	0	0	0	S
NMDC20554035	0	0	0	0	0	0	0	0	0	0	S
NMDC20558043	1	0	0	0	0	0	0	0	0	0	S
NMDC20558047	0	0	0	0	0	0	0	0	0	0	S
NMDC20554045	0	0	1	0	0	0	0	0	0	0	S
NMDC20558049	0	0	0	0	0	0	0	0	0	0	S
NMDC20556051	0	0	0	0	0	0	0	0	0	0	S
NMDC20558050	0	0	1	0	0	0	0	0	0	0	S
NMDC20552017	0	0	0	0	0	0	0	0	0	0	S
NMDC20552023	0	0	1	0	0	0	0	0	0	0	S
NMDC20554046	0	0	0	0	0	0	0	0	0	0	S
NMDC20558051	0	0	0	0	0	0	0	0	0	0	S
NMDC20586844	0	0	0	0	0	0	0	0	0	0	S
NMDC20558052	0	0	0	0	0	0	0	0	0	0	S
NMDC20586845	0	0	0	0	0	0	0	0	0	0	S
NMDC20558053	0	0	0	0	0	0	0	0	0	0	S
NMDC20556053	0	0	0	0	0	0	0	0	0	0	S
NMDC20558055	0	0	0	0	0	0	0	0	0	0	S
NMDC20586861	0	0	0	0	0	0	0	0	0	1	S
NMDC20554050	0	0	0	0	0	0	0	0	0	0	S
NMDC20558057	0	0	1	0	0	0	0	0	0	0	S
NMDC20586862	0	0	0	0	0	0	0	0	0	0	S
NMDC20558058	0	0	1	0	0	0	0	0	0	0	S
NMDC20558059	0	0	0	0	0	0	0	0	0	0	S
NMDC20556057	0	0	0	0	0	0	0	0	0	0	S
NMDC20586864	0	0	0	0	0	0	0	0	0	0	S
NMDC20586868	0	0	0	0	0	0	0	0	0	0	S
NMDC20586869	0	0	0	0	0	0	0	0	0	0	S
NMDC20556059	0	0	0	0	0	0	0	0	0	0	S
NMDC20552031	0	0	0	0	0	0	0	0	0	0	S
NMDC20554054	0	0	0	0	0	0	0	0	0	0	S
NMDC20554057	0	0	0	0	0	0	0	0	0	0	S
NMDC20558063	0	0	0	0	0	0	0	0	0	0	S
NMDC20586878	0	0	0	0	0	0	0	0	0	0	S
NMDC20586879	0	0	0	0	0	0	0	0	0	0	S
NMDC20558066	1	0	0	1	0	1	0	0	0	0	S
NMDC20556065	0	0	0	0	0	0	0	0	0	0	S
NMDC20586887	0	0	0	0	0	0	0	0	0	0	S
NMDC20558070	0	0	0	0	0	0	0	0	0	0	S
NMDC20558071	0	0	0	0	0	0	0	0	0	0	S
NMDC20586889	0	0	0	0	0	0	0	0	0	0	S
NMDC20586893	0	0	0	0	0	0	0	0	0	0	S
NMDC20586894	1	0	0	1	0	0	0	0	0	0	S
NMDC20586896	0	0	0	0	0	0	0	0	0	0	S
NMDC20586898	0	0	0	0	0	0	0	0	0	0	S
NMDC20554072	0	0	0	0	0	0	0	0	0	0	S
NMDC20558077	0	0	0	0	0	0	0	0	0	0	S
NMDC20586904	0	0	0	0	0	0	0	0	0	0	S
NMDC20586905	0	0	0	0	0	0	0	0	0	0	S
NMDC20586906	0	0	0	0	0	0	0	0	0	0	S
NMDC20554071	0	0	0	0	0	0	0	0	0	0	S
NMDC20552041	0	0	0	0	0	0	0	0	0	0	S
NMDC20558079	0	0	1	0	0	0	0	0	0	0	S
NMDC20556072	0	0	0	0	0	0	0	0	0	0	S
NMDC20554074	0	0	0	1	0	0	0	0	0	1	S
NMDC20586912	0	0	0	0	0	0	0	0	0	0	S
NMDC20554076	0	0	0	0	0	0	0	0	0	0	S
NMDC20586913	0	0	0	0	0	0	0	0	0	0	S
NMDC20556079	0	0	0	0	0	0	0	0	0	0	S
NMDC20554077	0	0	0	0	0	0	0	0	0	0	S
NMDC20556075	0	0	0	0	0	0	0	0	0	0	S
NMDC20556076	0	0	0	0	0	0	0	0	0	0	S
NMDC20586915	0	0	0	0	0	0	0	0	0	0	S
NMDC20552043	0	0	0	0	0	0	0	0	0	0	S
NMDC20552044	0	0	0	1	0	0	0	0	0	1	S
NMDC20556078	0	0	1	0	0	0	0	0	0	0	S
NMDC20586916	0	0	0	0	0	0	0	0	0	0	S
NMDC20586922	0	0	0	0	0	0	0	0	0	0	S
NMDC20556080	0	0	0	0	0	0	0	0	0	0	S
NMDC20554123	1	0	0	0	0	0	0	0	0	0	S
NMDC20554124	0	0	0	0	0	0	0	0	0	0	S
NMDC20552093	0	0	0	0	0	0	0	0	0	0	S
NMDC20558126	0	0	0	0	0	0	0	0	0	0	S
NMDC20587029	0	0	0	0	0	0	0	0	0	0	S
NMDC20554129	0	0	0	0	0	0	0	0	0	0	S
NMDC20587030	0	0	0	0	0	0	0	0	0	0	S
NMDC20554127	0	0	0	0	0	0	0	0	0	0	S
NMDC20587034	0	0	0	0	0	1	0	0	0	0	S
NMDC20554128	0	1	0	1	0	0	1	0	0	1	S
NMDC20587040	0	0	0	0	0	0	0	0	0	0	S
NMDC20552097	0	0	0	0	0	0	0	0	0	0	S
NMDC20556124	0	0	0	0	0	0	0	0	0	0	S
NMDC20558130	0	0	0	0	0	0	0	0	0	0	S
NMDC20587046	0	0	0	0	0	0	0	0	0	0	S
NMDC20554132	0	0	0	0	0	0	0	0	0	0	S
NMDC20587049	0	0	0	0	0	0	0	0	0	0	S
NMDC20588193	0	0	1	0	0	0	0	0	0	0	S
NMDC20556381	0	0	0	0	0	0	0	0	0	0	S
NMDC20556380	0	0	0	0	0	0	0	0	0	0	S
NMDC20588198	0	0	0	0	0	0	0	0	0	0	S
NMDC20552398	0	0	0	0	0	0	0	0	0	0	S
NMDC20556383	0	0	0	0	0	0	0	0	0	0	S
NMDC20556384	0	0	0	0	0	0	0	0	0	1	S
NMDC20554405	0	0	0	0	0	0	0	0	0	0	S
NMDC20554407	0	0	0	0	0	0	0	0	0	0	S
NMDC20588205	0	0	0	0	0	0	0	0	0	0	S
NMDC20552402	0	0	0	0	0	0	0	0	0	0	S
NMDC20554411	0	0	0	0	0	0	0	0	0	0	S
NMDC20588213	0	0	0	0	0	0	0	0	0	0	S
NMDC20556390	0	0	0	0	0	0	0	0	0	0	S
NMDC20588220	0	0	0	0	0	0	0	0	0	0	S
NMDC20552408	0	0	1	0	0	0	0	0	0	0	S
NMDC20556393	0	0	0	0	0	0	0	0	0	0	S
NMDC20588226	0	0	0	0	0	0	0	0	0	1	S
NMDC20554414	0	0	1	0	0	0	0	0	0	0	S
NMDC20556397	0	0	0	0	0	0	0	0	0	0	S
NMDC20588234	0	0	1	0	0	0	0	0	0	0	S
NMDC20554419	0	0	0	0	0	0	0	0	0	0	S
NMDC20558423	0	0	0	0	0	0	0	0	0	0	S
NMDC20552416	0	0	0	0	0	0	0	0	0	0	S
NMDC20588238	0	0	0	1	0	0	0	0	0	0	S
NMDC20588240	0	0	0	0	0	0	0	0	0	1	S
NMDC20588242	0	0	0	1	0	0	0	0	0	0	S
NMDC20588243	0	0	0	0	0	0	0	0	0	0	S
NMDC20588246	0	0	0	0	0	0	0	0	0	0	S
NMDC20588247	0	0	0	0	0	0	0	0	0	1	S
NMDC20556406	0	0	0	0	0	0	0	0	0	0	S
NMDC20554427	1	0	0	0	0	0	0	0	0	0	S
NMDC20554428	1	0	0	0	0	0	0	0	0	0	S
NMDC20556413	0	0	0	0	0	0	0	0	0	0	S
NMDC20588260	0	0	0	0	0	0	0	0	0	0	S
NMDC20556415	0	0	0	0	0	0	0	0	0	0	S
NMDC20556417	0	0	0	0	0	0	0	0	0	0	S
NMDC20558437	0	0	0	0	0	0	0	0	0	0	S
NMDC20588265	0	0	1	0	0	0	0	0	0	0	S
NMDC20588266	1	0	0	0	0	0	0	0	0	0	S
NMDC20552429	0	0	0	0	0	0	0	0	0	0	S
NMDC20552430	0	0	0	0	0	0	0	0	0	0	S
NMDC20556425	0	0	0	0	0	0	0	0	0	0	S
NMDC20558445	0	0	0	0	0	0	0	0	0	0	S
NMDC20558447	0	0	0	0	0	0	0	0	0	0	S
NMDC20588275	0	0	0	0	0	0	0	0	0	0	S
NMDC20554436	0	0	0	0	0	0	0	0	0	0	S
NMDC20554437	0	0	0	0	0	0	0	0	0	0	S
NMDC20554438	0	0	0	0	0	0	0	0	0	0	S
NMDC20552433	0	0	1	0	0	0	0	0	0	0	S
NMDC20588278	0	0	0	0	0	0	0	0	0	0	S
NMDC20588280	0	0	0	0	0	0	0	0	0	0	S
NMDC20588281	0	0	0	0	0	0	0	0	0	0	S
NMDC20588282	0	0	1	0	0	0	0	0	0	0	S
NMDC20588284	0	0	0	0	0	0	0	0	0	0	S
NMDC20558450	0	0	0	0	0	0	0	0	0	0	S
NMDC20552437	0	0	0	0	0	0	0	0	0	0	S
NMDC20588290	0	0	0	0	0	0	0	0	0	0	S
NMDC20588291	0	0	0	0	0	0	0	0	0	0	S
NMDC20588292	0	0	0	0	0	0	0	0	0	0	S
NMDC20556429	1	0	0	0	0	0	0	0	0	0	S
NMDC20558453	0	0	1	0	0	0	0	0	0	0	S
NMDC20588293	0	0	0	0	0	0	0	0	0	0	S
NMDC20588295	0	0	0	0	0	0	0	0	0	0	S
NMDC20556430	0	0	0	0	0	0	0	0	0	0	S
NMDC20556431	0	0	0	0	0	0	0	0	0	0	S
NMDC20552441	0	1	0	1	1	0	0	0	0	0	S
NMDC20552448	0	0	0	0	0	0	0	0	0	0	S
NMDC20552446	1	0	0	1	1	1	0	0	0	0	S
NMDC20556442	0	0	0	0	0	0	0	0	0	0	S
NMDC20558458	0	0	1	0	0	0	0	0	0	0	S
NMDC20588312	0	0	0	0	0	0	0	0	0	0	S
NMDC20558459	0	0	0	1	0	0	0	0	0	1	S
NMDC20552452	0	0	0	0	0	0	0	0	0	0	S
NMDC20554454	0	0	0	0	0	0	0	0	0	0	S
NMDC20588326	0	0	0	0	0	0	0	0	0	0	S
NMDC20588327	0	0	0	0	0	0	0	0	0	0	S
NMDC20558474	0	0	0	0	0	0	0	0	0	0	S
NMDC20552459	0	0	0	0	0	0	0	0	0	0	S
NMDC20588340	0	0	0	1	0	0	0	0	0	1	S
NMDC20556452	0	0	0	0	0	0	0	0	0	0	S
NMDC20554463	0	0	0	0	0	0	0	0	0	0	S
NMDC20588350	0	0	0	0	0	0	0	0	0	0	S
NMDC20588351	0	0	0	0	0	0	0	0	0	0	S
NMDC20552464	0	0	0	0	0	0	0	0	0	0	S
NMDC20588354	0	0	0	0	0	0	0	0	0	0	S
NMDC20556460	0	0	0	0	0	0	0	0	0	0	S
NMDC20556461	0	0	0	0	0	0	0	0	0	0	S
NMDC20588359	0	0	1	0	0	0	0	0	0	0	S
NMDC20552469	0	0	0	0	0	0	0	0	0	0	S
NMDC20556464	0	0	0	0	0	0	0	0	0	0	S
NMDC20588367	0	0	0	0	0	0	0	0	0	0	S
NMDC20558484	0	0	0	0	0	0	0	0	0	0	S
NMDC20556466	0	0	0	0	0	0	0	0	0	0	S
NMDC20558485	0	0	0	0	0	0	0	0	0	0	S
NMDC20588369	0	0	0	0	0	0	0	0	0	0	S
NMDC20588370	0	0	0	0	0	0	0	0	0	0	S
NMDC20588372	0	0	0	0	0	0	0	0	0	0	S
NMDC20556469	0	0	0	0	0	0	0	0	0	0	S
NMDC20558487	0	0	0	0	0	0	0	0	0	0	S
NMDC20588376	0	0	0	0	0	0	0	0	0	0	S
NMDC20558490	0	0	0	0	0	0	0	0	0	0	S
NMDC20552473	0	0	0	0	0	0	0	0	0	0	S
NMDC20588379	0	0	0	0	0	0	0	0	0	0	S
NMDC20558491	0	0	0	0	0	0	1	0	0	1	S
NMDC20588385	0	0	0	0	0	0	0	0	0	0	S
NMDC20558494	0	0	0	0	0	0	0	0	0	0	S
NMDC20588388	1	0	0	0	0	0	0	0	0	0	S
NMDC20554477	0	0	0	1	0	0	0	0	0	0	S
NMDC20554478	0	0	0	0	0	0	0	0	0	0	S
NMDC20588390	1	0	0	0	0	0	0	0	0	0	S
NMDC20558495	1	0	0	0	0	0	0	0	0	0	S
NMDC20558496	0	0	0	0	0	0	0	0	0	0	S
NMDC20552479	0	0	0	0	0	0	0	0	0	0	S
NMDC20588405	0	0	1	0	0	0	0	0	0	0	S
NMDC20552481	0	0	0	0	0	0	0	0	0	0	S
NMDC20556483	0	0	0	0	0	0	0	0	0	0	S
NMDC20556484	1	0	0	0	0	0	0	0	0	0	S
NMDC20588417	1	0	0	0	0	0	0	0	0	0	S
NMDC20554493	0	0	0	0	0	0	0	0	0	0	S
NMDC20588423	0	0	1	0	0	0	0	0	0	0	S
NMDC20552487	0	0	0	0	0	0	0	0	0	0	S
NMDC20558502	0	0	0	0	0	0	0	0	0	0	S
NMDC20558503	0	0	0	0	0	0	0	0	0	0	S
NMDC20552489	0	0	0	0	0	0	0	0	0	0	S
NMDC20588429	0	0	0	0	0	0	0	0	0	0	S
NMDC20588431	0	0	0	0	0	0	0	0	0	0	S
NMDC20554496	0	0	1	0	0	0	0	0	0	0	S
NMDC20554497	0	0	0	0	0	0	0	0	0	0	S
NMDC20552492	0	0	1	0	0	0	0	0	0	0	S
NMDC20554499	0	0	0	0	0	0	0	0	0	1	S
NMDC20558506	0	0	0	0	0	0	0	0	0	0	S
NMDC20552493	0	0	0	0	0	0	0	0	0	0	S
NMDC20552494	0	0	0	0	0	0	0	0	0	0	S
NMDC20552495	0	0	0	1	0	0	0	0	0	0	S
NMDC20558509	0	0	0	0	0	0	0	0	0	0	S
NMDC20588441	0	0	0	0	0	0	0	0	0	0	S
NMDC20554505	0	0	1	0	0	0	0	0	0	0	S
NMDC20588444	0	0	0	0	0	0	0	0	0	0	S
NMDC20588448	0	0	0	0	0	0	0	0	0	0	S
NMDC20588449	0	0	1	0	0	0	0	0	0	0	S
NMDC20552502	0	0	0	0	0	0	0	0	0	0	S
NMDC20552503	0	0	0	1	0	0	0	0	0	0	S
NMDC20552504	0	0	0	0	0	0	0	0	0	0	S
NMDC20554509	0	0	0	0	0	0	0	0	0	0	S
NMDC20554511	0	0	0	0	0	0	0	0	0	0	S
NMDC20588456	0	0	0	0	0	0	0	0	0	0	S
NMDC20558513	1	0	0	1	0	0	0	0	0	0	S
NMDC20554515	0	0	0	0	0	0	0	0	0	0	S
NMDC20588462	0	0	0	0	0	0	0	0	0	0	S
NMDC20554517	0	0	0	0	0	0	0	0	0	0	S
NMDC20554522	0	0	0	1	0	0	0	0	0	0	S
NMDC20554525	0	0	0	0	0	0	0	0	0	0	S
NMDC20556510	0	0	0	0	0	0	0	0	0	0	S
NMDC20554526	0	0	0	0	0	0	0	0	0	0	S
NMDC20552527	0	0	0	0	0	0	0	0	0	0	S
NMDC20588491	0	0	0	0	0	0	0	0	0	0	S
NMDC20588493	0	0	0	0	0	0	0	0	0	0	S
NMDC20588494	1	0	0	0	0	0	0	0	0	0	S
NMDC20588502	0	0	0	0	0	0	0	0	0	0	S
NMDC20552534	0	0	0	0	0	0	0	0	0	0	S
NMDC20552535	0	0	0	0	0	0	0	0	0	0	S
NMDC20554535	0	0	0	0	0	0	0	0	0	0	S
NMDC20554534	0	0	0	0	0	0	0	0	0	0	S
NMDC20588511	0	0	1	0	0	0	0	0	0	0	S
NMDC20588514	0	0	0	0	0	0	0	0	0	0	S
NMDC20558539	0	0	0	0	0	0	0	0	0	0	S
NMDC20588520	0	0	1	0	0	0	0	0	0	0	S
NMDC20552543	0	0	0	0	0	0	0	0	0	0	S
NMDC20558541	0	0	0	0	0	0	0	0	0	0	S
NMDC20556533	0	0	0	0	0	0	0	0	0	0	S
NMDC20588525	0	0	0	0	0	0	0	0	0	0	S
NMDC20554548	0	0	0	0	0	0	0	0	0	0	S
NMDC20558544	0	0	1	1	0	0	0	0	0	0	S
NMDC20588531	0	0	1	1	0	0	0	0	0	0	S
NMDC20558545	0	0	1	1	0	0	0	0	0	0	S
NMDC20556537	0	0	0	0	0	0	0	0	0	0	S
NMDC20556538	0	0	1	1	0	0	0	0	0	0	S
NMDC20556540	0	0	0	0	0	0	0	0	0	0	S
NMDC20588541	0	0	0	1	0	0	0	0	0	0	S
NMDC20556542	0	0	0	0	0	0	0	0	0	0	S
NMDC20588547	0	0	0	0	0	0	0	0	0	0	S
NMDC20554553	0	0	0	0	0	0	0	0	0	0	S
NMDC20558552	1	0	0	0	0	0	0	0	0	0	S
NMDC20558553	0	0	0	0	0	0	0	0	0	0	S
NMDC20588548	0	0	0	0	0	0	0	0	0	0	S
NMDC20554554	0	0	0	0	0	0	0	0	0	0	S
NMDC20588550	0	0	0	0	0	0	0	0	0	0	S
NMDC20588555	0	0	0	0	1	0	0	0	0	0	S
NMDC20558555	0	0	0	0	0	0	0	0	0	0	S
NMDC20556551	0	0	0	0	0	0	0	0	0	0	S
NMDC20552558	0	0	0	0	0	0	0	0	0	1	S
NMDC20588565	0	0	0	0	0	0	0	0	0	1	S
NMDC20558561	0	0	0	1	0	0	0	0	0	1	S
NMDC20556556	0	0	0	0	0	0	0	0	0	0	S
NMDC20588569	0	0	1	0	0	0	0	0	0	0	S
NMDC20588570	0	0	1	0	0	0	0	0	0	0	S
NMDC20588572	0	0	0	0	0	0	0	0	0	0	S
NMDC20556558	0	0	0	0	0	0	0	0	0	0	S
NMDC20558565	0	0	0	0	0	0	0	0	0	0	S
NMDC20554564	0	0	0	0	0	0	0	0	0	0	S
NMDC20588573	0	0	1	0	0	0	0	0	0	0	S
NMDC20558567	0	0	0	0	0	0	0	0	0	0	S
NMDC20552564	0	0	0	0	0	0	0	0	0	0	S
NMDC20552565	0	0	0	0	0	0	0	0	0	0	S
NMDC20556559	0	0	0	0	0	0	0	0	0	0	S
NMDC20556560	0	0	0	0	0	0	0	0	0	0	S
NMDC20588575	0	0	1	0	0	0	0	0	0	0	S
NMDC20554568	0	0	0	0	0	0	0	0	0	0	S
NMDC20554569	0	0	0	0	0	0	0	0	0	0	S
NMDC20588577	0	0	1	0	0	0	0	0	0	0	S
NMDC20588581	0	0	1	0	0	0	0	0	0	0	S
NMDC20588584	0	0	1	0	0	0	0	0	0	0	S
NMDC20588586	0	0	0	0	0	0	0	0	0	0	S
NMDC20588588	0	0	1	1	0	0	0	0	0	0	S
NMDC20588589	0	0	0	0	0	0	0	0	0	0	S
NMDC20588590	0	0	0	0	0	0	0	0	0	0	S
NMDC20588591	0	0	0	1	0	0	0	0	0	0	S
NMDC20588593	0	0	0	0	0	0	0	0	0	0	S
NMDC20552569	0	0	0	0	0	0	0	1	0	0	S
NMDC20554571	0	0	0	0	0	0	0	0	0	0	S
NMDC20588595	0	0	0	0	0	0	0	0	0	0	S
NMDC20588597	0	0	0	0	0	0	0	0	0	1	S
NMDC20588598	0	0	0	0	0	0	0	0	0	1	S
NMDC20588599	0	0	0	0	0	0	0	0	0	0	S
NMDC20588600	0	0	0	0	0	0	0	0	0	0	S
NMDC20588607	0	0	0	0	0	0	0	0	0	1	S
NMDC20556565	0	0	0	0	0	0	0	0	0	0	S
NMDC20588613	0	0	0	0	0	0	0	0	0	0	S
NMDC20588614	0	0	0	0	0	0	0	0	0	1	S
NMDC20588617	0	0	0	0	0	0	0	0	0	0	S
NMDC20552575	0	0	0	0	0	0	0	0	0	0	S
NMDC20554575	0	0	0	0	0	0	0	0	0	0	S
NMDC20588626	0	0	0	0	0	0	0	0	0	0	S
NMDC20588628	0	0	0	0	0	0	0	0	0	0	S
NMDC20558576	0	0	0	0	0	0	0	0	0	0	S
NMDC20554580	0	0	1	0	0	0	0	0	0	0	S
NMDC20588633	0	0	0	0	0	0	0	0	0	0	S
NMDC20552616	0	0	0	0	0	0	0	0	0	0	S
NMDC20588832	0	0	0	0	0	0	0	0	0	0	S
NMDC20552604	0	0	0	0	0	0	0	0	0	0	S
NMDC20556601	0	0	0	0	0	0	0	0	0	0	S
NMDC20588838	0	0	0	0	0	0	0	0	0	0	S
NMDC20554607	0	0	0	0	0	0	0	0	0	0	S
NMDC20552607	0	0	1	1	0	0	0	0	0	0	S
NMDC20588840	0	0	0	0	0	0	0	0	0	0	S
NMDC20588843	0	0	0	0	0	0	0	0	0	0	S
NMDC20588844	0	0	0	0	0	0	0	0	0	0	S
NMDC20558614	0	0	0	1	0	0	0	0	0	0	S
NMDC20558616	0	0	0	1	0	0	0	0	0	0	S
NMDC20588852	0	0	0	0	0	0	0	0	0	0	S
NMDC20588854	0	0	0	0	0	0	0	0	0	0	S
NMDC20556605	1	0	0	1	0	0	0	0	0	1	S
NMDC20558618	0	0	0	0	0	0	0	0	0	0	S
NMDC20556609	0	0	1	0	0	0	0	0	0	0	S
NMDC20588858	0	0	0	0	0	0	0	0	0	0	S
NMDC20552613	0	0	1	0	0	0	0	0	0	0	S
NMDC20552614	0	0	0	0	0	0	0	0	0	0	S
NMDC20558621	0	0	0	0	0	0	0	0	0	0	S
NMDC20552618	1	0	0	1	0	0	0	0	0	0	S
NMDC20588865	0	0	0	0	0	0	0	0	0	0	S
NMDC20588868	0	0	0	0	0	0	0	0	0	0	S
NMDC20558625	0	0	0	1	0	0	0	0	0	0	S
NMDC20588874	0	0	0	1	0	0	0	0	0	0	S
NMDC20558627	0	0	0	0	0	0	0	0	0	0	S
NMDC20556618	0	0	0	1	0	0	0	0	0	0	S
NMDC20556616	0	0	0	0	0	0	0	0	0	0	S
NMDC20552621	0	0	0	0	0	0	0	0	0	0	S
NMDC20588883	0	0	1	0	0	0	0	0	0	0	S
NMDC20588885	0	0	0	1	0	0	0	0	0	0	S
NMDC20588887	1	0	0	0	0	0	0	0	0	0	S
NMDC20556623	0	0	0	1	0	0	0	0	0	0	S
NMDC20588892	0	0	0	0	0	0	0	0	0	0	S
NMDC20554627	0	0	0	0	0	0	0	0	0	0	S
NMDC20558633	0	0	0	0	0	0	0	0	0	0	S
NMDC20558634	0	0	0	0	0	0	0	0	0	0	S
NMDC20552627	0	0	0	0	0	0	0	0	0	0	S
NMDC20558635	0	0	0	0	0	0	0	0	0	0	S
NMDC20588898	0	0	0	0	0	0	0	0	0	0	S
NMDC20588901	0	0	0	0	0	0	0	0	0	0	S
NMDC20588903	0	0	0	0	0	0	0	0	0	0	S
NMDC20554629	0	0	0	0	0	0	0	0	0	0	S
NMDC20588904	0	0	0	0	0	0	0	0	0	0	S
NMDC20554630	0	0	0	0	0	0	0	0	0	0	S
NMDC20552629	0	0	0	0	0	0	0	0	0	0	S
NMDC20556630	0	0	0	0	0	0	0	0	0	0	S
NMDC20588906	0	0	0	0	0	0	0	0	0	0	S
NMDC20556632	0	0	0	0	0	0	0	0	0	0	S
NMDC20552631	0	0	0	0	0	0	0	0	0	0	S
NMDC20588908	0	0	0	0	0	0	0	0	0	0	S
NMDC20588909	0	0	0	0	0	0	0	0	0	0	S
NMDC20588910	0	0	0	0	0	0	0	0	0	0	S
NMDC20588911	0	0	0	0	0	0	0	0	0	1	S
NMDC20588914	0	0	0	0	0	0	0	0	0	0	S
NMDC20588916	0	0	0	0	0	0	0	0	0	0	S
NMDC20588923	0	0	0	0	0	0	0	0	0	0	S
NMDC20552634	0	0	0	0	0	0	0	0	0	0	S
NMDC20552635	0	0	0	0	0	0	0	0	0	0	S
NMDC20554642	0	0	0	0	0	0	0	0	0	0	S
NMDC20588925	0	0	0	0	0	0	0	0	0	0	S
NMDC20556639	0	0	0	0	0	0	0	0	0	0	S
NMDC20556644	0	0	0	1	0	0	0	0	0	0	S
NMDC20588926	0	0	0	0	0	0	0	0	0	0	S
NMDC20556642	0	0	0	0	0	0	0	0	0	0	S
NMDC20558641	0	0	0	0	0	0	0	0	0	0	S
NMDC20552638	0	0	0	0	0	0	0	0	0	0	S
NMDC20558643	0	0	0	0	0	0	0	0	0	0	S
NMDC20588933	1	0	1	1	0	0	0	0	0	1	S
NMDC20556645	0	0	0	0	0	0	0	0	0	0	S
NMDC20552640	0	0	0	0	0	0	0	0	0	0	S
NMDC20588935	0	0	0	0	0	0	0	0	0	0	S
NMDC20588938	0	0	0	0	0	0	0	0	0	0	S
NMDC20588941	1	1	0	1	0	0	1	0	0	1	S
NMDC20588943	0	0	0	0	0	0	0	0	0	0	S
NMDC20552648	0	0	0	0	0	0	0	0	0	0	S
NMDC20588946	0	0	0	0	0	0	0	0	0	0	S
NMDC20554649	0	0	0	0	0	0	0	0	0	0	S
NMDC20556653	0	0	0	0	0	0	0	0	0	0	S
NMDC20552649	0	0	1	1	0	0	0	0	0	0	S
NMDC20588952	0	0	0	0	0	0	0	0	0	0	S
NMDC20554654	0	0	1	1	0	0	0	0	0	0	S
NMDC20588954	0	0	1	0	0	0	0	0	0	0	S
NMDC20556656	0	0	0	0	0	0	0	0	0	0	S
NMDC20558656	0	0	0	0	0	0	0	0	0	0	S
NMDC20554657	0	0	0	0	0	0	0	0	0	0	S
NMDC20556657	0	0	0	0	0	0	0	0	0	0	S
NMDC20552654	0	0	1	0	0	0	0	0	0	0	S
NMDC20552656	0	0	0	0	0	0	0	0	0	0	S
NMDC20588967	0	0	0	0	0	0	0	0	0	0	S
NMDC20588970	0	0	0	0	0	0	0	0	0	0	S
NMDC20552658	0	0	0	0	0	0	0	0	0	0	S
NMDC20588973	0	0	0	0	0	0	0	0	0	0	S
NMDC20588977	0	0	0	0	0	0	0	0	0	0	S
NMDC20556661	0	0	1	0	0	0	0	0	0	0	S
NMDC20556662	0	0	0	0	0	0	0	0	0	0	S
NMDC20554661	0	0	1	1	0	0	0	0	0	0	S
NMDC20588978	0	0	0	0	0	0	0	0	0	0	S
NMDC20554662	0	0	0	0	0	0	0	0	0	0	S
NMDC20588984	0	0	0	0	0	0	0	0	0	0	S
NMDC20558663	0	0	1	0	0	0	0	0	0	0	S
NMDC20554665	0	0	0	0	0	0	0	0	0	0	S
NMDC20554666	0	0	0	0	0	0	0	0	0	0	S
NMDC20554667	0	0	0	0	0	0	0	0	0	0	S
NMDC20588987	0	0	0	1	0	0	0	0	0	0	S
NMDC20588996	0	0	0	0	0	0	0	0	0	0	S
NMDC20588997	0	0	0	0	0	0	0	0	0	0	S
NMDC20588998	0	0	0	0	0	0	0	0	0	0	S
NMDC20588999	0	0	0	0	0	0	0	0	0	0	S
NMDC20589002	0	0	0	0	0	0	0	0	0	0	S
NMDC20589003	0	0	0	0	0	0	0	0	0	0	S
NMDC20589005	0	0	0	0	0	0	0	0	0	0	S
NMDC20589009	1	0	0	0	0	0	0	0	0	0	S
