	tetracycline_efflux_MFS_transporter_Tet(B)	tetracycline_repressor_protein_class_A(tetR)	tetracycline_efflux_MFS_transporter_Tet(G)	tetracycline_resistance_transcriptional_repressor_TetR(G)	tetracycline_efflux_MFS_transporter_Tet(D)	Group
NMDC20552804	0	0	0	0	1	R
NMDC20582474	0	0	0	0	0	R
NMDC20554778	0	1	0	0	0	R
NMDC20582475	1	0	0	0	0	R
NMDC20582476	0	0	0	0	0	R
NMDC20582477	1	0	0	0	0	R
NMDC20582478	1	0	0	0	0	R
NMDC20582479	1	1	0	0	0	R
NMDC20582480	1	0	0	0	0	R
NMDC20582481	1	1	0	0	0	R
NMDC20582482	1	0	0	0	0	R
NMDC20552805	1	1	0	0	0	R
NMDC20554779	1	1	0	0	0	R
NMDC20550794	0	0	0	0	0	R
NMDC20582484	0	1	0	0	0	R
NMDC20582485	1	0	0	0	0	R
NMDC20582486	1	0	0	0	0	R
NMDC20582487	0	1	0	0	0	R
NMDC20582490	1	0	0	0	0	R
NMDC20582493	1	0	0	0	0	R
NMDC20554780	1	0	0	0	0	R
NMDC20550796	1	0	0	0	0	R
NMDC20554781	1	0	0	0	0	R
NMDC20582494	0	0	0	0	0	R
NMDC20582495	0	1	0	0	0	R
NMDC20582496	0	0	0	0	0	R
NMDC20582497	1	0	0	0	0	R
NMDC20554782	0	1	0	0	0	R
NMDC20582499	0	0	0	0	1	R
NMDC20582501	1	0	0	0	0	R
NMDC20556808	0	0	0	0	0	R
NMDC20582502	1	0	0	0	0	R
NMDC20582504	0	1	0	0	0	R
NMDC20582505	0	0	0	0	0	R
NMDC20582506	1	0	0	0	0	R
NMDC20582507	1	0	0	0	0	R
NMDC20554783	1	0	0	0	0	R
NMDC20582508	1	0	0	0	0	R
NMDC20582511	0	0	0	0	1	R
NMDC20552807	0	0	0	0	0	R
NMDC20582512	0	1	0	0	0	R
NMDC20582513	1	0	0	0	0	R
NMDC20554784	0	1	0	0	0	R
NMDC20556809	0	0	0	0	0	R
NMDC20550797	1	0	0	0	0	R
NMDC20582514	0	1	0	0	0	R
NMDC20582516	0	1	0	0	0	R
NMDC20582517	0	1	0	0	0	R
NMDC20582518	0	1	0	0	0	R
NMDC20582519	1	0	0	0	0	R
NMDC20554785	0	1	0	0	0	R
NMDC20582522	0	1	0	0	0	R
NMDC20582523	1	0	0	0	0	R
NMDC20582525	0	0	0	0	0	R
NMDC20582529	0	0	0	0	0	R
NMDC20582530	0	0	0	0	0	R
NMDC20582531	0	1	0	0	0	R
NMDC20582532	0	1	0	0	0	R
NMDC20582535	0	1	0	0	0	R
NMDC20582536	0	1	0	0	0	R
NMDC20552808	1	0	0	0	0	R
NMDC20556810	0	1	0	0	0	R
NMDC20550798	1	0	0	0	0	R
NMDC20582537	1	1	0	0	0	R
NMDC20582538	1	0	0	0	0	R
NMDC20582539	1	0	0	0	0	R
NMDC20554786	1	0	0	0	0	R
NMDC20582540	0	1	0	0	0	R
NMDC20582541	1	0	0	0	0	R
NMDC20582542	1	0	0	0	0	R
NMDC20556812	1	0	0	0	0	R
NMDC20582543	1	0	0	0	0	R
NMDC20554787	1	0	0	0	0	R
NMDC20552809	1	0	0	0	0	R
NMDC20582544	1	0	0	0	0	R
NMDC20582548	0	0	0	0	0	R
NMDC20582549	0	1	0	0	0	R
NMDC20582550	0	1	0	0	0	R
NMDC20582551	0	0	0	0	0	R
NMDC20582552	0	0	0	0	0	R
NMDC20582553	1	0	0	0	0	R
NMDC20582554	0	0	0	0	0	R
NMDC20582555	1	0	0	0	0	R
NMDC20582557	0	0	0	0	0	R
NMDC20582558	1	0	0	0	0	R
NMDC20582560	1	0	0	0	0	R
NMDC20582561	0	0	0	0	0	R
NMDC20582562	0	1	0	0	0	R
NMDC20550800	0	1	0	0	0	R
NMDC20582563	0	1	0	0	0	R
NMDC20556813	0	1	0	0	0	R
NMDC20550801	0	1	0	0	0	R
NMDC20582564	0	0	0	0	0	R
NMDC20582565	0	0	0	0	1	R
NMDC20582566	0	0	0	0	0	R
NMDC20554790	0	1	0	0	0	R
NMDC20582567	0	1	0	0	0	R
NMDC20582568	1	0	0	0	0	R
NMDC20552811	0	0	0	0	0	R
NMDC20582569	0	1	0	0	0	R
NMDC20582570	0	1	0	0	0	R
NMDC20550802	0	1	0	0	0	R
NMDC20554791	0	0	0	0	0	R
NMDC20582572	0	0	0	0	0	R
NMDC20582573	0	1	0	0	0	R
NMDC20582574	0	1	0	0	0	R
NMDC20582575	0	1	0	0	0	R
NMDC20582576	0	0	0	0	0	R
NMDC20556815	0	1	0	0	0	R
NMDC20582577	0	0	0	0	0	R
NMDC20582578	0	1	0	0	0	R
NMDC20582579	0	0	0	0	0	R
NMDC20582580	0	0	0	0	0	R
NMDC20552812	0	1	0	0	0	R
NMDC20582581	0	1	0	0	0	R
NMDC20582582	0	1	0	0	0	R
NMDC20582584	0	1	0	0	0	R
NMDC20582585	0	1	0	0	0	R
NMDC20582586	1	1	0	0	0	R
NMDC20554792	0	1	0	0	0	R
NMDC20582588	0	1	0	0	0	R
NMDC20582593	1	0	0	0	0	R
NMDC20556816	1	0	0	0	0	R
NMDC20550803	0	0	0	0	1	R
NMDC20582594	0	1	0	0	0	R
NMDC20554793	1	0	0	0	0	R
NMDC20582595	0	1	0	0	0	R
NMDC20582596	0	1	0	0	0	R
NMDC20582597	1	0	0	0	0	R
NMDC20554795	0	1	0	0	0	R
NMDC20582599	0	1	0	0	0	R
NMDC20582600	0	1	0	0	0	R
NMDC20582601	1	0	0	0	0	R
NMDC20582602	0	1	0	0	0	R
NMDC20554796	0	1	0	0	0	R
NMDC20582603	1	0	0	0	0	R
NMDC20582604	0	0	1	1	0	R
NMDC20582605	0	1	0	0	0	R
NMDC20582607	1	0	0	0	0	R
NMDC20582608	0	0	0	0	0	R
NMDC20582609	0	1	0	0	0	R
NMDC20582611	0	1	0	0	0	R
NMDC20582612	0	1	0	0	0	R
NMDC20582613	0	1	0	0	0	R
NMDC20582614	0	1	0	0	0	R
NMDC20582615	0	1	0	0	0	R
NMDC20582616	0	0	0	0	0	R
NMDC20582619	1	1	0	0	0	R
NMDC20556818	1	0	0	0	0	R
NMDC20552896	1	1	0	0	0	R
NMDC20582804	0	1	0	0	0	R
NMDC20552897	0	1	0	0	0	R
NMDC20582805	0	1	0	0	0	R
NMDC20582808	0	0	0	0	0	R
NMDC20582809	0	1	0	0	0	R
NMDC20582810	1	1	0	0	0	R
NMDC20556881	1	1	0	0	0	R
NMDC20582811	1	0	0	0	0	R
NMDC20556882	1	0	0	0	0	R
NMDC20554869	1	1	0	0	0	R
NMDC20582812	1	0	0	0	0	R
NMDC20554870	1	0	0	0	0	R
NMDC20556883	0	1	0	0	0	R
NMDC20556885	0	1	0	0	0	R
NMDC20550880	0	1	0	0	0	R
NMDC20556886	0	0	0	0	1	R
NMDC20556887	1	0	0	0	0	R
NMDC20552900	0	1	0	0	0	R
NMDC20582819	0	1	0	0	0	R
NMDC20554872	0	1	0	0	0	R
NMDC20554873	0	1	0	0	0	R
NMDC20552902	0	0	0	0	0	R
NMDC20582820	1	0	0	0	1	R
NMDC20550883	1	0	0	0	0	R
NMDC20552903	1	0	0	0	0	R
NMDC20552904	1	0	0	0	0	R
NMDC20554875	1	0	0	0	0	R
NMDC20556888	1	1	0	0	0	R
NMDC20552907	1	0	0	0	0	R
NMDC20582827	1	1	0	0	0	R
NMDC20556889	0	1	0	0	0	R
NMDC20582828	1	0	0	0	0	R
NMDC20550885	1	1	0	0	0	R
NMDC20552906	0	1	0	0	0	R
NMDC20582829	1	1	0	0	0	R
NMDC20550886	0	1	0	0	0	R
NMDC20550888	1	1	0	0	0	R
NMDC20582830	1	0	0	0	0	R
NMDC20556891	1	1	0	0	0	R
NMDC20552908	1	0	0	0	0	R
NMDC20550887	1	0	0	0	0	R
NMDC20552909	1	0	0	0	0	R
NMDC20550890	1	1	0	0	0	R
NMDC20582834	1	0	0	0	0	R
NMDC20550892	0	1	0	0	0	R
NMDC20582835	1	1	0	0	0	R
NMDC20554878	1	0	0	0	0	R
NMDC20552911	0	1	0	0	0	R
NMDC20550893	1	1	0	0	0	R
NMDC20582836	0	1	0	0	0	R
NMDC20554879	0	1	0	0	0	R
NMDC20552910	1	0	0	0	0	R
NMDC20556894	1	0	0	0	0	R
NMDC20556896	1	0	0	0	0	R
NMDC20550898	0	1	0	0	0	R
NMDC20552916	1	0	0	0	0	R
NMDC20554882	0	1	0	0	0	R
NMDC20550900	0	1	0	0	0	R
NMDC20556900	0	1	0	0	0	R
NMDC20550903	1	0	0	0	0	R
NMDC20552919	1	0	0	0	0	R
NMDC20582845	1	0	0	0	0	R
NMDC20556903	0	1	0	0	0	R
NMDC20582846	1	0	0	0	0	R
NMDC20552920	0	0	0	0	0	R
NMDC20556904	1	0	0	0	0	R
NMDC20556905	1	0	0	0	0	R
NMDC20582847	0	1	0	0	1	R
NMDC20556907	0	0	0	0	0	R
NMDC20552921	0	1	0	0	0	R
NMDC20554883	0	1	0	0	0	R
NMDC20554884	1	0	0	0	0	R
NMDC20582848	1	0	0	0	0	R
NMDC20582850	1	0	0	0	0	R
NMDC20582851	0	1	0	0	0	R
NMDC20556910	0	1	0	0	0	R
NMDC20556911	1	1	0	0	0	R
NMDC20556912	0	1	0	0	0	R
NMDC20582853	1	0	0	0	0	R
NMDC20550905	1	0	0	0	0	R
NMDC20550906	1	0	0	0	0	R
NMDC20550907	1	0	0	0	0	R
NMDC20552923	1	0	0	0	0	R
NMDC20550908	0	1	0	0	0	R
NMDC20550909	1	0	0	0	0	R
NMDC20556914	1	0	0	0	0	R
NMDC20582854	1	0	0	0	0	R
NMDC20550910	1	0	0	0	0	R
NMDC20552924	0	1	0	0	0	R
NMDC20552925	1	0	0	0	0	R
NMDC20582857	1	0	0	0	0	R
NMDC20552926	0	1	0	0	0	R
NMDC20550911	0	1	0	0	0	R
NMDC20550912	1	0	0	0	0	R
NMDC20552928	1	0	0	0	0	R
NMDC20556915	1	0	0	0	0	R
NMDC20554890	1	0	0	0	0	R
NMDC20554891	0	1	0	0	0	R
NMDC20550914	1	0	0	0	0	R
NMDC20582863	1	0	0	0	0	R
NMDC20582864	0	1	0	0	0	R
NMDC20552929	0	0	0	0	0	R
NMDC20554892	0	0	0	0	0	R
NMDC20552932	0	1	0	0	0	R
NMDC20550916	0	1	0	0	0	R
NMDC20554893	1	0	0	0	0	R
NMDC20552930	0	0	0	0	0	R
NMDC20582866	1	0	0	0	0	R
NMDC20556916	0	1	0	0	0	R
NMDC20552931	0	1	0	0	0	R
NMDC20582868	1	0	0	0	0	R
NMDC20552933	0	1	0	0	0	R
NMDC20556917	0	1	0	0	0	R
NMDC20582870	1	0	0	0	0	R
NMDC20582871	0	1	0	0	0	R
NMDC20556918	1	0	0	0	0	R
NMDC20582872	1	0	0	0	0	R
NMDC20554895	0	1	0	0	0	R
NMDC20554896	0	1	0	0	0	R
NMDC20556919	0	1	0	0	0	R
NMDC20582873	0	0	0	0	0	R
NMDC20554897	1	0	0	0	0	R
NMDC20582874	1	0	0	0	0	R
NMDC20552935	1	0	0	0	0	R
NMDC20554898	1	0	0	0	0	R
NMDC20554899	0	1	0	0	0	R
NMDC20582876	0	0	0	0	0	R
NMDC20582879	1	0	0	0	0	R
NMDC20582880	0	0	0	0	0	R
NMDC20552936	1	0	0	0	0	R
NMDC20552937	1	0	0	0	0	R
NMDC20550919	1	1	0	0	0	R
NMDC20552938	0	1	0	0	0	R
NMDC20552939	1	1	0	0	0	R
NMDC20552940	0	1	0	0	0	R
NMDC20550920	0	1	0	0	0	R
NMDC20582882	1	0	0	0	0	R
NMDC20582885	0	1	0	0	0	R
NMDC20582887	0	1	0	0	0	R
NMDC20582888	0	1	0	0	0	R
NMDC20582889	0	1	0	0	0	R
NMDC20582891	0	1	0	0	0	R
NMDC20582893	0	1	0	0	0	R
NMDC20582894	1	0	0	0	0	R
NMDC20582896	0	1	0	0	0	R
NMDC20582900	0	1	0	0	0	R
NMDC20582907	0	0	0	0	0	R
NMDC20582908	0	1	0	0	0	R
NMDC20583314	0	1	0	0	0	R
NMDC20553111	0	1	0	0	0	R
NMDC20553112	1	0	0	0	0	R
NMDC20583315	0	1	0	0	0	R
NMDC20555072	1	0	0	0	0	R
NMDC20583316	1	1	0	0	0	R
NMDC20551077	1	0	0	0	0	R
NMDC20557091	0	1	0	0	0	R
NMDC20583317	0	1	0	0	0	R
NMDC20555075	0	1	0	0	0	R
NMDC20557092	0	1	0	0	0	R
NMDC20551078	0	1	0	0	0	R
NMDC20553114	0	1	0	0	0	R
NMDC20555077	0	1	0	0	0	R
NMDC20583330	0	1	0	0	0	R
NMDC20583334	0	1	0	0	0	R
NMDC20583335	0	1	0	0	0	R
NMDC20583336	0	1	0	0	0	R
NMDC20583338	0	1	0	0	0	R
NMDC20583340	0	1	0	0	0	R
NMDC20583341	0	1	0	0	0	R
NMDC20583342	0	1	0	0	0	R
NMDC20583346	0	1	0	0	0	R
NMDC20583347	0	1	0	0	0	R
NMDC20583349	0	1	0	0	0	R
NMDC20583351	0	1	0	0	0	R
NMDC20583353	1	0	0	0	0	R
NMDC20584429	0	1	0	0	0	R
NMDC20584436	0	1	0	0	0	R
NMDC20584438	0	1	0	0	0	R
NMDC20584445	0	1	0	0	0	R
NMDC20584446	0	1	0	0	0	R
NMDC20584447	0	1	0	0	0	R
NMDC20584448	0	1	0	0	0	R
NMDC20584449	0	1	0	0	0	R
NMDC20584450	0	1	0	0	0	R
NMDC20584451	0	1	0	0	0	R
NMDC20584453	0	1	0	0	0	R
NMDC20584454	0	1	0	0	0	R
NMDC20584455	0	1	0	0	0	R
NMDC20584456	0	1	0	0	0	R
NMDC20584457	0	1	0	0	0	R
NMDC20584458	0	1	0	0	0	R
NMDC20584460	0	0	0	0	0	R
NMDC20584461	0	1	0	0	0	R
NMDC20584462	0	1	0	0	0	R
NMDC20584463	0	1	0	0	0	R
NMDC20584464	0	1	0	0	0	R
NMDC20584465	0	1	0	0	0	R
NMDC20584466	0	1	0	0	0	R
NMDC20584467	0	1	0	0	0	R
NMDC20584468	0	1	0	0	0	R
NMDC20584469	0	1	0	0	0	R
NMDC20584471	0	0	1	1	0	R
NMDC20584472	0	1	0	0	0	R
NMDC20584473	0	1	0	0	0	R
NMDC20584475	0	1	0	0	0	R
NMDC20584476	0	1	0	0	0	R
NMDC20584477	0	1	0	0	0	R
NMDC20584478	0	1	0	0	0	R
NMDC20584480	0	1	0	0	0	R
NMDC20584482	0	1	0	0	0	R
NMDC20584483	0	1	0	0	0	R
NMDC20584484	0	1	0	0	0	R
NMDC20584485	0	1	0	0	0	R
NMDC20584486	0	1	0	0	0	R
NMDC20584487	0	1	0	0	0	R
NMDC20584488	0	1	0	0	0	R
NMDC20584489	0	1	0	0	0	R
NMDC20584490	0	1	0	0	0	R
NMDC20584491	0	1	0	0	0	R
NMDC20584493	0	1	0	0	0	R
NMDC20584494	0	1	0	0	0	R
NMDC20584495	0	1	0	0	0	R
NMDC20584497	0	1	0	0	0	R
NMDC20584498	0	1	0	0	0	R
NMDC20584499	0	1	0	0	0	R
NMDC20584500	0	1	0	0	0	R
NMDC20584501	0	1	0	0	0	R
NMDC20584502	0	1	0	0	0	R
NMDC20584504	0	1	0	0	0	R
NMDC20584507	0	1	0	0	0	R
NMDC20584508	0	1	0	0	0	R
NMDC20584509	0	1	0	0	0	R
NMDC20584510	0	1	0	0	0	R
NMDC20584513	0	1	0	0	0	R
NMDC20584517	0	1	0	0	0	R
NMDC20584520	0	1	0	0	0	R
NMDC20584521	0	1	0	0	0	R
NMDC20584524	0	1	0	0	0	R
NMDC20584529	0	1	0	0	0	R
NMDC20584530	0	1	0	0	0	R
NMDC20584532	0	1	0	0	0	R
NMDC20584533	0	1	0	0	0	R
NMDC20584536	0	1	0	0	0	R
NMDC20584538	0	1	0	0	0	R
NMDC20584539	0	1	0	0	0	R
NMDC20584541	0	1	0	0	0	R
NMDC20584542	0	1	0	0	0	R
NMDC20584543	0	1	0	0	0	R
NMDC20584545	0	1	0	0	0	R
NMDC20584546	0	1	0	0	0	R
NMDC20584547	0	1	0	0	0	R
NMDC20584548	0	1	0	0	0	R
NMDC20584549	0	1	0	0	0	R
NMDC20584550	0	1	0	0	0	R
NMDC20584551	0	1	0	0	0	R
NMDC20584552	0	1	0	0	0	R
NMDC20584553	0	1	0	0	0	R
NMDC20584554	0	1	0	0	0	R
NMDC20584555	0	1	0	0	0	R
NMDC20584558	0	1	0	0	0	R
NMDC20584559	0	1	0	0	0	R
NMDC20584560	0	1	0	0	0	R
NMDC20584561	0	1	0	0	0	R
NMDC20584562	0	1	0	0	0	R
NMDC20584563	0	1	0	0	0	R
NMDC20584564	0	1	0	0	0	R
NMDC20584565	0	1	0	0	0	R
NMDC20584567	0	1	0	0	0	R
NMDC20584569	0	1	0	0	0	R
NMDC20584570	0	1	0	0	0	R
NMDC20584571	0	1	0	0	0	R
NMDC20584572	0	1	0	0	0	R
NMDC20584573	0	1	0	0	0	R
NMDC20584574	0	1	0	0	0	R
NMDC20584575	0	1	0	0	0	R
NMDC20584577	0	1	0	0	0	R
NMDC20584578	0	1	0	0	0	R
NMDC20584579	0	1	0	0	0	R
NMDC20584580	0	1	0	0	0	R
NMDC20584582	0	1	0	0	0	R
NMDC20584586	0	1	0	0	0	R
NMDC20584588	0	1	0	0	0	R
NMDC20584589	0	1	0	0	0	R
NMDC20584592	0	1	0	0	0	R
NMDC20584593	0	1	0	0	0	R
NMDC20584595	0	1	0	0	0	R
NMDC20584596	0	1	0	0	0	R
NMDC20584599	0	1	0	0	0	R
NMDC20584601	0	1	0	0	0	R
NMDC20584602	0	1	0	0	0	R
NMDC20584604	0	1	0	0	0	R
NMDC20584605	0	1	0	0	0	R
NMDC20584607	0	1	0	0	0	R
NMDC20584608	0	1	0	0	0	R
NMDC20584609	0	1	0	0	0	R
NMDC20584610	0	1	0	0	0	R
NMDC20584611	0	1	0	0	0	R
NMDC20584612	0	1	0	0	0	R
NMDC20584613	0	1	0	0	0	R
NMDC20584614	0	1	0	0	0	R
NMDC20584615	0	1	0	0	0	R
NMDC20584616	0	1	0	0	0	R
NMDC20584619	0	1	0	0	0	R
NMDC20584620	0	1	0	0	0	R
NMDC20584621	0	1	0	0	0	R
NMDC20584622	0	1	0	0	0	R
NMDC20584623	0	1	0	0	0	R
NMDC20584624	0	1	0	0	0	R
NMDC20584625	0	1	0	0	0	R
NMDC20584627	0	1	0	0	0	R
NMDC20584628	0	1	0	0	0	R
NMDC20584632	0	1	0	0	0	R
NMDC20584633	0	1	0	0	0	R
NMDC20584634	0	1	0	0	0	R
NMDC20584639	0	1	0	0	0	R
NMDC20584642	0	1	0	0	0	R
NMDC20584643	0	1	0	0	0	R
NMDC20584644	0	1	0	0	0	R
NMDC20584646	0	1	0	0	0	R
NMDC20584647	1	0	0	0	0	R
NMDC20584649	0	1	0	0	0	R
NMDC20584650	0	1	0	0	0	R
NMDC20584654	0	1	0	0	0	R
NMDC20584655	0	0	0	0	0	R
NMDC20584656	0	1	0	0	0	R
NMDC20584657	0	1	0	0	0	R
NMDC20584659	0	1	0	0	0	R
NMDC20584662	0	1	0	0	0	R
NMDC20584663	0	1	0	0	0	R
NMDC20584664	0	1	0	0	0	R
NMDC20584665	0	1	0	0	0	R
NMDC20584667	0	1	0	0	0	R
NMDC20584668	0	1	0	0	0	R
NMDC20584670	0	1	0	0	0	R
NMDC20584672	0	1	0	0	0	R
NMDC20584674	0	0	0	0	0	R
NMDC20584675	0	1	0	0	0	R
NMDC20584676	0	1	0	0	0	R
NMDC20584677	0	1	0	0	0	R
NMDC20584681	0	1	0	0	0	R
NMDC20584685	0	1	0	0	0	R
NMDC20584686	0	1	0	0	0	R
NMDC20584688	0	1	0	0	0	R
NMDC20584690	0	1	0	0	0	R
NMDC20584695	0	1	0	0	0	R
NMDC20584699	0	1	0	0	0	R
NMDC20584700	1	0	0	0	0	R
NMDC20584701	0	1	0	0	0	R
NMDC20584703	0	1	0	0	0	R
NMDC20584707	0	1	0	0	0	R
NMDC20584708	0	1	0	0	0	R
NMDC20584713	0	0	0	0	0	R
NMDC20584714	0	1	0	0	0	R
NMDC20584715	0	0	0	0	0	R
NMDC20584717	0	1	0	0	0	R
NMDC20584720	0	1	0	0	0	R
NMDC20584723	0	0	0	0	0	R
NMDC20584726	0	1	0	0	0	R
NMDC20584729	0	0	0	0	0	R
NMDC20584730	0	1	0	0	0	R
NMDC20584732	0	1	0	0	0	R
NMDC20584733	0	1	0	0	0	R
NMDC20584734	0	1	0	0	0	R
NMDC20584735	0	1	0	0	0	R
NMDC20584736	0	1	0	0	0	R
NMDC20584738	0	1	0	0	0	R
NMDC20584739	0	1	0	0	0	R
NMDC20584742	0	1	0	0	0	R
NMDC20584744	0	1	0	0	0	R
NMDC20584745	0	1	0	0	0	R
NMDC20584746	0	1	0	0	0	R
NMDC20584747	0	1	0	0	0	R
NMDC20584749	0	1	0	0	0	R
NMDC20584753	0	1	0	0	0	R
NMDC20584754	0	1	0	0	0	R
NMDC20584756	0	1	0	0	0	R
NMDC20584758	0	1	0	0	0	R
NMDC20584761	0	1	0	0	0	R
NMDC20584762	0	1	0	0	0	R
NMDC20584763	0	1	0	0	0	R
NMDC20584764	0	1	0	0	0	R
NMDC20584766	0	0	0	0	0	R
NMDC20584770	0	1	0	0	0	R
NMDC20584771	0	1	0	0	0	R
NMDC20584773	0	1	0	0	0	R
NMDC20584776	0	1	0	0	0	R
NMDC20584778	0	1	0	0	0	R
NMDC20584779	0	0	1	1	0	R
NMDC20584781	0	1	0	0	0	R
NMDC20584782	0	1	0	0	0	R
NMDC20584783	0	1	0	0	0	R
NMDC20584784	0	1	0	0	0	R
NMDC20584789	1	0	0	0	0	R
NMDC20584790	0	1	0	0	0	R
NMDC20584791	0	1	0	0	0	R
NMDC20584792	0	1	0	0	0	R
NMDC20584793	0	1	0	0	0	R
NMDC20584794	0	1	0	0	0	R
NMDC20584796	0	1	0	0	0	R
NMDC20584800	0	1	0	0	0	R
NMDC20584802	0	1	0	0	0	R
NMDC20584803	0	1	0	0	0	R
NMDC20584804	0	1	0	0	0	R
NMDC20584805	0	1	0	0	0	R
NMDC20584806	0	1	0	0	0	R
NMDC20584807	0	1	0	0	0	R
NMDC20584809	0	1	0	0	0	R
NMDC20584810	0	1	0	0	0	R
NMDC20584811	0	1	0	0	0	R
NMDC20584813	0	1	0	0	0	R
NMDC20584814	0	1	0	0	0	R
NMDC20584816	0	1	0	0	0	R
NMDC20584817	0	1	0	0	0	R
NMDC20584818	0	1	0	0	0	R
NMDC20584826	0	1	0	0	0	R
NMDC20584833	0	1	0	0	0	R
NMDC20584837	0	1	0	0	0	R
NMDC20584838	0	1	0	0	0	R
NMDC20584839	0	1	0	0	0	R
NMDC20584840	0	1	0	0	0	R
NMDC20584841	0	1	0	0	0	R
NMDC20584842	0	1	0	0	0	R
NMDC20584844	0	1	0	0	0	R
NMDC20584847	0	0	0	0	0	R
NMDC20584848	0	1	0	0	0	R
NMDC20584849	0	1	0	0	0	R
NMDC20584850	0	1	0	0	0	R
NMDC20584851	0	1	0	0	0	R
NMDC20584854	0	1	0	0	0	R
NMDC20584855	0	1	0	0	0	R
NMDC20584857	0	1	0	0	0	R
NMDC20584861	0	1	0	0	0	R
NMDC20584862	0	1	0	0	0	R
NMDC20584863	0	1	0	0	0	R
NMDC20584864	0	1	0	0	0	R
NMDC20584868	0	1	0	0	0	R
NMDC20584869	0	1	0	0	0	R
NMDC20584870	0	0	0	0	0	R
NMDC20584871	0	0	0	0	0	R
NMDC20584877	0	1	0	0	0	R
NMDC20584880	0	0	0	0	0	R
NMDC20584885	0	1	0	0	0	R
NMDC20584886	0	1	0	0	0	R
NMDC20584887	0	1	0	0	0	R
NMDC20584888	0	1	0	0	0	R
NMDC20584896	0	1	0	0	0	R
NMDC20584898	0	1	0	0	0	R
NMDC20585323	0	1	0	0	0	R
NMDC20585324	0	0	0	0	0	R
NMDC20555574	0	1	0	0	0	R
NMDC20557614	1	1	0	0	0	R
NMDC20585325	0	1	0	0	0	R
NMDC20553584	1	0	0	0	0	R
NMDC20551539	0	1	0	0	0	R
NMDC20557615	1	0	0	0	0	R
NMDC20585326	0	1	0	0	0	R
NMDC20551540	1	1	0	0	0	R
NMDC20585328	0	1	0	0	0	R
NMDC20553586	0	1	0	0	0	R
NMDC20551542	0	1	0	0	0	R
NMDC20555579	0	1	0	0	0	R
NMDC20585330	0	1	0	0	0	R
NMDC20585331	0	1	0	0	0	R
NMDC20585343	0	1	0	0	0	R
NMDC20585344	0	1	0	0	0	R
NMDC20553587	0	1	0	0	0	R
NMDC20551544	0	1	0	0	0	R
NMDC20551545	0	0	0	0	1	R
NMDC20555582	0	1	0	0	0	R
NMDC20553589	0	1	0	0	0	R
NMDC20551547	0	1	0	0	0	R
NMDC20555583	0	1	0	0	0	R
NMDC20555584	1	0	0	0	0	R
NMDC20585352	0	1	0	0	0	R
NMDC20585354	0	1	0	0	0	R
NMDC20551548	1	0	0	0	0	R
NMDC20553591	0	1	0	0	0	R
NMDC20553592	0	1	0	0	0	R
NMDC20555585	0	1	0	0	0	R
NMDC20553593	0	1	0	0	0	R
NMDC20555587	0	1	0	0	0	R
NMDC20553594	0	1	0	0	0	R
NMDC20585357	1	0	0	0	0	R
NMDC20557621	1	0	0	0	0	R
NMDC20555588	1	0	0	0	0	R
NMDC20585359	0	1	0	0	0	R
NMDC20585360	1	0	0	0	0	R
NMDC20585361	0	1	0	0	0	R
NMDC20557622	1	1	0	0	0	R
NMDC20585362	0	1	0	0	0	R
NMDC20585364	0	1	0	0	0	R
NMDC20585365	0	1	0	0	0	R
NMDC20557625	0	1	0	0	0	R
NMDC20585367	1	1	0	0	0	R
NMDC20551552	0	1	0	0	0	R
NMDC20557626	0	0	0	0	0	R
NMDC20585368	1	0	0	0	0	R
NMDC20553599	0	1	0	0	0	R
NMDC20553600	1	1	0	0	0	R
NMDC20555594	0	1	0	0	0	R
NMDC20555595	0	1	0	0	0	R
NMDC20551553	0	1	0	0	0	R
NMDC20585369	0	1	0	0	0	R
NMDC20551554	1	0	0	0	0	R
NMDC20585370	0	1	0	0	0	R
NMDC20585372	1	0	0	0	0	R
NMDC20585376	1	0	0	0	0	R
NMDC20557627	0	1	0	0	0	R
NMDC20585377	0	1	0	0	0	R
NMDC20557628	0	1	0	0	0	R
NMDC20585379	0	1	0	0	0	R
NMDC20555599	0	1	0	0	0	R
NMDC20585380	1	0	0	0	0	R
NMDC20585381	1	1	0	0	0	R
NMDC20557629	0	1	0	0	0	R
NMDC20585383	1	1	0	0	0	R
NMDC20585385	1	0	0	0	0	R
NMDC20555601	0	1	0	0	0	R
NMDC20557630	0	1	0	0	0	R
NMDC20553601	0	1	0	0	0	R
NMDC20557631	1	0	0	0	0	R
NMDC20585388	1	0	0	0	0	R
NMDC20555603	1	1	0	0	0	R
NMDC20557633	0	1	0	0	0	R
NMDC20585395	1	0	0	0	0	R
NMDC20555604	0	1	0	0	0	R
NMDC20553603	0	1	0	0	0	R
NMDC20585396	0	1	0	0	0	R
NMDC20557634	0	1	0	0	0	R
NMDC20585399	0	1	0	0	0	R
NMDC20553605	1	0	0	0	0	R
NMDC20553607	0	1	0	0	0	R
NMDC20551556	1	0	0	0	0	R
NMDC20557636	0	1	0	0	0	R
NMDC20553608	0	1	0	0	0	R
NMDC20557637	0	1	0	0	0	R
NMDC20551557	0	1	0	0	0	R
NMDC20555605	0	1	0	0	1	R
NMDC20585400	0	1	0	0	0	R
NMDC20585401	1	0	0	0	0	R
NMDC20585402	1	0	0	0	0	R
NMDC20555606	0	1	0	0	0	R
NMDC20553609	0	1	0	0	0	R
NMDC20585403	0	1	0	0	0	R
NMDC20555607	1	0	0	0	0	R
NMDC20551559	0	1	0	0	0	R
NMDC20551560	0	1	0	0	0	R
NMDC20585407	1	1	0	0	0	R
NMDC20553610	1	0	0	0	0	R
NMDC20551562	1	1	0	0	0	R
NMDC20551563	0	0	1	1	0	R
NMDC20585410	0	1	0	0	0	R
NMDC20585411	0	0	1	1	0	R
NMDC20585412	0	1	0	0	0	R
NMDC20585413	1	0	0	0	0	R
NMDC20553612	1	0	0	0	0	R
NMDC20557639	1	0	0	0	0	R
NMDC20585415	1	0	0	0	0	R
NMDC20585416	1	0	0	0	0	R
NMDC20585417	0	1	0	0	0	R
NMDC20555609	1	0	0	0	0	R
NMDC20585418	1	0	0	0	0	R
NMDC20585420	1	0	0	0	0	R
NMDC20553614	1	0	0	0	0	R
NMDC20557640	1	0	0	0	0	R
NMDC20553615	1	0	0	0	0	R
NMDC20555610	1	0	0	0	0	R
NMDC20585423	1	0	0	0	0	R
NMDC20585424	1	0	0	0	0	R
NMDC20553616	0	1	0	0	0	R
NMDC20557643	0	1	0	0	0	R
NMDC20551564	0	1	0	0	0	R
NMDC20557644	0	1	0	0	0	R
NMDC20585426	1	0	0	0	0	R
NMDC20551565	0	1	0	0	0	R
NMDC20585428	0	1	0	0	0	R
NMDC20555612	1	0	0	0	0	R
NMDC20585430	1	1	0	0	0	R
NMDC20551566	1	1	0	0	0	R
NMDC20585432	0	1	0	0	0	R
NMDC20585433	0	1	0	0	0	R
NMDC20553619	1	0	0	0	0	R
NMDC20553620	0	1	0	0	0	R
NMDC20557646	1	0	0	0	0	R
NMDC20557647	0	1	0	0	0	R
NMDC20553621	1	0	0	0	0	R
NMDC20551569	1	0	0	0	0	R
NMDC20585436	0	1	0	0	0	R
NMDC20585437	0	1	0	0	0	R
NMDC20585438	1	0	0	0	0	R
NMDC20557649	0	1	0	0	0	R
NMDC20585439	0	1	0	0	0	R
NMDC20585440	0	1	0	0	0	R
NMDC20585441	1	0	0	0	0	R
NMDC20551571	0	1	0	0	0	R
NMDC20585442	0	1	0	0	0	R
NMDC20553623	0	1	0	0	0	R
NMDC20555613	1	1	0	0	0	R
NMDC20557650	0	1	0	0	0	R
NMDC20555615	0	1	0	0	0	R
NMDC20551572	1	1	0	0	0	R
NMDC20585444	0	1	0	0	0	R
NMDC20551573	0	0	0	0	0	R
NMDC20585445	1	1	0	0	0	R
NMDC20585446	1	0	0	0	0	R
NMDC20585447	1	0	0	0	0	R
NMDC20551574	0	1	0	0	0	R
NMDC20557653	1	0	0	0	0	R
NMDC20551575	1	1	0	0	0	R
NMDC20585450	0	1	0	0	0	R
NMDC20555617	1	1	0	0	0	R
NMDC20585451	1	0	0	0	0	R
NMDC20555618	1	0	0	0	0	R
NMDC20555620	0	1	0	0	0	R
NMDC20553627	0	1	0	0	0	R
NMDC20557655	1	0	0	0	0	R
NMDC20555621	1	0	0	0	0	R
NMDC20553628	1	0	0	0	0	R
NMDC20585456	0	1	0	0	0	R
NMDC20553631	0	1	0	0	0	R
NMDC20553632	1	0	0	0	0	R
NMDC20557656	0	1	0	0	0	R
NMDC20553633	0	0	0	0	0	R
NMDC20555623	1	0	0	0	0	R
NMDC20553634	1	1	0	0	0	R
NMDC20555625	0	1	0	0	0	R
NMDC20585461	0	1	0	0	0	R
NMDC20551582	0	1	0	0	0	R
NMDC20551583	0	1	0	0	0	R
NMDC20585462	1	0	0	0	0	R
NMDC20551584	1	0	0	0	0	R
NMDC20557657	0	1	0	0	0	R
NMDC20585464	0	1	0	0	0	R
NMDC20551586	0	1	0	0	0	R
NMDC20551587	0	1	0	0	0	R
NMDC20585465	0	1	0	0	0	R
NMDC20585466	1	0	0	0	0	R
NMDC20585467	0	1	0	0	0	R
NMDC20551589	1	0	0	0	0	R
NMDC20551590	1	0	0	0	0	R
NMDC20585469	1	0	0	0	0	R
NMDC20551591	1	0	0	0	0	R
NMDC20585471	0	1	0	0	0	R
NMDC20555627	1	0	0	0	0	R
NMDC20555628	0	1	0	0	0	R
NMDC20553640	1	0	0	0	0	R
NMDC20585473	0	1	0	0	0	R
NMDC20551592	0	1	0	0	0	R
NMDC20557659	0	1	0	0	0	R
NMDC20553642	0	1	0	0	0	R
NMDC20585477	1	0	0	0	0	R
NMDC20585478	1	1	0	0	0	R
NMDC20555629	0	1	0	0	0	R
NMDC20585479	0	1	0	0	0	R
NMDC20551594	0	1	0	0	0	R
NMDC20557661	1	0	0	0	0	R
NMDC20555633	1	1	0	0	0	R
NMDC20555636	0	1	0	0	0	R
NMDC20551596	1	0	0	0	0	R
NMDC20585486	0	1	0	0	0	R
NMDC20585487	0	1	0	0	0	R
NMDC20585488	0	1	0	0	0	R
NMDC20585494	0	1	0	0	0	R
NMDC20585497	0	1	0	0	0	R
NMDC20585498	0	1	0	0	0	R
NMDC20585501	0	1	0	0	0	R
NMDC20585503	0	1	0	0	0	R
NMDC20585505	0	1	0	0	0	R
NMDC20585506	0	1	0	0	0	R
NMDC20585507	0	1	0	0	0	R
NMDC20585508	0	1	0	0	0	R
NMDC20585511	0	1	0	0	0	R
NMDC20585512	0	1	0	0	0	R
NMDC20585514	0	1	0	0	0	R
NMDC20585517	0	1	0	0	0	R
NMDC20585521	0	1	0	0	0	R
NMDC20585524	0	1	0	0	0	R
NMDC20585525	0	1	0	0	0	R
NMDC20585527	0	1	0	0	0	R
NMDC20585528	1	0	0	0	0	R
NMDC20585534	0	1	0	0	0	R
NMDC20585535	0	1	0	0	0	R
NMDC20585536	0	1	0	0	0	R
NMDC20585537	0	1	0	0	0	R
NMDC20585539	0	1	0	0	0	R
NMDC20585541	0	1	0	0	0	R
NMDC20585542	0	1	0	0	0	R
NMDC20585544	0	1	0	0	0	R
NMDC20585547	0	1	0	0	0	R
NMDC20585548	1	0	0	0	0	R
NMDC20585549	0	1	0	0	0	R
NMDC20585550	0	1	0	0	0	R
NMDC20585551	0	1	0	0	0	R
NMDC20585552	0	1	0	0	0	R
NMDC20585553	0	1	0	0	0	R
NMDC20585554	0	1	0	0	0	R
NMDC20585556	0	1	0	0	0	R
NMDC20585557	0	1	0	0	0	R
NMDC20585558	0	1	0	0	0	R
NMDC20585559	1	0	0	0	0	R
NMDC20585560	0	1	0	0	0	R
NMDC20585563	1	0	0	0	0	R
NMDC20585565	1	0	0	0	0	R
NMDC20585567	1	0	0	0	0	R
NMDC20585568	0	1	0	0	0	R
NMDC20585569	0	1	0	0	0	R
NMDC20555637	0	1	0	0	0	R
NMDC20557663	0	1	0	0	0	R
NMDC20585570	0	1	0	0	0	R
NMDC20585571	0	1	0	0	0	R
NMDC20555726	0	0	0	0	0	R
NMDC20551599	1	0	0	0	0	R
NMDC20551600	0	1	0	0	0	R
NMDC20585578	0	1	0	0	0	R
NMDC20585579	0	1	0	0	0	R
NMDC20553650	0	1	0	0	0	R
NMDC20551602	0	1	0	0	0	R
NMDC20585581	0	1	0	0	0	R
NMDC20585584	0	1	0	0	0	R
NMDC20585585	0	1	0	0	0	R
NMDC20551603	1	0	0	0	0	R
NMDC20557667	1	0	0	0	0	R
NMDC20557668	0	1	0	0	0	R
NMDC20551604	0	1	0	0	0	R
NMDC20555644	1	0	0	0	0	R
NMDC20585587	1	0	0	0	0	R
NMDC20585588	0	1	0	0	0	R
NMDC20585589	0	1	0	0	0	R
NMDC20585591	0	1	0	0	0	R
NMDC20585593	0	1	0	0	0	R
NMDC20555645	0	1	0	0	0	R
NMDC20585597	0	1	0	0	0	R
NMDC20585600	0	1	0	0	0	R
NMDC20585603	0	1	0	0	0	R
NMDC20585604	0	1	0	0	0	R
NMDC20585605	0	1	0	0	0	R
NMDC20557670	1	0	0	0	0	R
NMDC20557672	0	0	0	0	0	R
NMDC20585606	1	0	0	0	0	R
NMDC20555646	0	1	0	0	0	R
NMDC20557673	0	1	0	0	0	R
NMDC20551606	0	1	0	0	0	R
NMDC20585607	1	0	0	0	0	R
NMDC20557674	1	0	0	0	0	R
NMDC20585609	0	1	0	0	0	R
NMDC20553652	0	1	0	0	0	R
NMDC20555648	1	0	0	0	0	R
NMDC20551607	0	1	0	0	0	R
NMDC20585613	0	1	0	0	0	R
NMDC20551609	1	0	0	0	0	R
NMDC20551610	0	1	0	0	0	R
NMDC20551611	1	0	0	0	0	R
NMDC20585614	1	0	0	0	0	R
NMDC20551612	0	1	0	0	0	R
NMDC20553654	0	1	0	0	0	R
NMDC20553655	0	1	0	0	0	R
NMDC20585615	0	1	0	0	0	R
NMDC20551613	0	1	0	0	0	R
NMDC20555649	0	1	0	0	0	R
NMDC20557678	0	1	0	0	0	R
NMDC20585616	0	1	0	0	0	R
NMDC20553656	0	1	0	0	0	R
NMDC20551614	1	0	0	0	0	R
NMDC20585617	1	0	0	0	0	R
NMDC20553657	1	0	0	0	0	R
NMDC20557679	1	0	0	0	0	R
NMDC20585622	1	0	0	0	0	R
NMDC20585623	0	1	0	0	0	R
NMDC20555651	0	1	0	0	0	R
NMDC20585625	0	1	0	0	0	R
NMDC20585626	1	0	0	0	0	R
NMDC20555652	0	1	0	0	0	R
NMDC20585627	1	0	0	0	0	R
NMDC20585629	0	0	0	0	0	R
NMDC20585630	0	1	0	0	0	R
NMDC20585631	0	1	0	0	0	R
NMDC20557680	1	1	0	0	0	R
NMDC20557683	1	0	0	0	0	R
NMDC20585635	0	1	0	0	0	R
NMDC20551615	0	1	0	0	0	R
NMDC20585638	1	1	0	0	0	R
NMDC20555654	1	0	0	0	0	R
NMDC20585639	1	0	0	0	0	R
NMDC20585641	1	0	0	0	0	R
NMDC20553658	0	1	0	0	0	R
NMDC20585642	1	0	0	0	0	R
NMDC20585644	0	1	0	0	0	R
NMDC20585645	0	1	0	0	0	R
NMDC20557685	0	1	0	0	0	R
NMDC20553661	0	1	0	0	0	R
NMDC20551618	0	1	0	0	0	R
NMDC20551619	0	1	0	0	0	R
NMDC20585648	0	1	0	0	0	R
NMDC20585649	0	1	0	0	0	R
NMDC20585650	0	1	0	0	0	R
NMDC20551621	1	0	0	0	0	R
NMDC20585651	0	1	0	0	0	R
NMDC20557686	1	1	0	0	0	R
NMDC20557687	0	1	0	0	0	R
NMDC20557688	0	1	0	0	0	R
NMDC20585652	0	0	0	0	0	R
NMDC20557690	1	0	0	0	0	R
NMDC20551623	0	1	0	0	0	R
NMDC20553663	0	1	0	0	0	R
NMDC20585657	1	0	0	0	0	R
NMDC20585659	1	0	0	0	0	R
NMDC20585660	0	1	0	0	0	R
NMDC20553664	0	1	0	0	0	R
NMDC20555662	1	0	0	0	0	R
NMDC20585662	0	1	0	0	0	R
NMDC20585667	0	1	0	0	0	R
NMDC20585670	0	1	0	0	0	R
NMDC20585672	0	1	0	0	0	R
NMDC20585673	0	1	0	0	0	R
NMDC20585676	0	1	0	0	0	R
NMDC20585677	0	1	0	0	0	R
NMDC20585678	0	1	0	0	0	R
NMDC20585679	0	1	0	0	0	R
NMDC20553666	0	1	0	0	0	R
NMDC20555663	1	0	0	0	0	R
NMDC20555664	1	0	0	0	0	R
NMDC20585686	0	0	0	0	0	R
NMDC20585687	0	1	0	0	0	R
NMDC20585689	1	0	0	0	0	R
NMDC20557692	1	0	0	0	0	R
NMDC20585690	0	0	0	0	0	R
NMDC20585691	1	0	0	0	0	R
NMDC20585693	0	1	0	0	0	R
NMDC20553667	0	1	0	0	0	R
NMDC20557693	1	0	0	0	0	R
NMDC20555666	0	1	0	0	0	R
NMDC20585696	1	0	0	0	0	R
NMDC20585697	0	1	0	0	0	R
NMDC20557695	0	1	0	0	0	R
NMDC20555668	0	1	0	0	0	R
NMDC20555669	1	0	0	0	0	R
NMDC20551631	0	1	0	0	0	R
NMDC20585703	0	1	0	0	0	R
NMDC20557698	0	1	0	0	0	R
NMDC20585704	1	0	0	0	0	R
NMDC20585707	1	0	0	0	0	R
NMDC20585708	0	1	0	0	0	R
NMDC20585711	0	1	0	0	0	R
NMDC20585712	0	1	0	0	0	R
NMDC20585713	0	1	0	0	0	R
NMDC20585714	0	1	0	0	0	R
NMDC20585715	0	1	0	0	0	R
NMDC20585716	0	1	0	0	0	R
NMDC20555673	0	1	0	0	0	R
NMDC20553671	0	1	0	0	0	R
NMDC20553857	0	1	0	0	0	R
NMDC20551846	0	1	0	0	0	R
NMDC20586315	0	1	0	0	0	R
NMDC20555872	1	0	0	0	0	R
NMDC20555873	1	0	0	0	0	R
NMDC20551848	1	0	0	0	0	R
NMDC20586321	1	1	0	0	0	R
NMDC20553860	0	1	0	0	0	R
NMDC20555874	0	0	0	0	0	R
NMDC20555875	1	0	0	0	0	R
NMDC20553862	0	1	0	0	0	R
NMDC20557874	0	1	0	0	0	R
NMDC20551849	1	0	0	0	0	R
NMDC20586327	0	0	0	0	0	R
NMDC20586329	0	1	0	0	0	R
NMDC20557875	0	1	0	0	0	R
NMDC20551850	1	0	0	0	0	R
NMDC20586332	0	1	0	0	0	R
NMDC20586333	0	1	0	0	0	R
NMDC20586334	0	1	0	0	0	R
NMDC20586337	0	1	0	0	0	R
NMDC20586339	0	1	0	0	0	R
NMDC20586347	0	1	0	0	0	R
NMDC20586350	0	1	0	0	0	R
NMDC20586352	0	1	0	0	0	R
NMDC20586355	0	1	0	0	0	R
NMDC20586356	0	1	0	0	0	R
NMDC20586358	0	1	0	0	0	R
NMDC20586359	0	1	0	0	0	R
NMDC20586362	0	1	0	0	0	R
NMDC20586364	0	1	0	0	0	R
NMDC20586368	0	1	0	0	0	R
NMDC20586371	0	1	0	0	0	R
NMDC20586372	0	1	0	0	0	R
NMDC20586376	0	0	0	0	0	R
NMDC20586377	0	1	0	0	0	R
NMDC20589010	0	1	0	0	0	R
NMDC20589013	1	1	0	0	0	R
NMDC20589017	0	1	0	0	0	R
NMDC20589018	0	1	0	0	0	R
NMDC20589019	1	0	0	0	0	R
NMDC20589020	0	1	0	0	0	R
NMDC20589021	0	1	0	0	0	R
NMDC20589022	0	1	0	0	0	R
NMDC20589023	1	1	0	0	0	R
NMDC20589024	0	1	0	0	0	R
NMDC20589035	0	0	0	0	0	R
NMDC20589040	0	1	0	0	0	R
NMDC20589041	0	1	0	0	0	R
NMDC20555932	1	1	0	0	0	R
NMDC20586536	1	0	0	0	0	R
NMDC20586537	0	1	0	0	0	R
NMDC20586538	0	1	0	0	0	R
NMDC20553912	0	1	0	0	0	R
NMDC20586573	1	1	0	0	0	R
NMDC20551912	0	1	0	0	0	R
NMDC20586575	1	0	0	0	0	R
NMDC20553920	0	1	0	0	0	R
NMDC20553921	0	1	0	0	0	R
NMDC20557928	0	1	0	0	0	R
NMDC20586578	0	1	0	0	0	R
NMDC20555960	1	0	0	0	0	R
NMDC20553942	0	1	0	0	0	R
NMDC20557950	0	1	0	0	0	R
NMDC20586615	0	1	0	0	0	R
NMDC20586624	1	0	0	0	0	R
NMDC20553948	0	1	0	0	0	R
NMDC20586625	0	1	0	0	0	R
NMDC20551940	1	1	0	0	0	R
NMDC20551941	0	1	0	0	0	R
NMDC20557960	1	0	0	0	0	R
NMDC20553949	0	1	0	0	0	R
NMDC20553950	1	0	0	0	0	R
NMDC20551942	1	0	0	0	0	R
NMDC20586631	1	0	0	0	0	R
NMDC20557963	0	1	0	0	0	R
NMDC20553952	1	0	0	0	0	R
NMDC20557964	1	0	0	0	0	R
NMDC20553953	1	1	0	0	0	R
NMDC20555974	1	0	0	0	0	R
NMDC20586637	1	0	0	0	0	R
NMDC20586639	1	1	0	0	0	R
NMDC20551949	0	1	0	0	0	R
NMDC20557968	1	1	0	0	0	R
NMDC20553958	1	0	0	0	0	R
NMDC20586642	0	1	0	0	0	R
NMDC20553961	0	0	0	0	0	R
NMDC20553962	0	1	0	0	0	R
NMDC20557970	0	1	0	0	0	R
NMDC20586645	1	0	0	0	0	R
NMDC20553963	1	0	0	0	0	R
NMDC20586648	1	0	0	0	0	R
NMDC20586649	1	0	0	0	0	R
NMDC20557972	0	1	0	0	0	R
NMDC20551952	1	0	0	0	0	R
NMDC20553964	0	1	0	0	0	R
NMDC20586650	0	1	0	0	0	R
NMDC20553966	1	0	0	0	0	R
NMDC20551955	1	0	0	0	0	R
NMDC20586653	1	0	0	0	0	R
NMDC20557975	0	1	0	0	0	R
NMDC20586656	0	1	0	0	0	R
NMDC20551956	0	1	0	0	0	R
NMDC20588176	0	1	0	0	0	R
NMDC20588177	0	1	0	0	0	R
NMDC20558406	0	1	0	0	0	R
NMDC20588178	0	1	0	0	0	R
NMDC20588179	0	1	0	0	0	R
NMDC20588180	0	1	0	0	0	R
NMDC20588181	0	1	0	0	0	R
NMDC20588182	0	1	0	0	0	R
NMDC20554394	0	1	0	0	0	R
NMDC20554395	1	0	0	0	0	R
NMDC20588186	0	1	0	0	0	R
NMDC20588187	0	1	0	0	0	R
NMDC20558407	0	1	0	0	0	R
NMDC20552391	0	1	0	0	0	R
NMDC20554079	1	0	0	0	0	R
NMDC20556082	1	0	0	0	0	R
NMDC20558085	1	0	0	0	0	R
NMDC20558086	0	1	0	0	0	R
NMDC20552046	0	1	0	0	0	R
NMDC20556083	0	0	0	0	0	R
NMDC20558087	0	1	0	0	0	R
NMDC20558088	1	0	0	0	0	R
NMDC20556084	0	1	0	0	0	R
NMDC20586927	0	1	0	0	0	R
NMDC20586928	0	1	0	0	0	R
NMDC20556085	0	1	0	0	0	R
NMDC20552048	1	0	0	0	0	R
NMDC20558090	0	0	0	0	0	R
NMDC20556087	0	1	0	0	0	R
NMDC20586931	0	0	0	0	0	R
NMDC20556088	1	0	0	0	0	R
NMDC20586932	1	1	0	0	0	R
NMDC20552049	0	1	0	0	0	R
NMDC20586933	0	1	0	0	0	R
NMDC20556089	0	1	0	0	0	R
NMDC20586935	0	1	0	0	0	R
NMDC20554085	0	1	0	0	0	R
NMDC20586936	1	0	0	0	0	R
NMDC20554086	0	1	0	0	0	R
NMDC20586938	1	0	0	0	0	R
NMDC20586940	1	0	0	0	0	R
NMDC20552052	0	0	0	0	0	R
NMDC20586941	1	0	0	0	0	R
NMDC20586943	0	1	0	0	0	R
NMDC20554089	0	1	0	0	0	R
NMDC20556094	0	1	0	0	0	R
NMDC20586945	0	1	0	0	0	R
NMDC20554090	0	1	0	0	0	R
NMDC20586946	0	1	0	0	0	R
NMDC20554091	0	1	0	0	0	R
NMDC20556095	0	1	0	0	0	R
NMDC20558094	0	0	0	0	0	R
NMDC20556096	1	0	0	0	0	R
NMDC20586949	0	1	0	0	0	R
NMDC20554094	0	1	0	0	0	R
NMDC20554095	0	1	0	0	0	R
NMDC20586952	0	1	0	0	0	R
NMDC20554096	0	1	0	0	0	R
NMDC20586954	1	0	0	0	0	R
NMDC20558095	0	1	0	0	0	R
NMDC20552057	0	1	0	0	0	R
NMDC20558096	0	1	0	0	0	R
NMDC20554098	0	1	0	0	0	R
NMDC20586956	0	1	0	0	0	R
NMDC20586957	0	1	0	0	0	R
NMDC20586958	0	1	0	0	0	R
NMDC20554100	0	0	0	0	0	R
NMDC20586959	1	1	0	0	0	R
NMDC20586960	1	0	0	0	0	R
NMDC20558098	0	1	0	0	0	R
NMDC20552059	1	1	0	0	0	R
NMDC20586962	0	1	0	0	0	R
NMDC20554102	0	1	0	0	0	R
NMDC20558101	1	0	0	0	0	R
NMDC20552061	1	0	0	0	0	R
NMDC20556097	1	0	0	0	0	R
NMDC20586964	0	1	0	0	0	R
NMDC20586965	0	0	0	0	0	R
NMDC20586966	0	0	0	0	0	R
NMDC20586968	1	0	0	0	0	R
NMDC20586969	0	1	0	0	0	R
NMDC20552068	0	0	0	0	0	R
NMDC20586971	1	0	0	0	0	R
NMDC20556099	0	1	0	0	0	R
NMDC20554106	0	1	0	0	0	R
NMDC20558104	0	1	0	0	0	R
NMDC20558106	0	1	0	0	0	R
NMDC20586973	0	1	0	0	0	R
NMDC20552071	1	0	0	0	0	R
NMDC20586974	1	0	0	0	0	R
NMDC20552072	0	1	0	0	0	R
NMDC20554107	0	1	0	0	0	R
NMDC20586977	1	0	0	0	0	R
NMDC20558107	0	1	0	0	0	R
NMDC20586979	0	1	0	0	0	R
NMDC20554108	1	1	0	0	0	R
NMDC20554109	1	0	0	0	0	R
NMDC20554110	0	1	0	0	0	R
NMDC20558108	0	1	0	0	0	R
NMDC20586981	0	1	0	0	0	R
NMDC20554111	1	1	0	0	0	R
NMDC20552073	0	1	0	0	0	R
NMDC20586982	1	1	0	0	0	R
NMDC20554112	0	1	0	0	0	R
NMDC20558109	0	0	0	0	0	R
NMDC20556105	0	1	0	0	0	R
NMDC20552075	1	0	0	0	0	R
NMDC20586984	1	0	0	0	0	R
NMDC20586985	0	1	0	0	0	R
NMDC20558111	0	1	0	0	0	R
NMDC20552076	1	0	0	0	0	R
NMDC20552077	0	0	0	0	0	R
NMDC20586992	0	1	0	0	0	R
NMDC20586993	1	0	0	0	0	R
NMDC20586994	0	1	0	0	0	R
NMDC20554114	1	0	0	0	0	R
NMDC20552078	1	1	0	0	0	R
NMDC20556108	0	1	0	0	0	R
NMDC20586995	0	0	0	0	0	R
NMDC20552079	0	1	0	0	0	R
NMDC20558113	0	1	0	0	0	R
NMDC20556110	0	1	0	0	0	R
NMDC20552080	1	0	0	0	0	R
NMDC20586997	0	1	0	0	0	R
NMDC20587000	0	1	0	0	0	R
NMDC20587001	0	1	0	0	0	R
NMDC20556111	0	0	0	0	0	R
NMDC20587004	0	1	0	0	0	R
NMDC20552081	1	0	0	0	0	R
NMDC20552082	0	1	0	0	0	R
NMDC20587009	1	0	0	0	0	R
NMDC20556113	0	1	0	0	0	R
NMDC20587011	1	1	0	0	0	R
NMDC20587012	0	1	0	0	0	R
NMDC20552083	0	1	0	0	0	R
NMDC20587014	1	0	0	0	0	R
NMDC20558116	1	0	0	0	0	R
NMDC20552084	0	1	0	0	0	R
NMDC20552085	0	1	0	0	0	R
NMDC20587015	0	1	0	0	0	R
NMDC20552086	1	0	0	0	0	R
NMDC20556117	0	0	0	0	1	R
NMDC20556118	0	1	0	0	0	R
NMDC20558117	0	1	0	0	0	R
NMDC20556119	1	0	0	0	0	R
NMDC20587019	1	0	0	0	0	R
NMDC20558118	1	0	0	0	0	R
NMDC20552088	0	1	0	0	0	R
NMDC20587020	0	1	0	0	0	R
NMDC20587021	0	1	0	0	0	R
NMDC20552089	0	1	0	0	0	R
NMDC20587022	1	0	0	0	0	R
NMDC20552090	1	0	0	0	0	R
NMDC20558120	0	1	0	0	0	R
NMDC20587023	0	1	0	0	0	R
NMDC20554121	0	1	0	0	0	R
NMDC20554122	0	1	0	0	0	R
NMDC20558121	0	1	0	0	0	R
NMDC20556121	1	0	0	0	0	R
NMDC20587025	0	1	0	0	0	R
NMDC20587054	0	1	0	0	0	R
NMDC20556125	0	1	0	0	0	R
NMDC20554135	0	1	0	0	0	R
NMDC20556126	1	0	0	0	0	R
NMDC20556127	0	1	0	0	0	R
NMDC20552106	1	0	0	0	0	R
NMDC20558132	1	0	0	0	0	R
NMDC20587057	0	1	0	0	0	R
NMDC20587059	1	0	0	0	0	R
NMDC20587060	1	0	0	0	0	R
NMDC20554139	0	1	0	0	0	R
NMDC20587061	0	1	0	0	0	R
NMDC20552108	0	1	0	0	0	R
NMDC20587062	0	1	0	0	0	R
NMDC20554140	1	0	0	0	0	R
NMDC20558134	1	1	0	0	0	R
NMDC20587064	1	1	0	0	0	R
NMDC20554141	0	1	0	0	0	R
NMDC20587065	0	1	0	0	0	R
NMDC20587066	0	1	0	0	0	R
NMDC20587067	1	1	0	0	0	R
NMDC20556132	0	1	0	0	0	R
NMDC20554143	1	1	0	0	0	R
NMDC20587068	1	0	0	0	0	R
NMDC20587069	1	0	0	0	0	R
NMDC20556133	1	1	0	0	0	R
NMDC20587070	1	1	0	0	0	R
NMDC20587072	1	0	0	0	0	R
NMDC20558136	0	1	0	0	0	R
NMDC20558137	0	1	0	0	0	R
NMDC20552112	1	1	0	0	0	R
NMDC20587074	1	1	0	0	0	R
NMDC20587076	1	0	0	0	0	R
NMDC20554147	1	0	0	0	0	R
NMDC20552113	0	1	0	0	0	R
NMDC20556137	0	1	0	0	0	R
NMDC20554150	0	1	0	0	0	R
NMDC20587078	0	1	0	0	0	R
NMDC20587079	0	1	0	0	0	R
NMDC20558141	0	1	0	0	0	R
NMDC20552115	1	0	0	0	0	R
NMDC20554153	1	0	0	0	0	R
NMDC20587081	0	1	0	0	0	R
NMDC20587082	1	0	0	0	0	R
NMDC20552116	0	1	0	0	0	R
NMDC20587083	0	1	0	0	0	R
NMDC20587085	1	1	0	0	0	R
NMDC20554155	1	0	0	0	0	R
NMDC20558142	0	1	0	0	0	R
NMDC20556140	0	1	0	0	0	R
NMDC20587087	1	0	0	0	0	R
NMDC20587088	1	0	0	0	0	R
NMDC20587091	0	1	0	0	0	R
NMDC20558143	0	1	0	0	0	R
NMDC20587092	0	1	0	0	0	R
NMDC20558145	0	1	0	0	0	R
NMDC20587093	1	0	0	0	0	R
NMDC20587094	1	0	0	0	0	R
NMDC20558147	1	0	0	0	0	R
NMDC20587095	0	1	0	0	0	R
NMDC20587096	0	0	0	0	1	R
NMDC20587097	0	1	0	0	0	R
NMDC20558148	1	1	0	0	0	R
NMDC20556142	0	1	0	0	0	R
NMDC20558149	1	0	0	0	0	R
NMDC20556143	1	0	0	0	0	R
NMDC20558152	0	1	0	0	0	R
NMDC20587100	1	0	0	0	0	R
NMDC20558153	1	0	0	0	0	R
NMDC20552118	1	1	0	0	0	R
NMDC20554163	1	0	0	0	0	R
NMDC20556145	1	0	0	0	0	R
NMDC20556146	0	1	0	0	0	R
NMDC20552119	1	0	0	0	0	R
NMDC20558154	0	1	0	0	0	R
NMDC20552120	0	1	0	0	0	R
NMDC20587101	1	0	0	0	0	R
NMDC20558155	1	1	0	0	0	R
NMDC20556147	0	1	0	0	0	R
NMDC20552121	0	0	1	1	0	R
NMDC20587102	0	1	0	0	0	R
NMDC20587103	0	1	0	0	0	R
NMDC20556148	0	1	0	0	0	R
NMDC20587104	0	1	0	0	0	R
NMDC20554164	0	1	0	0	0	R
NMDC20554165	0	1	0	0	0	R
NMDC20587106	1	0	0	0	0	R
NMDC20552123	1	0	0	0	0	R
NMDC20552124	0	1	0	0	0	R
NMDC20556153	0	1	0	0	0	R
NMDC20587108	1	0	0	0	0	R
NMDC20587110	1	1	0	0	0	R
NMDC20587111	1	0	0	0	0	R
NMDC20587112	1	0	0	0	0	R
NMDC20556155	1	0	0	0	0	R
NMDC20554166	0	1	0	0	0	R
NMDC20587115	0	1	0	0	0	R
NMDC20587116	0	1	0	0	0	R
NMDC20552125	1	0	0	0	0	R
NMDC20554169	1	0	0	0	0	R
NMDC20558159	0	1	0	0	0	R
NMDC20554170	1	0	0	0	0	R
NMDC20552126	1	0	0	0	0	R
NMDC20587117	0	1	0	0	0	R
NMDC20587118	0	1	0	0	0	R
NMDC20552127	0	1	0	0	0	R
NMDC20587119	1	0	0	0	0	R
NMDC20556156	1	0	0	0	0	R
NMDC20556158	0	1	0	0	0	R
NMDC20554173	1	0	0	0	0	R
NMDC20554174	1	0	0	0	0	R
NMDC20587123	0	1	0	0	0	R
NMDC20558162	1	1	0	0	0	R
NMDC20554175	1	0	0	0	0	R
NMDC20587125	0	1	0	0	0	R
NMDC20556161	0	1	0	0	0	R
NMDC20587126	1	0	0	0	0	R
NMDC20587128	1	1	0	0	0	R
NMDC20552131	1	0	0	0	0	R
NMDC20558163	1	0	0	0	0	R
NMDC20587129	1	1	0	0	0	R
NMDC20587130	0	1	0	0	0	R
NMDC20587131	0	1	0	0	0	R
NMDC20554176	0	1	0	0	0	R
NMDC20554178	1	0	0	0	0	R
NMDC20552132	0	1	0	0	0	R
NMDC20556164	1	0	0	0	0	R
NMDC20587134	0	1	0	0	0	R
NMDC20587135	1	0	0	0	0	R
NMDC20556166	0	1	0	0	0	R
NMDC20558164	0	1	0	0	0	R
NMDC20558165	0	1	0	0	0	R
NMDC20558166	1	0	0	0	0	R
NMDC20552133	0	1	0	0	0	R
NMDC20587136	0	1	0	0	0	R
NMDC20552134	1	0	0	0	0	R
NMDC20556167	1	0	0	0	0	R
NMDC20587137	1	1	0	0	0	R
NMDC20587138	1	0	0	0	0	R
NMDC20558168	0	1	0	0	0	R
NMDC20558169	1	0	0	0	0	R
NMDC20554182	1	1	0	0	0	R
NMDC20552139	0	1	0	0	0	R
NMDC20587141	1	0	0	0	0	R
NMDC20554185	1	0	0	0	0	R
NMDC20552140	0	1	0	0	0	R
NMDC20587142	0	1	0	0	0	R
NMDC20554186	0	1	0	0	0	R
NMDC20556169	0	1	0	0	0	R
NMDC20552143	1	1	0	0	0	R
NMDC20587144	1	0	0	0	0	R
NMDC20552144	0	1	0	0	0	R
NMDC20587145	0	1	0	0	0	R
NMDC20552146	1	0	0	0	0	R
NMDC20587148	0	1	0	0	0	R
NMDC20587149	0	1	0	0	0	R
NMDC20587150	0	1	0	0	0	R
NMDC20587151	1	0	0	0	0	R
NMDC20587152	0	1	0	0	0	R
NMDC20556172	1	0	0	0	0	R
NMDC20556173	0	1	0	0	0	R
NMDC20552147	1	0	0	0	0	R
NMDC20587154	0	1	0	0	0	R
NMDC20587155	1	0	0	0	0	R
NMDC20587156	0	1	0	0	0	R
NMDC20587157	1	0	0	0	0	R
NMDC20556175	1	0	0	0	0	R
NMDC20587158	1	0	0	0	0	R
NMDC20587160	1	0	0	0	0	R
NMDC20587161	0	1	0	0	0	R
NMDC20587162	1	0	0	0	0	R
NMDC20552152	1	0	0	0	0	R
NMDC20587164	0	1	0	0	0	R
NMDC20587165	1	0	0	0	0	R
NMDC20587167	1	0	0	0	0	R
NMDC20552154	0	1	0	0	0	R
NMDC20558177	0	1	0	0	0	R
NMDC20556178	0	1	0	0	0	R
NMDC20554192	1	0	0	0	0	R
NMDC20556179	1	0	0	0	0	R
NMDC20587169	0	1	0	0	0	R
NMDC20587170	1	0	0	0	0	R
NMDC20558179	1	0	0	0	0	R
NMDC20587171	0	1	0	0	0	R
NMDC20554193	1	0	0	0	0	R
NMDC20587172	0	1	0	0	0	R
NMDC20587173	1	0	0	0	0	R
NMDC20558180	0	1	0	0	0	R
NMDC20552156	0	1	0	0	0	R
NMDC20558182	1	0	0	0	0	R
NMDC20587178	1	0	0	0	0	R
NMDC20552161	0	1	0	0	0	R
NMDC20587179	1	1	0	0	0	R
NMDC20587180	0	0	0	0	0	R
NMDC20552163	1	0	0	0	0	R
NMDC20558183	1	0	0	0	0	R
NMDC20554197	1	0	0	0	0	R
NMDC20558185	0	1	0	0	0	R
NMDC20587182	1	1	0	0	0	R
NMDC20587185	0	1	0	0	0	R
NMDC20587186	1	0	0	0	0	R
NMDC20587187	1	0	0	0	0	R
NMDC20558186	1	0	0	0	0	R
NMDC20587188	0	1	0	0	0	R
NMDC20587189	1	0	0	0	0	R
NMDC20587190	1	0	0	0	0	R
NMDC20552165	0	1	0	0	0	R
NMDC20587191	0	1	0	0	0	R
NMDC20587192	1	0	0	0	0	R
NMDC20556184	0	1	0	0	0	R
NMDC20558187	1	0	0	0	0	R
NMDC20587193	1	0	0	0	0	R
NMDC20556185	0	1	0	0	0	R
NMDC20587194	0	1	0	0	0	R
NMDC20554199	1	0	0	0	0	R
NMDC20558188	1	1	0	0	0	R
NMDC20552167	1	1	0	0	0	R
NMDC20558189	1	1	0	0	0	R
NMDC20587196	1	0	0	0	0	R
NMDC20556186	1	0	0	0	0	R
NMDC20556187	1	0	0	0	0	R
NMDC20554200	0	1	0	0	0	R
NMDC20587198	0	1	0	0	0	R
NMDC20554201	1	0	0	0	0	R
NMDC20556188	1	0	0	0	0	R
NMDC20554202	1	0	0	0	0	R
NMDC20558190	1	0	0	0	0	R
NMDC20587201	1	0	0	0	0	R
NMDC20558191	1	1	0	0	0	R
NMDC20558192	1	0	0	0	0	R
NMDC20556190	1	0	0	0	0	R
NMDC20587202	1	0	0	0	0	R
NMDC20552169	0	1	0	0	0	R
NMDC20552170	1	0	0	0	0	R
NMDC20556192	0	1	0	0	0	R
NMDC20556193	0	1	0	0	0	R
NMDC20587203	0	1	0	0	0	R
NMDC20556194	0	1	0	0	0	R
NMDC20587204	0	1	0	0	0	R
NMDC20587205	0	1	0	0	0	R
NMDC20587206	0	1	0	0	0	R
NMDC20552171	0	1	0	0	0	R
NMDC20552173	0	1	0	0	0	R
NMDC20587211	0	1	0	0	0	R
NMDC20558201	0	1	0	0	0	R
NMDC20554206	0	1	0	0	0	R
NMDC20587214	0	1	0	0	0	R
NMDC20558204	1	0	0	0	0	R
NMDC20552178	1	1	0	0	0	R
NMDC20556198	0	1	0	0	0	R
NMDC20587217	1	0	0	0	0	R
NMDC20554207	0	1	0	0	0	R
NMDC20554208	1	0	0	0	0	R
NMDC20558205	0	1	0	0	0	R
NMDC20556200	1	0	0	0	0	R
NMDC20556201	1	0	0	0	0	R
NMDC20587220	1	0	0	0	0	R
NMDC20587222	0	1	0	0	0	R
NMDC20558207	0	1	0	0	0	R
NMDC20554209	1	0	0	0	0	R
NMDC20552181	0	1	0	0	0	R
NMDC20556203	1	0	0	0	0	R
NMDC20554210	0	1	0	0	0	R
NMDC20554211	1	0	0	0	0	R
NMDC20554212	0	1	0	0	0	R
NMDC20554213	1	0	0	0	0	R
NMDC20587224	1	0	0	0	0	R
NMDC20552183	0	1	0	0	0	R
NMDC20587225	1	0	0	0	0	R
NMDC20554216	1	0	0	0	0	R
NMDC20552184	0	1	0	0	0	R
NMDC20554218	1	0	0	0	0	R
NMDC20554219	0	1	0	0	0	R
NMDC20554220	1	0	0	0	0	R
NMDC20587228	0	1	0	0	0	R
NMDC20587229	0	1	0	0	0	R
NMDC20587230	1	0	0	0	0	R
NMDC20587231	1	1	0	0	0	R
NMDC20587232	0	1	0	0	0	R
NMDC20587233	1	0	0	0	0	R
NMDC20552186	1	1	0	0	0	R
NMDC20552188	1	1	0	0	0	R
NMDC20552189	1	1	0	0	0	R
NMDC20558216	0	1	0	0	0	R
NMDC20556210	1	1	0	0	0	R
NMDC20556212	1	0	0	0	0	R
NMDC20554225	0	1	0	0	0	R
NMDC20554226	1	0	0	0	0	R
NMDC20552192	0	1	0	0	0	R
NMDC20552193	1	1	0	0	0	R
NMDC20587239	1	0	0	0	0	R
NMDC20587241	0	1	0	0	0	R
NMDC20552194	1	1	0	0	0	R
NMDC20587242	1	0	0	0	1	R
NMDC20558217	0	0	0	0	0	R
NMDC20587243	0	1	0	0	0	R
NMDC20558218	0	1	0	0	0	R
NMDC20558219	0	1	0	0	0	R
NMDC20556214	1	0	0	0	0	R
NMDC20587246	0	1	0	0	0	R
NMDC20556215	0	1	0	0	0	R
NMDC20554228	1	1	0	0	0	R
NMDC20552201	0	1	0	0	0	R
NMDC20558225	1	0	0	0	0	R
NMDC20587248	0	1	0	0	0	R
NMDC20552203	1	0	0	0	0	R
NMDC20587249	1	0	0	0	0	R
NMDC20587250	1	0	0	0	0	R
NMDC20558226	0	1	0	0	0	R
NMDC20587254	0	1	0	0	0	R
NMDC20587256	1	0	0	0	0	R
NMDC20554231	1	0	0	0	0	R
NMDC20552205	0	0	0	0	1	R
NMDC20552206	0	1	0	0	0	R
NMDC20554232	1	0	0	0	0	R
NMDC20552207	1	0	0	0	0	R
NMDC20552208	1	1	0	0	0	R
NMDC20587260	0	1	0	0	0	R
NMDC20558232	1	0	0	0	0	R
NMDC20558233	0	1	0	0	0	R
NMDC20554234	1	0	0	0	0	R
NMDC20556224	1	0	0	0	0	R
NMDC20558234	0	1	0	0	0	R
NMDC20554235	1	1	0	0	0	R
NMDC20556225	1	1	0	0	0	R
NMDC20552211	0	1	0	0	0	R
NMDC20558236	1	0	0	0	0	R
NMDC20552213	1	1	0	0	0	R
NMDC20554237	1	0	0	0	0	R
NMDC20554238	0	1	0	0	0	R
NMDC20552216	0	1	0	0	0	R
NMDC20556231	1	0	0	0	0	R
NMDC20554239	1	0	0	0	0	R
NMDC20587270	0	1	0	0	0	R
NMDC20558237	0	1	0	0	0	R
NMDC20554240	0	1	0	0	0	R
NMDC20552218	0	1	0	0	0	R
NMDC20587275	1	0	0	0	0	R
NMDC20558238	0	1	0	0	0	R
NMDC20587278	0	1	0	0	0	R
NMDC20558239	1	0	0	0	0	R
NMDC20552220	1	1	0	0	0	R
NMDC20558241	1	0	0	0	0	R
NMDC20587282	1	1	0	0	0	R
NMDC20552221	1	1	0	0	0	R
NMDC20587283	1	0	0	0	0	R
NMDC20554246	0	1	0	0	0	R
NMDC20556236	1	0	0	0	0	R
NMDC20558242	0	1	0	0	0	R
NMDC20587286	0	1	0	0	0	R
NMDC20554248	1	1	0	0	0	R
NMDC20558244	1	0	0	0	0	R
NMDC20554249	1	0	0	0	0	R
NMDC20552224	1	0	0	0	0	R
NMDC20587289	0	1	0	0	0	R
NMDC20587290	1	0	0	0	0	R
NMDC20552225	1	1	0	0	0	R
NMDC20587291	0	1	0	0	0	R
NMDC20587294	0	1	0	0	0	R
NMDC20587295	1	1	0	0	0	R
NMDC20554252	0	1	0	0	0	R
NMDC20552228	1	0	0	0	0	R
NMDC20587297	1	1	0	0	0	R
NMDC20587298	0	1	0	0	0	R
NMDC20552229	1	0	0	0	0	R
NMDC20556241	0	1	0	0	0	R
NMDC20587300	1	1	0	0	0	R
NMDC20552231	0	1	0	0	0	R
NMDC20587301	1	0	0	0	0	R
NMDC20556242	1	0	0	0	0	R
NMDC20552233	1	0	0	0	0	R
NMDC20552234	1	0	0	0	0	R
NMDC20556243	1	0	0	0	0	R
NMDC20587305	0	1	0	0	0	R
NMDC20552235	1	0	0	0	0	R
NMDC20556244	1	0	0	0	0	R
NMDC20552236	0	1	0	0	0	R
NMDC20587306	1	1	0	0	0	R
NMDC20552237	0	1	0	0	0	R
NMDC20587307	1	0	0	0	0	R
NMDC20587308	0	1	0	0	0	R
NMDC20558255	1	0	0	0	0	R
NMDC20558256	0	1	0	0	0	R
NMDC20558257	1	0	0	0	0	R
NMDC20552238	0	1	0	0	0	R
NMDC20558258	0	1	0	0	0	R
NMDC20587310	1	0	0	0	0	R
NMDC20556247	1	0	0	0	0	R
NMDC20552239	1	1	0	0	0	R
NMDC20556250	0	1	0	0	0	R
NMDC20554258	1	0	0	0	0	R
NMDC20554259	0	1	0	0	0	R
NMDC20558261	1	1	0	0	0	R
NMDC20556252	0	1	0	0	0	R
NMDC20556253	1	1	0	0	0	R
NMDC20587315	0	1	0	0	1	R
NMDC20587317	0	1	0	0	0	R
NMDC20552242	1	0	0	0	0	R
NMDC20554260	1	1	0	0	0	R
NMDC20558263	1	0	0	0	0	R
NMDC20556255	1	0	0	0	0	R
NMDC20552243	1	0	0	0	0	R
NMDC20587319	1	1	0	0	0	R
NMDC20587320	0	1	0	0	0	R
NMDC20558264	1	0	0	0	0	R
NMDC20554261	0	1	0	0	0	R
NMDC20587322	1	1	0	0	0	R
NMDC20558266	0	1	0	0	0	R
NMDC20558267	0	1	0	0	0	R
NMDC20556258	1	1	0	0	0	R
NMDC20558268	0	1	0	0	0	R
NMDC20556259	1	1	0	0	0	R
NMDC20552246	1	0	0	0	0	R
NMDC20552247	0	1	0	0	0	R
NMDC20587324	0	1	0	0	0	R
NMDC20552248	0	1	0	0	0	R
NMDC20587325	0	1	0	0	0	R
NMDC20556260	0	1	0	0	0	R
NMDC20558270	0	1	0	0	0	R
NMDC20556261	0	1	0	0	0	R
NMDC20556262	0	1	0	0	0	R
NMDC20587326	0	1	0	0	0	R
NMDC20552249	1	0	0	0	0	R
NMDC20554263	0	1	0	0	0	R
NMDC20587327	1	0	0	0	0	R
NMDC20558271	1	1	0	0	0	R
NMDC20558272	0	1	0	0	0	R
NMDC20554265	0	1	0	0	0	R
NMDC20587328	0	1	0	0	0	R
NMDC20587330	1	0	0	0	0	R
NMDC20587331	1	0	0	0	0	R
NMDC20587332	1	1	0	0	0	R
NMDC20552251	0	1	0	0	0	R
NMDC20587334	0	1	0	0	0	R
NMDC20554267	0	1	0	0	0	R
NMDC20556263	0	1	0	0	0	R
NMDC20554268	0	1	0	0	0	R
NMDC20552252	0	1	0	0	0	R
NMDC20556264	1	0	0	0	0	R
NMDC20556265	0	1	0	0	0	R
NMDC20556268	0	1	0	0	0	R
NMDC20587338	1	1	0	0	0	R
NMDC20558275	0	1	0	0	0	R
NMDC20558276	1	0	0	0	0	R
NMDC20556270	1	0	0	0	0	R
NMDC20552253	1	0	0	0	0	R
NMDC20558278	1	0	0	0	0	R
NMDC20556271	1	0	0	0	0	R
NMDC20552254	0	1	0	0	0	R
NMDC20554271	0	1	0	0	0	R
NMDC20558279	1	0	0	0	0	R
NMDC20558280	1	0	0	0	0	R
NMDC20587344	0	1	0	0	0	R
NMDC20587345	0	1	0	0	0	R
NMDC20587346	0	1	0	0	0	R
NMDC20587347	0	1	0	0	0	R
NMDC20558283	1	0	0	0	0	R
NMDC20552256	0	1	0	0	0	R
NMDC20558284	0	1	0	0	0	R
NMDC20552258	1	0	0	0	0	R
NMDC20587353	1	0	0	0	0	R
NMDC20587354	0	1	0	0	0	R
NMDC20556273	1	0	0	0	0	R
NMDC20556275	0	1	0	0	0	R
NMDC20587356	1	0	0	0	0	R
NMDC20552261	1	0	0	0	0	R
NMDC20554276	0	1	0	0	0	R
NMDC20587357	0	1	0	0	0	R
NMDC20552263	1	1	0	0	0	R
NMDC20554277	1	0	0	0	0	R
NMDC20587358	1	0	0	0	0	R
NMDC20587359	0	1	0	0	0	R
NMDC20554279	0	1	0	0	0	R
NMDC20558287	1	0	0	0	0	R
NMDC20556276	1	0	0	0	0	R
NMDC20554280	0	1	0	0	0	R
NMDC20556277	0	1	0	0	0	R
NMDC20587362	1	0	0	0	0	R
NMDC20587364	0	1	0	0	0	R
NMDC20587366	1	1	0	0	0	R
NMDC20558290	1	1	0	0	0	R
NMDC20587371	1	0	0	0	0	R
NMDC20558292	0	1	0	0	0	R
NMDC20552270	1	1	0	0	0	R
NMDC20558293	0	1	0	0	0	R
NMDC20556281	0	1	0	0	0	R
NMDC20554287	1	0	0	0	0	R
NMDC20587379	0	1	0	0	0	R
NMDC20558294	1	1	0	0	0	R
NMDC20552273	0	1	0	0	0	R
NMDC20587381	0	1	0	0	0	R
NMDC20552274	0	1	0	0	0	R
NMDC20554289	0	1	0	0	0	R
NMDC20587383	0	1	0	0	0	R
NMDC20554290	1	0	0	0	0	R
NMDC20552275	1	0	0	0	0	R
NMDC20554291	1	1	0	0	0	R
NMDC20552277	1	1	0	0	0	R
NMDC20587385	1	0	0	0	0	R
NMDC20558296	1	0	0	0	0	R
NMDC20558297	1	1	0	0	0	R
NMDC20554292	1	0	0	0	0	R
NMDC20587386	1	0	0	0	0	R
NMDC20554293	1	0	0	0	0	R
NMDC20587387	0	1	0	0	0	R
NMDC20554295	0	1	0	0	0	R
NMDC20587388	0	1	0	0	0	R
NMDC20587389	1	0	0	0	0	R
NMDC20554296	0	1	0	0	0	R
NMDC20554297	1	0	0	0	0	R
NMDC20552280	0	1	0	0	0	R
NMDC20587391	1	0	0	0	0	R
NMDC20587393	1	0	0	0	0	R
NMDC20558302	1	1	0	0	0	R
NMDC20558303	0	1	0	0	0	R
NMDC20554298	1	0	0	0	0	R
NMDC20558305	1	0	0	0	0	R
NMDC20556287	0	1	0	0	0	R
NMDC20552281	0	1	0	0	0	R
NMDC20554299	1	1	0	0	0	R
NMDC20587395	1	0	0	0	0	R
NMDC20556288	0	1	0	0	0	R
NMDC20587396	1	0	0	0	0	R
NMDC20587398	0	1	0	0	0	R
NMDC20558306	1	0	0	0	0	R
NMDC20587399	1	0	0	0	0	R
NMDC20558307	0	1	0	0	0	R
NMDC20556289	1	1	0	0	0	R
NMDC20556290	1	1	0	0	0	R
NMDC20556291	1	0	0	0	0	R
NMDC20587402	0	1	0	0	0	R
NMDC20556292	0	1	0	0	0	R
NMDC20554300	0	1	0	0	0	R
NMDC20587404	0	1	0	0	0	R
NMDC20587405	1	0	0	0	0	R
NMDC20587407	1	1	0	0	0	R
NMDC20556293	0	1	0	0	0	R
NMDC20554301	1	0	0	0	0	R
NMDC20554302	1	0	0	0	0	R
NMDC20587409	1	0	0	0	0	R
NMDC20558310	1	1	0	0	0	R
NMDC20554304	1	1	0	0	0	R
NMDC20587413	1	1	0	0	0	R
NMDC20558312	1	0	0	0	0	R
NMDC20587414	0	1	0	0	0	R
NMDC20554308	1	1	0	0	0	R
NMDC20587416	0	1	0	0	0	R
NMDC20558316	0	1	0	0	0	R
NMDC20554309	1	0	0	0	0	R
NMDC20587418	0	1	0	0	0	R
NMDC20558317	1	1	0	0	0	R
NMDC20558319	1	0	0	0	0	R
NMDC20556298	1	0	0	0	0	R
NMDC20554310	0	1	0	0	0	R
NMDC20552287	0	1	0	0	0	R
NMDC20587422	0	1	0	0	0	R
NMDC20558320	1	0	0	0	0	R
NMDC20556300	0	1	0	0	0	R
NMDC20552288	1	1	0	0	0	R
NMDC20587424	1	0	0	0	0	R
NMDC20556301	1	1	0	0	0	R
NMDC20587426	1	0	0	0	0	R
NMDC20558322	0	1	0	0	0	R
NMDC20587427	0	1	0	0	0	R
NMDC20556302	1	0	0	0	0	R
NMDC20556303	1	0	0	0	0	R
NMDC20554312	1	0	0	0	0	R
NMDC20587429	1	0	0	0	0	R
NMDC20556305	0	1	0	0	0	R
NMDC20552292	0	1	0	0	0	R
NMDC20554313	1	0	0	0	0	R
NMDC20554314	1	1	0	0	0	R
NMDC20587435	0	1	0	0	0	R
NMDC20558327	1	0	0	0	0	R
NMDC20587438	1	0	0	0	0	R
NMDC20587439	0	1	0	0	0	R
NMDC20587440	1	0	0	0	0	R
NMDC20587441	1	0	0	0	0	R
NMDC20556309	0	1	0	0	0	R
NMDC20587442	0	1	0	0	0	R
NMDC20587443	0	1	0	0	0	R
NMDC20556311	1	0	0	0	0	R
NMDC20587444	1	1	0	0	0	R
NMDC20587445	1	0	0	0	0	R
NMDC20556312	1	0	0	0	0	R
NMDC20552294	1	0	0	0	0	R
NMDC20556313	0	1	0	0	0	R
NMDC20587450	1	1	0	0	0	R
NMDC20552295	0	1	0	0	0	R
NMDC20554317	0	1	0	0	0	R
NMDC20554319	0	1	0	0	0	R
NMDC20556314	0	1	0	0	0	R
NMDC20556315	1	0	0	0	0	R
NMDC20587451	1	1	0	0	0	R
NMDC20556316	1	0	0	0	0	R
NMDC20558333	0	0	0	0	0	R
NMDC20552296	0	0	0	0	0	R
NMDC20554321	1	1	0	0	0	R
NMDC20552298	0	1	0	0	0	R
NMDC20558335	1	0	0	0	0	R
NMDC20556318	0	1	0	0	0	R
NMDC20558336	1	1	0	0	0	R
NMDC20558337	0	1	0	0	0	R
NMDC20552300	0	1	0	0	0	R
NMDC20556321	0	1	0	0	0	R
NMDC20556323	0	1	0	0	0	R
NMDC20552301	1	1	0	0	0	R
NMDC20554326	1	0	0	0	0	R
NMDC20587465	1	1	0	0	0	R
NMDC20554327	1	1	0	0	0	R
NMDC20552302	0	1	0	0	0	R
NMDC20558339	1	0	0	0	0	R
NMDC20587468	1	0	0	0	0	R
NMDC20587469	0	1	0	0	0	R
NMDC20587470	1	1	0	0	0	R
NMDC20552303	0	1	0	0	0	R
NMDC20587473	1	0	0	0	0	R
NMDC20556326	0	1	0	0	0	R
NMDC20587474	0	1	0	0	0	R
NMDC20587475	0	1	0	0	0	R
NMDC20554329	1	0	0	0	0	R
NMDC20552306	1	0	0	0	0	R
NMDC20587478	0	1	0	0	0	R
NMDC20556327	1	0	0	0	0	R
NMDC20558343	1	1	0	0	0	R
NMDC20556328	0	1	0	0	0	R
NMDC20587482	1	1	0	0	0	R
NMDC20558345	1	1	0	0	0	R
NMDC20587483	0	1	0	0	0	R
NMDC20587484	1	0	0	0	0	R
NMDC20552307	0	1	0	0	0	R
NMDC20554332	1	0	0	0	0	R
NMDC20587489	1	0	0	0	0	R
NMDC20552310	0	1	0	0	0	R
NMDC20558347	0	1	0	0	0	R
NMDC20556332	0	1	0	0	0	R
NMDC20554334	1	1	0	0	0	R
NMDC20554335	0	1	0	0	0	R
NMDC20558349	1	0	0	0	0	R
NMDC20554336	0	1	0	0	0	R
NMDC20587498	0	1	0	0	0	R
NMDC20587499	0	1	0	0	0	R
NMDC20587500	0	1	0	0	0	R
NMDC20587501	1	0	0	0	0	R
NMDC20587502	0	1	0	0	0	R
NMDC20552313	1	1	0	0	0	R
NMDC20554337	1	0	0	0	0	R
NMDC20587507	0	1	0	0	0	R
NMDC20587508	0	1	0	0	0	R
NMDC20552315	1	0	0	0	0	R
NMDC20552316	0	1	0	0	0	R
NMDC20558351	0	1	0	0	0	R
NMDC20558352	0	1	0	0	0	R
NMDC20587512	0	1	0	0	0	R
NMDC20587513	1	0	0	0	0	R
NMDC20554338	0	1	0	0	0	R
NMDC20587516	0	1	0	0	0	R
NMDC20552321	1	1	0	0	0	R
NMDC20552322	0	1	0	0	0	R
NMDC20552323	0	1	0	0	0	R
NMDC20587520	1	0	0	0	0	R
NMDC20587521	1	0	0	0	0	R
NMDC20554340	1	0	0	0	0	R
NMDC20558361	1	0	0	0	0	R
NMDC20587524	1	0	0	0	0	R
NMDC20587525	1	0	0	0	0	R
NMDC20587526	1	1	0	0	0	R
NMDC20558362	0	1	0	0	0	R
NMDC20587527	0	1	0	0	0	R
NMDC20552324	0	1	0	0	0	R
NMDC20554344	0	1	0	0	0	R
NMDC20587530	0	1	0	0	0	R
NMDC20587533	0	1	0	0	0	R
NMDC20552325	1	0	0	0	0	R
NMDC20587534	0	1	0	0	0	R
NMDC20587536	1	0	0	0	0	R
NMDC20558364	0	1	0	0	0	R
NMDC20558365	0	1	0	0	0	R
NMDC20556339	1	0	0	0	0	R
NMDC20587537	0	1	0	0	0	R
NMDC20558368	0	1	0	0	0	R
NMDC20587539	1	0	0	0	0	R
NMDC20552328	0	1	0	0	0	R
NMDC20554346	0	1	0	0	0	R
NMDC20554348	0	1	0	0	0	R
NMDC20552329	1	0	0	0	0	R
NMDC20587544	0	1	0	0	0	R
NMDC20556341	0	1	0	0	0	R
NMDC20552330	0	1	0	0	0	R
NMDC20587545	1	1	0	0	0	R
NMDC20587548	0	1	0	0	0	R
NMDC20556342	0	1	0	0	0	R
NMDC20554351	0	1	0	0	0	R
NMDC20554352	0	1	0	0	0	R
NMDC20587552	1	0	0	0	0	R
NMDC20587553	0	1	0	0	0	R
NMDC20552336	0	1	0	0	0	R
NMDC20552337	0	1	0	0	0	R
NMDC20556346	1	0	0	0	0	R
NMDC20556347	0	1	0	0	0	R
NMDC20554353	1	0	0	0	0	R
NMDC20587555	0	1	0	0	0	R
NMDC20554354	0	1	0	0	0	R
NMDC20552338	0	1	0	0	0	R
NMDC20587560	1	0	0	0	0	R
NMDC20554358	0	1	0	0	0	R
NMDC20554359	0	1	0	0	0	R
NMDC20552343	0	1	0	0	0	R
NMDC20552344	0	1	0	0	0	R
NMDC20587566	0	1	0	0	0	R
NMDC20554361	0	1	0	0	0	R
NMDC20558374	1	1	0	0	0	R
NMDC20558375	1	1	0	0	0	R
NMDC20558376	0	0	0	0	1	R
NMDC20587567	0	1	0	0	0	R
NMDC20587570	0	0	0	0	0	R
NMDC20587575	0	1	0	0	0	R
NMDC20587577	0	1	0	0	0	R
NMDC20587578	0	1	0	0	0	R
NMDC20587579	0	0	0	0	0	R
NMDC20587580	0	1	0	0	0	R
NMDC20587582	0	0	0	0	0	R
NMDC20587583	0	0	0	0	0	R
NMDC20587587	0	1	0	0	0	R
NMDC20587590	0	1	0	0	0	R
NMDC20587592	0	1	0	0	0	R
NMDC20587593	0	0	0	0	0	R
NMDC20587594	1	0	0	0	0	R
NMDC20587596	1	0	0	0	0	R
NMDC20587597	1	0	0	0	0	R
NMDC20587598	0	1	0	0	0	R
NMDC20587600	0	1	0	0	0	R
NMDC20587603	0	1	0	0	0	R
NMDC20587604	0	1	0	0	0	R
NMDC20587605	0	0	0	0	0	R
NMDC20587606	0	1	0	0	0	R
NMDC20587608	0	1	0	0	0	R
NMDC20587610	1	0	0	0	0	R
NMDC20587611	0	0	0	0	0	R
NMDC20587616	1	0	0	0	0	R
NMDC20587620	1	0	0	0	0	R
NMDC20587621	0	1	0	0	0	R
NMDC20587623	0	1	0	0	0	R
NMDC20587624	0	1	0	0	0	R
NMDC20587625	0	1	0	0	0	R
NMDC20587626	0	1	0	0	0	R
NMDC20587627	0	1	0	0	0	R
NMDC20587628	0	1	0	0	0	R
NMDC20587629	0	1	0	0	0	R
NMDC20587630	0	1	0	0	0	R
NMDC20587631	0	1	0	0	0	R
NMDC20587632	0	1	0	0	0	R
NMDC20587634	0	1	0	0	0	R
NMDC20587637	0	1	0	0	0	R
NMDC20587636	1	0	0	0	0	R
NMDC20587638	0	1	0	0	0	R
NMDC20587639	0	1	0	0	0	R
NMDC20587640	0	0	0	0	0	R
NMDC20587641	0	1	0	0	0	R
NMDC20587643	0	1	0	0	0	R
NMDC20587650	0	1	0	0	0	R
NMDC20587653	0	1	0	0	0	R
NMDC20587655	0	1	0	0	0	R
NMDC20587656	0	1	0	0	0	R
NMDC20587658	0	1	0	0	0	R
NMDC20587660	1	0	0	0	0	R
NMDC20587664	0	1	0	0	0	R
NMDC20587665	0	1	0	0	0	R
NMDC20587666	0	1	0	0	0	R
NMDC20587667	0	1	0	0	0	R
NMDC20587670	0	1	0	0	0	R
NMDC20587671	0	1	0	0	0	R
NMDC20587672	0	1	0	0	0	R
NMDC20587673	0	1	0	0	0	R
NMDC20587674	1	0	0	0	0	R
NMDC20587675	0	1	0	0	0	R
NMDC20587676	0	1	0	0	0	R
NMDC20587677	0	1	0	0	0	R
NMDC20587678	0	1	0	0	0	R
NMDC20587679	0	1	0	0	0	R
NMDC20587680	0	1	0	0	0	R
NMDC20587681	0	1	0	0	0	R
NMDC20587687	0	1	0	0	0	R
NMDC20587688	0	1	0	0	0	R
NMDC20587690	0	1	0	0	0	R
NMDC20587691	0	1	0	0	0	R
NMDC20587692	0	0	1	1	0	R
NMDC20587693	0	1	0	0	0	R
NMDC20587694	0	1	0	0	0	R
NMDC20587695	0	1	0	0	0	R
NMDC20587696	0	1	0	0	0	R
NMDC20587699	0	0	1	1	0	R
NMDC20587700	0	1	0	0	0	R
NMDC20587702	0	1	0	0	0	R
NMDC20587703	0	1	0	0	0	R
NMDC20587705	0	0	0	0	0	R
NMDC20587706	0	1	0	0	0	R
NMDC20587708	0	1	0	0	0	R
NMDC20587710	0	1	0	0	0	R
NMDC20587711	0	1	0	0	0	R
NMDC20587712	1	1	0	0	0	R
NMDC20587713	0	1	0	0	0	R
NMDC20587716	0	1	0	0	0	R
NMDC20587717	0	1	0	0	0	R
NMDC20587718	0	1	0	0	0	R
NMDC20587720	0	1	0	0	0	R
NMDC20587722	0	1	0	0	0	R
NMDC20587724	0	1	0	0	0	R
NMDC20587725	0	1	0	0	0	R
NMDC20587726	1	0	0	0	0	R
NMDC20587732	0	1	0	0	0	R
NMDC20587733	0	1	0	0	0	R
NMDC20587734	1	1	0	0	0	R
NMDC20587735	1	1	0	0	0	R
NMDC20587737	0	1	0	0	0	R
NMDC20587738	0	1	0	0	0	R
NMDC20587740	0	1	0	0	0	R
NMDC20587741	1	1	0	0	0	R
NMDC20587745	0	1	0	0	0	R
NMDC20587747	0	1	0	0	0	R
NMDC20587754	1	0	0	0	0	R
NMDC20587755	1	0	0	0	0	R
NMDC20587756	0	1	0	0	0	R
NMDC20587759	0	1	0	0	0	R
NMDC20587760	1	0	0	0	0	R
NMDC20587761	0	1	0	0	0	R
NMDC20587763	0	1	0	0	0	R
NMDC20587764	0	1	0	0	0	R
NMDC20587765	0	1	0	0	0	R
NMDC20587766	1	0	0	0	0	R
NMDC20587772	0	1	0	0	0	R
NMDC20587773	1	0	0	0	0	R
NMDC20587774	1	0	0	0	0	R
NMDC20587778	1	1	0	0	0	R
NMDC20587779	0	1	0	0	0	R
NMDC20587780	0	1	0	0	0	R
NMDC20587781	1	0	0	0	0	R
NMDC20587782	1	0	0	0	0	R
NMDC20587784	0	1	0	0	0	R
NMDC20587785	0	1	0	0	0	R
NMDC20587786	1	1	0	0	0	R
NMDC20587787	0	1	0	0	0	R
NMDC20587788	0	1	0	0	0	R
NMDC20587789	0	1	0	0	0	R
NMDC20587790	0	1	0	0	0	R
NMDC20587793	0	1	0	0	0	R
NMDC20587794	1	0	0	0	0	R
NMDC20587795	0	1	0	0	0	R
NMDC20587796	0	1	0	0	0	R
NMDC20587798	0	1	0	0	0	R
NMDC20587800	0	1	0	0	0	R
NMDC20587802	0	1	0	0	0	R
NMDC20587803	1	0	0	0	0	R
NMDC20587805	0	1	0	0	0	R
NMDC20587806	0	1	0	0	0	R
NMDC20587810	0	1	0	0	0	R
NMDC20587812	0	1	0	0	0	R
NMDC20587813	0	1	0	0	0	R
NMDC20587814	0	1	0	0	0	R
NMDC20587815	0	1	0	0	0	R
NMDC20587816	0	1	0	0	0	R
NMDC20587817	0	1	0	0	0	R
NMDC20587818	1	0	0	0	0	R
NMDC20587819	1	0	0	0	0	R
NMDC20587821	0	1	0	0	0	R
NMDC20587823	0	1	0	0	0	R
NMDC20587826	0	1	0	0	0	R
NMDC20587832	0	1	0	0	0	R
NMDC20587836	0	1	0	0	0	R
NMDC20587837	0	1	0	0	0	R
NMDC20587839	1	0	0	0	0	R
NMDC20587840	1	0	0	0	0	R
NMDC20587842	0	1	0	0	0	R
NMDC20587846	0	1	0	0	0	R
NMDC20587847	0	1	0	0	0	R
NMDC20587849	1	0	0	0	0	R
NMDC20587852	0	1	0	0	0	R
NMDC20587854	1	0	0	0	0	R
NMDC20587857	0	0	0	0	0	R
NMDC20587858	0	1	0	0	0	R
NMDC20587867	0	0	0	0	0	R
NMDC20587868	0	1	0	0	0	R
NMDC20587869	0	1	0	0	0	R
NMDC20587870	0	1	0	0	0	R
NMDC20587873	0	1	0	0	0	R
NMDC20587874	0	1	0	0	0	R
NMDC20587875	0	1	0	0	0	R
NMDC20587876	0	1	0	0	0	R
NMDC20587877	0	1	0	0	0	R
NMDC20587878	1	1	0	0	0	R
NMDC20587880	0	1	0	0	0	R
NMDC20587881	0	1	0	0	0	R
NMDC20587882	0	1	0	0	0	R
NMDC20587883	0	1	0	0	0	R
NMDC20587884	0	1	0	0	0	R
NMDC20587886	0	1	0	0	0	R
NMDC20587887	0	1	0	0	0	R
NMDC20587888	0	1	0	0	0	R
NMDC20587891	0	1	0	0	0	R
NMDC20587893	0	1	0	0	0	R
NMDC20587894	0	1	0	0	0	R
NMDC20587899	0	1	0	0	0	R
NMDC20587900	0	1	0	0	0	R
NMDC20587902	0	1	0	0	0	R
NMDC20587903	0	1	0	0	0	R
NMDC20587905	0	1	0	0	0	R
NMDC20587906	0	1	0	0	0	R
NMDC20587908	0	1	0	0	0	R
NMDC20587910	0	1	0	0	0	R
NMDC20587911	0	1	0	0	0	R
NMDC20587912	1	0	0	0	0	R
NMDC20587913	1	0	0	0	0	R
NMDC20587914	0	1	0	0	0	R
NMDC20587915	0	1	0	0	0	R
NMDC20587916	0	1	0	0	0	R
NMDC20587917	0	1	0	0	0	R
NMDC20587920	0	1	0	0	0	R
NMDC20587921	0	1	0	0	0	R
NMDC20587922	0	1	0	0	0	R
NMDC20587923	0	1	0	0	0	R
NMDC20587924	0	1	0	0	0	R
NMDC20587925	0	1	0	0	0	R
NMDC20587928	0	1	0	0	0	R
NMDC20587929	0	1	0	0	0	R
NMDC20587930	1	0	0	0	0	R
NMDC20587931	0	1	0	0	0	R
NMDC20587933	1	0	0	0	0	R
NMDC20587934	1	0	0	0	0	R
NMDC20587935	1	0	0	0	0	R
NMDC20587936	0	1	0	0	0	R
NMDC20587939	0	1	0	0	0	R
NMDC20587940	0	1	0	0	0	R
NMDC20587942	0	1	0	0	0	R
NMDC20587943	0	1	0	0	0	R
NMDC20587944	0	1	0	0	0	R
NMDC20587947	1	0	0	0	0	R
NMDC20587948	1	0	0	0	0	R
NMDC20587950	0	1	0	0	0	R
NMDC20587951	0	1	0	0	0	R
NMDC20587952	0	1	0	0	0	R
NMDC20587956	0	0	1	1	0	R
NMDC20587959	0	1	0	0	0	R
NMDC20587960	0	1	0	0	0	R
NMDC20587963	0	1	0	0	0	R
NMDC20587964	0	1	0	0	0	R
NMDC20587965	0	1	0	0	0	R
NMDC20587966	0	1	0	0	0	R
NMDC20587970	0	1	0	0	0	R
NMDC20587972	0	1	0	0	0	R
NMDC20587975	0	1	0	0	0	R
NMDC20587976	0	1	0	0	0	R
NMDC20587978	0	1	0	0	0	R
NMDC20587980	0	1	0	0	0	R
NMDC20587984	0	1	0	0	0	R
NMDC20587986	0	1	0	0	0	R
NMDC20587989	0	1	0	0	0	R
NMDC20587991	0	1	0	0	0	R
NMDC20587996	0	1	0	0	0	R
NMDC20588002	0	1	0	0	0	R
NMDC20588003	0	1	0	0	0	R
NMDC20588004	0	1	0	0	0	R
NMDC20588007	0	1	0	0	0	R
NMDC20588011	0	1	0	0	0	R
NMDC20588014	0	1	0	0	0	R
NMDC20588015	0	1	0	0	0	R
NMDC20588016	0	1	0	0	0	R
NMDC20588023	0	1	0	0	0	R
NMDC20588024	0	1	0	0	0	R
NMDC20588025	0	0	0	0	0	R
NMDC20588026	0	1	0	0	0	R
NMDC20588027	0	1	0	0	0	R
NMDC20588029	0	1	0	0	0	R
NMDC20588032	0	1	0	0	0	R
NMDC20588034	0	1	0	0	0	R
NMDC20588035	0	1	0	0	0	R
NMDC20588039	0	1	0	0	0	R
NMDC20588042	0	1	0	0	0	R
NMDC20588043	0	1	0	0	0	R
NMDC20588044	0	1	0	0	0	R
NMDC20588045	0	1	0	0	0	R
NMDC20588047	0	0	1	1	0	R
NMDC20588048	0	1	0	0	0	R
NMDC20588049	0	0	1	1	0	R
NMDC20588050	0	1	0	0	0	R
NMDC20588051	0	1	0	0	0	R
NMDC20588052	0	0	1	1	0	R
NMDC20588053	0	1	0	0	0	R
NMDC20588055	0	1	0	0	0	R
NMDC20588056	0	1	0	0	0	R
NMDC20588061	0	1	0	0	0	R
NMDC20588064	0	1	0	0	0	R
NMDC20588065	0	1	0	0	0	R
NMDC20588066	0	1	0	0	0	R
NMDC20588067	0	1	0	0	0	R
NMDC20588075	1	0	0	0	0	R
NMDC20552358	0	1	0	0	0	R
NMDC20588101	0	1	0	0	0	R
NMDC20588116	0	1	0	0	0	R
NMDC20552364	0	1	0	0	0	R
NMDC20588117	0	1	0	0	0	R
NMDC20588118	0	1	0	0	0	R
NMDC20588119	0	1	0	0	0	R
NMDC20588122	0	1	0	0	0	R
NMDC20588123	0	1	0	0	0	R
NMDC20558393	0	1	0	0	0	R
NMDC20588124	0	1	0	0	0	R
NMDC20556361	0	1	0	0	0	R
NMDC20552368	1	0	0	0	0	R
NMDC20588136	0	1	0	0	0	R
NMDC20558397	0	1	0	0	0	R
NMDC20554383	0	1	0	0	0	R
NMDC20556367	0	1	0	0	0	R
NMDC20588138	0	1	0	0	0	R
NMDC20588140	0	1	0	0	0	R
NMDC20588147	0	1	0	0	0	R
NMDC20552381	0	1	0	0	0	R
NMDC20558400	0	1	0	0	0	R
NMDC20588148	0	1	0	0	0	R
NMDC20554388	0	0	0	0	0	R
NMDC20552390	0	1	0	0	0	R
NMDC20554393	0	1	0	0	0	R
NMDC20588171	0	1	0	0	0	R
NMDC20588173	0	1	0	0	0	R
NMDC20558196	1	0	0	0	0	R
NMDC20587207	0	1	0	0	0	R
NMDC20587208	0	1	0	0	0	R
NMDC20554203	1	0	0	0	0	R
NMDC20587209	0	1	0	0	0	R
NMDC20587210	0	1	0	0	0	R
NMDC20554204	0	1	0	0	0	R
NMDC20554205	1	0	0	0	0	R
NMDC20587370	1	1	0	0	0	R
NMDC20558291	0	1	0	0	0	R
NMDC20552267	0	1	0	0	0	R
NMDC20587372	1	0	0	0	0	R
NMDC20552268	1	0	0	0	0	R
NMDC20554284	1	1	0	0	0	R
NMDC20587557	1	0	0	0	0	R
NMDC20552342	0	1	0	0	0	R
NMDC20587565	1	0	0	0	0	R
NMDC20554360	0	1	0	0	0	R
NMDC20589043	1	0	0	0	0	R
NMDC20556578	0	1	0	0	0	R
NMDC20588755	1	0	0	0	0	R
NMDC20558577	1	0	0	0	0	R
NMDC20554581	0	1	0	0	0	R
NMDC20588756	0	1	0	0	0	R
NMDC20554583	0	1	0	0	0	R
NMDC20588761	0	1	0	0	0	R
NMDC20588762	0	1	0	0	0	R
NMDC20558580	0	1	0	0	0	R
NMDC20552586	0	1	0	0	0	R
NMDC20556584	0	1	0	0	0	R
NMDC20552587	0	1	0	0	0	R
NMDC20588794	0	1	0	0	0	R
NMDC20556585	0	1	0	0	0	R
NMDC20558590	0	1	0	0	0	R
NMDC20556587	0	1	0	0	0	R
NMDC20556588	0	1	0	0	0	R
NMDC20558591	1	0	0	0	0	R
NMDC20554591	1	0	0	0	0	R
NMDC20588796	1	0	0	0	0	R
NMDC20588797	1	0	0	0	0	R
NMDC20588798	1	0	0	0	0	R
NMDC20558596	0	1	0	0	0	R
NMDC20558597	0	1	0	0	0	R
NMDC20552595	0	1	0	0	0	R
NMDC20554597	0	1	0	0	0	R
NMDC20552597	0	1	0	0	0	R
NMDC20588820	0	1	0	0	0	R
NMDC20588824	1	0	0	0	0	R
NMDC20588826	0	1	0	0	0	R
NMDC20588827	0	1	0	0	0	R
NMDC20588828	0	1	0	0	0	R
NMDC20558606	0	1	0	0	0	R
NMDC20552600	0	1	0	0	0	R
NMDC20554602	0	1	0	0	0	R
NMDC20558604	0	1	0	0	0	R
NMDC20554603	0	1	0	0	0	R
NMDC20552601	0	1	0	0	0	R
NMDC20550668	1	0	0	0	0	R
NMDC20554670	0	1	0	0	0	R
NMDC20554672	0	1	0	0	0	R
NMDC20556670	0	1	0	0	0	R
NMDC20552668	0	1	0	0	0	R
NMDC20556673	1	0	0	0	0	R
NMDC20582174	0	1	0	0	0	R
NMDC20550669	1	0	0	0	0	R
NMDC20552670	0	1	0	0	0	R
NMDC20552671	0	1	0	0	0	R
NMDC20582176	0	1	0	0	0	R
NMDC20582177	0	0	0	0	0	R
NMDC20582178	0	1	0	0	0	R
NMDC20556674	0	1	0	0	0	R
NMDC20582179	0	1	0	0	0	R
NMDC20556675	0	1	0	0	0	R
NMDC20556676	1	0	0	0	0	R
NMDC20552674	1	0	0	0	0	R
NMDC20552675	0	1	0	0	0	R
NMDC20554677	0	1	0	0	0	R
NMDC20552676	0	1	0	0	0	R
NMDC20552677	0	1	0	0	0	R
NMDC20556678	1	1	0	0	0	R
NMDC20550674	0	1	0	0	0	R
NMDC20552681	0	0	0	0	0	R
NMDC20582183	0	0	0	0	1	R
NMDC20582184	0	1	0	0	0	R
NMDC20556680	0	1	0	0	0	R
NMDC20556681	0	1	0	0	0	R
NMDC20550677	0	1	0	0	0	R
NMDC20582187	0	1	0	0	0	R
NMDC20582188	0	1	0	0	0	R
NMDC20552683	1	0	0	0	0	R
NMDC20582191	0	1	0	0	0	R
NMDC20552685	1	0	0	0	0	R
NMDC20582192	0	1	0	0	0	R
NMDC20556682	1	0	0	0	0	R
NMDC20582194	0	1	0	0	0	R
NMDC20582195	0	1	0	0	0	R
NMDC20582196	0	1	0	0	0	R
NMDC20582198	0	1	0	0	0	R
NMDC20552686	0	1	0	0	0	R
NMDC20552687	0	1	0	0	0	R
NMDC20552688	0	0	0	0	0	R
NMDC20582201	0	1	0	0	0	R
NMDC20582202	0	0	0	0	0	R
NMDC20550680	1	0	0	0	0	R
NMDC20554684	0	1	0	0	0	R
NMDC20582208	1	0	0	0	0	R
NMDC20556686	1	1	0	0	0	R
NMDC20554685	1	0	0	0	0	R
NMDC20550681	0	1	0	0	0	R
NMDC20554686	0	1	0	0	0	R
NMDC20552694	0	1	0	0	0	R
NMDC20552695	0	1	0	0	0	R
NMDC20550683	1	0	0	0	0	R
NMDC20550684	1	0	0	0	0	R
NMDC20582215	0	1	0	0	0	R
NMDC20552696	0	1	0	0	0	R
NMDC20556689	0	1	0	0	0	R
NMDC20550685	0	1	0	0	0	R
NMDC20582216	0	1	0	0	0	R
NMDC20556692	0	0	0	0	0	R
NMDC20582217	0	1	0	0	0	R
NMDC20556690	0	1	0	0	0	R
NMDC20556691	1	0	0	0	0	R
NMDC20552697	0	0	0	0	0	R
NMDC20554690	0	1	0	0	0	R
NMDC20582219	1	0	0	0	0	R
NMDC20556693	0	0	0	0	0	R
NMDC20556695	0	1	0	0	0	R
NMDC20550689	1	0	0	0	0	R
NMDC20552699	0	1	0	0	0	R
NMDC20582225	0	1	0	0	0	R
NMDC20582226	0	1	0	0	0	R
NMDC20582227	0	1	0	0	0	R
NMDC20582230	1	0	0	0	0	R
NMDC20550696	0	1	0	0	0	R
NMDC20582235	0	0	0	0	0	R
NMDC20554694	0	1	0	0	0	R
NMDC20552708	0	1	0	0	0	R
NMDC20556703	0	0	0	0	0	R
NMDC20550697	0	1	0	0	0	R
NMDC20552711	0	1	0	0	0	R
NMDC20582242	1	0	0	0	0	R
NMDC20556709	0	1	0	0	0	R
NMDC20552712	0	1	0	0	0	R
NMDC20582245	1	0	0	0	0	R
NMDC20582246	1	0	0	0	0	R
NMDC20582247	0	1	0	0	0	R
NMDC20552713	1	0	0	0	0	R
NMDC20582249	1	0	0	0	0	R
NMDC20582251	0	1	0	0	0	R
NMDC20582252	0	1	0	0	0	R
NMDC20552714	0	1	0	0	0	R
NMDC20552715	0	0	0	0	0	R
NMDC20582253	0	1	0	0	0	R
NMDC20582256	0	1	0	0	0	R
NMDC20582257	1	0	0	0	0	R
NMDC20556711	1	1	0	0	0	R
NMDC20552716	1	0	0	0	0	R
NMDC20554699	1	0	0	0	0	R
NMDC20550699	1	0	0	0	0	R
NMDC20552717	0	1	0	0	0	R
NMDC20582261	1	0	0	0	0	R
NMDC20556715	1	0	0	0	0	R
NMDC20550700	0	1	0	0	0	R
NMDC20582262	0	1	0	0	0	R
NMDC20550701	1	0	0	0	0	R
NMDC20582266	1	0	0	0	0	R
NMDC20556717	1	0	0	0	0	R
NMDC20582268	0	1	0	0	0	R
NMDC20582270	1	0	0	0	0	R
NMDC20582271	0	1	0	0	0	R
NMDC20552722	1	0	0	0	0	R
NMDC20582275	0	1	0	0	0	R
NMDC20582276	0	1	0	0	0	R
NMDC20550704	0	1	0	0	0	R
NMDC20554703	1	0	0	0	0	R
NMDC20582277	0	1	0	0	0	R
NMDC20556721	1	0	0	0	0	R
NMDC20582278	0	1	0	0	0	R
NMDC20556722	1	1	0	0	0	R
NMDC20582279	0	1	0	0	0	R
NMDC20554705	1	0	0	0	0	R
NMDC20550705	1	1	0	0	0	R
NMDC20554706	0	1	0	0	0	R
NMDC20582281	1	0	0	0	0	R
NMDC20556723	0	0	0	0	0	R
NMDC20582282	1	0	0	0	0	R
NMDC20550707	0	1	0	0	0	R
NMDC20556724	0	1	0	0	0	R
NMDC20550710	1	1	0	0	0	R
NMDC20554707	1	0	0	0	0	R
NMDC20550712	1	1	0	0	0	R
NMDC20582285	1	0	0	0	0	R
NMDC20554710	1	0	0	0	0	R
NMDC20554711	0	1	0	0	0	R
NMDC20550711	0	1	0	0	0	R
NMDC20552725	1	0	0	0	0	R
NMDC20550713	0	1	0	0	0	R
NMDC20554713	0	0	0	0	0	R
NMDC20556728	0	1	0	0	0	R
NMDC20550715	0	1	0	0	0	R
NMDC20554714	0	1	0	0	0	R
NMDC20552726	1	1	0	0	0	R
NMDC20582292	0	1	0	0	0	R
NMDC20582294	1	1	0	0	0	R
NMDC20550717	1	1	0	0	0	R
NMDC20552728	0	1	0	0	0	R
NMDC20550721	0	1	0	0	0	R
NMDC20582297	0	1	0	0	0	R
NMDC20582298	0	1	0	0	0	R
NMDC20552731	1	0	0	0	0	R
NMDC20582299	1	0	0	0	0	R
NMDC20582300	0	1	0	0	0	R
NMDC20550725	0	1	0	0	0	R
NMDC20554717	0	1	0	0	0	R
NMDC20554718	0	1	0	0	0	R
NMDC20556732	0	1	0	0	0	R
NMDC20582307	0	1	0	0	0	R
NMDC20552734	0	1	0	0	0	R
NMDC20556734	0	1	0	0	0	R
NMDC20582311	0	1	0	0	0	R
NMDC20582312	0	0	0	0	0	R
NMDC20556735	0	0	0	0	0	R
NMDC20582314	0	1	0	0	0	R
NMDC20556736	0	1	0	0	0	R
NMDC20552736	1	1	0	0	0	R
NMDC20582315	0	1	0	0	0	R
NMDC20552738	1	0	0	0	0	R
NMDC20582316	0	1	0	0	0	R
NMDC20556737	1	0	0	0	0	R
NMDC20554722	1	0	0	0	0	R
NMDC20582319	1	0	0	0	0	R
NMDC20550733	0	1	0	0	0	R
NMDC20582322	1	0	0	0	0	R
NMDC20582323	0	1	0	0	0	R
NMDC20556739	0	1	0	0	0	R
NMDC20554724	0	1	0	0	0	R
NMDC20582324	0	1	0	0	0	R
NMDC20550734	0	1	0	0	0	R
NMDC20554725	0	1	0	0	0	R
NMDC20582325	0	1	0	0	0	R
NMDC20556740	1	0	0	0	0	R
NMDC20582327	1	0	0	0	0	R
NMDC20552740	0	1	0	0	0	R
NMDC20582328	0	1	0	0	0	R
NMDC20552742	0	1	0	0	0	R
NMDC20556741	0	1	0	0	0	R
NMDC20552743	1	1	0	0	0	R
NMDC20552744	0	1	0	0	0	R
NMDC20582329	0	1	0	0	0	R
NMDC20582330	0	1	0	0	0	R
NMDC20556744	0	1	0	0	0	R
NMDC20552746	0	1	0	0	0	R
NMDC20582337	0	0	0	0	1	R
NMDC20556748	0	1	0	0	0	R
NMDC20582338	0	1	0	0	0	R
NMDC20554729	1	0	0	0	0	R
NMDC20552751	0	1	0	0	0	R
NMDC20556753	0	0	0	0	0	R
NMDC20552754	0	1	0	0	0	R
NMDC20552756	0	1	0	0	0	R
NMDC20582346	0	1	0	0	0	R
NMDC20582347	0	1	0	0	0	R
NMDC20556756	0	1	0	0	0	R
NMDC20552757	0	1	0	0	0	R
NMDC20554732	0	1	0	0	0	R
NMDC20582357	0	1	0	0	0	R
NMDC20582359	0	1	0	0	0	R
NMDC20582360	0	1	0	0	0	R
NMDC20554733	0	1	0	0	0	R
NMDC20552758	0	1	0	0	0	R
NMDC20552759	0	0	0	0	0	R
NMDC20582365	1	0	0	0	1	R
NMDC20550745	1	0	0	0	0	R
NMDC20582366	0	1	0	0	0	R
NMDC20556759	1	0	0	0	0	R
NMDC20550746	1	1	0	0	0	R
NMDC20550747	1	0	0	0	0	R
NMDC20550750	0	1	0	0	0	R
NMDC20550749	1	0	0	0	0	R
NMDC20582367	1	1	0	0	0	R
NMDC20582368	0	1	0	0	0	R
NMDC20556760	0	0	1	1	0	R
NMDC20552761	0	1	0	0	0	R
NMDC20556761	0	1	0	0	0	R
NMDC20554735	0	1	0	0	0	R
NMDC20582376	0	1	0	0	0	R
NMDC20556762	0	1	0	0	0	R
NMDC20582378	0	1	0	0	0	R
NMDC20582380	0	1	0	0	0	R
NMDC20550752	0	1	0	0	0	R
NMDC20582382	1	0	0	0	0	R
NMDC20552764	0	1	0	0	0	R
NMDC20582387	0	1	0	0	0	R
NMDC20582393	0	1	0	0	0	R
NMDC20550757	0	1	0	0	0	R
NMDC20552769	0	1	0	0	0	R
NMDC20582394	0	1	0	0	0	R
NMDC20582395	1	0	0	0	0	R
NMDC20582396	0	1	0	0	0	R
NMDC20582397	0	1	0	0	0	R
NMDC20552770	1	0	0	0	0	R
NMDC20550758	1	0	0	0	0	R
NMDC20582399	1	0	0	0	0	R
NMDC20552771	0	0	0	0	0	R
NMDC20582405	0	1	0	0	0	R
NMDC20550761	0	0	0	0	0	R
NMDC20550763	0	1	0	0	1	R
NMDC20582406	0	0	0	0	0	R
NMDC20554741	0	1	0	0	0	R
NMDC20556770	0	1	0	0	0	R
NMDC20556772	0	1	0	0	0	R
NMDC20554744	1	0	0	0	0	R
NMDC20556776	1	0	0	0	0	R
NMDC20550768	1	0	0	0	0	R
NMDC20582413	0	0	0	0	0	R
NMDC20556777	0	1	0	0	0	R
NMDC20550769	1	0	0	0	0	R
NMDC20550771	0	1	0	0	0	R
NMDC20550772	0	1	0	0	0	R
NMDC20552776	1	0	0	0	0	R
NMDC20582414	0	1	0	0	0	R
NMDC20554745	0	0	0	0	0	R
NMDC20554746	0	1	0	0	0	R
NMDC20582418	0	0	0	0	0	R
NMDC20554748	0	0	0	0	0	R
NMDC20554749	0	1	0	0	0	R
NMDC20554753	0	0	0	0	1	R
NMDC20582425	1	0	0	0	0	R
NMDC20582426	0	0	0	0	0	R
NMDC20582432	0	1	0	0	0	R
NMDC20556784	1	0	0	0	0	R
NMDC20582440	0	0	0	0	0	R
NMDC20554761	0	0	0	0	0	R
NMDC20554762	0	0	0	0	0	R
NMDC20552787	1	0	0	0	0	R
NMDC20556788	0	1	0	0	0	R
NMDC20554763	0	1	0	0	0	R
NMDC20582444	0	1	0	0	0	R
NMDC20556789	0	1	0	0	0	R
NMDC20556790	0	0	0	0	0	R
NMDC20582445	0	1	0	0	0	R
NMDC20550778	0	1	0	0	0	R
NMDC20582446	0	1	0	0	0	R
NMDC20550779	1	0	0	0	0	R
NMDC20556795	0	1	0	0	0	R
NMDC20552791	1	1	0	0	0	R
NMDC20582455	0	0	0	0	0	R
NMDC20552795	0	1	0	0	0	R
NMDC20556802	1	1	0	0	0	R
NMDC20550786	0	1	0	0	0	R
NMDC20550787	0	0	0	0	0	R
NMDC20582461	0	0	0	0	0	R
NMDC20582462	1	0	0	0	0	R
NMDC20554770	0	1	0	0	0	R
NMDC20582465	0	1	0	0	0	R
NMDC20550789	0	1	0	0	0	R
NMDC20582466	0	1	0	0	0	R
NMDC20550790	1	0	0	0	0	R
NMDC20582469	0	1	0	0	0	R
NMDC20552797	1	0	0	0	0	R
NMDC20552798	1	0	0	0	0	R
NMDC20550791	0	0	0	0	0	R
NMDC20582471	0	0	0	0	0	R
NMDC20552800	0	1	0	0	0	R
NMDC20556807	0	1	0	0	0	R
NMDC20552802	0	1	0	0	0	R
NMDC20554777	0	1	0	0	0	R
NMDC20582416	1	0	0	0	0	R
NMDC20550793	0	1	0	0	0	R
NMDC20582623	0	1	0	0	0	R
NMDC20582624	0	1	0	0	0	R
NMDC20556819	1	0	0	0	0	R
NMDC20582625	1	0	0	0	0	R
NMDC20552813	0	1	0	0	0	R
NMDC20556820	1	0	0	0	0	R
NMDC20550807	0	1	0	0	0	R
NMDC20554797	1	0	0	0	0	R
NMDC20550808	1	0	0	0	0	R
NMDC20552814	1	0	0	0	0	R
NMDC20552815	0	1	0	0	0	R
NMDC20552816	1	0	0	0	0	R
NMDC20582628	0	1	0	0	0	R
NMDC20554798	0	1	0	0	0	R
NMDC20582629	0	1	0	0	0	R
NMDC20552817	0	1	0	0	0	R
NMDC20582630	1	0	0	0	0	R
NMDC20582631	1	0	0	0	0	R
NMDC20582632	1	0	0	0	0	R
NMDC20550809	1	0	0	0	0	R
NMDC20550811	0	1	0	0	0	R
NMDC20582633	1	1	0	0	0	R
NMDC20582634	0	1	0	0	0	R
NMDC20582635	0	1	0	0	0	R
NMDC20582636	1	0	0	0	0	R
NMDC20550813	0	1	0	0	0	R
NMDC20582637	0	1	0	0	0	R
NMDC20582638	0	0	0	0	0	R
NMDC20556821	0	1	0	0	0	R
NMDC20550814	0	1	0	0	0	R
NMDC20552818	1	1	0	0	0	R
NMDC20582639	0	0	0	0	0	R
NMDC20582640	1	0	0	0	0	R
NMDC20582641	0	1	0	0	0	R
NMDC20582643	1	0	0	0	0	R
NMDC20556823	1	0	0	0	0	R
NMDC20552819	0	0	0	0	0	R
NMDC20552820	0	0	0	0	0	R
NMDC20554800	1	0	0	0	0	R
NMDC20552823	1	0	0	0	0	R
NMDC20554801	0	1	0	0	0	R
NMDC20552824	0	1	0	0	0	R
NMDC20582648	0	1	0	0	0	R
NMDC20552825	1	0	0	0	0	R
NMDC20582649	1	0	0	0	0	R
NMDC20556825	0	1	0	0	0	R
NMDC20582650	0	0	0	0	0	R
NMDC20582651	1	0	0	0	0	R
NMDC20582652	1	1	0	0	0	R
NMDC20556826	1	0	0	0	0	R
NMDC20550819	1	0	0	0	0	R
NMDC20552826	1	1	0	0	0	R
NMDC20582654	1	0	0	0	0	R
NMDC20556827	0	1	0	0	0	R
NMDC20550821	0	1	0	0	0	R
NMDC20582655	0	1	0	0	0	R
NMDC20552828	0	0	0	0	0	R
NMDC20582657	0	1	0	0	0	R
NMDC20582658	1	0	0	0	0	R
NMDC20550822	0	1	0	0	0	R
NMDC20582659	1	0	0	0	0	R
NMDC20582660	1	0	0	0	0	R
NMDC20554805	0	1	0	0	0	R
NMDC20552829	0	1	0	0	0	R
NMDC20582661	0	1	0	0	0	R
NMDC20550823	1	0	0	0	0	R
NMDC20582662	1	0	0	0	0	R
NMDC20582663	0	1	0	0	0	R
NMDC20554804	0	1	0	0	0	R
NMDC20556828	1	0	0	0	0	R
NMDC20582665	1	0	0	0	0	R
NMDC20554806	0	1	0	0	0	R
NMDC20550825	1	0	0	0	0	R
NMDC20554807	0	1	0	0	0	R
NMDC20582666	0	1	0	0	0	R
NMDC20582667	0	1	0	0	0	R
NMDC20552831	0	1	0	0	0	R
NMDC20550826	1	0	0	0	0	R
NMDC20582669	0	1	0	0	0	R
NMDC20556830	1	0	0	0	0	R
NMDC20582670	0	0	0	0	0	R
NMDC20582671	0	1	0	0	0	R
NMDC20582672	1	0	0	0	0	R
NMDC20550827	1	0	0	0	0	R
NMDC20552832	0	0	0	0	0	R
NMDC20582673	1	0	0	0	0	R
NMDC20554808	1	1	0	0	0	R
NMDC20582674	1	0	0	0	0	R
NMDC20582675	1	1	0	0	0	R
NMDC20582676	0	0	0	0	0	R
NMDC20554809	0	1	0	0	0	R
NMDC20556831	1	0	0	0	0	R
NMDC20550828	1	0	0	0	0	R
NMDC20556832	0	1	0	0	0	R
NMDC20556833	0	0	0	0	0	R
NMDC20552833	1	0	0	0	0	R
NMDC20552834	1	0	0	0	0	R
NMDC20582678	0	1	0	0	0	R
NMDC20582679	0	1	0	0	0	R
NMDC20554811	0	1	0	0	0	R
NMDC20582680	1	0	0	0	0	R
NMDC20554812	1	1	0	0	0	R
NMDC20554813	0	1	0	0	0	R
NMDC20556834	1	0	0	0	0	R
NMDC20550830	0	1	0	0	0	R
NMDC20552837	0	0	0	0	0	R
NMDC20550831	1	0	0	0	0	R
NMDC20582681	1	0	0	0	0	R
NMDC20550832	1	0	0	0	0	R
NMDC20582682	0	1	0	0	1	R
NMDC20552836	1	0	0	0	0	R
NMDC20582683	0	0	0	0	0	R
NMDC20554815	1	0	0	0	0	R
NMDC20582684	1	0	0	0	0	R
NMDC20582685	1	0	0	0	0	R
NMDC20554818	0	1	0	0	0	R
NMDC20582686	0	1	0	0	0	R
NMDC20550835	0	1	0	0	0	R
NMDC20582687	1	0	0	0	0	R
NMDC20556840	0	1	0	0	0	R
NMDC20554819	1	0	0	0	0	R
NMDC20582688	1	1	0	0	0	R
NMDC20550834	1	0	0	0	0	R
NMDC20582689	0	0	0	0	0	R
NMDC20550836	0	1	0	0	0	R
NMDC20582690	1	0	0	0	0	R
NMDC20554821	1	0	0	0	0	R
NMDC20582691	0	0	0	0	0	R
NMDC20582693	1	0	0	0	0	R
NMDC20554822	0	1	0	0	0	R
NMDC20582694	1	1	0	0	0	R
NMDC20582696	0	1	0	0	0	R
NMDC20582697	0	1	0	0	0	R
NMDC20582698	1	0	0	0	0	R
NMDC20582701	0	1	0	0	0	R
NMDC20582702	1	0	0	0	0	R
NMDC20582703	0	1	0	0	0	R
NMDC20582704	1	0	0	0	0	R
NMDC20582705	0	1	0	0	0	R
NMDC20582706	1	0	0	0	0	R
NMDC20582707	1	0	0	0	0	R
NMDC20550838	1	0	0	0	0	R
NMDC20582709	0	0	0	0	0	R
NMDC20556843	0	0	0	0	0	R
NMDC20582710	1	0	0	0	0	R
NMDC20556845	0	0	0	0	0	R
NMDC20556846	1	0	0	0	0	R
NMDC20554825	1	1	0	0	0	R
NMDC20550840	0	1	0	0	0	R
NMDC20582714	0	1	0	0	0	R
NMDC20550842	0	0	0	0	0	R
NMDC20582715	1	0	0	0	0	R
NMDC20556847	1	0	0	0	0	R
NMDC20556848	0	1	0	0	0	R
NMDC20582717	1	0	0	0	0	R
NMDC20550843	0	1	0	0	0	R
NMDC20552841	1	0	0	0	0	R
NMDC20552844	1	0	0	0	0	R
NMDC20582718	0	0	0	0	0	R
NMDC20552842	1	0	0	0	0	R
NMDC20582720	0	0	0	0	0	R
NMDC20554827	0	0	0	0	0	R
NMDC20552843	0	0	0	0	0	R
NMDC20554828	0	1	0	0	0	R
NMDC20550844	0	1	0	0	0	R
NMDC20582721	1	0	0	0	0	R
NMDC20554830	1	0	0	0	0	R
NMDC20552845	0	1	0	0	0	R
NMDC20554831	0	1	0	0	0	R
NMDC20582722	1	0	0	0	0	R
NMDC20554832	1	0	0	0	0	R
NMDC20554833	1	1	0	0	0	R
NMDC20550845	1	1	0	0	0	R
NMDC20582723	1	0	0	0	0	R
NMDC20582724	1	0	0	0	0	R
NMDC20582725	1	0	0	0	0	R
NMDC20552847	1	0	0	0	0	R
NMDC20582726	1	0	0	0	0	R
NMDC20550846	0	1	0	0	0	R
NMDC20552848	1	0	0	0	0	R
NMDC20556850	0	0	0	0	0	R
NMDC20552850	1	0	0	0	0	R
NMDC20552854	0	1	0	0	0	R
NMDC20556851	0	1	0	0	0	R
NMDC20552851	0	0	0	0	0	R
NMDC20582728	0	0	0	0	0	R
NMDC20556852	0	1	0	0	0	R
NMDC20582731	1	0	0	0	0	R
NMDC20552853	1	0	0	0	0	R
NMDC20554835	0	0	0	0	0	R
NMDC20552855	0	0	0	0	0	R
NMDC20556854	1	0	0	0	0	R
NMDC20552856	0	0	0	0	0	R
NMDC20582733	0	0	0	0	0	R
NMDC20552857	1	0	0	0	0	R
NMDC20552858	0	1	0	0	0	R
NMDC20582734	1	1	0	0	0	R
NMDC20554836	1	0	0	0	0	R
NMDC20582735	1	1	0	0	0	R
NMDC20582736	0	1	0	0	0	R
NMDC20552859	1	1	0	0	0	R
NMDC20550848	0	1	0	0	0	R
NMDC20582738	0	1	0	0	0	R
NMDC20582740	0	0	1	1	0	R
NMDC20550849	0	0	0	0	0	R
NMDC20582741	0	1	0	0	0	R
NMDC20552860	0	1	0	0	0	R
NMDC20582742	0	0	0	0	0	R
NMDC20552861	0	1	0	0	0	R
NMDC20582743	1	0	0	0	0	R
NMDC20550851	0	0	0	0	0	R
NMDC20582744	1	0	0	0	0	R
NMDC20550852	1	0	0	0	0	R
NMDC20552863	0	1	0	0	0	R
NMDC20554837	0	0	0	0	0	R
NMDC20582746	0	0	0	0	0	R
NMDC20550853	0	1	0	0	0	R
NMDC20582747	1	0	0	0	0	R
NMDC20550854	0	1	0	0	0	R
NMDC20582749	0	1	0	0	0	R
NMDC20582750	0	0	0	0	0	R
NMDC20582751	1	0	0	0	0	R
NMDC20554838	1	0	0	0	0	R
NMDC20550856	1	0	0	0	0	R
NMDC20552866	0	0	0	0	0	R
NMDC20582753	1	1	0	0	0	R
NMDC20582754	0	1	0	0	0	R
NMDC20552869	1	0	0	0	0	R
NMDC20550859	1	1	0	0	0	R
NMDC20550860	1	0	0	0	0	R
NMDC20554844	1	0	0	0	0	R
NMDC20552871	0	0	0	0	0	R
NMDC20582755	0	1	0	0	0	R
NMDC20556861	0	1	0	0	0	R
NMDC20582756	1	0	0	0	0	R
NMDC20550862	1	0	0	0	0	R
NMDC20552873	1	0	0	0	0	R
NMDC20554853	0	1	0	0	0	R
NMDC20552874	1	0	0	0	0	R
NMDC20550863	1	0	0	0	0	R
NMDC20554847	0	1	0	0	0	R
NMDC20554848	1	0	0	0	0	R
NMDC20556862	1	1	0	0	0	R
NMDC20582760	0	1	0	0	0	R
NMDC20556863	1	0	0	0	0	R
NMDC20550865	0	1	0	0	0	R
NMDC20582762	1	0	0	0	0	R
NMDC20552875	0	1	0	0	0	R
NMDC20550864	0	1	0	0	0	R
NMDC20556864	1	1	0	0	0	R
NMDC20552878	1	0	0	0	0	R
NMDC20554850	1	0	0	0	0	R
NMDC20582767	0	1	0	0	0	R
NMDC20552880	0	1	0	0	0	R
NMDC20550868	0	0	0	0	0	R
NMDC20552881	1	0	0	0	0	R
NMDC20552882	1	0	0	0	0	R
NMDC20556865	1	0	0	0	0	R
NMDC20552884	1	0	0	0	0	R
NMDC20582770	0	1	0	0	0	R
NMDC20582771	1	0	0	0	0	R
NMDC20582772	0	1	0	0	0	R
NMDC20550872	1	0	0	0	0	R
NMDC20556866	0	1	0	0	0	R
NMDC20556867	0	1	0	0	0	R
NMDC20582774	0	1	0	0	0	R
NMDC20554854	0	1	0	0	0	R
NMDC20552886	0	1	0	0	0	R
NMDC20552888	1	0	0	0	0	R
NMDC20552887	0	0	0	0	0	R
NMDC20582775	0	1	0	0	0	R
NMDC20582776	0	1	0	0	0	R
NMDC20582778	1	0	0	0	0	R
NMDC20582779	1	1	0	0	0	R
NMDC20582780	0	1	0	0	0	R
NMDC20556870	1	0	0	0	0	R
NMDC20554856	0	0	0	0	1	R
NMDC20582781	1	0	0	0	0	R
NMDC20582783	0	1	0	0	0	R
NMDC20552889	1	0	0	0	0	R
NMDC20556872	0	0	0	0	0	R
NMDC20582786	1	0	0	0	0	R
NMDC20554858	0	1	0	0	0	R
NMDC20582788	0	1	0	0	0	R
NMDC20550876	0	1	0	0	0	R
NMDC20554859	0	1	0	0	0	R
NMDC20582789	0	1	0	0	0	R
NMDC20554860	0	1	0	0	0	R
NMDC20554862	0	1	0	0	0	R
NMDC20552894	0	1	0	0	0	R
NMDC20582795	1	0	0	0	0	R
NMDC20582796	1	0	0	0	0	R
NMDC20582797	0	1	0	0	0	R
NMDC20554863	1	0	0	0	0	R
NMDC20556875	1	1	0	0	0	R
NMDC20550878	1	0	0	0	0	R
NMDC20556876	1	0	0	0	0	R
NMDC20556877	0	1	0	0	0	R
NMDC20582799	1	0	0	0	0	R
NMDC20582800	1	0	0	0	0	R
NMDC20554866	1	0	0	0	0	R
NMDC20582801	1	0	0	0	0	R
NMDC20552895	1	0	0	0	0	R
NMDC20556879	0	1	0	0	0	R
NMDC20556880	1	0	0	0	0	R
NMDC20582802	0	1	0	0	0	R
NMDC20582803	0	1	0	0	0	R
NMDC20552943	0	0	0	0	0	R
NMDC20582916	0	1	0	0	0	R
NMDC20582920	0	1	0	0	0	R
NMDC20582921	0	1	0	0	0	R
NMDC20550921	0	1	0	0	0	R
NMDC20554905	0	1	0	0	0	R
NMDC20582923	0	1	0	0	0	R
NMDC20582924	1	0	0	0	0	R
NMDC20552945	0	1	0	0	0	R
NMDC20582926	0	1	0	0	0	R
NMDC20582927	0	1	0	0	0	R
NMDC20552946	1	0	0	0	0	R
NMDC20582928	1	0	0	0	0	R
NMDC20554907	0	1	0	0	0	R
NMDC20582929	0	1	0	0	0	R
NMDC20550925	0	1	0	0	0	R
NMDC20582930	0	1	0	0	0	R
NMDC20582931	1	0	0	0	0	R
NMDC20582933	0	1	0	0	0	R
NMDC20552947	0	1	0	0	0	R
NMDC20550926	1	0	0	0	0	R
NMDC20552948	1	1	0	0	0	R
NMDC20550927	1	0	0	0	0	R
NMDC20582934	1	0	0	0	0	R
NMDC20582937	0	1	0	0	0	R
NMDC20554909	0	1	0	0	0	R
NMDC20582938	0	1	0	0	0	R
NMDC20554910	0	1	0	0	0	R
NMDC20550928	1	1	0	0	1	R
NMDC20554913	0	1	0	0	0	R
NMDC20554914	0	1	0	0	0	R
NMDC20552950	0	1	0	0	0	R
NMDC20550930	1	1	0	0	0	R
NMDC20582940	1	0	0	0	0	R
NMDC20554915	0	1	0	0	0	R
NMDC20552951	1	0	0	0	0	R
NMDC20554916	1	0	0	0	0	R
NMDC20582941	0	1	0	0	0	R
NMDC20582942	0	1	0	0	0	R
NMDC20582944	1	0	0	0	0	R
NMDC20582945	1	0	0	0	0	R
NMDC20550931	0	1	0	0	0	R
NMDC20554917	1	1	0	0	0	R
NMDC20582946	0	1	0	0	0	R
NMDC20552954	1	0	0	0	0	R
NMDC20582948	0	0	0	0	0	R
NMDC20552955	1	0	0	0	0	R
NMDC20582949	0	1	0	0	0	R
NMDC20582952	0	0	0	0	0	R
NMDC20556942	0	1	0	0	0	R
NMDC20582955	0	0	0	0	0	R
NMDC20552956	0	0	0	0	0	R
NMDC20582956	0	1	0	0	0	R
NMDC20582957	0	1	0	0	0	R
NMDC20556926	1	0	0	0	0	R
NMDC20582959	0	1	0	0	0	R
NMDC20554925	1	0	0	0	0	R
NMDC20550933	1	0	0	0	0	R
NMDC20554927	0	1	0	0	0	R
NMDC20556927	0	1	0	0	0	R
NMDC20582960	0	1	0	0	0	R
NMDC20556928	0	1	0	0	0	R
NMDC20556929	0	1	0	0	0	R
NMDC20582961	0	1	0	0	0	R
NMDC20552958	1	0	0	0	0	R
NMDC20550934	0	1	0	0	0	R
NMDC20550935	0	1	0	0	0	R
NMDC20582962	1	1	0	0	0	R
NMDC20582964	0	1	0	0	0	R
NMDC20582965	1	1	0	0	1	R
NMDC20556931	1	0	0	0	0	R
NMDC20582968	0	1	0	0	0	R
NMDC20552961	0	1	0	0	0	R
NMDC20582969	1	0	0	0	0	R
NMDC20552962	1	0	0	0	0	R
NMDC20552963	0	1	0	0	0	R
NMDC20582970	0	0	0	0	0	R
NMDC20582971	1	1	0	0	0	R
NMDC20554932	1	0	0	0	0	R
NMDC20550937	1	1	0	0	0	R
NMDC20552965	1	0	0	0	0	R
NMDC20556932	0	0	0	0	0	R
NMDC20554931	0	1	0	0	0	R
NMDC20582973	0	1	0	0	0	R
NMDC20552967	0	1	0	0	0	R
NMDC20582977	0	1	0	0	0	R
NMDC20556934	0	1	0	0	0	R
NMDC20556935	0	0	0	0	0	R
NMDC20554934	0	1	0	0	0	R
NMDC20554936	1	0	0	0	0	R
NMDC20550939	0	1	0	0	0	R
NMDC20582980	0	0	0	0	0	R
NMDC20582981	0	0	0	0	0	R
NMDC20556936	0	1	0	0	0	R
NMDC20582982	0	1	0	0	0	R
NMDC20556937	1	1	0	0	0	R
NMDC20550940	1	0	0	0	0	R
NMDC20582983	0	1	0	0	0	R
NMDC20552970	1	1	0	0	0	R
NMDC20550942	1	0	0	0	0	R
NMDC20556939	0	1	0	0	0	R
NMDC20556940	0	1	0	0	0	R
NMDC20582984	0	0	1	1	0	R
NMDC20554937	0	1	0	0	0	R
NMDC20552975	0	1	0	0	0	R
NMDC20582987	0	1	0	0	0	R
NMDC20582988	1	0	0	0	0	R
NMDC20552974	0	1	0	0	0	R
NMDC20556944	1	0	0	0	0	R
NMDC20556949	0	1	0	0	0	R
NMDC20582990	1	1	0	0	0	R
NMDC20556946	1	0	0	0	0	R
NMDC20552976	0	1	0	0	0	R
NMDC20550945	0	1	0	0	0	R
NMDC20582991	0	1	0	0	0	R
NMDC20582993	1	0	0	0	0	R
NMDC20582994	0	0	1	1	0	R
NMDC20550947	1	0	0	0	0	R
NMDC20554938	0	1	0	0	0	R
NMDC20552977	0	1	0	0	0	R
NMDC20582995	0	1	0	0	0	R
NMDC20550946	1	0	0	0	0	R
NMDC20556951	0	1	0	0	0	R
NMDC20582996	0	1	0	0	0	R
NMDC20582997	0	1	0	0	0	R
NMDC20554943	0	1	0	0	0	R
NMDC20550948	0	1	0	0	0	R
NMDC20552980	0	0	0	0	0	R
NMDC20556952	0	1	0	0	0	R
NMDC20582999	0	1	0	0	0	R
NMDC20583000	0	0	0	0	0	R
NMDC20554941	1	0	0	0	0	R
NMDC20554942	0	1	0	0	0	R
NMDC20583001	0	1	0	0	0	R
NMDC20550949	1	0	0	0	0	R
NMDC20550950	0	0	0	0	0	R
NMDC20583004	0	1	0	0	0	R
NMDC20583005	0	1	0	0	0	R
NMDC20556953	0	1	0	0	0	R
NMDC20550951	0	1	0	0	0	R
NMDC20583006	0	0	0	0	0	R
NMDC20583007	1	0	0	0	0	R
NMDC20583011	0	1	0	0	0	R
NMDC20583012	0	1	0	0	0	R
NMDC20583014	0	1	0	0	0	R
NMDC20583015	1	0	0	0	0	R
NMDC20583016	0	1	0	0	0	R
NMDC20583018	0	1	0	0	0	R
NMDC20552981	1	1	0	0	0	R
NMDC20552982	0	1	0	0	0	R
NMDC20583021	0	1	0	0	0	R
NMDC20583022	1	0	0	0	0	R
NMDC20556958	0	1	0	0	0	R
NMDC20583023	0	1	0	0	0	R
NMDC20552983	0	1	0	0	0	R
NMDC20554951	0	1	0	0	0	R
NMDC20583024	0	1	0	0	0	R
NMDC20556959	0	1	0	0	0	R
NMDC20554953	0	1	0	0	0	R
NMDC20583025	0	1	0	0	0	R
NMDC20556961	0	0	0	0	0	R
NMDC20583028	0	0	0	0	0	R
NMDC20552985	0	0	0	0	0	R
NMDC20554956	1	0	0	0	0	R
NMDC20552987	0	1	0	0	0	R
NMDC20550955	1	0	0	0	0	R
NMDC20583030	0	1	0	0	0	R
NMDC20583032	1	1	0	0	0	R
NMDC20554958	0	0	0	0	0	R
NMDC20583035	0	1	0	0	0	R
NMDC20556965	0	0	0	0	0	R
NMDC20550959	0	0	0	0	0	R
NMDC20583036	0	1	0	0	0	R
NMDC20583037	0	1	0	0	0	R
NMDC20556967	0	0	0	0	1	R
NMDC20583038	0	0	1	1	0	R
NMDC20554959	0	1	0	0	0	R
NMDC20583040	1	0	0	0	0	R
NMDC20554960	1	1	0	0	0	R
NMDC20556969	0	1	0	0	0	R
NMDC20583041	0	1	0	0	0	R
NMDC20583042	0	1	0	0	0	R
NMDC20556970	0	1	0	0	0	R
NMDC20583045	0	1	0	0	0	R
NMDC20583046	0	1	0	0	0	R
NMDC20552990	0	1	0	0	0	R
NMDC20556971	1	0	0	0	0	R
NMDC20556972	0	1	0	0	0	R
NMDC20554962	0	0	0	0	1	R
NMDC20550962	0	1	0	0	0	R
NMDC20552991	0	1	0	0	0	R
NMDC20552992	0	1	0	0	0	R
NMDC20554964	0	1	0	0	0	R
NMDC20583051	1	0	0	0	0	R
NMDC20583052	0	1	0	0	1	R
NMDC20583053	0	1	0	0	0	R
NMDC20583056	0	1	0	0	0	R
NMDC20550964	0	1	0	0	0	R
NMDC20583058	0	1	0	0	0	R
NMDC20550965	0	1	0	0	0	R
NMDC20554970	0	1	0	0	0	R
NMDC20583060	0	1	0	0	0	R
NMDC20554971	1	0	0	0	0	R
NMDC20583062	0	1	0	0	0	R
NMDC20554973	0	1	0	0	0	R
NMDC20583063	1	0	0	0	0	R
NMDC20552997	0	1	0	0	0	R
NMDC20583065	0	1	0	0	0	R
NMDC20554975	0	1	0	0	0	R
NMDC20553001	0	0	0	0	0	R
NMDC20552998	0	0	0	0	0	R
NMDC20553000	0	1	0	0	0	R
NMDC20583071	0	1	0	0	0	R
NMDC20583072	0	1	0	0	0	R
NMDC20554977	0	1	0	0	0	R
NMDC20550968	0	1	0	0	0	R
NMDC20554978	0	1	0	0	0	R
NMDC20583076	0	0	0	0	0	R
NMDC20553005	0	1	0	0	0	R
NMDC20553006	0	1	0	0	0	R
NMDC20556981	0	1	0	0	0	R
NMDC20583080	0	1	0	0	0	R
NMDC20556984	0	1	0	0	1	R
NMDC20583082	0	1	0	0	0	R
NMDC20556983	0	1	0	0	0	R
NMDC20583083	0	1	0	0	0	R
NMDC20583084	0	1	0	0	0	R
NMDC20583087	1	0	0	0	0	R
NMDC20583088	1	0	0	0	0	R
NMDC20553010	1	0	0	0	0	R
NMDC20583089	0	1	0	0	0	R
NMDC20583090	1	0	0	0	0	R
NMDC20550973	1	0	0	0	0	R
NMDC20553011	1	0	0	0	0	R
NMDC20583092	0	0	0	0	0	R
NMDC20550974	1	0	0	0	0	R
NMDC20556986	0	0	0	0	0	R
NMDC20583093	1	1	0	0	0	R
NMDC20554984	1	0	0	0	0	R
NMDC20550975	1	0	0	0	0	R
NMDC20556985	1	0	0	0	0	R
NMDC20554985	1	1	0	0	0	R
NMDC20583096	1	0	0	0	0	R
NMDC20583097	0	1	0	0	0	R
NMDC20556987	1	1	0	0	0	R
NMDC20554987	1	0	0	0	0	R
NMDC20556988	1	0	0	0	0	R
NMDC20583098	0	1	0	0	0	R
NMDC20583099	1	0	0	0	0	R
NMDC20550976	1	0	0	0	0	R
NMDC20553014	0	1	0	0	0	R
NMDC20583102	1	0	0	0	0	R
NMDC20583103	1	0	0	0	0	R
NMDC20554988	0	1	0	0	0	R
NMDC20554989	0	1	0	0	0	R
NMDC20583104	1	0	0	0	0	R
NMDC20556989	1	0	0	0	0	R
NMDC20550977	1	1	0	0	0	R
NMDC20583105	0	1	0	0	0	R
NMDC20583109	1	1	0	0	0	R
NMDC20583111	1	0	0	0	0	R
NMDC20583112	1	1	0	0	0	R
NMDC20550978	1	0	0	0	0	R
NMDC20583113	1	0	0	0	0	R
NMDC20583114	1	0	0	0	0	R
NMDC20550979	1	0	0	0	0	R
NMDC20583115	1	0	0	0	0	R
NMDC20554990	1	0	0	0	0	R
NMDC20583116	1	0	0	0	0	R
NMDC20550980	0	1	0	0	0	R
NMDC20583117	1	0	0	0	0	R
NMDC20553015	0	0	0	0	0	R
NMDC20583118	1	0	0	0	0	R
NMDC20556991	0	0	0	0	0	R
NMDC20583119	1	0	0	0	0	R
NMDC20554991	1	0	0	0	0	R
NMDC20550983	0	1	0	0	0	R
NMDC20554992	1	0	0	0	0	R
NMDC20583121	0	1	0	0	0	R
NMDC20556992	0	0	0	0	0	R
NMDC20556993	1	1	0	0	0	R
NMDC20550981	0	0	0	0	0	R
NMDC20553018	0	1	0	0	0	R
NMDC20583123	1	0	0	0	0	R
NMDC20553020	0	1	0	0	0	R
NMDC20583124	1	0	0	0	0	R
NMDC20550984	0	1	0	0	0	R
NMDC20583126	1	0	0	0	0	R
NMDC20556994	0	1	0	0	0	R
NMDC20550986	1	0	0	0	0	R
NMDC20583127	1	0	0	0	0	R
NMDC20556995	0	0	0	0	0	R
NMDC20550987	1	0	0	0	0	R
NMDC20550988	1	0	0	0	0	R
NMDC20553021	1	0	0	0	0	R
NMDC20553022	0	1	0	0	0	R
NMDC20553023	1	0	0	0	0	R
NMDC20550989	1	0	0	0	0	R
NMDC20554995	0	1	0	0	0	R
NMDC20556998	0	0	0	0	0	R
NMDC20556996	0	1	0	0	0	R
NMDC20583129	0	0	1	1	0	R
NMDC20554996	0	1	0	0	0	R
NMDC20583130	1	1	0	0	0	R
NMDC20550991	1	0	0	0	0	R
NMDC20583132	0	1	0	0	0	R
NMDC20550993	1	0	0	0	0	R
NMDC20583134	1	0	0	0	0	R
NMDC20550994	1	0	0	0	0	R
NMDC20550995	1	0	0	0	0	R
NMDC20550996	1	0	0	0	0	R
NMDC20550997	1	0	0	0	0	R
NMDC20553025	1	0	0	0	0	R
NMDC20550998	1	0	0	0	0	R
NMDC20583138	1	0	0	0	0	R
NMDC20583139	1	0	0	0	0	R
NMDC20553027	1	0	0	0	0	R
NMDC20583141	1	0	0	0	0	R
NMDC20553028	0	0	0	0	0	R
NMDC20583143	1	0	0	0	0	R
NMDC20557002	1	0	0	0	0	R
NMDC20554999	1	0	0	0	0	R
NMDC20555000	1	0	0	0	0	R
NMDC20550999	1	1	0	0	0	R
NMDC20555001	1	0	0	0	0	R
NMDC20583144	1	1	0	0	0	R
NMDC20583145	0	1	0	0	0	R
NMDC20583146	1	0	0	0	0	R
NMDC20555002	1	0	0	0	0	R
NMDC20583147	0	1	0	0	0	R
NMDC20583148	1	0	0	0	0	R
NMDC20555004	0	1	0	0	0	R
NMDC20583149	1	1	0	0	0	R
NMDC20553031	1	1	0	0	0	R
NMDC20555007	0	1	0	0	0	R
NMDC20557003	0	1	0	0	0	R
NMDC20551002	1	0	0	0	0	R
NMDC20583151	1	0	0	0	0	R
NMDC20555006	1	1	0	0	0	R
NMDC20583152	1	0	0	0	0	R
NMDC20583153	1	1	0	0	0	R
NMDC20557005	0	1	0	0	0	R
NMDC20557004	0	0	0	0	0	R
NMDC20551004	1	0	0	0	0	R
NMDC20553033	1	0	0	0	0	R
NMDC20553034	1	0	0	0	0	R
NMDC20553035	1	0	0	0	0	R
NMDC20557006	1	0	0	0	0	R
NMDC20583158	0	1	0	0	0	R
NMDC20551007	1	1	0	0	0	R
NMDC20583160	1	0	0	0	0	R
NMDC20553036	0	1	0	0	0	R
NMDC20555009	1	0	0	0	0	R
NMDC20557007	0	1	0	0	0	R
NMDC20551009	1	0	0	0	0	R
NMDC20583165	1	0	0	0	0	R
NMDC20551010	1	0	0	0	0	R
NMDC20583167	0	1	0	0	0	R
NMDC20553037	1	0	0	0	0	R
NMDC20583168	1	0	0	0	0	R
NMDC20553038	1	0	0	0	0	R
NMDC20555010	1	0	0	0	0	R
NMDC20583170	1	0	0	0	0	R
NMDC20557008	0	1	0	0	0	R
NMDC20583171	1	0	0	0	0	R
NMDC20583172	1	0	0	0	0	R
NMDC20583173	1	1	0	0	0	R
NMDC20583174	0	1	0	0	0	R
NMDC20557010	1	0	0	0	0	R
NMDC20551011	0	1	0	0	0	R
NMDC20583177	1	1	0	0	0	R
NMDC20583178	1	1	0	0	0	R
NMDC20555011	0	1	0	0	0	R
NMDC20583179	1	0	0	0	0	R
NMDC20553040	1	1	0	0	0	R
NMDC20553041	0	1	0	0	0	R
NMDC20555012	1	0	0	0	0	R
NMDC20555013	1	0	0	0	0	R
NMDC20583180	1	0	0	0	0	R
NMDC20555014	0	1	0	0	0	R
NMDC20557011	0	0	0	0	0	R
NMDC20555015	0	1	0	0	0	R
NMDC20555016	0	1	0	0	0	R
NMDC20553043	1	1	0	0	0	R
NMDC20551015	0	1	0	0	0	R
NMDC20551014	1	0	0	0	0	R
NMDC20557012	0	1	0	0	0	R
NMDC20557013	1	0	0	0	0	R
NMDC20553045	1	0	0	0	0	R
NMDC20555017	1	0	0	0	0	R
NMDC20557014	0	1	0	0	0	R
NMDC20583185	0	0	0	0	0	R
NMDC20551016	0	1	0	0	0	R
NMDC20557015	0	1	0	0	0	R
NMDC20583186	0	1	0	0	0	R
NMDC20557017	0	1	0	0	0	R
NMDC20583187	0	0	0	0	0	R
NMDC20583188	0	1	0	0	0	R
NMDC20557018	0	1	0	0	0	R
NMDC20583189	1	1	0	0	0	R
NMDC20551018	0	1	0	0	0	R
NMDC20553052	0	1	0	0	0	R
NMDC20553049	0	1	0	0	0	R
NMDC20553050	1	0	0	0	0	R
NMDC20557019	0	1	0	0	0	R
NMDC20551019	1	0	0	0	0	R
NMDC20555020	1	0	0	0	0	R
NMDC20583191	1	0	0	0	0	R
NMDC20551024	0	1	0	0	0	R
NMDC20553053	1	0	0	0	0	R
NMDC20557021	1	0	0	0	0	R
NMDC20551021	1	0	0	0	0	R
NMDC20551022	0	1	0	0	0	R
NMDC20553054	1	0	0	0	0	R
NMDC20551023	1	0	0	0	0	R
NMDC20557023	0	0	1	1	0	R
NMDC20583192	0	1	0	0	0	R
NMDC20583193	0	0	0	0	1	R
NMDC20553058	0	1	0	0	0	R
NMDC20555021	1	0	0	0	0	R
NMDC20583195	0	1	0	0	0	R
NMDC20553060	0	0	1	1	0	R
NMDC20553059	1	0	0	0	0	R
NMDC20555023	0	1	0	0	0	R
NMDC20555024	0	1	0	0	0	R
NMDC20557024	1	0	0	0	0	R
NMDC20583197	1	0	0	0	0	R
NMDC20583198	1	0	0	0	0	R
NMDC20553061	1	1	0	0	0	R
NMDC20583199	1	0	0	0	0	R
NMDC20583200	0	0	0	0	0	R
NMDC20583201	1	0	0	0	0	R
NMDC20583202	0	1	0	0	0	R
NMDC20555025	1	0	0	0	0	R
NMDC20555026	1	0	0	0	0	R
NMDC20557027	1	0	0	0	0	R
NMDC20551026	0	0	0	0	0	R
NMDC20583204	0	1	0	0	0	R
NMDC20551027	1	0	0	0	0	R
NMDC20555029	1	0	0	0	0	R
NMDC20557028	1	0	0	0	0	R
NMDC20557029	0	1	0	0	0	R
NMDC20583210	1	0	0	0	0	R
NMDC20583211	1	0	0	0	0	R
NMDC20553066	0	0	0	0	0	R
NMDC20553067	0	0	0	0	0	R
NMDC20583214	0	0	0	0	0	R
NMDC20551030	0	0	0	0	0	R
NMDC20557032	1	0	0	0	0	R
NMDC20583215	0	1	0	0	0	R
NMDC20555033	0	1	0	0	0	R
NMDC20555034	0	0	0	0	0	R
NMDC20583216	1	1	0	0	0	R
NMDC20557034	1	0	0	0	0	R
NMDC20583218	0	1	0	0	0	R
NMDC20551033	1	0	0	0	0	R
NMDC20551032	1	1	0	0	0	R
NMDC20557036	0	1	0	0	0	R
NMDC20553069	1	0	0	0	0	R
NMDC20583219	1	0	0	0	0	R
NMDC20555039	1	0	0	0	0	R
NMDC20557038	1	0	0	0	0	R
NMDC20557039	1	0	0	0	0	R
NMDC20583220	0	1	0	0	0	R
NMDC20551036	1	0	0	0	0	R
NMDC20583221	0	1	0	0	0	R
NMDC20557041	1	0	0	0	0	R
NMDC20555040	0	1	0	0	0	R
NMDC20583223	0	0	0	0	0	R
NMDC20583225	1	1	0	0	0	R
NMDC20553072	1	1	0	0	0	R
NMDC20583228	1	0	0	0	0	R
NMDC20553075	0	1	0	0	0	R
NMDC20583232	1	0	0	0	1	R
NMDC20555042	1	1	0	0	0	R
NMDC20557044	1	0	0	0	0	R
NMDC20583237	0	1	0	0	0	R
NMDC20553076	1	0	0	0	0	R
NMDC20583238	0	1	0	0	0	R
NMDC20553077	0	0	0	0	0	R
NMDC20551039	0	0	0	0	0	R
NMDC20555043	0	0	0	0	0	R
NMDC20553078	1	1	0	0	0	R
NMDC20551040	0	1	0	0	0	R
NMDC20557050	0	1	0	0	0	R
NMDC20583242	0	1	0	0	0	R
NMDC20583243	0	1	0	0	0	R
NMDC20557052	1	0	0	0	0	R
NMDC20553081	1	0	0	0	0	R
NMDC20557051	1	0	0	0	0	R
NMDC20555044	0	1	0	0	0	R
NMDC20583244	0	1	0	0	0	R
NMDC20557053	1	0	0	0	0	R
NMDC20583245	1	0	0	0	0	R
NMDC20583246	1	0	0	0	0	R
NMDC20557054	1	1	0	0	0	R
NMDC20551041	0	1	0	0	0	R
NMDC20551042	1	0	0	0	0	R
NMDC20551043	1	0	0	0	0	R
NMDC20553083	0	1	0	0	0	R
NMDC20555046	0	1	0	0	0	R
NMDC20583250	1	0	0	0	0	R
NMDC20551044	0	1	0	0	0	R
NMDC20551045	0	1	0	0	0	R
NMDC20557056	0	1	0	0	0	R
NMDC20583253	0	1	0	0	0	R
NMDC20555047	1	0	0	0	0	R
NMDC20583254	0	0	0	0	0	R
NMDC20583255	1	1	0	0	0	R
NMDC20551047	1	0	0	0	0	R
NMDC20583256	1	0	0	0	0	R
NMDC20555048	1	0	0	0	0	R
NMDC20583258	1	0	0	0	0	R
NMDC20553087	0	1	0	0	0	R
NMDC20553088	1	0	0	0	0	R
NMDC20551049	0	0	0	0	0	R
NMDC20553089	1	0	0	0	0	R
NMDC20557059	1	1	0	0	0	R
NMDC20555050	0	0	1	1	0	R
NMDC20551051	1	0	0	0	0	R
NMDC20557061	0	1	0	0	0	R
NMDC20555052	1	0	0	0	0	R
NMDC20551052	0	1	0	0	0	R
NMDC20583262	0	1	0	0	0	R
NMDC20583264	1	0	0	0	0	R
NMDC20557063	1	1	0	0	0	R
NMDC20555054	1	1	0	0	0	R
NMDC20583265	0	1	0	0	0	R
NMDC20555056	1	0	0	0	0	R
NMDC20551054	0	1	0	0	0	R
NMDC20583266	0	0	0	0	0	R
NMDC20583267	1	0	0	0	0	R
NMDC20551055	1	0	0	0	0	R
NMDC20551056	1	0	0	0	0	R
NMDC20557065	1	0	0	0	0	R
NMDC20553090	1	1	0	0	0	R
NMDC20553092	0	1	0	0	0	R
NMDC20583269	1	0	0	0	0	R
NMDC20583271	1	0	0	0	0	R
NMDC20551057	1	0	0	0	0	R
NMDC20583272	1	0	0	0	0	R
NMDC20557066	1	0	0	0	0	R
NMDC20557067	1	0	0	0	0	R
NMDC20583273	1	1	0	0	0	R
NMDC20551058	0	1	0	0	0	R
NMDC20583274	1	1	0	0	0	R
NMDC20583275	1	0	0	0	0	R
NMDC20583276	1	0	0	0	0	R
NMDC20553094	0	1	0	0	0	R
NMDC20551059	0	0	1	1	0	R
NMDC20583277	1	1	0	0	0	R
NMDC20557068	0	0	1	1	0	R
NMDC20555057	1	0	0	0	0	R
NMDC20583278	0	1	0	0	0	R
NMDC20583279	1	0	0	0	0	R
NMDC20583281	0	1	0	0	0	R
NMDC20551060	1	1	0	0	0	R
NMDC20583283	0	1	0	0	0	R
NMDC20557071	1	1	0	0	0	R
NMDC20583284	0	1	0	0	0	R
NMDC20551064	0	1	0	0	0	R
NMDC20583288	0	1	0	0	0	R
NMDC20555059	1	0	0	0	0	R
NMDC20583289	0	1	0	0	0	R
NMDC20583290	0	0	0	0	0	R
NMDC20551067	1	1	0	0	0	R
NMDC20557072	0	1	0	0	0	R
NMDC20583291	0	0	0	0	0	R
NMDC20551068	0	1	0	0	0	R
NMDC20555061	1	0	0	0	0	R
NMDC20557073	0	1	0	0	0	R
NMDC20553099	1	0	0	0	0	R
NMDC20557075	0	1	0	0	0	R
NMDC20557074	0	1	0	0	0	R
NMDC20553100	0	1	0	0	0	R
NMDC20551069	0	1	0	0	0	R
NMDC20553101	0	0	0	0	0	R
NMDC20583294	0	1	0	0	0	R
NMDC20583295	0	1	0	0	0	R
NMDC20583297	1	1	0	0	0	R
NMDC20551071	0	1	0	0	0	R
NMDC20553103	0	1	0	0	0	R
NMDC20555065	0	0	0	0	0	R
NMDC20557077	0	1	0	0	0	R
NMDC20583302	0	1	0	0	0	R
NMDC20557078	0	1	0	0	0	R
NMDC20583303	0	1	0	0	0	R
NMDC20553104	1	1	0	0	0	R
NMDC20557079	0	1	0	0	0	R
NMDC20553105	0	1	0	0	0	R
NMDC20557081	1	0	0	0	0	R
NMDC20583306	0	1	0	0	0	R
NMDC20557082	1	1	0	0	0	R
NMDC20553108	1	0	0	0	0	R
NMDC20555068	1	1	0	0	0	R
NMDC20553107	1	0	0	0	0	R
NMDC20555070	1	0	0	0	0	R
NMDC20555071	1	0	0	0	0	R
NMDC20557085	1	0	0	0	0	R
NMDC20583312	0	1	0	0	0	R
NMDC20553109	1	0	0	0	0	R
NMDC20557086	1	0	0	0	0	R
NMDC20557088	1	0	0	0	0	R
NMDC20583313	1	0	0	0	0	R
NMDC20557089	0	1	0	0	0	R
NMDC20557110	1	0	0	0	0	R
NMDC20555078	1	0	0	0	0	R
NMDC20557093	0	1	0	0	0	R
NMDC20553116	0	1	0	0	0	R
NMDC20583355	0	1	0	0	0	R
NMDC20583356	1	0	0	0	0	R
NMDC20551081	0	1	0	0	0	R
NMDC20551082	0	1	0	0	0	R
NMDC20557096	0	1	0	0	1	R
NMDC20583362	0	0	0	0	0	R
NMDC20583363	0	1	0	0	1	R
NMDC20583365	0	1	0	0	0	R
NMDC20553117	0	1	0	0	0	R
NMDC20551084	0	1	0	0	0	R
NMDC20583366	1	0	0	0	0	R
NMDC20555079	0	1	0	0	0	R
NMDC20583367	0	0	0	0	0	R
NMDC20583368	0	1	0	0	0	R
NMDC20555081	0	1	0	0	0	R
NMDC20553119	0	1	0	0	0	R
NMDC20583370	0	1	0	0	0	R
NMDC20555080	1	0	0	0	0	R
NMDC20583375	0	0	0	0	0	R
NMDC20583377	0	1	0	0	0	R
NMDC20583378	1	0	0	0	0	R
NMDC20555083	0	1	0	0	0	R
NMDC20557100	0	1	0	0	0	R
NMDC20555086	0	1	0	0	0	R
NMDC20553122	1	1	0	0	0	R
NMDC20583380	0	1	0	0	0	R
NMDC20583381	1	0	0	0	0	R
NMDC20557104	0	1	0	0	0	R
NMDC20555087	1	0	0	0	0	R
NMDC20553123	0	1	0	0	0	R
NMDC20551089	0	1	0	0	0	R
NMDC20583383	0	1	0	0	0	R
NMDC20553124	1	0	0	0	0	R
NMDC20557103	0	1	0	0	0	R
NMDC20551090	1	0	0	0	0	R
NMDC20583385	1	0	0	0	0	R
NMDC20551091	0	1	0	0	0	R
NMDC20555089	0	1	0	0	0	R
NMDC20583386	0	1	0	0	0	R
NMDC20553125	0	1	0	0	0	R
NMDC20583387	0	1	0	0	0	R
NMDC20551092	0	0	0	0	0	R
NMDC20553126	0	1	0	0	0	R
NMDC20553129	1	0	0	0	0	R
NMDC20553127	0	0	0	0	0	R
NMDC20583388	0	1	0	0	0	R
NMDC20553128	0	0	0	0	0	R
NMDC20583389	0	1	0	0	0	R
NMDC20583390	0	0	0	0	0	R
NMDC20583391	1	0	0	0	0	R
NMDC20583392	1	0	0	0	0	R
NMDC20553130	0	1	0	0	0	R
NMDC20583394	1	0	0	0	0	R
NMDC20557109	1	0	0	0	0	R
NMDC20555092	0	1	0	0	0	R
NMDC20583395	0	1	0	0	0	R
NMDC20551094	0	1	0	0	0	R
NMDC20553131	0	1	0	0	0	R
NMDC20583396	1	0	0	0	0	R
NMDC20583397	1	0	0	0	0	R
NMDC20555094	1	0	0	0	0	R
NMDC20553132	0	1	0	0	0	R
NMDC20555095	0	1	0	0	0	R
NMDC20551096	0	1	0	0	0	R
NMDC20583399	0	1	0	0	0	R
NMDC20583402	1	0	0	0	0	R
NMDC20551099	1	0	0	0	0	R
NMDC20555096	0	1	0	0	0	R
NMDC20555097	0	1	0	0	0	R
NMDC20583404	1	0	0	0	0	R
NMDC20557111	0	1	0	0	0	R
NMDC20555099	1	1	0	0	0	R
NMDC20553134	0	1	0	0	0	R
NMDC20555100	1	0	0	0	0	R
NMDC20555101	0	1	0	0	0	R
NMDC20555103	0	1	0	0	0	R
NMDC20553137	0	1	0	0	0	R
NMDC20557112	0	1	0	0	0	R
NMDC20555104	0	1	0	0	0	R
NMDC20583410	0	1	0	0	0	R
NMDC20551101	0	1	0	0	0	R
NMDC20583411	0	1	0	0	0	R
NMDC20551103	1	0	0	0	0	R
NMDC20583413	0	1	0	0	0	R
NMDC20583414	0	1	0	0	0	R
NMDC20583415	0	1	0	0	0	R
NMDC20583417	0	1	0	0	0	R
NMDC20583419	0	1	0	0	0	R
NMDC20551104	0	1	0	0	0	R
NMDC20583421	0	1	0	0	0	R
NMDC20555108	0	1	0	0	0	R
NMDC20583423	0	1	0	0	0	R
NMDC20583424	0	1	0	0	0	R
NMDC20583425	1	0	0	0	0	R
NMDC20583427	0	1	0	0	0	R
NMDC20583428	0	1	0	0	0	R
NMDC20583431	0	1	0	0	0	R
NMDC20553139	0	1	0	0	0	R
NMDC20583434	1	0	0	0	0	R
NMDC20553140	0	0	0	0	0	R
NMDC20583435	0	1	0	0	0	R
NMDC20583437	0	1	0	0	0	R
NMDC20557118	1	0	0	0	0	R
NMDC20583438	0	1	0	0	0	R
NMDC20583440	0	0	0	0	0	R
NMDC20553141	0	1	0	0	0	R
NMDC20583441	0	1	0	0	0	R
NMDC20583442	0	1	0	0	0	R
NMDC20553142	0	0	0	0	0	R
NMDC20583443	1	0	0	0	0	R
NMDC20557119	0	1	0	0	0	R
NMDC20555111	1	0	0	0	0	R
NMDC20555112	1	0	0	0	0	R
NMDC20583445	0	1	0	0	0	R
NMDC20553144	0	1	0	0	0	R
NMDC20583446	1	0	0	0	0	R
NMDC20553145	0	1	0	0	0	R
NMDC20555113	1	0	0	0	0	R
NMDC20557123	0	1	0	0	0	R
NMDC20583447	0	1	0	0	0	R
NMDC20553146	0	1	0	0	0	R
NMDC20551112	1	0	0	0	0	R
NMDC20551125	0	1	0	0	0	R
NMDC20557125	0	1	0	0	0	R
NMDC20555114	0	0	0	0	0	R
NMDC20557127	0	1	0	0	0	R
NMDC20555115	0	1	0	0	0	R
NMDC20553147	0	1	0	0	0	R
NMDC20583448	1	0	0	0	0	R
NMDC20557129	0	1	0	0	0	R
NMDC20555116	0	1	0	0	0	R
NMDC20551113	1	0	0	0	0	R
NMDC20553149	1	0	0	0	0	R
NMDC20557128	0	1	0	0	0	R
NMDC20551114	0	1	0	0	0	R
NMDC20557130	0	1	0	0	0	R
NMDC20551115	0	0	0	0	0	R
NMDC20583452	0	1	0	0	0	R
NMDC20555118	0	0	0	0	0	R
NMDC20555119	0	1	0	0	0	R
NMDC20583453	0	1	0	0	0	R
NMDC20583454	0	1	0	0	0	R
NMDC20583455	0	1	0	0	0	R
NMDC20583456	0	0	0	0	0	R
NMDC20553151	0	0	0	0	0	R
NMDC20555121	0	1	0	0	0	R
NMDC20583458	0	1	0	0	0	R
NMDC20583460	1	1	0	0	0	R
NMDC20551116	1	0	0	0	0	R
NMDC20557131	1	0	0	0	0	R
NMDC20551117	0	1	0	0	0	R
NMDC20551118	1	1	0	0	0	R
NMDC20551119	1	0	0	0	0	R
NMDC20583461	1	0	0	0	0	R
NMDC20583463	0	1	0	0	0	R
NMDC20551120	0	1	0	0	0	R
NMDC20555124	1	0	0	0	0	R
NMDC20555123	0	0	0	0	0	R
NMDC20557132	0	1	0	0	0	R
NMDC20557133	0	1	0	0	0	R
NMDC20553153	0	1	0	0	0	R
NMDC20553154	1	1	0	0	0	R
NMDC20553155	0	1	0	0	0	R
NMDC20553156	0	1	0	0	0	R
NMDC20551123	0	1	0	0	0	R
NMDC20583469	1	0	0	0	0	R
NMDC20555125	0	0	0	0	0	R
NMDC20557135	0	1	0	0	0	R
NMDC20583473	1	0	0	0	0	R
NMDC20583474	0	1	0	0	0	R
NMDC20557136	0	1	0	0	0	R
NMDC20555126	0	1	0	0	0	R
NMDC20553159	0	0	0	0	0	R
NMDC20551127	0	0	1	1	0	R
NMDC20551128	0	1	0	0	0	R
NMDC20583477	0	1	0	0	0	R
NMDC20583479	0	0	1	1	0	R
NMDC20551130	0	0	0	0	0	R
NMDC20551132	0	0	0	0	0	R
NMDC20583482	0	0	0	0	0	R
NMDC20583483	0	1	0	0	0	R
NMDC20551133	0	1	0	0	0	R
NMDC20555127	0	1	0	0	0	R
NMDC20583485	0	1	0	0	0	R
NMDC20557139	0	1	0	0	0	R
NMDC20557140	1	0	0	0	0	R
NMDC20583486	1	0	0	0	0	R
NMDC20557141	0	1	0	0	0	R
NMDC20583490	1	0	0	0	0	R
NMDC20557142	1	0	0	0	0	R
NMDC20583491	1	0	0	0	0	R
NMDC20583492	1	0	0	0	0	R
NMDC20553161	0	1	0	0	0	R
NMDC20555130	0	1	0	0	0	R
NMDC20551137	1	0	0	0	0	R
NMDC20555131	0	1	0	0	0	R
NMDC20553163	0	1	0	0	0	R
NMDC20583493	1	0	0	0	0	R
NMDC20557144	0	1	0	0	0	R
NMDC20583494	1	0	0	0	0	R
NMDC20583498	1	0	0	0	0	R
NMDC20555132	0	1	0	0	0	R
NMDC20553165	0	1	0	0	0	R
NMDC20555133	1	0	0	0	0	R
NMDC20555134	1	1	0	0	0	R
NMDC20583500	1	1	0	0	0	R
NMDC20555135	1	0	0	0	0	R
NMDC20583502	0	1	0	0	0	R
NMDC20583503	0	1	0	0	0	R
NMDC20557147	0	0	0	0	0	R
NMDC20557145	1	0	0	0	0	R
NMDC20557146	1	0	0	0	0	R
NMDC20555138	0	1	0	0	0	R
NMDC20555139	0	1	0	0	0	R
NMDC20557156	0	1	0	0	0	R
NMDC20557150	1	0	0	0	0	R
NMDC20555143	0	1	0	0	0	R
NMDC20583506	0	0	0	0	0	R
NMDC20583507	0	1	0	0	0	R
NMDC20551139	1	0	0	0	0	R
NMDC20551140	0	1	0	0	0	R
NMDC20583508	1	0	0	0	0	R
NMDC20553168	1	0	0	0	0	R
NMDC20583510	1	1	0	0	0	R
NMDC20555148	1	1	0	0	0	R
NMDC20555145	1	0	0	0	0	R
NMDC20555146	1	1	0	0	0	R
NMDC20553169	0	0	0	0	0	R
NMDC20553172	1	0	0	0	0	R
NMDC20557152	1	0	0	0	0	R
NMDC20583514	1	0	0	0	0	R
NMDC20553171	0	1	0	0	0	R
NMDC20555152	0	1	0	0	0	R
NMDC20555151	1	0	0	0	0	R
NMDC20553173	0	1	0	0	0	R
NMDC20553174	1	0	0	0	0	R
NMDC20553175	0	1	0	0	0	R
NMDC20555153	0	1	0	0	0	R
NMDC20583516	1	0	0	0	0	R
NMDC20555154	1	0	0	0	0	R
NMDC20583517	0	1	0	0	0	R
NMDC20555155	0	0	0	0	0	R
NMDC20557154	1	0	0	0	0	R
NMDC20553176	0	1	0	0	0	R
NMDC20583519	0	1	0	0	0	R
NMDC20553177	0	1	0	0	0	R
NMDC20553178	1	0	0	0	0	R
NMDC20553179	0	1	0	0	0	R
NMDC20583523	0	1	0	0	0	R
NMDC20583524	0	0	0	0	0	R
NMDC20553180	0	1	0	0	0	R
NMDC20551146	0	1	0	0	0	R
NMDC20583525	1	0	0	0	0	R
NMDC20553181	1	0	0	0	0	R
NMDC20583527	1	1	0	0	0	R
NMDC20551147	0	1	0	0	0	R
NMDC20583528	0	0	0	0	0	R
NMDC20551148	1	0	0	0	0	R
NMDC20551149	1	0	0	0	0	R
NMDC20557159	0	0	0	0	0	R
NMDC20551150	1	1	0	0	0	R
NMDC20555157	1	0	0	0	0	R
NMDC20555158	1	0	0	0	0	R
NMDC20553182	0	0	0	0	0	R
NMDC20553183	0	1	0	0	0	R
NMDC20551151	0	1	0	0	0	R
NMDC20553184	1	1	0	0	0	R
NMDC20557160	1	0	0	0	0	R
NMDC20555160	1	0	0	0	0	R
NMDC20583531	1	0	0	0	0	R
NMDC20553185	1	0	0	0	0	R
NMDC20555162	1	1	0	0	0	R
NMDC20553186	0	1	0	0	0	R
NMDC20557161	0	1	0	0	0	R
NMDC20557162	0	1	0	0	0	R
NMDC20553187	0	1	0	0	0	R
NMDC20583534	0	1	0	0	0	R
NMDC20583535	1	0	0	0	0	R
NMDC20551154	0	1	0	0	0	R
NMDC20583538	0	1	0	0	0	R
NMDC20555163	0	1	0	0	0	R
NMDC20551155	0	1	0	0	0	R
NMDC20551156	0	1	0	0	0	R
NMDC20583540	1	0	0	0	0	R
NMDC20557165	0	1	0	0	0	R
NMDC20583543	0	1	0	0	0	R
NMDC20557166	1	0	0	0	0	R
NMDC20551158	1	0	0	0	0	R
NMDC20555168	1	0	0	0	0	R
NMDC20555169	1	0	0	0	0	R
NMDC20553190	1	0	0	0	0	R
NMDC20553191	1	0	0	0	0	R
NMDC20557168	1	1	0	0	0	R
NMDC20583547	0	1	0	0	0	R
NMDC20583548	0	1	0	0	0	R
NMDC20583549	0	1	0	0	0	R
NMDC20557170	1	0	0	0	0	R
NMDC20583551	1	1	0	0	0	R
NMDC20583553	0	1	0	0	0	R
NMDC20551161	0	1	0	0	0	R
NMDC20553192	1	0	0	0	0	R
NMDC20553193	1	0	0	0	0	R
NMDC20553194	0	1	0	0	0	R
NMDC20583556	0	1	0	0	0	R
NMDC20583557	0	1	0	0	0	R
NMDC20583559	0	1	0	0	0	R
NMDC20583560	0	1	0	0	0	R
NMDC20583561	0	1	0	0	0	R
NMDC20583562	1	1	0	0	0	R
NMDC20557172	1	0	0	0	0	R
NMDC20551162	1	0	0	0	0	R
NMDC20583564	0	1	0	0	0	R
NMDC20557174	1	0	0	0	0	R
NMDC20583565	0	1	0	0	0	R
NMDC20583566	0	1	0	0	0	R
NMDC20583568	0	1	0	0	0	R
NMDC20583570	0	1	0	0	0	R
NMDC20583571	0	1	0	0	0	R
NMDC20583572	0	1	0	0	0	R
NMDC20583574	0	1	0	0	0	R
NMDC20583575	0	1	0	0	0	R
NMDC20583576	0	1	0	0	0	R
NMDC20583578	0	1	0	0	0	R
NMDC20583579	0	1	0	0	0	R
NMDC20583581	0	1	0	0	0	R
NMDC20583583	0	1	0	0	0	R
NMDC20583585	0	1	0	0	0	R
NMDC20583587	1	0	0	0	0	R
NMDC20557176	1	0	0	0	0	R
NMDC20583588	0	1	0	0	0	R
NMDC20583590	0	1	0	0	0	R
NMDC20583591	0	1	0	0	0	R
NMDC20555171	1	0	0	0	0	R
NMDC20583592	0	1	0	0	0	R
NMDC20583593	1	0	0	0	0	R
NMDC20557177	0	1	0	0	0	R
NMDC20583594	0	1	0	0	0	R
NMDC20583595	0	1	0	0	0	R
NMDC20583596	0	1	0	0	0	R
NMDC20583597	0	1	0	0	0	R
NMDC20583598	0	0	0	0	0	R
NMDC20583599	0	0	0	0	1	R
NMDC20551165	0	1	0	0	0	R
NMDC20583602	1	1	0	0	0	R
NMDC20557178	1	0	0	0	0	R
NMDC20583603	1	0	0	0	0	R
NMDC20583605	0	1	0	0	0	R
NMDC20583606	0	1	0	0	0	R
NMDC20551167	0	1	0	0	0	R
NMDC20553196	1	1	0	0	0	R
NMDC20551168	0	1	0	0	0	R
NMDC20583608	0	1	0	0	0	R
NMDC20583609	1	0	0	0	0	R
NMDC20583612	1	0	0	0	0	R
NMDC20583613	0	1	0	0	0	R
NMDC20583615	0	1	0	0	0	R
NMDC20583617	0	0	0	0	0	R
NMDC20583618	0	1	0	0	0	R
NMDC20551169	0	1	0	0	0	R
NMDC20583619	1	0	0	0	0	R
NMDC20555174	1	0	0	0	0	R
NMDC20583623	0	1	0	0	0	R
NMDC20553197	1	0	0	0	0	R
NMDC20583625	0	1	0	0	0	R
NMDC20553198	0	1	0	0	0	R
NMDC20555177	1	0	0	0	0	R
NMDC20551170	1	1	0	0	0	R
NMDC20583629	0	0	0	0	0	R
NMDC20551171	1	0	0	0	0	R
NMDC20583631	0	1	0	0	0	R
NMDC20583633	1	0	0	0	0	R
NMDC20583637	0	1	0	0	0	R
NMDC20583638	0	1	0	0	0	R
NMDC20583641	1	1	0	0	0	R
NMDC20583642	0	1	0	0	0	R
NMDC20557181	0	1	0	0	0	R
NMDC20583647	1	0	0	0	0	R
NMDC20583648	0	1	0	0	0	R
NMDC20555179	0	1	0	0	0	R
NMDC20553199	1	1	0	0	0	R
NMDC20583649	1	0	0	0	0	R
NMDC20553200	1	0	0	0	0	R
NMDC20553201	0	1	0	0	0	R
NMDC20583651	0	0	0	0	0	R
NMDC20557182	1	0	0	0	0	R
NMDC20583653	0	1	0	0	0	R
NMDC20555181	0	1	0	0	0	R
NMDC20555182	0	1	0	0	0	R
NMDC20553202	0	1	0	0	0	R
NMDC20583656	0	0	0	0	1	R
NMDC20555183	1	0	0	0	0	R
NMDC20583657	1	1	0	0	0	R
NMDC20583658	0	1	0	0	0	R
NMDC20557184	0	1	0	0	0	R
NMDC20583659	0	1	0	0	0	R
NMDC20583661	0	1	0	0	0	R
NMDC20557185	1	0	0	0	0	R
NMDC20553204	0	1	0	0	0	R
NMDC20555185	1	0	0	0	0	R
NMDC20557186	1	0	0	0	0	R
NMDC20557188	1	0	0	0	0	R
NMDC20583665	0	1	0	0	0	R
NMDC20553205	1	0	0	0	0	R
NMDC20551176	1	0	0	0	0	R
NMDC20583667	1	0	0	0	0	R
NMDC20553206	1	0	0	0	0	R
NMDC20583670	0	1	0	0	0	R
NMDC20555186	0	1	0	0	0	R
NMDC20583671	0	1	0	0	0	R
NMDC20551177	0	1	0	0	0	R
NMDC20555187	1	0	0	0	0	R
NMDC20583672	0	1	0	0	0	R
NMDC20555188	0	1	0	0	0	R
NMDC20553208	0	1	0	0	0	R
NMDC20583674	1	0	0	0	0	R
NMDC20553209	0	1	0	0	0	R
NMDC20583676	0	1	0	0	0	R
NMDC20583678	1	0	0	0	0	R
NMDC20583681	0	0	0	0	0	R
NMDC20555189	1	0	0	0	0	R
NMDC20583682	0	1	0	0	0	R
NMDC20555190	1	0	0	0	0	R
NMDC20583683	0	1	0	0	0	R
NMDC20555191	0	1	0	0	0	R
NMDC20583689	1	1	0	0	0	R
NMDC20583690	1	0	0	0	0	R
NMDC20553212	1	1	0	0	0	R
NMDC20583693	1	0	0	0	0	R
NMDC20553213	0	1	0	0	0	R
NMDC20583695	1	0	0	0	0	R
NMDC20583697	1	0	0	0	0	R
NMDC20557190	1	1	0	0	0	R
NMDC20551178	1	0	0	0	0	R
NMDC20557191	0	0	0	0	0	R
NMDC20551179	0	1	0	0	0	R
NMDC20583705	0	1	0	0	0	R
NMDC20555193	0	1	0	0	0	R
NMDC20583707	0	1	0	0	0	R
NMDC20583708	0	0	0	0	0	R
NMDC20583709	0	1	0	0	0	R
NMDC20553215	0	0	0	0	0	R
NMDC20553216	1	0	0	0	0	R
NMDC20557192	1	1	0	0	0	R
NMDC20583711	1	0	0	0	0	R
NMDC20557194	1	1	0	0	0	R
NMDC20583713	0	1	0	0	0	R
NMDC20583716	0	1	0	0	0	R
NMDC20557197	1	0	0	0	0	R
NMDC20551183	1	0	0	0	0	R
NMDC20583717	1	0	0	0	0	R
NMDC20583718	1	0	0	0	0	R
NMDC20583719	0	1	0	0	0	R
NMDC20557198	1	0	0	0	0	R
NMDC20583721	0	1	0	0	0	R
NMDC20555197	0	1	0	0	0	R
NMDC20583722	0	1	0	0	0	R
NMDC20557199	0	1	0	0	0	R
NMDC20583725	1	1	0	0	0	R
NMDC20583726	0	1	0	0	0	R
NMDC20583728	1	0	0	0	0	R
NMDC20583729	0	1	0	0	0	R
NMDC20553220	1	0	0	0	0	R
NMDC20583731	0	1	0	0	0	R
NMDC20583732	0	1	0	0	0	R
NMDC20583733	0	0	1	1	0	R
NMDC20583734	0	0	1	1	0	R
NMDC20583735	0	1	0	0	0	R
NMDC20551184	1	0	0	0	0	R
NMDC20557200	0	1	0	0	0	R
NMDC20583738	0	1	0	0	0	R
NMDC20555198	0	1	0	0	0	R
NMDC20553223	1	0	0	0	0	R
NMDC20557201	1	0	0	0	0	R
NMDC20583740	1	0	0	0	0	R
NMDC20557202	0	0	0	0	0	R
NMDC20557203	0	1	0	0	0	R
NMDC20583741	1	0	0	0	0	R
NMDC20583742	0	1	0	0	0	R
NMDC20583743	0	1	0	0	0	R
NMDC20583744	1	0	0	0	0	R
NMDC20583745	0	1	0	0	0	R
NMDC20583746	0	1	0	0	0	R
NMDC20583747	0	1	0	0	0	R
NMDC20551186	0	1	0	0	0	R
NMDC20583749	1	1	0	0	0	R
NMDC20555199	1	0	0	0	0	R
NMDC20551187	0	1	0	0	0	R
NMDC20553224	1	0	0	0	0	R
NMDC20583757	0	1	0	0	0	R
NMDC20583761	0	1	0	0	0	R
NMDC20583762	0	1	0	0	0	R
NMDC20583763	0	1	0	0	0	R
NMDC20583765	0	1	0	0	0	R
NMDC20583766	0	1	0	0	0	R
NMDC20583768	0	1	0	0	0	R
NMDC20583772	0	1	0	0	0	R
NMDC20555200	0	1	0	0	0	R
NMDC20583774	0	1	0	0	0	R
NMDC20555201	0	1	0	0	0	R
NMDC20583775	0	1	0	0	0	R
NMDC20583776	0	1	0	0	0	R
NMDC20551188	0	1	0	0	0	R
NMDC20555202	0	1	0	0	0	R
NMDC20551189	0	1	0	0	0	R
NMDC20557209	0	1	0	0	0	R
NMDC20583780	0	1	0	0	0	R
NMDC20553225	0	1	0	0	0	R
NMDC20583782	0	1	0	0	0	R
NMDC20551191	0	1	0	0	0	R
NMDC20557210	0	1	0	0	0	R
NMDC20583787	0	1	0	0	0	R
NMDC20557211	0	1	0	0	0	R
NMDC20583789	0	1	0	0	0	R
NMDC20553226	0	1	0	0	0	R
NMDC20553227	0	1	0	0	0	R
NMDC20553228	1	0	0	0	0	R
NMDC20583792	1	0	0	0	0	R
NMDC20583793	0	1	0	0	0	R
NMDC20551194	0	1	0	0	0	R
NMDC20583794	0	1	0	0	0	R
NMDC20583795	0	1	0	0	0	R
NMDC20555204	1	1	0	0	0	R
NMDC20583796	1	0	0	0	0	R
NMDC20557215	0	1	0	0	0	R
NMDC20583797	1	0	0	0	0	R
NMDC20583798	0	0	0	0	0	R
NMDC20555205	0	1	0	0	0	R
NMDC20583799	1	0	0	0	0	R
NMDC20557212	1	0	0	0	0	R
NMDC20583800	0	1	0	0	0	R
NMDC20557213	1	0	0	0	0	R
NMDC20557214	0	1	0	0	0	R
NMDC20583801	1	0	0	0	0	R
NMDC20557219	0	1	0	0	0	R
NMDC20555206	1	1	0	0	0	R
NMDC20557216	0	1	0	0	0	R
NMDC20583802	0	0	0	0	0	R
NMDC20553230	0	1	0	0	0	R
NMDC20555207	1	0	0	0	0	R
NMDC20553231	0	1	0	0	0	R
NMDC20557217	0	1	0	0	0	R
NMDC20557218	0	1	0	0	0	R
NMDC20555208	0	1	0	0	0	R
NMDC20551196	1	0	0	0	0	R
NMDC20583804	1	0	0	0	0	R
NMDC20551195	0	0	0	0	0	R
NMDC20553232	1	0	0	0	0	R
NMDC20557221	0	1	0	0	0	R
NMDC20553233	1	0	0	0	0	R
NMDC20583805	0	1	0	0	0	R
NMDC20555209	1	0	0	0	0	R
NMDC20557222	1	0	0	0	0	R
NMDC20555210	1	0	0	0	0	R
NMDC20583807	0	0	0	0	0	R
NMDC20583808	0	0	0	0	0	R
NMDC20551198	1	0	0	0	0	R
NMDC20555211	0	1	0	0	0	R
NMDC20557224	0	0	0	0	0	R
NMDC20583811	0	1	0	0	0	R
NMDC20557225	1	0	0	0	0	R
NMDC20553234	1	0	0	0	0	R
NMDC20551199	1	0	0	0	0	R
NMDC20553235	1	0	0	0	0	R
NMDC20557227	0	1	0	0	0	R
NMDC20583813	0	1	0	0	0	R
NMDC20583814	0	1	0	0	0	R
NMDC20583815	0	1	0	0	0	R
NMDC20557228	0	1	0	0	0	R
NMDC20583818	0	1	0	0	0	R
NMDC20583819	0	1	0	0	0	R
NMDC20551200	1	0	0	0	0	R
NMDC20553236	0	1	0	0	0	R
NMDC20557229	0	1	0	0	0	R
NMDC20551201	0	0	0	0	0	R
NMDC20557231	0	1	0	0	0	R
NMDC20583821	0	1	0	0	0	R
NMDC20555214	1	0	0	0	0	R
NMDC20551203	0	1	0	0	0	R
NMDC20583823	0	1	0	0	0	R
NMDC20555215	1	0	0	0	0	R
NMDC20583826	0	0	0	0	0	R
NMDC20551205	1	0	0	0	0	R
NMDC20553237	0	0	0	0	0	R
NMDC20555219	1	0	0	0	0	R
NMDC20553239	1	0	0	0	0	R
NMDC20583830	0	1	0	0	0	R
NMDC20555218	0	1	0	0	0	R
NMDC20551208	1	0	0	0	0	R
NMDC20557234	0	1	0	0	0	R
NMDC20557237	0	0	0	0	0	R
NMDC20557235	0	0	0	0	0	R
NMDC20555220	0	1	0	0	0	R
NMDC20551209	1	0	0	0	0	R
NMDC20551210	1	1	0	0	0	R
NMDC20583832	1	0	0	0	0	R
NMDC20557236	1	0	0	0	0	R
NMDC20583833	0	1	0	0	0	R
NMDC20555221	0	0	0	0	0	R
NMDC20583834	1	0	0	0	0	R
NMDC20551211	0	1	0	0	0	R
NMDC20583835	1	0	0	0	0	R
NMDC20557238	1	0	0	0	0	R
NMDC20583836	0	0	0	0	0	R
NMDC20583837	0	1	0	0	0	R
NMDC20583839	1	1	0	0	0	R
NMDC20557239	1	0	0	0	0	R
NMDC20583840	1	0	0	0	0	R
NMDC20553245	1	0	0	0	0	R
NMDC20555223	0	0	0	0	0	R
NMDC20583842	1	0	0	0	0	R
NMDC20553246	0	0	0	0	0	R
NMDC20583843	0	1	0	0	0	R
NMDC20553248	0	0	0	0	0	R
NMDC20583846	1	1	0	0	0	R
NMDC20583848	0	1	0	0	0	R
NMDC20583850	0	0	0	0	0	R
NMDC20557241	1	0	0	0	0	R
NMDC20555224	1	0	0	0	0	R
NMDC20583852	1	0	0	0	0	R
NMDC20557242	0	0	0	0	0	R
NMDC20553249	1	0	0	0	0	R
NMDC20583853	0	0	0	0	0	R
NMDC20551214	0	1	0	0	0	R
NMDC20583855	1	0	0	0	0	R
NMDC20583856	0	1	0	0	0	R
NMDC20583858	0	0	0	0	0	R
NMDC20557243	0	1	0	0	0	R
NMDC20583859	0	1	0	0	0	R
NMDC20557244	1	0	0	0	0	R
NMDC20583860	0	1	0	0	0	R
NMDC20583861	1	0	0	0	0	R
NMDC20583862	1	0	0	0	0	R
NMDC20583863	1	0	0	0	0	R
NMDC20557245	0	0	0	0	0	R
NMDC20553252	1	0	0	0	0	R
NMDC20583864	0	0	0	0	0	R
NMDC20583865	0	0	0	0	0	R
NMDC20583866	0	1	0	0	0	R
NMDC20583869	0	1	0	0	0	R
NMDC20557246	0	1	0	0	0	R
NMDC20553253	0	1	0	0	0	R
NMDC20553254	0	1	0	0	0	R
NMDC20583870	0	1	0	0	0	R
NMDC20583872	0	0	0	0	0	R
NMDC20555229	0	1	0	0	0	R
NMDC20583873	0	0	0	0	0	R
NMDC20583874	0	0	0	0	0	R
NMDC20583875	0	0	0	0	0	R
NMDC20551218	0	1	0	0	0	R
NMDC20555231	0	0	0	0	0	R
NMDC20551219	0	0	0	0	0	R
NMDC20557249	1	0	0	0	0	R
NMDC20557250	0	1	0	0	0	R
NMDC20557251	1	0	0	0	0	R
NMDC20553258	0	1	0	0	0	R
NMDC20551220	0	1	0	0	0	R
NMDC20555232	1	0	0	0	0	R
NMDC20553259	0	1	0	0	0	R
NMDC20553260	0	1	0	0	0	R
NMDC20583877	0	1	0	0	0	R
NMDC20553261	0	1	0	0	0	R
NMDC20555233	1	0	0	0	0	R
NMDC20555234	1	0	0	0	0	R
NMDC20553262	1	0	0	0	0	R
NMDC20551222	1	0	0	0	0	R
NMDC20551223	1	0	0	0	0	R
NMDC20583879	0	1	0	0	0	R
NMDC20551224	0	1	0	0	0	R
NMDC20583882	1	1	0	0	0	R
NMDC20583883	0	1	0	0	0	R
NMDC20557252	0	1	0	0	0	R
NMDC20583884	0	1	0	0	0	R
NMDC20553264	1	0	0	0	0	R
NMDC20583885	0	1	0	0	0	R
NMDC20557255	0	1	0	0	0	R
NMDC20555237	0	1	0	0	0	R
NMDC20557253	0	1	0	0	0	R
NMDC20551229	0	1	0	0	0	R
NMDC20583890	0	1	0	0	0	R
NMDC20555238	1	0	0	0	0	R
NMDC20555239	1	0	0	0	0	R
NMDC20553266	1	0	0	0	0	R
NMDC20551228	0	1	0	0	0	R
NMDC20551230	0	0	0	0	0	R
NMDC20553267	0	1	0	0	0	R
NMDC20557256	0	0	0	0	0	R
NMDC20583897	0	1	0	0	0	R
NMDC20583899	0	1	0	0	0	R
NMDC20555240	0	1	0	0	0	R
NMDC20557257	0	1	0	0	0	R
NMDC20553268	0	1	0	0	0	R
NMDC20555241	0	1	0	0	0	R
NMDC20583901	0	1	0	0	0	R
NMDC20555243	0	0	0	0	0	R
NMDC20583904	0	0	0	0	0	R
NMDC20583905	1	0	0	0	0	R
NMDC20557259	0	0	1	1	0	R
NMDC20583906	0	1	0	0	0	R
NMDC20583907	0	1	0	0	0	R
NMDC20555244	0	1	0	0	0	R
NMDC20551234	0	1	0	0	0	R
NMDC20583910	0	1	0	0	0	R
NMDC20583913	0	1	0	0	0	R
NMDC20553270	0	0	0	0	0	R
NMDC20555246	0	1	0	0	0	R
NMDC20583914	0	1	0	0	0	R
NMDC20583915	0	1	0	0	0	R
NMDC20557261	0	1	0	0	0	R
NMDC20551237	1	0	0	0	0	R
NMDC20557265	1	0	0	0	0	R
NMDC20583922	0	1	0	0	0	R
NMDC20551239	0	1	0	0	0	R
NMDC20557266	1	0	0	0	0	R
NMDC20583924	1	0	0	0	0	R
NMDC20551241	0	1	0	0	0	R
NMDC20551242	1	0	0	0	0	R
NMDC20583927	0	1	0	0	0	R
NMDC20551243	0	1	0	0	0	R
NMDC20583928	0	1	0	0	0	R
NMDC20555251	0	1	0	0	0	R
NMDC20583929	0	1	0	0	0	R
NMDC20583930	0	1	0	0	0	R
NMDC20557267	0	1	0	0	0	R
NMDC20551244	0	1	0	0	0	R
NMDC20551247	0	1	0	0	0	R
NMDC20557268	0	1	0	0	0	R
NMDC20557270	0	1	0	0	0	R
NMDC20583935	0	1	0	0	0	R
NMDC20583936	0	1	0	0	0	R
NMDC20583938	0	1	0	0	0	R
NMDC20583939	0	1	0	0	0	R
NMDC20583941	0	1	0	0	0	R
NMDC20551250	1	0	0	0	0	R
NMDC20551254	0	1	0	0	0	R
NMDC20583943	0	1	0	0	0	R
NMDC20553274	0	1	0	0	0	R
NMDC20553275	0	1	0	0	0	R
NMDC20583944	0	1	0	0	0	R
NMDC20553276	0	0	0	0	0	R
NMDC20583946	0	1	0	0	0	R
NMDC20557271	0	1	0	0	0	R
NMDC20555257	0	1	0	0	0	R
NMDC20555258	0	1	0	0	0	R
NMDC20583949	0	1	0	0	0	R
NMDC20583951	0	1	0	0	0	R
NMDC20583954	1	0	0	0	0	R
NMDC20551259	0	1	0	0	0	R
NMDC20555259	0	1	0	0	0	R
NMDC20551260	0	1	0	0	0	R
NMDC20555260	1	0	0	0	0	R
NMDC20551261	0	1	0	0	0	R
NMDC20583957	1	0	0	0	0	R
NMDC20583958	1	0	0	0	0	R
NMDC20557275	0	1	0	0	0	R
NMDC20583961	0	1	0	0	0	R
NMDC20557276	1	1	0	0	0	R
NMDC20555262	0	1	0	0	0	R
NMDC20553280	1	0	0	0	0	R
NMDC20583962	0	1	0	0	0	R
NMDC20555263	0	1	0	0	0	R
NMDC20555264	1	0	0	0	0	R
NMDC20555266	1	1	0	0	0	R
NMDC20583964	0	1	0	0	0	R
NMDC20583966	0	1	0	0	0	R
NMDC20583967	0	1	0	0	0	R
NMDC20583968	0	1	0	0	0	R
NMDC20551264	0	1	0	0	0	R
NMDC20583969	0	1	0	0	0	R
NMDC20555268	0	1	0	0	0	R
NMDC20583970	0	1	0	0	0	R
NMDC20551266	1	0	0	0	0	R
NMDC20555272	1	0	0	0	0	R
NMDC20553285	0	1	0	0	0	R
NMDC20583972	0	1	0	0	0	R
NMDC20553286	0	1	0	0	0	R
NMDC20551265	0	1	0	0	0	R
NMDC20557277	0	1	0	0	0	R
NMDC20551267	0	1	0	0	0	R
NMDC20583974	0	1	0	0	0	R
NMDC20583975	0	1	0	0	0	R
NMDC20557278	0	1	0	0	0	R
NMDC20583978	0	1	0	0	0	R
NMDC20555276	0	1	0	0	0	R
NMDC20553289	0	0	0	0	0	R
NMDC20555278	0	1	0	0	0	R
NMDC20553287	0	1	0	0	0	R
NMDC20583982	0	1	0	0	0	R
NMDC20551270	0	1	0	0	0	R
NMDC20555280	0	1	0	0	0	R
NMDC20553290	0	1	0	0	0	R
NMDC20551271	0	1	0	0	0	R
NMDC20583986	0	0	0	0	0	R
NMDC20583987	0	1	0	0	0	R
NMDC20557279	0	1	0	0	0	R
NMDC20583988	0	0	0	0	0	R
NMDC20557280	1	0	0	0	0	R
NMDC20555281	1	0	0	0	0	R
NMDC20557281	0	1	0	0	0	R
NMDC20557282	0	1	0	0	0	R
NMDC20551273	0	1	0	0	0	R
NMDC20583992	0	1	0	0	0	R
NMDC20555283	0	1	0	0	0	R
NMDC20553293	0	1	0	0	0	R
NMDC20557286	0	0	0	0	0	R
NMDC20557285	0	0	0	0	0	R
NMDC20583995	0	1	0	0	0	R
NMDC20555287	0	1	0	0	0	R
NMDC20583998	0	0	0	0	0	R
NMDC20583999	0	0	0	0	0	R
NMDC20584002	0	1	0	0	0	R
NMDC20584006	0	1	0	0	0	R
NMDC20557287	0	1	0	0	0	R
NMDC20584008	0	1	0	0	0	R
NMDC20584013	0	1	0	0	0	R
NMDC20584014	0	1	0	0	0	R
NMDC20584015	0	1	0	0	0	R
NMDC20584017	0	1	0	0	0	R
NMDC20584018	0	1	0	0	0	R
NMDC20584019	0	1	0	0	0	R
NMDC20584020	0	1	0	0	0	R
NMDC20584026	1	0	0	0	0	R
NMDC20584027	0	1	0	0	0	R
NMDC20584028	0	1	0	0	0	R
NMDC20584029	0	1	0	0	0	R
NMDC20584031	1	0	0	0	0	R
NMDC20584032	0	1	0	0	0	R
NMDC20584035	0	1	0	0	0	R
NMDC20584036	0	1	0	0	0	R
NMDC20584037	0	1	0	0	0	R
NMDC20584041	0	1	0	0	0	R
NMDC20584043	0	0	0	0	0	R
NMDC20551275	0	1	0	0	0	R
NMDC20584047	0	0	0	0	0	R
NMDC20557289	1	0	0	0	0	R
NMDC20557290	0	1	0	0	1	R
NMDC20555289	1	1	0	0	0	R
NMDC20551277	1	0	0	0	0	R
NMDC20584049	0	1	0	0	0	R
NMDC20584050	1	0	0	0	0	R
NMDC20553297	1	1	0	0	0	R
NMDC20555290	0	1	0	0	0	R
NMDC20584053	1	0	0	0	0	R
NMDC20551278	1	0	0	0	0	R
NMDC20557293	0	1	0	0	0	R
NMDC20557294	1	0	0	0	0	R
NMDC20557295	1	0	0	0	0	R
NMDC20584059	1	0	0	0	0	R
NMDC20557296	1	0	0	0	0	R
NMDC20553298	1	0	0	0	0	R
NMDC20584062	1	0	0	0	0	R
NMDC20557297	1	0	0	0	0	R
NMDC20584063	1	0	0	0	0	R
NMDC20584064	0	1	0	0	0	R
NMDC20557298	1	0	0	0	0	R
NMDC20553299	1	1	0	0	0	R
NMDC20584065	0	1	0	0	0	R
NMDC20557299	1	1	0	0	0	R
NMDC20584066	1	0	0	0	0	R
NMDC20555294	0	1	0	0	0	R
NMDC20553301	1	0	0	0	0	R
NMDC20557300	1	0	0	0	0	R
NMDC20584069	0	1	0	0	0	R
NMDC20584070	0	0	0	0	0	R
NMDC20551279	0	0	1	1	0	R
NMDC20555293	0	1	0	0	0	R
NMDC20553302	0	0	0	0	0	R
NMDC20584073	0	1	0	0	0	R
NMDC20584074	0	1	0	0	0	R
NMDC20551280	0	0	1	1	0	R
NMDC20557301	0	1	0	0	0	R
NMDC20584075	1	0	0	0	0	R
NMDC20584076	0	0	0	0	0	R
NMDC20555295	0	1	0	0	0	R
NMDC20553303	1	0	0	0	0	R
NMDC20584078	0	0	0	0	0	R
NMDC20584079	0	1	0	0	0	R
NMDC20553319	1	0	0	0	0	R
NMDC20557307	1	0	0	0	0	R
NMDC20557303	1	0	0	0	0	R
NMDC20584082	0	1	0	0	0	R
NMDC20557304	0	1	0	0	0	R
NMDC20551282	0	1	0	0	0	R
NMDC20557305	1	0	0	0	0	R
NMDC20557306	0	1	0	0	0	R
NMDC20553305	0	0	0	0	0	R
NMDC20584085	0	1	0	0	0	R
NMDC20553306	0	1	0	0	0	R
NMDC20584086	0	1	0	0	0	R
NMDC20584087	0	1	0	0	0	R
NMDC20555296	0	1	0	0	0	R
NMDC20553307	0	1	0	0	0	R
NMDC20584088	0	1	0	0	0	R
NMDC20555297	0	1	0	0	0	R
NMDC20584089	0	1	0	0	0	R
NMDC20551284	0	1	0	0	0	R
NMDC20584091	0	1	0	0	0	R
NMDC20584092	0	1	0	0	0	R
NMDC20555298	1	0	0	0	0	R
NMDC20553308	0	1	0	0	0	R
NMDC20584093	0	1	0	0	0	R
NMDC20557309	1	0	0	0	0	R
NMDC20551285	0	1	0	0	0	R
NMDC20584095	1	1	0	0	0	R
NMDC20584096	0	1	0	0	0	R
NMDC20584099	0	1	0	0	0	R
NMDC20555299	0	1	0	0	0	R
NMDC20557310	0	1	0	0	0	R
NMDC20553309	0	0	0	0	0	R
NMDC20557311	0	1	0	0	0	R
NMDC20584103	1	0	0	0	0	R
NMDC20551289	0	0	0	0	0	R
NMDC20584104	0	0	0	0	0	R
NMDC20553310	0	1	0	0	0	R
NMDC20584106	0	1	0	0	0	R
NMDC20551290	1	0	0	0	0	R
NMDC20551291	0	1	0	0	0	R
NMDC20553311	0	1	0	0	0	R
NMDC20584108	0	1	0	0	0	R
NMDC20584109	0	1	0	0	0	R
NMDC20551294	1	0	0	0	0	R
NMDC20555304	0	1	0	0	0	R
NMDC20551295	1	0	0	0	0	R
NMDC20551298	0	1	0	0	0	R
NMDC20551300	0	1	0	0	0	R
NMDC20553315	0	1	0	0	0	R
NMDC20555305	0	1	0	0	0	R
NMDC20584112	0	1	0	0	0	R
NMDC20553313	0	1	0	0	0	R
NMDC20584114	0	1	0	0	0	R
NMDC20553314	0	1	0	0	0	R
NMDC20551301	1	0	0	0	0	R
NMDC20555308	0	1	0	0	0	R
NMDC20551302	1	0	0	0	0	R
NMDC20584122	0	1	0	0	0	R
NMDC20584123	1	0	0	0	0	R
NMDC20584124	0	1	0	0	0	R
NMDC20551303	0	1	0	0	0	R
NMDC20555311	0	0	0	0	0	R
NMDC20551304	0	1	0	0	0	R
NMDC20553320	0	1	0	0	0	R
NMDC20553321	0	1	0	0	0	R
NMDC20553322	1	0	0	0	0	R
NMDC20555310	0	1	0	0	0	R
NMDC20584127	1	1	0	0	0	R
NMDC20555312	0	1	0	0	0	R
NMDC20557319	0	1	0	0	0	R
NMDC20555313	0	1	0	0	0	R
NMDC20555314	0	0	0	0	0	R
NMDC20584130	0	1	0	0	0	R
NMDC20553325	1	0	0	0	0	R
NMDC20553327	0	1	0	0	0	R
NMDC20555316	0	1	0	0	0	R
NMDC20557321	0	0	0	0	0	R
NMDC20555318	0	1	0	0	0	R
NMDC20555319	1	0	0	0	0	R
NMDC20584134	0	1	0	0	0	R
NMDC20551308	1	0	0	0	0	R
NMDC20584136	0	1	0	0	0	R
NMDC20557323	0	1	0	0	0	R
NMDC20557324	0	1	0	0	0	R
NMDC20555320	0	1	0	0	0	R
NMDC20551309	1	0	0	0	0	R
NMDC20553330	0	1	0	0	0	R
NMDC20551310	0	1	0	0	0	R
NMDC20555321	1	0	0	0	0	R
NMDC20555322	0	1	0	0	0	R
NMDC20584139	0	1	0	0	0	R
NMDC20584140	0	1	0	0	0	R
NMDC20584142	0	1	0	0	0	R
NMDC20557325	0	1	0	0	0	R
NMDC20557326	0	1	0	0	0	R
NMDC20584146	0	1	0	0	0	R
NMDC20555323	0	1	0	0	0	R
NMDC20557328	1	1	0	0	0	R
NMDC20555324	0	1	0	0	0	R
NMDC20551313	0	1	0	0	0	R
NMDC20555327	0	1	0	0	0	R
NMDC20555325	1	0	0	0	0	R
NMDC20584149	1	0	0	0	0	R
NMDC20584150	1	0	0	0	0	R
NMDC20584151	0	1	0	0	0	R
NMDC20557331	0	1	0	0	0	R
NMDC20555326	1	0	0	0	0	R
NMDC20584152	0	1	0	0	0	R
NMDC20553335	1	1	0	0	0	R
NMDC20555328	0	1	0	0	0	R
NMDC20551316	1	0	0	0	0	R
NMDC20557332	0	1	0	0	0	R
NMDC20584157	0	1	0	0	0	R
NMDC20555330	0	1	0	0	0	R
NMDC20584158	0	1	0	0	0	R
NMDC20555331	0	1	0	0	0	R
NMDC20553336	1	1	0	0	0	R
NMDC20553337	0	1	0	0	0	R
NMDC20551319	1	0	0	0	0	R
NMDC20553339	0	1	0	0	0	R
NMDC20584162	1	1	0	0	0	R
NMDC20584165	1	1	0	0	0	R
NMDC20584166	0	1	0	0	0	R
NMDC20557336	0	0	0	0	0	R
NMDC20557338	1	1	0	0	0	R
NMDC20584167	1	0	0	0	0	R
NMDC20584168	1	0	0	0	0	R
NMDC20551321	0	1	0	0	0	R
NMDC20553342	0	1	0	0	0	R
NMDC20584169	0	1	0	0	0	R
NMDC20555334	0	1	0	0	0	R
NMDC20551323	0	1	0	0	0	R
NMDC20553345	1	0	0	0	0	R
NMDC20555335	1	0	0	0	0	R
NMDC20557340	0	1	0	0	0	R
NMDC20555336	0	1	0	0	0	R
NMDC20551322	0	1	0	0	0	R
NMDC20555337	1	0	0	0	0	R
NMDC20551325	0	1	0	0	0	R
NMDC20584173	1	0	0	0	0	R
NMDC20557341	1	1	0	0	0	R
NMDC20555338	0	1	0	0	0	R
NMDC20584174	0	1	0	0	0	R
NMDC20555339	0	1	0	0	0	R
NMDC20557342	0	1	0	0	0	R
NMDC20553347	1	0	0	0	0	R
NMDC20584176	0	1	0	0	0	R
NMDC20584177	0	1	0	0	0	R
NMDC20553348	0	1	0	0	0	R
NMDC20584179	0	1	0	0	0	R
NMDC20584180	0	1	0	0	0	R
NMDC20553350	0	1	0	0	0	R
NMDC20557344	0	1	0	0	0	R
NMDC20555341	0	1	0	0	0	R
NMDC20551328	0	1	0	0	0	R
NMDC20555342	0	1	0	0	0	R
NMDC20584185	1	0	0	0	0	R
NMDC20557345	1	0	0	0	0	R
NMDC20584186	0	1	0	0	0	R
NMDC20553352	1	0	0	0	0	R
NMDC20584187	0	1	0	0	0	R
NMDC20584188	0	1	0	0	0	R
NMDC20555345	1	0	0	0	0	R
NMDC20555366	1	0	0	0	0	R
NMDC20551331	1	1	0	0	0	R
NMDC20584190	1	1	0	0	0	R
NMDC20555347	1	0	0	0	0	R
NMDC20584192	1	0	0	0	0	R
NMDC20584194	1	0	0	0	0	R
NMDC20557348	1	0	0	0	0	R
NMDC20551333	1	0	0	0	0	R
NMDC20557349	1	1	0	0	0	R
NMDC20584198	0	1	0	0	0	R
NMDC20553356	1	0	0	0	0	R
NMDC20551335	0	1	0	0	0	R
NMDC20555352	0	1	0	0	0	R
NMDC20555354	0	1	0	0	0	R
NMDC20553358	0	0	0	0	0	R
NMDC20551337	1	0	0	0	0	R
NMDC20584201	0	1	0	0	0	R
NMDC20555355	0	1	0	0	0	R
NMDC20553360	0	1	0	0	0	R
NMDC20555359	0	1	0	0	0	R
NMDC20557351	1	0	0	0	0	R
NMDC20551338	1	0	0	0	0	R
NMDC20557353	1	0	0	0	0	R
NMDC20553362	0	1	0	0	0	R
NMDC20557354	0	0	0	0	0	R
NMDC20555360	0	1	0	0	0	R
NMDC20555361	0	0	0	0	0	R
NMDC20584202	0	1	0	0	0	R
NMDC20551339	0	1	0	0	0	R
NMDC20557356	0	1	0	0	0	R
NMDC20584204	0	0	0	0	0	R
NMDC20553364	0	1	0	0	0	R
NMDC20553365	1	0	0	0	0	R
NMDC20584207	1	0	0	0	0	R
NMDC20555364	0	1	0	0	0	R
NMDC20584208	1	1	0	0	0	R
NMDC20555365	1	0	0	0	0	R
NMDC20557359	1	0	0	0	0	R
NMDC20551340	0	1	0	0	0	R
NMDC20553366	1	0	0	0	0	R
NMDC20584211	1	0	0	0	0	R
NMDC20551342	0	1	0	0	0	R
NMDC20584212	0	1	0	0	0	R
NMDC20553367	1	0	0	0	0	R
NMDC20555367	1	0	0	0	0	R
NMDC20557362	0	1	0	0	0	R
NMDC20553368	1	1	0	0	0	R
NMDC20584215	1	1	0	0	0	R
NMDC20557363	0	1	0	0	0	R
NMDC20551345	0	1	0	0	0	R
NMDC20553369	0	1	0	0	0	R
NMDC20555368	1	0	0	0	0	R
NMDC20584217	1	1	0	0	0	R
NMDC20551346	1	0	0	0	0	R
NMDC20557366	0	1	0	0	0	R
NMDC20557367	0	1	0	0	0	R
NMDC20553370	1	0	0	0	0	R
NMDC20553375	0	1	0	0	0	R
NMDC20584219	0	1	0	0	0	R
NMDC20557370	0	1	0	0	0	R
NMDC20553371	0	1	0	0	0	R
NMDC20584220	1	0	0	0	0	R
NMDC20555372	1	1	0	0	0	R
NMDC20584221	1	1	0	0	0	R
NMDC20584222	1	0	0	0	0	R
NMDC20584223	1	0	0	0	0	R
NMDC20555371	0	1	0	0	0	R
NMDC20557371	0	1	0	0	0	R
NMDC20551351	1	0	0	0	0	R
NMDC20584225	0	1	0	0	0	R
NMDC20584226	1	0	0	0	0	R
NMDC20584227	1	0	0	0	0	R
NMDC20555373	0	1	0	0	0	R
NMDC20553374	0	1	0	0	0	R
NMDC20551349	1	0	0	0	0	R
NMDC20555374	0	1	0	0	0	R
NMDC20551350	1	0	0	0	0	R
NMDC20557373	1	0	0	0	0	R
NMDC20584228	1	0	0	0	0	R
NMDC20584229	1	0	0	0	0	R
NMDC20557374	1	0	0	0	0	R
NMDC20555375	1	0	0	0	0	R
NMDC20553376	0	1	0	0	0	R
NMDC20584231	1	1	0	0	0	R
NMDC20584232	0	1	0	0	0	R
NMDC20584233	0	1	0	0	0	R
NMDC20584234	0	1	0	0	0	R
NMDC20584235	1	1	0	0	0	R
NMDC20551353	1	0	0	0	0	R
NMDC20553379	0	1	0	0	1	R
NMDC20584237	0	1	0	0	0	R
NMDC20584239	0	1	0	0	0	R
NMDC20553380	0	1	0	0	0	R
NMDC20557376	0	1	0	0	0	R
NMDC20557377	0	1	0	0	0	R
NMDC20584241	1	1	0	0	0	R
NMDC20553383	1	0	0	0	0	R
NMDC20584242	0	1	0	0	0	R
NMDC20551355	0	1	0	0	0	R
NMDC20553384	0	0	0	0	0	R
NMDC20555379	1	0	0	0	0	R
NMDC20557379	0	0	0	0	0	R
NMDC20553385	1	0	0	0	0	R
NMDC20553386	0	1	0	0	0	R
NMDC20551356	0	1	0	0	0	R
NMDC20553387	1	0	0	0	0	R
NMDC20584247	0	1	0	0	0	R
NMDC20584248	0	0	0	0	0	R
NMDC20553388	0	0	0	0	0	R
NMDC20584249	0	1	0	0	0	R
NMDC20551357	1	0	0	0	0	R
NMDC20551358	1	0	0	0	0	R
NMDC20555382	0	1	0	0	0	R
NMDC20551359	0	0	0	0	0	R
NMDC20553389	1	0	0	0	0	R
NMDC20553390	0	1	0	0	0	R
NMDC20555383	1	0	0	0	0	R
NMDC20584251	0	1	0	0	0	R
NMDC20551360	0	1	0	0	0	R
NMDC20584253	0	1	0	0	0	R
NMDC20557381	0	1	0	0	0	R
NMDC20553391	1	0	0	0	0	R
NMDC20557383	0	1	0	0	0	R
NMDC20584255	1	0	0	0	0	R
NMDC20584258	0	0	0	0	0	R
NMDC20584259	0	1	0	0	0	R
NMDC20553392	1	0	0	0	0	R
NMDC20553393	1	0	0	0	0	R
NMDC20551361	1	1	0	0	0	R
NMDC20555385	1	0	0	0	0	R
NMDC20553394	0	1	0	0	0	R
NMDC20555386	0	1	0	0	0	R
NMDC20557387	0	1	0	0	0	R
NMDC20551363	1	0	0	0	0	R
NMDC20584261	0	1	0	0	0	R
NMDC20584262	0	1	0	0	0	R
NMDC20584264	1	0	0	0	0	R
NMDC20584265	1	0	0	0	0	R
NMDC20551366	1	0	0	0	0	R
NMDC20557393	0	1	0	0	0	R
NMDC20555388	0	0	0	0	0	R
NMDC20584267	0	1	0	0	0	R
NMDC20555390	1	0	0	0	0	R
NMDC20584269	1	0	0	0	0	R
NMDC20584270	0	1	0	0	0	R
NMDC20555393	0	1	0	0	0	R
NMDC20584271	0	1	0	0	0	R
NMDC20553397	0	0	0	0	0	R
NMDC20553398	0	1	0	0	0	R
NMDC20555392	0	1	0	0	0	R
NMDC20551369	1	0	0	0	0	R
NMDC20557396	0	1	0	0	0	R
NMDC20584273	1	0	0	0	0	R
NMDC20553400	0	1	0	0	0	R
NMDC20555396	0	0	0	0	1	R
NMDC20551373	0	1	0	0	0	R
NMDC20584274	1	0	0	0	0	R
NMDC20551372	0	1	0	0	0	R
NMDC20557399	1	0	0	0	0	R
NMDC20584279	0	1	0	0	0	R
NMDC20553401	0	0	0	0	0	R
NMDC20584280	0	1	0	0	0	R
NMDC20584282	0	1	0	0	0	R
NMDC20584284	0	1	0	0	0	R
NMDC20551374	1	0	0	0	0	R
NMDC20584285	0	1	0	0	0	R
NMDC20553402	0	1	0	0	0	R
NMDC20584287	0	0	0	0	0	R
NMDC20584288	0	1	0	0	0	R
NMDC20584289	0	1	0	0	0	R
NMDC20584290	1	1	0	0	0	R
NMDC20555397	0	1	0	0	0	R
NMDC20584293	0	1	0	0	0	R
NMDC20557402	1	1	0	0	0	R
NMDC20584294	0	1	0	0	0	R
NMDC20584295	0	1	0	0	0	R
NMDC20557401	0	1	0	0	0	R
NMDC20555399	0	1	0	0	0	R
NMDC20584298	1	0	0	0	0	R
NMDC20584299	1	0	0	0	0	R
NMDC20584300	1	1	0	0	0	R
NMDC20584301	0	1	0	0	0	R
NMDC20551377	0	1	0	0	0	R
NMDC20557403	1	1	0	0	0	R
NMDC20584305	1	0	0	0	0	R
NMDC20555400	1	0	0	0	0	R
NMDC20555401	1	0	0	0	0	R
NMDC20555402	1	0	0	0	0	R
NMDC20584308	0	1	0	0	0	R
NMDC20557404	1	0	0	0	0	R
NMDC20555404	0	1	0	0	0	R
NMDC20551380	0	1	0	0	0	R
NMDC20551379	1	1	0	0	0	R
NMDC20557405	1	0	0	0	0	R
NMDC20584309	0	1	0	0	0	R
NMDC20553405	0	1	0	0	0	R
NMDC20557407	1	1	0	0	0	R
NMDC20557408	1	0	0	0	0	R
NMDC20555405	0	1	0	0	0	R
NMDC20557409	0	1	0	0	0	R
NMDC20557410	0	1	0	0	0	R
NMDC20551381	0	1	0	0	0	R
NMDC20551382	0	1	0	0	0	R
NMDC20551383	0	1	0	0	0	R
NMDC20551385	0	1	0	0	0	R
NMDC20553407	0	1	0	0	0	R
NMDC20551386	0	1	0	0	0	R
NMDC20557412	0	1	0	0	1	R
NMDC20555407	0	1	0	0	1	R
NMDC20584313	0	1	0	0	0	R
NMDC20584314	0	1	0	0	0	R
NMDC20555408	0	1	0	0	0	R
NMDC20557413	1	0	0	0	0	R
NMDC20557414	0	0	0	0	0	R
NMDC20555409	0	1	0	0	1	R
NMDC20584318	0	1	0	0	0	R
NMDC20584319	0	1	0	0	0	R
NMDC20555410	0	1	0	0	0	R
NMDC20584321	0	1	0	0	0	R
NMDC20551389	0	1	0	0	0	R
NMDC20584323	0	1	0	0	0	R
NMDC20555411	0	0	0	0	0	R
NMDC20553410	1	0	0	0	0	R
NMDC20584325	0	1	0	0	0	R
NMDC20557416	0	1	0	0	0	R
NMDC20553411	0	1	0	0	0	R
NMDC20557417	0	1	0	0	0	R
NMDC20584327	0	1	0	0	0	R
NMDC20584328	1	1	0	0	0	R
NMDC20584329	0	1	0	0	0	R
NMDC20551391	0	1	0	0	0	R
NMDC20584330	1	0	0	0	0	R
NMDC20584331	0	1	0	0	0	R
NMDC20557418	1	0	0	0	0	R
NMDC20557419	1	0	0	0	0	R
NMDC20553414	0	0	0	0	1	R
NMDC20584337	1	0	0	0	0	R
NMDC20584339	1	0	0	0	0	R
NMDC20551392	0	1	0	0	0	R
NMDC20557421	0	1	0	0	0	R
NMDC20584340	0	1	0	0	0	R
NMDC20551393	0	1	0	0	0	R
NMDC20557422	1	0	0	0	0	R
NMDC20584341	0	1	0	0	0	R
NMDC20551394	0	1	0	0	1	R
NMDC20584342	0	1	0	0	0	R
NMDC20553416	0	1	0	0	0	R
NMDC20553417	1	0	0	0	0	R
NMDC20551395	1	0	0	0	0	R
NMDC20555414	1	0	0	0	0	R
NMDC20555415	1	0	0	0	0	R
NMDC20551396	1	1	0	0	0	R
NMDC20557424	1	0	0	0	0	R
NMDC20584343	0	1	0	0	0	R
NMDC20584346	1	1	0	0	0	R
NMDC20551397	0	1	0	0	0	R
NMDC20557426	1	0	0	0	0	R
NMDC20584348	1	0	0	0	0	R
NMDC20584349	1	1	0	0	0	R
NMDC20584350	0	1	0	0	0	R
NMDC20584351	0	1	0	0	0	R
NMDC20557428	0	1	0	0	0	R
NMDC20555417	0	1	0	0	0	R
NMDC20584354	0	1	0	0	0	R
NMDC20557429	1	0	0	0	0	R
NMDC20557430	1	0	0	0	0	R
NMDC20553421	0	1	0	0	0	R
NMDC20553422	0	1	0	0	0	R
NMDC20584356	0	1	0	0	0	R
NMDC20584357	0	1	0	0	0	R
NMDC20557432	0	1	0	0	0	R
NMDC20551398	0	1	0	0	0	R
NMDC20584359	0	1	0	0	0	R
NMDC20551399	0	1	0	0	0	R
NMDC20584362	1	1	0	0	0	R
NMDC20557434	1	1	0	0	0	R
NMDC20555418	0	0	0	0	0	R
NMDC20553426	0	1	0	0	0	R
NMDC20584365	0	1	0	0	0	R
NMDC20555419	1	0	0	0	0	R
NMDC20584367	0	1	0	0	0	R
NMDC20584369	1	0	0	0	0	R
NMDC20553428	1	0	0	0	0	R
NMDC20555420	0	1	0	0	0	R
NMDC20555421	1	1	0	0	0	R
NMDC20553429	1	1	0	0	0	R
NMDC20584374	1	1	0	0	0	R
NMDC20557439	0	1	0	0	0	R
NMDC20557440	1	0	0	0	0	R
NMDC20584376	0	1	0	0	0	R
NMDC20553431	1	0	0	0	0	R
NMDC20555423	1	0	0	0	0	R
NMDC20557447	0	1	0	0	0	R
NMDC20551403	0	1	0	0	0	R
NMDC20584379	0	1	0	0	0	R
NMDC20557443	0	1	0	0	1	R
NMDC20551404	0	1	0	0	0	R
NMDC20584381	1	1	0	0	0	R
NMDC20555427	0	1	0	0	0	R
NMDC20551405	1	0	0	0	0	R
NMDC20551406	0	1	0	0	0	R
NMDC20584384	0	1	0	0	0	R
NMDC20553438	0	1	0	0	0	R
NMDC20584387	0	1	0	0	0	R
NMDC20584388	0	1	0	0	0	R
NMDC20584390	0	1	0	0	0	R
NMDC20555430	0	1	0	0	0	R
NMDC20551408	0	1	0	0	0	R
NMDC20555431	0	1	0	0	0	R
NMDC20557446	0	1	0	0	0	R
NMDC20584391	0	0	0	0	0	R
NMDC20557452	1	0	0	0	0	R
NMDC20584399	0	1	0	0	0	R
NMDC20551411	1	0	0	0	0	R
NMDC20551412	0	0	0	0	0	R
NMDC20584402	1	1	0	0	0	R
NMDC20584403	0	1	0	0	0	R
NMDC20557453	0	0	0	0	0	R
NMDC20555435	1	0	0	0	0	R
NMDC20584405	0	0	0	0	0	R
NMDC20553442	0	1	0	0	0	R
NMDC20551416	1	0	0	0	0	R
NMDC20584407	1	0	0	0	0	R
NMDC20584408	1	0	0	0	0	R
NMDC20551417	1	0	0	0	0	R
NMDC20584411	0	1	0	0	0	R
NMDC20584412	0	1	0	0	0	R
NMDC20557456	0	1	0	0	0	R
NMDC20557457	0	1	0	0	0	R
NMDC20555439	0	1	0	0	0	R
NMDC20553446	1	0	0	0	0	R
NMDC20584420	1	0	0	0	0	R
NMDC20584422	0	1	0	0	0	R
NMDC20584424	0	0	0	0	0	R
NMDC20555441	0	1	0	0	0	R
NMDC20584425	1	0	0	0	0	R
NMDC20553450	1	1	0	0	0	R
NMDC20584426	1	1	0	0	0	R
NMDC20553451	1	0	0	0	0	R
NMDC20553452	0	1	0	0	0	R
NMDC20551418	1	0	0	0	0	R
NMDC20557462	0	1	0	0	0	R
NMDC20584900	0	0	0	0	0	R
NMDC20584903	0	1	0	0	0	R
NMDC20555446	1	0	0	0	0	R
NMDC20584904	0	1	0	0	0	R
NMDC20584908	0	1	0	0	0	R
NMDC20584909	0	0	0	0	0	R
NMDC20584911	0	1	0	0	0	R
NMDC20584912	0	1	0	0	0	R
NMDC20584914	1	0	0	0	0	R
NMDC20584915	0	0	1	1	0	R
NMDC20584916	0	1	0	0	0	R
NMDC20584918	0	1	0	0	0	R
NMDC20584919	0	1	0	0	0	R
NMDC20584921	0	1	0	0	0	R
NMDC20584922	0	1	0	0	0	R
NMDC20584925	0	1	0	0	0	R
NMDC20584926	1	0	0	0	0	R
NMDC20584928	0	1	0	0	0	R
NMDC20584929	0	1	0	0	0	R
NMDC20584931	0	1	0	0	0	R
NMDC20584932	0	1	0	0	0	R
NMDC20584936	0	1	0	0	0	R
NMDC20553455	1	0	0	0	0	R
NMDC20584938	0	1	0	0	0	R
NMDC20584939	1	0	0	0	0	R
NMDC20555453	0	1	0	0	0	R
NMDC20553457	1	0	0	0	0	R
NMDC20553458	1	0	0	0	0	R
NMDC20584949	0	1	0	0	0	R
NMDC20553459	1	1	0	0	0	R
NMDC20553460	0	1	0	0	0	R
NMDC20557465	0	1	0	0	0	R
NMDC20553461	0	1	0	0	0	R
NMDC20557468	0	0	0	0	1	R
NMDC20555454	1	0	0	0	0	R
NMDC20555455	0	1	0	0	0	R
NMDC20584954	1	0	0	0	0	R
NMDC20551429	0	0	0	0	0	R
NMDC20551430	0	1	0	0	0	R
NMDC20555456	1	0	0	0	0	R
NMDC20551431	1	0	0	0	0	R
NMDC20553463	0	1	0	0	0	R
NMDC20584958	0	1	0	0	0	R
NMDC20555460	0	1	0	0	0	R
NMDC20584959	0	1	0	0	0	R
NMDC20557470	1	0	0	0	0	R
NMDC20584961	0	0	0	0	0	R
NMDC20584963	0	1	0	0	0	R
NMDC20553464	0	1	0	0	0	R
NMDC20557472	0	1	0	0	0	R
NMDC20584964	1	0	0	0	0	R
NMDC20584965	0	1	0	0	0	R
NMDC20555461	0	1	0	0	0	R
NMDC20555463	1	0	0	0	0	R
NMDC20553466	1	0	0	0	0	R
NMDC20553467	0	1	0	0	0	R
NMDC20555464	0	1	0	0	0	R
NMDC20553468	0	1	0	0	0	R
NMDC20553469	0	1	0	0	0	R
NMDC20584968	0	1	0	0	0	R
NMDC20584969	0	1	0	0	0	R
NMDC20553470	0	1	0	0	0	R
NMDC20584970	1	0	0	0	0	R
NMDC20584971	0	1	0	0	0	R
NMDC20555467	1	0	0	0	0	R
NMDC20557474	1	0	0	0	0	R
NMDC20584972	0	0	0	0	0	R
NMDC20557476	0	1	0	0	0	R
NMDC20555468	1	0	0	0	0	R
NMDC20553473	0	1	0	0	0	R
NMDC20584977	1	0	0	0	0	R
NMDC20555469	0	0	0	0	0	R
NMDC20557477	1	0	0	0	0	R
NMDC20584978	0	1	0	0	0	R
NMDC20551433	0	1	0	0	0	R
NMDC20555470	0	1	0	0	0	R
NMDC20584979	0	1	0	0	0	R
NMDC20584980	0	0	0	0	0	R
NMDC20584981	0	1	0	0	0	R
NMDC20557480	0	1	0	0	0	R
NMDC20553477	0	0	0	0	0	R
NMDC20584983	0	1	0	0	0	R
NMDC20555471	1	0	0	0	0	R
NMDC20555472	0	1	0	0	0	R
NMDC20584984	0	0	0	0	0	R
NMDC20584991	1	0	0	0	0	R
NMDC20584994	1	0	0	0	0	R
NMDC20584995	0	1	0	0	0	R
NMDC20553478	0	0	0	0	0	R
NMDC20557482	0	0	0	0	0	R
NMDC20557483	0	1	0	0	0	R
NMDC20553479	0	0	0	0	0	R
NMDC20585002	0	1	0	0	0	R
NMDC20585010	1	0	0	0	0	R
NMDC20555477	0	1	0	0	0	R
NMDC20585014	0	0	0	0	0	R
NMDC20553480	0	1	0	0	0	R
NMDC20585015	0	1	0	0	0	R
NMDC20555478	0	1	0	0	0	R
NMDC20553481	0	0	0	0	0	R
NMDC20585021	0	1	0	0	0	R
NMDC20555480	0	0	0	0	0	R
NMDC20557488	0	0	0	0	0	R
NMDC20585025	0	0	0	0	0	R
NMDC20585026	0	1	0	0	0	R
NMDC20585027	0	0	0	0	0	R
NMDC20585028	0	1	0	0	0	R
NMDC20585031	0	1	0	0	0	R
NMDC20585034	1	1	0	0	0	R
NMDC20551442	1	0	0	0	0	R
NMDC20553483	0	1	0	0	0	R
NMDC20585036	0	1	0	0	0	R
NMDC20551443	1	1	0	0	0	R
NMDC20555482	1	0	0	0	0	R
NMDC20557489	0	1	0	0	0	R
NMDC20585037	0	1	0	0	0	R
NMDC20553485	0	1	0	0	0	R
NMDC20557490	0	1	0	0	0	R
NMDC20585038	0	0	0	0	0	R
NMDC20553487	0	1	0	0	0	R
NMDC20585040	1	0	0	0	0	R
NMDC20585041	1	1	0	0	0	R
NMDC20585042	0	1	0	0	0	R
NMDC20585044	0	1	0	0	0	R
NMDC20555484	1	0	0	0	0	R
NMDC20557493	1	1	0	0	0	R
NMDC20557495	1	0	0	0	0	R
NMDC20557496	0	1	0	0	0	R
NMDC20557497	1	1	0	0	0	R
NMDC20585048	0	1	0	0	0	R
NMDC20555485	1	0	0	0	0	R
NMDC20585049	0	1	0	0	0	R
NMDC20585051	0	1	0	0	0	R
NMDC20585052	0	1	0	0	0	R
NMDC20553488	1	0	0	0	0	R
NMDC20551446	0	1	0	0	0	R
NMDC20551445	1	0	0	0	0	R
NMDC20557499	0	1	0	0	0	R
NMDC20553489	1	1	0	0	1	R
NMDC20585054	0	0	0	0	0	R
NMDC20557500	1	0	0	0	0	R
NMDC20585056	0	1	0	0	0	R
NMDC20585057	0	1	0	0	0	R
NMDC20585058	1	0	0	0	0	R
NMDC20555488	0	0	0	0	0	R
NMDC20585059	1	0	0	0	0	R
NMDC20585060	0	1	0	0	0	R
NMDC20555489	0	1	0	0	0	R
NMDC20553490	0	1	0	0	0	R
NMDC20585061	1	0	0	0	0	R
NMDC20585062	1	0	0	0	0	R
NMDC20557507	0	0	0	0	0	R
NMDC20553491	0	1	0	0	0	R
NMDC20585063	0	1	0	0	0	R
NMDC20557502	1	0	0	0	0	R
NMDC20557504	1	0	0	0	0	R
NMDC20585065	0	1	0	0	0	R
NMDC20553492	0	1	0	0	0	R
NMDC20557506	1	0	0	0	0	R
NMDC20553493	1	0	0	0	0	R
NMDC20585066	1	0	0	0	0	R
NMDC20555490	0	1	0	0	0	R
NMDC20585067	1	0	0	0	0	R
NMDC20585068	1	0	0	0	0	R
NMDC20555491	1	0	0	0	0	R
NMDC20551447	0	1	0	0	0	R
NMDC20557509	0	1	0	0	0	R
NMDC20553495	0	1	0	0	0	R
NMDC20557511	0	1	0	0	0	R
NMDC20551448	0	1	0	0	0	R
NMDC20551449	0	1	0	0	0	R
NMDC20585071	0	1	0	0	0	R
NMDC20555492	0	1	0	0	0	R
NMDC20585072	0	1	0	0	0	R
NMDC20585073	1	0	0	0	0	R
NMDC20553497	0	1	0	0	0	R
NMDC20585075	0	1	0	0	0	R
NMDC20585076	1	0	0	0	0	R
NMDC20551450	0	1	0	0	0	R
NMDC20555493	0	1	0	0	0	R
NMDC20551451	0	1	0	0	0	R
NMDC20551452	0	1	0	0	0	R
NMDC20585084	0	1	0	0	0	R
NMDC20551458	0	1	0	0	0	R
NMDC20585094	1	0	0	0	0	R
NMDC20557520	0	1	0	0	0	R
NMDC20585095	1	0	0	0	0	R
NMDC20553501	1	0	0	0	0	R
NMDC20585096	1	0	0	0	0	R
NMDC20585097	0	1	0	0	0	R
NMDC20553503	0	1	0	0	0	R
NMDC20553504	1	0	0	0	0	R
NMDC20553505	0	1	0	0	0	R
NMDC20553506	0	1	0	0	0	R
NMDC20553507	1	0	0	0	0	R
NMDC20557527	0	1	0	0	0	R
NMDC20557525	0	1	0	0	0	R
NMDC20551460	0	1	0	0	0	R
NMDC20553512	0	1	0	0	0	R
NMDC20551462	0	1	0	0	0	R
NMDC20585101	1	0	0	0	0	R
NMDC20585102	0	1	0	0	0	R
NMDC20553510	1	0	0	0	0	R
NMDC20553511	0	1	0	0	0	R
NMDC20585103	0	1	0	0	0	R
NMDC20555500	1	0	0	0	0	R
NMDC20557530	0	1	0	0	0	R
NMDC20585106	1	0	0	0	0	R
NMDC20557531	1	0	0	0	0	R
NMDC20585108	0	1	0	0	0	R
NMDC20553515	0	1	0	0	0	R
NMDC20585109	0	0	0	0	0	R
NMDC20555501	0	1	0	0	0	R
NMDC20585110	0	0	0	0	0	R
NMDC20551466	1	0	0	0	0	R
NMDC20585112	0	0	0	0	0	R
NMDC20585113	1	0	0	0	0	R
NMDC20551467	1	0	0	0	0	R
NMDC20553516	0	1	0	0	0	R
NMDC20585115	0	1	0	0	0	R
NMDC20585116	0	1	0	0	0	R
NMDC20551469	1	1	0	0	0	R
NMDC20557536	1	0	0	0	0	R
NMDC20585118	0	1	0	0	0	R
NMDC20585119	0	1	0	0	0	R
NMDC20585120	0	1	0	0	0	R
NMDC20551470	0	1	0	0	0	R
NMDC20555502	0	1	0	0	0	R
NMDC20555503	0	1	0	0	0	R
NMDC20585122	1	0	0	0	0	R
NMDC20585123	1	0	0	0	0	R
NMDC20557537	0	1	0	0	0	R
NMDC20585124	0	1	0	0	0	R
NMDC20555504	1	0	0	0	0	R
NMDC20553518	0	1	0	0	0	R
NMDC20585126	0	1	0	0	0	R
NMDC20553519	0	1	0	0	0	R
NMDC20585127	1	0	0	0	0	R
NMDC20555506	1	0	0	0	0	R
NMDC20551472	1	0	0	0	0	R
NMDC20553520	1	0	0	0	0	R
NMDC20557538	1	0	0	0	0	R
NMDC20555507	1	0	0	0	0	R
NMDC20557539	0	1	0	0	0	R
NMDC20585129	0	1	0	0	0	R
NMDC20555508	0	1	0	0	0	R
NMDC20553521	0	1	0	0	0	R
NMDC20551473	0	1	0	0	0	R
NMDC20585130	0	1	0	0	0	R
NMDC20553522	1	0	0	0	0	R
NMDC20555509	0	1	0	0	0	R
NMDC20585131	1	0	0	0	0	R
NMDC20557540	1	0	0	0	0	R
NMDC20585132	1	0	0	0	0	R
NMDC20557542	1	0	0	0	0	R
NMDC20585133	1	1	0	0	0	R
NMDC20553523	0	1	0	0	0	R
NMDC20553524	1	0	0	0	0	R
NMDC20555512	1	0	0	0	0	R
NMDC20551475	0	1	0	0	0	R
NMDC20557544	1	0	0	0	1	R
NMDC20557545	0	1	0	0	0	R
NMDC20553525	0	1	0	0	0	R
NMDC20555513	1	1	0	0	0	R
NMDC20553526	1	1	0	0	0	R
NMDC20585135	0	1	0	0	0	R
NMDC20555514	1	0	0	0	0	R
NMDC20585136	0	1	0	0	0	R
NMDC20555516	1	1	0	0	0	R
NMDC20585138	0	1	0	0	0	R
NMDC20557548	0	1	0	0	0	R
NMDC20555515	0	1	0	0	0	R
NMDC20557549	0	1	0	0	0	R
NMDC20551476	0	0	0	0	0	R
NMDC20555517	0	1	0	0	0	R
NMDC20551477	0	1	0	0	0	R
NMDC20585142	1	0	0	0	0	R
NMDC20585143	1	0	0	0	0	R
NMDC20553527	1	0	0	0	0	R
NMDC20555519	1	0	0	0	0	R
NMDC20585145	0	1	0	0	0	R
NMDC20551478	1	0	0	0	0	R
NMDC20585148	0	1	0	0	0	R
NMDC20553528	0	1	0	0	0	R
NMDC20551479	1	0	0	0	0	R
NMDC20585149	1	0	0	0	0	R
NMDC20585150	1	0	0	0	0	R
NMDC20557550	0	1	0	0	0	R
NMDC20585151	0	1	0	0	0	R
NMDC20585152	0	1	0	0	0	R
NMDC20551481	0	1	0	0	0	R
NMDC20553529	1	0	0	0	0	R
NMDC20557553	0	1	0	0	0	R
NMDC20551485	1	0	0	0	0	R
NMDC20585155	0	1	0	0	0	R
NMDC20551482	0	1	0	0	0	R
NMDC20553531	0	1	0	0	0	R
NMDC20553532	0	1	0	0	0	R
NMDC20551483	1	0	0	0	1	R
NMDC20557555	1	0	0	0	0	R
NMDC20551484	1	0	0	0	0	R
NMDC20555521	1	0	0	0	0	R
NMDC20585157	0	1	0	0	0	R
NMDC20551486	1	0	0	0	0	R
NMDC20551487	1	0	0	0	0	R
NMDC20585160	0	1	0	0	0	R
NMDC20557556	0	1	0	0	0	R
NMDC20555523	0	1	0	0	0	R
NMDC20585163	1	0	0	0	0	R
NMDC20585164	0	1	0	0	0	R
NMDC20557558	0	0	0	0	0	R
NMDC20555525	0	1	0	0	0	R
NMDC20585165	0	0	0	0	0	R
NMDC20557559	0	1	0	0	0	R
NMDC20551493	1	0	0	0	0	R
NMDC20585166	1	0	0	0	0	R
NMDC20585167	0	1	0	0	0	R
NMDC20585170	0	1	0	0	0	R
NMDC20555526	0	1	0	0	0	R
NMDC20555527	1	1	0	0	0	R
NMDC20555528	0	1	0	0	0	R
NMDC20555529	0	1	0	0	0	R
NMDC20551494	0	1	0	0	0	R
NMDC20557560	1	0	0	0	0	R
NMDC20557561	0	1	0	0	0	R
NMDC20553537	0	1	0	0	0	R
NMDC20553538	0	1	0	0	0	R
NMDC20585172	1	0	0	0	0	R
NMDC20585174	1	0	0	0	0	R
NMDC20585175	0	1	0	0	0	R
NMDC20553539	0	1	0	0	0	R
NMDC20553540	0	0	0	0	0	R
NMDC20555530	0	1	0	0	0	R
NMDC20585177	1	0	0	0	0	R
NMDC20555531	1	0	0	0	0	R
NMDC20585180	1	0	0	0	0	R
NMDC20585181	0	1	0	0	0	R
NMDC20585182	1	0	0	0	0	R
NMDC20585183	1	0	0	0	0	R
NMDC20555532	1	0	0	0	0	R
NMDC20585184	1	0	0	0	0	R
NMDC20555535	1	0	0	0	0	R
NMDC20585185	0	1	0	0	0	R
NMDC20551497	0	1	0	0	0	R
NMDC20555534	0	1	0	0	0	R
NMDC20585186	0	1	0	0	0	R
NMDC20585187	0	1	0	0	0	R
NMDC20551498	0	1	0	0	0	R
NMDC20585188	0	1	0	0	0	R
NMDC20585189	0	1	0	0	0	R
NMDC20555536	1	1	0	0	0	R
NMDC20585191	0	1	0	0	0	R
NMDC20551499	1	0	0	0	0	R
NMDC20551500	1	1	0	0	0	R
NMDC20585193	1	1	0	0	0	R
NMDC20585195	0	1	0	0	0	R
NMDC20555538	0	1	0	0	0	R
NMDC20553542	0	0	0	0	0	R
NMDC20585197	1	1	0	0	0	R
NMDC20557564	0	1	0	0	0	R
NMDC20551501	1	0	0	0	0	R
NMDC20585199	1	0	0	0	0	R
NMDC20585200	0	1	0	0	0	R
NMDC20585201	1	0	0	0	0	R
NMDC20551506	0	1	0	0	0	R
NMDC20557566	0	1	0	0	0	R
NMDC20585203	0	1	0	0	0	R
NMDC20585205	0	1	0	0	0	R
NMDC20553543	1	0	0	0	0	R
NMDC20551502	1	0	0	0	0	R
NMDC20553544	1	0	0	0	0	R
NMDC20555539	0	1	0	0	0	R
NMDC20555540	0	1	0	0	0	R
NMDC20585207	0	1	0	0	0	R
NMDC20551503	0	1	0	0	0	R
NMDC20555541	0	1	0	0	1	R
NMDC20553546	1	0	0	0	0	R
NMDC20585209	0	1	0	0	0	R
NMDC20551505	0	1	0	0	0	R
NMDC20585210	1	1	0	0	0	R
NMDC20585211	0	1	0	0	0	R
NMDC20585212	1	0	0	0	0	R
NMDC20551507	1	1	0	0	0	R
NMDC20585213	1	0	0	0	0	R
NMDC20585214	0	1	0	0	0	R
NMDC20553547	0	1	0	0	0	R
NMDC20585216	0	1	0	0	0	R
NMDC20553551	0	1	0	0	0	R
NMDC20555542	0	1	0	0	0	R
NMDC20555543	1	0	0	0	0	R
NMDC20551508	1	0	0	0	0	R
NMDC20585217	1	0	0	0	0	R
NMDC20557572	0	1	0	0	0	R
NMDC20553550	1	0	0	0	0	R
NMDC20551510	1	0	0	0	0	R
NMDC20553552	0	1	0	0	0	R
NMDC20551511	1	0	0	0	0	R
NMDC20555545	1	0	0	0	0	R
NMDC20551512	1	0	0	0	0	R
NMDC20555546	1	0	0	0	0	R
NMDC20555547	1	0	0	0	0	R
NMDC20551514	1	0	0	0	0	R
NMDC20553553	0	1	0	0	0	R
NMDC20551513	0	1	0	0	0	R
NMDC20557574	1	0	0	0	0	R
NMDC20553554	1	0	0	0	0	R
NMDC20585223	1	1	0	0	0	R
NMDC20585224	1	0	0	0	0	R
NMDC20585225	0	1	0	0	0	R
NMDC20555551	0	1	0	0	0	R
NMDC20557576	1	0	0	0	0	R
NMDC20555548	0	1	0	0	0	R
NMDC20585226	1	0	0	0	0	R
NMDC20555549	0	0	0	0	0	R
NMDC20557577	0	1	0	0	0	R
NMDC20555550	0	0	1	1	0	R
NMDC20557578	0	1	0	0	0	R
NMDC20557579	1	0	0	0	0	R
NMDC20555553	1	0	0	0	0	R
NMDC20551515	1	0	0	0	0	R
NMDC20557580	0	1	0	0	0	R
NMDC20557581	0	1	0	0	0	R
NMDC20557582	1	0	0	0	0	R
NMDC20555554	1	0	0	0	0	R
NMDC20557585	0	0	0	0	0	R
NMDC20585230	0	0	0	0	0	R
NMDC20557586	1	1	0	0	0	R
NMDC20557587	1	0	0	0	0	R
NMDC20553558	1	1	0	0	0	R
NMDC20585231	1	0	0	0	0	R
NMDC20557588	0	1	0	0	0	R
NMDC20553559	1	0	0	0	0	R
NMDC20551517	1	0	0	0	0	R
NMDC20553560	1	0	0	0	0	R
NMDC20557590	1	0	0	0	0	R
NMDC20557592	0	1	0	0	0	R
NMDC20555560	0	0	0	0	0	R
NMDC20553562	0	0	0	0	0	R
NMDC20585234	0	0	0	0	0	R
NMDC20551518	0	0	0	0	0	R
NMDC20585235	0	1	0	0	0	R
NMDC20557595	0	0	0	0	0	R
NMDC20585236	0	0	0	0	0	R
NMDC20555562	0	0	0	0	0	R
NMDC20555563	0	1	0	0	0	R
NMDC20585238	0	1	0	0	0	R
NMDC20557596	1	0	0	0	0	R
NMDC20585240	1	0	0	0	0	R
NMDC20585241	1	0	0	0	0	R
NMDC20585242	1	0	0	0	0	R
NMDC20585243	0	1	0	0	0	R
NMDC20585244	0	1	0	0	0	R
NMDC20551519	1	0	0	0	0	R
NMDC20555564	1	0	0	0	0	R
NMDC20557598	0	1	0	0	0	R
NMDC20551522	0	1	0	0	0	R
NMDC20585245	1	0	0	0	0	R
NMDC20553564	0	1	0	0	0	R
NMDC20557599	0	1	0	0	0	R
NMDC20551520	1	0	0	0	0	R
NMDC20555565	0	1	0	0	0	R
NMDC20555566	1	0	0	0	0	R
NMDC20585246	1	0	0	0	0	R
NMDC20557601	1	0	0	0	0	R
NMDC20585247	1	0	0	0	0	R
NMDC20551523	1	1	0	0	0	R
NMDC20557602	1	0	0	0	0	R
NMDC20551524	1	0	0	0	0	R
NMDC20551526	1	0	0	0	0	R
NMDC20585248	0	1	0	0	0	R
NMDC20557604	1	0	0	0	0	R
NMDC20553567	1	0	0	0	0	R
NMDC20585249	0	1	0	0	0	R
NMDC20553569	0	1	0	0	0	R
NMDC20557605	0	1	0	0	0	R
NMDC20553570	0	1	0	0	0	R
NMDC20585253	0	0	0	0	0	R
NMDC20585254	0	1	0	0	0	R
NMDC20585255	0	1	0	0	0	R
NMDC20585256	0	1	0	0	0	R
NMDC20585257	0	1	0	0	0	R
NMDC20553571	0	1	0	0	0	R
NMDC20585258	0	1	0	0	0	R
NMDC20551528	1	0	0	0	0	R
NMDC20585259	0	0	0	0	0	R
NMDC20585261	0	1	0	0	0	R
NMDC20585262	0	1	0	0	0	R
NMDC20585263	0	1	0	0	0	R
NMDC20585268	0	0	0	0	1	R
NMDC20585270	0	1	0	0	0	R
NMDC20585273	0	1	0	0	0	R
NMDC20551529	0	0	0	0	1	R
NMDC20553574	0	1	0	0	0	R
NMDC20555568	0	1	0	0	0	R
NMDC20585284	0	1	0	0	0	R
NMDC20553575	0	1	0	0	0	R
NMDC20585285	0	1	0	0	0	R
NMDC20585286	0	1	0	0	0	R
NMDC20585287	1	0	0	0	0	R
NMDC20555569	0	1	0	0	0	R
NMDC20585288	0	1	0	0	0	R
NMDC20585289	0	1	0	0	0	R
NMDC20585291	0	0	1	1	0	R
NMDC20555570	0	1	0	0	0	R
NMDC20585293	0	1	0	0	0	R
NMDC20585294	0	1	0	0	0	R
NMDC20585297	0	1	0	0	0	R
NMDC20585298	0	1	0	0	0	R
NMDC20585300	0	1	0	0	0	R
NMDC20551534	0	1	0	0	0	R
NMDC20585301	0	1	0	0	0	R
NMDC20553577	0	1	0	0	0	R
NMDC20585303	0	1	0	0	0	R
NMDC20585305	0	1	0	0	0	R
NMDC20555571	0	1	0	0	0	R
NMDC20557611	0	1	0	0	0	R
NMDC20551535	0	1	0	0	0	R
NMDC20555572	0	1	0	0	0	R
NMDC20585308	0	1	0	0	0	R
NMDC20585309	0	1	0	0	0	R
NMDC20551537	1	0	0	0	0	R
NMDC20585319	0	1	0	0	0	R
NMDC20553579	1	0	0	0	0	R
NMDC20555573	0	0	0	0	0	R
NMDC20585320	1	1	0	0	0	R
NMDC20553580	1	1	0	0	0	R
NMDC20585321	0	1	0	0	0	R
NMDC20551538	0	0	0	0	0	R
NMDC20553581	0	0	0	0	0	R
NMDC20557613	1	0	0	0	0	R
NMDC20585322	1	0	0	0	0	R
NMDC20555674	1	0	0	0	0	R
NMDC20557701	1	0	0	0	0	R
NMDC20585718	0	1	0	0	0	R
NMDC20557702	0	0	0	0	0	R
NMDC20585720	1	0	0	0	0	R
NMDC20555675	0	0	0	0	0	R
NMDC20585722	1	0	0	0	0	R
NMDC20555676	0	1	0	0	0	R
NMDC20585723	0	0	0	0	0	R
NMDC20557704	0	1	0	0	0	R
NMDC20553672	0	1	0	0	0	R
NMDC20553673	1	0	0	0	0	R
NMDC20553675	1	0	0	0	0	R
NMDC20585726	0	0	0	0	0	R
NMDC20585728	0	1	0	0	0	R
NMDC20585730	0	0	0	0	0	R
NMDC20555680	0	1	0	0	0	R
NMDC20585735	1	0	0	0	0	R
NMDC20551642	0	1	0	0	0	R
NMDC20551643	1	0	0	0	0	R
NMDC20585737	0	1	0	0	0	R
NMDC20585741	0	0	0	0	0	R
NMDC20551645	1	1	0	0	0	R
NMDC20555684	1	0	0	0	0	R
NMDC20585743	1	0	0	0	0	R
NMDC20551646	0	1	0	0	0	R
NMDC20557708	0	1	0	0	0	R
NMDC20585746	1	0	0	0	0	R
NMDC20585748	1	0	0	0	0	R
NMDC20555686	0	0	0	0	0	R
NMDC20551648	1	0	0	0	0	R
NMDC20555687	1	0	0	0	0	R
NMDC20585750	1	0	0	0	0	R
NMDC20557710	1	0	0	0	0	R
NMDC20585752	1	0	0	0	0	R
NMDC20585753	0	1	0	0	0	R
NMDC20557711	0	1	0	0	0	R
NMDC20551650	0	1	0	0	0	R
NMDC20585757	1	0	0	0	0	R
NMDC20585758	0	0	0	0	0	R
NMDC20585759	0	1	0	0	0	R
NMDC20555689	0	1	0	0	0	R
NMDC20553682	1	0	0	0	0	R
NMDC20551652	1	0	0	0	0	R
NMDC20585761	1	0	0	0	0	R
NMDC20553684	1	0	0	0	0	R
NMDC20585765	1	0	0	0	0	R
NMDC20551656	1	0	0	0	0	R
NMDC20551658	0	1	0	0	0	R
NMDC20555696	0	1	0	0	0	R
NMDC20553686	1	0	0	0	0	R
NMDC20585770	0	1	0	0	0	R
NMDC20585771	0	1	0	0	0	R
NMDC20551660	1	0	0	0	0	R
NMDC20551661	1	0	0	0	0	R
NMDC20551662	1	1	0	0	0	R
NMDC20555698	0	1	0	0	0	R
NMDC20553687	1	0	0	0	0	R
NMDC20553688	1	0	0	0	0	R
NMDC20551663	1	0	0	0	0	R
NMDC20553690	0	1	0	0	0	R
NMDC20555702	0	1	0	0	0	R
NMDC20551664	0	0	0	0	1	R
NMDC20551665	1	0	0	0	0	R
NMDC20585785	1	0	0	0	0	R
NMDC20585786	1	0	0	0	0	R
NMDC20553694	0	1	0	0	0	R
NMDC20553695	1	0	0	0	0	R
NMDC20553696	1	0	0	0	0	R
NMDC20585789	1	0	0	0	0	R
NMDC20585790	0	0	0	0	0	R
NMDC20585791	0	0	0	0	0	R
NMDC20555706	0	1	0	0	0	R
NMDC20585793	1	1	0	0	0	R
NMDC20551668	1	0	0	0	0	R
NMDC20557727	1	1	0	0	0	R
NMDC20557730	0	1	0	0	0	R
NMDC20551670	1	0	0	0	0	R
NMDC20585797	0	1	0	0	0	R
NMDC20585798	1	0	0	0	0	R
NMDC20557732	1	0	0	0	0	R
NMDC20555712	0	1	0	0	0	R
NMDC20585800	1	0	0	0	0	R
NMDC20553698	1	0	0	0	0	R
NMDC20585803	0	1	0	0	0	R
NMDC20585804	0	1	0	0	0	R
NMDC20555713	1	0	0	0	0	R
NMDC20585805	1	0	0	0	0	R
NMDC20553699	0	1	0	0	0	R
NMDC20551672	0	1	0	0	0	R
NMDC20551673	1	0	0	0	0	R
NMDC20551674	1	0	0	0	0	R
NMDC20557734	1	0	0	0	0	R
NMDC20555714	1	0	0	0	0	R
NMDC20585807	1	0	0	0	0	R
NMDC20553703	1	0	0	0	0	R
NMDC20585808	1	1	0	0	0	R
NMDC20585809	0	1	0	0	0	R
NMDC20551675	1	0	0	0	0	R
NMDC20585811	0	1	0	0	0	R
NMDC20555715	0	0	0	0	0	R
NMDC20585813	1	0	0	0	0	R
NMDC20551677	1	0	0	0	0	R
NMDC20553706	1	0	0	0	0	R
NMDC20585818	1	1	0	0	0	R
NMDC20551679	0	0	0	0	0	R
NMDC20585820	1	0	0	0	0	R
NMDC20551680	1	0	0	0	0	R
NMDC20585821	1	0	0	0	0	R
NMDC20585827	0	1	0	0	0	R
NMDC20557736	1	0	0	0	0	R
NMDC20557737	0	0	0	0	0	R
NMDC20553707	1	0	0	0	0	R
NMDC20553708	0	1	0	0	0	R
NMDC20551685	0	1	0	0	0	R
NMDC20551686	0	1	0	0	0	R
NMDC20551687	0	1	0	0	0	R
NMDC20585829	1	0	0	0	0	R
NMDC20557738	1	0	0	0	0	R
NMDC20553709	1	1	0	0	0	R
NMDC20551688	1	0	0	0	0	R
NMDC20553710	0	1	0	0	0	R
NMDC20551689	0	1	0	0	0	R
NMDC20585832	0	1	0	0	0	R
NMDC20585833	1	0	0	0	0	R
NMDC20585834	1	0	0	0	0	R
NMDC20585835	0	0	0	0	0	R
NMDC20585836	1	0	0	0	0	R
NMDC20585838	0	0	0	0	0	R
NMDC20585841	0	0	0	0	0	R
NMDC20585844	0	0	0	0	0	R
NMDC20585845	1	0	0	0	0	R
NMDC20585846	0	0	0	0	0	R
NMDC20585847	1	0	0	0	0	R
NMDC20585849	1	0	0	0	0	R
NMDC20585851	0	0	0	0	0	R
NMDC20585856	0	1	0	0	0	R
NMDC20585857	0	0	0	0	0	R
NMDC20585858	0	1	0	0	0	R
NMDC20585859	0	0	0	0	0	R
NMDC20585861	0	1	0	0	0	R
NMDC20585864	0	0	0	0	0	R
NMDC20585865	0	1	0	0	0	R
NMDC20585866	0	0	1	1	0	R
NMDC20585868	1	0	0	0	0	R
NMDC20585869	0	0	1	1	0	R
NMDC20585870	0	1	0	0	0	R
NMDC20585875	0	1	0	0	0	R
NMDC20585881	0	0	1	1	0	R
NMDC20551692	1	0	0	0	0	R
NMDC20557740	0	1	0	0	0	R
NMDC20553713	1	0	0	0	0	R
NMDC20585889	1	0	0	0	0	R
NMDC20585890	0	1	0	0	0	R
NMDC20585892	0	1	0	0	0	R
NMDC20555721	0	0	0	0	0	R
NMDC20585894	1	0	0	0	0	R
NMDC20557741	0	1	0	0	0	R
NMDC20585895	1	0	0	0	0	R
NMDC20555725	0	1	0	0	0	R
NMDC20557753	0	1	0	0	0	R
NMDC20553716	1	0	0	0	0	R
NMDC20551695	0	1	0	0	0	R
NMDC20585897	0	0	0	0	0	R
NMDC20585898	0	1	0	0	1	R
NMDC20585902	0	1	0	0	0	R
NMDC20555728	0	1	0	0	0	R
NMDC20585904	0	1	0	0	0	R
NMDC20557744	1	0	0	0	0	R
NMDC20585906	0	1	0	0	0	R
NMDC20585907	0	0	0	0	0	R
NMDC20555729	1	0	0	0	0	R
NMDC20585910	0	1	0	0	0	R
NMDC20585912	0	1	0	0	0	R
NMDC20551698	0	1	0	0	0	R
NMDC20585913	0	1	0	0	0	R
NMDC20585914	0	1	0	0	0	R
NMDC20557746	0	1	0	0	0	R
NMDC20585915	0	0	0	0	0	R
NMDC20585917	0	1	0	0	0	R
NMDC20555734	0	1	0	0	0	R
NMDC20557747	0	1	0	0	0	R
NMDC20555733	0	1	0	0	0	R
NMDC20585918	0	1	0	0	0	R
NMDC20585919	1	1	0	0	0	R
NMDC20585920	0	1	0	0	0	R
NMDC20555735	1	0	0	0	0	R
NMDC20551704	0	1	0	0	0	R
NMDC20557749	0	1	0	0	0	R
NMDC20551705	0	1	0	0	0	R
NMDC20553722	0	1	0	0	0	R
NMDC20551706	0	1	0	0	0	R
NMDC20551707	1	0	0	0	0	R
NMDC20551708	0	1	0	0	0	R
NMDC20553725	0	1	0	0	0	R
NMDC20585923	0	1	0	0	0	R
NMDC20555738	0	0	0	0	0	R
NMDC20555739	0	0	0	0	0	R
NMDC20585926	0	1	0	0	0	R
NMDC20585927	1	1	0	0	0	R
NMDC20585928	1	1	0	0	0	R
NMDC20555741	0	1	0	0	0	R
NMDC20585929	0	1	0	0	0	R
NMDC20557755	0	1	0	0	0	R
NMDC20551712	1	0	0	0	0	R
NMDC20557757	0	1	0	0	0	R
NMDC20585935	0	0	0	0	0	R
NMDC20553729	0	1	0	0	0	R
NMDC20553730	0	0	0	0	0	R
NMDC20551714	0	1	0	0	0	R
NMDC20555745	1	0	0	0	0	R
NMDC20553733	0	1	0	0	0	R
NMDC20553734	0	1	0	0	0	R
NMDC20551717	0	1	0	0	0	R
NMDC20557760	0	1	0	0	0	R
NMDC20585947	0	1	0	0	0	R
NMDC20557762	0	1	0	0	0	R
NMDC20551718	0	1	0	0	0	R
NMDC20553735	0	1	0	0	0	R
NMDC20585948	0	0	0	0	0	R
NMDC20585949	0	1	0	0	0	R
NMDC20553736	0	1	0	0	0	R
NMDC20551720	0	1	0	0	0	R
NMDC20557765	0	0	0	0	0	R
NMDC20585951	0	1	0	0	0	R
NMDC20557766	0	1	0	0	0	R
NMDC20557767	0	1	0	0	0	R
NMDC20585953	0	0	0	0	0	R
NMDC20551721	0	1	0	0	0	R
NMDC20585954	0	1	0	0	0	R
NMDC20553740	0	1	0	0	0	R
NMDC20585957	0	1	0	0	0	R
NMDC20551724	1	0	0	0	0	R
NMDC20553741	0	1	0	0	0	R
NMDC20585958	0	1	0	0	0	R
NMDC20551727	0	0	0	0	0	R
NMDC20555750	0	0	0	0	0	R
NMDC20585961	0	0	0	0	0	R
NMDC20585962	0	1	0	0	0	R
NMDC20555751	0	1	0	0	0	R
NMDC20585965	1	1	0	0	0	R
NMDC20585966	0	1	0	0	0	R
NMDC20553742	0	1	0	0	0	R
NMDC20557771	1	0	0	0	0	R
NMDC20551728	0	0	0	0	0	R
NMDC20555754	0	1	0	0	0	R
NMDC20585969	1	0	0	0	0	R
NMDC20557773	1	1	0	0	0	R
NMDC20555755	0	1	0	0	0	R
NMDC20557774	0	1	0	0	0	R
NMDC20553747	0	1	0	0	0	R
NMDC20557775	0	0	0	0	0	R
NMDC20585973	0	1	0	0	0	R
NMDC20555756	0	1	0	0	0	R
NMDC20555757	1	0	0	0	0	R
NMDC20585976	0	0	0	0	0	R
NMDC20551731	0	1	0	0	0	R
NMDC20585978	0	0	0	0	0	R
NMDC20553749	0	1	0	0	0	R
NMDC20585980	0	1	0	0	0	R
NMDC20557778	0	0	0	0	1	R
NMDC20551732	0	1	0	0	0	R
NMDC20551733	1	1	0	0	0	R
NMDC20555758	0	1	0	0	0	R
NMDC20585983	0	1	0	0	0	R
NMDC20585984	1	0	0	0	0	R
NMDC20553751	0	1	0	0	0	R
NMDC20585989	1	0	0	0	0	R
NMDC20551739	1	1	0	0	0	R
NMDC20555759	0	1	0	0	0	R
NMDC20585994	0	1	0	0	0	R
NMDC20585995	0	1	0	0	0	R
NMDC20557783	0	1	0	0	0	R
NMDC20585996	1	0	0	0	0	R
NMDC20551741	1	0	0	0	0	R
NMDC20553753	0	1	0	0	0	R
NMDC20585997	1	0	0	0	0	R
NMDC20585999	0	1	0	0	0	R
NMDC20586000	1	0	0	0	0	R
NMDC20586001	0	1	0	0	0	R
NMDC20586006	0	1	0	0	0	R
NMDC20557786	0	1	0	0	0	R
NMDC20557788	1	0	0	0	0	R
NMDC20557787	1	0	0	0	0	R
NMDC20557789	1	0	0	0	0	R
NMDC20586008	0	1	0	0	0	R
NMDC20586011	0	1	0	0	0	R
NMDC20551745	0	1	0	0	0	R
NMDC20551746	0	1	0	0	0	R
NMDC20586013	1	0	0	0	0	R
NMDC20586014	1	0	0	0	0	R
NMDC20586015	0	0	0	0	0	R
NMDC20553758	1	1	0	0	0	R
NMDC20557792	0	1	0	0	0	R
NMDC20555766	0	1	0	0	0	R
NMDC20555769	1	0	0	0	0	R
NMDC20586019	0	1	0	0	0	R
NMDC20551748	0	1	0	0	0	R
NMDC20553760	1	0	0	0	0	R
NMDC20553764	1	0	0	0	0	R
NMDC20551753	0	1	0	0	0	R
NMDC20551754	0	1	0	0	0	R
NMDC20557793	0	1	0	0	0	R
NMDC20586029	0	1	0	0	0	R
NMDC20586037	0	1	0	0	0	R
NMDC20586038	1	0	0	0	0	R
NMDC20586040	0	1	0	0	0	R
NMDC20586042	1	0	0	0	0	R
NMDC20586043	1	0	0	0	0	R
NMDC20586047	0	1	0	0	0	R
NMDC20586050	0	0	1	1	0	R
NMDC20586051	1	0	0	0	0	R
NMDC20586053	1	0	0	0	0	R
NMDC20586056	0	1	0	0	0	R
NMDC20586057	1	0	0	0	0	R
NMDC20586058	1	0	0	0	0	R
NMDC20586059	1	0	0	0	0	R
NMDC20586060	0	1	0	0	0	R
NMDC20586062	0	1	0	0	0	R
NMDC20586063	1	0	0	0	0	R
NMDC20586064	1	0	0	0	0	R
NMDC20586065	0	0	0	0	0	R
NMDC20586066	0	1	0	0	0	R
NMDC20586068	1	0	0	0	0	R
NMDC20586069	0	1	0	0	0	R
NMDC20586072	1	0	0	0	0	R
NMDC20586073	0	1	0	0	0	R
NMDC20586074	0	0	1	1	0	R
NMDC20586075	1	0	0	0	0	R
NMDC20586080	1	0	0	0	0	R
NMDC20586081	1	0	0	0	0	R
NMDC20586082	0	1	0	0	0	R
NMDC20586084	0	1	0	0	0	R
NMDC20586090	1	0	0	0	0	R
NMDC20586095	0	0	0	0	0	R
NMDC20586096	0	0	1	1	0	R
NMDC20586097	1	0	0	0	0	R
NMDC20586100	0	0	0	0	0	R
NMDC20586102	0	1	0	0	0	R
NMDC20586103	1	0	0	0	0	R
NMDC20557795	0	1	0	0	0	R
NMDC20586104	0	1	0	0	0	R
NMDC20553773	0	1	0	0	0	R
NMDC20551759	0	0	0	0	0	R
NMDC20557797	1	0	0	0	0	R
NMDC20555777	0	1	0	0	0	R
NMDC20586108	0	1	0	0	0	R
NMDC20555778	1	0	0	0	0	R
NMDC20586109	0	1	0	0	0	R
NMDC20586110	0	1	0	0	0	R
NMDC20557798	1	0	0	0	0	R
NMDC20586111	1	1	0	0	0	R
NMDC20555779	0	1	0	0	0	R
NMDC20557800	0	1	0	0	0	R
NMDC20557803	0	1	0	0	0	R
NMDC20551761	0	1	0	0	0	R
NMDC20586112	1	0	0	0	0	R
NMDC20555780	1	0	0	0	0	R
NMDC20555781	1	0	0	0	0	R
NMDC20555782	0	1	0	0	0	R
NMDC20555783	0	1	0	0	0	R
NMDC20586113	0	1	0	0	0	R
NMDC20586114	0	1	0	0	0	R
NMDC20555784	0	1	0	0	0	R
NMDC20553777	0	1	0	0	0	R
NMDC20586115	1	0	0	0	0	R
NMDC20553778	1	0	0	0	0	R
NMDC20586117	1	0	0	0	0	R
NMDC20555786	0	0	0	0	0	R
NMDC20555787	1	0	0	0	0	R
NMDC20586118	1	0	0	0	0	R
NMDC20555788	0	0	0	0	0	R
NMDC20555789	0	1	0	0	0	R
NMDC20586121	0	1	0	0	0	R
NMDC20551766	1	0	0	0	0	R
NMDC20551767	1	0	0	0	0	R
NMDC20586124	0	0	0	0	0	R
NMDC20555791	1	0	0	0	0	R
NMDC20557808	0	1	0	0	0	R
NMDC20555792	0	1	0	0	1	R
NMDC20553782	1	1	0	0	0	R
NMDC20557809	0	1	0	0	0	R
NMDC20551770	0	1	0	0	0	R
NMDC20586130	0	1	0	0	0	R
NMDC20551771	0	1	0	0	0	R
NMDC20551772	0	1	0	0	0	R
NMDC20551773	1	0	0	0	0	R
NMDC20555795	0	1	0	0	0	R
NMDC20586131	0	1	0	0	0	R
NMDC20555796	0	0	0	0	0	R
NMDC20586132	0	1	0	0	0	R
NMDC20553783	0	1	0	0	0	R
NMDC20555798	0	1	0	0	0	R
NMDC20557811	1	0	0	0	0	R
NMDC20551774	0	0	0	0	0	R
NMDC20557810	0	1	0	0	0	R
NMDC20551775	0	1	0	0	0	R
NMDC20586135	1	1	0	0	0	R
NMDC20553786	0	1	0	0	0	R
NMDC20586136	0	1	0	0	0	R
NMDC20551776	1	0	0	0	0	R
NMDC20586137	0	1	0	0	0	R
NMDC20553787	0	0	0	0	0	R
NMDC20551777	0	1	0	0	0	R
NMDC20586139	0	0	0	0	0	R
NMDC20557812	1	0	0	0	0	R
NMDC20551779	0	0	0	0	0	R
NMDC20586142	1	0	0	0	0	R
NMDC20586145	0	1	0	0	0	R
NMDC20586146	1	1	0	0	0	R
NMDC20551780	0	1	0	0	0	R
NMDC20586149	0	1	0	0	0	R
NMDC20586150	0	1	0	0	0	R
NMDC20553789	1	0	0	0	0	R
NMDC20557813	1	0	0	0	0	R
NMDC20557814	1	0	0	0	0	R
NMDC20555801	0	0	0	0	0	R
NMDC20586151	0	1	0	0	0	R
NMDC20555802	1	0	0	0	0	R
NMDC20551781	1	0	0	0	0	R
NMDC20586152	1	0	0	0	0	R
NMDC20586153	0	1	0	0	0	R
NMDC20551796	1	1	0	0	0	R
NMDC20586155	0	1	0	0	0	R
NMDC20557817	0	1	0	0	0	R
NMDC20586156	0	1	0	0	0	R
NMDC20553790	0	1	0	0	0	R
NMDC20555803	1	0	0	0	0	R
NMDC20553792	0	1	0	0	0	R
NMDC20586157	0	1	0	0	0	R
NMDC20555804	0	1	0	0	0	R
NMDC20586158	0	1	0	0	0	R
NMDC20586163	0	1	0	0	0	R
NMDC20555807	1	0	0	0	0	R
NMDC20553797	1	0	0	0	0	R
NMDC20586166	0	1	0	0	0	R
NMDC20555808	0	1	0	0	0	R
NMDC20586169	0	1	0	0	0	R
NMDC20557822	1	0	0	0	0	R
NMDC20586170	1	0	0	0	0	R
NMDC20557823	0	1	0	0	0	R
NMDC20557824	0	1	0	0	0	R
NMDC20553799	0	1	0	0	0	R
NMDC20553800	0	0	0	0	0	R
NMDC20586172	0	1	0	0	0	R
NMDC20586175	0	1	0	0	0	R
NMDC20555812	1	0	0	0	0	R
NMDC20553801	0	1	0	0	0	R
NMDC20553802	0	1	0	0	0	R
NMDC20557825	0	1	0	0	0	R
NMDC20586177	1	0	0	0	0	R
NMDC20551786	1	0	0	0	0	R
NMDC20557827	0	1	0	0	0	R
NMDC20555813	1	0	0	0	0	R
NMDC20551788	1	0	0	0	0	R
NMDC20586180	0	1	0	0	0	R
NMDC20555815	1	0	0	0	0	R
NMDC20557828	0	1	0	0	0	R
NMDC20557829	1	0	0	0	0	R
NMDC20586182	0	1	0	0	0	R
NMDC20586183	0	1	0	0	0	R
NMDC20553810	0	1	0	0	0	R
NMDC20586184	0	1	0	0	0	R
NMDC20553812	0	1	0	0	0	R
NMDC20555817	0	1	0	0	0	R
NMDC20586188	0	1	0	0	0	R
NMDC20586189	1	0	0	0	0	R
NMDC20557831	0	1	0	0	0	R
NMDC20586190	0	1	0	0	0	R
NMDC20551792	1	1	0	0	0	R
NMDC20555819	1	0	0	0	0	R
NMDC20555820	1	0	0	0	0	R
NMDC20551795	0	1	0	0	0	R
NMDC20551797	0	1	0	0	0	R
NMDC20555821	0	1	0	0	0	R
NMDC20551798	1	0	0	0	0	R
NMDC20551799	0	0	0	0	0	R
NMDC20586194	0	1	0	0	0	R
NMDC20555823	0	0	0	0	0	R
NMDC20586198	1	0	0	0	0	R
NMDC20557836	0	1	0	0	0	R
NMDC20586200	0	1	0	0	0	R
NMDC20555825	1	1	0	0	0	R
NMDC20551804	0	1	0	0	0	R
NMDC20553817	0	1	0	0	0	R
NMDC20557837	0	1	0	0	0	R
NMDC20557838	0	1	0	0	0	R
NMDC20557839	0	0	0	0	0	R
NMDC20557842	0	1	0	0	0	R
NMDC20557840	0	1	0	0	0	R
NMDC20586211	0	1	0	0	0	R
NMDC20586213	0	1	0	0	0	R
NMDC20557841	1	0	0	0	0	R
NMDC20553821	0	1	0	0	0	R
NMDC20586214	0	1	0	0	0	R
NMDC20586215	1	0	0	0	0	R
NMDC20553819	1	0	0	0	0	R
NMDC20586216	0	1	0	0	0	R
NMDC20555829	1	0	0	0	0	R
NMDC20586219	0	0	0	0	0	R
NMDC20555827	1	0	0	0	0	R
NMDC20555828	0	1	0	0	0	R
NMDC20551809	0	1	0	0	0	R
NMDC20553822	0	1	0	0	0	R
NMDC20586221	1	0	0	0	0	R
NMDC20586222	1	0	0	0	0	R
NMDC20555830	1	0	0	0	0	R
NMDC20555831	1	0	0	0	0	R
NMDC20586223	0	1	0	0	0	R
NMDC20551811	0	1	0	0	0	R
NMDC20586224	0	1	0	0	0	R
NMDC20557846	0	1	0	0	0	R
NMDC20553824	0	1	0	0	0	R
NMDC20555852	1	0	0	0	0	R
NMDC20555833	1	1	0	0	0	R
NMDC20586226	0	1	0	0	0	R
NMDC20551814	1	0	0	0	0	R
NMDC20586227	0	1	0	0	0	R
NMDC20586228	1	0	0	0	0	R
NMDC20551816	0	1	0	0	0	R
NMDC20555832	0	0	0	0	0	R
NMDC20586229	0	1	0	0	0	R
NMDC20586230	1	0	0	0	0	R
NMDC20553826	0	1	0	0	0	R
NMDC20555834	1	1	0	0	0	R
NMDC20586231	0	1	0	0	0	R
NMDC20586232	0	1	0	0	0	R
NMDC20586233	0	1	0	0	0	R
NMDC20557849	0	1	0	0	0	R
NMDC20586234	0	1	0	0	0	R
NMDC20555835	1	0	0	0	0	R
NMDC20551817	1	1	0	0	0	R
NMDC20551818	0	1	0	0	0	R
NMDC20586239	1	1	0	0	0	R
NMDC20555836	0	1	0	0	0	R
NMDC20586240	1	0	0	0	0	R
NMDC20555837	1	0	0	0	0	R
NMDC20557851	0	1	0	0	0	R
NMDC20586242	1	0	0	0	0	R
NMDC20555838	0	1	0	0	0	R
NMDC20555839	0	1	0	0	0	R
NMDC20557852	1	0	0	0	0	R
NMDC20551819	0	1	0	0	0	R
NMDC20586244	0	1	0	0	0	R
NMDC20555840	1	0	0	0	0	R
NMDC20555841	1	0	0	0	0	R
NMDC20557853	1	0	0	0	0	R
NMDC20586246	0	1	0	0	0	R
NMDC20553832	0	1	0	0	0	R
NMDC20586248	1	0	0	0	0	R
NMDC20551820	0	1	0	0	0	R
NMDC20586250	1	0	0	0	0	R
NMDC20551823	0	1	0	0	0	R
NMDC20553834	0	0	0	0	1	R
NMDC20557856	1	1	0	0	0	R
NMDC20557857	1	0	0	0	0	R
NMDC20555848	1	0	0	0	0	R
NMDC20586253	1	0	0	0	0	R
NMDC20553836	1	0	0	0	0	R
NMDC20553837	1	0	0	0	0	R
NMDC20553838	1	0	0	0	0	R
NMDC20551824	0	1	0	0	0	R
NMDC20551827	0	0	0	0	0	R
NMDC20551825	0	1	0	0	0	R
NMDC20557861	1	0	0	0	0	R
NMDC20586256	0	1	0	0	0	R
NMDC20555849	0	1	0	0	0	R
NMDC20557862	1	0	0	0	0	R
NMDC20553840	1	0	0	0	0	R
NMDC20586258	1	0	0	0	0	R
NMDC20586259	1	0	0	0	0	R
NMDC20586260	1	0	0	0	0	R
NMDC20553839	1	0	0	0	0	R
NMDC20553841	0	1	0	0	0	R
NMDC20586264	1	0	0	0	0	R
NMDC20551830	0	1	0	0	0	R
NMDC20551831	0	1	0	0	0	R
NMDC20586267	0	1	0	0	0	R
NMDC20557863	1	1	0	0	0	R
NMDC20557864	1	0	0	0	0	R
NMDC20586268	1	1	0	0	0	R
NMDC20557865	1	0	0	0	0	R
NMDC20586269	1	0	0	0	0	R
NMDC20555855	0	1	0	0	0	R
NMDC20555858	1	0	0	0	0	R
NMDC20557866	0	1	0	0	0	R
NMDC20586272	0	1	0	0	0	R
NMDC20586274	1	0	0	0	0	R
NMDC20551834	0	1	0	0	0	R
NMDC20586275	0	1	0	0	0	R
NMDC20586276	1	0	0	0	0	R
NMDC20551833	1	0	0	0	0	R
NMDC20586278	0	1	0	0	0	R
NMDC20586279	0	1	0	0	0	R
NMDC20551835	1	0	0	0	0	R
NMDC20586280	0	1	0	0	0	R
NMDC20553848	0	1	0	0	0	R
NMDC20586282	0	1	0	0	0	R
NMDC20555861	0	1	0	0	0	R
NMDC20551836	0	1	0	0	0	R
NMDC20555862	1	0	0	0	0	R
NMDC20586284	1	0	0	0	0	R
NMDC20557867	0	1	0	0	0	R
NMDC20551837	1	0	0	0	0	R
NMDC20551838	0	1	0	0	0	R
NMDC20551839	1	0	0	0	0	R
NMDC20557868	0	1	0	0	0	R
NMDC20586288	0	1	0	0	0	R
NMDC20586289	1	0	0	0	0	R
NMDC20586290	1	0	0	0	0	R
NMDC20586291	0	1	0	0	0	R
NMDC20553853	0	1	0	0	0	R
NMDC20551840	0	1	0	0	0	R
NMDC20586293	0	1	0	0	0	R
NMDC20586294	1	0	0	0	0	R
NMDC20586295	1	0	0	0	0	R
NMDC20586296	1	1	0	0	0	R
NMDC20551842	1	0	0	0	0	R
NMDC20586298	0	1	0	0	0	R
NMDC20553854	0	1	0	0	0	R
NMDC20555864	1	0	0	0	0	R
NMDC20586299	1	0	0	0	0	R
NMDC20586300	1	0	0	0	0	R
NMDC20586301	1	0	0	0	0	R
NMDC20557870	0	1	0	0	0	R
NMDC20555865	1	0	0	0	0	R
NMDC20555866	1	0	0	0	0	R
NMDC20557871	0	1	0	0	0	R
NMDC20555867	1	0	0	0	0	R
NMDC20586302	0	1	0	0	0	R
NMDC20555868	1	0	0	0	0	R
NMDC20586303	0	1	0	0	0	R
NMDC20555869	0	1	0	0	0	R
NMDC20553856	0	1	0	0	0	R
NMDC20586304	0	1	0	0	0	R
NMDC20551844	0	1	0	0	0	R
NMDC20586305	1	0	0	0	0	R
NMDC20557872	1	0	0	0	0	R
NMDC20586384	1	0	0	0	0	R
NMDC20555877	0	1	0	0	0	R
NMDC20555878	0	1	0	0	0	R
NMDC20557878	0	1	0	0	0	R
NMDC20557880	0	1	0	0	0	R
NMDC20551853	0	1	0	0	0	R
NMDC20551855	0	1	0	0	0	R
NMDC20555881	0	1	0	0	0	R
NMDC20586390	1	0	0	0	0	R
NMDC20555880	1	0	0	0	0	R
NMDC20553870	1	0	0	0	0	R
NMDC20551858	0	1	0	0	0	R
NMDC20586394	0	1	0	0	0	R
NMDC20551859	0	1	0	0	0	R
NMDC20586395	1	0	0	0	0	R
NMDC20557882	0	1	0	0	0	R
NMDC20586400	0	1	0	0	0	R
NMDC20586404	1	1	0	0	0	R
NMDC20557886	0	1	0	0	0	R
NMDC20586407	1	0	0	0	0	R
NMDC20555889	1	1	0	0	0	R
NMDC20586409	0	1	0	0	0	R
NMDC20553875	1	0	0	0	0	R
NMDC20586410	1	0	0	0	0	R
NMDC20586411	1	0	0	0	0	R
NMDC20551861	1	1	0	0	0	R
NMDC20555890	1	0	0	0	0	R
NMDC20555891	0	1	0	0	0	R
NMDC20551862	0	1	0	0	0	R
NMDC20586415	1	0	0	0	0	R
NMDC20553876	0	1	0	0	0	R
NMDC20586416	1	1	0	0	0	R
NMDC20555892	1	1	0	0	0	R
NMDC20551864	0	1	0	0	0	R
NMDC20555893	0	1	0	0	0	R
NMDC20586422	0	1	0	0	0	R
NMDC20555895	1	1	0	0	0	R
NMDC20586426	0	1	0	0	0	R
NMDC20586427	0	1	0	0	0	R
NMDC20586428	0	1	0	0	0	R
NMDC20551866	0	1	0	0	0	R
NMDC20586429	0	1	0	0	0	R
NMDC20586430	0	1	0	0	0	R
NMDC20555899	0	1	0	0	0	R
NMDC20555901	0	1	0	0	0	R
NMDC20586433	1	0	0	0	0	R
NMDC20557890	1	0	0	0	0	R
NMDC20551869	1	0	0	0	0	R
NMDC20551870	1	0	0	0	0	R
NMDC20555902	0	1	0	0	0	R
NMDC20557892	1	0	0	0	0	R
NMDC20551872	1	0	0	0	0	R
NMDC20553878	1	0	0	0	0	R
NMDC20586437	1	0	0	0	0	R
NMDC20586438	0	1	0	0	0	R
NMDC20586440	0	1	0	0	0	R
NMDC20586441	0	1	0	0	0	R
NMDC20551873	1	0	0	0	0	R
NMDC20553881	1	0	0	0	0	R
NMDC20586442	0	1	0	0	0	R
NMDC20586443	0	1	0	0	0	R
NMDC20557893	1	0	0	0	0	R
NMDC20586445	0	0	1	1	0	R
NMDC20551874	0	1	0	0	0	R
NMDC20555903	1	0	0	0	0	R
NMDC20586446	0	1	0	0	0	R
NMDC20586448	1	0	0	0	0	R
NMDC20586449	1	0	0	0	0	R
NMDC20553882	0	1	0	0	0	R
NMDC20551875	1	0	0	0	0	R
NMDC20557895	0	1	0	0	0	R
NMDC20586453	1	1	0	0	0	R
NMDC20586454	0	1	0	0	0	R
NMDC20586455	0	0	0	0	1	R
NMDC20586456	0	1	0	0	0	R
NMDC20586457	0	1	0	0	0	R
NMDC20586458	0	1	0	0	0	R
NMDC20586459	0	1	0	0	0	R
NMDC20586463	1	1	0	0	0	R
NMDC20553884	0	1	0	0	0	R
NMDC20553885	1	0	0	0	0	R
NMDC20557899	0	1	0	0	0	R
NMDC20586465	0	1	0	0	0	R
NMDC20557900	0	1	0	0	0	R
NMDC20586470	0	1	0	0	0	R
NMDC20586471	1	0	0	0	0	R
NMDC20586473	0	1	0	0	0	R
NMDC20586474	0	1	0	0	0	R
NMDC20553887	1	0	0	0	0	R
NMDC20551877	0	1	0	0	0	R
NMDC20551878	0	0	0	0	0	R
NMDC20586477	0	0	0	0	0	R
NMDC20586478	1	0	0	0	0	R
NMDC20557901	0	1	0	0	0	R
NMDC20555909	1	0	0	0	0	R
NMDC20586479	1	0	0	0	0	R
NMDC20551880	0	1	0	0	0	R
NMDC20586480	0	1	0	0	0	R
NMDC20557903	1	0	0	0	0	R
NMDC20586481	1	0	0	0	0	R
NMDC20586482	0	1	0	0	0	R
NMDC20586484	1	0	0	0	0	R
NMDC20555911	1	0	0	0	0	R
NMDC20555912	1	0	0	0	0	R
NMDC20586486	0	1	0	0	0	R
NMDC20551882	0	1	0	0	0	R
NMDC20553889	0	1	0	0	0	R
NMDC20551883	1	1	0	0	0	R
NMDC20557906	0	1	0	0	0	R
NMDC20557907	1	0	0	0	0	R
NMDC20551884	0	1	0	0	0	R
NMDC20555918	1	0	0	0	0	R
NMDC20586490	0	1	0	0	0	R
NMDC20555915	0	1	0	0	0	R
NMDC20553891	1	0	0	0	0	R
NMDC20555916	1	0	0	0	0	R
NMDC20586491	0	1	0	0	0	R
NMDC20557908	0	1	0	0	0	R
NMDC20557909	1	1	0	0	0	R
NMDC20557912	1	0	0	0	0	R
NMDC20557910	1	1	0	0	0	R
NMDC20551887	0	1	0	0	0	R
NMDC20586492	1	0	0	0	0	R
NMDC20557911	1	0	0	0	0	R
NMDC20553894	1	0	0	0	0	R
NMDC20553896	1	0	0	0	0	R
NMDC20555919	1	0	0	0	0	R
NMDC20557913	0	1	0	0	0	R
NMDC20555920	0	1	0	0	0	R
NMDC20586495	1	1	0	0	0	R
NMDC20553895	1	0	0	0	0	R
NMDC20586496	1	0	0	0	0	R
NMDC20555921	0	1	0	0	0	R
NMDC20586499	1	1	0	0	0	R
NMDC20553897	1	0	0	0	0	R
NMDC20551888	1	1	0	0	0	R
NMDC20557914	1	0	0	0	0	R
NMDC20555923	1	0	0	0	0	R
NMDC20553899	1	0	0	0	0	R
NMDC20553901	1	0	0	0	0	R
NMDC20553902	1	0	0	0	0	R
NMDC20555922	0	1	0	0	0	R
NMDC20586502	1	0	0	0	0	R
NMDC20586503	1	0	0	0	0	R
NMDC20555924	1	0	0	0	0	R
NMDC20586504	1	0	0	0	0	R
NMDC20586506	0	1	0	0	0	R
NMDC20586508	1	0	0	0	0	R
NMDC20586510	0	0	1	1	0	R
NMDC20586511	1	0	0	0	0	R
NMDC20586515	0	1	0	0	0	R
NMDC20586517	0	1	0	0	0	R
NMDC20586518	1	1	0	0	0	R
NMDC20586519	1	1	0	0	0	R
NMDC20586520	0	1	0	0	0	R
NMDC20586523	1	0	0	0	0	R
NMDC20586524	1	0	0	0	0	R
NMDC20586526	1	0	0	0	0	R
NMDC20586527	1	1	0	0	0	R
NMDC20551892	1	0	0	0	0	R
NMDC20555925	0	1	0	0	0	R
NMDC20557915	1	0	0	0	0	R
NMDC20586528	1	0	0	0	0	R
NMDC20555926	1	1	0	0	0	R
NMDC20551893	1	1	0	0	0	R
NMDC20555927	0	1	0	0	0	R
NMDC20586529	1	1	0	0	0	R
NMDC20553906	1	1	0	0	0	R
NMDC20553905	1	0	0	0	0	R
NMDC20555928	0	1	0	0	0	R
NMDC20555929	0	1	0	0	0	R
NMDC20551895	1	1	0	0	0	R
NMDC20551896	1	0	0	0	0	R
NMDC20555930	1	1	0	0	0	R
NMDC20555931	1	0	0	0	0	R
NMDC20586533	0	1	0	0	0	R
NMDC20551897	0	1	0	0	0	R
NMDC20551898	1	0	0	0	0	R
NMDC20557916	1	1	0	0	0	R
NMDC20586535	1	0	0	0	0	R
NMDC20555933	1	0	0	0	0	R
NMDC20555934	1	1	0	0	0	R
NMDC20551900	1	0	0	0	0	R
NMDC20551901	0	1	0	0	0	R
NMDC20586542	1	0	0	0	0	R
NMDC20586543	1	0	0	0	0	R
NMDC20586546	1	0	0	0	0	R
NMDC20555935	1	0	0	0	0	R
NMDC20553908	1	0	0	0	0	R
NMDC20551904	1	0	0	0	0	R
NMDC20553909	0	1	0	0	0	R
NMDC20555936	1	0	0	0	0	R
NMDC20553910	0	1	0	0	0	R
NMDC20557920	1	0	0	0	0	R
NMDC20553911	1	1	0	0	0	R
NMDC20586549	1	0	0	0	0	R
NMDC20555937	0	1	0	0	0	R
NMDC20586551	1	0	0	0	0	R
NMDC20555941	1	0	0	0	0	R
NMDC20557922	0	1	0	0	0	R
NMDC20555943	1	0	0	0	0	R
NMDC20586556	0	1	0	0	0	R
NMDC20586557	0	1	0	0	0	R
NMDC20586560	1	0	0	0	0	R
NMDC20555946	1	0	0	0	0	R
NMDC20553913	0	1	0	0	0	R
NMDC20586561	0	1	0	0	0	R
NMDC20586562	0	1	0	0	0	R
NMDC20553914	0	0	0	0	0	R
NMDC20551909	0	1	0	0	0	R
NMDC20586563	0	1	0	0	0	R
NMDC20553915	0	1	0	0	0	R
NMDC20551910	0	1	0	0	0	R
NMDC20586564	0	1	0	0	0	R
NMDC20553918	0	1	0	0	0	R
NMDC20555948	0	1	0	0	0	R
NMDC20586566	0	1	0	0	0	R
NMDC20557926	0	1	0	0	0	R
NMDC20586567	1	0	0	0	0	R
NMDC20553919	0	1	0	0	0	R
NMDC20586568	0	1	0	0	0	R
NMDC20586569	0	1	0	0	0	R
NMDC20586570	1	0	0	0	0	R
NMDC20586571	1	0	0	0	0	R
NMDC20551911	0	1	0	0	0	R
NMDC20586572	0	1	0	0	0	R
NMDC20553923	0	1	0	0	0	R
NMDC20551913	1	0	0	0	0	R
NMDC20557930	1	1	0	0	0	R
NMDC20553924	1	0	0	0	0	R
NMDC20586582	1	0	0	0	0	R
NMDC20553925	0	1	0	0	0	R
NMDC20586585	0	1	0	0	0	R
NMDC20551917	0	1	0	0	0	R
NMDC20586586	1	1	0	0	0	R
NMDC20555952	1	0	0	0	0	R
NMDC20551918	0	1	0	0	0	R
NMDC20557934	1	0	0	0	0	R
NMDC20586587	1	1	0	0	0	R
NMDC20586588	1	0	0	0	0	R
NMDC20586589	0	1	0	0	0	R
NMDC20586590	0	1	0	0	0	R
NMDC20553929	0	1	0	0	0	R
NMDC20586591	0	1	0	0	0	R
NMDC20553930	1	1	0	0	0	R
NMDC20551920	1	1	0	0	0	R
NMDC20586592	1	0	0	0	0	R
NMDC20553931	0	1	0	0	0	R
NMDC20586594	0	1	0	0	0	R
NMDC20553933	1	0	0	0	0	R
NMDC20557935	0	1	0	0	0	R
NMDC20553934	0	1	0	0	0	R
NMDC20586595	1	0	0	0	0	R
NMDC20555954	1	1	0	0	0	R
NMDC20557936	1	0	0	0	0	R
NMDC20586597	1	0	0	0	0	R
NMDC20553935	1	0	0	0	0	R
NMDC20555956	0	1	0	0	0	R
NMDC20555957	0	1	0	0	0	R
NMDC20555958	0	1	0	0	0	R
NMDC20586598	0	1	0	0	0	R
NMDC20551924	0	1	0	0	0	R
NMDC20557938	1	0	0	0	0	R
NMDC20551925	1	0	0	0	0	R
NMDC20551927	1	1	0	0	0	R
NMDC20551928	0	1	0	0	0	R
NMDC20551930	0	1	0	0	0	R
NMDC20557940	1	0	0	0	0	R
NMDC20586602	1	0	0	0	0	R
NMDC20586603	1	0	0	0	0	R
NMDC20551931	1	0	0	0	0	R
NMDC20555963	0	1	0	0	0	R
NMDC20586606	1	0	0	0	0	R
NMDC20553936	0	1	0	0	0	R
NMDC20557944	0	1	0	0	0	R
NMDC20586607	0	1	0	0	0	R
NMDC20551935	1	0	0	0	0	R
NMDC20553938	0	1	0	0	0	R
NMDC20557945	1	0	0	0	0	R
NMDC20557946	1	1	0	0	0	R
NMDC20553939	0	1	0	0	0	R
NMDC20586609	1	0	0	0	0	R
NMDC20586611	0	1	0	0	0	R
NMDC20553941	1	0	0	0	0	R
NMDC20586612	1	1	0	0	0	R
NMDC20557948	0	1	0	0	0	R
NMDC20586614	0	1	0	0	0	R
NMDC20555966	0	1	0	0	0	R
NMDC20557949	0	1	0	0	0	R
NMDC20553943	0	1	0	0	0	R
NMDC20586616	0	1	0	0	0	R
NMDC20553944	1	0	0	0	0	R
NMDC20586618	0	1	0	0	0	R
NMDC20586620	0	1	0	0	0	R
NMDC20557953	1	0	0	0	0	R
NMDC20557954	1	1	0	0	0	R
NMDC20557955	0	1	0	0	0	R
NMDC20586623	1	0	0	0	0	R
NMDC20586660	0	0	0	0	0	R
NMDC20586661	0	1	0	0	0	R
NMDC20557978	0	1	0	0	0	R
NMDC20551958	0	1	0	0	0	R
NMDC20557976	0	1	0	0	0	R
NMDC20553970	0	1	0	0	0	R
NMDC20586665	1	0	0	0	0	R
NMDC20551959	0	1	0	0	0	R
NMDC20557977	1	0	0	0	0	R
NMDC20551960	0	1	0	0	0	R
NMDC20557979	0	1	0	0	0	R
NMDC20586668	1	0	0	0	0	R
NMDC20551961	0	1	0	0	0	R
NMDC20553972	0	1	0	0	0	R
NMDC20586673	0	0	0	0	0	R
NMDC20551963	0	0	0	0	1	R
NMDC20555981	0	1	0	0	0	R
NMDC20553973	1	0	0	0	0	R
NMDC20557980	0	0	0	0	0	R
NMDC20551964	0	0	0	0	0	R
NMDC20555983	1	0	0	0	0	R
NMDC20553976	0	0	0	0	0	R
NMDC20555985	0	0	0	0	0	R
NMDC20553977	1	0	0	0	0	R
NMDC20557981	1	0	0	0	0	R
NMDC20586674	1	0	0	0	0	R
NMDC20553978	1	0	0	0	0	R
NMDC20553979	0	1	0	0	0	R
NMDC20586676	1	0	0	0	0	R
NMDC20586677	1	0	0	0	0	R
NMDC20555986	0	1	0	0	0	R
NMDC20557984	1	0	0	0	0	R
NMDC20557985	0	0	0	0	0	R
NMDC20557986	0	0	0	0	0	R
NMDC20555987	1	0	0	0	0	R
NMDC20555988	1	0	0	0	0	R
NMDC20557987	0	1	0	0	0	R
NMDC20586679	0	1	0	0	0	R
NMDC20557988	0	1	0	0	0	R
NMDC20551968	1	0	0	0	0	R
NMDC20553981	0	1	0	0	0	R
NMDC20551969	1	0	0	0	0	R
NMDC20555989	0	1	0	0	0	R
NMDC20586680	0	1	0	0	0	R
NMDC20553982	0	0	0	0	0	R
NMDC20557990	1	0	0	0	0	R
NMDC20586681	0	1	0	0	0	R
NMDC20586682	0	1	0	0	0	R
NMDC20586683	0	1	0	0	0	R
NMDC20586685	1	0	0	0	0	R
NMDC20586686	0	1	0	0	0	R
NMDC20551971	1	0	0	0	0	R
NMDC20586690	1	1	0	0	0	R
NMDC20557991	1	0	0	0	0	R
NMDC20586693	0	1	0	0	0	R
NMDC20586694	0	1	0	0	0	R
NMDC20586695	1	1	0	0	0	R
NMDC20586696	0	1	0	0	0	R
NMDC20586697	0	0	0	0	0	R
NMDC20553986	1	0	0	0	0	R
NMDC20555990	1	1	0	0	0	R
NMDC20557993	1	0	0	0	0	R
NMDC20553987	0	1	0	0	0	R
NMDC20557994	1	0	0	0	0	R
NMDC20551972	1	0	0	0	0	R
NMDC20586700	1	0	0	0	0	R
NMDC20551973	0	1	0	0	0	R
NMDC20586701	1	0	0	0	0	R
NMDC20586702	0	1	0	0	0	R
NMDC20555991	0	1	0	0	0	R
NMDC20551974	1	0	0	0	0	R
NMDC20551975	1	0	0	0	0	R
NMDC20553988	0	1	0	0	1	R
NMDC20551976	0	1	0	0	1	R
NMDC20555992	0	1	0	0	0	R
NMDC20553990	0	1	0	0	0	R
NMDC20555994	1	0	0	0	0	R
NMDC20586705	1	0	0	0	1	R
NMDC20586706	0	1	0	0	0	R
NMDC20553991	0	1	0	0	1	R
NMDC20586708	0	1	0	0	0	R
NMDC20586709	0	1	0	0	0	R
NMDC20555995	1	0	0	0	0	R
NMDC20557998	0	1	0	0	0	R
NMDC20586713	0	0	1	1	0	R
NMDC20551980	1	0	0	0	0	R
NMDC20553994	1	0	0	0	0	R
NMDC20553996	1	0	0	0	0	R
NMDC20557999	1	1	0	0	0	R
NMDC20586715	0	1	0	0	0	R
NMDC20558000	0	1	0	0	0	R
NMDC20586716	0	0	1	1	0	R
NMDC20555997	0	1	0	0	0	R
NMDC20553997	0	1	0	0	0	R
NMDC20555998	1	0	0	0	0	R
NMDC20586718	0	0	0	0	0	R
NMDC20586719	1	1	0	0	0	R
NMDC20551982	0	1	0	0	0	R
NMDC20586720	0	1	0	0	0	R
NMDC20558002	0	1	0	0	0	R
NMDC20586722	0	1	0	0	0	R
NMDC20558003	0	1	0	0	0	R
NMDC20586724	1	1	0	0	0	R
NMDC20551983	1	0	0	0	0	R
NMDC20556002	0	1	0	0	0	R
NMDC20558005	1	0	0	0	0	R
NMDC20586726	0	1	0	0	0	R
NMDC20586729	0	1	0	0	0	R
NMDC20551985	1	1	0	0	0	R
NMDC20554000	1	1	0	0	0	R
NMDC20554001	0	1	0	0	0	R
NMDC20551986	0	1	0	0	0	R
NMDC20586731	0	1	0	0	0	R
NMDC20558006	0	1	0	0	0	R
NMDC20556005	1	0	0	0	0	R
NMDC20558007	1	0	0	0	0	R
NMDC20586733	0	1	0	0	0	R
NMDC20554004	0	1	0	0	0	R
NMDC20558009	1	1	0	0	0	R
NMDC20586734	0	1	0	0	0	R
NMDC20558010	0	1	0	0	0	R
NMDC20558011	0	1	0	0	0	R
NMDC20586736	1	1	0	0	0	R
NMDC20586738	1	0	0	0	0	R
NMDC20551989	1	0	0	0	0	R
NMDC20551990	0	1	0	0	0	R
NMDC20558012	0	1	0	0	0	R
NMDC20586742	0	1	0	0	0	R
NMDC20556007	1	0	0	0	0	R
NMDC20586743	0	1	0	0	0	R
NMDC20554006	0	1	0	0	0	R
NMDC20586744	1	0	0	0	0	R
NMDC20586745	0	1	0	0	0	R
NMDC20551993	0	0	0	0	0	R
NMDC20556008	1	0	0	0	0	R
NMDC20586746	0	1	0	0	0	R
NMDC20556009	1	0	0	0	1	R
NMDC20586749	1	0	0	0	0	R
NMDC20554007	0	0	0	0	0	R
NMDC20556010	1	0	0	0	0	R
NMDC20556011	0	1	0	0	0	R
NMDC20558014	1	0	0	0	0	R
NMDC20558015	1	0	0	0	0	R
NMDC20586751	0	0	0	0	0	R
NMDC20586752	1	0	0	0	0	R
NMDC20586753	0	1	0	0	0	R
NMDC20586754	0	0	0	0	0	R
NMDC20551996	0	1	0	0	0	R
NMDC20556015	1	0	0	0	0	R
NMDC20586755	1	0	0	0	0	R
NMDC20554011	0	1	0	0	0	R
NMDC20586757	0	1	0	0	0	R
NMDC20586758	0	0	0	0	0	R
NMDC20586759	0	1	0	0	0	R
NMDC20558018	0	0	0	0	0	R
NMDC20554012	0	1	0	0	0	R
NMDC20556016	0	1	0	0	0	R
NMDC20556018	1	0	0	0	0	R
NMDC20558019	0	0	0	0	0	R
NMDC20558020	1	0	0	0	0	R
NMDC20586761	0	0	0	0	0	R
NMDC20556019	0	1	0	0	0	R
NMDC20556020	1	0	0	0	0	R
NMDC20586762	0	0	0	0	1	R
NMDC20551999	0	1	0	0	0	R
NMDC20586763	0	1	0	0	0	R
NMDC20586765	0	1	0	0	0	R
NMDC20586766	0	1	0	0	0	R
NMDC20586768	0	1	0	0	0	R
NMDC20586769	0	1	0	0	0	R
NMDC20586770	0	1	0	0	0	R
NMDC20586772	0	0	0	0	0	R
NMDC20586775	0	1	0	0	0	R
NMDC20586779	0	1	0	0	0	R
NMDC20586780	0	1	0	0	0	R
NMDC20586781	0	1	0	0	0	R
NMDC20586782	0	0	0	0	0	R
NMDC20554016	1	0	0	0	0	R
NMDC20556023	0	0	0	0	0	R
NMDC20558023	0	0	0	0	0	R
NMDC20586785	0	1	0	0	0	R
NMDC20586786	0	1	0	0	0	R
NMDC20554017	1	0	0	0	0	R
NMDC20556024	0	1	0	0	0	R
NMDC20586787	0	1	0	0	0	R
NMDC20586788	0	0	0	0	0	R
NMDC20586789	0	1	0	0	0	R
NMDC20558025	1	0	0	0	0	R
NMDC20586790	0	1	0	0	0	R
NMDC20556025	1	0	0	0	0	R
NMDC20556026	0	1	0	0	0	R
NMDC20558026	0	1	0	0	0	R
NMDC20586791	0	1	0	0	0	R
NMDC20554019	1	0	0	0	0	R
NMDC20552001	0	1	0	0	0	R
NMDC20556027	0	0	0	0	0	R
NMDC20552002	1	1	0	0	0	R
NMDC20554022	0	0	0	0	0	R
NMDC20556028	1	0	0	0	0	R
NMDC20558029	1	0	0	0	0	R
NMDC20586798	1	0	0	0	0	R
NMDC20552003	0	1	0	0	0	R
NMDC20586799	1	0	0	0	0	R
NMDC20586805	0	0	0	0	0	R
NMDC20586806	0	1	0	0	0	R
NMDC20558031	0	0	0	0	0	R
NMDC20558032	0	0	0	0	0	R
NMDC20554024	0	0	0	0	0	R
NMDC20586807	1	0	0	0	0	R
NMDC20556035	0	1	0	0	0	R
NMDC20552005	1	0	0	0	0	R
NMDC20586808	0	1	0	0	0	R
NMDC20586809	0	1	0	0	0	R
NMDC20556038	0	0	0	0	0	R
NMDC20556040	0	1	0	0	0	R
NMDC20586814	0	0	0	0	0	R
NMDC20558034	0	0	0	0	0	R
NMDC20586815	0	1	0	0	0	R
NMDC20586816	0	1	0	0	0	R
NMDC20554025	0	1	0	0	0	R
NMDC20586817	0	0	0	0	0	R
NMDC20586819	0	0	0	0	0	R
NMDC20586821	1	1	0	0	0	R
NMDC20552008	1	0	0	0	0	R
NMDC20558037	0	1	0	0	0	R
NMDC20586822	0	1	0	0	0	R
NMDC20586823	0	1	0	0	0	R
NMDC20558039	0	1	0	0	0	R
NMDC20586825	0	1	0	0	0	R
NMDC20552010	1	0	0	0	0	R
NMDC20586829	1	0	0	0	0	R
NMDC20558040	1	0	0	0	0	R
NMDC20586830	0	1	0	0	0	R
NMDC20554032	0	1	0	0	0	R
NMDC20554033	1	0	0	0	0	R
NMDC20586831	0	1	0	0	0	R
NMDC20586833	0	1	0	0	0	R
NMDC20586834	1	1	0	0	0	R
NMDC20586835	0	0	0	0	0	R
NMDC20586836	0	1	0	0	0	R
NMDC20554036	0	1	0	0	0	R
NMDC20552013	0	1	0	0	0	R
NMDC20558044	0	1	0	0	0	R
NMDC20554039	0	1	0	0	0	R
NMDC20558045	0	1	0	0	0	R
NMDC20552015	0	0	0	0	0	R
NMDC20554041	0	0	0	0	0	R
NMDC20556048	0	1	0	0	0	R
NMDC20586840	0	1	0	0	0	R
NMDC20554042	1	0	0	0	0	R
NMDC20554043	1	0	0	0	0	R
NMDC20554044	0	1	0	0	0	R
NMDC20556049	1	0	0	0	0	R
NMDC20556050	0	1	0	0	0	R
NMDC20558049	0	1	0	0	0	R
NMDC20552016	0	1	0	0	0	R
NMDC20586841	1	1	0	0	0	R
NMDC20586842	0	1	0	0	0	R
NMDC20586843	1	0	0	0	0	R
NMDC20554048	1	0	0	0	0	R
NMDC20552021	0	1	0	0	0	R
NMDC20552022	0	1	0	0	0	R
NMDC20586845	1	0	0	0	0	R
NMDC20558053	0	1	0	0	0	R
NMDC20586846	0	1	0	0	0	R
NMDC20586848	0	1	0	0	0	R
NMDC20586849	1	0	0	0	0	R
NMDC20586851	0	0	1	1	0	R
NMDC20586852	0	1	0	0	0	R
NMDC20586853	0	1	0	0	0	R
NMDC20586854	1	0	0	0	0	R
NMDC20586855	0	1	0	0	0	R
NMDC20558054	1	0	0	0	0	R
NMDC20556054	0	1	0	0	0	R
NMDC20552027	0	1	0	0	0	R
NMDC20586859	0	1	0	0	0	R
NMDC20558056	0	1	0	0	0	R
NMDC20586860	0	1	0	0	0	R
NMDC20554050	1	0	0	0	0	R
NMDC20556055	0	1	0	0	0	R
NMDC20556056	0	1	0	0	0	R
NMDC20558057	0	1	0	0	0	R
NMDC20552028	1	0	0	0	0	R
NMDC20552029	0	1	0	0	0	R
NMDC20558060	1	1	0	0	0	R
NMDC20586863	1	0	0	0	0	R
NMDC20586866	0	1	0	0	0	R
NMDC20586867	0	1	0	0	0	R
NMDC20556058	0	1	0	0	0	R
NMDC20558061	0	1	0	0	0	R
NMDC20556059	1	0	0	0	0	R
NMDC20556061	0	1	0	0	0	R
NMDC20554053	0	0	0	0	0	R
NMDC20586875	0	0	0	0	0	R
NMDC20558062	0	0	0	0	0	R
NMDC20586876	0	1	0	0	0	R
NMDC20558065	0	1	0	0	0	R
NMDC20586880	0	1	0	0	0	R
NMDC20556064	0	1	0	0	0	R
NMDC20556065	0	1	0	0	0	R
NMDC20554059	0	0	0	0	0	R
NMDC20558067	0	1	0	0	0	R
NMDC20586882	0	1	0	0	0	R
NMDC20586883	0	1	0	0	0	R
NMDC20552034	0	1	0	0	0	R
NMDC20586884	0	1	0	0	0	R
NMDC20586885	0	1	0	0	0	R
NMDC20554065	1	0	0	0	0	R
NMDC20556068	0	1	0	0	0	R
NMDC20556070	0	1	0	0	0	R
NMDC20586894	0	1	0	0	0	R
NMDC20552037	0	1	0	0	0	R
NMDC20586897	0	1	0	0	0	R
NMDC20552038	0	1	0	0	0	R
NMDC20586899	0	1	0	0	0	R
NMDC20586900	0	1	0	0	0	R
NMDC20586901	0	1	0	0	0	R
NMDC20586902	0	1	0	0	0	R
NMDC20558076	0	1	0	0	0	R
NMDC20586903	1	0	0	0	0	R
NMDC20554071	0	1	0	0	0	R
NMDC20554075	1	0	0	0	0	R
NMDC20558078	0	1	0	0	0	R
NMDC20554073	0	1	0	0	0	R
NMDC20558080	0	1	0	0	0	R
NMDC20586908	0	1	0	0	0	R
NMDC20554074	0	1	0	0	0	R
NMDC20552042	0	0	0	0	1	R
NMDC20556073	0	1	0	0	0	R
NMDC20558081	0	0	0	0	0	R
NMDC20586911	0	0	0	0	0	R
NMDC20558083	0	0	0	0	0	R
NMDC20586914	0	0	0	0	0	R
NMDC20556074	0	0	0	0	0	R
NMDC20556077	0	1	0	0	0	R
NMDC20586917	0	1	0	0	0	R
NMDC20586920	0	1	0	0	0	R
NMDC20586921	0	1	0	0	0	R
NMDC20552091	0	0	0	0	0	R
NMDC20558122	0	1	0	0	0	R
NMDC20558123	0	1	0	0	0	R
NMDC20554125	0	1	0	0	0	R
NMDC20552094	0	1	0	0	0	R
NMDC20554126	0	1	0	0	0	R
NMDC20587026	0	0	0	0	0	R
NMDC20587027	0	1	0	0	0	R
NMDC20587028	0	1	0	0	0	R
NMDC20556122	1	0	0	0	0	R
NMDC20587032	0	1	0	0	0	R
NMDC20587035	0	1	0	0	0	R
NMDC20587038	0	1	0	0	0	R
NMDC20587039	0	1	0	0	0	R
NMDC20587040	0	0	0	0	0	R
NMDC20587042	1	1	0	0	0	R
NMDC20554130	0	0	0	0	0	R
NMDC20552099	0	1	0	0	0	R
NMDC20554131	0	1	0	0	0	R
NMDC20587044	1	0	0	0	0	R
NMDC20587046	0	1	0	0	0	R
NMDC20558131	0	0	0	0	0	R
NMDC20552102	0	1	0	0	0	R
NMDC20587050	0	1	0	0	0	R
NMDC20587051	0	1	0	0	0	R
NMDC20554134	0	1	0	0	0	R
NMDC20587052	1	0	0	0	0	R
NMDC20552103	0	1	0	0	0	R
NMDC20588189	0	1	0	0	0	R
NMDC20552392	0	1	0	0	0	R
NMDC20588192	0	1	0	0	0	R
NMDC20552393	1	0	0	0	0	R
NMDC20558408	0	1	0	0	0	R
NMDC20556378	1	0	0	0	0	R
NMDC20554398	0	1	0	0	0	R
NMDC20558410	0	0	0	0	0	R
NMDC20552394	0	1	0	0	0	R
NMDC20554399	1	0	0	0	0	R
NMDC20588194	0	1	0	0	0	R
NMDC20588195	0	1	0	0	0	R
NMDC20588196	1	0	0	0	0	R
NMDC20588197	1	0	0	0	0	R
NMDC20558411	1	0	0	0	0	R
NMDC20554401	1	0	0	0	0	R
NMDC20552396	0	1	0	0	0	R
NMDC20556382	1	0	0	0	0	R
NMDC20552398	0	1	0	0	0	R
NMDC20558412	0	1	0	0	0	R
NMDC20556384	1	0	0	0	0	R
NMDC20588201	0	1	0	0	0	R
NMDC20588202	0	1	0	0	0	R
NMDC20554403	0	1	0	0	0	R
NMDC20554404	1	0	0	0	0	R
NMDC20558414	1	0	0	0	0	R
NMDC20556386	1	1	0	0	0	R
NMDC20558415	0	1	0	0	0	R
NMDC20588203	1	0	0	0	0	R
NMDC20588204	0	1	0	0	0	R
NMDC20554406	0	1	0	0	0	R
NMDC20552401	0	1	0	0	0	R
NMDC20554408	1	1	0	0	0	R
NMDC20588206	1	1	0	0	0	R
NMDC20554409	1	0	0	0	0	R
NMDC20552402	0	1	0	0	0	R
NMDC20588208	0	1	0	0	0	R
NMDC20554410	1	0	0	0	0	R
NMDC20588209	0	1	0	0	0	R
NMDC20556388	0	1	0	0	0	R
NMDC20552404	1	0	0	0	0	R
NMDC20558416	0	1	0	0	0	R
NMDC20556389	1	0	0	0	0	R
NMDC20588214	0	1	0	0	0	R
NMDC20588215	0	1	0	0	0	R
NMDC20552405	0	1	0	0	0	R
NMDC20552407	1	0	0	0	0	R
NMDC20588219	0	1	0	0	0	R
NMDC20554412	0	1	0	0	0	R
NMDC20588221	0	1	0	0	0	R
NMDC20556392	0	1	0	0	0	R
NMDC20588222	0	1	0	0	0	R
NMDC20556393	0	1	0	0	0	R
NMDC20588224	1	0	0	0	0	R
NMDC20558420	0	1	0	0	0	R
NMDC20588225	0	1	0	0	0	R
NMDC20588226	1	0	0	0	0	R
NMDC20588227	1	0	0	0	0	R
NMDC20588228	0	1	0	0	0	R
NMDC20588229	1	0	0	0	0	R
NMDC20588230	0	1	0	0	0	R
NMDC20588231	1	0	0	0	0	R
NMDC20556395	0	1	0	0	0	R
NMDC20554415	0	1	0	0	0	R
NMDC20552411	0	1	0	0	0	R
NMDC20588232	1	0	0	0	0	R
NMDC20552412	0	1	0	0	0	R
NMDC20554417	1	0	0	0	0	R
NMDC20558422	1	0	0	0	0	R
NMDC20552414	1	0	0	0	0	R
NMDC20552415	1	0	0	0	0	R
NMDC20556398	0	1	0	0	0	R
NMDC20588236	1	0	0	0	0	R
NMDC20554419	1	0	0	0	0	R
NMDC20554420	0	1	0	0	0	R
NMDC20588237	0	1	0	0	0	R
NMDC20558424	1	0	0	0	0	R
NMDC20556399	1	1	0	0	0	R
NMDC20558425	0	1	0	0	0	R
NMDC20588238	0	1	0	0	0	R
NMDC20556400	1	0	0	0	0	R
NMDC20552417	0	1	0	0	0	R
NMDC20588240	0	1	0	0	0	R
NMDC20552418	1	1	0	0	0	R
NMDC20558427	1	0	0	0	0	R
NMDC20588241	1	1	0	0	0	R
NMDC20554423	1	0	0	0	0	R
NMDC20588243	0	1	0	0	0	R
NMDC20554424	0	1	0	0	0	R
NMDC20556405	0	1	0	0	0	R
NMDC20588247	0	1	0	0	0	R
NMDC20588248	0	1	0	0	0	R
NMDC20558430	0	1	0	0	0	R
NMDC20556408	0	1	0	0	0	R
NMDC20554426	0	0	0	0	0	R
NMDC20552420	0	0	0	0	0	R
NMDC20588249	1	0	0	0	0	R
NMDC20558431	0	0	0	0	0	R
NMDC20558432	0	1	0	0	0	R
NMDC20558433	0	1	0	0	0	R
NMDC20558434	0	0	0	0	0	R
NMDC20588251	1	0	0	0	0	R
NMDC20588252	0	1	0	0	0	R
NMDC20588253	1	0	0	0	0	R
NMDC20588254	0	1	0	0	0	R
NMDC20588257	0	1	0	0	0	R
NMDC20554430	0	0	0	0	0	R
NMDC20558436	0	1	0	0	0	R
NMDC20556414	0	1	0	0	0	R
NMDC20552426	0	1	0	0	0	R
NMDC20588262	0	1	0	0	0	R
NMDC20552427	0	1	0	0	0	R
NMDC20588269	0	1	0	0	0	R
NMDC20552428	0	1	0	0	0	R
NMDC20588270	1	0	0	0	0	R
NMDC20558438	0	1	0	0	0	R
NMDC20558439	0	1	0	0	0	R
NMDC20556420	0	0	0	0	0	R
NMDC20554435	0	1	0	0	0	R
NMDC20552430	1	0	0	0	0	R
NMDC20552431	0	1	0	0	0	R
NMDC20588271	0	1	0	0	0	R
NMDC20558440	0	1	0	0	0	R
NMDC20558441	1	0	0	0	0	R
NMDC20554433	1	0	0	0	0	R
NMDC20558442	0	1	0	0	0	R
NMDC20558443	1	0	0	0	0	R
NMDC20556423	0	1	0	0	0	R
NMDC20558444	0	1	0	0	0	R
NMDC20588274	1	0	0	0	0	R
NMDC20552432	0	1	0	0	0	R
NMDC20558445	1	0	0	0	0	R
NMDC20556426	0	1	0	0	0	R
NMDC20588283	1	0	0	0	0	R
NMDC20588285	1	0	0	0	0	R
NMDC20588286	0	1	0	0	0	R
NMDC20588287	1	0	0	0	0	R
NMDC20588288	1	1	0	0	0	R
NMDC20552435	0	1	0	0	0	R
NMDC20588289	0	1	0	0	0	R
NMDC20556428	0	1	0	0	0	R
NMDC20588293	1	0	0	0	0	R
NMDC20588294	1	0	0	0	0	R
NMDC20588296	1	0	0	0	0	R
NMDC20588297	0	1	0	0	0	R
NMDC20552438	0	1	0	0	0	R
NMDC20554443	0	1	0	0	0	R
NMDC20552439	1	0	0	0	0	R
NMDC20588300	1	1	0	0	0	R
NMDC20588301	0	1	0	0	0	R
NMDC20554445	1	0	0	0	0	R
NMDC20556432	0	1	0	0	0	R
NMDC20588303	0	1	0	0	0	R
NMDC20556433	1	0	0	0	0	R
NMDC20558456	0	1	0	0	0	R
NMDC20588305	0	1	0	0	0	R
NMDC20552443	1	0	0	0	0	R
NMDC20588306	0	1	0	0	0	R
NMDC20554446	1	0	0	0	0	R
NMDC20552445	0	1	0	0	0	R
NMDC20588307	1	0	0	0	0	R
NMDC20588308	1	0	0	0	0	R
NMDC20554447	1	0	0	0	0	R
NMDC20558457	0	1	0	0	0	R
NMDC20588309	1	0	0	0	0	R
NMDC20588310	0	1	0	0	0	R
NMDC20588311	0	1	0	0	0	R
NMDC20556440	0	0	0	0	0	R
NMDC20552450	1	0	0	0	0	R
NMDC20588313	0	0	0	0	0	R
NMDC20558462	1	1	0	0	0	R
NMDC20588314	1	0	0	0	0	R
NMDC20558463	1	0	0	0	0	R
NMDC20556444	0	0	0	0	0	R
NMDC20558464	1	1	0	0	0	R
NMDC20554449	0	1	0	0	0	R
NMDC20588316	0	0	0	0	0	R
NMDC20556446	0	1	0	0	0	R
NMDC20588318	1	0	0	0	0	R
NMDC20588320	1	0	0	0	0	R
NMDC20588321	1	1	0	0	0	R
NMDC20552451	0	1	0	0	0	R
NMDC20558466	0	1	0	0	0	R
NMDC20588322	0	0	0	0	0	R
NMDC20558467	1	0	0	0	0	R
NMDC20558468	0	1	0	0	0	R
NMDC20554455	1	1	0	0	0	R
NMDC20558470	1	0	0	0	0	R
NMDC20556449	0	1	0	0	0	R
NMDC20552457	0	0	0	0	0	R
NMDC20588333	0	1	0	0	0	R
NMDC20554459	1	0	0	0	0	R
NMDC20554460	0	1	0	0	0	R
NMDC20552458	0	1	0	0	0	R
NMDC20588334	1	0	0	0	0	R
NMDC20552459	0	1	0	0	0	R
NMDC20588336	1	0	0	0	0	R
NMDC20556450	1	0	0	0	0	R
NMDC20588337	1	0	0	0	0	R
NMDC20552460	1	0	0	0	0	R
NMDC20588339	0	1	0	0	0	R
NMDC20588340	0	1	0	0	0	R
NMDC20588344	0	1	0	0	0	R
NMDC20552462	0	1	0	0	0	R
NMDC20588345	0	1	0	0	0	R
NMDC20556453	1	0	0	0	0	R
NMDC20588348	0	1	0	0	0	R
NMDC20588349	1	0	0	0	0	R
NMDC20554465	1	0	0	0	0	R
NMDC20552463	0	1	0	0	0	R
NMDC20554466	1	0	0	0	0	R
NMDC20588352	1	0	0	0	0	R
NMDC20588353	1	0	0	0	0	R
NMDC20558479	1	0	0	0	0	R
NMDC20556458	1	0	0	0	0	R
NMDC20588354	0	1	0	0	0	R
NMDC20556460	0	0	0	0	0	R
NMDC20588355	1	0	0	0	0	R
NMDC20552465	1	0	0	0	0	R
NMDC20552466	0	1	0	0	0	R
NMDC20588357	0	0	0	0	0	R
NMDC20588358	0	1	0	0	0	R
NMDC20552467	0	1	0	0	0	R
NMDC20588362	1	1	0	0	0	R
NMDC20588364	1	0	0	0	0	R
NMDC20588366	1	0	0	0	0	R
NMDC20556464	1	0	0	0	0	R
NMDC20556465	0	1	0	0	0	R
NMDC20588371	0	0	0	0	1	R
NMDC20558488	1	0	0	0	0	R
NMDC20588374	0	1	0	0	0	R
NMDC20558489	0	1	0	0	0	R
NMDC20588375	1	0	0	0	0	R
NMDC20552472	1	0	0	0	0	R
NMDC20588380	0	1	0	0	0	R
NMDC20554474	1	0	0	0	0	R
NMDC20588383	0	1	0	0	0	R
NMDC20558492	0	1	0	0	0	R
NMDC20588384	1	0	0	0	0	R
NMDC20552475	0	1	0	0	0	R
NMDC20554476	1	0	0	0	0	R
NMDC20552476	0	1	0	0	0	R
NMDC20588387	0	1	0	0	0	R
NMDC20588389	0	0	0	0	0	R
NMDC20554480	0	0	0	0	0	R
NMDC20556475	1	0	0	0	0	R
NMDC20588391	1	0	0	0	0	R
NMDC20552477	0	1	0	0	0	R
NMDC20552478	0	1	0	0	0	R
NMDC20554482	0	0	0	0	0	R
NMDC20554485	0	1	0	0	0	R
NMDC20588401	0	1	0	0	0	R
NMDC20556479	0	0	0	0	0	R
NMDC20588406	0	1	0	0	0	R
NMDC20588407	0	0	0	0	0	R
NMDC20588408	1	0	0	0	0	R
NMDC20552482	0	1	0	0	0	R
NMDC20558498	0	1	0	0	0	R
NMDC20554490	0	0	0	0	0	R
NMDC20552483	0	0	0	0	0	R
NMDC20588417	0	0	0	0	0	R
NMDC20588418	0	1	0	0	0	R
NMDC20588419	0	1	0	0	0	R
NMDC20588421	1	0	0	0	0	R
NMDC20588422	1	0	0	0	0	R
NMDC20552484	1	0	0	0	0	R
NMDC20588424	1	0	0	0	0	R
NMDC20558500	1	0	0	0	0	R
NMDC20552486	1	0	0	0	0	R
NMDC20558501	1	0	0	0	0	R
NMDC20588425	0	1	0	0	0	R
NMDC20588426	0	0	0	0	0	R
NMDC20558502	0	1	0	0	1	R
NMDC20552491	0	0	0	0	1	R
NMDC20588427	0	1	0	0	0	R
NMDC20588428	0	1	0	0	0	R
NMDC20588429	0	1	0	0	0	R
NMDC20558504	1	1	0	0	0	R
NMDC20552490	0	0	0	0	0	R
NMDC20558505	0	1	0	0	0	R
NMDC20588432	1	0	0	0	0	R
NMDC20588435	1	0	0	0	0	R
NMDC20554498	1	0	0	0	0	R
NMDC20588436	1	0	0	0	0	R
NMDC20554501	0	1	0	0	0	R
NMDC20556489	0	1	0	0	0	R
NMDC20588438	0	1	0	0	0	R
NMDC20552494	1	0	0	0	0	R
NMDC20558507	0	1	0	0	0	R
NMDC20556491	0	1	0	0	0	R
NMDC20558509	1	0	0	0	0	R
NMDC20554504	0	1	0	0	0	R
NMDC20558510	1	0	0	0	0	R
NMDC20552499	1	0	0	0	0	R
NMDC20552500	0	1	0	0	0	R
NMDC20556492	0	1	0	0	0	R
NMDC20588442	1	0	0	0	0	R
NMDC20588443	0	1	0	0	0	R
NMDC20554506	1	0	0	0	0	R
NMDC20554507	1	0	0	0	0	R
NMDC20588450	0	1	0	0	0	R
NMDC20552501	1	0	0	0	0	R
NMDC20552503	0	1	0	0	0	R
NMDC20588452	0	1	0	0	0	R
NMDC20556497	0	1	0	0	0	R
NMDC20588454	0	1	0	0	0	R
NMDC20556499	1	0	0	0	0	R
NMDC20588455	0	1	0	0	0	R
NMDC20558512	0	1	0	0	0	R
NMDC20588456	0	1	0	0	0	R
NMDC20552508	1	0	0	0	0	R
NMDC20588458	1	0	0	0	0	R
NMDC20556501	0	1	0	0	0	R
NMDC20558515	0	1	0	0	0	R
NMDC20556500	0	1	0	0	0	R
NMDC20554512	0	1	0	0	0	R
NMDC20554513	0	1	0	0	0	R
NMDC20554514	1	0	0	0	0	R
NMDC20558516	1	0	0	0	0	R
NMDC20588459	1	0	0	0	0	R
NMDC20588460	0	1	0	0	0	R
NMDC20558517	1	0	0	0	0	R
NMDC20588461	1	0	0	0	0	R
NMDC20588462	0	1	0	0	0	R
NMDC20552510	0	1	0	0	0	R
NMDC20552511	0	1	0	0	0	R
NMDC20588465	0	1	0	0	0	R
NMDC20588466	0	1	0	0	0	R
NMDC20588467	0	1	0	0	0	R
NMDC20556503	0	1	0	0	0	R
NMDC20588468	0	1	0	0	0	R
NMDC20556504	0	1	0	0	0	R
NMDC20552515	0	1	0	0	0	R
NMDC20588469	0	1	0	0	0	R
NMDC20558518	0	1	0	0	0	R
NMDC20588471	0	1	0	0	0	R
NMDC20556505	0	1	0	0	0	R
NMDC20558519	0	1	0	0	0	R
NMDC20552516	0	1	0	0	0	R
NMDC20588473	0	1	0	0	0	R
NMDC20588474	0	1	0	0	0	R
NMDC20552517	0	1	0	0	0	R
NMDC20556507	1	0	0	0	0	R
NMDC20554518	0	1	0	0	0	R
NMDC20558521	0	1	0	0	0	R
NMDC20588476	0	1	0	0	0	R
NMDC20588477	0	1	0	0	0	R
NMDC20552518	0	1	0	0	0	R
NMDC20554519	0	1	0	0	0	R
NMDC20558526	1	0	0	0	0	R
NMDC20558524	1	1	0	0	0	R
NMDC20588478	1	0	0	0	0	R
NMDC20558525	1	0	0	0	0	R
NMDC20552519	1	0	0	0	0	R
NMDC20554521	1	0	0	0	0	R
NMDC20558529	1	0	0	0	0	R
NMDC20588480	0	0	0	0	0	R
NMDC20588481	0	1	0	0	0	R
NMDC20552520	1	1	0	0	0	R
NMDC20552521	0	1	0	0	0	R
NMDC20558527	0	1	0	0	0	R
NMDC20558528	0	1	0	0	0	R
NMDC20588482	1	0	0	0	0	R
NMDC20554524	1	0	0	0	0	R
NMDC20588484	1	0	0	0	0	R
NMDC20588485	0	1	0	0	0	R
NMDC20556510	1	0	0	0	0	R
NMDC20556513	0	1	0	0	0	R
NMDC20588488	1	0	0	0	0	R
NMDC20554527	0	1	0	0	0	R
NMDC20588489	1	0	0	0	0	R
NMDC20588490	1	0	0	0	0	R
NMDC20556515	0	1	0	0	0	R
NMDC20556516	0	1	0	0	0	R
NMDC20588492	0	1	0	0	0	R
NMDC20556517	1	0	0	0	0	R
NMDC20558530	1	0	0	0	0	R
NMDC20558531	1	0	0	0	0	R
NMDC20556519	1	0	0	0	0	R
NMDC20588497	1	0	0	0	0	R
NMDC20556520	1	0	0	0	0	R
NMDC20554529	1	0	0	0	0	R
NMDC20556523	1	1	0	0	0	R
NMDC20554530	1	0	0	0	0	R
NMDC20552529	1	0	0	0	0	R
NMDC20556521	1	0	0	0	0	R
NMDC20588498	1	0	0	0	0	R
NMDC20556522	0	0	0	0	0	R
NMDC20554532	0	1	0	0	0	R
NMDC20552531	0	1	0	0	0	R
NMDC20558532	0	1	0	0	0	R
NMDC20556524	0	1	0	0	0	R
NMDC20588500	1	0	0	0	0	R
NMDC20554533	1	0	0	0	0	R
NMDC20588501	1	0	0	0	0	R
NMDC20588502	1	0	0	0	0	R
NMDC20552532	1	0	0	0	0	R
NMDC20588504	1	0	0	0	0	R
NMDC20556525	1	0	0	0	0	R
NMDC20558536	1	0	0	0	0	R
NMDC20588505	0	1	0	0	0	R
NMDC20558535	0	1	0	0	0	R
NMDC20588506	0	1	0	0	0	R
NMDC20552536	1	0	0	0	0	R
NMDC20552537	1	0	0	0	1	R
NMDC20588509	1	1	0	0	0	R
NMDC20556529	1	0	0	0	0	R
NMDC20552538	0	1	0	0	0	R
NMDC20558537	0	1	0	0	0	R
NMDC20588510	1	1	0	0	0	R
NMDC20588511	0	1	0	0	0	R
NMDC20552540	0	1	0	0	0	R
NMDC20554536	1	1	0	0	0	R
NMDC20588516	0	1	0	0	0	R
NMDC20554540	0	1	0	0	0	R
NMDC20552542	1	0	0	0	0	R
NMDC20554541	0	1	0	0	0	R
NMDC20554543	1	0	0	0	0	R
NMDC20554544	1	0	0	0	0	R
NMDC20554546	0	1	0	0	0	R
NMDC20554545	0	1	0	0	0	R
NMDC20588520	0	1	0	0	0	R
NMDC20588521	1	0	0	0	0	R
NMDC20558542	0	1	0	0	0	R
NMDC20588522	0	1	0	0	0	R
NMDC20556532	1	0	0	0	0	R
NMDC20588523	1	0	0	0	0	R
NMDC20552544	1	0	0	0	0	R
NMDC20588524	1	0	0	0	0	R
NMDC20588525	1	0	0	0	0	R
NMDC20588527	0	1	0	0	0	R
NMDC20588529	1	0	0	0	0	R
NMDC20558544	0	1	0	0	0	R
NMDC20588531	0	1	0	0	0	R
NMDC20588532	1	0	0	0	0	R
NMDC20554549	0	1	0	0	0	R
NMDC20588533	1	0	0	0	0	R
NMDC20552548	0	1	0	0	0	R
NMDC20588534	0	1	0	0	0	R
NMDC20558545	0	1	0	0	0	R
NMDC20556537	1	0	0	0	0	R
NMDC20558546	1	0	0	0	0	R
NMDC20558547	1	0	0	0	0	R
NMDC20552549	0	1	0	0	0	R
NMDC20558548	0	1	0	0	0	R
NMDC20558549	0	1	0	0	0	R
NMDC20588536	1	0	0	0	0	R
NMDC20588537	0	1	0	0	0	R
NMDC20556538	0	1	0	0	0	R
NMDC20556539	1	1	0	0	0	R
NMDC20558550	0	1	0	0	0	R
NMDC20556540	0	1	0	0	0	R
NMDC20552550	0	1	0	0	0	R
NMDC20588541	0	1	0	0	0	R
NMDC20588542	0	1	0	0	0	R
NMDC20588543	1	0	0	0	0	R
NMDC20558551	1	0	0	0	0	R
NMDC20552551	1	0	0	0	0	R
NMDC20588544	0	1	0	0	0	R
NMDC20556541	0	1	0	0	0	R
NMDC20556543	0	1	0	0	0	R
NMDC20556544	0	1	0	0	0	R
NMDC20588546	0	1	0	0	0	R
NMDC20588549	1	0	0	0	0	R
NMDC20556545	1	0	0	0	0	R
NMDC20588551	1	0	0	0	0	R
NMDC20554555	1	0	0	0	0	R
NMDC20588552	1	0	0	0	0	R
NMDC20588553	1	0	0	0	0	R
NMDC20556546	1	0	0	0	0	R
NMDC20556547	1	0	0	0	0	R
NMDC20588554	1	0	0	0	0	R
NMDC20588555	0	1	0	0	0	R
NMDC20588557	1	0	0	0	0	R
NMDC20588558	1	0	0	0	0	R
NMDC20554557	0	1	0	0	0	R
NMDC20552555	1	0	0	0	0	R
NMDC20556549	0	1	0	0	0	R
NMDC20588560	0	1	0	0	0	R
NMDC20552557	0	1	0	0	0	R
NMDC20588562	1	0	0	0	0	R
NMDC20558560	0	1	0	0	0	R
NMDC20554558	1	0	0	0	0	R
NMDC20588563	1	0	0	0	0	R
NMDC20554559	0	1	0	0	0	R
NMDC20554560	1	0	0	0	0	R
NMDC20588564	1	1	0	0	0	R
NMDC20552559	1	0	0	0	0	R
NMDC20558561	1	0	0	0	0	R
NMDC20552560	0	0	0	0	0	R
NMDC20554561	0	1	0	0	0	R
NMDC20588566	1	1	0	0	0	R
NMDC20588571	0	1	0	0	0	R
NMDC20558563	0	1	0	0	0	R
NMDC20558564	0	1	0	0	0	R
NMDC20554563	0	0	0	0	1	R
NMDC20588573	0	1	0	0	0	R
NMDC20588574	0	1	0	0	0	R
NMDC20558569	1	0	0	0	0	R
NMDC20554565	0	1	0	0	0	R
NMDC20558570	0	1	0	0	0	R
NMDC20558571	0	0	0	0	0	R
NMDC20554567	0	1	0	0	0	R
NMDC20588579	0	0	0	0	0	R
NMDC20552568	1	0	0	0	0	R
NMDC20588582	0	1	0	0	0	R
NMDC20588584	0	1	0	0	0	R
NMDC20588585	0	1	0	0	0	R
NMDC20554570	0	1	0	0	0	R
NMDC20588587	0	0	0	0	0	R
NMDC20588589	0	1	0	0	0	R
NMDC20588591	0	1	0	0	0	R
NMDC20588594	0	1	0	0	0	R
NMDC20556563	0	1	0	0	0	R
NMDC20552569	0	1	0	0	0	R
NMDC20588595	0	1	0	0	0	R
NMDC20588596	0	1	0	0	0	R
NMDC20588598	0	1	0	0	0	R
NMDC20556564	0	1	0	0	0	R
NMDC20588600	0	0	0	0	0	R
NMDC20588601	0	1	0	0	0	R
NMDC20588602	0	1	0	0	0	R
NMDC20588605	0	1	0	0	0	R
NMDC20588606	0	1	0	0	0	R
NMDC20588607	0	1	0	0	0	R
NMDC20588608	0	1	0	0	0	R
NMDC20588609	0	1	0	0	0	R
NMDC20556565	0	1	0	0	0	R
NMDC20588610	0	1	0	0	0	R
NMDC20588611	0	1	0	0	0	R
NMDC20588612	0	1	0	0	0	R
NMDC20556566	0	1	0	0	0	R
NMDC20588615	0	1	0	0	0	R
NMDC20588616	0	1	0	0	0	R
NMDC20552570	0	1	0	0	0	R
NMDC20554572	0	1	0	0	0	R
NMDC20556567	0	1	0	0	0	R
NMDC20588618	0	1	0	0	0	R
NMDC20552571	1	0	0	0	0	R
NMDC20588619	0	1	0	0	0	R
NMDC20552572	1	1	0	0	0	R
NMDC20588621	1	0	0	0	0	R
NMDC20552573	1	0	0	0	0	R
NMDC20552574	1	1	0	0	0	R
NMDC20558573	1	0	0	0	0	R
NMDC20556568	1	1	0	0	0	R
NMDC20588622	1	0	0	0	0	R
NMDC20588623	1	0	0	0	0	R
NMDC20552575	0	1	0	0	0	R
NMDC20554574	1	0	0	0	0	R
NMDC20588627	1	0	0	0	0	R
NMDC20556569	1	0	0	0	0	R
NMDC20556570	1	0	0	0	0	R
NMDC20558574	1	0	0	0	0	R
NMDC20554576	1	0	0	0	0	R
NMDC20588628	0	1	0	0	0	R
NMDC20556572	1	0	0	0	0	R
NMDC20554577	0	1	0	0	0	R
NMDC20588629	1	1	0	0	0	R
NMDC20556573	0	1	0	0	0	R
NMDC20588630	0	1	0	0	0	R
NMDC20588631	0	1	0	0	0	R
NMDC20588632	0	1	0	0	0	R
NMDC20552576	0	1	0	0	0	R
NMDC20552577	0	1	0	0	0	R
NMDC20556574	1	0	0	0	0	R
NMDC20556575	0	1	0	0	0	R
NMDC20552578	1	0	0	0	0	R
NMDC20556576	1	0	0	0	0	R
NMDC20556577	1	0	0	0	0	R
NMDC20588633	0	1	0	0	0	R
NMDC20558609	1	0	0	0	0	R
NMDC20552605	1	1	0	0	0	R
NMDC20588835	1	0	0	0	0	R
NMDC20552606	0	1	0	0	0	R
NMDC20556602	0	1	0	0	0	R
NMDC20588836	0	1	0	0	0	R
NMDC20554606	0	1	0	0	0	R
NMDC20588837	0	1	0	0	0	R
NMDC20588839	0	1	0	0	0	R
NMDC20558610	0	1	0	0	0	R
NMDC20552609	0	0	0	0	0	R
NMDC20588841	0	1	0	0	0	R
NMDC20556604	0	1	0	0	0	R
NMDC20558611	0	1	0	0	0	R
NMDC20558612	0	1	0	0	0	R
NMDC20552611	1	0	0	0	0	R
NMDC20558613	0	1	0	0	0	R
NMDC20588845	0	1	0	0	0	R
NMDC20588846	0	1	0	0	0	R
NMDC20558615	1	0	0	0	0	R
NMDC20588847	0	1	0	0	0	R
NMDC20558614	0	1	0	0	0	R
NMDC20558616	0	1	0	0	0	R
NMDC20588849	1	1	0	0	0	R
NMDC20588850	0	1	0	0	0	R
NMDC20554609	0	1	0	0	0	R
NMDC20588851	0	1	0	0	0	R
NMDC20554610	1	0	0	0	0	R
NMDC20588853	0	1	0	0	0	R
NMDC20558617	0	1	0	0	0	R
NMDC20554614	1	0	0	0	0	R
NMDC20556607	0	1	0	0	0	R
NMDC20552612	0	1	0	0	0	R
NMDC20588855	0	1	0	0	0	R
NMDC20556608	0	1	0	0	0	R
NMDC20588856	0	1	0	0	0	R
NMDC20588857	0	0	0	0	0	R
NMDC20556609	0	1	0	0	0	R
NMDC20588858	0	0	0	0	0	R
NMDC20552613	0	1	0	0	0	R
NMDC20588859	1	0	0	0	0	R
NMDC20588860	0	1	0	0	0	R
NMDC20558621	0	1	0	0	0	R
NMDC20558622	0	1	0	0	0	R
NMDC20558623	0	1	0	0	0	R
NMDC20588861	0	1	0	0	0	R
NMDC20552617	0	0	0	0	0	R
NMDC20554616	0	1	0	0	0	R
NMDC20588863	0	0	0	0	0	R
NMDC20556612	0	0	0	0	0	R
NMDC20558626	0	1	0	0	0	R
NMDC20556614	0	1	0	0	0	R
NMDC20588870	0	1	0	0	0	R
NMDC20588871	0	1	0	0	0	R
NMDC20554618	0	1	0	0	0	R
NMDC20556615	0	1	0	0	0	R
NMDC20588872	0	1	0	0	0	R
NMDC20588874	0	1	0	0	0	R
NMDC20552619	1	0	0	0	0	R
NMDC20588875	1	0	0	0	0	R
NMDC20554619	0	1	0	0	0	R
NMDC20552620	0	1	0	0	0	R
NMDC20554620	0	1	0	0	0	R
NMDC20588876	0	1	0	0	0	R
NMDC20588877	0	1	0	0	0	R
NMDC20588878	1	0	0	0	0	R
NMDC20556618	0	1	0	0	0	R
NMDC20556616	0	1	0	0	0	R
NMDC20556617	0	1	0	0	0	R
NMDC20552622	0	1	0	0	0	R
NMDC20588880	1	1	0	0	0	R
NMDC20588881	0	1	0	0	0	R
NMDC20552623	0	1	0	0	0	R
NMDC20556619	0	1	0	0	0	R
NMDC20588882	0	1	0	0	0	R
NMDC20588883	0	1	0	0	0	R
NMDC20588884	0	1	0	0	0	R
NMDC20588885	0	1	0	0	0	R
NMDC20556620	0	1	0	0	0	R
NMDC20554621	0	1	0	0	0	R
NMDC20588888	0	1	0	0	0	R
NMDC20556621	0	1	0	0	0	R
NMDC20552624	1	1	0	0	0	R
NMDC20554623	0	1	0	0	0	R
NMDC20556623	0	1	0	0	0	R
NMDC20554624	1	0	0	0	0	R
NMDC20558630	0	1	0	0	0	R
NMDC20588891	0	1	0	0	0	R
NMDC20554625	0	1	0	0	0	R
NMDC20558631	0	1	0	0	0	R
NMDC20554627	0	1	0	0	0	R
NMDC20558632	0	0	0	0	0	R
NMDC20552625	0	1	0	0	0	R
NMDC20554628	0	1	0	0	0	R
NMDC20588896	0	1	0	0	0	R
NMDC20558635	0	1	0	0	0	R
NMDC20558636	0	1	0	0	0	R
NMDC20556624	0	1	0	0	0	R
NMDC20588899	0	1	0	0	0	R
NMDC20552626	0	1	0	0	0	R
NMDC20588902	1	0	0	0	0	R
NMDC20556626	0	1	0	0	0	R
NMDC20556628	0	1	0	0	0	R
NMDC20554630	0	0	0	0	0	R
NMDC20554632	1	0	0	0	0	R
NMDC20554633	0	1	0	0	0	R
NMDC20558637	1	0	0	0	0	R
NMDC20588906	0	1	0	0	0	R
NMDC20552630	1	0	0	0	0	R
NMDC20554634	0	1	0	0	0	R
NMDC20554635	0	1	0	0	0	R
NMDC20558638	0	1	0	0	0	R
NMDC20552632	0	1	0	0	0	R
NMDC20588912	0	1	0	0	0	R
NMDC20552633	0	1	0	0	0	R
NMDC20556635	0	1	0	0	0	R
NMDC20558639	0	1	0	0	0	R
NMDC20556638	0	1	0	0	0	R
NMDC20556637	0	1	0	0	0	R
NMDC20554637	0	1	0	0	0	R
NMDC20588917	0	1	0	0	0	R
NMDC20588918	0	1	0	0	0	R
NMDC20554639	0	1	0	0	0	R
NMDC20554643	0	1	0	0	0	R
NMDC20588924	0	1	0	0	0	R
NMDC20552637	0	1	0	0	0	R
NMDC20556643	0	1	0	0	0	R
NMDC20588932	0	1	0	0	0	R
NMDC20554644	0	1	0	0	0	R
NMDC20558644	0	0	0	0	0	R
NMDC20552639	0	1	0	0	0	R
NMDC20558645	0	1	0	0	0	R
NMDC20552641	0	1	0	0	0	R
NMDC20554646	0	1	0	0	0	R
NMDC20552646	0	0	0	0	0	R
NMDC20556649	1	0	0	0	0	R
NMDC20552647	0	0	0	0	0	R
NMDC20588942	0	0	0	0	0	R
NMDC20588943	0	0	0	0	0	R
NMDC20558647	1	0	0	0	0	R
NMDC20556650	0	1	0	0	0	R
NMDC20588944	0	1	0	0	0	R
NMDC20588947	0	1	0	0	0	R
NMDC20558648	1	0	0	0	0	R
NMDC20556651	0	0	0	0	0	R
NMDC20558649	0	1	0	0	0	R
NMDC20556652	0	1	0	0	0	R
NMDC20556653	0	1	0	0	0	R
NMDC20554650	0	1	0	0	0	R
NMDC20552649	0	1	0	0	0	R
NMDC20552650	0	1	0	0	0	R
NMDC20552651	0	1	0	0	0	R
NMDC20552652	0	1	0	0	0	R
NMDC20588950	0	1	0	0	0	R
NMDC20556655	0	0	0	0	0	R
NMDC20558653	0	1	0	0	0	R
NMDC20554652	0	1	0	0	0	R
NMDC20554653	0	0	0	0	0	R
NMDC20588953	0	1	0	0	0	R
NMDC20588954	0	1	0	0	0	R
NMDC20588955	1	0	0	0	0	R
NMDC20588956	0	1	0	0	0	R
NMDC20588957	0	1	0	0	0	R
NMDC20588958	0	1	0	0	0	R
NMDC20558654	0	1	0	0	0	R
NMDC20554655	1	0	0	0	0	R
NMDC20558655	0	1	0	0	0	R
NMDC20556656	0	1	0	0	0	R
NMDC20588959	0	1	0	0	0	R
NMDC20554656	0	1	0	0	0	R
NMDC20588964	1	1	0	0	0	R
NMDC20588965	0	1	0	0	0	R
NMDC20588966	0	0	0	0	0	R
NMDC20556659	0	1	0	0	0	R
NMDC20552659	0	1	0	0	0	R
NMDC20558658	1	0	0	0	0	R
NMDC20588974	0	1	0	0	0	R
NMDC20588975	0	1	0	0	0	R
NMDC20558659	0	1	0	0	0	R
NMDC20558660	0	1	0	0	0	R
NMDC20558661	0	0	0	0	0	R
NMDC20556660	1	0	0	0	0	R
NMDC20558662	0	1	0	0	0	R
NMDC20554661	0	1	0	0	0	R
NMDC20558664	0	1	0	0	0	R
NMDC20552661	1	0	0	0	0	R
NMDC20558665	0	1	0	0	0	R
NMDC20556665	1	0	0	0	0	R
NMDC20588992	1	0	0	0	0	R
NMDC20558666	1	0	0	0	0	R
NMDC20552664	1	0	0	0	0	R
NMDC20588993	0	1	0	0	0	R
NMDC20552665	0	1	0	0	0	R
NMDC20588995	0	1	0	0	0	R
NMDC20558667	0	1	0	0	0	R
NMDC20552666	0	1	0	0	0	R
NMDC20556667	0	1	0	0	0	R
NMDC20552667	0	1	0	0	0	R
NMDC20588997	0	1	0	0	0	R
NMDC20589000	1	0	0	0	0	R
NMDC20589001	0	1	0	0	0	R
NMDC20589006	1	0	0	0	0	R
NMDC20589008	1	0	0	0	0	R
NMDC20582526	0	0	0	0	0	S
NMDC20582533	0	0	0	0	0	S
NMDC20582545	0	0	0	0	0	S
NMDC20552810	0	0	0	0	0	S
NMDC20582546	0	0	0	0	0	S
NMDC20582590	0	0	0	0	0	S
NMDC20582591	0	0	0	0	0	S
NMDC20582592	0	0	0	0	0	S
NMDC20554794	0	0	0	0	0	S
NMDC20582620	0	0	0	0	0	S
NMDC20582621	0	0	0	0	0	S
NMDC20582622	0	0	0	0	0	S
NMDC20554868	0	0	0	0	0	S
NMDC20552898	0	0	0	0	0	S
NMDC20552899	0	0	0	0	0	S
NMDC20582814	0	0	0	0	0	S
NMDC20582817	0	0	0	0	0	S
NMDC20550881	0	0	0	0	0	S
NMDC20582818	0	0	0	0	0	S
NMDC20550882	0	0	0	0	0	S
NMDC20552901	0	0	0	0	0	S
NMDC20582821	0	0	0	0	0	S
NMDC20550884	0	0	0	0	0	S
NMDC20582822	0	0	0	0	0	S
NMDC20554874	0	0	0	0	0	S
NMDC20582825	0	0	0	0	0	S
NMDC20582826	0	0	0	0	0	S
NMDC20552905	0	0	0	0	0	S
NMDC20554876	0	0	0	0	0	S
NMDC20554880	0	0	0	0	0	S
NMDC20582838	0	0	0	0	0	S
NMDC20556893	0	0	0	0	0	S
NMDC20582840	0	0	0	0	0	S
NMDC20556895	0	0	0	0	0	S
NMDC20550896	0	0	0	0	0	S
NMDC20556897	0	0	0	0	0	S
NMDC20552917	0	0	0	0	0	S
NMDC20550897	0	0	0	0	0	S
NMDC20582841	0	0	0	0	0	S
NMDC20552918	0	0	0	0	0	S
NMDC20582842	0	0	0	0	0	S
NMDC20550901	0	0	0	0	0	S
NMDC20582843	0	0	0	0	0	S
NMDC20582844	0	0	0	0	0	S
NMDC20582849	0	0	0	0	0	S
NMDC20582852	0	0	0	0	0	S
NMDC20552922	0	0	0	0	0	S
NMDC20556913	0	0	0	0	0	S
NMDC20582856	0	0	0	0	0	S
NMDC20554887	0	0	0	0	0	S
NMDC20582858	0	0	0	0	0	S
NMDC20554888	0	0	0	0	0	S
NMDC20582859	0	0	0	0	0	S
NMDC20582860	0	0	0	0	0	S
NMDC20552927	0	0	0	0	0	S
NMDC20554889	0	0	0	0	0	S
NMDC20582861	0	0	0	0	0	S
NMDC20582862	0	0	0	0	0	S
NMDC20550915	0	0	0	0	0	S
NMDC20554894	0	0	0	0	0	S
NMDC20550917	0	0	0	0	0	S
NMDC20550918	0	0	0	0	0	S
NMDC20582878	0	0	0	0	0	S
NMDC20582881	0	1	0	0	0	S
NMDC20582884	0	0	0	0	0	S
NMDC20582886	0	1	0	0	0	S
NMDC20582892	0	0	0	0	0	S
NMDC20582897	0	0	0	0	0	S
NMDC20582902	0	0	0	0	0	S
NMDC20582903	0	0	0	0	0	S
NMDC20582906	0	0	0	0	0	S
NMDC20582909	0	0	0	0	0	S
NMDC20582910	0	0	0	0	0	S
NMDC20553110	0	0	0	0	0	S
NMDC20557090	0	0	0	0	0	S
NMDC20583319	0	0	0	0	0	S
NMDC20555076	0	0	0	0	0	S
NMDC20583320	0	0	0	0	0	S
NMDC20583321	0	0	0	0	0	S
NMDC20583322	0	0	0	0	0	S
NMDC20583323	0	0	0	0	0	S
NMDC20583324	0	0	0	0	0	S
NMDC20583326	0	0	0	0	0	S
NMDC20583327	0	0	0	0	0	S
NMDC20583328	0	0	0	0	0	S
NMDC20583329	0	0	0	0	0	S
NMDC20583331	0	0	0	0	0	S
NMDC20583339	0	0	0	0	0	S
NMDC20583348	0	0	0	0	0	S
NMDC20583354	0	0	0	0	0	S
NMDC20584428	0	0	0	0	0	S
NMDC20584430	0	0	0	0	0	S
NMDC20584431	0	0	0	0	0	S
NMDC20584432	0	0	0	0	0	S
NMDC20584433	0	0	0	0	0	S
NMDC20584437	0	0	0	0	0	S
NMDC20584439	0	0	0	0	0	S
NMDC20584440	0	0	0	0	0	S
NMDC20584441	0	0	0	0	0	S
NMDC20584442	0	0	0	0	0	S
NMDC20584444	0	0	0	0	0	S
NMDC20584459	0	1	0	0	0	S
NMDC20584496	0	1	0	0	0	S
NMDC20584514	0	0	0	0	0	S
NMDC20584518	0	0	0	0	0	S
NMDC20584519	0	0	0	0	0	S
NMDC20584522	0	0	0	0	0	S
NMDC20584523	0	0	0	0	0	S
NMDC20584526	0	0	0	0	0	S
NMDC20584535	0	0	0	0	0	S
NMDC20584537	0	0	0	0	0	S
NMDC20584540	0	0	0	0	0	S
NMDC20584583	0	0	0	0	0	S
NMDC20584590	0	0	0	0	0	S
NMDC20584597	0	0	0	0	0	S
NMDC20584600	0	0	0	0	0	S
NMDC20584603	0	0	0	0	0	S
NMDC20584617	0	0	0	0	0	S
NMDC20584626	0	0	0	0	0	S
NMDC20584629	0	0	0	0	0	S
NMDC20584635	0	0	0	0	0	S
NMDC20584636	0	0	0	0	0	S
NMDC20584637	0	0	0	0	0	S
NMDC20584638	0	0	0	0	0	S
NMDC20584641	0	0	0	0	0	S
NMDC20584645	0	0	0	0	0	S
NMDC20584648	0	0	0	0	0	S
NMDC20584651	0	0	0	0	0	S
NMDC20584652	0	0	0	0	0	S
NMDC20584653	0	0	0	0	0	S
NMDC20584661	0	0	0	0	0	S
NMDC20584666	0	0	0	0	0	S
NMDC20584671	0	0	0	0	0	S
NMDC20584678	0	0	0	0	0	S
NMDC20584679	0	0	0	0	0	S
NMDC20584682	0	0	0	0	0	S
NMDC20584684	0	0	0	0	0	S
NMDC20584689	0	0	0	0	0	S
NMDC20584691	0	0	0	0	0	S
NMDC20584692	0	0	0	0	0	S
NMDC20584693	0	0	0	0	0	S
NMDC20584694	0	0	0	0	0	S
NMDC20584698	0	0	0	0	0	S
NMDC20584710	0	0	0	0	0	S
NMDC20584711	0	0	0	0	0	S
NMDC20584712	0	0	0	0	0	S
NMDC20584716	0	0	0	0	0	S
NMDC20584718	0	1	0	0	0	S
NMDC20584719	0	0	0	0	0	S
NMDC20584722	0	0	0	0	0	S
NMDC20584724	0	1	0	0	0	S
NMDC20584727	0	1	0	0	0	S
NMDC20584740	0	0	0	0	0	S
NMDC20584741	0	0	0	0	0	S
NMDC20584743	0	0	0	0	0	S
NMDC20584750	0	0	0	0	0	S
NMDC20584755	0	0	0	0	0	S
NMDC20584774	0	0	0	0	0	S
NMDC20584775	0	1	0	0	0	S
NMDC20584786	0	0	0	0	0	S
NMDC20584788	0	0	0	0	0	S
NMDC20584798	0	0	0	0	0	S
NMDC20584799	0	0	0	0	0	S
NMDC20584801	0	0	0	0	0	S
NMDC20584808	0	0	0	0	0	S
NMDC20584812	0	0	0	0	0	S
NMDC20584820	0	0	0	0	0	S
NMDC20584821	0	0	0	0	0	S
NMDC20584823	0	0	0	0	0	S
NMDC20584824	0	0	0	0	0	S
NMDC20584825	1	0	0	0	0	S
NMDC20584828	0	0	0	0	0	S
NMDC20584829	0	0	0	0	0	S
NMDC20584830	0	0	0	0	0	S
NMDC20584832	0	0	0	0	0	S
NMDC20584834	0	0	0	0	0	S
NMDC20584835	0	0	0	0	0	S
NMDC20584836	0	0	0	0	0	S
NMDC20584843	0	0	0	0	0	S
NMDC20584852	0	0	0	0	0	S
NMDC20584856	0	0	0	0	0	S
NMDC20584858	0	0	0	0	0	S
NMDC20584859	0	0	0	0	0	S
NMDC20584860	0	0	0	0	0	S
NMDC20584865	0	0	0	0	0	S
NMDC20584867	0	0	0	0	0	S
NMDC20584873	0	0	0	0	0	S
NMDC20584874	0	0	0	0	0	S
NMDC20584875	0	0	0	0	0	S
NMDC20584876	0	1	0	0	0	S
NMDC20584879	0	1	0	0	0	S
NMDC20584881	0	0	0	0	0	S
NMDC20584882	0	0	0	0	0	S
NMDC20584889	0	0	0	0	0	S
NMDC20584890	0	0	0	0	0	S
NMDC20584891	0	0	0	0	0	S
NMDC20584893	0	0	0	0	0	S
NMDC20584894	0	0	0	0	0	S
NMDC20584895	0	0	0	0	0	S
NMDC20584899	0	0	0	0	0	S
NMDC20553583	0	0	0	0	0	S
NMDC20555576	0	0	0	0	0	S
NMDC20551541	0	0	0	0	0	S
NMDC20557616	0	0	0	0	0	S
NMDC20555578	0	0	0	0	0	S
NMDC20585329	0	0	0	0	0	S
NMDC20551543	0	0	0	0	0	S
NMDC20585332	0	0	0	0	0	S
NMDC20585333	0	0	0	0	0	S
NMDC20585334	0	0	0	0	0	S
NMDC20585342	0	0	0	0	0	S
NMDC20555581	0	0	0	0	0	S
NMDC20585345	0	0	0	0	0	S
NMDC20557617	0	0	0	0	0	S
NMDC20557618	0	0	0	0	0	S
NMDC20585346	0	0	0	0	0	S
NMDC20585347	0	0	0	0	0	S
NMDC20557619	0	0	0	0	0	S
NMDC20557620	0	0	0	0	0	S
NMDC20585350	0	0	0	0	0	S
NMDC20555586	0	0	0	0	0	S
NMDC20585355	0	0	0	0	0	S
NMDC20585356	0	0	0	0	0	S
NMDC20585358	0	0	0	0	0	S
NMDC20553595	0	0	0	0	0	S
NMDC20553596	0	0	0	0	0	S
NMDC20555590	0	0	0	0	0	S
NMDC20557623	0	0	0	0	0	S
NMDC20553598	0	0	0	0	0	S
NMDC20585363	0	0	0	0	0	S
NMDC20557624	0	0	0	0	0	S
NMDC20551551	0	0	0	0	0	S
NMDC20555591	0	0	0	0	0	S
NMDC20555592	0	0	0	0	0	S
NMDC20585371	0	0	0	0	0	S
NMDC20555596	0	0	0	0	0	S
NMDC20585374	0	0	0	0	0	S
NMDC20585375	0	0	0	0	0	S
NMDC20555598	0	0	0	0	0	S
NMDC20585378	0	0	0	0	0	S
NMDC20585382	0	0	0	0	0	S
NMDC20585384	0	0	0	0	0	S
NMDC20585386	0	0	0	0	0	S
NMDC20585387	0	0	0	0	0	S
NMDC20557632	0	0	0	0	0	S
NMDC20585391	0	0	0	0	0	S
NMDC20585393	0	0	0	0	0	S
NMDC20585394	0	0	0	0	0	S
NMDC20553604	0	0	0	0	0	S
NMDC20585397	0	0	0	0	0	S
NMDC20557635	0	0	0	0	0	S
NMDC20553606	0	0	0	0	0	S
NMDC20551558	0	0	0	0	0	S
NMDC20585404	0	0	0	0	0	S
NMDC20585406	0	0	0	0	0	S
NMDC20551561	0	0	0	0	0	S
NMDC20585408	0	0	0	0	0	S
NMDC20555608	0	0	0	0	0	S
NMDC20585414	0	0	0	0	0	S
NMDC20553613	0	0	0	0	0	S
NMDC20585422	0	0	0	0	0	S
NMDC20585425	0	0	0	0	0	S
NMDC20557641	0	0	0	0	0	S
NMDC20557642	0	0	0	0	0	S
NMDC20557645	1	0	0	0	0	S
NMDC20585429	0	0	0	0	0	S
NMDC20553618	0	0	0	0	0	S
NMDC20551567	0	0	0	0	0	S
NMDC20551568	0	0	0	0	0	S
NMDC20585443	0	0	0	0	0	S
NMDC20555614	0	0	0	0	0	S
NMDC20557651	0	0	0	0	0	S
NMDC20557652	0	0	0	0	0	S
NMDC20585448	0	0	0	0	0	S
NMDC20555616	0	0	0	0	0	S
NMDC20585449	0	0	0	0	0	S
NMDC20553626	0	0	0	0	0	S
NMDC20585452	0	0	0	0	0	S
NMDC20555619	0	0	0	0	0	S
NMDC20551577	0	0	0	0	0	S
NMDC20585453	0	0	0	0	0	S
NMDC20585460	0	0	0	0	0	S
NMDC20553636	0	0	0	0	0	S
NMDC20553637	0	0	0	0	0	S
NMDC20553638	0	0	0	0	0	S
NMDC20551588	0	0	0	0	0	S
NMDC20557658	0	0	0	0	0	S
NMDC20585470	0	0	0	0	0	S
NMDC20553639	0	0	0	0	0	S
NMDC20585474	0	0	0	0	0	S
NMDC20553641	0	0	0	0	0	S
NMDC20585476	0	0	0	0	0	S
NMDC20551593	0	0	0	0	0	S
NMDC20585480	0	0	0	0	0	S
NMDC20555630	0	0	0	0	0	S
NMDC20585481	0	0	0	0	0	S
NMDC20557662	0	0	0	0	0	S
NMDC20555632	0	0	0	0	0	S
NMDC20551595	0	0	0	0	0	S
NMDC20555634	0	0	0	0	0	S
NMDC20555635	0	0	0	0	0	S
NMDC20585489	0	0	0	0	0	S
NMDC20585491	0	0	0	0	0	S
NMDC20585493	0	0	0	0	0	S
NMDC20585495	0	0	0	0	0	S
NMDC20585496	0	0	0	0	0	S
NMDC20585500	0	0	0	0	0	S
NMDC20585504	0	0	0	0	0	S
NMDC20585509	0	0	0	0	0	S
NMDC20585513	0	0	0	0	0	S
NMDC20585515	0	0	0	0	0	S
NMDC20585516	0	0	0	0	0	S
NMDC20585518	0	0	0	0	0	S
NMDC20585519	0	0	0	0	0	S
NMDC20585523	0	0	0	0	0	S
NMDC20585530	0	0	0	0	0	S
NMDC20585538	0	0	0	0	0	S
NMDC20585540	0	0	0	0	0	S
NMDC20585543	0	0	0	0	0	S
NMDC20585564	0	0	0	0	0	S
NMDC20553645	0	0	0	0	0	S
NMDC20551597	0	0	0	0	0	S
NMDC20585573	0	0	0	0	0	S
NMDC20585574	0	0	0	0	0	S
NMDC20553647	0	0	0	0	0	S
NMDC20553648	0	0	0	0	0	S
NMDC20585576	0	0	0	0	0	S
NMDC20585580	0	0	0	0	0	S
NMDC20551601	0	0	0	0	0	S
NMDC20553649	0	0	0	0	0	S
NMDC20555641	0	0	0	0	0	S
NMDC20555642	0	0	0	0	0	S
NMDC20557666	0	0	0	0	0	S
NMDC20585582	0	0	0	0	0	S
NMDC20555643	0	1	0	0	0	S
NMDC20585586	0	0	0	0	0	S
NMDC20585590	0	0	0	0	0	S
NMDC20585592	0	0	0	0	0	S
NMDC20585594	0	0	0	0	0	S
NMDC20585601	0	0	0	0	0	S
NMDC20585602	0	0	0	0	0	S
NMDC20557669	0	0	0	0	0	S
NMDC20551605	0	0	0	0	0	S
NMDC20585610	0	0	0	0	0	S
NMDC20555647	0	0	0	0	0	S
NMDC20557675	0	0	0	0	0	S
NMDC20557677	0	0	0	0	0	S
NMDC20585620	0	0	0	0	0	S
NMDC20555650	0	0	0	0	0	S
NMDC20585628	0	1	0	0	0	S
NMDC20585633	0	0	0	0	0	S
NMDC20557682	0	0	0	0	0	S
NMDC20555653	0	0	0	0	0	S
NMDC20585637	0	0	0	0	0	S
NMDC20551616	0	0	0	0	0	S
NMDC20555655	0	0	0	0	0	S
NMDC20585643	0	0	0	0	0	S
NMDC20551617	0	0	0	0	0	S
NMDC20553659	0	0	0	0	0	S
NMDC20585646	0	0	0	0	0	S
NMDC20553660	0	0	0	0	0	S
NMDC20551620	0	0	0	0	0	S
NMDC20555656	0	0	0	0	0	S
NMDC20555657	0	0	0	0	0	S
NMDC20555658	0	0	0	0	0	S
NMDC20551622	0	0	0	0	0	S
NMDC20585653	0	0	0	0	0	S
NMDC20585654	0	0	0	0	0	S
NMDC20553662	0	0	0	0	0	S
NMDC20551625	0	0	0	0	0	S
NMDC20555660	0	0	0	0	0	S
NMDC20555661	0	0	0	0	0	S
NMDC20553665	0	0	0	0	0	S
NMDC20585664	0	0	0	0	0	S
NMDC20585665	0	0	0	0	0	S
NMDC20585668	0	0	0	0	0	S
NMDC20585671	0	0	0	0	0	S
NMDC20585674	0	0	0	0	0	S
NMDC20585675	0	0	0	0	0	S
NMDC20585680	0	0	0	0	0	S
NMDC20557691	0	0	0	0	0	S
NMDC20585681	0	0	0	0	0	S
NMDC20585682	0	0	0	0	0	S
NMDC20585683	0	0	0	0	0	S
NMDC20585684	0	0	0	0	0	S
NMDC20555665	0	0	0	0	0	S
NMDC20585685	0	0	0	0	0	S
NMDC20551627	0	0	0	0	0	S
NMDC20551629	0	0	0	0	0	S
NMDC20585692	0	0	0	0	0	S
NMDC20585694	0	0	0	0	0	S
NMDC20585695	0	0	0	0	0	S
NMDC20557694	0	0	0	0	0	S
NMDC20555667	0	0	0	0	0	S
NMDC20585698	0	0	0	0	0	S
NMDC20585699	0	0	0	0	0	S
NMDC20553669	0	0	0	0	0	S
NMDC20555670	0	0	0	0	0	S
NMDC20557696	0	0	0	0	0	S
NMDC20585701	0	0	0	0	0	S
NMDC20585702	0	0	0	0	0	S
NMDC20555671	0	0	0	0	0	S
NMDC20551633	0	0	0	0	0	S
NMDC20557697	0	0	0	0	0	S
NMDC20551634	0	0	0	0	0	S
NMDC20555672	0	0	0	0	0	S
NMDC20557700	0	0	0	0	0	S
NMDC20551636	0	0	0	0	0	S
NMDC20557873	0	0	0	0	0	S
NMDC20551845	0	0	0	0	0	S
NMDC20586310	0	0	0	0	0	S
NMDC20586313	0	0	0	0	0	S
NMDC20555871	0	0	0	0	0	S
NMDC20553858	0	0	0	0	0	S
NMDC20586316	0	0	0	0	0	S
NMDC20586318	0	0	0	0	0	S
NMDC20551847	0	0	0	0	0	S
NMDC20586322	0	0	0	0	0	S
NMDC20586323	0	1	0	0	0	S
NMDC20586324	0	0	0	0	0	S
NMDC20586325	0	0	0	0	0	S
NMDC20586326	0	0	0	0	0	S
NMDC20553863	0	0	0	0	0	S
NMDC20586330	0	0	0	0	0	S
NMDC20586331	0	0	0	0	0	S
NMDC20586341	0	0	0	0	0	S
NMDC20586342	0	0	0	0	0	S
NMDC20586345	0	0	0	0	0	S
NMDC20586348	0	0	0	0	0	S
NMDC20586351	0	0	0	0	0	S
NMDC20586353	0	0	0	0	0	S
NMDC20586357	0	0	0	0	0	S
NMDC20586361	0	0	0	0	0	S
NMDC20586363	0	0	0	0	0	S
NMDC20586369	0	0	0	0	0	S
NMDC20586373	0	0	0	0	0	S
NMDC20586374	0	0	0	0	0	S
NMDC20586379	0	0	0	0	0	S
NMDC20586381	0	0	0	0	0	S
NMDC20586382	0	0	0	0	0	S
NMDC20586383	0	0	0	0	0	S
NMDC20589012	0	0	0	0	0	S
NMDC20589016	0	0	0	0	0	S
NMDC20589032	0	0	0	0	0	S
NMDC20589034	0	0	0	0	0	S
NMDC20589037	0	0	0	0	0	S
NMDC20589039	0	0	0	0	0	S
NMDC20557917	0	0	0	0	0	S
NMDC20553907	0	0	0	0	0	S
NMDC20551899	0	0	0	0	0	S
NMDC20551906	0	0	0	0	0	S
NMDC20586576	0	0	0	0	0	S
NMDC20586577	0	0	0	0	0	S
NMDC20555968	0	0	0	0	0	S
NMDC20551938	0	0	0	0	0	S
NMDC20586627	0	0	0	0	0	S
NMDC20555969	0	0	0	0	0	S
NMDC20586628	0	0	0	0	0	S
NMDC20555970	0	0	0	0	0	S
NMDC20557961	0	0	0	0	0	S
NMDC20555971	0	0	0	0	0	S
NMDC20586629	0	0	0	0	0	S
NMDC20557962	0	0	0	0	0	S
NMDC20555972	0	0	0	0	0	S
NMDC20551943	0	0	0	0	0	S
NMDC20555973	0	0	0	0	0	S
NMDC20586630	0	0	0	0	0	S
NMDC20586632	0	0	0	0	0	S
NMDC20586633	0	0	0	0	0	S
NMDC20551944	0	0	0	0	0	S
NMDC20586634	0	0	0	0	0	S
NMDC20586635	0	0	0	0	0	S
NMDC20586636	0	0	0	0	0	S
NMDC20551945	0	0	0	0	0	S
NMDC20557967	0	0	0	0	0	S
NMDC20551947	0	0	0	0	0	S
NMDC20551948	0	0	0	0	0	S
NMDC20553957	0	0	0	0	0	S
NMDC20557969	0	0	0	0	0	S
NMDC20557971	0	0	0	0	0	S
NMDC20586646	0	0	0	0	0	S
NMDC20555977	0	0	0	0	0	S
NMDC20551953	0	0	0	0	0	S
NMDC20586651	0	0	0	0	0	S
NMDC20553965	0	0	0	0	0	S
NMDC20557973	0	0	0	0	0	S
NMDC20586652	0	0	0	0	0	S
NMDC20555978	0	0	0	0	0	S
NMDC20586654	0	0	0	0	0	S
NMDC20588175	0	0	0	0	0	S
NMDC20588185	0	0	0	0	0	S
NMDC20556377	0	0	0	0	0	S
NMDC20556081	0	0	0	0	0	S
NMDC20586926	0	0	0	0	0	S
NMDC20554081	0	0	0	0	0	S
NMDC20558089	0	0	0	0	0	S
NMDC20554083	0	0	0	0	0	S
NMDC20554084	0	0	0	0	0	S
NMDC20586930	0	0	0	0	0	S
NMDC20552050	0	0	0	0	0	S
NMDC20554087	0	0	0	0	0	S
NMDC20586939	0	0	0	0	0	S
NMDC20586942	0	0	0	0	0	S
NMDC20586944	0	0	0	0	0	S
NMDC20556093	0	0	0	0	0	S
NMDC20552053	0	0	0	0	0	S
NMDC20552054	0	0	0	0	0	S
NMDC20552055	0	0	0	0	0	S
NMDC20554092	0	0	0	0	0	S
NMDC20558093	0	0	0	0	0	S
NMDC20554093	1	0	0	0	0	S
NMDC20552056	0	0	0	0	0	S
NMDC20586951	0	0	0	0	0	S
NMDC20554097	0	0	0	0	0	S
NMDC20586955	0	0	0	0	0	S
NMDC20554099	0	0	0	0	0	S
NMDC20558097	0	0	0	0	0	S
NMDC20554101	0	0	0	0	0	S
NMDC20586963	0	0	0	0	0	S
NMDC20552060	0	0	0	0	0	S
NMDC20558100	0	0	0	0	0	S
NMDC20586967	0	0	0	0	0	S
NMDC20556098	0	0	0	0	0	S
NMDC20552063	0	0	0	0	0	S
NMDC20554104	0	0	0	0	0	S
NMDC20558102	0	0	0	0	0	S
NMDC20558103	0	0	0	0	0	S
NMDC20552064	0	0	0	0	0	S
NMDC20554105	0	0	0	0	0	S
NMDC20552066	0	0	0	0	0	S
NMDC20552067	0	0	0	0	0	S
NMDC20586970	0	0	0	0	0	S
NMDC20586972	0	0	0	0	0	S
NMDC20556100	0	0	0	0	0	S
NMDC20558105	0	0	0	0	0	S
NMDC20556101	0	0	0	0	0	S
NMDC20586975	0	0	0	0	0	S
NMDC20556102	0	0	0	0	0	S
NMDC20586976	0	0	0	0	0	S
NMDC20556103	0	0	0	0	0	S
NMDC20586978	0	0	0	0	0	S
NMDC20556104	0	0	0	0	0	S
NMDC20586983	0	0	0	0	0	S
NMDC20586986	0	0	0	0	0	S
NMDC20586988	0	0	0	0	0	S
NMDC20586989	0	0	0	0	0	S
NMDC20554113	0	0	0	0	0	S
NMDC20556109	0	0	0	0	0	S
NMDC20558112	0	0	0	0	0	S
NMDC20554115	0	0	0	0	0	S
NMDC20586998	0	0	0	0	0	S
NMDC20586999	0	0	0	0	0	S
NMDC20554116	0	0	0	0	0	S
NMDC20558114	0	0	0	0	0	S
NMDC20587005	0	0	0	0	0	S
NMDC20587008	0	0	0	0	0	S
NMDC20554118	0	0	0	0	0	S
NMDC20587016	0	0	0	0	0	S
NMDC20556114	0	0	0	0	0	S
NMDC20556115	0	0	0	0	0	S
NMDC20556116	0	0	0	0	0	S
NMDC20554119	0	0	0	0	0	S
NMDC20554120	0	0	0	0	0	S
NMDC20556120	0	0	0	0	0	S
NMDC20587024	0	0	0	0	0	S
NMDC20552104	0	0	0	0	0	S
NMDC20587056	0	0	0	0	0	S
NMDC20554137	0	0	0	0	0	S
NMDC20556129	0	0	0	0	0	S
NMDC20558133	0	0	0	0	0	S
NMDC20556131	0	0	0	0	0	S
NMDC20552107	0	0	0	0	0	S
NMDC20552109	0	0	0	0	0	S
NMDC20552110	0	0	0	0	0	S
NMDC20554142	0	0	0	0	0	S
NMDC20554145	0	0	0	0	0	S
NMDC20587071	0	0	0	0	0	S
NMDC20556134	0	0	0	0	0	S
NMDC20587073	0	0	0	0	0	S
NMDC20587075	0	0	0	0	0	S
NMDC20558139	0	0	0	0	0	S
NMDC20554149	0	0	0	0	0	S
NMDC20556138	0	0	0	0	0	S
NMDC20558140	0	0	0	0	0	S
NMDC20587080	0	0	0	0	0	S
NMDC20554154	0	0	0	0	0	S
NMDC20587086	0	0	0	0	0	S
NMDC20554156	0	0	0	0	0	S
NMDC20552117	0	0	0	0	0	S
NMDC20554159	0	0	0	0	0	S
NMDC20554160	0	0	0	0	0	S
NMDC20558146	0	0	0	0	0	S
NMDC20554161	0	0	0	0	0	S
NMDC20558150	0	0	0	0	0	S
NMDC20587098	0	0	0	0	0	S
NMDC20558151	0	0	0	0	0	S
NMDC20554162	0	0	0	0	0	S
NMDC20558156	0	0	0	0	0	S
NMDC20558157	0	0	0	0	0	S
NMDC20556151	0	0	0	0	0	S
NMDC20587105	0	0	0	0	0	S
NMDC20558158	0	0	0	0	0	S
NMDC20587107	0	0	0	0	0	S
NMDC20556154	0	0	0	0	0	S
NMDC20587109	0	0	0	0	0	S
NMDC20554167	0	0	0	0	0	S
NMDC20554168	0	0	0	0	0	S
NMDC20587120	0	0	0	0	0	S
NMDC20558160	0	0	0	0	0	S
NMDC20587122	0	0	0	0	0	S
NMDC20556157	0	0	0	0	0	S
NMDC20554171	0	0	0	0	0	S
NMDC20554172	0	0	0	0	0	S
NMDC20587127	0	0	0	0	0	S
NMDC20554177	0	0	0	0	0	S
NMDC20587132	0	0	0	0	0	S
NMDC20587133	0	0	0	0	0	S
NMDC20556165	0	0	0	0	0	S
NMDC20558167	0	0	0	0	0	S
NMDC20552135	0	0	0	0	0	S
NMDC20587140	0	0	0	0	0	S
NMDC20554181	0	0	0	0	0	S
NMDC20552138	0	0	0	0	0	S
NMDC20554184	0	0	0	0	0	S
NMDC20556170	0	0	0	0	0	S
NMDC20554187	0	0	0	0	0	S
NMDC20554188	0	0	0	0	0	S
NMDC20554189	0	0	0	0	0	S
NMDC20556171	0	0	0	0	0	S
NMDC20558172	0	0	0	0	0	S
NMDC20558173	0	0	0	0	0	S
NMDC20552148	0	0	0	0	0	S
NMDC20552151	0	0	0	0	0	S
NMDC20556176	0	0	0	0	0	S
NMDC20554190	0	0	0	0	0	S
NMDC20587163	0	0	0	0	0	S
NMDC20552153	0	0	0	0	0	S
NMDC20558175	0	0	0	0	0	S
NMDC20558176	0	0	0	0	0	S
NMDC20556177	0	0	0	0	0	S
NMDC20587166	0	0	0	0	0	S
NMDC20554191	0	0	0	0	0	S
NMDC20552155	0	0	0	0	0	S
NMDC20556180	1	1	0	0	0	S
NMDC20554194	0	0	0	0	0	S
NMDC20558181	0	0	0	0	0	S
NMDC20556182	0	0	0	0	0	S
NMDC20587175	0	0	0	0	0	S
NMDC20552158	0	0	0	0	0	S
NMDC20554196	0	0	0	0	0	S
NMDC20587177	0	0	0	0	0	S
NMDC20552160	0	0	0	0	0	S
NMDC20552162	1	0	0	0	0	S
NMDC20587181	0	0	0	0	0	S
NMDC20552164	0	0	0	0	0	S
NMDC20587183	0	0	0	0	0	S
NMDC20587184	0	0	0	0	0	S
NMDC20554198	0	0	0	0	0	S
NMDC20552166	0	0	0	0	0	S
NMDC20552168	0	0	0	0	0	S
NMDC20558193	0	0	0	0	0	S
NMDC20558194	0	0	0	0	0	S
NMDC20556196	0	0	0	0	0	S
NMDC20558195	0	0	0	0	0	S
NMDC20587212	0	0	0	0	0	S
NMDC20587213	0	0	0	0	0	S
NMDC20558202	0	0	0	0	0	S
NMDC20587216	0	0	0	0	0	S
NMDC20552177	0	0	0	0	0	S
NMDC20552179	0	0	0	0	0	S
NMDC20556199	0	0	0	0	0	S
NMDC20587218	0	0	0	0	0	S
NMDC20552180	0	0	0	0	0	S
NMDC20558206	0	0	0	0	0	S
NMDC20556202	0	0	0	0	0	S
NMDC20556204	0	0	0	0	0	S
NMDC20587223	0	0	0	0	0	S
NMDC20558209	0	0	0	0	0	S
NMDC20558210	0	0	0	0	0	S
NMDC20558212	0	0	0	0	0	S
NMDC20554215	0	0	0	0	0	S
NMDC20556206	0	0	0	0	0	S
NMDC20552185	0	0	0	0	0	S
NMDC20554217	0	0	0	0	0	S
NMDC20587226	0	0	0	0	0	S
NMDC20587227	0	0	0	0	0	S
NMDC20556208	0	0	0	0	0	S
NMDC20556209	0	0	0	0	0	S
NMDC20558214	0	0	0	0	0	S
NMDC20554222	0	0	0	0	0	S
NMDC20558215	0	0	0	0	0	S
NMDC20587235	0	0	0	0	0	S
NMDC20556211	0	0	0	0	0	S
NMDC20554224	0	0	0	0	0	S
NMDC20552190	0	0	0	0	0	S
NMDC20587237	0	0	0	0	0	S
NMDC20556213	0	0	0	0	0	S
NMDC20587240	0	0	0	0	0	S
NMDC20587244	0	0	0	0	0	S
NMDC20587245	0	0	0	0	0	S
NMDC20552197	0	0	0	0	0	S
NMDC20556216	0	0	0	0	0	S
NMDC20558222	0	0	0	0	0	S
NMDC20558224	0	0	0	0	0	S
NMDC20552202	0	0	0	0	0	S
NMDC20556218	0	0	0	0	0	S
NMDC20587251	0	0	0	0	0	S
NMDC20556219	0	0	0	0	0	S
NMDC20587253	0	0	0	0	0	S
NMDC20558227	0	0	0	0	0	S
NMDC20556220	0	0	0	0	0	S
NMDC20587257	0	0	0	0	0	S
NMDC20552204	0	0	0	0	0	S
NMDC20587258	0	0	0	0	0	S
NMDC20587259	0	0	0	0	0	S
NMDC20556221	0	0	0	0	0	S
NMDC20556222	0	0	0	0	0	S
NMDC20556223	0	0	0	0	0	S
NMDC20558230	0	0	0	0	0	S
NMDC20558231	0	0	0	0	0	S
NMDC20552210	0	0	0	0	0	S
NMDC20556226	0	0	0	0	0	S
NMDC20558235	0	0	0	0	0	S
NMDC20587263	0	0	0	0	0	S
NMDC20587264	0	0	0	0	0	S
NMDC20556227	0	0	0	0	0	S
NMDC20556228	0	0	0	0	0	S
NMDC20587265	0	0	0	0	0	S
NMDC20587268	0	0	0	0	0	S
NMDC20587269	0	0	0	0	0	S
NMDC20587272	0	0	0	0	0	S
NMDC20552217	0	0	0	0	0	S
NMDC20587273	0	0	0	0	0	S
NMDC20556232	0	0	0	0	0	S
NMDC20556233	0	0	0	0	0	S
NMDC20556234	0	0	0	0	0	S
NMDC20554241	0	0	0	0	0	S
NMDC20587274	0	0	0	0	0	S
NMDC20554242	0	0	0	0	0	S
NMDC20554243	0	0	0	0	0	S
NMDC20556235	0	0	0	0	0	S
NMDC20587276	0	0	0	0	0	S
NMDC20552219	0	0	0	0	0	S
NMDC20558240	0	0	0	0	0	S
NMDC20587284	0	0	0	0	0	S
NMDC20552222	0	0	0	0	0	S
NMDC20587287	0	0	0	0	0	S
NMDC20558243	0	0	0	0	0	S
NMDC20587288	0	0	0	0	0	S
NMDC20558245	0	0	0	0	0	S
NMDC20558246	0	0	0	0	0	S
NMDC20554250	0	0	0	0	0	S
NMDC20587292	0	0	0	0	0	S
NMDC20556238	0	0	0	0	0	S
NMDC20556239	0	0	0	0	0	S
NMDC20587293	0	0	0	0	0	S
NMDC20558248	0	0	0	0	0	S
NMDC20587296	0	0	0	0	0	S
NMDC20554253	0	0	0	0	0	S
NMDC20558251	0	0	0	0	0	S
NMDC20587299	0	0	0	0	0	S
NMDC20554254	0	0	0	0	0	S
NMDC20587302	0	1	0	0	0	S
NMDC20587304	0	0	0	0	0	S
NMDC20587309	0	0	0	0	0	S
NMDC20556248	0	0	0	0	0	S
NMDC20556249	0	0	0	0	0	S
NMDC20556251	0	0	0	0	0	S
NMDC20587312	0	0	0	0	0	S
NMDC20552241	0	0	0	0	0	S
NMDC20587316	0	0	0	0	0	S
NMDC20587318	0	0	0	0	0	S
NMDC20558265	0	0	0	0	0	S
NMDC20587321	0	0	0	0	0	S
NMDC20552245	0	0	0	0	0	S
NMDC20556257	0	0	0	0	0	S
NMDC20554262	0	0	0	0	0	S
NMDC20558269	0	0	0	0	0	S
NMDC20587329	0	0	0	0	0	S
NMDC20554266	0	0	0	0	0	S
NMDC20558273	0	0	0	0	0	S
NMDC20554269	0	0	0	0	0	S
NMDC20554270	0	0	0	0	0	S
NMDC20587335	0	0	0	0	0	S
NMDC20587336	0	0	0	0	0	S
NMDC20556269	0	0	0	0	0	S
NMDC20587337	0	0	0	0	0	S
NMDC20558274	0	0	0	0	0	S
NMDC20587339	0	0	0	0	0	S
NMDC20558277	0	0	0	0	0	S
NMDC20587340	0	0	0	0	0	S
NMDC20587342	0	0	0	0	0	S
NMDC20554272	0	0	0	0	0	S
NMDC20587343	0	0	0	0	0	S
NMDC20558281	0	0	0	0	0	S
NMDC20552255	0	0	0	0	0	S
NMDC20552257	0	0	0	0	0	S
NMDC20552259	0	0	0	0	0	S
NMDC20552260	0	0	0	0	0	S
NMDC20554275	0	1	0	0	0	S
NMDC20587350	0	0	0	0	0	S
NMDC20556272	0	0	0	0	0	S
NMDC20587352	0	0	0	0	0	S
NMDC20556274	0	0	0	0	0	S
NMDC20552262	0	0	0	0	0	S
NMDC20558286	0	0	0	0	0	S
NMDC20558288	0	0	0	0	0	S
NMDC20587360	0	0	0	0	0	S
NMDC20587361	0	0	0	0	0	S
NMDC20554281	0	0	0	0	0	S
NMDC20587365	0	0	0	0	0	S
NMDC20558289	0	0	0	0	0	S
NMDC20587367	0	0	0	0	0	S
NMDC20552266	0	0	0	0	0	S
NMDC20587373	0	0	0	0	0	S
NMDC20552271	0	0	0	0	0	S
NMDC20587375	0	0	0	0	0	S
NMDC20587376	0	0	0	0	0	S
NMDC20587377	0	0	0	0	0	S
NMDC20556280	0	0	0	0	0	S
NMDC20552272	0	0	0	0	0	S
NMDC20587382	0	0	0	0	0	S
NMDC20558295	0	0	0	0	0	S
NMDC20552276	0	0	0	0	0	S
NMDC20587384	0	0	0	0	0	S
NMDC20552278	0	0	0	0	0	S
NMDC20558298	0	0	0	0	0	S
NMDC20556282	0	0	0	0	0	S
NMDC20558299	0	0	0	0	0	S
NMDC20552279	0	0	0	0	0	S
NMDC20556283	0	0	0	0	0	S
NMDC20556285	0	0	0	0	0	S
NMDC20587390	0	0	0	0	0	S
NMDC20558301	0	0	0	0	0	S
NMDC20587392	0	0	0	0	0	S
NMDC20558304	0	0	0	0	0	S
NMDC20587394	0	0	0	0	0	S
NMDC20552282	0	0	0	0	0	S
NMDC20552283	0	0	0	0	0	S
NMDC20587401	0	0	0	0	0	S
NMDC20587403	0	0	0	0	0	S
NMDC20558308	0	0	0	0	0	S
NMDC20558309	0	0	0	0	0	S
NMDC20587406	0	0	0	0	0	S
NMDC20556294	0	0	0	0	0	S
NMDC20552284	0	0	0	0	0	S
NMDC20587408	0	0	0	0	0	S
NMDC20587410	0	0	0	0	0	S
NMDC20587412	0	0	0	0	0	S
NMDC20554305	0	0	0	0	0	S
NMDC20558311	0	0	0	0	0	S
NMDC20554306	0	0	0	0	0	S
NMDC20554307	0	0	0	0	0	S
NMDC20556295	0	0	0	0	0	S
NMDC20558313	0	0	0	0	0	S
NMDC20587415	0	0	0	0	0	S
NMDC20556296	0	0	0	0	0	S
NMDC20556297	0	0	0	0	0	S
NMDC20558315	0	0	0	0	0	S
NMDC20587417	0	0	0	0	0	S
NMDC20587419	0	0	0	0	0	S
NMDC20558318	0	0	0	0	0	S
NMDC20587421	0	0	0	0	0	S
NMDC20587425	0	0	0	0	0	S
NMDC20558321	0	0	0	0	0	S
NMDC20552289	0	0	0	0	0	S
NMDC20552290	0	0	0	0	0	S
NMDC20558323	0	0	0	0	0	S
NMDC20587428	0	0	0	0	0	S
NMDC20556304	0	0	0	0	0	S
NMDC20587431	0	0	0	0	0	S
NMDC20587433	0	0	0	0	0	S
NMDC20556306	0	0	0	0	0	S
NMDC20558324	0	0	0	0	0	S
NMDC20558325	0	0	0	0	0	S
NMDC20558326	0	0	0	0	0	S
NMDC20587436	0	0	0	0	0	S
NMDC20587437	0	0	0	0	0	S
NMDC20558329	0	0	0	0	0	S
NMDC20558330	0	0	0	0	0	S
NMDC20558331	0	0	0	0	0	S
NMDC20558332	0	0	0	0	0	S
NMDC20556310	0	0	0	0	0	S
NMDC20552293	0	0	0	0	0	S
NMDC20587446	0	0	0	0	0	S
NMDC20587448	0	0	0	0	0	S
NMDC20587449	0	0	0	0	0	S
NMDC20554318	0	0	0	0	0	S
NMDC20587453	0	0	0	0	0	S
NMDC20558334	0	0	0	0	0	S
NMDC20587454	0	0	0	0	0	S
NMDC20556317	0	0	0	0	0	S
NMDC20554322	0	0	0	0	0	S
NMDC20554323	0	0	0	0	0	S
NMDC20587456	0	0	0	0	0	S
NMDC20587457	0	0	0	0	0	S
NMDC20587458	0	0	0	0	0	S
NMDC20556322	0	0	0	0	0	S
NMDC20587462	0	0	0	0	0	S
NMDC20587463	0	0	0	0	0	S
NMDC20554324	0	0	0	0	0	S
NMDC20587464	0	0	0	0	0	S
NMDC20587466	0	0	0	0	0	S
NMDC20558338	0	0	0	0	0	S
NMDC20587467	0	0	0	0	0	S
NMDC20556324	0	0	0	0	0	S
NMDC20558340	0	0	0	0	0	S
NMDC20558341	0	0	0	0	0	S
NMDC20587472	0	0	0	0	0	S
NMDC20587477	0	0	0	0	0	S
NMDC20554331	0	0	0	0	0	S
NMDC20587486	0	0	0	0	0	S
NMDC20587488	0	0	0	0	0	S
NMDC20556330	0	0	0	0	0	S
NMDC20587490	0	0	0	0	0	S
NMDC20558346	0	0	0	0	0	S
NMDC20587491	0	0	0	0	0	S
NMDC20587492	0	0	0	0	0	S
NMDC20587494	0	0	0	0	0	S
NMDC20552311	0	0	0	0	0	S
NMDC20587497	0	0	0	0	0	S
NMDC20558350	0	0	0	0	0	S
NMDC20587505	0	0	0	0	0	S
NMDC20552314	0	0	0	0	0	S
NMDC20587506	0	0	0	0	0	S
NMDC20556335	0	0	0	0	0	S
NMDC20587511	0	0	0	0	0	S
NMDC20558353	0	0	0	0	0	S
NMDC20558354	0	0	0	0	0	S
NMDC20587514	0	0	0	0	0	S
NMDC20587515	0	0	0	0	0	S
NMDC20558356	0	0	0	0	0	S
NMDC20558357	0	0	0	0	0	S
NMDC20552318	0	0	0	0	0	S
NMDC20587517	0	0	0	0	0	S
NMDC20558359	0	0	0	0	0	S
NMDC20552319	0	0	0	0	0	S
NMDC20554339	0	0	0	0	0	S
NMDC20552320	0	0	0	0	0	S
NMDC20587518	0	0	0	0	0	S
NMDC20587522	0	0	0	0	0	S
NMDC20587523	0	0	0	0	0	S
NMDC20554341	0	0	0	0	0	S
NMDC20587528	0	0	0	0	0	S
NMDC20554342	0	0	0	0	0	S
NMDC20556338	0	0	0	0	0	S
NMDC20554343	0	0	0	0	0	S
NMDC20587529	0	0	0	0	0	S
NMDC20587531	0	0	0	0	0	S
NMDC20587535	0	0	0	0	0	S
NMDC20558366	0	0	0	0	0	S
NMDC20552326	0	0	0	0	0	S
NMDC20552327	0	0	0	0	0	S
NMDC20587540	0	0	0	0	0	S
NMDC20587541	0	0	0	0	0	S
NMDC20554347	0	0	0	0	0	S
NMDC20587542	0	0	0	0	0	S
NMDC20552331	0	0	0	0	0	S
NMDC20587546	0	0	0	0	0	S
NMDC20556343	0	0	0	0	0	S
NMDC20587549	0	0	0	0	0	S
NMDC20556344	0	0	0	0	0	S
NMDC20556345	0	0	0	0	0	S
NMDC20558370	0	0	0	0	0	S
NMDC20554357	0	0	0	0	0	S
NMDC20587558	0	0	0	0	0	S
NMDC20587559	0	0	0	0	0	S
NMDC20587562	0	0	0	0	0	S
NMDC20587563	0	0	0	0	0	S
NMDC20558371	0	0	0	0	0	S
NMDC20552339	0	0	0	0	0	S
NMDC20587564	0	0	0	0	0	S
NMDC20558373	0	0	0	0	0	S
NMDC20552345	0	0	0	0	0	S
NMDC20587568	0	1	0	0	0	S
NMDC20587573	0	1	0	0	0	S
NMDC20587572	0	0	0	0	0	S
NMDC20587585	1	0	0	0	0	S
NMDC20587586	0	0	0	0	0	S
NMDC20587591	0	1	0	0	0	S
NMDC20587607	0	0	0	0	0	S
NMDC20587609	1	0	0	0	0	S
NMDC20587613	0	0	0	0	0	S
NMDC20587617	0	0	0	0	0	S
NMDC20587619	0	0	0	0	0	S
NMDC20587633	0	0	0	0	0	S
NMDC20587635	0	0	0	0	0	S
NMDC20587644	0	0	0	0	0	S
NMDC20587645	0	0	0	0	0	S
NMDC20587646	0	0	0	0	0	S
NMDC20587649	0	0	0	0	0	S
NMDC20587651	0	0	0	0	0	S
NMDC20587654	0	0	0	0	0	S
NMDC20587657	0	0	0	0	0	S
NMDC20587659	0	0	0	0	0	S
NMDC20587661	0	0	0	0	0	S
NMDC20587662	0	0	0	0	0	S
NMDC20587684	0	0	0	0	0	S
NMDC20587685	0	0	0	0	0	S
NMDC20587686	0	0	0	0	0	S
NMDC20587689	0	0	0	0	0	S
NMDC20587697	0	0	0	0	0	S
NMDC20587698	0	0	0	0	0	S
NMDC20587707	0	0	0	0	0	S
NMDC20587709	0	0	0	0	0	S
NMDC20587715	0	0	0	0	0	S
NMDC20587719	0	0	0	0	0	S
NMDC20587723	0	0	0	0	0	S
NMDC20587727	0	0	0	0	0	S
NMDC20587728	0	0	0	0	0	S
NMDC20587729	0	0	0	0	0	S
NMDC20587730	0	0	0	0	0	S
NMDC20587736	0	0	0	0	0	S
NMDC20587739	0	0	0	0	0	S
NMDC20587742	0	0	0	0	0	S
NMDC20587743	0	0	0	0	0	S
NMDC20587748	0	0	0	0	0	S
NMDC20587749	0	0	0	0	0	S
NMDC20587750	0	0	0	0	0	S
NMDC20587751	0	0	0	0	0	S
NMDC20587752	0	0	0	0	0	S
NMDC20587758	0	0	0	0	0	S
NMDC20587768	0	0	0	0	0	S
NMDC20587776	0	0	0	0	0	S
NMDC20587777	0	0	0	0	0	S
NMDC20587783	0	0	0	0	0	S
NMDC20587792	0	0	0	0	0	S
NMDC20587801	0	0	0	0	0	S
NMDC20587808	0	0	0	0	0	S
NMDC20587809	0	0	0	0	0	S
NMDC20587811	0	0	0	0	0	S
NMDC20587820	0	1	0	0	0	S
NMDC20587822	0	0	0	0	0	S
NMDC20587824	0	0	0	0	0	S
NMDC20587825	0	0	0	0	0	S
NMDC20587828	0	0	0	0	0	S
NMDC20587829	0	0	0	0	0	S
NMDC20587843	0	0	0	0	0	S
NMDC20587844	0	0	0	0	0	S
NMDC20587845	0	0	0	0	0	S
NMDC20587848	0	0	0	0	0	S
NMDC20587850	0	0	0	0	0	S
NMDC20587851	0	0	0	0	0	S
NMDC20587855	0	0	0	0	0	S
NMDC20587856	0	0	0	0	0	S
NMDC20587859	0	0	0	0	0	S
NMDC20587860	0	0	0	0	0	S
NMDC20587861	0	0	0	0	0	S
NMDC20587862	0	0	0	0	0	S
NMDC20587863	0	0	0	0	0	S
NMDC20587865	0	0	0	0	0	S
NMDC20587866	0	0	0	0	0	S
NMDC20587871	0	0	0	0	0	S
NMDC20587890	0	0	0	0	0	S
NMDC20587896	0	0	0	0	0	S
NMDC20587898	0	0	0	0	0	S
NMDC20587901	0	0	0	0	0	S
NMDC20587918	0	0	0	0	0	S
NMDC20587919	0	0	0	0	0	S
NMDC20587927	0	0	0	0	0	S
NMDC20587938	0	0	0	0	0	S
NMDC20587949	0	0	0	0	0	S
NMDC20587955	0	0	0	0	0	S
NMDC20587957	0	0	0	0	0	S
NMDC20587968	0	1	0	0	0	S
NMDC20587973	0	0	0	0	0	S
NMDC20587974	0	0	0	0	0	S
NMDC20587977	0	1	0	0	0	S
NMDC20587981	0	0	0	0	0	S
NMDC20587982	0	0	0	0	0	S
NMDC20587983	0	0	0	0	0	S
NMDC20587985	0	0	0	0	0	S
NMDC20587987	0	0	0	0	0	S
NMDC20587988	0	0	0	0	0	S
NMDC20587990	0	0	0	0	0	S
NMDC20587992	0	0	0	0	0	S
NMDC20587993	0	0	0	0	0	S
NMDC20587994	0	0	0	0	0	S
NMDC20587997	0	0	0	0	0	S
NMDC20587999	0	0	0	0	0	S
NMDC20588001	0	0	0	0	0	S
NMDC20588005	0	0	0	0	0	S
NMDC20588008	0	0	0	0	0	S
NMDC20588013	0	0	0	0	0	S
NMDC20588017	0	0	0	0	0	S
NMDC20588018	0	0	0	0	0	S
NMDC20588019	0	0	0	0	0	S
NMDC20588020	0	0	0	0	0	S
NMDC20588022	0	0	0	0	0	S
NMDC20588033	0	0	0	0	0	S
NMDC20588036	0	0	0	0	0	S
NMDC20588037	0	0	0	0	0	S
NMDC20588041	0	0	0	0	0	S
NMDC20588046	0	0	0	0	0	S
NMDC20588054	0	0	0	0	0	S
NMDC20588057	0	0	0	0	0	S
NMDC20588059	0	0	0	0	0	S
NMDC20588060	0	0	0	0	0	S
NMDC20588062	0	0	0	0	0	S
NMDC20588068	0	0	0	0	0	S
NMDC20556353	0	0	0	0	0	S
NMDC20554362	0	0	0	0	0	S
NMDC20588069	0	0	0	0	0	S
NMDC20588070	0	0	0	0	0	S
NMDC20588071	0	0	0	0	0	S
NMDC20552346	0	0	0	0	0	S
NMDC20558377	0	0	0	0	0	S
NMDC20552347	0	0	0	0	0	S
NMDC20554364	0	0	0	0	0	S
NMDC20588072	0	0	0	0	0	S
NMDC20588073	0	0	0	0	0	S
NMDC20588074	0	0	0	0	0	S
NMDC20552348	0	0	0	0	0	S
NMDC20588077	0	0	0	0	0	S
NMDC20588078	0	0	0	0	0	S
NMDC20588079	0	0	0	0	0	S
NMDC20588080	0	0	0	0	0	S
NMDC20558378	0	0	0	0	0	S
NMDC20552349	0	0	0	0	0	S
NMDC20558379	0	0	0	0	0	S
NMDC20588081	0	0	0	0	0	S
NMDC20552350	0	0	0	0	0	S
NMDC20588082	0	0	0	0	0	S
NMDC20554366	0	0	0	0	0	S
NMDC20558380	0	0	0	0	0	S
NMDC20588083	0	0	0	0	0	S
NMDC20588084	0	0	0	0	0	S
NMDC20552351	0	0	0	0	0	S
NMDC20588085	0	0	0	0	0	S
NMDC20588086	0	0	0	0	0	S
NMDC20554368	0	0	0	0	0	S
NMDC20558381	0	0	0	0	0	S
NMDC20552352	0	0	0	0	0	S
NMDC20556355	0	0	0	0	0	S
NMDC20588087	0	0	0	0	0	S
NMDC20588089	0	0	0	0	0	S
NMDC20558382	0	0	0	0	0	S
NMDC20588090	0	0	0	0	0	S
NMDC20588091	0	0	0	0	0	S
NMDC20558383	0	0	0	0	0	S
NMDC20588092	0	0	0	0	0	S
NMDC20556356	0	0	0	0	0	S
NMDC20588093	0	0	0	0	0	S
NMDC20554370	0	0	0	0	0	S
NMDC20556357	0	0	0	0	0	S
NMDC20588094	0	0	0	0	0	S
NMDC20588095	0	0	0	0	0	S
NMDC20588096	0	0	0	0	0	S
NMDC20588098	0	0	0	0	0	S
NMDC20588099	0	0	0	0	0	S
NMDC20558385	0	0	0	0	0	S
NMDC20558387	0	0	0	0	0	S
NMDC20552353	0	0	0	0	0	S
NMDC20588100	0	0	0	0	0	S
NMDC20552354	0	0	0	0	0	S
NMDC20552355	0	0	0	0	0	S
NMDC20552356	0	0	0	0	0	S
NMDC20556358	0	0	0	0	0	S
NMDC20556359	0	0	0	0	0	S
NMDC20556360	0	0	0	0	0	S
NMDC20554371	0	0	0	0	0	S
NMDC20588102	0	0	0	0	0	S
NMDC20554372	0	0	0	0	0	S
NMDC20588103	0	0	0	0	0	S
NMDC20588104	0	0	0	0	0	S
NMDC20552359	0	0	0	0	0	S
NMDC20588105	0	0	0	0	0	S
NMDC20588106	0	0	1	0	0	S
NMDC20552360	0	0	1	0	0	S
NMDC20554375	0	0	1	0	0	S
NMDC20588107	0	0	1	0	0	S
NMDC20558388	0	0	1	0	0	S
NMDC20558389	0	0	1	0	0	S
NMDC20588108	0	0	1	0	0	S
NMDC20588109	0	0	1	0	0	S
NMDC20588110	0	0	0	0	0	S
NMDC20558390	0	0	0	0	0	S
NMDC20558391	0	0	0	0	0	S
NMDC20588111	0	0	0	0	0	S
NMDC20588113	0	0	0	0	0	S
NMDC20588114	0	0	0	0	0	S
NMDC20554376	0	0	0	0	0	S
NMDC20552363	0	0	0	0	0	S
NMDC20588120	0	0	0	0	0	S
NMDC20588121	0	0	0	0	0	S
NMDC20556362	0	0	0	0	0	S
NMDC20588125	0	0	0	0	0	S
NMDC20552365	0	0	0	0	0	S
NMDC20588127	0	0	0	0	0	S
NMDC20558394	0	0	0	0	0	S
NMDC20552366	0	0	0	0	0	S
NMDC20556363	0	0	0	0	0	S
NMDC20554377	0	0	0	0	0	S
NMDC20554378	0	0	0	0	0	S
NMDC20588129	0	0	0	0	0	S
NMDC20558395	0	0	0	0	0	S
NMDC20552367	0	0	0	0	0	S
NMDC20588132	0	0	0	0	0	S
NMDC20558396	0	0	0	0	0	S
NMDC20556364	0	0	1	0	0	S
NMDC20554379	0	0	1	0	0	S
NMDC20552369	0	0	1	0	0	S
NMDC20556365	0	0	1	0	0	S
NMDC20552370	0	0	1	0	0	S
NMDC20554380	0	0	1	0	0	S
NMDC20554381	0	0	1	0	0	S
NMDC20588134	0	0	1	0	0	S
NMDC20552371	0	0	0	0	0	S
NMDC20554382	0	0	0	0	0	S
NMDC20552372	0	0	0	0	0	S
NMDC20588137	0	0	0	0	0	S
NMDC20558398	0	0	0	0	0	S
NMDC20552374	0	0	0	0	0	S
NMDC20588139	0	0	0	0	0	S
NMDC20556368	0	0	0	0	0	S
NMDC20552377	0	0	0	0	0	S
NMDC20552378	0	0	0	0	0	S
NMDC20556369	0	0	0	0	0	S
NMDC20588141	0	0	0	0	0	S
NMDC20588142	0	0	0	0	0	S
NMDC20552379	0	0	0	0	0	S
NMDC20588143	0	0	0	0	0	S
NMDC20554386	0	0	0	0	0	S
NMDC20552380	0	0	0	0	0	S
NMDC20588144	0	0	0	0	0	S
NMDC20554387	0	0	0	0	0	S
NMDC20588146	0	0	0	0	0	S
NMDC20552382	0	0	0	0	0	S
NMDC20556370	0	0	0	0	0	S
NMDC20556371	0	0	0	0	0	S
NMDC20558401	0	0	0	0	0	S
NMDC20552383	0	0	0	0	0	S
NMDC20588150	0	0	0	0	0	S
NMDC20556372	0	0	0	0	0	S
NMDC20588153	0	0	0	0	0	S
NMDC20588155	0	0	0	0	0	S
NMDC20588156	0	0	0	0	0	S
NMDC20558402	0	0	0	0	0	S
NMDC20588157	0	0	0	0	0	S
NMDC20552384	0	0	0	0	0	S
NMDC20556373	0	0	0	0	0	S
NMDC20588159	0	0	0	0	0	S
NMDC20552385	0	0	0	0	0	S
NMDC20552386	0	0	0	0	0	S
NMDC20552387	0	0	0	0	0	S
NMDC20556374	0	0	0	0	0	S
NMDC20588161	0	0	0	0	0	S
NMDC20558403	0	0	0	0	0	S
NMDC20554390	0	0	0	0	0	S
NMDC20556375	0	0	0	0	0	S
NMDC20588164	0	0	0	0	0	S
NMDC20588165	0	0	0	0	0	S
NMDC20588166	0	0	0	0	0	S
NMDC20588167	0	0	0	0	0	S
NMDC20552388	0	0	0	0	0	S
NMDC20552389	0	0	0	0	0	S
NMDC20558404	0	0	0	0	0	S
NMDC20588168	0	0	0	0	0	S
NMDC20554392	0	0	0	0	0	S
NMDC20556376	0	0	0	0	0	S
NMDC20588170	0	0	0	0	0	S
NMDC20552174	0	0	0	0	0	S
NMDC20558197	0	0	0	0	0	S
NMDC20558199	0	0	0	0	0	S
NMDC20552175	0	0	0	0	0	S
NMDC20587374	0	0	0	0	0	S
NMDC20552269	0	0	0	0	0	S
NMDC20552333	0	0	0	0	0	S
NMDC20587547	0	0	0	0	0	S
NMDC20554355	0	0	0	0	0	S
NMDC20556349	0	0	0	0	0	S
NMDC20588635	0	0	0	0	0	S
NMDC20588640	0	0	0	0	0	S
NMDC20588642	0	0	0	0	0	S
NMDC20588645	0	0	0	0	0	S
NMDC20588651	0	0	0	0	0	S
NMDC20588659	0	0	0	0	0	S
NMDC20588662	0	0	0	0	0	S
NMDC20588665	0	0	0	0	0	S
NMDC20588668	0	0	0	0	0	S
NMDC20588671	0	0	0	0	0	S
NMDC20588674	0	0	0	0	0	S
NMDC20588676	0	0	0	0	0	S
NMDC20588677	0	0	0	0	0	S
NMDC20588678	0	0	0	0	0	S
NMDC20588680	0	0	0	0	0	S
NMDC20588681	0	0	0	0	0	S
NMDC20588687	0	0	0	0	0	S
NMDC20588688	0	0	0	0	0	S
NMDC20588691	0	0	0	0	0	S
NMDC20588695	0	0	0	0	0	S
NMDC20588699	0	0	0	0	0	S
NMDC20588702	0	0	0	0	0	S
NMDC20588703	0	0	0	0	0	S
NMDC20588704	0	0	0	0	0	S
NMDC20588711	0	0	0	0	0	S
NMDC20588717	0	0	0	0	0	S
NMDC20588718	0	0	0	0	0	S
NMDC20588719	0	0	0	0	0	S
NMDC20588720	0	0	0	0	0	S
NMDC20588722	0	0	0	0	0	S
NMDC20588723	0	0	0	0	0	S
NMDC20588726	0	0	0	0	0	S
NMDC20588728	0	0	0	0	0	S
NMDC20588735	0	0	0	0	0	S
NMDC20588739	0	0	0	0	0	S
NMDC20588744	0	0	0	0	0	S
NMDC20588745	0	0	0	0	0	S
NMDC20554582	0	0	0	0	0	S
NMDC20558578	0	0	0	0	0	S
NMDC20588760	0	0	0	0	0	S
NMDC20588763	0	0	0	0	0	S
NMDC20552580	0	0	0	0	0	S
NMDC20558579	0	0	0	0	0	S
NMDC20588765	0	0	0	0	0	S
NMDC20588766	0	0	0	0	0	S
NMDC20588767	0	0	0	0	0	S
NMDC20552581	0	0	0	0	0	S
NMDC20588769	0	0	0	0	0	S
NMDC20588770	0	0	0	0	0	S
NMDC20554584	0	0	0	0	0	S
NMDC20554585	0	0	0	0	0	S
NMDC20588771	0	0	0	0	0	S
NMDC20588772	0	0	0	0	0	S
NMDC20588773	0	0	0	0	0	S
NMDC20588774	0	0	0	0	0	S
NMDC20558581	0	0	0	0	0	S
NMDC20554586	0	0	0	0	0	S
NMDC20588776	0	0	0	0	0	S
NMDC20558582	0	0	0	0	0	S
NMDC20558583	0	0	0	0	0	S
NMDC20588777	0	0	0	0	0	S
NMDC20588778	0	0	0	0	0	S
NMDC20588779	0	0	0	0	0	S
NMDC20552582	0	0	0	0	0	S
NMDC20552584	0	0	0	0	0	S
NMDC20588780	0	0	0	0	0	S
NMDC20558585	0	0	0	0	0	S
NMDC20588781	0	0	0	0	0	S
NMDC20558586	0	0	0	0	0	S
NMDC20588782	0	0	0	0	0	S
NMDC20588783	0	0	0	0	0	S
NMDC20554587	0	0	0	0	0	S
NMDC20588784	0	0	0	0	0	S
NMDC20588785	0	0	0	0	0	S
NMDC20558587	0	0	0	0	0	S
NMDC20588786	0	0	0	0	0	S
NMDC20556583	0	0	0	0	0	S
NMDC20588787	0	0	0	0	0	S
NMDC20588788	0	0	0	0	0	S
NMDC20554588	0	0	0	0	0	S
NMDC20588789	0	0	0	0	0	S
NMDC20558589	0	0	0	0	0	S
NMDC20588790	0	0	0	0	0	S
NMDC20588791	0	0	0	0	0	S
NMDC20588792	0	0	0	0	0	S
NMDC20588793	0	0	0	0	0	S
NMDC20552588	0	0	0	0	0	S
NMDC20556589	0	0	0	0	0	S
NMDC20588795	0	0	0	0	0	S
NMDC20554590	0	0	0	0	0	S
NMDC20556590	0	0	0	0	0	S
NMDC20556591	0	0	0	0	0	S
NMDC20556592	0	0	0	0	0	S
NMDC20588800	0	0	0	0	0	S
NMDC20588801	0	0	0	0	0	S
NMDC20588802	0	0	0	0	0	S
NMDC20552589	0	0	0	0	0	S
NMDC20588803	0	0	0	0	0	S
NMDC20588804	0	0	0	0	0	S
NMDC20552590	0	0	0	0	0	S
NMDC20588806	0	0	0	0	0	S
NMDC20558593	0	0	0	0	0	S
NMDC20554592	0	0	0	0	0	S
NMDC20558594	0	0	0	0	0	S
NMDC20588807	0	0	0	0	0	S
NMDC20588808	0	0	0	0	0	S
NMDC20554593	0	0	0	0	0	S
NMDC20588809	0	0	0	0	0	S
NMDC20588810	0	0	0	0	0	S
NMDC20552591	0	0	0	0	0	S
NMDC20588811	0	0	0	0	0	S
NMDC20552592	0	0	0	0	0	S
NMDC20552593	0	0	0	0	0	S
NMDC20558595	0	0	0	0	0	S
NMDC20588813	0	0	0	0	0	S
NMDC20558598	0	0	0	0	0	S
NMDC20552596	0	0	0	0	0	S
NMDC20588816	0	0	0	0	0	S
NMDC20588817	0	0	0	0	0	S
NMDC20556594	0	0	0	0	0	S
NMDC20554594	0	0	0	0	0	S
NMDC20588818	0	0	0	0	0	S
NMDC20554595	0	0	0	0	0	S
NMDC20558599	0	0	0	0	0	S
NMDC20554596	0	0	0	0	0	S
NMDC20554598	0	0	0	0	0	S
NMDC20558600	0	0	0	0	0	S
NMDC20554599	0	0	0	0	0	S
NMDC20558601	0	0	0	0	0	S
NMDC20588819	0	0	0	0	0	S
NMDC20554600	0	0	0	0	0	S
NMDC20552598	0	0	0	0	0	S
NMDC20588821	0	0	0	0	0	S
NMDC20588822	0	0	0	0	0	S
NMDC20588823	0	0	0	0	0	S
NMDC20556595	0	0	0	0	0	S
NMDC20552599	0	0	0	0	0	S
NMDC20554604	0	0	0	0	0	S
NMDC20556599	0	0	0	0	0	S
NMDC20552603	0	0	0	0	0	S
NMDC20556600	0	0	0	0	0	S
NMDC20558607	0	0	0	0	0	S
NMDC20588830	0	0	0	0	0	S
NMDC20588831	0	0	0	0	0	S
NMDC20582165	0	0	0	0	0	S
NMDC20554668	0	0	0	0	0	S
NMDC20582166	0	0	0	0	0	S
NMDC20554671	0	0	0	0	0	S
NMDC20582169	0	0	0	0	0	S
NMDC20582170	0	0	0	0	0	S
NMDC20556669	0	0	0	0	0	S
NMDC20556671	0	0	0	0	0	S
NMDC20554673	0	0	0	0	0	S
NMDC20582171	0	0	0	0	0	S
NMDC20554674	0	0	0	0	0	S
NMDC20552669	0	0	0	0	0	S
NMDC20556672	0	0	0	0	0	S
NMDC20582172	0	0	0	0	0	S
NMDC20552672	0	0	0	0	0	S
NMDC20582175	0	0	0	0	0	S
NMDC20550670	0	0	0	0	0	S
NMDC20550672	0	0	0	0	0	S
NMDC20552673	0	0	0	0	0	S
NMDC20582180	0	0	0	0	0	S
NMDC20550671	0	0	0	0	0	S
NMDC20550675	0	0	0	0	0	S
NMDC20552680	1	0	0	0	0	S
NMDC20582186	0	0	0	0	0	S
NMDC20582190	0	0	0	0	0	S
NMDC20582193	0	0	0	0	0	S
NMDC20556683	0	0	0	0	0	S
NMDC20554682	0	0	0	0	0	S
NMDC20582200	0	0	0	0	0	S
NMDC20556694	0	0	0	0	0	S
NMDC20552691	0	0	0	0	0	S
NMDC20552692	0	0	0	0	0	S
NMDC20552693	0	0	0	0	0	S
NMDC20582209	0	0	0	0	0	S
NMDC20556687	0	0	0	0	0	S
NMDC20550682	0	0	0	0	0	S
NMDC20556688	0	0	0	0	0	S
NMDC20554687	0	0	0	0	0	S
NMDC20554688	0	0	0	0	0	S
NMDC20554689	0	0	0	0	0	S
NMDC20582210	0	0	0	0	0	S
NMDC20550686	0	1	0	0	0	S
NMDC20582213	0	0	0	0	0	S
NMDC20582214	0	0	0	0	0	S
NMDC20552700	0	0	0	0	0	S
NMDC20550687	0	0	0	0	0	S
NMDC20550688	0	0	0	0	0	S
NMDC20582221	0	0	0	0	0	S
NMDC20550690	0	0	0	0	0	S
NMDC20550692	0	0	0	0	0	S
NMDC20582222	0	0	0	0	0	S
NMDC20556697	0	0	0	0	0	S
NMDC20582223	0	0	0	0	0	S
NMDC20556698	0	0	0	0	0	S
NMDC20552701	0	0	0	0	0	S
NMDC20556699	0	0	0	0	0	S
NMDC20556700	0	0	0	0	0	S
NMDC20552702	0	0	0	0	0	S
NMDC20582229	0	0	0	0	0	S
NMDC20550694	0	0	0	0	0	S
NMDC20556701	0	0	0	0	0	S
NMDC20556702	0	0	0	0	0	S
NMDC20552703	0	0	0	0	0	S
NMDC20582231	0	0	0	0	0	S
NMDC20582232	0	0	0	0	0	S
NMDC20552705	0	0	0	0	0	S
NMDC20552706	0	0	0	0	0	S
NMDC20582233	0	0	0	0	0	S
NMDC20582234	0	0	0	0	0	S
NMDC20582236	0	0	0	0	0	S
NMDC20554693	0	0	0	0	0	S
NMDC20550695	0	0	0	0	0	S
NMDC20582237	0	0	0	0	0	S
NMDC20554695	0	0	0	0	0	S
NMDC20582238	0	0	0	0	0	S
NMDC20556704	0	0	0	0	0	S
NMDC20554697	0	0	0	0	0	S
NMDC20556706	0	0	0	0	0	S
NMDC20582239	0	0	0	0	0	S
NMDC20552709	0	0	0	0	0	S
NMDC20556707	0	0	0	0	0	S
NMDC20582240	0	0	0	0	0	S
NMDC20556708	0	0	0	0	0	S
NMDC20582241	0	0	0	0	0	S
NMDC20582243	0	0	0	0	0	S
NMDC20582248	0	0	0	0	0	S
NMDC20582254	0	0	0	0	0	S
NMDC20582259	0	0	0	0	0	S
NMDC20556712	0	0	0	0	0	S
NMDC20552718	0	0	0	0	0	S
NMDC20554700	0	0	0	0	0	S
NMDC20556713	0	0	0	0	0	S
NMDC20556714	1	0	0	0	0	S
NMDC20554701	0	0	0	0	0	S
NMDC20582265	0	0	0	0	0	S
NMDC20582267	0	0	0	0	0	S
NMDC20552719	0	0	0	0	0	S
NMDC20556718	0	0	0	0	0	S
NMDC20582269	0	0	0	0	0	S
NMDC20554702	0	0	0	0	0	S
NMDC20582272	0	0	0	0	0	S
NMDC20550703	0	0	0	0	0	S
NMDC20582273	0	0	0	0	0	S
NMDC20582274	0	0	0	0	0	S
NMDC20582280	0	0	0	0	0	S
NMDC20550708	0	0	0	0	0	S
NMDC20552723	0	0	0	0	0	S
NMDC20556726	0	1	0	0	0	S
NMDC20556725	0	0	0	0	0	S
NMDC20582284	0	0	0	0	0	S
NMDC20552724	0	0	0	0	0	S
NMDC20552733	0	0	0	0	0	S
NMDC20554709	1	0	0	0	0	S
NMDC20582286	0	0	0	0	0	S
NMDC20550714	0	0	0	0	0	S
NMDC20556727	0	0	0	0	0	S
NMDC20582288	0	0	0	0	0	S
NMDC20550716	0	0	0	0	0	S
NMDC20582293	0	0	0	0	0	S
NMDC20582295	0	0	0	0	0	S
NMDC20554715	0	0	0	0	0	S
NMDC20556729	0	0	0	0	0	S
NMDC20556730	0	0	0	0	0	S
NMDC20552729	0	0	0	0	0	S
NMDC20550723	0	0	0	0	0	S
NMDC20550718	0	0	0	0	0	S
NMDC20550719	0	0	0	0	0	S
NMDC20550720	0	0	0	0	0	S
NMDC20550724	1	0	0	0	0	S
NMDC20582301	0	0	0	0	0	S
NMDC20582302	0	0	0	0	0	S
NMDC20582303	0	0	0	0	0	S
NMDC20582304	0	0	0	0	0	S
NMDC20582305	0	0	0	0	0	S
NMDC20556733	0	0	0	0	0	S
NMDC20582306	0	0	0	0	0	S
NMDC20552732	0	0	0	0	0	S
NMDC20554720	0	0	0	0	0	S
NMDC20582308	0	0	0	0	0	S
NMDC20582310	0	0	0	0	0	S
NMDC20550726	0	0	0	0	0	S
NMDC20552735	0	0	0	0	0	S
NMDC20550730	0	0	0	0	0	S
NMDC20550732	0	0	0	0	0	S
NMDC20552739	0	0	0	0	0	S
NMDC20582320	0	0	0	0	0	S
NMDC20582321	0	0	0	0	0	S
NMDC20554723	0	0	0	0	0	S
NMDC20556738	0	0	0	0	0	S
NMDC20582326	0	0	0	0	0	S
NMDC20554726	0	0	0	0	0	S
NMDC20550735	0	0	0	0	0	S
NMDC20554727	0	0	0	0	0	S
NMDC20556758	0	0	0	0	0	S
NMDC20550737	0	0	0	0	0	S
NMDC20556743	0	0	0	0	0	S
NMDC20582331	0	0	0	0	0	S
NMDC20582332	0	0	0	0	0	S
NMDC20582333	0	0	0	0	0	S
NMDC20582334	0	0	0	0	0	S
NMDC20582335	0	0	0	0	0	S
NMDC20582336	0	0	0	0	0	S
NMDC20552747	0	0	0	0	0	S
NMDC20582339	0	0	0	0	0	S
NMDC20556749	0	0	0	0	0	S
NMDC20550740	0	0	0	0	0	S
NMDC20552748	0	0	0	0	0	S
NMDC20556751	0	0	0	0	0	S
NMDC20552749	0	0	0	0	0	S
NMDC20552750	0	0	0	0	0	S
NMDC20550741	0	0	0	0	0	S
NMDC20556752	0	0	0	0	0	S
NMDC20552753	0	0	0	0	0	S
NMDC20582344	0	0	0	0	0	S
NMDC20554730	0	0	0	0	0	S
NMDC20554731	0	0	0	0	0	S
NMDC20550742	0	0	0	0	0	S
NMDC20550743	0	0	0	0	0	S
NMDC20550744	0	0	0	0	0	S
NMDC20582348	0	0	0	0	0	S
NMDC20556755	0	0	0	0	0	S
NMDC20552755	0	0	0	0	0	S
NMDC20582349	0	0	0	0	0	S
NMDC20582350	0	0	0	0	0	S
NMDC20582351	0	0	0	0	0	S
NMDC20582353	0	0	0	0	0	S
NMDC20582354	0	0	0	0	0	S
NMDC20582355	0	0	0	0	0	S
NMDC20582362	0	0	0	0	0	S
NMDC20582363	0	0	0	0	0	S
NMDC20582364	0	0	0	0	0	S
NMDC20552760	0	0	0	0	0	S
NMDC20582374	0	0	0	0	0	S
NMDC20582375	0	0	0	0	0	S
NMDC20582377	0	0	0	0	0	S
NMDC20552762	0	0	0	0	0	S
NMDC20556763	0	0	0	0	0	S
NMDC20582381	0	0	0	0	0	S
NMDC20582383	0	0	0	0	0	S
NMDC20550754	0	0	0	0	0	S
NMDC20582384	0	0	0	0	0	S
NMDC20582385	0	0	0	0	0	S
NMDC20552765	0	0	0	0	0	S
NMDC20582386	0	0	0	0	0	S
NMDC20552766	0	0	0	0	0	S
NMDC20554736	0	0	0	0	0	S
NMDC20582388	0	0	0	0	0	S
NMDC20550755	0	0	0	0	0	S
NMDC20554737	0	0	0	0	0	S
NMDC20582390	0	0	0	0	0	S
NMDC20556766	0	0	0	0	0	S
NMDC20552768	0	0	0	0	0	S
NMDC20550756	0	0	0	0	0	S
NMDC20582391	0	0	0	0	0	S
NMDC20582392	0	0	0	0	0	S
NMDC20554738	0	0	0	0	0	S
NMDC20582401	0	0	0	0	0	S
NMDC20556786	0	0	0	0	0	S
NMDC20550762	0	0	0	0	0	S
NMDC20582402	0	0	0	0	0	S
NMDC20582403	0	0	0	0	0	S
NMDC20554739	0	0	0	0	0	S
NMDC20554740	0	0	0	0	0	S
NMDC20556768	0	0	0	0	0	S
NMDC20556769	0	0	0	0	0	S
NMDC20550764	0	0	0	0	0	S
NMDC20582407	0	0	0	0	0	S
NMDC20554742	0	0	0	0	0	S
NMDC20554743	0	0	0	0	0	S
NMDC20556773	0	0	0	0	0	S
NMDC20552774	0	0	0	0	0	S
NMDC20550767	0	0	0	0	0	S
NMDC20552775	0	0	0	0	0	S
NMDC20556774	0	0	0	0	0	S
NMDC20582411	0	0	0	0	0	S
NMDC20556775	0	0	0	0	0	S
NMDC20550773	0	1	0	0	0	S
NMDC20552777	0	0	0	0	0	S
NMDC20554750	0	0	0	0	0	S
NMDC20552778	1	0	0	0	0	S
NMDC20582419	0	0	0	0	0	S
NMDC20582420	0	0	0	0	0	S
NMDC20554754	0	0	0	0	0	S
NMDC20554755	0	0	0	0	0	S
NMDC20582423	0	0	0	0	0	S
NMDC20550774	0	0	0	0	0	S
NMDC20582424	0	0	0	0	0	S
NMDC20552780	0	0	0	0	0	S
NMDC20556778	0	0	0	0	0	S
NMDC20556779	0	0	0	0	0	S
NMDC20582427	0	0	0	0	0	S
NMDC20550775	0	0	0	0	0	S
NMDC20556781	0	0	0	0	0	S
NMDC20554757	0	0	0	0	0	S
NMDC20582428	0	0	0	0	0	S
NMDC20582429	0	0	0	0	0	S
NMDC20556782	0	0	0	0	0	S
NMDC20556783	0	1	0	0	0	S
NMDC20582430	0	0	0	0	0	S
NMDC20582431	0	0	0	0	0	S
NMDC20552784	0	0	1	1	0	S
NMDC20582433	0	0	0	0	0	S
NMDC20556785	0	0	0	0	0	S
NMDC20582434	0	0	0	0	0	S
NMDC20554758	0	0	0	0	0	S
NMDC20582435	0	0	0	0	0	S
NMDC20552786	0	0	0	0	0	S
NMDC20554759	0	0	0	0	0	S
NMDC20582439	0	0	0	0	0	S
NMDC20582443	0	0	0	0	0	S
NMDC20556787	0	0	0	0	0	S
NMDC20554764	0	0	0	0	0	S
NMDC20554765	0	0	0	0	0	S
NMDC20556791	0	0	0	0	0	S
NMDC20556792	0	0	0	0	0	S
NMDC20552788	0	0	0	0	0	S
NMDC20550780	0	0	0	0	0	S
NMDC20550777	0	0	0	0	0	S
NMDC20552789	0	0	0	0	0	S
NMDC20552790	0	0	0	0	0	S
NMDC20582447	0	0	0	0	0	S
NMDC20582448	0	0	0	0	0	S
NMDC20556793	0	0	0	0	0	S
NMDC20552793	0	0	0	0	0	S
NMDC20582449	0	0	0	0	0	S
NMDC20552792	0	0	0	0	0	S
NMDC20556797	1	0	0	0	0	S
NMDC20582451	0	0	0	0	0	S
NMDC20554766	0	0	0	0	0	S
NMDC20552794	0	0	0	0	0	S
NMDC20556799	0	0	0	0	0	S
NMDC20582456	0	0	0	0	0	S
NMDC20556800	0	0	0	0	0	S
NMDC20582457	0	0	0	0	0	S
NMDC20554767	0	0	0	0	0	S
NMDC20550785	0	0	0	0	0	S
NMDC20582458	0	0	0	0	0	S
NMDC20556804	0	0	0	0	0	S
NMDC20556803	0	0	0	0	0	S
NMDC20554768	0	0	0	0	0	S
NMDC20582459	0	0	0	0	0	S
NMDC20582463	0	0	0	0	0	S
NMDC20554771	0	0	0	0	0	S
NMDC20554772	0	0	0	0	0	S
NMDC20556805	0	0	0	0	0	S
NMDC20582467	0	0	0	0	0	S
NMDC20556806	0	0	0	0	0	S
NMDC20554774	0	0	0	0	0	S
NMDC20554775	0	0	0	0	0	S
NMDC20550792	0	0	0	0	0	S
NMDC20554776	0	0	0	0	0	S
NMDC20552801	0	0	0	0	0	S
NMDC20582472	0	0	0	0	0	S
NMDC20552803	0	0	0	0	0	S
NMDC20582626	0	0	0	0	0	S
NMDC20582627	0	0	0	0	0	S
NMDC20550812	0	0	0	0	0	S
NMDC20554799	0	0	0	0	0	S
NMDC20550815	1	0	0	0	0	S
NMDC20582647	0	0	0	0	0	S
NMDC20550817	0	0	0	0	0	S
NMDC20554802	0	0	0	0	0	S
NMDC20554803	0	0	0	0	0	S
NMDC20552827	0	0	0	0	0	S
NMDC20550820	0	0	0	0	0	S
NMDC20582656	0	1	0	0	0	S
NMDC20554820	0	0	0	0	0	S
NMDC20582664	0	0	0	0	0	S
NMDC20582668	0	0	0	0	0	S
NMDC20552835	0	0	0	0	0	S
NMDC20556836	0	0	0	0	0	S
NMDC20554814	0	0	0	0	0	S
NMDC20556838	0	0	0	0	0	S
NMDC20554817	0	0	0	0	0	S
NMDC20556853	0	0	0	0	0	S
NMDC20550837	0	0	0	0	0	S
NMDC20556841	0	0	0	0	0	S
NMDC20582699	0	0	0	0	0	S
NMDC20582700	0	0	0	0	0	S
NMDC20556842	0	0	0	0	0	S
NMDC20552840	0	0	0	0	0	S
NMDC20550839	1	0	0	0	0	S
NMDC20554824	1	0	0	0	0	S
NMDC20550841	0	1	0	0	0	S
NMDC20582716	0	1	0	0	0	S
NMDC20554826	0	0	0	0	0	S
NMDC20552846	0	0	0	0	0	S
NMDC20556849	1	1	0	0	0	S
NMDC20552849	1	0	0	0	0	S
NMDC20554834	0	1	0	0	0	S
NMDC20582730	0	0	0	0	0	S
NMDC20552864	0	0	0	0	0	S
NMDC20582732	0	0	0	0	0	S
NMDC20556856	0	1	0	0	0	S
NMDC20582745	0	1	0	0	0	S
NMDC20552867	0	0	0	0	0	S
NMDC20552868	0	0	0	0	0	S
NMDC20556859	0	0	0	0	0	S
NMDC20556860	0	0	0	0	0	S
NMDC20554846	0	0	0	0	0	S
NMDC20582759	0	0	0	0	0	S
NMDC20582761	0	0	0	0	0	S
NMDC20582764	0	0	0	0	0	S
NMDC20554849	1	0	0	0	0	S
NMDC20582766	0	0	0	0	0	S
NMDC20550871	0	1	0	0	0	S
NMDC20554852	0	0	0	0	0	S
NMDC20550869	0	0	0	0	0	S
NMDC20550870	0	0	0	0	0	S
NMDC20582773	0	0	0	0	0	S
NMDC20556868	0	0	0	0	0	S
NMDC20552885	0	0	0	0	0	S
NMDC20582777	0	0	0	0	0	S
NMDC20556869	0	0	0	0	0	S
NMDC20556871	0	1	0	0	0	S
NMDC20554855	1	0	0	0	0	S
NMDC20582784	0	0	0	0	0	S
NMDC20582785	0	0	0	0	0	S
NMDC20582790	0	0	0	0	0	S
NMDC20552892	0	0	0	0	0	S
NMDC20556873	0	0	0	0	0	S
NMDC20582791	0	1	0	0	0	S
NMDC20550877	0	0	0	0	0	S
NMDC20554861	0	0	0	0	0	S
NMDC20556874	1	0	0	0	0	S
NMDC20554864	0	0	0	0	0	S
NMDC20554865	0	0	0	0	0	S
NMDC20582917	0	0	0	0	0	S
NMDC20582918	0	0	0	0	0	S
NMDC20582919	0	0	0	0	0	S
NMDC20554906	0	0	0	0	0	S
NMDC20582922	0	0	0	0	0	S
NMDC20552944	0	0	0	0	0	S
NMDC20550922	0	0	0	0	0	S
NMDC20582925	0	0	0	0	0	S
NMDC20552949	0	0	0	0	0	S
NMDC20582943	0	0	0	0	0	S
NMDC20552953	0	1	0	0	0	S
NMDC20554920	0	1	0	0	0	S
NMDC20582950	0	0	0	0	0	S
NMDC20582953	0	0	0	0	0	S
NMDC20554923	0	0	0	0	0	S
NMDC20582958	0	0	0	0	0	S
NMDC20552957	0	0	0	0	0	S
NMDC20582963	0	0	0	0	0	S
NMDC20552959	0	0	0	0	0	S
NMDC20552960	0	0	0	0	0	S
NMDC20554929	0	0	0	0	0	S
NMDC20582966	0	0	0	0	0	S
NMDC20552964	0	0	0	0	0	S
NMDC20550938	0	0	0	0	0	S
NMDC20556933	0	1	0	0	0	S
NMDC20582974	0	1	0	0	0	S
NMDC20582978	0	0	0	0	0	S
NMDC20582979	0	0	0	0	0	S
NMDC20556938	0	0	0	0	0	S
NMDC20552971	0	0	0	0	0	S
NMDC20552972	0	0	0	0	0	S
NMDC20550943	0	0	0	0	0	S
NMDC20582986	0	0	0	0	0	S
NMDC20556945	0	0	0	0	0	S
NMDC20582989	0	0	0	0	0	S
NMDC20556947	0	0	0	0	0	S
NMDC20552978	0	0	0	0	0	S
NMDC20554940	0	0	0	0	0	S
NMDC20554945	0	0	0	0	0	S
NMDC20554946	0	0	0	0	0	S
NMDC20583003	0	0	0	0	0	S
NMDC20550952	0	0	0	0	0	S
NMDC20583008	0	0	0	0	0	S
NMDC20583009	0	0	0	0	0	S
NMDC20583010	0	0	0	0	0	S
NMDC20556954	0	0	0	0	0	S
NMDC20583013	0	0	0	0	0	S
NMDC20583017	0	0	0	0	0	S
NMDC20583019	0	0	0	0	0	S
NMDC20556956	0	0	0	0	0	S
NMDC20550953	0	0	0	0	0	S
NMDC20583020	0	0	0	0	0	S
NMDC20552984	0	0	0	0	0	S
NMDC20556960	0	0	0	0	0	S
NMDC20583026	0	0	0	0	0	S
NMDC20583027	0	0	0	0	0	S
NMDC20583029	0	0	0	0	0	S
NMDC20554954	0	0	0	0	0	S
NMDC20583034	0	0	0	0	0	S
NMDC20556964	0	0	0	0	0	S
NMDC20550960	0	0	0	0	0	S
NMDC20552989	0	0	0	0	0	S
NMDC20583043	0	0	0	0	0	S
NMDC20583048	0	0	0	0	0	S
NMDC20583049	0	0	0	0	0	S
NMDC20552993	0	0	0	0	0	S
NMDC20554965	0	0	0	0	0	S
NMDC20556973	0	0	0	0	0	S
NMDC20583055	0	0	0	0	0	S
NMDC20554968	0	0	0	0	0	S
NMDC20550963	0	0	0	0	0	S
NMDC20583057	0	0	0	0	0	S
NMDC20556975	0	0	0	0	0	S
NMDC20556976	0	0	0	0	0	S
NMDC20552994	0	0	0	0	0	S
NMDC20552995	0	0	0	0	0	S
NMDC20550967	0	0	0	0	0	S
NMDC20556977	0	0	0	0	0	S
NMDC20554972	0	0	0	0	0	S
NMDC20554974	0	0	0	0	0	S
NMDC20583064	0	0	0	0	0	S
NMDC20556978	0	0	0	0	0	S
NMDC20556979	0	0	0	0	0	S
NMDC20583066	0	0	0	0	0	S
NMDC20583067	0	0	0	0	0	S
NMDC20554976	0	0	0	0	0	S
NMDC20556980	0	0	0	0	0	S
NMDC20583070	0	0	0	0	0	S
NMDC20583074	0	0	0	0	0	S
NMDC20583075	0	0	0	0	0	S
NMDC20553002	0	0	0	0	0	S
NMDC20554980	0	0	0	0	0	S
NMDC20553004	0	0	0	0	0	S
NMDC20583077	0	0	0	0	0	S
NMDC20554981	0	0	0	0	0	S
NMDC20556982	0	0	0	0	0	S
NMDC20583081	0	0	0	0	0	S
NMDC20553008	0	0	0	0	0	S
NMDC20583086	0	0	0	0	0	S
NMDC20554982	0	0	0	0	0	S
NMDC20583091	0	0	0	0	0	S
NMDC20583094	0	0	0	0	0	S
NMDC20553013	0	0	0	0	0	S
NMDC20583101	0	0	0	0	0	S
NMDC20556990	0	0	0	0	0	S
NMDC20583110	0	0	0	0	0	S
NMDC20553017	0	0	0	0	0	S
NMDC20550982	0	0	0	0	0	S
NMDC20553024	0	0	0	0	0	S
NMDC20583128	0	0	0	0	0	S
NMDC20556997	0	0	0	0	0	S
NMDC20553026	0	1	0	0	0	S
NMDC20583133	0	0	0	0	0	S
NMDC20583135	0	0	0	0	0	S
NMDC20556999	0	0	0	0	0	S
NMDC20583136	0	0	0	0	0	S
NMDC20557000	0	0	0	0	0	S
NMDC20583140	0	0	0	0	0	S
NMDC20557001	0	0	0	0	0	S
NMDC20553029	0	0	0	0	0	S
NMDC20553032	0	0	0	0	0	S
NMDC20583150	0	0	0	0	0	S
NMDC20583154	1	1	0	0	0	S
NMDC20551005	0	0	0	0	0	S
NMDC20551008	0	1	0	0	0	S
NMDC20583159	0	0	0	0	0	S
NMDC20583162	0	1	0	0	0	S
NMDC20583164	0	0	0	0	0	S
NMDC20557009	0	0	0	0	0	S
NMDC20583176	0	0	0	0	0	S
NMDC20551013	0	0	0	0	0	S
NMDC20551012	0	0	0	0	0	S
NMDC20583184	0	0	0	0	0	S
NMDC20553046	0	0	0	0	0	S
NMDC20553048	0	0	0	0	0	S
NMDC20551017	0	0	0	0	0	S
NMDC20553051	0	0	0	0	0	S
NMDC20551020	0	0	0	0	0	S
NMDC20583190	0	0	0	0	0	S
NMDC20557020	0	0	0	0	0	S
NMDC20557022	0	0	0	0	0	S
NMDC20553055	0	0	0	0	0	S
NMDC20553056	0	0	0	0	0	S
NMDC20551025	0	0	0	0	0	S
NMDC20583194	0	0	0	0	0	S
NMDC20553057	0	0	0	0	0	S
NMDC20583196	0	0	0	0	0	S
NMDC20557025	0	0	0	0	0	S
NMDC20557026	0	0	0	0	0	S
NMDC20555027	0	0	0	0	0	S
NMDC20555028	0	0	0	0	0	S
NMDC20583206	0	0	0	0	0	S
NMDC20553062	0	0	0	0	0	S
NMDC20555030	0	0	0	0	0	S
NMDC20583207	0	0	0	0	0	S
NMDC20557030	0	0	0	0	0	S
NMDC20583208	0	0	0	0	0	S
NMDC20553064	0	0	0	0	0	S
NMDC20583209	0	0	0	0	0	S
NMDC20555032	0	0	0	0	0	S
NMDC20557031	0	0	0	0	0	S
NMDC20583212	0	0	1	1	0	S
NMDC20551029	1	0	0	0	0	S
NMDC20553068	0	0	0	0	0	S
NMDC20551031	0	1	0	0	0	S
NMDC20555035	0	0	0	0	0	S
NMDC20557035	0	0	0	0	0	S
NMDC20555036	0	0	0	0	0	S
NMDC20555038	0	0	0	0	0	S
NMDC20553071	0	0	0	0	0	S
NMDC20557040	0	0	0	0	0	S
NMDC20557042	0	0	0	0	0	S
NMDC20583226	0	0	0	0	0	S
NMDC20583227	0	0	0	0	0	S
NMDC20583229	0	0	0	0	0	S
NMDC20553074	0	0	0	0	0	S
NMDC20583231	0	0	0	0	0	S
NMDC20555041	0	0	0	0	0	S
NMDC20557043	0	0	0	0	0	S
NMDC20583234	0	0	0	0	0	S
NMDC20583236	0	0	0	0	0	S
NMDC20551038	0	0	0	0	0	S
NMDC20583239	0	1	0	0	0	S
NMDC20557047	0	0	0	0	0	S
NMDC20583240	0	0	0	0	0	S
NMDC20553079	0	1	0	0	0	S
NMDC20583241	0	0	0	0	0	S
NMDC20553080	0	0	0	0	0	S
NMDC20555045	0	0	0	0	0	S
NMDC20583247	0	0	0	0	0	S
NMDC20553082	0	0	0	0	0	S
NMDC20555049	0	0	0	0	0	S
NMDC20583259	0	0	0	0	0	S
NMDC20583260	0	0	0	0	0	S
NMDC20557057	0	0	0	0	0	S
NMDC20557062	0	0	0	0	0	S
NMDC20551050	0	0	0	0	0	S
NMDC20557060	0	0	0	0	0	S
NMDC20555051	0	0	0	0	0	S
NMDC20583261	0	0	0	0	0	S
NMDC20551053	0	0	0	0	0	S
NMDC20583263	0	0	0	0	0	S
NMDC20555053	0	0	0	0	0	S
NMDC20553091	0	0	0	0	0	S
NMDC20583270	0	0	0	0	0	S
NMDC20553093	0	0	0	0	0	S
NMDC20583280	0	0	0	0	0	S
NMDC20553096	0	0	0	0	0	S
NMDC20551066	0	0	0	0	0	S
NMDC20551063	0	0	0	0	0	S
NMDC20555058	0	0	0	0	0	S
NMDC20551061	0	0	0	0	0	S
NMDC20551062	0	0	0	0	0	S
NMDC20583287	0	0	0	0	0	S
NMDC20553098	0	0	0	0	0	S
NMDC20583292	0	0	0	0	0	S
NMDC20583293	0	0	0	0	0	S
NMDC20555063	0	0	0	0	0	S
NMDC20583299	0	0	0	0	0	S
NMDC20555064	0	0	0	0	0	S
NMDC20583304	1	0	0	0	0	S
NMDC20555066	0	0	0	0	0	S
NMDC20557080	0	0	0	0	0	S
NMDC20557083	0	0	0	0	0	S
NMDC20553106	0	0	0	0	0	S
NMDC20555067	0	0	0	0	0	S
NMDC20583307	0	1	0	0	0	S
NMDC20551074	0	0	0	0	0	S
NMDC20583308	0	0	0	0	0	S
NMDC20583309	0	0	0	0	0	S
NMDC20555069	0	0	0	0	0	S
NMDC20551080	0	0	0	0	0	S
NMDC20557094	0	0	0	0	0	S
NMDC20557095	0	0	0	0	0	S
NMDC20551083	0	0	0	0	0	S
NMDC20553118	0	0	0	0	0	S
NMDC20553120	0	0	0	0	0	S
NMDC20583371	0	0	0	0	0	S
NMDC20583372	0	0	0	0	0	S
NMDC20583373	0	0	0	0	0	S
NMDC20583374	0	0	0	0	0	S
NMDC20557098	0	0	0	0	0	S
NMDC20557101	0	0	0	0	0	S
NMDC20553121	0	0	0	0	0	S
NMDC20551087	0	0	0	0	0	S
NMDC20555088	0	0	0	0	0	S
NMDC20583384	0	0	0	0	0	S
NMDC20557105	0	0	0	0	0	S
NMDC20557106	0	0	0	0	0	S
NMDC20557108	0	0	0	0	0	S
NMDC20583398	0	0	0	0	0	S
NMDC20551097	0	0	0	0	0	S
NMDC20553133	0	0	0	0	0	S
NMDC20583400	0	0	0	0	0	S
NMDC20583403	0	0	0	0	0	S
NMDC20583407	0	0	0	0	0	S
NMDC20583409	0	0	0	0	0	S
NMDC20555102	0	0	0	0	0	S
NMDC20583412	0	0	0	0	0	S
NMDC20583418	0	0	0	0	0	S
NMDC20583422	0	1	0	0	0	S
NMDC20583429	0	0	0	0	0	S
NMDC20557115	0	0	0	0	0	S
NMDC20553138	0	0	0	0	0	S
NMDC20555109	0	0	0	0	0	S
NMDC20555110	0	0	0	0	0	S
NMDC20551105	0	0	0	0	0	S
NMDC20583432	0	0	0	0	0	S
NMDC20551106	0	0	0	0	0	S
NMDC20583433	0	0	0	0	0	S
NMDC20583439	0	0	0	0	0	S
NMDC20583444	0	0	0	0	0	S
NMDC20557120	0	0	0	0	0	S
NMDC20557121	0	0	0	0	0	S
NMDC20551107	0	0	0	0	0	S
NMDC20557122	0	0	0	0	0	S
NMDC20551110	0	0	0	0	0	S
NMDC20557124	0	0	0	0	0	S
NMDC20557126	0	0	0	0	0	S
NMDC20583450	0	0	0	0	0	S
NMDC20583451	0	0	0	0	0	S
NMDC20553152	0	0	0	0	0	S
NMDC20583464	0	1	0	0	0	S
NMDC20551122	1	0	0	0	0	S
NMDC20555122	0	0	0	0	0	S
NMDC20583467	0	0	0	0	0	S
NMDC20551124	0	0	0	0	0	S
NMDC20553157	0	0	0	0	0	S
NMDC20583470	0	0	0	0	0	S
NMDC20583472	0	0	0	0	0	S
NMDC20551126	0	1	0	0	0	S
NMDC20553158	0	0	0	0	0	S
NMDC20583475	0	0	0	0	0	S
NMDC20583476	0	0	0	0	0	S
NMDC20557138	0	0	0	0	0	S
NMDC20551129	0	0	1	1	0	S
NMDC20583480	0	0	0	0	0	S
NMDC20553160	0	0	0	0	0	S
NMDC20583484	0	0	0	0	0	S
NMDC20583489	0	0	0	0	0	S
NMDC20555128	0	0	0	0	0	S
NMDC20555129	0	0	0	0	0	S
NMDC20551135	0	0	0	0	0	S
NMDC20557143	0	0	0	0	0	S
NMDC20553162	0	0	0	0	0	S
NMDC20551136	0	0	0	0	0	S
NMDC20551138	0	0	0	0	0	S
NMDC20583497	0	0	0	0	0	S
NMDC20583499	0	0	0	0	0	S
NMDC20583504	0	0	0	0	0	S
NMDC20553167	0	0	0	0	0	S
NMDC20555142	0	0	0	0	0	S
NMDC20557149	0	0	0	0	0	S
NMDC20557151	0	0	0	0	0	S
NMDC20551141	0	0	0	0	0	S
NMDC20583509	0	0	0	0	0	S
NMDC20551142	0	1	0	0	0	S
NMDC20555150	0	0	0	0	0	S
NMDC20557153	0	0	0	0	0	S
NMDC20551144	0	0	0	0	0	S
NMDC20583518	0	0	0	0	0	S
NMDC20557155	0	0	0	0	0	S
NMDC20557157	0	0	0	0	0	S
NMDC20555156	0	0	0	0	0	S
NMDC20583529	0	0	0	0	0	S
NMDC20583532	0	0	0	0	0	S
NMDC20557163	0	0	0	0	0	S
NMDC20583536	0	0	0	0	0	S
NMDC20583537	0	0	0	0	0	S
NMDC20583539	0	0	0	0	0	S
NMDC20555164	0	0	0	0	0	S
NMDC20583542	0	0	0	0	0	S
NMDC20553189	0	0	0	0	0	S
NMDC20555165	0	0	0	0	0	S
NMDC20555166	0	0	0	0	0	S
NMDC20583544	0	0	0	0	0	S
NMDC20583545	0	0	0	0	0	S
NMDC20551160	0	0	0	0	0	S
NMDC20583554	0	1	0	0	0	S
NMDC20557171	0	0	0	0	0	S
NMDC20583555	0	0	0	0	0	S
NMDC20557173	0	0	0	0	0	S
NMDC20557175	0	0	0	0	0	S
NMDC20583569	0	0	0	0	0	S
NMDC20583582	0	0	0	0	0	S
NMDC20551164	0	0	0	0	0	S
NMDC20583600	0	0	0	0	0	S
NMDC20583601	0	0	0	0	0	S
NMDC20583604	0	0	0	0	0	S
NMDC20583607	0	0	0	0	0	S
NMDC20555173	0	0	0	0	0	S
NMDC20583614	0	0	0	0	0	S
NMDC20555175	0	0	0	0	0	S
NMDC20583620	0	0	0	0	0	S
NMDC20583628	0	0	0	0	0	S
NMDC20583630	0	0	0	0	0	S
NMDC20583632	0	0	0	0	0	S
NMDC20557180	0	0	0	0	0	S
NMDC20583634	0	0	0	0	0	S
NMDC20583636	0	0	0	0	0	S
NMDC20583640	0	0	0	0	0	S
NMDC20551172	0	0	0	0	0	S
NMDC20583650	0	0	0	0	0	S
NMDC20583652	0	0	0	0	0	S
NMDC20551173	0	0	0	0	0	S
NMDC20553203	0	0	0	0	0	S
NMDC20551175	0	0	0	0	0	S
NMDC20583664	0	1	0	0	0	S
NMDC20583666	0	0	0	0	0	S
NMDC20583669	0	0	0	0	0	S
NMDC20553207	0	0	0	0	0	S
NMDC20583675	0	0	0	0	0	S
NMDC20583680	0	0	0	0	0	S
NMDC20553210	0	0	0	0	0	S
NMDC20557189	0	0	0	0	0	S
NMDC20553211	0	0	0	0	0	S
NMDC20583687	0	0	0	0	0	S
NMDC20583694	0	0	0	0	0	S
NMDC20583696	0	0	0	0	0	S
NMDC20583700	0	0	0	0	0	S
NMDC20583701	0	0	0	0	0	S
NMDC20551180	0	0	0	0	0	S
NMDC20583702	0	0	0	0	0	S
NMDC20555192	0	0	0	0	0	S
NMDC20583703	0	0	0	0	0	S
NMDC20583704	0	0	0	0	0	S
NMDC20583710	0	0	0	0	0	S
NMDC20555194	0	0	0	0	0	S
NMDC20557196	0	0	0	0	0	S
NMDC20555195	0	0	0	0	0	S
NMDC20555196	0	0	0	0	0	S
NMDC20551182	0	0	0	0	0	S
NMDC20553218	0	0	0	0	0	S
NMDC20553219	0	0	0	0	0	S
NMDC20583720	0	0	0	0	0	S
NMDC20583723	0	0	0	0	0	S
NMDC20583727	0	0	0	0	0	S
NMDC20553221	0	0	0	0	0	S
NMDC20553222	0	0	0	0	0	S
NMDC20551185	0	0	0	0	0	S
NMDC20583750	0	0	0	0	0	S
NMDC20557206	0	0	0	0	0	S
NMDC20583759	0	1	0	0	0	S
NMDC20583764	0	0	0	0	0	S
NMDC20583767	0	0	0	0	0	S
NMDC20583769	0	0	0	0	0	S
NMDC20583771	0	0	0	0	0	S
NMDC20557207	0	0	0	0	0	S
NMDC20557208	0	0	0	0	0	S
NMDC20583777	0	1	0	0	0	S
NMDC20583778	0	0	0	0	0	S
NMDC20551190	0	0	0	0	0	S
NMDC20583781	0	0	0	0	0	S
NMDC20583785	0	0	0	0	0	S
NMDC20583786	0	1	0	0	0	S
NMDC20583788	0	0	0	0	0	S
NMDC20555203	0	1	0	0	0	S
NMDC20583790	0	0	0	0	0	S
NMDC20551197	1	0	0	0	0	S
NMDC20557223	0	0	0	0	0	S
NMDC20555212	0	0	0	0	0	S
NMDC20555213	0	0	0	0	0	S
NMDC20583816	0	0	0	0	0	S
NMDC20553247	0	0	0	0	0	S
NMDC20583822	0	0	0	0	0	S
NMDC20583824	0	0	0	0	0	S
NMDC20551204	0	0	0	0	0	S
NMDC20557232	0	0	0	0	0	S
NMDC20551207	0	0	0	0	0	S
NMDC20555216	0	0	0	0	0	S
NMDC20583828	0	0	0	0	0	S
NMDC20555217	0	0	0	0	0	S
NMDC20583845	0	0	0	0	0	S
NMDC20583851	0	0	0	0	0	S
NMDC20583854	0	0	0	0	0	S
NMDC20553251	0	0	0	0	0	S
NMDC20555225	0	0	0	0	0	S
NMDC20555226	0	0	0	0	0	S
NMDC20583867	0	0	0	0	0	S
NMDC20583868	0	0	0	0	0	S
NMDC20551216	0	0	0	0	0	S
NMDC20583871	0	0	0	0	0	S
NMDC20551217	0	0	0	0	0	S
NMDC20553256	0	0	0	0	0	S
NMDC20555228	0	0	0	0	0	S
NMDC20553257	0	0	0	0	0	S
NMDC20553263	0	0	0	0	0	S
NMDC20583878	0	0	0	0	0	S
NMDC20555236	0	1	0	0	0	S
NMDC20583880	0	0	0	0	0	S
NMDC20583881	0	1	0	0	0	S
NMDC20557254	0	0	0	0	0	S
NMDC20551225	0	0	0	0	0	S
NMDC20553265	0	0	0	0	0	S
NMDC20583886	0	0	0	0	0	S
NMDC20583888	0	0	0	0	0	S
NMDC20583891	0	0	0	0	0	S
NMDC20583892	0	0	0	0	0	S
NMDC20583893	0	0	0	0	0	S
NMDC20583894	1	0	0	0	0	S
NMDC20583900	0	0	0	0	0	S
NMDC20555242	0	0	0	0	0	S
NMDC20583902	0	0	0	0	0	S
NMDC20557258	0	0	0	0	0	S
NMDC20553269	0	0	0	0	0	S
NMDC20551231	0	0	0	0	0	S
NMDC20551232	0	0	0	0	0	S
NMDC20551235	0	0	0	0	0	S
NMDC20583911	0	0	0	0	0	S
NMDC20583912	0	0	0	0	0	S
NMDC20551236	0	0	0	0	0	S
NMDC20557260	0	0	0	0	0	S
NMDC20583916	0	0	0	0	0	S
NMDC20583917	0	0	0	0	0	S
NMDC20583918	0	0	0	0	0	S
NMDC20557262	0	0	0	0	0	S
NMDC20557263	0	0	0	0	0	S
NMDC20557264	0	0	0	0	0	S
NMDC20583919	0	0	0	0	0	S
NMDC20551238	0	0	0	0	0	S
NMDC20583921	0	0	0	0	0	S
NMDC20551240	0	0	0	0	0	S
NMDC20583925	0	0	0	0	0	S
NMDC20555249	0	0	0	0	0	S
NMDC20551245	0	0	0	0	0	S
NMDC20553272	0	0	0	0	0	S
NMDC20555253	0	0	0	0	0	S
NMDC20555254	0	0	0	0	0	S
NMDC20583931	0	0	0	0	0	S
NMDC20555255	0	0	0	0	0	S
NMDC20583932	0	0	0	0	0	S
NMDC20583934	0	0	0	0	0	S
NMDC20583937	0	0	0	0	0	S
NMDC20583940	0	0	0	0	0	S
NMDC20553273	0	0	0	0	0	S
NMDC20551252	0	0	0	0	0	S
NMDC20551253	1	0	0	0	0	S
NMDC20551258	0	0	0	0	0	S
NMDC20583945	0	0	0	0	0	S
NMDC20583947	0	0	0	0	0	S
NMDC20557272	0	0	0	0	0	S
NMDC20551255	0	0	0	0	0	S
NMDC20583948	0	0	0	0	0	S
NMDC20583950	0	0	0	0	0	S
NMDC20557274	0	0	0	0	0	S
NMDC20583953	0	0	0	0	0	S
NMDC20555261	0	0	0	0	0	S
NMDC20551262	0	0	0	0	0	S
NMDC20583960	0	0	0	0	0	S
NMDC20553283	0	0	0	0	0	S
NMDC20553282	0	0	0	0	0	S
NMDC20555267	0	0	0	0	0	S
NMDC20555269	0	0	0	0	0	S
NMDC20555270	0	0	0	0	0	S
NMDC20555271	0	0	0	0	0	S
NMDC20555273	0	0	0	0	0	S
NMDC20555274	0	0	0	0	0	S
NMDC20553284	0	0	0	0	0	S
NMDC20583973	0	0	0	0	0	S
NMDC20555277	0	0	0	0	0	S
NMDC20583976	0	0	0	0	0	S
NMDC20583977	0	0	0	0	0	S
NMDC20551269	0	0	0	0	0	S
NMDC20555279	0	0	0	0	0	S
NMDC20583981	0	0	0	0	0	S
NMDC20583983	0	0	0	0	0	S
NMDC20583984	0	0	0	0	0	S
NMDC20583985	0	0	0	0	0	S
NMDC20551272	0	0	0	0	0	S
NMDC20583990	0	1	0	0	0	S
NMDC20583991	0	0	0	0	0	S
NMDC20555282	0	0	0	0	0	S
NMDC20557283	0	0	0	0	0	S
NMDC20583993	0	0	0	0	0	S
NMDC20583994	0	0	0	0	0	S
NMDC20555285	0	0	0	0	0	S
NMDC20555286	0	0	0	0	0	S
NMDC20551274	0	0	0	0	0	S
NMDC20583996	0	0	0	0	0	S
NMDC20584003	0	0	0	0	0	S
NMDC20584004	0	0	0	0	0	S
NMDC20584009	0	0	0	0	0	S
NMDC20584010	0	0	0	0	0	S
NMDC20584012	0	0	0	0	0	S
NMDC20584021	0	0	0	0	0	S
NMDC20584023	0	0	0	0	0	S
NMDC20584025	0	0	0	0	0	S
NMDC20584030	0	0	0	0	0	S
NMDC20551276	0	0	0	0	0	S
NMDC20584034	0	0	0	0	0	S
NMDC20584038	0	0	0	0	0	S
NMDC20584042	0	0	0	0	0	S
NMDC20557292	0	0	0	0	0	S
NMDC20584051	0	0	0	0	0	S
NMDC20584054	0	0	0	0	0	S
NMDC20584056	0	0	0	0	0	S
NMDC20584058	0	0	0	0	0	S
NMDC20584077	0	0	0	0	0	S
NMDC20557302	0	0	0	0	0	S
NMDC20584080	0	0	0	0	0	S
NMDC20584081	0	0	0	0	0	S
NMDC20551283	0	0	0	0	0	S
NMDC20584094	0	0	0	0	0	S
NMDC20584098	0	0	0	0	0	S
NMDC20584100	0	0	0	0	0	S
NMDC20584102	0	0	0	0	0	S
NMDC20555301	1	0	0	0	0	S
NMDC20557312	1	0	0	0	0	S
NMDC20584105	0	0	0	0	0	S
NMDC20555302	0	0	0	0	0	S
NMDC20555303	0	0	0	0	0	S
NMDC20584107	0	0	0	0	0	S
NMDC20584110	0	0	0	0	0	S
NMDC20584111	0	0	0	0	0	S
NMDC20551297	0	0	0	0	0	S
NMDC20551299	0	0	0	0	0	S
NMDC20584113	0	0	0	0	0	S
NMDC20584115	0	0	0	0	0	S
NMDC20557313	0	0	0	0	0	S
NMDC20555306	0	0	0	0	0	S
NMDC20584117	0	0	0	0	0	S
NMDC20555307	0	0	0	0	0	S
NMDC20584119	0	0	0	0	0	S
NMDC20557315	0	0	0	0	0	S
NMDC20584120	0	0	0	0	0	S
NMDC20557316	0	0	0	0	0	S
NMDC20553317	0	0	0	0	0	S
NMDC20584121	0	0	0	0	0	S
NMDC20584125	0	0	0	0	0	S
NMDC20584126	0	0	0	0	0	S
NMDC20557317	0	0	0	0	0	S
NMDC20553338	0	0	0	0	0	S
NMDC20555309	0	0	0	0	0	S
NMDC20557318	0	0	0	0	0	S
NMDC20584129	0	0	0	0	0	S
NMDC20553324	0	0	0	0	0	S
NMDC20551306	0	0	0	0	0	S
NMDC20553328	0	0	0	0	0	S
NMDC20584132	0	0	0	0	0	S
NMDC20557320	0	0	0	0	0	S
NMDC20551307	0	0	0	0	0	S
NMDC20553329	1	0	0	0	0	S
NMDC20557322	0	0	0	0	0	S
NMDC20584137	0	0	0	0	0	S
NMDC20584141	0	0	0	0	0	S
NMDC20584143	0	0	0	0	0	S
NMDC20584145	0	0	0	0	0	S
NMDC20584147	0	0	0	0	0	S
NMDC20551311	0	0	0	0	0	S
NMDC20557330	0	0	0	0	0	S
NMDC20553332	1	0	0	0	0	S
NMDC20551312	0	0	0	0	0	S
NMDC20584148	0	0	0	0	0	S
NMDC20553333	0	0	0	0	0	S
NMDC20557329	0	0	1	0	0	S
NMDC20551314	0	0	0	0	0	S
NMDC20553334	0	0	0	0	0	S
NMDC20584153	0	0	0	0	0	S
NMDC20555329	0	0	0	0	0	S
NMDC20584155	0	0	0	0	0	S
NMDC20584159	0	0	0	0	0	S
NMDC20584160	0	0	0	0	0	S
NMDC20551318	0	0	0	0	0	S
NMDC20584161	0	0	0	0	0	S
NMDC20584163	0	0	0	0	0	S
NMDC20553340	0	0	0	0	0	S
NMDC20557337	0	0	0	0	0	S
NMDC20553341	1	0	0	0	0	S
NMDC20557339	0	0	0	0	0	S
NMDC20551320	0	0	0	0	0	S
NMDC20553343	0	0	0	0	0	S
NMDC20553346	0	0	0	0	0	S
NMDC20584175	0	0	0	0	0	S
NMDC20557343	0	0	0	0	0	S
NMDC20584181	0	0	0	0	0	S
NMDC20555343	0	0	0	0	0	S
NMDC20551327	1	0	0	0	0	S
NMDC20555340	0	0	0	0	0	S
NMDC20584182	0	0	0	0	0	S
NMDC20584183	0	0	0	0	0	S
NMDC20557346	0	0	0	0	0	S
NMDC20555344	0	0	0	0	0	S
NMDC20551329	0	0	0	0	0	S
NMDC20551330	0	0	0	0	0	S
NMDC20584189	0	0	0	0	0	S
NMDC20553353	0	0	0	0	0	S
NMDC20557347	0	0	0	0	0	S
NMDC20584193	0	0	0	0	0	S
NMDC20555349	0	0	0	0	0	S
NMDC20584195	0	0	0	0	0	S
NMDC20551334	0	0	0	0	0	S
NMDC20553357	0	0	0	0	0	S
NMDC20584199	0	0	0	0	0	S
NMDC20551336	0	0	0	0	0	S
NMDC20557350	0	0	0	0	0	S
NMDC20553359	0	0	0	0	0	S
NMDC20555356	0	0	0	0	0	S
NMDC20553361	0	0	0	0	0	S
NMDC20557355	0	0	0	0	0	S
NMDC20584203	0	0	0	0	0	S
NMDC20584205	0	0	0	0	0	S
NMDC20584206	0	0	0	0	0	S
NMDC20584209	0	0	0	0	0	S
NMDC20551341	0	0	0	0	0	S
NMDC20584214	0	0	0	0	0	S
NMDC20557364	0	0	0	0	0	S
NMDC20584216	0	0	0	0	0	S
NMDC20584218	0	0	0	0	0	S
NMDC20555369	0	0	0	0	0	S
NMDC20555370	0	0	0	0	0	S
NMDC20557369	0	0	0	0	0	S
NMDC20553373	0	0	0	0	0	S
NMDC20551347	0	0	0	0	0	S
NMDC20584224	0	0	0	0	0	S
NMDC20557372	0	0	0	0	0	S
NMDC20584230	1	0	0	0	0	S
NMDC20553378	0	0	0	0	0	S
NMDC20584236	0	0	0	0	0	S
NMDC20584238	0	0	0	0	0	S
NMDC20553381	0	0	0	0	0	S
NMDC20553382	0	0	0	0	0	S
NMDC20557378	0	1	0	0	0	S
NMDC20555380	0	0	0	0	0	S
NMDC20584243	0	0	0	0	0	S
NMDC20555377	0	0	0	0	0	S
NMDC20555378	0	0	0	0	0	S
NMDC20584244	0	0	0	0	0	S
NMDC20584245	0	0	0	0	0	S
NMDC20584246	0	0	0	0	0	S
NMDC20555384	0	0	0	0	0	S
NMDC20584257	0	0	0	0	0	S
NMDC20557385	0	0	0	0	0	S
NMDC20557386	0	0	0	0	0	S
NMDC20584260	0	0	0	0	0	S
NMDC20553395	0	0	0	0	0	S
NMDC20551364	0	0	0	0	0	S
NMDC20557389	0	1	0	0	0	S
NMDC20584263	0	0	0	0	0	S
NMDC20551365	0	1	0	0	0	S
NMDC20555387	0	1	0	0	0	S
NMDC20557391	1	0	0	0	0	S
NMDC20553396	0	1	0	0	0	S
NMDC20551370	0	0	0	0	0	S
NMDC20557392	0	0	0	0	0	S
NMDC20584266	0	0	0	0	0	S
NMDC20551367	0	0	0	0	0	S
NMDC20557394	0	0	0	0	0	S
NMDC20555391	0	0	0	0	0	S
NMDC20553399	0	0	0	0	0	S
NMDC20584272	0	0	0	0	0	S
NMDC20555394	0	0	0	0	0	S
NMDC20557395	0	0	0	0	0	S
NMDC20551371	0	0	0	0	0	S
NMDC20584276	0	0	0	0	0	S
NMDC20557398	0	0	0	0	0	S
NMDC20584277	0	0	0	0	0	S
NMDC20584278	0	0	0	0	0	S
NMDC20584286	0	0	0	0	0	S
NMDC20551375	0	0	0	0	0	S
NMDC20584292	0	0	0	0	0	S
NMDC20553403	0	0	0	0	0	S
NMDC20551376	0	0	0	0	0	S
NMDC20584302	0	0	0	0	0	S
NMDC20584307	0	0	0	0	0	S
NMDC20553404	0	0	0	0	0	S
NMDC20584310	0	0	0	0	0	S
NMDC20584312	0	0	0	0	0	S
NMDC20553408	0	0	0	0	0	S
NMDC20584316	0	0	0	0	0	S
NMDC20551387	0	0	0	0	0	S
NMDC20557415	0	0	0	0	0	S
NMDC20553409	0	0	0	0	0	S
NMDC20584324	0	0	0	0	0	S
NMDC20584326	0	0	0	0	0	S
NMDC20551390	0	0	0	0	0	S
NMDC20553412	0	0	0	0	0	S
NMDC20584333	0	0	0	0	0	S
NMDC20555412	0	0	0	0	0	S
NMDC20557420	0	0	0	0	0	S
NMDC20557423	0	0	0	0	0	S
NMDC20584344	0	0	0	0	0	S
NMDC20584345	0	0	0	0	0	S
NMDC20584352	0	0	0	0	0	S
NMDC20584353	0	0	0	0	0	S
NMDC20557427	0	0	0	0	0	S
NMDC20553419	0	0	0	0	0	S
NMDC20584355	0	0	0	0	0	S
NMDC20553424	0	0	0	0	0	S
NMDC20553423	0	0	0	0	0	S
NMDC20557431	0	0	0	0	0	S
NMDC20553425	0	0	0	0	0	S
NMDC20557433	0	0	0	0	0	S
NMDC20584361	0	0	0	0	0	S
NMDC20557436	0	0	0	0	0	S
NMDC20584366	0	0	0	0	0	S
NMDC20557437	0	0	0	0	0	S
NMDC20553427	0	0	0	0	0	S
NMDC20584370	0	0	0	0	0	S
NMDC20584373	0	0	0	0	0	S
NMDC20555422	0	0	0	0	0	S
NMDC20551400	0	0	0	0	0	S
NMDC20557438	0	0	0	0	0	S
NMDC20553430	0	0	0	0	0	S
NMDC20584375	0	0	0	0	0	S
NMDC20557441	0	0	0	0	0	S
NMDC20584377	0	0	0	0	0	S
NMDC20553432	0	0	0	0	0	S
NMDC20551401	0	0	0	0	0	S
NMDC20584378	0	0	0	0	0	S
NMDC20555424	0	0	0	0	0	S
NMDC20553434	0	0	0	0	0	S
NMDC20553435	0	0	0	0	0	S
NMDC20584380	0	0	0	0	0	S
NMDC20551402	0	0	0	0	0	S
NMDC20555426	0	0	0	0	0	S
NMDC20584383	0	0	0	0	0	S
NMDC20555428	0	0	0	0	0	S
NMDC20584385	0	0	0	0	0	S
NMDC20584386	0	0	0	0	0	S
NMDC20584389	0	0	0	0	0	S
NMDC20555429	0	0	0	0	0	S
NMDC20584392	0	0	0	0	0	S
NMDC20557449	0	0	0	0	0	S
NMDC20584394	0	0	0	0	0	S
NMDC20551409	0	0	0	0	0	S
NMDC20584395	0	0	0	0	0	S
NMDC20555432	0	0	0	0	0	S
NMDC20551410	0	0	0	0	0	S
NMDC20553440	0	0	0	0	0	S
NMDC20551414	0	0	0	0	0	S
NMDC20584397	0	0	0	0	0	S
NMDC20555433	0	0	0	0	0	S
NMDC20553441	0	0	0	0	0	S
NMDC20584401	0	0	0	0	0	S
NMDC20557454	0	0	0	0	0	S
NMDC20584404	0	0	0	0	0	S
NMDC20555437	0	0	0	0	0	S
NMDC20551415	0	0	0	0	0	S
NMDC20584409	0	0	0	0	0	S
NMDC20584410	0	0	0	0	0	S
NMDC20584414	0	0	0	0	0	S
NMDC20553443	0	0	0	0	0	S
NMDC20584417	0	0	0	0	0	S
NMDC20555440	0	0	0	0	0	S
NMDC20584421	0	0	0	0	0	S
NMDC20553448	0	0	0	0	0	S
NMDC20584423	0	0	0	0	0	S
NMDC20557460	0	0	0	0	0	S
NMDC20557461	0	0	0	0	0	S
NMDC20555444	0	0	0	0	0	S
NMDC20551419	0	0	0	0	0	S
NMDC20555442	0	1	0	0	0	S
NMDC20557463	0	0	0	0	0	S
NMDC20584901	0	0	0	0	0	S
NMDC20584902	0	0	0	0	0	S
NMDC20553453	0	0	0	0	0	S
NMDC20551420	0	0	0	0	0	S
NMDC20584906	0	0	0	0	0	S
NMDC20584907	0	0	0	0	0	S
NMDC20555445	0	0	0	0	0	S
NMDC20555448	0	0	0	0	0	S
NMDC20555447	0	0	0	0	0	S
NMDC20584910	0	0	0	0	0	S
NMDC20584913	0	0	0	0	0	S
NMDC20555449	0	0	0	0	0	S
NMDC20584920	0	1	0	0	0	S
NMDC20551421	0	0	0	0	0	S
NMDC20584933	0	0	0	0	0	S
NMDC20584934	0	1	0	0	0	S
NMDC20584937	0	0	0	0	0	S
NMDC20555450	0	0	0	0	0	S
NMDC20555451	0	0	0	0	0	S
NMDC20584940	0	0	0	0	0	S
NMDC20584941	0	0	0	0	0	S
NMDC20584942	0	0	0	0	0	S
NMDC20584943	0	0	0	0	0	S
NMDC20584944	0	0	0	0	0	S
NMDC20551422	0	0	0	0	0	S
NMDC20584945	0	0	0	0	0	S
NMDC20551423	0	0	0	0	0	S
NMDC20584946	0	0	0	0	0	S
NMDC20553456	0	0	0	0	0	S
NMDC20584947	0	0	0	0	0	S
NMDC20551424	0	0	0	0	0	S
NMDC20551425	0	0	0	0	0	S
NMDC20584948	0	0	0	0	0	S
NMDC20557464	0	0	0	0	0	S
NMDC20557466	0	0	0	0	0	S
NMDC20551426	0	0	0	0	0	S
NMDC20584950	0	0	0	0	0	S
NMDC20584951	0	0	0	0	0	S
NMDC20551428	0	0	0	0	0	S
NMDC20584952	0	0	0	0	0	S
NMDC20557467	0	0	0	0	0	S
NMDC20584956	0	0	0	0	0	S
NMDC20557469	0	0	0	0	0	S
NMDC20555457	0	0	0	0	0	S
NMDC20584957	0	0	0	0	0	S
NMDC20555458	0	0	0	0	0	S
NMDC20555459	0	0	0	0	0	S
NMDC20557471	0	0	0	0	0	S
NMDC20584962	0	0	0	0	0	S
NMDC20553465	0	0	0	0	0	S
NMDC20555462	0	0	0	0	0	S
NMDC20584966	0	0	0	0	0	S
NMDC20555465	0	0	0	0	0	S
NMDC20557473	0	0	0	0	0	S
NMDC20553471	0	0	0	0	0	S
NMDC20553472	0	0	0	0	0	S
NMDC20557479	0	0	0	0	0	S
NMDC20553475	0	0	0	0	0	S
NMDC20557481	0	0	0	0	0	S
NMDC20584986	0	0	0	0	0	S
NMDC20584987	0	1	0	0	0	S
NMDC20584988	0	0	0	0	0	S
NMDC20584989	0	0	0	0	0	S
NMDC20584990	0	1	0	0	0	S
NMDC20584992	0	0	0	0	0	S
NMDC20584993	0	0	0	0	0	S
NMDC20584996	1	0	0	0	0	S
NMDC20551435	0	0	0	0	0	S
NMDC20584997	0	0	0	0	0	S
NMDC20584998	0	0	0	0	0	S
NMDC20551436	0	0	0	0	0	S
NMDC20584999	0	0	0	0	0	S
NMDC20585001	0	0	0	0	0	S
NMDC20555473	0	0	0	0	0	S
NMDC20551437	0	0	0	0	0	S
NMDC20585004	0	0	0	0	0	S
NMDC20585005	0	1	0	0	0	S
NMDC20585006	1	0	0	0	0	S
NMDC20551438	1	0	0	0	0	S
NMDC20557485	0	0	0	0	0	S
NMDC20585007	0	0	0	0	0	S
NMDC20557486	0	1	0	0	0	S
NMDC20555474	1	0	0	0	0	S
NMDC20585008	0	0	0	0	0	S
NMDC20585009	0	1	0	0	0	S
NMDC20585011	0	1	0	0	0	S
NMDC20555476	0	0	0	0	0	S
NMDC20585012	1	0	0	0	0	S
NMDC20585013	0	0	0	0	0	S
NMDC20585016	0	0	0	0	0	S
NMDC20585017	0	0	0	0	0	S
NMDC20555479	0	1	0	0	0	S
NMDC20585019	1	1	0	0	0	S
NMDC20551441	0	1	0	0	0	S
NMDC20585020	0	1	0	0	0	S
NMDC20553482	1	0	0	0	0	S
NMDC20585023	0	0	0	0	0	S
NMDC20585024	0	0	0	0	0	S
NMDC20585029	0	0	0	0	0	S
NMDC20585035	0	0	0	0	0	S
NMDC20585046	0	0	0	0	0	S
NMDC20555486	0	1	0	0	0	S
NMDC20557501	0	1	0	0	0	S
NMDC20557510	0	0	0	0	0	S
NMDC20553494	0	0	0	0	0	S
NMDC20585069	0	0	0	0	0	S
NMDC20585079	0	0	0	0	0	S
NMDC20553498	0	0	0	0	0	S
NMDC20557512	0	0	0	0	0	S
NMDC20585080	0	0	0	0	0	S
NMDC20551455	0	0	0	0	0	S
NMDC20557513	0	0	0	0	0	S
NMDC20585081	0	0	0	0	0	S
NMDC20585085	0	0	0	0	0	S
NMDC20585086	0	0	0	0	0	S
NMDC20557514	0	0	0	0	0	S
NMDC20557515	0	0	0	0	0	S
NMDC20551456	0	0	0	0	0	S
NMDC20585088	0	0	0	0	0	S
NMDC20555495	0	0	0	0	0	S
NMDC20557517	0	0	0	0	0	S
NMDC20585090	0	0	0	0	0	S
NMDC20551457	0	0	0	0	0	S
NMDC20553499	0	0	0	0	0	S
NMDC20585091	0	0	0	0	0	S
NMDC20553500	0	0	0	0	0	S
NMDC20585092	0	0	0	0	0	S
NMDC20585093	0	0	0	0	0	S
NMDC20557518	0	0	0	0	0	S
NMDC20557523	0	0	0	0	0	S
NMDC20553508	0	0	0	0	0	S
NMDC20585099	0	0	0	0	0	S
NMDC20557528	0	0	0	0	0	S
NMDC20557529	0	0	0	0	0	S
NMDC20551463	0	0	0	0	0	S
NMDC20555499	0	0	0	0	0	S
NMDC20557532	0	0	0	0	0	S
NMDC20585107	0	0	0	0	0	S
NMDC20551468	0	0	0	0	0	S
NMDC20557535	0	0	0	0	0	S
NMDC20585111	0	0	0	0	0	S
NMDC20551474	0	0	0	0	0	S
NMDC20557543	0	0	0	0	0	S
NMDC20585134	0	0	0	0	0	S
NMDC20585139	0	0	0	0	0	S
NMDC20555520	0	0	0	0	0	S
NMDC20585144	0	0	0	0	0	S
NMDC20585146	0	0	0	0	0	S
NMDC20557552	0	0	0	0	0	S
NMDC20585153	0	0	0	0	0	S
NMDC20585154	0	0	0	0	0	S
NMDC20557554	0	0	0	0	0	S
NMDC20585156	0	0	0	0	0	S
NMDC20551488	0	0	0	0	0	S
NMDC20585159	0	0	0	0	0	S
NMDC20557557	0	0	0	0	0	S
NMDC20553535	0	0	0	0	0	S
NMDC20585169	0	0	0	0	0	S
NMDC20551495	0	0	0	0	0	S
NMDC20585176	0	1	0	0	0	S
NMDC20555533	0	0	0	0	0	S
NMDC20551496	0	0	0	0	0	S
NMDC20553541	0	0	0	0	0	S
NMDC20585194	0	0	0	0	0	S
NMDC20557563	1	0	0	0	0	S
NMDC20585202	0	0	0	0	0	S
NMDC20585206	0	0	0	0	0	S
NMDC20553545	0	0	0	0	0	S
NMDC20551504	0	0	0	0	0	S
NMDC20557567	0	0	0	0	0	S
NMDC20557568	0	0	0	0	0	S
NMDC20553549	0	0	0	0	0	S
NMDC20551509	0	0	0	0	0	S
NMDC20585220	0	0	0	0	0	S
NMDC20585227	0	0	0	0	0	S
NMDC20585228	0	0	0	0	0	S
NMDC20553557	0	0	0	0	0	S
NMDC20557583	0	0	0	0	0	S
NMDC20555555	1	1	0	0	0	S
NMDC20555558	1	0	0	0	0	S
NMDC20585233	0	0	0	0	0	S
NMDC20555559	0	0	0	0	0	S
NMDC20557593	0	0	0	0	0	S
NMDC20557594	0	0	0	0	0	S
NMDC20585239	0	0	0	0	0	S
NMDC20551525	0	0	0	0	0	S
NMDC20553568	0	0	0	0	0	S
NMDC20585251	0	0	0	0	0	S
NMDC20585264	0	0	0	0	0	S
NMDC20555567	0	0	0	0	0	S
NMDC20585265	0	0	0	0	0	S
NMDC20585266	0	0	0	0	0	S
NMDC20585267	0	0	0	0	0	S
NMDC20585269	0	0	0	0	0	S
NMDC20553572	0	0	0	0	0	S
NMDC20557607	0	0	0	0	0	S
NMDC20585271	0	0	0	0	0	S
NMDC20585272	0	0	0	0	0	S
NMDC20585274	0	0	0	0	0	S
NMDC20551530	0	0	0	0	0	S
NMDC20585276	0	0	0	0	0	S
NMDC20585277	0	0	0	0	0	S
NMDC20551531	0	1	0	0	0	S
NMDC20585279	0	1	0	0	0	S
NMDC20585281	0	0	0	0	0	S
NMDC20557608	0	0	0	0	0	S
NMDC20557609	0	0	0	0	0	S
NMDC20585282	0	0	0	0	0	S
NMDC20585290	0	0	0	0	0	S
NMDC20585295	0	1	0	0	0	S
NMDC20551533	0	0	0	0	0	S
NMDC20585302	0	0	0	0	0	S
NMDC20585304	0	0	0	0	0	S
NMDC20585311	1	0	0	0	0	S
NMDC20585312	0	1	0	0	0	S
NMDC20585314	0	1	0	0	0	S
NMDC20585315	0	0	0	0	0	S
NMDC20585317	1	0	0	0	0	S
NMDC20551536	1	0	0	0	0	S
NMDC20557612	1	0	0	0	0	S
NMDC20551637	0	0	0	0	0	S
NMDC20557706	0	0	0	0	0	S
NMDC20555677	0	0	0	0	0	S
NMDC20585724	0	0	0	0	0	S
NMDC20551639	0	0	0	0	0	S
NMDC20555678	0	0	0	0	0	S
NMDC20555679	0	0	0	0	0	S
NMDC20585733	0	0	0	0	0	S
NMDC20555681	0	0	0	0	0	S
NMDC20585734	0	0	0	0	0	S
NMDC20551644	0	0	0	0	0	S
NMDC20553676	0	0	0	0	0	S
NMDC20551641	0	0	0	0	0	S
NMDC20585736	0	0	0	0	0	S
NMDC20553677	0	0	0	0	0	S
NMDC20585738	0	0	0	0	0	S
NMDC20557707	0	0	0	0	0	S
NMDC20585740	0	0	0	0	0	S
NMDC20585742	0	0	0	0	0	S
NMDC20555685	0	0	0	0	0	S
NMDC20585747	0	0	0	0	0	S
NMDC20551647	0	0	0	0	0	S
NMDC20551649	0	0	0	0	0	S
NMDC20555688	0	0	0	0	0	S
NMDC20585755	0	0	0	0	0	S
NMDC20585756	0	0	0	0	0	S
NMDC20553680	0	0	0	0	0	S
NMDC20557712	0	0	0	0	0	S
NMDC20557713	0	0	0	0	0	S
NMDC20555690	0	0	0	0	0	S
NMDC20585763	0	0	0	0	0	S
NMDC20551653	0	0	0	0	0	S
NMDC20555691	0	0	0	0	0	S
NMDC20553683	0	0	0	0	0	S
NMDC20585764	0	0	0	0	0	S
NMDC20555692	0	0	0	0	0	S
NMDC20555693	0	0	0	0	0	S
NMDC20557715	0	0	0	0	0	S
NMDC20557716	0	0	0	0	0	S
NMDC20557717	0	0	0	0	0	S
NMDC20585767	0	0	0	0	0	S
NMDC20555695	0	0	0	0	0	S
NMDC20585769	0	0	0	0	0	S
NMDC20555697	0	0	0	0	0	S
NMDC20585772	0	0	0	0	0	S
NMDC20585773	0	0	0	0	0	S
NMDC20557719	0	0	0	0	0	S
NMDC20557721	0	0	0	0	0	S
NMDC20557720	0	0	0	0	0	S
NMDC20555700	0	0	0	0	0	S
NMDC20585774	0	0	0	0	0	S
NMDC20585775	0	0	0	0	0	S
NMDC20585776	0	0	0	0	0	S
NMDC20585777	0	0	0	0	0	S
NMDC20555701	0	0	0	0	0	S
NMDC20557726	0	0	0	0	0	S
NMDC20553689	0	0	0	0	0	S
NMDC20585779	0	0	0	0	0	S
NMDC20557722	0	0	0	0	0	S
NMDC20585781	0	0	0	0	0	S
NMDC20553691	0	0	0	0	0	S
NMDC20585783	0	0	0	0	0	S
NMDC20555703	0	0	0	0	0	S
NMDC20557725	0	0	0	0	0	S
NMDC20553693	0	0	0	0	0	S
NMDC20557724	0	0	0	0	0	S
NMDC20585792	0	0	0	0	0	S
NMDC20551667	0	0	0	0	0	S
NMDC20585794	0	0	0	0	0	S
NMDC20557728	0	0	0	0	0	S
NMDC20555710	0	0	0	0	0	S
NMDC20585795	0	0	0	0	0	S
NMDC20557729	0	0	0	0	0	S
NMDC20555711	0	0	0	0	0	S
NMDC20553697	0	0	0	0	0	S
NMDC20585799	0	0	0	0	0	S
NMDC20585801	0	0	0	0	0	S
NMDC20553700	0	0	0	0	0	S
NMDC20553701	0	0	0	0	0	S
NMDC20553702	0	0	0	0	0	S
NMDC20557735	0	0	0	0	0	S
NMDC20553704	0	0	0	0	0	S
NMDC20551676	0	0	0	0	0	S
NMDC20585810	0	0	0	0	0	S
NMDC20585812	0	0	0	0	0	S
NMDC20585815	0	0	0	0	0	S
NMDC20551678	0	0	0	0	0	S
NMDC20585819	0	0	0	0	0	S
NMDC20555717	0	0	0	0	0	S
NMDC20585822	0	0	0	0	0	S
NMDC20585823	0	0	0	0	0	S
NMDC20551681	0	0	0	0	0	S
NMDC20585825	0	0	0	0	0	S
NMDC20585828	0	0	0	0	0	S
NMDC20585831	0	0	0	0	0	S
NMDC20585837	0	0	0	0	0	S
NMDC20585839	0	0	0	0	0	S
NMDC20585843	0	0	0	0	0	S
NMDC20585848	0	0	0	0	0	S
NMDC20585853	0	0	0	0	0	S
NMDC20585854	0	0	0	0	0	S
NMDC20585860	0	0	0	0	0	S
NMDC20585862	0	0	0	0	0	S
NMDC20585871	0	0	0	0	0	S
NMDC20585873	0	0	0	0	0	S
NMDC20585874	0	0	0	0	0	S
NMDC20585876	0	0	0	0	0	S
NMDC20585877	0	0	0	0	0	S
NMDC20585878	0	0	0	0	0	S
NMDC20557739	0	0	0	0	0	S
NMDC20585879	0	0	0	0	0	S
NMDC20551690	0	0	0	0	0	S
NMDC20551691	0	0	0	0	0	S
NMDC20553711	0	0	0	0	0	S
NMDC20585883	0	0	0	0	0	S
NMDC20585884	0	0	0	0	0	S
NMDC20585885	0	0	0	0	0	S
NMDC20553712	0	0	0	0	0	S
NMDC20585888	0	0	0	0	0	S
NMDC20551693	0	0	0	0	0	S
NMDC20555720	0	0	0	0	0	S
NMDC20585891	0	1	0	0	0	S
NMDC20553715	0	0	0	0	0	S
NMDC20551694	0	0	0	0	0	S
NMDC20585893	0	1	0	0	0	S
NMDC20555723	0	0	0	0	0	S
NMDC20555724	0	0	0	0	0	S
NMDC20557742	0	0	0	0	0	S
NMDC20555727	0	0	0	0	0	S
NMDC20585899	0	0	0	0	0	S
NMDC20585900	0	0	0	0	0	S
NMDC20557743	0	0	0	0	0	S
NMDC20553717	0	0	0	0	0	S
NMDC20553718	0	0	0	0	0	S
NMDC20551696	0	0	0	0	0	S
NMDC20585908	0	0	0	0	0	S
NMDC20585909	0	0	0	0	0	S
NMDC20555730	0	0	0	0	0	S
NMDC20557745	0	0	0	0	0	S
NMDC20551699	0	1	0	0	0	S
NMDC20585916	0	0	0	0	0	S
NMDC20551701	0	0	0	0	0	S
NMDC20551702	0	0	0	0	0	S
NMDC20551703	0	0	0	0	0	S
NMDC20553720	0	0	0	0	0	S
NMDC20555731	0	0	0	0	0	S
NMDC20555732	0	0	0	0	0	S
NMDC20557748	0	0	0	0	0	S
NMDC20585921	0	0	0	0	0	S
NMDC20553724	0	0	0	0	0	S
NMDC20555737	0	0	0	0	0	S
NMDC20557750	0	0	0	0	0	S
NMDC20557751	0	0	0	0	0	S
NMDC20557752	0	0	0	0	0	S
NMDC20551709	0	0	0	0	0	S
NMDC20551710	0	0	0	0	0	S
NMDC20555740	0	0	0	0	0	S
NMDC20553727	0	0	0	0	0	S
NMDC20557756	0	0	0	0	0	S
NMDC20585930	0	0	0	0	0	S
NMDC20585931	0	0	0	0	0	S
NMDC20585932	0	0	0	0	0	S
NMDC20555743	0	0	0	0	0	S
NMDC20557758	0	0	0	0	0	S
NMDC20557759	1	0	0	0	0	S
NMDC20551713	0	0	0	0	0	S
NMDC20551715	0	0	0	0	0	S
NMDC20555744	0	0	0	0	0	S
NMDC20553731	0	0	0	0	0	S
NMDC20585938	1	0	0	0	0	S
NMDC20585940	0	0	0	0	0	S
NMDC20553732	0	0	0	0	0	S
NMDC20585941	0	0	0	0	0	S
NMDC20551716	0	0	0	0	0	S
NMDC20585943	0	0	0	0	0	S
NMDC20557761	0	0	0	0	0	S
NMDC20585944	0	0	0	0	0	S
NMDC20555746	0	0	0	0	0	S
NMDC20585945	0	0	0	0	0	S
NMDC20553737	0	0	0	0	0	S
NMDC20585952	0	0	0	0	0	S
NMDC20585955	0	0	0	0	0	S
NMDC20555747	0	0	0	0	0	S
NMDC20585956	0	0	0	0	0	S
NMDC20551723	0	0	0	0	0	S
NMDC20551726	0	0	0	0	0	S
NMDC20555748	0	0	0	0	0	S
NMDC20557769	0	1	0	0	0	S
NMDC20555749	0	0	0	0	0	S
NMDC20585959	0	1	0	0	0	S
NMDC20585960	0	1	0	0	0	S
NMDC20585963	0	0	0	0	0	S
NMDC20585964	0	0	0	0	0	S
NMDC20553743	0	1	0	0	0	S
NMDC20557770	0	0	0	0	0	S
NMDC20551729	0	0	0	0	0	S
NMDC20585970	0	0	0	0	0	S
NMDC20585971	0	0	0	0	0	S
NMDC20585974	0	0	0	0	0	S
NMDC20551730	0	0	0	0	0	S
NMDC20557777	0	0	0	0	0	S
NMDC20551744	0	0	0	0	0	S
NMDC20553750	0	0	0	0	0	S
NMDC20585982	0	0	0	0	0	S
NMDC20551736	0	0	0	0	0	S
NMDC20551737	0	0	0	0	0	S
NMDC20585985	0	0	0	0	0	S
NMDC20585987	0	0	0	0	0	S
NMDC20585988	0	0	0	0	0	S
NMDC20585990	0	0	0	0	0	S
NMDC20551738	0	0	0	0	0	S
NMDC20553752	0	0	0	0	0	S
NMDC20555760	0	0	0	0	0	S
NMDC20585992	0	0	0	0	0	S
NMDC20557784	0	0	0	0	0	S
NMDC20585998	0	0	0	0	0	S
NMDC20551740	0	0	0	0	0	S
NMDC20553754	0	0	0	0	0	S
NMDC20586003	0	0	0	0	0	S
NMDC20555761	0	0	0	0	0	S
NMDC20555762	0	0	0	0	0	S
NMDC20586004	0	0	0	0	0	S
NMDC20551742	0	0	0	0	0	S
NMDC20557785	0	0	0	0	0	S
NMDC20553755	0	0	0	0	0	S
NMDC20555763	0	0	0	0	0	S
NMDC20553756	0	0	0	0	0	S
NMDC20557790	0	0	0	0	0	S
NMDC20557791	0	0	0	0	0	S
NMDC20553757	0	0	0	0	0	S
NMDC20553759	0	0	0	0	0	S
NMDC20586017	0	0	0	0	0	S
NMDC20551750	0	0	0	0	0	S
NMDC20555768	0	0	0	0	0	S
NMDC20551749	0	0	0	0	0	S
NMDC20555770	0	0	0	0	0	S
NMDC20553762	0	0	0	0	0	S
NMDC20551751	0	0	0	0	0	S
NMDC20586020	0	0	0	0	0	S
NMDC20553765	0	0	0	0	0	S
NMDC20553768	0	0	0	0	0	S
NMDC20586021	0	0	0	0	0	S
NMDC20553766	0	0	0	0	0	S
NMDC20586022	0	0	0	0	0	S
NMDC20586023	0	0	0	0	0	S
NMDC20555771	0	1	0	0	0	S
NMDC20586024	0	0	0	0	0	S
NMDC20586025	0	0	0	0	0	S
NMDC20586028	0	1	0	0	0	S
NMDC20586030	0	0	0	0	0	S
NMDC20586032	0	0	0	0	0	S
NMDC20586033	0	0	0	0	0	S
NMDC20586034	1	0	0	0	0	S
NMDC20586035	0	0	0	0	0	S
NMDC20586036	0	0	0	0	0	S
NMDC20586039	0	0	0	0	0	S
NMDC20586041	0	0	0	0	0	S
NMDC20586045	0	0	0	0	0	S
NMDC20586046	0	1	0	0	0	S
NMDC20586052	0	0	0	0	0	S
NMDC20586054	0	0	0	0	0	S
NMDC20586055	0	0	0	0	0	S
NMDC20586067	0	0	0	0	0	S
NMDC20586070	0	0	0	0	0	S
NMDC20586071	0	0	0	0	0	S
NMDC20586078	0	0	0	0	0	S
NMDC20586079	0	0	0	0	0	S
NMDC20586083	0	0	0	0	0	S
NMDC20586085	0	0	0	0	0	S
NMDC20586086	0	0	0	0	0	S
NMDC20586088	0	0	0	0	0	S
NMDC20586089	0	0	0	0	0	S
NMDC20586091	0	0	0	0	0	S
NMDC20586092	0	0	0	0	0	S
NMDC20586094	0	0	0	0	0	S
NMDC20586098	0	0	0	0	0	S
NMDC20586099	0	0	0	0	0	S
NMDC20586101	0	0	0	0	0	S
NMDC20557794	0	0	0	0	0	S
NMDC20553770	0	0	0	0	0	S
NMDC20555773	0	0	0	0	0	S
NMDC20555774	0	0	0	0	0	S
NMDC20555776	0	0	0	0	0	S
NMDC20586105	0	0	0	0	0	S
NMDC20586106	0	0	0	0	0	S
NMDC20557796	0	0	0	0	0	S
NMDC20586107	0	0	0	0	0	S
NMDC20553772	0	0	0	0	0	S
NMDC20551760	0	0	0	0	0	S
NMDC20551762	0	0	0	0	0	S
NMDC20586119	0	0	0	0	0	S
NMDC20586120	0	0	0	0	0	S
NMDC20557806	0	0	0	0	0	S
NMDC20586123	0	0	0	0	0	S
NMDC20586125	0	0	0	0	0	S
NMDC20553780	0	0	0	0	0	S
NMDC20551768	0	0	0	0	0	S
NMDC20551769	0	0	0	0	0	S
NMDC20586128	0	0	0	0	0	S
NMDC20555793	0	0	0	0	0	S
NMDC20555794	0	0	0	0	0	S
NMDC20586129	0	0	0	0	0	S
NMDC20555797	0	0	0	0	0	S
NMDC20586138	0	0	0	0	0	S
NMDC20586140	0	0	0	0	0	S
NMDC20553788	0	0	0	0	0	S
NMDC20586141	0	0	0	0	0	S
NMDC20586144	0	0	0	0	0	S
NMDC20555800	0	0	0	0	0	S
NMDC20586147	0	0	0	0	0	S
NMDC20586148	0	0	0	0	0	S
NMDC20557816	0	0	0	0	0	S
NMDC20551782	0	0	0	0	0	S
NMDC20555805	0	0	0	0	0	S
NMDC20557818	0	0	0	0	0	S
NMDC20551783	0	0	0	0	0	S
NMDC20586159	0	0	0	0	0	S
NMDC20586161	0	1	0	0	0	S
NMDC20586162	0	0	0	0	0	S
NMDC20553793	0	0	0	0	0	S
NMDC20553794	0	0	0	0	0	S
NMDC20557821	0	0	0	0	0	S
NMDC20586165	0	0	0	0	0	S
NMDC20551784	0	0	0	0	0	S
NMDC20553795	0	0	0	0	0	S
NMDC20586167	0	0	0	0	0	S
NMDC20586168	0	0	0	0	0	S
NMDC20555809	0	0	0	0	0	S
NMDC20586171	0	0	0	0	0	S
NMDC20553798	0	0	0	0	0	S
NMDC20586173	0	0	0	0	0	S
NMDC20555811	0	0	0	0	0	S
NMDC20553807	0	0	0	0	0	S
NMDC20553803	0	0	0	0	0	S
NMDC20553804	0	0	0	0	0	S
NMDC20586176	0	0	0	0	1	S
NMDC20586178	0	0	0	0	0	S
NMDC20551787	0	0	0	0	0	S
NMDC20586179	0	0	0	0	0	S
NMDC20551790	0	0	0	0	0	S
NMDC20555814	0	0	0	0	0	S
NMDC20553808	0	0	0	0	0	S
NMDC20586186	0	0	0	0	0	S
NMDC20553813	0	0	0	0	0	S
NMDC20586191	0	0	0	0	0	S
NMDC20551793	0	0	0	0	0	S
NMDC20551794	0	0	0	0	0	S
NMDC20586192	0	0	0	0	0	S
NMDC20555822	0	0	0	0	0	S
NMDC20557832	0	0	0	0	0	S
NMDC20557833	0	0	0	0	0	S
NMDC20586193	0	1	0	0	0	S
NMDC20553814	0	0	0	0	0	S
NMDC20557835	0	0	0	0	0	S
NMDC20586196	0	0	0	0	0	S
NMDC20551801	0	0	0	0	0	S
NMDC20586197	0	0	0	0	0	S
NMDC20586199	0	0	0	0	0	S
NMDC20586201	0	0	0	0	0	S
NMDC20586203	0	0	0	0	0	S
NMDC20555826	0	0	0	0	0	S
NMDC20586204	0	0	0	0	0	S
NMDC20553815	0	0	0	0	0	S
NMDC20586205	0	1	0	0	0	S
NMDC20586206	0	0	0	0	0	S
NMDC20586208	0	0	0	0	0	S
NMDC20553818	0	0	0	0	0	S
NMDC20586209	0	0	0	0	0	S
NMDC20586210	0	0	0	0	0	S
NMDC20586212	0	0	0	0	0	S
NMDC20557843	0	0	0	0	0	S
NMDC20551807	0	0	0	0	0	S
NMDC20553820	0	0	0	0	0	S
NMDC20586220	0	0	0	0	0	S
NMDC20551808	0	0	0	0	0	S
NMDC20557845	0	0	0	0	0	S
NMDC20551810	0	0	0	0	0	S
NMDC20557847	0	0	0	0	0	S
NMDC20551813	0	0	0	0	0	S
NMDC20551815	0	0	0	0	0	S
NMDC20553827	0	0	0	0	0	S
NMDC20553828	0	0	0	0	0	S
NMDC20586236	0	0	0	0	0	S
NMDC20586241	0	0	0	0	0	S
NMDC20553830	0	0	0	0	0	S
NMDC20553831	1	0	0	0	0	S
NMDC20586243	0	0	0	0	0	S
NMDC20586249	0	0	0	0	0	S
NMDC20553833	0	0	0	0	0	S
NMDC20555842	0	0	0	0	0	S
NMDC20586251	0	0	0	0	0	S
NMDC20555843	0	0	0	0	0	S
NMDC20551821	0	0	0	0	0	S
NMDC20551822	0	0	0	0	0	S
NMDC20555846	0	0	0	0	0	S
NMDC20557858	0	0	0	0	0	S
NMDC20553835	0	0	0	0	0	S
NMDC20557859	0	0	0	0	0	S
NMDC20586254	0	0	0	0	0	S
NMDC20586255	0	0	0	0	0	S
NMDC20555850	0	0	0	0	0	S
NMDC20551828	0	0	0	0	0	S
NMDC20586257	0	0	0	0	0	S
NMDC20555853	0	0	0	0	0	S
NMDC20586266	0	0	0	0	0	S
NMDC20553842	0	0	0	0	0	S
NMDC20553843	0	0	0	0	0	S
NMDC20553844	0	0	0	0	0	S
NMDC20553845	0	0	0	0	0	S
NMDC20586270	0	0	0	0	0	S
NMDC20586271	0	0	0	0	0	S
NMDC20555856	0	0	0	0	0	S
NMDC20586273	0	0	0	0	0	S
NMDC20553846	0	0	0	0	0	S
NMDC20586277	0	0	0	0	0	S
NMDC20553847	0	0	0	0	0	S
NMDC20586281	0	0	0	0	0	S
NMDC20555860	0	0	0	0	0	S
NMDC20586283	0	0	0	0	0	S
NMDC20586285	0	0	0	0	0	S
NMDC20553849	0	0	0	0	0	S
NMDC20553850	0	0	0	0	0	S
NMDC20586286	0	0	0	0	0	S
NMDC20553851	0	0	0	0	0	S
NMDC20586297	0	0	0	0	0	S
NMDC20551843	0	0	0	0	0	S
NMDC20551851	0	0	0	0	0	S
NMDC20586385	0	0	0	0	0	S
NMDC20586387	0	0	0	0	0	S
NMDC20557876	0	0	0	0	0	S
NMDC20553866	0	0	0	0	0	S
NMDC20551852	0	0	0	0	0	S
NMDC20551854	0	0	0	0	0	S
NMDC20586389	0	0	0	0	0	S
NMDC20553867	0	1	0	0	0	S
NMDC20551857	0	0	0	0	0	S
NMDC20557881	0	0	0	0	0	S
NMDC20586392	0	0	0	0	0	S
NMDC20586393	0	0	0	0	0	S
NMDC20555882	0	0	0	0	0	S
NMDC20553871	0	0	0	0	0	S
NMDC20555883	0	0	0	0	0	S
NMDC20557883	0	0	0	0	0	S
NMDC20553873	0	0	0	0	0	S
NMDC20557885	0	0	0	0	0	S
NMDC20555884	0	0	0	0	0	S
NMDC20555886	0	0	0	0	0	S
NMDC20586398	0	0	0	0	0	S
NMDC20555887	0	0	0	0	0	S
NMDC20586399	0	0	0	0	0	S
NMDC20586401	0	0	0	0	0	S
NMDC20586402	0	0	0	0	0	S
NMDC20586403	0	0	0	0	0	S
NMDC20555888	0	0	0	0	0	S
NMDC20586405	0	0	0	0	0	S
NMDC20586408	0	0	0	0	0	S
NMDC20586413	0	0	0	0	0	S
NMDC20586414	0	0	0	0	0	S
NMDC20586417	0	0	0	0	0	S
NMDC20586418	0	0	0	0	0	S
NMDC20551863	0	0	0	0	0	S
NMDC20586419	0	0	0	0	0	S
NMDC20555894	0	0	0	0	0	S
NMDC20586420	0	0	0	0	0	S
NMDC20586421	0	0	0	0	0	S
NMDC20586423	0	0	0	0	0	S
NMDC20551867	0	0	0	0	0	S
NMDC20586431	0	0	0	0	0	S
NMDC20555900	0	0	0	0	0	S
NMDC20557889	0	0	0	0	0	S
NMDC20551868	0	0	0	0	0	S
NMDC20586439	0	0	0	0	0	S
NMDC20553880	0	0	0	0	0	S
NMDC20586444	0	0	0	0	0	S
NMDC20586450	0	0	0	0	0	S
NMDC20557894	0	0	0	0	0	S
NMDC20553883	0	0	0	0	0	S
NMDC20586460	0	0	0	0	0	S
NMDC20555904	0	0	0	0	0	S
NMDC20557897	0	0	0	0	0	S
NMDC20586462	0	0	0	0	0	S
NMDC20586464	0	0	0	0	0	S
NMDC20557898	0	0	0	0	0	S
NMDC20586466	0	0	0	0	0	S
NMDC20555905	0	0	0	0	0	S
NMDC20586469	0	0	0	0	0	S
NMDC20555907	0	0	0	0	0	S
NMDC20551876	0	0	0	0	0	S
NMDC20586475	0	0	0	0	0	S
NMDC20557902	1	0	0	0	0	S
NMDC20553888	0	0	0	0	0	S
NMDC20557904	0	0	0	0	0	S
NMDC20555910	0	0	0	0	0	S
NMDC20586483	0	0	0	0	0	S
NMDC20553890	0	0	0	0	0	S
NMDC20555913	0	0	0	0	0	S
NMDC20555917	0	0	0	0	0	S
NMDC20553892	0	0	0	0	0	S
NMDC20553893	0	0	0	0	0	S
NMDC20586493	0	0	0	0	0	S
NMDC20586497	0	0	0	0	0	S
NMDC20551889	0	0	0	0	0	S
NMDC20551890	0	0	0	0	0	S
NMDC20586513	1	0	0	0	0	S
NMDC20586521	0	0	0	0	0	S
NMDC20586525	0	0	0	0	0	S
NMDC20551894	0	0	0	0	0	S
NMDC20586531	0	0	1	0	0	S
NMDC20586540	0	0	0	0	0	S
NMDC20586541	0	0	0	0	0	S
NMDC20557918	0	0	0	0	0	S
NMDC20586545	0	0	0	0	0	S
NMDC20555938	0	0	0	0	0	S
NMDC20586553	0	0	0	0	0	S
NMDC20555940	0	0	0	0	0	S
NMDC20586555	0	0	0	0	0	S
NMDC20555944	0	0	0	0	0	S
NMDC20586558	0	0	0	0	0	S
NMDC20557924	0	0	0	0	0	S
NMDC20551908	0	0	0	0	0	S
NMDC20553917	0	0	0	0	0	S
NMDC20586580	0	0	0	0	0	S
NMDC20557931	0	0	0	0	0	S
NMDC20553926	0	0	0	0	0	S
NMDC20586583	0	0	0	0	0	S
NMDC20551916	0	0	0	0	0	S
NMDC20586584	0	0	0	0	0	S
NMDC20557932	0	0	0	0	0	S
NMDC20553927	0	0	0	0	0	S
NMDC20553928	0	0	0	0	0	S
NMDC20555951	0	0	0	0	0	S
NMDC20557933	0	0	0	0	0	S
NMDC20551919	0	0	0	0	0	S
NMDC20553932	0	0	0	0	0	S
NMDC20551922	0	0	0	0	0	S
NMDC20586596	0	0	0	0	0	S
NMDC20555955	0	0	0	0	0	S
NMDC20586599	0	0	0	0	0	S
NMDC20586600	0	0	0	0	0	S
NMDC20586601	0	0	0	0	0	S
NMDC20557939	0	0	0	0	0	S
NMDC20555962	0	0	0	0	0	S
NMDC20586604	0	0	0	0	0	S
NMDC20557942	0	0	0	0	0	S
NMDC20551932	0	0	0	0	0	S
NMDC20551933	0	0	0	0	0	S
NMDC20586605	0	0	0	0	0	S
NMDC20553937	0	0	0	0	0	S
NMDC20586610	0	0	0	0	0	S
NMDC20557947	0	0	0	0	0	S
NMDC20553945	0	0	0	0	0	S
NMDC20586617	0	0	0	0	0	S
NMDC20551936	0	0	0	0	0	S
NMDC20553946	0	0	0	0	0	S
NMDC20553947	0	0	0	0	0	S
NMDC20551937	0	0	0	0	0	S
NMDC20551957	0	0	0	0	0	S
NMDC20586662	0	0	0	0	0	S
NMDC20553968	0	0	0	0	0	S
NMDC20586663	0	0	0	0	0	S
NMDC20586664	0	0	0	0	0	S
NMDC20553969	0	0	0	0	0	S
NMDC20586666	0	0	0	0	0	S
NMDC20553971	0	0	0	0	0	S
NMDC20586669	0	0	0	0	0	S
NMDC20586671	0	0	0	0	0	S
NMDC20555982	0	0	0	0	0	S
NMDC20557982	0	1	0	0	0	S
NMDC20553975	0	0	0	0	0	S
NMDC20551967	0	0	0	0	0	S
NMDC20553980	0	0	0	0	0	S
NMDC20586678	0	0	0	0	0	S
NMDC20553983	0	0	0	0	0	S
NMDC20586684	0	0	0	0	0	S
NMDC20557992	0	0	0	0	0	S
NMDC20586688	0	0	0	0	0	S
NMDC20586691	0	0	0	0	0	S
NMDC20586692	0	0	0	0	0	S
NMDC20586699	0	0	0	0	0	S
NMDC20586703	0	0	0	0	0	S
NMDC20557996	0	0	0	0	0	S
NMDC20553989	0	0	0	0	0	S
NMDC20551978	0	0	0	0	0	S
NMDC20553992	0	0	0	0	0	S
NMDC20586711	0	0	0	0	0	S
NMDC20551979	0	0	0	0	0	S
NMDC20553995	0	0	0	0	0	S
NMDC20586714	0	0	0	0	0	S
NMDC20556000	0	0	0	0	0	S
NMDC20586721	0	0	0	0	0	S
NMDC20586725	0	0	0	0	0	S
NMDC20586727	0	0	0	0	0	S
NMDC20556003	0	0	0	0	0	S
NMDC20586730	0	0	0	0	0	S
NMDC20554002	0	0	0	0	0	S
NMDC20558008	0	0	0	0	0	S
NMDC20586735	0	0	0	0	0	S
NMDC20586739	0	0	0	0	0	S
NMDC20558013	1	0	0	0	0	S
NMDC20551992	0	0	0	0	0	S
NMDC20556012	0	1	0	0	0	S
NMDC20551994	0	0	0	0	0	S
NMDC20551995	1	0	0	0	0	S
NMDC20556014	1	1	0	0	0	S
NMDC20554009	0	1	0	0	0	S
NMDC20586756	0	0	0	0	0	S
NMDC20558017	0	0	0	0	0	S
NMDC20551997	0	0	0	0	0	S
NMDC20556017	0	0	0	0	0	S
NMDC20558022	1	1	0	0	0	S
NMDC20554014	0	1	0	0	0	S
NMDC20554015	1	0	0	0	0	S
NMDC20586767	0	1	0	0	0	S
NMDC20586771	0	0	0	0	0	S
NMDC20586773	0	1	0	0	1	S
NMDC20586776	0	0	0	0	0	S
NMDC20556021	0	0	0	0	0	S
NMDC20586777	0	0	0	0	0	S
NMDC20586778	0	0	0	0	0	S
NMDC20586783	0	0	0	0	0	S
NMDC20586784	0	0	0	0	0	S
NMDC20556041	0	0	0	0	0	S
NMDC20556022	1	0	0	0	0	S
NMDC20552000	0	0	0	0	0	S
NMDC20554020	1	0	0	0	0	S
NMDC20554021	0	0	0	0	0	S
NMDC20586794	0	0	0	0	0	S
NMDC20586795	0	0	0	0	0	S
NMDC20586796	0	0	0	0	0	S
NMDC20586797	0	0	0	0	0	S
NMDC20556029	0	1	0	0	0	S
NMDC20556030	0	0	0	0	0	S
NMDC20556031	0	0	0	0	0	S
NMDC20586800	0	0	0	0	0	S
NMDC20586801	0	1	0	0	0	S
NMDC20586802	0	0	0	0	0	S
NMDC20556032	0	0	0	0	0	S
NMDC20586803	0	0	0	0	0	S
NMDC20556034	0	1	0	0	0	S
NMDC20552004	1	1	0	0	0	S
NMDC20556036	0	1	0	0	0	S
NMDC20586810	0	0	0	0	0	S
NMDC20586811	0	0	0	0	0	S
NMDC20556037	0	1	0	0	0	S
NMDC20556039	0	1	0	0	0	S
NMDC20586812	0	0	0	0	0	S
NMDC20586813	0	0	0	0	0	S
NMDC20558035	0	0	0	0	0	S
NMDC20554027	1	0	0	0	0	S
NMDC20554028	0	0	0	0	0	S
NMDC20556042	0	0	0	0	0	S
NMDC20554029	0	0	0	0	0	S
NMDC20552009	0	0	0	0	0	S
NMDC20558038	0	0	0	0	0	S
NMDC20556043	0	0	0	0	0	S
NMDC20586824	0	0	0	0	0	S
NMDC20556044	0	0	0	0	0	S
NMDC20556045	0	0	0	0	0	S
NMDC20586826	0	0	0	0	0	S
NMDC20586827	0	0	0	0	0	S
NMDC20586828	0	0	0	0	0	S
NMDC20554031	0	0	0	0	0	S
NMDC20552011	0	0	0	0	0	S
NMDC20552012	0	0	0	0	0	S
NMDC20554035	0	0	0	0	0	S
NMDC20586837	0	0	0	0	0	S
NMDC20554040	0	1	0	0	0	S
NMDC20552014	0	0	0	0	0	S
NMDC20558043	0	1	0	0	0	S
NMDC20586838	0	1	0	0	0	S
NMDC20586839	0	0	0	0	0	S
NMDC20558047	0	0	0	0	0	S
NMDC20558048	0	0	0	0	0	S
NMDC20554045	0	0	0	0	0	S
NMDC20556051	0	0	0	0	0	S
NMDC20558050	0	0	0	0	0	S
NMDC20552017	0	0	0	0	0	S
NMDC20552018	0	0	0	0	0	S
NMDC20552019	0	0	0	0	0	S
NMDC20552023	0	0	0	0	0	S
NMDC20552020	0	0	0	0	0	S
NMDC20558051	0	0	0	0	0	S
NMDC20556052	0	0	0	0	0	S
NMDC20558052	0	0	0	0	0	S
NMDC20552025	0	0	0	0	0	S
NMDC20586856	0	0	0	0	0	S
NMDC20556053	0	0	0	0	0	S
NMDC20558055	0	0	0	0	0	S
NMDC20554052	0	0	0	0	0	S
NMDC20586862	0	0	0	0	0	S
NMDC20554051	0	0	0	0	0	S
NMDC20558058	0	0	0	0	0	S
NMDC20558059	0	0	0	0	0	S
NMDC20556057	0	0	0	0	0	S
NMDC20586869	0	0	0	0	0	S
NMDC20556060	0	0	0	0	0	S
NMDC20586870	0	0	0	0	0	S
NMDC20586871	0	0	0	0	0	S
NMDC20552031	0	0	0	0	0	S
NMDC20552032	0	0	0	0	0	S
NMDC20586873	0	0	0	0	0	S
NMDC20554054	0	0	0	0	0	S
NMDC20552033	0	0	0	0	0	S
NMDC20586877	0	0	0	0	0	S
NMDC20558063	0	0	0	0	0	S
NMDC20586878	0	0	0	0	0	S
NMDC20558068	0	0	0	0	0	S
NMDC20554061	0	0	0	0	0	S
NMDC20586886	0	0	0	0	0	S
NMDC20554062	0	0	0	0	0	S
NMDC20586887	0	0	0	0	0	S
NMDC20554063	0	0	0	0	0	S
NMDC20586888	0	0	0	0	0	S
NMDC20558069	0	0	0	0	0	S
NMDC20558070	0	0	0	0	0	S
NMDC20556067	0	0	0	0	0	S
NMDC20558071	0	0	0	0	0	S
NMDC20552035	0	0	0	0	0	S
NMDC20586889	0	0	0	0	0	S
NMDC20554064	0	0	0	0	0	S
NMDC20558072	0	0	0	0	0	S
NMDC20554066	0	0	0	0	0	S
NMDC20586890	0	0	0	0	0	S
NMDC20586891	0	0	0	0	0	S
NMDC20554067	0	0	0	0	0	S
NMDC20554068	0	0	0	0	0	S
NMDC20554070	0	0	0	0	0	S
NMDC20556069	0	0	0	0	0	S
NMDC20554069	0	0	0	0	0	S
NMDC20586893	0	0	0	0	0	S
NMDC20558073	0	0	0	0	0	S
NMDC20586895	0	0	0	0	0	S
NMDC20552039	0	0	0	0	0	S
NMDC20586898	0	0	0	0	0	S
NMDC20554072	0	0	0	0	0	S
NMDC20558075	0	0	0	0	0	S
NMDC20558077	0	0	0	0	0	S
NMDC20586904	0	0	0	0	0	S
NMDC20586906	0	0	0	0	0	S
NMDC20552041	0	0	0	0	0	S
NMDC20558079	0	0	0	0	0	S
NMDC20556072	0	0	0	0	0	S
NMDC20586912	0	0	0	0	0	S
NMDC20558082	0	0	0	0	0	S
NMDC20554076	0	0	0	0	0	S
NMDC20586913	0	0	0	0	0	S
NMDC20556079	0	0	0	0	0	S
NMDC20554077	0	0	0	0	0	S
NMDC20556075	0	0	0	0	0	S
NMDC20558084	0	0	0	0	0	S
NMDC20556076	0	0	0	0	0	S
NMDC20586915	0	0	0	0	0	S
NMDC20552043	0	0	0	0	0	S
NMDC20552044	0	1	0	0	0	S
NMDC20556078	0	0	0	0	0	S
NMDC20586916	0	0	0	0	0	S
NMDC20586918	0	0	0	0	0	S
NMDC20552045	0	0	0	0	0	S
NMDC20586919	0	0	0	0	0	S
NMDC20554078	0	0	0	0	0	S
NMDC20556080	0	0	0	0	0	S
NMDC20586923	0	0	0	0	0	S
NMDC20554123	0	0	0	0	0	S
NMDC20552092	0	0	0	0	0	S
NMDC20558124	0	0	0	0	0	S
NMDC20558128	0	1	0	0	0	S
NMDC20587029	0	0	0	0	0	S
NMDC20554129	0	0	0	0	0	S
NMDC20587030	0	0	0	0	0	S
NMDC20587031	0	0	0	0	0	S
NMDC20558129	0	0	0	0	0	S
NMDC20587033	0	0	0	0	0	S
NMDC20554128	0	1	0	0	0	S
NMDC20552096	0	0	0	0	0	S
NMDC20587041	0	1	0	0	0	S
NMDC20587043	1	0	0	0	0	S
NMDC20556123	0	0	0	0	0	S
NMDC20552097	0	0	0	0	0	S
NMDC20552098	0	0	0	0	0	S
NMDC20556124	0	0	0	0	0	S
NMDC20552100	0	0	0	0	0	S
NMDC20554133	0	0	0	0	0	S
NMDC20587045	0	0	0	0	0	S
NMDC20552101	1	0	0	0	0	S
NMDC20554132	0	0	0	0	0	S
NMDC20587048	0	0	0	0	0	S
NMDC20587049	0	0	0	0	0	S
NMDC20587053	0	0	0	0	0	S
NMDC20588190	0	0	0	0	0	S
NMDC20588191	0	0	0	0	0	S
NMDC20554397	0	0	0	0	0	S
NMDC20588193	0	0	0	0	0	S
NMDC20554400	0	0	0	0	0	S
NMDC20552395	0	0	0	0	0	S
NMDC20556380	0	0	0	0	0	S
NMDC20588198	0	0	0	0	0	S
NMDC20588199	0	0	0	0	0	S
NMDC20588200	0	0	0	0	0	S
NMDC20556383	0	0	0	0	0	S
NMDC20558413	1	0	0	0	1	S
NMDC20552400	0	0	0	0	0	S
NMDC20554405	0	0	0	0	0	S
NMDC20554407	0	0	0	0	0	S
NMDC20588207	0	0	0	0	0	S
NMDC20552403	0	0	0	0	0	S
NMDC20588211	0	0	0	0	0	S
NMDC20558417	0	0	0	0	0	S
NMDC20554411	0	0	0	0	0	S
NMDC20588212	0	0	0	0	0	S
NMDC20588213	0	0	0	0	0	S
NMDC20556390	0	0	0	0	0	S
NMDC20588216	0	0	0	0	0	S
NMDC20552406	0	0	0	0	0	S
NMDC20552408	0	0	0	0	0	S
NMDC20558421	0	0	0	0	0	S
NMDC20552410	0	0	0	0	0	S
NMDC20552413	0	0	0	0	0	S
NMDC20554414	0	0	0	0	0	S
NMDC20556396	0	0	0	0	0	S
NMDC20554416	0	0	0	0	0	S
NMDC20556397	0	0	0	0	0	S
NMDC20588233	0	0	0	0	0	S
NMDC20588234	0	0	0	0	0	S
NMDC20558423	0	0	0	0	0	S
NMDC20552416	0	0	0	0	0	S
NMDC20588239	0	0	0	0	0	S
NMDC20558426	0	0	0	0	0	S
NMDC20556401	0	0	0	0	0	S
NMDC20588242	0	0	0	0	0	S
NMDC20558429	0	0	0	0	0	S
NMDC20554425	0	0	0	0	0	S
NMDC20588246	0	0	0	0	0	S
NMDC20556404	0	0	0	0	0	S
NMDC20556406	0	0	0	0	0	S
NMDC20556407	0	0	0	0	0	S
NMDC20554429	0	0	0	0	0	S
NMDC20554427	0	1	0	0	0	S
NMDC20554428	0	1	0	0	0	S
NMDC20558435	0	1	0	0	0	S
NMDC20588256	1	0	0	0	0	S
NMDC20588258	0	0	0	0	0	S
NMDC20552425	0	0	0	0	0	S
NMDC20556412	1	1	0	0	0	S
NMDC20556413	0	0	0	0	0	S
NMDC20588260	0	0	0	0	0	S
NMDC20588263	0	0	0	0	0	S
NMDC20556417	0	0	0	0	0	S
NMDC20558437	0	0	0	0	0	S
NMDC20588264	0	0	0	0	0	S
NMDC20554431	0	0	0	0	0	S
NMDC20556418	0	0	0	0	0	S
NMDC20588266	0	1	0	0	0	S
NMDC20554432	0	0	0	0	0	S
NMDC20556419	0	0	0	0	0	S
NMDC20552429	0	0	0	0	0	S
NMDC20556421	0	0	0	0	0	S
NMDC20556425	0	0	0	0	0	S
NMDC20588272	0	0	0	0	0	S
NMDC20556424	0	0	0	0	0	S
NMDC20558447	0	0	0	0	0	S
NMDC20588275	0	0	0	0	0	S
NMDC20554436	0	0	0	0	0	S
NMDC20554437	0	0	0	0	0	S
NMDC20554438	0	0	0	0	0	S
NMDC20552433	0	0	0	0	0	S
NMDC20556427	0	0	0	0	0	S
NMDC20588278	0	0	0	0	0	S
NMDC20588279	0	0	0	0	0	S
NMDC20588280	0	0	0	0	0	S
NMDC20554439	0	0	0	0	0	S
NMDC20554440	0	0	0	0	0	S
NMDC20558448	0	0	0	0	0	S
NMDC20552434	0	0	0	0	0	S
NMDC20588281	0	0	0	0	0	S
NMDC20554441	0	0	0	0	0	S
NMDC20558449	0	0	0	0	0	S
NMDC20558450	0	0	0	0	0	S
NMDC20558451	0	0	0	0	0	S
NMDC20558452	0	0	0	0	0	S
NMDC20552437	0	0	0	0	0	S
NMDC20588290	0	0	0	0	0	S
NMDC20552436	0	0	0	0	0	S
NMDC20588291	0	0	0	0	0	S
NMDC20588292	0	0	0	0	0	S
NMDC20556429	0	0	0	0	0	S
NMDC20556431	0	0	0	0	0	S
NMDC20552440	0	0	0	0	0	S
NMDC20554444	0	0	0	0	0	S
NMDC20588299	0	0	0	0	0	S
NMDC20558454	0	0	0	0	0	S
NMDC20588302	0	0	0	0	0	S
NMDC20556434	0	0	0	0	0	S
NMDC20552441	1	1	0	0	0	S
NMDC20556438	0	0	0	0	0	S
NMDC20556439	0	0	0	0	0	S
NMDC20552448	0	0	0	0	0	S
NMDC20552444	0	0	0	0	0	S
NMDC20556442	0	0	0	0	0	S
NMDC20552449	0	0	0	0	0	S
NMDC20558458	0	0	0	0	0	S
NMDC20558460	0	0	0	0	0	S
NMDC20556445	0	0	0	0	0	S
NMDC20552452	0	0	0	0	0	S
NMDC20552453	0	0	0	0	0	S
NMDC20554450	0	0	0	0	0	S
NMDC20556447	0	0	0	0	0	S
NMDC20554452	0	0	0	0	0	S
NMDC20554454	0	0	0	0	0	S
NMDC20588325	0	1	0	0	0	S
NMDC20588327	0	0	0	0	0	S
NMDC20554456	0	0	0	0	0	S
NMDC20558472	0	0	0	0	0	S
NMDC20554458	0	0	0	0	0	S
NMDC20552456	0	0	0	0	0	S
NMDC20556448	0	0	0	0	0	S
NMDC20588330	0	0	0	0	0	S
NMDC20588331	0	0	0	0	0	S
NMDC20588332	0	0	0	0	0	S
NMDC20558473	0	0	0	0	0	S
NMDC20558474	0	0	0	0	0	S
NMDC20556451	0	0	0	0	0	S
NMDC20552461	0	0	0	0	0	S
NMDC20588342	0	0	0	0	0	S
NMDC20556452	0	0	0	0	0	S
NMDC20554463	0	0	0	0	0	S
NMDC20558475	0	0	0	0	0	S
NMDC20556454	0	0	0	0	0	S
NMDC20556455	0	0	0	0	0	S
NMDC20554464	0	0	0	0	0	S
NMDC20558478	0	0	0	0	0	S
NMDC20556456	0	0	0	0	0	S
NMDC20588350	0	0	0	0	0	S
NMDC20558477	0	0	0	0	0	S
NMDC20588351	0	0	0	0	0	S
NMDC20556459	0	0	0	0	0	S
NMDC20552464	0	0	0	0	0	S
NMDC20554467	0	0	0	0	0	S
NMDC20556463	0	0	0	0	0	S
NMDC20556461	0	0	0	0	0	S
NMDC20558482	0	0	0	0	0	S
NMDC20588359	0	0	0	0	0	S
NMDC20588360	0	0	0	0	0	S
NMDC20558483	0	0	0	0	0	S
NMDC20588361	0	0	0	0	0	S
NMDC20552468	0	0	0	0	0	S
NMDC20554469	0	0	0	0	0	S
NMDC20588363	0	0	0	0	0	S
NMDC20588365	0	0	0	0	0	S
NMDC20588367	0	0	0	0	0	S
NMDC20588368	0	0	0	0	0	S
NMDC20556466	0	0	0	0	0	S
NMDC20558485	0	0	0	0	0	S
NMDC20588369	0	0	0	0	0	S
NMDC20556467	0	0	0	0	0	S
NMDC20588370	0	0	0	0	0	S
NMDC20588372	0	0	0	0	0	S
NMDC20558486	0	0	0	0	0	S
NMDC20556468	0	0	0	0	0	S
NMDC20554472	0	0	0	0	0	S
NMDC20552470	0	0	0	0	0	S
NMDC20556469	0	0	0	0	0	S
NMDC20552471	0	0	0	0	0	S
NMDC20558487	0	0	0	0	0	S
NMDC20556470	0	0	0	0	0	S
NMDC20554475	0	0	0	0	0	S
NMDC20554473	0	0	0	0	0	S
NMDC20558490	0	0	0	0	0	S
NMDC20552473	0	0	0	0	0	S
NMDC20588378	0	0	0	0	0	S
NMDC20588379	0	0	0	0	0	S
NMDC20556471	0	0	0	0	0	S
NMDC20558491	1	0	0	0	0	S
NMDC20588382	0	0	0	0	0	S
NMDC20556472	0	0	0	0	0	S
NMDC20552474	0	0	0	0	0	S
NMDC20588385	0	0	0	0	0	S
NMDC20558493	0	0	0	0	0	S
NMDC20588386	0	0	0	0	0	S
NMDC20556473	0	0	0	0	0	S
NMDC20558494	0	0	0	0	0	S
NMDC20588388	0	0	0	0	0	S
NMDC20554478	0	0	0	0	0	S
NMDC20554479	0	0	0	0	0	S
NMDC20554481	0	0	0	0	0	S
NMDC20588392	0	0	0	0	0	S
NMDC20554483	0	0	0	0	0	S
NMDC20588393	0	0	0	0	0	S
NMDC20588394	0	0	0	0	0	S
NMDC20556476	0	0	0	0	0	S
NMDC20558495	0	0	0	0	0	S
NMDC20552479	0	0	0	0	0	S
NMDC20554486	0	0	0	0	0	S
NMDC20556477	0	0	0	0	0	S
NMDC20588398	0	0	0	0	0	S
NMDC20588399	0	0	0	0	0	S
NMDC20552480	0	0	0	0	0	S
NMDC20556478	0	0	0	0	0	S
NMDC20558497	0	0	0	0	0	S
NMDC20588402	0	0	0	0	0	S
NMDC20588403	0	0	0	0	0	S
NMDC20588404	0	0	0	0	0	S
NMDC20588405	0	0	0	0	0	S
NMDC20554488	0	0	0	0	0	S
NMDC20552481	0	0	0	0	0	S
NMDC20556481	0	0	0	0	0	S
NMDC20588409	0	0	0	0	0	S
NMDC20554489	0	0	0	0	0	S
NMDC20588410	0	0	0	0	0	S
NMDC20588411	0	1	0	0	0	S
NMDC20558499	0	0	0	0	0	S
NMDC20588412	0	0	0	0	0	S
NMDC20588414	0	0	0	0	0	S
NMDC20588415	0	0	0	0	0	S
NMDC20588416	0	0	0	0	0	S
NMDC20556484	0	1	0	0	0	S
NMDC20554492	0	0	0	0	0	S
NMDC20588420	0	0	0	0	0	S
NMDC20588423	0	0	0	0	0	S
NMDC20554494	0	0	0	0	0	S
NMDC20552487	0	0	0	0	0	S
NMDC20552488	0	0	0	0	0	S
NMDC20552489	0	0	0	0	0	S
NMDC20588430	0	0	0	0	0	S
NMDC20588431	0	0	0	0	0	S
NMDC20588433	0	0	0	0	0	S
NMDC20554496	0	0	0	0	0	S
NMDC20554497	0	0	0	0	0	S
NMDC20552493	0	0	0	0	0	S
NMDC20588437	0	0	0	0	0	S
NMDC20554500	0	0	0	0	0	S
NMDC20588439	0	0	0	0	0	S
NMDC20558508	0	0	0	0	0	S
NMDC20554502	0	0	0	0	0	S
NMDC20552496	0	0	0	0	0	S
NMDC20588440	0	0	0	0	0	S
NMDC20556490	0	0	0	0	0	S
NMDC20554503	0	0	0	0	0	S
NMDC20552498	0	0	0	0	0	S
NMDC20554508	0	0	0	0	0	S
NMDC20554505	0	0	0	0	0	S
NMDC20588444	0	0	0	0	0	S
NMDC20588445	0	0	1	0	0	S
NMDC20588446	0	0	0	0	0	S
NMDC20588447	0	0	0	0	0	S
NMDC20588448	0	0	0	0	0	S
NMDC20556495	0	0	0	0	0	S
NMDC20552502	0	0	0	0	0	S
NMDC20588451	0	0	0	0	0	S
NMDC20552504	0	0	0	0	0	S
NMDC20588453	0	0	0	0	0	S
NMDC20552505	0	0	0	0	0	S
NMDC20552506	0	0	0	0	0	S
NMDC20556496	0	0	0	0	0	S
NMDC20552507	0	0	0	0	0	S
NMDC20554509	0	0	0	0	0	S
NMDC20554510	0	0	0	0	0	S
NMDC20588457	0	0	0	0	0	S
NMDC20558513	0	1	0	0	0	S
NMDC20552509	0	0	0	0	0	S
NMDC20554515	0	0	0	0	0	S
NMDC20556502	0	0	0	0	0	S
NMDC20554517	0	0	0	0	0	S
NMDC20588463	0	0	0	0	0	S
NMDC20588464	0	0	0	0	0	S
NMDC20552512	0	0	0	0	0	S
NMDC20552514	0	0	0	0	0	S
NMDC20588470	0	0	0	0	0	S
NMDC20588472	0	0	0	0	0	S
NMDC20554520	0	0	0	0	0	S
NMDC20558523	0	0	0	0	0	S
NMDC20588479	0	0	0	0	0	S
NMDC20552522	0	0	0	0	0	S
NMDC20552524	0	0	0	0	0	S
NMDC20552523	0	0	0	0	0	S
NMDC20556508	0	0	0	0	0	S
NMDC20554523	0	0	0	0	0	S
NMDC20554525	0	0	0	0	0	S
NMDC20556511	0	0	0	0	0	S
NMDC20554526	0	0	0	0	0	S
NMDC20588486	0	0	0	0	0	S
NMDC20552525	0	0	0	0	0	S
NMDC20552528	0	0	0	0	0	S
NMDC20552527	0	0	0	0	0	S
NMDC20588491	0	0	0	0	0	S
NMDC20588494	0	0	0	0	0	S
NMDC20556526	0	0	0	0	0	S
NMDC20556527	0	0	0	0	0	S
NMDC20558533	0	0	0	0	0	S
NMDC20558534	0	1	0	0	0	S
NMDC20552534	0	0	0	0	0	S
NMDC20552535	0	0	0	0	0	S
NMDC20556528	0	0	0	0	0	S
NMDC20556530	0	0	0	0	0	S
NMDC20554534	0	0	0	0	0	S
NMDC20552539	0	0	0	0	0	S
NMDC20552541	0	0	0	0	0	S
NMDC20554537	0	0	0	0	0	S
NMDC20558538	0	0	0	0	0	S
NMDC20588517	0	0	0	0	0	S
NMDC20554542	0	0	0	0	0	S
NMDC20588518	0	0	0	0	0	S
NMDC20588519	0	0	0	0	0	S
NMDC20552543	0	0	0	0	0	S
NMDC20558541	0	0	0	0	0	S
NMDC20554547	0	0	0	0	0	S
NMDC20556533	0	0	0	0	0	S
NMDC20552545	0	0	0	0	0	S
NMDC20588528	0	0	0	0	0	S
NMDC20556534	0	0	0	0	0	S
NMDC20588530	0	0	0	0	0	S
NMDC20556535	0	0	0	0	0	S
NMDC20556536	0	0	0	0	0	S
NMDC20552547	0	0	0	0	0	S
NMDC20588535	0	0	0	0	0	S
NMDC20554550	0	0	0	0	0	S
NMDC20588538	0	0	0	0	0	S
NMDC20554551	0	0	0	0	0	S
NMDC20588539	0	0	0	0	0	S
NMDC20588540	0	0	0	0	0	S
NMDC20554552	0	0	0	0	0	S
NMDC20556542	0	0	0	0	0	S
NMDC20588545	0	0	0	0	0	S
NMDC20588547	0	0	0	0	0	S
NMDC20554553	0	0	0	0	0	S
NMDC20558552	0	1	0	0	0	S
NMDC20558553	0	0	0	0	0	S
NMDC20554554	0	0	0	0	0	S
NMDC20558554	0	0	0	0	0	S
NMDC20588556	0	0	0	0	0	S
NMDC20552552	0	0	0	0	0	S
NMDC20552553	0	0	0	0	0	S
NMDC20588559	1	0	0	0	0	S
NMDC20552554	0	0	0	0	0	S
NMDC20558555	0	0	0	0	0	S
NMDC20556551	0	0	0	0	0	S
NMDC20556550	0	0	0	0	0	S
NMDC20588561	0	0	0	0	0	S
NMDC20552558	0	0	0	0	0	S
NMDC20588565	0	0	0	0	0	S
NMDC20552562	0	0	0	0	0	S
NMDC20558562	0	0	0	0	0	S
NMDC20556556	0	0	0	0	0	S
NMDC20552563	0	0	0	0	0	S
NMDC20554562	0	0	0	0	0	S
NMDC20588569	0	0	0	0	0	S
NMDC20588570	0	0	0	0	0	S
NMDC20588572	0	0	0	0	0	S
NMDC20558565	0	0	0	0	0	S
NMDC20558566	0	0	0	0	0	S
NMDC20554564	0	0	0	0	0	S
NMDC20552564	0	0	0	0	0	S
NMDC20558568	0	0	0	0	0	S
NMDC20552565	0	0	0	0	0	S
NMDC20554566	0	0	0	0	0	S
NMDC20556560	0	0	0	0	0	S
NMDC20556561	0	0	0	0	0	S
NMDC20552566	0	0	0	0	0	S
NMDC20554568	0	0	0	0	0	S
NMDC20588576	0	0	0	0	0	S
NMDC20552567	0	0	0	0	0	S
NMDC20588577	0	0	0	0	0	S
NMDC20588578	0	0	0	0	0	S
NMDC20588586	0	0	0	0	0	S
NMDC20588588	0	0	0	0	0	S
NMDC20554571	0	0	0	0	0	S
NMDC20588604	0	0	0	0	0	S
NMDC20588613	0	0	0	0	0	S
NMDC20588617	0	0	0	0	0	S
NMDC20588620	0	0	0	0	0	S
NMDC20588625	0	0	0	0	0	S
NMDC20554575	0	0	0	0	0	S
NMDC20588626	0	0	0	0	0	S
NMDC20558575	0	0	0	0	0	S
NMDC20554580	0	0	0	0	0	S
NMDC20554578	0	0	0	0	0	S
NMDC20552616	0	0	0	0	0	S
NMDC20588833	0	0	0	0	0	S
NMDC20552604	0	0	0	0	0	S
NMDC20588838	0	0	0	0	0	S
NMDC20552608	0	0	0	0	0	S
NMDC20588840	0	0	0	0	0	S
NMDC20588842	0	0	0	0	0	S
NMDC20588843	0	0	0	0	0	S
NMDC20552610	0	0	0	0	0	S
NMDC20554608	0	0	0	0	0	S
NMDC20588848	0	0	0	0	0	S
NMDC20588852	0	0	0	0	0	S
NMDC20554611	0	0	0	0	0	S
NMDC20558618	0	0	0	0	0	S
NMDC20554615	0	0	0	0	0	S
NMDC20558620	0	0	0	0	0	S
NMDC20588862	0	0	0	0	0	S
NMDC20552618	1	0	0	0	0	S
NMDC20588864	0	0	0	0	0	S
NMDC20556611	0	0	0	0	0	S
NMDC20556613	0	0	0	0	0	S
NMDC20588866	0	0	0	0	0	S
NMDC20588867	0	0	0	0	0	S
NMDC20588868	0	0	0	0	0	S
NMDC20588869	0	0	0	0	0	S
NMDC20558625	0	0	0	0	0	S
NMDC20558627	0	0	0	0	0	S
NMDC20552621	0	0	0	0	0	S
NMDC20558629	0	0	0	0	0	S
NMDC20554622	0	0	0	0	0	S
NMDC20588889	0	0	0	0	0	S
NMDC20588893	0	0	0	0	0	S
NMDC20588894	0	0	0	0	0	S
NMDC20558633	0	0	0	0	0	S
NMDC20556633	0	0	0	0	0	S
NMDC20552627	0	0	0	0	0	S
NMDC20588897	0	0	0	0	0	S
NMDC20588900	0	0	0	0	0	S
NMDC20588901	0	0	0	0	0	S
NMDC20588903	0	0	0	0	0	S
NMDC20556627	0	0	0	0	0	S
NMDC20554629	0	0	0	0	0	S
NMDC20588904	1	0	0	0	0	S
NMDC20552629	0	0	0	0	0	S
NMDC20556629	0	0	0	0	0	S
NMDC20552628	0	0	0	0	0	S
NMDC20588907	0	0	0	0	0	S
NMDC20556632	0	0	0	0	0	S
NMDC20552631	0	0	0	0	0	S
NMDC20588909	0	0	0	0	0	S
NMDC20588910	0	0	0	0	0	S
NMDC20556634	0	0	0	0	0	S
NMDC20588911	0	0	0	0	0	S
NMDC20588914	0	0	0	0	0	S
NMDC20588915	0	0	0	0	0	S
NMDC20556636	0	0	0	0	0	S
NMDC20588916	0	0	0	0	0	S
NMDC20558640	0	0	0	0	0	S
NMDC20554640	0	0	0	0	0	S
NMDC20588921	0	0	0	0	0	S
NMDC20588922	0	0	0	0	0	S
NMDC20554641	0	0	0	0	0	S
NMDC20588923	0	0	0	0	0	S
NMDC20552634	0	0	0	0	0	S
NMDC20552635	0	1	0	0	0	S
NMDC20588925	0	0	0	0	0	S
NMDC20556639	0	0	0	0	0	S
NMDC20588926	0	0	0	0	0	S
NMDC20556640	0	0	0	0	0	S
NMDC20552636	0	0	0	0	0	S
NMDC20556641	0	0	0	0	0	S
NMDC20556642	0	0	0	0	0	S
NMDC20558641	0	0	0	0	0	S
NMDC20552638	0	0	0	0	0	S
NMDC20558642	0	0	0	0	0	S
NMDC20588930	0	0	0	0	0	S
NMDC20588933	0	0	0	0	0	S
NMDC20556645	0	0	0	0	0	S
NMDC20588934	0	0	0	0	0	S
NMDC20552640	0	0	0	0	0	S
NMDC20588936	0	1	0	0	0	S
NMDC20588937	0	0	0	0	0	S
NMDC20588938	0	0	0	0	0	S
NMDC20556646	0	1	0	0	0	S
NMDC20552642	0	1	0	0	0	S
NMDC20554647	0	0	0	0	0	S
NMDC20552644	0	1	0	0	0	S
NMDC20588941	1	0	0	0	0	S
NMDC20552648	0	0	0	0	0	S
NMDC20588946	0	0	0	0	0	S
NMDC20554649	0	0	0	0	0	S
NMDC20588951	0	0	0	0	0	S
NMDC20558650	0	0	0	0	0	S
NMDC20588952	0	0	0	0	0	S
NMDC20558652	0	0	0	0	0	S
NMDC20552653	0	0	0	0	0	S
NMDC20588960	0	0	0	0	0	S
NMDC20588961	0	1	0	0	0	S
NMDC20554657	0	0	0	0	0	S
NMDC20588962	0	1	0	0	0	S
NMDC20556657	0	0	0	0	0	S
NMDC20552654	0	0	0	0	0	S
NMDC20552655	0	1	0	0	0	S
NMDC20558657	0	1	0	0	0	S
NMDC20554658	0	1	0	0	0	S
NMDC20552656	0	0	0	0	0	S
NMDC20588967	0	0	0	0	0	S
NMDC20588968	0	1	0	0	0	S
NMDC20588970	0	0	0	0	0	S
NMDC20552657	0	0	0	0	0	S
NMDC20554659	0	1	0	0	0	S
NMDC20552658	0	0	0	0	0	S
NMDC20588973	0	0	0	0	0	S
NMDC20552660	0	0	0	0	0	S
NMDC20588976	0	0	0	0	0	S
NMDC20588977	0	0	0	0	0	S
NMDC20588978	0	0	0	0	0	S
NMDC20554662	0	0	0	0	0	S
NMDC20588980	1	0	0	0	0	S
NMDC20556663	0	1	0	0	0	S
NMDC20554664	0	1	0	0	0	S
NMDC20588981	1	0	0	0	0	S
NMDC20588982	0	1	0	0	0	S
NMDC20588983	0	1	0	0	0	S
NMDC20588984	0	0	0	0	0	S
NMDC20588985	1	0	0	0	0	S
NMDC20554666	0	0	0	0	0	S
NMDC20554667	0	0	0	0	0	S
NMDC20588986	0	1	0	0	0	S
NMDC20588987	0	1	0	0	0	S
NMDC20588988	0	1	0	0	0	S
NMDC20588996	0	0	0	0	0	S
NMDC20588998	0	0	0	0	0	S
NMDC20588999	0	0	0	0	0	S
NMDC20589002	0	0	0	0	0	S
NMDC20589003	0	0	0	0	0	S
NMDC20589004	0	0	0	0	0	S
NMDC20589009	1	0	0	0	0	S
