	multidrug_resistance_outer_membrane_protein_MdtQ|SNP-63-63	transcriptional_regulator_LeuO|SNP-725-725	multidrug_efflux_MFS_transporter_MdtM|SNP-1056-1056	D-alanine--D-alanine_ligase_ddlA|SNP-427-427	16S_rRNA_(adenine(1518)-N(6)/adenine(1519)-N(6))-dimethyltransferase_RsmA|SNP-597-597	LPS_assembly_protein_LptD|SNP-2010-2010	LPS_assembly_protein_LptD|SNP-940-940	DNA_topoisomerase_IV_subunit_B_ParE|SNP-1695-1695	16S_rRNA_(adenine(1518)-N(6)/adenine(1519)-N(6))-dimethyltransferase_RsmA|SNP-354-354	Outer_membrane_protein_TolC|delete-869-870	Outer_membrane_protein_TolC|delete-868-869	two-component_system_sensor_histidine_kinase_PhoQ|SNP-88-88	DNA_gyrase_subunit_B|SNP-1206-1206	phosphoethanolamine--lipid_A_transferase_MCR-1.1	stress_response_regulator_transcription_factor_CpxR|SNP-303-303	DNA_gyrase_subunit_A_GyrA|SNP-248-248	Outer_membrane_protein_TolC|SNP-1143-1143	UDP-glucose_6-dehydrogenase|SNP-267-267	LPS_assembly_protein_LptD|SNP-1281-1281	eptB|SNP-1155-1155	Group
NMDC20552899	1	1	1	0	1	0	0	0	1	1	0	1	1	0	0	0	1	0	1	0	R
NMDC20582836	1	1	1	0	1	0	0	0	1	1	0	1	1	0	0	0	1	0	1	0	R
NMDC20554879	1	1	1	0	1	0	0	0	1	1	0	1	1	0	0	0	1	0	1	0	R
NMDC20554881	1	1	1	0	1	0	0	0	1	1	0	1	1	0	0	0	1	0	1	0	R
NMDC20556894	0	0	0	1	0	0	0	0	1	0	1	0	0	0	1	0	1	1	0	1	R
NMDC20582840	1	1	1	0	1	0	0	0	1	1	0	1	1	0	0	0	1	0	1	0	R
NMDC20556895	1	1	1	0	1	0	0	0	1	1	0	1	1	0	0	0	1	0	1	0	R
NMDC20552920	1	1	1	0	1	0	0	0	1	1	0	1	1	0	0	0	1	0	1	0	R
NMDC20552921	0	0	0	1	0	0	0	0	1	0	1	0	0	0	1	0	1	1	0	1	R
NMDC20582849	1	1	1	0	1	0	0	0	1	1	0	1	1	0	0	0	1	0	1	0	R
NMDC20554885	1	1	1	0	1	0	0	0	1	1	0	1	1	0	0	0	1	0	1	0	R
NMDC20582852	1	1	1	0	1	0	0	0	1	1	0	1	1	0	0	0	1	0	1	0	R
NMDC20556913	1	1	1	0	1	0	0	0	1	1	0	1	1	0	0	0	1	0	1	0	R
NMDC20554887	1	1	1	0	1	0	0	0	1	1	0	1	1	0	0	0	1	0	1	0	R
NMDC20582859	1	1	1	0	1	0	0	0	1	1	0	1	1	0	0	0	1	0	1	0	R
NMDC20554892	1	1	1	0	1	0	0	0	1	1	0	1	1	0	0	0	1	0	1	0	R
NMDC20550915	1	1	1	0	1	0	0	0	1	1	0	1	1	0	0	0	1	0	1	0	R
NMDC20582880	1	1	1	0	1	0	0	0	1	1	0	1	1	0	0	0	1	0	1	0	R
NMDC20550920	1	1	1	0	1	0	0	0	1	1	0	1	1	0	0	0	1	0	1	0	R
NMDC20582884	1	1	1	0	1	0	0	0	1	1	0	1	1	0	0	0	1	0	1	0	R
NMDC20582888	1	1	1	0	1	0	0	0	1	1	0	1	1	0	0	0	1	0	1	0	R
NMDC20582902	1	1	1	0	1	0	0	0	1	1	0	1	1	0	0	0	1	0	1	0	R
NMDC20582903	1	1	1	0	1	0	0	0	1	1	0	1	1	0	0	0	1	0	1	0	R
NMDC20582909	1	1	1	0	1	0	0	0	1	1	0	1	1	0	0	0	1	0	1	0	R
NMDC20582910	1	1	1	0	1	0	0	0	1	1	0	1	1	0	0	0	1	0	1	0	R
NMDC20582912	1	1	1	0	1	0	0	0	1	1	0	1	1	0	0	0	1	0	1	0	R
NMDC20551075	0	0	0	1	0	0	0	0	1	0	1	1	0	0	0	0	1	1	0	0	R
NMDC20553112	0	0	0	1	0	0	0	0	1	0	1	0	0	0	1	0	1	1	0	1	R
NMDC20583332	1	1	1	0	1	0	0	0	1	1	0	1	1	0	0	0	1	0	1	0	R
NMDC20583333	1	1	1	0	1	0	0	0	1	1	0	1	1	0	0	0	1	0	1	0	R
NMDC20584431	1	1	1	0	1	0	0	0	1	1	0	1	1	0	0	0	1	0	1	0	R
NMDC20584437	1	1	1	0	1	0	0	0	1	1	0	1	1	0	0	0	1	0	1	0	R
NMDC20584439	1	1	1	0	1	0	0	0	1	1	0	1	1	0	0	0	1	0	1	0	R
NMDC20584440	1	1	1	0	1	0	0	0	1	1	0	1	1	0	0	0	1	0	1	0	R
NMDC20584441	1	1	1	0	1	0	0	0	1	1	0	1	1	0	0	0	1	0	1	0	R
NMDC20584443	1	1	1	0	1	0	0	0	1	1	0	1	1	0	0	0	1	0	1	0	R
NMDC20584516	1	1	1	0	1	0	0	0	1	1	0	1	1	0	0	0	1	0	1	0	R
NMDC20584519	1	1	1	0	1	0	0	0	1	1	0	1	1	0	0	0	1	0	1	0	R
NMDC20584520	0	0	0	0	0	0	0	0	1	0	1	1	0	1	0	1	1	0	0	0	R
NMDC20584523	1	1	1	0	1	0	0	0	1	1	0	1	1	0	0	0	1	0	1	0	R
NMDC20584525	1	1	1	0	1	0	0	0	1	1	0	1	1	0	0	0	1	0	1	0	R
NMDC20584534	0	0	0	1	0	0	0	0	1	0	1	0	0	1	0	1	1	0	0	0	R
NMDC20584535	1	1	1	0	1	0	0	0	1	1	0	1	1	0	0	0	1	0	1	0	R
NMDC20584537	1	1	1	0	1	0	0	0	1	1	0	1	1	0	0	0	1	0	1	0	R
NMDC20584556	1	1	1	0	1	0	0	0	1	1	0	1	1	0	0	0	1	0	1	0	R
NMDC20584587	1	1	1	0	1	0	0	0	1	1	0	1	1	0	0	0	1	0	1	0	R
NMDC20584590	1	1	1	0	1	0	0	0	1	1	0	1	1	0	0	0	1	0	1	0	R
NMDC20584594	1	1	1	0	1	0	0	0	1	1	0	1	1	0	0	0	1	0	1	0	R
NMDC20584597	1	1	1	0	1	0	0	0	1	1	0	1	1	0	0	0	1	0	1	0	R
NMDC20584598	1	1	1	0	1	0	0	0	1	1	0	1	1	0	0	0	1	0	1	0	R
NMDC20584600	1	1	1	0	1	0	0	0	1	1	0	1	1	0	0	0	1	0	1	0	R
NMDC20584603	1	1	1	0	1	0	0	0	1	1	0	1	1	0	0	0	1	0	1	0	R
NMDC20584626	1	1	1	0	1	0	0	0	1	1	0	1	1	0	0	0	1	0	1	0	R
NMDC20584629	1	1	1	0	1	0	0	0	1	1	0	1	1	0	0	0	1	0	1	0	R
NMDC20584631	1	1	1	0	1	0	0	0	1	1	0	1	1	0	0	0	1	0	1	0	R
NMDC20584645	1	1	1	0	1	0	0	0	1	1	0	1	1	0	0	0	1	0	1	0	R
NMDC20584650	0	0	0	1	0	0	0	0	1	0	1	0	0	1	0	1	1	0	0	0	R
NMDC20584652	1	1	1	0	1	0	0	0	1	1	0	1	1	0	0	0	1	0	1	0	R
NMDC20584655	1	1	1	0	1	0	0	0	1	1	0	1	1	0	0	0	1	0	1	0	R
NMDC20584658	1	1	1	0	1	0	0	0	1	1	0	1	1	0	0	0	1	0	1	0	R
NMDC20584665	0	0	0	0	0	0	0	0	1	0	1	1	0	0	0	1	1	0	0	0	R
NMDC20584671	1	1	1	0	1	0	0	0	1	1	0	1	1	0	0	1	1	0	1	0	R
NMDC20584678	1	1	1	0	1	0	0	0	1	1	0	1	1	0	0	0	1	0	1	0	R
NMDC20584679	1	1	1	0	1	0	0	0	1	1	0	1	1	0	0	0	1	0	1	0	R
NMDC20584680	1	1	1	0	1	0	0	0	1	1	0	1	1	0	0	0	1	0	1	0	R
NMDC20584683	1	1	1	0	1	0	0	0	1	1	0	1	1	0	0	0	1	0	1	0	R
NMDC20584691	1	1	1	0	1	0	0	0	1	1	0	1	1	0	0	0	1	0	1	0	R
NMDC20584693	1	1	1	0	1	0	0	0	1	1	0	1	1	0	0	0	1	0	1	0	R
NMDC20584694	1	1	1	0	1	0	0	0	1	1	0	1	1	0	0	0	1	0	1	0	R
NMDC20584696	1	1	1	0	1	0	0	0	1	1	0	1	1	0	0	0	1	0	1	0	R
NMDC20584702	1	1	1	0	1	0	0	0	1	1	0	1	1	0	0	0	1	0	1	0	R
NMDC20584709	1	1	1	0	1	0	0	0	1	1	0	1	1	0	0	0	1	0	1	0	R
NMDC20584711	1	1	1	0	1	0	0	0	1	1	0	1	1	0	0	0	1	0	1	0	R
NMDC20584715	1	1	1	0	1	0	0	0	1	1	0	1	1	0	0	0	1	0	1	0	R
NMDC20584718	1	1	1	0	1	0	0	0	1	1	0	1	1	0	0	0	1	0	1	0	R
NMDC20584719	1	1	1	0	1	0	0	0	1	1	0	1	1	0	0	0	1	0	1	0	R
NMDC20584721	0	0	0	1	0	0	0	0	1	0	1	0	0	1	1	0	1	0	0	0	R
NMDC20584722	0	0	0	1	0	0	0	0	1	0	1	0	1	0	1	0	1	0	0	0	R
NMDC20584728	0	0	0	1	0	0	0	0	1	0	1	0	0	0	1	0	1	0	0	0	R
NMDC20584729	1	1	1	0	1	0	0	0	1	1	0	1	1	0	0	0	1	0	1	0	R
NMDC20584741	1	1	1	0	1	0	0	0	1	1	0	1	1	0	0	0	1	0	1	0	R
NMDC20584748	1	1	1	0	1	0	0	0	1	1	0	1	1	0	0	0	1	0	1	0	R
NMDC20584750	1	1	1	0	1	0	0	0	1	1	0	1	1	0	0	0	1	0	1	0	R
NMDC20584752	1	1	1	0	1	0	0	0	1	1	0	0	1	0	0	0	1	0	1	0	R
NMDC20584754	0	0	0	1	0	0	0	0	1	0	1	0	0	1	0	0	1	0	0	1	R
NMDC20584759	1	1	1	0	1	0	0	0	1	1	0	1	1	0	0	0	1	0	1	0	R
NMDC20584768	1	1	1	0	1	0	0	0	1	1	0	1	1	0	0	0	1	0	1	0	R
NMDC20584774	1	1	1	0	1	0	0	0	1	1	0	1	1	0	0	0	1	0	1	0	R
NMDC20584775	1	1	1	0	1	0	0	0	1	1	0	1	1	0	0	0	1	0	1	0	R
NMDC20584777	1	1	1	0	1	0	0	0	1	1	0	1	1	0	0	0	1	0	1	0	R
NMDC20584785	1	1	1	0	1	0	0	0	1	1	0	1	1	0	0	0	1	0	1	0	R
NMDC20584806	1	1	1	0	1	0	0	0	1	1	0	1	1	0	0	0	1	0	1	0	R
NMDC20584812	1	1	1	0	1	0	0	0	1	1	0	1	1	0	0	0	1	0	1	0	R
NMDC20584813	1	1	1	0	1	0	0	0	1	1	0	1	1	0	0	0	1	0	1	0	R
NMDC20584815	0	0	0	1	0	0	0	0	1	0	1	1	1	0	0	0	1	0	0	0	R
NMDC20584820	1	1	1	0	1	0	0	0	1	1	0	1	1	0	0	0	1	0	1	0	R
NMDC20584822	1	1	1	0	1	0	0	0	1	1	0	1	1	0	0	0	1	0	1	0	R
NMDC20584823	1	1	1	0	1	0	0	0	1	1	0	1	1	0	0	0	1	0	1	0	R
NMDC20584825	0	0	0	1	0	0	0	0	1	0	1	0	0	0	1	0	1	1	0	1	R
NMDC20584829	1	1	1	0	1	0	0	0	1	1	0	1	1	0	0	0	1	0	1	0	R
NMDC20584830	1	1	1	0	1	0	0	0	1	1	0	1	1	0	0	0	1	0	1	0	R
NMDC20584832	1	1	1	0	1	0	0	0	1	1	0	1	1	0	0	0	1	0	1	0	R
NMDC20584834	1	1	1	0	1	0	0	0	1	1	0	1	1	0	0	0	1	0	1	0	R
NMDC20584835	1	1	1	0	1	0	0	0	1	1	0	1	1	0	0	0	1	0	1	0	R
NMDC20584837	0	0	0	1	0	0	0	0	1	0	1	0	0	0	0	1	1	0	0	0	R
NMDC20584838	0	0	0	1	0	0	0	0	1	0	1	0	0	0	0	1	1	0	0	0	R
NMDC20584852	1	1	1	0	1	0	0	0	1	1	0	1	1	0	0	0	1	0	1	0	R
NMDC20584854	0	0	0	1	0	0	0	0	1	0	1	1	0	0	0	0	1	0	0	0	R
NMDC20584860	1	1	1	0	1	0	0	0	1	1	0	1	1	0	0	0	1	0	1	0	R
NMDC20584862	0	0	0	1	0	0	0	0	1	0	1	0	0	0	0	1	1	0	0	0	R
NMDC20584863	0	0	0	1	0	0	0	0	1	0	1	0	0	0	0	1	1	0	0	0	R
NMDC20584867	1	1	1	0	1	0	0	0	1	1	0	1	1	0	0	0	1	0	1	0	R
NMDC20584872	1	1	1	0	1	0	0	0	1	1	0	1	1	0	0	0	1	0	1	0	R
NMDC20584876	0	0	0	0	0	0	0	0	1	0	1	1	0	0	0	0	1	0	0	0	R
NMDC20584880	0	0	1	1	0	0	0	1	1	0	1	1	0	0	1	0	1	0	0	0	R
NMDC20584882	1	1	1	0	1	0	0	0	1	1	0	1	1	0	0	0	1	0	1	0	R
NMDC20584883	1	1	1	0	1	0	0	0	1	1	0	1	1	0	0	0	1	0	1	0	R
NMDC20584884	1	1	1	0	1	0	0	0	1	1	0	1	1	0	0	0	1	0	1	0	R
NMDC20584887	1	1	1	0	1	0	0	0	1	1	0	1	1	0	0	0	1	0	1	0	R
NMDC20584889	1	1	1	0	1	0	0	0	1	1	0	1	1	0	0	0	1	0	1	0	R
NMDC20584890	1	1	1	0	1	0	0	0	1	1	0	1	1	0	0	0	1	0	1	0	R
NMDC20584891	1	1	1	0	1	0	0	0	1	1	0	1	1	0	0	0	1	0	1	0	R
NMDC20584892	1	1	1	0	1	0	0	0	1	1	0	1	1	0	0	0	1	0	1	0	R
NMDC20584893	1	1	1	0	1	0	0	0	1	1	0	1	1	0	0	0	1	0	1	0	R
NMDC20585325	1	1	1	0	1	0	0	0	1	1	0	1	1	0	0	0	1	0	1	0	R
NMDC20553584	0	0	0	1	0	0	0	0	1	0	1	0	0	1	1	0	1	1	0	1	R
NMDC20557616	1	1	1	0	1	0	0	0	1	1	0	1	1	0	0	0	1	0	1	0	R
NMDC20585327	1	1	1	0	1	0	0	0	1	1	0	1	1	0	0	0	1	0	1	0	R
NMDC20585332	0	0	0	1	1	0	0	0	1	0	0	1	0	0	0	0	0	0	0	0	R
NMDC20585336	0	0	0	1	0	0	0	0	1	0	1	0	1	0	1	0	1	0	0	0	R
NMDC20555581	1	1	1	0	1	0	0	0	1	1	0	1	1	0	0	0	1	0	1	0	R
NMDC20555600	1	1	1	0	1	0	0	0	1	1	0	1	1	0	0	0	1	0	1	0	R
NMDC20585386	1	1	1	0	1	0	0	0	1	1	0	1	1	0	0	0	1	0	1	0	R
NMDC20585392	1	1	1	0	1	0	0	0	1	1	0	1	1	0	0	0	1	0	1	0	R
NMDC20551561	1	1	1	0	1	0	0	0	1	1	0	1	1	0	0	0	1	0	1	0	R
NMDC20553613	1	1	1	0	1	0	0	0	1	1	0	1	1	0	0	0	1	0	1	0	R
NMDC20557642	1	1	1	0	1	0	0	0	1	1	0	1	1	0	0	0	1	0	1	0	R
NMDC20585431	1	1	1	0	1	0	0	0	1	1	0	1	1	0	0	0	1	0	1	0	R
NMDC20553620	1	1	1	0	1	0	0	0	1	1	0	1	1	0	0	0	1	0	1	0	R
NMDC20585439	1	1	1	0	1	0	0	0	1	1	0	1	1	0	0	0	1	0	1	0	R
NMDC20557651	1	1	1	0	1	0	0	0	1	1	0	1	1	0	0	0	1	0	1	0	R
NMDC20551578	1	1	1	0	1	0	0	0	1	1	0	1	1	0	0	0	1	0	1	0	R
NMDC20585474	1	1	1	0	1	0	0	0	1	1	0	1	1	0	0	0	1	0	1	0	R
NMDC20585475	1	1	1	0	1	0	0	0	1	1	0	1	1	0	0	0	1	0	1	0	R
NMDC20557662	1	1	1	0	1	0	0	0	1	1	0	1	1	0	0	0	1	0	1	0	R
NMDC20555632	1	1	1	0	1	0	0	0	1	1	0	1	1	0	0	0	1	0	1	0	R
NMDC20555637	1	1	1	0	1	0	0	0	1	1	0	1	1	0	0	0	1	0	1	0	R
NMDC20555638	1	1	1	0	1	0	0	0	1	1	0	1	1	0	0	0	1	0	1	0	R
NMDC20557663	1	1	1	0	1	0	0	0	1	1	0	1	1	0	0	0	1	0	1	0	R
NMDC20585570	1	1	1	0	1	0	0	0	1	1	0	1	1	0	0	0	1	0	1	0	R
NMDC20585571	1	1	1	0	1	0	0	0	1	1	0	1	1	0	0	0	1	0	1	0	R
NMDC20585572	1	1	1	0	1	0	0	0	1	1	0	1	1	0	0	0	1	0	1	0	R
NMDC20585573	1	1	1	0	1	0	0	0	1	1	0	1	1	0	0	0	1	0	1	0	R
NMDC20553646	1	1	1	0	1	0	0	0	1	1	0	1	1	0	0	0	1	0	1	0	R
NMDC20585574	1	1	1	0	1	0	0	0	1	1	0	1	1	0	0	0	1	0	1	0	R
NMDC20585575	1	1	1	0	1	0	0	0	1	1	0	1	1	0	0	0	1	0	1	0	R
NMDC20557664	1	1	1	0	1	0	0	0	1	1	0	1	1	0	0	0	1	0	1	0	R
NMDC20553647	1	1	1	0	1	0	0	0	1	1	0	1	1	0	0	0	1	0	1	0	R
NMDC20553648	1	1	1	0	1	0	0	0	1	1	0	1	1	0	0	0	1	0	1	0	R
NMDC20557665	1	1	1	0	1	0	0	0	1	1	0	1	1	0	0	0	1	0	1	0	R
NMDC20551598	1	1	1	0	1	0	0	0	1	1	0	1	1	0	0	0	1	0	1	0	R
NMDC20585576	1	1	1	0	1	0	0	0	1	1	0	1	1	0	0	0	1	0	1	0	R
NMDC20585583	1	1	1	0	1	0	0	0	1	1	0	1	1	0	0	0	1	0	1	0	R
NMDC20585584	1	1	1	0	1	0	0	0	1	1	0	1	1	0	0	0	1	0	1	0	R
NMDC20555645	1	1	1	0	1	0	0	0	1	1	0	1	1	0	0	0	1	0	1	0	R
NMDC20585595	1	1	1	0	1	0	0	0	1	1	0	1	1	0	0	0	1	0	1	0	R
NMDC20585628	0	0	0	1	0	0	0	0	1	0	1	1	1	0	0	0	1	0	0	0	R
NMDC20585651	1	1	1	0	1	0	0	0	1	1	0	1	1	0	0	0	1	0	1	0	R
NMDC20553662	1	1	1	0	1	0	0	0	1	1	0	1	1	0	0	0	1	0	1	0	R
NMDC20585660	1	1	1	0	1	0	0	0	1	1	0	1	1	0	0	0	1	0	1	0	R
NMDC20585674	0	0	0	1	0	0	0	0	1	0	1	0	0	0	1	0	1	0	0	0	R
NMDC20585676	1	1	1	0	1	0	0	0	1	1	0	1	1	0	0	0	1	0	1	0	R
NMDC20585680	1	1	1	0	1	0	0	0	1	1	0	1	1	0	0	0	1	0	1	0	R
NMDC20553666	1	1	1	0	1	0	0	0	1	1	0	1	1	0	0	0	1	0	1	0	R
NMDC20585685	1	1	1	0	1	0	0	0	1	1	0	1	1	0	0	0	1	0	1	0	R
NMDC20551627	0	0	0	1	0	1	1	0	1	0	1	0	0	0	1	0	1	1	0	1	R
NMDC20585688	1	1	1	0	1	0	0	0	1	1	0	1	1	0	0	0	1	0	1	0	R
NMDC20551629	1	1	1	0	1	0	0	0	1	1	0	1	1	0	0	0	1	0	1	0	R
NMDC20557695	1	1	1	0	1	0	0	0	1	1	0	1	1	0	0	0	1	0	1	0	R
NMDC20553669	1	1	1	0	1	0	0	0	1	1	0	1	1	0	0	1	1	0	1	0	R
NMDC20555670	1	1	1	0	1	0	0	0	1	1	0	1	1	0	0	1	1	0	1	0	R
NMDC20551632	1	1	1	0	1	0	0	0	1	1	0	1	1	0	0	1	1	0	1	0	R
NMDC20585701	1	1	1	0	1	0	0	0	1	1	0	1	1	0	0	1	1	0	1	0	R
NMDC20557698	1	1	1	0	1	0	0	0	1	1	0	1	1	0	0	0	1	0	1	0	R
NMDC20555672	1	1	1	0	1	0	0	0	1	1	0	1	1	0	0	0	1	0	1	0	R
NMDC20586307	1	1	1	0	1	0	0	0	1	1	0	1	1	0	0	0	1	0	1	0	R
NMDC20551845	1	1	1	0	1	0	0	0	1	1	0	1	1	0	0	0	1	0	1	0	R
NMDC20586311	1	1	1	0	1	0	0	0	1	1	0	1	1	0	0	0	1	0	1	0	R
NMDC20586312	1	1	1	0	1	0	0	0	1	1	0	1	1	0	0	0	1	0	1	0	R
NMDC20586314	1	1	1	0	1	0	0	0	1	1	0	1	1	0	0	0	1	0	1	0	R
NMDC20586316	1	1	1	0	1	0	0	0	1	1	0	1	1	0	0	0	1	0	1	0	R
NMDC20586320	1	1	1	0	1	0	0	0	1	1	0	1	1	0	0	0	1	0	1	0	R
NMDC20551847	1	1	1	0	1	0	0	0	1	1	0	1	1	0	0	0	1	0	1	0	R
NMDC20553859	1	1	1	0	1	0	0	0	1	1	0	1	1	0	0	0	1	0	1	0	R
NMDC20586322	1	1	1	0	1	0	0	0	1	1	0	1	1	0	0	0	1	0	1	0	R
NMDC20586323	1	1	1	0	1	0	0	0	1	1	0	1	1	0	0	0	1	0	1	0	R
NMDC20586327	1	1	1	0	1	0	0	0	1	1	0	1	1	0	0	0	1	0	1	0	R
NMDC20586328	1	1	1	0	1	0	0	0	1	1	0	1	1	0	0	0	1	0	1	0	R
NMDC20586329	1	1	1	0	1	0	0	0	1	1	0	1	1	0	0	0	1	0	1	0	R
NMDC20557875	1	1	1	0	1	0	0	0	1	1	0	1	1	0	0	0	1	0	1	0	R
NMDC20553863	1	1	1	0	1	0	0	0	1	1	0	1	1	0	0	0	1	0	1	0	R
NMDC20553864	1	1	1	0	1	0	0	0	1	1	0	1	1	0	0	0	1	0	1	0	R
NMDC20586340	1	1	1	0	1	0	0	0	1	1	0	1	1	0	0	0	1	0	1	0	R
NMDC20586351	1	1	1	0	1	0	0	0	1	1	0	1	1	0	0	0	1	0	1	0	R
NMDC20586356	1	1	1	0	1	0	0	0	1	1	0	1	1	0	0	0	1	0	1	0	R
NMDC20586357	1	1	1	0	1	0	0	0	1	1	0	1	1	0	0	0	1	0	1	0	R
NMDC20586360	1	1	1	0	1	0	0	0	1	1	0	1	1	0	0	0	1	0	1	0	R
NMDC20586373	1	1	1	0	1	0	0	0	1	1	0	1	1	0	0	0	1	0	1	0	R
NMDC20586377	1	1	1	0	1	0	0	0	1	1	0	1	1	0	0	0	1	0	1	0	R
NMDC20586382	1	1	1	0	1	0	0	0	1	1	0	1	1	0	0	0	1	0	1	0	R
NMDC20586383	1	1	1	0	1	0	0	0	1	1	0	1	1	0	0	0	1	0	1	0	R
NMDC20589029	1	1	1	0	1	0	0	0	1	1	0	1	1	0	0	0	1	0	1	0	R
NMDC20589031	1	1	1	0	1	0	0	0	1	1	0	1	1	0	0	0	1	0	1	0	R
NMDC20589033	1	1	1	0	1	0	0	0	1	1	0	1	1	0	0	0	1	0	1	0	R
NMDC20557959	1	1	1	0	1	0	0	0	1	1	0	1	1	0	0	0	1	0	1	0	R
NMDC20555970	1	1	1	0	1	0	0	0	1	1	0	1	1	0	0	0	1	0	1	0	R
NMDC20551941	1	1	1	0	1	0	0	0	1	1	0	1	1	0	0	0	1	0	1	0	R
NMDC20557961	1	1	1	0	1	0	0	0	1	1	0	1	1	0	0	0	1	0	1	0	R
NMDC20553951	1	1	1	0	1	0	0	0	1	1	0	1	1	0	0	0	1	0	1	0	R
NMDC20586632	1	1	1	0	1	0	0	0	1	1	0	1	1	0	0	0	1	0	1	0	R
NMDC20586633	1	1	1	0	1	0	0	0	1	1	0	1	1	0	0	0	1	0	1	0	R
NMDC20557963	1	1	1	0	1	0	0	0	1	1	0	1	1	0	0	0	1	0	1	0	R
NMDC20551945	1	1	1	0	1	0	0	0	1	1	0	1	1	0	0	0	1	0	1	0	R
NMDC20551950	1	1	1	0	1	0	0	0	1	1	0	1	1	0	0	0	1	0	1	0	R
NMDC20553962	1	1	1	0	1	0	0	0	1	1	0	1	1	0	0	0	1	0	1	0	R
NMDC20557971	0	0	0	1	0	1	1	0	1	0	1	0	0	0	1	0	1	1	0	1	R
NMDC20557973	1	1	1	0	1	0	0	0	1	1	0	1	1	0	0	0	1	0	1	0	R
NMDC20586654	1	1	1	0	1	0	0	0	1	1	0	1	1	0	0	0	1	0	1	0	R
NMDC20586655	1	1	1	0	1	0	0	0	1	1	0	1	1	0	0	0	1	0	1	0	R
NMDC20558086	0	0	0	1	0	0	0	0	1	0	1	0	0	0	1	0	1	1	0	1	R
NMDC20586926	1	1	1	0	1	0	0	0	1	1	0	1	1	0	0	0	1	0	1	0	R
NMDC20554081	1	1	1	0	1	0	0	0	1	1	0	1	1	0	0	0	1	0	1	0	R
NMDC20554082	1	1	1	0	1	0	0	0	1	1	0	1	1	0	0	0	1	0	1	0	R
NMDC20586931	1	1	1	0	1	0	0	0	1	1	0	1	1	0	0	0	1	0	1	0	R
NMDC20556089	1	1	1	0	1	0	0	0	1	1	0	1	1	0	0	0	1	0	1	0	R
NMDC20554087	1	1	1	0	1	0	0	0	1	1	0	1	1	0	0	0	1	0	1	0	R
NMDC20556092	0	0	0	1	0	0	0	0	1	0	1	0	0	0	1	0	1	1	0	1	R
NMDC20554089	1	1	1	0	1	0	0	0	1	1	0	1	1	0	0	0	1	0	1	0	R
NMDC20556094	1	1	1	0	1	0	0	0	1	1	0	1	1	0	0	0	1	0	1	0	R
NMDC20556095	1	1	1	0	1	0	0	0	1	1	0	1	1	0	0	0	1	0	1	0	R
NMDC20554092	1	1	1	0	1	0	0	0	1	1	0	1	1	0	0	0	1	0	1	0	R
NMDC20586949	1	1	1	0	1	0	0	0	1	1	0	1	1	0	0	0	1	0	1	0	R
NMDC20554094	1	1	1	0	1	0	0	0	1	1	0	1	1	0	0	0	1	0	1	0	R
NMDC20586953	1	1	1	0	1	0	0	0	1	1	0	1	1	0	0	0	1	0	1	0	R
NMDC20554096	1	1	1	0	1	0	0	0	1	1	0	1	1	0	0	0	1	0	1	0	R
NMDC20558097	1	1	1	0	1	0	0	0	1	1	0	1	1	0	0	0	1	0	1	0	R
NMDC20586961	1	1	1	0	1	0	0	0	1	1	0	1	1	0	0	0	1	0	1	0	R
NMDC20554101	1	1	1	0	1	0	0	0	1	1	0	1	1	0	0	0	1	0	1	0	R
NMDC20586965	1	1	1	0	1	0	0	0	1	1	0	1	1	0	0	0	1	0	1	0	R
NMDC20586972	1	1	1	0	1	0	0	0	1	1	0	1	1	0	0	0	1	0	1	0	R
NMDC20552069	1	1	1	0	1	0	0	0	1	1	0	1	1	0	0	0	1	0	1	0	R
NMDC20556099	1	1	1	0	1	0	0	0	1	1	0	1	1	0	0	0	1	0	1	0	R
NMDC20556100	1	1	1	0	1	0	0	0	1	1	0	1	1	0	0	0	1	0	1	0	R
NMDC20586973	1	1	1	0	1	0	0	0	1	1	0	1	1	0	0	0	1	0	1	0	R
NMDC20586975	1	1	1	0	1	0	0	0	1	1	0	1	1	0	0	0	1	0	1	0	R
NMDC20556102	1	1	1	0	1	0	0	0	1	1	0	1	1	0	0	0	1	0	1	0	R
NMDC20556103	1	1	1	0	1	0	0	0	1	1	0	1	1	0	0	0	1	0	1	0	R
NMDC20552074	1	1	1	0	1	0	0	0	1	1	0	1	1	0	0	0	1	0	1	0	R
NMDC20556106	1	1	1	0	1	0	0	0	1	1	0	1	1	0	0	0	1	0	1	0	R
NMDC20558111	1	1	1	0	1	0	0	0	1	1	0	1	1	0	0	0	1	0	1	0	R
NMDC20586989	1	1	1	0	1	0	0	0	1	1	0	1	1	0	0	0	1	0	1	0	R
NMDC20586991	1	1	1	0	1	0	0	0	1	1	0	1	1	0	0	0	1	0	1	0	R
NMDC20586992	1	1	1	0	1	0	0	0	1	1	0	1	1	0	0	0	1	0	1	0	R
NMDC20556107	1	1	1	0	1	0	0	0	1	1	0	1	1	0	0	0	1	0	1	0	R
NMDC20558112	1	1	1	0	1	0	0	0	1	1	0	1	1	0	0	0	1	0	1	0	R
NMDC20586996	1	1	1	0	1	0	0	0	1	1	0	1	1	0	0	0	1	0	1	0	R
NMDC20587004	1	1	1	0	1	0	0	0	1	1	0	1	1	0	0	0	1	0	1	0	R
NMDC20552082	1	1	1	0	1	0	0	0	1	1	0	1	1	0	0	0	1	0	1	0	R
NMDC20587010	1	1	1	0	1	0	0	0	1	1	0	1	1	0	0	0	1	0	1	0	R
NMDC20587013	1	1	1	0	1	0	0	0	1	1	0	1	1	0	0	0	1	0	1	0	R
NMDC20552083	1	1	1	0	1	0	0	0	1	1	0	1	1	0	0	0	1	0	1	0	R
NMDC20558115	1	1	1	0	1	0	0	0	1	1	0	1	1	0	0	0	1	0	1	0	R
NMDC20552084	1	1	1	0	1	0	0	0	1	1	0	1	1	0	0	0	1	0	1	0	R
NMDC20552085	1	1	1	0	1	0	0	0	1	1	0	1	1	0	0	0	1	0	1	0	R
NMDC20587015	1	1	1	0	1	0	0	0	1	1	0	1	1	0	0	0	1	0	1	0	R
NMDC20556115	1	1	1	0	1	0	0	0	1	1	0	1	1	0	0	0	1	0	1	0	R
NMDC20556117	0	0	0	1	0	0	0	0	1	0	1	0	0	1	1	0	0	0	0	0	R
NMDC20587018	1	1	1	0	1	0	0	0	1	1	0	1	1	0	0	0	1	0	1	0	R
NMDC20587025	1	1	1	0	1	0	0	0	1	1	0	1	1	0	0	0	1	0	1	0	R
NMDC20558133	1	1	1	0	1	0	0	0	1	1	0	1	1	0	0	0	1	0	1	0	R
NMDC20552110	1	1	1	0	1	0	0	0	1	1	0	1	1	0	0	0	1	0	1	0	R
NMDC20558139	1	1	1	0	1	0	0	0	1	1	0	1	1	0	0	0	1	0	1	0	R
NMDC20554158	1	1	1	0	1	0	0	0	1	1	0	1	1	0	0	0	1	0	1	0	R
NMDC20554159	1	1	1	0	1	0	0	0	1	1	0	1	1	0	0	0	1	0	1	0	R
NMDC20587092	1	1	1	0	1	0	0	0	1	1	0	1	1	0	0	0	1	0	1	0	R
NMDC20556149	1	1	1	0	1	0	0	0	1	1	0	1	1	0	0	0	1	0	1	0	R
NMDC20587104	1	1	1	0	1	0	0	0	1	1	0	1	1	0	0	0	1	0	1	0	R
NMDC20558157	1	1	1	0	1	0	0	0	1	1	0	1	1	0	0	0	1	0	1	0	R
NMDC20558158	0	0	0	1	0	0	1	0	1	0	1	0	0	0	1	0	1	1	0	1	R
NMDC20556154	1	1	1	0	1	0	0	0	1	1	0	1	1	0	0	0	1	0	1	0	R
NMDC20554167	1	1	1	0	1	0	0	0	1	1	0	1	1	0	0	0	1	0	1	0	R
NMDC20556157	1	1	1	0	1	0	0	0	1	1	0	1	1	0	0	0	1	0	1	0	R
NMDC20554172	1	1	1	0	1	0	0	0	1	1	0	1	1	0	0	0	1	0	1	0	R
NMDC20554177	1	1	1	0	1	0	0	0	1	1	0	1	1	0	0	0	1	0	1	0	R
NMDC20587133	1	1	1	0	1	0	0	0	1	1	0	1	1	0	0	0	1	0	1	0	R
NMDC20552135	1	1	1	0	1	0	0	0	1	1	0	1	1	0	0	0	1	0	1	0	R
NMDC20552138	1	1	1	0	1	0	0	0	1	1	0	1	1	0	0	0	1	0	1	0	R
NMDC20552141	0	0	0	1	0	1	1	0	1	0	1	0	0	0	1	0	1	1	0	1	R
NMDC20552144	1	1	1	0	1	0	0	0	1	1	0	1	1	0	0	0	1	0	1	0	R
NMDC20554189	1	1	1	0	1	0	0	0	1	1	0	1	1	0	0	0	1	0	1	0	R
NMDC20587151	0	0	0	1	0	0	0	0	1	0	1	0	0	1	1	0	1	1	0	1	R
NMDC20558172	0	0	0	1	0	1	1	0	1	0	1	0	0	0	1	0	1	1	0	1	R
NMDC20552153	1	1	1	0	1	0	0	0	1	1	0	1	1	0	0	0	1	0	1	0	R
NMDC20558175	1	1	1	0	1	0	0	0	1	1	0	1	1	0	0	0	1	0	1	0	R
NMDC20554191	1	1	1	0	1	0	0	0	1	1	0	1	1	0	0	0	1	0	1	0	R
NMDC20552155	1	1	1	0	1	0	0	0	1	1	0	1	1	0	0	0	1	0	1	0	R
NMDC20558178	1	1	1	0	1	0	0	0	1	1	0	1	1	0	0	0	1	0	1	0	R
NMDC20554194	1	1	1	0	1	0	0	0	1	1	0	1	1	0	0	0	1	0	1	0	R
NMDC20587175	1	1	1	0	1	0	0	0	1	1	0	1	1	0	0	0	1	0	1	0	R
NMDC20552157	1	1	1	0	1	0	0	0	1	1	0	1	1	0	0	0	1	0	1	0	R
NMDC20554195	1	1	1	0	1	0	0	0	1	1	0	1	1	0	0	0	1	0	1	0	R
NMDC20552158	1	1	1	0	1	0	0	0	1	1	0	1	1	0	0	0	1	0	1	0	R
NMDC20552162	0	0	0	1	0	0	0	0	1	0	1	0	0	0	1	0	1	1	0	1	R
NMDC20587183	1	1	1	0	1	0	0	0	1	1	0	1	1	0	0	0	1	0	1	0	R
NMDC20558193	1	1	1	0	1	0	0	0	1	1	0	1	1	0	0	0	1	0	1	0	R
NMDC20587213	0	0	0	1	0	1	1	0	1	0	1	0	0	0	1	0	1	1	0	1	R
NMDC20552176	1	1	1	0	1	0	0	0	1	1	0	1	1	0	0	0	1	0	1	0	R
NMDC20558203	1	1	1	0	1	0	0	0	1	1	0	1	1	0	0	0	1	0	1	0	R
NMDC20552177	1	1	1	0	1	0	0	0	1	1	0	1	1	0	0	0	1	0	1	0	R
NMDC20556198	1	1	1	0	1	0	0	0	1	1	0	1	1	0	0	0	1	0	1	0	R
NMDC20552180	1	1	1	0	1	0	0	0	1	1	0	1	1	0	0	0	1	0	1	0	R
NMDC20587222	1	1	1	0	1	0	0	0	1	1	0	1	1	0	0	0	1	0	1	0	R
NMDC20587223	1	1	1	0	1	0	0	0	1	1	0	1	1	0	0	0	1	0	1	0	R
NMDC20558210	1	1	1	0	1	0	0	0	1	1	0	1	1	0	0	0	1	0	1	0	R
NMDC20587227	1	1	1	0	1	0	0	0	1	1	0	1	1	0	0	0	1	0	1	0	R
NMDC20554225	1	1	1	0	1	0	0	0	1	1	0	1	1	0	0	0	1	0	1	0	R
NMDC20587240	1	1	1	0	1	0	0	0	1	1	0	1	1	0	0	0	1	0	1	0	R
NMDC20587243	1	1	1	0	1	0	0	0	1	1	0	1	1	0	0	0	1	0	1	0	R
NMDC20587245	1	1	1	0	1	0	0	0	1	1	0	1	1	0	0	0	1	0	1	0	R
NMDC20556216	1	1	1	0	1	0	0	0	1	1	0	1	1	0	0	0	1	0	1	0	R
NMDC20558222	1	1	1	0	1	0	0	0	1	1	0	1	1	0	0	0	1	0	1	0	R
NMDC20558226	1	1	1	0	1	0	0	0	1	1	0	1	1	0	0	0	1	0	1	0	R
NMDC20587259	1	1	1	0	1	0	0	0	1	1	0	1	1	0	0	0	1	0	1	0	R
NMDC20556221	1	1	1	0	1	0	0	0	1	1	0	1	1	0	0	0	1	0	1	0	R
NMDC20554236	1	1	1	0	1	0	0	0	1	1	0	1	1	0	0	0	1	0	1	0	R
NMDC20552212	1	1	1	0	1	0	0	0	1	1	0	1	1	0	0	0	1	0	1	0	R
NMDC20587263	0	0	0	1	0	0	0	0	1	0	1	0	1	0	1	0	0	1	0	1	R
NMDC20587264	0	0	0	1	0	1	1	0	1	0	1	0	0	0	1	0	1	1	0	1	R
NMDC20587266	0	0	1	1	1	0	0	0	1	1	0	1	1	0	0	0	1	0	1	0	R
NMDC20587268	1	1	1	0	1	0	0	0	1	1	0	1	1	0	0	0	1	0	1	0	R
NMDC20587270	1	1	1	0	1	0	0	0	1	1	0	1	1	0	0	0	1	0	1	0	R
NMDC20558237	0	0	0	1	0	0	0	0	1	0	1	0	0	1	1	0	1	1	0	1	R
NMDC20587272	1	1	1	0	1	0	0	0	1	1	0	1	1	0	0	0	1	0	1	0	R
NMDC20552217	1	1	1	0	1	0	0	0	1	1	0	1	1	0	0	0	1	0	1	0	R
NMDC20554241	1	1	1	0	1	0	0	0	1	1	0	1	1	0	0	0	1	0	1	0	R
NMDC20587274	1	1	1	0	1	0	0	0	1	1	0	1	1	0	0	0	1	0	1	0	R
NMDC20554242	1	1	1	0	1	0	0	0	1	1	0	1	1	0	0	0	1	0	1	0	R
NMDC20554243	1	1	1	0	1	0	0	0	1	1	0	1	1	0	0	0	1	0	1	0	R
NMDC20587276	1	1	1	0	1	0	0	0	1	1	0	1	1	0	0	0	1	0	1	0	R
NMDC20587277	1	1	1	0	1	0	0	0	1	1	0	1	1	0	0	0	1	0	1	0	R
NMDC20587281	1	1	1	0	1	0	0	0	1	1	0	1	1	0	0	0	1	0	1	0	R
NMDC20587283	0	0	0	1	0	0	0	0	1	0	1	0	0	1	1	0	1	1	0	1	R
NMDC20587284	1	1	1	0	1	0	0	0	1	1	0	1	1	0	0	0	1	0	1	0	R
NMDC20558245	0	0	0	1	0	0	0	0	1	0	1	0	0	1	1	0	1	1	0	1	R
NMDC20558246	1	1	1	0	1	0	0	0	1	1	0	1	1	0	0	0	1	0	1	0	R
NMDC20554250	1	1	1	0	1	0	0	0	1	1	0	1	1	0	0	0	1	0	1	0	R
NMDC20587292	1	1	1	0	1	0	0	0	1	1	0	1	1	0	0	0	1	0	1	0	R
NMDC20554253	1	1	1	0	1	0	0	0	1	1	0	1	1	0	0	0	1	0	1	0	R
NMDC20556246	1	1	1	0	1	0	0	0	1	1	0	1	1	0	0	0	1	0	1	0	R
NMDC20587312	1	1	1	0	1	0	0	0	1	1	0	1	1	0	0	0	1	0	1	0	R
NMDC20587314	1	1	1	0	1	0	0	0	1	1	0	1	1	0	0	0	1	0	1	0	R
NMDC20558265	1	1	1	0	1	0	0	0	1	1	0	1	1	0	0	0	1	0	1	0	R
NMDC20552252	1	1	1	0	1	0	0	0	1	1	0	1	1	0	0	0	1	0	1	0	R
NMDC20552260	1	1	1	0	1	0	0	0	1	1	0	1	1	0	0	0	1	0	1	0	R
NMDC20558286	1	1	1	0	1	0	0	0	1	1	0	1	1	0	0	0	1	0	1	0	R
NMDC20587360	1	1	1	0	1	0	0	0	1	1	0	1	1	0	0	0	1	0	1	0	R
NMDC20587368	1	1	1	0	1	0	0	0	1	1	0	1	1	0	0	0	1	0	1	0	R
NMDC20587377	1	1	1	0	1	0	0	0	1	1	0	1	1	0	0	0	1	0	1	0	R
NMDC20587380	1	1	1	0	1	0	0	0	1	1	0	1	1	0	0	0	1	0	1	0	R
NMDC20587381	0	0	0	1	0	0	0	0	1	0	1	0	0	1	1	0	1	1	0	1	R
NMDC20554290	0	0	0	1	0	0	0	0	1	0	1	0	0	1	1	0	1	1	0	1	R
NMDC20552278	1	1	1	0	1	0	0	0	1	1	0	1	1	0	0	0	1	0	1	0	R
NMDC20556282	1	1	1	0	1	0	0	0	1	1	0	1	1	0	0	0	1	0	1	0	R
NMDC20558299	1	1	1	0	1	0	0	0	1	1	0	1	1	0	0	0	1	0	1	0	R
NMDC20552279	1	1	1	0	1	0	0	0	1	1	0	1	1	0	0	0	1	0	1	0	R
NMDC20556285	1	1	1	0	1	0	0	0	1	1	0	1	1	0	0	0	1	0	1	0	R
NMDC20587405	0	0	0	1	0	0	0	0	1	0	1	0	0	0	1	0	1	1	0	1	R
NMDC20558309	1	1	1	0	1	0	0	0	1	1	0	1	1	0	0	0	1	0	1	0	R
NMDC20587406	1	1	1	0	1	0	0	0	1	1	0	1	1	0	0	0	1	0	1	0	R
NMDC20556294	1	1	1	0	1	0	0	0	1	1	0	1	1	0	0	0	1	0	1	0	R
NMDC20587410	0	1	1	0	1	0	0	0	1	1	0	1	1	0	0	0	1	0	1	0	R
NMDC20587417	1	1	1	0	1	0	0	0	1	1	0	1	1	0	0	0	1	0	1	0	R
NMDC20587430	1	1	1	0	1	0	0	0	1	1	0	1	1	0	0	0	1	0	1	0	R
NMDC20587431	1	1	1	0	1	0	0	0	1	1	0	1	1	0	0	0	1	0	1	0	R
NMDC20552291	1	1	1	0	1	0	0	0	1	1	0	1	1	0	0	0	1	0	1	0	R
NMDC20587433	1	1	1	0	1	0	0	0	1	1	0	1	1	0	0	0	1	0	1	0	R
NMDC20556306	1	1	1	0	1	0	0	0	1	1	0	1	1	0	0	0	1	0	1	0	R
NMDC20558325	1	1	1	0	1	0	0	0	1	1	0	1	1	0	0	0	1	0	1	0	R
NMDC20558326	1	1	1	0	1	0	0	0	1	1	0	1	1	0	0	0	1	0	1	0	R
NMDC20587436	1	1	1	0	1	0	0	0	1	1	0	1	1	0	0	0	1	0	1	0	R
NMDC20587437	1	1	1	0	1	0	0	0	1	1	0	1	1	0	0	0	1	0	1	0	R
NMDC20556308	1	1	1	0	1	0	0	0	1	1	0	1	1	0	0	0	1	0	1	0	R
NMDC20558331	1	1	1	0	1	0	0	0	1	1	0	1	1	0	0	0	1	0	1	0	R
NMDC20587447	1	1	1	0	1	0	0	0	1	1	0	1	1	0	0	0	1	0	1	0	R
NMDC20587448	1	1	1	0	1	0	0	0	1	1	0	1	1	0	0	0	1	0	1	0	R
NMDC20554318	1	1	1	0	1	0	0	0	1	1	0	1	1	0	0	0	1	0	1	0	R
NMDC20558333	0	0	0	1	0	1	1	0	1	0	1	0	0	0	1	0	1	1	0	1	R
NMDC20552296	1	1	1	0	1	0	0	0	1	1	0	1	1	0	0	0	1	0	1	0	R
NMDC20554322	1	1	1	0	1	0	0	0	1	1	0	1	1	0	0	0	1	0	1	0	R
NMDC20587455	1	1	1	0	1	0	0	0	1	1	0	1	1	0	0	0	1	0	1	0	R
NMDC20587456	1	1	1	0	1	0	0	0	1	1	0	1	1	0	0	0	1	0	1	0	R
NMDC20556319	1	1	1	0	1	0	0	0	1	1	0	1	1	0	0	0	1	0	1	0	R
NMDC20587459	1	1	1	0	1	0	0	0	1	1	0	1	1	0	0	0	1	0	1	0	R
NMDC20587462	1	1	1	0	1	0	0	0	1	1	0	1	1	0	0	0	1	0	1	0	R
NMDC20587463	1	1	1	0	1	0	0	0	1	1	0	1	1	0	0	0	1	0	1	0	R
NMDC20554324	0	0	0	1	0	1	1	0	1	0	1	0	0	0	1	0	1	1	0	1	R
NMDC20587464	1	1	1	0	1	0	0	0	1	1	0	1	1	0	0	0	1	0	1	0	R
NMDC20558338	1	1	1	0	1	0	0	0	1	1	0	1	1	0	0	0	1	0	1	0	R
NMDC20587467	1	1	1	0	1	0	0	0	1	1	0	1	1	0	0	0	1	0	1	0	R
NMDC20587477	1	1	1	0	1	0	0	0	1	1	0	1	1	0	0	0	1	0	1	0	R
NMDC20554330	0	0	0	1	0	1	1	0	1	0	1	0	0	0	1	0	1	1	0	1	R
NMDC20587486	1	1	1	0	1	0	0	0	1	1	0	1	1	0	0	0	1	0	1	0	R
NMDC20558350	1	1	1	0	1	0	0	0	1	1	0	1	1	0	0	0	1	0	1	0	R
NMDC20587507	1	1	1	0	1	0	0	0	1	1	0	1	1	0	0	0	1	0	1	0	R
NMDC20587508	1	1	1	0	1	0	0	0	1	1	0	1	1	0	0	0	1	0	1	0	R
NMDC20558351	1	1	1	0	1	0	0	0	1	1	0	1	1	0	0	0	1	0	1	0	R
NMDC20556336	1	1	1	0	1	0	0	0	1	1	0	1	1	0	0	0	1	0	1	0	R
NMDC20558357	1	1	1	0	1	0	0	0	1	1	0	1	1	0	0	0	1	0	1	0	R
NMDC20552318	1	1	1	0	1	0	0	0	1	1	0	1	1	0	0	0	1	0	1	0	R
NMDC20558358	1	1	1	0	1	0	0	0	1	1	0	1	1	0	0	0	1	0	1	0	R
NMDC20587517	1	1	1	0	1	0	0	0	1	1	0	1	1	0	0	0	1	0	1	0	R
NMDC20558359	1	1	1	0	1	0	0	0	1	1	0	1	1	0	0	0	1	0	1	0	R
NMDC20552319	1	1	1	0	1	0	0	0	1	1	0	1	1	0	0	0	1	0	1	0	R
NMDC20587522	1	1	1	0	1	0	0	0	1	1	0	1	1	0	0	0	1	0	1	0	R
NMDC20587523	1	1	1	0	1	0	0	0	1	1	0	1	1	0	0	0	1	0	1	0	R
NMDC20554341	1	1	1	0	1	0	0	0	1	1	0	1	1	0	0	0	1	0	1	0	R
NMDC20587528	1	1	1	0	1	0	0	0	1	1	0	1	1	0	0	0	1	0	1	0	R
NMDC20587530	1	1	1	0	1	0	0	0	1	1	0	1	1	0	0	0	1	0	1	0	R
NMDC20558366	1	1	1	0	1	0	0	0	1	1	0	1	1	0	0	0	1	0	1	0	R
NMDC20587541	1	1	1	0	1	0	0	0	1	1	0	1	1	0	0	0	1	0	1	0	R
NMDC20556340	1	1	1	0	1	0	0	0	1	1	0	1	1	0	0	0	1	0	1	0	R
NMDC20554349	1	1	1	0	1	0	0	0	1	1	0	1	1	0	0	0	1	0	1	0	R
NMDC20556341	0	0	0	1	0	0	1	0	1	0	1	0	0	0	1	0	1	1	0	1	R
NMDC20552330	0	0	0	1	0	0	1	0	1	0	1	0	0	0	1	0	1	1	0	1	R
NMDC20587546	1	1	1	0	1	0	0	0	1	1	0	1	1	0	0	0	1	0	1	0	R
NMDC20552334	1	1	1	0	1	0	0	0	1	1	0	1	1	0	0	0	1	0	1	0	R
NMDC20587549	1	1	1	0	1	0	0	0	1	1	0	1	1	0	0	0	1	0	1	0	R
NMDC20554352	1	1	1	0	1	0	0	0	1	1	0	1	1	0	0	0	1	0	1	0	R
NMDC20552336	1	1	1	0	1	0	0	0	1	1	0	1	1	0	0	0	1	0	1	0	R
NMDC20587555	1	1	1	0	1	0	0	0	1	1	0	1	1	0	0	0	1	0	1	0	R
NMDC20558371	0	0	0	1	0	1	1	0	1	0	1	0	0	0	1	0	1	1	0	1	R
NMDC20587564	0	0	0	1	0	1	1	0	1	0	1	0	0	0	1	0	1	1	0	1	R
NMDC20552344	0	0	0	1	0	0	1	0	1	0	1	0	0	0	1	0	1	1	0	1	R
NMDC20587652	0	0	0	1	0	0	0	0	1	0	1	0	0	0	0	1	1	0	0	0	R
NMDC20587682	1	1	1	0	1	0	0	0	1	1	0	1	1	0	0	0	1	0	1	0	R
NMDC20587683	1	1	1	0	1	0	0	0	1	1	0	1	1	0	0	0	1	0	1	0	R
NMDC20587684	1	1	1	0	1	0	0	0	1	1	0	1	1	0	0	0	1	0	1	0	R
NMDC20587685	0	0	0	1	0	0	1	0	1	0	1	0	0	0	1	0	1	1	0	1	R
NMDC20587689	1	1	1	0	1	0	0	0	1	1	0	1	1	0	0	0	1	0	1	0	R
NMDC20587697	1	1	1	0	1	0	0	0	1	1	0	1	1	0	0	0	1	0	1	0	R
NMDC20587698	1	1	1	0	1	0	0	0	1	1	0	1	1	0	0	1	1	0	1	0	R
NMDC20587703	0	0	0	1	0	0	0	0	1	0	0	0	1	0	0	0	0	0	0	1	R
NMDC20587714	0	0	0	1	0	0	0	0	1	0	1	1	0	0	0	0	1	1	0	0	R
NMDC20587720	0	0	0	1	0	0	0	0	0	0	0	0	1	0	0	0	0	0	0	1	R
NMDC20587723	0	0	0	1	0	0	0	0	1	0	1	0	1	0	1	0	1	0	0	0	R
NMDC20587724	0	0	0	1	0	0	0	0	1	0	1	1	0	0	0	0	1	0	0	1	R
NMDC20587729	0	0	0	1	0	0	0	0	1	0	1	0	1	0	1	0	1	0	0	0	R
NMDC20587733	0	0	0	1	0	0	0	0	1	0	1	1	0	0	0	0	1	0	0	1	R
NMDC20587738	0	0	0	1	0	0	0	0	1	0	1	1	0	0	0	0	1	0	0	1	R
NMDC20587751	0	0	0	1	0	0	0	0	1	0	1	0	1	0	1	0	1	0	0	0	R
NMDC20587761	0	0	0	1	0	0	0	0	1	0	1	0	1	0	1	0	1	0	0	0	R
NMDC20587763	0	0	0	1	0	0	0	0	1	1	0	0	1	0	1	0	1	1	0	0	R
NMDC20587764	0	0	0	1	0	0	0	0	1	1	0	0	1	0	1	0	1	1	0	0	R
NMDC20587765	0	0	0	1	0	0	0	0	1	1	0	0	1	0	1	0	1	1	0	0	R
NMDC20587766	0	0	0	1	0	0	0	0	1	0	1	0	0	0	1	0	1	1	0	1	R
NMDC20587767	0	0	0	1	0	0	0	0	1	0	1	0	0	0	1	0	1	1	0	1	R
NMDC20587769	0	0	0	1	0	0	0	0	1	0	1	0	0	0	1	0	1	1	0	1	R
NMDC20587775	0	0	0	1	0	0	0	0	1	0	1	0	0	0	1	0	1	1	0	1	R
NMDC20587787	0	0	0	1	0	0	0	0	1	0	1	0	1	0	1	0	1	0	0	0	R
NMDC20587789	0	0	0	1	0	0	0	0	1	0	1	0	0	0	1	0	1	1	0	1	R
NMDC20587791	0	0	0	1	0	0	0	0	1	0	1	1	0	0	0	0	1	0	0	1	R
NMDC20587801	0	0	0	1	0	0	0	0	1	0	1	1	0	0	1	0	1	0	0	0	R
NMDC20587804	0	0	0	1	0	0	0	0	1	0	1	0	0	0	0	0	1	0	0	0	R
NMDC20587806	0	0	0	1	0	0	0	0	1	0	1	0	1	0	1	0	1	0	0	0	R
NMDC20587807	0	0	0	1	0	0	0	0	1	0	1	0	1	0	1	0	1	0	0	0	R
NMDC20587808	0	0	0	1	0	0	0	0	1	0	1	0	1	0	1	0	1	0	0	0	R
NMDC20587810	0	0	0	1	0	0	0	0	1	0	1	1	0	0	0	0	1	0	0	1	R
NMDC20587811	0	0	0	1	0	0	0	0	1	0	1	0	1	0	0	0	1	0	0	1	R
NMDC20587821	0	0	0	1	0	0	0	0	0	0	0	0	1	0	0	0	0	0	0	1	R
NMDC20587822	0	0	0	1	0	0	0	0	1	0	1	0	0	0	0	0	1	0	0	0	R
NMDC20587833	0	0	0	1	0	0	0	0	0	0	0	0	1	0	0	0	0	0	0	1	R
NMDC20587854	0	0	0	1	0	0	0	0	1	0	1	0	0	0	1	0	1	1	0	1	R
NMDC20587857	0	0	0	1	0	0	0	0	1	0	1	1	0	0	0	0	1	0	0	1	R
NMDC20587862	0	0	0	1	0	0	0	0	1	0	1	0	1	0	1	0	1	1	0	0	R
NMDC20587863	0	0	0	1	0	0	0	0	1	0	1	0	1	0	1	0	1	1	0	0	R
NMDC20587864	0	0	0	1	0	0	0	0	1	0	1	0	1	0	1	0	1	1	0	0	R
NMDC20587866	0	0	0	1	0	0	0	0	1	0	1	0	1	0	1	0	1	1	0	0	R
NMDC20587871	0	0	0	1	0	0	0	0	1	0	1	0	1	0	1	0	1	1	0	0	R
NMDC20587892	0	0	0	1	0	0	0	0	1	0	1	0	0	0	1	0	1	1	0	1	R
NMDC20587899	0	0	0	1	0	0	0	0	1	0	1	1	0	0	0	0	1	0	0	1	R
NMDC20587900	0	0	0	1	0	0	0	0	1	0	1	0	1	0	0	0	1	0	0	1	R
NMDC20587905	0	0	0	1	0	0	0	0	1	0	1	1	0	0	0	0	1	0	0	1	R
NMDC20587906	0	0	0	1	0	0	0	0	1	0	1	0	1	0	1	0	1	0	0	0	R
NMDC20587908	0	0	0	1	0	0	0	0	1	0	1	0	1	0	0	0	1	0	0	1	R
NMDC20587909	0	0	0	1	1	0	0	0	1	0	1	0	0	0	1	0	1	1	0	0	R
NMDC20587910	0	0	0	1	0	0	0	0	1	0	0	0	1	0	0	0	0	0	0	1	R
NMDC20587914	0	0	0	1	0	0	0	0	1	0	1	0	1	0	0	1	1	0	0	1	R
NMDC20587915	0	0	0	1	0	0	0	0	1	0	1	0	0	0	0	0	1	0	0	1	R
NMDC20587916	0	0	0	1	0	0	0	0	1	0	1	0	1	0	0	0	1	0	0	1	R
NMDC20587917	0	0	0	1	0	0	0	0	1	0	1	0	1	0	1	0	1	0	0	0	R
NMDC20587919	1	1	1	0	1	0	0	0	1	1	0	1	1	0	0	0	1	0	1	0	R
NMDC20587927	0	0	0	1	0	0	0	0	1	0	1	0	1	0	1	0	1	0	0	0	R
NMDC20587928	0	0	0	1	0	0	0	0	0	0	0	0	1	0	0	0	0	0	0	1	R
NMDC20587929	0	0	0	1	0	0	0	0	0	0	0	0	1	0	0	0	0	0	0	1	R
NMDC20587930	0	0	0	1	0	0	0	0	1	0	1	0	0	0	1	0	1	1	0	1	R
NMDC20587932	0	0	0	1	0	0	0	0	0	0	0	0	1	0	0	0	0	0	0	1	R
NMDC20587934	0	0	0	1	0	0	0	0	1	0	1	0	0	0	1	0	1	1	0	1	R
NMDC20587938	0	0	0	1	0	0	1	0	1	0	1	0	0	0	1	0	1	1	0	1	R
NMDC20587950	1	1	1	0	1	0	0	0	1	1	0	1	1	0	0	0	1	0	1	0	R
NMDC20587958	1	1	1	0	1	0	0	0	1	1	0	1	1	0	0	0	1	0	1	0	R
NMDC20587967	0	0	0	0	0	0	0	0	1	0	1	1	0	0	0	1	1	0	0	0	R
NMDC20587968	0	0	0	1	0	0	0	0	1	0	1	1	0	0	0	0	1	1	0	0	R
NMDC20587971	1	1	1	0	1	0	0	0	1	1	0	1	1	0	0	1	1	0	1	0	R
NMDC20587983	1	1	1	0	1	0	0	0	1	1	0	1	1	0	0	0	1	0	1	0	R
NMDC20587994	1	1	1	0	1	0	0	0	1	1	0	1	1	0	0	0	1	0	1	0	R
NMDC20587995	0	0	0	1	0	0	0	0	1	0	1	0	0	1	1	0	1	0	0	0	R
NMDC20587997	1	1	1	0	1	0	0	0	1	1	0	1	1	0	0	0	1	0	1	0	R
NMDC20588006	1	1	1	0	1	0	0	0	1	1	0	1	1	0	0	0	1	0	1	0	R
NMDC20588009	1	1	1	0	1	0	0	0	1	1	0	1	1	0	0	0	1	0	1	0	R
NMDC20588057	1	1	1	0	1	0	0	0	1	1	0	1	1	0	0	0	1	0	1	0	R
NMDC20588058	1	1	1	0	1	0	0	0	1	1	0	1	1	0	0	0	1	0	1	0	R
NMDC20554362	0	0	0	1	0	1	1	0	1	0	1	0	0	0	1	0	1	1	0	1	R
NMDC20588069	0	0	0	1	0	1	1	0	1	0	1	0	0	0	1	0	1	1	0	1	R
NMDC20588070	0	0	0	1	0	1	1	0	1	0	1	0	0	0	1	0	1	1	0	1	R
NMDC20588071	0	0	0	1	0	1	1	0	1	0	1	0	0	0	1	0	1	1	0	1	R
NMDC20554363	0	0	0	1	0	1	1	0	1	0	1	0	0	0	1	0	1	1	0	1	R
NMDC20552346	0	0	0	1	0	1	1	0	1	0	1	0	0	0	1	0	1	1	0	1	R
NMDC20556354	0	0	0	1	0	1	1	0	1	0	1	0	0	0	1	0	1	1	0	1	R
NMDC20552347	0	0	0	1	0	1	1	0	1	0	1	0	0	0	1	0	1	1	0	1	R
NMDC20588073	0	0	0	1	0	1	1	0	1	0	1	0	0	0	1	0	1	1	0	1	R
NMDC20588074	0	0	0	1	0	1	1	0	1	0	1	0	0	0	1	0	1	1	0	1	R
NMDC20588075	0	0	0	1	0	0	0	0	1	0	1	0	0	0	1	0	1	1	0	1	R
NMDC20552348	1	1	1	0	1	0	0	0	1	1	0	1	1	0	0	0	1	0	1	0	R
NMDC20588077	1	1	1	0	1	0	0	0	1	1	0	1	1	0	0	0	1	0	1	0	R
NMDC20588078	1	1	1	0	1	0	0	0	1	1	0	1	1	0	0	0	1	0	1	0	R
NMDC20588079	1	1	1	0	1	0	0	0	1	1	0	1	1	0	0	0	1	0	1	0	R
NMDC20554365	1	1	1	0	1	0	0	0	1	1	0	1	1	0	0	0	1	0	1	0	R
NMDC20588080	1	1	1	0	1	0	0	0	1	1	0	1	1	0	0	0	1	0	1	0	R
NMDC20552349	1	1	1	0	1	0	0	0	1	1	0	1	1	0	0	0	1	0	1	0	R
NMDC20558379	1	1	1	0	1	0	0	0	1	1	0	1	1	0	0	0	1	0	1	0	R
NMDC20588081	1	1	1	0	1	0	0	0	1	1	0	1	1	0	0	0	1	0	1	0	R
NMDC20552350	1	1	1	0	1	0	0	0	1	1	0	1	1	0	0	0	1	0	1	0	R
NMDC20558380	1	1	1	0	1	0	0	0	1	1	0	1	1	0	0	0	1	0	1	0	R
NMDC20554367	1	1	1	0	1	0	0	0	1	1	0	1	1	0	0	0	1	0	1	0	R
NMDC20588083	1	1	1	0	1	0	0	0	1	1	0	1	1	0	0	0	1	0	1	0	R
NMDC20588085	1	1	1	0	1	0	0	0	1	1	0	1	1	0	0	0	1	0	1	0	R
NMDC20588086	1	1	1	0	1	0	0	0	1	1	0	1	1	0	0	0	1	0	1	0	R
NMDC20554368	1	1	1	0	1	0	0	0	1	1	0	1	1	0	0	0	1	0	1	0	R
NMDC20556355	1	1	1	0	1	0	0	0	1	1	0	1	1	0	0	0	1	0	1	0	R
NMDC20588087	1	1	1	0	1	0	0	0	1	1	0	1	1	0	0	0	1	0	1	0	R
NMDC20588088	1	1	1	0	1	0	0	0	1	1	0	1	1	0	0	0	1	0	1	0	R
NMDC20588090	1	1	1	0	1	0	0	0	1	1	0	1	1	0	0	0	1	0	1	0	R
NMDC20588091	1	1	1	0	1	0	0	0	1	1	0	1	1	0	0	0	1	0	1	0	R
NMDC20558383	1	1	1	0	1	0	0	0	1	1	0	1	1	0	0	0	1	0	1	0	R
NMDC20554369	1	1	1	0	1	0	0	0	1	1	0	1	1	0	0	0	1	0	1	0	R
NMDC20588092	1	1	1	0	1	0	0	0	1	1	0	1	1	0	0	0	1	0	1	0	R
NMDC20556356	1	1	1	0	1	0	0	0	1	1	0	1	1	0	0	0	1	0	1	0	R
NMDC20588093	1	1	1	0	1	0	0	0	1	1	0	1	1	0	0	0	1	0	1	0	R
NMDC20558384	1	1	1	0	1	0	0	0	1	1	0	1	1	0	0	0	1	0	1	0	R
NMDC20556357	1	1	1	0	1	0	0	0	1	1	0	1	1	0	0	0	1	0	1	0	R
NMDC20588094	1	1	1	0	1	0	0	0	1	1	0	1	1	0	0	0	1	0	1	0	R
NMDC20588095	1	1	1	0	1	0	0	0	1	1	0	1	1	0	0	0	1	0	1	0	R
NMDC20588096	1	1	1	0	1	0	0	0	1	1	0	1	1	0	0	0	1	0	1	0	R
NMDC20588097	1	1	1	0	1	0	0	0	1	1	0	1	1	0	0	0	1	0	1	0	R
NMDC20588098	1	1	1	0	1	0	0	0	1	1	0	1	1	0	0	0	1	0	1	0	R
NMDC20588099	1	1	1	0	1	0	0	0	1	1	0	1	1	0	0	0	1	0	1	0	R
NMDC20558385	1	1	1	0	1	0	0	0	1	1	0	1	1	0	0	0	1	0	1	0	R
NMDC20558386	1	1	1	0	1	0	0	0	1	1	0	1	1	0	0	0	1	0	1	0	R
NMDC20588100	1	1	1	0	1	0	0	0	1	1	0	1	1	0	0	0	1	0	1	0	R
NMDC20552354	1	1	1	0	1	0	0	0	1	1	0	1	1	0	0	0	1	0	1	0	R
NMDC20552355	1	1	1	0	1	0	0	0	1	1	0	1	1	0	0	0	1	0	1	0	R
NMDC20552356	1	1	1	0	1	0	0	0	1	1	0	1	1	0	0	0	1	0	1	0	R
NMDC20556358	1	1	1	0	1	0	0	0	1	1	0	1	1	0	0	0	1	0	1	0	R
NMDC20552357	0	0	0	1	0	1	1	0	1	0	1	0	0	0	1	0	1	1	0	1	R
NMDC20556360	0	0	0	1	0	1	1	0	1	0	1	0	0	0	1	0	1	1	0	1	R
NMDC20552358	1	1	1	0	1	0	0	0	1	1	0	1	1	0	0	0	1	0	1	0	R
NMDC20588101	1	1	1	0	1	0	0	0	1	1	0	1	1	0	0	0	1	0	1	0	R
NMDC20588102	1	1	1	0	1	0	0	0	1	1	0	1	1	0	0	0	1	0	1	0	R
NMDC20554372	1	1	1	0	1	0	0	0	1	1	0	1	1	0	0	0	1	0	1	0	R
NMDC20554373	1	1	1	0	1	0	0	0	1	1	0	1	1	0	0	0	1	0	1	0	R
NMDC20588103	1	1	1	0	1	0	0	0	1	1	0	1	1	0	0	0	1	0	1	0	R
NMDC20552359	1	1	1	0	1	0	0	0	1	1	0	1	1	0	0	0	1	0	1	0	R
NMDC20554374	1	1	1	0	1	0	0	0	1	1	0	1	1	0	0	0	1	0	1	0	R
NMDC20588106	0	0	0	1	1	0	0	1	1	0	1	0	1	0	0	0	1	1	0	1	R
NMDC20554375	0	0	0	1	1	0	0	1	1	0	1	0	1	0	0	0	1	1	0	1	R
NMDC20552361	0	0	0	1	1	0	0	1	1	0	1	0	1	0	0	0	1	1	0	1	R
NMDC20588107	0	0	0	1	1	0	0	1	1	0	1	0	1	0	0	0	1	1	0	1	R
NMDC20558388	0	0	0	1	1	0	0	1	1	0	1	0	1	0	0	0	1	1	0	1	R
NMDC20588108	0	0	0	1	1	0	0	1	1	0	1	0	1	0	0	0	1	1	0	1	R
NMDC20588110	0	0	0	1	0	0	0	0	1	0	1	0	0	0	0	0	1	0	0	0	R
NMDC20558390	0	0	1	1	0	0	0	0	1	0	1	0	0	0	1	0	1	0	0	0	R
NMDC20558391	0	0	1	1	0	0	0	0	1	0	1	0	0	0	1	0	1	0	0	0	R
NMDC20588113	0	0	0	1	0	0	1	0	1	0	1	0	0	0	1	1	1	1	0	1	R
NMDC20588114	0	0	0	1	0	0	1	0	1	0	1	0	0	0	1	1	1	1	0	1	R
NMDC20588115	0	0	0	1	0	0	1	0	1	0	1	0	0	0	1	1	1	1	0	1	R
NMDC20554376	0	0	0	1	0	0	1	0	1	0	1	0	0	0	1	1	1	1	0	1	R
NMDC20552363	0	0	0	1	0	0	1	0	1	0	1	0	0	0	1	1	1	1	0	1	R
NMDC20588116	0	0	0	1	0	0	1	0	1	0	1	0	0	0	1	1	1	1	0	1	R
NMDC20552364	0	0	0	1	0	0	1	0	1	0	1	0	0	0	1	1	1	1	0	1	R
NMDC20558392	0	0	0	1	0	0	1	0	1	0	1	0	0	0	1	1	1	1	0	1	R
NMDC20588118	0	0	0	1	0	0	1	0	1	0	1	0	0	0	1	1	1	1	0	1	R
NMDC20588119	0	0	0	1	0	0	1	0	1	0	1	0	0	0	1	1	1	1	0	1	R
NMDC20588120	0	0	0	1	0	1	1	0	1	0	1	0	0	0	1	1	1	1	0	1	R
NMDC20558393	0	0	0	1	0	0	1	0	1	0	1	0	0	0	1	1	1	1	0	1	R
NMDC20588124	0	0	0	1	0	0	1	0	1	0	1	0	0	0	1	1	1	1	0	1	R
NMDC20556361	0	0	0	1	0	0	1	0	1	0	1	0	0	0	1	1	1	1	0	1	R
NMDC20556362	0	0	0	1	0	1	1	0	1	0	1	0	0	0	1	0	1	1	0	1	R
NMDC20588125	0	0	0	1	0	1	1	0	1	0	1	0	0	0	1	0	1	1	0	1	R
NMDC20552365	0	0	0	1	0	1	1	0	1	0	1	0	0	0	1	0	1	1	0	1	R
NMDC20588126	0	0	0	1	0	1	1	0	1	0	1	0	0	0	1	0	1	1	0	1	R
NMDC20588127	0	0	0	1	0	1	1	0	1	0	1	0	0	0	1	0	1	1	0	1	R
NMDC20558394	0	0	0	1	0	1	1	0	1	0	1	0	0	0	1	0	1	1	0	1	R
NMDC20556363	0	0	0	1	0	1	1	0	1	0	1	0	0	0	1	0	1	1	0	1	R
NMDC20588128	0	0	0	1	0	1	1	0	1	0	1	0	0	0	1	0	1	1	0	1	R
NMDC20588129	1	1	1	0	1	0	0	0	1	1	0	1	1	0	0	0	1	0	1	0	R
NMDC20588130	1	1	1	0	1	0	0	0	1	1	0	1	1	0	0	0	1	0	1	0	R
NMDC20588131	1	1	1	0	1	0	0	0	1	1	0	1	1	0	0	0	1	0	1	0	R
NMDC20588132	0	0	0	1	0	1	1	0	1	0	1	0	0	0	1	0	1	1	0	1	R
NMDC20558396	0	0	0	1	0	1	1	0	1	0	1	0	0	0	1	0	1	1	0	1	R
NMDC20556366	0	0	0	1	0	0	1	0	1	0	1	0	0	0	1	1	1	1	0	1	R
NMDC20588136	0	0	0	1	0	0	1	0	1	0	1	0	0	0	1	1	1	1	0	1	R
NMDC20558397	0	0	0	1	0	0	1	0	1	0	1	0	0	0	1	1	1	1	0	1	R
NMDC20552371	1	1	1	0	1	0	0	0	1	1	0	1	1	0	0	0	1	0	1	0	R
NMDC20554382	0	0	0	1	0	1	1	0	1	0	1	0	0	0	1	0	1	1	0	1	R
NMDC20552372	0	0	0	1	0	1	1	0	1	0	1	0	0	0	1	0	1	1	0	1	R
NMDC20552373	0	0	0	1	0	1	1	0	1	0	1	0	0	0	1	0	1	1	0	1	R
NMDC20588137	0	0	0	1	0	1	1	0	1	0	1	0	0	0	1	0	1	1	0	1	R
NMDC20558398	0	0	0	1	0	1	1	0	1	0	1	0	0	0	1	0	1	1	0	1	R
NMDC20552374	0	0	0	1	0	1	1	0	1	0	1	0	0	0	1	0	1	1	0	1	R
NMDC20588140	1	1	1	0	1	0	0	0	1	1	0	1	1	0	0	0	1	0	1	0	R
NMDC20552382	1	1	1	0	1	0	0	0	1	1	0	1	1	0	0	0	1	0	1	0	R
NMDC20556370	1	1	1	0	1	0	0	0	1	1	0	1	1	0	0	0	1	0	1	0	R
NMDC20556371	1	1	1	0	1	0	0	0	1	1	0	1	1	0	0	0	1	0	1	0	R
NMDC20558401	0	0	0	1	0	1	1	0	1	0	1	0	0	0	1	0	1	1	0	1	R
NMDC20552383	0	0	0	1	0	0	1	0	1	0	1	0	0	0	1	1	1	1	0	1	R
NMDC20588151	1	1	1	0	1	0	0	0	1	1	0	1	1	0	0	0	1	0	1	0	R
NMDC20556372	1	1	1	0	1	0	0	0	1	1	0	1	1	0	0	0	1	0	1	0	R
NMDC20588152	1	1	1	0	1	0	0	0	1	1	0	1	1	0	0	0	1	0	1	0	R
NMDC20588153	1	1	1	0	1	0	0	0	1	1	0	1	1	0	0	0	1	0	1	0	R
NMDC20588154	1	1	1	0	1	0	0	0	1	1	0	1	1	0	0	0	1	0	1	0	R
NMDC20588155	1	1	1	0	1	0	0	0	1	1	0	1	1	0	0	0	1	0	1	0	R
NMDC20588156	1	1	1	0	1	0	0	0	1	1	0	1	1	0	0	0	1	0	1	0	R
NMDC20558402	1	1	1	0	1	0	0	0	1	1	0	1	1	0	0	0	1	0	1	0	R
NMDC20588157	1	1	1	0	1	0	0	0	1	1	0	1	1	0	0	0	1	0	1	0	R
NMDC20552384	1	1	1	0	1	0	0	0	1	1	0	1	1	0	0	0	1	0	1	0	R
NMDC20556373	1	1	1	0	1	0	0	0	1	1	0	1	1	0	0	0	1	0	1	0	R
NMDC20552385	1	1	1	0	1	0	0	0	1	1	0	1	1	0	0	0	1	0	1	0	R
NMDC20552386	1	1	1	0	1	0	0	0	1	1	0	1	1	0	0	0	1	0	1	0	R
NMDC20552387	1	1	1	0	1	0	0	0	1	1	0	1	1	0	0	0	1	0	1	0	R
NMDC20556374	1	1	1	0	1	0	0	0	1	1	0	1	1	0	0	0	1	0	1	0	R
NMDC20554389	1	1	1	0	1	0	0	0	1	1	0	1	1	0	0	0	1	0	1	0	R
NMDC20588160	1	1	1	0	1	0	0	0	1	1	0	1	1	0	0	0	1	0	1	0	R
NMDC20558403	1	1	1	0	1	0	0	0	1	1	0	1	1	0	0	0	1	0	1	0	R
NMDC20588163	1	1	1	0	1	0	0	0	1	1	0	1	1	0	0	0	1	0	1	0	R
NMDC20588164	1	1	1	0	1	0	0	0	1	1	0	1	1	0	0	0	1	0	1	0	R
NMDC20588166	1	1	1	0	1	0	0	0	1	1	0	1	1	0	0	0	1	0	1	0	R
NMDC20554392	1	1	1	0	1	0	0	0	1	1	0	1	1	0	0	0	1	0	1	0	R
NMDC20558199	1	1	1	0	1	0	0	0	1	1	0	1	1	0	0	0	1	0	1	0	R
NMDC20587374	0	0	0	1	0	1	1	0	1	0	1	0	0	0	1	0	1	1	0	1	R
NMDC20556348	1	1	1	0	1	0	0	0	1	1	0	1	1	0	0	0	1	0	1	0	R
NMDC20588640	1	1	1	0	1	0	0	0	1	1	0	1	1	0	0	0	1	0	1	0	R
NMDC20588642	1	1	1	0	1	0	0	0	1	1	0	1	1	0	0	0	1	0	1	0	R
NMDC20588656	0	0	0	1	0	0	0	0	1	0	1	0	0	0	1	1	1	1	0	1	R
NMDC20588676	0	0	0	0	0	0	0	0	1	0	1	1	0	0	0	1	1	0	0	0	R
NMDC20588680	1	1	1	0	1	0	0	0	1	1	0	1	1	0	0	0	1	0	1	0	R
NMDC20588681	1	1	1	0	1	0	0	0	1	1	0	1	1	0	0	0	1	0	1	0	R
NMDC20588687	1	1	1	0	1	0	0	0	1	1	0	1	1	0	0	0	1	0	1	0	R
NMDC20588688	1	1	1	0	1	0	0	0	1	1	0	1	1	0	0	0	1	0	1	0	R
NMDC20588703	1	1	1	0	1	0	0	0	1	1	0	1	1	0	0	0	1	0	1	0	R
NMDC20588726	1	1	1	0	1	0	0	0	1	1	0	1	1	0	0	0	1	0	1	0	R
NMDC20588729	1	1	1	0	1	0	0	0	1	1	0	1	1	0	0	0	1	0	1	0	R
NMDC20588739	1	1	1	0	1	0	0	0	1	1	0	1	1	0	0	0	1	0	1	0	R
NMDC20588744	1	1	1	0	1	0	0	0	1	1	0	1	1	0	0	0	1	0	1	0	R
NMDC20588752	0	0	0	1	0	0	0	0	1	0	1	0	0	1	1	0	1	0	0	0	R
NMDC20554581	1	1	1	0	1	0	0	0	1	1	0	1	1	0	0	0	1	0	1	0	R
NMDC20556579	1	1	1	0	1	0	0	0	1	1	0	1	1	0	0	0	1	0	1	0	R
NMDC20554582	1	1	1	0	1	0	0	0	1	1	0	1	1	0	0	0	1	0	1	0	R
NMDC20558584	0	0	0	1	0	1	1	0	1	0	1	0	0	0	1	0	1	1	0	1	R
NMDC20556582	0	0	0	1	0	0	1	0	1	0	1	0	0	0	1	1	1	1	0	1	R
NMDC20588780	0	0	0	1	0	1	1	0	1	0	1	0	0	0	1	0	1	1	0	1	R
NMDC20558585	0	0	0	1	0	1	1	0	1	0	1	0	0	0	1	0	1	1	0	1	R
NMDC20588781	0	0	0	1	0	1	1	0	1	0	1	0	0	0	1	0	1	1	0	1	R
NMDC20552585	0	0	0	1	0	1	1	0	1	0	1	0	0	0	1	0	1	1	0	1	R
NMDC20558586	0	0	0	1	0	1	1	0	1	0	1	0	0	0	1	0	1	1	0	1	R
NMDC20588782	0	0	0	1	0	1	1	0	1	0	1	0	0	0	1	0	1	1	0	1	R
NMDC20588783	0	0	0	1	0	1	1	0	1	0	1	0	0	0	1	0	1	1	0	1	R
NMDC20554587	0	0	0	1	0	0	1	0	1	0	1	0	0	0	1	0	1	1	0	1	R
NMDC20588784	0	0	0	1	0	0	1	0	1	0	1	0	0	0	1	0	1	1	0	1	R
NMDC20588785	0	0	0	1	0	1	1	0	1	0	1	0	0	0	1	0	1	1	0	1	R
NMDC20558587	0	0	0	1	0	1	1	0	1	0	1	0	0	0	1	0	1	1	0	1	R
NMDC20588786	0	0	0	1	0	1	1	0	1	0	1	0	0	0	1	0	1	1	0	1	R
NMDC20552587	0	0	0	1	0	0	1	0	1	0	1	0	0	0	1	1	1	1	0	1	R
NMDC20588790	0	0	0	1	0	1	1	0	1	0	1	0	0	0	1	0	1	1	0	1	R
NMDC20588791	0	0	0	1	0	1	1	0	1	0	1	0	0	0	1	0	1	1	0	1	R
NMDC20588792	0	0	0	1	0	1	1	0	1	0	1	0	0	0	1	0	1	1	0	1	R
NMDC20588793	0	0	0	1	0	1	1	0	1	0	1	0	0	0	1	0	1	1	0	1	R
NMDC20552588	0	0	0	1	0	1	1	0	1	0	1	0	0	0	1	0	1	1	0	1	R
NMDC20556589	0	0	0	1	0	1	1	0	1	0	1	0	0	0	1	0	1	1	0	1	R
NMDC20588795	0	0	0	1	0	1	1	0	1	0	1	0	0	0	1	0	1	1	0	1	R
NMDC20554590	0	0	0	1	0	1	1	0	1	0	1	0	0	0	1	0	1	1	0	1	R
NMDC20556590	0	0	0	1	0	1	1	0	1	0	1	0	0	0	1	0	1	1	0	1	R
NMDC20588799	0	0	0	1	0	1	1	0	1	0	1	0	0	0	1	0	1	1	0	1	R
NMDC20588801	0	0	0	1	0	1	1	0	1	0	1	0	0	0	1	0	1	1	0	1	R
NMDC20588802	0	0	0	1	0	1	1	0	1	0	1	0	0	0	1	0	1	1	0	1	R
NMDC20552589	0	0	0	1	0	1	1	0	1	0	1	0	0	0	1	0	1	1	0	1	R
NMDC20552590	0	0	0	1	0	1	1	0	1	0	1	0	0	0	1	0	1	1	0	1	R
NMDC20552591	0	0	0	1	0	1	1	0	1	0	1	0	0	0	1	0	1	1	0	1	R
NMDC20588811	0	0	0	1	0	1	1	0	1	0	1	0	0	0	1	0	1	1	0	1	R
NMDC20588812	0	0	0	1	0	1	1	0	1	0	1	0	0	0	1	0	1	1	0	1	R
NMDC20552593	0	0	0	1	0	1	1	0	1	0	1	0	0	0	1	0	1	1	0	1	R
NMDC20552594	0	0	0	1	0	1	1	0	1	0	1	0	0	0	1	0	1	1	0	1	R
NMDC20552596	1	1	1	0	1	0	0	0	1	1	0	1	1	0	0	0	1	0	1	0	R
NMDC20588815	1	1	1	0	1	0	0	0	1	1	0	1	1	0	0	0	1	0	1	0	R
NMDC20588816	1	1	1	0	1	0	0	0	1	1	0	1	1	0	0	0	1	0	1	0	R
NMDC20554596	1	1	1	0	1	0	0	0	1	1	0	1	1	0	0	1	1	0	1	0	R
NMDC20554598	0	0	0	1	0	0	1	0	1	0	1	0	0	0	1	0	1	1	0	1	R
NMDC20558600	0	0	0	1	0	1	1	0	1	0	1	0	0	0	1	0	1	1	0	1	R
NMDC20554599	0	0	0	1	0	1	1	0	1	0	1	0	0	0	1	0	1	1	0	1	R
NMDC20552598	0	0	0	1	0	1	1	0	1	0	1	0	0	0	1	0	1	1	0	1	R
NMDC20588821	0	0	0	1	0	1	1	0	1	0	1	0	0	0	1	0	1	1	0	1	R
NMDC20588822	0	0	0	1	0	1	1	0	1	0	1	0	0	0	1	0	1	1	0	1	R
NMDC20588823	0	0	0	1	0	1	1	0	1	0	1	0	0	0	1	0	1	1	0	1	R
NMDC20558602	0	0	0	1	0	1	1	0	1	0	1	0	0	0	1	0	1	1	0	1	R
NMDC20556596	0	0	0	1	0	1	1	0	1	0	1	0	0	0	1	0	1	1	0	1	R
NMDC20588827	1	1	1	0	1	0	0	0	1	1	0	1	1	0	0	0	1	0	1	0	R
NMDC20588828	1	1	1	0	1	0	0	0	1	1	0	1	1	0	0	0	1	0	1	0	R
NMDC20558606	1	1	1	0	1	0	0	0	1	1	0	1	1	0	0	0	1	0	1	0	R
NMDC20558607	1	1	1	0	1	0	0	0	1	1	0	1	1	0	0	0	1	0	1	0	R
NMDC20588830	1	1	1	0	1	0	0	0	1	1	0	1	1	0	0	0	1	0	1	0	R
NMDC20552600	1	1	1	0	1	0	0	0	1	1	0	1	1	0	0	0	1	0	1	0	R
NMDC20588825	1	1	1	0	1	0	0	0	1	1	0	1	1	0	0	0	1	0	1	0	R
NMDC20554602	1	1	1	0	1	0	0	0	1	1	0	1	1	0	0	0	1	0	1	0	R
NMDC20558604	1	1	1	0	1	0	0	0	1	1	0	1	1	0	0	0	1	0	1	0	R
NMDC20558605	1	1	1	0	1	0	0	0	1	1	0	1	1	0	0	0	1	0	1	0	R
NMDC20554603	1	1	1	0	1	0	0	0	1	1	0	1	1	0	0	0	1	0	1	0	R
NMDC20582243	1	1	1	0	1	0	0	0	1	1	0	1	1	0	0	0	1	0	1	0	R
NMDC20556709	1	1	1	0	1	0	0	0	1	1	0	1	1	0	0	0	1	0	1	0	R
NMDC20582247	1	1	1	0	1	0	0	0	1	1	0	1	1	0	0	0	1	0	1	0	R
NMDC20582248	1	1	1	0	1	0	0	0	1	1	0	1	1	0	0	0	1	0	1	0	R
NMDC20582262	1	1	1	0	1	0	0	0	1	1	0	1	1	0	0	0	1	0	1	0	R
NMDC20552721	1	1	1	0	1	0	0	0	1	1	0	1	1	0	0	0	1	0	1	0	R
NMDC20582268	1	1	1	0	1	0	0	0	1	1	0	1	1	0	0	0	1	0	1	0	R
NMDC20552720	1	1	1	0	1	0	0	0	1	1	0	1	1	0	0	0	1	0	1	0	R
NMDC20582272	1	1	1	0	1	0	0	0	1	1	0	1	1	0	0	0	1	0	1	0	R
NMDC20556720	0	0	0	1	0	0	0	0	1	0	1	0	0	0	1	0	1	1	0	1	R
NMDC20554706	0	0	0	1	0	0	0	0	1	0	1	0	1	0	1	0	1	0	0	0	R
NMDC20556724	1	1	1	0	1	0	0	0	1	1	0	1	1	0	0	0	1	0	1	0	R
NMDC20582284	1	1	1	0	1	0	0	0	1	1	0	1	1	0	0	0	1	0	1	0	R
NMDC20554708	1	1	1	0	1	0	0	0	1	1	0	1	1	0	0	0	1	0	1	0	R
NMDC20552724	1	1	1	0	1	0	0	0	1	1	0	1	1	0	0	0	1	0	1	0	R
NMDC20554709	1	0	1	0	1	0	0	0	1	1	0	1	0	0	0	0	1	0	1	0	R
NMDC20582286	1	1	1	0	1	0	0	0	1	1	0	1	1	0	0	0	1	0	1	0	R
NMDC20550711	1	1	1	0	1	0	0	0	1	1	0	1	1	0	0	0	1	0	1	0	R
NMDC20582291	1	1	1	0	1	0	0	0	1	1	0	1	1	0	0	0	1	0	1	0	R
NMDC20550720	1	1	1	0	1	0	0	0	1	1	0	1	1	0	0	0	1	0	1	0	R
NMDC20550724	0	0	0	1	0	0	0	0	1	0	1	0	0	0	1	0	1	1	0	1	R
NMDC20582301	1	1	1	0	1	0	0	0	1	1	0	1	1	0	0	0	1	0	1	0	R
NMDC20554718	1	1	1	0	1	0	0	0	1	1	0	1	1	0	0	0	1	0	1	0	R
NMDC20556732	1	1	1	0	1	0	0	0	1	1	0	1	1	0	0	0	1	0	1	0	R
NMDC20582305	1	1	1	0	1	0	0	0	1	1	0	1	1	0	0	0	1	0	1	0	R
NMDC20550726	1	1	1	0	1	0	0	0	1	1	0	1	1	0	0	0	1	0	1	0	R
NMDC20582311	1	1	1	0	1	0	0	0	1	1	0	1	1	0	0	0	1	0	1	0	R
NMDC20550728	1	1	1	0	1	0	0	0	1	1	0	1	1	0	0	0	1	0	1	0	R
NMDC20582315	1	1	1	0	1	0	0	0	1	1	0	1	1	0	0	0	1	0	1	0	R
NMDC20550730	0	0	0	1	0	0	0	0	1	0	1	0	0	0	1	0	1	1	0	1	R
NMDC20582316	1	1	1	0	1	0	0	0	1	1	0	1	1	0	0	0	1	0	1	0	R
NMDC20554723	1	1	1	0	1	0	0	0	1	1	0	1	1	0	0	0	1	0	1	0	R
NMDC20556738	1	1	1	0	1	0	0	0	1	1	0	1	1	0	0	0	1	0	1	0	R
NMDC20552740	1	1	1	0	1	0	0	0	1	1	0	1	1	0	0	0	1	0	1	0	R
NMDC20582328	1	1	1	0	1	0	0	0	1	1	0	1	1	0	0	0	1	0	1	0	R
NMDC20554727	1	1	1	0	1	0	0	0	1	1	0	1	1	0	0	0	1	0	1	0	R
NMDC20552741	1	1	1	0	1	0	0	0	1	1	0	1	1	0	0	0	1	0	1	0	R
NMDC20552742	1	1	1	0	1	0	0	0	1	1	0	1	1	0	0	0	1	0	1	0	R
NMDC20550806	1	1	1	0	1	0	0	0	1	1	0	1	1	0	0	0	1	0	1	0	R
NMDC20550812	1	1	1	0	1	0	0	0	1	1	0	1	1	0	0	0	1	0	1	0	R
NMDC20582643	0	0	0	1	0	0	0	0	1	0	1	0	0	0	1	0	1	1	0	1	R
NMDC20556823	0	0	0	1	0	0	0	0	1	0	1	0	0	0	1	0	1	1	0	1	R
NMDC20552820	1	1	1	0	1	0	0	0	1	1	0	1	1	0	0	0	1	0	1	0	R
NMDC20554801	0	0	0	1	0	0	0	0	1	0	1	0	0	0	1	0	1	1	0	1	R
NMDC20552824	0	0	0	1	0	0	0	0	1	0	1	0	0	0	1	0	1	1	0	1	R
NMDC20550818	0	0	0	1	0	0	0	0	1	0	1	0	0	0	1	0	1	1	0	1	R
NMDC20550822	1	1	1	0	1	0	0	0	1	1	0	1	1	0	0	0	1	0	1	0	R
NMDC20556833	0	0	0	1	0	0	0	0	1	0	1	0	0	0	0	0	1	0	0	0	R
NMDC20552834	0	0	0	1	0	0	0	0	1	0	1	0	0	0	1	0	1	1	0	1	R
NMDC20556838	0	0	0	1	0	0	0	0	1	0	1	0	0	0	1	0	1	1	0	1	R
NMDC20582686	0	0	0	1	0	0	1	0	1	0	1	0	0	0	1	1	1	1	0	1	R
NMDC20556853	1	1	1	0	1	0	0	0	1	1	0	1	1	0	0	0	1	0	1	0	R
NMDC20554822	1	1	1	0	1	0	0	0	1	1	0	1	1	0	0	0	1	0	1	0	R
NMDC20582695	0	0	0	1	0	0	0	0	1	0	1	0	0	0	1	0	1	1	0	1	R
NMDC20556841	1	1	1	0	1	0	0	0	1	1	0	1	1	0	0	0	1	0	1	0	R
NMDC20582705	1	1	1	0	1	0	0	0	1	1	0	1	1	0	0	0	1	0	1	0	R
NMDC20550839	0	0	0	1	0	0	0	0	1	0	1	0	0	0	1	0	1	1	0	1	R
NMDC20556848	1	1	1	0	1	0	0	0	1	1	0	1	1	0	0	0	1	0	1	0	R
NMDC20550843	0	0	0	1	0	0	0	0	1	0	1	0	0	0	1	0	1	1	0	1	R
NMDC20582719	1	1	1	0	1	0	0	0	1	1	0	1	1	0	0	0	1	0	1	0	R
NMDC20552843	0	0	0	1	0	0	0	0	1	0	1	1	0	0	0	0	1	0	0	0	R
NMDC20554828	0	0	0	1	0	0	0	0	1	0	1	0	0	0	1	0	1	1	0	1	R
NMDC20552846	0	0	0	1	0	0	0	0	1	0	1	0	0	0	1	0	1	1	0	1	R
NMDC20582727	0	0	0	1	0	0	0	0	1	1	0	0	1	0	0	0	1	1	0	0	R
NMDC20582730	1	1	1	0	1	0	0	0	1	1	0	1	1	0	0	0	1	0	1	0	R
NMDC20552853	0	0	0	1	0	0	0	0	1	0	1	0	0	0	1	0	1	1	0	1	R
NMDC20552858	0	0	0	1	0	0	0	0	1	0	1	0	0	0	1	0	1	1	0	1	R
NMDC20550848	0	0	0	1	0	0	1	0	1	0	1	0	0	0	1	1	1	1	0	1	R
NMDC20550850	0	0	0	1	0	0	0	0	1	0	1	0	0	0	1	0	1	1	0	1	R
NMDC20582752	0	0	0	1	0	0	0	0	1	0	1	0	0	0	1	0	1	1	0	1	R
NMDC20554841	0	0	0	1	0	0	0	0	1	0	1	1	0	0	0	0	1	0	0	1	R
NMDC20552871	1	0	0	1	0	0	0	0	1	0	0	0	0	0	0	0	1	0	0	0	R
NMDC20554843	0	0	0	1	0	0	0	0	1	0	1	0	0	0	1	0	1	1	0	1	R
NMDC20552998	0	0	0	1	0	0	0	0	1	1	0	0	0	0	0	0	1	1	0	0	R
NMDC20554980	1	1	1	0	1	0	0	0	1	1	0	1	1	0	0	0	1	0	1	0	R
NMDC20557124	1	1	1	0	1	0	0	0	1	1	0	1	1	0	0	0	1	0	1	0	R
NMDC20557125	1	1	1	0	1	0	0	0	1	1	0	1	1	0	0	0	1	0	1	0	R
NMDC20555114	1	1	1	0	1	0	0	0	1	1	0	1	1	0	0	0	1	0	1	0	R
NMDC20557129	1	1	1	0	1	0	0	0	1	1	0	1	1	0	0	0	1	0	1	0	R
NMDC20551115	1	1	1	0	1	0	0	0	1	1	0	0	1	0	0	0	1	0	1	0	R
NMDC20555119	0	0	0	1	0	0	0	0	1	0	1	0	0	0	1	0	1	1	0	1	R
NMDC20553151	1	1	1	0	1	0	0	0	1	1	0	1	1	0	0	0	1	0	1	0	R
NMDC20555121	0	0	0	1	0	0	0	0	1	0	1	0	0	0	1	0	1	1	0	1	R
NMDC20583465	1	1	1	0	1	0	0	0	1	1	0	1	1	0	0	0	1	0	1	0	R
NMDC20583470	1	1	1	0	1	0	0	0	1	1	0	1	1	0	0	0	1	0	1	0	R
NMDC20583472	1	1	1	0	1	0	0	0	1	1	0	1	1	0	0	0	1	0	1	0	R
NMDC20551126	0	0	0	1	0	0	0	0	1	0	1	0	0	0	1	0	1	1	0	1	R
NMDC20555126	1	1	1	0	1	0	0	0	1	1	0	1	1	0	0	0	1	0	1	0	R
NMDC20553158	1	1	1	0	1	0	0	0	1	1	0	1	1	0	0	0	1	0	1	0	R
NMDC20551127	0	0	0	1	0	0	0	0	1	0	1	1	0	0	0	1	1	0	0	0	R
NMDC20583480	1	1	1	0	1	0	0	0	1	1	0	1	1	0	0	0	1	0	1	0	R
NMDC20583481	1	1	1	0	1	0	0	0	1	1	0	1	1	0	0	0	1	0	1	0	R
NMDC20551131	1	1	1	0	1	0	0	0	1	1	0	1	1	0	0	0	1	0	1	0	R
NMDC20583482	1	1	1	0	1	0	0	0	1	1	0	1	1	0	0	0	1	0	1	0	R
NMDC20555128	1	1	1	0	1	0	0	0	1	1	0	1	1	0	0	0	1	0	1	0	R
NMDC20557143	1	1	1	0	1	0	0	0	1	1	0	1	1	0	0	0	1	0	1	0	R
NMDC20553162	1	1	1	0	1	0	0	0	1	1	0	1	1	0	0	0	1	0	1	0	R
NMDC20583495	1	1	1	0	1	0	0	0	1	1	0	1	1	0	0	0	1	0	1	0	R
NMDC20583499	1	1	1	0	1	0	0	0	1	1	0	1	1	0	0	0	1	0	1	0	R
NMDC20583501	1	1	1	0	1	0	0	0	1	1	0	1	1	0	0	0	1	0	1	0	R
NMDC20555136	1	1	1	0	1	0	0	0	1	1	0	1	1	0	0	0	1	0	1	0	R
NMDC20555143	1	1	1	0	1	0	0	0	1	1	0	1	1	0	0	0	1	0	1	0	R
NMDC20583509	1	1	1	0	1	0	0	0	1	1	0	1	1	0	0	0	1	0	1	0	R
NMDC20551142	1	1	1	0	1	0	0	0	1	1	0	1	1	0	0	0	1	0	1	0	R
NMDC20551147	1	1	1	0	1	0	0	0	1	1	0	1	1	0	0	0	1	0	1	0	R
NMDC20583530	1	1	1	0	1	0	0	0	1	1	0	1	1	0	0	0	1	0	1	0	R
NMDC20551151	0	0	0	1	0	0	1	0	1	0	1	0	0	0	1	0	1	1	0	1	R
NMDC20583532	1	1	1	0	1	0	0	0	1	1	0	1	1	0	0	0	1	0	1	0	R
NMDC20583806	1	1	1	0	1	0	0	0	1	1	0	1	1	0	0	0	1	0	1	0	R
NMDC20551197	0	0	0	1	0	0	0	0	1	0	1	0	0	0	1	0	1	1	0	1	R
NMDC20583810	1	1	1	0	1	0	0	0	1	1	0	1	1	0	0	0	1	0	1	0	R
NMDC20555213	1	1	1	0	1	0	0	0	1	1	0	1	1	0	0	0	1	0	1	0	R
NMDC20557227	1	1	1	0	1	0	0	0	1	1	0	1	1	0	0	0	1	0	1	0	R
NMDC20583816	1	1	1	0	1	0	0	0	1	1	0	1	1	0	0	0	1	0	1	0	R
NMDC20551201	1	1	1	0	1	0	0	0	1	1	0	1	1	0	0	0	1	0	1	0	R
NMDC20551202	1	1	1	0	1	0	0	0	1	1	0	1	1	0	0	0	1	0	1	0	R
NMDC20553247	1	1	1	0	1	0	0	0	1	1	0	1	1	0	0	0	1	0	1	0	R
NMDC20551204	1	1	1	0	1	0	0	0	1	1	0	1	1	0	0	0	1	0	1	0	R
NMDC20557233	1	1	1	0	1	0	0	0	1	1	0	1	1	0	0	0	1	0	1	0	R
NMDC20583827	1	1	1	0	1	0	0	0	1	1	0	1	1	0	0	0	1	0	1	0	R
NMDC20555216	1	1	1	0	1	0	0	0	1	1	0	1	1	0	0	0	1	0	1	0	R
NMDC20583828	1	1	1	0	1	0	0	0	1	1	0	1	1	0	0	0	1	0	1	0	R
NMDC20583829	1	1	1	0	1	0	0	0	1	1	0	1	1	0	0	0	1	0	1	0	R
NMDC20555217	1	1	1	0	1	0	0	0	1	1	0	1	1	0	0	0	1	0	1	0	R
NMDC20557237	1	1	1	0	1	0	0	0	1	1	0	1	1	0	0	0	1	0	1	0	R
NMDC20553242	0	0	0	1	0	0	0	0	1	0	1	0	0	1	1	0	1	1	0	1	R
NMDC20551212	0	0	0	1	0	0	0	0	1	0	1	0	0	0	1	0	1	1	0	1	R
NMDC20583845	1	1	1	0	1	0	0	0	1	1	0	1	1	0	0	0	1	0	1	0	R
NMDC20553248	1	1	1	0	1	0	0	0	1	1	0	1	1	0	0	0	1	0	1	0	R
NMDC20583848	0	0	0	1	0	0	0	0	1	0	1	0	0	0	1	0	1	1	0	1	R
NMDC20583851	1	1	1	0	1	0	0	0	1	1	0	1	1	0	0	0	1	0	1	0	R
NMDC20553251	1	1	1	0	1	0	0	0	1	1	0	1	1	0	0	0	1	0	1	0	R
NMDC20551216	1	1	1	0	1	0	0	0	1	1	0	1	1	0	0	0	1	0	1	0	R
NMDC20551217	1	1	1	0	1	0	0	0	1	1	0	1	1	0	0	0	1	0	1	0	R
NMDC20553257	1	1	1	0	1	0	0	0	1	1	0	1	1	0	0	0	1	0	1	0	R
NMDC20551219	1	1	1	0	1	0	0	0	1	1	0	1	1	0	0	0	1	0	1	0	R
NMDC20557249	0	0	0	1	0	0	0	0	1	0	1	0	0	0	1	0	1	1	0	1	R
NMDC20584189	1	1	1	0	1	0	0	0	1	1	0	1	1	0	0	0	1	0	1	0	R
NMDC20557347	1	1	1	0	1	0	0	0	1	1	0	1	1	0	0	0	1	0	1	0	R
NMDC20584191	1	1	1	0	1	0	0	0	1	1	0	1	1	0	0	0	1	0	1	0	R
NMDC20584193	1	1	1	0	1	0	0	0	1	1	0	1	1	0	0	0	1	0	1	0	R
NMDC20555349	1	1	1	0	1	0	0	0	1	1	0	1	1	0	0	0	1	0	1	0	R
NMDC20555353	1	1	1	0	1	0	0	0	1	1	0	1	1	0	0	0	1	0	1	0	R
NMDC20555355	1	1	1	0	1	0	0	0	1	1	0	1	1	0	0	0	1	0	1	0	R
NMDC20553360	1	1	1	0	1	0	0	0	1	1	0	1	1	0	0	0	1	0	1	0	R
NMDC20553361	1	1	1	0	1	0	0	0	1	1	0	1	1	0	0	0	1	0	1	0	R
NMDC20557357	1	1	1	0	1	0	0	0	1	1	0	1	1	0	0	0	1	0	1	0	R
NMDC20557358	1	1	1	0	1	0	0	0	1	1	0	1	1	0	0	0	1	0	1	0	R
NMDC20555372	1	1	1	0	1	0	0	0	1	1	0	1	1	0	0	0	1	0	1	0	R
NMDC20553378	1	1	1	0	1	0	0	0	1	1	0	1	1	0	0	0	1	0	1	0	R
NMDC20584238	1	1	1	0	1	0	0	0	1	1	0	1	1	0	0	0	1	0	1	0	R
NMDC20584244	1	1	1	0	1	0	0	0	1	1	0	1	1	0	0	0	1	0	1	0	R
NMDC20553388	0	0	0	1	0	0	0	0	1	0	1	1	0	0	0	0	1	1	0	0	R
NMDC20555381	1	1	1	0	1	0	0	0	1	1	0	1	1	0	0	0	1	0	1	0	R
NMDC20555383	0	0	0	1	0	0	0	0	1	0	1	0	0	0	1	0	1	1	0	1	R
NMDC20553391	0	0	0	1	0	0	0	0	1	0	1	0	0	0	1	0	1	1	0	1	R
NMDC20553395	1	1	1	0	1	0	0	0	1	1	0	1	1	0	0	0	1	0	1	0	R
NMDC20557390	0	0	0	1	0	0	0	0	1	0	1	0	0	0	1	0	1	1	0	1	R
NMDC20584268	1	1	1	0	1	0	0	0	1	1	0	1	1	0	0	0	1	0	1	0	R
NMDC20551368	1	1	1	0	1	0	0	0	1	1	0	1	1	0	0	0	1	0	1	0	R
NMDC20557399	0	0	0	1	0	0	0	0	1	0	1	0	0	0	1	0	1	1	0	1	R
NMDC20553401	0	0	0	1	0	0	0	0	1	0	1	0	0	0	1	0	1	1	0	1	R
NMDC20584285	0	0	0	1	1	0	0	0	1	0	0	1	0	0	0	0	0	0	0	0	R
NMDC20551375	1	1	1	0	1	0	0	0	1	1	0	1	1	0	0	0	1	0	1	0	R
NMDC20584289	0	0	0	1	0	0	0	0	1	0	1	0	0	0	1	0	1	1	0	1	R
NMDC20584378	1	1	1	0	1	0	0	0	1	1	0	1	1	0	0	0	1	0	1	0	R
NMDC20553434	1	1	1	0	1	0	0	0	1	1	0	1	1	0	0	0	1	0	1	0	R
NMDC20553436	1	1	1	0	1	0	0	0	1	1	0	1	1	0	0	0	1	0	1	0	R
NMDC20557442	1	1	1	0	1	0	0	0	1	1	0	1	1	0	0	0	1	0	1	0	R
NMDC20584380	1	1	1	0	1	0	0	0	1	1	0	1	1	0	0	0	1	0	1	0	R
NMDC20584383	1	1	1	0	1	0	0	0	1	1	0	1	1	0	0	0	1	0	1	0	R
NMDC20551406	0	0	0	1	0	0	1	0	1	0	1	0	0	0	1	1	1	1	0	1	R
NMDC20557444	1	1	1	0	1	0	0	0	1	1	0	1	1	0	0	0	1	0	1	0	R
NMDC20584386	1	1	1	0	1	0	0	0	1	1	0	1	1	0	0	0	1	0	1	0	R
NMDC20553438	1	1	1	0	1	0	0	0	1	1	0	1	1	0	0	0	1	0	1	0	R
NMDC20584387	1	1	1	0	1	0	0	0	1	1	0	1	1	0	0	0	1	0	1	0	R
NMDC20584388	1	1	1	0	1	0	0	0	1	1	0	1	1	0	0	0	1	0	1	0	R
NMDC20551407	0	0	0	1	0	0	1	0	1	0	1	0	0	0	1	0	1	1	0	1	R
NMDC20555429	1	1	1	0	1	0	0	0	1	1	0	1	1	0	0	0	1	0	1	0	R
NMDC20555431	1	1	1	0	1	0	0	0	1	1	0	1	1	0	0	0	1	0	1	0	R
NMDC20557446	1	1	1	0	1	0	0	0	1	1	0	1	1	0	0	0	1	0	1	0	R
NMDC20553440	1	1	1	0	1	0	0	0	1	1	0	1	1	0	0	0	1	0	1	0	R
NMDC20551414	1	1	1	0	1	0	0	0	1	1	0	1	1	0	0	0	1	0	1	0	R
NMDC20584397	1	1	1	0	1	0	0	0	1	1	0	1	1	0	0	0	1	0	1	0	R
NMDC20553441	1	1	1	0	1	0	0	0	1	1	0	1	1	0	0	0	1	0	1	0	R
NMDC20584402	0	0	0	1	0	0	0	0	1	0	1	0	0	0	1	0	1	1	0	1	R
NMDC20584403	0	0	1	1	0	0	0	0	1	0	1	0	0	0	1	0	1	0	0	0	R
NMDC20557453	1	1	1	0	1	0	0	0	1	1	0	1	1	0	0	0	1	0	1	0	R
NMDC20557454	1	1	1	0	1	0	0	0	1	1	0	1	1	0	0	0	1	0	1	0	R
NMDC20555435	0	0	0	1	0	0	0	0	1	0	1	0	0	0	1	0	1	1	0	1	R
NMDC20584405	1	1	1	0	1	0	0	0	1	1	0	1	1	0	0	0	1	0	1	0	R
NMDC20584406	1	1	1	0	1	0	0	0	1	1	0	1	1	0	0	0	1	0	1	0	R
NMDC20553442	1	1	1	0	1	0	0	0	1	1	0	1	1	0	0	0	1	0	1	0	R
NMDC20555436	1	1	1	0	1	0	0	0	1	1	0	1	1	0	0	0	1	0	1	0	R
NMDC20584409	1	1	1	0	1	0	0	0	1	1	0	1	1	0	0	0	1	0	1	0	R
NMDC20584414	1	1	1	0	1	0	0	0	1	1	0	1	1	0	0	0	1	0	1	0	R
NMDC20584416	1	1	1	0	1	0	0	0	1	1	0	1	1	0	0	0	1	0	1	0	R
NMDC20553446	0	0	0	1	0	0	0	0	1	0	1	0	0	0	1	0	1	1	0	1	R
NMDC20555440	1	1	1	0	1	0	0	0	1	1	0	1	1	0	0	0	1	0	1	0	R
NMDC20557459	1	1	1	0	1	0	0	0	1	1	0	1	1	0	0	0	1	0	1	0	R
NMDC20584423	1	1	1	0	1	0	0	0	1	1	0	1	1	0	0	0	1	0	1	0	R
NMDC20555441	1	1	1	0	1	0	0	0	1	1	0	1	1	0	0	0	1	0	1	0	R
NMDC20557461	1	1	1	0	1	0	0	0	1	1	0	1	1	0	0	0	1	0	1	0	R
NMDC20553452	1	1	1	0	1	0	0	0	1	1	0	1	1	0	0	0	1	0	1	0	R
NMDC20557543	1	1	1	0	1	0	0	0	1	1	0	1	1	0	0	0	1	0	1	0	R
NMDC20585144	1	1	1	0	1	0	0	0	1	1	0	1	1	0	0	0	1	0	1	0	R
NMDC20585151	1	1	1	0	1	0	0	0	1	1	0	1	1	0	0	0	1	0	1	0	R
NMDC20585152	1	1	1	0	1	0	0	0	1	1	0	1	1	0	0	0	1	0	1	0	R
NMDC20551481	1	1	1	0	1	0	0	0	1	1	0	1	1	0	0	0	1	0	1	0	R
NMDC20557554	1	1	1	0	1	0	0	0	1	1	0	1	1	0	0	0	1	0	1	0	R
NMDC20555524	1	1	1	0	1	0	0	0	1	1	0	1	1	0	0	0	1	0	1	0	R
NMDC20553535	1	1	1	0	1	0	0	0	1	1	0	1	1	0	0	0	1	0	1	0	R
NMDC20551489	0	0	0	1	0	0	0	0	1	0	1	1	0	0	0	0	1	0	0	0	R
NMDC20551491	1	1	1	0	1	0	0	0	1	1	0	1	1	0	0	0	1	0	1	0	R
NMDC20585169	1	1	1	0	1	0	0	0	1	1	0	1	1	0	0	0	1	0	1	0	R
NMDC20555533	1	1	1	0	1	0	0	0	1	1	0	1	1	0	0	0	1	0	1	0	R
NMDC20585185	0	0	0	1	0	0	0	0	1	0	1	0	0	0	1	0	1	1	0	1	R
NMDC20585192	1	1	1	0	1	0	0	0	1	1	0	1	1	0	0	0	1	0	1	0	R
NMDC20557566	1	1	1	0	1	0	0	0	1	1	0	1	1	0	0	0	1	0	1	0	R
NMDC20551504	1	1	1	0	1	0	0	0	1	1	0	1	1	0	0	0	1	0	1	0	R
NMDC20585218	1	1	1	0	1	0	0	0	1	1	0	1	1	0	0	0	1	0	1	0	R
NMDC20585224	0	0	0	1	0	0	0	0	1	0	1	0	0	1	1	0	1	1	0	1	R
NMDC20553557	1	1	1	0	1	0	0	0	1	1	0	1	1	0	0	0	1	0	1	0	R
NMDC20551653	1	1	1	0	1	0	0	0	1	1	0	1	1	0	0	0	1	0	1	0	R
NMDC20555695	1	1	1	0	1	0	0	0	1	1	0	1	1	0	0	0	1	0	1	0	R
NMDC20585773	0	0	0	1	0	0	0	0	1	0	1	0	0	0	1	0	1	1	1	0	R
NMDC20557720	1	1	1	0	1	0	0	0	1	1	0	1	1	0	0	1	1	0	1	0	R
NMDC20555700	1	1	1	0	1	0	0	0	1	1	0	1	1	0	0	1	1	0	1	0	R
NMDC20585774	1	1	1	0	1	0	0	0	1	1	0	1	1	0	0	0	1	0	1	0	R
NMDC20585779	1	1	1	0	1	0	0	0	1	1	0	1	1	0	0	0	1	0	1	0	R
NMDC20555702	1	1	1	0	1	0	0	0	1	1	0	1	1	0	0	0	1	0	1	0	R
NMDC20553691	1	1	1	0	1	0	0	0	1	1	0	1	1	0	0	1	1	0	1	0	R
NMDC20555703	1	1	1	0	1	0	0	0	1	1	0	1	1	0	0	0	1	0	1	0	R
NMDC20553693	1	1	1	0	1	0	0	0	1	1	0	1	1	0	0	1	1	0	1	0	R
NMDC20585787	1	1	1	0	1	0	0	0	1	1	0	1	1	0	0	1	1	0	1	0	R
NMDC20585790	1	1	1	0	1	0	0	0	1	1	0	1	1	0	0	0	1	0	1	0	R
NMDC20585791	1	1	1	0	1	0	0	0	1	1	0	1	1	0	0	0	1	0	1	0	R
NMDC20555704	1	1	1	0	1	0	0	0	1	1	0	1	1	0	0	0	1	0	1	0	R
NMDC20555705	1	1	1	0	1	0	0	0	1	1	0	1	1	0	0	0	1	0	1	0	R
NMDC20555711	1	1	1	0	1	0	0	0	1	1	0	1	1	0	0	0	1	0	1	0	R
NMDC20585797	1	1	1	0	1	0	0	0	1	1	0	1	1	0	0	0	1	0	1	0	R
NMDC20557731	1	1	1	0	1	0	0	0	1	1	0	1	1	0	0	0	1	0	1	0	R
NMDC20553697	1	1	1	0	1	0	0	0	1	1	0	1	1	0	0	0	1	0	1	0	R
NMDC20555712	1	1	1	0	1	0	0	0	1	1	0	1	1	0	0	0	1	0	1	0	R
NMDC20553700	1	1	1	0	1	0	0	0	1	1	0	1	1	0	0	0	1	0	1	0	R
NMDC20551672	1	1	1	0	1	0	0	0	1	1	0	1	1	0	0	0	1	0	1	0	R
NMDC20553826	1	1	1	0	1	0	0	0	1	1	0	1	1	0	0	0	1	0	1	0	R
NMDC20586236	1	1	1	0	1	0	0	0	1	1	0	1	1	0	0	0	1	0	1	0	R
NMDC20555838	1	1	1	0	1	0	0	0	1	1	0	1	1	0	0	0	1	0	1	0	R
NMDC20586246	0	0	0	1	0	0	0	0	1	0	1	0	0	0	1	0	1	1	0	1	R
NMDC20586249	1	1	1	0	1	0	0	0	1	1	0	1	1	0	0	0	1	0	1	0	R
NMDC20555845	1	1	1	0	1	0	0	0	1	1	0	1	1	0	0	0	1	0	1	0	R
NMDC20555846	1	1	1	0	1	0	0	0	1	1	0	1	1	0	0	0	1	0	1	0	R
NMDC20586255	1	1	1	0	1	0	0	0	1	1	0	1	1	0	0	0	1	0	1	0	R
NMDC20586271	0	0	0	1	0	0	0	0	1	0	1	1	1	0	0	0	1	0	0	1	R
NMDC20586277	1	1	1	0	1	0	0	0	1	1	0	1	1	0	0	0	1	0	1	0	R
NMDC20586285	0	0	0	1	0	0	1	0	1	0	1	0	0	0	1	0	1	1	0	1	R
NMDC20553850	1	1	1	0	1	0	0	0	1	1	0	1	1	0	0	0	1	0	1	0	R
NMDC20586289	0	0	0	1	0	0	0	0	1	0	1	0	0	1	1	0	1	1	0	1	R
NMDC20586391	1	1	1	0	1	0	0	0	1	1	0	1	1	0	0	0	1	0	1	0	R
NMDC20551857	1	1	1	0	1	0	0	0	1	1	0	1	1	0	0	0	1	0	1	0	R
NMDC20555882	1	1	1	0	1	0	0	0	1	1	0	1	1	0	0	0	1	0	1	0	R
NMDC20586487	1	1	1	0	1	0	0	0	1	1	0	1	1	0	0	0	1	0	1	0	R
NMDC20557906	1	1	1	0	1	0	0	0	1	1	0	1	1	0	0	0	1	0	1	0	R
NMDC20586489	1	1	1	0	1	0	0	0	1	1	0	1	1	0	0	0	1	0	1	0	R
NMDC20555917	1	1	1	0	1	0	0	0	1	1	0	1	1	0	0	0	1	0	1	0	R
NMDC20586494	1	1	1	0	1	0	0	0	1	1	0	1	1	0	0	0	1	0	1	0	R
NMDC20551891	1	1	1	0	1	0	0	0	1	1	0	1	1	0	0	0	1	0	1	0	R
NMDC20586509	1	1	1	0	1	0	0	0	1	1	0	1	1	0	0	0	1	0	1	0	R
NMDC20558028	0	0	0	1	0	0	0	0	1	0	1	0	0	0	1	0	1	1	0	1	R
NMDC20586797	1	1	1	0	1	0	0	0	1	1	0	1	1	0	0	0	1	0	1	0	R
NMDC20556030	0	0	0	1	0	0	0	0	1	0	1	0	0	0	1	0	1	1	1	0	R
NMDC20556031	1	1	1	0	1	0	0	0	1	1	0	1	1	0	0	0	1	0	1	0	R
NMDC20552004	0	0	0	1	0	0	0	0	1	0	1	0	0	0	1	0	1	1	0	1	R
NMDC20558033	0	0	0	1	0	0	0	0	1	0	1	0	1	0	1	0	1	0	0	0	R
NMDC20586808	0	0	0	1	0	0	0	0	1	0	0	0	1	0	1	0	0	1	0	1	R
NMDC20556040	1	1	1	0	1	0	0	0	1	1	0	1	1	0	0	0	1	0	1	0	R
NMDC20558035	0	0	0	1	0	0	0	0	1	0	0	0	1	0	0	0	0	0	0	1	R
NMDC20554027	0	0	0	1	0	0	0	0	1	0	1	0	0	0	1	0	1	1	0	1	R
NMDC20554028	1	1	1	0	1	0	0	0	1	1	0	1	1	0	0	0	1	0	1	0	R
NMDC20586820	1	1	1	0	1	0	0	0	1	1	0	1	1	0	0	0	1	0	1	0	R
NMDC20554029	1	1	1	0	1	0	0	0	1	1	0	1	1	0	0	0	1	0	1	0	R
NMDC20552009	1	1	1	0	1	0	0	0	1	1	0	1	1	0	0	0	1	0	1	0	R
NMDC20556043	0	0	0	0	0	0	0	0	0	0	0	0	0	0	0	0	0	0	0	0	R
NMDC20586824	1	1	1	0	1	0	0	0	1	1	0	1	1	0	0	0	1	0	1	0	R
NMDC20556044	1	1	1	0	1	0	0	0	1	1	0	1	1	0	0	0	1	0	1	0	R
NMDC20586825	1	1	1	0	1	0	0	0	1	1	0	1	1	0	0	0	1	0	1	0	R
NMDC20586826	1	1	1	0	1	0	0	0	1	1	0	1	1	0	0	0	1	0	1	0	R
NMDC20554030	1	1	1	0	1	0	0	0	1	1	0	1	1	0	0	0	1	0	1	0	R
NMDC20586827	1	1	1	0	1	0	0	0	1	1	0	1	1	0	0	0	1	0	1	0	R
NMDC20586830	1	1	1	0	1	0	0	0	1	1	0	1	1	0	0	0	1	0	1	0	R
NMDC20554032	1	1	1	0	1	0	0	0	1	1	0	1	1	0	0	0	1	0	1	0	R
NMDC20552012	1	1	1	0	1	0	0	0	1	1	0	1	1	0	0	0	1	0	1	0	R
NMDC20554037	0	0	0	1	0	0	0	0	1	0	1	0	0	0	1	0	1	1	0	1	R
NMDC20586837	1	1	1	0	1	0	0	0	1	1	0	1	1	0	0	0	1	0	1	0	R
NMDC20552014	0	0	0	1	0	0	0	0	1	1	0	0	1	0	0	0	1	1	0	0	R
NMDC20558042	0	0	0	1	0	0	0	0	1	0	1	0	0	0	1	0	1	1	0	1	R
NMDC20556421	1	1	1	0	1	0	0	0	1	1	0	1	1	0	0	0	1	0	1	0	R
NMDC20588271	1	1	1	0	1	0	0	0	1	1	0	1	1	0	0	0	1	0	1	0	R
NMDC20558440	1	1	1	0	1	0	0	0	1	1	0	1	1	0	0	0	1	0	1	0	R
NMDC20556422	1	1	1	0	1	0	0	0	1	1	0	1	1	0	0	0	1	0	1	0	R
NMDC20554434	1	1	1	0	1	0	0	0	1	1	0	1	1	0	0	0	1	0	1	0	R
NMDC20558442	1	1	1	0	1	0	0	0	1	1	0	1	1	0	0	0	1	0	1	0	R
NMDC20556424	1	1	1	0	1	0	0	0	1	1	0	1	1	0	0	0	1	0	1	0	R
NMDC20588275	1	1	1	0	1	0	0	0	1	1	0	1	1	0	0	0	1	0	1	0	R
NMDC20554436	1	1	1	0	1	0	0	0	1	1	0	1	1	0	0	0	1	0	1	0	R
NMDC20558446	1	1	1	0	1	0	0	0	1	1	0	1	1	0	0	0	1	0	1	0	R
NMDC20554438	1	1	1	0	1	0	0	0	1	1	0	1	1	0	0	0	1	0	1	0	R
NMDC20588277	1	1	1	0	1	0	0	0	1	1	0	1	1	0	0	0	1	0	1	0	R
NMDC20588278	1	1	1	0	1	0	0	0	1	1	0	1	1	0	0	0	1	0	1	0	R
NMDC20588279	1	1	1	0	1	0	0	0	1	1	0	1	1	0	0	0	1	0	1	0	R
NMDC20554440	1	1	1	0	1	0	0	0	1	1	0	1	1	0	0	0	1	0	1	0	R
NMDC20558448	0	0	0	1	0	0	0	0	1	0	1	0	0	0	1	0	1	1	0	1	R
NMDC20588281	1	1	1	0	1	0	0	0	1	1	0	1	1	0	0	0	1	0	1	0	R
NMDC20558449	1	1	1	0	1	0	0	0	1	1	0	1	1	0	0	0	1	0	1	0	R
NMDC20588286	1	1	1	0	1	0	0	0	1	1	0	1	1	0	0	0	1	0	1	0	R
NMDC20588288	0	0	0	1	0	0	0	0	1	0	1	0	0	0	1	0	1	1	0	1	R
NMDC20558452	1	1	1	0	1	0	0	0	1	1	0	1	1	0	0	0	1	0	1	0	R
NMDC20588289	1	1	1	0	1	0	0	0	1	1	0	1	1	0	0	0	1	0	1	0	R
NMDC20552436	1	1	1	0	1	0	0	0	1	1	0	1	1	0	0	0	1	0	1	0	R
NMDC20588291	1	1	1	0	1	0	0	0	1	1	0	1	1	0	0	0	1	0	1	0	R
NMDC20556429	1	1	1	0	1	0	0	0	1	1	0	1	1	0	0	0	1	0	1	0	R
NMDC20588295	1	1	1	0	1	0	0	0	1	1	0	1	1	0	0	0	1	0	1	0	R
NMDC20588297	1	1	1	0	1	0	0	0	1	1	0	1	1	0	0	0	1	0	1	0	R
NMDC20552438	1	1	1	0	1	0	0	0	1	1	0	1	1	0	0	0	1	0	1	0	R
NMDC20554444	1	1	1	0	1	0	0	0	1	1	0	1	1	0	0	0	1	0	1	0	R
NMDC20588299	1	1	1	0	1	0	0	0	1	1	0	1	1	0	0	0	1	0	1	0	R
NMDC20588301	1	1	1	0	1	0	0	0	1	1	0	1	1	0	0	0	1	0	1	0	R
NMDC20558454	1	1	1	0	1	0	0	0	1	1	0	1	1	0	0	0	1	0	1	0	R
NMDC20588302	1	1	1	0	1	0	0	0	1	1	0	1	1	0	0	0	1	0	1	0	R
NMDC20556434	1	1	1	0	1	0	0	0	1	1	0	1	1	0	0	0	1	0	1	0	R
NMDC20552441	0	0	0	1	0	0	0	0	1	0	1	0	0	0	1	0	1	1	0	1	R
NMDC20558456	1	1	1	0	1	0	0	0	1	1	0	1	1	0	0	0	1	0	1	0	R
NMDC20588305	1	1	1	0	1	0	0	0	1	1	0	1	1	0	0	0	1	0	1	0	R
NMDC20588306	1	1	1	0	1	0	0	0	1	1	0	1	1	0	0	0	1	0	1	0	R
NMDC20556439	1	1	1	0	1	0	0	0	1	1	0	1	1	0	0	0	1	0	1	0	R
NMDC20558457	1	1	1	0	1	0	0	0	1	1	0	1	1	0	0	0	1	0	1	0	R
NMDC20552447	1	1	1	0	1	0	0	0	1	1	0	1	1	0	0	0	1	0	1	0	R
NMDC20588310	1	1	1	0	1	0	0	0	1	1	0	1	1	0	0	0	1	0	1	0	R
NMDC20558460	1	1	1	0	1	0	0	0	1	1	0	1	1	0	0	0	1	0	1	0	R
NMDC20588316	1	1	1	0	1	0	0	0	1	1	0	1	1	0	0	0	1	0	1	0	R
NMDC20588322	1	1	1	0	1	0	0	0	1	1	0	1	1	0	0	0	1	0	1	0	R
NMDC20552453	1	1	1	0	1	0	0	0	1	1	0	1	1	0	0	0	1	0	1	0	R
NMDC20554450	1	1	1	0	1	0	0	0	1	1	0	1	1	0	0	0	1	0	1	0	R
NMDC20552454	1	1	1	0	1	0	0	0	1	1	0	1	1	0	0	0	1	0	1	0	R
NMDC20558471	1	1	1	0	1	0	0	0	1	1	0	1	1	0	0	0	1	0	1	0	R
NMDC20554458	1	1	1	0	1	0	0	0	1	1	0	1	1	0	0	0	1	0	1	0	R
NMDC20552456	1	1	1	0	1	0	0	0	1	1	0	1	1	0	0	0	1	0	1	0	R
NMDC20588330	1	1	1	0	1	0	0	0	1	1	0	1	1	0	0	0	1	0	1	0	R
NMDC20588338	1	1	1	0	1	0	0	0	1	1	0	1	1	0	0	0	1	0	1	0	R
NMDC20552461	1	1	1	0	1	0	0	0	1	1	0	1	1	0	0	0	1	0	1	0	R
NMDC20588342	1	1	1	0	1	0	0	0	1	1	0	1	1	0	0	0	1	0	1	0	R
NMDC20588344	1	1	1	0	1	0	0	0	1	1	0	1	1	0	0	0	1	0	1	0	R
NMDC20552462	1	1	1	0	1	0	0	0	1	1	0	1	1	0	0	0	1	0	1	0	R
NMDC20554463	1	1	1	0	1	0	0	0	1	1	0	1	1	0	0	0	1	0	1	0	R
NMDC20556455	1	1	1	0	1	0	0	0	1	1	0	1	1	0	0	0	1	0	1	0	R
NMDC20554464	1	1	1	0	1	0	0	0	1	1	0	1	1	0	0	0	1	0	1	0	R
NMDC20556456	1	1	1	0	1	0	0	0	1	1	0	1	1	0	0	0	1	0	1	0	R
NMDC20558481	1	1	1	0	1	0	0	0	1	1	0	1	1	0	0	0	1	0	1	0	R
NMDC20554467	1	1	1	0	1	0	0	0	1	1	0	1	1	0	0	0	1	0	1	0	R
NMDC20556463	1	1	1	0	1	0	0	0	1	1	0	1	1	0	0	0	1	0	1	0	R
NMDC20552466	1	1	1	0	1	0	0	0	1	1	0	1	1	0	0	0	1	0	1	0	R
NMDC20552467	1	1	1	0	1	0	0	0	1	1	0	1	1	0	0	0	1	0	1	0	R
NMDC20588360	1	1	1	0	1	0	0	0	1	1	0	1	1	0	0	0	1	0	1	0	R
NMDC20558483	1	1	1	0	1	0	0	0	1	1	0	1	1	0	0	0	1	0	1	0	R
NMDC20588361	1	1	1	0	1	0	0	0	1	1	0	1	1	0	0	0	1	0	1	0	R
NMDC20552468	1	1	1	0	1	0	0	0	1	1	0	1	1	0	0	0	1	0	1	0	R
NMDC20588363	1	1	1	0	1	0	0	0	1	1	0	1	1	0	0	0	1	0	1	0	R
NMDC20554470	1	1	1	0	1	0	0	0	1	1	0	1	1	0	0	0	1	0	1	0	R
NMDC20588365	1	1	1	0	1	0	0	0	1	1	0	1	1	0	0	0	1	0	1	0	R
NMDC20554534	1	1	1	0	1	0	0	0	1	1	0	1	1	0	0	0	1	0	1	0	R
NMDC20588513	0	0	0	1	0	0	0	0	1	1	0	0	1	1	0	0	1	1	0	0	R
NMDC20588515	1	1	1	0	1	0	0	0	1	1	0	1	1	0	0	0	1	0	1	0	R
NMDC20552541	1	1	1	0	1	0	0	0	1	1	0	1	1	0	0	0	1	0	1	0	R
NMDC20554537	1	1	1	0	1	0	0	0	1	1	0	1	1	0	0	0	1	0	1	0	R
NMDC20588516	1	1	1	0	1	0	0	0	1	1	0	1	1	0	0	0	1	0	1	0	R
NMDC20554538	1	1	1	0	1	0	0	0	1	1	0	1	1	0	0	0	1	0	1	0	R
NMDC20556531	1	1	1	0	1	0	0	0	1	1	0	1	1	0	0	0	1	0	1	0	R
NMDC20558538	1	1	1	0	1	0	0	0	1	1	0	1	1	0	0	0	1	0	1	0	R
NMDC20558539	0	0	0	1	0	1	1	0	1	0	1	0	0	0	1	0	1	1	0	1	R
NMDC20558540	1	1	1	0	1	0	0	0	1	1	0	1	1	0	0	0	1	0	1	0	R
NMDC20588519	1	1	1	0	1	0	0	0	1	1	0	1	1	0	0	0	1	0	1	0	R
NMDC20558541	0	0	0	1	0	1	1	0	1	0	1	0	0	0	1	0	1	1	0	1	R
NMDC20554552	1	1	1	0	1	0	0	0	1	1	0	1	1	0	0	0	1	0	1	0	R
NMDC20588545	1	1	1	0	1	0	0	0	1	1	0	1	1	0	0	0	1	0	1	0	R
NMDC20588556	1	1	1	0	1	0	0	0	1	1	0	1	1	0	0	0	1	0	1	0	R
NMDC20552552	1	1	1	0	1	0	0	0	1	1	0	1	1	0	0	0	1	0	1	0	R
NMDC20552553	1	1	1	0	1	0	0	0	1	1	0	1	1	0	0	0	1	0	1	0	R
NMDC20588559	1	0	1	0	1	0	0	0	1	1	0	1	0	0	0	0	1	0	1	0	R
NMDC20552554	1	1	1	0	1	0	0	0	1	1	0	1	1	0	0	0	1	0	1	0	R
NMDC20558558	1	1	1	0	1	0	0	0	1	1	0	1	1	0	0	0	1	0	1	0	R
NMDC20556549	1	1	1	0	1	0	0	0	1	1	0	1	1	0	0	0	1	0	1	0	R
NMDC20556550	1	1	1	0	1	0	0	0	1	1	0	1	1	0	0	0	1	0	1	0	R
NMDC20554559	1	1	1	0	1	0	0	0	1	1	0	1	1	0	0	0	1	0	1	0	R
NMDC20556554	1	1	1	0	1	0	0	0	1	1	0	1	1	0	0	0	1	0	1	0	R
NMDC20552561	1	1	1	0	1	0	0	0	1	1	0	1	1	0	0	0	1	0	1	0	R
NMDC20552562	1	1	1	0	1	0	0	0	1	1	0	1	1	0	0	0	1	0	1	0	R
NMDC20556556	0	0	0	1	0	0	0	0	1	0	1	0	0	0	0	0	1	0	0	0	R
NMDC20552563	1	1	1	0	1	0	0	0	1	1	0	1	1	0	0	0	1	0	1	0	R
NMDC20552896	0	0	0	1	0	0	0	0	1	0	1	0	0	0	1	0	1	1	0	1	S
NMDC20582804	0	0	0	1	0	0	0	0	1	0	1	0	1	0	1	0	1	0	0	0	S
NMDC20552897	0	0	0	1	0	0	0	0	1	0	1	0	0	0	1	0	1	1	0	1	S
NMDC20582806	0	0	0	1	0	0	0	0	1	0	1	0	0	0	1	0	1	1	0	1	S
NMDC20582807	0	0	0	1	0	0	0	0	1	0	1	0	0	0	1	0	1	1	0	1	S
NMDC20582809	0	0	0	1	0	0	0	0	1	1	0	0	1	0	0	0	1	1	0	0	S
NMDC20582810	0	0	0	1	0	0	0	0	1	0	1	0	0	0	1	0	1	1	0	1	S
NMDC20556881	0	0	0	1	0	0	0	0	1	0	1	0	0	0	1	0	1	1	0	1	S
NMDC20550879	0	0	0	1	0	0	0	0	1	0	1	0	0	0	1	0	1	1	0	1	S
NMDC20582811	0	0	0	1	0	0	0	0	1	0	1	0	0	0	1	0	1	1	0	1	S
NMDC20552898	0	0	0	1	0	0	0	0	1	0	1	0	1	0	1	0	1	0	0	0	S
NMDC20556882	0	0	0	1	0	0	0	0	1	0	1	0	0	0	1	0	1	1	0	1	S
NMDC20554869	0	0	0	1	0	0	0	0	1	0	1	0	0	0	1	0	1	1	0	1	S
NMDC20582813	0	0	0	1	0	0	0	0	1	0	1	0	0	0	1	0	1	1	0	1	S
NMDC20554870	0	0	0	1	0	0	0	0	1	0	1	0	0	0	1	0	1	1	0	1	S
NMDC20556883	0	0	0	1	0	0	0	0	1	0	1	0	1	0	0	0	1	0	0	1	S
NMDC20554871	0	0	0	1	0	0	0	0	1	0	1	0	0	0	1	0	1	1	0	1	S
NMDC20556885	0	0	0	1	0	0	0	0	1	0	1	0	0	0	1	0	1	1	0	1	S
NMDC20550880	0	0	0	1	0	0	0	0	1	0	1	0	1	0	1	0	1	0	0	0	S
NMDC20582814	1	1	1	0	1	0	0	0	1	1	0	1	1	0	0	0	1	0	1	0	S
NMDC20582815	0	0	0	1	0	0	0	0	1	0	1	0	1	0	1	0	1	0	0	0	S
NMDC20556886	1	0	1	0	1	0	0	0	1	1	0	1	1	0	0	0	1	0	1	0	S
NMDC20556887	0	0	0	1	0	0	0	0	1	0	1	0	0	0	1	0	1	1	0	1	S
NMDC20582817	0	0	0	1	0	0	0	0	1	0	1	0	0	0	1	0	1	1	0	0	S
NMDC20550881	0	0	0	1	0	0	0	0	1	0	1	0	0	0	1	0	1	1	0	1	S
NMDC20582819	0	0	0	1	0	0	0	0	1	0	1	0	0	0	1	0	1	1	0	1	S
NMDC20554872	0	0	0	1	0	0	0	0	1	0	1	1	0	0	0	0	1	0	0	1	S
NMDC20550882	0	0	0	1	0	0	0	0	1	0	1	0	0	0	0	0	1	0	0	0	S
NMDC20552901	0	0	0	1	0	0	0	0	1	0	1	1	0	0	0	0	1	0	0	0	S
NMDC20582820	0	0	0	1	0	0	0	0	1	0	1	0	0	0	1	0	1	1	0	1	S
NMDC20582821	0	0	0	1	0	0	0	0	1	0	1	1	0	0	0	0	1	1	0	0	S
NMDC20550883	0	0	0	1	0	0	0	0	1	0	1	0	0	0	1	0	1	1	0	1	S
NMDC20550884	0	0	0	1	0	0	0	0	1	0	0	1	1	0	0	0	0	0	0	1	S
NMDC20582822	0	0	0	1	0	0	0	0	1	0	1	0	1	0	1	0	1	0	0	0	S
NMDC20554874	0	0	0	1	0	0	0	0	1	0	1	0	0	0	0	0	1	0	0	0	S
NMDC20552904	0	0	0	1	0	0	0	0	1	0	1	0	0	0	1	0	1	1	0	1	S
NMDC20554875	0	0	0	1	0	0	0	0	1	0	1	0	0	0	1	0	1	1	0	1	S
NMDC20582823	0	0	0	1	0	0	0	0	1	0	1	0	1	0	0	0	1	0	0	1	S
NMDC20556888	0	0	0	1	0	0	0	0	1	0	1	0	0	0	1	0	1	1	0	1	S
NMDC20552907	0	0	0	1	0	0	0	0	1	0	1	0	0	0	1	0	1	1	0	1	S
NMDC20582826	1	1	1	0	1	0	0	0	1	1	0	1	1	0	0	0	1	0	1	0	S
NMDC20552905	0	0	0	1	0	0	0	0	1	0	1	0	0	0	1	0	1	1	0	1	S
NMDC20556889	0	0	0	1	0	0	0	0	1	0	1	0	0	0	1	0	1	1	0	1	S
NMDC20582828	0	0	0	1	0	0	0	0	1	0	1	0	0	0	1	0	1	1	0	1	S
NMDC20554876	0	0	0	1	0	0	0	0	1	0	1	1	0	0	0	0	1	1	0	0	S
NMDC20550886	0	0	0	1	0	0	0	0	1	0	1	0	0	0	1	0	1	1	0	1	S
NMDC20556890	0	0	0	1	0	0	0	0	1	0	1	0	0	0	1	0	1	1	0	1	S
NMDC20582831	0	0	0	1	1	0	0	0	1	0	1	0	0	0	0	0	1	0	0	1	S
NMDC20556891	0	0	0	1	0	0	0	0	1	0	1	0	0	0	1	0	1	1	0	1	S
NMDC20552908	0	0	0	1	0	0	0	0	1	0	1	0	0	0	1	0	1	1	0	1	S
NMDC20550887	0	0	0	1	0	0	0	0	1	0	1	0	0	0	1	0	1	1	0	1	S
NMDC20582832	0	0	0	1	0	0	0	0	1	0	1	1	0	0	0	0	1	1	0	0	S
NMDC20582833	0	0	0	1	0	0	0	0	1	0	1	0	0	0	1	0	1	1	0	1	S
NMDC20550889	0	0	0	1	0	0	0	0	1	1	0	0	0	0	0	1	1	1	0	0	S
NMDC20550890	0	0	0	1	0	0	0	0	1	0	1	0	0	0	1	0	1	1	0	1	S
NMDC20582834	0	0	0	1	0	0	0	0	1	0	1	0	0	0	1	0	1	1	0	1	S
NMDC20550891	0	0	0	1	0	0	1	0	1	0	1	0	0	0	1	1	1	1	0	1	S
NMDC20550892	0	0	0	1	0	0	1	0	1	0	1	0	0	0	1	1	1	1	0	1	S
NMDC20554877	0	0	0	1	0	0	0	0	1	0	1	0	1	0	1	0	1	0	0	0	S
NMDC20582835	0	0	0	1	0	0	0	0	1	0	1	0	0	0	1	0	1	1	0	1	S
NMDC20552911	0	0	0	1	0	0	0	0	1	0	1	0	0	0	1	0	1	1	0	1	S
NMDC20550893	0	0	0	1	0	0	0	0	1	0	1	0	0	0	1	0	1	1	0	1	S
NMDC20550894	0	0	0	1	0	0	0	0	1	0	1	0	1	0	0	0	1	0	0	1	S
NMDC20582837	0	0	0	1	0	0	0	0	1	0	1	0	0	0	1	0	1	1	0	1	S
NMDC20554880	1	1	1	0	1	0	0	0	1	1	0	1	1	0	0	0	1	0	1	0	S
NMDC20582838	0	0	0	1	0	0	0	0	1	0	0	1	0	0	0	0	0	0	0	0	S
NMDC20556893	0	0	0	1	0	0	0	0	1	1	0	0	1	0	1	0	1	1	0	0	S
NMDC20582839	0	0	0	1	0	0	0	0	1	0	1	0	0	0	1	0	1	1	0	1	S
NMDC20552912	0	0	0	1	0	0	0	0	1	0	1	0	0	0	1	0	1	1	0	1	S
NMDC20552913	0	0	0	1	0	0	1	0	1	0	1	0	0	0	1	1	1	1	0	1	S
NMDC20552914	0	0	0	1	0	0	0	0	1	0	1	0	0	0	1	0	1	1	0	1	S
NMDC20556896	0	0	0	1	0	0	0	0	1	0	1	0	0	0	1	0	1	1	0	1	S
NMDC20552915	0	0	0	1	0	0	0	0	1	0	1	1	0	0	0	0	1	0	0	0	S
NMDC20550898	0	0	0	1	0	0	0	0	1	0	1	0	0	0	1	0	1	1	0	1	S
NMDC20552916	0	0	0	1	0	0	0	0	1	0	1	0	0	0	1	0	1	1	0	1	S
NMDC20550896	0	0	0	1	0	1	1	0	1	0	1	0	0	0	1	0	1	1	0	1	S
NMDC20552917	0	0	0	1	0	0	0	0	1	0	1	1	0	0	0	0	1	1	0	0	S
NMDC20556898	0	0	0	1	0	0	0	0	1	0	1	0	0	0	1	0	1	1	0	1	S
NMDC20550900	0	0	0	1	0	0	0	0	1	0	1	0	0	0	1	0	1	1	0	1	S
NMDC20550899	0	0	0	1	0	0	0	0	1	0	0	0	0	0	1	0	0	0	0	0	S
NMDC20556900	0	0	0	1	0	0	0	0	1	0	1	0	0	0	1	0	1	1	0	1	S
NMDC20582841	1	1	1	0	1	0	0	0	1	1	0	1	1	0	0	0	1	0	1	0	S
NMDC20552918	0	0	0	1	0	0	0	0	1	0	1	0	1	0	1	0	0	1	0	1	S
NMDC20582842	0	0	0	1	0	0	0	0	1	0	1	0	0	0	1	0	1	1	0	0	S
NMDC20550903	0	0	0	1	0	0	0	0	1	0	1	0	0	0	1	0	1	1	0	1	S
NMDC20552919	0	0	0	1	0	0	0	0	1	0	1	0	0	0	1	0	1	1	0	1	S
NMDC20550901	0	0	0	1	0	0	0	0	1	0	1	1	0	0	0	0	1	0	0	0	S
NMDC20550902	1	1	1	0	1	0	0	0	1	1	0	1	1	0	0	0	1	0	1	0	S
NMDC20556901	0	0	0	1	0	0	0	0	1	0	1	0	0	0	1	0	1	1	0	1	S
NMDC20582843	0	0	0	1	0	0	0	0	1	0	1	0	0	0	0	0	1	0	0	0	S
NMDC20582845	0	0	0	1	0	0	0	0	1	0	1	0	0	0	1	0	1	1	0	1	S
NMDC20556903	0	0	0	1	0	0	0	0	1	0	1	0	0	0	1	0	1	1	0	1	S
NMDC20582846	0	0	0	1	0	0	0	0	1	0	1	0	0	0	1	0	1	1	0	1	S
NMDC20556904	0	0	0	1	0	0	0	0	1	0	1	0	0	0	1	0	1	1	0	1	S
NMDC20556905	0	0	0	1	0	0	0	0	1	0	1	0	0	0	1	0	1	1	0	1	S
NMDC20556906	0	0	0	1	0	0	0	0	1	0	1	0	0	0	1	0	1	1	0	1	S
NMDC20582847	0	0	0	1	0	0	0	0	1	0	1	0	0	0	0	0	1	0	0	0	S
NMDC20556907	0	0	0	1	0	0	0	0	1	0	1	0	0	0	0	0	1	0	0	0	S
NMDC20554883	0	0	0	1	0	0	0	0	1	0	1	0	0	0	1	0	1	1	0	1	S
NMDC20554884	0	0	0	1	0	0	0	0	1	0	1	0	0	0	1	0	1	1	0	1	S
NMDC20556908	0	0	0	1	0	0	0	0	1	0	1	0	0	0	1	0	1	1	0	1	S
NMDC20556909	0	0	0	1	0	0	0	0	1	0	1	0	0	0	1	0	1	1	0	1	S
NMDC20554886	0	0	0	1	0	0	0	0	1	0	1	0	0	0	1	0	1	1	0	1	S
NMDC20582851	0	0	0	1	0	0	0	0	1	0	1	1	0	0	0	0	1	0	0	1	S
NMDC20556910	0	0	0	1	0	0	0	0	1	0	1	0	0	0	1	0	1	1	0	1	S
NMDC20556912	0	0	0	0	0	0	0	0	1	0	1	1	0	0	0	0	1	0	0	0	S
NMDC20550904	0	0	0	1	0	0	0	0	1	0	1	0	0	0	1	0	1	1	0	1	S
NMDC20582853	0	0	0	1	0	0	0	0	1	0	1	0	0	0	1	0	1	1	0	1	S
NMDC20550905	0	0	0	1	0	0	0	0	1	0	1	0	0	0	1	0	1	1	0	1	S
NMDC20552922	1	1	1	0	1	0	0	0	1	1	0	1	1	0	0	0	1	0	1	0	S
NMDC20550906	0	0	0	1	0	0	0	0	1	0	1	0	0	0	1	0	1	1	0	1	S
NMDC20550907	0	0	0	1	0	0	0	0	1	0	1	0	0	0	1	0	1	1	0	1	S
NMDC20552923	0	0	0	1	0	0	0	0	1	0	1	0	0	0	1	0	1	1	0	1	S
NMDC20550908	0	0	0	1	0	0	0	0	1	0	1	0	0	0	1	0	1	1	0	1	S
NMDC20550909	0	0	0	1	0	0	0	0	1	0	1	0	0	0	1	0	1	1	0	1	S
NMDC20556914	0	0	0	1	0	0	0	0	1	0	1	0	0	0	1	0	1	1	0	1	S
NMDC20582854	0	0	0	1	0	0	0	0	1	0	1	0	0	0	1	0	1	1	0	1	S
NMDC20582855	0	0	0	1	0	0	0	0	1	0	1	0	0	0	1	1	1	1	0	1	S
NMDC20552924	0	0	0	1	0	0	0	0	0	0	0	0	1	0	0	0	0	0	0	1	S
NMDC20582856	0	0	0	1	0	0	0	0	1	0	1	1	0	0	0	0	1	1	0	0	S
NMDC20552925	0	0	0	1	0	0	0	0	1	0	1	0	0	0	1	0	1	1	0	1	S
NMDC20582857	0	0	0	1	0	0	0	0	1	0	1	0	0	0	1	0	1	1	0	1	S
NMDC20554888	0	0	0	1	0	0	0	0	1	0	1	1	1	0	0	0	1	0	0	1	S
NMDC20552926	0	0	0	1	0	0	0	0	1	0	1	0	1	0	0	0	1	0	0	1	S
NMDC20582860	0	0	0	1	0	0	0	0	1	0	1	1	1	0	1	0	1	0	0	0	S
NMDC20552927	0	0	0	1	0	0	0	0	1	0	1	0	1	0	1	0	1	0	0	0	S
NMDC20554889	0	0	0	1	0	0	0	0	1	1	0	0	0	0	1	0	1	0	0	1	S
NMDC20582861	0	0	0	1	0	0	0	0	1	0	1	0	0	0	1	0	1	1	0	1	S
NMDC20550913	0	0	0	1	0	0	0	0	1	0	1	0	0	0	1	0	1	1	0	1	S
NMDC20552928	0	0	0	1	0	0	0	0	1	0	1	0	0	0	1	0	1	1	0	1	S
NMDC20556915	0	0	0	1	0	0	0	0	1	0	1	0	0	0	1	0	1	1	0	1	S
NMDC20554890	0	0	0	1	0	0	0	0	1	0	1	0	0	0	1	0	1	1	0	1	S
NMDC20554891	0	0	0	1	0	0	0	0	1	0	1	0	0	0	1	0	1	1	0	1	S
NMDC20550914	0	0	0	1	0	0	0	0	1	0	1	0	0	0	1	0	1	1	0	1	S
NMDC20582863	0	0	0	1	0	0	0	0	1	0	1	0	0	0	1	1	1	1	0	1	S
NMDC20552929	0	0	0	1	0	0	0	0	1	0	1	1	0	0	0	0	1	1	0	0	S
NMDC20552932	0	0	0	1	0	0	0	0	1	0	1	0	0	0	1	0	1	1	0	1	S
NMDC20582865	0	0	0	1	0	0	0	0	1	0	1	0	0	0	1	0	1	1	0	1	S
NMDC20550916	0	0	0	1	0	0	0	0	1	0	1	0	0	0	1	0	1	1	0	1	S
NMDC20554893	0	0	0	1	0	0	0	0	1	0	1	0	0	0	1	0	1	1	0	1	S
NMDC20552930	0	0	0	1	0	0	0	0	1	0	1	0	1	0	0	0	1	0	0	1	S
NMDC20582866	0	0	0	1	0	0	0	0	1	0	1	0	0	0	1	0	1	1	0	1	S
NMDC20582867	0	0	0	1	0	0	1	0	1	0	1	0	0	0	1	1	1	1	0	1	S
NMDC20556916	0	0	0	1	0	0	0	0	1	0	1	0	1	0	1	0	1	0	0	0	S
NMDC20552931	0	0	0	1	0	0	0	0	1	0	1	0	1	0	1	0	1	0	0	0	S
NMDC20554894	0	0	0	1	0	0	0	0	1	0	1	0	1	0	1	0	1	0	0	0	S
NMDC20582868	0	0	0	1	0	0	0	0	1	0	1	0	0	0	1	0	1	1	0	1	S
NMDC20552933	0	0	0	1	0	0	0	0	1	0	1	0	1	0	1	0	1	0	0	0	S
NMDC20550918	0	0	0	1	0	0	0	0	1	0	1	0	1	0	0	0	1	0	0	1	S
NMDC20582869	0	0	0	1	0	0	0	0	1	0	1	0	0	0	1	0	1	1	0	1	S
NMDC20556917	0	0	0	1	0	0	0	0	1	0	1	0	0	0	1	0	1	1	0	1	S
NMDC20582870	0	0	0	1	0	0	0	0	1	0	1	0	0	0	1	0	1	1	0	1	S
NMDC20582871	0	0	0	1	0	0	0	0	1	0	1	0	0	0	1	0	1	1	0	1	S
NMDC20556918	0	0	0	1	0	0	0	0	1	0	1	0	0	0	1	0	1	1	0	1	S
NMDC20552934	0	0	0	1	0	0	0	0	1	0	1	0	0	0	0	0	1	0	0	0	S
NMDC20582872	0	0	0	1	0	0	0	0	1	0	1	0	0	0	1	0	1	1	0	1	S
NMDC20556919	0	0	0	1	0	0	0	0	1	0	1	0	1	0	0	0	1	0	0	1	S
NMDC20582873	0	0	0	1	0	0	0	0	1	0	1	0	0	0	1	0	1	1	0	1	S
NMDC20554897	0	0	0	1	0	0	0	0	1	0	1	0	0	0	1	0	1	1	0	1	S
NMDC20582874	0	0	0	1	0	0	0	0	1	0	1	0	0	0	1	1	1	1	0	1	S
NMDC20582875	0	0	0	1	0	0	0	0	1	0	1	0	0	0	1	0	1	1	0	1	S
NMDC20552935	0	0	0	1	0	0	0	0	1	0	1	0	0	0	1	0	1	1	0	1	S
NMDC20554898	0	0	0	1	0	0	0	0	1	0	1	0	0	0	1	0	1	1	0	1	S
NMDC20554899	0	0	0	1	0	0	0	0	1	0	1	0	0	0	1	0	1	1	0	1	S
NMDC20582876	0	0	0	1	0	0	1	0	1	0	1	0	0	0	1	1	1	1	0	1	S
NMDC20582877	0	0	0	1	0	0	0	0	1	0	1	1	0	0	0	0	1	1	0	0	S
NMDC20554900	0	0	0	1	0	0	0	0	1	0	1	1	0	0	0	0	1	1	0	0	S
NMDC20582879	0	0	0	1	0	0	0	0	1	0	1	0	0	0	1	0	1	1	0	1	S
NMDC20550919	0	0	0	1	0	0	0	0	1	0	1	0	0	0	1	0	1	1	0	1	S
NMDC20554901	0	0	0	1	0	0	0	0	1	0	1	0	0	0	1	0	1	1	0	1	S
NMDC20552938	0	0	0	1	0	0	0	0	1	0	1	0	1	0	1	0	1	0	0	0	S
NMDC20582881	0	0	0	1	0	0	0	0	1	0	1	0	0	0	1	0	1	1	0	1	S
NMDC20552939	0	0	0	1	0	0	0	0	1	0	1	0	0	0	1	0	1	1	0	1	S
NMDC20552940	0	0	0	1	0	0	0	0	1	0	1	0	0	0	1	0	1	1	0	1	S
NMDC20552941	0	0	0	1	0	0	0	0	1	0	1	0	0	0	1	0	1	1	0	1	S
NMDC20582883	0	0	0	1	0	0	0	0	1	0	1	1	1	0	0	0	1	0	0	0	S
NMDC20554902	0	0	0	1	0	0	0	0	1	0	1	0	1	0	1	0	1	0	0	0	S
NMDC20552942	1	1	1	0	1	0	0	0	1	1	0	1	1	0	0	0	1	0	1	0	S
NMDC20582886	0	0	0	1	0	0	0	0	1	0	1	0	0	0	0	0	1	0	0	0	S
NMDC20582887	0	0	0	1	0	0	0	0	1	0	1	1	0	0	0	0	1	0	0	1	S
NMDC20582892	1	1	1	0	1	0	0	0	1	1	0	1	1	0	0	0	1	0	1	0	S
NMDC20582893	0	0	0	1	0	0	0	0	1	0	1	1	0	0	0	0	1	0	0	1	S
NMDC20582894	0	0	0	1	0	0	0	0	1	0	1	0	0	0	1	0	1	1	0	1	S
NMDC20582897	0	0	0	1	0	0	0	0	1	0	1	0	1	0	1	0	1	0	0	0	S
NMDC20582901	0	0	0	1	0	0	0	0	1	0	1	0	1	0	1	0	1	0	0	0	S
NMDC20582904	0	0	0	1	0	0	0	0	1	0	1	1	0	0	0	1	1	0	0	0	S
NMDC20582905	0	0	0	1	0	0	0	0	1	0	1	0	0	0	0	1	1	0	0	0	S
NMDC20582906	0	0	0	1	0	0	0	0	1	0	1	0	1	0	0	0	1	0	0	0	S
NMDC20582907	0	0	0	1	0	0	0	0	1	0	0	1	0	0	0	0	0	0	0	0	S
NMDC20582911	0	0	0	1	0	0	0	0	1	0	1	0	0	0	1	0	1	1	0	1	S
NMDC20583314	0	0	0	1	0	0	0	0	1	0	1	0	0	0	1	0	1	1	0	1	S
NMDC20553111	0	0	0	1	0	0	0	0	1	0	1	0	0	0	1	0	1	1	0	1	S
NMDC20583315	0	0	0	1	0	0	0	0	1	0	1	0	0	0	1	0	1	1	0	1	S
NMDC20583316	0	0	0	1	0	0	0	0	1	0	1	0	0	0	1	0	1	1	0	1	S
NMDC20551076	0	0	0	1	1	0	0	0	1	0	0	1	0	0	0	0	0	0	0	0	S
NMDC20551077	0	0	0	1	0	0	0	0	1	0	1	0	0	0	1	0	1	1	0	1	S
NMDC20557090	0	0	0	1	0	0	0	0	1	0	1	0	0	0	1	0	1	0	0	0	S
NMDC20553113	0	0	0	1	0	0	0	0	1	0	0	0	0	0	1	0	0	0	0	0	S
NMDC20557091	0	0	0	1	0	0	0	0	1	0	0	0	0	0	1	0	0	0	0	0	S
NMDC20583317	0	0	0	1	0	0	0	0	1	0	1	0	0	0	1	0	1	1	0	1	S
NMDC20555073	0	0	0	1	0	0	0	0	1	0	1	0	0	0	1	0	1	1	0	1	S
NMDC20555074	0	0	0	1	0	0	0	0	1	0	1	0	0	0	1	1	1	1	0	1	S
NMDC20555075	0	0	0	1	0	0	1	0	1	0	1	0	0	0	1	0	1	1	0	1	S
NMDC20583318	0	0	0	1	0	0	0	0	1	0	1	0	0	0	1	0	1	1	0	1	S
NMDC20583319	0	0	0	1	0	0	0	0	1	0	1	0	0	0	1	0	1	0	0	0	S
NMDC20555076	0	0	0	1	0	0	0	0	1	0	1	0	0	0	1	0	1	1	0	1	S
NMDC20551078	0	0	0	1	0	0	0	0	1	0	1	0	0	0	1	0	1	1	0	1	S
NMDC20553114	1	1	1	0	1	0	0	0	1	1	0	1	1	0	0	0	1	0	1	0	S
NMDC20555077	1	1	1	0	1	0	0	0	1	1	0	1	1	0	0	0	1	0	1	0	S
NMDC20583320	1	1	1	0	1	0	0	0	1	1	0	1	1	0	0	0	1	0	1	0	S
NMDC20583322	1	1	1	0	1	0	0	0	1	1	0	1	1	0	0	0	1	0	1	0	S
NMDC20583324	0	0	0	1	0	1	1	0	1	0	1	0	0	0	1	1	1	1	0	1	S
NMDC20583325	0	0	0	1	0	0	1	0	1	0	1	0	0	0	1	0	1	1	0	1	S
NMDC20583327	0	0	0	1	0	0	1	0	1	0	1	0	0	0	1	0	1	1	0	1	S
NMDC20583328	0	0	0	1	0	0	1	0	1	0	1	0	0	0	1	0	1	1	0	1	S
NMDC20583329	0	0	0	1	0	0	1	0	1	0	1	0	0	0	1	0	1	1	0	1	S
NMDC20583330	0	0	0	1	0	0	0	0	1	0	1	0	1	0	0	0	1	0	0	1	S
NMDC20583331	1	1	1	0	1	0	0	0	1	1	0	1	1	0	0	0	1	0	1	0	S
NMDC20583334	0	0	0	1	0	0	0	0	1	0	1	0	0	0	0	1	1	0	0	0	S
NMDC20583335	0	0	0	1	0	0	0	0	1	0	1	1	0	0	0	0	1	0	0	1	S
NMDC20583337	0	0	0	1	0	0	0	0	1	0	0	0	1	0	0	0	0	0	0	1	S
NMDC20583339	0	0	0	1	0	0	0	0	1	0	1	0	1	0	1	0	1	0	0	0	S
NMDC20583341	0	0	0	1	0	0	0	0	1	0	1	1	0	0	0	0	1	0	0	0	S
NMDC20583342	0	0	0	1	0	0	0	0	1	0	1	1	0	0	0	0	1	1	0	0	S
NMDC20583343	0	0	0	1	0	0	0	0	1	0	1	1	1	0	0	0	1	0	0	0	S
NMDC20583345	0	0	0	1	0	0	0	0	1	0	1	1	0	0	0	0	1	0	0	1	S
NMDC20583346	0	0	0	0	0	0	0	0	1	0	1	1	0	0	0	0	1	0	0	0	S
NMDC20583347	0	0	0	1	0	0	0	0	1	0	1	1	0	0	0	0	1	1	0	0	S
NMDC20583348	0	0	0	1	0	0	0	0	1	0	1	1	1	0	1	0	1	0	0	0	S
NMDC20583349	0	0	0	1	0	0	0	0	1	0	1	1	0	0	0	0	1	0	0	1	S
NMDC20583350	0	0	0	1	0	0	0	0	1	0	1	1	0	0	0	0	1	0	0	0	S
NMDC20583351	0	0	0	1	0	0	0	0	1	0	1	0	0	0	0	1	1	0	0	0	S
NMDC20583352	0	0	0	1	0	0	1	0	1	0	1	0	0	0	1	1	1	1	0	1	S
NMDC20583353	0	0	0	1	0	0	0	0	1	0	1	0	0	0	1	1	1	1	0	1	S
NMDC20583354	0	0	0	1	0	0	0	0	1	0	1	0	0	0	0	1	1	0	0	0	S
NMDC20584427	0	0	0	1	0	0	0	0	1	0	1	0	0	0	0	0	1	0	0	0	S
NMDC20584428	0	0	0	1	0	0	0	0	1	0	0	1	0	0	0	0	0	0	0	0	S
NMDC20584429	0	0	0	1	0	0	0	0	1	0	1	0	0	0	0	0	1	0	0	0	S
NMDC20584430	0	0	0	1	0	0	0	0	1	0	1	1	0	0	1	0	1	0	0	0	S
NMDC20584432	0	0	0	1	0	0	1	0	1	0	1	0	0	0	1	0	1	1	0	1	S
NMDC20584433	0	0	0	1	0	0	1	0	1	0	1	0	0	0	1	1	1	1	0	1	S
NMDC20584434	0	0	0	1	0	0	0	0	1	0	1	1	0	0	0	0	1	0	0	0	S
NMDC20584435	0	0	0	1	0	0	0	0	1	0	1	0	0	0	1	0	1	1	0	1	S
NMDC20584438	0	0	0	1	0	0	0	0	1	0	1	0	0	0	1	0	1	1	0	1	S
NMDC20584442	0	0	0	1	0	0	0	0	1	0	1	0	1	0	1	0	1	0	0	0	S
NMDC20584444	0	0	0	1	0	0	0	0	1	0	0	1	0	0	0	0	0	0	0	0	S
NMDC20584445	0	0	0	1	0	0	0	0	1	0	1	0	0	0	0	1	1	0	0	0	S
NMDC20584446	0	0	0	1	0	0	0	0	1	0	1	1	0	0	0	0	1	1	0	0	S
NMDC20584447	0	0	0	1	0	0	0	0	1	0	1	1	0	0	0	0	1	1	0	0	S
NMDC20584448	0	0	0	1	0	0	0	0	1	0	1	1	0	0	0	0	1	1	0	0	S
NMDC20584449	0	0	0	1	0	0	0	0	1	0	1	1	0	0	0	0	1	1	0	0	S
NMDC20584450	0	0	0	1	0	0	0	0	1	0	1	1	0	0	0	0	1	1	0	0	S
NMDC20584452	0	0	0	1	0	0	0	0	1	0	1	1	0	0	0	0	1	1	0	0	S
NMDC20584453	0	0	0	1	0	0	0	0	1	0	1	1	0	0	0	0	1	0	0	0	S
NMDC20584454	0	0	0	0	0	0	0	0	1	0	1	1	0	0	0	0	1	0	0	0	S
NMDC20584456	0	0	0	1	0	0	0	0	1	0	1	1	0	0	0	0	1	1	0	0	S
NMDC20584457	0	0	0	1	0	0	0	0	1	0	1	0	0	0	1	0	1	0	0	0	S
NMDC20584458	0	0	0	1	0	0	0	0	1	0	1	1	0	0	0	0	1	1	0	0	S
NMDC20584459	0	0	0	1	0	0	0	0	1	0	1	1	0	0	0	0	1	1	0	0	S
NMDC20584460	0	0	0	1	0	0	0	0	1	0	1	0	0	0	0	0	1	0	0	0	S
NMDC20584462	0	0	0	1	0	0	0	0	1	0	0	1	0	0	0	0	0	0	0	1	S
NMDC20584463	0	0	0	1	0	0	0	0	1	0	1	1	0	0	0	0	1	1	0	0	S
NMDC20584465	0	0	0	1	0	0	0	0	1	0	1	1	0	0	0	0	1	1	0	0	S
NMDC20584467	0	0	0	0	0	0	0	0	1	0	1	1	0	0	0	0	1	0	0	0	S
NMDC20584468	0	0	0	1	0	0	0	0	1	0	1	1	0	0	0	0	1	1	0	0	S
NMDC20584470	0	0	0	1	0	0	0	0	1	0	1	1	0	0	0	1	1	0	0	0	S
NMDC20584472	0	0	0	1	0	0	0	0	1	0	1	1	0	0	0	0	1	1	0	0	S
NMDC20584473	0	0	0	1	0	0	0	0	1	0	1	1	0	0	0	0	1	1	0	0	S
NMDC20584474	0	0	0	1	0	0	0	0	1	0	1	1	0	0	0	0	1	1	0	0	S
NMDC20584476	0	0	0	1	0	0	0	0	1	0	1	1	0	0	0	0	1	1	0	0	S
NMDC20584478	0	0	0	1	0	0	0	0	1	0	1	1	0	0	0	0	1	1	0	0	S
NMDC20584479	0	0	0	1	0	0	0	0	1	0	1	1	0	0	0	0	1	1	0	0	S
NMDC20584480	0	0	0	1	0	0	0	0	1	0	1	1	0	0	0	0	1	1	0	0	S
NMDC20584481	0	0	0	1	0	0	0	0	1	0	1	1	0	0	0	0	1	1	0	0	S
NMDC20584482	0	0	0	1	0	0	0	0	1	0	1	1	0	0	0	0	1	1	0	0	S
NMDC20584483	0	0	0	1	0	0	0	0	1	0	1	1	0	0	0	0	1	1	0	0	S
NMDC20584485	0	0	0	1	0	0	0	0	1	0	1	1	0	0	0	0	1	1	0	0	S
NMDC20584486	0	0	0	1	0	0	0	0	1	0	1	1	0	0	0	0	1	0	0	0	S
NMDC20584487	0	0	0	1	0	0	0	0	1	0	1	1	0	0	0	0	1	0	0	0	S
NMDC20584488	0	0	0	1	0	0	0	0	1	0	1	1	0	0	0	0	1	0	0	0	S
NMDC20584489	0	0	0	1	0	0	0	0	1	0	1	1	0	0	0	0	1	1	0	0	S
NMDC20584490	0	0	0	1	0	0	0	0	1	0	1	1	0	0	0	0	1	1	0	0	S
NMDC20584491	0	0	0	1	0	0	0	0	1	0	1	1	0	0	0	0	1	1	0	0	S
NMDC20584492	0	0	0	1	0	0	0	0	1	0	1	1	0	0	0	0	1	1	0	0	S
NMDC20584493	0	0	0	1	0	0	0	0	1	0	1	1	0	0	0	0	1	1	0	0	S
NMDC20584494	0	0	0	1	0	0	0	0	1	0	1	1	0	0	0	0	1	1	0	0	S
NMDC20584495	0	0	0	1	0	0	0	0	1	0	1	1	0	0	0	0	1	1	0	0	S
NMDC20584497	0	0	0	1	0	0	0	0	1	0	1	1	1	0	0	0	1	0	0	0	S
NMDC20584498	0	0	0	1	0	0	0	0	1	0	1	1	0	0	0	0	1	0	0	0	S
NMDC20584499	0	0	0	1	0	0	0	0	1	0	1	1	0	0	0	0	1	1	0	0	S
NMDC20584500	0	0	0	1	0	0	0	0	1	0	1	1	0	0	0	0	1	1	0	0	S
NMDC20584501	0	0	0	1	0	0	0	0	1	0	1	1	0	0	0	0	1	0	0	0	S
NMDC20584502	0	0	0	1	0	0	0	0	1	0	1	1	1	0	0	0	1	0	0	0	S
NMDC20584503	0	0	0	1	0	0	0	0	1	0	1	1	0	0	0	0	1	1	0	0	S
NMDC20584504	0	0	0	1	0	0	0	0	1	0	1	1	0	0	0	0	1	1	0	0	S
NMDC20584505	0	0	0	1	0	0	0	0	1	0	0	1	0	0	0	0	0	0	0	1	S
NMDC20584506	0	0	0	1	0	0	0	0	1	0	1	1	0	0	0	0	1	1	0	0	S
NMDC20584509	0	0	0	1	0	0	0	0	1	0	1	1	0	0	0	0	1	1	0	0	S
NMDC20584510	0	0	0	1	0	0	0	0	1	0	1	1	0	0	0	0	1	1	0	0	S
NMDC20584511	0	0	0	1	0	0	0	0	1	0	0	1	0	0	0	0	0	0	0	1	S
NMDC20584512	0	0	0	1	0	0	0	0	1	0	0	1	0	0	0	0	0	0	0	1	S
NMDC20584513	0	0	0	1	0	0	0	0	1	0	0	1	0	0	0	0	0	0	0	1	S
NMDC20584514	1	1	1	0	1	0	0	0	1	1	0	1	1	0	0	0	1	0	1	0	S
NMDC20584515	1	1	1	0	1	0	0	0	1	1	0	1	1	0	0	0	1	0	1	0	S
NMDC20584517	0	0	0	1	0	0	0	0	1	0	1	0	0	0	0	1	1	0	0	0	S
NMDC20584522	0	0	0	1	0	0	0	0	1	0	1	1	1	0	0	0	1	0	0	0	S
NMDC20584524	0	0	0	1	0	0	1	0	1	0	1	0	0	0	1	1	1	1	0	1	S
NMDC20584526	0	0	0	1	0	0	0	0	1	0	1	0	0	0	0	0	1	0	0	0	S
NMDC20584527	0	0	0	1	0	0	0	0	1	0	1	1	0	0	0	0	1	0	0	1	S
NMDC20584528	0	0	0	1	0	0	0	0	1	0	1	0	0	0	0	1	1	0	0	0	S
NMDC20584530	0	0	0	0	0	0	0	0	1	0	1	1	0	0	0	1	1	0	0	0	S
NMDC20584531	0	0	0	1	0	0	0	0	1	0	1	0	0	0	0	1	1	0	0	0	S
NMDC20584533	0	0	0	1	0	0	0	0	1	0	1	0	0	0	0	1	1	0	0	0	S
NMDC20584536	0	0	0	1	0	0	0	0	1	0	1	0	0	0	0	1	1	0	0	0	S
NMDC20584539	0	0	0	1	0	0	0	0	1	0	1	0	0	0	0	0	1	0	0	0	S
NMDC20584541	0	0	0	1	0	0	0	0	1	0	1	0	0	0	0	1	1	0	0	0	S
NMDC20584543	0	0	0	1	0	0	0	0	1	0	1	0	0	0	0	0	1	0	0	0	S
NMDC20584544	0	0	0	1	0	0	0	0	1	0	1	0	0	0	0	0	1	0	0	0	S
NMDC20584545	0	0	0	1	0	0	0	0	1	0	1	1	1	0	0	0	1	0	0	0	S
NMDC20584548	0	0	0	1	0	0	0	0	1	0	1	0	0	0	0	0	1	0	0	0	S
NMDC20584549	0	0	0	1	0	0	0	0	1	0	1	1	1	0	0	0	1	0	0	0	S
NMDC20584550	0	0	0	1	0	0	0	0	1	0	1	0	0	0	0	0	1	0	0	0	S
NMDC20584551	0	0	0	1	0	0	0	0	1	0	1	0	0	0	0	0	1	0	0	0	S
NMDC20584553	0	0	0	1	0	0	0	0	1	0	1	0	0	0	0	0	1	0	0	0	S
NMDC20584554	0	0	0	1	0	0	0	0	1	0	1	0	0	0	0	0	1	0	0	0	S
NMDC20584555	0	0	0	1	0	0	0	0	1	0	1	0	0	0	0	0	1	0	0	0	S
NMDC20584557	0	0	0	1	0	0	0	0	1	0	1	0	0	0	0	0	1	0	0	0	S
NMDC20584559	0	0	0	1	0	0	0	0	1	0	1	0	0	0	0	0	1	0	0	0	S
NMDC20584560	0	0	0	1	0	0	0	0	1	0	1	0	0	0	0	1	1	0	0	0	S
NMDC20584561	0	0	0	1	0	0	0	0	1	0	1	1	0	0	0	0	1	0	0	0	S
NMDC20584562	0	0	0	1	0	0	0	0	1	0	1	0	0	0	0	0	1	0	0	0	S
NMDC20584563	0	0	0	1	0	0	0	0	1	0	1	0	0	0	0	0	1	0	0	0	S
NMDC20584564	0	0	0	1	0	0	0	0	1	0	1	0	0	0	0	0	1	0	0	0	S
NMDC20584565	0	0	0	1	0	0	0	0	1	0	1	0	0	0	0	0	1	0	0	0	S
NMDC20584566	0	0	0	1	0	0	0	0	1	0	1	0	0	0	0	0	1	0	0	0	S
NMDC20584567	0	0	0	1	0	0	0	0	1	0	1	0	0	0	0	1	1	0	0	0	S
NMDC20584568	0	0	0	1	0	0	0	0	1	0	1	0	0	0	0	0	1	0	0	0	S
NMDC20584569	0	0	0	1	0	0	0	0	1	0	1	0	0	0	0	0	1	0	0	0	S
NMDC20584571	0	0	0	1	0	0	0	0	1	0	1	0	0	0	0	0	1	0	0	0	S
NMDC20584572	0	0	0	1	0	0	0	0	1	0	1	1	1	0	0	0	1	0	0	0	S
NMDC20584574	0	0	0	1	0	0	0	0	1	0	1	0	0	0	0	0	1	0	0	0	S
NMDC20584576	0	0	0	1	0	0	0	0	1	0	1	0	0	0	0	0	1	0	0	0	S
NMDC20584577	0	0	0	1	0	0	0	0	1	0	1	0	0	0	0	0	1	0	0	0	S
NMDC20584578	0	0	0	1	0	0	0	0	1	0	1	0	0	0	0	1	1	0	0	0	S
NMDC20584579	0	0	0	1	0	0	0	0	1	0	1	1	1	0	0	0	1	0	0	0	S
NMDC20584580	0	0	0	1	0	0	0	0	1	0	1	0	0	0	0	0	1	0	0	0	S
NMDC20584581	0	0	0	1	0	0	0	0	1	0	1	0	0	0	0	0	1	0	0	0	S
NMDC20584582	0	0	0	1	0	0	0	0	1	0	1	0	0	0	0	0	1	0	0	0	S
NMDC20584584	0	0	0	1	0	0	0	0	1	0	1	0	0	0	0	0	1	0	0	0	S
NMDC20584586	0	0	0	1	0	0	0	0	1	0	1	0	0	0	0	0	1	0	0	0	S
NMDC20584588	0	0	0	1	0	0	0	0	1	0	1	0	0	0	0	0	1	0	0	0	S
NMDC20584589	0	0	0	1	0	0	0	0	1	0	1	0	0	0	0	0	1	0	0	0	S
NMDC20584592	0	0	0	1	0	0	0	0	1	0	1	0	0	0	0	0	1	0	0	0	S
NMDC20584593	0	0	0	1	0	0	0	0	1	0	1	0	0	0	0	0	1	0	0	0	S
NMDC20584595	0	0	0	1	0	0	0	0	1	0	1	0	0	0	0	0	1	0	0	0	S
NMDC20584596	0	0	0	1	0	0	0	0	1	0	1	0	0	0	0	0	1	0	0	0	S
NMDC20584602	0	0	0	1	0	0	0	0	1	0	1	0	0	0	0	0	1	0	0	0	S
NMDC20584605	0	0	0	1	0	0	0	0	1	0	1	0	0	0	0	0	1	0	0	0	S
NMDC20584606	0	0	0	1	0	0	0	0	1	0	1	0	0	0	0	0	1	0	0	0	S
NMDC20584607	0	0	0	1	0	0	0	0	1	0	1	0	0	0	0	0	1	0	0	0	S
NMDC20584608	0	0	0	1	0	0	0	0	1	0	1	0	0	0	0	0	1	0	0	0	S
NMDC20584609	0	0	0	1	0	0	0	0	1	0	1	0	0	0	0	0	1	0	0	0	S
NMDC20584610	0	0	0	1	0	0	0	0	1	0	1	0	0	0	0	0	1	0	0	0	S
NMDC20584611	0	0	0	1	0	0	0	0	1	0	1	0	0	0	0	0	1	0	0	0	S
NMDC20584613	0	0	0	1	0	0	0	0	1	0	1	0	0	0	0	0	1	0	0	0	S
NMDC20584614	0	0	0	1	0	0	0	0	1	0	1	0	0	0	0	0	1	0	0	0	S
NMDC20584615	0	0	0	1	0	0	0	0	1	0	1	0	0	0	0	0	1	0	0	0	S
NMDC20584616	0	0	0	1	0	0	0	0	1	0	1	0	0	0	0	0	1	0	0	0	S
NMDC20584617	0	0	0	1	0	0	0	0	1	0	1	0	0	0	0	0	1	0	0	0	S
NMDC20584618	0	0	0	1	0	0	0	0	1	0	1	0	0	0	0	0	1	0	0	0	S
NMDC20584619	0	0	0	1	0	0	0	0	1	0	1	0	0	0	0	0	1	0	0	0	S
NMDC20584620	0	0	0	1	0	0	0	0	1	0	1	1	1	0	0	0	1	0	0	0	S
NMDC20584621	0	0	0	1	0	0	0	0	1	0	1	0	0	0	0	0	1	0	0	0	S
NMDC20584622	0	0	0	1	0	0	0	0	1	0	1	0	0	0	0	0	1	0	0	0	S
NMDC20584624	0	0	0	1	0	0	0	0	1	0	1	0	0	0	0	0	1	0	0	0	S
NMDC20584625	0	0	0	1	0	0	0	0	1	0	1	0	0	0	0	0	1	0	0	0	S
NMDC20584627	0	0	0	1	0	0	0	0	1	0	1	0	0	0	0	0	1	0	0	0	S
NMDC20584628	0	0	0	1	0	0	0	0	1	0	1	0	0	0	0	0	1	0	0	0	S
NMDC20584630	0	0	0	1	0	0	0	0	1	0	1	0	0	0	0	1	1	0	0	0	S
NMDC20584632	0	0	0	1	0	0	0	0	1	0	1	0	0	0	0	1	1	0	0	0	S
NMDC20584634	0	0	0	1	0	0	0	0	1	0	1	0	0	0	0	0	1	0	0	0	S
NMDC20584636	1	1	1	0	1	0	0	0	1	1	0	1	1	0	0	0	1	0	1	0	S
NMDC20584637	1	1	1	0	1	0	0	0	1	1	0	1	1	0	0	0	1	0	1	0	S
NMDC20584638	1	1	1	0	1	0	0	0	1	1	0	1	1	0	0	0	1	0	1	0	S
NMDC20584639	0	0	0	0	0	0	0	0	1	0	1	1	0	0	0	1	1	0	0	0	S
NMDC20584641	1	1	1	0	1	0	0	0	1	1	0	1	1	0	0	0	1	0	1	0	S
NMDC20584642	0	0	0	1	0	0	0	0	1	0	1	0	0	0	0	0	1	0	0	0	S
NMDC20584643	0	0	0	1	0	0	0	0	1	0	1	0	0	0	0	0	1	0	0	0	S
NMDC20584644	0	0	0	1	0	0	0	0	1	0	1	0	0	0	0	0	1	0	0	0	S
NMDC20584646	0	0	0	1	0	0	0	0	1	0	1	0	0	0	0	0	1	0	0	0	S
NMDC20584647	0	0	0	1	0	0	0	0	1	0	1	0	0	0	1	0	1	1	0	1	S
NMDC20584648	0	0	0	1	0	0	0	0	1	0	1	1	0	0	0	0	1	0	0	0	S
NMDC20584649	0	0	0	0	0	0	0	0	1	0	1	1	0	0	0	1	1	0	0	0	S
NMDC20584653	0	0	0	1	0	0	0	0	1	0	1	1	0	0	0	0	1	0	0	0	S
NMDC20584654	0	0	0	1	0	0	1	0	1	0	1	0	0	0	1	1	1	1	0	1	S
NMDC20584659	0	0	0	1	0	0	0	0	1	0	1	0	0	0	0	0	1	0	0	0	S
NMDC20584660	0	0	0	1	0	0	0	0	1	0	1	0	0	0	0	0	1	0	0	0	S
NMDC20584661	0	0	0	1	0	0	0	0	1	0	1	1	0	0	0	0	1	0	0	0	S
NMDC20584662	0	0	0	1	0	0	0	0	1	0	1	1	0	0	0	0	1	0	0	0	S
NMDC20584663	0	0	0	1	0	0	0	0	1	0	0	1	0	0	0	0	0	0	0	0	S
NMDC20584664	0	0	0	1	0	0	1	0	1	0	1	0	0	0	1	1	1	1	0	1	S
NMDC20584667	0	0	0	0	0	0	0	0	1	0	1	1	0	0	0	1	1	0	0	0	S
NMDC20584668	0	0	0	1	0	0	0	0	1	0	0	1	0	0	0	0	0	0	0	0	S
NMDC20584669	0	0	0	1	0	0	0	0	1	0	1	1	0	0	0	0	1	0	0	0	S
NMDC20584672	0	0	0	1	0	0	0	0	1	0	1	1	0	0	0	0	1	0	0	0	S
NMDC20584673	0	0	0	1	0	0	0	0	1	0	1	1	0	0	0	0	1	0	0	0	S
NMDC20584674	0	0	0	1	0	0	0	0	1	0	0	1	0	0	0	0	0	0	0	1	S
NMDC20584675	0	0	0	1	0	0	0	0	1	0	1	1	0	0	0	0	1	0	0	0	S
NMDC20584677	0	0	0	1	0	0	0	0	1	0	1	0	0	0	0	0	1	0	0	0	S
NMDC20584681	0	0	0	1	0	0	0	0	1	0	1	0	0	0	0	1	1	0	0	0	S
NMDC20584684	0	0	0	1	0	0	0	0	1	0	1	1	0	0	0	0	1	0	0	0	S
NMDC20584685	0	0	0	1	0	0	0	0	1	0	1	1	0	0	0	0	1	1	0	0	S
NMDC20584686	0	0	0	1	0	0	0	0	1	0	1	1	1	0	0	0	1	0	0	0	S
NMDC20584687	0	0	0	1	0	0	0	0	1	0	1	0	0	0	0	0	1	0	0	0	S
NMDC20584688	0	0	0	0	0	0	0	0	1	0	1	1	0	0	0	1	1	0	0	0	S
NMDC20584690	0	0	0	1	0	0	0	0	1	0	1	0	0	0	1	0	1	0	0	0	S
NMDC20584692	0	0	0	1	0	0	0	0	1	0	1	1	0	0	1	0	1	0	0	0	S
NMDC20584695	0	0	0	1	0	0	0	0	1	0	1	1	0	0	0	0	1	0	0	0	S
NMDC20584697	0	0	0	1	0	0	0	0	1	0	1	1	0	0	0	0	1	0	0	0	S
NMDC20584699	0	0	0	1	0	0	0	0	1	0	1	1	0	0	0	0	1	0	0	0	S
NMDC20584703	0	0	0	1	0	0	0	0	1	0	1	1	0	0	0	0	1	0	0	0	S
NMDC20584704	0	0	0	1	0	0	0	0	1	0	1	1	0	0	0	0	1	0	0	0	S
NMDC20584706	0	0	0	1	0	0	0	0	1	0	1	1	0	0	0	0	1	1	0	0	S
NMDC20584707	0	0	0	1	0	0	0	0	1	0	1	1	0	0	0	0	1	0	0	0	S
NMDC20584708	0	0	0	1	0	0	0	0	1	0	1	1	1	0	0	0	1	0	0	0	S
NMDC20584710	0	0	0	1	0	0	0	0	1	0	0	1	0	0	0	0	0	0	0	0	S
NMDC20584713	0	0	0	1	0	0	0	0	1	0	1	0	0	0	1	0	1	0	0	0	S
NMDC20584717	0	0	0	1	0	0	0	0	1	0	1	1	0	0	0	0	1	0	0	1	S
NMDC20584720	0	0	0	1	0	0	0	0	1	0	1	0	0	0	0	1	1	0	0	0	S
NMDC20584723	0	0	0	1	0	0	0	0	1	0	1	0	1	0	1	0	1	0	0	0	S
NMDC20584724	0	0	0	1	0	0	0	0	1	0	1	0	0	0	0	1	1	0	0	0	S
NMDC20584725	1	1	1	0	1	0	0	0	1	1	0	1	1	0	0	0	1	0	1	0	S
NMDC20584727	0	0	0	1	0	0	1	0	1	0	1	0	0	0	1	1	1	1	0	1	S
NMDC20584730	0	0	0	1	0	0	0	0	1	0	1	1	1	0	0	0	1	0	0	0	S
NMDC20584732	0	0	0	1	0	0	0	0	1	0	1	0	1	0	1	0	1	0	0	0	S
NMDC20584733	0	0	0	1	0	0	0	0	1	0	1	0	1	0	1	0	1	0	0	0	S
NMDC20584734	0	0	0	1	0	0	0	0	1	0	1	0	1	0	1	0	1	0	0	0	S
NMDC20584735	0	0	0	1	0	0	0	0	1	0	0	1	0	0	0	0	0	0	0	0	S
NMDC20584737	0	0	0	1	0	0	0	0	1	0	1	0	0	0	0	1	1	0	0	0	S
NMDC20584738	0	0	0	1	0	0	0	0	1	0	1	0	0	0	0	1	1	0	0	0	S
NMDC20584739	0	0	0	1	0	0	0	0	1	0	1	0	0	0	0	1	1	0	0	0	S
NMDC20584742	0	0	0	1	0	0	0	0	1	0	1	0	0	0	0	0	1	0	0	0	S
NMDC20584743	1	1	1	0	1	0	0	0	1	1	0	1	1	0	0	0	1	0	1	0	S
NMDC20584744	0	0	0	1	0	0	0	0	1	0	1	1	1	0	0	0	1	0	0	0	S
NMDC20584745	0	0	0	1	0	0	0	0	1	0	1	0	0	0	0	1	1	0	0	0	S
NMDC20584746	0	0	0	1	0	0	0	0	1	0	1	1	0	0	1	0	1	0	0	0	S
NMDC20584749	0	0	0	0	0	0	0	0	1	0	1	1	0	0	0	1	1	0	0	0	S
NMDC20584753	0	0	0	1	0	0	0	0	1	0	0	1	0	0	0	0	0	0	0	0	S
NMDC20584755	0	0	0	0	0	0	0	0	1	0	1	1	0	0	0	1	1	0	0	0	S
NMDC20584756	0	0	0	1	0	0	0	0	1	0	1	1	0	0	1	0	1	0	0	0	S
NMDC20584757	0	0	0	1	0	0	0	0	1	0	1	1	1	0	0	0	1	0	0	0	S
NMDC20584758	0	0	0	1	0	0	0	0	1	0	1	1	0	0	1	0	1	0	0	0	S
NMDC20584760	0	0	0	1	0	0	0	0	1	0	1	0	0	0	1	0	1	0	0	0	S
NMDC20584761	0	0	0	1	0	0	0	0	1	0	1	1	1	0	0	0	1	0	0	0	S
NMDC20584762	0	0	0	1	0	0	0	0	1	0	1	1	1	0	0	0	1	0	0	0	S
NMDC20584764	0	0	0	1	0	0	0	0	1	0	1	0	0	0	0	1	1	0	0	0	S
NMDC20584766	0	0	0	1	0	0	0	0	1	0	1	1	0	0	0	0	1	1	0	0	S
NMDC20584767	0	0	0	1	0	0	0	0	1	0	1	1	1	0	0	0	1	0	0	0	S
NMDC20584769	0	0	0	1	0	0	0	0	1	0	1	0	0	0	0	0	1	0	0	1	S
NMDC20584770	0	0	0	1	0	0	0	0	1	0	1	1	1	0	0	0	1	0	0	0	S
NMDC20584771	0	0	0	1	0	0	0	0	1	0	1	1	1	0	0	0	1	0	0	0	S
NMDC20584776	0	0	0	1	0	0	0	0	1	0	1	0	0	0	1	0	1	0	0	0	S
NMDC20584778	0	0	0	1	0	0	0	0	1	0	1	1	0	0	0	0	1	1	0	0	S
NMDC20584779	0	0	0	1	0	0	0	0	1	0	1	1	0	0	0	1	1	0	0	0	S
NMDC20584780	0	0	0	1	0	0	0	0	1	0	1	1	0	0	0	0	1	0	0	0	S
NMDC20584781	0	0	0	1	0	0	0	0	1	0	1	0	0	0	0	0	1	0	0	0	S
NMDC20584782	0	0	0	1	0	0	0	0	1	0	1	0	0	0	0	0	1	0	0	0	S
NMDC20584783	0	0	0	1	0	0	0	0	1	0	1	1	0	0	0	0	1	0	0	0	S
NMDC20584784	0	0	0	1	0	0	0	0	1	0	1	1	0	0	0	0	1	0	0	0	S
NMDC20584788	0	0	0	1	0	0	0	0	1	0	1	0	0	0	1	0	1	0	0	0	S
NMDC20584789	0	0	0	1	0	0	0	0	1	0	1	0	0	0	1	0	1	1	0	1	S
NMDC20584790	0	0	0	1	0	0	0	0	1	0	1	0	0	0	0	1	1	0	0	0	S
NMDC20584791	0	0	0	1	0	0	0	0	1	0	1	1	0	0	0	0	1	0	0	0	S
NMDC20584792	0	0	0	1	0	0	0	0	1	0	1	1	0	0	0	0	1	0	0	1	S
NMDC20584793	0	0	0	1	0	0	0	0	1	0	1	1	1	0	0	0	1	0	0	0	S
NMDC20584797	0	0	0	1	0	0	0	0	1	0	1	0	0	0	0	1	1	0	0	0	S
NMDC20584798	0	0	0	1	0	0	0	0	1	0	1	0	0	0	1	0	1	0	0	0	S
NMDC20584800	0	0	0	1	0	0	0	0	1	0	1	0	0	0	0	1	1	0	0	0	S
NMDC20584801	0	0	0	1	0	0	0	0	1	0	1	1	0	0	1	0	1	0	0	0	S
NMDC20584802	0	0	0	1	0	0	0	0	1	0	1	0	0	0	0	0	1	0	0	0	S
NMDC20584803	0	0	0	1	0	0	0	0	1	0	1	1	0	0	0	0	1	1	0	0	S
NMDC20584804	0	0	0	1	0	0	0	0	1	0	1	0	0	0	0	0	1	0	0	0	S
NMDC20584807	0	0	0	1	0	0	0	0	1	0	1	0	1	0	1	0	1	0	0	0	S
NMDC20584809	0	0	0	0	0	0	0	0	1	0	1	1	0	0	0	1	1	0	0	0	S
NMDC20584810	0	0	0	1	0	0	0	0	1	0	1	1	0	0	1	0	1	0	0	0	S
NMDC20584811	0	0	0	1	0	0	0	0	1	0	1	1	1	0	0	0	1	0	0	0	S
NMDC20584814	0	0	0	1	0	0	0	0	1	0	1	1	0	0	0	0	1	0	0	0	S
NMDC20584816	0	0	0	1	0	0	0	0	1	0	1	0	0	0	0	0	1	0	0	0	S
NMDC20584817	0	0	0	1	0	0	0	0	1	0	1	1	0	0	0	0	1	0	0	0	S
NMDC20584818	0	0	0	1	0	0	0	0	1	0	1	0	0	0	0	0	1	0	0	0	S
NMDC20584819	1	1	1	0	1	0	0	0	1	1	0	1	1	0	0	0	1	0	1	0	S
NMDC20584821	0	0	0	0	0	0	0	0	1	0	1	1	0	0	0	1	1	0	0	0	S
NMDC20584824	0	0	0	1	0	0	0	0	1	0	1	0	1	0	1	0	1	0	0	0	S
NMDC20584833	0	0	0	1	0	0	0	0	1	1	0	0	1	0	0	0	1	1	0	0	S
NMDC20584836	0	0	0	1	0	0	0	0	1	0	1	1	1	0	0	0	1	0	0	1	S
NMDC20584840	0	0	0	1	0	0	0	0	1	0	1	1	1	0	0	0	1	0	0	0	S
NMDC20584842	0	0	0	1	0	0	0	0	1	0	1	1	0	0	0	0	1	0	0	0	S
NMDC20584843	0	0	0	1	0	0	0	0	1	1	0	0	1	0	1	0	1	1	0	0	S
NMDC20584844	0	0	0	1	0	0	0	0	1	0	1	1	0	0	0	0	1	0	0	0	S
NMDC20584845	0	0	0	1	0	0	0	0	1	0	1	1	0	0	0	0	1	0	0	0	S
NMDC20584846	0	0	0	1	0	0	0	0	1	0	1	0	0	0	0	1	1	0	0	0	S
NMDC20584848	0	0	0	1	0	0	0	0	1	0	1	0	0	0	0	1	1	0	0	0	S
NMDC20584850	0	0	0	1	0	0	0	0	1	0	1	1	1	0	0	0	1	0	0	0	S
NMDC20584851	0	0	0	1	0	0	0	0	1	0	1	1	1	0	0	0	1	0	0	0	S
NMDC20584853	0	0	0	1	0	0	0	0	1	0	1	1	0	0	0	0	1	1	0	0	S
NMDC20584857	0	0	0	1	0	0	0	0	1	0	1	0	0	0	0	1	1	0	0	0	S
NMDC20584858	1	1	1	0	1	0	0	0	1	1	0	1	1	0	0	0	1	0	1	0	S
NMDC20584861	0	0	0	1	0	0	0	0	1	0	1	0	0	0	0	1	1	0	0	0	S
NMDC20584864	0	0	0	1	0	0	0	0	1	0	1	0	0	0	0	1	1	0	0	0	S
NMDC20584865	1	1	1	0	1	0	0	0	1	1	0	1	1	0	0	0	1	0	1	0	S
NMDC20584866	0	0	0	1	0	0	0	0	1	0	1	0	0	0	0	0	1	1	0	0	S
NMDC20584869	0	0	0	1	0	0	0	0	1	0	1	1	1	0	0	0	1	0	0	0	S
NMDC20584870	0	0	0	1	0	0	0	0	1	0	1	0	0	0	0	0	1	0	0	0	S
NMDC20584871	0	0	0	0	0	0	0	0	1	0	1	1	0	0	0	1	1	0	0	0	S
NMDC20584873	0	0	0	1	0	0	0	0	1	0	1	1	0	0	0	0	1	1	0	0	S
NMDC20584874	0	0	0	1	0	0	0	0	1	0	0	1	0	0	0	0	0	0	0	0	S
NMDC20584875	0	0	0	1	0	0	0	0	1	0	1	1	1	0	1	0	1	0	0	0	S
NMDC20584877	0	0	0	0	0	0	0	0	1	0	1	1	0	0	0	0	1	0	0	0	S
NMDC20584879	0	0	0	1	0	0	0	0	1	0	1	0	0	1	1	0	1	0	0	0	S
NMDC20584881	1	1	1	0	1	0	0	0	1	1	0	1	1	0	0	0	1	0	1	0	S
NMDC20584886	0	0	0	1	0	0	0	0	1	0	1	1	0	0	0	0	1	0	0	0	S
NMDC20584888	0	0	0	1	0	0	0	0	1	0	1	0	0	0	0	1	1	0	0	0	S
NMDC20584898	0	0	0	1	0	0	0	0	1	0	1	0	0	0	0	0	1	0	0	0	S
NMDC20584899	0	0	0	1	0	0	0	0	1	0	1	0	0	0	0	0	1	0	0	0	S
NMDC20585323	0	0	0	1	0	0	0	0	1	0	1	0	0	0	1	0	1	1	0	1	S
NMDC20553582	0	0	0	1	0	0	0	0	1	0	1	0	0	0	1	0	1	1	0	1	S
NMDC20555574	0	0	0	1	0	0	0	0	1	0	1	0	0	0	1	0	1	1	0	1	S
NMDC20555575	1	1	1	0	1	0	0	0	1	1	0	1	1	0	0	0	1	0	1	0	S
NMDC20555576	0	0	0	1	0	0	0	0	1	0	1	0	0	0	0	0	1	0	0	0	S
NMDC20551539	0	0	0	1	0	0	0	0	1	0	1	1	0	0	0	0	1	0	0	1	S
NMDC20585326	0	0	0	1	0	0	0	0	1	0	1	0	0	0	1	0	1	1	0	1	S
NMDC20555577	0	0	0	1	0	0	0	0	1	0	1	0	0	0	0	0	1	0	0	1	S
NMDC20551540	0	0	0	1	0	0	0	0	1	0	1	0	0	0	1	0	1	1	0	1	S
NMDC20585328	0	0	0	1	0	0	0	0	1	1	0	0	1	0	1	0	1	1	0	0	S
NMDC20555578	0	0	0	1	0	0	0	0	1	0	1	0	0	0	1	0	1	1	0	1	S
NMDC20553586	0	0	0	1	0	0	0	0	1	0	1	0	0	0	1	0	1	1	0	1	S
NMDC20551542	1	1	1	0	1	0	0	0	1	1	0	1	1	0	0	0	1	0	1	0	S
NMDC20585329	0	0	0	1	0	0	0	0	1	0	1	0	0	0	1	0	1	1	0	1	S
NMDC20555579	0	0	0	1	0	0	0	0	1	0	1	0	0	0	1	0	1	1	0	1	S
NMDC20551543	0	0	0	1	0	0	0	0	1	0	1	0	0	0	1	0	1	1	0	1	S
NMDC20585330	0	0	0	1	0	0	0	0	1	0	1	0	0	0	1	0	1	1	0	1	S
NMDC20585333	0	0	0	1	1	0	0	0	1	0	0	1	0	0	0	0	0	0	0	0	S
NMDC20585334	0	0	0	1	0	0	0	0	1	0	1	1	1	0	0	0	1	0	0	0	S
NMDC20585335	0	0	0	1	0	0	0	0	1	0	1	1	0	0	0	0	1	0	0	1	S
NMDC20585337	0	0	0	1	0	0	0	0	0	0	0	0	1	0	0	0	0	0	0	1	S
NMDC20585338	0	0	0	1	0	0	0	0	1	0	0	0	0	0	1	0	0	1	0	1	S
NMDC20585339	0	0	0	1	0	0	0	0	0	0	0	0	1	0	0	0	0	0	0	1	S
NMDC20585340	0	0	0	1	0	0	0	0	1	0	1	0	1	0	1	0	1	0	0	0	S
NMDC20585341	0	0	0	1	0	0	0	0	1	0	1	0	0	0	0	0	1	0	0	0	S
NMDC20585344	0	0	0	1	0	0	0	0	1	0	1	0	0	0	1	0	1	1	0	1	S
NMDC20551544	0	0	0	1	0	0	0	0	1	0	1	0	0	0	1	0	1	1	0	1	S
NMDC20585345	0	0	0	1	0	0	0	0	1	0	1	1	1	0	0	0	1	0	0	1	S
NMDC20551545	0	0	0	1	0	0	0	0	1	0	1	0	0	0	1	0	1	1	0	1	S
NMDC20557617	1	1	1	0	1	0	0	0	1	1	0	1	1	0	0	0	1	0	1	0	S
NMDC20553588	0	0	0	1	0	0	0	0	1	0	1	0	0	0	1	0	1	1	0	1	S
NMDC20585348	0	0	0	1	0	0	0	0	1	0	1	0	0	0	1	0	1	1	0	1	S
NMDC20553589	0	0	0	1	0	0	0	0	1	0	1	0	0	0	1	0	1	0	0	0	S
NMDC20557619	1	1	1	0	1	0	0	0	1	1	0	1	1	0	0	0	1	0	1	0	S
NMDC20551546	0	0	0	1	0	0	0	0	1	0	1	0	0	0	1	0	1	1	0	1	S
NMDC20551547	1	1	1	0	1	0	0	0	1	1	0	1	1	0	0	0	1	0	1	0	S
NMDC20555583	0	0	0	1	0	0	0	0	1	0	1	1	0	0	1	0	1	0	0	0	S
NMDC20553590	1	1	1	0	1	0	0	0	1	1	0	1	1	0	0	0	1	0	1	0	S
NMDC20555584	0	0	0	1	0	0	0	0	1	0	1	0	0	0	1	0	1	1	0	1	S
NMDC20585349	0	0	0	1	0	0	0	0	1	0	1	0	0	0	1	0	1	1	0	1	S
NMDC20585350	1	1	1	0	1	0	0	0	1	1	0	1	1	0	0	0	1	0	1	0	S
NMDC20585351	0	0	0	1	0	0	0	0	1	0	1	0	0	0	1	0	1	1	0	1	S
NMDC20585352	1	1	1	0	1	0	0	0	1	1	0	1	1	0	0	0	1	0	1	0	S
NMDC20585353	1	1	1	0	1	0	0	0	1	1	0	1	1	0	0	0	1	0	1	0	S
NMDC20585354	0	0	0	1	1	0	0	0	1	0	0	1	0	0	0	1	0	0	0	0	S
NMDC20553591	0	0	0	1	0	0	0	0	1	0	1	0	0	0	1	0	1	1	0	1	S
NMDC20553592	0	0	0	1	0	0	0	0	1	0	1	1	0	0	0	0	1	0	0	1	S
NMDC20555586	1	1	1	0	1	0	0	0	1	1	0	1	1	0	0	0	1	0	1	0	S
NMDC20551549	0	0	0	1	0	0	0	0	1	0	1	0	0	0	1	0	1	1	0	1	S
NMDC20553593	0	0	0	1	0	0	0	0	1	0	1	0	0	0	0	1	1	0	0	0	S
NMDC20585356	0	0	0	1	0	0	0	0	1	0	1	1	0	0	0	0	1	1	0	0	S
NMDC20555587	0	0	0	1	0	0	0	0	1	0	1	0	0	0	1	0	1	1	0	1	S
NMDC20553594	0	0	0	1	0	0	0	0	1	0	1	0	0	0	1	0	1	1	0	1	S
NMDC20585357	0	0	0	1	0	0	0	0	1	0	1	0	0	0	1	0	1	1	0	1	S
NMDC20557621	0	0	0	1	0	0	0	0	1	0	1	0	0	0	1	0	1	1	0	1	S
NMDC20585358	0	0	0	1	0	0	0	0	1	1	0	0	0	0	0	0	1	1	0	0	S
NMDC20555588	0	0	0	1	0	0	0	0	1	0	1	0	0	0	1	0	1	1	0	1	S
NMDC20585359	0	0	0	1	0	0	0	0	1	0	1	0	0	0	1	0	1	1	0	1	S
NMDC20555589	0	0	0	1	0	0	0	0	1	0	1	0	0	0	1	0	1	1	0	1	S
NMDC20585360	0	0	0	1	0	0	0	0	1	0	1	0	0	0	1	0	1	1	0	1	S
NMDC20553596	0	0	0	1	0	0	0	0	1	0	1	0	0	0	1	0	1	1	0	1	S
NMDC20585361	0	0	0	1	0	0	0	0	1	0	1	0	0	0	1	0	1	1	0	1	S
NMDC20551550	0	0	0	1	0	0	0	0	1	0	1	0	1	0	0	0	1	0	0	1	S
NMDC20553597	0	0	0	1	0	0	0	0	1	0	1	0	0	0	1	0	1	1	0	1	S
NMDC20555590	0	0	0	1	0	0	0	0	1	0	1	0	0	0	0	0	1	0	0	0	S
NMDC20557622	0	0	0	1	0	0	0	0	1	0	1	0	0	0	1	0	1	1	0	1	S
NMDC20585362	1	1	1	0	1	0	0	0	1	1	0	1	1	0	0	0	1	0	1	0	S
NMDC20553598	1	1	1	0	1	0	0	0	1	1	0	1	1	0	0	0	1	0	1	0	S
NMDC20585363	1	1	1	0	1	0	0	0	1	1	0	1	1	0	0	0	1	0	1	0	S
NMDC20557624	1	1	1	0	1	0	0	0	1	1	0	1	1	0	0	0	1	0	1	0	S
NMDC20585365	0	0	0	1	0	0	0	0	1	0	1	1	0	0	0	0	1	1	0	0	S
NMDC20557625	1	1	1	0	1	0	0	0	1	1	0	1	1	0	0	0	1	0	1	0	S
NMDC20551551	0	0	0	1	0	0	0	0	1	0	1	0	0	0	1	0	1	0	0	0	S
NMDC20585366	0	0	0	1	0	0	0	0	1	0	1	0	0	0	1	0	1	1	0	1	S
NMDC20555591	1	1	1	0	1	0	0	0	1	1	0	1	1	0	0	0	1	0	1	0	S
NMDC20585367	0	0	0	1	0	0	0	0	1	0	1	0	0	0	1	0	1	1	0	1	S
NMDC20557626	1	1	1	0	1	0	0	0	1	1	0	1	1	0	0	0	1	0	1	0	S
NMDC20585368	0	0	0	1	0	0	0	0	1	0	1	0	0	0	1	0	1	1	0	1	S
NMDC20555592	0	0	0	1	0	0	0	0	1	0	1	0	0	0	1	0	1	1	0	1	S
NMDC20553599	0	0	0	1	0	0	0	0	1	0	1	0	0	0	1	0	1	1	0	1	S
NMDC20555593	0	0	0	1	0	0	0	0	1	0	1	0	0	0	1	0	1	0	0	0	S
NMDC20553600	0	0	0	1	0	0	0	0	1	0	1	0	0	0	1	0	1	1	0	1	S
NMDC20555594	0	0	0	1	0	0	0	0	1	0	1	1	0	0	0	0	1	1	0	0	S
NMDC20555595	0	0	0	1	0	0	0	0	1	0	1	1	0	0	0	0	1	1	0	0	S
NMDC20551553	0	0	0	1	0	0	0	0	1	0	1	0	0	0	1	0	1	1	0	1	S
NMDC20585369	0	0	0	1	0	0	0	0	1	0	1	0	0	0	1	0	1	1	0	1	S
NMDC20551554	0	0	0	1	0	0	0	0	1	0	1	0	0	0	1	0	1	1	0	1	S
NMDC20585371	0	0	0	1	0	0	0	0	1	0	1	0	0	0	1	0	1	1	0	1	S
NMDC20585372	0	0	0	1	0	0	0	0	1	0	1	0	0	0	1	0	1	1	0	1	S
NMDC20585373	0	0	0	1	0	0	0	0	1	0	1	0	0	0	1	0	1	1	0	1	S
NMDC20555596	1	1	1	0	1	0	0	0	1	1	0	1	1	0	0	0	1	0	1	0	S
NMDC20585374	0	0	0	1	0	0	0	0	1	0	1	0	0	0	1	0	1	1	0	1	S
NMDC20585375	0	0	0	1	0	0	0	0	1	0	1	0	0	0	0	0	1	0	0	0	S
NMDC20551555	0	0	0	1	0	0	0	0	1	0	1	0	0	0	1	0	1	1	0	1	S
NMDC20585376	0	0	0	1	0	0	0	0	1	0	1	0	0	0	1	0	1	1	0	1	S
NMDC20557627	0	0	0	1	0	0	0	0	1	0	1	0	0	0	0	1	1	0	0	0	S
NMDC20585377	0	0	0	1	0	0	0	0	1	0	1	0	0	0	1	0	1	0	0	0	S
NMDC20557628	0	0	0	1	0	0	0	0	1	0	1	0	1	0	1	0	1	0	0	0	S
NMDC20555598	0	0	0	1	0	0	0	0	1	0	1	1	0	0	0	0	1	1	0	0	S
NMDC20585378	1	1	1	0	1	0	0	0	1	1	0	1	1	0	0	0	1	0	1	0	S
NMDC20585379	0	0	0	1	0	0	0	0	1	0	1	0	1	0	1	0	1	0	0	0	S
NMDC20555599	0	0	0	1	0	0	0	0	1	0	1	0	0	0	1	0	1	1	0	1	S
NMDC20585380	0	0	0	1	0	0	0	0	1	0	1	0	0	0	1	0	1	1	0	1	S
NMDC20585381	0	0	0	1	0	0	0	0	1	0	1	0	0	0	1	0	1	1	0	1	S
NMDC20585382	0	0	0	1	0	0	0	0	1	0	1	1	0	0	0	0	1	0	0	0	S
NMDC20585383	0	0	0	1	0	0	0	0	1	0	1	0	0	0	1	0	1	1	0	1	S
NMDC20555601	0	0	0	1	0	0	0	0	1	0	1	0	0	0	1	0	1	1	0	1	S
NMDC20585387	0	0	0	1	0	1	1	0	1	0	1	0	0	0	1	0	1	1	0	1	S
NMDC20557630	0	0	0	1	0	0	0	0	1	0	1	0	0	0	1	0	1	0	0	0	S
NMDC20557632	0	0	0	1	0	0	0	0	1	0	1	0	1	0	0	0	1	0	0	1	S
NMDC20553602	0	0	0	1	0	0	0	0	1	0	1	0	0	0	1	0	1	1	0	1	S
NMDC20555603	0	0	0	1	0	0	0	0	1	0	1	0	0	0	1	0	1	1	0	1	S
NMDC20585391	1	1	1	0	1	0	0	0	1	1	0	1	1	0	0	0	1	0	1	0	S
NMDC20557633	0	0	0	1	0	0	0	0	1	0	1	1	0	0	0	0	1	1	0	0	S
NMDC20585393	1	1	1	0	1	0	0	0	1	1	0	1	1	0	0	0	1	0	1	0	S
NMDC20585394	0	0	0	1	0	0	0	0	1	0	1	0	1	0	1	0	1	0	0	0	S
NMDC20585395	0	0	0	1	0	0	0	0	1	0	1	0	0	0	1	0	1	1	0	1	S
NMDC20555604	0	0	0	1	0	0	0	0	1	0	1	0	0	0	1	0	1	1	0	1	S
NMDC20553603	1	1	1	0	1	0	0	0	1	1	0	1	1	0	0	0	1	0	1	0	S
NMDC20585396	0	0	0	1	0	0	0	0	1	0	1	0	0	0	1	0	1	0	0	0	S
NMDC20557634	0	0	0	1	0	0	0	0	1	0	1	0	0	0	1	0	1	1	0	1	S
NMDC20553604	1	1	1	0	1	0	0	0	1	1	0	1	1	0	0	0	1	0	1	0	S
NMDC20585397	1	1	1	0	1	0	0	0	1	1	0	1	1	0	0	0	1	0	1	0	S
NMDC20585398	1	1	1	0	1	0	0	0	1	1	0	1	1	0	0	0	1	0	1	0	S
NMDC20557635	0	0	0	1	0	0	0	0	1	0	1	0	1	0	0	0	1	0	0	1	S
NMDC20553605	0	0	0	1	0	0	0	0	1	0	1	0	0	0	1	0	1	1	0	1	S
NMDC20551556	0	0	0	1	0	0	0	0	1	0	1	0	0	0	1	0	1	1	0	1	S
NMDC20557636	0	0	0	1	0	0	0	0	1	0	1	0	0	0	1	0	1	1	0	1	S
NMDC20553608	0	0	0	1	0	0	0	0	1	0	1	0	0	0	1	0	1	1	0	1	S
NMDC20557637	0	0	0	1	0	0	0	0	1	0	1	1	0	0	0	0	1	1	0	0	S
NMDC20551557	0	0	0	1	0	0	0	0	1	0	1	0	0	0	1	0	1	1	0	1	S
NMDC20555605	0	0	0	1	0	0	0	0	1	0	1	0	1	0	1	0	1	1	0	1	S
NMDC20585400	0	0	0	1	0	0	0	0	1	0	1	0	0	0	1	0	1	1	0	1	S
NMDC20551558	0	0	0	1	0	0	1	0	1	0	1	0	0	0	1	1	1	1	0	1	S
NMDC20555606	0	0	0	1	0	0	0	0	1	0	1	0	1	0	1	0	1	0	0	0	S
NMDC20553609	0	0	0	1	0	0	0	0	1	0	1	0	0	0	1	0	1	1	0	1	S
NMDC20555607	0	0	0	1	0	0	0	0	1	0	1	0	0	0	1	0	1	1	0	1	S
NMDC20585404	0	0	0	1	0	0	0	0	1	0	1	0	0	0	1	1	1	1	0	1	S
NMDC20585405	0	0	0	1	0	0	0	0	1	0	1	0	0	0	1	0	1	1	0	1	S
NMDC20551559	0	0	0	1	0	0	0	0	1	0	1	0	0	0	1	0	1	1	0	1	S
NMDC20585406	0	0	0	1	0	0	0	0	1	0	1	0	1	0	1	0	1	0	0	0	S
NMDC20551560	0	0	0	1	0	0	0	0	1	0	1	0	0	0	1	0	1	1	0	1	S
NMDC20585407	0	0	0	1	0	0	0	0	1	0	1	0	0	0	1	0	1	1	0	1	S
NMDC20553610	0	0	0	1	0	0	0	0	1	0	1	0	0	0	1	0	1	1	0	1	S
NMDC20551562	0	0	0	1	0	0	0	0	1	0	1	0	0	0	1	0	1	1	0	1	S
NMDC20585408	0	0	0	1	0	0	0	0	1	0	1	0	1	0	0	1	1	0	0	1	S
NMDC20585409	0	0	0	1	0	0	0	0	1	0	1	0	1	0	0	0	1	0	0	0	S
NMDC20551563	0	0	0	1	0	0	0	0	1	0	1	1	0	0	0	1	1	0	0	0	S
NMDC20585410	0	0	0	1	0	0	0	0	1	0	1	0	0	0	1	0	1	0	0	0	S
NMDC20585411	0	0	0	1	0	0	0	0	1	0	1	1	0	0	0	1	1	0	0	0	S
NMDC20555608	0	0	0	1	0	0	0	0	1	0	1	0	0	0	1	0	1	0	0	0	S
NMDC20585412	0	0	0	1	0	0	0	0	1	0	1	0	0	0	1	0	1	1	0	1	S
NMDC20553611	0	0	0	1	0	0	0	0	1	0	0	1	0	0	0	0	1	0	0	1	S
NMDC20553612	0	0	0	1	0	0	0	0	1	0	1	0	0	0	1	0	1	1	0	1	S
NMDC20557639	0	0	0	1	0	0	0	0	1	0	1	0	0	0	1	0	1	1	0	1	S
NMDC20585415	0	0	0	1	0	0	0	0	1	0	1	0	0	0	1	0	1	1	0	1	S
NMDC20585416	0	0	0	1	0	0	0	0	1	0	1	0	0	0	1	0	1	1	0	1	S
NMDC20585417	0	0	0	1	0	0	0	0	1	0	1	0	1	0	1	0	1	0	0	0	S
NMDC20555609	0	0	0	1	0	0	0	0	1	0	1	0	0	0	1	0	1	1	0	1	S
NMDC20585418	0	0	0	1	0	0	0	0	1	0	1	0	0	0	1	0	1	1	0	1	S
NMDC20585419	0	0	0	1	0	0	0	0	1	0	1	0	0	0	1	0	1	1	0	1	S
NMDC20585420	0	0	0	1	0	0	0	0	1	0	1	0	0	0	1	0	1	1	0	1	S
NMDC20553614	0	0	0	1	0	0	0	0	1	0	1	0	0	0	1	0	1	1	0	1	S
NMDC20557640	0	0	0	1	0	0	0	0	1	0	1	0	0	0	1	0	1	1	0	1	S
NMDC20553615	0	0	0	1	0	0	0	0	1	0	1	0	0	0	1	0	1	1	0	1	S
NMDC20555610	0	0	0	1	0	0	0	0	1	0	1	0	0	0	1	0	1	1	0	1	S
NMDC20585423	0	0	0	1	0	0	0	0	1	0	1	0	0	0	1	0	1	1	0	1	S
NMDC20585424	0	0	0	1	0	0	0	0	1	0	0	0	0	0	1	0	0	1	0	1	S
NMDC20585425	0	0	0	1	0	0	0	0	1	0	1	0	0	0	1	0	1	1	0	0	S
NMDC20557641	0	0	0	1	0	0	0	0	1	0	1	0	0	0	0	0	1	0	0	0	S
NMDC20555611	0	0	0	1	0	0	0	0	1	0	1	0	0	0	1	0	1	1	0	1	S
NMDC20553616	0	0	0	1	0	0	0	0	1	0	1	0	0	0	0	0	1	0	0	0	S
NMDC20557643	0	0	0	1	0	0	0	0	1	0	1	1	0	0	0	0	1	0	0	0	S
NMDC20551564	0	0	0	0	0	0	0	0	1	0	1	1	0	0	0	1	1	0	0	0	S
NMDC20557644	0	0	0	1	0	0	0	0	1	0	1	0	1	0	1	0	1	0	0	0	S
NMDC20585426	0	0	0	1	0	0	0	0	1	0	1	0	0	0	1	0	1	1	0	1	S
NMDC20557645	0	0	0	1	0	0	0	0	1	0	1	0	0	0	1	0	1	1	0	1	S
NMDC20553617	1	1	1	0	1	0	0	0	1	1	0	1	1	0	0	0	1	0	1	0	S
NMDC20551565	0	0	0	1	0	0	0	0	1	0	1	0	0	0	0	0	1	0	0	0	S
NMDC20585428	0	0	0	1	0	0	0	0	1	0	1	0	0	0	1	0	1	1	0	1	S
NMDC20555612	0	0	0	1	0	0	0	0	1	0	1	0	0	0	1	0	1	1	0	1	S
NMDC20585429	1	1	1	0	1	0	0	0	1	1	0	1	1	0	0	0	1	0	1	0	S
NMDC20585430	0	0	0	1	0	0	0	0	1	0	1	0	0	0	1	0	1	1	0	1	S
NMDC20551566	0	0	0	1	0	0	0	0	1	0	1	0	0	0	1	0	1	1	0	1	S
NMDC20553618	0	0	0	1	0	0	0	0	1	0	1	1	1	0	0	0	1	0	0	1	S
NMDC20551567	0	0	0	1	0	0	0	0	1	0	1	0	0	0	1	0	1	1	0	0	S
NMDC20585433	0	0	0	1	0	0	0	0	1	0	1	0	0	0	1	0	1	0	0	0	S
NMDC20585435	0	0	0	1	0	0	0	0	1	0	1	0	0	0	1	0	1	1	0	1	S
NMDC20551568	0	0	0	1	0	0	0	0	1	0	1	0	1	0	1	0	1	0	0	0	S
NMDC20557646	0	0	0	1	0	0	0	0	1	0	1	0	0	0	1	0	1	1	0	1	S
NMDC20557647	0	0	0	1	0	0	0	0	1	0	1	1	0	0	0	0	1	0	0	1	S
NMDC20553621	0	0	0	1	0	0	0	0	1	0	1	0	0	0	1	0	1	1	0	1	S
NMDC20557648	0	0	0	1	0	0	0	0	1	0	1	0	0	0	1	0	1	1	0	1	S
NMDC20553622	0	0	0	1	0	0	0	0	1	0	1	0	0	0	1	0	1	1	0	1	S
NMDC20551569	0	0	0	1	0	0	0	0	1	0	1	0	0	0	1	0	1	1	0	1	S
NMDC20585436	0	0	0	1	0	0	0	0	1	0	1	0	0	0	1	0	1	1	0	1	S
NMDC20585437	0	0	0	1	0	0	0	0	1	0	1	0	0	0	0	0	1	0	0	0	S
NMDC20585438	0	0	0	1	0	0	0	0	1	0	1	0	0	0	1	0	1	1	0	1	S
NMDC20557649	0	0	0	1	0	0	0	0	1	0	1	0	1	0	1	0	1	0	0	0	S
NMDC20585440	0	0	0	1	0	0	0	0	1	0	1	0	0	0	1	0	1	1	0	1	S
NMDC20551570	0	0	0	1	0	0	0	0	1	0	1	0	0	0	1	0	1	1	0	1	S
NMDC20585441	0	0	0	1	0	0	0	0	1	0	1	0	0	0	0	1	1	0	0	0	S
NMDC20551571	0	0	0	1	0	0	0	0	1	0	1	0	0	0	1	0	1	0	0	0	S
NMDC20585442	0	0	0	1	0	0	0	0	1	0	1	0	1	0	1	0	1	0	0	0	S
NMDC20553623	0	0	0	1	0	0	0	0	1	0	1	1	0	0	0	0	1	0	0	0	S
NMDC20585443	0	0	0	1	0	0	0	0	1	0	1	0	0	0	1	0	1	1	0	1	S
NMDC20555613	0	0	0	1	0	0	0	0	1	0	1	0	0	0	1	0	1	1	0	1	S
NMDC20557650	0	0	0	1	0	0	0	0	1	0	1	1	1	0	0	0	1	0	0	1	S
NMDC20555614	0	0	0	1	0	0	0	0	1	0	1	0	0	0	1	0	1	0	0	0	S
NMDC20551572	0	0	0	1	0	0	0	0	1	0	1	0	0	0	1	0	1	1	0	1	S
NMDC20585444	0	0	0	1	0	0	0	0	1	0	1	0	0	0	1	0	1	1	0	1	S
NMDC20557652	0	0	0	1	0	0	0	0	1	0	1	0	0	0	1	0	1	1	0	1	S
NMDC20551573	0	0	0	1	0	0	0	0	1	0	1	0	0	0	1	0	1	0	0	0	S
NMDC20585445	0	0	0	1	0	0	0	0	1	0	1	0	0	0	1	0	1	1	0	1	S
NMDC20553625	0	0	0	1	0	0	0	0	1	0	1	1	0	0	0	0	1	0	0	1	S
NMDC20585447	0	0	0	1	0	0	0	0	1	0	1	0	0	0	1	0	1	1	0	1	S
NMDC20585448	0	0	0	1	0	0	0	0	1	0	1	1	0	0	0	0	1	1	0	0	S
NMDC20551574	0	0	0	1	0	0	0	0	1	0	1	1	0	0	0	0	1	0	0	1	S
NMDC20585450	0	0	0	1	0	0	0	0	1	0	1	0	0	0	0	0	1	0	0	0	S
NMDC20551576	0	0	0	1	0	0	0	0	1	0	1	0	0	0	1	0	1	1	0	1	S
NMDC20553626	1	1	1	0	1	0	0	0	1	1	0	1	1	0	0	0	1	0	1	0	S
NMDC20555617	0	0	0	1	0	0	0	0	1	0	1	0	0	0	1	0	1	1	0	1	S
NMDC20557654	0	0	0	1	0	0	0	0	1	0	1	0	0	0	1	0	1	1	0	1	S
NMDC20585451	0	0	0	1	0	0	0	0	1	0	1	0	0	0	1	0	1	1	0	1	S
NMDC20555618	0	0	0	1	0	0	0	0	1	0	1	0	0	0	1	1	1	1	0	1	S
NMDC20555620	1	1	1	0	1	0	0	0	1	1	0	1	1	0	0	0	1	0	1	0	S
NMDC20551577	0	0	0	1	0	0	0	0	1	0	1	0	1	0	1	0	1	0	0	0	S
NMDC20585453	0	0	0	1	0	0	0	0	1	0	1	0	1	0	1	0	1	0	0	0	S
NMDC20553627	0	0	0	1	0	0	0	0	1	0	1	0	0	0	1	0	1	1	0	1	S
NMDC20557655	0	0	0	1	0	0	0	0	1	0	1	0	0	0	1	0	1	1	0	1	S
NMDC20585454	1	1	1	0	1	0	0	0	1	1	0	1	1	0	0	0	1	0	1	0	S
NMDC20553628	0	0	0	1	0	0	0	0	1	0	1	0	0	0	0	1	1	0	0	0	S
NMDC20585455	0	0	0	1	0	0	0	0	1	0	1	1	0	0	0	0	1	0	0	0	S
NMDC20551579	0	0	0	1	0	0	0	0	1	0	0	1	0	0	0	0	1	0	0	1	S
NMDC20553629	0	0	0	1	0	0	0	0	1	0	1	0	0	0	1	0	1	1	0	1	S
NMDC20585456	0	0	0	1	0	0	1	0	1	0	1	0	0	0	1	1	1	1	0	1	S
NMDC20553630	0	0	0	1	0	0	0	0	1	0	1	1	0	0	0	1	1	0	0	0	S
NMDC20553631	0	0	0	1	0	0	1	0	1	0	1	0	0	0	1	1	1	1	0	1	S
NMDC20557656	1	1	1	0	1	0	0	0	1	1	0	1	1	0	0	0	1	0	1	0	S
NMDC20553633	0	0	0	1	0	0	0	0	1	0	0	1	0	0	0	0	0	0	0	0	S
NMDC20551581	0	0	0	1	0	0	0	0	1	0	1	0	1	0	1	0	1	1	0	1	S
NMDC20585457	0	0	0	1	0	0	0	0	1	0	1	0	0	0	1	0	1	1	0	1	S
NMDC20555623	0	0	0	1	0	0	0	0	1	0	1	0	0	0	1	0	1	1	0	1	S
NMDC20553634	0	0	0	1	0	0	0	0	1	0	1	0	0	0	1	0	1	1	0	1	S
NMDC20555624	0	0	0	1	0	0	0	0	1	0	1	1	0	0	0	0	1	0	0	0	S
NMDC20585458	0	0	0	1	0	0	0	0	1	0	1	0	0	0	0	1	1	0	0	0	S
NMDC20585459	0	0	0	1	0	0	0	0	1	0	1	0	0	0	1	1	1	0	0	0	S
NMDC20585460	0	0	0	1	0	0	0	0	1	0	1	0	0	0	1	0	1	1	0	1	S
NMDC20551582	0	0	0	1	0	0	0	0	1	0	1	0	0	0	0	0	1	0	0	0	S
NMDC20551583	0	0	0	1	0	0	0	0	1	0	1	0	0	0	1	0	1	1	0	1	S
NMDC20585462	0	0	0	1	0	0	0	0	1	0	1	0	0	0	1	0	1	1	0	1	S
NMDC20557657	0	0	0	1	0	0	0	0	1	0	1	0	0	0	1	0	1	1	0	1	S
NMDC20553635	0	0	0	1	0	0	0	0	1	0	1	0	0	0	1	0	1	1	0	1	S
NMDC20553636	0	0	0	1	0	0	0	0	1	0	1	0	1	0	1	0	1	0	0	0	S
NMDC20585463	0	0	0	1	0	0	0	0	1	0	1	1	0	0	0	0	1	1	0	0	S
NMDC20551585	0	0	0	1	0	0	0	0	1	1	0	0	0	0	1	0	1	0	0	0	S
NMDC20585464	0	0	0	1	0	0	0	0	1	0	1	0	1	0	1	0	1	0	0	0	S
NMDC20551586	0	0	0	1	0	0	0	0	1	0	1	0	0	0	1	0	1	0	0	0	S
NMDC20551587	0	0	0	1	0	0	0	0	1	0	1	0	0	0	1	0	1	1	0	1	S
NMDC20553638	0	0	0	1	0	0	0	0	1	0	1	0	0	0	0	0	1	1	0	0	S
NMDC20585465	0	0	0	1	0	0	1	0	1	0	1	0	0	0	1	1	1	1	0	1	S
NMDC20585466	0	0	0	1	0	0	0	0	1	0	1	0	0	0	1	0	1	1	0	1	S
NMDC20557658	0	0	0	1	0	0	0	0	1	0	1	1	0	0	0	0	1	1	0	0	S
NMDC20585467	0	0	0	1	0	0	0	0	1	0	1	1	0	0	0	0	1	0	0	0	S
NMDC20555626	0	0	0	1	0	0	0	0	1	0	1	0	0	0	1	0	1	1	0	1	S
NMDC20585468	0	0	0	1	0	0	0	0	1	0	1	0	0	0	1	0	1	0	0	0	S
NMDC20551589	0	0	0	1	0	0	0	0	1	0	1	0	0	0	1	0	1	1	0	1	S
NMDC20551590	0	0	0	1	0	0	0	0	1	0	1	0	0	0	1	0	1	1	0	1	S
NMDC20585469	0	0	0	1	0	0	0	0	1	0	1	0	0	0	1	0	1	1	0	1	S
NMDC20551591	0	0	0	1	0	0	0	0	1	0	1	0	0	0	1	0	1	1	0	1	S
NMDC20585470	0	0	0	1	0	0	0	0	1	0	1	0	0	0	1	0	1	1	0	1	S
NMDC20585471	0	0	0	1	0	0	0	0	1	0	1	0	0	0	1	0	1	0	0	0	S
NMDC20585472	0	0	0	1	0	0	0	0	1	0	1	1	0	0	0	0	1	0	0	0	S
NMDC20555628	0	0	0	1	0	0	0	0	1	0	1	0	0	0	1	0	1	0	0	0	S
NMDC20553640	0	0	0	1	0	0	0	0	1	0	1	0	0	0	1	0	1	1	0	1	S
NMDC20585473	0	0	0	1	0	0	0	0	1	0	1	1	0	0	0	0	1	0	0	1	S
NMDC20553641	0	0	0	1	0	0	0	0	1	0	1	0	1	0	1	0	1	0	0	0	S
NMDC20557659	0	0	0	1	0	0	0	0	1	0	1	0	0	0	0	1	1	0	0	0	S
NMDC20553642	0	0	0	1	0	0	0	0	1	0	1	0	0	0	1	0	1	1	0	1	S
NMDC20585476	0	0	0	1	0	0	0	0	1	0	1	0	0	0	1	0	1	0	0	0	S
NMDC20557660	0	0	0	1	0	0	0	0	1	0	1	0	0	0	1	0	1	0	0	0	S
NMDC20585478	0	0	0	1	0	0	0	0	1	0	1	0	0	0	1	0	1	1	0	1	S
NMDC20555629	0	0	0	1	0	0	0	0	1	0	1	1	1	0	0	1	1	0	0	0	S
NMDC20585479	0	0	0	1	0	0	0	0	1	0	1	0	0	0	1	0	1	1	0	1	S
NMDC20551594	0	0	0	1	0	0	0	0	1	0	1	0	0	0	1	0	1	1	0	1	S
NMDC20553643	0	0	0	1	0	0	0	0	1	0	1	0	0	0	1	0	1	1	0	1	S
NMDC20555630	0	0	0	1	0	0	0	0	1	1	0	0	0	0	1	0	1	0	0	0	S
NMDC20557661	0	0	0	1	0	0	0	0	1	0	1	0	0	0	1	0	1	1	0	1	S
NMDC20555633	0	0	0	1	0	0	0	0	1	0	1	0	0	0	1	0	1	1	0	1	S
NMDC20551595	0	0	0	1	0	0	0	0	1	0	0	1	0	0	0	0	1	0	0	1	S
NMDC20585482	0	0	0	1	0	0	0	0	1	0	1	0	0	0	1	0	1	0	0	0	S
NMDC20555636	0	0	0	1	0	0	0	0	1	0	1	0	0	0	1	0	1	0	0	0	S
NMDC20551596	0	0	0	1	0	0	0	0	1	0	1	0	0	0	1	0	1	1	0	1	S
NMDC20585484	0	0	0	1	0	0	0	0	1	0	1	0	1	0	1	0	1	0	0	0	S
NMDC20585485	0	0	0	1	0	0	0	0	1	0	1	0	1	0	1	0	1	0	0	0	S
NMDC20585486	0	0	0	1	0	0	0	0	1	0	1	0	1	0	1	0	1	0	0	0	S
NMDC20585487	0	0	0	1	0	0	0	0	1	0	1	1	0	0	0	0	1	0	0	1	S
NMDC20585488	0	0	0	1	0	0	0	0	1	0	1	0	1	0	0	0	1	0	0	1	S
NMDC20585489	0	0	0	1	0	0	0	0	1	0	1	0	1	0	1	0	1	0	0	0	S
NMDC20585490	0	0	0	1	0	0	0	0	1	0	1	1	0	0	0	0	1	0	0	0	S
NMDC20585491	0	0	0	1	0	0	1	0	1	0	1	0	0	0	1	0	1	1	0	1	S
NMDC20585492	0	0	0	1	0	0	0	0	1	0	1	0	0	0	1	0	1	1	0	1	S
NMDC20585493	1	1	1	0	1	0	0	0	1	1	0	1	1	0	0	0	1	0	1	0	S
NMDC20585494	0	0	0	1	0	0	0	0	1	0	1	0	0	0	0	0	1	0	0	0	S
NMDC20585495	0	0	0	1	0	0	0	0	1	0	1	0	1	0	1	0	1	0	0	0	S
NMDC20585496	0	0	0	1	0	0	0	0	1	0	1	0	1	0	0	0	1	0	0	1	S
NMDC20585497	0	0	0	1	0	0	0	0	1	0	1	0	0	0	0	0	1	0	0	0	S
NMDC20585498	0	0	0	1	0	0	0	0	1	0	1	0	0	0	1	0	1	1	0	1	S
NMDC20585499	0	0	0	1	0	0	0	0	1	0	1	0	1	0	1	0	1	0	0	0	S
NMDC20585500	0	0	0	1	0	0	0	0	1	0	1	1	0	0	0	0	1	0	0	0	S
NMDC20585501	0	0	0	1	0	0	0	0	1	0	1	1	0	0	0	0	1	0	0	1	S
NMDC20585502	0	0	0	1	0	0	0	0	1	0	1	0	1	0	1	0	1	0	0	0	S
NMDC20585503	0	0	0	1	0	0	0	0	1	0	0	0	1	0	0	0	0	0	0	1	S
NMDC20585504	0	0	0	1	0	0	0	0	1	0	1	0	0	0	1	0	1	1	1	0	S
NMDC20585505	0	0	0	1	0	0	0	0	1	0	1	0	1	0	1	0	1	0	0	0	S
NMDC20585506	0	0	0	1	0	0	0	0	1	0	1	0	0	0	1	0	1	1	0	1	S
NMDC20585507	0	0	0	1	0	0	0	0	1	0	1	0	1	0	1	0	1	0	0	0	S
NMDC20585508	0	0	0	1	0	0	0	0	1	0	1	0	0	0	0	1	1	0	0	0	S
NMDC20585511	0	0	0	1	0	0	0	0	1	0	1	0	1	0	1	0	1	0	0	0	S
NMDC20585512	0	0	0	1	0	0	0	0	1	0	1	1	0	0	0	0	1	0	0	1	S
NMDC20585513	0	0	0	1	0	0	0	0	1	0	1	1	0	0	0	0	1	0	0	1	S
NMDC20585514	0	0	0	1	0	0	0	0	1	0	1	0	1	0	1	0	1	0	0	0	S
NMDC20585517	0	0	0	1	0	0	0	0	1	0	1	0	0	0	1	0	1	1	0	1	S
NMDC20585519	0	0	0	1	0	0	0	0	1	0	1	0	1	0	0	0	1	0	0	1	S
NMDC20585520	0	0	0	1	0	0	0	0	1	0	1	1	0	0	0	0	1	0	0	1	S
NMDC20585521	0	0	0	1	0	0	0	0	1	0	1	1	0	0	0	0	1	0	0	1	S
NMDC20585522	0	0	0	1	0	0	0	0	1	0	1	0	0	0	1	0	1	1	0	1	S
NMDC20585523	0	0	0	1	0	0	0	0	1	0	1	0	1	0	1	0	1	0	0	0	S
NMDC20585524	0	0	0	1	0	0	0	0	1	0	1	1	0	0	0	0	1	0	0	1	S
NMDC20585525	0	0	0	1	0	0	0	0	1	0	1	0	1	0	1	0	1	0	0	0	S
NMDC20585526	0	0	0	1	0	0	0	0	1	0	1	0	1	0	0	0	1	0	0	1	S
NMDC20585528	0	0	0	1	0	0	0	0	1	0	1	0	0	0	1	0	1	1	0	1	S
NMDC20585530	0	0	0	1	0	0	0	0	1	0	1	0	0	0	1	0	1	1	1	0	S
NMDC20585531	0	0	0	1	0	0	0	0	1	0	1	0	1	0	1	0	1	0	0	0	S
NMDC20585533	0	0	0	1	0	0	0	0	1	0	1	0	1	0	1	0	1	0	0	0	S
NMDC20585534	0	0	0	1	0	0	0	0	1	0	1	1	0	0	0	0	1	0	0	1	S
NMDC20585535	0	0	0	1	0	0	0	0	1	0	1	0	0	0	1	0	1	1	1	0	S
NMDC20585536	0	0	0	1	0	0	0	0	1	0	1	1	0	0	0	0	1	0	0	1	S
NMDC20585537	0	0	0	1	0	0	0	0	1	0	1	1	0	0	0	0	1	0	0	1	S
NMDC20585538	0	0	0	1	0	0	0	0	1	0	1	1	0	0	0	0	1	1	0	0	S
NMDC20585540	0	0	0	1	0	0	0	0	1	0	1	0	0	0	0	0	1	0	0	0	S
NMDC20585541	0	0	0	1	0	0	0	0	1	0	1	0	1	0	1	0	1	0	0	0	S
NMDC20585542	0	0	0	1	0	0	0	0	1	0	1	1	0	0	0	0	1	0	0	1	S
NMDC20585544	0	0	0	1	0	0	0	0	1	0	1	0	1	0	0	0	1	0	0	1	S
NMDC20585545	0	0	0	1	0	0	0	0	1	0	1	0	1	0	0	0	1	0	0	1	S
NMDC20585546	0	0	0	1	0	0	0	0	1	0	0	0	1	0	0	0	0	0	0	1	S
NMDC20585547	0	0	0	1	0	0	0	0	1	0	1	0	1	0	1	0	1	0	0	0	S
NMDC20585548	0	0	0	1	0	0	0	0	1	0	1	0	0	0	1	0	1	1	0	1	S
NMDC20585549	0	0	0	1	0	0	0	0	1	0	1	0	0	0	0	1	1	0	0	0	S
NMDC20585550	0	0	0	1	0	0	0	0	1	0	1	1	0	0	0	0	1	0	0	1	S
NMDC20585551	0	0	0	1	0	0	0	0	1	0	1	0	1	0	1	0	1	0	0	0	S
NMDC20585555	0	0	0	1	0	0	0	0	1	0	1	0	1	0	1	0	1	0	0	0	S
NMDC20585556	0	0	0	1	0	0	0	0	1	0	1	1	0	0	0	0	1	0	0	1	S
NMDC20585557	0	0	0	1	0	0	0	0	1	0	1	0	1	0	0	0	1	0	0	1	S
NMDC20585558	0	0	0	1	0	0	0	0	1	0	1	0	1	0	1	0	1	0	0	0	S
NMDC20585559	0	0	0	1	0	0	0	0	1	0	1	0	0	0	1	0	1	1	0	1	S
NMDC20585560	0	0	0	1	0	0	0	0	1	0	1	0	0	0	1	0	1	1	0	1	S
NMDC20585561	0	0	0	1	0	0	0	0	1	0	1	1	0	0	0	0	1	0	0	0	S
NMDC20585562	0	0	0	1	0	0	0	0	1	0	1	0	0	0	1	0	1	1	0	1	S
NMDC20585563	0	0	0	1	0	0	0	0	1	0	1	0	0	0	1	0	1	1	0	1	S
NMDC20585564	0	0	0	1	0	0	0	0	1	0	1	0	0	0	1	0	1	1	0	1	S
NMDC20585565	0	0	0	1	0	0	0	0	1	0	1	0	0	0	1	0	1	1	0	1	S
NMDC20585566	0	0	0	1	0	0	0	0	1	0	1	1	0	0	0	0	1	0	0	1	S
NMDC20585567	0	0	0	1	0	0	0	0	1	0	1	0	0	0	1	0	1	1	0	1	S
NMDC20585568	0	0	0	1	0	0	0	0	1	0	1	0	0	0	1	1	1	0	0	1	S
NMDC20585569	0	0	0	1	0	0	0	0	1	0	1	1	0	0	0	0	1	0	0	1	S
NMDC20553645	0	0	0	1	0	0	1	0	1	0	1	0	0	0	1	1	1	1	0	1	S
NMDC20551597	0	0	0	1	0	0	1	0	1	0	1	0	0	0	1	1	1	1	0	1	S
NMDC20555639	1	1	1	0	1	0	0	0	1	1	0	1	1	0	0	0	1	0	1	0	S
NMDC20585579	0	0	0	1	0	0	0	0	1	0	1	0	1	0	1	0	1	0	0	0	S
NMDC20585580	0	0	0	1	0	0	0	0	1	0	1	0	0	0	1	0	1	1	0	1	S
NMDC20555640	1	1	1	0	1	0	0	0	1	1	0	1	1	0	0	0	1	0	1	0	S
NMDC20551601	0	0	0	1	0	0	0	0	1	0	1	0	0	0	1	0	1	1	0	1	S
NMDC20553649	0	0	0	1	0	0	0	0	1	0	1	0	0	0	1	0	1	1	0	0	S
NMDC20553650	0	0	0	1	0	0	0	0	1	0	1	0	0	0	0	0	1	0	0	0	S
NMDC20551602	0	0	0	1	0	0	0	0	1	0	1	0	1	0	1	0	1	0	0	0	S
NMDC20585581	0	0	0	1	0	0	0	0	1	0	1	0	0	0	0	0	1	0	0	0	S
NMDC20555641	0	0	0	1	0	0	0	0	1	0	1	0	0	0	1	0	1	1	0	1	S
NMDC20555643	1	1	1	0	1	0	0	0	1	1	0	1	1	0	0	0	1	0	1	0	S
NMDC20585585	1	1	1	0	1	0	0	0	1	1	0	1	1	0	0	0	1	0	1	0	S
NMDC20551603	0	0	0	1	0	0	0	0	1	0	1	0	0	0	1	0	1	1	0	1	S
NMDC20585586	0	0	0	1	0	0	0	0	1	0	1	0	0	0	0	0	1	0	0	0	S
NMDC20557667	0	0	0	1	0	0	0	0	1	0	1	0	0	0	1	0	1	1	0	1	S
NMDC20557668	0	0	0	1	0	0	0	0	1	0	1	1	0	0	0	0	1	0	0	1	S
NMDC20551604	0	0	0	1	0	0	0	0	1	0	0	0	0	0	1	0	0	0	0	0	S
NMDC20585587	0	0	0	1	0	0	0	0	1	0	1	0	0	0	1	0	1	1	0	1	S
NMDC20585588	0	0	0	1	0	0	0	0	1	0	1	0	1	0	1	0	1	0	0	0	S
NMDC20585589	0	0	0	1	0	0	0	0	1	0	1	0	1	0	1	0	1	0	0	0	S
NMDC20585591	0	0	0	1	0	0	0	0	1	0	1	1	0	0	0	0	1	0	0	1	S
NMDC20585592	0	0	0	1	0	0	0	0	1	1	0	0	0	0	1	0	1	0	0	0	S
NMDC20585593	0	0	0	1	0	0	0	0	1	0	1	0	0	0	1	0	1	1	0	1	S
NMDC20585594	0	0	0	1	0	0	0	0	1	0	1	0	0	0	1	0	1	1	0	0	S
NMDC20585596	0	0	0	1	0	0	1	0	1	0	1	0	0	0	1	1	1	1	0	1	S
NMDC20585597	0	0	0	1	0	0	0	0	1	0	1	0	0	0	1	0	1	1	0	1	S
NMDC20585598	0	0	0	1	0	0	0	0	1	0	1	0	0	0	1	0	1	1	0	0	S
NMDC20585599	0	0	0	1	0	0	1	0	1	0	1	0	0	0	1	0	1	1	0	1	S
NMDC20585600	0	0	1	1	0	0	0	0	1	0	1	0	0	0	1	0	1	0	0	0	S
NMDC20585601	0	0	0	1	0	0	0	0	1	0	1	0	0	0	1	0	1	1	1	0	S
NMDC20585602	0	0	0	1	0	0	0	0	1	0	1	0	1	0	1	0	1	0	0	0	S
NMDC20557669	0	0	0	1	0	0	0	0	0	0	0	0	1	0	0	0	0	0	0	1	S
NMDC20557670	0	0	0	1	0	0	0	0	1	0	1	0	0	0	1	0	1	1	0	1	S
NMDC20557671	0	0	0	1	0	0	0	0	1	0	1	0	0	0	1	0	1	1	0	1	S
NMDC20557672	0	0	0	1	0	0	0	0	1	0	1	0	0	0	1	0	1	1	0	1	S
NMDC20585606	0	0	0	1	0	0	0	0	1	0	1	0	0	0	1	0	1	1	0	1	S
NMDC20555646	0	0	0	1	0	0	0	0	1	0	1	0	0	0	1	0	1	1	0	1	S
NMDC20557673	0	0	0	1	0	0	0	0	1	0	1	0	0	0	1	0	1	1	0	1	S
NMDC20551606	0	0	0	1	0	0	0	0	1	0	1	0	0	0	1	0	1	1	0	1	S
NMDC20585607	0	0	0	1	0	0	0	0	1	0	1	0	0	0	1	0	1	1	0	1	S
NMDC20557674	0	0	0	1	0	0	0	0	1	0	1	0	0	0	1	0	1	1	0	1	S
NMDC20585608	0	0	0	1	0	0	0	0	1	0	1	0	0	0	1	0	1	1	0	1	S
NMDC20585609	0	0	0	1	0	0	0	0	1	0	1	0	0	0	1	0	1	1	0	1	S
NMDC20585610	0	0	0	1	0	0	0	0	1	0	1	0	0	0	1	0	1	1	0	1	S
NMDC20585612	0	0	0	1	0	0	0	0	1	0	1	0	0	0	0	0	1	0	0	0	S
NMDC20553653	0	0	0	1	0	0	0	0	1	0	1	0	1	0	1	0	1	0	0	0	S
NMDC20555648	0	0	0	1	0	0	0	0	1	0	1	0	0	0	1	0	1	1	0	1	S
NMDC20585613	0	0	0	1	0	0	0	0	1	0	1	0	0	0	1	0	1	1	0	1	S
NMDC20551608	0	0	0	1	0	0	0	0	1	0	1	0	0	0	0	0	1	0	0	0	S
NMDC20557676	0	0	0	1	0	0	0	0	1	0	1	0	0	0	0	0	1	0	0	0	S
NMDC20551609	0	0	0	1	0	0	0	0	1	0	1	0	0	0	1	1	1	1	0	1	S
NMDC20551611	0	0	0	1	0	0	0	0	1	0	1	0	0	0	1	0	1	1	0	1	S
NMDC20585614	0	0	0	1	0	0	0	0	1	0	1	0	0	0	1	1	1	1	0	1	S
NMDC20551612	0	0	0	1	0	0	0	0	1	0	1	0	0	0	0	0	1	0	0	0	S
NMDC20553655	0	0	0	1	0	0	0	0	1	0	1	0	0	0	0	0	1	0	0	0	S
NMDC20557677	0	0	0	1	0	0	0	0	1	0	1	0	0	0	1	0	1	1	0	1	S
NMDC20551613	0	0	0	1	0	0	0	0	1	0	1	0	0	0	1	0	1	1	0	1	S
NMDC20555649	0	0	0	1	0	0	0	0	1	0	1	0	0	0	1	0	1	1	0	1	S
NMDC20557678	0	0	0	1	0	0	0	0	1	0	1	0	0	0	1	0	1	1	0	1	S
NMDC20585616	0	0	0	1	0	0	0	0	1	0	1	0	1	0	1	0	1	0	0	0	S
NMDC20553656	0	0	0	1	0	0	0	0	1	0	1	1	0	0	0	0	1	0	0	1	S
NMDC20551614	0	0	0	1	0	0	0	0	1	0	1	0	0	0	1	0	1	1	0	1	S
NMDC20585619	1	1	1	0	1	0	0	0	1	1	0	1	1	0	0	0	1	0	1	0	S
NMDC20585620	0	0	0	1	0	0	0	0	1	0	1	0	1	0	1	0	0	1	0	1	S
NMDC20585621	0	0	0	1	0	0	0	0	1	0	1	0	0	0	1	0	1	1	0	1	S
NMDC20557679	0	0	0	1	0	0	0	0	1	0	1	0	0	0	1	0	1	1	0	1	S
NMDC20585622	0	0	0	1	0	0	0	0	1	0	1	0	0	0	1	0	1	1	0	1	S
NMDC20585623	0	0	0	1	0	0	1	0	1	0	1	0	0	0	1	1	1	1	0	1	S
NMDC20555651	0	0	0	1	0	0	0	0	1	0	1	0	0	0	1	0	1	1	0	1	S
NMDC20585624	0	0	0	1	0	0	0	0	1	0	1	1	1	0	0	0	1	0	0	1	S
NMDC20585625	0	0	0	1	0	0	0	0	1	0	1	0	0	0	1	0	1	1	0	1	S
NMDC20585626	0	0	0	1	0	0	0	0	1	0	1	0	0	0	1	0	1	1	0	1	S
NMDC20555652	0	0	0	1	0	0	0	0	1	0	1	0	0	0	1	0	1	1	0	1	S
NMDC20585627	0	0	0	1	0	0	0	0	1	0	1	0	0	0	1	0	1	1	0	1	S
NMDC20585629	0	0	0	1	0	0	1	0	1	0	1	0	0	0	1	0	1	1	0	1	S
NMDC20585630	0	0	0	1	0	0	0	0	1	0	1	0	1	0	0	1	1	0	0	1	S
NMDC20585631	0	0	0	1	0	0	0	0	0	0	0	0	1	0	0	0	0	0	0	1	S
NMDC20585632	0	0	0	1	0	0	0	0	1	0	1	0	1	0	1	0	1	0	0	0	S
NMDC20585633	0	0	0	1	0	0	0	0	1	0	1	0	0	0	0	0	1	1	0	0	S
NMDC20557682	0	0	0	1	0	0	0	0	1	0	1	0	0	0	0	0	1	0	0	0	S
NMDC20557683	0	0	0	1	0	0	0	0	1	0	1	0	0	0	1	0	1	1	0	1	S
NMDC20555653	0	0	0	1	0	0	0	0	1	0	1	0	0	0	1	0	1	1	0	1	S
NMDC20585634	0	0	0	1	0	0	0	0	1	0	1	0	0	0	1	0	1	1	0	1	S
NMDC20585635	0	0	0	1	0	0	0	0	1	0	1	0	1	0	0	0	1	0	0	1	S
NMDC20551615	0	0	0	1	0	0	0	0	1	0	1	0	0	0	1	0	1	1	0	1	S
NMDC20585637	0	0	0	1	0	0	0	0	1	0	1	0	0	0	1	0	1	1	0	1	S
NMDC20585638	0	0	0	1	0	0	0	0	1	0	1	0	0	0	1	0	1	1	0	1	S
NMDC20551616	0	0	0	1	0	0	0	0	1	0	1	0	0	0	1	0	1	1	0	1	S
NMDC20585640	0	0	0	1	0	0	0	0	1	0	1	0	0	0	1	0	1	1	0	1	S
NMDC20585641	0	0	0	1	0	0	0	0	1	0	1	0	0	0	1	0	1	1	0	1	S
NMDC20553658	0	0	0	1	0	0	0	0	1	0	1	0	0	0	1	0	1	1	0	1	S
NMDC20555655	0	0	0	1	0	0	0	0	1	0	1	1	0	0	0	0	1	0	0	1	S
NMDC20585642	0	0	0	1	0	0	0	0	1	0	1	0	0	0	1	0	1	1	0	1	S
NMDC20585643	0	0	0	1	0	0	0	0	1	0	1	1	0	0	0	0	1	0	0	0	S
NMDC20585644	0	0	0	1	0	0	0	0	1	0	1	0	0	0	1	0	1	1	0	1	S
NMDC20585645	0	0	0	1	0	0	0	0	1	0	1	0	0	0	1	0	1	1	0	1	S
NMDC20553659	0	0	0	1	0	0	0	0	1	0	1	0	0	0	0	0	1	0	0	0	S
NMDC20557684	0	0	0	1	0	0	0	0	1	0	1	0	0	0	0	0	1	0	0	0	S
NMDC20585646	0	0	0	1	0	0	0	0	1	0	1	0	0	0	0	0	1	0	0	0	S
NMDC20553660	0	0	0	1	0	0	0	0	1	0	1	1	0	0	0	0	1	0	0	0	S
NMDC20553661	0	0	0	1	0	0	0	0	1	0	1	0	0	0	1	0	1	1	0	1	S
NMDC20551619	0	0	0	1	0	0	0	0	1	0	1	0	0	0	1	0	1	0	0	0	S
NMDC20551620	0	0	0	1	0	0	0	0	1	0	1	0	0	0	0	0	1	0	0	0	S
NMDC20585647	0	0	0	1	0	0	0	0	1	0	1	0	1	0	1	0	1	0	0	0	S
NMDC20585648	0	0	0	1	0	0	0	0	1	0	1	0	0	0	1	0	1	1	0	1	S
NMDC20555656	0	0	0	1	0	0	0	0	1	0	1	1	0	0	0	0	1	0	0	0	S
NMDC20585649	0	0	0	1	0	0	0	0	1	0	1	1	0	0	0	0	1	0	0	1	S
NMDC20585650	0	0	0	1	0	0	0	0	1	0	1	0	0	0	1	0	1	1	0	1	S
NMDC20551621	0	0	0	1	0	0	0	0	1	0	1	0	0	0	1	0	1	1	0	1	S
NMDC20557686	0	0	0	1	0	0	0	0	1	0	1	0	0	0	1	0	1	1	0	1	S
NMDC20555657	1	1	1	0	1	0	0	0	1	1	0	1	1	0	0	0	1	0	1	0	S
NMDC20557687	0	0	0	1	0	0	0	0	1	0	1	0	0	0	1	0	1	1	0	1	S
NMDC20557688	0	0	0	1	0	0	0	0	1	0	1	0	0	0	1	0	1	1	0	1	S
NMDC20585652	0	0	0	1	0	0	0	0	1	0	1	0	0	0	1	0	1	1	0	1	S
NMDC20555658	0	0	0	1	0	0	0	0	1	0	1	0	0	0	1	0	1	1	0	1	S
NMDC20557689	0	0	0	1	0	0	0	0	1	0	1	0	0	0	1	0	1	1	0	1	S
NMDC20555659	0	0	0	1	0	0	0	0	1	0	1	0	0	0	1	0	1	1	0	1	S
NMDC20585653	0	0	0	1	0	0	0	0	1	0	1	0	0	0	1	0	1	1	0	1	S
NMDC20585655	0	0	0	1	0	0	0	0	1	0	1	0	0	0	1	0	1	1	0	1	S
NMDC20551623	0	0	0	1	0	0	0	0	1	0	1	0	0	0	1	0	1	1	0	1	S
NMDC20551624	0	0	0	1	0	0	0	0	1	0	1	0	0	0	1	0	1	1	0	1	S
NMDC20551625	0	0	0	1	0	0	0	0	1	0	0	0	1	0	0	0	0	0	0	1	S
NMDC20553663	0	0	0	1	0	0	0	0	1	0	1	0	1	0	0	0	1	0	0	1	S
NMDC20585656	0	0	0	1	0	0	0	0	1	1	0	0	1	0	1	0	1	1	0	0	S
NMDC20555660	0	0	0	1	0	0	0	0	1	0	1	0	0	0	1	0	1	1	0	0	S
NMDC20555661	0	0	0	1	0	0	0	0	1	0	0	0	1	0	0	0	0	0	0	1	S
NMDC20585657	0	0	0	1	0	0	0	0	1	0	1	0	0	0	1	0	1	1	0	1	S
NMDC20585658	0	0	0	1	0	0	0	0	1	0	1	0	0	0	1	0	1	1	0	1	S
NMDC20585659	0	0	0	1	0	0	0	0	1	0	1	0	0	0	1	0	1	1	0	1	S
NMDC20553664	0	0	0	1	0	0	0	0	1	0	1	1	0	0	0	0	1	0	0	1	S
NMDC20553665	0	0	0	1	0	0	0	0	1	0	1	0	0	0	1	0	1	1	0	0	S
NMDC20555662	0	0	0	1	0	0	0	0	1	0	1	0	0	0	1	0	1	1	0	1	S
NMDC20585661	0	0	0	1	0	0	0	0	1	0	1	0	0	0	1	0	1	1	0	0	S
NMDC20585662	0	0	0	1	0	0	0	0	1	0	1	0	1	0	1	0	1	1	0	0	S
NMDC20585663	0	0	0	1	0	0	0	0	1	0	1	0	1	0	1	0	1	0	0	0	S
NMDC20585664	0	0	0	1	0	0	0	0	1	0	1	0	0	0	0	0	1	0	0	0	S
NMDC20585665	0	0	0	1	0	0	0	0	1	0	1	0	0	0	0	0	1	1	0	0	S
NMDC20585666	0	0	0	1	0	0	0	0	1	0	1	1	1	0	0	1	1	0	0	0	S
NMDC20585667	0	0	0	1	0	0	0	0	1	0	1	0	0	0	1	0	1	0	0	0	S
NMDC20585668	0	0	0	1	0	0	0	0	1	0	1	0	1	0	0	0	1	0	0	0	S
NMDC20585670	0	0	0	1	0	0	0	0	1	0	1	0	0	0	1	0	1	0	0	0	S
NMDC20585671	0	0	0	1	0	0	0	0	1	0	0	0	0	0	1	0	0	0	0	0	S
NMDC20585672	0	0	0	1	0	0	0	0	1	0	0	0	0	0	1	0	0	0	0	0	S
NMDC20585673	0	0	0	1	0	0	0	0	1	0	1	0	1	0	1	0	1	0	0	0	S
NMDC20585678	0	0	0	1	0	0	0	0	1	0	1	0	0	0	0	0	1	0	0	1	S
NMDC20585679	0	0	0	1	0	0	0	0	1	0	1	0	0	0	0	1	1	0	0	0	S
NMDC20585681	0	0	0	1	0	0	0	0	1	0	1	0	0	0	1	0	1	1	0	1	S
NMDC20585682	0	0	0	1	0	0	0	0	1	0	1	0	0	0	1	0	1	1	0	1	S
NMDC20585683	0	0	0	1	0	0	0	0	1	0	1	0	0	0	1	0	1	1	0	1	S
NMDC20555663	0	0	0	1	0	0	0	0	1	0	1	0	0	0	1	0	1	1	0	1	S
NMDC20555664	0	0	0	1	0	0	0	0	1	0	1	0	0	0	1	1	1	1	0	1	S
NMDC20555665	0	0	0	1	0	0	0	0	1	0	1	0	1	0	0	0	1	0	0	1	S
NMDC20585686	0	0	0	1	0	0	0	0	1	0	1	1	1	0	0	0	1	0	0	0	S
NMDC20585687	0	0	0	1	0	0	0	0	1	0	1	0	0	0	1	0	1	1	0	1	S
NMDC20551628	0	0	0	1	0	0	0	0	1	0	1	0	1	0	1	0	1	0	0	0	S
NMDC20585689	0	0	0	1	0	0	0	0	1	0	1	0	0	0	1	0	1	1	0	1	S
NMDC20585690	0	0	0	1	0	0	0	0	1	0	1	0	0	0	1	0	1	0	0	1	S
NMDC20585691	0	0	0	1	0	0	0	0	1	0	1	0	0	0	1	0	1	1	0	1	S
NMDC20585692	0	0	0	1	0	0	0	0	1	0	0	0	0	0	1	0	0	0	0	0	S
NMDC20585693	0	0	0	1	0	0	0	0	1	0	1	0	1	0	1	0	1	0	0	0	S
NMDC20553667	0	0	0	1	0	0	0	0	1	0	1	0	0	0	0	0	1	0	0	0	S
NMDC20585694	0	0	0	1	1	0	0	0	1	0	1	1	0	0	0	0	1	0	0	0	S
NMDC20557693	0	0	0	1	0	0	0	0	1	0	1	0	0	0	1	0	1	1	0	1	S
NMDC20557694	0	0	0	1	0	0	0	0	0	0	0	0	1	0	0	0	0	0	0	1	S
NMDC20553668	0	0	0	1	0	0	0	0	1	0	1	0	0	0	1	0	1	1	0	1	S
NMDC20555666	0	0	0	1	0	0	0	0	1	0	1	0	0	0	1	0	1	1	0	1	S
NMDC20585697	0	0	0	1	0	0	0	0	1	0	1	0	0	0	1	0	1	1	0	1	S
NMDC20555667	0	0	0	1	0	0	0	0	1	0	1	0	0	0	1	0	1	1	0	1	S
NMDC20585698	0	0	0	1	0	0	0	0	1	0	1	0	0	0	1	0	1	1	0	1	S
NMDC20585699	0	0	0	1	0	0	0	0	1	0	1	0	0	0	0	0	1	0	0	0	S
NMDC20551630	0	0	0	1	0	0	0	0	1	0	1	0	0	0	1	0	1	1	0	1	S
NMDC20585700	0	0	0	1	0	0	0	0	1	0	1	1	1	0	0	1	1	0	0	0	S
NMDC20555668	0	0	0	1	0	0	0	0	1	0	1	1	1	0	0	1	1	0	0	0	S
NMDC20555669	0	0	0	1	0	0	0	0	1	0	1	0	0	0	1	0	1	1	0	1	S
NMDC20551631	0	0	0	1	0	0	0	0	1	0	1	0	1	0	1	0	1	0	0	0	S
NMDC20585702	1	1	1	0	1	0	0	0	1	1	0	1	1	0	0	1	1	0	1	0	S
NMDC20553670	1	1	1	0	1	0	0	0	1	1	0	1	1	0	0	1	1	0	1	0	S
NMDC20555671	1	1	1	0	1	0	0	0	1	1	0	1	1	0	0	1	1	0	1	0	S
NMDC20551633	1	1	1	0	1	0	0	0	1	1	0	1	1	0	0	1	1	0	1	0	S
NMDC20557697	1	1	1	0	1	0	0	0	1	1	0	1	1	0	0	1	1	0	1	0	S
NMDC20551634	1	1	1	0	1	0	0	0	1	1	0	1	1	0	0	1	1	0	1	0	S
NMDC20585703	0	0	0	1	0	0	0	0	1	0	1	1	0	0	0	0	1	0	0	1	S
NMDC20585704	0	0	0	1	0	0	0	0	1	0	1	0	0	0	1	0	1	1	0	1	S
NMDC20585706	0	0	0	1	0	0	0	0	1	0	1	0	0	0	1	0	1	1	0	1	S
NMDC20585707	0	0	0	1	0	0	0	0	1	0	1	0	0	0	1	0	1	1	0	1	S
NMDC20585708	0	0	0	1	0	0	0	0	1	0	1	1	0	0	0	0	1	0	0	1	S
NMDC20585709	1	1	1	0	1	0	0	0	1	1	0	1	1	0	0	0	1	0	1	0	S
NMDC20585710	0	0	0	1	0	0	0	0	1	0	1	1	0	0	0	0	1	0	0	1	S
NMDC20585711	0	0	0	1	0	0	0	0	1	0	1	1	0	0	0	0	1	0	0	1	S
NMDC20585714	0	0	0	1	0	0	0	0	1	0	1	0	1	0	0	0	1	0	0	1	S
NMDC20585716	0	0	0	1	0	0	0	0	0	0	0	0	1	0	0	0	0	0	0	1	S
NMDC20557699	0	0	0	1	0	0	0	0	1	0	1	0	0	0	1	0	1	1	0	1	S
NMDC20553671	0	0	0	1	0	0	0	0	1	0	1	1	1	0	0	1	1	0	0	0	S
NMDC20551636	0	0	0	1	0	0	0	0	1	0	1	0	0	0	1	0	1	0	0	1	S
NMDC20586308	0	0	0	1	0	0	0	0	1	0	1	0	1	0	1	0	1	0	0	0	S
NMDC20586310	0	0	0	1	0	0	0	0	1	0	1	0	0	0	1	0	1	0	0	0	S
NMDC20555870	0	0	0	1	0	0	0	0	1	0	1	1	0	0	0	0	1	0	0	1	S
NMDC20551846	0	0	1	1	0	0	0	0	1	0	1	0	0	0	1	0	1	0	0	0	S
NMDC20553858	0	0	0	1	0	0	0	0	1	0	1	1	0	0	0	0	1	0	0	0	S
NMDC20586315	0	0	0	1	0	0	0	0	1	0	1	0	0	0	0	1	1	0	0	0	S
NMDC20586317	0	0	0	1	0	0	0	0	1	0	1	1	0	0	0	0	1	0	0	0	S
NMDC20586319	0	0	0	1	0	0	0	0	1	0	1	0	0	0	1	0	1	1	0	1	S
NMDC20555872	0	0	0	1	0	0	0	0	1	0	1	0	0	0	1	0	1	1	0	1	S
NMDC20555873	0	0	0	1	0	0	0	0	1	0	1	0	0	0	1	0	1	1	0	1	S
NMDC20551848	0	0	0	1	0	0	0	0	1	0	1	0	0	0	1	0	1	1	0	1	S
NMDC20586321	0	0	0	1	0	0	0	0	1	0	1	0	0	0	1	0	1	1	0	1	S
NMDC20553860	0	0	0	1	0	0	0	0	1	0	1	0	1	0	1	0	1	0	0	0	S
NMDC20586324	0	0	0	1	0	0	0	0	1	0	0	0	1	0	0	0	0	0	0	1	S
NMDC20555874	0	0	0	1	0	0	0	0	1	0	1	0	0	0	1	0	1	1	0	0	S
NMDC20555875	0	0	0	1	0	0	0	0	1	0	1	0	0	0	1	0	1	1	0	1	S
NMDC20557874	1	1	1	0	1	0	0	0	1	1	0	1	1	0	0	0	1	0	1	0	S
NMDC20551849	0	0	0	1	0	0	0	0	1	0	1	0	0	0	1	0	1	1	0	1	S
NMDC20586325	1	1	1	0	1	0	0	0	1	1	0	1	1	0	0	0	1	0	1	0	S
NMDC20586326	0	0	0	1	0	0	0	0	1	0	1	0	0	0	0	0	1	0	0	0	S
NMDC20551850	0	0	0	1	0	0	0	0	1	0	1	0	0	0	0	1	1	0	0	0	S
NMDC20586330	1	1	1	0	1	0	0	0	1	1	0	1	1	0	0	0	1	0	1	0	S
NMDC20586332	0	0	0	1	0	0	0	0	1	0	1	0	0	0	0	1	1	0	0	0	S
NMDC20586334	1	1	1	0	1	0	0	0	1	1	0	1	1	0	0	0	1	0	1	0	S
NMDC20586335	1	1	1	0	1	0	0	0	1	1	0	1	1	0	0	0	1	0	1	0	S
NMDC20586339	0	0	0	1	0	0	0	0	1	0	1	0	0	0	0	1	1	0	0	0	S
NMDC20586341	0	0	0	1	0	0	1	0	1	0	1	0	0	0	1	1	1	1	0	1	S
NMDC20586343	1	1	1	0	1	0	0	0	1	1	0	1	1	0	0	0	1	0	1	0	S
NMDC20586346	1	1	1	0	1	0	0	0	1	1	0	1	1	0	0	0	1	0	1	0	S
NMDC20586347	0	0	0	1	0	0	0	0	1	0	1	0	0	0	0	1	1	0	0	0	S
NMDC20586348	0	0	0	1	0	0	0	0	1	0	1	0	0	0	0	0	1	0	0	0	S
NMDC20586350	1	1	1	0	1	0	0	0	1	1	0	1	1	0	0	0	1	0	1	0	S
NMDC20586352	1	1	1	0	1	0	0	0	1	1	0	1	1	0	0	0	1	0	1	0	S
NMDC20586354	1	1	1	0	1	0	0	0	1	1	0	1	1	0	0	0	1	0	1	0	S
NMDC20586355	0	0	0	1	0	0	0	0	1	0	1	0	0	0	0	1	1	0	0	0	S
NMDC20586358	1	1	1	0	1	0	0	0	1	1	0	1	1	0	0	0	1	0	1	0	S
NMDC20586359	0	0	0	1	0	0	1	0	1	0	1	0	0	0	1	0	1	1	0	1	S
NMDC20586362	0	0	0	1	0	0	0	0	1	0	1	0	0	0	0	1	1	0	0	0	S
NMDC20586363	1	1	1	0	1	0	0	0	1	1	0	1	1	0	0	0	1	0	1	0	S
NMDC20586364	0	0	0	0	0	0	0	0	1	0	1	1	0	1	0	1	1	0	0	0	S
NMDC20586365	0	0	0	1	0	0	0	0	1	0	1	1	1	0	0	0	1	0	0	0	S
NMDC20586366	0	0	0	0	0	0	0	0	1	0	1	1	0	0	0	1	1	0	0	0	S
NMDC20586367	0	0	0	1	0	0	0	0	1	0	1	1	0	0	0	0	1	0	0	0	S
NMDC20586368	0	0	0	1	0	0	0	0	1	0	1	1	0	0	0	0	1	0	0	0	S
NMDC20586369	0	0	0	0	0	0	0	0	1	0	1	1	0	0	0	1	1	0	0	0	S
NMDC20586370	1	1	1	0	1	0	0	0	1	1	0	1	1	0	0	0	1	0	1	0	S
NMDC20586372	0	0	0	0	0	0	0	0	1	0	1	1	0	0	0	1	1	0	0	0	S
NMDC20586374	0	0	0	1	0	0	0	0	1	0	0	1	0	0	0	0	0	0	0	0	S
NMDC20586375	1	1	1	0	1	0	0	0	1	1	0	1	1	0	0	0	1	0	1	0	S
NMDC20586376	1	1	1	0	1	0	0	0	1	1	0	1	1	0	0	0	1	0	1	0	S
NMDC20586378	0	0	0	1	0	0	0	0	1	0	1	0	0	0	0	0	1	0	0	1	S
NMDC20586379	0	0	0	1	0	0	0	0	1	0	1	0	0	0	1	0	1	1	0	0	S
NMDC20586380	0	0	0	1	0	0	0	0	1	0	1	0	0	0	0	1	1	0	0	0	S
NMDC20586381	0	0	0	1	0	0	0	0	1	0	1	0	0	0	0	0	1	1	0	0	S
NMDC20589025	0	0	0	1	0	0	0	0	1	0	1	1	0	0	0	0	1	1	0	0	S
NMDC20589026	1	1	1	0	1	0	0	0	1	1	0	1	1	0	0	0	1	0	1	0	S
NMDC20589027	0	0	0	1	0	0	0	0	1	0	0	1	0	0	0	0	0	0	0	0	S
NMDC20589028	0	0	0	1	0	0	0	0	1	0	0	1	0	0	0	0	0	0	0	0	S
NMDC20589030	1	1	1	0	1	0	0	0	1	1	0	1	1	0	0	0	1	0	1	0	S
NMDC20557957	0	0	0	1	0	1	1	0	1	0	1	0	0	0	1	0	1	1	0	1	S
NMDC20586624	0	0	0	1	0	0	0	0	1	0	1	0	0	0	1	0	1	1	0	1	S
NMDC20555968	1	1	1	0	1	0	0	0	1	1	0	1	1	0	0	0	1	0	1	0	S
NMDC20553948	0	0	0	1	0	0	0	0	1	0	1	0	0	0	1	0	1	1	0	1	S
NMDC20586625	0	0	0	1	0	0	1	0	1	0	1	0	0	0	1	1	1	1	0	1	S
NMDC20586626	0	0	0	1	0	1	1	0	1	0	1	0	0	0	1	0	1	1	0	1	S
NMDC20551939	0	0	0	1	0	0	1	0	1	0	1	0	0	0	1	1	1	1	0	1	S
NMDC20586627	0	0	0	1	0	0	0	0	1	0	1	0	0	0	0	0	1	0	0	0	S
NMDC20555969	0	0	0	1	0	0	0	0	1	0	1	1	1	0	0	0	1	0	0	0	S
NMDC20586628	0	0	0	1	0	1	1	0	1	0	1	0	0	0	1	0	1	1	0	1	S
NMDC20557958	0	0	0	1	0	0	0	0	1	0	1	0	0	0	1	0	1	1	0	1	S
NMDC20557960	0	0	0	1	0	0	0	0	1	0	1	0	0	0	1	0	1	1	0	1	S
NMDC20586629	0	0	0	1	0	1	1	0	1	0	1	0	0	0	1	0	1	1	0	1	S
NMDC20553949	0	0	0	1	0	0	0	0	1	0	1	0	1	0	1	0	1	0	0	0	S
NMDC20553950	0	0	0	1	0	0	0	0	1	0	1	0	0	0	1	0	1	1	0	1	S
NMDC20551942	0	0	0	1	0	0	0	0	1	0	1	0	0	0	1	0	1	1	0	1	S
NMDC20557962	0	0	0	1	0	1	1	0	1	0	1	0	0	0	1	0	1	1	0	1	S
NMDC20555972	0	0	0	1	0	0	0	0	1	0	1	0	0	0	0	0	1	0	0	0	S
NMDC20551943	0	0	0	1	0	0	0	0	1	0	1	1	0	0	0	0	1	1	0	0	S
NMDC20555973	0	0	0	1	0	0	0	0	1	0	1	0	0	0	0	0	1	0	0	0	S
NMDC20586630	0	0	0	1	0	1	1	0	1	0	1	0	0	0	1	0	1	1	0	1	S
NMDC20551944	1	1	1	0	1	0	0	0	1	1	0	1	1	0	0	0	1	0	1	0	S
NMDC20553952	0	0	0	1	0	0	0	0	1	0	1	0	0	0	1	0	1	1	0	1	S
NMDC20557964	0	0	0	1	0	0	0	0	1	0	1	0	0	0	1	0	1	1	0	1	S
NMDC20553954	0	0	0	1	0	0	0	0	1	0	1	0	0	0	1	0	1	1	0	0	S
NMDC20586634	0	0	0	1	0	0	0	0	1	0	1	1	1	0	0	0	1	0	0	0	S
NMDC20586635	0	0	0	1	0	1	1	0	1	0	1	0	0	0	1	0	1	1	0	1	S
NMDC20557965	0	0	0	1	0	0	0	0	1	0	1	0	1	0	1	0	1	0	0	0	S
NMDC20553955	0	0	0	1	0	0	0	0	1	0	1	0	0	0	1	0	1	1	0	1	S
NMDC20555974	0	0	0	1	0	0	0	0	1	0	1	0	0	0	1	0	1	1	0	1	S
NMDC20586636	1	1	1	0	1	0	0	0	1	1	0	1	1	0	0	0	1	0	1	0	S
NMDC20557966	0	0	0	1	0	0	0	0	1	0	1	1	0	0	0	0	1	0	0	1	S
NMDC20586637	0	0	0	1	0	0	0	0	1	0	1	0	0	0	1	0	1	1	0	1	S
NMDC20586638	0	0	0	1	0	1	1	0	1	0	1	0	0	0	1	0	1	1	0	1	S
NMDC20586639	0	0	0	1	0	0	0	0	1	0	1	0	0	0	1	0	1	1	0	1	S
NMDC20557967	0	0	0	1	0	1	1	0	1	0	1	0	0	0	1	1	1	1	0	1	S
NMDC20551946	0	0	0	1	0	0	0	0	1	0	1	0	0	0	1	1	1	1	0	1	S
NMDC20551947	0	0	0	1	0	0	0	0	1	0	0	0	0	0	1	0	0	0	0	0	S
NMDC20553956	0	0	0	1	0	0	0	0	1	0	1	0	0	0	1	0	1	1	0	1	S
NMDC20557968	0	0	0	1	0	0	0	0	1	0	1	0	0	0	1	0	1	1	0	1	S
NMDC20553957	1	1	1	0	1	0	0	0	1	1	0	1	1	0	0	0	1	0	1	0	S
NMDC20553959	0	0	0	1	0	0	0	0	1	0	1	1	0	0	0	0	1	0	0	1	S
NMDC20586641	1	0	1	0	1	0	0	0	1	1	0	1	1	0	0	0	1	0	1	0	S
NMDC20586642	0	0	0	1	0	0	0	0	1	0	1	0	0	0	1	0	1	1	0	1	S
NMDC20586643	0	0	0	1	0	0	0	0	1	0	1	0	0	0	0	0	1	0	0	0	S
NMDC20553960	0	0	0	1	0	1	1	0	1	0	1	0	0	0	1	0	1	1	0	1	S
NMDC20551951	0	0	0	1	0	0	0	0	1	0	1	0	0	0	1	0	1	1	0	1	S
NMDC20557969	0	0	0	1	0	0	0	0	1	0	1	0	0	0	1	0	1	1	0	1	S
NMDC20555975	0	0	0	1	0	0	0	0	1	0	1	0	0	0	0	0	1	0	0	0	S
NMDC20557970	0	0	0	1	0	0	0	0	1	0	1	0	0	0	1	0	1	1	0	1	S
NMDC20586645	0	0	0	1	0	0	0	0	1	0	1	0	0	0	1	0	1	1	0	1	S
NMDC20553963	0	0	0	1	0	0	0	0	1	0	1	0	0	0	1	1	1	1	0	1	S
NMDC20586646	0	0	0	1	0	0	1	0	1	0	1	0	0	0	1	0	1	1	0	1	S
NMDC20586647	1	0	1	0	1	0	0	0	1	1	0	1	1	0	0	0	1	0	1	0	S
NMDC20555976	0	0	0	1	0	0	1	0	1	0	1	0	0	0	1	1	1	1	0	1	S
NMDC20586648	0	0	0	1	0	0	0	0	1	0	1	0	0	0	1	1	1	1	0	1	S
NMDC20586649	0	0	0	1	0	0	0	0	1	0	1	0	0	0	1	0	1	1	0	1	S
NMDC20557972	0	0	0	1	0	0	0	0	1	0	1	0	0	0	1	0	1	1	0	1	S
NMDC20551952	0	0	0	1	0	0	0	0	1	0	1	0	0	0	1	0	1	1	0	1	S
NMDC20553964	0	0	0	1	0	0	0	0	1	0	1	0	1	0	0	0	1	0	0	1	S
NMDC20551953	0	0	0	1	0	0	0	0	1	0	1	0	0	0	1	0	1	1	0	1	S
NMDC20586651	0	0	0	1	0	1	1	0	1	0	1	0	0	0	1	1	1	1	0	1	S
NMDC20551954	0	0	0	1	0	0	0	0	1	0	1	0	0	0	1	0	1	1	0	1	S
NMDC20553966	0	0	0	1	0	0	0	0	1	0	1	0	0	0	1	0	1	1	0	1	S
NMDC20557974	0	0	0	1	0	0	0	0	1	0	1	0	0	0	0	0	1	0	0	0	S
NMDC20586652	0	0	0	1	0	1	1	0	1	0	1	0	0	0	1	0	1	1	0	1	S
NMDC20551955	0	0	0	1	0	0	0	0	1	0	1	0	0	0	1	0	1	1	0	1	S
NMDC20555978	0	0	0	1	0	0	0	0	1	0	1	0	0	0	0	0	1	0	0	0	S
NMDC20586653	0	0	0	1	0	0	0	0	1	0	1	0	0	0	1	0	1	1	0	1	S
NMDC20557975	0	0	0	1	0	0	0	0	1	0	1	0	0	0	1	1	1	0	0	1	S
NMDC20556081	0	0	0	1	0	0	0	0	1	0	1	0	0	0	1	0	1	1	0	1	S
NMDC20554080	0	0	0	1	0	0	0	0	1	0	1	0	0	0	1	0	1	1	0	1	S
NMDC20558085	0	0	0	1	0	0	0	0	1	0	1	0	0	0	1	0	1	1	0	1	S
NMDC20552046	0	0	0	1	0	0	0	0	1	0	1	0	1	0	1	0	1	0	0	0	S
NMDC20586924	0	0	0	0	1	0	0	0	1	0	0	0	0	0	0	0	0	0	0	0	S
NMDC20558087	0	0	0	1	0	0	0	0	1	0	1	0	1	0	1	0	1	0	0	0	S
NMDC20558088	0	0	0	1	0	0	0	0	1	0	1	0	0	0	0	1	1	0	0	0	S
NMDC20586927	0	0	0	1	0	0	0	0	1	0	1	0	0	0	0	1	1	0	0	0	S
NMDC20586928	0	0	0	1	0	0	0	0	1	0	1	1	0	0	0	0	1	1	0	0	S
NMDC20554083	0	0	0	1	0	0	0	0	1	0	1	0	1	0	0	0	1	0	0	0	S
NMDC20556085	1	1	1	0	1	0	0	0	1	1	0	1	1	0	0	0	1	0	1	0	S
NMDC20586929	1	1	1	0	1	0	0	0	1	1	0	1	1	0	0	0	1	0	1	0	S
NMDC20552047	0	0	0	1	0	0	0	0	1	0	1	0	0	0	1	0	1	0	0	0	S
NMDC20556086	0	0	0	1	0	0	0	0	1	0	1	0	0	0	1	0	1	1	0	1	S
NMDC20554084	0	0	0	1	0	0	0	0	1	0	1	0	0	0	1	0	1	1	0	1	S
NMDC20552048	0	0	0	1	0	0	0	0	1	0	1	0	0	0	1	0	1	1	0	1	S
NMDC20558090	1	0	0	1	0	0	0	0	1	0	0	0	0	0	0	0	1	0	0	0	S
NMDC20556087	1	1	1	0	1	0	0	0	1	1	0	1	1	0	0	0	1	0	1	0	S
NMDC20558091	1	1	1	0	1	0	0	0	1	1	0	1	1	0	0	0	1	0	1	0	S
NMDC20556088	0	0	0	1	0	0	0	0	1	0	1	0	0	0	1	0	1	1	0	1	S
NMDC20586932	0	0	0	1	0	0	0	0	1	0	1	0	0	0	1	0	1	1	0	1	S
NMDC20552049	0	0	0	1	0	0	0	0	1	0	1	0	0	0	1	0	1	1	0	1	S
NMDC20586933	0	0	0	1	0	0	0	0	1	0	1	0	0	0	0	0	1	0	0	0	S
NMDC20586934	0	0	0	1	0	0	0	0	1	0	1	0	1	0	1	0	1	0	0	0	S
NMDC20586935	0	0	0	1	0	0	0	0	1	0	1	0	0	0	1	0	1	1	0	1	S
NMDC20554085	0	0	0	1	0	0	0	0	1	0	1	0	0	0	1	0	1	1	0	1	S
NMDC20586936	0	0	0	1	0	0	0	0	1	0	1	0	0	0	1	0	1	1	0	1	S
NMDC20554086	0	0	0	1	0	0	0	0	1	0	1	0	0	0	0	1	1	0	0	0	S
NMDC20586937	0	0	0	1	0	0	0	0	1	0	1	0	0	0	1	0	1	1	0	1	S
NMDC20556090	0	0	0	1	0	0	0	0	1	0	1	0	1	0	1	0	1	0	0	0	S
NMDC20552050	0	0	0	1	0	0	1	0	1	0	1	0	0	0	1	0	1	1	0	1	S
NMDC20552051	0	0	0	1	0	0	0	0	1	0	1	0	0	0	0	0	1	0	0	0	S
NMDC20556091	0	0	0	1	0	0	0	0	1	0	1	0	0	0	1	0	1	1	0	1	S
NMDC20586940	0	0	0	1	0	0	0	0	1	0	1	0	0	0	1	0	1	1	0	1	S
NMDC20586941	0	0	0	1	0	0	0	0	1	0	1	0	0	0	1	0	1	1	0	1	S
NMDC20586942	0	0	0	1	0	0	0	0	1	0	1	0	1	0	1	0	1	0	0	0	S
NMDC20586943	0	0	0	0	0	0	0	0	1	0	1	1	0	0	0	0	1	0	0	0	S
NMDC20586944	0	0	0	1	0	0	0	0	1	0	1	1	0	0	0	0	1	0	0	0	S
NMDC20552054	0	0	0	1	0	0	0	0	1	0	0	1	0	0	0	0	1	0	0	1	S
NMDC20554090	0	0	0	1	0	0	0	0	1	0	1	1	0	0	0	0	1	0	0	1	S
NMDC20586946	0	0	0	1	0	0	0	0	1	0	1	0	0	0	0	1	1	0	0	0	S
NMDC20586947	0	0	0	1	0	0	0	0	1	0	1	0	1	0	1	0	1	0	0	0	S
NMDC20554091	1	1	1	0	1	0	0	0	1	1	0	1	1	0	0	0	1	0	1	0	S
NMDC20558092	0	0	0	1	0	0	0	0	1	0	1	0	0	0	1	0	1	1	0	1	S
NMDC20586948	0	0	0	1	0	0	1	0	1	0	1	0	0	0	1	1	1	1	0	1	S
NMDC20558093	0	0	0	1	0	0	0	0	1	0	0	0	1	0	0	0	0	0	0	1	S
NMDC20558094	0	0	0	1	0	0	0	0	1	0	1	0	0	0	0	0	1	0	0	0	S
NMDC20554093	0	0	0	1	0	0	0	0	1	0	1	0	0	0	1	0	1	1	0	1	S
NMDC20556096	0	0	0	1	0	0	0	0	1	0	1	0	0	0	1	0	1	1	0	1	S
NMDC20552056	0	0	0	1	0	0	0	0	1	0	1	0	0	0	0	0	1	0	0	0	S
NMDC20586950	0	0	0	1	0	0	0	0	1	1	0	0	1	0	1	0	1	1	0	0	S
NMDC20586951	1	0	0	1	0	0	0	0	1	0	1	0	0	0	0	0	1	0	0	0	S
NMDC20554095	0	0	0	1	0	0	0	0	1	0	1	0	1	0	0	0	1	0	0	1	S
NMDC20586954	0	0	0	1	0	0	0	0	1	0	1	0	0	0	1	1	1	1	0	1	S
NMDC20552057	0	0	0	1	0	0	0	0	1	0	1	0	1	0	0	0	1	0	0	0	S
NMDC20558096	0	0	0	1	0	0	0	0	1	0	1	0	0	0	1	0	1	1	0	1	S
NMDC20554098	1	1	1	0	1	0	0	0	1	1	0	1	1	0	0	0	1	0	1	0	S
NMDC20586955	0	0	0	1	0	0	0	0	1	0	1	1	0	0	0	0	1	0	0	0	S
NMDC20586956	0	0	0	1	0	0	0	0	1	0	1	1	0	0	0	0	1	1	0	0	S
NMDC20554099	0	0	0	1	0	0	0	0	1	0	1	1	0	0	0	0	1	0	0	0	S
NMDC20552058	1	1	1	0	1	0	0	0	1	1	0	1	1	0	0	0	1	0	1	0	S
NMDC20586959	0	0	0	1	0	0	0	0	1	0	1	0	0	0	1	0	1	1	0	1	S
NMDC20558098	1	1	1	0	1	0	0	0	1	1	0	1	1	0	0	0	1	0	1	0	S
NMDC20552059	0	0	0	1	0	0	0	0	1	0	1	0	0	0	1	0	1	1	0	1	S
NMDC20586962	0	0	0	1	0	0	0	0	1	0	1	0	0	0	1	0	1	1	0	1	S
NMDC20586963	1	1	1	0	1	0	0	0	1	1	0	1	1	0	0	0	1	0	1	0	S
NMDC20554102	0	0	0	1	0	0	0	0	1	0	1	0	0	0	1	0	1	1	0	1	S
NMDC20558099	0	0	0	1	0	0	0	0	1	0	1	0	1	0	0	0	1	0	0	1	S
NMDC20552060	1	1	1	0	1	0	0	0	1	1	0	1	1	0	0	0	1	0	1	0	S
NMDC20558100	0	0	0	1	0	0	0	0	1	0	1	0	1	0	1	0	1	0	0	0	S
NMDC20558101	0	0	0	1	0	0	0	0	1	0	1	0	0	0	1	0	1	1	0	1	S
NMDC20554103	0	0	0	1	0	0	0	0	1	0	1	0	0	0	1	0	1	1	0	1	S
NMDC20556097	0	0	0	1	0	0	0	0	1	0	1	0	0	0	1	0	1	1	0	1	S
NMDC20552062	0	0	0	1	0	0	0	0	1	0	1	0	0	0	1	0	1	1	0	1	S
NMDC20586964	0	0	0	1	0	0	0	0	1	0	1	0	1	0	0	0	1	0	0	1	S
NMDC20586966	1	1	1	0	1	0	0	0	1	1	0	1	1	0	0	0	1	0	1	0	S
NMDC20586967	0	0	0	1	0	0	0	0	1	0	1	0	1	0	1	0	1	0	0	0	S
NMDC20552063	1	1	1	0	1	0	0	0	1	1	0	1	1	0	0	0	1	0	1	0	S
NMDC20586968	0	0	0	1	0	0	0	0	1	0	1	0	0	0	1	0	1	1	0	1	S
NMDC20554104	1	1	1	0	1	0	0	0	1	1	0	1	1	0	0	0	1	0	1	0	S
NMDC20558103	1	1	1	0	1	0	0	0	1	1	0	1	1	0	0	0	1	0	1	0	S
NMDC20552064	1	1	1	0	1	0	0	0	1	1	0	1	1	0	0	0	1	0	1	0	S
NMDC20554105	0	0	0	1	0	0	0	0	1	0	1	1	0	0	0	0	1	0	0	0	S
NMDC20586969	0	0	0	1	0	0	0	0	1	0	1	0	0	0	0	1	1	0	0	0	S
NMDC20552065	0	0	0	1	0	0	0	0	1	0	1	0	0	0	1	0	1	0	0	0	S
NMDC20552066	1	1	1	0	1	0	0	0	1	1	0	1	1	0	0	0	1	0	1	0	S
NMDC20552067	1	1	1	0	1	0	0	0	1	1	0	1	1	0	0	0	1	0	1	0	S
NMDC20552068	0	0	0	1	0	0	0	0	1	0	1	0	0	0	1	0	1	0	0	0	S
NMDC20586970	0	0	0	1	0	0	0	0	1	0	1	0	0	0	1	0	1	0	0	0	S
NMDC20558105	0	0	0	1	0	0	0	0	1	0	1	0	0	0	1	0	0	0	0	0	S
NMDC20558106	1	1	1	0	1	0	0	0	1	1	0	1	1	0	0	0	1	0	1	0	S
NMDC20552070	0	0	0	1	0	0	0	0	1	0	1	0	0	0	1	0	1	1	0	1	S
NMDC20552071	0	0	0	1	0	0	0	0	1	0	1	0	0	0	1	0	1	1	0	1	S
NMDC20556101	0	0	0	1	0	0	0	0	1	0	1	0	0	0	0	0	1	0	0	0	S
NMDC20552072	0	0	0	1	0	0	0	0	1	0	1	0	0	0	0	1	1	0	0	0	S
NMDC20554107	0	0	0	1	0	0	0	0	1	1	0	0	0	0	0	0	1	1	0	0	S
NMDC20586978	0	0	0	1	0	0	0	0	1	0	0	0	1	0	0	0	0	0	0	1	S
NMDC20556104	1	1	1	0	1	0	0	0	1	1	0	1	1	0	0	0	1	0	1	0	S
NMDC20586979	0	0	0	1	0	0	0	0	1	0	1	0	1	0	1	0	1	0	0	0	S
NMDC20554108	0	0	0	1	0	0	0	0	1	0	1	0	0	0	1	0	1	1	0	1	S
NMDC20554109	0	0	0	1	0	0	0	0	1	0	1	0	0	0	1	0	1	1	0	1	S
NMDC20554110	0	0	0	1	0	0	0	0	1	0	1	0	0	0	0	0	1	0	0	0	S
NMDC20558108	0	0	0	1	0	0	0	0	1	0	1	0	0	0	0	0	1	0	0	0	S
NMDC20554111	0	0	0	1	0	0	0	0	1	0	1	0	0	0	1	0	1	1	0	1	S
NMDC20552073	0	0	0	1	0	0	0	0	1	0	1	0	0	0	1	0	1	1	0	1	S
NMDC20586982	0	0	0	1	0	0	0	0	1	0	1	0	0	0	1	0	1	1	0	1	S
NMDC20554112	0	0	0	1	0	0	0	0	1	0	1	0	0	0	0	0	1	0	0	0	S
NMDC20586983	1	1	1	0	1	0	0	0	1	1	0	1	1	0	0	0	1	0	1	0	S
NMDC20558109	0	0	0	1	0	0	0	0	1	0	1	0	0	0	1	0	1	1	0	1	S
NMDC20556105	0	0	0	1	0	0	0	0	1	0	1	0	1	0	0	0	1	0	0	1	S
NMDC20552075	0	0	0	1	0	0	0	0	1	0	1	0	0	0	1	0	1	1	0	1	S
NMDC20586984	0	0	0	1	0	0	0	0	1	0	1	0	0	0	1	0	1	1	0	1	S
NMDC20558110	0	0	0	1	0	0	0	0	1	0	1	0	0	0	1	0	1	1	0	1	S
NMDC20586985	0	0	0	1	0	0	0	0	1	0	1	0	0	0	1	0	1	1	1	0	S
NMDC20586986	0	0	0	1	0	0	0	0	1	0	1	1	0	0	0	0	1	1	0	0	S
NMDC20586987	0	0	0	1	0	0	0	0	1	0	1	1	0	0	0	0	1	1	0	0	S
NMDC20586988	1	1	1	0	1	0	0	0	1	1	0	1	1	0	0	0	1	0	1	0	S
NMDC20552076	0	0	0	1	0	0	0	0	1	0	1	0	0	0	1	0	1	1	0	1	S
NMDC20554113	0	0	0	1	0	0	1	0	1	0	1	0	0	0	1	0	1	1	0	1	S
NMDC20586993	0	0	0	1	0	0	0	0	1	0	1	0	0	0	1	0	1	1	0	1	S
NMDC20586994	0	0	0	1	0	0	0	0	1	0	1	0	0	0	1	0	1	1	0	1	S
NMDC20554114	0	0	0	1	0	0	0	0	1	0	1	0	0	0	1	0	1	1	0	1	S
NMDC20552078	0	0	0	1	0	0	0	0	1	0	1	0	0	0	1	0	1	1	0	1	S
NMDC20556108	0	0	0	1	0	0	0	0	1	0	1	0	0	0	1	0	1	1	0	1	S
NMDC20556109	0	0	0	1	0	0	0	0	1	0	1	0	0	0	1	0	1	1	0	1	S
NMDC20554115	0	0	0	1	0	0	0	0	1	0	1	0	0	0	1	0	1	1	0	1	S
NMDC20552079	0	0	0	1	0	0	0	0	1	0	1	0	0	0	1	0	1	1	0	1	S
NMDC20558113	0	0	0	1	0	0	0	0	1	0	1	0	0	0	1	0	1	1	0	1	S
NMDC20552080	0	0	0	1	0	0	0	0	1	0	1	0	0	0	1	0	1	1	0	1	S
NMDC20586997	0	0	0	1	0	0	0	0	1	0	1	1	0	0	0	0	1	1	0	0	S
NMDC20586998	0	0	0	1	1	0	0	0	1	0	0	1	0	0	0	0	0	0	0	0	S
NMDC20587001	0	0	0	1	0	0	0	0	1	0	1	0	0	0	1	0	1	0	0	0	S
NMDC20587002	0	0	0	1	0	0	0	0	1	0	1	0	0	0	0	1	1	0	0	0	S
NMDC20556111	0	0	0	1	0	0	0	0	1	0	1	0	0	0	1	0	1	1	0	1	S
NMDC20554116	0	0	0	1	0	0	0	0	1	0	1	0	0	0	1	0	1	0	0	0	S
NMDC20558114	0	0	0	1	0	0	0	0	1	0	1	0	1	0	1	0	1	0	0	0	S
NMDC20587005	0	0	0	1	1	0	0	0	1	0	1	1	0	0	0	0	1	0	0	1	S
NMDC20587006	0	0	0	1	0	0	1	0	1	0	1	0	0	0	1	0	1	1	0	1	S
NMDC20552081	0	0	0	1	0	0	0	0	1	0	1	0	0	0	1	1	1	1	0	1	S
NMDC20554117	0	0	0	1	0	0	0	0	1	0	1	0	0	0	1	0	1	1	0	1	S
NMDC20587007	0	0	0	1	0	0	1	0	1	0	1	0	0	0	1	1	1	1	0	1	S
NMDC20587008	0	0	0	1	0	0	0	0	1	1	0	0	0	0	0	0	1	1	0	0	S
NMDC20556113	0	0	0	1	0	0	0	0	1	0	1	0	1	0	0	0	1	1	0	0	S
NMDC20587014	0	0	0	1	0	0	0	0	1	0	1	0	0	0	1	1	1	1	0	1	S
NMDC20552086	0	0	0	1	0	0	0	0	1	0	1	0	0	0	1	0	1	1	0	1	S
NMDC20556114	0	0	0	1	0	0	1	0	1	0	1	0	0	0	1	1	1	1	0	1	S
NMDC20552087	1	1	1	0	1	0	0	0	1	1	0	1	1	0	0	0	1	0	1	0	S
NMDC20556118	0	0	0	1	0	0	0	0	1	0	1	1	0	0	0	0	1	1	0	0	S
NMDC20558117	0	0	0	1	0	0	0	0	1	0	1	0	0	0	1	0	1	0	0	0	S
NMDC20587017	0	0	0	1	0	0	0	0	1	0	1	0	0	0	1	0	1	1	0	1	S
NMDC20556119	0	0	0	1	0	0	0	0	1	0	1	0	0	0	1	1	1	1	0	1	S
NMDC20587019	0	0	0	1	0	0	0	0	1	0	1	0	0	0	1	0	1	1	0	1	S
NMDC20558118	0	0	0	1	0	0	0	0	1	0	1	0	0	0	1	0	1	1	0	1	S
NMDC20554120	1	1	1	0	1	0	0	0	1	1	0	1	1	0	0	0	1	0	1	0	S
NMDC20552088	0	0	0	1	0	0	0	0	1	0	1	0	0	0	0	0	1	0	0	0	S
NMDC20587020	0	0	0	1	0	0	0	0	1	0	1	1	1	0	0	1	1	0	0	0	S
NMDC20556120	0	0	0	1	0	0	0	0	1	0	1	1	0	0	0	0	1	0	0	0	S
NMDC20587021	1	1	1	0	1	0	0	0	1	1	0	1	1	0	0	0	1	0	1	0	S
NMDC20552089	1	1	1	0	1	0	0	0	1	1	0	1	1	0	0	0	1	0	1	0	S
NMDC20587022	0	0	0	1	0	0	0	0	1	0	1	0	0	0	1	0	1	1	0	1	S
NMDC20552090	0	0	0	1	0	0	0	0	1	0	1	0	0	0	1	0	1	1	0	1	S
NMDC20558120	0	0	0	1	0	0	0	0	1	0	1	0	0	0	1	0	1	1	0	1	S
NMDC20587023	1	1	1	0	1	0	0	0	1	1	0	1	1	0	0	0	1	0	1	0	S
NMDC20554121	1	1	1	0	1	0	0	0	1	1	0	1	1	0	0	0	1	0	1	0	S
NMDC20587024	0	0	0	1	0	0	0	0	1	0	1	0	0	0	0	0	1	0	0	0	S
NMDC20554122	0	0	0	1	0	0	0	0	1	0	1	0	0	0	1	0	1	1	0	1	S
NMDC20558121	0	0	0	1	0	0	0	0	1	0	1	1	0	0	0	0	1	1	0	0	S
NMDC20556121	0	0	0	1	0	0	0	0	1	0	1	0	0	0	1	0	1	1	0	1	S
NMDC20552104	0	0	0	1	1	0	0	0	1	0	1	1	0	0	1	0	1	1	1	0	S
NMDC20556125	0	0	0	1	0	0	0	0	1	0	1	0	0	0	1	0	1	1	0	1	S
NMDC20587055	0	0	0	1	0	1	1	0	1	0	1	0	0	0	1	0	1	1	0	1	S
NMDC20554135	0	0	0	1	0	0	0	0	1	0	0	0	0	0	1	1	0	1	0	1	S
NMDC20587056	0	0	0	1	0	0	0	0	1	0	1	1	0	0	0	0	1	1	0	0	S
NMDC20552105	0	0	0	1	0	0	0	0	1	0	0	0	0	0	1	0	0	0	0	0	S
NMDC20556128	0	0	0	1	0	0	0	0	1	0	1	1	1	0	0	0	1	0	0	0	S
NMDC20552106	0	0	0	1	0	0	0	0	1	0	1	0	0	0	1	1	1	1	0	1	S
NMDC20558132	0	0	0	1	0	0	0	0	1	0	1	0	0	0	1	0	1	1	0	1	S
NMDC20554137	0	0	0	1	0	0	1	0	1	0	1	0	0	0	1	0	1	1	0	1	S
NMDC20556129	0	0	0	1	0	1	1	0	1	0	1	0	0	0	1	0	1	1	0	1	S
NMDC20587057	0	0	0	1	0	0	0	0	1	0	1	0	0	0	1	0	1	1	0	1	S
NMDC20556131	0	0	0	1	0	1	1	0	1	0	1	0	0	0	1	0	1	1	0	1	S
NMDC20587058	0	0	0	1	0	0	0	0	1	0	1	0	0	0	1	0	1	1	0	1	S
NMDC20587059	0	0	0	1	0	0	0	0	1	0	1	0	0	0	1	0	1	1	0	1	S
NMDC20552107	0	0	0	1	0	1	1	0	1	0	1	0	0	0	1	0	1	1	0	1	S
NMDC20554138	0	0	0	1	0	1	1	0	1	0	1	0	0	0	1	0	1	1	0	1	S
NMDC20587060	0	0	0	1	0	0	0	0	1	0	1	0	0	0	1	0	1	1	0	1	S
NMDC20554139	0	0	0	1	0	0	0	0	1	0	1	1	0	0	0	0	1	0	0	0	S
NMDC20587061	0	0	0	1	0	0	0	0	1	0	1	0	0	0	1	0	1	1	0	1	S
NMDC20552108	0	0	0	1	0	0	0	0	1	0	1	0	0	0	1	0	1	0	0	0	S
NMDC20587062	0	0	0	1	0	0	0	0	1	0	1	0	1	0	0	0	1	0	0	1	S
NMDC20554140	0	0	0	1	0	0	0	0	1	0	1	0	0	0	1	0	1	1	0	1	S
NMDC20558134	0	0	0	1	0	0	0	0	1	0	1	0	0	0	1	0	1	1	0	1	S
NMDC20552109	0	0	0	1	0	0	0	0	1	0	1	1	0	0	0	0	1	0	0	0	S
NMDC20587064	0	0	0	1	0	0	0	0	1	0	1	0	0	0	1	0	1	1	0	1	S
NMDC20554141	0	0	0	1	0	0	1	0	1	0	1	0	0	0	1	0	1	1	0	1	S
NMDC20587065	0	0	0	1	0	0	1	0	1	0	1	0	0	0	1	1	1	1	0	1	S
NMDC20587066	0	0	0	1	0	0	1	0	1	0	1	0	0	0	1	1	1	1	0	1	S
NMDC20552111	0	0	0	0	0	0	0	0	1	0	1	1	0	0	0	1	1	0	0	0	S
NMDC20587067	0	0	0	1	0	0	0	0	1	0	1	0	0	0	1	0	1	1	0	1	S
NMDC20554142	0	0	0	1	0	0	1	0	1	0	1	0	0	0	1	0	1	1	0	1	S
NMDC20554143	0	0	0	1	0	0	0	0	1	0	1	0	0	0	1	0	1	1	0	1	S
NMDC20554144	0	0	0	1	0	0	0	0	1	0	1	1	0	0	0	0	1	1	0	0	S
NMDC20554145	0	0	0	1	0	1	1	0	1	0	1	0	0	0	1	0	1	1	0	1	S
NMDC20587068	0	0	0	1	0	0	0	0	1	0	1	0	0	0	1	0	1	1	0	1	S
NMDC20587069	0	0	0	1	0	0	0	0	1	0	1	0	0	0	1	1	1	1	0	1	S
NMDC20558135	0	0	0	1	0	0	0	0	1	0	1	0	0	0	1	1	1	1	0	1	S
NMDC20556133	0	0	0	1	0	0	0	0	1	0	1	0	0	0	1	0	1	1	0	1	S
NMDC20587070	0	0	0	1	0	0	0	0	1	0	1	0	0	0	1	0	1	1	0	1	S
NMDC20587071	0	0	0	1	0	1	1	0	1	0	1	0	0	0	1	0	1	1	0	1	S
NMDC20556134	0	0	0	1	0	1	1	0	1	0	1	0	0	0	1	1	1	1	0	1	S
NMDC20556135	0	0	0	1	0	0	0	0	1	0	1	0	0	0	1	0	1	1	0	1	S
NMDC20558136	0	0	0	1	0	0	0	0	1	0	1	0	1	0	1	0	1	1	0	0	S
NMDC20558137	0	0	0	1	0	0	1	0	1	0	1	0	0	0	1	1	1	1	0	1	S
NMDC20587073	0	0	0	1	0	1	1	0	1	0	1	0	0	0	1	0	1	1	0	1	S
NMDC20554146	0	0	0	1	0	0	1	0	1	0	1	0	0	0	1	1	1	1	0	1	S
NMDC20558138	0	0	0	1	0	0	0	0	1	0	1	0	0	0	1	0	1	1	0	1	S
NMDC20587074	0	0	0	1	0	0	0	0	1	0	1	0	0	0	1	0	1	1	0	1	S
NMDC20587076	0	0	0	1	0	0	0	0	1	0	1	0	0	0	1	1	1	1	0	1	S
NMDC20556136	0	0	0	1	0	0	0	0	1	0	1	0	0	0	1	0	1	1	0	1	S
NMDC20552113	0	0	0	1	0	0	0	0	1	0	1	0	0	0	1	0	1	1	0	1	S
NMDC20556137	0	0	1	1	0	0	0	0	1	0	1	0	0	0	1	0	1	0	0	0	S
NMDC20554148	0	0	0	1	0	0	1	0	1	0	1	0	0	0	1	0	1	1	0	1	S
NMDC20587077	0	0	0	1	0	0	0	0	1	0	1	0	0	0	1	0	1	1	0	1	S
NMDC20554150	0	0	0	1	0	0	0	0	1	0	1	0	0	0	1	0	1	1	0	1	S
NMDC20587078	0	0	0	1	0	0	0	0	1	1	0	0	0	0	0	1	1	1	0	0	S
NMDC20554151	0	0	0	1	0	0	0	0	1	0	1	0	0	0	1	0	1	1	0	1	S
NMDC20556138	0	0	0	1	0	0	1	0	1	0	1	0	0	0	1	0	1	1	0	1	S
NMDC20552114	0	0	0	1	0	1	1	0	1	0	1	0	0	0	1	0	1	1	0	1	S
NMDC20587079	1	1	1	0	1	0	0	0	1	1	0	1	1	0	0	0	1	0	1	0	S
NMDC20558141	1	1	1	0	1	0	0	0	1	1	0	1	1	0	0	0	1	0	1	0	S
NMDC20587080	1	1	1	0	1	0	0	0	1	1	0	1	1	0	0	0	1	0	1	0	S
NMDC20554152	0	0	0	1	0	0	0	0	1	0	1	0	0	0	1	0	1	1	0	1	S
NMDC20552115	0	0	0	1	0	0	0	0	1	0	1	0	0	0	1	0	1	1	0	1	S
NMDC20554153	0	0	0	1	0	0	0	0	1	0	1	0	0	0	1	0	1	1	0	1	S
NMDC20587082	0	0	0	1	0	0	0	0	1	0	1	0	0	0	1	0	1	1	0	1	S
NMDC20552116	0	0	0	1	0	0	0	0	1	0	1	0	0	0	1	0	1	1	0	1	S
NMDC20587083	0	0	0	1	0	0	0	0	1	0	1	0	0	0	0	0	1	0	0	0	S
NMDC20556139	0	0	0	1	0	0	0	0	1	0	1	0	0	0	1	0	1	1	0	1	S
NMDC20587084	0	0	0	1	0	1	1	0	1	0	1	0	0	0	1	0	1	1	0	1	S
NMDC20554154	0	0	0	1	0	1	1	0	1	0	1	0	0	0	1	0	1	1	0	1	S
NMDC20587085	0	0	0	1	0	0	0	0	1	0	1	0	0	0	1	0	1	1	0	1	S
NMDC20587086	0	0	0	1	0	1	1	0	1	0	1	0	0	0	1	0	1	1	0	1	S
NMDC20554156	0	0	0	1	0	0	1	0	1	0	1	0	0	0	1	1	1	1	0	1	S
NMDC20558142	0	0	0	1	0	0	0	0	1	0	1	0	0	0	1	0	1	1	0	1	S
NMDC20556141	0	0	0	1	0	0	0	0	1	0	1	0	0	0	1	0	1	1	0	1	S
NMDC20587087	0	0	0	1	0	0	0	0	1	0	1	0	0	0	1	0	1	1	0	1	S
NMDC20587088	0	0	0	1	0	0	0	0	1	0	1	0	0	0	1	0	1	1	0	1	S
NMDC20587089	0	0	0	1	0	0	0	0	1	0	1	0	0	0	1	0	1	1	0	1	S
NMDC20587091	0	0	0	1	0	0	0	0	1	0	1	0	1	0	1	0	1	0	0	0	S
NMDC20558143	0	0	0	1	0	0	0	0	1	0	1	0	0	0	1	0	1	1	0	1	S
NMDC20558144	0	0	0	1	0	0	0	0	1	0	1	0	0	0	1	0	1	1	0	1	S
NMDC20587093	0	0	0	1	0	0	0	0	1	0	1	0	0	0	1	0	1	1	0	1	S
NMDC20587094	0	0	0	1	0	0	0	0	1	0	1	0	0	0	1	0	1	1	0	1	S
NMDC20554160	0	0	0	1	0	1	1	0	1	0	1	0	0	0	1	1	1	1	0	1	S
NMDC20558146	0	0	0	1	0	0	1	0	1	0	1	0	0	0	1	1	1	1	0	1	S
NMDC20558147	0	0	0	1	0	0	0	0	1	0	1	0	0	0	1	0	1	1	0	1	S
NMDC20587095	0	0	0	1	0	0	0	0	1	0	1	0	0	0	1	0	1	1	0	1	S
NMDC20587096	0	0	0	1	0	0	0	0	1	0	1	0	1	0	1	0	1	1	0	1	S
NMDC20587097	0	0	0	1	0	0	1	0	1	0	1	0	0	0	1	0	1	1	0	1	S
NMDC20558148	0	0	0	1	0	0	0	0	1	0	1	0	0	0	1	0	1	1	0	1	S
NMDC20554161	0	0	0	1	0	0	0	0	1	0	1	1	0	0	0	0	1	0	0	0	S
NMDC20558149	0	0	0	1	0	0	0	0	1	0	1	0	0	0	1	0	1	1	0	1	S
NMDC20558150	0	0	0	1	0	0	0	0	1	0	1	0	1	0	1	0	1	0	0	0	S
NMDC20587098	0	0	0	1	0	0	0	0	1	0	1	0	0	0	0	0	1	0	0	0	S
NMDC20558151	0	0	0	1	0	1	1	0	1	0	1	0	0	0	1	0	1	1	0	1	S
NMDC20554162	0	0	0	1	0	0	0	0	1	0	1	1	0	0	0	0	1	1	0	0	S
NMDC20587100	0	0	0	1	0	0	0	0	1	0	1	0	0	0	1	1	1	1	0	1	S
NMDC20556144	0	0	0	1	0	0	0	0	1	0	1	0	0	0	1	0	1	1	0	1	S
NMDC20552118	0	0	0	1	0	0	0	0	1	0	1	0	0	0	1	0	1	1	0	1	S
NMDC20554163	0	0	0	1	0	0	0	0	1	0	1	0	0	0	1	1	1	1	0	1	S
NMDC20556145	0	0	0	1	0	0	0	0	1	0	1	0	0	0	1	0	1	1	0	1	S
NMDC20552119	0	0	0	1	0	0	0	0	1	0	1	0	0	0	1	0	1	1	0	1	S
NMDC20558154	0	0	0	1	0	0	0	0	1	0	1	0	0	0	1	0	1	1	0	1	S
NMDC20552120	0	0	0	1	0	0	0	0	1	0	1	0	1	0	0	0	1	0	0	1	S
NMDC20556147	0	0	0	1	0	0	0	0	1	0	1	0	0	0	1	0	1	1	0	1	S
NMDC20552121	0	0	0	1	0	0	0	0	1	0	1	0	0	0	1	0	1	1	0	1	S
NMDC20587102	0	0	0	1	0	0	0	0	1	1	0	0	0	0	1	0	1	0	0	0	S
NMDC20587103	0	0	0	1	0	0	1	0	1	0	1	0	0	0	1	0	1	1	0	1	S
NMDC20556148	0	0	0	1	0	0	1	0	1	0	1	0	0	0	1	1	1	1	0	1	S
NMDC20556150	1	1	1	0	1	0	0	0	1	1	0	1	1	0	0	0	1	0	1	0	S
NMDC20556151	0	0	0	1	0	0	0	0	1	0	1	0	0	0	1	0	1	1	0	1	S
NMDC20587105	0	0	0	1	0	1	1	0	1	0	1	0	0	0	1	0	1	1	0	1	S
NMDC20552122	0	0	0	1	0	0	0	0	1	0	1	0	0	0	1	0	1	1	0	1	S
NMDC20556152	0	0	0	1	0	0	0	0	1	0	1	0	0	0	1	0	1	1	0	1	S
NMDC20554164	0	0	0	1	0	0	0	0	1	0	0	0	0	0	1	0	0	0	0	0	S
NMDC20554165	0	0	0	1	0	0	0	0	1	0	0	0	0	0	1	0	0	0	0	0	S
NMDC20552124	0	0	0	1	0	0	0	0	1	0	1	0	1	0	0	0	1	0	0	1	S
NMDC20556153	0	0	0	1	0	0	0	0	1	0	1	0	0	0	1	0	1	1	0	1	S
NMDC20587107	0	0	0	1	0	0	0	0	1	0	1	0	1	0	0	0	1	0	0	0	S
NMDC20587108	0	0	0	1	0	0	0	0	1	0	1	0	0	0	1	0	1	1	0	1	S
NMDC20587110	0	0	0	1	0	0	0	0	1	0	1	0	0	0	1	0	1	1	0	1	S
NMDC20587111	0	0	0	1	0	0	0	0	1	0	1	0	0	0	1	0	1	1	0	1	S
NMDC20587112	0	0	0	1	0	0	0	0	1	0	1	0	0	0	1	0	1	1	0	1	S
NMDC20556155	0	0	0	1	0	0	0	0	1	0	1	0	0	0	1	0	1	1	0	1	S
NMDC20554166	0	0	0	1	0	0	1	0	1	0	1	0	0	0	1	1	1	1	0	1	S
NMDC20587114	0	0	0	1	0	0	1	0	1	0	1	0	0	0	1	1	1	1	0	1	S
NMDC20587115	0	0	0	1	0	0	0	0	1	0	1	0	0	0	1	0	1	1	1	0	S
NMDC20554168	0	0	0	1	0	1	1	0	1	0	1	0	0	0	1	0	1	1	0	1	S
NMDC20587116	0	0	0	1	0	0	0	0	1	0	1	0	0	0	1	0	1	1	0	1	S
NMDC20552125	0	0	0	1	0	0	0	0	1	0	1	0	0	0	1	0	1	1	0	1	S
NMDC20554169	0	0	0	1	0	0	0	0	1	0	1	0	0	0	1	0	1	1	0	1	S
NMDC20558159	0	0	0	1	0	0	0	0	1	0	1	0	0	0	1	0	1	1	0	1	S
NMDC20554170	0	0	0	1	0	0	0	0	1	0	1	0	0	0	1	0	1	1	0	1	S
NMDC20552126	0	0	0	1	0	0	0	0	1	0	1	0	0	0	1	0	1	1	0	1	S
NMDC20552127	0	0	0	1	0	0	0	0	1	0	1	0	0	0	1	0	1	1	0	1	S
NMDC20587119	0	0	0	1	0	0	0	0	1	0	1	0	0	0	1	0	1	1	0	1	S
NMDC20558160	1	1	1	0	1	0	0	0	1	1	0	1	1	0	0	0	1	0	1	0	S
NMDC20556156	0	0	0	1	0	0	0	0	1	0	1	0	0	0	1	0	1	1	0	1	S
NMDC20587122	0	0	0	1	0	1	1	0	1	0	1	0	0	0	1	0	1	1	0	1	S
NMDC20552128	0	0	0	1	0	0	0	0	1	0	1	0	0	0	1	0	1	0	0	0	S
NMDC20552129	0	0	0	1	0	0	0	0	1	0	1	0	0	0	1	0	1	0	0	0	S
NMDC20554173	0	0	0	1	0	0	0	0	1	0	1	0	0	0	1	0	1	1	0	1	S
NMDC20558161	0	0	0	1	0	0	0	0	1	0	1	0	0	0	1	0	1	1	0	1	S
NMDC20552130	0	0	0	1	0	0	0	0	1	0	1	1	0	0	0	0	1	0	0	1	S
NMDC20556159	0	0	0	1	0	0	0	0	1	0	1	0	0	0	1	0	1	1	0	1	S
NMDC20554174	0	0	0	1	0	0	0	0	1	0	1	0	0	0	1	0	1	1	0	1	S
NMDC20587123	1	1	1	0	1	0	0	0	1	1	0	1	1	0	0	0	1	0	1	0	S
NMDC20558162	0	0	0	1	0	0	0	0	1	0	1	0	0	0	1	0	1	1	0	1	S
NMDC20554175	0	0	0	1	0	0	0	0	1	0	1	0	0	0	1	0	1	1	0	1	S
NMDC20587124	0	0	0	1	0	0	0	0	1	0	1	0	0	0	1	0	1	1	0	1	S
NMDC20556160	0	0	0	1	0	0	0	0	1	0	1	0	0	0	1	0	1	1	0	1	S
NMDC20587125	0	0	0	1	0	0	0	0	1	0	1	0	1	0	1	0	1	0	0	0	S
NMDC20556161	0	0	0	1	0	0	0	0	1	0	1	0	1	0	1	0	1	0	0	0	S
NMDC20587126	0	0	0	1	0	0	0	0	1	0	1	0	0	0	1	0	1	1	0	1	S
NMDC20587127	0	0	0	1	0	1	1	0	1	0	1	0	0	0	1	0	1	1	0	1	S
NMDC20587128	0	0	0	1	0	0	0	0	1	0	1	0	0	0	1	0	1	1	0	1	S
NMDC20558163	0	0	0	1	0	0	0	0	1	0	1	0	0	0	1	0	1	1	0	1	S
NMDC20587129	0	0	0	1	0	0	0	0	1	0	1	0	0	0	1	0	1	1	0	1	S
NMDC20587130	0	0	0	1	0	0	0	0	1	0	1	0	1	0	1	0	1	0	0	0	S
NMDC20587131	0	0	0	1	0	0	1	0	1	0	1	0	0	0	1	1	1	1	0	1	S
NMDC20556162	0	0	0	1	0	0	0	0	1	0	1	0	0	0	1	0	1	1	0	1	S
NMDC20554178	0	0	0	1	0	0	0	0	1	0	1	0	0	0	1	0	1	1	0	1	S
NMDC20556164	0	0	0	1	0	0	0	0	1	0	1	0	0	0	1	0	1	1	0	1	S
NMDC20556165	0	0	0	1	0	1	1	0	1	0	1	0	0	0	1	0	1	1	0	1	S
NMDC20587134	0	0	0	1	0	0	1	0	1	0	1	0	0	0	1	0	1	1	0	1	S
NMDC20556166	0	0	0	1	0	0	0	0	1	0	1	0	1	0	0	0	1	0	0	1	S
NMDC20558164	0	0	0	1	0	0	0	0	1	0	1	0	1	0	0	0	1	0	0	1	S
NMDC20558165	0	0	0	1	0	0	0	0	1	0	1	0	1	0	1	0	1	0	0	0	S
NMDC20558166	0	0	0	1	0	0	0	0	1	0	1	0	0	0	1	0	1	1	0	1	S
NMDC20552133	0	0	0	1	0	0	0	0	1	0	1	0	0	0	1	0	1	1	0	1	S
NMDC20587136	0	0	0	1	0	0	0	0	1	0	1	0	0	0	1	0	1	1	0	1	S
NMDC20558167	0	0	0	1	0	0	0	0	1	0	1	1	0	0	0	0	1	0	0	0	S
NMDC20556167	0	0	0	1	0	0	0	0	1	0	1	0	0	0	1	0	1	1	0	1	S
NMDC20587137	0	0	0	1	0	0	0	0	1	0	1	0	0	0	1	0	1	1	0	1	S
NMDC20587139	0	0	0	1	0	0	0	0	1	0	1	0	0	0	1	0	1	1	0	1	S
NMDC20558168	0	0	0	1	0	0	0	0	1	0	1	0	0	0	1	0	1	1	0	1	S
NMDC20556168	0	0	0	1	0	0	0	0	1	0	1	1	0	0	0	0	1	0	0	0	S
NMDC20558169	0	0	0	1	0	0	0	0	1	0	1	0	0	0	1	0	1	1	0	1	S
NMDC20558170	0	0	0	1	0	0	0	0	1	0	1	0	0	0	1	0	1	1	0	1	S
NMDC20552136	0	0	0	1	0	0	0	0	1	0	1	0	0	0	1	0	1	1	0	1	S
NMDC20552137	0	0	0	1	0	0	0	0	1	0	1	0	0	0	1	0	1	1	0	1	S
NMDC20587140	1	1	1	0	1	0	0	0	1	1	0	1	1	0	0	0	1	0	1	0	S
NMDC20554180	1	1	1	0	1	0	0	0	1	1	0	1	1	0	0	0	1	0	1	0	S
NMDC20554181	0	0	0	1	0	0	0	0	1	0	1	0	1	0	0	0	1	0	0	0	S
NMDC20554182	0	0	0	1	0	0	0	0	1	0	1	0	0	0	1	0	1	1	0	1	S
NMDC20552139	0	0	0	1	0	0	0	0	1	0	1	0	0	0	1	1	1	1	0	1	S
NMDC20554184	1	1	1	0	1	0	0	0	1	1	0	1	1	0	0	0	1	0	1	0	S
NMDC20587141	0	0	0	1	0	0	0	0	1	0	1	0	0	0	1	0	1	1	0	1	S
NMDC20554185	0	0	0	1	0	0	0	0	1	0	1	0	0	0	1	0	1	1	0	1	S
NMDC20552140	0	0	0	1	0	0	0	0	1	0	1	0	1	0	0	0	1	0	0	1	S
NMDC20587142	0	0	0	1	0	0	0	0	1	0	1	0	0	0	0	1	1	0	0	0	S
NMDC20554186	0	0	0	1	0	0	0	0	1	0	1	0	0	0	1	1	1	1	0	1	S
NMDC20587143	0	0	0	1	0	0	1	0	1	0	1	0	0	0	1	0	1	1	0	1	S
NMDC20556169	0	0	0	1	0	0	1	0	1	0	1	0	0	0	1	1	1	1	0	1	S
NMDC20556170	0	0	0	1	0	1	1	0	1	0	1	0	0	0	1	0	1	1	0	1	S
NMDC20554188	1	1	1	0	1	0	0	0	1	1	0	1	1	0	0	0	1	0	1	0	S
NMDC20552143	0	0	0	1	0	0	0	0	1	0	1	0	0	0	1	0	1	1	0	1	S
NMDC20587144	0	0	0	1	0	0	0	0	1	0	1	0	0	0	1	0	1	1	0	1	S
NMDC20587145	0	0	0	1	0	0	0	0	1	0	1	0	0	0	1	0	1	1	0	1	S
NMDC20552145	0	0	0	1	0	0	0	0	1	0	1	0	0	0	1	0	1	1	0	1	S
NMDC20552146	0	0	0	1	0	0	0	0	1	0	1	0	0	0	1	0	1	1	0	1	S
NMDC20587146	0	0	0	1	0	0	0	0	1	0	1	0	0	0	1	1	1	1	0	1	S
NMDC20587149	0	0	0	1	0	0	0	0	1	0	1	0	0	0	1	0	1	1	0	1	S
NMDC20556172	0	0	0	1	0	0	0	0	1	0	1	0	0	0	1	0	1	1	0	1	S
NMDC20556173	0	0	0	1	0	0	0	0	1	0	1	0	0	0	1	0	1	1	0	1	S
NMDC20556174	0	0	0	1	0	0	0	0	1	0	1	0	1	0	0	0	1	0	0	0	S
NMDC20552147	0	0	0	1	0	0	0	0	1	0	1	0	0	0	1	0	1	1	0	1	S
NMDC20587153	0	0	0	1	0	0	0	0	1	0	1	1	0	0	0	0	1	1	0	0	S
NMDC20587154	0	0	0	1	0	0	0	0	1	0	1	0	0	0	1	0	1	0	0	0	S
NMDC20552148	0	0	0	1	0	0	0	0	1	0	1	1	0	0	0	0	1	0	0	0	S
NMDC20587155	0	0	0	1	0	0	0	0	1	0	1	0	0	0	1	1	1	1	0	1	S
NMDC20587157	0	0	0	1	0	0	0	0	1	0	1	0	0	0	1	0	1	1	0	1	S
NMDC20556175	0	0	0	1	0	0	0	0	1	0	1	0	0	0	1	0	1	1	0	1	S
NMDC20552149	0	0	0	1	0	0	0	0	1	0	1	0	0	0	1	0	1	1	0	1	S
NMDC20587158	0	0	0	1	0	0	0	0	1	0	1	0	0	0	1	0	1	1	0	1	S
NMDC20587159	0	0	0	1	0	0	0	0	1	0	1	0	0	0	1	0	1	1	0	1	S
NMDC20587160	0	0	0	1	0	0	0	0	1	0	1	0	0	0	1	1	1	1	0	1	S
NMDC20552151	1	0	1	0	1	0	0	0	1	1	0	1	1	0	0	0	1	0	1	0	S
NMDC20587161	0	0	0	1	0	0	0	0	1	0	1	0	0	0	1	0	1	1	0	1	S
NMDC20587162	0	0	0	1	0	0	0	0	1	0	1	0	0	0	1	0	1	1	0	1	S
NMDC20556176	1	1	1	0	1	0	0	0	1	1	0	1	1	0	0	0	1	0	1	0	S
NMDC20554190	1	1	1	0	1	0	0	0	1	1	0	1	1	0	0	0	1	0	1	0	S
NMDC20587163	1	1	1	0	1	0	0	0	1	1	0	1	1	0	0	0	1	0	1	0	S
NMDC20587164	0	0	0	1	0	0	1	0	1	0	1	0	0	0	1	1	1	1	0	1	S
NMDC20587165	0	0	0	1	0	0	0	0	1	0	1	0	0	0	1	0	1	1	0	1	S
NMDC20558176	0	0	0	1	0	1	1	0	1	0	1	0	0	0	1	1	1	1	0	1	S
NMDC20587166	0	0	0	1	0	0	0	0	1	0	1	0	0	0	1	0	1	1	0	1	S
NMDC20587167	0	0	0	1	0	0	0	0	1	0	1	0	0	0	1	0	1	1	0	1	S
NMDC20554192	0	0	0	1	0	0	0	0	1	0	1	0	0	0	1	0	1	1	0	1	S
NMDC20556179	0	0	0	1	0	0	0	0	1	0	1	0	0	0	1	0	1	1	0	1	S
NMDC20587168	1	1	1	0	1	0	0	0	1	1	0	1	1	0	0	0	1	0	1	0	S
NMDC20587169	0	0	0	1	0	0	0	0	1	0	0	0	0	0	1	0	0	0	0	0	S
NMDC20587170	0	0	0	1	0	0	0	0	1	0	1	0	0	0	1	0	1	1	0	1	S
NMDC20558179	0	0	0	1	0	0	0	0	1	0	1	0	0	0	1	0	1	1	0	1	S
NMDC20587171	0	0	0	1	0	0	0	0	1	0	1	0	0	0	1	0	1	1	0	1	S
NMDC20554193	0	0	0	1	0	0	0	0	1	0	1	0	0	0	1	0	1	1	0	1	S
NMDC20587172	0	0	0	1	0	0	0	0	1	0	1	0	0	0	1	0	1	1	0	1	S
NMDC20587173	0	0	0	1	0	0	0	0	1	0	1	0	0	0	1	0	1	1	0	1	S
NMDC20558181	0	0	0	1	0	0	1	0	1	0	1	0	0	0	1	0	1	1	0	1	S
NMDC20556182	1	1	1	0	1	0	0	0	1	1	0	1	1	0	0	0	1	0	1	0	S
NMDC20587174	0	0	0	1	0	0	0	0	1	0	1	0	0	0	1	0	1	1	0	1	S
NMDC20552156	0	0	0	1	0	0	0	0	1	0	1	0	1	0	1	0	1	0	0	0	S
NMDC20558182	0	0	0	1	0	0	0	0	1	0	1	0	0	0	1	0	1	1	0	1	S
NMDC20556183	0	0	0	1	0	0	0	0	1	0	1	0	0	0	1	0	1	1	0	1	S
NMDC20552159	0	0	0	1	0	0	0	0	1	0	1	0	0	0	1	0	1	1	0	1	S
NMDC20552160	0	0	0	1	0	0	0	0	1	0	1	1	0	0	0	0	1	0	0	0	S
NMDC20587178	0	0	0	1	0	0	0	0	1	0	1	0	0	0	1	0	1	1	0	1	S
NMDC20552161	0	0	0	1	0	0	0	0	1	0	1	0	0	0	1	0	1	1	0	1	S
NMDC20587179	0	0	0	1	0	0	0	0	1	0	1	0	0	0	1	0	1	1	0	1	S
NMDC20587180	1	1	1	0	1	0	0	0	1	1	0	1	1	0	0	0	1	0	1	0	S
NMDC20587181	1	1	1	0	1	0	0	0	1	1	0	1	1	0	0	0	1	0	1	0	S
NMDC20552163	0	0	0	1	0	0	0	0	1	0	1	0	0	0	1	0	1	1	0	1	S
NMDC20558183	0	0	0	1	0	0	0	0	1	0	1	0	0	0	1	0	1	1	0	1	S
NMDC20552164	0	0	0	1	0	0	0	0	1	0	1	0	1	0	1	0	1	0	0	0	S
NMDC20554197	0	0	0	1	0	0	0	0	1	0	1	0	0	0	1	1	1	1	0	1	S
NMDC20558185	0	0	0	1	0	0	0	0	1	0	1	0	0	0	1	0	1	1	0	1	S
NMDC20587182	0	0	0	1	0	0	0	0	1	0	1	0	0	0	1	0	1	1	0	1	S
NMDC20554198	0	0	0	1	0	1	1	0	1	0	1	0	0	0	1	0	1	1	0	1	S
NMDC20587185	0	0	0	1	0	0	0	0	1	0	1	0	0	0	1	0	1	1	0	1	S
NMDC20587187	0	0	0	1	0	0	0	0	1	0	1	0	0	0	1	0	1	1	0	1	S
NMDC20558186	0	0	0	1	0	0	0	0	1	0	1	0	0	0	1	0	1	1	0	1	S
NMDC20587188	0	0	0	1	0	0	0	0	1	0	1	0	0	0	1	0	1	1	0	1	S
NMDC20587189	0	0	0	1	0	0	0	0	1	0	1	0	0	0	1	0	1	1	0	1	S
NMDC20587190	0	0	0	1	0	0	0	0	1	0	1	0	0	0	1	0	1	1	0	1	S
NMDC20552165	0	0	0	1	0	0	0	0	1	0	1	0	0	0	1	0	1	1	0	1	S
NMDC20587191	0	0	0	1	0	0	0	0	1	0	1	0	0	0	1	0	1	1	0	1	S
NMDC20587192	0	0	0	1	0	0	0	0	1	0	1	0	0	0	1	0	1	1	0	1	S
NMDC20556184	0	0	0	1	0	0	0	0	1	0	1	1	0	0	0	0	1	0	0	1	S
NMDC20552166	0	0	0	1	0	0	0	0	1	0	1	1	1	0	0	0	1	0	0	1	S
NMDC20587193	0	0	0	1	0	0	0	0	1	0	1	0	0	0	1	0	1	1	0	1	S
NMDC20556185	0	0	0	1	0	0	0	0	1	0	1	0	0	0	1	0	1	1	0	1	S
NMDC20552167	0	0	0	1	0	0	0	0	1	0	1	0	0	0	1	0	1	1	0	1	S
NMDC20558189	0	0	0	1	0	0	0	0	1	0	1	1	0	0	0	0	1	0	0	1	S
NMDC20587196	0	0	0	1	0	0	0	0	1	0	1	0	0	0	1	0	1	1	0	1	S
NMDC20556186	0	0	0	1	0	0	0	0	1	0	1	0	0	0	1	0	1	1	0	1	S
NMDC20556187	0	0	0	1	0	0	0	0	1	0	1	0	0	0	1	0	1	1	0	1	S
NMDC20587197	0	0	0	1	0	0	0	0	1	0	1	0	0	0	1	0	1	1	0	1	S
NMDC20554200	0	0	0	1	0	0	0	0	1	0	1	0	0	0	1	0	1	1	0	1	S
NMDC20587198	0	0	0	1	0	0	0	0	1	0	1	0	0	0	1	0	1	1	0	1	S
NMDC20587199	0	0	0	1	0	0	0	0	1	0	1	0	0	0	1	0	1	1	0	1	S
NMDC20554201	0	0	0	1	0	0	0	0	1	0	1	0	0	0	1	1	1	1	0	1	S
NMDC20556188	0	0	0	1	0	0	0	0	1	0	1	0	0	0	1	0	1	1	0	1	S
NMDC20554202	0	0	0	1	0	0	0	0	1	0	1	0	0	0	1	0	1	1	0	1	S
NMDC20558190	0	0	0	1	0	0	0	0	1	0	1	0	0	0	1	0	1	1	0	1	S
NMDC20587201	0	0	0	1	0	0	0	0	1	0	1	0	0	0	1	0	1	1	0	1	S
NMDC20556190	0	0	0	1	0	0	0	0	1	0	1	0	0	0	1	0	1	1	0	1	S
NMDC20556191	0	0	0	1	0	0	0	0	1	0	1	0	0	0	1	0	1	1	0	1	S
NMDC20552170	0	0	0	1	0	0	0	0	1	0	1	0	0	0	1	0	1	1	0	1	S
NMDC20556192	0	0	0	1	0	0	0	0	1	0	1	0	1	0	1	0	1	0	0	0	S
NMDC20556193	0	0	0	1	0	0	0	0	1	0	1	1	0	0	0	0	1	0	0	1	S
NMDC20587203	0	0	0	1	0	0	0	0	1	0	1	1	0	0	0	0	1	0	0	1	S
NMDC20556194	0	0	0	1	0	0	0	0	1	0	1	0	0	0	1	0	1	1	0	1	S
NMDC20587204	0	0	0	1	0	0	0	0	1	0	1	0	0	0	1	0	1	1	0	1	S
NMDC20556195	0	0	0	1	0	0	0	0	1	0	1	0	0	0	1	0	1	1	0	1	S
NMDC20587205	0	0	0	1	0	0	0	0	1	0	1	0	0	0	1	0	1	1	0	1	S
NMDC20587206	0	0	0	0	0	0	0	0	1	0	1	1	0	0	0	1	1	0	0	0	S
NMDC20552171	0	0	0	1	0	0	0	0	1	0	1	0	1	0	1	0	1	0	0	0	S
NMDC20552172	0	0	0	1	0	0	0	0	1	0	1	0	0	0	1	0	1	1	0	1	S
NMDC20556196	0	0	0	1	0	0	0	0	1	0	0	1	1	0	0	0	1	0	0	0	S
NMDC20552173	0	0	0	1	0	0	0	0	1	0	1	0	0	0	0	0	1	0	0	1	S
NMDC20558195	0	0	0	1	0	0	0	0	1	0	1	0	0	0	0	0	1	0	0	0	S
NMDC20587211	0	0	0	1	0	0	0	0	1	0	1	0	0	0	1	0	1	1	0	1	S
NMDC20587212	0	0	0	1	0	1	1	0	1	0	1	0	0	0	1	0	1	1	0	1	S
NMDC20558201	0	0	0	1	0	0	1	0	1	0	1	0	0	0	1	0	1	1	0	1	S
NMDC20554206	0	0	0	1	0	0	1	0	1	0	1	0	0	0	1	0	1	1	0	1	S
NMDC20587214	1	1	1	0	1	0	0	0	1	1	0	1	1	0	0	0	1	0	1	0	S
NMDC20558202	1	1	1	0	1	0	0	0	1	1	0	1	1	0	0	0	1	0	1	0	S
NMDC20587215	1	1	1	0	1	0	0	0	1	1	0	1	1	0	0	0	1	0	1	0	S
NMDC20587216	1	1	1	0	1	0	0	0	1	1	0	1	1	0	0	0	1	0	1	0	S
NMDC20558204	0	0	0	1	0	0	0	0	1	0	1	0	0	0	1	0	1	1	0	1	S
NMDC20552179	0	0	1	1	0	0	0	0	1	0	1	1	0	0	0	0	1	0	0	0	S
NMDC20587217	0	0	0	1	0	0	0	0	1	0	1	0	0	0	1	0	1	1	0	1	S
NMDC20554207	0	0	0	1	0	0	0	0	1	0	1	0	0	0	1	0	1	1	0	1	S
NMDC20556199	0	0	0	1	0	0	0	0	1	0	1	0	0	0	1	1	1	0	0	1	S
NMDC20587218	0	0	0	1	0	0	0	0	1	0	1	0	0	0	1	1	1	1	0	1	S
NMDC20587219	0	0	0	1	0	0	0	0	1	0	1	0	0	0	1	0	1	1	0	1	S
NMDC20556200	0	0	0	1	0	0	0	0	1	0	1	0	0	0	1	1	1	1	0	1	S
NMDC20556201	0	0	0	1	0	0	0	0	1	0	1	0	0	0	1	0	1	1	0	1	S
NMDC20587220	0	0	0	1	0	0	0	0	1	0	1	0	0	0	1	0	1	1	0	1	S
NMDC20587221	0	0	0	1	0	0	0	0	1	0	1	0	0	0	0	0	1	0	0	0	S
NMDC20558207	0	0	0	1	0	0	0	0	1	0	1	0	0	0	1	0	1	1	0	1	S
NMDC20558208	0	0	0	1	0	0	0	0	1	0	1	0	0	0	1	0	1	1	0	1	S
NMDC20556202	0	0	0	1	0	0	0	0	1	0	1	1	1	0	0	0	1	0	0	1	S
NMDC20556203	0	0	0	1	0	0	0	0	1	0	1	0	0	0	1	0	1	1	0	1	S
NMDC20554210	0	0	0	1	0	0	0	0	1	1	0	0	1	0	0	0	1	1	0	0	S
NMDC20554211	0	0	0	1	0	0	0	0	1	0	1	0	0	0	1	0	1	1	0	1	S
NMDC20556204	0	0	0	1	0	0	0	0	1	0	1	0	1	0	0	0	1	0	0	0	S
NMDC20554212	0	0	0	1	0	0	0	0	1	0	0	0	0	0	1	1	0	1	0	1	S
NMDC20554213	0	0	0	1	0	0	0	0	1	0	1	0	0	0	1	0	1	1	0	1	S
NMDC20558209	1	1	1	0	1	0	0	0	1	1	0	1	1	0	0	0	1	0	1	0	S
NMDC20587224	0	0	0	1	0	0	0	0	1	0	1	0	0	0	1	0	1	1	0	1	S
NMDC20554214	0	0	0	1	0	0	0	0	1	0	0	1	1	0	0	0	0	0	0	1	S
NMDC20556205	0	0	0	1	0	0	0	0	1	0	1	0	0	0	1	0	1	1	0	1	S
NMDC20558212	0	0	0	1	0	0	0	0	1	0	1	0	0	0	1	0	1	1	0	1	S
NMDC20554215	0	0	0	1	0	0	0	0	1	0	1	0	0	0	1	0	1	1	0	0	S
NMDC20587225	0	0	0	1	0	0	0	0	1	0	1	0	0	0	1	0	1	1	0	1	S
NMDC20554216	0	0	0	1	0	0	0	0	1	0	1	0	0	0	1	0	1	1	0	1	S
NMDC20552184	0	0	0	1	0	0	0	0	1	0	0	1	1	0	0	1	1	0	0	0	S
NMDC20556206	1	1	1	0	1	0	0	0	1	1	0	1	1	0	0	0	1	0	1	0	S
NMDC20554218	0	0	0	1	0	0	0	0	1	0	1	0	0	0	1	0	1	1	0	1	S
NMDC20587226	0	0	0	1	0	0	0	0	1	0	1	0	0	0	1	0	1	1	0	1	S
NMDC20554220	0	0	0	1	0	0	0	0	1	0	1	0	0	0	1	0	1	1	0	1	S
NMDC20556208	0	0	0	1	0	0	0	0	1	0	1	0	0	0	1	0	1	1	0	1	S
NMDC20587228	0	0	0	1	0	0	0	0	1	0	1	0	1	0	1	0	1	0	0	0	S
NMDC20587229	0	0	0	1	0	0	0	0	1	0	1	0	0	0	1	0	1	1	0	1	S
NMDC20587230	0	0	0	1	0	0	0	0	1	0	1	0	0	0	1	1	1	1	0	1	S
NMDC20558213	0	0	0	1	0	0	0	0	1	0	1	0	0	0	1	0	1	1	0	1	S
NMDC20587231	0	0	0	1	0	0	0	0	1	0	1	0	0	0	1	1	1	1	0	1	S
NMDC20587232	0	0	0	1	0	0	1	0	1	0	1	0	0	0	1	1	1	1	0	1	S
NMDC20587233	0	0	0	1	0	0	0	0	1	0	1	0	0	0	1	0	1	1	0	1	S
NMDC20587234	1	1	1	0	1	0	0	0	1	1	0	1	1	0	0	0	1	0	1	0	S
NMDC20552186	0	0	0	1	0	0	0	0	1	0	1	0	0	0	1	0	1	1	0	1	S
NMDC20558214	1	1	1	0	1	0	0	0	1	1	0	1	1	0	0	0	1	0	1	0	S
NMDC20554222	1	1	1	0	1	0	0	0	1	1	0	1	1	0	0	0	1	0	1	0	S
NMDC20552187	0	0	0	1	0	0	0	0	1	0	1	0	0	0	1	0	1	1	0	1	S
NMDC20558215	0	0	0	1	0	0	0	0	1	1	0	0	1	0	1	0	1	1	0	0	S
NMDC20587235	0	0	0	1	0	0	0	0	1	0	1	0	1	0	0	0	1	0	0	1	S
NMDC20552189	0	0	0	1	0	0	0	0	1	0	1	0	0	0	1	0	1	1	0	1	S
NMDC20558216	0	0	0	1	0	0	0	0	1	0	1	0	0	0	1	0	1	1	0	1	S
NMDC20587236	0	0	0	1	0	0	0	0	1	0	1	0	1	0	0	0	1	0	0	1	S
NMDC20554223	1	1	1	0	1	0	0	0	1	1	0	1	1	0	0	0	1	0	1	0	S
NMDC20554224	1	1	1	0	1	0	0	0	1	1	0	1	1	0	0	0	1	0	1	0	S
NMDC20556212	0	0	0	1	0	0	0	0	1	0	1	0	0	0	1	0	1	1	0	1	S
NMDC20552190	0	0	0	1	0	0	0	0	1	0	1	0	0	0	1	0	1	1	0	1	S
NMDC20552191	0	0	0	1	0	0	0	0	1	0	1	0	0	0	1	1	1	1	0	1	S
NMDC20587237	0	0	0	1	0	0	0	0	1	0	0	1	0	0	0	0	0	0	0	1	S
NMDC20552192	0	0	0	1	0	0	0	0	1	0	1	0	0	0	1	0	1	1	0	1	S
NMDC20556213	0	0	0	1	0	0	0	0	1	0	1	1	1	0	0	1	1	0	0	0	S
NMDC20552193	0	0	0	1	0	0	0	0	1	0	1	0	0	0	1	0	1	1	0	1	S
NMDC20587239	0	0	0	1	0	0	0	0	1	0	1	0	0	0	1	0	1	1	0	1	S
NMDC20552194	0	0	0	1	0	0	0	0	1	0	1	0	0	0	1	0	1	1	0	1	S
NMDC20587242	0	0	0	1	0	0	0	0	1	0	1	0	0	0	1	0	1	1	0	1	S
NMDC20558217	1	0	1	0	1	0	0	0	1	1	0	1	1	0	0	0	1	0	1	0	S
NMDC20558218	0	0	0	1	0	0	0	0	1	0	1	0	0	0	0	0	1	0	0	0	S
NMDC20558219	0	0	0	1	0	0	0	0	1	0	1	0	0	0	1	0	1	1	0	1	S
NMDC20558220	0	0	0	1	0	0	0	0	1	0	1	0	0	0	1	0	1	1	0	1	S
NMDC20556214	0	0	0	1	0	0	0	0	1	0	1	0	0	0	1	0	1	1	0	1	S
NMDC20552196	0	0	0	1	0	0	0	0	1	0	1	0	0	0	1	0	1	1	0	1	S
NMDC20552197	0	0	0	1	0	0	0	0	1	0	1	0	0	0	1	0	1	1	0	1	S
NMDC20587246	0	0	0	1	0	0	0	0	1	0	1	0	1	0	1	0	1	0	0	0	S
NMDC20558221	0	0	0	1	0	0	0	0	1	0	1	0	0	0	1	0	1	1	0	1	S
NMDC20587247	0	0	0	1	0	1	1	0	1	0	1	0	0	0	1	0	1	1	0	1	S
NMDC20556215	0	0	0	1	0	0	0	0	1	0	1	0	0	0	1	0	1	1	0	1	S
NMDC20552200	0	0	0	1	0	1	1	0	1	0	1	0	0	0	1	0	1	1	0	1	S
NMDC20558223	1	1	1	0	1	0	0	0	1	1	0	1	1	0	0	0	1	0	1	0	S
NMDC20556217	0	0	0	1	0	0	0	0	1	0	1	1	0	0	0	0	1	0	0	0	S
NMDC20552201	0	0	0	1	0	0	0	0	1	0	1	0	1	0	0	0	1	0	0	1	S
NMDC20552202	0	0	0	1	0	0	0	0	1	0	1	0	1	0	1	0	1	0	0	0	S
NMDC20558225	0	0	0	1	0	0	0	0	1	0	1	0	0	0	1	1	1	1	0	1	S
NMDC20587248	0	0	0	1	0	0	0	0	1	0	1	0	0	0	1	0	1	1	0	1	S
NMDC20587249	0	0	0	1	0	0	0	0	1	0	1	0	0	0	1	0	1	1	0	1	S
NMDC20587250	0	0	0	1	0	0	0	0	1	0	1	0	0	0	1	0	1	1	0	1	S
NMDC20587252	0	0	0	1	0	0	0	0	1	0	1	0	0	0	1	0	1	1	0	1	S
NMDC20556219	0	0	0	1	0	0	0	0	1	0	1	1	0	0	0	0	1	0	0	0	S
NMDC20587253	0	0	0	1	0	0	0	0	1	0	1	1	0	0	0	0	1	0	0	0	S
NMDC20587254	0	0	0	1	0	0	0	0	1	0	1	0	0	0	1	0	1	1	0	1	S
NMDC20554230	0	0	0	1	0	0	0	0	1	0	1	0	0	0	1	0	1	1	0	1	S
NMDC20556220	1	1	1	0	1	0	0	0	1	1	0	1	1	0	0	0	1	0	1	0	S
NMDC20552204	0	0	0	1	0	1	1	0	1	0	1	0	0	0	1	0	1	1	0	1	S
NMDC20558228	0	0	0	1	0	0	0	0	1	0	1	1	0	0	0	0	1	0	0	0	S
NMDC20552205	0	0	0	1	0	0	0	0	1	0	1	0	0	0	1	0	1	1	0	1	S
NMDC20587258	0	0	0	1	0	0	0	0	1	0	0	1	0	0	0	0	1	0	0	1	S
NMDC20558229	0	0	0	1	0	0	0	0	1	0	1	0	0	0	1	0	1	1	0	1	S
NMDC20552206	0	0	0	1	0	0	0	0	1	0	1	0	1	0	1	0	1	0	0	0	S
NMDC20554232	0	0	0	1	0	0	0	0	1	0	1	0	0	0	1	0	1	1	0	1	S
NMDC20552207	0	0	0	1	0	0	0	0	1	0	1	0	0	0	1	0	1	1	0	1	S
NMDC20552208	0	0	0	1	0	0	0	0	1	0	1	0	0	0	1	0	1	1	0	1	S
NMDC20554233	0	0	0	1	0	0	0	0	1	0	1	0	0	0	1	0	1	1	0	1	S
NMDC20556222	0	0	0	1	0	0	0	0	1	0	1	0	0	0	1	0	1	1	0	1	S
NMDC20552209	1	1	1	0	1	0	0	0	1	1	0	1	1	0	0	0	1	0	1	0	S
NMDC20558230	0	0	0	1	0	1	1	0	1	0	1	0	0	0	1	1	1	1	0	1	S
NMDC20558231	0	0	0	1	0	1	1	0	1	0	1	0	0	0	1	0	1	1	0	1	S
NMDC20587260	0	0	0	1	0	0	1	0	1	0	1	0	0	0	1	0	1	1	0	1	S
NMDC20587261	0	0	0	1	0	0	0	0	1	0	1	0	0	0	1	0	1	1	0	1	S
NMDC20558232	0	0	0	1	0	0	0	0	1	0	1	0	0	0	1	0	1	1	0	1	S
NMDC20558233	0	0	0	1	0	0	0	0	1	0	1	0	0	0	0	1	1	0	0	0	S
NMDC20554234	0	0	0	1	0	0	0	0	1	0	1	0	0	0	1	0	1	1	0	1	S
NMDC20556224	0	0	0	1	0	0	0	0	1	0	1	0	0	0	1	0	1	1	0	1	S
NMDC20554235	0	0	0	1	0	0	0	0	1	0	1	0	0	0	1	0	1	1	0	1	S
NMDC20556225	0	0	0	1	0	0	0	0	1	0	1	0	0	0	1	0	1	1	0	1	S
NMDC20587262	0	0	0	1	0	1	1	0	1	0	1	0	0	0	1	0	1	1	0	1	S
NMDC20556226	0	0	0	1	0	1	1	0	1	0	1	0	0	0	1	0	1	1	0	1	S
NMDC20552211	0	0	0	1	0	0	0	0	1	0	1	0	0	0	1	0	1	1	0	1	S
NMDC20558235	0	0	0	1	0	0	0	0	1	0	1	0	1	0	1	0	0	1	0	1	S
NMDC20558236	0	0	0	1	0	0	0	0	1	0	1	0	0	0	1	0	1	1	0	1	S
NMDC20556228	0	0	0	1	0	0	0	0	1	0	1	0	0	0	1	0	1	1	0	0	S
NMDC20587265	0	0	0	1	0	0	0	0	1	1	0	0	1	0	0	0	1	1	0	0	S
NMDC20552213	0	0	0	1	0	0	0	0	1	0	1	0	0	0	1	0	1	1	0	1	S
NMDC20554237	0	0	0	1	0	0	0	0	1	0	1	0	0	0	1	0	1	1	0	1	S
NMDC20556229	0	0	0	1	0	0	0	0	1	0	1	0	0	0	1	1	1	1	0	1	S
NMDC20552214	0	0	0	1	0	0	0	0	1	0	1	0	0	0	1	0	1	1	0	1	S
NMDC20552215	0	0	0	1	0	0	0	0	1	0	1	0	0	0	1	0	1	1	0	1	S
NMDC20552216	0	0	0	1	0	0	0	0	1	0	1	0	1	0	1	0	1	1	0	0	S
NMDC20556230	0	0	0	1	0	0	0	0	1	0	1	0	0	0	1	0	1	1	0	1	S
NMDC20556231	0	0	0	1	0	0	0	0	1	0	1	0	0	0	1	0	1	1	0	1	S
NMDC20587267	0	0	0	1	0	0	0	0	1	0	1	0	0	0	1	0	1	1	0	1	S
NMDC20554239	0	0	0	1	0	0	0	0	1	0	1	0	0	0	1	1	1	1	0	1	S
NMDC20587271	0	0	0	1	0	0	0	0	1	0	1	0	0	0	1	0	1	1	0	1	S
NMDC20554240	0	0	0	1	0	0	0	0	1	0	1	0	0	0	1	0	1	1	0	1	S
NMDC20587273	1	1	1	0	1	0	0	0	1	1	0	1	1	0	0	0	1	0	1	0	S
NMDC20556233	0	0	0	1	0	1	1	0	1	0	1	0	0	0	1	0	1	1	0	1	S
NMDC20552218	0	0	0	1	0	0	0	0	1	0	1	0	0	0	0	0	1	0	0	1	S
NMDC20558238	0	0	0	1	0	0	0	0	1	0	1	0	1	0	0	0	1	0	0	1	S
NMDC20587279	0	0	0	1	0	0	0	0	1	0	1	0	0	0	1	0	1	1	0	1	S
NMDC20558239	0	0	0	1	0	0	0	0	1	0	1	0	0	0	1	0	1	1	0	1	S
NMDC20552219	0	0	0	1	0	0	0	0	1	0	1	0	1	0	1	0	1	0	0	0	S
NMDC20552220	0	0	0	1	0	0	0	0	1	0	1	0	0	0	1	0	1	1	0	1	S
NMDC20558240	0	0	0	1	0	0	0	0	1	0	1	0	0	0	1	0	1	1	0	1	S
NMDC20587280	0	0	0	1	0	0	0	0	1	0	1	0	0	0	1	0	1	1	0	1	S
NMDC20558241	0	0	0	1	0	0	0	0	1	0	1	0	0	0	1	0	1	1	0	1	S
NMDC20587282	0	0	0	1	0	0	0	0	1	0	1	0	0	0	1	0	1	1	0	1	S
NMDC20554245	0	0	0	1	0	0	0	0	1	0	1	0	0	0	1	0	1	1	0	1	S
NMDC20552221	0	0	0	1	0	0	0	0	1	0	1	0	0	0	1	0	1	1	0	1	S
NMDC20587285	0	0	0	1	0	0	1	0	1	0	1	0	0	0	1	0	1	1	0	1	S
NMDC20554246	0	0	0	1	0	0	1	0	1	0	1	0	0	0	1	0	1	1	0	1	S
NMDC20556236	0	0	0	1	0	0	0	0	1	0	1	0	0	0	1	0	1	1	0	1	S
NMDC20587286	0	0	0	1	0	0	0	0	1	0	1	0	0	0	1	0	1	0	0	0	S
NMDC20554247	0	0	0	1	0	0	0	0	1	0	1	0	0	0	1	0	1	1	0	1	S
NMDC20554248	0	0	0	1	0	0	0	0	1	0	1	0	0	0	1	0	1	1	0	1	S
NMDC20558243	0	0	0	1	0	0	0	0	1	1	0	0	0	0	0	0	1	1	0	0	S
NMDC20558244	0	0	0	1	0	0	0	0	1	0	1	0	0	0	1	0	1	1	0	1	S
NMDC20587288	0	0	0	1	0	0	0	0	1	1	0	0	1	0	1	0	1	1	0	0	S
NMDC20554249	0	0	0	1	0	0	0	0	1	0	1	0	0	0	1	1	1	1	0	1	S
NMDC20552224	0	0	0	1	0	0	0	0	1	0	1	0	0	0	1	0	1	1	0	1	S
NMDC20587289	0	0	0	1	0	0	0	0	1	0	1	0	1	0	1	0	1	0	0	0	S
NMDC20587290	0	0	0	1	0	0	0	0	1	0	1	0	0	0	1	0	1	1	0	1	S
NMDC20552225	0	0	0	1	0	0	0	0	1	0	1	0	0	0	1	0	1	1	0	1	S
NMDC20587291	0	0	0	1	0	0	0	0	1	0	1	0	1	0	0	0	1	0	0	1	S
NMDC20556237	0	0	0	1	0	0	0	0	1	0	1	0	0	0	1	0	1	0	0	0	S
NMDC20554251	1	1	1	0	1	0	0	0	1	1	0	1	1	0	0	0	1	0	1	0	S
NMDC20556238	1	1	1	0	1	0	0	0	1	1	0	1	1	0	0	0	1	0	1	0	S
NMDC20558247	1	1	1	0	1	0	0	0	1	1	0	1	1	0	0	0	1	0	1	0	S
NMDC20556239	1	1	1	0	1	0	0	0	1	1	0	1	1	0	0	0	1	0	1	0	S
NMDC20552226	1	1	1	0	1	0	0	0	1	1	0	1	1	0	0	0	1	0	1	0	S
NMDC20558248	1	1	1	0	1	0	0	0	1	1	0	1	1	0	0	0	1	0	1	0	S
NMDC20587294	0	0	0	1	0	0	0	0	1	0	1	1	0	0	0	0	1	0	0	1	S
NMDC20558249	1	1	1	0	1	0	0	0	1	1	0	1	1	0	0	0	1	0	1	0	S
NMDC20558250	0	0	0	1	0	0	0	0	1	0	1	0	0	0	1	0	1	1	0	1	S
NMDC20587295	0	0	0	1	0	0	0	0	1	0	1	0	0	0	1	0	1	1	0	1	S
NMDC20587296	1	1	1	0	1	0	0	0	1	1	0	1	1	0	0	0	1	0	1	0	S
NMDC20552227	0	0	0	1	0	0	0	0	1	0	1	0	0	0	1	0	1	1	0	1	S
NMDC20554252	0	0	0	1	0	0	0	0	1	0	1	0	0	0	1	0	1	1	0	1	S
NMDC20552228	0	0	0	1	0	0	0	0	1	0	1	0	0	0	1	0	1	1	0	1	S
NMDC20587297	0	0	0	1	0	0	0	0	1	0	1	0	0	0	1	0	1	1	0	1	S
NMDC20552229	0	0	0	1	0	0	0	0	1	0	1	0	0	0	1	0	1	1	0	1	S
NMDC20587299	0	0	0	1	0	0	0	0	1	1	0	0	1	0	1	0	1	1	0	0	S
NMDC20556240	0	0	0	1	0	0	0	0	1	0	1	0	0	0	1	0	1	1	0	1	S
NMDC20556241	1	1	1	0	1	0	0	0	1	1	0	1	1	0	0	0	1	0	1	0	S
NMDC20587300	0	0	0	1	0	0	0	0	1	0	1	0	0	0	1	0	1	1	0	1	S
NMDC20552230	1	1	1	0	1	0	0	0	1	1	0	1	1	0	0	0	1	0	1	0	S
NMDC20552231	0	0	0	1	0	0	0	0	1	0	1	0	0	0	1	0	1	1	0	1	S
NMDC20554254	0	0	0	1	0	0	0	0	1	1	0	0	1	0	1	0	1	1	0	0	S
NMDC20552232	1	1	1	0	1	0	0	0	1	1	0	1	1	0	0	0	1	0	1	0	S
NMDC20587301	0	0	0	1	0	0	0	0	1	0	1	0	0	0	1	0	1	1	0	1	S
NMDC20556242	0	0	0	1	0	0	0	0	1	0	1	0	0	0	1	0	1	1	0	1	S
NMDC20552233	0	0	0	1	0	0	0	0	1	0	1	0	0	0	1	0	1	1	0	1	S
NMDC20587302	0	0	0	1	0	0	1	0	1	0	1	0	0	0	1	1	1	1	0	1	S
NMDC20554255	0	0	0	1	0	0	0	0	1	0	1	0	0	0	1	0	1	1	0	1	S
NMDC20587303	1	1	1	0	1	0	0	0	1	1	0	1	1	0	0	0	1	0	1	0	S
NMDC20556243	0	0	0	1	0	0	0	0	1	0	1	0	0	0	1	0	1	1	0	1	S
NMDC20587304	0	0	0	1	0	0	0	0	1	0	1	0	0	0	1	0	1	1	0	1	S
NMDC20587305	0	0	0	1	0	0	0	0	1	0	1	0	0	0	1	0	1	1	0	1	S
NMDC20552235	0	0	0	1	0	0	0	0	1	0	1	0	0	0	1	0	1	1	0	1	S
NMDC20554256	0	0	0	1	0	0	0	0	1	0	1	0	0	0	1	0	1	1	0	1	S
NMDC20552236	0	0	0	1	0	0	0	0	1	0	1	0	0	0	1	0	1	1	0	1	S
NMDC20587306	0	0	0	1	0	0	0	0	1	0	1	0	0	0	1	0	1	1	0	1	S
NMDC20558253	0	0	0	1	0	0	0	0	1	0	1	0	0	0	1	0	1	1	0	1	S
NMDC20552237	0	0	0	1	0	0	0	0	1	0	1	0	0	0	1	0	1	1	0	1	S
NMDC20587308	0	0	0	1	0	0	0	0	1	0	1	0	0	0	1	0	1	1	0	1	S
NMDC20558255	0	0	0	1	0	0	0	0	1	0	1	0	0	0	1	0	1	1	0	1	S
NMDC20558256	0	0	0	1	0	0	0	0	1	0	1	0	0	0	1	0	1	1	0	1	S
NMDC20558257	0	0	0	1	0	0	0	0	1	0	1	0	0	0	1	0	1	1	0	1	S
NMDC20556245	0	0	0	1	0	0	0	0	1	0	1	0	0	0	1	0	1	1	0	1	S
NMDC20558258	0	0	0	1	0	0	0	0	1	0	1	0	0	0	1	0	1	1	0	1	S
NMDC20558259	0	0	0	1	0	0	0	0	1	0	1	0	0	0	1	0	1	1	0	1	S
NMDC20587310	0	0	0	1	0	0	0	0	1	0	1	0	0	0	1	0	1	1	0	1	S
NMDC20587311	0	0	0	1	0	0	0	0	1	0	1	0	0	0	1	0	1	1	0	1	S
NMDC20556247	0	0	0	1	0	0	0	0	1	0	1	0	0	0	1	0	1	1	0	1	S
NMDC20552239	0	0	0	1	0	0	0	0	1	0	1	0	0	0	1	0	1	1	0	1	S
NMDC20554257	0	0	0	1	0	0	0	0	1	0	1	0	0	0	1	0	1	1	0	1	S
NMDC20556248	0	0	0	1	0	0	0	0	1	1	0	0	1	0	1	0	1	1	0	0	S
NMDC20556249	0	0	0	1	0	0	0	0	1	1	0	0	1	0	1	0	1	1	0	0	S
NMDC20554258	0	0	0	1	0	0	0	0	1	0	1	0	0	0	1	1	1	1	0	1	S
NMDC20554259	0	0	0	1	0	0	0	0	1	0	1	0	0	0	1	0	1	1	0	1	S
NMDC20587313	0	0	0	1	0	0	0	0	1	0	1	0	1	0	1	0	1	1	0	0	S
NMDC20552241	0	0	0	1	0	0	0	0	1	0	1	0	0	0	1	0	1	1	0	1	S
NMDC20558260	0	0	0	1	0	0	0	0	1	0	1	0	0	0	1	0	1	1	0	1	S
NMDC20558261	0	0	0	1	0	0	0	0	1	0	1	0	0	0	1	0	1	1	0	1	S
NMDC20556253	0	0	0	1	0	0	0	0	1	0	1	0	0	0	1	0	1	1	0	1	S
NMDC20556254	0	0	0	1	0	0	0	0	1	0	1	1	0	0	0	0	1	0	0	0	S
NMDC20587316	0	0	0	1	0	0	0	0	1	0	1	1	0	0	0	0	1	1	0	0	S
NMDC20587317	0	0	0	1	0	0	0	0	1	0	1	0	0	0	1	0	1	1	0	1	S
NMDC20558262	0	0	0	1	0	0	0	0	1	0	1	0	0	0	1	0	1	1	0	1	S
NMDC20552242	0	0	0	1	0	0	0	0	1	0	1	0	0	0	1	0	1	1	0	1	S
NMDC20554260	0	0	0	1	0	0	0	0	1	0	1	0	0	0	1	0	1	1	0	1	S
NMDC20558263	0	0	0	1	0	0	0	0	1	0	1	0	0	0	1	1	1	1	0	1	S
NMDC20556255	0	0	0	1	0	0	0	0	1	0	1	0	0	0	1	0	1	1	0	1	S
NMDC20556256	0	0	0	1	0	0	1	0	1	0	1	0	0	0	1	0	1	1	0	1	S
NMDC20552243	0	0	0	1	0	0	0	0	1	0	1	0	0	0	1	0	1	1	0	1	S
NMDC20587319	0	0	0	1	0	0	0	0	1	0	1	0	0	0	1	0	1	1	0	1	S
NMDC20587320	0	0	0	1	0	0	0	0	1	0	1	1	0	0	0	0	1	1	0	0	S
NMDC20558264	0	0	0	1	0	0	0	0	1	0	1	0	0	0	1	0	1	1	0	1	S
NMDC20554261	0	0	0	1	0	0	0	0	1	0	1	0	0	0	1	0	1	1	0	1	S
NMDC20587322	0	0	0	1	0	0	0	0	1	0	1	0	0	0	1	0	1	1	0	1	S
NMDC20552244	0	0	0	1	0	0	0	0	1	0	1	0	0	0	1	0	1	1	0	1	S
NMDC20558266	0	0	0	1	0	0	0	0	1	0	1	0	0	0	1	0	1	1	0	1	S
NMDC20587323	0	0	0	1	0	0	0	0	1	0	0	0	1	0	0	0	0	0	0	1	S
NMDC20552245	0	0	0	1	0	1	1	0	1	0	1	0	0	0	1	1	1	1	0	1	S
NMDC20556257	0	0	0	1	0	1	1	0	1	0	1	0	0	0	1	1	1	1	0	1	S
NMDC20556258	0	0	0	1	0	0	0	0	1	0	1	0	0	0	1	0	1	1	0	1	S
NMDC20558268	0	0	0	1	0	0	0	0	1	0	1	0	0	0	1	0	1	1	0	1	S
NMDC20556259	0	0	0	1	0	0	0	0	1	0	1	0	0	0	1	0	1	1	0	1	S
NMDC20552247	0	0	0	1	0	0	0	0	1	0	1	0	1	0	1	0	1	0	0	0	S
NMDC20587324	0	0	0	1	0	0	0	0	1	0	1	0	0	0	0	0	1	0	0	1	S
NMDC20552248	0	0	0	1	0	0	0	0	1	0	1	0	0	0	1	0	1	1	0	1	S
NMDC20587325	0	0	0	1	0	0	0	0	1	0	1	0	0	0	1	0	1	1	0	1	S
NMDC20554262	0	0	0	1	0	0	0	0	1	0	1	0	0	0	1	0	1	1	0	1	S
NMDC20558269	0	0	0	1	0	0	1	0	1	0	1	0	0	0	1	0	1	1	0	1	S
NMDC20556260	0	0	0	1	0	0	1	0	1	0	1	0	0	0	1	1	1	1	0	1	S
NMDC20558270	0	0	0	1	0	1	1	0	1	0	1	0	0	0	1	0	1	1	0	1	S
NMDC20556261	0	0	0	1	0	0	1	0	1	0	1	0	0	0	1	1	1	1	0	1	S
NMDC20556262	0	0	0	1	0	0	0	0	1	0	1	0	0	0	0	1	1	0	0	0	S
NMDC20587326	0	0	0	1	0	0	0	0	1	0	1	0	0	0	1	0	1	1	0	1	S
NMDC20554263	0	0	0	1	0	0	0	0	1	0	1	0	0	0	1	0	1	1	0	1	S
NMDC20587327	0	0	0	1	0	0	0	0	1	0	1	0	0	0	1	0	1	1	0	1	S
NMDC20558271	0	0	0	1	0	0	0	0	1	0	1	0	0	0	1	0	1	1	0	1	S
NMDC20558272	0	0	0	1	0	0	1	0	1	0	1	0	0	0	1	0	1	1	0	1	S
NMDC20554264	0	0	0	1	0	0	1	0	1	0	1	0	0	0	1	1	1	1	0	1	S
NMDC20554265	0	0	0	1	0	0	1	0	1	0	1	0	0	0	1	1	1	1	0	1	S
NMDC20587328	0	0	0	1	0	0	0	0	1	0	1	0	0	0	1	0	1	1	0	1	S
NMDC20587329	0	0	0	1	0	0	1	0	1	0	1	0	0	0	1	0	1	1	0	1	S
NMDC20587330	0	0	0	1	0	0	0	0	1	0	1	0	0	0	1	0	1	1	0	1	S
NMDC20554266	1	1	1	0	1	0	0	0	1	1	0	1	1	0	0	0	1	0	1	0	S
NMDC20552250	0	0	0	1	0	0	0	0	1	0	1	0	0	0	1	0	1	1	0	1	S
NMDC20587331	0	0	0	1	0	0	0	0	1	0	1	0	0	0	1	0	1	1	0	1	S
NMDC20587332	0	0	0	1	0	0	0	0	1	0	1	0	0	0	1	0	1	1	0	1	S
NMDC20587333	0	0	0	1	0	0	0	0	1	0	1	0	1	0	1	0	1	0	0	0	S
NMDC20552251	0	0	0	1	0	0	1	0	1	0	1	0	0	0	1	1	1	1	0	1	S
NMDC20587334	0	0	0	1	0	0	0	0	1	0	1	0	0	0	1	0	1	1	0	1	S
NMDC20558273	0	0	0	1	0	1	1	0	1	0	1	0	0	0	1	0	1	1	0	1	S
NMDC20554267	0	0	0	1	0	0	0	0	1	0	1	0	1	0	1	0	1	0	0	0	S
NMDC20556263	0	0	0	1	0	0	0	0	1	0	1	1	1	0	0	0	1	0	0	0	S
NMDC20554268	0	0	0	1	0	0	0	0	1	0	1	1	0	0	0	0	1	1	0	0	S
NMDC20556264	0	0	0	1	0	0	0	0	1	0	1	0	0	0	1	0	1	1	0	1	S
NMDC20556265	0	0	0	1	0	0	0	0	1	0	1	0	0	0	0	1	1	0	0	0	S
NMDC20556266	0	0	0	1	0	0	1	0	1	0	1	0	0	0	1	1	1	1	0	1	S
NMDC20556267	1	1	1	0	1	0	0	0	1	1	0	1	1	0	0	0	1	0	1	0	S
NMDC20554269	0	0	0	1	0	0	0	0	1	0	1	0	1	0	1	0	1	0	0	0	S
NMDC20554270	0	0	0	1	0	0	0	0	1	0	1	0	0	0	1	0	1	1	0	0	S
NMDC20587335	1	1	1	0	1	0	0	0	1	1	0	1	1	0	0	0	1	0	1	0	S
NMDC20587336	1	1	1	0	1	0	0	0	1	1	0	1	1	0	0	0	1	0	1	0	S
NMDC20556269	0	0	0	1	0	0	0	0	1	0	1	0	1	0	1	0	1	1	0	0	S
NMDC20587337	1	1	1	0	1	0	0	0	1	1	0	1	1	0	0	0	1	0	1	0	S
NMDC20587338	0	0	0	1	0	0	0	0	1	0	1	0	0	0	1	0	1	1	0	1	S
NMDC20587339	0	0	0	1	0	1	1	0	1	0	1	0	0	0	1	0	1	1	0	1	S
NMDC20558275	0	0	0	1	0	0	1	0	1	0	1	0	0	0	1	1	1	1	0	1	S
NMDC20558276	0	0	0	1	0	0	0	0	1	0	1	0	0	0	1	0	1	1	0	1	S
NMDC20558277	0	0	0	1	0	0	0	0	1	0	1	0	0	0	1	0	1	1	0	1	S
NMDC20556270	0	0	0	1	0	0	0	0	1	0	1	0	0	0	1	0	1	1	0	1	S
NMDC20587340	0	0	0	1	0	0	1	0	1	0	1	0	0	0	1	0	1	1	0	1	S
NMDC20552253	0	0	0	1	0	0	0	0	1	0	1	0	0	0	1	0	1	1	0	1	S
NMDC20587341	0	0	0	1	0	0	0	0	1	0	1	0	0	0	1	0	1	1	0	1	S
NMDC20556271	0	0	0	1	0	0	0	0	1	0	1	0	0	0	1	1	1	1	0	1	S
NMDC20552254	0	0	0	1	0	0	0	0	1	0	1	0	0	0	1	0	1	1	0	1	S
NMDC20554271	0	0	0	1	0	0	0	0	1	0	1	0	1	0	1	0	1	0	0	0	S
NMDC20554272	0	0	0	1	0	0	0	0	1	0	1	0	0	0	0	0	1	0	0	0	S
NMDC20558279	0	0	0	1	0	0	0	0	1	0	1	0	0	0	1	0	1	1	0	1	S
NMDC20554273	0	0	0	1	0	0	0	0	1	0	1	0	0	0	1	0	1	1	0	1	S
NMDC20558280	0	0	0	1	0	0	0	0	1	0	1	0	0	0	1	0	1	1	0	1	S
NMDC20587343	1	1	1	0	1	0	0	0	1	1	0	1	1	0	0	0	1	0	1	0	S
NMDC20587344	0	0	0	1	0	0	0	0	1	0	1	0	0	0	0	0	1	0	0	0	S
NMDC20554274	1	1	1	0	1	0	0	0	1	1	0	1	1	0	0	0	1	0	1	0	S
NMDC20558281	1	1	1	0	1	0	0	0	1	1	0	1	1	0	0	0	1	0	1	0	S
NMDC20587345	0	0	0	1	0	0	0	0	1	0	1	0	0	0	0	1	1	0	0	0	S
NMDC20552255	1	1	1	0	1	0	0	0	1	1	0	1	1	0	0	0	1	0	1	0	S
NMDC20558282	0	0	0	1	0	0	1	0	1	0	1	0	0	0	1	1	1	1	0	1	S
NMDC20587346	0	0	0	1	0	0	0	0	1	0	1	0	0	0	1	0	1	1	0	1	S
NMDC20587347	0	0	0	1	0	0	0	0	1	0	1	1	0	0	0	0	1	0	0	1	S
NMDC20558283	0	0	0	1	0	0	0	0	1	0	1	0	0	0	1	0	1	1	0	1	S
NMDC20552256	0	0	0	1	0	0	0	0	1	0	1	0	0	0	0	0	1	0	0	0	S
NMDC20558284	0	0	0	1	0	0	0	0	1	0	1	0	0	0	1	0	1	1	0	1	S
NMDC20552257	0	0	0	1	0	0	0	0	1	0	1	0	1	0	1	0	1	0	0	0	S
NMDC20552258	0	0	0	1	0	0	0	0	1	0	1	0	0	0	1	0	1	1	0	1	S
NMDC20587348	0	0	0	1	0	0	1	0	1	0	1	0	0	0	1	0	1	1	0	1	S
NMDC20552259	1	1	1	0	1	0	0	0	1	1	0	1	1	0	0	0	1	0	1	0	S
NMDC20587349	0	0	0	1	0	0	0	0	1	0	1	0	0	0	1	0	1	1	0	1	S
NMDC20558285	0	0	0	1	0	0	0	0	1	0	1	0	1	0	0	0	1	0	0	1	S
NMDC20554275	0	0	0	1	0	0	0	0	1	0	1	0	1	0	1	0	1	0	0	0	S
NMDC20587350	1	1	1	0	1	0	0	0	1	1	0	1	1	0	0	0	1	0	1	0	S
NMDC20556272	1	1	1	0	1	0	0	0	1	1	0	1	1	0	0	0	1	0	1	0	S
NMDC20587352	1	1	1	0	1	0	0	0	1	1	0	1	1	0	0	0	1	0	1	0	S
NMDC20587354	0	0	0	1	0	0	0	0	1	0	1	0	0	0	1	0	1	1	0	1	S
NMDC20587355	0	0	0	1	0	0	0	0	1	0	1	0	0	0	0	0	1	0	0	0	S
NMDC20556273	0	0	0	1	0	0	0	0	1	0	1	0	0	0	1	0	1	1	0	1	S
NMDC20587356	0	0	0	1	0	0	0	0	1	0	1	0	0	0	1	0	1	1	0	1	S
NMDC20552261	0	0	0	1	0	0	0	0	1	0	1	0	0	0	1	0	1	1	0	1	S
NMDC20554276	0	0	0	1	0	0	0	0	1	0	1	0	0	0	0	0	1	0	0	0	S
NMDC20552262	1	0	1	0	1	0	0	0	1	1	0	1	1	0	0	0	1	0	1	0	S
NMDC20587357	0	0	0	1	0	0	0	0	1	0	1	0	0	0	0	0	1	0	0	0	S
NMDC20552263	0	0	0	1	0	0	0	0	1	0	1	0	0	0	1	0	1	1	0	1	S
NMDC20554277	0	0	0	1	0	0	0	0	1	0	1	0	0	0	1	0	1	1	0	1	S
NMDC20587358	0	0	0	1	0	0	0	0	1	0	1	0	0	0	1	0	1	1	0	1	S
NMDC20554278	0	0	0	1	0	0	0	0	1	0	1	0	0	0	1	0	1	1	0	1	S
NMDC20587359	0	0	0	1	0	0	0	0	1	0	1	0	1	0	1	0	1	0	0	0	S
NMDC20554279	0	0	0	1	0	0	1	0	1	0	1	0	0	0	1	1	1	1	0	1	S
NMDC20558287	0	0	0	1	0	0	0	0	1	0	1	0	0	0	1	0	1	1	0	1	S
NMDC20556276	0	0	0	1	0	0	0	0	1	0	1	0	0	0	1	0	1	1	0	1	S
NMDC20554280	0	0	0	1	0	0	0	0	1	0	1	1	0	0	0	0	1	0	0	1	S
NMDC20587361	1	1	1	0	1	0	0	0	1	1	0	1	1	0	0	0	1	0	1	0	S
NMDC20554281	0	0	0	1	0	0	0	0	1	0	1	0	0	0	1	0	1	1	0	1	S
NMDC20554282	1	1	1	0	1	0	0	0	1	1	0	1	1	0	0	0	1	0	1	0	S
NMDC20556277	0	0	0	1	0	0	0	0	1	0	1	0	1	0	1	0	1	0	0	0	S
NMDC20587362	0	0	0	1	0	0	0	0	1	0	1	0	0	0	1	0	1	1	0	1	S
NMDC20587363	1	1	1	0	1	0	0	0	1	1	0	1	1	0	0	0	1	0	1	0	S
NMDC20587364	0	0	0	1	0	0	0	0	1	0	1	0	0	0	1	0	1	1	0	1	S
NMDC20587365	0	0	0	1	0	0	0	0	1	0	1	1	0	0	0	0	1	0	0	0	S
NMDC20552264	0	0	0	1	0	0	0	0	1	0	1	0	0	0	1	0	1	1	0	1	S
NMDC20558289	0	0	1	1	0	0	0	0	1	0	1	1	0	0	0	0	1	0	0	0	S
NMDC20587366	0	0	0	1	0	0	0	0	1	0	1	0	0	0	1	0	1	1	0	1	S
NMDC20558290	0	0	0	1	0	0	0	0	1	0	1	0	0	0	1	0	1	1	0	1	S
NMDC20556278	0	0	0	1	0	0	0	0	1	0	1	0	0	0	1	0	1	1	0	1	S
NMDC20587367	0	0	0	1	0	0	0	0	1	0	1	0	0	0	1	0	1	1	0	1	S
NMDC20552266	0	0	0	1	0	0	0	0	1	0	1	0	1	0	1	0	1	1	0	1	S
NMDC20587371	0	0	0	1	0	0	0	0	1	0	1	0	0	0	1	0	1	1	0	1	S
NMDC20587373	0	0	0	1	0	0	0	0	1	0	1	0	0	0	1	1	1	1	0	1	S
NMDC20558292	0	0	0	1	0	0	0	0	1	0	1	0	0	0	1	0	1	1	0	1	S
NMDC20552270	0	0	0	1	0	0	0	0	1	0	1	0	0	0	1	0	1	1	0	1	S
NMDC20552271	0	0	0	1	0	1	1	0	1	0	1	0	0	0	1	0	1	1	0	1	S
NMDC20587375	1	1	1	0	1	0	0	0	1	1	0	1	1	0	0	0	1	0	1	0	S
NMDC20554286	0	0	0	1	0	0	0	0	1	0	1	0	0	0	1	0	1	1	0	1	S
NMDC20558293	0	0	0	1	0	0	0	0	1	0	1	0	0	0	1	0	1	1	0	1	S
NMDC20587376	0	0	0	1	0	0	0	0	1	0	1	1	0	0	0	0	1	0	0	1	S
NMDC20556280	0	0	0	1	0	1	1	0	1	0	1	0	0	0	1	0	1	1	0	1	S
NMDC20554287	0	0	0	1	0	0	0	0	1	0	1	0	0	0	1	0	1	1	0	1	S
NMDC20587378	0	0	0	1	0	0	0	0	1	0	1	0	0	0	1	0	1	1	0	1	S
NMDC20552273	0	0	0	1	0	0	0	0	1	0	1	0	0	0	0	1	1	0	0	0	S
NMDC20587382	0	0	0	1	0	0	0	0	1	0	1	0	0	0	1	0	1	1	0	1	S
NMDC20558295	0	0	0	1	0	0	0	0	1	0	1	0	0	0	1	0	1	1	0	1	S
NMDC20552274	0	0	0	1	0	0	0	0	1	0	1	0	1	0	1	0	1	0	0	0	S
NMDC20554289	0	0	0	1	0	0	1	0	1	0	1	0	0	0	1	1	1	1	0	1	S
NMDC20587383	0	0	0	1	0	0	0	0	1	0	1	1	0	0	0	0	1	1	0	0	S
NMDC20552275	0	0	0	1	0	0	0	0	1	0	1	0	0	0	1	0	1	1	0	1	S
NMDC20554291	0	0	0	1	0	0	0	0	1	0	1	0	0	0	1	0	1	1	0	1	S
NMDC20587384	0	0	0	1	0	0	0	0	1	0	1	0	0	0	1	0	1	1	0	1	S
NMDC20552277	0	0	0	1	0	0	0	0	1	0	1	0	0	0	1	0	1	1	0	1	S
NMDC20587385	0	0	0	1	0	0	0	0	1	0	1	0	0	0	1	0	1	1	0	1	S
NMDC20558298	1	0	1	0	1	0	0	0	1	1	0	1	1	0	0	0	1	0	1	0	S
NMDC20554292	0	0	0	1	0	0	0	0	1	0	1	0	0	0	1	1	1	1	0	1	S
NMDC20587386	0	0	0	1	0	0	0	0	1	0	1	0	0	0	1	0	1	1	0	1	S
NMDC20554293	0	0	0	1	0	0	0	0	1	0	0	0	0	0	1	0	0	1	0	1	S
NMDC20587387	0	0	0	1	0	0	0	0	1	0	1	0	0	0	1	0	1	1	0	1	S
NMDC20554295	0	0	0	1	0	0	0	0	1	0	1	0	0	0	1	0	1	1	0	1	S
NMDC20587388	0	0	0	1	0	0	0	0	1	0	1	0	1	0	1	0	1	1	0	1	S
NMDC20587389	0	0	0	1	0	0	0	0	1	0	1	0	0	0	1	1	1	1	0	1	S
NMDC20556283	1	1	1	0	1	0	0	0	1	1	0	1	1	0	0	0	1	0	1	0	S
NMDC20556284	0	0	0	1	0	0	0	0	1	0	1	0	0	0	1	0	1	1	0	1	S
NMDC20558300	0	0	0	1	0	0	0	0	1	0	1	0	0	0	1	0	1	1	0	1	S
NMDC20587390	0	0	0	1	0	0	1	0	1	0	1	0	0	0	1	0	1	1	0	1	S
NMDC20554296	0	0	0	1	0	0	0	0	1	0	1	0	0	0	1	0	1	1	0	1	S
NMDC20558301	0	0	0	1	0	0	0	0	1	0	1	0	0	0	1	0	1	1	0	1	S
NMDC20554297	0	0	0	1	0	0	0	0	1	0	1	0	0	0	1	0	1	1	0	1	S
NMDC20556286	0	0	0	1	0	0	0	0	1	0	1	0	0	0	1	0	1	1	0	1	S
NMDC20552280	0	0	0	1	0	0	0	0	1	0	1	0	0	0	1	0	1	1	0	1	S
NMDC20587393	0	0	0	1	0	0	0	0	1	0	1	0	0	0	1	0	1	1	0	1	S
NMDC20558302	0	0	0	1	0	0	0	0	1	0	1	0	0	0	1	0	1	1	0	1	S
NMDC20554298	0	0	0	1	0	0	0	0	1	0	1	0	0	0	1	0	1	1	0	1	S
NMDC20558304	0	0	0	1	0	0	0	0	1	0	1	0	0	0	1	0	1	1	0	1	S
NMDC20587394	0	0	0	1	0	0	0	0	1	0	1	1	0	0	0	0	1	0	0	0	S
NMDC20558305	0	0	0	1	0	0	0	0	1	0	1	0	0	0	1	0	1	1	0	1	S
NMDC20556287	0	0	0	1	0	0	0	0	1	0	1	0	0	0	1	0	1	1	0	1	S
NMDC20552281	0	0	0	1	0	0	0	0	1	0	1	0	0	0	1	0	1	1	0	1	S
NMDC20554299	0	0	0	1	0	0	0	0	1	0	1	0	0	0	1	0	1	1	0	1	S
NMDC20587395	0	0	0	1	0	0	0	0	1	0	1	0	0	0	1	0	1	1	0	1	S
NMDC20587398	0	0	0	1	0	0	0	0	1	0	1	1	0	0	0	0	1	0	0	1	S
NMDC20558306	0	0	0	1	0	0	0	0	1	0	1	0	0	0	1	0	1	1	0	1	S
NMDC20587399	0	0	0	1	0	0	0	0	1	0	1	0	0	0	1	0	1	1	0	1	S
NMDC20552283	0	0	0	1	0	0	0	0	1	0	1	1	1	0	0	0	1	0	0	1	S
NMDC20587400	0	0	0	1	0	0	0	0	1	0	1	0	0	0	1	0	1	1	0	1	S
NMDC20558307	0	0	0	1	0	0	0	0	1	0	1	1	0	0	0	0	1	0	0	0	S
NMDC20556289	0	0	0	1	0	0	0	0	1	0	1	0	0	0	1	0	1	1	0	1	S
NMDC20587401	1	1	1	0	1	0	0	0	1	1	0	1	1	0	0	0	1	0	1	0	S
NMDC20556291	0	0	0	1	0	0	0	0	1	0	1	0	0	0	1	0	1	1	0	1	S
NMDC20587402	0	0	0	1	0	0	0	0	1	0	1	0	0	0	1	0	1	1	0	1	S
NMDC20587403	0	0	0	1	0	0	0	0	1	0	1	1	1	0	0	0	1	0	0	0	S
NMDC20558308	0	0	0	1	0	0	0	0	1	0	1	0	0	0	1	0	1	1	0	1	S
NMDC20587404	0	0	0	1	0	0	0	0	1	0	1	0	0	0	1	0	1	1	0	1	S
NMDC20587407	0	0	0	1	0	0	0	0	1	0	1	0	0	0	1	0	1	1	0	1	S
NMDC20554302	0	0	0	1	0	0	0	0	1	0	1	0	0	0	1	0	1	1	0	1	S
NMDC20587408	0	0	0	1	0	0	0	0	1	0	1	0	0	0	1	0	1	1	0	1	S
NMDC20587409	0	0	0	1	0	0	0	0	1	0	1	0	0	0	1	0	1	1	0	1	S
NMDC20554303	0	0	0	1	0	0	0	0	1	0	1	0	0	0	1	0	1	1	0	1	S
NMDC20558310	0	0	0	1	0	0	0	0	1	0	1	0	0	0	1	0	1	1	0	1	S
NMDC20554304	0	0	0	1	0	0	0	0	1	0	1	0	0	0	1	0	1	1	0	1	S
NMDC20552285	0	0	0	1	0	0	0	0	1	0	1	0	0	0	1	0	1	1	0	1	S
NMDC20587411	0	0	0	1	0	0	0	0	1	0	1	0	0	0	1	0	1	1	0	1	S
NMDC20552286	0	0	0	1	0	0	1	0	1	0	1	0	0	0	1	1	1	1	0	1	S
NMDC20587412	0	0	0	1	0	1	1	0	1	0	1	0	0	0	1	0	1	1	0	1	S
NMDC20558311	1	1	1	0	1	0	0	0	1	1	0	1	1	0	0	0	1	0	1	0	S
NMDC20587413	0	0	0	1	0	0	0	0	1	0	1	0	0	0	1	0	1	1	0	1	S
NMDC20558312	0	0	0	1	0	0	0	0	1	0	1	0	0	0	1	0	1	1	0	1	S
NMDC20554306	0	0	0	1	0	0	1	0	1	0	1	0	0	0	1	0	1	1	0	1	S
NMDC20554307	0	0	0	1	0	0	1	0	1	0	1	0	0	0	1	1	1	1	0	1	S
NMDC20587414	0	0	0	1	0	0	1	0	1	0	1	0	0	0	1	1	1	1	0	1	S
NMDC20556295	0	0	0	1	0	0	1	0	1	0	1	0	0	0	1	0	1	1	0	1	S
NMDC20558313	0	0	0	1	0	0	1	0	1	0	1	0	0	0	1	0	1	1	0	1	S
NMDC20587415	0	0	0	1	0	0	1	0	1	0	1	0	0	0	1	0	1	1	0	1	S
NMDC20554308	0	0	0	1	0	0	0	0	1	0	1	0	0	0	1	0	1	1	0	1	S
NMDC20556296	0	0	0	1	0	0	0	0	1	0	1	0	0	0	1	0	1	1	0	1	S
NMDC20556297	0	0	0	1	0	0	1	0	1	0	1	0	0	0	1	1	1	1	0	1	S
NMDC20558315	1	1	1	0	1	0	0	0	1	1	0	1	1	0	0	0	1	0	1	0	S
NMDC20587416	0	0	0	1	0	0	0	0	1	0	1	0	0	0	1	0	1	1	0	1	S
NMDC20558316	0	0	0	1	0	0	0	0	1	0	1	0	0	0	1	0	1	1	0	1	S
NMDC20587420	0	0	0	1	0	0	0	0	1	0	1	0	0	0	1	0	1	1	0	1	S
NMDC20558317	0	0	0	1	0	0	0	0	1	0	1	0	0	0	1	0	1	1	0	1	S
NMDC20558319	0	0	0	1	0	0	0	0	1	0	1	0	0	0	1	0	1	1	0	1	S
NMDC20556298	0	0	0	1	0	0	0	0	1	0	1	0	0	0	1	0	1	1	0	1	S
NMDC20554310	0	0	0	1	0	0	0	0	1	0	1	0	1	0	1	0	1	0	0	0	S
NMDC20587421	0	0	0	1	0	0	0	0	1	0	1	0	1	0	0	0	1	0	0	0	S
NMDC20587422	0	0	0	1	0	0	0	0	1	0	1	0	1	0	1	0	1	1	0	1	S
NMDC20556299	0	0	0	1	0	0	0	0	1	0	1	0	0	0	1	0	1	1	0	1	S
NMDC20558320	0	0	0	1	0	0	0	0	1	0	1	0	0	0	1	0	1	1	0	1	S
NMDC20554311	0	0	0	1	0	0	0	0	1	0	1	0	0	0	1	0	1	1	0	1	S
NMDC20587423	0	0	0	1	0	0	0	0	1	0	1	0	0	0	1	0	1	1	0	1	S
NMDC20556300	0	0	0	1	0	0	0	0	1	0	1	0	0	0	1	0	1	1	0	1	S
NMDC20552288	0	0	0	1	0	0	0	0	1	0	1	0	0	0	1	0	1	1	0	1	S
NMDC20587424	0	0	0	1	0	0	0	0	1	0	1	0	0	0	1	0	1	1	0	1	S
NMDC20556301	0	0	0	1	0	0	0	0	1	0	1	0	0	0	1	0	1	1	0	1	S
NMDC20587425	0	0	0	1	0	0	0	0	1	0	1	1	0	0	0	0	1	0	0	0	S
NMDC20558321	0	0	0	1	0	0	1	0	1	0	1	0	0	0	1	0	1	1	0	1	S
NMDC20558322	0	0	0	1	0	0	0	0	1	0	0	0	0	0	1	1	0	1	0	1	S
NMDC20552290	0	0	0	1	0	1	1	0	1	0	1	0	0	0	1	0	1	1	0	1	S
NMDC20587427	0	0	0	1	0	0	1	0	1	0	1	0	0	0	1	1	1	1	0	1	S
NMDC20558323	0	0	0	1	0	1	1	0	1	0	1	0	0	0	1	0	1	1	0	1	S
NMDC20556303	0	0	0	1	0	0	0	0	1	0	1	0	0	0	1	0	1	1	0	1	S
NMDC20554312	0	0	0	1	0	0	0	0	1	0	1	0	0	0	1	0	1	1	0	1	S
NMDC20587429	0	0	0	1	0	0	0	0	1	0	1	0	0	0	1	0	1	1	0	1	S
NMDC20587432	0	0	0	1	0	0	0	0	1	0	1	0	0	0	0	0	1	0	0	0	S
NMDC20552292	0	0	0	1	0	0	0	0	1	0	1	0	0	0	1	0	1	1	0	1	S
NMDC20554313	0	0	0	1	0	0	0	0	1	0	1	0	0	0	1	0	1	1	0	1	S
NMDC20587434	0	0	0	1	0	0	0	0	1	0	1	0	1	0	1	0	1	1	0	1	S
NMDC20554314	0	0	0	1	0	0	0	0	1	0	1	0	0	0	1	0	1	1	0	1	S
NMDC20558324	0	0	0	1	0	0	0	0	1	0	1	0	1	0	1	0	1	0	0	0	S
NMDC20587435	0	0	0	1	0	0	0	0	1	0	1	1	0	0	0	0	1	0	0	0	S
NMDC20556307	0	0	0	1	0	0	0	0	1	0	1	0	0	0	0	0	1	0	0	0	S
NMDC20587438	0	0	0	1	0	0	0	0	1	0	1	0	0	0	1	0	1	1	0	1	S
NMDC20558330	0	0	0	1	0	0	0	0	1	0	1	0	1	0	0	0	1	1	0	0	S
NMDC20587440	0	0	0	1	0	0	0	0	1	0	1	0	0	0	1	0	1	1	0	1	S
NMDC20587441	0	0	0	1	0	0	0	0	1	0	1	0	0	0	1	0	1	1	0	1	S
NMDC20556309	0	0	0	1	0	0	0	0	1	0	1	0	0	0	0	1	1	0	0	0	S
NMDC20587442	0	0	0	1	0	0	0	0	1	0	1	0	1	0	1	0	1	0	0	0	S
NMDC20556310	0	0	0	1	0	0	0	0	1	0	1	0	0	0	1	1	1	1	0	1	S
NMDC20552293	0	0	0	1	0	0	0	0	1	0	1	0	0	0	1	0	1	1	0	1	S
NMDC20587443	0	0	0	1	0	0	0	0	1	0	1	1	0	0	0	0	1	0	0	1	S
NMDC20556311	0	0	0	1	0	0	0	0	1	0	1	0	0	0	1	0	1	1	0	1	S
NMDC20587444	0	0	0	1	0	0	0	0	1	0	1	0	0	0	1	0	1	1	0	1	S
NMDC20587445	0	0	0	1	0	0	0	0	1	0	1	0	0	0	1	0	1	1	0	1	S
NMDC20587446	0	0	0	1	0	0	0	0	1	0	1	0	1	0	0	0	1	0	0	1	S
NMDC20552294	0	0	0	1	0	0	0	0	1	0	1	0	0	0	1	0	1	1	0	1	S
NMDC20556313	0	0	0	1	0	0	0	0	1	0	1	0	0	0	0	1	1	0	0	0	S
NMDC20587450	0	0	0	1	0	0	0	0	1	0	1	0	0	0	1	0	1	1	0	1	S
NMDC20552295	0	0	0	1	0	0	0	0	1	0	1	0	0	0	0	0	1	0	0	1	S
NMDC20554317	0	0	0	1	0	0	0	0	1	0	1	0	0	0	1	0	1	1	0	1	S
NMDC20556315	0	0	0	1	0	0	0	0	1	0	1	0	0	0	1	1	1	1	0	1	S
NMDC20587451	0	0	0	1	0	0	0	0	1	0	1	0	0	0	1	0	1	1	0	1	S
NMDC20556316	0	0	0	1	0	0	0	0	1	0	1	0	0	0	1	0	1	1	0	1	S
NMDC20587452	0	0	0	1	0	0	0	0	1	0	1	0	0	0	1	0	1	1	0	1	S
NMDC20554320	0	0	0	1	0	0	0	0	1	0	1	0	0	0	1	0	1	0	0	0	S
NMDC20552297	0	0	0	1	0	0	0	0	1	0	1	0	0	0	1	0	1	1	0	1	S
NMDC20552298	0	0	0	1	0	0	0	0	1	0	1	0	0	0	1	0	1	1	0	1	S
NMDC20558335	0	0	0	1	0	0	0	0	1	0	1	0	0	0	1	0	1	1	0	1	S
NMDC20554323	0	0	0	1	0	0	0	0	1	0	1	0	0	0	1	0	1	1	0	1	S
NMDC20556318	0	0	0	1	0	0	0	0	1	0	1	1	0	0	0	0	1	0	0	1	S
NMDC20558336	0	0	0	1	0	0	0	0	1	0	1	0	0	0	1	0	1	1	0	1	S
NMDC20587457	0	0	0	1	0	0	0	0	1	0	1	0	1	0	1	0	1	0	0	0	S
NMDC20558337	0	0	0	1	0	0	0	0	1	0	1	0	0	0	1	0	1	1	0	1	S
NMDC20552299	0	0	0	1	0	0	0	0	1	0	1	1	0	0	0	0	1	0	0	1	S
NMDC20552300	0	0	0	1	0	0	0	0	1	1	0	0	1	0	1	0	1	1	0	0	S
NMDC20587460	0	0	0	1	0	0	0	0	1	0	1	0	0	0	1	0	1	1	0	1	S
NMDC20556320	0	0	0	1	0	0	0	0	1	0	1	0	0	0	1	0	1	1	0	1	S
NMDC20587461	0	0	0	1	0	0	0	0	1	0	1	0	0	0	1	0	1	1	0	1	S
NMDC20556321	0	0	0	1	0	0	0	0	1	0	1	0	0	0	1	0	1	1	0	1	S
NMDC20556322	0	0	0	1	0	0	0	0	1	0	1	0	0	0	1	0	1	1	0	1	S
NMDC20554325	0	0	0	1	0	0	0	0	1	0	1	0	0	0	1	0	1	1	0	1	S
NMDC20556323	0	0	0	1	0	0	0	0	1	0	1	0	0	0	1	0	1	1	0	1	S
NMDC20552301	0	0	0	1	0	0	0	0	1	0	1	0	0	0	1	0	1	1	0	1	S
NMDC20554326	0	0	0	1	0	0	0	0	1	0	1	0	0	0	1	0	1	1	0	1	S
NMDC20554327	0	0	0	1	0	0	0	0	1	0	1	0	0	0	1	0	1	1	0	1	S
NMDC20558339	0	0	0	1	0	0	0	0	1	0	1	0	0	0	1	0	1	1	0	1	S
NMDC20556324	0	0	0	1	0	0	0	0	1	0	1	0	1	0	0	0	1	0	0	1	S
NMDC20554328	0	0	0	1	0	0	0	0	1	0	1	0	0	0	1	0	1	1	0	1	S
NMDC20558340	1	1	1	0	1	0	0	0	1	1	0	1	1	0	0	0	1	0	1	0	S
NMDC20587468	0	0	0	1	0	0	0	0	1	0	1	0	0	0	1	0	1	1	0	1	S
NMDC20587469	0	0	0	1	0	0	0	0	1	0	1	0	1	0	1	0	1	0	0	0	S
NMDC20556325	0	0	0	1	0	0	0	0	1	0	1	0	0	0	1	0	1	1	0	1	S
NMDC20558341	0	0	0	1	0	0	0	0	1	0	1	0	0	0	1	0	1	1	0	1	S
NMDC20558342	0	0	0	1	0	0	0	0	1	0	1	0	0	0	1	0	1	1	0	1	S
NMDC20587470	0	0	0	1	0	0	0	0	1	0	1	0	0	0	1	0	1	1	0	1	S
NMDC20552303	0	0	0	1	0	0	0	0	1	0	1	0	0	0	1	0	1	1	0	1	S
NMDC20587471	0	0	0	1	0	0	0	0	1	1	0	0	1	0	1	0	1	1	0	0	S
NMDC20552304	0	0	0	1	0	1	1	0	1	0	1	0	0	0	1	1	1	1	0	1	S
NMDC20587473	0	0	0	1	0	0	0	0	1	0	1	0	0	0	1	0	1	1	0	1	S
NMDC20556326	0	0	0	1	0	0	0	0	1	0	1	0	0	0	0	0	1	0	0	0	S
NMDC20587474	0	0	0	1	0	0	0	0	1	0	1	0	0	0	1	0	1	1	0	1	S
NMDC20554329	0	0	0	1	0	0	0	0	1	0	1	0	0	0	1	0	1	1	0	1	S
NMDC20552305	0	0	0	1	0	0	0	0	1	0	1	1	0	0	0	0	1	0	0	0	S
NMDC20552306	0	0	0	1	0	0	0	0	1	0	1	0	0	0	1	0	1	1	0	1	S
NMDC20587478	0	0	0	1	0	0	0	0	1	0	1	0	0	0	1	0	1	1	0	1	S
NMDC20556327	0	0	0	1	0	0	0	0	1	0	1	0	0	0	1	0	1	1	0	1	S
NMDC20558343	0	0	0	1	0	0	0	0	1	0	1	0	0	0	1	0	1	1	0	1	S
NMDC20587479	0	0	0	1	0	0	0	0	1	0	1	0	0	0	1	0	1	1	0	1	S
NMDC20587480	0	0	0	1	0	0	0	0	1	0	1	0	0	0	1	0	1	1	0	1	S
NMDC20558344	0	0	0	1	0	0	0	0	1	0	1	0	0	0	0	1	1	0	0	0	S
NMDC20587482	0	0	0	1	0	0	0	0	1	0	1	0	0	0	1	0	1	1	0	1	S
NMDC20558345	0	0	0	1	0	0	0	0	1	0	1	0	0	0	1	0	1	1	0	1	S
NMDC20587483	0	0	0	1	0	0	0	0	1	0	1	0	0	0	0	0	1	0	0	0	S
NMDC20587484	0	0	0	1	0	0	0	0	1	0	1	0	0	0	1	1	1	1	0	1	S
NMDC20587485	0	0	0	1	0	0	0	0	1	0	1	0	0	0	1	0	1	1	0	1	S
NMDC20552307	0	0	0	1	0	0	1	0	1	0	1	0	0	0	1	1	1	1	0	1	S
NMDC20554332	0	0	0	1	0	0	0	0	1	0	1	0	0	0	1	1	1	1	0	1	S
NMDC20554333	0	0	0	1	0	1	1	0	1	0	1	0	0	0	1	1	1	1	0	1	S
NMDC20587487	0	0	0	1	0	0	0	0	1	0	1	0	0	0	1	0	1	1	0	1	S
NMDC20552309	0	0	0	1	0	1	1	0	1	0	1	0	0	0	1	1	1	1	0	1	S
NMDC20587488	0	0	0	1	0	1	1	0	1	0	1	0	0	0	1	0	1	1	0	1	S
NMDC20587489	0	0	0	1	0	0	0	0	1	0	1	0	0	0	1	0	1	1	0	1	S
NMDC20556330	0	0	0	1	0	1	1	0	1	0	1	0	0	0	1	0	1	1	0	1	S
NMDC20587490	0	0	0	1	0	0	0	0	1	0	1	0	0	0	1	0	1	1	0	1	S
NMDC20558346	0	0	0	1	0	0	0	0	1	0	1	0	1	0	1	0	1	0	0	0	S
NMDC20552310	0	0	0	1	0	0	1	0	1	0	1	0	0	0	1	1	1	1	0	1	S
NMDC20558347	0	0	0	1	0	0	0	0	1	0	1	0	0	0	1	0	1	0	0	0	S
NMDC20556331	0	0	0	1	0	0	0	0	1	0	1	0	0	0	1	0	1	1	0	1	S
NMDC20558348	0	0	0	1	0	0	0	0	1	0	1	0	0	0	1	0	1	1	0	1	S
NMDC20587492	1	1	1	0	1	0	0	0	1	1	0	1	1	0	0	0	1	0	1	0	S
NMDC20556332	0	0	0	1	0	0	0	0	1	0	1	0	1	0	1	0	1	0	0	0	S
NMDC20587493	0	0	0	1	0	0	0	0	1	0	1	0	0	0	1	0	1	1	0	1	S
NMDC20554334	0	0	0	1	0	0	0	0	1	0	1	0	0	0	1	0	1	1	0	1	S
NMDC20554335	0	0	0	1	0	0	0	0	1	1	0	0	0	0	0	1	1	1	0	0	S
NMDC20556333	0	0	0	1	0	0	0	0	1	0	1	0	0	0	1	0	1	1	0	1	S
NMDC20558349	0	0	0	1	0	0	0	0	1	0	1	0	0	0	1	0	1	1	0	1	S
NMDC20587495	0	0	0	1	0	0	1	0	1	0	1	0	0	0	1	1	1	1	0	1	S
NMDC20552311	0	0	0	1	0	0	1	0	1	0	1	0	0	0	1	0	1	1	0	1	S
NMDC20587496	0	0	0	1	0	0	1	0	1	0	1	0	0	0	1	0	1	1	0	1	S
NMDC20554336	0	0	0	1	0	0	0	0	1	0	1	0	0	0	1	0	1	1	0	1	S
NMDC20587497	1	1	1	0	1	0	0	0	1	1	0	1	1	0	0	0	1	0	1	0	S
NMDC20552312	0	0	0	1	0	0	0	0	1	0	1	0	0	0	1	0	1	1	0	1	S
NMDC20587499	0	0	0	1	0	0	0	0	1	0	1	0	0	0	1	0	1	1	0	1	S
NMDC20587500	0	0	0	1	0	0	0	0	1	0	1	0	0	0	0	0	1	0	0	0	S
NMDC20587501	0	0	0	1	0	0	0	0	1	0	1	0	0	0	1	0	1	1	0	1	S
NMDC20587502	0	0	0	1	0	0	0	0	1	0	1	0	1	0	1	0	1	0	0	0	S
NMDC20556334	0	0	0	1	0	0	0	0	1	0	1	0	1	0	0	0	1	0	0	1	S
NMDC20587503	1	1	1	0	1	0	0	0	1	1	0	1	1	0	0	0	1	0	1	0	S
NMDC20587504	1	1	1	0	1	0	0	0	1	1	0	1	1	0	0	0	1	0	1	0	S
NMDC20552313	0	0	0	1	0	0	0	0	1	0	1	0	0	0	1	0	1	1	0	1	S
NMDC20552314	0	0	0	1	0	0	1	0	1	0	1	0	0	0	1	1	1	1	0	1	S
NMDC20587506	0	0	0	1	0	0	0	0	1	0	1	0	0	0	1	0	0	0	0	0	S
NMDC20552316	0	0	0	1	0	0	0	0	1	0	1	0	0	0	1	0	1	1	0	1	S
NMDC20558352	0	0	0	1	0	0	0	0	1	0	1	0	0	0	0	0	1	0	0	1	S
NMDC20556335	0	0	0	1	0	0	0	0	1	0	1	1	1	0	0	0	1	0	0	0	S
NMDC20587511	0	0	0	1	0	0	0	0	1	0	1	0	1	0	0	0	1	0	0	1	S
NMDC20587512	0	0	0	1	0	0	0	0	1	0	1	0	0	0	1	0	1	1	0	1	S
NMDC20558353	0	0	0	1	0	0	0	0	1	0	1	0	0	0	1	0	1	1	0	1	S
NMDC20558354	0	0	0	1	0	0	0	0	1	0	1	1	1	0	0	0	1	0	0	0	S
NMDC20587513	0	0	0	1	0	0	0	0	1	0	1	0	0	0	1	0	1	1	0	1	S
NMDC20587514	0	0	0	1	0	0	0	0	1	0	1	1	0	0	0	0	1	0	0	1	S
NMDC20587515	0	0	0	1	0	0	0	0	1	0	1	0	0	0	1	0	1	1	0	1	S
NMDC20552317	0	0	0	1	0	0	0	0	1	0	1	0	0	0	1	0	1	1	0	1	S
NMDC20558356	0	0	0	1	0	0	1	0	1	0	1	0	0	0	1	0	1	1	0	1	S
NMDC20554338	0	0	0	1	0	0	0	0	1	0	1	0	1	0	1	0	1	0	0	0	S
NMDC20587516	0	0	0	1	0	0	1	0	1	0	1	0	0	0	1	1	1	1	0	1	S
NMDC20587518	0	0	0	1	0	1	1	0	1	0	1	0	0	0	1	1	1	1	0	1	S
NMDC20552322	0	0	0	1	0	0	0	0	1	0	1	0	0	0	1	0	1	1	0	1	S
NMDC20587519	0	0	0	1	0	0	0	0	1	0	1	0	0	0	1	0	1	1	0	1	S
NMDC20587520	0	0	0	1	0	0	0	0	1	0	1	0	0	0	1	0	1	1	0	1	S
NMDC20587521	0	0	0	1	0	0	0	0	1	0	1	0	0	0	1	0	1	1	0	1	S
NMDC20558361	0	0	0	1	0	0	0	0	1	0	1	0	0	0	1	0	1	1	0	1	S
NMDC20587525	0	0	0	1	0	0	0	0	1	0	1	0	0	0	1	0	1	1	0	1	S
NMDC20587526	0	0	0	1	0	0	0	0	1	0	1	0	0	0	1	0	1	1	0	1	S
NMDC20558362	0	0	0	1	0	0	1	0	1	0	1	0	0	0	1	1	1	1	0	1	S
NMDC20587527	0	0	0	1	0	0	0	0	1	0	1	0	0	0	1	0	1	1	0	1	S
NMDC20556337	0	0	0	1	0	0	0	0	1	0	1	0	0	0	0	0	1	0	0	0	S
NMDC20554342	0	0	0	1	0	0	1	0	1	0	1	0	0	0	1	0	1	1	0	1	S
NMDC20556338	0	0	0	1	0	0	1	0	1	0	1	0	0	0	1	0	1	1	0	1	S
NMDC20554343	0	0	0	1	0	0	0	0	1	0	1	0	0	0	1	0	1	1	0	1	S
NMDC20552324	0	0	0	1	0	0	0	0	1	0	1	1	0	0	0	0	1	0	0	1	S
NMDC20587529	0	0	0	1	0	0	0	0	1	0	1	1	0	0	0	0	1	0	0	0	S
NMDC20558363	0	0	0	1	0	0	0	0	1	0	1	0	0	0	1	0	1	1	0	1	S
NMDC20587532	0	0	0	1	0	0	0	0	1	0	1	0	0	0	1	0	1	1	0	1	S
NMDC20554345	0	0	0	1	0	0	0	0	1	0	1	0	0	0	1	0	1	0	0	0	S
NMDC20587533	0	0	0	1	0	0	0	0	1	0	1	0	0	0	1	0	1	1	0	1	S
NMDC20552325	0	0	0	1	0	0	0	0	1	0	1	0	0	0	1	0	1	1	0	1	S
NMDC20587534	0	0	0	1	0	0	0	0	1	0	1	1	0	0	0	0	1	0	0	1	S
NMDC20587535	0	0	0	1	0	0	0	0	1	0	1	0	0	0	1	0	1	1	1	0	S
NMDC20587536	0	0	0	1	0	0	0	0	1	0	1	0	0	0	1	0	1	1	0	1	S
NMDC20558364	0	0	0	1	0	0	0	0	1	0	1	0	0	0	1	0	1	1	0	1	S
NMDC20558365	0	0	0	1	0	0	0	0	1	0	1	0	0	0	0	1	1	0	0	0	S
NMDC20552326	0	0	0	1	0	0	0	0	1	0	1	0	0	0	1	0	1	0	0	0	S
NMDC20556339	0	0	0	1	0	0	0	0	1	0	1	0	0	0	1	0	1	1	0	1	S
NMDC20558367	0	0	0	1	0	0	0	0	1	0	1	0	0	0	1	0	1	1	0	1	S
NMDC20587537	0	0	0	1	0	0	1	0	1	0	1	0	0	0	1	1	1	1	0	1	S
NMDC20558368	0	0	0	1	0	0	0	0	1	0	1	0	0	0	1	0	1	1	0	1	S
NMDC20587538	0	0	0	1	0	0	0	0	1	0	1	0	0	0	1	1	1	1	0	1	S
NMDC20587539	0	0	0	1	0	0	0	0	1	0	1	0	0	0	1	0	1	1	0	1	S
NMDC20587540	0	0	0	1	0	0	0	0	1	0	1	0	0	0	1	0	1	1	0	1	S
NMDC20552328	0	0	0	1	0	0	0	0	1	0	1	0	0	0	1	0	1	1	0	1	S
NMDC20554346	0	0	0	1	0	0	0	0	1	0	1	0	0	0	0	1	1	0	0	0	S
NMDC20587542	0	0	0	1	0	0	0	0	1	0	1	1	0	0	0	0	1	0	0	0	S
NMDC20587543	0	0	0	1	0	0	0	0	1	0	1	0	0	0	0	0	1	0	0	0	S
NMDC20554348	0	0	0	1	0	0	0	0	1	0	1	0	1	0	1	0	1	0	0	0	S
NMDC20552329	0	0	0	1	0	0	0	0	1	0	1	0	0	0	1	0	1	1	0	1	S
NMDC20587544	0	0	0	1	0	0	1	0	1	0	1	0	0	0	1	1	1	1	0	1	S
NMDC20554350	0	0	0	1	0	0	0	0	1	0	1	0	1	0	1	0	1	0	0	0	S
NMDC20552331	0	0	0	1	0	0	0	0	1	0	1	0	0	0	0	0	1	0	0	0	S
NMDC20552332	0	0	0	1	0	0	0	0	1	0	1	0	0	0	1	0	1	1	0	1	S
NMDC20587548	0	0	0	1	0	0	0	0	1	0	0	0	0	0	1	0	0	0	0	0	S
NMDC20556342	0	0	0	1	0	0	0	0	1	0	1	0	0	0	1	0	1	1	0	1	S
NMDC20554351	0	0	0	1	0	0	0	0	1	0	1	0	0	0	0	1	1	0	0	0	S
NMDC20556343	0	0	0	1	0	0	0	0	1	0	1	0	0	0	1	0	1	1	0	1	S
NMDC20587550	0	0	0	1	0	0	1	0	1	0	1	0	0	0	1	0	1	1	0	1	S
NMDC20587551	0	0	0	1	0	0	1	0	1	0	1	0	0	0	1	1	1	1	0	1	S
NMDC20587552	0	0	0	1	0	0	0	0	1	0	1	0	0	0	1	0	1	1	0	1	S
NMDC20587553	0	0	0	1	0	0	0	0	0	0	0	0	1	0	0	0	0	0	0	1	S
NMDC20556345	0	0	0	0	0	0	0	0	1	0	0	1	0	0	0	1	0	0	0	1	S
NMDC20587554	0	0	0	1	0	0	0	0	1	0	1	0	0	0	1	0	1	1	0	1	S
NMDC20552337	0	0	0	1	0	0	0	0	1	0	0	1	0	0	0	0	1	0	0	1	S
NMDC20556346	0	0	0	1	0	0	0	0	1	0	1	0	0	0	1	0	1	1	0	1	S
NMDC20556347	0	0	0	1	0	0	0	0	1	0	1	0	0	0	1	0	1	1	0	1	S
NMDC20558370	0	0	0	1	0	0	1	0	1	0	1	0	0	0	1	0	1	1	0	1	S
NMDC20554353	0	0	0	1	0	0	0	0	1	0	1	0	0	0	1	0	1	1	0	1	S
NMDC20587556	0	0	0	1	0	0	0	0	1	0	1	0	0	0	1	0	1	1	0	1	S
NMDC20554357	0	0	0	1	0	0	1	0	1	0	1	0	0	0	1	1	1	1	0	1	S
NMDC20552338	0	0	0	1	0	0	0	0	1	0	1	0	0	0	1	0	1	1	0	1	S
NMDC20587559	0	0	0	1	0	0	1	0	1	0	1	0	0	0	1	0	1	1	0	1	S
NMDC20587560	0	0	0	1	0	0	0	0	1	0	1	0	0	0	1	0	1	1	0	1	S
NMDC20554358	0	0	0	1	0	0	0	0	1	0	1	0	0	0	1	0	1	0	0	0	S
NMDC20587561	0	0	0	1	0	0	0	0	1	0	1	0	0	0	1	0	1	1	0	1	S
NMDC20587562	0	0	0	1	0	0	0	0	1	0	1	1	1	0	0	1	1	0	0	0	S
NMDC20587563	0	0	0	1	0	0	0	0	1	0	1	1	1	0	0	0	1	0	0	1	S
NMDC20556350	0	0	0	1	0	0	0	0	1	0	1	0	0	0	1	0	1	1	0	1	S
NMDC20552339	0	0	0	1	0	0	1	0	1	0	1	0	0	0	1	1	1	1	0	1	S
NMDC20552340	0	0	0	1	0	0	0	0	1	0	1	0	1	0	1	0	1	0	0	0	S
NMDC20552341	0	0	0	1	0	0	0	0	1	0	1	0	0	0	1	0	1	1	0	1	S
NMDC20558372	0	0	0	1	0	0	0	0	1	0	1	0	1	0	1	0	1	0	0	0	S
NMDC20554359	0	0	0	1	0	0	0	0	1	0	1	0	0	0	1	0	1	1	0	1	S
NMDC20552343	0	0	0	1	0	0	0	0	1	0	1	0	0	0	1	0	1	1	0	1	S
NMDC20587566	0	0	0	1	0	0	0	0	1	0	1	0	0	0	0	0	1	0	0	0	S
NMDC20554361	0	0	0	1	0	0	0	0	1	0	1	0	1	0	1	0	1	0	0	0	S
NMDC20556352	0	0	0	1	0	0	0	0	1	0	1	0	0	0	1	0	1	1	0	1	S
NMDC20558374	0	0	0	1	0	0	0	0	1	0	1	0	0	0	1	0	1	1	0	1	S
NMDC20558376	0	0	0	1	0	0	0	0	1	0	1	0	0	0	1	0	1	1	0	1	S
NMDC20587638	0	0	0	1	0	0	0	0	1	0	1	1	0	0	0	0	1	0	0	0	S
NMDC20587639	0	0	0	1	0	0	0	0	1	0	1	0	0	0	0	1	1	0	0	0	S
NMDC20587640	1	1	1	0	1	0	0	0	1	1	0	1	1	0	0	0	1	0	1	0	S
NMDC20587641	0	0	0	1	0	0	0	0	1	0	1	0	1	0	1	0	1	0	0	0	S
NMDC20587642	0	0	0	1	0	0	0	0	1	0	1	0	1	0	1	0	1	0	0	0	S
NMDC20587643	0	0	0	1	0	0	0	0	1	0	1	0	1	0	1	0	1	0	0	0	S
NMDC20587645	0	0	0	1	0	0	0	0	1	0	1	1	0	0	0	0	1	0	0	0	S
NMDC20587646	0	0	0	1	0	0	1	0	1	0	1	0	0	0	1	1	1	1	0	1	S
NMDC20587647	0	0	0	1	0	0	1	0	1	0	1	0	0	0	1	0	1	1	0	1	S
NMDC20587648	0	0	0	0	0	0	0	0	1	0	1	1	0	0	0	0	1	0	0	0	S
NMDC20587649	0	0	0	1	0	0	0	0	1	0	1	0	0	0	1	1	1	0	0	1	S
NMDC20587650	0	0	0	1	0	0	0	0	1	0	1	0	0	0	0	1	1	0	0	0	S
NMDC20587651	0	0	0	1	0	0	0	0	1	0	1	0	1	0	0	0	1	0	0	0	S
NMDC20587653	0	0	0	1	0	0	0	0	1	0	1	0	0	0	0	1	1	0	0	0	S
NMDC20587654	0	0	0	1	0	0	1	0	1	0	1	0	0	0	1	1	1	1	0	1	S
NMDC20587655	0	0	0	1	0	0	0	0	1	0	1	0	0	0	0	1	1	0	0	0	S
NMDC20587656	0	0	0	0	0	0	0	0	1	0	1	1	0	0	0	0	1	0	0	0	S
NMDC20587657	0	0	0	1	0	0	0	0	1	1	0	0	1	0	1	0	1	1	0	0	S
NMDC20587658	0	0	0	1	0	0	0	0	1	0	1	1	0	0	0	0	1	1	0	0	S
NMDC20587659	0	0	0	1	0	0	0	0	1	0	1	0	1	0	1	0	1	0	0	0	S
NMDC20587660	0	0	0	1	0	0	0	0	1	0	1	0	0	0	1	1	1	1	0	1	S
NMDC20587663	0	0	0	0	0	0	0	0	1	0	1	1	0	0	0	1	1	0	0	0	S
NMDC20587664	0	0	0	1	0	0	1	0	1	0	1	0	0	0	1	1	1	1	0	1	S
NMDC20587666	0	0	0	1	0	0	0	0	1	0	1	0	1	0	0	0	1	0	0	1	S
NMDC20587667	0	0	0	1	0	0	0	0	1	0	1	1	0	0	0	0	1	0	0	0	S
NMDC20587668	0	0	0	1	0	0	0	0	1	0	1	0	0	0	0	1	1	0	0	0	S
NMDC20587669	0	0	0	1	0	0	0	0	1	0	1	0	0	0	0	1	1	0	0	0	S
NMDC20587670	0	0	0	1	0	0	0	0	1	0	1	0	1	0	0	0	1	0	0	1	S
NMDC20587672	0	0	0	1	0	0	0	0	1	0	1	1	0	0	0	0	1	0	0	1	S
NMDC20587673	0	0	0	1	0	0	0	0	1	0	1	0	1	0	1	0	1	0	0	0	S
NMDC20587674	0	0	0	1	0	0	0	0	1	0	1	0	0	0	1	0	1	1	0	1	S
NMDC20587675	0	0	0	1	0	0	0	0	1	0	1	1	0	0	0	0	1	1	0	0	S
NMDC20587676	0	0	0	1	0	0	0	0	1	0	1	0	0	0	0	1	1	0	0	0	S
NMDC20587677	0	0	0	0	0	0	0	0	1	0	1	1	0	0	0	0	1	0	0	0	S
NMDC20587678	0	0	0	1	0	0	0	0	1	0	1	1	0	0	0	0	1	1	0	0	S
NMDC20587679	0	0	0	0	0	0	0	0	1	0	1	1	0	0	0	0	1	0	0	0	S
NMDC20587681	0	0	0	1	0	0	0	0	1	0	1	0	0	0	0	1	1	0	0	0	S
NMDC20587686	0	0	0	1	0	0	0	0	1	0	1	0	0	0	0	0	1	0	0	0	S
NMDC20587687	0	0	0	1	0	0	0	0	1	0	1	0	0	0	0	0	1	0	0	1	S
NMDC20587688	0	0	0	1	0	0	0	0	1	0	1	0	0	0	0	0	1	0	0	1	S
NMDC20587690	0	0	0	1	0	0	0	0	1	0	1	0	1	0	1	0	1	0	0	0	S
NMDC20587691	0	0	0	1	0	0	1	0	1	0	1	0	0	0	1	1	1	1	0	1	S
NMDC20587692	0	0	0	1	0	0	0	0	1	0	1	1	0	0	0	1	1	0	0	0	S
NMDC20587694	0	0	0	1	0	0	0	0	1	0	1	0	0	0	1	1	1	0	0	1	S
NMDC20587695	0	0	0	1	0	0	0	0	1	0	1	1	0	0	0	0	1	0	0	1	S
NMDC20587696	0	0	0	1	0	0	0	0	1	0	1	1	0	0	0	0	1	0	0	1	S
NMDC20587700	0	0	0	1	0	0	0	0	1	0	1	1	0	0	0	0	1	1	0	0	S
NMDC20587701	0	0	0	1	0	0	0	0	1	0	1	1	0	0	0	0	1	0	0	0	S
NMDC20587704	0	0	0	1	0	0	1	0	1	0	1	0	0	0	1	0	1	1	0	1	S
NMDC20587705	0	0	0	1	0	0	1	0	1	0	1	0	0	0	1	0	1	1	0	1	S
NMDC20587706	0	0	0	1	0	0	0	0	1	0	1	0	0	0	0	1	1	0	0	0	S
NMDC20587707	0	0	0	1	0	0	0	0	1	0	0	0	0	0	0	0	0	1	0	0	S
NMDC20587708	0	0	0	1	0	0	0	0	1	0	1	0	0	0	0	0	1	0	0	1	S
NMDC20587709	0	0	0	1	0	0	0	0	1	0	0	0	0	0	0	0	0	1	0	0	S
NMDC20587710	0	0	0	1	0	0	0	0	1	0	1	1	0	0	0	0	1	1	0	0	S
NMDC20587713	0	0	0	1	0	0	0	0	1	0	1	0	0	0	0	1	1	0	0	0	S
NMDC20587715	0	0	0	1	0	0	0	0	1	0	1	1	0	0	0	0	1	0	0	0	S
NMDC20587716	0	0	0	1	0	0	0	0	1	0	1	0	0	0	0	1	1	0	0	0	S
NMDC20587717	0	0	0	1	0	0	1	0	1	0	1	0	0	0	1	1	1	1	0	1	S
NMDC20587718	0	0	0	1	0	0	1	0	1	0	1	0	0	0	1	0	1	1	0	1	S
NMDC20587719	0	0	0	1	0	0	1	0	1	0	1	0	0	0	1	1	1	1	0	1	S
NMDC20587721	0	0	0	1	0	0	0	0	0	0	0	0	1	0	0	0	0	0	0	1	S
NMDC20587727	0	0	0	1	0	0	0	0	1	0	1	0	0	0	1	0	0	0	0	0	S
NMDC20587731	0	0	0	1	0	0	0	0	1	0	1	0	0	0	1	0	1	1	0	1	S
NMDC20587732	0	0	0	1	0	0	0	0	1	0	1	1	0	0	0	0	1	0	0	1	S
NMDC20587734	0	0	0	1	0	0	0	0	1	0	1	0	0	0	1	0	1	1	0	1	S
NMDC20587735	0	0	0	1	0	0	0	0	1	0	1	0	0	0	1	0	1	1	0	1	S
NMDC20587736	0	0	0	1	0	0	0	0	1	0	1	0	0	0	1	0	1	0	0	0	S
NMDC20587737	0	0	0	1	0	0	0	0	1	0	1	1	0	0	0	0	1	0	0	1	S
NMDC20587739	0	0	0	1	0	0	0	0	1	0	1	1	0	0	0	0	1	0	0	1	S
NMDC20587740	0	0	0	1	0	0	0	0	1	0	1	0	1	0	1	0	1	0	0	0	S
NMDC20587741	0	0	0	1	0	0	0	0	1	0	1	0	0	0	1	0	1	1	0	1	S
NMDC20587743	0	0	0	1	0	0	0	0	1	0	1	0	0	0	1	0	1	0	0	0	S
NMDC20587745	0	0	0	1	0	0	0	0	1	0	1	1	0	0	0	0	1	0	0	0	S
NMDC20587746	0	0	0	1	0	0	0	0	1	0	1	0	0	0	1	1	1	1	0	1	S
NMDC20587748	0	0	0	1	0	0	0	0	1	0	1	0	1	0	1	0	1	0	0	0	S
NMDC20587749	0	0	0	1	0	0	0	0	1	0	1	0	1	0	1	0	1	0	0	0	S
NMDC20587750	0	0	0	1	0	0	0	0	1	0	1	0	1	0	1	0	1	0	0	0	S
NMDC20587752	0	0	0	1	0	0	0	0	1	0	1	0	1	0	1	0	1	0	0	0	S
NMDC20587755	0	0	0	1	0	0	0	0	1	0	1	0	0	0	1	0	1	1	0	1	S
NMDC20587756	0	0	0	1	0	0	0	0	1	0	1	0	0	0	1	0	1	1	0	1	S
NMDC20587757	0	0	0	1	0	0	0	0	1	0	1	1	0	0	0	0	1	0	0	1	S
NMDC20587758	0	0	0	1	0	0	0	0	1	0	1	1	0	0	0	0	1	0	0	1	S
NMDC20587759	0	0	0	1	0	0	0	0	1	0	1	0	1	0	1	0	1	0	0	0	S
NMDC20587760	0	0	0	1	0	0	0	0	1	0	1	0	0	0	1	0	1	1	0	1	S
NMDC20587762	0	0	0	1	0	0	0	0	1	0	1	0	0	0	0	0	1	0	0	0	S
NMDC20587770	0	0	0	1	0	0	0	0	1	0	1	0	0	0	1	0	1	1	0	1	S
NMDC20587771	0	0	0	1	0	0	0	0	1	0	1	0	1	0	0	0	1	0	0	1	S
NMDC20587772	0	0	0	1	0	0	0	0	1	0	0	0	1	0	0	0	0	0	0	1	S
NMDC20587773	0	0	0	1	0	0	0	0	1	0	1	0	0	0	1	0	1	1	0	1	S
NMDC20587774	0	0	0	1	0	0	0	0	1	0	1	0	0	0	1	0	1	1	0	1	S
NMDC20587776	0	0	0	1	0	0	0	0	1	0	1	0	0	0	1	0	1	1	0	1	S
NMDC20587777	0	0	0	1	0	0	0	0	1	0	1	1	0	0	0	0	1	0	0	0	S
NMDC20587778	0	0	0	1	0	0	0	0	1	0	1	0	0	0	1	0	1	1	0	1	S
NMDC20587779	0	0	0	1	0	0	0	0	1	0	1	1	0	0	0	0	1	0	0	1	S
NMDC20587780	0	0	0	1	0	0	0	0	1	0	1	0	1	0	1	0	1	0	0	0	S
NMDC20587781	0	0	0	1	0	0	0	0	1	0	1	0	0	0	1	0	1	1	0	1	S
NMDC20587784	0	0	0	1	0	0	0	0	1	0	1	0	1	0	1	0	1	0	0	0	S
NMDC20587785	0	0	0	1	0	0	0	0	1	0	1	0	1	0	1	0	1	0	0	0	S
NMDC20587786	0	0	0	1	0	0	0	0	1	0	1	0	0	0	1	0	1	1	0	1	S
NMDC20587788	0	0	0	1	0	0	0	0	1	0	1	1	0	0	0	0	1	0	0	1	S
NMDC20587790	0	0	0	1	0	0	0	0	1	0	1	0	1	0	1	0	1	0	0	0	S
NMDC20587793	0	0	0	1	0	0	0	0	1	0	1	0	1	0	1	0	1	0	0	0	S
NMDC20587794	0	0	0	1	0	0	0	0	1	0	1	0	0	0	1	0	1	1	0	1	S
NMDC20587795	0	0	0	1	0	0	0	0	1	0	1	0	1	0	0	0	1	0	0	1	S
NMDC20587796	0	0	0	1	0	0	0	0	1	0	1	0	1	0	0	0	1	0	0	1	S
NMDC20587797	0	0	0	1	0	0	0	0	1	0	1	0	0	0	1	1	1	1	0	1	S
NMDC20587798	0	0	0	1	0	0	0	0	1	0	1	0	0	0	0	0	1	0	0	0	S
NMDC20587800	0	0	0	1	0	0	0	0	1	0	1	0	1	0	1	0	1	0	0	0	S
NMDC20587802	0	0	0	0	0	0	0	0	1	0	1	1	0	0	0	0	1	0	0	0	S
NMDC20587805	0	0	0	0	0	0	0	0	1	0	1	1	0	0	0	0	1	0	0	0	S
NMDC20587813	0	0	0	1	0	0	0	0	1	0	1	0	1	0	0	0	1	0	0	1	S
NMDC20587814	0	0	0	1	0	0	0	0	1	0	1	0	1	0	0	0	1	0	0	1	S
NMDC20587815	0	0	0	1	0	0	0	0	1	0	1	1	0	0	0	0	1	0	0	1	S
NMDC20587816	0	0	0	1	0	0	0	0	1	0	1	1	0	0	0	0	1	0	0	1	S
NMDC20587818	0	0	0	1	0	0	0	0	1	0	1	0	0	0	1	0	1	1	0	1	S
NMDC20587819	0	0	0	1	0	0	0	0	1	0	1	0	0	0	1	0	1	1	0	1	S
NMDC20587820	0	0	0	1	0	0	0	0	0	0	0	0	1	0	0	0	0	0	0	1	S
NMDC20587824	0	0	0	1	0	0	0	0	1	1	0	0	1	0	1	0	1	1	0	0	S
NMDC20587825	0	0	0	1	0	0	0	0	1	1	0	0	1	0	1	0	1	1	0	0	S
NMDC20587827	0	0	0	1	0	0	0	0	1	1	0	0	1	0	1	0	1	1	0	0	S
NMDC20587829	0	0	0	1	0	0	0	0	1	0	1	0	1	0	1	0	1	0	0	0	S
NMDC20587830	0	0	0	1	0	0	0	0	1	0	1	1	0	0	0	0	1	0	0	1	S
NMDC20587831	0	0	0	1	0	0	0	0	1	0	1	0	1	0	0	0	1	0	0	1	S
NMDC20587832	0	0	0	1	0	0	0	0	1	0	1	0	0	0	1	0	1	1	0	1	S
NMDC20587834	0	0	0	1	1	0	0	0	1	0	1	0	0	0	1	0	1	1	0	0	S
NMDC20587835	0	0	0	1	1	0	0	0	1	0	1	0	0	0	1	0	1	1	0	0	S
NMDC20587836	0	0	0	1	0	0	0	0	1	0	1	1	0	0	0	0	1	0	0	1	S
NMDC20587837	0	0	0	1	0	0	0	0	1	0	1	1	0	0	0	0	1	0	0	1	S
NMDC20587839	0	0	0	1	0	0	0	0	1	0	1	0	0	0	1	0	1	1	0	1	S
NMDC20587840	0	0	0	1	0	0	0	0	1	0	1	0	0	0	1	1	1	1	0	1	S
NMDC20587842	0	0	0	1	0	0	0	0	1	0	1	1	0	0	0	0	1	0	0	1	S
NMDC20587844	0	0	0	1	0	0	0	0	1	0	1	0	1	0	0	0	1	0	0	1	S
NMDC20587847	0	0	0	1	0	0	0	0	1	0	1	1	0	0	0	0	1	0	0	1	S
NMDC20587848	0	0	0	1	0	0	0	0	1	0	1	0	1	0	0	0	1	0	0	1	S
NMDC20587849	0	0	0	1	0	0	0	0	1	0	1	0	0	0	1	0	1	1	0	1	S
NMDC20587850	0	0	0	1	0	0	0	0	1	0	1	0	1	0	0	0	1	0	0	1	S
NMDC20587851	0	0	0	1	0	0	0	0	1	0	1	0	1	0	0	0	1	0	0	1	S
NMDC20587853	0	0	0	1	0	0	0	0	1	0	1	0	1	0	1	0	1	0	0	0	S
NMDC20587855	0	0	0	1	0	0	0	0	1	0	1	0	0	0	1	0	1	0	0	0	S
NMDC20587858	0	0	0	1	0	0	0	0	1	0	1	0	0	0	1	0	1	1	0	1	S
NMDC20587860	0	0	0	1	0	0	0	0	1	0	1	0	0	0	0	0	1	0	0	0	S
NMDC20587861	0	0	0	1	0	0	0	0	1	0	1	1	0	0	0	0	1	0	0	1	S
NMDC20587865	0	0	0	1	0	0	0	0	1	0	1	0	1	0	0	0	1	0	0	1	S
NMDC20587867	0	0	0	1	0	0	0	0	1	0	1	0	0	0	1	0	1	0	0	0	S
NMDC20587869	0	0	0	1	0	0	0	0	1	0	1	1	0	0	0	0	1	0	0	1	S
NMDC20587870	0	0	0	1	0	0	0	0	1	0	1	1	0	0	0	0	1	0	0	1	S
NMDC20587872	0	0	0	1	0	0	0	0	1	0	1	0	1	0	1	0	1	0	0	0	S
NMDC20587873	0	0	0	1	0	0	0	0	1	0	1	0	1	0	1	0	1	0	0	0	S
NMDC20587875	0	0	0	1	0	0	0	0	1	0	1	1	0	0	0	0	1	0	0	1	S
NMDC20587877	0	0	0	1	0	0	0	0	0	0	0	0	1	0	0	0	0	0	0	1	S
NMDC20587879	0	0	0	1	0	0	0	0	1	0	1	1	0	0	0	0	1	0	0	1	S
NMDC20587881	0	0	0	1	0	0	0	0	1	0	1	0	1	0	0	0	1	0	0	1	S
NMDC20587882	0	0	0	1	0	0	0	0	1	0	1	1	0	0	0	0	1	0	0	1	S
NMDC20587883	0	0	0	1	0	0	0	0	1	0	1	1	0	0	0	0	1	0	0	1	S
NMDC20587884	0	0	0	1	0	0	0	0	1	0	1	1	0	0	0	0	1	0	0	1	S
NMDC20587885	0	0	0	1	0	0	0	0	1	0	1	0	0	0	1	1	1	1	0	1	S
NMDC20587887	0	0	0	1	0	0	0	0	1	0	1	0	0	0	1	0	1	1	0	1	S
NMDC20587888	0	0	0	1	0	0	0	0	1	0	1	0	0	0	1	0	1	1	0	1	S
NMDC20587889	0	0	0	1	0	0	0	0	1	0	1	0	1	0	1	0	1	0	0	0	S
NMDC20587890	0	0	0	1	0	0	0	0	1	0	1	0	1	0	0	0	1	0	0	1	S
NMDC20587894	0	0	0	1	0	0	0	0	1	0	1	1	0	0	0	0	1	0	0	1	S
NMDC20587895	0	0	0	1	0	0	0	0	1	0	1	1	0	0	0	0	1	0	0	1	S
NMDC20587896	0	0	0	1	0	0	0	0	1	0	1	1	0	0	0	0	1	0	0	1	S
NMDC20587897	0	0	0	1	0	0	0	0	1	0	1	0	1	0	1	0	1	0	0	0	S
NMDC20587898	0	0	0	1	0	0	0	0	1	0	1	0	0	0	1	0	1	1	1	0	S
NMDC20587901	0	0	0	1	0	0	0	0	1	0	1	1	0	0	0	0	1	0	0	0	S
NMDC20587903	0	0	0	1	0	0	0	0	1	0	1	1	0	0	0	0	1	0	0	1	S
NMDC20587904	0	0	0	1	0	0	0	0	1	0	1	1	0	0	0	0	1	0	0	1	S
NMDC20587918	0	0	0	1	0	0	0	0	1	0	1	0	1	0	1	0	1	0	0	0	S
NMDC20587920	0	0	0	1	0	0	0	0	0	0	0	0	1	0	0	0	0	0	0	1	S
NMDC20587921	0	0	0	1	0	0	0	0	1	0	1	0	1	0	0	0	1	0	0	1	S
NMDC20587923	0	0	0	1	0	0	0	0	1	0	1	0	0	0	1	0	1	1	0	1	S
NMDC20587924	0	0	0	1	0	0	0	0	1	0	1	0	1	0	0	0	1	0	0	1	S
NMDC20587925	0	0	0	1	0	0	0	0	1	0	1	1	0	0	0	0	1	0	0	1	S
NMDC20587926	0	0	0	1	0	0	0	0	1	0	1	0	0	0	1	0	1	1	0	1	S
NMDC20587931	0	0	0	1	0	0	0	0	0	0	0	0	1	0	0	0	0	0	0	1	S
NMDC20587935	0	0	0	1	0	0	0	0	1	0	1	0	0	0	1	1	1	1	0	1	S
NMDC20587939	0	0	0	1	0	0	0	0	1	0	1	1	0	0	0	0	1	0	0	1	S
NMDC20587940	0	0	0	1	0	0	0	0	1	0	1	0	1	0	0	0	1	0	0	1	S
NMDC20587941	0	0	0	1	0	0	0	0	1	0	1	0	1	0	0	0	1	0	0	1	S
NMDC20587942	0	0	0	1	0	0	0	0	0	0	0	0	1	0	0	0	0	0	0	1	S
NMDC20587944	0	0	0	1	0	0	0	0	1	0	1	0	0	0	1	0	1	1	0	1	S
NMDC20587946	0	0	0	1	0	0	0	0	1	0	1	0	1	0	1	0	1	0	0	0	S
NMDC20587947	0	0	0	1	0	0	0	0	1	0	1	0	0	0	1	0	1	1	0	1	S
NMDC20587948	0	0	0	1	0	0	0	0	1	0	1	0	0	0	1	0	1	1	0	1	S
NMDC20587951	0	0	0	1	0	0	0	0	1	0	1	0	0	0	0	1	1	0	0	0	S
NMDC20587952	0	0	0	1	0	0	0	0	1	0	1	0	0	0	0	1	1	0	0	0	S
NMDC20587953	0	0	0	1	0	0	0	0	1	0	1	0	0	0	0	1	1	0	0	0	S
NMDC20587955	0	0	0	1	0	0	0	0	1	0	1	1	1	0	0	0	1	0	0	0	S
NMDC20587956	0	0	0	1	0	0	0	0	1	0	0	0	1	0	0	0	0	0	0	1	S
NMDC20587957	0	0	0	1	0	0	0	0	1	0	1	1	0	0	0	0	1	0	0	1	S
NMDC20587961	0	0	0	0	0	0	0	0	1	0	1	1	0	0	0	1	1	0	0	0	S
NMDC20587963	0	0	0	1	0	0	0	0	1	0	1	1	0	0	0	0	1	1	0	0	S
NMDC20587964	0	0	0	1	0	0	0	0	1	0	1	0	0	0	0	1	1	0	0	0	S
NMDC20587965	0	0	0	1	0	0	0	0	1	0	1	0	0	0	1	0	1	1	0	1	S
NMDC20587966	0	0	0	1	0	0	0	0	1	0	1	1	0	0	0	0	1	1	0	0	S
NMDC20587969	0	0	0	1	0	0	0	0	1	0	1	0	1	0	1	0	1	0	0	0	S
NMDC20587970	0	0	0	1	0	0	0	0	1	0	1	0	0	0	0	0	1	0	0	1	S
NMDC20587972	0	0	0	1	0	0	1	0	1	0	1	0	0	0	1	1	1	1	0	1	S
NMDC20587973	0	0	0	1	0	0	0	0	1	0	1	1	0	0	0	0	1	0	0	0	S
NMDC20587975	0	0	0	1	0	0	0	0	1	0	1	0	1	0	0	1	1	0	0	1	S
NMDC20587976	0	0	0	1	0	0	0	0	1	0	1	0	0	0	0	0	1	0	0	1	S
NMDC20587977	0	0	0	1	0	0	0	0	1	0	1	0	0	0	0	0	1	0	0	1	S
NMDC20587978	0	0	0	1	0	0	0	0	1	0	1	0	0	0	0	1	1	0	0	0	S
NMDC20587979	0	0	0	1	0	0	0	0	1	0	1	1	0	0	0	0	1	0	0	0	S
NMDC20587980	0	0	0	1	0	0	0	0	1	0	1	0	0	0	0	0	1	0	0	1	S
NMDC20587982	0	0	0	1	0	0	0	0	1	0	1	0	0	0	0	1	1	0	0	0	S
NMDC20587984	0	0	0	1	0	0	0	0	1	0	1	0	0	0	0	1	1	0	0	0	S
NMDC20587985	0	0	0	1	0	0	0	0	1	0	1	1	0	0	0	0	1	0	0	0	S
NMDC20587987	0	0	0	1	0	0	0	0	1	0	1	1	0	0	0	0	1	0	0	0	S
NMDC20587988	0	0	0	1	1	0	0	0	1	0	1	0	0	0	0	0	1	0	0	1	S
NMDC20587989	0	0	0	1	0	0	0	0	1	1	0	0	0	0	0	1	1	1	0	0	S
NMDC20587990	0	0	0	1	0	0	0	0	1	0	1	1	0	0	0	0	1	1	0	0	S
NMDC20587991	0	0	0	1	0	0	0	0	1	0	1	0	0	0	1	0	1	0	0	0	S
NMDC20587992	0	0	0	1	0	0	0	0	1	0	1	1	0	0	1	0	1	0	0	0	S
NMDC20587993	0	0	0	1	0	0	0	0	1	0	1	0	0	0	0	0	1	0	0	0	S
NMDC20587999	0	0	0	1	0	0	0	0	1	0	1	1	0	0	1	0	1	0	0	0	S
NMDC20588000	0	0	0	1	0	0	0	0	1	0	1	0	0	0	0	1	1	0	0	0	S
NMDC20588001	0	0	0	1	0	0	1	0	1	0	1	0	0	0	1	1	1	1	0	1	S
NMDC20588002	0	0	0	1	0	0	0	0	1	0	1	0	0	0	0	0	1	0	0	1	S
NMDC20588003	0	0	0	1	0	0	0	0	1	0	1	0	0	0	1	0	1	1	0	1	S
NMDC20588004	0	0	0	1	0	0	0	0	1	0	1	0	1	0	0	0	1	0	0	1	S
NMDC20588005	0	0	0	1	0	0	0	0	1	0	1	0	1	0	0	0	1	0	0	1	S
NMDC20588007	0	0	0	1	0	0	0	0	1	0	1	0	0	0	1	0	1	1	0	1	S
NMDC20588010	0	0	0	1	0	0	0	0	1	0	1	0	1	0	0	0	1	0	0	1	S
NMDC20588011	0	0	0	1	0	0	0	0	1	0	1	1	0	0	0	0	1	0	0	0	S
NMDC20588012	0	0	0	1	0	0	0	0	1	0	1	1	0	0	0	0	1	0	0	0	S
NMDC20588013	0	0	0	1	0	0	0	0	1	0	1	0	1	0	0	0	1	0	0	1	S
NMDC20588014	0	0	0	1	0	0	0	0	1	0	1	0	0	0	0	1	1	0	0	0	S
NMDC20588015	0	0	0	1	0	0	0	0	1	0	1	1	0	0	0	0	1	0	0	1	S
NMDC20588016	0	0	0	1	0	0	0	0	1	0	1	1	0	0	0	0	1	0	0	1	S
NMDC20588017	0	0	0	1	0	0	0	0	1	0	1	0	1	0	0	0	1	0	0	1	S
NMDC20588018	0	0	0	1	0	0	0	0	1	0	1	0	1	0	0	0	1	0	0	1	S
NMDC20588019	0	0	0	1	0	0	1	0	1	0	1	0	0	0	1	1	1	1	0	1	S
NMDC20588020	0	0	0	1	0	0	0	0	1	1	0	0	1	0	0	0	1	1	0	0	S
NMDC20588021	0	0	0	1	0	0	0	0	1	0	1	0	1	0	1	0	1	1	0	1	S
NMDC20588022	0	0	0	1	0	0	1	0	1	0	1	0	0	0	1	1	1	1	0	1	S
NMDC20588023	0	0	0	1	0	0	0	0	1	0	1	1	0	0	0	0	1	0	0	1	S
NMDC20588024	0	0	0	1	0	0	0	0	1	0	1	1	0	0	0	0	1	0	0	1	S
NMDC20588025	0	0	0	1	0	0	0	0	1	0	1	0	1	0	0	0	1	0	0	1	S
NMDC20588027	0	0	0	1	0	0	0	0	1	0	1	1	0	0	0	0	1	0	0	0	S
NMDC20588028	0	0	0	1	0	0	0	0	1	1	0	0	0	0	1	0	1	0	0	0	S
NMDC20588030	0	0	0	1	0	0	0	0	1	1	0	0	0	0	1	0	1	0	0	0	S
NMDC20588031	0	0	0	1	0	0	0	0	1	0	1	0	1	0	1	0	1	0	0	0	S
NMDC20588032	0	0	0	0	0	0	0	0	1	0	1	1	0	1	0	1	1	0	0	0	S
NMDC20588033	1	1	1	0	1	0	0	0	1	1	0	1	1	0	0	0	1	0	1	0	S
NMDC20588034	0	0	0	1	0	0	0	0	1	0	1	1	0	0	0	0	1	0	0	0	S
NMDC20588035	0	0	0	1	0	0	0	0	1	0	1	0	0	0	0	1	1	0	0	0	S
NMDC20588037	0	0	0	1	0	0	0	0	1	0	1	1	0	0	0	0	1	0	0	0	S
NMDC20588039	0	0	0	1	0	0	0	0	1	0	1	0	0	0	0	1	1	0	0	0	S
NMDC20588040	0	0	0	1	0	0	0	0	1	0	1	1	0	0	0	0	1	1	0	0	S
NMDC20588041	0	0	0	1	0	0	0	0	1	0	1	0	0	0	0	0	1	1	0	0	S
NMDC20588042	0	0	0	1	0	0	0	0	1	0	1	0	0	0	0	0	1	1	0	0	S
NMDC20588043	0	0	0	1	0	0	0	0	1	0	1	0	0	0	0	0	1	1	0	0	S
NMDC20588045	0	0	0	1	0	0	0	0	1	0	1	1	0	0	0	0	1	0	0	0	S
NMDC20588046	0	0	0	1	0	0	0	0	1	0	1	0	0	0	1	0	1	0	0	1	S
NMDC20588047	0	0	0	1	0	0	0	0	1	0	1	1	0	0	0	1	1	0	0	0	S
NMDC20588050	0	0	0	1	0	0	0	0	1	0	1	0	0	0	0	0	1	1	0	0	S
NMDC20588051	0	0	0	1	0	0	0	0	1	0	1	1	0	0	0	0	1	0	0	0	S
NMDC20588052	0	0	0	1	0	0	0	0	1	0	1	1	0	0	0	1	1	0	0	0	S
NMDC20588054	0	0	0	1	0	0	0	0	1	0	1	1	1	0	1	0	1	0	0	0	S
NMDC20588055	0	0	0	0	0	0	0	0	1	0	1	1	0	0	0	1	1	0	0	0	S
NMDC20588056	0	0	0	0	0	0	0	0	1	0	1	1	0	0	0	0	1	0	0	0	S
NMDC20588059	0	0	0	1	0	0	1	0	1	0	1	0	0	0	1	1	1	1	0	1	S
NMDC20588060	0	0	0	1	0	0	1	0	1	0	1	0	0	0	1	1	1	1	0	1	S
NMDC20588061	0	0	0	0	0	0	0	0	1	0	1	1	0	0	0	0	1	0	0	0	S
NMDC20588062	0	0	0	1	0	0	0	0	1	0	1	0	0	0	0	0	1	0	0	0	S
NMDC20588064	0	0	0	1	0	0	0	0	1	0	1	0	0	0	0	1	1	0	0	0	S
NMDC20588066	0	0	0	1	0	0	0	0	1	0	1	0	0	0	0	1	1	0	0	0	S
NMDC20558389	0	0	0	1	1	0	0	1	1	0	1	0	1	0	0	0	1	1	0	1	S
NMDC20588109	0	0	0	1	1	0	0	1	1	0	1	0	1	0	0	0	1	1	0	1	S
NMDC20588121	0	0	0	1	0	1	1	0	1	0	1	0	0	0	1	1	1	1	0	1	S
NMDC20588122	0	0	0	1	0	0	1	0	1	0	1	0	0	0	1	1	1	1	0	1	S
NMDC20556364	0	0	0	1	1	0	0	1	1	0	1	0	1	0	0	0	1	1	0	1	S
NMDC20588133	0	0	0	1	1	0	0	1	1	0	1	0	1	0	0	0	1	1	0	1	S
NMDC20554379	0	0	0	1	1	0	0	1	1	0	1	0	1	0	0	0	1	1	0	1	S
NMDC20552369	0	0	0	1	1	0	0	1	1	0	1	0	1	0	0	0	1	1	0	1	S
NMDC20552370	0	0	0	1	1	0	0	1	1	0	1	0	1	0	0	0	1	1	0	1	S
NMDC20554380	0	0	0	1	1	0	0	1	1	0	1	0	1	0	0	0	1	1	0	1	S
NMDC20554381	0	0	0	1	1	0	0	1	1	0	1	0	1	0	0	0	1	1	0	1	S
NMDC20588134	0	0	0	1	1	0	0	1	1	0	1	0	1	0	0	0	1	1	0	1	S
NMDC20552375	0	0	0	1	0	0	1	0	1	0	1	0	0	0	1	1	1	1	0	1	S
NMDC20552376	0	0	0	1	0	0	1	0	1	0	1	0	0	0	1	1	1	1	0	1	S
NMDC20554383	0	0	0	1	0	0	1	0	1	0	1	0	0	0	1	1	1	1	0	1	S
NMDC20556367	0	0	0	1	0	0	1	0	1	0	1	0	0	0	1	1	1	1	0	1	S
NMDC20588138	0	0	0	1	0	0	1	0	1	0	1	0	0	0	1	1	1	1	0	1	S
NMDC20554384	0	0	0	1	0	0	0	0	1	0	1	0	0	0	0	0	1	0	0	0	S
NMDC20558399	0	0	0	1	0	0	0	0	1	0	1	0	0	0	0	0	1	0	0	0	S
NMDC20556368	0	0	0	1	0	0	0	0	1	0	1	0	0	0	0	0	1	0	0	0	S
NMDC20552377	0	0	0	1	0	0	0	0	1	0	1	0	0	0	0	0	1	0	0	0	S
NMDC20556369	0	0	0	1	0	0	0	0	1	0	1	0	0	0	0	0	1	0	0	0	S
NMDC20588141	0	0	0	1	0	0	0	0	1	0	1	0	0	0	0	0	1	0	0	0	S
NMDC20588142	0	0	0	1	0	0	0	0	1	0	1	0	0	0	0	0	1	0	0	0	S
NMDC20552379	0	0	0	1	0	0	0	0	1	0	1	0	0	0	0	0	1	0	0	0	S
NMDC20588143	0	0	0	1	0	0	0	0	1	0	1	0	0	0	0	0	1	0	0	0	S
NMDC20554385	0	0	0	1	0	0	0	0	1	0	1	0	0	0	0	0	1	0	0	0	S
NMDC20554386	0	0	0	1	0	0	0	0	1	0	1	0	0	0	0	0	1	0	0	0	S
NMDC20552380	0	0	0	1	0	0	0	0	1	0	1	0	0	0	0	0	1	0	0	0	S
NMDC20588144	0	0	0	1	0	0	0	0	1	0	1	0	0	0	0	0	1	0	0	0	S
NMDC20588145	0	0	0	1	0	0	0	0	1	0	1	0	0	0	0	0	1	0	0	0	S
NMDC20554387	0	0	0	1	0	0	0	0	1	0	1	0	0	0	0	0	1	0	0	0	S
NMDC20588146	0	0	0	1	0	0	0	0	1	0	1	0	0	0	0	0	1	0	0	0	S
NMDC20588147	0	0	0	1	0	0	1	0	1	0	1	0	0	0	1	1	1	1	0	1	S
NMDC20552381	0	0	0	1	0	0	1	0	1	0	1	0	0	0	1	1	1	1	0	1	S
NMDC20558400	0	0	0	1	0	0	1	0	1	0	1	0	0	0	1	1	1	1	0	1	S
NMDC20588148	0	0	0	1	0	0	1	0	1	0	1	0	0	0	1	1	1	1	0	1	S
NMDC20588149	0	0	0	1	0	0	1	0	1	0	1	0	0	0	1	1	1	1	0	1	S
NMDC20588150	0	0	0	1	0	0	1	0	1	0	1	0	0	0	1	1	1	1	0	1	S
NMDC20554388	1	1	1	0	1	0	0	0	1	1	0	1	1	0	0	0	1	0	1	0	S
NMDC20588162	0	0	0	1	0	0	1	0	1	0	1	0	0	0	1	1	1	1	0	1	S
NMDC20588167	0	0	0	1	0	1	1	0	1	0	1	0	0	0	1	1	1	1	0	1	S
NMDC20552388	0	0	0	1	0	1	1	0	1	0	1	0	0	0	1	1	1	1	0	1	S
NMDC20552389	0	0	0	1	0	1	1	0	1	0	1	0	0	0	1	1	1	1	0	1	S
NMDC20588168	0	0	0	1	0	1	1	0	1	0	1	0	0	0	1	0	1	1	0	1	S
NMDC20588169	0	0	0	1	0	0	1	0	1	0	1	0	0	0	1	0	1	1	0	1	S
NMDC20556376	0	0	0	1	0	0	1	0	1	0	1	0	0	0	1	0	1	1	0	1	S
NMDC20588170	0	0	0	1	0	1	1	0	1	0	1	0	0	0	1	1	1	1	0	1	S
NMDC20552390	0	0	0	1	0	0	1	0	1	0	1	0	0	0	1	1	1	1	0	1	S
NMDC20554393	0	0	0	1	0	0	1	0	1	0	1	0	0	0	1	1	1	1	0	1	S
NMDC20588172	0	0	0	1	0	0	1	0	1	0	1	0	0	0	1	1	1	1	0	1	S
NMDC20558196	0	0	0	1	0	0	0	0	1	0	1	0	0	0	1	0	1	1	0	1	S
NMDC20587207	0	0	0	1	0	0	1	0	1	0	1	0	0	0	1	1	1	1	0	1	S
NMDC20552174	0	0	0	1	0	1	1	0	1	0	1	0	0	0	1	1	1	1	0	1	S
NMDC20558198	0	0	0	1	0	0	0	0	1	0	1	0	0	0	1	0	1	1	0	1	S
NMDC20556197	0	0	0	1	0	1	1	0	1	0	1	0	0	0	1	0	1	1	0	1	S
NMDC20587208	0	0	0	1	0	0	0	0	1	0	1	0	1	0	0	0	1	0	0	1	S
NMDC20552175	0	0	0	1	0	1	1	0	1	0	1	0	0	0	1	0	1	1	0	1	S
NMDC20554203	0	0	0	1	0	0	0	0	1	0	1	0	0	0	1	0	1	1	0	1	S
NMDC20587209	0	0	0	1	0	0	0	0	1	0	1	0	0	0	1	0	1	1	0	1	S
NMDC20587210	0	0	0	1	0	0	0	0	1	0	1	0	0	0	1	0	1	1	0	1	S
NMDC20554204	0	0	0	1	0	0	0	0	1	0	1	0	0	0	1	0	1	1	0	1	S
NMDC20554205	0	0	0	1	0	0	0	0	1	0	1	0	0	0	1	1	1	1	0	1	S
NMDC20587370	0	0	0	1	0	0	0	0	1	0	1	0	0	0	1	0	1	1	0	1	S
NMDC20552267	0	0	0	1	0	0	0	0	1	0	1	0	0	0	1	0	1	1	0	1	S
NMDC20552268	0	0	0	1	0	0	0	0	1	0	1	0	0	0	1	0	1	1	0	1	S
NMDC20554284	0	0	0	1	0	0	0	0	1	0	1	0	0	0	1	0	1	1	0	1	S
NMDC20556279	0	0	0	1	0	0	0	0	1	0	1	0	0	0	1	0	1	1	0	1	S
NMDC20554285	0	0	0	1	0	1	1	0	1	0	1	0	0	0	1	0	1	1	0	1	S
NMDC20552269	0	0	0	1	0	0	0	0	1	0	1	0	0	0	1	0	1	0	0	0	S
NMDC20587547	0	0	0	1	0	1	1	0	1	0	1	0	0	0	1	0	1	1	0	1	S
NMDC20554355	0	0	0	1	0	1	1	0	1	0	1	0	0	0	1	1	1	1	0	1	S
NMDC20587557	0	0	0	1	0	0	0	0	1	0	1	0	0	0	1	0	1	1	0	1	S
NMDC20556349	0	0	0	1	0	0	1	0	1	0	1	0	0	0	1	1	1	1	0	1	S
NMDC20552342	0	0	0	1	0	0	0	0	1	0	1	0	0	0	1	0	1	1	0	1	S
NMDC20556351	0	0	0	1	0	0	0	0	1	0	1	0	0	0	1	0	1	1	0	1	S
NMDC20588635	1	1	1	0	1	0	0	0	1	1	0	1	1	0	0	0	1	0	1	0	S
NMDC20588637	0	0	0	1	0	0	0	0	1	0	1	0	0	0	0	1	1	0	0	0	S
NMDC20588638	0	0	0	1	0	0	0	0	1	0	1	0	0	0	0	1	1	0	0	0	S
NMDC20588639	0	0	0	1	0	0	0	0	1	0	1	0	0	0	0	1	1	0	0	0	S
NMDC20588641	0	0	0	1	0	0	0	0	1	0	1	0	0	0	0	1	1	0	0	0	S
NMDC20588645	0	0	0	1	0	0	0	0	1	0	1	0	0	0	0	0	1	0	0	0	S
NMDC20588646	0	0	0	1	0	0	0	0	1	0	1	0	0	0	1	1	1	0	0	1	S
NMDC20588647	0	0	0	1	0	0	0	0	1	0	1	0	0	0	1	0	1	1	0	1	S
NMDC20588648	0	0	0	1	0	0	0	0	1	0	1	1	0	0	0	0	1	1	0	0	S
NMDC20588649	0	0	0	1	0	0	0	0	1	0	1	0	0	0	0	1	1	0	0	0	S
NMDC20588650	0	0	0	1	0	0	0	0	1	0	1	0	0	0	0	1	1	0	0	0	S
NMDC20588651	1	1	1	0	1	0	0	0	1	1	0	1	1	0	0	0	1	0	1	0	S
NMDC20588653	0	0	0	1	0	0	0	0	1	0	1	1	0	0	0	0	1	0	0	0	S
NMDC20588654	0	0	0	1	0	0	0	0	1	0	1	0	0	0	1	0	1	1	0	1	S
NMDC20588655	0	0	0	1	0	0	0	0	1	0	1	0	0	0	1	0	1	1	0	1	S
NMDC20588657	0	0	0	1	0	0	0	0	1	0	1	1	0	0	0	0	1	0	0	1	S
NMDC20588658	0	0	0	1	0	0	0	0	1	0	1	1	0	0	0	0	1	0	0	1	S
NMDC20588660	0	0	0	1	0	0	0	0	1	0	1	0	0	0	0	1	1	0	0	0	S
NMDC20588661	0	0	0	0	0	0	0	0	1	0	1	1	0	0	0	1	1	0	0	0	S
NMDC20588663	0	0	0	1	0	0	0	0	1	0	1	0	0	0	0	1	1	0	0	0	S
NMDC20588664	0	0	0	1	0	0	0	0	1	0	1	1	0	0	0	0	1	0	0	1	S
NMDC20588665	0	0	0	0	0	0	0	0	1	0	1	1	0	0	0	1	1	0	0	0	S
NMDC20588666	0	0	0	0	0	0	0	0	1	0	1	1	0	0	0	0	1	0	0	0	S
NMDC20588667	0	0	0	1	0	0	0	0	1	0	1	0	0	0	0	0	1	0	0	0	S
NMDC20588668	0	0	0	0	0	0	0	0	1	0	1	1	0	0	0	1	1	0	0	0	S
NMDC20588669	0	0	0	1	0	0	0	0	1	1	0	0	1	0	1	0	1	1	0	0	S
NMDC20588670	0	0	0	1	0	0	0	0	1	0	1	0	1	0	0	0	1	0	0	1	S
NMDC20588671	0	0	0	1	0	0	0	0	1	0	1	0	1	0	1	0	1	0	0	0	S
NMDC20588672	0	0	0	1	0	0	0	0	1	0	1	0	0	0	1	1	1	0	0	1	S
NMDC20588674	0	0	0	1	0	0	0	0	1	0	1	0	1	0	0	0	1	0	0	1	S
NMDC20588677	0	0	0	1	0	0	0	0	1	0	1	0	0	0	1	0	1	1	0	0	S
NMDC20588678	0	0	0	1	0	0	0	0	1	0	1	0	0	0	1	0	1	0	0	0	S
NMDC20588679	0	0	0	1	0	0	0	0	1	1	0	0	1	0	0	0	1	1	0	0	S
NMDC20588682	0	0	0	1	0	0	0	0	1	0	0	0	1	0	0	0	0	0	0	1	S
NMDC20588683	0	0	0	1	0	0	0	0	1	0	1	0	0	0	0	1	1	0	0	0	S
NMDC20588684	0	0	0	1	0	0	0	0	1	0	1	0	0	0	0	0	1	0	0	0	S
NMDC20588685	0	0	0	1	0	0	0	0	1	0	1	0	1	0	0	0	1	0	0	1	S
NMDC20588689	0	0	0	0	0	0	0	0	1	0	1	1	0	0	0	0	1	0	0	0	S
NMDC20588690	0	0	0	0	0	0	0	0	1	0	1	1	0	0	0	0	1	0	0	0	S
NMDC20588691	0	0	0	1	0	0	0	0	1	0	1	0	1	0	0	0	1	0	0	1	S
NMDC20588692	0	0	0	1	0	0	0	0	1	0	1	0	0	0	1	0	1	1	1	0	S
NMDC20588693	0	0	0	1	0	0	0	0	1	0	1	1	0	0	0	0	1	0	0	0	S
NMDC20588694	0	0	0	1	0	0	0	0	1	0	1	0	0	0	0	1	1	0	0	0	S
NMDC20588695	1	1	1	0	1	0	0	0	1	1	0	1	1	0	0	0	1	0	1	0	S
NMDC20588696	0	0	0	1	0	0	0	0	1	0	1	0	0	0	0	1	1	0	0	0	S
NMDC20588697	0	0	0	1	0	0	0	0	1	0	1	0	0	0	0	1	1	0	0	0	S
NMDC20588698	0	0	0	1	0	0	0	0	1	0	1	0	0	0	0	1	1	0	0	0	S
NMDC20588699	1	1	1	0	1	0	0	0	1	1	0	1	1	0	0	0	1	0	1	0	S
NMDC20588701	0	0	0	1	0	0	0	0	1	0	1	0	0	0	0	1	1	0	0	0	S
NMDC20588704	0	0	0	1	0	0	0	0	1	0	1	0	1	0	0	0	1	0	0	1	S
NMDC20588705	0	0	0	1	0	0	0	0	1	0	1	1	0	0	0	1	1	0	0	0	S
NMDC20588706	0	0	0	1	0	0	0	0	1	0	1	0	0	0	0	1	1	0	0	0	S
NMDC20588707	0	0	0	1	0	0	0	0	1	0	1	1	0	0	0	0	1	1	0	0	S
NMDC20588708	0	0	0	1	0	0	0	0	1	0	1	1	0	0	0	0	1	0	0	1	S
NMDC20588709	0	0	0	1	0	0	0	0	1	0	1	1	0	0	0	0	1	0	0	0	S
NMDC20588710	1	1	1	0	1	0	0	0	1	1	0	1	1	0	0	0	1	0	1	0	S
NMDC20588711	1	1	1	0	1	0	0	0	1	1	0	1	1	0	0	0	1	0	1	0	S
NMDC20588712	0	0	0	1	0	0	0	0	1	0	1	0	0	0	0	1	1	0	0	0	S
NMDC20588713	0	0	0	1	0	0	0	0	1	0	1	1	0	0	0	0	1	1	0	0	S
NMDC20588714	0	0	0	0	0	0	0	0	1	0	1	1	0	0	0	1	1	0	0	0	S
NMDC20588715	1	1	1	0	1	0	0	0	1	1	0	1	1	0	0	0	1	0	1	0	S
NMDC20588716	0	0	0	1	0	0	0	0	1	0	1	0	0	0	0	1	1	0	0	0	S
NMDC20588718	0	0	0	1	0	0	0	0	1	0	1	0	0	0	0	1	1	0	0	0	S
NMDC20588720	1	1	1	0	1	0	0	0	1	1	0	1	1	0	0	0	1	0	1	0	S
NMDC20588721	0	0	0	1	0	0	0	0	1	0	1	0	0	0	0	1	1	0	0	0	S
NMDC20588724	0	0	0	1	0	0	0	0	1	0	1	0	1	0	0	0	1	0	0	1	S
NMDC20588727	0	0	0	1	0	0	0	0	1	1	0	0	1	0	0	0	1	1	0	0	S
NMDC20588728	0	0	0	1	0	0	0	0	1	0	1	1	1	0	0	0	1	0	0	0	S
NMDC20588732	0	0	0	1	0	0	0	0	1	0	1	1	0	0	0	1	1	0	0	0	S
NMDC20588734	0	0	0	1	0	0	0	0	1	0	1	1	0	0	0	0	1	1	0	0	S
NMDC20588737	0	0	0	0	0	0	0	0	1	0	1	1	0	0	0	0	1	0	0	0	S
NMDC20588738	0	0	0	1	0	0	0	0	1	0	1	1	0	0	0	1	1	0	0	0	S
NMDC20588740	0	0	0	1	0	0	0	0	1	0	1	1	0	0	0	0	1	1	0	0	S
NMDC20588741	0	0	0	1	0	0	0	0	1	0	1	0	0	0	0	1	1	0	0	0	S
NMDC20588742	0	0	0	1	0	0	0	0	1	0	1	0	0	0	0	1	1	0	0	0	S
NMDC20588745	0	0	0	1	0	0	1	0	1	0	1	0	0	0	1	1	1	1	0	1	S
NMDC20588746	0	0	0	1	0	0	0	0	1	0	1	1	0	0	0	0	1	1	0	0	S
NMDC20588748	0	0	0	1	0	0	0	0	1	0	1	0	1	0	0	0	1	0	0	1	S
NMDC20588749	0	0	0	1	0	0	0	0	1	0	1	1	0	0	0	0	1	0	0	1	S
NMDC20588751	0	0	0	1	0	0	0	0	1	0	1	1	0	0	0	0	1	1	0	0	S
NMDC20556578	0	0	0	1	0	0	0	0	1	0	1	0	1	0	0	1	1	0	0	1	S
NMDC20588755	0	0	0	1	0	0	0	0	1	0	1	0	0	0	1	0	1	1	0	1	S
NMDC20588756	0	0	0	1	0	0	0	0	1	0	1	0	0	0	1	0	1	1	0	1	S
NMDC20588757	0	0	0	1	0	0	0	0	1	0	1	0	0	0	1	0	1	1	0	1	S
NMDC20554583	0	0	0	1	0	0	0	0	0	0	0	0	1	0	0	0	0	0	0	1	S
NMDC20552584	0	0	0	1	0	0	1	0	1	0	1	0	0	0	1	1	1	1	0	1	S
NMDC20552586	0	0	0	1	0	0	1	0	1	0	1	0	0	0	1	1	1	1	0	1	S
NMDC20556584	0	0	0	1	0	0	1	0	1	0	1	0	0	0	1	1	1	1	0	1	S
NMDC20558588	0	0	0	1	0	0	1	0	1	0	1	0	0	0	1	1	1	1	0	1	S
NMDC20588787	0	0	0	1	0	0	0	0	1	0	1	1	0	0	0	0	1	1	0	0	S
NMDC20554588	0	0	0	1	0	0	0	0	1	0	1	1	0	0	0	0	1	1	0	0	S
NMDC20588789	0	0	0	1	0	0	0	0	1	0	1	1	0	0	0	0	1	1	0	0	S
NMDC20558589	0	0	0	1	0	0	0	0	1	0	1	1	0	0	0	0	1	1	0	0	S
NMDC20588794	0	0	0	1	0	0	1	0	1	0	1	0	0	0	1	1	1	1	0	1	S
NMDC20556585	0	0	0	1	0	0	1	0	1	0	1	0	0	0	1	1	1	1	0	1	S
NMDC20556586	0	0	0	1	0	0	1	0	1	0	1	0	0	0	1	1	1	1	0	1	S
NMDC20558590	0	0	0	1	0	0	1	0	1	0	1	0	0	0	1	1	1	1	0	1	S
NMDC20556587	0	0	0	1	0	0	1	0	1	0	1	0	0	0	1	1	1	1	0	1	S
NMDC20556588	0	0	0	1	0	0	0	0	1	0	1	0	0	0	1	0	1	1	0	1	S
NMDC20558591	0	0	0	1	0	0	0	0	1	0	1	0	0	0	1	0	1	1	0	1	S
NMDC20554591	0	0	0	1	0	0	0	0	1	0	1	0	0	0	1	0	1	1	0	1	S
NMDC20588797	0	0	0	1	0	0	0	0	1	0	1	0	0	0	1	0	1	1	0	1	S
NMDC20588798	0	0	0	1	0	0	0	0	1	0	1	0	0	0	1	0	1	1	0	1	S
NMDC20588800	0	0	0	1	0	0	1	0	1	0	1	0	0	0	1	0	1	1	0	1	S
NMDC20588804	0	0	0	1	0	0	1	0	1	0	1	0	0	0	1	1	1	1	0	1	S
NMDC20558592	0	0	0	1	0	0	1	0	1	0	1	0	0	0	1	1	1	1	0	1	S
NMDC20558593	0	0	0	1	0	1	1	0	1	0	1	0	0	0	1	1	1	1	0	1	S
NMDC20554592	0	0	0	1	0	1	1	0	1	0	1	0	0	0	1	1	1	1	0	1	S
NMDC20558594	0	0	0	1	0	1	1	0	1	0	1	0	0	0	1	1	1	1	0	1	S
NMDC20588807	0	0	0	1	0	1	1	0	1	0	1	0	0	0	1	1	1	1	0	1	S
NMDC20554593	0	0	0	1	0	1	1	0	1	0	1	0	0	0	1	1	1	1	0	1	S
NMDC20588809	0	0	0	1	0	1	1	0	1	0	1	0	0	0	1	1	1	1	0	1	S
NMDC20588810	0	0	0	1	0	1	1	0	1	0	1	0	0	0	1	1	1	1	0	1	S
NMDC20558595	0	0	0	1	0	0	1	0	1	0	1	0	0	0	1	0	1	1	0	1	S
NMDC20558596	0	0	0	1	0	0	1	0	1	0	1	0	0	0	1	1	1	1	0	1	S
NMDC20552595	0	0	0	1	0	0	1	0	1	0	1	0	0	0	1	1	1	1	0	1	S
NMDC20558598	1	1	1	0	1	0	0	0	1	1	0	1	1	0	0	0	1	0	1	0	S
NMDC20588817	1	1	1	0	1	0	0	0	1	1	0	1	1	0	0	0	1	0	1	0	S
NMDC20556594	0	0	0	1	0	1	1	0	1	0	1	0	0	0	1	1	1	1	0	1	S
NMDC20554594	0	0	0	1	0	1	1	0	1	0	1	0	0	0	1	1	1	1	0	1	S
NMDC20588818	0	0	0	1	0	1	1	0	1	0	1	0	0	0	1	1	1	1	0	1	S
NMDC20558599	0	0	0	1	0	0	1	0	1	0	1	0	0	0	1	0	1	1	0	1	S
NMDC20552597	0	0	0	1	0	0	1	0	1	0	1	0	0	0	1	1	1	1	0	1	S
NMDC20558601	0	0	0	1	0	1	1	0	1	0	1	0	0	0	1	1	1	1	0	1	S
NMDC20588819	0	0	0	1	0	1	1	0	1	0	1	0	0	0	1	1	1	1	0	1	S
NMDC20554600	0	0	0	1	0	1	1	0	1	0	1	0	0	0	1	1	1	1	0	1	S
NMDC20588820	0	0	0	1	0	0	0	0	1	0	1	0	1	0	1	0	1	0	0	0	S
NMDC20556595	0	0	0	1	0	1	1	0	1	0	1	0	0	0	1	1	1	1	0	1	S
NMDC20552599	0	0	0	1	0	1	1	0	1	0	1	0	0	0	1	1	1	1	0	1	S
NMDC20554601	0	0	0	1	0	0	0	0	1	0	1	0	0	0	1	1	1	1	0	1	S
NMDC20588826	0	0	0	1	0	0	1	0	1	0	1	0	0	0	1	1	1	1	0	1	S
NMDC20556599	1	1	1	0	1	0	0	0	1	1	0	1	1	0	0	0	1	0	1	0	S
NMDC20552603	1	1	1	0	1	0	0	0	1	1	0	1	1	0	0	0	1	0	1	0	S
NMDC20582242	0	0	0	1	0	0	0	0	1	0	1	0	0	0	1	0	1	1	0	1	S
NMDC20554698	1	1	1	0	1	0	0	0	1	1	0	1	1	0	0	0	1	0	1	0	S
NMDC20552712	1	1	1	0	1	0	0	0	1	1	0	1	1	0	0	0	1	0	1	0	S
NMDC20582246	0	0	0	1	0	0	0	0	1	0	1	0	0	0	1	0	1	1	0	1	S
NMDC20552713	0	0	0	1	0	0	0	0	1	0	1	0	0	0	1	0	1	1	0	1	S
NMDC20582249	0	0	0	1	0	0	0	0	1	0	1	0	0	0	1	0	1	1	0	1	S
NMDC20582250	0	0	0	1	0	0	0	0	1	0	1	0	0	0	1	0	1	1	0	1	S
NMDC20582251	0	0	0	1	0	0	0	0	1	0	1	0	1	0	1	0	1	0	0	0	S
NMDC20550698	0	0	0	1	0	0	0	0	1	0	1	0	0	0	1	0	1	1	0	1	S
NMDC20582252	0	0	0	1	0	0	0	0	1	0	1	0	0	0	1	0	1	1	0	1	S
NMDC20552714	0	0	0	1	0	0	0	0	1	0	1	0	1	0	0	0	1	0	0	1	S
NMDC20552715	0	0	0	1	0	0	0	0	1	0	0	0	1	0	0	0	0	0	0	1	S
NMDC20556710	0	0	0	1	0	0	0	0	1	0	1	1	0	0	0	0	1	1	0	0	S
NMDC20582254	0	0	0	1	0	0	0	0	1	0	1	0	0	0	1	0	1	1	0	0	S
NMDC20582255	0	0	0	1	0	0	0	0	1	0	1	0	0	0	1	0	1	1	0	1	S
NMDC20582258	0	0	0	1	0	0	0	0	1	0	1	0	0	0	0	0	1	0	0	0	S
NMDC20582259	1	1	1	0	1	0	0	0	1	1	0	1	1	0	0	0	1	0	1	0	S
NMDC20556712	1	1	1	0	1	0	0	0	1	1	0	1	1	0	0	0	1	0	1	0	S
NMDC20554699	0	0	0	1	0	0	0	0	1	0	1	0	0	0	1	0	1	1	0	1	S
NMDC20552718	0	0	0	1	0	1	1	0	1	0	1	0	0	0	1	0	1	1	0	1	S
NMDC20554700	0	0	0	1	0	0	0	0	1	0	1	0	0	0	1	0	1	0	0	0	S
NMDC20556713	0	0	0	1	0	0	0	0	1	0	1	1	0	0	0	0	1	0	0	0	S
NMDC20550699	0	0	0	1	0	0	0	0	1	0	1	0	0	0	1	0	1	1	0	1	S
NMDC20556714	0	0	0	1	0	0	0	0	1	0	1	0	0	0	1	0	1	1	0	1	S
NMDC20552717	0	0	0	1	0	0	1	0	1	0	1	0	0	0	1	1	1	1	0	1	S
NMDC20582261	0	0	0	1	0	0	0	0	1	0	1	0	0	0	1	0	1	1	0	1	S
NMDC20550700	1	1	1	0	1	0	0	0	1	1	0	1	1	0	0	0	1	0	1	0	S
NMDC20582263	0	0	0	1	0	0	0	0	1	0	1	0	0	0	1	0	1	1	0	1	S
NMDC20582264	1	1	1	0	1	0	0	0	1	1	0	1	1	0	0	0	1	0	1	0	S
NMDC20550701	0	0	0	1	0	0	0	0	1	0	1	0	0	0	1	0	1	1	0	1	S
NMDC20556716	1	1	1	0	1	0	0	0	1	1	0	1	1	0	0	0	1	0	1	0	S
NMDC20582266	0	0	0	1	0	0	0	0	1	0	1	0	0	0	1	0	1	1	0	1	S
NMDC20582267	1	1	1	0	1	0	0	0	1	1	0	1	1	0	0	0	1	0	1	0	S
NMDC20556717	0	0	0	1	0	0	0	0	1	0	1	0	0	0	1	0	1	1	0	1	S
NMDC20552719	0	0	0	1	0	0	0	0	1	0	1	0	0	0	1	0	1	1	0	1	S
NMDC20582269	1	1	1	0	1	0	0	0	1	1	0	1	1	0	0	0	1	0	1	0	S
NMDC20550702	0	0	0	1	0	0	0	0	1	0	1	0	0	0	1	0	1	1	0	1	S
NMDC20554702	0	0	0	1	0	0	0	0	1	0	1	0	0	0	0	0	1	0	0	0	S
NMDC20582270	0	0	0	1	0	0	0	0	1	0	1	0	0	0	1	0	1	1	0	1	S
NMDC20582271	0	0	0	1	0	0	0	0	1	0	1	0	0	0	0	1	1	0	0	0	S
NMDC20550703	0	0	0	1	0	0	0	0	1	0	1	0	1	0	0	0	1	0	0	1	S
NMDC20582273	0	0	0	1	0	0	0	0	1	0	1	0	1	0	0	0	1	0	0	0	S
NMDC20552722	0	0	0	1	0	0	0	0	1	0	1	0	0	0	1	0	1	1	0	1	S
NMDC20582274	0	0	0	1	0	0	0	0	1	0	1	0	0	0	0	0	1	0	0	0	S
NMDC20554703	0	0	0	1	0	0	0	0	1	0	1	0	0	0	1	0	1	1	0	1	S
NMDC20556721	0	0	0	1	0	0	0	0	1	0	1	0	0	0	1	0	1	1	0	1	S
NMDC20582278	0	0	0	1	0	0	0	0	1	0	1	0	0	0	1	0	1	1	0	1	S
NMDC20556722	0	0	0	1	0	0	0	0	1	0	1	0	0	0	1	0	1	1	0	1	S
NMDC20582279	0	0	0	1	0	0	0	0	1	0	1	1	0	0	0	0	1	1	0	0	S
NMDC20554704	0	0	0	1	0	0	0	0	1	0	0	1	0	0	0	0	1	0	0	1	S
NMDC20554705	0	0	0	1	0	0	0	0	1	0	1	0	0	0	1	0	1	1	0	1	S
NMDC20582280	0	0	0	1	0	0	0	0	1	0	1	0	0	0	1	0	1	0	0	0	S
NMDC20550708	0	0	0	1	0	0	0	0	1	0	1	0	0	0	1	0	1	1	0	0	S
NMDC20582281	0	0	0	1	0	0	0	0	1	0	1	0	0	0	1	0	1	1	0	1	S
NMDC20552723	0	0	0	1	0	0	0	0	1	0	0	1	0	0	0	0	1	0	0	1	S
NMDC20556726	0	0	0	1	0	0	0	0	1	0	1	0	0	0	1	0	1	1	0	0	S
NMDC20550709	0	0	0	1	0	0	0	0	1	0	0	0	0	0	1	0	0	0	0	0	S
NMDC20556725	0	0	0	1	0	0	0	0	1	0	1	0	0	0	0	0	1	0	0	0	S
NMDC20550710	0	0	0	1	0	0	0	0	1	0	1	0	0	0	1	0	1	1	0	1	S
NMDC20554707	0	0	0	1	0	0	0	0	1	0	1	0	0	0	1	0	1	1	0	1	S
NMDC20552733	0	0	0	1	0	0	0	0	1	0	1	0	0	0	1	0	1	0	0	0	S
NMDC20582285	0	0	0	1	0	0	0	0	1	0	1	0	0	0	1	0	1	1	0	1	S
NMDC20554710	0	0	0	1	0	0	0	0	1	0	1	0	0	0	1	0	1	1	0	1	S
NMDC20554711	0	0	0	1	0	0	0	0	1	0	1	0	1	0	1	0	1	0	0	0	S
NMDC20554712	0	0	0	1	0	0	0	0	1	0	1	0	0	0	1	0	1	1	0	1	S
NMDC20582287	0	0	0	1	0	0	0	0	1	0	1	0	0	0	1	0	1	1	0	1	S
NMDC20552725	0	0	0	1	0	0	0	0	1	0	1	0	0	0	1	0	1	1	0	1	S
NMDC20550713	0	0	0	1	0	0	0	0	1	0	1	0	0	0	0	0	1	0	0	1	S
NMDC20550714	0	0	0	1	0	0	1	0	1	0	1	0	0	0	1	0	1	1	0	1	S
NMDC20556727	0	0	0	1	0	0	1	0	1	0	1	0	0	0	1	0	1	1	0	1	S
NMDC20554713	0	0	0	1	0	0	0	0	1	0	1	0	1	0	1	0	1	0	0	0	S
NMDC20582288	1	1	1	0	1	0	0	0	1	1	0	1	1	0	0	0	1	0	1	0	S
NMDC20582289	0	0	0	1	0	0	0	0	1	0	0	0	1	0	0	0	0	0	0	1	S
NMDC20556728	0	0	0	1	0	0	1	0	1	0	1	0	0	0	1	1	1	1	0	1	S
NMDC20550715	0	0	0	1	0	0	0	0	1	0	1	0	0	0	1	0	1	0	0	0	S
NMDC20552726	0	0	0	1	0	0	0	0	1	0	1	0	0	0	1	0	1	1	0	1	S
NMDC20582292	0	0	0	1	0	0	0	0	1	0	1	0	0	0	1	0	1	1	0	1	S
NMDC20552730	0	0	0	1	0	0	0	0	1	0	1	0	0	0	1	0	1	1	0	1	S
NMDC20550717	0	0	0	1	0	0	0	0	1	0	1	0	0	0	1	0	1	1	0	1	S
NMDC20582295	0	0	0	1	0	0	0	0	1	0	1	0	0	0	1	0	1	1	0	0	S
NMDC20556729	0	0	1	1	0	0	0	0	1	0	1	0	0	0	1	0	1	0	0	0	S
NMDC20556730	0	0	0	1	0	0	0	0	1	0	1	1	0	0	0	0	1	1	0	0	S
NMDC20552727	0	0	0	1	0	0	0	0	1	0	1	0	0	0	0	0	1	0	0	0	S
NMDC20552728	0	0	0	1	0	0	0	0	1	0	1	0	0	0	1	0	1	1	0	1	S
NMDC20582296	0	0	0	1	0	0	0	0	1	0	1	0	0	0	1	0	1	1	0	0	S
NMDC20552729	0	0	0	1	0	0	0	0	1	0	0	1	0	0	0	0	1	0	0	1	S
NMDC20550723	0	0	0	1	0	0	0	0	1	0	1	1	0	0	0	0	1	0	0	0	S
NMDC20550718	1	1	1	0	1	0	0	0	1	1	0	1	1	0	0	0	1	0	1	0	S
NMDC20550719	0	0	0	1	0	0	0	0	1	0	1	0	0	0	0	0	1	0	0	0	S
NMDC20550721	0	0	0	1	0	0	0	0	1	0	1	1	1	0	0	0	1	0	0	1	S
NMDC20582297	0	0	0	1	0	0	0	0	1	1	0	0	0	0	1	0	1	0	0	0	S
NMDC20550722	0	0	0	1	0	0	1	0	1	0	1	0	0	0	1	0	1	1	0	1	S
NMDC20582299	0	0	0	1	0	0	0	0	1	0	1	0	0	0	1	0	1	1	0	1	S
NMDC20582300	0	0	0	1	0	0	0	0	1	0	1	1	0	0	0	0	1	0	0	0	S
NMDC20582302	0	0	0	1	0	0	0	0	1	0	1	1	1	0	1	0	1	0	0	0	S
NMDC20582303	0	0	0	1	0	0	0	0	1	1	0	0	0	0	1	0	1	0	0	0	S
NMDC20554717	1	1	1	0	1	0	0	0	1	1	0	1	1	0	0	0	1	0	1	0	S
NMDC20582304	0	0	1	0	1	0	0	0	1	1	0	1	1	0	0	0	1	0	1	0	S
NMDC20556733	0	0	0	1	0	0	0	0	1	0	1	0	1	0	1	0	1	0	0	0	S
NMDC20582306	0	0	0	1	0	0	0	0	1	0	1	0	0	0	1	0	1	0	0	0	S
NMDC20552732	0	0	1	0	1	0	0	0	1	1	0	1	0	0	0	0	1	0	1	0	S
NMDC20554719	0	0	0	1	0	0	0	0	1	0	1	0	1	0	0	0	1	0	0	1	S
NMDC20554720	0	0	0	1	0	0	0	0	1	0	1	0	0	0	1	0	1	1	0	1	S
NMDC20582307	0	0	0	1	0	0	0	0	1	0	1	0	0	0	0	0	1	0	0	0	S
NMDC20582308	0	0	0	1	0	0	0	0	1	0	1	0	1	0	0	0	1	0	0	1	S
NMDC20552734	0	0	0	1	0	0	0	0	1	0	1	0	0	0	0	0	1	0	0	1	S
NMDC20582309	0	0	0	1	0	0	0	0	1	0	1	0	1	0	1	0	1	0	0	0	S
NMDC20554721	0	0	0	1	0	0	0	0	1	0	1	0	0	0	1	0	1	1	0	1	S
NMDC20582310	1	1	1	0	1	0	0	0	1	1	0	1	1	0	0	0	1	0	1	0	S
NMDC20556734	0	0	1	1	0	0	0	0	1	0	1	0	0	0	1	0	1	0	0	0	S
NMDC20552735	0	0	0	1	0	0	0	0	1	0	1	0	1	0	1	0	1	0	0	0	S
NMDC20550727	0	0	0	1	0	0	0	0	1	0	1	1	0	0	0	0	1	0	0	1	S
NMDC20552737	0	0	0	1	0	0	0	0	1	0	1	0	0	0	1	0	1	1	0	0	S
NMDC20582312	0	0	0	1	0	0	0	0	1	0	1	1	0	0	0	0	1	1	0	0	S
NMDC20582313	0	0	0	1	0	0	0	0	1	0	1	0	0	0	0	1	1	0	0	0	S
NMDC20582314	0	0	0	0	0	0	0	0	1	0	1	1	0	0	0	1	1	0	0	0	S
NMDC20550729	0	0	0	1	0	0	0	0	1	0	1	1	0	0	0	0	1	1	0	0	S
NMDC20550731	0	0	0	1	0	0	0	0	1	1	0	0	0	0	0	0	1	1	0	0	S
NMDC20550732	1	1	1	0	1	0	0	0	1	1	0	1	1	0	0	0	1	0	1	0	S
NMDC20556737	0	0	0	1	0	0	0	0	1	0	1	0	0	0	1	0	1	1	0	1	S
NMDC20582317	0	0	0	1	0	0	0	0	1	0	1	0	0	0	1	0	1	1	0	1	S
NMDC20554722	0	0	0	1	0	0	0	0	1	0	1	0	0	0	1	0	1	1	0	1	S
NMDC20550733	0	0	0	1	0	0	0	0	1	0	1	0	0	0	1	0	1	1	0	1	S
NMDC20552739	0	0	0	1	0	0	0	0	1	0	0	0	1	0	0	0	0	0	0	1	S
NMDC20582320	0	0	0	1	0	0	1	0	1	0	1	0	0	0	1	0	1	1	0	1	S
NMDC20582321	0	0	0	1	0	0	0	0	1	0	1	1	0	0	0	0	1	0	0	0	S
NMDC20582323	0	0	0	1	0	0	0	0	1	0	1	0	0	0	1	0	1	1	0	1	S
NMDC20556739	0	0	0	1	0	0	1	0	1	0	1	0	0	0	1	1	1	1	0	1	S
NMDC20554724	0	0	0	1	0	0	0	0	1	0	1	0	0	0	1	0	1	1	0	1	S
NMDC20582324	0	0	0	1	0	0	0	0	1	0	1	0	0	0	1	0	1	1	0	1	S
NMDC20582325	0	0	0	1	0	0	0	0	1	0	1	0	0	0	1	0	1	1	1	0	S
NMDC20556740	0	0	0	1	0	0	0	0	1	0	1	0	0	0	1	0	1	1	0	1	S
NMDC20554726	0	0	0	1	0	0	0	0	1	1	0	0	1	0	1	0	1	1	0	0	S
NMDC20582327	0	0	0	1	0	0	0	0	1	0	1	0	0	0	1	0	1	1	0	1	S
NMDC20550735	1	1	1	0	1	0	0	0	1	1	0	1	1	0	0	0	1	0	1	0	S
NMDC20552743	0	0	0	1	0	0	0	0	1	0	1	0	0	0	1	0	1	1	0	1	S
NMDC20552744	0	0	0	1	0	0	0	0	1	0	1	0	0	0	1	0	1	1	0	1	S
NMDC20552745	0	0	0	1	0	0	0	0	1	0	1	0	0	0	1	0	1	1	0	1	S
NMDC20582329	0	0	0	1	0	0	0	0	1	0	1	0	1	0	0	0	1	0	0	1	S
NMDC20582623	0	0	0	1	0	0	0	0	1	0	1	0	0	0	1	0	1	1	0	1	S
NMDC20582624	0	0	0	1	0	0	0	0	1	0	1	0	0	0	1	0	1	1	0	1	S
NMDC20556819	0	0	0	1	0	0	0	0	1	0	1	0	0	0	1	0	1	1	0	1	S
NMDC20582625	0	0	0	1	0	0	0	0	1	0	1	0	0	0	1	0	1	1	0	1	S
NMDC20552813	0	0	0	1	0	0	0	0	1	0	1	0	0	0	1	0	1	1	0	1	S
NMDC20556820	0	0	0	1	0	0	0	0	1	0	1	0	0	0	1	0	1	1	0	1	S
NMDC20582627	0	0	0	1	0	0	0	0	1	0	1	0	0	0	0	0	1	1	0	0	S
NMDC20554797	0	0	0	1	0	0	0	0	1	0	1	0	0	0	1	0	1	1	0	1	S
NMDC20550808	0	0	0	1	0	0	0	0	1	0	1	0	0	0	1	0	1	1	0	1	S
NMDC20552814	0	0	0	1	0	0	0	0	1	0	1	0	0	0	1	0	1	1	0	1	S
NMDC20552815	0	0	0	1	0	0	0	0	1	0	1	0	0	0	1	0	1	1	0	1	S
NMDC20552816	0	0	0	1	0	0	0	0	1	0	1	0	0	0	1	0	1	1	0	1	S
NMDC20582628	0	0	0	1	0	0	0	0	1	0	1	0	0	0	0	0	1	0	0	1	S
NMDC20554798	0	0	0	1	0	0	0	0	1	0	1	1	0	0	0	0	1	0	0	1	S
NMDC20582629	0	0	0	1	0	0	0	0	1	0	1	1	0	0	0	0	1	0	0	1	S
NMDC20582630	0	0	0	1	0	0	0	0	1	0	1	0	0	0	1	0	1	1	0	1	S
NMDC20582632	0	0	0	1	0	0	0	0	1	0	1	0	0	0	1	0	1	1	0	1	S
NMDC20550810	0	0	0	1	0	0	0	0	1	0	1	1	0	0	0	0	1	1	0	0	S
NMDC20550811	0	0	0	1	0	0	0	0	1	0	1	0	0	0	1	0	1	1	0	1	S
NMDC20582633	0	0	0	1	0	0	0	0	1	0	1	0	0	0	1	0	1	1	0	1	S
NMDC20582634	0	0	0	1	0	0	0	0	1	0	1	0	0	0	1	0	1	1	0	1	S
NMDC20582635	0	0	0	1	0	0	0	0	1	0	1	0	1	0	1	0	1	0	0	0	S
NMDC20582636	0	0	0	1	0	0	0	0	1	0	1	0	0	0	1	0	1	1	0	1	S
NMDC20550813	0	0	0	1	0	0	0	0	1	0	1	1	0	0	0	0	1	0	0	1	S
NMDC20582637	0	0	0	1	0	0	0	0	1	0	1	0	0	0	1	0	1	1	0	1	S
NMDC20582638	0	0	0	1	0	0	0	0	1	0	1	0	0	0	1	0	1	0	0	0	S
NMDC20556821	0	0	0	1	0	0	0	0	1	0	1	0	0	0	1	0	1	1	0	1	S
NMDC20556822	0	0	0	1	0	0	0	0	1	0	1	0	0	0	1	0	1	1	0	1	S
NMDC20550814	0	0	0	1	0	0	0	0	1	0	1	0	0	0	1	0	1	1	0	1	S
NMDC20552818	0	0	0	1	0	0	0	0	1	0	1	0	0	0	1	0	1	1	0	1	S
NMDC20582640	0	0	0	1	0	0	0	0	1	0	1	0	0	0	1	0	1	1	0	1	S
NMDC20582644	0	0	0	1	0	0	0	0	1	0	1	0	0	0	1	0	1	1	0	1	S
NMDC20550816	0	0	0	1	0	0	0	0	1	0	1	0	1	0	0	0	1	0	0	1	S
NMDC20582645	0	0	0	1	0	0	0	0	1	0	1	0	0	0	1	0	1	1	0	1	S
NMDC20582646	0	0	0	1	0	0	0	0	1	0	1	0	0	0	1	0	1	1	0	1	S
NMDC20552819	0	0	0	1	0	0	0	0	1	0	1	1	0	0	0	0	1	1	0	0	S
NMDC20554800	0	0	0	1	0	0	0	0	1	0	1	0	0	0	1	0	1	1	0	1	S
NMDC20552821	0	0	0	1	0	0	0	0	1	0	1	0	0	0	1	0	1	1	0	1	S
NMDC20582647	0	0	0	1	0	0	0	0	1	0	1	0	0	0	1	0	1	1	0	0	S
NMDC20552822	0	0	0	1	0	0	0	0	1	0	1	0	0	0	1	0	1	1	0	1	S
NMDC20552823	0	0	0	1	0	0	0	0	1	0	1	0	0	0	1	0	1	1	0	1	S
NMDC20556824	0	0	0	1	0	0	0	0	1	0	1	0	0	0	1	1	1	1	0	1	S
NMDC20582648	0	0	0	1	0	0	0	0	1	0	1	0	0	0	1	0	1	1	0	1	S
NMDC20552825	0	0	0	1	0	0	0	0	1	0	1	0	0	0	1	0	1	1	0	1	S
NMDC20550817	0	0	0	1	0	0	0	0	1	0	1	0	0	0	1	0	1	1	0	1	S
NMDC20556825	0	0	0	1	0	0	0	0	1	0	1	0	1	0	1	0	1	0	0	0	S
NMDC20582650	0	0	0	1	0	0	0	0	1	0	1	0	0	0	1	0	1	1	0	1	S
NMDC20554802	0	0	0	1	0	0	0	0	1	0	1	0	0	0	1	0	1	1	0	1	S
NMDC20582651	0	0	0	1	0	0	0	0	1	0	1	0	0	0	1	0	1	1	0	1	S
NMDC20582652	0	0	0	1	0	0	0	0	1	0	1	0	0	0	1	0	1	1	0	1	S
NMDC20552827	0	0	0	1	0	0	0	0	1	0	1	1	0	0	0	0	1	0	0	0	S
NMDC20556826	0	0	0	1	0	0	0	0	1	0	1	0	0	0	1	0	1	1	0	1	S
NMDC20582653	0	0	0	1	0	0	0	0	1	0	1	0	0	0	1	0	1	1	0	1	S
NMDC20582654	0	0	0	1	0	0	0	0	1	0	1	0	0	0	1	0	1	1	0	1	S
NMDC20556827	0	0	0	1	0	0	0	0	1	0	1	1	0	0	0	0	1	0	0	1	S
NMDC20550821	0	0	0	1	0	0	0	0	1	0	1	0	0	0	1	0	1	1	0	1	S
NMDC20582655	0	0	0	1	0	0	0	0	1	0	1	0	1	0	1	0	1	0	0	0	S
NMDC20582656	0	0	0	1	0	0	0	0	1	0	1	0	1	0	1	0	1	0	0	0	S
NMDC20552828	0	0	0	1	0	0	0	0	1	0	1	1	0	0	0	0	1	0	0	0	S
NMDC20582657	0	0	0	1	0	0	0	0	1	0	1	0	1	0	1	0	1	0	0	0	S
NMDC20582658	0	0	0	1	0	0	0	0	1	0	1	0	0	0	1	0	1	1	0	1	S
NMDC20582660	0	0	0	1	0	0	0	0	1	0	1	0	0	0	1	0	1	1	0	1	S
NMDC20554820	1	1	1	0	1	0	0	0	1	1	0	1	1	0	0	0	1	0	1	0	S
NMDC20554805	0	0	0	1	0	0	0	0	1	0	1	0	0	0	1	0	1	1	0	1	S
NMDC20552829	0	0	0	1	0	0	1	0	1	0	1	0	0	0	1	1	1	1	0	1	S
NMDC20582661	0	0	0	1	0	0	0	0	1	0	1	0	0	0	1	0	1	1	0	1	S
NMDC20550823	0	0	0	1	0	0	0	0	1	0	1	0	0	0	1	0	1	1	0	1	S
NMDC20582662	0	0	0	1	0	0	0	0	1	0	1	0	0	0	1	0	1	1	0	1	S
NMDC20582663	0	0	0	1	0	0	0	0	1	0	1	0	0	0	1	0	1	1	0	1	S
NMDC20554804	0	0	0	1	0	0	0	0	1	0	1	0	0	0	1	0	1	1	0	1	S
NMDC20556828	0	0	0	1	0	0	0	0	1	0	1	0	0	0	1	0	1	1	0	1	S
NMDC20582664	0	0	0	1	0	0	0	0	1	0	1	1	0	0	0	0	1	0	0	0	S
NMDC20582665	0	0	0	1	0	0	0	0	1	0	1	0	0	0	1	0	1	1	0	1	S
NMDC20556829	0	0	0	1	0	0	0	0	1	0	1	0	0	0	1	0	1	1	0	1	S
NMDC20582666	0	0	0	1	0	0	0	0	1	0	1	0	0	0	1	0	1	1	0	1	S
NMDC20582667	0	0	0	1	0	0	0	0	1	0	1	0	0	0	1	0	1	1	0	1	S
NMDC20552831	0	0	0	1	0	0	0	0	1	0	1	0	0	0	1	0	1	1	0	1	S
NMDC20550826	0	0	0	1	0	0	0	0	1	0	1	0	0	0	1	0	1	1	0	1	S
NMDC20582668	0	0	0	1	0	0	0	0	1	0	1	1	0	0	0	0	1	1	0	0	S
NMDC20582669	0	0	0	1	0	0	0	0	1	0	1	0	0	0	1	0	1	1	0	1	S
NMDC20556830	0	0	0	1	0	0	0	0	1	0	1	0	0	0	1	0	1	1	0	1	S
NMDC20582670	0	0	0	1	0	0	0	0	1	0	1	0	0	0	1	0	1	1	0	1	S
NMDC20582671	0	0	0	1	0	0	0	0	1	0	1	0	0	0	1	0	1	1	0	1	S
NMDC20550827	0	0	0	1	0	0	0	0	1	0	1	0	0	0	1	0	1	1	0	1	S
NMDC20552832	0	0	0	1	0	0	0	0	1	0	1	1	0	0	0	0	1	0	0	0	S
NMDC20554808	0	0	0	1	0	0	0	0	1	0	1	0	0	0	1	0	1	1	0	1	S
NMDC20582675	0	0	0	1	0	0	0	0	1	0	1	0	0	0	1	0	1	1	0	1	S
NMDC20582676	0	0	0	1	0	0	0	0	1	0	1	0	0	0	1	1	1	1	0	1	S
NMDC20556831	0	0	0	1	0	0	0	0	1	0	1	0	0	0	1	0	1	1	0	1	S
NMDC20550828	0	0	0	1	0	0	0	0	1	0	1	0	0	0	1	0	1	1	0	1	S
NMDC20556832	0	0	0	1	0	0	0	0	1	0	1	0	0	0	1	0	1	1	0	1	S
NMDC20554810	0	0	0	1	0	0	0	0	1	0	1	0	0	0	1	0	1	1	0	1	S
NMDC20582677	0	0	0	1	0	0	0	0	1	0	1	0	0	0	1	0	1	1	0	1	S
NMDC20552833	0	0	0	1	0	0	0	0	1	0	1	0	0	0	1	0	1	1	0	1	S
NMDC20582678	0	0	0	1	0	0	0	0	1	0	1	0	0	0	1	0	1	1	0	1	S
NMDC20582679	0	0	0	1	0	0	0	0	1	0	1	0	0	0	1	0	1	1	0	1	S
NMDC20556835	0	0	0	1	0	0	0	0	1	0	1	0	0	0	0	0	1	0	0	0	S
NMDC20554811	0	0	0	1	0	0	0	0	1	0	1	0	0	0	1	0	1	1	0	1	S
NMDC20554813	0	0	0	1	0	0	1	0	1	0	1	0	0	0	1	1	1	1	0	1	S
NMDC20556834	0	0	0	1	0	0	0	0	1	0	1	0	0	0	1	0	1	1	0	1	S
NMDC20550830	0	0	0	1	0	0	0	0	1	0	1	0	0	0	1	0	1	1	0	1	S
NMDC20552837	0	0	0	1	0	0	0	0	1	1	0	0	0	0	1	0	1	1	0	0	S
NMDC20550831	0	0	0	1	0	0	0	0	1	0	1	0	0	0	1	0	1	1	0	1	S
NMDC20550832	0	0	0	1	0	0	0	0	1	0	1	0	0	0	1	0	1	1	0	1	S
NMDC20556836	0	0	0	1	0	0	0	0	1	0	1	0	0	0	1	0	1	1	0	1	S
NMDC20582682	0	0	0	1	0	0	0	0	1	0	1	0	0	0	1	0	1	1	0	1	S
NMDC20552836	0	0	0	1	0	0	0	0	1	0	1	0	0	0	1	0	1	1	0	1	S
NMDC20582683	0	0	0	1	0	0	0	0	1	0	1	1	0	0	0	0	1	1	0	0	S
NMDC20554814	0	0	0	1	0	0	0	0	1	0	1	0	0	0	1	0	1	1	0	1	S
NMDC20554815	0	0	0	1	0	0	0	0	1	0	1	0	0	0	1	0	1	1	0	1	S
NMDC20556837	0	0	0	1	0	0	0	0	1	0	1	0	0	0	1	0	1	1	0	1	S
NMDC20554816	0	0	0	1	0	0	0	0	1	0	1	0	0	0	1	0	1	1	0	1	S
NMDC20582684	0	0	0	1	0	0	0	0	1	0	1	0	0	0	1	0	1	1	0	1	S
NMDC20552838	0	0	0	1	0	0	0	0	1	0	1	0	0	0	1	1	1	1	0	1	S
NMDC20582685	0	0	0	1	0	0	0	0	1	0	1	0	0	0	1	0	1	1	0	1	S
NMDC20550835	0	0	0	1	0	0	0	0	1	0	1	0	1	0	0	0	1	0	0	1	S
NMDC20582687	0	0	0	1	0	0	0	0	1	0	1	0	0	0	1	0	1	1	0	1	S
NMDC20556840	0	0	0	1	0	0	1	0	1	0	1	0	0	0	1	1	1	1	0	1	S
NMDC20554819	0	0	0	1	0	0	0	0	1	0	1	0	0	0	1	0	1	1	0	1	S
NMDC20582688	0	0	0	1	0	0	0	0	1	0	1	0	0	0	1	0	1	1	0	1	S
NMDC20550834	0	0	0	1	0	0	0	0	1	0	1	0	0	0	1	0	1	1	0	1	S
NMDC20582689	0	0	0	1	0	0	1	0	1	0	1	0	0	0	1	1	1	1	0	1	S
NMDC20552839	0	0	0	1	0	0	0	0	1	0	1	0	0	0	1	0	1	1	0	1	S
NMDC20550836	0	0	0	1	0	0	0	0	1	0	1	0	1	0	0	0	1	0	0	1	S
NMDC20582690	0	0	0	1	0	0	0	0	1	0	1	0	0	0	1	0	1	1	0	1	S
NMDC20554821	0	0	0	1	0	0	0	0	1	0	1	0	0	0	1	0	1	1	0	1	S
NMDC20582692	0	0	0	1	0	0	0	0	1	0	1	1	0	0	0	0	1	1	0	0	S
NMDC20582693	0	0	0	1	0	0	0	0	1	0	1	0	0	0	1	0	1	1	0	1	S
NMDC20582694	0	0	0	1	0	0	0	0	1	0	1	0	0	0	1	0	1	1	0	1	S
NMDC20582696	0	0	0	1	0	0	1	0	1	0	1	0	0	0	1	1	1	1	0	1	S
NMDC20582697	0	0	0	1	0	0	0	0	1	0	1	0	0	0	1	0	1	1	0	1	S
NMDC20582698	0	0	0	1	0	0	0	0	1	0	1	0	0	0	1	0	1	1	0	1	S
NMDC20582700	1	1	1	0	1	0	0	0	1	1	0	1	1	0	0	0	1	0	1	0	S
NMDC20582702	0	0	0	1	0	0	0	0	1	0	1	0	0	0	1	0	1	1	0	1	S
NMDC20582703	0	0	0	1	0	0	0	0	1	0	1	0	1	0	1	0	1	0	0	0	S
NMDC20552840	0	0	0	1	0	0	0	0	1	0	1	0	0	0	0	0	1	0	0	0	S
NMDC20582704	0	0	0	1	0	0	0	0	1	0	1	0	0	0	1	0	1	1	0	1	S
NMDC20582706	0	0	0	1	0	0	0	0	1	0	1	0	0	0	1	0	1	1	0	1	S
NMDC20582707	0	0	0	1	0	0	0	0	1	0	1	0	0	0	1	0	1	1	0	1	S
NMDC20582708	0	0	0	1	0	0	0	0	1	0	1	0	0	0	1	0	1	0	0	0	S
NMDC20550838	0	0	0	1	0	0	0	0	1	0	1	0	0	0	1	0	1	1	0	1	S
NMDC20582709	0	0	0	1	0	0	0	0	1	0	1	1	0	0	0	0	1	0	0	0	S
NMDC20556843	0	0	0	1	0	0	0	0	1	0	1	0	0	0	0	0	1	0	0	0	S
NMDC20582710	0	0	0	1	0	0	0	0	1	0	1	0	0	0	1	0	1	1	0	1	S
NMDC20582711	0	0	0	1	0	0	0	0	1	0	1	0	0	0	1	0	1	1	0	1	S
NMDC20556845	1	1	1	0	1	0	0	0	1	1	0	1	1	0	0	0	1	0	1	0	S
NMDC20582712	0	0	0	1	0	0	0	0	1	0	1	0	1	0	1	0	1	0	0	0	S
NMDC20554824	0	0	0	1	0	0	0	0	1	0	1	0	0	0	1	0	1	1	0	1	S
NMDC20582713	0	0	0	1	0	0	0	0	1	0	0	1	0	0	0	0	1	0	0	0	S
NMDC20554825	0	0	0	1	0	0	0	0	1	0	1	0	0	0	1	0	1	1	0	1	S
NMDC20550840	0	0	0	1	0	0	0	0	1	0	1	0	0	0	0	0	1	0	0	0	S
NMDC20582714	0	0	0	1	0	0	0	0	1	0	1	0	0	0	1	0	1	1	1	0	S
NMDC20556847	0	0	0	1	0	0	0	0	1	0	1	0	0	0	1	0	1	1	0	1	S
NMDC20582716	0	0	0	1	0	0	0	0	1	0	1	0	1	0	1	0	1	0	0	0	S
NMDC20554826	0	0	0	1	0	0	0	0	1	0	1	1	0	0	0	0	1	0	0	0	S
NMDC20582717	0	0	0	1	0	0	0	0	1	0	1	0	0	0	1	0	1	1	0	1	S
NMDC20552841	0	0	0	1	0	0	0	0	1	0	1	0	0	0	1	0	1	1	0	1	S
NMDC20552844	0	0	0	1	0	0	0	0	1	0	1	0	0	0	1	0	1	1	0	1	S
NMDC20552842	0	0	0	1	0	0	0	0	1	0	1	0	0	0	1	0	1	1	0	1	S
NMDC20582720	0	0	0	1	0	0	0	0	1	0	1	1	0	0	0	0	1	0	0	0	S
NMDC20554827	0	0	0	1	0	0	0	0	1	1	0	0	0	0	0	0	1	1	0	0	S
NMDC20550844	0	0	0	1	0	0	0	0	1	0	1	0	0	0	1	0	1	1	0	1	S
NMDC20582721	0	0	0	1	0	0	0	0	1	0	1	0	0	0	1	0	1	1	0	1	S
NMDC20554830	0	0	0	1	0	0	0	0	1	0	1	0	0	0	1	0	1	1	0	1	S
NMDC20552845	0	0	0	1	0	0	0	0	1	0	1	0	0	0	1	0	1	1	0	1	S
NMDC20554831	0	0	0	1	0	0	0	0	1	0	1	0	0	0	1	0	1	1	0	1	S
NMDC20582722	0	0	0	1	0	0	0	0	1	0	1	0	0	0	1	0	1	1	0	1	S
NMDC20554832	0	0	0	1	0	0	0	0	1	0	1	0	0	0	1	0	1	1	0	1	S
NMDC20554833	0	0	0	1	0	0	0	0	1	0	1	0	0	0	1	0	1	1	0	1	S
NMDC20550845	0	0	0	1	0	0	0	0	1	0	1	0	0	0	1	0	1	1	0	1	S
NMDC20582723	0	0	0	1	0	0	0	0	1	0	1	0	0	0	1	0	1	1	0	1	S
NMDC20582724	0	0	0	1	0	0	0	0	1	0	1	0	0	0	1	0	1	1	0	1	S
NMDC20582725	0	0	0	1	0	0	0	0	1	0	1	0	0	0	1	0	1	1	0	1	S
NMDC20556849	0	0	0	1	0	0	0	0	1	0	1	0	0	0	1	0	1	1	0	1	S
NMDC20582726	0	0	0	1	0	0	0	0	1	0	1	0	0	0	1	0	1	1	0	1	S
NMDC20550846	0	0	0	1	0	0	0	0	1	0	1	0	0	0	1	0	1	1	0	1	S
NMDC20552848	0	0	0	1	0	0	0	0	1	0	1	0	0	0	1	0	1	1	0	1	S
NMDC20556850	0	0	0	1	0	0	0	0	1	0	1	1	0	0	0	0	1	1	0	0	S
NMDC20552850	0	0	0	1	0	0	0	0	1	0	1	0	0	0	1	0	1	1	0	1	S
NMDC20554834	1	1	1	0	1	0	0	0	1	1	0	1	1	0	0	0	1	0	1	0	S
NMDC20552854	0	0	0	1	0	0	1	0	1	0	1	0	0	0	1	1	1	1	0	1	S
NMDC20556851	0	0	0	1	0	0	0	0	1	0	1	0	1	0	1	0	1	0	0	0	S
NMDC20582728	0	0	0	1	0	0	0	0	1	0	1	0	0	0	1	0	1	1	0	1	S
NMDC20582729	0	0	0	1	0	0	0	0	1	0	1	0	0	0	1	0	1	1	0	1	S
NMDC20556852	0	0	0	1	0	0	0	0	1	0	1	1	0	0	0	0	1	0	0	1	S
NMDC20582731	0	0	0	1	0	0	0	0	1	0	1	0	0	0	1	0	1	1	0	1	S
NMDC20552864	0	0	0	1	0	0	0	0	1	0	1	1	0	0	0	0	1	0	0	0	S
NMDC20550847	0	0	0	1	0	0	0	0	1	0	1	1	0	0	0	0	1	0	0	1	S
NMDC20554835	0	0	0	1	0	0	1	0	1	0	1	0	0	0	1	1	1	1	0	1	S
NMDC20552855	0	0	0	1	0	0	1	0	1	0	1	0	0	0	1	1	1	1	0	1	S
NMDC20582732	1	1	1	0	1	0	0	0	1	1	0	1	1	0	0	0	1	0	1	0	S
NMDC20556854	0	0	0	1	0	0	0	0	1	0	1	0	0	0	1	0	1	1	0	1	S
NMDC20552856	0	0	0	1	0	0	0	0	1	0	1	0	0	0	1	0	1	1	0	1	S
NMDC20582733	0	0	0	1	0	0	0	0	1	0	1	0	0	0	0	0	1	0	0	0	S
NMDC20552857	0	0	0	1	0	0	0	0	1	0	1	0	0	0	1	0	1	1	0	1	S
NMDC20554836	0	0	0	1	0	0	0	0	1	0	1	0	0	0	1	0	1	1	0	1	S
NMDC20552859	0	0	0	1	0	0	0	0	1	0	1	0	0	0	1	0	1	1	0	1	S
NMDC20582738	0	0	0	1	0	0	0	0	1	0	1	0	0	0	1	0	1	1	1	0	S
NMDC20582739	0	0	0	1	0	0	0	0	1	0	1	0	1	0	1	0	1	0	0	0	S
NMDC20582740	0	0	0	1	0	0	0	0	1	0	1	0	0	0	0	1	1	0	0	0	S
NMDC20582741	0	0	0	1	0	0	0	0	1	0	1	0	1	0	1	0	1	0	0	0	S
NMDC20552860	0	0	0	1	0	0	0	0	1	1	0	0	1	0	0	0	1	1	0	0	S
NMDC20582742	0	0	0	1	0	0	0	0	1	0	1	0	0	0	1	0	1	1	0	1	S
NMDC20552861	0	0	0	1	0	0	0	0	1	0	1	0	1	0	1	0	1	0	0	0	S
NMDC20552862	0	0	0	1	0	0	0	0	1	0	1	0	0	0	1	0	1	1	0	1	S
NMDC20556855	0	0	0	1	0	0	0	0	1	0	1	0	0	0	1	0	1	1	0	1	S
NMDC20582743	0	0	0	1	0	0	0	0	1	0	1	0	0	0	1	0	1	1	0	1	S
NMDC20550851	0	0	0	1	0	0	0	0	1	0	1	0	1	0	1	0	0	1	0	1	S
NMDC20582744	0	0	0	1	0	0	0	0	1	0	1	0	0	0	1	0	1	1	0	1	S
NMDC20550852	0	0	0	1	0	0	0	0	1	0	1	0	0	0	1	0	1	1	0	1	S
NMDC20552863	0	0	0	1	0	0	1	0	1	0	1	0	0	0	1	1	1	1	0	1	S
NMDC20554837	0	0	0	1	0	0	0	0	1	0	1	0	1	0	1	0	1	0	0	0	S
NMDC20550853	0	0	0	1	0	0	0	0	1	0	1	1	0	0	0	0	1	0	0	1	S
NMDC20582750	0	0	0	1	0	0	0	0	1	0	1	0	0	0	1	0	1	1	0	1	S
NMDC20550855	0	0	0	1	0	0	0	0	1	0	1	0	0	0	1	0	1	1	0	1	S
NMDC20582751	0	0	0	1	0	0	0	0	1	0	1	0	0	0	1	0	1	1	0	1	S
NMDC20554838	0	0	0	1	0	0	0	0	1	0	1	0	0	0	1	0	1	1	0	1	S
NMDC20554839	0	0	0	1	0	0	0	0	1	0	1	0	0	0	1	0	1	1	0	1	S
NMDC20552865	0	0	0	1	0	0	0	0	1	0	1	0	0	0	1	0	1	1	0	1	S
NMDC20554840	0	0	0	1	0	0	0	0	1	0	1	0	0	0	1	0	1	1	0	1	S
NMDC20550857	0	0	0	1	0	0	0	0	1	0	1	0	0	0	1	0	1	1	0	1	S
NMDC20582753	0	0	0	1	0	0	0	0	1	0	1	0	0	0	1	0	1	1	0	1	S
NMDC20582754	0	0	0	1	0	0	0	0	1	0	1	0	0	0	1	0	1	1	0	1	S
NMDC20552868	0	0	0	1	0	0	0	0	1	0	1	0	1	0	1	0	1	1	0	0	S
NMDC20550858	0	0	0	1	0	0	0	0	1	0	1	0	1	0	0	0	1	0	0	1	S
NMDC20552869	0	0	0	1	0	0	0	0	1	0	1	0	0	0	1	0	1	1	0	1	S
NMDC20556860	0	0	0	1	0	0	0	0	1	0	1	1	0	0	0	0	1	0	0	1	S
NMDC20554844	0	0	0	1	0	0	0	0	1	0	1	0	0	0	1	0	1	1	0	1	S
NMDC20582755	0	0	0	1	0	0	0	0	1	0	1	0	0	0	1	0	1	1	0	1	S
NMDC20556861	0	0	0	1	0	0	0	0	1	0	1	0	0	0	0	0	1	0	0	0	S
NMDC20582756	0	0	0	1	0	0	0	0	1	0	1	0	0	0	1	0	1	1	0	1	S
NMDC20554845	1	0	0	1	0	0	0	0	1	0	0	0	0	0	0	0	1	0	0	0	S
NMDC20550862	0	0	0	1	0	0	0	0	1	0	1	0	0	0	1	0	1	1	0	1	S
NMDC20552873	0	0	0	1	0	0	0	0	1	0	1	0	0	0	1	0	1	1	0	1	S
NMDC20582757	0	0	0	1	0	0	0	0	1	0	1	1	0	0	0	0	1	0	0	0	S
NMDC20583052	0	0	0	1	0	0	0	0	1	0	1	0	0	0	0	0	1	0	0	0	S
NMDC20554965	0	0	0	1	0	0	0	0	1	0	1	0	1	0	0	0	1	0	0	1	S
NMDC20554966	0	0	0	1	0	0	0	0	1	1	0	0	1	0	1	0	1	1	0	0	S
NMDC20554967	0	0	0	1	0	0	0	0	1	0	1	0	0	0	0	0	1	0	0	0	S
NMDC20583053	0	0	0	1	0	0	0	0	1	0	1	0	1	0	0	0	1	0	0	1	S
NMDC20556973	0	0	0	1	0	0	0	0	1	0	1	0	0	0	0	0	1	0	0	0	S
NMDC20583055	0	0	0	1	0	0	0	0	1	0	1	0	0	0	0	0	1	0	0	0	S
NMDC20554969	0	0	0	1	0	0	0	0	1	0	1	0	1	0	1	0	1	0	0	0	S
NMDC20583056	0	0	0	1	0	0	0	0	1	0	1	1	0	0	0	0	1	0	0	1	S
NMDC20550963	0	0	0	1	0	0	0	0	1	0	1	1	0	0	0	0	1	1	0	0	S
NMDC20556975	0	0	0	1	0	0	0	0	1	0	1	1	0	0	0	0	1	1	0	0	S
NMDC20556976	0	0	0	1	0	0	0	0	1	0	1	0	1	0	1	0	1	0	0	0	S
NMDC20583058	0	0	0	1	0	0	0	0	1	0	1	1	0	0	0	0	1	1	0	0	S
NMDC20552994	0	0	0	1	0	0	0	0	1	0	1	1	0	0	0	0	1	1	0	0	S
NMDC20583059	0	0	0	1	0	0	0	0	1	0	1	0	1	0	1	0	1	0	0	0	S
NMDC20552995	0	0	0	1	0	0	0	0	1	0	1	1	0	0	0	0	1	1	0	0	S
NMDC20550965	0	0	0	1	0	0	0	0	1	0	1	0	1	0	1	0	1	0	0	0	S
NMDC20554970	0	0	0	1	0	0	0	0	1	0	1	0	1	0	1	0	1	0	0	0	S
NMDC20583060	0	0	0	1	0	0	0	0	1	0	1	0	0	0	0	0	1	0	0	0	S
NMDC20550966	0	0	0	1	0	0	0	0	1	0	1	0	1	0	0	0	1	0	0	1	S
NMDC20556977	0	0	0	1	0	0	0	0	1	0	1	0	0	0	0	0	1	0	0	0	S
NMDC20583061	0	0	0	1	0	0	0	0	1	0	1	0	0	0	1	1	1	0	0	1	S
NMDC20552996	0	0	0	1	0	0	0	0	1	0	1	1	0	0	0	0	1	0	0	1	S
NMDC20554972	0	0	0	1	0	0	0	0	1	0	1	0	1	0	1	0	1	0	0	0	S
NMDC20583062	0	0	0	1	0	0	0	0	1	0	1	0	1	0	1	0	1	0	0	0	S
NMDC20554973	0	0	0	1	0	0	0	0	1	0	1	0	0	0	1	0	1	1	0	1	S
NMDC20583063	0	0	0	1	0	0	0	0	1	0	1	0	0	0	1	0	1	1	0	1	S
NMDC20554974	0	0	0	1	0	0	0	0	1	0	1	0	1	0	1	0	1	0	0	0	S
NMDC20583064	0	0	0	1	0	0	0	0	1	0	1	1	0	0	0	0	1	1	0	0	S
NMDC20556978	0	0	0	1	0	0	0	0	1	0	1	1	0	0	0	0	1	1	0	0	S
NMDC20556979	0	0	0	1	0	0	0	0	1	0	1	1	0	0	0	0	1	0	0	0	S
NMDC20583065	0	0	0	1	0	0	0	0	1	1	0	0	0	0	0	1	1	1	0	0	S
NMDC20583066	0	0	0	1	0	0	0	0	1	0	1	0	0	0	0	0	1	0	0	0	S
NMDC20583067	0	0	0	1	0	0	0	0	1	0	1	1	0	0	0	0	1	0	0	0	S
NMDC20554975	0	0	0	1	0	0	0	0	1	0	0	0	0	0	1	0	0	0	0	0	S
NMDC20553001	0	0	0	1	0	0	0	0	1	0	1	1	0	0	0	0	1	0	0	0	S
NMDC20554976	0	0	0	1	0	0	0	0	1	0	1	0	0	0	0	0	1	0	0	0	S
NMDC20552999	0	0	0	1	0	0	0	0	1	0	1	1	0	0	0	0	1	0	0	1	S
NMDC20553000	0	0	0	1	0	0	0	0	1	0	1	1	0	0	0	0	1	0	0	1	S
NMDC20583069	0	0	0	1	0	0	0	0	1	0	1	0	0	0	0	0	1	0	0	0	S
NMDC20583070	0	0	0	1	0	0	0	0	1	0	1	1	0	0	0	0	1	1	0	0	S
NMDC20583072	0	0	0	1	0	0	0	0	1	0	0	0	0	0	1	0	0	0	0	0	S
NMDC20583074	0	0	0	1	0	0	0	0	1	0	1	1	1	0	1	0	1	0	0	0	S
NMDC20583075	0	0	0	1	0	0	0	0	1	0	1	0	0	0	1	0	1	1	0	1	S
NMDC20550968	0	0	0	1	0	0	0	0	1	0	1	0	0	0	1	0	1	1	0	1	S
NMDC20553002	0	0	0	0	0	0	0	0	1	0	1	1	0	0	0	1	1	0	0	0	S
NMDC20554979	0	0	0	1	0	0	0	0	1	0	1	0	1	0	0	0	1	0	0	1	S
NMDC20583076	0	0	0	1	0	0	0	0	1	0	1	0	1	0	1	0	1	0	0	0	S
NMDC20550969	0	0	0	1	0	0	0	0	1	0	1	1	0	0	0	0	1	0	0	1	S
NMDC20550970	0	0	0	1	0	0	0	0	1	0	1	1	0	0	0	0	1	1	0	0	S
NMDC20550971	0	0	0	1	1	0	0	0	1	0	0	1	0	0	0	0	0	0	0	0	S
NMDC20583077	0	0	0	1	0	0	0	0	1	0	1	0	0	0	0	0	1	0	0	0	S
NMDC20553005	0	0	0	1	0	0	0	0	1	0	1	0	0	0	0	0	1	1	0	0	S
NMDC20550972	0	0	0	1	0	0	0	0	1	0	1	1	0	0	0	0	1	0	0	1	S
NMDC20554981	0	0	0	1	0	0	0	0	1	0	1	0	0	0	1	1	1	0	0	1	S
NMDC20556981	0	0	0	1	0	0	0	0	1	0	1	1	0	0	0	0	1	0	0	1	S
NMDC20583080	0	0	0	1	0	0	0	0	1	0	1	0	1	0	1	0	1	0	0	0	S
NMDC20556982	0	0	0	1	0	0	0	0	1	0	1	1	1	0	0	0	1	0	0	0	S
NMDC20551125	0	0	0	1	0	0	0	0	1	0	1	0	0	0	1	0	1	1	0	1	S
NMDC20557126	0	0	0	1	0	0	0	0	1	1	0	0	0	0	0	0	1	1	0	0	S
NMDC20557127	0	0	0	1	0	0	0	0	1	0	1	0	1	0	1	0	1	0	0	0	S
NMDC20555115	0	0	0	1	0	0	0	0	1	0	1	0	0	0	1	0	1	1	0	1	S
NMDC20553147	0	0	0	1	0	0	0	0	1	0	1	1	0	0	0	0	1	0	0	1	S
NMDC20583448	0	0	0	1	0	0	0	0	1	0	1	0	0	0	1	0	1	1	0	1	S
NMDC20583449	0	0	0	1	0	0	0	0	1	0	1	0	0	0	0	1	1	0	0	0	S
NMDC20555116	0	0	0	1	0	0	0	0	1	0	1	0	0	0	1	0	1	1	0	1	S
NMDC20551113	0	0	0	1	0	0	0	0	1	0	1	0	0	0	1	0	1	1	0	1	S
NMDC20553149	0	0	0	1	0	0	0	0	1	0	1	0	0	0	1	0	1	1	0	1	S
NMDC20557128	0	0	0	1	0	0	0	0	1	0	1	1	0	0	0	0	1	0	0	1	S
NMDC20553150	0	0	0	1	0	0	0	0	1	0	1	1	0	0	0	0	1	1	0	0	S
NMDC20583452	0	0	0	1	0	0	0	0	1	0	1	0	1	0	1	0	1	1	0	1	S
NMDC20555118	0	0	0	1	0	0	0	0	1	0	1	0	1	0	1	0	1	0	0	0	S
NMDC20583453	0	0	0	1	0	0	0	0	1	0	1	0	0	0	1	0	1	1	0	1	S
NMDC20583455	0	0	0	1	0	0	0	0	1	0	1	0	0	0	1	0	1	1	0	1	S
NMDC20583456	0	0	0	1	0	0	0	0	1	0	1	0	0	0	0	0	1	0	0	0	S
NMDC20583457	0	0	0	1	0	0	0	0	1	0	1	0	0	0	1	0	1	1	0	1	S
NMDC20555120	0	0	0	1	0	0	0	0	1	0	1	0	0	0	1	0	1	1	0	1	S
NMDC20583458	0	0	0	1	0	0	0	0	1	0	1	0	0	0	1	0	1	1	0	1	S
NMDC20583460	0	0	0	1	0	0	0	0	1	0	1	0	0	0	1	0	1	1	0	1	S
NMDC20557131	0	0	0	1	0	0	0	0	1	0	1	0	0	0	1	0	1	1	0	1	S
NMDC20551119	0	0	0	1	0	0	0	0	1	0	1	0	0	0	1	0	1	1	0	1	S
NMDC20583461	0	0	0	1	0	0	0	0	1	0	1	0	0	0	1	0	1	1	0	1	S
NMDC20583462	0	0	0	1	0	0	0	0	1	0	1	0	0	0	1	0	1	1	0	1	S
NMDC20583463	0	0	0	1	0	0	0	0	1	0	1	1	0	0	0	0	1	0	0	1	S
NMDC20551121	0	0	1	0	1	0	0	0	1	1	0	1	1	0	0	0	1	0	1	0	S
NMDC20555124	0	0	0	1	0	0	0	0	1	0	1	0	0	0	1	0	1	1	0	1	S
NMDC20551122	0	0	0	1	0	0	0	0	1	0	1	0	0	0	1	0	1	1	0	1	S
NMDC20555122	0	0	0	1	0	0	0	0	1	0	1	0	0	0	0	0	1	0	0	1	S
NMDC20555123	0	0	0	1	0	0	0	0	1	0	1	0	0	0	0	0	1	0	0	0	S
NMDC20557132	0	0	0	1	0	0	0	0	1	0	1	0	0	0	1	0	1	1	0	1	S
NMDC20557133	0	0	0	1	0	0	0	0	1	0	1	0	0	0	1	0	1	1	0	1	S
NMDC20553153	0	0	0	1	0	0	0	0	1	0	1	1	0	0	0	0	1	1	0	0	S
NMDC20553154	0	0	0	1	0	0	0	0	1	0	1	0	0	0	1	0	1	1	0	1	S
NMDC20553155	0	0	0	1	0	0	0	0	1	0	1	1	0	0	0	0	1	0	0	1	S
NMDC20553156	0	0	0	1	0	0	0	0	1	0	1	0	0	0	1	0	1	1	0	1	S
NMDC20583468	0	0	0	1	0	0	0	0	1	0	1	0	0	0	1	0	1	1	0	1	S
NMDC20583469	0	0	0	1	0	0	0	0	1	0	1	0	0	0	1	0	1	1	0	1	S
NMDC20553157	0	0	0	1	0	0	0	0	1	0	1	1	0	0	0	1	1	0	0	0	S
NMDC20557134	0	0	0	1	0	0	0	0	1	0	1	0	0	0	1	0	1	1	0	1	S
NMDC20557135	0	0	0	1	0	0	0	0	1	0	1	0	0	0	1	0	1	1	0	1	S
NMDC20583473	0	0	0	1	0	0	0	0	1	0	1	0	0	0	1	0	1	1	0	1	S
NMDC20583474	0	0	0	1	0	0	0	0	1	0	1	0	0	0	1	0	1	1	0	1	S
NMDC20557136	0	0	0	1	0	0	0	0	1	0	1	1	0	0	0	0	1	0	0	1	S
NMDC20553159	1	1	1	0	1	0	0	0	1	1	0	1	1	0	0	0	1	0	1	0	S
NMDC20583475	0	0	0	1	0	0	0	0	1	0	1	1	0	0	0	0	1	1	0	0	S
NMDC20583476	0	0	0	1	0	0	0	0	1	0	1	0	0	0	1	0	1	0	0	0	S
NMDC20557138	0	0	0	1	0	0	0	0	1	0	1	0	1	0	1	0	1	1	0	0	S
NMDC20583477	0	0	0	0	0	0	0	0	1	0	1	1	0	0	0	0	1	0	0	0	S
NMDC20583478	0	0	0	1	0	0	0	0	1	0	1	0	1	0	1	0	1	0	0	0	S
NMDC20583479	0	0	0	1	0	0	0	0	1	0	1	1	0	0	0	1	1	0	0	0	S
NMDC20551129	0	0	0	1	0	0	0	0	1	0	1	1	0	0	0	1	1	0	0	0	S
NMDC20551130	0	0	0	1	0	0	0	0	1	0	1	0	0	0	0	0	1	0	0	0	S
NMDC20551132	0	0	0	1	0	0	0	0	1	0	1	0	0	0	0	0	1	0	0	0	S
NMDC20583483	0	0	0	1	0	0	0	0	1	0	1	0	0	0	1	0	1	1	0	1	S
NMDC20553160	0	0	1	0	1	0	0	0	1	1	0	1	1	0	0	0	1	0	1	0	S
NMDC20551133	0	0	0	1	0	0	0	0	1	0	1	0	0	0	1	0	1	1	0	1	S
NMDC20555127	0	0	0	1	0	0	0	0	1	0	1	0	0	0	0	0	1	0	0	1	S
NMDC20583485	0	0	0	1	0	0	0	0	1	0	1	0	1	0	1	0	1	0	0	0	S
NMDC20557139	0	0	0	1	0	0	0	0	1	0	1	0	0	0	1	0	1	1	0	1	S
NMDC20557140	0	0	0	1	0	0	0	0	1	0	1	0	0	0	1	0	1	1	0	1	S
NMDC20583486	0	0	0	1	0	0	0	0	1	0	1	0	0	0	1	0	1	1	0	1	S
NMDC20583487	0	0	1	0	1	0	0	0	1	1	0	1	1	0	0	0	1	0	1	0	S
NMDC20583488	0	0	0	1	0	0	0	0	1	0	1	0	0	0	1	0	1	1	0	1	S
NMDC20557141	0	0	0	1	0	0	1	0	1	0	1	0	0	0	1	1	1	1	0	1	S
NMDC20583489	0	0	0	1	0	0	0	0	1	0	1	0	1	0	0	0	1	0	0	1	S
NMDC20557142	0	0	0	1	0	0	0	0	1	0	1	0	0	0	1	0	1	1	0	1	S
NMDC20555129	0	0	0	1	0	0	0	0	1	0	1	1	0	0	0	0	1	1	0	0	S
NMDC20551135	0	0	0	1	0	0	1	0	1	0	1	0	0	0	1	1	1	1	0	1	S
NMDC20583491	0	0	0	1	0	0	0	0	1	0	1	0	0	0	1	0	1	1	0	1	S
NMDC20583492	0	0	0	1	0	0	0	0	1	0	1	0	0	0	1	0	1	1	0	1	S
NMDC20553161	0	0	0	1	0	0	0	0	1	0	1	1	0	0	0	0	1	0	0	1	S
NMDC20551137	0	0	0	1	0	0	0	0	1	0	1	0	0	0	1	0	1	1	0	1	S
NMDC20555131	0	0	0	1	0	0	0	0	1	0	1	0	0	0	1	0	1	1	0	1	S
NMDC20553163	0	0	0	1	0	0	0	0	1	0	1	0	1	0	0	0	1	0	0	1	S
NMDC20583493	0	0	0	1	0	0	0	0	1	0	1	0	0	0	1	0	1	1	0	1	S
NMDC20557144	0	0	1	1	0	0	0	0	1	0	1	0	0	0	1	0	1	0	0	0	S
NMDC20583496	0	0	0	1	0	0	0	0	1	0	1	0	0	0	1	0	1	1	0	1	S
NMDC20555132	0	0	0	1	0	0	0	0	1	0	1	0	0	0	0	0	1	0	0	0	S
NMDC20553165	0	0	0	1	0	0	0	0	1	0	0	0	0	0	1	0	0	0	0	0	S
NMDC20555133	0	0	0	1	0	0	0	0	1	0	1	0	0	0	1	0	1	1	0	1	S
NMDC20555134	0	0	0	1	0	0	0	0	1	0	1	0	0	0	1	0	1	1	0	1	S
NMDC20583500	0	0	0	1	0	0	0	0	1	0	1	0	0	0	1	0	1	1	0	1	S
NMDC20555135	0	0	0	1	0	0	0	0	1	0	1	0	0	0	1	0	1	1	0	1	S
NMDC20557147	0	0	0	1	0	0	0	0	1	0	1	0	1	0	1	0	1	0	0	0	S
NMDC20557146	0	0	0	1	0	0	0	0	1	0	1	0	0	0	1	0	1	1	0	1	S
NMDC20555137	0	0	0	1	0	0	0	0	1	0	1	0	0	0	1	0	1	1	0	1	S
NMDC20555138	0	0	0	1	0	0	0	0	1	0	1	0	0	0	1	0	1	1	0	1	S
NMDC20555139	0	0	0	1	0	0	0	0	1	0	1	0	0	0	0	0	1	0	0	1	S
NMDC20583505	0	0	0	1	0	0	0	0	1	0	1	0	0	0	0	0	1	0	0	0	S
NMDC20555140	0	0	0	1	0	0	0	0	1	0	1	0	0	0	1	0	1	1	0	1	S
NMDC20553167	0	0	0	1	0	0	0	0	1	0	1	1	0	0	0	0	1	0	0	0	S
NMDC20557156	0	0	0	1	0	0	0	0	1	0	1	0	0	0	1	0	1	1	0	1	S
NMDC20557148	0	0	0	1	0	0	0	0	1	0	1	0	0	0	1	0	1	1	0	1	S
NMDC20555142	0	0	0	1	0	0	0	0	1	0	1	1	0	0	0	0	1	0	0	0	S
NMDC20557149	0	0	0	1	0	0	0	0	1	0	1	1	0	0	0	0	1	0	0	1	S
NMDC20557151	0	0	0	1	0	0	0	0	1	0	1	1	0	0	0	0	1	0	0	1	S
NMDC20583506	0	0	0	1	0	0	0	0	1	0	1	0	1	0	1	0	1	0	0	0	S
NMDC20583507	0	0	0	1	0	0	0	0	1	0	1	1	0	0	0	0	1	0	0	0	S
NMDC20551139	0	0	0	1	0	0	0	0	1	0	1	0	0	0	1	0	1	1	0	1	S
NMDC20551140	0	0	0	1	0	0	0	0	1	0	1	0	1	0	1	0	1	0	0	0	S
NMDC20583508	0	0	0	1	0	0	0	0	1	0	1	0	0	0	1	0	1	1	0	1	S
NMDC20553168	0	0	0	1	0	0	0	0	1	0	1	0	0	0	1	0	1	1	0	1	S
NMDC20551141	0	0	1	0	1	0	0	0	1	1	0	1	1	0	0	0	1	0	1	0	S
NMDC20555144	0	0	0	1	0	0	0	0	1	0	1	0	0	0	1	0	1	1	0	1	S
NMDC20555148	0	0	0	1	0	0	0	0	1	0	1	0	0	0	1	0	1	1	0	1	S
NMDC20583511	0	0	0	1	0	0	0	0	1	0	1	0	0	0	1	0	1	1	0	1	S
NMDC20555145	0	0	0	1	0	0	0	0	1	0	1	0	0	0	1	0	1	1	0	1	S
NMDC20555146	0	0	0	1	0	0	0	0	1	0	1	0	0	0	1	0	1	1	0	1	S
NMDC20553169	1	1	1	0	1	0	0	0	1	1	0	1	1	0	0	0	1	0	1	0	S
NMDC20583512	0	0	0	1	0	0	0	0	1	0	1	0	0	0	1	0	1	1	0	1	S
NMDC20555147	0	0	0	1	0	0	0	0	1	0	1	0	0	0	1	0	1	1	0	1	S
NMDC20551143	0	0	0	1	0	0	0	0	1	0	1	0	0	0	1	0	1	1	0	1	S
NMDC20557152	0	0	0	1	0	0	0	0	1	0	1	0	0	0	1	0	1	1	0	1	S
NMDC20555149	0	0	0	1	0	0	0	0	1	0	1	1	0	0	0	0	1	0	0	1	S
NMDC20555150	0	0	0	1	0	0	0	0	1	0	1	1	0	0	0	0	1	1	0	0	S
NMDC20583514	0	0	0	1	0	0	0	0	1	0	1	0	0	0	1	0	1	1	0	1	S
NMDC20553171	0	0	0	1	0	0	0	0	1	0	1	1	0	0	0	0	1	1	0	0	S
NMDC20555152	0	0	0	1	0	0	0	0	1	0	1	0	0	0	1	0	1	1	0	1	S
NMDC20557153	0	0	0	1	0	0	0	0	1	0	1	0	0	0	0	0	1	0	0	0	S
NMDC20551144	0	0	0	1	0	0	0	0	1	0	1	0	0	0	1	0	1	1	0	1	S
NMDC20583515	0	0	0	1	0	0	0	0	1	0	1	1	0	0	0	0	1	0	0	1	S
NMDC20553174	0	0	0	1	0	0	0	0	1	0	1	0	0	0	1	0	1	1	0	1	S
NMDC20553175	0	0	0	1	0	0	0	0	1	0	1	0	0	0	0	0	1	0	0	1	S
NMDC20555153	0	0	0	1	0	0	0	0	1	0	1	0	0	0	1	0	1	1	0	1	S
NMDC20583516	0	0	0	1	0	0	0	0	1	0	1	0	0	0	1	0	1	1	0	1	S
NMDC20551145	0	0	0	1	0	0	0	0	1	0	1	0	0	0	1	0	1	1	0	1	S
NMDC20583517	0	0	0	1	0	0	0	0	1	0	1	0	1	0	1	0	1	0	0	0	S
NMDC20557154	0	0	0	1	0	0	0	0	1	0	1	0	0	0	1	0	1	1	0	1	S
NMDC20583518	0	0	0	1	1	0	0	0	1	0	1	0	0	0	1	0	1	1	0	0	S
NMDC20557155	0	0	0	1	0	0	0	0	1	0	1	1	0	0	0	0	1	1	0	0	S
NMDC20553176	0	0	0	1	0	0	0	0	1	0	1	0	0	0	1	0	1	1	0	1	S
NMDC20583519	0	0	0	1	0	0	0	0	1	0	1	0	0	0	1	0	1	1	0	1	S
NMDC20553177	0	0	0	1	0	0	0	0	1	0	1	0	0	0	1	0	1	1	0	1	S
NMDC20553178	0	0	0	1	0	0	0	0	1	0	1	0	0	0	1	0	1	1	0	1	S
NMDC20583520	0	0	0	1	0	0	0	0	1	0	1	0	0	0	1	0	1	1	0	1	S
NMDC20583521	0	0	0	1	0	0	0	0	1	0	1	0	0	0	1	0	1	1	0	1	S
NMDC20553179	0	0	0	1	0	0	0	0	1	0	1	0	1	0	1	0	1	0	0	0	S
NMDC20583523	0	0	0	1	0	0	0	0	1	0	1	0	0	0	0	0	1	0	0	0	S
NMDC20583524	0	0	0	1	0	1	1	0	1	0	1	0	0	0	1	1	1	1	0	1	S
NMDC20551146	0	0	0	1	0	0	0	0	1	0	1	0	0	0	1	0	1	1	0	1	S
NMDC20583525	0	0	0	1	0	0	0	0	1	0	1	0	0	0	1	0	1	1	0	1	S
NMDC20553181	0	0	0	1	0	0	0	0	1	0	1	0	0	0	1	0	1	1	0	1	S
NMDC20583527	0	0	0	1	0	0	0	0	1	0	1	0	0	0	1	0	1	1	0	1	S
NMDC20555156	0	0	0	1	0	0	0	0	1	0	1	0	0	0	1	1	1	1	1	0	S
NMDC20583528	0	0	0	1	0	0	0	0	1	0	1	0	0	0	0	0	1	0	0	0	S
NMDC20557158	0	0	0	1	0	0	0	0	1	0	1	0	1	0	0	0	1	0	0	1	S
NMDC20551148	0	0	0	1	0	0	0	0	1	0	1	0	0	0	1	0	1	1	0	1	S
NMDC20551149	0	0	0	1	0	0	0	0	1	0	1	0	0	0	1	0	1	1	0	1	S
NMDC20557159	0	0	0	1	0	0	0	0	1	0	1	0	0	0	1	0	1	1	0	1	S
NMDC20551150	0	0	0	1	0	0	0	0	1	0	1	0	0	0	1	0	1	1	0	1	S
NMDC20555157	0	0	0	1	0	0	0	0	1	0	1	0	0	0	1	1	1	1	0	1	S
NMDC20553182	0	0	0	1	0	0	0	0	1	0	1	0	0	0	1	0	1	1	0	1	S
NMDC20583529	0	0	0	1	0	0	0	0	1	0	1	0	0	0	0	0	1	0	0	0	S
NMDC20553184	0	0	0	1	0	0	0	0	1	0	1	0	0	0	1	0	1	1	0	1	S
NMDC20557160	0	0	0	1	0	0	0	0	1	0	1	0	0	0	1	0	1	1	0	1	S
NMDC20551152	0	0	0	1	0	0	0	0	1	0	1	0	0	0	1	0	1	1	0	1	S
NMDC20555160	0	0	0	1	0	0	0	0	1	0	1	0	0	0	1	0	1	1	0	1	S
NMDC20583531	0	0	0	1	0	0	0	0	1	0	1	0	0	0	1	0	1	1	0	1	S
NMDC20553185	0	0	0	1	0	0	0	0	1	0	1	0	0	0	1	0	1	1	0	1	S
NMDC20555162	0	0	0	1	0	0	0	0	1	0	1	0	0	0	1	0	1	1	0	1	S
NMDC20553186	0	0	0	1	0	0	0	0	1	0	1	0	0	0	1	0	1	1	0	1	S
NMDC20557161	0	0	0	1	0	0	0	0	1	0	1	1	0	0	0	0	1	1	0	0	S
NMDC20557162	0	0	0	1	0	0	0	0	1	0	1	1	0	0	0	0	1	0	0	1	S
NMDC20583533	0	0	0	1	0	0	0	0	1	0	1	1	1	0	0	0	1	0	0	0	S
NMDC20553187	0	0	0	1	0	0	0	0	1	0	1	1	0	0	0	0	1	0	0	1	S
NMDC20583534	0	0	0	1	0	0	0	0	1	0	1	1	0	0	0	0	1	0	0	1	S
NMDC20557163	0	0	0	1	0	0	0	0	1	0	1	0	0	0	1	0	1	0	0	0	S
NMDC20555209	0	0	0	1	0	0	0	0	1	0	1	0	0	0	1	0	1	1	0	1	S
NMDC20557222	0	0	0	1	0	0	0	0	1	0	1	0	0	0	1	0	1	1	0	1	S
NMDC20551198	0	0	0	1	0	0	0	0	1	0	1	0	0	0	1	0	1	1	0	1	S
NMDC20555211	0	0	0	1	0	0	0	0	1	0	1	0	1	0	1	0	1	0	0	0	S
NMDC20557223	0	0	0	1	0	0	0	0	1	1	0	0	0	0	0	0	1	1	0	0	S
NMDC20555212	0	0	0	1	0	0	0	0	1	0	1	1	0	0	0	0	1	0	0	0	S
NMDC20583809	0	0	0	1	0	0	0	0	1	0	1	1	0	0	0	0	1	1	0	0	S
NMDC20583811	0	0	1	1	0	0	0	0	1	0	1	0	0	0	1	0	1	0	0	0	S
NMDC20553234	0	0	0	1	0	0	0	0	1	0	1	0	0	0	1	1	1	1	0	1	S
NMDC20551199	0	0	0	1	0	0	0	0	1	0	1	0	0	0	1	0	1	1	0	1	S
NMDC20583812	0	0	0	1	0	0	0	0	1	0	1	1	0	0	0	0	1	1	0	0	S
NMDC20557226	0	0	0	1	0	0	0	0	1	0	1	0	0	0	1	0	1	1	0	1	S
NMDC20583813	0	0	0	1	0	0	0	0	1	0	1	0	0	0	1	0	1	1	0	1	S
NMDC20583814	0	0	0	1	0	0	0	0	1	0	1	0	0	0	1	0	1	1	0	1	S
NMDC20557228	0	0	0	1	0	0	0	0	1	0	1	0	0	0	1	0	1	1	0	1	S
NMDC20583817	0	0	0	1	0	0	0	0	1	0	1	0	0	0	1	0	1	1	0	1	S
NMDC20551200	0	0	0	1	0	0	0	0	1	0	1	0	0	0	1	0	1	1	0	1	S
NMDC20553236	0	0	0	1	0	0	0	0	1	0	1	0	0	0	1	0	1	1	0	1	S
NMDC20557229	0	0	0	1	0	0	0	0	1	0	1	0	0	0	0	0	1	0	0	0	S
NMDC20583822	1	1	1	0	1	0	0	0	1	1	0	1	1	0	0	0	1	0	1	0	S
NMDC20555214	0	0	0	1	0	0	0	0	1	0	1	0	0	0	1	0	1	1	0	1	S
NMDC20551203	0	0	0	1	0	0	1	0	1	0	1	0	0	0	1	0	1	1	0	1	S
NMDC20583823	0	0	0	1	0	0	0	0	1	0	1	0	1	0	0	0	1	0	0	1	S
NMDC20557230	0	0	0	1	0	0	0	0	1	0	1	0	0	0	1	0	1	1	0	1	S
NMDC20583824	0	0	0	1	0	0	0	0	1	0	1	0	0	0	0	0	1	0	0	0	S
NMDC20555215	0	0	0	1	0	0	0	0	1	0	1	0	0	0	1	0	1	1	0	1	S
NMDC20583825	0	0	0	1	0	0	0	0	1	0	1	0	0	0	0	0	1	0	0	0	S
NMDC20583826	1	1	1	0	1	0	0	0	1	1	0	1	1	0	0	0	1	0	1	0	S
NMDC20557232	1	1	1	0	1	0	0	0	1	1	0	1	1	0	0	0	1	0	1	0	S
NMDC20551205	0	0	0	1	0	0	0	0	1	0	1	0	0	0	1	0	1	1	0	1	S
NMDC20551206	0	0	0	1	0	0	0	0	1	0	1	0	0	0	1	0	1	1	0	1	S
NMDC20551207	0	0	0	1	0	0	0	0	1	0	1	0	0	0	1	0	1	1	0	1	S
NMDC20553238	0	0	0	1	0	0	0	0	1	0	1	0	0	0	1	0	1	1	0	1	S
NMDC20583830	0	0	0	1	0	0	0	0	1	0	1	0	0	0	1	0	1	1	0	1	S
NMDC20555218	0	0	0	1	0	0	0	0	0	0	0	0	1	0	0	0	0	0	0	1	S
NMDC20551208	0	0	0	1	0	0	0	0	1	0	1	0	0	0	1	0	1	1	0	1	S
NMDC20557235	0	0	0	1	0	0	0	0	1	0	1	0	0	0	0	0	1	0	0	0	S
NMDC20553241	0	0	0	1	0	0	0	0	1	0	1	0	0	0	1	0	1	1	0	1	S
NMDC20555220	0	0	0	1	0	0	0	0	1	0	1	1	0	0	0	0	1	0	0	1	S
NMDC20551209	0	0	0	1	0	0	0	0	1	0	1	0	0	0	1	0	1	1	0	1	S
NMDC20583832	0	0	0	1	0	0	0	0	1	0	1	0	0	0	1	0	1	1	0	1	S
NMDC20557236	0	0	0	1	0	0	0	0	1	0	1	0	0	0	1	0	1	1	0	1	S
NMDC20583833	0	0	0	1	0	0	0	0	1	0	1	0	1	0	0	0	1	0	0	1	S
NMDC20553244	0	0	0	1	0	0	0	0	1	0	1	0	0	0	1	0	1	1	0	1	S
NMDC20555221	0	0	0	1	0	0	0	0	1	0	1	0	0	0	1	0	1	1	0	1	S
NMDC20583834	0	0	0	1	0	0	0	0	1	0	1	0	0	0	1	0	1	1	0	1	S
NMDC20583835	0	0	0	1	0	0	0	0	1	0	1	0	0	0	1	0	1	1	0	1	S
NMDC20555222	0	0	0	1	0	0	0	0	1	0	1	0	0	0	0	0	1	0	0	0	S
NMDC20583837	0	0	0	1	0	0	0	0	1	0	1	0	0	0	1	0	1	1	0	1	S
NMDC20583838	0	0	0	1	0	0	0	0	1	0	1	0	0	0	1	0	1	1	0	1	S
NMDC20583839	0	0	0	1	0	0	0	0	1	0	1	0	0	0	1	0	1	1	0	1	S
NMDC20557239	0	0	0	1	0	0	0	0	1	0	1	0	0	0	1	0	1	1	0	1	S
NMDC20583841	0	0	0	1	0	0	0	0	1	0	1	0	0	0	1	0	1	1	0	1	S
NMDC20555223	0	0	0	1	0	0	0	0	1	0	1	0	1	0	0	0	1	0	0	1	S
NMDC20551213	0	0	0	1	0	0	0	0	1	0	1	0	0	0	1	0	1	1	0	1	S
NMDC20583842	0	0	0	1	0	0	0	0	1	0	1	0	0	0	1	0	1	1	0	1	S
NMDC20557240	0	0	0	1	0	0	0	0	1	0	1	0	0	0	1	0	1	1	0	1	S
NMDC20583846	0	0	0	1	0	0	0	0	1	0	1	0	0	0	1	0	1	1	0	1	S
NMDC20583847	0	0	0	1	0	0	0	0	1	1	0	0	1	0	1	0	1	1	0	0	S
NMDC20583849	1	1	1	0	1	0	0	0	1	1	0	1	1	0	0	0	1	0	1	0	S
NMDC20583850	1	1	1	0	1	0	0	0	1	1	0	1	1	0	0	0	1	0	1	0	S
NMDC20555224	0	0	0	1	0	0	0	0	1	0	1	0	0	0	1	0	1	1	0	1	S
NMDC20583852	0	0	0	1	0	0	0	0	1	0	1	0	0	0	1	0	1	1	0	1	S
NMDC20557242	0	0	0	1	0	0	0	0	1	0	1	0	0	0	1	0	1	1	0	1	S
NMDC20553249	0	0	0	1	0	0	0	0	1	0	1	0	0	0	1	0	1	1	0	1	S
NMDC20553250	0	0	0	1	0	0	0	0	1	0	1	0	0	0	1	0	1	1	0	1	S
NMDC20583854	0	0	0	1	0	0	0	0	1	0	1	0	0	0	1	0	1	1	0	1	S
NMDC20551214	0	0	0	1	0	0	0	0	1	0	1	0	0	0	1	0	1	1	0	1	S
NMDC20583857	0	0	0	1	0	0	0	0	1	0	1	0	0	0	1	0	1	1	0	1	S
NMDC20583858	0	0	0	1	0	0	0	0	1	0	1	0	0	0	0	0	1	0	0	0	S
NMDC20557243	0	0	0	1	0	0	0	0	1	0	1	0	0	0	1	0	1	1	0	1	S
NMDC20583859	0	0	0	1	0	0	0	0	1	0	1	0	0	0	1	0	1	1	0	1	S
NMDC20557244	0	0	0	1	0	0	0	0	1	0	1	0	0	0	1	0	1	1	0	1	S
NMDC20583860	0	0	0	1	0	0	0	0	1	0	1	1	0	0	0	0	1	0	0	0	S
NMDC20583861	0	0	0	1	0	0	0	0	1	0	1	0	0	0	1	0	1	1	0	1	S
NMDC20557245	0	0	0	1	0	0	0	0	1	0	1	1	0	0	0	0	1	0	0	0	S
NMDC20555225	0	0	0	1	0	0	0	0	1	0	1	1	0	0	0	0	1	0	0	0	S
NMDC20583864	1	1	1	0	1	0	0	0	1	1	0	1	1	0	0	0	1	0	1	0	S
NMDC20583865	1	1	1	0	1	0	0	0	1	1	0	1	1	0	0	0	1	0	1	0	S
NMDC20583866	0	0	0	1	0	0	0	0	1	0	1	0	0	0	1	0	1	1	0	1	S
NMDC20583867	1	1	1	0	1	0	0	0	1	1	0	1	1	0	0	0	1	0	1	0	S
NMDC20583868	0	0	0	1	0	0	0	0	1	1	0	1	0	0	1	0	1	0	0	0	S
NMDC20557247	0	0	0	1	0	0	0	0	1	0	1	0	0	0	0	0	1	0	0	0	S
NMDC20553253	0	0	0	1	0	0	0	0	1	0	1	0	0	0	1	0	1	1	0	1	S
NMDC20553254	0	0	0	1	0	0	0	0	1	0	1	0	1	0	1	0	1	0	0	0	S
NMDC20583871	1	1	1	0	1	0	0	0	1	1	0	1	1	0	0	0	1	0	1	0	S
NMDC20553255	1	1	1	0	1	0	0	0	1	1	0	1	1	0	0	0	1	0	1	0	S
NMDC20555230	0	0	0	1	0	0	0	0	1	0	1	0	0	0	1	0	1	1	0	1	S
NMDC20553256	1	1	1	0	1	0	0	0	1	1	0	1	1	0	0	0	1	0	1	0	S
NMDC20555229	0	0	0	1	0	0	0	0	1	0	1	0	0	0	1	0	1	1	0	1	S
NMDC20557248	1	1	1	0	1	0	0	0	1	1	0	1	1	0	0	0	1	0	1	0	S
NMDC20583873	1	1	1	0	1	0	0	0	1	1	0	1	1	0	0	0	1	0	1	0	S
NMDC20551218	0	0	0	1	0	0	0	0	1	0	1	0	0	0	0	0	1	0	0	0	S
NMDC20583876	0	0	0	1	0	0	0	0	1	0	1	0	0	0	1	0	1	1	0	1	S
NMDC20555231	0	0	0	1	0	0	0	0	1	0	1	1	0	0	0	0	1	0	0	0	S
NMDC20557251	0	0	0	1	0	0	0	0	1	0	1	0	0	0	1	0	1	1	0	1	S
NMDC20555232	0	0	0	1	0	0	0	0	1	0	1	0	0	0	1	0	1	1	0	1	S
NMDC20583877	0	0	0	1	0	0	0	0	1	0	1	0	0	0	0	0	1	1	0	0	S
NMDC20555233	0	0	0	1	0	0	0	0	1	0	1	0	0	0	1	1	1	1	0	1	S
NMDC20555234	0	0	0	1	0	0	0	0	1	0	1	0	0	0	1	0	1	1	0	1	S
NMDC20551221	0	0	0	1	0	0	0	0	1	0	1	0	0	0	1	0	1	1	0	1	S
NMDC20555235	0	0	0	1	0	0	0	0	1	0	1	0	0	0	1	0	1	1	0	1	S
NMDC20553263	0	0	0	1	0	0	0	0	1	0	1	0	1	0	1	0	1	0	0	0	S
NMDC20583878	0	0	0	1	0	0	0	0	1	0	1	0	0	0	1	0	1	1	0	1	S
NMDC20551223	0	0	0	1	0	0	0	0	1	0	1	0	0	0	1	0	1	1	0	1	S
NMDC20551331	0	0	0	1	0	0	0	0	1	0	1	0	0	0	1	0	1	1	0	1	S
NMDC20555346	0	0	0	1	0	0	0	0	1	0	1	0	0	0	1	0	1	1	0	1	S
NMDC20551332	0	0	0	1	0	0	0	0	1	0	1	0	0	0	1	0	1	1	0	1	S
NMDC20553353	0	0	1	1	1	0	0	0	1	1	0	1	1	0	0	0	1	0	1	0	S
NMDC20584190	0	0	0	1	0	0	0	0	1	0	1	0	0	0	1	0	1	1	0	1	S
NMDC20555347	0	0	0	1	0	0	0	0	1	0	1	0	0	0	1	0	1	1	0	1	S
NMDC20584192	0	0	0	1	0	0	0	0	1	0	1	0	0	0	1	0	1	1	0	1	S
NMDC20555348	0	0	0	1	0	0	0	0	1	0	1	0	0	0	1	0	1	1	0	1	S
NMDC20555350	0	0	0	1	0	0	0	0	1	0	1	1	0	0	0	0	1	0	0	1	S
NMDC20553355	0	0	0	1	0	0	0	0	1	0	1	0	0	0	1	0	1	1	0	1	S
NMDC20584196	0	0	0	1	0	0	0	0	1	0	1	0	0	0	1	0	1	1	0	1	S
NMDC20557348	0	0	0	1	0	0	0	0	1	0	1	0	0	0	1	0	1	1	0	1	S
NMDC20551333	0	0	0	1	0	0	0	0	1	0	1	0	0	0	1	0	1	1	0	1	S
NMDC20551334	0	0	0	1	0	0	0	0	1	0	1	0	0	0	1	0	1	1	0	0	S
NMDC20557349	0	0	0	1	0	0	0	0	1	0	1	0	0	0	1	0	1	1	0	1	S
NMDC20584198	0	0	0	1	0	0	0	0	1	0	1	0	0	0	1	0	1	1	0	1	S
NMDC20553357	0	0	0	1	0	0	0	0	1	0	1	0	0	0	1	0	1	1	0	0	S
NMDC20551335	0	0	0	1	0	0	0	0	1	0	1	0	0	0	1	0	1	1	0	1	S
NMDC20584199	1	1	1	0	1	0	0	0	1	1	0	1	1	0	0	0	1	0	1	0	S
NMDC20555352	0	0	0	1	0	0	0	0	1	0	1	0	0	0	1	0	1	0	0	0	S
NMDC20557350	1	1	1	0	1	0	0	0	1	1	0	1	1	0	0	0	1	0	1	0	S
NMDC20555354	0	0	0	1	0	0	1	0	1	0	1	0	0	0	1	0	1	1	0	1	S
NMDC20553358	0	0	0	1	0	0	0	0	1	0	1	0	0	0	1	0	1	1	0	1	S
NMDC20553359	0	0	0	1	0	0	0	0	1	0	1	0	0	0	0	0	1	0	0	0	S
NMDC20551337	0	0	0	1	0	0	0	0	1	0	1	0	0	0	1	0	1	1	0	1	S
NMDC20584200	0	0	0	1	0	0	0	0	1	0	1	0	0	0	1	0	1	0	0	0	S
NMDC20584201	0	0	0	1	0	0	0	0	1	0	1	0	0	0	1	0	1	0	0	0	S
NMDC20555359	0	0	0	1	0	0	0	0	1	0	1	0	0	0	1	0	1	1	0	1	S
NMDC20555356	1	1	1	0	1	0	0	0	1	1	0	1	1	0	0	0	1	0	1	0	S
NMDC20555357	0	0	0	1	0	0	0	0	1	0	1	0	0	0	1	0	1	1	0	1	S
NMDC20555358	0	0	0	1	0	0	0	0	1	0	1	0	0	0	1	0	1	1	0	1	S
NMDC20557351	0	0	0	1	0	0	0	0	1	0	1	0	0	0	1	0	1	1	0	1	S
NMDC20557352	0	0	0	1	0	0	0	0	1	0	1	0	0	0	1	0	1	1	0	1	S
NMDC20557353	0	0	0	1	0	0	0	0	1	0	1	0	0	0	1	0	1	1	0	1	S
NMDC20557355	0	0	0	1	0	0	0	0	1	0	1	1	0	0	0	0	1	1	0	0	S
NMDC20553362	0	0	0	1	0	0	0	0	1	0	1	0	0	0	0	0	1	0	0	0	S
NMDC20557354	0	0	0	1	0	0	0	0	1	0	1	0	0	0	0	0	1	0	0	0	S
NMDC20555360	0	0	0	1	0	0	0	0	1	0	1	0	0	0	1	0	1	1	0	1	S
NMDC20555361	0	0	0	1	0	0	0	0	1	0	1	0	0	0	1	0	1	1	0	1	S
NMDC20584202	0	0	0	1	0	0	0	0	1	0	1	0	0	0	1	0	1	1	0	1	S
NMDC20584203	1	1	1	0	1	0	0	0	1	1	0	1	1	0	0	0	1	0	1	0	S
NMDC20551339	0	0	0	1	0	0	0	0	1	1	0	0	1	0	0	0	1	1	0	0	S
NMDC20555362	0	0	0	1	0	0	0	0	1	0	1	0	1	0	1	0	1	0	0	0	S
NMDC20557356	0	0	0	1	0	0	1	0	1	0	1	0	0	0	1	1	1	1	0	1	S
NMDC20584204	0	0	0	1	0	0	0	0	1	0	1	1	0	0	0	0	1	0	0	0	S
NMDC20553364	0	0	0	1	0	0	0	0	1	0	1	0	0	0	1	0	1	1	0	1	S
NMDC20584205	0	0	0	1	0	0	0	0	1	0	1	0	1	0	1	0	1	0	0	0	S
NMDC20584206	0	0	0	1	0	0	0	0	1	0	1	0	0	0	0	0	1	0	0	0	S
NMDC20553365	0	0	0	1	0	0	0	0	1	0	1	0	0	0	1	0	1	1	0	1	S
NMDC20584207	0	0	0	1	0	0	0	0	1	0	1	0	0	0	1	0	1	1	0	1	S
NMDC20555364	0	0	0	1	0	0	0	0	1	0	1	0	0	0	1	0	1	1	0	1	S
NMDC20584208	0	0	0	1	0	0	0	0	1	0	1	0	0	0	1	0	1	1	0	1	S
NMDC20555365	0	0	0	1	0	0	0	0	1	0	1	0	0	0	1	0	1	1	0	1	S
NMDC20557359	0	0	0	1	0	0	0	0	1	0	1	0	0	0	1	0	1	1	0	1	S
NMDC20551340	0	0	0	1	0	0	0	0	1	0	1	0	0	0	1	0	1	1	0	1	S
NMDC20557360	0	0	0	1	0	0	0	0	1	0	1	0	0	0	1	0	1	0	0	0	S
NMDC20557361	0	0	0	1	0	0	0	0	1	0	1	0	0	0	1	0	1	0	0	0	S
NMDC20584209	1	1	1	0	1	0	0	0	1	1	0	1	1	0	0	0	1	0	1	0	S
NMDC20584210	0	0	0	1	0	0	0	0	1	0	1	0	0	0	1	0	1	1	0	1	S
NMDC20553366	0	0	0	1	0	0	0	0	1	0	1	0	0	0	1	0	1	1	0	1	S
NMDC20584212	0	0	0	1	0	0	0	0	1	0	1	0	1	0	1	0	1	0	0	0	S
NMDC20551343	0	0	0	1	0	0	0	0	1	0	1	0	0	0	1	0	1	1	0	1	S
NMDC20584213	0	0	0	1	0	0	0	0	1	0	1	0	0	0	1	0	1	1	0	1	S
NMDC20553367	0	0	0	1	0	0	0	0	1	0	1	0	0	0	1	0	1	1	0	1	S
NMDC20555367	0	0	0	1	0	0	0	0	1	0	1	0	0	0	1	0	1	1	0	1	S
NMDC20584214	0	0	0	1	0	0	0	0	1	0	1	0	0	0	1	0	1	1	0	1	S
NMDC20557362	0	0	0	1	0	0	0	0	1	0	1	0	1	0	1	0	1	0	0	0	S
NMDC20553368	0	0	0	1	0	0	0	0	1	0	1	0	0	0	1	0	1	1	0	1	S
NMDC20551344	0	0	0	1	0	0	0	0	1	0	1	0	0	0	1	0	1	1	0	1	S
NMDC20584215	0	0	0	1	0	0	0	0	1	0	1	0	0	0	1	0	1	1	0	1	S
NMDC20553369	0	0	0	1	0	0	0	0	1	0	1	0	1	0	1	0	1	0	0	0	S
NMDC20555368	0	0	0	1	0	0	0	0	1	0	1	1	1	0	0	0	1	0	0	1	S
NMDC20557364	0	0	0	1	0	0	0	0	1	0	1	1	0	0	0	0	1	0	0	0	S
NMDC20584217	0	0	0	1	0	0	0	0	1	0	1	0	0	0	1	0	1	1	0	1	S
NMDC20584218	0	0	0	1	0	0	0	0	1	0	0	1	0	0	0	0	1	0	0	1	S
NMDC20551346	0	0	0	1	0	0	0	0	1	0	1	0	0	0	1	0	1	1	0	1	S
NMDC20557367	0	0	0	1	0	0	0	0	1	0	1	0	0	0	1	0	1	1	0	1	S
NMDC20557368	0	0	0	1	0	0	0	0	1	0	1	0	0	0	1	0	1	0	0	0	S
NMDC20553375	0	0	0	1	0	0	0	0	1	0	1	0	0	0	1	0	1	0	0	0	S
NMDC20557369	1	1	1	0	1	0	0	0	1	1	0	1	1	0	0	0	1	0	1	0	S
NMDC20553372	0	0	0	1	0	0	0	0	1	0	1	0	0	0	1	0	1	1	0	1	S
NMDC20557370	0	0	0	1	0	0	0	0	1	0	1	0	0	0	1	0	1	1	0	1	S
NMDC20553371	0	0	0	1	0	0	0	0	1	0	1	0	0	0	1	0	1	1	0	1	S
NMDC20584220	0	0	0	1	0	0	0	0	1	0	1	0	0	0	1	0	1	1	0	1	S
NMDC20584221	0	0	0	1	0	0	0	0	1	0	1	0	0	0	1	0	1	1	0	1	S
NMDC20584223	0	0	0	1	0	0	0	0	1	0	1	0	0	0	1	0	1	1	0	1	S
NMDC20555371	0	0	0	1	0	0	0	0	1	0	1	0	0	0	1	0	1	1	0	1	S
NMDC20553373	0	0	0	1	0	0	0	0	1	0	1	0	1	0	1	0	1	0	0	0	S
NMDC20584224	0	0	0	1	0	0	0	0	1	0	1	0	1	0	1	0	1	0	0	0	S
NMDC20551348	1	1	1	0	1	0	0	0	1	1	0	1	1	0	0	0	1	0	1	0	S
NMDC20557371	0	0	0	1	0	0	0	0	1	1	0	0	1	0	0	0	1	1	0	0	S
NMDC20584225	1	1	1	0	1	0	0	0	1	1	0	1	1	0	0	0	1	0	1	0	S
NMDC20584227	0	0	0	1	0	0	0	0	1	0	1	0	0	0	1	0	1	1	0	1	S
NMDC20555373	0	0	0	1	0	0	0	0	1	0	1	0	0	0	1	0	1	1	0	1	S
NMDC20553374	0	0	0	1	0	0	0	0	1	0	1	0	1	0	1	0	1	0	0	0	S
NMDC20557372	0	0	0	1	0	0	0	0	1	0	1	1	0	0	0	0	1	1	0	0	S
NMDC20551349	0	0	0	1	0	0	0	0	1	0	1	0	0	0	1	0	1	1	0	1	S
NMDC20555374	0	0	0	1	0	0	0	0	1	0	1	0	1	0	1	0	1	0	0	0	S
NMDC20551350	0	0	0	1	0	0	0	0	1	0	1	0	0	0	1	0	1	1	0	1	S
NMDC20557373	0	0	0	1	0	0	0	0	1	0	1	0	0	0	1	0	1	1	0	1	S
NMDC20584229	0	0	0	1	0	0	0	0	1	0	1	0	0	0	1	0	1	1	0	1	S
NMDC20557374	0	0	0	1	0	0	0	0	1	0	1	0	0	0	1	0	1	1	0	1	S
NMDC20555375	0	0	0	1	0	0	0	0	1	0	1	0	0	0	1	0	1	1	0	1	S
NMDC20584230	0	0	0	1	0	0	0	0	1	0	1	0	0	0	1	0	1	1	0	1	S
NMDC20553376	0	0	0	1	0	0	0	0	1	0	1	0	1	0	0	0	1	0	0	1	S
NMDC20551352	0	0	0	1	0	0	0	0	1	0	1	0	0	0	0	0	1	0	0	0	S
NMDC20557375	0	0	0	1	0	0	0	0	1	0	1	0	0	0	1	0	1	1	0	1	S
NMDC20584231	0	0	0	1	0	0	0	0	1	0	1	0	0	0	1	0	1	1	0	1	S
NMDC20584232	0	0	0	0	0	0	0	0	1	0	1	1	0	0	0	0	1	0	0	0	S
NMDC20584233	0	0	0	1	0	0	0	0	1	0	1	0	0	0	1	0	1	1	0	1	S
NMDC20584234	0	0	0	1	0	0	0	0	1	0	0	1	0	0	0	0	0	0	0	0	S
NMDC20553377	0	0	0	1	0	0	0	0	1	0	1	0	0	0	1	0	1	1	0	1	S
NMDC20551353	0	0	0	1	0	0	0	0	1	0	1	0	0	0	1	0	1	1	0	1	S
NMDC20553379	0	0	0	1	0	0	0	0	1	0	1	0	0	0	0	0	1	0	0	0	S
NMDC20551354	0	0	0	1	0	0	0	0	1	0	1	0	1	0	0	0	1	0	0	1	S
NMDC20584237	0	0	0	1	0	0	0	0	1	0	1	0	0	0	0	0	1	0	0	0	S
NMDC20584239	0	0	0	1	0	0	0	0	1	0	1	1	0	0	0	0	1	0	0	0	S
NMDC20553380	0	0	0	0	0	0	0	0	1	0	1	1	0	0	0	0	1	0	0	0	S
NMDC20557376	0	0	0	1	0	0	0	0	1	0	1	0	1	0	1	0	1	0	0	0	S
NMDC20553381	0	0	0	1	0	0	0	0	1	0	0	0	1	0	0	0	0	0	0	1	S
NMDC20553382	0	0	0	1	0	0	0	0	1	0	1	0	1	0	1	0	1	0	0	0	S
NMDC20557377	0	0	0	1	0	0	0	0	1	0	1	1	0	0	0	0	1	1	0	0	S
NMDC20555376	0	0	0	1	0	0	0	0	1	0	1	0	0	0	1	0	1	1	0	1	S
NMDC20557378	0	0	0	1	0	0	0	0	1	0	1	0	1	0	1	0	1	0	0	0	S
NMDC20555380	0	0	0	1	0	0	0	0	1	0	1	1	1	0	0	0	1	0	0	0	S
NMDC20584241	0	0	0	1	0	0	0	0	1	0	1	0	0	0	1	0	1	1	0	1	S
NMDC20553383	0	0	0	1	0	0	0	0	1	0	1	0	0	0	1	0	1	1	0	1	S
NMDC20553384	0	0	0	1	0	0	0	0	1	0	1	0	0	0	0	0	1	0	0	0	S
NMDC20584243	0	0	0	1	0	0	0	0	1	0	1	0	0	0	1	0	1	1	0	1	S
NMDC20555377	0	0	0	1	0	0	0	0	1	0	1	0	0	0	1	0	1	1	0	1	S
NMDC20555378	0	0	0	1	0	0	0	0	1	1	0	0	1	0	1	0	1	1	0	0	S
NMDC20557380	0	0	0	1	0	0	0	0	1	0	1	0	0	0	1	0	1	1	0	1	S
NMDC20553385	0	0	0	1	0	0	0	0	1	0	1	0	0	0	1	0	1	1	0	1	S
NMDC20584245	0	0	0	1	0	0	0	0	1	0	1	0	0	0	1	0	1	0	0	0	S
NMDC20584246	0	0	0	1	0	0	0	0	1	0	1	0	0	0	1	0	1	1	0	1	S
NMDC20551356	0	0	0	1	0	0	0	0	1	0	1	0	0	0	1	0	1	1	0	1	S
NMDC20553387	0	0	0	1	0	0	0	0	1	0	1	0	0	0	1	0	1	1	0	1	S
NMDC20584248	0	0	0	1	0	0	0	0	1	0	1	0	0	0	0	0	1	0	0	1	S
NMDC20551357	0	0	0	1	0	0	0	0	1	0	1	0	0	0	1	0	1	1	0	1	S
NMDC20551358	0	0	0	1	0	0	0	0	1	0	1	0	0	0	1	0	1	1	0	1	S
NMDC20555382	0	0	0	1	0	0	0	0	1	0	1	0	0	0	1	0	1	1	0	1	S
NMDC20553389	0	0	0	1	0	0	0	0	1	0	1	0	0	0	1	0	1	1	0	1	S
NMDC20553390	0	0	0	1	0	0	0	0	1	0	1	0	0	0	1	0	1	1	0	1	S
NMDC20584250	0	0	0	0	0	0	0	0	1	0	1	0	0	0	1	0	1	1	0	0	S
NMDC20584251	0	0	0	1	0	0	0	0	1	0	1	0	1	0	1	0	1	0	0	0	S
NMDC20551360	0	0	0	1	0	0	0	0	1	0	1	0	0	0	1	0	1	1	0	1	S
NMDC20557381	0	0	0	1	0	0	0	0	1	0	1	0	0	0	1	0	1	1	0	1	S
NMDC20557383	0	0	0	1	0	0	0	0	1	0	1	0	0	0	1	0	1	1	0	1	S
NMDC20584254	0	0	0	1	0	0	0	0	1	0	1	0	0	0	1	0	1	1	0	1	S
NMDC20584256	0	0	0	1	0	0	0	0	1	0	1	0	0	0	1	0	1	1	0	1	S
NMDC20555384	0	0	0	1	0	0	0	0	1	0	1	0	1	0	1	0	1	0	0	0	S
NMDC20584257	1	1	1	0	1	0	0	0	1	1	0	1	1	0	0	0	1	0	1	0	S
NMDC20584258	0	0	0	1	0	0	0	0	1	0	1	0	0	0	1	0	1	0	0	0	S
NMDC20584259	0	0	0	1	0	0	0	0	1	0	1	0	1	0	1	0	1	0	0	0	S
NMDC20553392	0	0	0	1	0	0	0	0	1	0	1	0	0	0	1	0	1	1	0	1	S
NMDC20553393	0	0	0	1	0	0	0	0	1	0	1	0	0	0	1	0	1	1	0	1	S
NMDC20551361	0	0	0	1	0	0	0	0	1	0	1	0	0	0	1	0	1	1	0	1	S
NMDC20557385	1	1	1	0	1	0	0	0	1	1	0	1	1	0	0	0	1	0	1	0	S
NMDC20553394	0	0	0	1	0	0	0	0	1	0	1	0	0	0	0	1	1	0	0	0	S
NMDC20551362	1	1	1	0	1	0	0	0	1	1	0	1	1	0	0	0	1	0	1	0	S
NMDC20555386	0	0	0	1	0	0	0	0	1	0	1	0	0	0	1	0	1	1	0	1	S
NMDC20584260	1	1	1	0	1	0	0	0	1	1	0	1	1	0	0	0	1	0	1	0	S
NMDC20557387	0	0	0	1	0	0	0	0	1	0	1	0	0	0	1	0	1	1	0	1	S
NMDC20551363	0	0	0	1	0	0	0	0	1	0	1	0	0	0	1	0	1	1	0	1	S
NMDC20584261	0	0	0	1	0	0	0	0	1	0	1	0	0	0	1	0	1	1	0	1	S
NMDC20584262	0	0	0	1	0	0	0	0	1	0	1	1	0	0	0	0	1	0	0	1	S
NMDC20557388	0	0	0	1	0	0	0	0	1	0	1	0	0	0	1	0	1	1	0	1	S
NMDC20551364	0	0	0	1	0	0	0	0	1	0	1	1	0	0	0	0	1	0	0	0	S
NMDC20557389	0	0	0	1	0	0	0	0	1	0	1	0	0	0	1	0	1	1	0	1	S
NMDC20584263	0	0	0	1	0	0	0	0	1	0	1	0	0	0	1	0	1	0	0	0	S
NMDC20551365	1	1	1	0	1	0	0	0	1	1	0	1	1	0	0	0	1	0	1	0	S
NMDC20555387	0	0	0	1	0	0	0	0	1	0	1	0	0	0	1	0	1	1	0	1	S
NMDC20584264	0	0	0	1	0	0	0	0	1	0	1	0	0	0	1	0	1	1	0	1	S
NMDC20557391	0	0	0	1	0	0	0	0	1	0	1	0	0	0	1	0	1	1	0	1	S
NMDC20553396	0	0	0	1	0	0	0	0	1	0	1	0	0	0	0	0	1	0	0	0	S
NMDC20584265	0	0	0	1	0	0	0	0	1	0	0	0	0	0	1	0	0	1	0	1	S
NMDC20551366	0	0	0	1	0	0	0	0	1	0	1	0	0	0	1	0	1	1	0	1	S
NMDC20584266	0	0	0	1	0	1	1	0	1	0	1	0	0	0	1	0	1	1	0	1	S
NMDC20557393	0	0	0	1	0	0	0	0	1	0	1	1	0	0	0	0	1	1	0	0	S
NMDC20555388	1	1	1	0	1	0	0	0	1	1	0	1	1	0	0	0	1	0	1	0	S
NMDC20584267	0	0	0	1	0	0	0	0	1	0	1	0	1	0	1	0	1	1	0	0	S
NMDC20551367	0	0	0	1	0	0	0	0	1	0	1	0	0	0	1	0	1	1	0	1	S
NMDC20555390	0	0	0	1	0	0	0	0	1	0	1	0	0	0	1	0	1	1	0	1	S
NMDC20584269	0	0	0	1	0	0	0	0	1	0	1	0	0	0	1	0	1	1	0	1	S
NMDC20557394	0	0	0	1	0	0	0	0	1	0	1	0	0	0	1	0	1	1	0	1	S
NMDC20584270	0	0	0	1	0	0	0	0	1	0	1	1	0	0	0	0	1	0	0	1	S
NMDC20555393	0	0	0	1	0	0	0	0	1	0	1	1	0	0	0	0	1	1	0	0	S
NMDC20555391	0	0	0	1	0	0	0	0	1	0	1	0	0	0	1	0	1	0	0	0	S
NMDC20584271	0	0	0	1	0	0	0	0	1	0	1	0	1	0	0	0	1	0	0	1	S
NMDC20553397	0	0	0	1	0	0	0	0	1	0	1	0	0	0	1	0	1	1	0	1	S
NMDC20553399	0	0	0	1	0	0	0	0	1	0	1	1	0	0	0	0	1	0	0	0	S
NMDC20555392	0	0	0	0	0	0	0	0	1	0	1	1	0	0	0	1	1	0	0	0	S
NMDC20584272	0	0	0	1	0	0	0	0	1	0	1	1	0	0	0	0	1	1	0	0	S
NMDC20551369	0	0	0	1	0	0	0	0	1	0	1	0	0	0	1	0	1	1	0	1	S
NMDC20555394	0	0	0	1	0	0	0	0	1	0	1	0	0	0	1	0	1	1	0	1	S
NMDC20557395	1	1	1	0	1	0	0	0	1	1	0	1	1	0	0	0	1	0	1	0	S
NMDC20555395	0	0	0	1	0	0	0	0	1	0	1	1	0	0	0	0	1	0	0	0	S
NMDC20557396	0	0	0	1	0	0	0	0	1	0	1	0	0	0	0	0	1	0	0	1	S
NMDC20584273	0	0	0	1	0	0	0	0	1	0	1	0	0	0	1	0	1	1	0	1	S
NMDC20553400	0	0	0	1	0	0	0	0	1	0	1	0	1	0	1	0	1	0	0	0	S
NMDC20551373	0	0	0	1	0	0	0	0	1	1	0	0	0	0	1	0	1	0	0	0	S
NMDC20557397	0	0	0	1	0	0	0	0	1	0	1	0	0	0	1	0	1	1	0	1	S
NMDC20551371	0	0	0	1	0	0	0	0	1	0	1	0	0	0	0	0	1	0	0	0	S
NMDC20584274	0	0	0	1	0	0	0	0	1	0	1	0	0	0	1	0	1	1	0	1	S
NMDC20551372	0	0	0	1	0	0	0	0	1	0	1	0	0	0	1	0	1	1	0	1	S
NMDC20557398	0	0	0	1	0	0	0	0	1	0	0	1	0	0	0	0	1	0	0	1	S
NMDC20584277	0	0	0	1	0	0	0	0	1	0	1	1	1	0	0	0	1	0	0	1	S
NMDC20584278	0	0	0	1	0	0	0	0	1	0	1	1	0	0	0	0	1	1	0	0	S
NMDC20584279	0	0	0	1	0	0	0	0	1	0	1	0	0	0	1	0	1	0	0	0	S
NMDC20584282	0	0	0	1	0	0	0	0	1	0	1	0	0	0	1	0	1	1	0	1	S
NMDC20584284	0	0	0	1	0	0	0	0	1	0	1	0	0	0	1	0	1	1	0	1	S
NMDC20551374	0	0	0	1	0	0	0	0	1	0	1	0	0	0	1	0	1	1	0	1	S
NMDC20553402	0	0	0	1	0	0	0	0	1	0	1	0	0	0	1	0	1	1	0	1	S
NMDC20584286	0	0	0	1	1	0	0	0	1	0	1	1	0	0	0	1	1	0	0	0	S
NMDC20584287	1	1	1	0	1	0	0	0	1	1	0	1	1	0	0	0	1	0	1	0	S
NMDC20584290	0	0	0	1	0	0	0	0	1	0	1	0	0	0	1	0	1	1	0	1	S
NMDC20584291	0	0	0	1	0	0	0	0	1	0	1	0	0	0	1	0	1	1	0	1	S
NMDC20555397	0	0	0	1	0	0	0	0	1	0	1	0	0	0	0	0	1	0	0	0	S
NMDC20557447	0	0	0	1	0	0	0	0	1	0	1	0	0	0	1	0	1	1	0	1	S
NMDC20555424	0	0	0	1	0	0	0	0	1	0	1	0	0	0	1	0	1	1	0	0	S
NMDC20553435	0	0	0	1	0	0	0	0	1	0	1	0	0	0	1	0	1	0	0	0	S
NMDC20584379	0	0	0	1	0	0	0	0	1	0	1	1	0	0	0	0	1	0	0	0	S
NMDC20555425	0	0	0	1	0	0	0	0	1	0	0	1	0	0	0	0	0	0	0	0	S
NMDC20551402	1	1	1	0	1	0	0	0	1	1	0	1	1	0	0	0	1	0	1	0	S
NMDC20553437	0	0	0	1	0	0	0	0	1	0	1	0	0	0	1	0	1	0	0	0	S
NMDC20557443	0	0	0	1	0	0	0	0	1	0	1	0	0	0	1	0	1	1	0	1	S
NMDC20584381	0	0	0	1	0	0	0	0	1	0	1	0	0	0	1	0	1	1	0	1	S
NMDC20584382	0	0	0	1	0	0	0	0	1	0	1	0	0	0	0	1	1	0	0	0	S
NMDC20555427	0	0	0	1	0	0	0	0	1	0	0	1	0	0	0	0	0	0	0	0	S
NMDC20551405	0	0	0	1	0	0	0	0	1	0	1	0	0	0	1	0	1	1	0	1	S
NMDC20555428	0	0	0	1	0	0	0	0	1	0	1	0	1	0	0	0	1	0	0	0	S
NMDC20584384	0	0	0	1	0	0	0	0	1	0	1	0	0	0	1	0	1	1	0	1	S
NMDC20584389	1	1	1	0	1	0	0	0	1	1	0	1	1	0	0	0	1	0	1	0	S
NMDC20584390	0	0	0	1	0	0	0	0	1	0	1	0	0	0	1	1	1	0	0	1	S
NMDC20555430	0	0	0	1	0	0	0	0	1	0	1	1	0	0	0	0	1	0	0	0	S
NMDC20584391	0	0	0	1	0	0	0	0	1	0	1	1	0	0	0	0	1	0	0	0	S
NMDC20584392	0	0	0	1	0	0	0	0	1	0	1	1	0	0	0	0	1	1	0	0	S
NMDC20557448	1	1	1	0	1	0	0	0	1	1	0	1	1	0	0	0	1	0	1	0	S
NMDC20584393	0	0	0	1	0	0	0	0	1	0	1	0	0	0	1	0	1	0	0	0	S
NMDC20557449	0	0	0	1	0	0	0	0	1	0	1	0	0	0	1	0	1	1	0	0	S
NMDC20584394	0	0	0	1	0	0	0	0	1	0	1	0	0	0	1	0	1	1	0	1	S
NMDC20557451	1	1	1	0	1	0	0	0	1	1	0	1	1	0	0	0	1	0	1	0	S
NMDC20584398	0	0	0	1	0	1	1	0	1	0	1	0	0	0	1	0	1	1	0	1	S
NMDC20557452	0	0	0	1	0	0	0	0	1	0	1	0	0	0	1	0	1	1	0	1	S
NMDC20584399	0	0	0	1	0	0	0	0	1	0	1	0	0	0	1	0	1	1	0	1	S
NMDC20551411	0	0	0	1	0	0	0	0	1	0	1	0	0	0	1	0	1	1	0	1	S
NMDC20584400	0	0	0	1	0	0	0	0	1	0	1	0	0	0	0	0	1	0	0	0	S
NMDC20551412	1	1	1	0	1	0	0	0	1	1	0	1	1	0	0	0	1	0	1	0	S
NMDC20551413	0	0	0	1	0	0	0	0	1	0	1	0	1	0	0	0	1	0	0	1	S
NMDC20555434	0	0	0	1	0	0	0	0	1	0	1	0	0	0	1	0	1	1	0	1	S
NMDC20555437	0	0	0	1	0	0	0	0	1	0	0	1	0	0	0	0	0	0	0	0	S
NMDC20551415	1	1	1	0	1	0	0	0	1	1	0	1	1	0	0	0	1	0	1	0	S
NMDC20551416	0	0	0	1	0	0	0	0	1	0	1	0	0	0	1	0	1	1	0	1	S
NMDC20584407	0	0	0	1	0	0	0	0	1	0	1	0	0	0	1	0	1	1	0	1	S
NMDC20584408	0	0	0	1	0	0	0	0	1	0	1	0	0	0	1	0	1	1	0	1	S
NMDC20557455	0	0	0	1	0	0	0	0	1	0	1	0	0	0	1	0	1	1	0	0	S
NMDC20557458	1	1	1	0	1	0	0	0	1	1	0	1	1	0	0	0	1	0	1	0	S
NMDC20584411	0	0	0	1	0	0	0	0	1	0	1	0	1	0	1	0	1	0	0	0	S
NMDC20555438	0	0	0	1	0	0	0	0	1	0	1	0	0	0	1	1	1	0	0	1	S
NMDC20557457	0	0	0	1	0	0	0	0	1	0	1	0	0	0	0	1	1	0	0	0	S
NMDC20584415	0	0	0	1	0	0	0	0	1	0	1	0	0	0	1	0	1	1	0	1	S
NMDC20584417	0	0	0	1	0	0	0	0	1	0	1	0	0	0	1	0	1	1	0	1	S
NMDC20584418	0	0	0	1	0	0	0	0	1	0	1	1	0	0	0	0	1	0	0	0	S
NMDC20584419	0	0	0	1	0	0	0	0	1	0	0	1	0	0	0	0	1	0	0	1	S
NMDC20584420	0	0	0	1	0	0	0	0	1	0	1	0	0	0	1	0	1	1	0	1	S
NMDC20584421	0	0	0	1	1	0	0	0	1	0	1	0	0	0	1	0	1	1	0	0	S
NMDC20553447	0	0	0	1	0	0	0	0	1	0	1	0	0	0	1	0	1	0	0	0	S
NMDC20584424	1	1	1	0	1	0	0	0	1	1	0	1	1	0	0	0	1	0	1	0	S
NMDC20584425	0	0	0	1	0	0	0	0	1	0	1	0	0	0	1	0	1	1	0	1	S
NMDC20557460	0	0	0	1	0	0	0	0	1	0	1	0	0	0	1	0	1	1	0	0	S
NMDC20553449	0	0	0	1	0	0	0	0	1	0	1	0	0	0	1	1	1	1	0	1	S
NMDC20553450	0	0	0	1	0	0	0	0	1	0	1	0	0	0	1	0	1	1	0	1	S
NMDC20584426	0	0	0	1	0	0	0	0	1	0	1	0	0	0	1	0	1	1	0	1	S
NMDC20553451	0	0	0	1	0	0	0	0	1	0	1	0	0	0	1	0	1	1	0	1	S
NMDC20551418	0	0	0	1	0	0	0	0	1	0	1	0	0	0	1	0	1	1	0	1	S
NMDC20557462	0	0	0	1	0	0	0	0	1	0	1	0	0	0	1	0	1	1	0	1	S
NMDC20555467	0	0	0	1	0	0	0	0	1	0	1	0	0	0	1	0	1	1	0	1	S
NMDC20551432	1	1	1	0	1	0	0	0	1	1	0	1	1	0	0	0	1	0	1	0	S
NMDC20557474	0	0	0	1	0	0	0	0	1	0	1	0	0	0	1	0	1	1	0	1	S
NMDC20584972	1	1	1	0	1	0	0	0	1	1	0	1	1	0	0	0	1	0	1	0	S
NMDC20555466	1	1	1	0	1	0	0	0	1	1	0	1	1	0	0	0	1	0	1	0	S
NMDC20557475	1	1	1	0	1	0	0	0	1	1	0	1	1	0	0	0	1	0	1	0	S
NMDC20557476	0	0	0	1	0	0	0	0	1	0	1	0	0	0	0	0	1	0	0	0	S
NMDC20555468	0	0	0	1	0	0	0	0	1	0	1	0	0	0	1	0	1	1	0	1	S
NMDC20553473	1	1	1	0	1	0	0	0	1	1	0	1	1	0	0	0	1	0	1	0	S
NMDC20584975	1	1	1	0	1	0	0	0	1	1	0	1	1	0	0	0	1	0	1	0	S
NMDC20584977	0	0	0	1	0	0	0	0	1	0	1	0	0	0	1	0	1	1	0	1	S
NMDC20555469	1	1	1	0	1	0	0	0	1	1	0	1	1	0	0	0	1	0	1	0	S
NMDC20584978	1	1	1	0	1	0	0	0	1	1	0	1	1	0	0	0	1	0	1	0	S
NMDC20551433	1	1	1	0	1	0	0	0	1	1	0	1	1	0	0	0	1	0	1	0	S
NMDC20551434	1	1	1	0	1	0	0	0	1	1	0	1	1	0	0	0	1	0	1	0	S
NMDC20555470	0	0	0	1	0	0	0	0	1	0	1	0	1	0	1	0	1	0	0	0	S
NMDC20584980	1	1	1	0	1	0	0	0	1	1	0	1	1	0	0	0	1	0	1	0	S
NMDC20553474	0	0	0	1	0	0	0	0	1	0	1	0	0	0	1	0	1	1	0	1	S
NMDC20584981	0	0	0	1	0	0	0	0	1	0	1	0	1	0	1	0	1	0	0	0	S
NMDC20584982	0	0	0	1	0	0	0	0	1	0	1	0	0	0	1	0	1	1	0	1	S
NMDC20557478	1	1	1	0	1	0	0	0	1	1	0	1	1	0	0	0	1	0	1	0	S
NMDC20557479	1	1	1	0	1	0	0	0	1	1	0	1	1	0	0	0	1	0	1	0	S
NMDC20553475	0	0	0	1	0	0	1	0	1	0	1	0	0	0	1	0	1	1	0	1	S
NMDC20557480	0	0	0	1	0	0	0	0	1	0	1	0	1	0	1	0	1	0	0	0	S
NMDC20557481	1	1	1	0	1	0	0	0	1	1	0	1	1	0	0	0	1	0	1	0	S
NMDC20553476	1	1	1	0	1	0	0	0	1	1	0	1	1	0	0	0	1	0	1	0	S
NMDC20553477	1	1	1	0	1	0	0	0	1	1	0	1	1	0	0	0	1	0	1	0	S
NMDC20555471	0	0	0	1	0	0	0	0	1	0	1	0	0	0	1	0	1	1	0	1	S
NMDC20555472	0	0	0	1	0	0	0	0	1	0	1	0	0	0	1	0	1	1	0	1	S
NMDC20585122	0	0	0	1	0	0	0	0	1	0	1	0	0	0	1	0	1	1	0	1	S
NMDC20585123	0	0	0	1	0	0	0	0	1	0	1	0	0	0	1	0	1	1	0	1	S
NMDC20557537	0	0	0	1	0	0	0	0	1	0	1	0	0	0	1	0	1	1	0	1	S
NMDC20585124	0	0	0	1	0	0	0	0	1	0	1	0	1	0	1	0	1	0	0	0	S
NMDC20585125	0	0	0	1	0	0	0	0	1	0	1	0	0	0	1	0	1	1	0	1	S
NMDC20553517	0	0	0	1	0	0	0	0	1	0	1	0	0	0	1	0	1	1	0	1	S
NMDC20585126	0	0	0	1	0	0	0	0	1	0	1	0	0	0	1	0	1	0	0	0	S
NMDC20555505	0	0	0	1	0	0	0	0	1	0	1	1	0	0	0	0	1	0	0	1	S
NMDC20551471	0	0	0	1	0	0	0	0	1	0	1	0	0	0	1	0	1	1	0	1	S
NMDC20553519	0	0	0	1	0	0	0	0	1	0	1	0	0	0	1	0	1	1	0	1	S
NMDC20585127	0	0	0	1	0	0	0	0	1	0	1	0	0	0	1	0	1	1	0	1	S
NMDC20555506	0	0	0	1	0	0	0	0	1	0	1	0	0	0	1	0	1	1	0	1	S
NMDC20585128	0	0	0	1	0	0	0	0	1	0	1	0	1	0	1	0	1	0	0	0	S
NMDC20551472	0	0	0	1	0	0	0	0	1	0	1	0	0	0	1	0	1	1	0	1	S
NMDC20553520	0	0	0	1	0	0	0	0	1	0	1	0	0	0	1	0	1	1	0	1	S
NMDC20557538	0	0	0	1	0	0	0	0	1	0	1	0	0	0	1	0	1	1	0	1	S
NMDC20555507	0	0	0	1	0	0	0	0	1	0	1	0	0	0	1	0	1	1	0	1	S
NMDC20557539	0	0	0	1	0	0	0	0	1	0	1	0	0	0	1	0	1	1	0	1	S
NMDC20585129	0	0	0	1	0	0	0	0	1	0	1	0	0	0	1	0	1	1	0	1	S
NMDC20555508	0	0	0	1	0	0	0	0	1	0	1	0	1	0	1	0	1	0	0	0	S
NMDC20555510	0	0	0	1	0	0	0	0	1	0	1	0	0	0	1	0	1	1	0	1	S
NMDC20551473	0	0	0	1	0	0	0	0	1	0	1	0	0	0	1	0	1	1	0	1	S
NMDC20585130	0	0	0	1	0	0	0	0	1	0	1	0	0	0	1	0	1	1	0	1	S
NMDC20553522	0	0	0	1	0	0	0	0	1	0	1	0	0	0	1	0	1	1	0	1	S
NMDC20585131	0	0	0	1	0	0	0	0	1	0	1	0	0	0	1	0	1	1	0	1	S
NMDC20551474	0	0	0	1	0	0	0	0	1	0	1	0	0	0	0	0	1	0	0	0	S
NMDC20557540	0	0	0	1	0	0	0	0	1	0	1	0	0	0	1	0	1	1	0	1	S
NMDC20585132	0	0	0	1	0	0	0	0	1	0	1	0	0	0	1	0	1	1	0	1	S
NMDC20557542	0	0	0	1	0	0	0	0	1	0	1	0	0	0	1	0	1	1	0	1	S
NMDC20585133	0	0	0	1	0	0	0	0	1	0	1	0	0	0	1	0	1	1	0	1	S
NMDC20555511	0	0	0	1	0	0	0	0	1	0	1	0	0	0	0	0	1	0	0	1	S
NMDC20553524	0	0	0	1	0	0	0	0	1	0	1	0	0	0	1	0	1	1	0	1	S
NMDC20555512	0	0	0	1	0	0	0	0	1	0	1	0	0	0	1	0	1	1	0	1	S
NMDC20557544	0	0	0	1	0	0	0	0	1	0	1	0	0	0	1	0	1	1	0	1	S
NMDC20557545	0	0	0	1	0	0	0	0	1	0	1	1	0	0	0	0	1	0	0	1	S
NMDC20557546	0	0	0	1	0	0	0	0	1	0	1	0	0	0	1	0	1	1	0	1	S
NMDC20585135	0	0	0	1	0	0	0	0	1	0	1	0	0	0	0	0	1	0	0	0	S
NMDC20557547	0	0	0	1	0	0	0	0	1	0	1	0	0	0	0	0	1	0	0	0	S
NMDC20555514	0	0	0	1	0	0	0	0	1	0	1	0	0	0	1	0	1	1	0	1	S
NMDC20585138	0	0	0	1	0	0	0	0	1	0	1	0	0	0	1	0	1	1	0	1	S
NMDC20557548	0	0	0	1	0	0	0	0	1	0	1	0	0	0	1	0	1	1	0	1	S
NMDC20555515	0	0	0	1	0	0	0	0	1	0	1	0	0	0	1	0	1	1	0	1	S
NMDC20585140	0	0	0	1	0	0	0	0	1	0	1	1	0	0	0	0	1	1	0	0	S
NMDC20585141	0	0	0	1	0	0	0	0	1	1	0	0	0	0	0	0	1	1	0	0	S
NMDC20557549	0	0	0	1	0	0	0	0	1	0	1	0	0	0	1	0	1	1	0	1	S
NMDC20551476	0	0	0	1	0	0	0	0	1	0	1	0	0	0	1	0	1	1	0	1	S
NMDC20555520	0	0	0	1	0	0	0	0	1	0	1	0	0	0	0	0	1	1	0	0	S
NMDC20555517	0	0	0	1	0	0	0	0	1	0	1	1	1	0	0	0	1	0	0	1	S
NMDC20585142	0	0	0	1	0	0	0	0	1	0	1	0	0	0	1	0	1	1	0	1	S
NMDC20585143	0	0	0	1	0	0	0	0	1	0	1	0	0	0	1	0	1	1	0	1	S
NMDC20555518	0	0	0	1	0	0	0	0	1	0	1	0	1	0	0	0	1	0	0	1	S
NMDC20553527	0	0	0	1	0	0	0	0	1	0	1	0	0	0	1	0	1	1	0	1	S
NMDC20585145	0	0	1	1	0	0	0	0	1	0	1	0	0	0	1	0	1	0	0	0	S
NMDC20585148	0	0	0	1	0	0	0	0	1	0	1	1	0	0	0	0	1	0	0	1	S
NMDC20553528	0	0	0	1	0	0	0	0	1	0	1	0	1	0	1	0	1	0	0	0	S
NMDC20585149	0	0	0	1	0	0	0	0	1	0	1	0	0	0	1	0	1	1	0	1	S
NMDC20585150	0	0	0	1	0	0	0	0	1	0	1	0	0	0	1	0	1	1	0	1	S
NMDC20551480	0	0	0	1	0	0	0	0	1	0	1	0	0	0	1	0	1	1	0	1	S
NMDC20557551	0	0	0	1	0	0	0	0	1	0	1	0	0	0	1	0	1	1	0	1	S
NMDC20557552	0	0	0	1	0	0	0	0	1	0	1	0	0	0	1	0	1	1	0	1	S
NMDC20585153	0	0	0	1	0	0	0	0	1	0	1	0	0	0	0	0	1	0	0	0	S
NMDC20557553	0	0	0	1	0	0	0	0	1	0	1	0	1	0	1	0	1	0	0	0	S
NMDC20585154	0	0	0	1	0	0	0	0	1	0	1	0	0	0	0	0	1	0	0	0	S
NMDC20551485	0	0	0	1	0	0	0	0	1	0	1	0	0	0	1	0	1	1	0	1	S
NMDC20585155	0	0	0	1	0	0	0	0	1	0	1	0	0	0	1	0	1	1	0	1	S
NMDC20551482	0	0	0	1	0	0	0	0	1	0	1	0	1	0	1	0	1	0	0	0	S
NMDC20553531	0	0	0	1	0	0	0	0	1	0	1	0	1	0	1	0	1	0	0	0	S
NMDC20557555	0	0	0	1	0	0	0	0	1	0	1	0	0	0	1	0	1	1	0	1	S
NMDC20551484	0	0	0	1	0	0	0	0	1	0	1	0	0	0	1	0	1	1	0	1	S
NMDC20553533	0	0	0	1	0	0	0	0	1	0	1	0	1	0	0	0	1	0	0	1	S
NMDC20585156	0	0	0	1	0	0	0	0	1	0	1	0	1	0	0	0	1	0	0	1	S
NMDC20555521	0	0	0	1	0	0	0	0	1	0	1	0	0	0	1	0	1	1	0	1	S
NMDC20557565	0	0	1	1	0	0	0	0	1	0	1	0	0	0	1	0	1	0	0	0	S
NMDC20551488	0	0	0	1	0	0	0	0	1	0	1	1	0	0	0	0	1	0	0	0	S
NMDC20585157	0	0	0	1	0	0	0	0	1	0	1	0	0	0	1	0	1	1	0	1	S
NMDC20585158	0	0	0	1	0	0	0	0	1	0	1	0	0	0	1	0	1	1	0	1	S
NMDC20551486	0	0	0	1	0	0	0	0	1	0	1	0	0	0	1	0	1	1	0	1	S
NMDC20555522	0	0	0	1	0	0	0	0	1	0	1	0	0	0	1	0	1	1	0	1	S
NMDC20557556	0	0	0	1	0	0	0	0	1	0	1	0	1	0	1	0	1	0	0	0	S
NMDC20555523	0	0	0	1	0	0	0	0	1	0	1	0	1	0	1	0	1	0	0	0	S
NMDC20553534	0	0	0	1	0	0	0	0	1	0	1	0	0	0	1	0	1	1	0	1	S
NMDC20557557	0	0	0	1	0	0	0	0	1	0	1	1	0	0	0	0	1	1	0	0	S
NMDC20585161	0	0	0	1	0	0	0	0	1	0	1	0	0	0	1	0	1	1	0	1	S
NMDC20585162	0	0	0	1	0	0	0	0	1	0	1	0	0	0	1	0	1	1	0	1	S
NMDC20585164	0	0	0	1	0	0	0	0	1	0	1	1	0	0	0	0	1	0	0	1	S
NMDC20557558	0	0	0	1	0	0	0	0	1	0	1	0	0	0	1	0	1	1	0	1	S
NMDC20555525	0	0	0	1	0	0	0	0	1	0	1	0	0	0	0	0	1	0	0	0	S
NMDC20585165	0	0	0	1	0	0	0	0	1	0	1	0	0	0	1	0	1	1	0	1	S
NMDC20551490	0	0	0	1	0	0	0	0	1	0	1	0	0	0	1	0	1	1	0	1	S
NMDC20557559	0	0	0	1	0	0	1	0	1	0	1	0	0	0	1	0	1	1	0	1	S
NMDC20551493	0	0	0	1	0	0	0	0	1	0	1	0	0	0	1	0	1	1	0	1	S
NMDC20585166	0	0	0	1	0	0	0	0	1	0	1	0	0	0	1	0	1	1	0	1	S
NMDC20585167	0	0	0	1	0	0	0	0	1	0	1	0	1	0	1	0	1	0	0	0	S
NMDC20585168	0	0	1	1	0	0	0	0	1	0	1	0	0	0	1	0	1	0	0	0	S
NMDC20553536	0	0	0	1	0	0	0	0	1	0	1	0	0	0	0	0	1	0	0	0	S
NMDC20551492	0	0	0	1	0	0	0	0	1	0	1	0	0	0	1	0	1	1	0	1	S
NMDC20585170	0	0	0	1	0	0	0	0	1	0	1	0	0	0	1	0	1	1	0	1	S
NMDC20555526	0	0	0	1	0	0	0	0	1	0	1	0	1	0	1	0	1	0	0	0	S
NMDC20555527	0	0	0	1	0	0	0	0	1	0	1	0	0	0	1	0	1	1	0	1	S
NMDC20555528	0	0	0	1	0	0	0	0	1	0	1	0	0	0	1	0	1	1	0	1	S
NMDC20555529	0	0	0	1	0	0	0	0	1	0	1	0	0	0	1	0	1	1	0	1	S
NMDC20551494	0	0	0	1	0	0	0	0	1	0	1	0	0	0	1	0	1	1	0	1	S
NMDC20585171	0	0	0	1	0	0	0	0	1	0	1	0	0	0	1	0	1	1	0	1	S
NMDC20557560	0	0	0	1	0	0	0	0	1	0	1	0	0	0	1	0	1	1	0	1	S
NMDC20557561	0	0	0	1	0	0	0	0	1	0	1	0	0	0	1	0	1	1	0	1	S
NMDC20553537	0	0	0	1	0	0	0	0	1	0	1	0	0	0	1	0	1	1	0	1	S
NMDC20585172	0	0	0	1	0	0	0	0	1	0	1	0	0	0	1	0	1	1	0	1	S
NMDC20585173	0	0	0	1	0	0	0	0	1	0	1	0	0	0	1	0	1	1	0	1	S
NMDC20585174	0	0	0	1	0	0	0	0	1	0	1	0	0	0	1	0	1	1	0	1	S
NMDC20585175	0	0	0	1	0	0	0	0	1	0	1	0	0	0	1	0	1	0	0	0	S
NMDC20585176	0	0	0	1	0	0	0	0	1	0	1	0	1	0	0	0	1	0	0	1	S
NMDC20553540	0	0	0	1	0	0	0	0	1	0	1	1	0	0	0	0	1	1	0	0	S
NMDC20555530	0	0	0	1	0	0	0	0	1	0	1	0	0	0	1	0	1	0	0	0	S
NMDC20555531	0	0	0	1	0	0	0	0	1	0	1	0	0	0	1	0	1	1	0	1	S
NMDC20585180	0	0	0	1	0	0	0	0	1	0	1	0	0	0	1	0	1	1	0	1	S
NMDC20585181	0	0	0	1	0	0	0	0	1	0	1	0	1	0	0	0	1	0	0	1	S
NMDC20557562	0	0	0	1	0	0	0	0	1	0	1	1	0	0	0	0	1	1	0	0	S
NMDC20585182	0	0	0	1	0	0	0	0	1	0	1	0	0	0	1	0	1	1	0	1	S
NMDC20551496	0	0	0	1	0	0	0	0	1	0	1	0	0	0	0	0	1	0	0	0	S
NMDC20585183	0	0	0	1	0	0	0	0	1	0	1	0	0	0	1	0	1	1	0	1	S
NMDC20555532	0	0	0	1	0	0	0	0	1	0	1	0	0	0	1	0	1	1	0	1	S
NMDC20555534	0	0	0	1	0	0	0	0	1	0	1	1	0	0	0	0	1	1	0	0	S
NMDC20585186	0	0	0	1	0	0	0	0	1	0	1	0	1	0	0	0	1	0	0	1	S
NMDC20585187	0	0	0	1	0	0	0	0	1	0	1	0	1	0	0	0	1	0	0	1	S
NMDC20551498	0	0	0	1	0	0	0	0	1	0	1	0	1	0	0	0	1	0	0	1	S
NMDC20585188	0	0	0	1	0	0	0	0	1	0	1	1	0	0	0	0	1	0	0	1	S
NMDC20585189	0	0	0	1	1	0	0	0	1	0	1	1	0	0	0	0	1	0	0	1	S
NMDC20553541	0	0	0	1	0	0	0	0	1	0	1	0	0	0	1	0	1	0	0	0	S
NMDC20585191	0	0	0	1	0	0	0	0	1	0	1	0	0	0	1	0	1	1	0	1	S
NMDC20551499	0	0	0	1	0	0	0	0	1	0	1	0	0	0	1	0	1	1	0	1	S
NMDC20585193	0	0	0	1	0	0	0	0	1	0	1	0	0	0	1	0	1	1	0	1	S
NMDC20585194	0	0	0	1	0	0	1	0	1	0	1	0	0	0	1	0	1	1	0	1	S
NMDC20557563	0	0	0	1	0	0	0	0	1	0	1	0	0	0	1	0	1	1	0	1	S
NMDC20553542	0	0	0	1	0	1	1	0	1	0	1	0	0	0	1	0	1	1	0	1	S
NMDC20585196	0	0	0	1	0	0	0	0	1	0	1	0	0	0	1	0	1	1	0	1	S
NMDC20585197	0	0	0	1	0	0	0	0	1	0	1	0	0	0	1	0	1	1	0	1	S
NMDC20557564	0	0	0	1	0	0	0	0	1	0	1	0	1	0	1	0	1	1	0	1	S
NMDC20585198	0	0	0	1	0	0	0	0	1	0	1	0	0	0	1	0	1	1	0	1	S
NMDC20555537	0	0	0	1	0	0	0	0	1	0	1	0	0	0	1	0	1	1	0	1	S
NMDC20585199	0	0	0	1	0	0	0	0	1	0	1	0	0	0	1	0	1	1	0	1	S
NMDC20585200	0	0	0	1	0	0	0	0	1	0	1	1	0	0	0	0	1	0	0	1	S
NMDC20585201	0	0	0	1	0	0	0	0	1	0	1	0	0	0	1	0	1	1	0	1	S
NMDC20551506	0	0	1	1	0	0	0	0	1	0	1	0	0	0	1	0	1	0	0	0	S
NMDC20585202	0	0	0	1	0	0	0	0	1	0	0	0	0	0	1	0	0	0	0	0	S
NMDC20585203	0	0	0	1	0	0	1	0	1	0	1	0	0	0	1	1	1	1	0	1	S
NMDC20585204	0	0	0	1	0	0	0	0	1	0	1	0	1	0	1	0	1	0	0	0	S
NMDC20585205	0	0	0	1	0	0	0	0	1	0	1	1	0	0	0	0	1	0	0	1	S
NMDC20553543	0	0	0	1	0	0	0	0	1	0	1	0	0	0	1	0	1	1	0	1	S
NMDC20585206	0	0	0	1	0	0	0	0	1	0	1	0	0	0	1	0	1	1	0	1	S
NMDC20551502	0	0	0	1	0	0	0	0	1	0	1	0	0	0	1	0	1	1	0	1	S
NMDC20553544	0	0	0	1	0	0	0	0	1	0	1	0	0	0	1	0	1	1	0	1	S
NMDC20555540	0	0	0	1	0	0	0	0	1	0	1	0	1	0	0	0	1	0	0	1	S
NMDC20551503	0	0	0	1	0	0	0	0	1	0	1	0	0	0	1	0	1	1	0	1	S
NMDC20555541	0	0	0	1	0	0	0	0	1	0	1	0	0	0	1	0	1	1	0	1	S
NMDC20585208	0	0	0	1	0	0	0	0	1	0	1	0	0	0	1	0	1	1	0	1	S
NMDC20553545	0	0	0	1	0	0	0	0	1	0	1	1	0	0	0	0	1	0	0	0	S
NMDC20585211	0	0	0	1	0	0	0	0	1	0	1	0	0	0	1	0	1	1	0	1	S
NMDC20585212	0	0	0	1	0	0	0	0	1	0	1	0	0	0	1	0	1	1	0	1	S
NMDC20557571	0	0	0	1	0	0	0	0	1	0	1	0	0	0	1	0	1	1	0	1	S
NMDC20557567	0	0	0	1	0	0	0	0	1	0	1	0	1	0	1	0	1	0	0	0	S
NMDC20585213	0	0	0	1	0	0	0	0	1	0	1	0	0	0	1	0	1	1	0	1	S
NMDC20557568	0	0	0	1	0	0	0	0	1	0	1	0	1	0	1	0	1	0	0	0	S
NMDC20557569	0	0	0	1	0	0	0	0	1	0	1	0	0	0	1	0	1	1	0	1	S
NMDC20585214	0	0	0	1	0	0	0	0	1	0	1	1	0	0	0	0	1	0	0	1	S
NMDC20585215	0	0	0	1	0	0	0	0	1	0	1	1	0	0	0	0	1	0	0	1	S
NMDC20553547	0	0	0	1	0	0	0	0	1	0	1	0	0	0	0	1	1	0	0	0	S
NMDC20585216	0	0	0	1	0	0	0	0	1	0	1	1	0	0	0	0	1	0	0	0	S
NMDC20553551	0	0	0	1	0	0	0	0	1	0	1	0	1	0	1	0	1	0	0	0	S
NMDC20553548	0	0	0	1	0	0	0	0	1	0	1	1	0	0	0	0	1	0	0	0	S
NMDC20553549	1	1	1	0	1	0	0	0	1	1	0	1	1	0	0	0	1	0	1	0	S
NMDC20555542	0	0	0	1	0	0	0	0	1	0	1	0	1	0	1	0	1	0	0	0	S
NMDC20555543	0	0	0	1	0	0	0	0	1	0	1	0	0	0	1	0	1	1	0	1	S
NMDC20551508	0	0	0	1	0	0	0	0	1	0	1	0	0	0	1	0	1	1	0	1	S
NMDC20585217	0	0	0	1	0	0	0	0	1	0	1	0	0	0	1	0	1	1	0	1	S
NMDC20557572	0	0	0	1	0	0	0	0	1	0	1	0	0	0	0	0	1	0	0	0	S
NMDC20557573	0	0	0	1	0	0	0	0	1	0	1	0	0	0	1	0	1	0	0	0	S
NMDC20551509	1	1	1	0	1	0	0	0	1	1	0	1	1	0	0	0	1	0	1	0	S
NMDC20553550	0	0	0	1	0	0	0	0	1	0	1	0	0	0	1	0	1	1	0	1	S
NMDC20551510	0	0	0	1	0	0	0	0	1	0	1	0	0	0	1	1	1	1	0	1	S
NMDC20553552	0	0	0	1	0	0	0	0	1	0	1	0	0	0	1	0	1	1	0	1	S
NMDC20551511	0	0	0	1	0	0	0	0	1	0	1	0	0	0	1	0	1	1	0	1	S
NMDC20585219	0	0	0	1	0	0	0	0	1	0	1	0	0	0	0	0	1	0	0	0	S
NMDC20555544	0	0	0	1	0	0	0	0	1	0	1	0	0	0	0	0	1	0	0	0	S
NMDC20551512	0	0	0	1	0	0	0	0	1	0	1	0	0	0	1	0	1	1	0	1	S
NMDC20555546	0	0	0	0	0	0	0	0	1	0	1	0	0	0	1	0	1	1	0	0	S
NMDC20585220	0	0	0	1	0	0	1	0	1	0	1	0	0	0	1	1	1	1	0	1	S
NMDC20555547	0	0	0	1	0	0	0	0	1	0	1	0	0	0	1	0	1	1	0	1	S
NMDC20551513	0	0	0	1	0	0	0	0	1	0	1	1	0	0	0	0	1	0	0	1	S
NMDC20557574	0	0	0	1	0	0	0	0	1	0	1	0	0	0	1	0	1	1	0	1	S
NMDC20585221	0	0	0	1	0	0	0	0	1	0	1	0	0	0	1	0	1	1	0	1	S
NMDC20585222	0	0	0	1	0	0	0	0	1	0	1	0	0	0	1	0	1	1	0	1	S
NMDC20553554	0	0	0	1	0	0	0	0	1	0	1	0	0	0	1	0	1	1	0	1	S
NMDC20585223	0	0	0	1	0	0	0	0	1	0	1	0	0	0	1	0	1	1	0	1	S
NMDC20557575	0	0	0	1	0	0	0	0	1	0	1	0	0	0	1	0	1	1	0	1	S
NMDC20555551	0	0	0	1	0	0	1	0	1	0	1	0	0	0	1	0	1	1	0	1	S
NMDC20557576	0	0	0	1	0	0	0	0	1	0	1	0	0	0	1	0	1	1	0	1	S
NMDC20553555	0	0	0	1	0	0	0	0	1	0	1	0	0	0	1	0	1	1	0	1	S
NMDC20585226	0	0	0	1	0	0	0	0	1	0	1	0	0	0	1	0	1	1	0	1	S
NMDC20555549	0	0	0	1	0	0	0	0	1	0	1	0	0	0	0	0	1	0	0	0	S
NMDC20555550	0	0	0	1	0	0	0	0	1	0	1	1	0	0	0	1	1	0	0	0	S
NMDC20557578	0	0	0	1	0	0	1	0	1	0	1	0	0	0	1	1	1	1	0	1	S
NMDC20585228	0	0	0	1	0	0	0	0	1	0	1	0	0	0	1	0	1	1	0	1	S
NMDC20553556	0	0	0	1	0	0	0	0	1	0	1	0	0	0	1	0	1	1	0	1	S
NMDC20555553	0	0	0	1	0	0	0	0	1	0	1	0	0	0	1	0	1	1	0	1	S
NMDC20551515	0	0	0	1	0	0	0	0	1	0	1	0	0	0	1	0	1	1	0	1	S
NMDC20557580	0	0	0	1	0	0	0	0	1	0	1	0	0	0	1	0	1	1	0	1	S
NMDC20557581	0	0	0	1	0	0	0	0	1	0	1	0	0	0	1	0	1	1	0	1	S
NMDC20557582	0	0	0	1	0	0	0	0	1	0	1	0	0	0	1	0	1	1	0	1	S
NMDC20557583	0	0	0	1	0	0	1	0	1	0	1	0	0	0	1	0	1	1	0	1	S
NMDC20557584	0	0	0	1	0	0	0	0	1	0	1	0	1	0	1	0	1	1	0	0	S
NMDC20551652	0	0	0	1	0	0	0	0	1	0	1	0	0	0	1	0	1	1	0	1	S
NMDC20585761	0	0	0	1	0	0	0	0	1	0	1	0	0	0	1	0	1	1	0	1	S
NMDC20555690	0	0	0	1	0	0	0	0	1	0	1	1	0	0	0	0	1	0	0	0	S
NMDC20585762	0	0	0	1	0	0	0	0	1	0	1	0	0	0	0	0	1	0	0	0	S
NMDC20551656	0	0	0	1	0	0	0	0	1	0	1	0	0	0	1	0	1	1	0	1	S
NMDC20585772	0	0	0	1	0	0	0	0	1	0	1	1	1	0	1	0	1	0	0	0	S
NMDC20557719	0	0	0	1	0	0	0	0	1	0	1	1	0	0	0	0	1	0	0	0	S
NMDC20585777	1	1	1	0	1	0	0	0	1	1	0	1	1	0	0	0	1	0	1	0	S
NMDC20557726	0	0	0	1	0	0	0	0	1	0	1	0	0	0	1	0	1	1	0	1	S
NMDC20585778	0	0	0	1	0	0	0	0	1	0	1	0	0	0	1	0	1	1	0	1	S
NMDC20553690	0	0	0	1	0	0	0	0	1	0	1	0	0	0	1	0	1	0	0	0	S
NMDC20585780	0	0	0	1	0	0	0	0	1	0	1	1	0	0	0	0	1	0	0	0	S
NMDC20557723	0	0	0	1	0	0	0	0	1	0	1	0	0	0	1	0	1	1	0	1	S
NMDC20551664	0	0	0	1	0	0	0	0	1	0	1	0	0	0	1	0	1	0	0	0	S
NMDC20585783	0	0	0	1	0	0	0	0	1	0	1	0	0	0	0	0	1	1	0	0	S
NMDC20551665	0	0	0	1	0	0	0	0	1	0	1	0	0	0	1	0	1	1	0	1	S
NMDC20585784	0	0	0	1	0	0	0	0	1	0	1	0	0	0	1	0	1	1	0	1	S
NMDC20551666	0	0	0	1	0	0	0	0	1	0	1	0	0	0	1	0	1	1	0	1	S
NMDC20553692	0	0	0	1	0	0	0	0	1	0	1	0	1	0	1	1	1	1	0	0	S
NMDC20557724	0	0	0	1	0	0	0	0	1	0	1	0	0	0	1	0	1	1	0	1	S
NMDC20553696	0	0	0	1	0	0	0	0	1	0	1	0	0	0	1	0	1	1	0	1	S
NMDC20585789	0	0	0	1	0	0	0	0	1	0	1	0	0	0	1	0	1	1	0	1	S
NMDC20555707	0	0	0	1	0	0	0	0	1	0	1	0	0	0	1	0	1	1	0	1	S
NMDC20551668	0	0	0	1	0	0	0	0	1	0	1	0	0	0	1	1	1	1	0	1	S
NMDC20555708	0	0	0	1	0	0	0	0	1	0	1	0	0	0	1	0	1	1	0	1	S
NMDC20557730	0	0	0	1	0	0	0	0	1	0	1	0	0	0	1	0	1	1	0	1	S
NMDC20585794	0	0	0	1	0	0	0	0	1	0	1	0	1	0	1	0	1	0	0	0	S
NMDC20557728	0	0	0	1	0	0	0	0	1	0	1	0	0	0	1	0	1	1	0	1	S
NMDC20551670	0	0	0	1	0	0	0	0	1	0	1	0	0	0	1	0	1	1	0	1	S
NMDC20555709	0	0	0	1	0	0	0	0	1	0	1	0	0	0	1	0	1	1	0	1	S
NMDC20555710	0	0	0	1	0	0	0	0	1	0	1	0	0	0	1	0	1	1	0	1	S
NMDC20585795	0	0	0	1	0	0	0	0	1	0	1	0	0	0	1	0	1	1	0	1	S
NMDC20557729	0	0	0	1	0	0	0	0	1	0	1	0	0	0	1	0	1	1	0	1	S
NMDC20585796	0	0	0	1	0	0	0	0	1	0	1	0	0	0	1	0	1	1	0	1	S
NMDC20557732	0	0	0	1	0	0	0	0	1	0	1	0	0	0	1	0	1	1	0	1	S
NMDC20551671	0	0	0	1	0	0	0	0	1	0	1	0	1	0	1	0	0	1	0	1	S
NMDC20585800	0	0	0	1	0	0	0	0	1	0	1	0	0	0	1	0	1	1	0	1	S
NMDC20585801	0	0	0	1	1	0	0	0	1	0	1	0	0	0	1	0	1	1	0	0	S
NMDC20585802	0	0	0	1	1	0	0	0	1	0	1	0	0	0	1	0	1	1	0	0	S
NMDC20553698	0	0	0	1	0	0	0	0	1	0	1	0	0	0	1	0	1	1	0	1	S
NMDC20557733	0	0	0	1	0	0	0	0	1	0	1	0	0	0	1	0	1	1	0	1	S
NMDC20585803	0	0	0	1	0	0	0	0	1	0	1	0	1	0	1	0	1	0	0	0	S
NMDC20585804	0	0	0	1	0	0	0	0	1	0	1	0	0	0	0	0	1	0	0	0	S
NMDC20585805	0	0	0	1	0	0	0	0	1	0	1	0	0	0	1	1	1	1	0	1	S
NMDC20553699	0	0	0	1	0	0	0	0	1	0	1	1	0	0	0	0	1	0	0	1	S
NMDC20551673	0	0	0	1	0	0	0	0	1	0	1	0	0	0	1	0	1	1	0	1	S
NMDC20585806	0	0	0	1	0	0	0	0	1	0	1	1	0	0	0	0	1	0	0	0	S
NMDC20553702	0	0	0	1	0	0	0	0	1	0	1	1	0	0	0	0	1	0	0	0	S
NMDC20557734	0	0	0	1	0	0	0	0	1	0	1	0	0	0	1	0	1	1	0	1	S
NMDC20585807	0	0	0	1	0	0	0	0	1	0	1	0	0	0	1	0	1	1	0	1	S
NMDC20553703	0	0	0	1	0	0	0	0	1	0	1	0	0	0	1	0	1	1	0	1	S
NMDC20585808	0	0	0	1	0	0	0	0	1	0	1	0	0	0	1	0	1	1	0	1	S
NMDC20586226	0	0	0	1	0	0	0	0	1	0	1	0	0	0	1	0	1	1	0	1	S
NMDC20551812	0	0	0	1	0	0	0	0	0	0	0	0	1	0	0	0	0	0	0	1	S
NMDC20551813	0	0	0	1	0	0	0	0	1	0	1	0	1	0	1	0	1	0	0	0	S
NMDC20553825	0	0	0	1	0	0	0	0	1	0	1	0	1	0	1	0	1	0	0	0	S
NMDC20551814	0	0	0	1	0	0	0	0	1	0	1	0	0	0	1	0	1	1	0	1	S
NMDC20551815	0	0	0	1	0	0	0	0	1	0	1	1	0	0	0	0	1	0	0	0	S
NMDC20551816	0	0	0	1	0	0	0	0	1	1	0	0	1	0	0	0	1	1	0	0	S
NMDC20555832	0	0	0	1	0	0	0	0	1	0	1	0	0	0	1	0	1	1	0	1	S
NMDC20586229	0	0	0	1	0	0	0	0	1	0	1	0	0	0	1	0	1	1	0	1	S
NMDC20555834	0	0	0	1	0	0	0	0	1	0	1	0	0	0	1	0	1	1	0	1	S
NMDC20586233	0	0	0	1	0	0	0	0	1	0	1	0	1	0	1	0	1	0	0	0	S
NMDC20557849	0	0	0	1	0	0	0	0	1	0	1	0	0	0	1	0	1	1	0	1	S
NMDC20586234	0	0	0	1	0	0	0	0	1	0	1	0	1	0	1	0	1	0	0	0	S
NMDC20586235	0	0	0	1	0	0	0	0	1	0	1	0	0	0	1	0	1	0	0	0	S
NMDC20551817	0	0	0	1	0	0	0	0	1	0	1	0	0	0	1	0	1	1	0	1	S
NMDC20551818	0	0	0	1	0	0	0	0	1	0	1	0	1	0	1	0	1	0	0	0	S
NMDC20586237	0	0	0	1	0	0	0	0	1	0	1	0	0	0	1	0	1	1	0	1	S
NMDC20586238	0	0	0	1	0	0	0	0	1	0	1	0	0	0	0	0	1	0	0	0	S
NMDC20586239	0	0	0	1	0	0	0	0	1	0	1	0	0	0	1	0	1	1	0	1	S
NMDC20555836	0	0	1	1	0	0	0	0	1	0	1	0	0	0	1	0	1	0	0	0	S
NMDC20555837	0	0	0	1	0	0	0	0	1	0	1	0	0	0	1	0	1	1	0	1	S
NMDC20553830	0	0	0	1	0	0	0	0	1	0	0	1	1	0	0	0	0	0	0	1	S
NMDC20557851	0	0	0	1	0	0	0	0	1	0	1	0	1	0	0	0	1	0	0	1	S
NMDC20586242	0	0	0	1	0	0	0	0	1	0	1	0	0	0	1	0	1	1	0	1	S
NMDC20555839	0	0	0	1	0	0	0	0	1	0	1	0	0	0	1	0	1	1	0	1	S
NMDC20557852	0	0	0	1	0	0	0	0	1	0	1	0	0	0	1	0	1	1	0	1	S
NMDC20586243	0	0	0	1	0	0	0	0	1	1	0	0	0	0	1	0	1	0	0	0	S
NMDC20551819	0	0	0	1	0	0	0	0	1	0	1	0	0	0	1	0	1	1	0	1	S
NMDC20586244	0	0	0	1	0	0	1	0	1	0	1	0	0	0	1	0	1	1	0	1	S
NMDC20586245	0	0	0	1	0	0	0	0	1	0	1	0	0	0	1	0	1	1	0	1	S
NMDC20555841	0	0	0	1	0	0	0	0	1	0	1	0	0	0	1	0	1	1	0	1	S
NMDC20586247	0	0	0	1	0	0	0	0	1	0	1	0	0	0	1	0	1	1	0	1	S
NMDC20553832	0	0	0	1	0	0	0	0	1	0	1	0	1	0	0	0	1	0	0	1	S
NMDC20586248	0	0	0	1	0	0	0	0	1	0	1	0	0	0	1	0	1	1	0	1	S
NMDC20551820	0	0	0	1	0	0	0	0	1	0	1	0	0	0	1	0	1	1	0	1	S
NMDC20553833	0	0	0	1	0	0	0	0	1	0	0	1	0	0	0	0	1	0	0	1	S
NMDC20551823	0	0	0	1	0	0	0	0	1	0	1	0	0	0	0	0	1	0	0	0	S
NMDC20551821	0	0	0	1	0	0	0	0	1	0	1	0	0	0	1	0	1	0	0	0	S
NMDC20557855	0	0	0	1	0	0	0	0	1	0	1	0	0	0	1	0	1	1	0	0	S
NMDC20551822	0	0	0	1	0	0	0	0	1	0	1	0	0	0	1	0	1	1	0	0	S
NMDC20553834	0	0	0	1	0	0	0	0	1	0	1	0	1	0	1	0	1	1	0	1	S
NMDC20557857	0	0	0	1	0	0	0	0	1	0	1	0	0	0	1	0	1	1	0	1	S
NMDC20555848	0	0	0	1	0	0	0	0	1	0	1	0	0	0	1	0	1	1	0	1	S
NMDC20557858	0	0	0	1	0	0	0	0	1	0	1	0	0	0	1	0	1	1	0	1	S
NMDC20553835	0	0	0	1	0	0	0	0	1	0	1	0	0	0	1	0	1	1	0	1	S
NMDC20555847	0	0	0	1	0	0	0	0	1	0	1	0	0	0	1	0	1	1	0	1	S
NMDC20553836	0	0	0	1	0	0	0	0	1	0	1	0	0	0	1	0	1	1	0	1	S
NMDC20586254	0	0	0	1	0	0	0	0	1	0	1	0	0	0	0	0	1	0	0	0	S
NMDC20553838	0	0	0	1	0	0	0	0	1	0	1	0	0	0	1	0	1	1	0	1	S
NMDC20551824	0	0	0	1	0	0	0	0	1	0	1	0	0	0	0	0	1	0	0	0	S
NMDC20551825	0	0	0	1	0	0	0	0	1	0	1	0	1	0	1	0	1	0	0	0	S
NMDC20557861	0	0	0	1	0	0	0	0	1	0	1	0	0	0	1	0	1	1	0	1	S
NMDC20586256	0	0	1	1	0	0	0	0	1	0	1	0	0	0	1	0	1	0	0	0	S
NMDC20555849	0	0	0	1	0	0	0	0	1	0	1	0	0	0	1	0	1	1	0	1	S
NMDC20551826	0	0	0	1	0	0	0	0	1	0	1	0	0	0	1	0	1	1	0	1	S
NMDC20555850	0	0	0	1	0	0	0	0	1	0	1	0	0	0	0	0	1	0	0	0	S
NMDC20557862	0	0	0	1	0	0	0	0	1	0	1	0	0	0	1	0	1	1	0	1	S
NMDC20553840	0	0	0	1	0	0	0	0	1	0	1	0	0	0	1	0	1	1	0	1	S
NMDC20551828	0	0	0	1	0	0	0	0	1	0	1	1	0	0	0	0	1	0	0	0	S
NMDC20551829	0	0	0	1	0	0	0	0	1	0	1	1	0	0	0	0	1	0	0	0	S
NMDC20586257	1	1	1	0	1	0	0	0	1	1	0	1	1	0	0	0	1	0	1	0	S
NMDC20586258	0	0	0	1	0	0	0	0	1	0	1	0	0	0	1	0	1	1	0	1	S
NMDC20555851	0	0	0	1	0	0	0	0	1	0	1	0	0	0	1	0	1	1	0	1	S
NMDC20586259	0	0	0	1	0	0	0	0	1	0	1	0	0	0	1	0	1	1	0	1	S
NMDC20553839	0	0	0	1	0	0	0	0	1	0	1	0	0	0	1	0	1	1	0	1	S
NMDC20586261	0	0	0	1	0	0	0	0	1	0	1	0	1	0	0	0	1	1	0	0	S
NMDC20586262	0	0	0	1	0	0	0	0	1	0	1	0	0	0	1	0	1	1	0	1	S
NMDC20555853	0	0	0	1	0	0	0	0	1	0	1	0	0	0	1	0	1	1	0	1	S
NMDC20586264	0	0	0	1	0	0	0	0	1	0	1	0	0	0	1	0	1	1	0	1	S
NMDC20551830	0	0	0	1	0	0	0	0	1	0	1	0	0	0	1	0	1	1	0	1	S
NMDC20551831	0	0	0	1	0	0	0	0	1	0	0	0	0	0	1	0	0	0	0	0	S
NMDC20586265	0	0	0	1	0	0	0	0	1	0	1	0	0	0	1	0	1	1	0	1	S
NMDC20586266	0	0	0	1	0	0	0	0	1	0	1	0	0	0	1	0	1	1	0	1	S
NMDC20586267	0	0	0	1	0	0	0	0	1	0	1	0	0	0	1	0	1	1	0	1	S
NMDC20553842	0	0	0	1	0	0	0	0	1	0	1	0	1	0	1	0	1	0	0	0	S
NMDC20557863	0	0	0	1	0	0	0	0	1	0	1	0	0	0	1	0	1	1	0	1	S
NMDC20586268	0	0	0	1	0	0	0	0	1	0	1	0	0	0	1	0	1	1	0	1	S
NMDC20557865	0	0	0	1	0	0	0	0	1	0	1	0	0	0	1	0	1	1	0	1	S
NMDC20553843	0	0	0	1	0	0	0	0	1	0	1	0	0	0	1	0	1	0	0	0	S
NMDC20553844	0	0	0	1	0	0	0	0	1	0	1	0	1	0	0	0	1	0	0	1	S
NMDC20553845	0	0	0	1	0	0	0	0	1	0	1	0	1	0	0	0	1	0	0	1	S
NMDC20586269	0	0	0	1	0	0	0	0	1	0	1	0	0	0	1	0	1	1	0	1	S
NMDC20555855	0	0	0	1	0	0	0	0	1	0	1	1	0	0	0	0	1	0	0	1	S
NMDC20586270	0	0	0	1	1	0	0	0	1	0	1	0	0	0	1	0	1	1	0	0	S
NMDC20555856	0	0	0	1	0	0	0	0	1	0	1	0	0	0	0	0	1	0	0	0	S
NMDC20555858	0	0	0	1	0	0	0	0	1	0	1	0	0	0	1	0	1	1	0	1	S
NMDC20557866	0	0	0	1	0	0	1	0	1	0	1	0	0	0	1	1	1	1	0	1	S
NMDC20586272	0	0	0	1	0	0	0	0	1	0	1	0	0	0	1	0	1	1	0	1	S
NMDC20586273	0	0	0	1	1	0	0	0	1	0	0	1	0	0	0	0	0	0	0	0	S
NMDC20586274	0	0	0	1	0	0	0	0	1	0	1	0	0	0	1	0	1	1	0	1	S
NMDC20555859	0	0	0	1	0	0	0	0	1	0	1	0	0	0	1	0	1	1	0	1	S
NMDC20551834	0	0	0	1	0	0	0	0	1	0	1	0	0	0	1	0	1	1	0	1	S
NMDC20586275	0	0	0	1	0	0	0	0	1	0	1	0	0	0	1	0	1	1	0	1	S
NMDC20586276	0	0	0	1	0	0	0	0	1	0	1	0	0	0	1	0	1	1	0	1	S
NMDC20553847	0	0	0	1	0	0	1	0	1	0	1	0	0	0	1	1	1	1	0	1	S
NMDC20586278	0	0	0	1	0	0	0	0	1	0	1	0	0	0	1	0	1	1	0	1	S
NMDC20586279	0	0	0	1	0	0	0	0	1	0	1	0	0	0	1	0	1	1	0	1	S
NMDC20551835	0	0	0	1	0	0	0	0	1	0	1	0	0	0	1	0	1	1	0	1	S
NMDC20586280	0	0	0	1	0	0	0	0	1	0	1	0	0	0	1	0	1	1	0	1	S
NMDC20553848	0	0	0	1	0	0	0	0	1	0	1	0	0	0	0	0	1	0	0	0	S
NMDC20586281	0	0	0	1	0	0	0	0	1	0	1	0	0	0	1	0	1	1	0	0	S
NMDC20555860	0	0	0	1	0	0	0	0	1	0	0	0	0	0	1	0	0	1	0	1	S
NMDC20586282	0	0	0	1	0	0	0	0	1	0	1	0	0	0	1	0	1	1	0	1	S
NMDC20586283	0	0	0	1	0	0	0	0	1	0	1	1	0	0	0	0	1	0	0	0	S
NMDC20555861	0	0	0	1	0	0	0	0	1	0	1	1	0	0	0	0	1	0	0	1	S
NMDC20551836	0	0	0	1	0	0	0	0	1	0	1	0	0	0	1	0	1	1	0	1	S
NMDC20555862	0	0	0	1	0	0	0	0	1	0	1	0	0	0	1	0	1	1	0	1	S
NMDC20586284	0	0	0	1	0	0	0	0	1	0	1	0	0	0	1	0	1	1	0	1	S
NMDC20557867	0	0	0	1	0	0	0	0	1	0	1	0	0	0	0	0	1	0	0	0	S
NMDC20586286	0	0	0	1	0	0	0	0	1	0	1	1	0	0	0	0	1	1	0	0	S
NMDC20551837	0	0	0	1	0	0	0	0	1	0	1	0	0	0	1	0	1	1	0	1	S
NMDC20551838	0	0	0	1	0	0	0	0	1	0	1	0	0	0	0	0	1	0	0	0	S
NMDC20557869	0	0	0	1	0	0	0	0	1	0	1	0	0	0	1	0	1	1	0	1	S
NMDC20586287	0	0	0	1	0	0	0	0	0	0	0	0	1	0	0	0	0	0	0	1	S
NMDC20551839	0	0	0	1	0	0	0	0	1	0	1	0	0	0	1	0	1	1	0	1	S
NMDC20553851	0	0	0	1	0	0	0	0	1	0	1	1	0	0	0	0	1	0	0	0	S
NMDC20557868	0	0	0	1	0	0	0	0	1	0	1	0	1	0	0	0	1	0	0	1	S
NMDC20586288	0	0	0	1	0	0	0	0	1	0	1	0	1	0	0	0	1	0	0	1	S
NMDC20586290	0	0	0	1	0	0	0	0	1	0	1	0	0	0	1	0	1	1	0	1	S
NMDC20586291	0	0	1	1	0	0	0	0	1	0	1	0	0	0	1	0	1	0	0	0	S
NMDC20586298	0	0	0	1	0	0	0	0	1	0	1	0	0	0	1	0	1	1	0	1	S
NMDC20553854	0	0	0	1	0	0	0	0	1	0	1	0	0	0	1	0	1	1	0	1	S
NMDC20586301	0	0	0	1	0	0	0	0	1	0	1	0	0	0	1	0	1	1	0	1	S
NMDC20555865	0	0	0	1	0	0	0	0	1	0	1	0	0	0	1	0	1	1	0	1	S
NMDC20557871	0	0	0	1	0	0	0	0	1	0	1	1	0	0	0	0	1	0	0	1	S
NMDC20555867	0	0	0	1	0	0	0	0	1	0	1	0	0	0	1	0	1	1	0	1	S
NMDC20586302	0	0	0	1	0	0	0	0	1	0	1	0	0	0	1	0	1	1	0	1	S
NMDC20551843	0	0	0	1	0	0	1	0	1	0	1	0	0	0	1	0	1	1	0	1	S
NMDC20555868	0	0	0	1	0	0	0	0	1	0	1	0	0	0	1	0	1	1	0	1	S
NMDC20586303	0	0	0	1	0	0	0	0	1	0	1	0	1	0	0	0	1	0	0	1	S
NMDC20555869	0	0	0	1	0	0	0	0	1	0	1	0	0	0	1	0	1	1	0	1	S
NMDC20553856	0	0	0	1	0	0	0	0	1	0	1	0	0	0	1	0	1	1	0	1	S
NMDC20551844	0	0	0	1	0	0	0	0	1	0	1	1	0	0	0	0	1	0	0	1	S
NMDC20586305	0	0	0	1	0	0	0	0	1	0	1	0	0	0	1	0	1	1	0	1	S
NMDC20586306	0	0	0	1	0	0	0	0	1	0	1	0	1	0	0	0	1	0	0	1	S
NMDC20557872	0	0	0	1	0	0	0	0	1	0	1	0	0	0	1	0	1	1	0	1	S
NMDC20586390	0	0	0	1	0	0	0	0	1	0	1	0	0	0	1	0	1	1	0	1	S
NMDC20553869	0	0	0	1	0	0	0	0	1	0	1	0	0	0	1	0	1	1	0	1	S
NMDC20555880	0	0	0	1	0	0	0	0	1	0	1	0	0	0	1	0	1	1	0	1	S
NMDC20553870	0	0	0	1	0	0	0	0	1	0	1	0	0	0	1	0	1	1	0	1	S
NMDC20557881	0	0	0	1	0	0	0	0	1	0	1	0	0	0	0	0	1	1	0	0	S
NMDC20586392	0	0	0	1	0	0	0	0	1	0	1	0	0	0	0	0	1	1	0	0	S
NMDC20551858	0	0	1	1	0	0	0	0	1	0	1	0	0	0	1	0	1	0	0	0	S
NMDC20586394	0	0	1	1	0	0	0	0	1	0	1	0	0	0	1	0	1	0	0	0	S
NMDC20586395	0	0	0	1	0	0	0	0	1	0	1	0	0	0	1	0	1	1	0	1	S
NMDC20555883	0	0	0	1	0	0	0	0	1	0	1	0	0	0	0	0	1	1	0	0	S
NMDC20553872	0	0	0	1	0	0	0	0	1	0	1	0	0	0	0	0	1	1	0	0	S
NMDC20557882	0	0	1	1	0	0	0	0	1	0	1	0	0	0	1	0	1	0	0	0	S
NMDC20586396	0	0	0	1	0	0	0	0	1	0	1	1	0	0	0	0	1	0	0	0	S
NMDC20557883	0	0	0	1	0	0	0	0	1	0	1	0	0	0	0	0	1	1	0	0	S
NMDC20553873	0	0	0	1	0	0	0	0	1	0	1	0	0	0	0	0	1	1	0	0	S
NMDC20555884	0	0	0	1	0	0	0	0	1	0	1	0	0	0	0	0	1	1	0	0	S
NMDC20557884	0	0	0	1	0	0	0	0	1	0	1	0	0	0	0	0	1	1	0	0	S
NMDC20555886	0	0	0	1	0	0	0	0	1	0	1	1	0	0	0	0	1	0	0	0	S
NMDC20586398	0	0	0	1	0	0	0	0	1	0	1	0	0	0	0	0	1	1	0	0	S
NMDC20586399	0	0	0	1	0	0	0	0	1	0	1	0	0	0	0	0	1	1	0	0	S
NMDC20586400	0	0	0	1	0	0	0	0	1	0	1	0	0	0	1	0	1	1	0	1	S
NMDC20586401	1	1	1	0	1	0	0	0	1	1	0	1	1	0	0	0	1	0	1	0	S
NMDC20586402	1	1	1	0	1	0	0	0	1	1	0	1	1	0	0	0	1	0	1	0	S
NMDC20586403	1	1	1	0	1	0	0	0	1	1	0	1	1	0	0	0	1	0	1	0	S
NMDC20586404	0	0	0	1	0	0	0	0	1	0	1	0	0	0	1	0	1	1	0	1	S
NMDC20555888	0	0	0	1	0	0	0	0	1	0	0	0	1	0	0	0	0	0	0	1	S
NMDC20586405	0	0	0	1	0	0	0	0	1	0	1	0	0	0	1	0	1	1	0	0	S
NMDC20557886	0	0	0	1	0	0	0	0	1	0	1	1	0	0	0	0	1	0	0	1	S
NMDC20586406	0	0	0	1	0	0	0	0	1	0	1	0	0	0	1	0	1	1	0	1	S
NMDC20586407	0	0	0	1	0	0	0	0	1	0	1	0	0	0	1	0	1	1	0	1	S
NMDC20586408	0	0	0	1	1	0	0	0	1	0	1	0	0	0	1	0	1	1	0	0	S
NMDC20555889	0	0	0	1	0	0	0	0	1	0	1	0	0	0	1	0	1	1	0	1	S
NMDC20553875	0	0	0	1	0	0	0	0	1	0	1	0	0	0	1	0	1	1	0	1	S
NMDC20586410	0	0	0	1	0	0	0	0	1	0	1	0	0	0	1	0	1	1	0	1	S
NMDC20586411	0	0	0	1	0	0	0	0	1	0	1	0	0	0	1	0	1	1	0	1	S
NMDC20551860	0	0	0	1	0	0	0	0	1	0	1	0	1	0	0	0	1	0	0	1	S
NMDC20551861	0	0	0	1	0	0	0	0	1	0	1	0	0	0	1	0	1	1	0	1	S
NMDC20586413	1	1	1	0	1	0	0	0	1	1	0	1	1	0	0	0	1	0	1	0	S
NMDC20555890	0	0	0	1	0	0	0	0	1	0	1	0	0	0	1	0	1	1	0	1	S
NMDC20555891	0	0	0	1	0	0	0	0	1	0	1	1	0	0	0	0	1	0	0	1	S
NMDC20586414	0	0	0	1	0	0	0	0	1	0	1	0	0	0	1	0	1	1	0	1	S
NMDC20551862	0	0	0	1	0	0	0	0	1	0	1	0	0	0	0	0	1	0	0	0	S
NMDC20586415	0	0	0	1	0	0	0	0	1	0	1	0	0	0	1	0	1	1	0	1	S
NMDC20586482	0	0	0	1	0	0	0	0	1	0	1	0	0	0	1	0	1	1	0	1	S
NMDC20586483	0	0	0	1	0	0	0	0	1	0	1	1	0	0	0	0	1	1	0	0	S
NMDC20586484	0	0	0	1	0	0	0	0	1	0	1	0	0	0	1	0	1	1	0	1	S
NMDC20555911	0	0	0	1	0	0	0	0	1	0	1	0	0	0	1	0	1	1	0	1	S
NMDC20555912	0	0	0	1	0	0	0	0	1	0	1	0	0	0	1	0	1	1	0	1	S
NMDC20586486	0	0	0	1	0	0	0	0	1	0	1	0	0	0	1	0	1	1	0	1	S
NMDC20551882	0	0	0	1	0	0	0	0	1	0	1	1	0	0	0	0	1	0	0	0	S
NMDC20553889	1	1	1	0	1	0	0	0	1	1	0	1	1	0	0	0	1	0	1	0	S
NMDC20553890	0	0	0	1	0	0	0	0	1	0	1	0	1	0	1	0	1	1	0	0	S
NMDC20586488	0	0	0	1	0	0	0	0	1	0	0	1	1	0	0	0	0	0	0	0	S
NMDC20551883	0	0	0	1	0	0	0	0	1	0	1	0	0	0	1	0	1	1	0	1	S
NMDC20557907	0	0	0	1	0	0	0	0	1	0	1	0	0	0	1	0	1	1	0	1	S
NMDC20555913	0	0	0	1	0	0	0	0	1	0	1	0	1	0	1	0	1	1	0	0	S
NMDC20551884	0	0	0	1	0	0	0	0	1	0	1	0	0	0	1	0	1	1	0	1	S
NMDC20555914	0	0	0	1	0	0	0	0	1	0	1	0	0	0	1	1	1	1	0	1	S
NMDC20555918	0	0	0	1	0	0	0	0	1	0	1	0	0	0	1	0	1	1	0	1	S
NMDC20586490	0	0	0	1	0	0	0	0	1	0	0	1	1	0	0	0	0	0	0	0	S
NMDC20555915	0	0	0	1	0	0	0	0	1	0	1	0	0	0	1	0	1	1	0	1	S
NMDC20553891	0	0	0	1	0	0	0	0	1	0	1	0	0	0	1	0	1	1	0	1	S
NMDC20555916	0	0	0	1	0	0	0	0	1	0	1	0	0	0	1	0	1	1	0	1	S
NMDC20553892	1	1	1	0	1	0	0	0	1	1	0	1	1	0	0	0	1	0	1	0	S
NMDC20586491	1	1	1	0	1	0	0	0	1	1	0	1	1	0	0	0	1	0	1	0	S
NMDC20557908	0	0	0	1	0	0	0	0	1	0	1	0	0	0	1	0	1	1	0	1	S
NMDC20557912	0	0	0	1	0	0	0	0	1	0	1	0	0	0	1	0	1	1	0	1	S
NMDC20551885	0	0	0	1	0	0	0	0	1	0	1	0	0	0	1	0	1	1	0	1	S
NMDC20551886	0	0	0	1	0	0	0	0	1	0	1	0	0	0	1	0	1	1	0	1	S
NMDC20557910	0	0	0	1	0	0	0	0	1	0	1	0	0	0	1	0	1	1	0	1	S
NMDC20553893	0	0	0	1	0	0	0	0	1	1	0	0	1	0	1	0	1	1	0	0	S
NMDC20551887	0	0	0	1	0	0	0	0	1	0	1	0	0	0	1	0	1	1	0	1	S
NMDC20586492	0	0	0	1	0	0	0	0	1	0	1	0	0	0	1	0	1	1	0	1	S
NMDC20557911	0	0	0	1	0	0	0	0	1	0	1	0	0	0	1	0	1	1	0	1	S
NMDC20553894	0	0	0	1	0	0	0	0	1	0	1	0	0	0	1	0	1	1	0	1	S
NMDC20586493	0	0	0	1	0	0	0	0	1	0	0	1	0	0	0	0	1	0	0	1	S
NMDC20555919	0	0	0	1	0	0	0	0	1	0	1	0	0	0	1	0	1	1	0	1	S
NMDC20557913	0	0	0	1	0	0	0	0	1	0	1	0	0	0	1	0	1	1	0	1	S
NMDC20555920	1	1	1	0	1	0	0	0	1	1	0	1	1	0	0	0	1	0	1	0	S
NMDC20586495	0	0	0	1	0	0	0	0	1	0	1	0	0	0	1	0	1	1	0	1	S
NMDC20586496	0	0	0	1	0	0	0	0	1	0	1	0	0	0	1	0	1	1	0	1	S
NMDC20555921	0	0	0	1	0	0	0	0	1	0	1	0	0	0	1	0	1	1	0	1	S
NMDC20586497	1	1	1	0	1	0	0	0	1	1	0	1	1	0	0	0	1	0	1	0	S
NMDC20586498	0	0	0	1	0	0	0	0	1	0	1	0	0	0	1	0	1	1	0	1	S
NMDC20586499	0	0	0	1	0	0	0	0	1	0	1	0	0	0	1	0	1	1	0	1	S
NMDC20553897	0	0	0	1	0	0	0	0	1	0	1	0	0	0	1	0	1	1	0	1	S
NMDC20551888	0	0	0	1	0	0	0	0	1	0	1	0	0	0	1	0	1	1	0	1	S
NMDC20551889	1	1	1	0	1	0	0	0	1	1	0	1	1	0	0	0	1	0	1	0	S
NMDC20586500	0	0	0	1	0	0	0	0	1	0	1	0	0	0	1	0	1	1	0	1	S
NMDC20557914	0	0	0	1	0	0	0	0	1	0	1	0	0	0	1	0	1	1	0	1	S
NMDC20555923	0	0	0	1	0	0	0	0	1	0	1	0	0	0	1	0	1	1	0	1	S
NMDC20553898	0	0	0	1	0	0	0	0	1	0	1	0	1	0	0	0	1	0	0	1	S
NMDC20553901	0	0	0	1	0	0	0	0	1	0	1	0	0	0	1	0	1	1	0	1	S
NMDC20553902	0	0	0	1	0	0	0	0	1	0	1	0	0	0	1	0	1	1	0	1	S
NMDC20555922	1	1	1	0	1	0	0	0	1	1	0	1	1	0	0	0	1	0	1	0	S
NMDC20586502	0	0	0	1	0	0	0	0	1	0	1	0	0	0	1	0	1	1	0	1	S
NMDC20553903	0	0	0	1	0	0	0	0	1	0	1	0	0	0	1	0	1	1	0	1	S
NMDC20555924	0	0	0	1	0	0	0	0	1	0	1	0	0	0	1	0	1	1	0	1	S
NMDC20586504	0	0	0	1	0	0	0	0	1	0	1	0	0	0	1	0	1	1	0	1	S
NMDC20586506	0	0	0	1	0	0	0	0	1	0	1	0	1	0	1	0	1	1	0	0	S
NMDC20586507	0	0	0	1	0	0	0	0	1	0	1	1	0	0	0	0	1	0	0	0	S
NMDC20586510	0	0	0	1	0	0	0	0	1	0	1	1	0	0	0	1	1	0	0	0	S
NMDC20586511	0	0	0	1	0	0	0	0	1	0	1	0	0	0	1	0	1	1	0	1	S
NMDC20586512	1	1	1	0	1	0	0	0	1	1	0	1	1	0	0	0	1	0	1	0	S
NMDC20586514	0	0	0	1	0	0	0	0	1	0	1	0	0	0	1	0	1	1	0	1	S
NMDC20586515	0	0	0	1	0	0	0	0	1	0	0	0	0	0	1	0	0	0	0	0	S
NMDC20586516	0	0	0	1	0	0	0	0	1	0	1	0	0	0	1	0	1	1	0	1	S
NMDC20586517	0	0	0	1	0	0	0	0	1	0	1	0	0	0	1	0	1	1	0	1	S
NMDC20586519	0	0	0	1	0	0	0	0	1	0	1	0	0	0	1	0	1	1	0	1	S
NMDC20586520	0	0	0	1	0	0	0	0	1	0	1	0	1	0	1	0	1	0	0	0	S
NMDC20586521	0	0	0	1	0	0	0	0	1	0	1	0	0	0	1	0	1	1	0	1	S
NMDC20586522	0	0	0	1	0	0	0	0	1	0	1	0	0	0	1	0	1	1	0	1	S
NMDC20586523	0	0	0	1	0	0	0	0	1	0	1	0	0	0	1	0	1	1	0	1	S
NMDC20586524	0	0	0	1	0	0	0	0	1	0	1	0	0	0	1	0	1	1	0	1	S
NMDC20556041	1	1	1	0	1	0	0	0	1	1	0	1	1	0	0	0	1	0	1	0	S
NMDC20554016	0	0	0	1	0	0	0	0	1	0	1	0	0	0	1	0	1	1	0	1	S
NMDC20556022	0	0	0	1	0	0	0	0	1	0	1	0	0	0	1	0	1	1	0	1	S
NMDC20556023	1	1	1	0	1	0	0	0	1	1	0	1	1	0	0	0	1	0	1	0	S
NMDC20558024	0	0	0	1	0	0	0	0	1	0	1	0	0	0	1	0	1	1	0	1	S
NMDC20586785	1	1	1	0	1	0	0	0	1	1	0	1	1	0	0	0	1	0	1	0	S
NMDC20554017	0	0	0	1	0	0	0	0	1	0	1	0	0	0	1	0	1	1	0	1	S
NMDC20556024	0	0	0	1	0	0	0	0	1	0	1	0	1	0	1	0	1	0	0	0	S
NMDC20586787	0	0	0	1	0	0	0	0	1	0	1	0	0	0	1	0	1	1	0	1	S
NMDC20586788	0	0	0	1	0	0	0	0	1	0	1	0	0	0	1	0	0	0	0	0	S
NMDC20586789	0	0	0	1	0	0	0	0	1	0	1	1	0	0	0	0	1	0	0	0	S
NMDC20558025	0	0	0	1	0	0	0	0	1	0	1	0	0	0	1	0	1	1	0	1	S
NMDC20586790	0	0	0	1	0	0	0	0	1	0	1	0	1	0	1	0	1	0	0	0	S
NMDC20556025	0	0	0	1	0	0	0	0	1	0	1	0	0	0	1	0	1	1	0	1	S
NMDC20556026	0	0	0	1	0	0	0	0	1	0	0	1	0	0	0	0	0	0	0	0	S
NMDC20558026	0	0	0	1	0	0	0	0	1	0	1	0	0	0	1	0	1	1	0	1	S
NMDC20586791	0	0	0	1	0	0	0	0	1	0	1	0	0	0	0	1	1	0	0	0	S
NMDC20554019	0	0	0	1	0	0	0	0	1	0	1	0	0	0	1	0	1	1	0	1	S
NMDC20586792	0	0	0	1	0	0	0	0	1	0	1	0	0	0	1	0	1	1	0	1	S
NMDC20552001	0	0	0	1	0	0	0	0	1	0	1	1	0	0	0	0	1	0	0	1	S
NMDC20554020	0	0	0	1	0	0	0	0	1	0	1	0	0	0	1	0	1	1	0	1	S
NMDC20554021	0	0	0	1	0	0	0	0	1	0	1	0	0	0	0	0	1	0	0	0	S
NMDC20556027	0	0	0	1	0	0	0	0	1	0	1	0	0	0	1	0	1	1	0	0	S
NMDC20552002	0	0	0	1	0	0	0	0	1	0	1	0	0	0	1	0	1	1	0	1	S
NMDC20586793	0	0	0	1	0	0	0	0	1	0	1	0	0	0	1	0	1	1	0	1	S
NMDC20586794	1	1	1	0	1	0	0	0	1	1	0	1	1	0	0	0	1	0	1	0	S
NMDC20586795	1	1	1	0	1	0	0	0	1	1	0	1	1	0	0	0	1	0	1	0	S
NMDC20554022	1	1	1	0	1	0	0	0	1	1	0	1	1	0	0	0	1	0	1	0	S
NMDC20556028	0	0	0	1	0	0	0	0	1	0	1	0	0	0	1	0	1	1	0	1	S
NMDC20558029	0	0	0	1	0	0	0	0	1	0	1	0	0	0	1	0	1	1	0	1	S
NMDC20586798	0	0	0	1	0	0	0	0	1	0	1	0	0	0	1	0	1	1	0	1	S
NMDC20552003	0	0	0	1	0	0	0	0	1	0	1	0	1	0	0	0	1	0	0	1	S
NMDC20556029	0	0	0	1	0	0	0	0	1	0	1	0	1	0	1	0	1	0	0	0	S
NMDC20586799	0	0	0	1	0	0	0	0	1	0	1	0	0	0	1	0	1	1	0	1	S
NMDC20558030	1	1	1	0	1	0	0	0	1	1	0	1	1	0	0	0	1	0	1	0	S
NMDC20554023	0	0	0	1	0	0	0	0	1	0	1	1	0	0	0	0	1	0	0	0	S
NMDC20586802	1	1	1	0	1	0	0	0	1	1	0	1	1	0	0	0	1	0	1	0	S
NMDC20556032	0	0	0	1	0	0	0	0	1	0	1	1	0	0	0	0	1	0	0	0	S
NMDC20586803	1	1	1	0	1	0	0	0	1	1	0	1	1	0	0	0	1	0	1	0	S
NMDC20586804	0	0	0	1	0	0	0	0	1	0	1	0	0	0	1	0	1	1	0	1	S
NMDC20586805	0	0	0	1	0	0	0	0	1	0	1	1	0	0	0	0	1	0	0	0	S
NMDC20556034	0	0	0	1	0	0	0	0	1	0	1	0	1	0	1	0	1	0	0	0	S
NMDC20558031	0	0	0	1	0	0	0	0	1	0	1	0	0	0	1	0	1	0	0	0	S
NMDC20558032	1	1	1	0	1	0	0	0	1	1	0	1	1	0	0	0	1	0	1	0	S
NMDC20554024	1	1	1	0	1	0	0	0	1	1	0	1	1	0	0	0	1	0	1	0	S
NMDC20586807	0	0	0	1	0	0	0	0	1	0	1	0	0	0	1	0	1	1	0	1	S
NMDC20556035	0	0	0	1	0	0	0	0	1	0	1	0	1	0	1	0	1	0	0	0	S
NMDC20552005	0	0	0	1	0	0	0	0	1	0	1	0	0	0	1	0	1	1	0	1	S
NMDC20586809	1	1	1	0	1	0	0	0	1	1	0	1	1	0	0	0	1	0	1	0	S
NMDC20556036	0	0	0	1	0	0	0	0	1	0	1	0	0	0	0	0	1	0	0	1	S
NMDC20586810	0	0	0	1	1	0	0	0	1	0	1	0	0	0	1	0	1	1	0	0	S
NMDC20586811	0	0	0	1	0	0	0	0	1	0	1	0	0	0	1	0	1	1	1	0	S
NMDC20556039	0	0	0	1	0	0	0	0	1	0	1	0	1	0	1	0	1	0	0	0	S
NMDC20552006	0	0	0	1	0	0	0	0	1	0	1	0	0	0	1	0	1	0	0	0	S
NMDC20586812	0	0	0	1	0	0	1	0	1	0	1	0	0	0	1	1	1	1	0	1	S
NMDC20586813	0	0	0	1	0	0	0	0	1	0	1	1	0	0	0	0	1	1	0	1	S
NMDC20586814	0	0	0	1	0	0	0	0	1	0	1	1	0	0	0	0	1	0	0	0	S
NMDC20586815	0	0	0	1	0	0	0	0	1	0	1	0	0	0	0	1	1	0	0	0	S
NMDC20554025	0	0	0	1	0	0	0	0	1	0	1	0	0	0	0	1	1	0	0	0	S
NMDC20558036	1	1	1	0	1	0	0	0	1	1	0	1	1	0	0	0	1	0	1	0	S
NMDC20586818	0	0	0	1	0	0	0	0	1	0	1	0	0	0	1	0	1	1	0	1	S
NMDC20586819	1	1	1	0	1	0	0	0	1	1	0	1	1	0	0	0	1	0	1	0	S
NMDC20556042	0	0	0	1	0	0	0	0	1	0	1	1	0	0	0	0	1	0	0	0	S
NMDC20586821	0	0	0	1	0	0	0	0	1	0	1	0	0	0	1	0	1	1	0	1	S
NMDC20552008	0	0	0	1	0	0	0	0	1	0	1	0	0	0	1	0	1	1	0	1	S
NMDC20558037	0	0	0	1	0	0	0	0	1	0	1	0	1	0	1	0	1	0	0	0	S
NMDC20586823	0	0	0	1	0	0	1	0	1	0	1	0	0	0	1	1	1	1	0	1	S
NMDC20558039	0	0	0	1	0	0	1	0	1	0	1	0	0	0	1	1	1	1	0	1	S
NMDC20556045	1	1	1	0	1	0	0	0	1	1	0	1	1	0	0	0	1	0	1	0	S
NMDC20552010	0	0	0	1	0	0	0	0	1	0	1	0	0	0	1	0	1	1	0	1	S
NMDC20558040	0	0	0	1	0	0	0	0	1	0	1	0	0	0	1	0	1	1	0	1	S
NMDC20554031	0	0	0	1	1	0	0	0	1	0	1	0	0	0	0	0	1	0	0	1	S
NMDC20552011	1	1	1	0	1	0	0	0	1	1	0	1	1	0	0	0	1	0	1	0	S
NMDC20586831	0	0	0	1	0	0	0	0	1	0	1	0	0	0	1	0	1	1	0	1	S
NMDC20554034	0	0	0	1	0	0	0	0	1	0	1	0	0	0	1	0	1	1	0	1	S
NMDC20558041	0	0	0	0	1	0	0	0	1	0	0	0	0	0	0	0	0	0	0	0	S
NMDC20586832	1	1	1	0	1	0	0	0	1	1	0	1	1	0	0	0	1	0	1	0	S
NMDC20556046	0	0	0	1	1	0	0	0	1	0	1	0	0	0	0	0	1	0	0	1	S
NMDC20554035	0	0	0	1	0	0	0	0	1	0	1	0	0	0	1	0	1	0	0	0	S
NMDC20586833	0	0	0	1	0	0	0	0	1	0	1	0	0	0	1	0	1	1	0	1	S
NMDC20586834	0	0	0	1	0	0	0	0	1	0	1	0	0	0	1	0	1	1	0	1	S
NMDC20586836	0	0	0	1	0	0	0	0	1	0	1	0	0	0	0	1	1	0	0	0	S
NMDC20554036	0	0	0	1	0	0	0	0	1	0	1	0	0	0	0	1	1	0	0	0	S
NMDC20552013	0	0	0	1	0	0	0	0	1	0	1	0	0	0	1	0	1	0	0	0	S
NMDC20558044	0	0	0	1	0	0	0	0	1	0	1	0	1	0	0	0	1	0	0	1	S
NMDC20554039	0	0	0	1	0	0	0	0	1	0	1	0	0	0	0	1	1	0	0	0	S
NMDC20554040	0	0	0	1	0	0	0	0	1	0	1	0	0	0	1	0	1	1	0	1	S
NMDC20558046	1	1	1	0	1	0	0	0	1	1	0	1	1	0	0	0	1	0	1	0	S
NMDC20552015	1	1	1	0	1	0	0	0	1	1	0	1	1	0	0	0	1	0	1	0	S
NMDC20554041	1	1	1	0	1	0	0	0	1	1	0	1	1	0	0	0	1	0	1	0	S
NMDC20554435	0	0	0	1	0	0	0	0	1	0	1	0	0	0	1	0	1	1	0	1	S
NMDC20552430	0	0	0	1	0	0	0	0	1	0	1	0	0	0	1	0	1	1	0	1	S
NMDC20554433	0	0	0	1	0	0	0	0	1	0	1	0	0	0	1	0	1	1	0	1	S
NMDC20556425	0	0	0	1	0	0	0	0	1	0	1	0	0	0	1	0	1	0	0	0	S
NMDC20552432	0	0	0	1	0	0	0	0	1	0	1	0	0	0	1	0	1	1	0	1	S
NMDC20558445	0	0	0	1	0	0	0	0	1	0	1	0	0	0	1	0	1	1	0	1	S
NMDC20554437	0	0	0	1	0	1	1	0	1	0	1	0	0	0	1	0	1	1	0	1	S
NMDC20588276	1	1	1	0	1	0	0	0	1	1	0	1	1	0	0	0	1	0	1	0	S
NMDC20556426	0	0	0	1	0	0	0	0	1	0	1	0	0	0	1	0	1	1	0	1	S
NMDC20552433	0	0	0	1	0	0	0	0	1	0	0	1	0	0	0	0	0	0	0	0	S
NMDC20588280	0	0	0	1	0	0	0	0	1	0	1	1	0	0	0	0	1	1	0	0	S
NMDC20588282	0	0	0	1	0	0	0	0	1	0	0	1	0	0	0	0	0	0	0	0	S
NMDC20588283	0	0	0	1	0	0	0	0	1	0	1	0	0	0	1	0	1	1	0	1	S
NMDC20554442	0	0	0	1	0	0	0	0	1	0	1	0	0	0	0	1	1	0	0	0	S
NMDC20588285	0	0	0	1	0	0	0	0	1	0	1	0	0	0	1	0	1	1	0	1	S
NMDC20552435	0	0	0	1	0	0	0	0	1	0	1	0	0	0	1	0	1	1	0	1	S
NMDC20552437	0	0	0	1	0	0	0	0	1	0	1	0	0	0	1	0	1	0	0	0	S
NMDC20588290	0	0	0	1	0	0	0	0	1	0	1	1	0	0	0	0	1	1	0	0	S
NMDC20556428	0	0	0	1	0	0	0	0	1	0	1	0	0	0	0	1	1	0	0	0	S
NMDC20588292	0	0	0	1	0	1	1	0	1	0	1	0	0	0	1	1	1	1	0	1	S
NMDC20558453	0	0	0	1	0	0	0	0	1	0	1	1	0	0	0	0	1	0	0	0	S
NMDC20588293	0	0	0	1	0	0	0	0	1	0	1	0	0	0	1	0	1	1	0	1	S
NMDC20588294	0	0	0	1	0	0	0	0	1	0	1	0	0	0	1	0	1	1	0	1	S
NMDC20588296	0	0	0	1	0	0	0	0	1	0	1	0	0	0	1	0	1	1	0	1	S
NMDC20556430	0	0	0	1	1	0	0	0	1	0	1	1	0	0	0	0	1	0	0	1	S
NMDC20588300	0	0	0	1	0	0	0	0	1	0	1	0	0	0	1	0	1	1	0	1	S
NMDC20554445	0	0	0	1	0	0	0	0	1	0	1	0	0	0	1	0	1	1	0	1	S
NMDC20556432	1	1	1	0	1	0	0	0	1	1	0	1	1	0	0	0	1	0	1	0	S
NMDC20588303	0	0	0	1	0	0	0	0	1	0	1	0	0	0	1	0	1	1	0	1	S
NMDC20556433	0	0	0	1	0	0	0	0	1	0	1	0	0	0	1	0	1	1	0	1	S
NMDC20558455	0	0	0	1	0	0	0	0	1	0	1	1	1	0	0	0	1	0	0	0	S
NMDC20556436	0	0	0	1	0	0	0	0	1	0	1	0	0	0	1	0	1	1	0	1	S
NMDC20552442	1	1	1	0	1	0	0	0	1	1	0	1	1	0	0	0	1	0	1	0	S
NMDC20552443	0	0	0	1	0	0	0	0	1	0	1	0	0	0	1	1	1	1	0	1	S
NMDC20554446	0	0	0	1	0	0	0	0	1	0	1	0	0	0	1	0	1	1	0	1	S
NMDC20552448	0	0	0	1	0	0	0	0	1	0	1	0	1	0	0	0	1	0	0	0	S
NMDC20552444	1	1	1	0	1	0	0	0	1	1	0	1	1	0	0	0	1	0	1	0	S
NMDC20552445	1	1	1	0	1	0	0	0	1	1	0	1	1	0	0	0	1	0	1	0	S
NMDC20588307	0	0	0	1	0	0	0	0	1	0	1	0	0	0	1	0	1	1	0	1	S
NMDC20554447	0	0	0	1	0	0	0	0	1	0	1	0	0	0	1	0	1	1	0	1	S
NMDC20588309	0	0	0	1	0	0	0	0	1	0	1	0	0	0	1	0	1	1	0	1	S
NMDC20556442	0	0	0	1	0	0	0	0	1	0	1	0	1	0	0	0	1	0	0	0	S
NMDC20554448	0	0	0	1	0	0	0	0	1	0	1	0	0	0	1	0	1	1	0	1	S
NMDC20588311	0	0	0	1	0	0	0	0	1	0	1	0	0	0	1	0	1	1	0	1	S
NMDC20552449	1	1	1	0	1	0	0	0	1	1	0	1	1	0	0	0	1	0	1	0	S
NMDC20556440	1	1	1	0	1	0	0	0	1	1	0	1	1	0	0	0	1	0	1	0	S
NMDC20556441	1	1	1	0	1	0	0	0	1	1	0	1	1	0	0	0	1	0	1	0	S
NMDC20558458	0	0	0	1	0	0	0	0	1	0	1	1	0	0	0	0	1	0	0	0	S
NMDC20588312	0	0	0	1	0	0	0	0	1	0	1	0	0	0	1	0	1	0	0	0	S
NMDC20558459	0	0	0	1	0	0	0	0	1	1	0	0	0	0	0	0	1	1	0	0	S
NMDC20588313	1	1	1	0	1	0	0	0	1	1	0	1	1	0	0	0	1	0	1	0	S
NMDC20558462	0	0	0	1	0	0	0	0	1	0	1	0	0	0	1	0	1	1	0	1	S
NMDC20588314	0	0	0	1	0	0	0	0	1	0	1	0	0	0	1	1	1	1	0	1	S
NMDC20558463	0	0	0	1	0	0	0	0	1	0	1	0	0	0	1	0	1	1	0	1	S
NMDC20588315	1	1	1	0	1	0	0	0	1	1	0	1	1	0	0	0	1	0	1	0	S
NMDC20558464	0	0	0	1	0	0	0	0	1	0	1	0	0	0	1	0	1	1	0	1	S
NMDC20558465	0	0	0	1	0	0	0	0	1	0	1	0	0	0	0	0	1	0	0	0	S
NMDC20554449	0	0	0	1	0	0	0	0	1	0	1	0	0	0	1	0	1	1	0	1	S
NMDC20556446	1	1	1	0	1	0	0	0	1	1	0	1	1	0	0	0	1	0	1	0	S
NMDC20588317	0	0	0	1	0	0	1	0	1	0	1	0	0	0	1	0	1	1	0	1	S
NMDC20588318	0	0	0	1	0	0	0	0	1	0	1	0	0	0	1	0	1	1	0	1	S
NMDC20588320	0	0	0	1	0	0	0	0	1	0	1	0	0	0	1	0	1	1	0	1	S
NMDC20588321	0	0	0	1	0	0	0	0	1	0	1	0	0	0	1	0	1	1	0	1	S
NMDC20552451	0	0	0	1	0	0	0	0	1	0	1	0	0	0	1	0	1	0	0	0	S
NMDC20558466	0	0	0	1	0	0	0	0	1	0	1	0	0	0	1	0	1	0	0	0	S
NMDC20554453	0	0	0	1	0	0	0	0	1	0	1	1	0	0	0	0	1	0	0	1	S
NMDC20554451	0	0	0	1	0	0	0	0	1	0	1	0	0	0	1	0	1	1	0	1	S
NMDC20556447	1	1	1	0	1	0	0	0	1	1	0	1	1	0	0	0	1	0	1	0	S
NMDC20588323	0	0	0	1	0	0	0	0	1	1	0	0	1	0	0	0	1	1	0	0	S
NMDC20558467	0	0	0	1	0	0	0	0	1	0	1	0	0	0	1	0	1	1	0	1	S
NMDC20558468	0	0	0	1	0	0	0	0	1	0	0	0	0	0	1	0	0	0	0	0	S
NMDC20588324	1	1	1	0	1	0	0	0	1	1	0	1	1	0	0	0	1	0	1	0	S
NMDC20554454	0	0	0	1	0	0	0	0	1	0	1	0	0	0	1	0	1	0	0	0	S
NMDC20558469	0	0	0	1	0	0	0	0	1	0	1	0	0	0	0	0	1	0	0	0	S
NMDC20588325	1	1	1	0	1	0	0	0	1	1	0	1	1	0	0	0	1	0	1	0	S
NMDC20588326	0	0	0	1	0	0	0	0	1	0	1	1	0	0	0	0	1	1	0	0	S
NMDC20588327	0	0	0	1	0	0	0	0	1	0	1	1	0	0	0	0	1	1	0	0	S
NMDC20558470	0	0	0	1	0	0	0	0	1	0	1	0	0	0	1	0	1	1	0	1	S
NMDC20588328	0	0	0	1	0	0	0	0	1	0	1	0	0	0	1	0	1	1	0	1	S
NMDC20554456	1	1	1	0	1	0	0	0	1	1	0	1	1	0	0	0	1	0	1	0	S
NMDC20588329	0	0	0	1	0	0	0	0	1	0	1	0	0	0	1	0	1	1	0	1	S
NMDC20556448	1	1	1	0	1	0	0	0	1	1	0	1	1	0	0	0	1	0	1	0	S
NMDC20556449	0	0	0	1	0	0	0	0	1	0	1	1	0	0	0	0	1	1	0	0	S
NMDC20588331	1	1	1	0	1	0	0	0	1	1	0	1	1	0	0	0	1	0	1	0	S
NMDC20552457	1	1	1	0	1	0	0	0	1	1	0	1	1	0	0	0	1	0	1	0	S
NMDC20588332	1	1	1	0	1	0	0	0	1	1	0	1	1	0	0	0	1	0	1	0	S
NMDC20554459	0	0	0	1	0	0	0	0	1	0	1	0	0	0	1	0	1	1	0	1	S
NMDC20554460	1	1	1	0	1	0	0	0	1	1	0	1	1	0	0	0	1	0	1	0	S
NMDC20558474	0	0	0	1	1	0	0	0	1	0	0	1	0	0	0	0	0	0	0	0	S
NMDC20552458	1	1	1	0	1	0	0	0	1	1	0	1	1	0	0	0	1	0	1	0	S
NMDC20588334	0	0	0	1	0	0	0	0	1	0	1	0	0	0	1	0	1	1	0	1	S
NMDC20588335	0	0	0	1	0	0	0	0	1	0	1	0	0	0	1	0	1	1	0	1	S
NMDC20552459	0	0	0	1	0	0	0	0	1	0	1	0	1	0	0	0	1	0	0	1	S
NMDC20588336	0	0	0	1	0	0	0	0	1	0	1	0	0	0	1	0	1	1	0	1	S
NMDC20556450	0	0	0	1	0	0	0	0	1	0	1	0	0	0	1	0	1	1	0	1	S
NMDC20588337	0	0	0	1	0	0	0	0	1	0	1	0	0	0	1	0	1	1	0	1	S
NMDC20552460	0	0	0	1	0	0	0	0	1	0	1	0	0	0	1	0	1	1	0	1	S
NMDC20588340	0	0	0	1	0	0	0	0	1	0	1	0	0	0	1	0	1	0	0	0	S
NMDC20588341	1	1	1	0	1	0	0	0	1	1	0	1	1	0	0	0	1	0	1	0	S
NMDC20554462	1	1	1	0	1	0	0	0	1	1	0	1	1	0	0	0	1	0	1	0	S
NMDC20588345	0	0	0	1	0	0	0	0	1	0	1	1	0	0	0	0	1	1	0	0	S
NMDC20556452	0	0	0	1	0	0	0	0	1	0	1	0	1	0	1	0	1	0	0	0	S
NMDC20588346	0	0	0	1	0	0	0	0	1	0	1	0	0	0	1	0	1	1	0	1	S
NMDC20558475	1	1	1	0	1	0	0	0	1	1	0	1	1	0	0	0	1	0	1	0	S
NMDC20556454	0	0	0	1	0	0	0	0	1	0	0	1	1	0	0	0	1	0	0	0	S
NMDC20588347	0	0	0	1	0	0	0	0	1	0	1	0	1	0	1	0	1	0	0	0	S
NMDC20588348	1	1	1	0	1	0	0	0	1	1	0	1	1	0	0	0	1	0	1	0	S
NMDC20588349	0	0	0	1	0	0	0	0	1	0	1	0	0	0	1	0	1	1	0	1	S
NMDC20558478	1	1	1	0	1	0	0	0	1	1	0	1	1	0	0	0	1	0	1	0	S
NMDC20588350	0	0	0	1	0	0	0	0	1	0	1	0	1	0	0	0	1	0	0	0	S
NMDC20554465	0	0	0	1	0	0	0	0	1	0	1	0	0	0	1	1	1	1	0	1	S
NMDC20552463	1	1	1	0	1	0	0	0	1	1	0	1	1	0	0	0	1	0	1	0	S
NMDC20554466	0	0	0	1	0	0	0	0	1	0	1	0	0	0	1	0	1	1	0	1	S
NMDC20558477	0	0	0	1	0	0	0	0	1	0	1	0	1	0	0	0	1	0	0	0	S
NMDC20556457	0	0	0	1	0	0	0	0	1	0	1	0	0	0	1	0	1	1	0	1	S
NMDC20588351	0	0	0	1	0	0	0	0	1	0	1	0	0	0	0	0	1	0	0	0	S
NMDC20588352	0	0	0	1	0	0	0	0	1	0	1	0	0	0	1	0	1	1	0	1	S
NMDC20588353	0	0	0	1	0	0	0	0	1	0	1	0	0	0	1	0	1	1	0	1	S
NMDC20558479	0	0	0	1	0	0	0	0	1	0	1	0	0	0	1	0	1	1	0	1	S
NMDC20552464	0	0	0	1	0	0	0	0	1	0	0	0	1	0	0	0	0	0	0	1	S
NMDC20558480	0	0	0	1	0	0	0	0	1	1	0	0	1	0	0	0	1	1	0	0	S
NMDC20588354	0	0	0	1	0	0	0	0	1	0	1	0	0	0	1	1	1	1	0	1	S
NMDC20556460	0	0	0	1	0	0	0	0	1	0	1	1	0	0	0	0	1	1	0	0	S
NMDC20588355	0	0	0	1	0	0	0	0	1	0	1	0	0	0	1	0	1	1	0	1	S
NMDC20588356	0	0	0	1	0	0	0	0	1	0	1	1	0	0	0	0	1	0	0	1	S
NMDC20588357	0	0	0	1	0	0	0	0	1	0	1	0	0	0	1	0	1	1	0	1	S
NMDC20554468	0	0	0	1	0	0	0	0	1	0	1	0	0	0	1	0	1	1	0	1	S
NMDC20588362	0	0	0	1	0	0	0	0	1	0	1	0	0	0	1	0	1	1	0	1	S
NMDC20554469	1	1	1	0	1	0	0	0	1	1	0	1	1	0	0	0	1	0	1	0	S
NMDC20588364	0	0	0	1	0	0	0	0	1	0	1	0	0	0	1	0	1	1	0	1	S
NMDC20588507	0	0	0	1	0	0	0	0	1	0	1	0	0	0	1	0	1	1	0	1	S
NMDC20588508	0	0	0	1	0	0	0	0	1	0	1	0	0	0	1	0	1	1	0	1	S
NMDC20588509	0	0	0	1	0	0	0	0	1	0	1	0	0	0	1	0	1	1	0	1	S
NMDC20554535	0	0	0	1	1	0	0	0	1	0	1	1	0	0	0	0	1	0	0	0	S
NMDC20552538	0	0	0	1	0	0	0	0	1	0	1	0	0	0	1	0	1	1	0	1	S
NMDC20588510	0	0	0	1	0	0	0	0	1	0	1	0	0	0	1	0	1	1	0	1	S
NMDC20588511	0	0	0	1	0	0	0	0	1	0	1	1	0	0	0	0	1	1	0	0	S
NMDC20552539	0	0	0	1	0	0	0	0	1	0	1	0	0	0	0	0	1	0	0	0	S
NMDC20552540	0	0	0	1	0	0	0	0	1	1	0	0	1	0	0	0	1	1	0	0	S
NMDC20554536	0	0	0	1	0	0	0	0	1	0	1	0	0	0	1	0	1	1	0	1	S
NMDC20588514	0	0	0	1	0	0	0	0	1	0	1	0	1	0	0	0	1	0	0	1	S
NMDC20554539	0	0	0	1	0	0	0	0	1	0	1	0	0	0	1	0	1	1	0	1	S
NMDC20554540	0	0	0	1	0	0	0	0	1	0	1	0	0	0	1	0	1	1	0	1	S
NMDC20552542	0	0	0	1	0	0	0	0	1	0	1	0	0	0	1	0	1	1	0	1	S
NMDC20588517	1	1	1	0	1	0	0	0	1	1	0	1	1	0	0	0	1	0	1	0	S
NMDC20554542	1	1	1	0	1	0	0	0	1	1	0	1	1	0	0	0	1	0	1	0	S
NMDC20554543	0	0	0	1	0	0	0	0	1	0	1	0	0	0	1	0	1	1	0	1	S
NMDC20554544	0	0	0	1	0	0	0	0	1	0	1	0	0	0	1	0	1	1	0	1	S
NMDC20588518	0	0	0	1	0	0	0	0	1	0	1	0	0	0	1	0	1	1	0	1	S
NMDC20554546	0	0	0	1	0	0	0	0	0	0	0	0	1	0	0	0	0	0	0	1	S
NMDC20554545	0	0	0	1	0	0	0	0	1	0	1	0	0	0	0	1	1	0	0	0	S
NMDC20552543	0	0	0	1	0	1	1	0	1	0	1	0	0	0	1	0	1	1	0	1	S
NMDC20558542	0	0	0	1	0	0	0	0	1	0	1	0	0	0	0	0	1	0	0	0	S
NMDC20558543	0	0	0	1	0	0	0	0	1	0	1	0	0	0	1	0	1	1	0	1	S
NMDC20588522	0	0	0	1	0	0	0	0	1	0	1	0	0	0	0	1	1	0	0	0	S
NMDC20556532	0	0	0	1	0	0	0	0	1	0	1	0	0	0	1	0	1	1	0	1	S
NMDC20552544	0	0	0	1	0	0	0	0	1	0	1	0	0	0	1	0	1	1	0	1	S
NMDC20588524	0	0	0	1	0	0	0	0	1	0	1	0	0	0	1	0	1	1	0	1	S
NMDC20554547	0	0	0	1	0	0	0	0	1	0	1	0	0	0	1	0	1	1	0	1	S
NMDC20556533	1	0	1	0	1	0	0	0	1	1	0	1	1	0	0	0	1	0	1	0	S
NMDC20588525	0	0	0	1	0	0	0	0	1	0	1	0	0	0	1	0	1	1	0	1	S
NMDC20588527	0	0	0	1	0	0	0	0	1	0	1	0	1	0	1	0	1	0	0	0	S
NMDC20552545	0	0	0	1	0	0	0	0	1	0	1	1	0	0	0	0	1	1	0	0	S
NMDC20552546	0	0	0	1	0	0	0	0	1	0	1	0	0	0	1	0	1	1	0	1	S
NMDC20588528	0	0	0	1	0	0	0	0	1	0	1	0	1	0	0	0	1	0	0	1	S
NMDC20556534	0	0	0	1	1	0	0	0	1	0	1	0	0	0	1	0	1	1	0	0	S
NMDC20588529	0	0	0	1	0	0	0	0	1	0	1	0	0	0	1	0	1	1	0	1	S
NMDC20554548	0	0	0	1	0	0	0	0	1	0	1	0	0	0	1	0	1	1	0	1	S
NMDC20558544	0	0	0	1	0	0	0	0	1	0	1	1	0	0	0	0	1	0	0	1	S
NMDC20588532	0	0	0	1	0	0	0	0	1	0	1	0	0	0	1	0	1	1	0	1	S
NMDC20588533	0	0	0	1	0	0	0	0	1	0	1	0	0	0	1	0	1	1	0	1	S
NMDC20556536	0	0	0	1	0	0	0	0	1	0	0	0	0	0	0	0	1	0	0	0	S
NMDC20552547	0	0	0	1	0	0	0	0	1	0	1	0	0	0	1	0	1	1	0	1	S
NMDC20552548	0	0	0	1	0	0	0	0	1	0	1	0	0	0	1	0	1	1	0	1	S
NMDC20588534	0	0	0	1	0	0	0	0	1	0	1	0	0	0	1	0	1	1	0	1	S
NMDC20588535	0	0	0	1	0	0	0	0	1	0	0	0	1	0	0	0	0	0	0	1	S
NMDC20558545	0	0	0	1	0	0	0	0	1	0	1	1	0	0	0	0	1	0	0	1	S
NMDC20556537	0	0	0	1	0	0	0	0	1	0	1	0	0	0	1	0	1	1	0	1	S
NMDC20558546	0	0	0	1	0	0	0	0	1	0	1	0	0	0	1	0	1	1	0	1	S
NMDC20558547	0	0	0	1	0	0	0	0	1	0	1	0	0	0	1	0	1	1	0	1	S
NMDC20554550	0	0	0	1	0	0	0	0	1	0	1	0	1	0	0	0	1	0	0	1	S
NMDC20552549	0	0	0	1	0	0	0	0	1	0	1	0	0	0	1	0	1	1	0	1	S
NMDC20558548	0	0	0	1	0	0	0	0	1	0	1	0	0	0	0	0	1	0	0	0	S
NMDC20558549	0	0	0	1	0	0	0	0	1	0	1	1	0	0	0	0	1	0	0	1	S
NMDC20588536	0	0	0	1	0	0	0	0	1	0	1	0	0	0	1	0	1	1	0	1	S
NMDC20588538	0	0	0	1	1	0	0	0	1	0	1	0	0	0	1	0	1	1	0	0	S
NMDC20556538	0	0	0	1	0	0	0	0	1	0	1	1	0	0	0	0	1	0	0	1	S
NMDC20554551	0	0	0	1	0	0	0	0	1	0	1	0	1	0	0	0	1	0	0	1	S
NMDC20588539	0	0	0	1	0	0	0	0	1	0	1	0	0	0	1	0	1	1	0	1	S
NMDC20558550	0	0	0	1	0	0	0	0	1	0	1	0	0	0	1	0	1	1	0	1	S
NMDC20556540	0	0	0	1	0	0	0	0	1	0	1	0	0	0	1	0	1	1	0	1	S
NMDC20552550	0	0	0	1	0	0	0	0	1	0	1	0	1	0	1	0	1	0	0	0	S
NMDC20588543	0	0	0	1	0	0	0	0	1	0	1	0	0	0	1	0	1	1	0	1	S
NMDC20558551	0	0	0	1	0	0	0	0	1	0	1	0	0	0	1	0	1	1	0	1	S
NMDC20552551	0	0	0	1	0	0	0	0	1	0	1	0	0	0	1	0	1	1	0	1	S
NMDC20588544	0	0	0	1	0	0	0	0	1	0	1	0	0	0	1	0	1	1	0	1	S
NMDC20556541	0	0	0	1	0	0	0	0	1	0	1	0	0	0	1	0	1	1	0	1	S
NMDC20556542	0	0	0	1	0	1	1	0	1	0	1	0	0	0	1	0	1	1	0	1	S
NMDC20556543	0	0	0	1	0	0	0	0	1	0	1	0	1	0	1	0	1	0	0	0	S
NMDC20588546	0	0	0	1	0	0	0	0	1	1	0	0	1	0	0	0	1	1	0	0	S
NMDC20588547	1	0	1	0	1	0	0	0	1	1	0	1	1	0	0	0	1	0	1	0	S
NMDC20554553	0	0	0	1	0	0	1	0	1	0	1	0	0	0	1	0	1	1	0	1	S
NMDC20556545	0	0	0	1	0	0	0	0	1	0	1	0	0	0	1	0	1	1	0	1	S
NMDC20588551	0	0	0	1	0	0	0	0	1	0	1	0	0	0	1	0	1	1	0	1	S
NMDC20554555	0	0	0	1	0	0	0	0	1	0	1	0	0	0	1	0	1	1	0	1	S
NMDC20588552	0	0	0	1	0	0	0	0	1	0	1	0	0	0	1	0	1	1	0	1	S
NMDC20588553	0	0	0	1	0	0	0	0	1	0	1	0	0	0	1	0	1	1	0	1	S
NMDC20556546	0	0	0	1	0	0	0	0	1	0	1	0	0	0	1	0	1	1	0	1	S
NMDC20588554	0	0	0	1	0	0	0	0	1	0	1	0	0	0	1	0	1	1	0	1	S
NMDC20556548	0	0	0	1	0	0	0	0	1	0	1	0	0	0	1	0	1	1	0	1	S
NMDC20588555	0	0	0	1	0	0	0	0	1	0	1	0	0	0	1	0	1	1	0	1	S
NMDC20554556	0	0	0	1	0	0	0	0	1	0	1	0	0	0	1	0	1	1	0	1	S
NMDC20588557	0	0	0	1	0	0	0	0	1	0	1	0	0	0	1	0	1	1	0	1	S
NMDC20588558	0	0	0	1	0	0	0	0	1	0	1	0	0	0	1	0	1	1	0	1	S
NMDC20558555	0	0	0	1	0	0	1	0	1	0	1	0	0	0	1	1	1	1	0	1	S
NMDC20558556	0	0	0	1	0	0	0	0	1	0	1	0	0	0	1	0	1	1	0	1	S
NMDC20556551	0	0	0	1	0	0	0	0	1	0	1	0	0	0	0	0	1	0	0	0	S
NMDC20558557	0	0	0	1	0	0	0	0	1	0	1	0	0	0	1	0	1	1	0	1	S
NMDC20588560	0	0	0	1	0	0	0	0	1	0	1	0	0	0	1	0	1	1	0	1	S
NMDC20552556	0	0	0	1	0	0	0	0	1	0	1	0	1	0	1	0	1	0	0	0	S
NMDC20552557	0	0	0	1	0	0	0	0	1	0	1	0	0	0	0	0	1	0	0	0	S
NMDC20588562	0	0	0	1	0	0	0	0	1	0	1	0	0	0	1	0	1	1	0	1	S
NMDC20558559	0	0	0	1	0	0	0	0	1	0	1	0	0	0	1	0	1	1	0	1	S
NMDC20558560	0	0	0	1	0	0	0	0	1	0	1	0	0	0	1	0	1	1	0	1	S
NMDC20556552	0	0	0	1	0	0	0	0	1	0	1	0	0	0	1	0	1	1	0	1	S
NMDC20554558	0	0	0	1	0	0	0	0	1	0	1	0	0	0	1	0	1	1	0	1	S
NMDC20588563	0	0	0	1	0	0	0	0	1	0	1	0	0	0	1	0	1	1	0	1	S
NMDC20554560	0	0	0	1	0	0	0	0	1	0	1	0	0	0	1	0	1	1	0	1	S
NMDC20552558	0	0	0	1	0	0	0	0	1	0	1	0	0	0	1	0	1	1	0	1	S
NMDC20588564	0	0	0	1	0	0	0	0	1	0	1	0	0	0	1	0	1	1	0	1	S
NMDC20588565	0	0	0	1	0	0	0	0	1	0	1	0	0	0	1	0	1	1	0	1	S
NMDC20552559	0	0	0	1	0	0	0	0	1	0	1	0	0	0	1	0	1	1	0	1	S
NMDC20558561	0	0	0	1	0	0	0	0	1	0	1	0	0	0	1	0	1	1	0	1	S
NMDC20556555	0	0	0	1	0	0	0	0	1	0	1	0	0	0	1	0	1	1	0	1	S
NMDC20552560	0	0	0	1	0	0	0	0	1	0	1	0	0	0	0	0	1	0	0	0	S
NMDC20554561	0	0	0	1	0	0	0	0	1	0	1	0	0	0	1	0	1	1	0	1	S
NMDC20558562	0	0	0	1	0	0	0	0	1	0	1	0	0	0	1	0	1	1	0	1	S
NMDC20588567	0	0	0	1	0	0	0	0	1	0	1	0	0	0	1	0	1	1	0	1	S
NMDC20588568	0	0	0	1	0	0	0	0	1	0	1	0	0	0	1	0	1	1	0	1	S
