	extended-spectrum_class_A_beta-lactamase_CTX-M-55	quinolone_resistance_pentapeptide_repeat_protein_QnrB22	macrolide_resistance_MFS_transporter_Mrx(A)	class_C_beta-lactamase_CMY-2	macrolide_resistance_MFS_transporter_Mrx(A)|SNP-333-333	ANT(3'')-Ia_family_aminoglycoside_nucleotidyltransferase_AadA|SNP-666-666	multidrug_efflux_transporter_outer_membrane_subunit_MdsC|SNP-917-917	DNA-directed_RNA_polymerase_subunit_beta(rpoB)|SNP-915-915	extended-spectrum_class_A_beta-lactamase_CTX-M-64	extended-spectrum_class_A_beta-lactamase_CTX-M-123	multidrug_efflux_transporter_outer_membrane_subunit_MdsC|SNP-878-878	DNA-directed_RNA_polymerase_subunit_beta(rpoB)|SNP-993-993	Multidrug_resistance_protein_MdtK|SNP-1059-1059	extended-spectrum_class_C_beta-lactamase_DHA-1	ANT(3'')-Ia_family_aminoglycoside_nucleotidyltransferase_AadA|SNP-393-393	Mph(A)_family_macrolide_2'-phosphotransferase	Macrolide_export_ATP-binding/permease_protein_MacB|SNP-1587-1587	multidrug_efflux_transporter_outer_membrane_subunit_MdsC|SNP-1479-1479	sulfonamide-resistant_dihydropteroate_synthase_Sul1	multidrug_efflux_MFS_transporter_MdtM|SNP-1149-1149	DNA-directed_RNA_polymerase_subunit_beta(rpoB)|SNP-3417-3417	DNA-directed_RNA_polymerase_subunit_beta(rpoB)|SNP-3282-3282	extended-spectrum_class_A_beta-lactamase_CTX-M-65	multidrug_efflux_RND_transporter_subunit_MdtA|SNP-1167-1167	LPS_assembly_protein_LptD|SNP-906-906	extended-spectrum_class_A_beta-lactamase_CTX-M-130	sensor_histidine_kinase_KdpD|SNP-756-756	Multidrug_resistance_protein_MdtK|SNP-813-813	eptB|SNP-1624-1624	multidrug_efflux_RND_transporter_subunit_MdtA|SNP-666-666	Group
NMDC20552804	0	0	0	1	0	1	0	0	0	0	0	0	0	0	1	0	1	1	1	0	0	0	0	0	1	0	0	0	1	1	R
NMDC20554778	0	0	1	1	1	1	0	1	0	0	0	1	1	0	1	1	0	0	1	0	1	1	0	0	0	0	0	0	1	1	R
NMDC20582476	0	0	0	0	0	1	0	0	0	0	1	0	0	0	0	0	0	0	0	0	0	0	0	0	0	0	0	0	1	1	R
NMDC20582477	0	0	0	0	0	1	0	1	0	1	0	1	0	0	1	0	1	1	1	0	0	1	0	0	1	0	0	0	1	1	R
NMDC20582481	1	0	0	0	0	1	0	1	0	0	0	1	0	0	1	0	1	1	1	0	0	1	0	0	1	0	0	0	1	1	R
NMDC20552805	1	0	1	0	1	1	0	1	0	0	0	1	0	0	1	1	1	1	1	0	0	1	0	0	1	0	0	0	1	1	R
NMDC20554779	1	0	0	0	0	1	0	1	0	0	0	1	0	0	1	0	1	1	1	0	0	1	0	0	1	0	0	0	1	1	R
NMDC20582484	0	0	0	0	0	1	0	1	0	0	0	1	0	0	0	0	0	0	0	0	1	1	0	0	0	0	0	0	0	0	R
NMDC20582489	0	0	0	0	0	1	0	0	0	0	0	0	0	0	0	0	0	0	0	0	1	1	0	0	0	0	0	0	0	0	R
NMDC20582493	0	0	0	0	0	1	0	1	0	0	0	1	0	0	1	0	1	1	0	0	0	1	0	0	1	0	0	0	1	1	R
NMDC20550795	1	0	1	0	0	1	0	1	0	0	0	1	0	0	1	1	1	1	1	0	0	1	0	0	1	0	0	0	1	1	R
NMDC20582494	0	0	0	0	0	1	0	0	0	0	1	0	0	0	0	0	0	0	0	0	0	0	0	0	0	0	0	0	1	1	R
NMDC20582495	0	1	1	0	1	0	0	0	0	0	0	0	0	1	0	1	1	0	1	0	0	1	0	0	0	0	0	0	1	0	R
NMDC20582499	0	0	0	0	0	1	0	0	0	0	0	0	0	0	1	0	1	1	1	0	0	0	0	0	1	0	0	0	1	1	R
NMDC20582504	0	0	1	0	1	0	0	0	0	0	0	1	0	0	0	1	0	0	1	0	0	0	0	0	0	0	0	0	0	0	R
NMDC20582505	0	0	0	0	0	1	0	1	0	0	0	1	0	0	1	0	1	1	0	0	0	1	0	0	1	0	0	0	1	1	R
NMDC20582507	0	0	0	0	0	1	0	1	0	0	0	1	0	0	1	0	1	1	1	0	0	1	0	0	1	0	0	0	1	1	R
NMDC20552806	0	0	0	0	0	1	0	1	0	0	0	1	0	0	1	0	1	1	1	0	0	1	0	0	1	0	0	0	1	1	R
NMDC20554783	0	0	0	1	0	1	0	1	0	0	0	1	0	0	1	0	1	1	1	0	0	1	0	0	1	0	0	0	1	1	R
NMDC20582509	0	0	0	0	0	1	0	0	0	0	1	0	0	0	0	0	0	0	0	0	0	0	0	0	0	0	0	0	1	1	R
NMDC20582511	0	1	0	0	0	1	0	1	0	0	0	1	0	1	1	0	1	1	1	0	0	1	0	0	1	0	0	0	1	1	R
NMDC20550797	0	0	0	1	0	0	0	0	0	0	0	0	0	0	1	0	0	0	1	0	0	1	0	0	0	0	0	1	1	0	R
NMDC20554785	0	0	1	1	1	1	0	1	0	0	0	1	1	0	1	1	0	0	1	0	1	1	0	0	0	0	0	0	1	1	R
NMDC20582522	0	0	1	1	1	1	0	0	0	0	0	0	0	0	0	1	0	0	1	0	1	1	0	0	0	0	0	0	0	0	R
NMDC20582524	0	0	0	0	0	1	0	1	0	0	0	1	0	0	1	0	1	1	1	0	0	1	0	0	1	0	0	0	1	1	R
NMDC20582526	0	0	0	0	0	1	0	0	0	0	1	0	0	0	0	0	0	0	0	0	0	0	0	0	0	0	0	0	1	1	R
NMDC20582528	0	0	1	0	1	0	0	1	0	0	0	1	1	0	1	1	0	0	0	0	1	1	1	0	0	0	0	0	0	1	R
NMDC20582534	0	0	0	0	0	1	0	0	0	0	1	0	0	0	0	0	0	0	0	0	0	0	0	0	0	0	0	0	1	1	R
NMDC20582535	0	0	1	0	1	0	0	1	0	0	0	1	1	0	1	1	0	0	0	0	1	1	1	0	0	0	0	0	0	1	R
NMDC20582536	0	1	1	0	1	1	0	1	0	0	0	1	1	0	1	1	0	0	0	0	1	1	0	0	0	0	0	0	1	1	R
NMDC20582538	1	0	0	0	0	1	0	1	0	0	0	1	0	0	1	0	1	1	0	0	0	1	0	0	1	0	0	0	1	1	R
NMDC20556811	0	0	0	0	0	1	0	1	0	0	0	1	0	0	1	0	1	1	1	0	0	1	0	0	1	0	0	0	1	1	R
NMDC20554786	0	0	0	0	0	1	0	1	0	0	0	1	0	0	1	0	1	1	0	0	0	1	0	0	1	0	0	0	1	1	R
NMDC20582540	0	0	0	0	0	1	0	1	0	0	0	1	0	0	0	0	0	0	1	0	1	1	0	0	0	0	0	0	0	0	R
NMDC20556812	1	0	1	0	1	1	0	1	0	0	0	1	0	0	1	1	1	1	0	0	0	1	0	0	1	0	0	0	1	1	R
NMDC20582544	1	0	0	0	0	1	0	1	0	0	0	1	0	0	1	0	1	1	0	0	0	1	0	0	1	0	0	0	1	1	R
NMDC20552810	1	0	0	0	0	1	0	1	0	0	0	1	0	0	1	0	1	1	0	0	0	1	0	0	1	0	0	0	1	1	R
NMDC20554789	1	0	0	0	0	1	0	1	0	0	0	1	0	0	1	0	1	1	1	0	0	1	0	0	1	0	0	0	1	1	R
NMDC20582560	0	0	0	0	0	1	0	1	0	0	0	1	0	0	1	0	1	1	1	0	0	1	0	0	1	0	0	0	1	1	R
NMDC20582562	1	0	1	0	1	0	0	0	0	0	0	1	0	0	0	1	0	0	1	0	0	0	0	0	0	0	0	0	0	0	R
NMDC20582566	0	0	0	0	0	1	0	1	0	0	0	1	0	0	0	0	0	0	0	0	0	0	0	1	0	0	0	0	1	1	R
NMDC20582570	1	0	1	0	0	1	0	1	0	0	0	1	0	0	1	1	0	0	0	0	0	1	0	0	1	0	0	0	0	0	R
NMDC20554791	0	0	0	0	0	1	0	0	0	0	0	1	0	0	1	0	0	1	0	0	0	0	0	0	0	0	1	0	1	1	R
NMDC20582573	0	0	0	0	0	0	0	1	0	0	0	1	1	0	1	0	0	0	1	0	1	1	1	0	0	0	0	0	0	1	R
NMDC20582575	1	0	1	0	0	0	0	0	0	0	0	0	0	0	1	1	0	0	0	0	0	1	0	0	0	0	0	1	0	0	R
NMDC20582578	0	0	1	1	1	1	0	1	0	0	0	1	1	0	1	1	0	0	1	0	1	1	0	0	0	0	0	0	1	1	R
NMDC20582579	0	0	0	0	0	1	0	1	0	0	0	1	1	0	1	0	0	0	0	0	1	1	0	0	0	0	0	0	1	1	R
NMDC20582580	0	0	0	0	0	0	0	1	0	0	0	1	0	0	0	0	0	0	0	0	0	1	0	0	0	0	0	0	0	1	R
NMDC20582581	1	0	0	0	0	0	0	1	0	0	0	1	1	0	1	0	0	0	1	0	1	1	0	0	0	0	0	0	0	1	R
NMDC20582582	1	0	1	0	0	0	0	0	0	0	0	0	0	0	1	1	0	0	0	0	0	1	0	0	0	0	0	1	0	0	R
NMDC20582583	1	0	0	0	0	0	0	0	0	0	0	0	0	0	1	0	0	0	0	0	0	1	0	0	0	0	0	1	0	0	R
NMDC20582584	0	1	1	0	1	1	0	1	0	0	0	1	0	1	1	1	0	1	1	1	1	0	0	0	0	0	1	0	1	0	R
NMDC20582586	1	0	0	0	0	1	0	1	0	0	0	1	0	0	1	0	1	1	0	0	0	1	0	0	1	0	0	0	1	1	R
NMDC20582587	0	1	0	0	0	1	0	1	0	0	0	1	1	1	1	0	0	0	1	0	1	1	0	0	0	0	0	0	1	1	R
NMDC20582595	1	0	1	0	0	0	0	0	0	0	0	1	0	0	0	1	0	0	0	0	0	0	0	0	0	0	0	0	0	0	R
NMDC20582600	0	0	1	1	1	1	0	1	0	0	0	1	1	0	1	1	0	0	1	0	1	1	0	0	0	0	0	0	1	1	R
NMDC20582601	0	0	0	0	0	1	0	1	0	0	0	1	0	0	1	0	1	1	0	0	0	1	0	0	1	0	0	0	1	1	R
NMDC20582607	0	0	0	0	0	1	0	1	0	0	0	1	1	0	1	0	0	0	1	0	1	1	0	0	0	0	0	0	1	1	R
NMDC20582608	0	0	0	0	0	0	0	0	0	0	0	0	0	0	0	0	0	0	0	0	0	1	0	0	0	0	0	0	0	0	R
NMDC20582609	1	0	1	0	1	0	0	1	0	0	0	1	1	0	1	1	0	0	0	0	1	1	0	0	0	0	0	0	0	1	R
NMDC20556887	1	0	0	0	0	1	0	1	0	0	0	1	0	0	1	0	1	1	0	0	0	1	0	0	1	0	0	0	1	1	R
NMDC20582818	0	0	0	1	0	1	0	1	0	0	0	1	0	0	1	0	1	1	0	0	0	1	0	0	1	0	0	0	1	1	R
NMDC20554873	0	0	0	0	0	0	0	0	0	0	0	0	0	0	0	0	1	1	0	1	0	0	1	1	0	0	0	0	0	0	R
NMDC20552902	1	0	1	0	0	1	0	1	0	0	0	1	0	0	1	1	0	0	0	0	0	1	0	0	1	0	0	0	0	0	R
NMDC20582820	0	1	0	0	0	1	0	1	0	0	0	1	0	1	1	0	1	1	1	0	0	1	0	0	1	0	0	0	1	1	R
NMDC20582824	1	0	0	0	0	1	0	0	0	0	1	0	0	0	0	0	0	0	0	0	0	0	0	0	0	0	0	0	1	1	R
NMDC20552906	1	0	1	0	0	1	0	1	0	0	0	1	0	0	1	1	1	1	0	0	0	1	0	0	1	0	0	0	1	1	R
NMDC20582829	0	0	0	0	0	1	0	1	0	0	0	1	0	0	1	0	1	1	0	0	0	1	1	0	1	0	0	0	1	1	R
NMDC20550887	0	0	0	0	0	1	0	1	0	0	0	1	0	0	1	0	1	1	1	0	0	1	0	0	1	0	0	0	1	1	R
NMDC20554877	0	0	0	1	0	0	0	0	0	0	0	1	0	0	0	0	0	0	0	0	0	0	0	0	0	0	0	0	0	0	R
NMDC20556894	0	0	0	0	0	1	0	1	0	0	0	1	0	0	1	0	1	1	0	0	0	1	0	0	1	0	0	0	1	1	R
NMDC20582840	0	0	0	1	0	1	0	0	0	0	1	0	0	0	0	0	0	0	0	0	0	0	0	0	0	0	0	0	1	1	R
NMDC20550903	1	0	0	0	0	1	0	1	0	0	0	1	0	0	1	0	1	1	0	0	0	1	0	0	1	0	0	0	1	1	R
NMDC20552920	0	0	0	0	0	1	0	0	0	0	1	0	0	0	0	0	0	0	0	0	0	0	0	0	0	0	0	0	1	1	R
NMDC20582847	0	1	0	0	0	1	1	0	0	0	1	1	0	1	1	0	0	1	1	0	0	0	0	0	0	0	1	0	1	1	R
NMDC20556907	0	0	0	0	0	0	0	0	0	0	0	1	0	0	0	0	0	0	0	0	1	1	0	1	0	0	0	0	0	1	R
NMDC20556914	1	0	0	0	0	1	0	1	0	0	0	1	0	0	1	0	1	1	0	0	0	1	0	0	1	0	0	0	1	1	R
NMDC20552929	0	0	0	0	0	1	0	1	0	0	0	1	0	0	0	0	0	0	0	0	0	0	0	1	0	0	0	0	1	1	R
NMDC20552934	0	0	0	0	0	0	0	0	0	0	0	0	0	0	0	0	1	1	0	1	0	0	0	1	0	0	0	0	0	0	R
NMDC20554901	1	0	0	0	0	1	0	1	0	0	0	1	0	0	1	0	1	1	0	0	0	1	0	0	1	0	0	0	1	1	R
NMDC20582884	0	0	0	0	0	1	0	0	0	0	1	0	0	0	0	0	0	0	0	0	0	0	0	0	0	0	0	0	1	1	R
NMDC20582891	1	0	1	0	1	0	0	1	0	0	0	1	1	0	1	1	0	0	1	0	1	1	0	0	0	0	0	0	0	1	R
NMDC20582898	0	0	0	0	0	1	0	1	0	1	0	1	1	0	1	0	0	0	1	0	1	1	0	0	0	0	0	0	1	1	R
NMDC20582900	0	0	0	1	0	1	0	0	0	0	0	0	0	0	1	0	0	1	0	0	1	1	0	0	0	0	0	0	0	0	R
NMDC20582902	0	0	0	0	0	1	0	0	0	0	1	0	0	0	0	0	0	0	0	0	0	0	0	0	0	0	0	0	1	1	R
NMDC20582903	0	0	0	0	0	1	0	0	0	0	1	0	0	0	0	0	0	0	0	0	0	0	0	0	0	0	0	0	1	1	R
NMDC20551075	0	0	0	0	0	1	0	1	0	0	0	1	0	0	0	0	0	0	0	0	0	0	0	1	0	0	0	0	1	1	R
NMDC20583314	1	0	0	0	0	1	0	1	0	0	0	1	0	0	1	0	1	1	0	0	0	1	0	0	1	0	0	0	1	1	R
NMDC20553110	1	0	0	0	0	1	0	1	0	0	0	1	0	0	1	0	1	1	0	0	0	1	0	0	1	0	0	0	1	1	R
NMDC20553112	0	0	0	0	0	1	0	1	0	0	0	1	0	0	1	0	1	1	0	0	0	1	0	0	1	0	0	0	1	1	R
NMDC20583315	1	0	0	0	0	1	0	1	0	0	0	1	0	0	1	0	1	1	0	0	0	1	0	0	1	0	0	0	1	1	R
NMDC20555072	1	0	0	0	0	1	0	1	0	0	0	1	0	0	1	0	1	1	0	0	0	1	0	0	1	0	0	0	1	1	R
NMDC20583316	1	0	1	0	0	1	0	1	0	0	0	1	0	0	1	1	1	1	0	0	0	1	0	0	1	0	0	0	1	1	R
NMDC20583317	1	0	0	1	0	1	0	1	0	0	0	1	0	0	1	0	1	1	0	0	0	1	0	0	1	0	0	0	1	1	R
NMDC20555073	1	0	0	0	0	1	0	1	0	0	0	1	0	0	1	0	1	1	0	0	0	1	0	0	1	0	0	0	1	1	R
NMDC20555074	1	0	0	1	0	1	0	1	0	0	0	1	0	0	1	0	1	1	0	0	0	1	0	0	1	0	0	0	1	1	R
NMDC20555075	0	0	1	0	1	1	0	1	1	0	0	1	0	0	1	1	1	1	1	0	0	1	0	0	1	0	0	0	1	1	R
NMDC20583318	0	0	0	0	0	1	0	1	0	0	0	1	0	0	1	0	1	1	1	0	0	1	0	0	1	0	0	0	1	1	R
NMDC20555076	1	0	0	0	0	1	0	1	0	0	0	1	0	0	1	0	1	1	0	0	0	1	0	0	1	0	0	0	1	1	R
NMDC20583334	1	0	0	0	0	1	0	0	0	0	0	0	0	0	1	0	0	1	1	0	1	1	0	0	0	0	0	0	0	1	R
NMDC20583354	1	0	1	0	0	1	0	0	0	0	0	0	0	0	1	1	0	1	0	0	1	1	0	0	0	0	0	0	0	1	R
NMDC20584445	1	0	1	0	0	1	0	0	0	0	0	0	0	0	1	1	0	1	1	0	1	1	0	0	0	0	0	0	0	1	R
NMDC20584453	1	0	0	0	0	0	0	0	0	0	0	1	0	0	0	0	1	1	0	0	0	0	0	0	1	0	0	0	0	1	R
NMDC20584477	1	0	1	0	0	0	0	0	0	0	0	0	0	0	0	1	0	1	0	0	0	1	0	0	0	0	0	0	0	1	R
NMDC20584484	1	0	1	0	0	1	0	0	0	0	0	1	0	0	0	1	0	0	0	0	0	1	0	0	0	0	0	0	0	0	R
NMDC20584486	1	0	0	0	0	0	0	0	0	0	0	1	0	0	0	0	1	1	0	0	0	0	0	0	1	0	0	0	0	1	R
NMDC20584487	1	0	0	0	0	0	0	0	0	0	0	1	0	0	0	0	1	1	0	0	0	0	0	0	1	0	0	0	0	1	R
NMDC20584488	1	0	0	0	0	0	0	0	0	0	0	1	0	0	0	0	1	1	0	0	0	0	0	0	1	0	0	0	0	1	R
NMDC20584497	1	0	1	0	0	1	0	0	0	0	0	1	0	0	0	1	0	0	0	0	0	1	0	0	0	0	0	0	0	0	R
NMDC20584498	1	0	0	0	0	0	0	0	0	0	0	1	0	0	0	0	1	1	0	0	0	0	0	0	1	0	0	0	0	1	R
NMDC20584502	1	0	1	0	0	1	0	0	0	0	0	1	0	0	0	1	0	0	0	0	0	1	0	0	0	0	0	0	0	0	R
NMDC20584514	0	0	0	0	0	1	0	0	0	0	1	0	0	0	0	0	0	0	0	0	0	0	0	0	0	0	0	0	1	1	R
NMDC20584520	1	0	1	0	1	0	0	1	0	0	0	1	1	0	1	1	0	0	1	0	1	1	0	0	0	0	0	0	0	1	R
NMDC20584521	1	0	1	0	0	1	0	0	0	0	0	0	0	0	1	1	0	1	1	0	1	1	0	0	0	0	0	0	0	1	R
NMDC20584528	1	0	1	0	0	1	0	0	0	0	0	0	0	0	1	1	0	1	0	0	1	1	0	0	0	0	0	0	0	1	R
NMDC20584529	1	0	0	0	0	0	0	1	0	0	0	1	1	0	1	0	0	0	1	0	1	1	0	0	0	0	0	0	0	1	R
NMDC20584530	1	0	0	0	0	0	0	1	0	0	0	1	1	0	1	0	0	0	1	0	1	1	0	0	0	0	0	0	0	1	R
NMDC20584531	1	0	1	0	0	1	0	0	0	0	0	0	0	0	1	1	0	1	0	0	1	1	0	0	0	0	0	0	0	1	R
NMDC20584536	1	0	1	0	0	1	0	0	0	0	0	0	0	0	1	1	0	1	1	0	1	1	0	0	0	0	0	0	0	1	R
NMDC20584538	1	0	1	0	0	1	0	0	0	0	0	0	0	0	1	1	0	1	1	0	1	1	0	0	0	0	0	0	0	1	R
NMDC20584539	1	0	1	0	0	0	0	0	0	0	0	0	0	0	0	1	0	1	0	0	0	1	0	0	0	0	0	0	0	1	R
NMDC20584541	1	0	1	0	0	1	0	0	0	0	0	0	0	0	1	1	0	1	1	0	1	1	0	0	0	0	0	0	0	1	R
NMDC20584542	1	0	1	0	0	1	0	0	0	0	0	0	0	0	1	1	0	1	1	0	1	1	0	0	0	0	0	0	0	1	R
NMDC20584545	1	0	1	0	0	1	0	0	0	0	0	1	0	0	0	1	0	0	0	0	0	1	0	0	0	0	0	0	0	0	R
NMDC20584546	1	0	1	0	0	1	0	1	0	0	0	1	1	0	1	1	0	0	0	0	1	1	0	0	0	0	0	0	1	1	R
NMDC20584549	1	0	1	0	0	1	0	0	0	0	0	1	0	0	0	1	0	0	0	0	0	1	0	0	0	0	0	0	0	0	R
NMDC20584552	1	0	1	0	0	1	0	0	0	0	0	0	0	0	1	1	0	1	1	0	1	1	0	0	0	0	0	0	0	1	R
NMDC20584559	0	0	0	0	0	1	1	0	0	0	1	1	0	0	1	0	0	1	0	0	0	0	1	0	0	0	1	0	1	1	R
NMDC20584565	0	0	0	0	0	1	1	0	0	0	1	1	0	0	1	0	0	1	0	0	0	0	1	0	0	0	1	0	1	1	R
NMDC20584567	1	0	1	0	0	1	0	0	0	0	0	0	0	0	1	1	0	1	1	0	1	1	0	0	0	0	0	0	0	1	R
NMDC20584569	0	0	0	0	0	1	1	0	0	0	1	1	0	0	1	0	0	1	0	0	0	0	1	0	0	0	1	0	1	1	R
NMDC20584570	1	0	1	0	0	1	0	0	0	0	0	0	0	0	1	1	0	1	1	0	1	1	0	0	0	0	0	0	0	1	R
NMDC20584571	0	0	0	0	0	1	1	0	0	0	1	1	0	0	1	0	0	1	0	0	0	0	1	0	0	0	1	0	1	1	R
NMDC20584572	1	0	1	0	0	1	0	0	0	0	0	1	0	0	0	1	0	0	0	0	0	1	0	0	0	0	0	0	0	0	R
NMDC20584573	1	0	1	0	0	1	0	0	0	0	0	1	0	0	0	1	0	0	0	0	0	1	0	0	0	0	0	0	0	0	R
NMDC20584575	1	0	0	0	0	1	0	0	0	0	0	1	0	0	0	0	0	0	0	0	0	1	0	0	0	0	0	0	0	0	R
NMDC20584578	1	0	0	0	0	1	0	0	0	0	0	0	0	0	1	0	0	1	1	0	1	1	0	0	0	0	0	0	0	1	R
NMDC20584580	0	0	0	0	0	1	1	0	0	0	1	1	0	0	1	0	0	1	0	0	0	0	1	0	0	0	1	0	1	1	R
NMDC20584588	0	0	0	0	0	1	1	0	0	0	1	1	0	0	1	0	0	1	0	0	0	0	1	0	0	0	1	0	1	1	R
NMDC20584589	0	0	0	0	0	1	1	0	0	0	1	1	0	0	1	0	0	1	0	0	0	0	1	0	0	0	1	0	1	1	R
NMDC20584591	0	0	0	0	0	1	1	0	0	0	1	1	0	0	1	0	0	1	0	0	0	0	1	0	0	0	1	0	1	1	R
NMDC20584592	0	0	0	0	0	1	1	0	0	0	1	1	0	0	1	0	0	1	0	0	0	0	1	0	0	0	1	0	1	1	R
NMDC20584599	0	0	0	0	0	1	1	0	0	0	1	1	0	0	1	0	0	1	0	0	0	0	1	0	0	0	1	0	1	1	R
NMDC20584610	0	0	0	0	0	1	1	0	0	0	1	1	0	0	1	0	0	1	0	0	0	0	1	0	0	0	1	0	1	1	R
NMDC20584620	1	0	0	0	0	1	0	0	0	0	0	1	0	0	0	0	0	0	0	0	0	1	0	0	0	0	0	0	0	0	R
NMDC20584630	1	0	1	0	0	1	0	0	0	0	0	0	0	0	1	1	0	1	1	0	1	1	0	0	0	0	0	0	0	1	R
NMDC20584650	1	0	1	0	0	1	0	0	0	0	0	0	0	0	1	1	0	1	1	0	1	1	0	0	0	0	0	0	0	1	R
NMDC20584656	1	0	1	0	0	0	0	0	0	0	0	1	0	0	0	1	1	1	0	0	0	0	0	0	1	0	0	0	0	1	R
NMDC20584663	1	0	1	0	0	0	0	0	0	0	0	0	0	0	1	1	1	0	0	0	1	1	0	0	0	0	0	1	0	1	R
NMDC20584665	1	0	1	0	1	0	0	1	0	0	0	1	1	0	1	1	0	0	1	0	1	1	0	0	0	0	0	0	0	1	R
NMDC20584667	1	0	0	0	0	0	0	1	0	0	0	1	1	0	1	0	0	0	1	0	1	1	0	0	0	0	0	0	0	1	R
NMDC20584676	0	0	0	0	0	1	1	0	0	0	1	1	0	0	1	0	0	1	0	0	0	0	1	0	0	0	1	0	1	1	R
NMDC20584688	0	0	0	0	0	0	0	1	1	0	0	1	1	0	1	0	0	0	1	0	1	1	0	0	0	0	0	0	0	1	R
NMDC20584697	1	0	0	0	0	0	0	0	0	0	0	1	0	0	0	0	1	1	0	0	0	0	0	0	1	0	0	0	0	1	R
NMDC20584699	1	0	1	0	0	0	0	0	0	0	0	1	0	0	0	1	1	1	0	0	0	0	0	0	1	0	0	0	0	1	R
NMDC20584703	1	0	0	0	0	0	0	0	0	0	0	1	0	0	0	0	1	1	0	0	0	0	0	0	1	0	0	0	0	1	R
NMDC20584704	1	0	0	0	0	0	0	0	0	0	0	1	0	0	0	0	1	1	0	0	0	0	0	0	1	0	0	0	0	1	R
NMDC20584707	1	0	0	0	0	0	0	0	0	0	0	1	0	0	0	0	1	1	0	0	0	0	0	0	1	0	0	0	0	1	R
NMDC20584714	1	0	0	0	0	1	0	0	0	0	0	0	0	0	1	0	0	1	1	0	1	1	0	0	0	0	0	0	0	1	R
NMDC20584715	0	0	0	0	0	1	0	0	0	0	1	0	0	0	0	0	0	0	0	0	0	0	0	0	0	0	0	0	1	1	R
NMDC20584717	0	0	0	0	0	1	0	1	0	0	0	1	0	0	0	0	0	0	1	0	1	1	0	0	0	0	0	0	0	0	R
NMDC20584720	1	0	1	0	0	1	0	0	0	0	0	0	0	0	1	1	0	1	1	0	1	1	0	0	0	0	0	0	0	1	R
NMDC20584723	0	0	0	0	0	0	0	0	0	0	0	1	0	0	0	0	0	0	0	0	0	0	0	0	0	0	0	0	0	0	R
NMDC20584730	1	0	1	0	0	1	0	0	0	0	0	1	0	0	0	1	0	0	0	0	0	1	0	0	0	0	0	0	0	0	R
NMDC20584737	1	0	0	0	0	1	0	0	0	0	0	0	0	0	1	0	0	1	1	0	1	1	0	0	0	0	0	0	0	1	R
NMDC20584738	1	0	0	0	0	1	0	0	0	0	0	0	0	0	1	0	0	1	1	0	1	1	0	0	0	0	0	0	0	1	R
NMDC20584742	0	0	0	0	0	1	1	0	0	0	1	1	0	0	1	0	0	1	0	0	0	0	1	0	0	0	1	0	1	1	R
NMDC20584744	1	0	0	0	0	1	0	0	0	0	0	1	0	0	0	0	0	0	0	0	0	1	1	0	0	0	0	0	0	0	R
NMDC20584747	1	0	0	0	0	0	0	0	0	0	0	0	0	0	1	0	0	0	0	0	0	1	0	0	0	0	0	1	0	0	R
NMDC20584753	1	0	1	0	0	0	0	0	0	0	0	0	0	0	1	1	1	0	0	0	1	1	0	0	0	0	0	1	0	1	R
NMDC20584756	1	0	1	0	1	1	0	0	0	0	1	1	0	0	0	1	1	0	1	0	0	1	0	0	1	0	0	0	0	0	R
NMDC20584758	1	0	1	0	1	1	0	0	0	0	1	1	0	0	0	1	1	0	1	0	0	1	0	0	1	0	0	0	0	0	R
NMDC20584762	1	0	1	0	0	1	0	0	0	0	0	1	0	0	0	1	0	0	0	0	0	1	0	0	0	0	0	0	0	0	R
NMDC20584764	1	0	1	0	0	1	0	0	0	0	0	0	0	0	1	1	0	1	1	0	1	1	0	0	0	0	0	0	0	1	R
NMDC20584765	1	0	1	0	0	1	0	0	0	0	0	0	0	0	1	1	0	1	1	0	1	1	0	0	0	0	0	0	0	1	R
NMDC20584767	0	0	0	0	0	1	1	0	0	0	0	0	0	0	0	0	1	1	0	1	1	1	0	0	0	0	0	0	1	1	R
NMDC20584769	1	0	0	0	0	0	0	0	0	0	0	0	0	0	1	0	0	0	0	0	0	1	0	0	0	0	0	1	0	0	R
NMDC20584787	1	0	1	0	0	1	0	0	0	0	0	0	0	0	1	1	0	1	1	0	1	1	0	0	0	0	0	0	0	1	R
NMDC20584790	1	0	1	0	0	1	0	0	0	0	0	0	0	0	1	1	0	1	1	0	1	1	0	0	0	0	0	0	0	1	R
NMDC20584791	1	0	1	0	0	0	0	0	0	0	0	1	0	0	0	1	1	1	0	0	0	0	0	0	1	0	0	0	0	1	R
NMDC20584795	1	0	1	0	0	1	0	0	0	0	0	0	0	0	1	1	0	1	1	0	1	1	0	0	0	0	0	0	0	1	R
NMDC20584797	1	0	0	0	0	1	0	0	0	0	0	0	0	0	1	0	0	1	1	0	1	1	0	0	0	0	0	0	0	1	R
NMDC20584800	1	0	1	0	0	1	0	0	0	0	0	0	0	0	1	1	0	1	1	0	1	1	0	0	0	0	0	0	0	1	R
NMDC20584801	1	0	0	0	0	1	0	0	0	0	1	1	0	0	0	0	1	0	0	0	0	1	0	0	1	0	0	0	0	0	R
NMDC20584810	1	0	1	0	1	1	0	0	0	0	1	1	0	0	0	1	1	0	1	0	0	1	0	0	1	0	0	0	0	0	R
NMDC20584815	1	0	1	1	0	1	0	0	0	0	0	1	0	0	0	1	0	0	0	0	0	1	0	0	0	0	0	0	0	0	R
NMDC20584817	1	0	0	0	0	0	0	0	0	0	0	1	0	0	0	0	1	1	0	0	0	0	0	0	1	0	0	0	0	1	R
NMDC20584829	0	0	0	1	0	1	0	0	0	0	1	0	0	0	0	0	0	0	0	0	0	0	0	0	0	0	0	0	1	1	R
NMDC20584833	1	0	0	0	0	1	0	1	0	0	0	1	0	0	1	0	0	0	0	0	0	1	0	0	1	0	0	0	0	0	R
NMDC20584837	1	0	1	0	0	1	0	0	0	0	0	0	0	0	1	1	0	1	1	0	1	1	0	0	0	0	0	0	0	1	R
NMDC20584838	0	0	1	0	0	1	0	0	1	0	0	0	0	0	1	1	0	1	1	0	1	1	0	0	0	0	0	0	0	1	R
NMDC20584848	1	0	1	0	0	1	0	0	0	0	0	0	0	0	1	1	0	1	1	0	1	1	0	0	0	0	0	0	0	1	R
NMDC20584854	0	0	0	0	0	1	0	1	0	0	0	1	0	0	1	0	0	1	1	0	0	1	0	0	0	0	0	0	0	0	R
NMDC20584855	1	0	1	0	0	1	0	0	0	0	0	0	0	0	1	1	0	1	1	0	1	1	0	0	0	0	0	0	0	1	R
NMDC20584857	1	0	1	0	0	1	0	0	0	0	0	0	0	0	1	1	0	1	1	0	1	1	0	0	0	0	0	0	0	1	R
NMDC20584861	1	0	1	0	0	1	0	0	0	0	0	0	0	0	1	1	0	1	1	0	1	1	0	0	0	0	0	0	0	1	R
NMDC20584863	1	0	1	0	0	1	0	0	0	0	0	0	0	0	1	1	0	1	1	0	1	1	0	0	0	0	0	0	0	1	R
NMDC20584864	1	0	1	0	0	1	0	0	0	0	0	0	0	0	1	1	0	1	1	0	1	1	0	0	0	0	0	0	0	1	R
NMDC20584871	0	0	0	0	0	0	0	1	0	0	0	1	1	0	1	0	0	0	0	0	1	1	0	0	0	0	0	0	0	1	R
NMDC20584885	1	0	1	0	0	1	0	0	0	0	0	1	0	0	0	1	0	0	0	0	0	1	0	0	0	0	0	0	0	0	R
NMDC20584888	1	0	0	0	0	1	0	0	0	0	0	0	0	0	1	0	0	1	1	0	1	1	0	0	0	0	0	0	0	1	R
NMDC20557615	1	0	0	0	0	1	0	1	0	0	0	1	0	0	1	0	1	1	0	0	0	1	0	0	1	0	0	0	1	1	R
NMDC20555577	1	0	0	0	0	0	0	0	0	0	0	0	0	0	1	0	0	0	0	0	0	1	0	0	0	0	0	1	0	0	R
NMDC20551545	0	1	0	0	0	1	0	1	0	0	0	1	0	1	1	0	1	1	1	0	0	1	0	0	1	0	0	0	1	1	R
NMDC20553589	0	0	1	1	1	1	0	1	0	0	0	1	1	0	1	1	0	0	1	0	1	1	0	0	0	0	0	0	1	1	R
NMDC20555583	1	0	1	0	1	1	0	0	0	0	1	1	0	0	0	1	1	0	0	0	0	1	0	0	1	0	0	0	0	0	R
NMDC20551551	0	0	1	0	1	1	0	1	0	1	0	1	1	0	1	1	0	0	1	0	1	1	0	0	0	0	0	0	1	1	R
NMDC20551552	1	0	1	0	0	1	0	0	0	0	0	0	0	0	1	1	0	1	1	0	1	1	0	0	0	0	0	0	0	1	R
NMDC20585369	1	0	0	0	0	1	0	1	0	0	0	1	0	0	1	0	1	1	0	0	0	1	0	0	1	0	0	0	1	1	R
NMDC20555599	0	1	1	0	1	1	0	1	0	0	0	1	0	1	1	1	1	1	1	0	0	1	0	0	1	0	0	0	1	1	R
NMDC20553601	1	0	0	0	0	0	0	0	0	0	0	0	0	0	0	0	1	1	0	1	0	0	0	1	0	0	0	0	0	0	R
NMDC20555602	0	0	1	1	1	1	0	1	0	0	0	1	1	0	1	1	0	0	1	0	1	1	0	0	0	0	0	0	1	1	R
NMDC20557632	1	0	0	0	0	0	0	0	0	0	0	1	0	0	0	0	1	0	0	0	1	1	0	0	1	0	0	0	1	0	R
NMDC20585389	0	0	1	0	1	1	0	1	0	0	0	1	1	0	1	1	0	0	1	0	1	1	0	0	0	0	0	0	1	1	R
NMDC20585390	1	0	0	0	0	1	0	1	0	0	0	1	0	0	1	0	1	1	0	0	0	1	1	0	1	0	0	0	1	1	R
NMDC20585398	0	0	0	1	0	1	0	0	0	0	1	0	0	0	0	0	0	0	0	0	0	0	0	0	0	0	0	0	1	1	R
NMDC20555605	0	0	0	1	0	1	0	0	0	0	0	0	0	0	1	0	1	0	1	0	0	0	0	0	1	0	0	0	1	1	R
NMDC20585403	1	0	0	0	0	1	0	1	0	0	0	1	0	0	0	0	1	1	0	0	1	1	0	1	0	0	1	0	0	1	R
NMDC20555607	1	0	0	0	0	1	0	1	0	0	0	1	0	0	1	0	1	1	0	0	0	1	0	0	1	0	0	0	1	1	R
NMDC20585405	1	0	0	0	0	1	0	1	0	0	0	1	0	0	1	0	1	1	0	0	0	1	0	0	1	0	0	0	1	1	R
NMDC20585407	0	0	0	0	0	1	0	1	0	0	0	1	0	0	1	0	1	1	0	0	0	1	1	0	1	0	0	0	1	1	R
NMDC20585409	1	0	1	0	0	0	0	1	0	0	0	1	0	0	0	1	0	0	0	0	0	0	0	0	1	0	1	0	0	1	R
NMDC20585410	0	0	1	1	1	1	0	1	0	0	0	1	1	0	1	1	0	0	1	0	1	1	0	0	0	0	0	0	1	1	R
NMDC20585433	0	0	1	1	1	1	0	1	0	0	0	1	1	0	1	1	0	0	1	0	1	1	0	0	0	0	0	0	1	1	R
NMDC20585435	1	0	0	0	0	1	0	1	0	0	0	1	0	0	1	0	1	1	0	0	0	1	0	0	1	0	0	0	1	1	R
NMDC20551569	1	0	0	0	0	1	0	1	0	0	0	1	0	0	1	0	1	1	0	0	0	1	0	0	1	0	0	0	1	1	R
NMDC20585441	0	0	1	0	1	1	0	0	0	0	1	1	1	0	1	1	0	1	1	0	0	0	0	0	0	0	1	0	1	1	R
NMDC20551571	0	0	1	1	1	1	0	1	0	0	0	1	1	0	1	1	0	0	1	0	1	1	0	0	0	0	0	0	1	1	R
NMDC20557652	1	0	0	0	0	1	0	1	0	0	0	1	0	0	1	0	1	1	0	0	0	1	0	0	1	0	0	0	1	1	R
NMDC20551580	1	0	0	0	0	0	0	0	0	0	0	0	0	0	0	0	1	1	0	1	0	0	0	1	0	0	0	0	0	0	R
NMDC20553634	0	0	1	1	1	1	0	1	0	0	0	1	0	0	1	1	1	1	0	0	0	1	0	0	1	0	0	0	1	1	R
NMDC20585459	0	1	1	0	0	1	0	1	0	0	0	1	1	0	1	1	0	0	1	0	1	1	0	0	0	0	0	0	1	1	R
NMDC20585460	1	0	1	0	0	1	0	1	0	0	0	1	0	0	1	1	1	1	0	0	0	1	0	0	1	0	0	0	1	1	R
NMDC20585461	1	0	0	0	0	0	0	0	0	0	0	0	0	0	0	0	1	1	0	1	0	0	0	1	0	0	0	0	0	0	R
NMDC20585463	0	1	1	0	1	1	0	1	0	0	0	1	0	1	0	1	0	0	1	0	0	0	0	1	0	0	0	0	1	1	R
NMDC20585467	1	0	0	0	0	0	0	0	0	0	0	1	0	0	0	0	1	1	0	0	0	0	0	0	1	0	0	0	0	1	R
NMDC20585471	0	0	1	1	1	1	0	1	0	0	0	1	1	0	1	1	0	0	1	0	1	1	0	0	0	0	0	0	1	1	R
NMDC20555628	0	0	1	1	1	1	0	1	0	0	0	1	1	0	1	1	0	0	1	0	1	1	0	0	0	0	0	0	1	1	R
NMDC20555629	0	1	1	0	1	1	0	0	0	0	0	1	0	1	0	1	0	0	1	0	0	1	0	0	0	0	0	1	0	0	R
NMDC20557661	0	0	0	1	0	1	0	1	0	0	0	1	0	0	1	0	1	1	1	0	0	1	0	0	1	0	0	0	1	1	R
NMDC20585508	1	0	1	0	0	1	0	0	0	0	0	0	0	0	1	1	0	1	1	0	1	1	0	0	0	0	0	0	0	1	R
NMDC20585549	1	0	1	0	0	1	0	0	0	0	0	0	0	0	1	1	0	1	1	0	1	1	0	0	0	0	0	0	0	1	R
NMDC20585561	1	0	0	0	0	0	0	0	0	0	1	0	0	0	0	0	1	0	0	0	1	1	0	0	0	0	0	0	0	1	R
NMDC20553650	1	0	0	0	0	0	0	0	0	0	0	0	0	0	0	0	1	1	0	1	0	0	0	1	0	0	0	0	0	0	R
NMDC20585605	1	0	1	0	0	1	0	0	0	0	0	0	0	0	1	1	0	1	1	0	1	1	0	0	0	0	0	0	0	1	R
NMDC20557672	1	0	0	0	0	1	0	1	0	0	0	1	0	0	1	0	1	1	0	0	0	1	0	0	1	0	0	0	1	1	R
NMDC20551608	1	0	0	0	0	0	0	0	0	0	0	0	0	0	0	0	1	1	0	1	0	0	0	1	0	0	0	0	0	0	R
NMDC20551610	1	0	0	0	0	0	0	0	0	0	0	0	0	0	0	0	1	1	0	1	0	0	0	1	0	0	0	0	0	0	R
NMDC20585629	0	0	0	0	0	1	0	1	0	0	0	1	0	0	1	0	1	1	0	0	0	1	0	0	1	0	0	0	1	1	R
NMDC20557680	0	0	1	0	1	1	0	1	0	0	0	1	0	0	1	1	1	1	1	0	0	1	0	0	1	0	0	0	1	1	R
NMDC20551619	0	0	1	0	1	1	0	1	0	0	0	1	1	0	1	1	0	0	1	0	1	1	0	0	0	0	0	0	1	1	R
NMDC20555659	1	0	0	0	0	1	0	1	0	0	0	1	0	0	1	0	1	1	0	0	0	1	0	0	1	0	0	0	1	1	R
NMDC20585667	0	0	1	1	1	1	0	1	0	0	0	1	1	0	1	1	0	0	1	0	1	1	0	0	0	0	0	0	1	1	R
NMDC20585670	0	0	1	1	1	1	0	1	0	0	0	1	1	0	1	1	0	0	1	0	1	1	0	0	0	0	0	0	1	1	R
NMDC20585679	1	0	1	0	0	1	0	0	0	0	0	0	0	0	1	1	0	1	1	0	1	1	0	0	0	0	0	0	0	1	R
NMDC20555668	0	1	1	0	1	1	0	0	0	0	0	1	0	1	0	1	0	0	1	0	0	1	0	0	0	0	0	1	0	0	R
NMDC20557699	0	0	0	1	0	1	0	1	0	0	0	1	0	0	1	0	1	1	0	0	0	1	0	0	1	0	0	0	1	1	R
NMDC20553671	0	1	1	0	1	1	0	0	0	0	0	1	0	1	0	1	0	0	1	0	0	1	0	0	0	0	0	1	0	0	R
NMDC20586307	0	0	0	0	0	1	0	0	0	0	1	0	0	0	0	0	0	0	0	0	0	0	0	0	0	0	0	0	1	1	R
NMDC20586314	0	0	0	0	0	1	0	0	0	0	1	0	0	0	0	0	0	0	0	0	0	0	0	0	0	0	0	0	1	1	R
NMDC20553858	0	0	0	0	0	0	0	1	0	0	0	1	0	0	0	0	0	0	0	0	0	1	0	0	0	0	0	0	0	1	R
NMDC20586315	1	0	1	0	0	1	0	0	0	0	0	0	0	0	1	1	0	1	1	0	1	1	0	0	0	0	0	0	0	1	R
NMDC20553860	0	0	0	1	0	0	0	0	0	0	0	1	0	0	0	0	0	0	0	0	0	0	0	0	0	0	0	0	0	0	R
NMDC20586323	1	0	0	0	0	1	0	0	0	0	1	0	0	0	0	0	0	0	0	0	0	0	0	0	0	0	0	0	1	1	R
NMDC20586332	1	0	0	0	0	1	0	0	0	0	0	0	0	0	1	0	0	1	1	0	1	1	0	0	0	0	0	0	0	1	R
NMDC20586333	1	0	1	0	0	1	0	0	0	0	0	0	0	0	1	1	0	1	1	0	1	1	0	0	0	0	0	0	0	1	R
NMDC20586339	1	0	1	0	0	1	0	0	0	0	0	0	0	0	1	1	0	1	1	0	1	1	0	0	0	0	0	0	0	1	R
NMDC20586345	1	0	1	0	0	1	0	0	0	0	0	0	0	0	1	1	0	1	0	0	1	1	0	0	0	0	0	0	0	1	R
NMDC20586362	1	0	1	0	0	1	0	0	0	0	0	0	0	0	1	1	0	1	1	0	1	1	0	0	0	0	0	0	0	1	R
NMDC20586364	0	0	1	0	1	0	0	1	0	1	0	1	1	0	1	1	0	0	1	0	1	1	0	0	0	0	0	0	0	1	R
NMDC20586369	1	0	1	0	1	0	0	1	0	0	0	1	1	0	1	1	0	0	1	0	1	1	0	0	0	0	0	0	0	1	R
NMDC20586378	1	0	0	0	0	0	0	0	0	0	0	0	0	0	1	0	0	0	0	0	0	1	0	0	0	0	0	1	0	0	R
NMDC20589010	1	0	0	0	0	1	0	1	0	0	0	1	0	0	1	0	1	1	0	0	0	1	0	0	1	0	0	0	1	1	R
NMDC20589014	0	0	1	1	1	1	0	1	0	0	0	1	1	0	1	1	0	0	1	0	1	1	0	0	0	0	0	0	1	1	R
NMDC20589020	1	0	0	0	0	1	0	1	0	0	0	1	0	0	1	0	1	1	0	0	0	1	0	0	1	0	0	0	1	1	R
NMDC20589022	1	0	0	0	0	1	0	1	0	0	0	1	0	0	1	0	1	1	0	0	0	1	0	0	1	0	0	0	1	1	R
NMDC20589040	1	0	0	0	0	1	0	1	0	0	0	1	0	0	1	0	1	1	0	0	0	1	0	0	1	0	0	0	1	1	R
NMDC20586539	1	0	1	0	1	1	0	1	0	0	0	1	0	0	1	1	1	1	0	0	0	1	0	0	1	0	0	0	1	1	R
NMDC20586573	0	0	0	0	0	1	0	1	0	0	0	1	0	0	1	0	1	1	0	0	0	1	1	0	1	0	0	0	1	1	R
NMDC20557928	0	0	1	0	1	0	0	1	0	0	0	1	1	0	1	1	0	0	1	0	1	1	0	0	0	0	0	0	0	1	R
NMDC20555960	1	0	0	0	0	1	0	1	0	0	0	1	0	0	1	0	1	1	0	0	0	1	0	0	1	0	0	0	1	1	R
NMDC20557950	1	0	1	0	0	1	0	0	0	0	0	0	0	0	1	1	0	1	1	0	1	1	0	0	0	0	0	0	0	1	R
NMDC20586642	1	0	0	0	0	1	0	1	0	0	0	1	0	0	1	0	1	1	0	0	0	1	0	0	1	0	0	0	1	1	R
NMDC20588176	1	0	1	0	0	0	0	0	0	0	0	0	0	0	1	1	0	0	0	0	0	1	0	0	0	0	0	1	0	0	R
NMDC20588179	0	0	0	0	0	0	0	0	0	0	0	0	0	0	1	0	0	0	0	0	0	1	0	0	0	0	0	1	0	0	R
NMDC20588186	1	0	0	0	0	0	0	0	0	0	0	0	0	0	1	0	0	0	0	0	0	1	0	0	0	0	0	1	0	0	R
NMDC20588187	1	0	0	0	0	0	0	0	0	0	0	0	0	0	1	0	0	0	0	0	0	1	0	0	0	0	0	1	0	0	R
NMDC20558407	1	0	0	0	0	0	0	0	0	0	0	0	0	0	1	0	0	0	0	0	0	1	0	0	0	0	0	1	0	0	R
NMDC20558086	0	0	0	0	0	1	0	1	0	0	0	1	0	0	1	0	1	1	0	0	0	1	0	0	1	0	0	0	1	1	R
NMDC20552046	0	0	1	0	1	0	0	0	0	0	0	1	0	0	0	1	0	0	1	0	0	0	0	0	0	0	0	0	0	0	R
NMDC20586933	1	0	0	0	0	0	0	0	0	0	0	0	0	0	0	0	1	1	0	1	0	0	0	1	0	0	0	0	0	0	R
NMDC20554086	1	0	1	0	0	1	0	0	0	0	0	0	0	0	1	0	0	1	1	0	1	1	0	0	0	0	0	0	0	1	R
NMDC20552053	1	0	0	0	0	1	0	0	0	0	1	0	0	0	0	0	0	0	0	0	0	0	0	0	0	0	0	0	1	1	R
NMDC20586946	1	0	0	0	0	1	0	0	0	0	0	0	0	0	1	0	0	1	1	0	1	1	0	0	0	0	0	0	0	1	R
NMDC20558092	1	0	0	0	0	1	0	1	0	0	0	1	0	0	1	0	1	1	0	0	0	1	0	0	1	0	0	0	1	1	R
NMDC20586948	0	0	0	0	0	1	0	1	0	0	0	1	0	0	1	0	1	1	0	0	0	1	0	0	1	0	0	0	1	1	R
NMDC20552057	1	0	1	0	0	0	0	1	0	0	0	1	0	0	0	1	0	0	0	0	0	0	0	0	1	0	1	0	0	1	R
NMDC20586956	0	1	1	0	1	1	0	1	0	0	0	1	0	1	0	1	0	0	1	0	0	0	0	1	0	0	0	0	1	1	R
NMDC20558100	0	0	0	1	0	0	0	0	0	0	0	1	0	0	0	0	0	0	0	0	0	0	0	0	0	0	0	0	0	0	R
NMDC20554103	1	0	0	0	0	1	0	1	0	0	0	1	0	0	1	0	1	1	0	0	0	1	0	0	1	0	0	0	1	1	R
NMDC20552062	0	0	0	0	0	1	0	1	0	0	0	1	0	0	1	0	1	1	0	0	0	1	0	0	1	0	0	0	1	1	R
NMDC20586964	0	0	0	0	0	0	0	0	0	0	0	1	0	0	0	0	1	0	0	0	1	1	0	0	1	0	0	0	1	0	R
NMDC20552067	0	0	0	0	0	1	0	0	0	0	1	0	0	0	0	0	0	0	0	0	0	0	0	0	0	0	0	0	1	1	R
NMDC20554106	1	0	1	0	0	1	0	0	0	0	0	0	0	0	1	1	0	1	1	0	1	1	0	0	0	0	0	0	0	1	R
NMDC20558104	1	0	0	0	0	1	0	0	0	0	0	0	0	0	1	0	0	1	1	0	1	1	0	0	0	0	0	0	0	1	R
NMDC20552072	0	0	1	0	0	1	0	0	0	0	0	0	0	0	1	1	0	1	1	0	1	1	0	0	0	0	0	0	0	1	R
NMDC20554107	1	0	0	0	0	1	0	1	0	0	0	1	0	0	1	0	1	1	0	0	0	1	0	0	1	0	0	0	0	1	R
NMDC20586992	0	0	0	0	0	1	0	0	0	0	1	0	0	0	0	0	0	0	0	0	0	0	0	0	0	0	0	0	1	1	R
NMDC20586994	0	0	0	1	0	1	0	1	0	0	0	1	0	0	1	0	1	1	0	0	0	1	0	0	1	0	0	0	1	1	R
NMDC20587001	0	0	1	1	1	1	0	1	0	0	0	1	1	0	1	1	0	0	1	0	1	1	0	0	0	0	0	0	1	1	R
NMDC20587002	1	0	1	0	0	1	0	0	0	0	0	0	0	0	1	1	0	1	1	0	1	1	0	0	0	0	0	0	0	1	R
NMDC20587003	1	0	0	0	0	0	0	0	0	0	0	1	0	0	0	0	1	1	0	0	0	0	0	0	1	0	0	0	0	1	R
NMDC20587005	0	0	1	0	0	0	0	0	1	0	0	0	0	0	0	1	0	0	0	0	1	1	0	0	0	0	0	0	0	0	R
NMDC20587011	1	0	1	0	0	1	0	1	0	0	0	1	0	0	1	1	1	1	0	0	0	1	0	0	1	0	0	0	1	1	R
NMDC20556118	1	1	1	0	1	1	0	1	0	0	0	1	0	1	0	1	0	0	1	0	0	0	0	1	0	0	0	0	1	1	R
NMDC20587020	0	1	1	0	1	1	0	0	0	0	0	1	0	1	0	1	0	0	1	0	0	1	0	0	0	0	0	1	0	0	R
NMDC20587022	1	0	0	0	0	1	0	1	0	0	0	1	0	0	1	0	1	1	0	0	0	1	0	0	1	0	0	0	1	1	R
NMDC20552090	1	0	0	0	0	1	0	1	0	0	0	1	0	0	1	0	1	1	0	0	0	1	0	0	1	0	0	0	1	1	R
NMDC20558132	0	0	0	0	0	1	0	1	0	0	0	1	0	0	1	0	1	1	0	0	0	1	0	0	1	0	0	0	1	1	R
NMDC20552108	0	0	1	1	1	1	0	1	0	0	0	1	1	0	1	1	0	0	1	0	1	1	0	0	0	0	0	0	1	1	R
NMDC20558136	0	1	1	1	1	0	0	0	0	0	0	0	0	1	0	1	1	0	1	0	0	1	0	0	0	0	0	0	1	0	R
NMDC20556140	0	0	1	1	1	1	0	1	0	0	0	1	1	0	1	1	0	0	1	0	1	1	0	0	0	0	0	0	1	1	R
NMDC20587121	0	1	1	0	1	1	0	1	0	0	0	1	0	1	1	1	1	1	1	0	0	1	0	0	1	0	0	0	1	1	R
NMDC20552129	0	0	1	0	1	1	0	1	0	1	0	1	1	0	1	1	0	0	1	0	1	1	0	0	0	0	0	0	1	1	R
NMDC20587124	1	0	0	0	0	1	0	1	0	0	0	1	0	0	1	0	1	1	0	0	0	1	0	0	1	0	0	0	1	1	R
NMDC20552132	1	0	0	0	0	1	0	0	0	0	0	0	0	0	1	0	0	1	1	0	1	1	0	0	0	0	0	0	0	1	R
NMDC20552134	1	0	0	0	0	1	0	1	0	0	0	1	0	0	1	0	1	1	0	0	0	1	0	0	1	0	0	0	1	1	R
NMDC20587145	1	0	0	0	0	1	0	1	0	0	0	1	0	0	1	0	1	1	0	0	0	1	0	0	1	0	0	0	1	1	R
NMDC20552146	1	0	0	0	0	1	0	1	0	0	0	1	0	0	1	0	1	1	0	0	0	1	0	0	1	0	0	0	1	1	R
NMDC20587150	1	0	1	0	0	1	0	0	0	0	0	0	0	0	1	1	0	1	1	0	1	1	0	0	0	0	0	0	0	1	R
NMDC20587154	0	0	1	1	1	1	0	1	0	0	0	1	1	0	1	1	0	0	1	0	1	1	0	0	0	0	0	0	1	1	R
NMDC20552149	1	0	0	0	0	1	0	1	0	0	0	1	0	0	1	0	1	1	0	0	0	1	0	0	1	0	0	0	1	1	R
NMDC20587174	0	0	0	1	0	1	0	1	0	0	0	1	0	0	1	0	1	1	0	0	0	1	0	0	1	0	0	0	1	1	R
NMDC20552156	1	0	1	0	1	0	0	0	0	0	0	1	0	0	0	1	0	0	1	0	0	0	0	0	0	0	0	0	0	0	R
NMDC20558182	1	0	0	0	0	1	0	1	0	0	0	1	0	0	1	0	1	1	0	0	0	1	0	0	1	0	0	0	1	1	R
NMDC20558191	1	0	1	0	0	1	0	1	0	0	0	1	0	0	1	1	1	1	0	0	0	1	0	0	1	0	0	0	1	1	R
NMDC20556193	1	0	0	0	0	1	0	1	0	0	0	1	0	0	0	0	0	0	1	0	1	1	0	0	0	0	0	0	0	0	R
NMDC20587206	0	0	0	0	0	0	0	1	0	0	0	1	1	0	1	0	0	0	1	0	1	1	0	0	0	0	0	0	0	1	R
NMDC20552173	1	0	0	0	0	0	0	0	0	0	0	0	0	0	1	0	0	0	0	0	0	1	0	0	0	0	0	1	0	0	R
NMDC20554210	1	0	0	0	0	1	0	1	0	0	0	1	0	0	1	0	0	0	0	0	0	1	0	0	1	0	0	0	0	0	R
NMDC20554212	1	0	1	0	1	1	0	1	0	0	0	1	0	0	1	1	1	1	0	0	0	1	0	0	1	0	0	0	1	1	R
NMDC20554221	0	1	1	0	1	1	0	1	0	0	0	1	0	1	0	1	0	0	1	0	0	0	0	1	0	0	0	0	1	1	R
NMDC20587244	0	0	0	0	0	1	0	1	0	0	0	1	0	0	1	0	1	1	0	0	0	1	0	0	1	1	0	0	1	1	R
NMDC20552202	1	0	0	0	0	0	0	0	0	0	0	1	0	0	0	0	0	0	0	0	0	0	0	0	0	0	0	0	0	0	R
NMDC20587260	0	0	1	0	1	1	0	1	1	0	0	1	0	0	1	1	1	1	1	0	0	1	0	0	1	0	0	0	1	1	R
NMDC20587265	1	0	0	0	0	1	0	1	0	0	0	1	0	0	1	0	0	0	0	0	0	1	0	0	1	0	0	0	0	0	R
NMDC20552216	0	0	0	1	0	0	0	0	0	0	0	0	0	0	0	0	1	0	0	0	0	1	0	0	0	0	0	0	1	0	R
NMDC20587278	0	0	0	1	0	1	0	1	0	0	0	1	0	0	1	0	1	1	0	0	0	1	0	0	1	0	0	0	1	1	R
NMDC20558240	0	0	0	1	0	1	0	1	0	0	0	1	0	0	1	0	1	1	1	0	0	1	0	0	1	0	0	0	1	1	R
NMDC20556236	1	0	0	0	0	1	0	1	0	0	0	1	0	0	1	0	1	1	0	0	0	1	0	0	1	0	0	0	1	1	R
NMDC20552225	1	0	1	0	0	1	0	1	0	0	0	1	0	0	1	1	1	1	0	0	0	1	0	0	1	0	0	0	1	1	R
NMDC20556237	0	0	1	1	1	1	0	1	0	0	0	1	1	0	1	1	0	0	1	0	1	1	0	0	0	0	0	0	1	1	R
NMDC20587301	0	0	0	1	0	1	0	1	0	0	0	1	0	0	1	0	1	1	0	0	0	1	0	0	1	0	0	0	1	1	R
NMDC20556242	0	0	0	1	0	1	0	1	0	0	0	1	0	0	1	0	1	1	0	0	0	1	0	0	1	0	0	0	1	1	R
NMDC20558259	1	0	0	0	0	1	0	1	0	0	0	1	0	0	1	0	1	1	0	0	0	1	0	0	1	0	0	0	1	1	R
NMDC20556254	0	1	1	0	1	1	0	1	0	0	0	1	0	1	1	1	0	1	1	0	0	1	0	0	0	0	0	0	0	0	R
NMDC20587317	0	0	0	0	0	1	0	1	0	0	0	1	0	0	1	0	1	1	0	0	0	1	1	0	1	0	0	0	1	1	R
NMDC20552246	0	0	0	1	0	1	0	1	0	0	0	1	0	0	1	0	1	1	0	0	0	1	0	0	1	0	0	0	1	1	R
NMDC20587324	1	0	0	0	0	0	0	0	0	0	0	0	0	0	1	0	0	0	0	0	0	1	0	0	0	0	0	1	0	0	R
NMDC20558269	1	0	0	0	0	1	0	1	0	0	0	1	0	0	1	0	1	1	0	0	0	1	0	0	1	0	0	0	1	1	R
NMDC20556263	1	0	1	0	0	0	0	0	0	0	0	0	0	0	0	1	1	0	1	0	0	1	0	0	0	0	0	0	0	1	R
NMDC20556265	0	0	1	0	1	1	0	0	0	0	0	0	0	0	1	1	0	1	1	0	1	1	0	0	0	0	0	0	0	1	R
NMDC20552254	0	1	1	0	1	1	0	1	0	0	0	1	0	1	1	1	1	1	1	0	0	1	0	0	1	0	0	0	1	1	R
NMDC20587349	0	0	0	1	0	1	0	1	0	0	0	1	0	0	1	0	1	1	0	0	0	1	0	0	1	0	0	0	1	1	R
NMDC20587351	0	1	1	0	1	1	0	0	0	0	0	1	0	1	0	1	0	0	1	0	0	1	0	0	0	0	0	1	0	0	R
NMDC20556281	0	0	0	0	0	1	0	1	0	0	0	1	0	0	1	0	1	1	0	0	0	1	0	0	1	0	0	0	1	1	R
NMDC20552273	0	0	1	0	1	1	0	0	0	0	0	0	0	0	1	1	0	1	1	0	1	1	0	0	0	0	0	0	0	1	R
NMDC20587383	0	1	1	0	1	1	0	1	0	0	0	1	0	1	0	1	0	0	1	0	0	0	0	1	0	0	0	0	1	1	R
NMDC20552278	0	0	0	1	0	1	0	0	0	0	1	0	0	0	0	0	0	0	0	0	0	0	0	0	0	0	0	0	1	1	R
NMDC20558302	0	0	1	1	1	1	0	1	0	0	0	1	0	0	1	1	1	1	0	0	0	1	0	0	1	0	0	0	1	1	R
NMDC20587400	1	1	0	0	0	1	0	1	0	0	0	1	0	1	1	0	1	1	1	0	0	1	0	0	1	0	0	0	1	1	R
NMDC20554300	0	1	1	0	1	1	0	1	0	0	0	1	0	1	0	1	0	0	1	0	0	0	0	1	0	0	0	0	1	1	R
NMDC20587413	1	0	0	0	0	1	0	1	0	0	0	1	0	0	1	0	1	1	0	0	0	1	1	0	1	0	0	0	1	1	R
NMDC20556299	0	0	0	0	0	1	0	1	0	0	0	1	0	0	1	0	1	1	1	0	0	1	0	0	1	0	0	0	1	1	R
NMDC20587426	1	0	0	0	0	1	0	1	0	0	0	1	0	0	1	0	1	1	1	0	0	1	0	0	1	0	0	0	1	1	R
NMDC20558322	1	0	0	0	0	1	0	1	0	0	0	1	0	0	1	0	1	1	0	0	0	1	0	0	1	0	0	0	1	1	R
NMDC20556305	1	0	1	0	1	1	0	1	0	0	0	1	0	0	1	1	1	1	0	0	0	1	0	0	1	0	0	0	1	1	R
NMDC20587435	1	0	1	0	1	0	0	0	0	0	1	0	0	0	0	1	1	0	1	0	1	1	0	0	0	0	0	0	0	1	R
NMDC20556309	1	0	1	0	0	1	0	0	0	0	0	0	0	0	1	1	0	1	1	0	1	1	0	0	0	0	0	0	0	1	R
NMDC20556313	1	0	1	0	0	1	0	0	0	0	0	0	0	0	1	1	0	1	1	0	1	1	0	0	0	0	0	0	0	1	R
NMDC20587450	0	0	1	0	1	1	0	1	0	0	0	1	0	0	1	1	1	1	1	0	0	1	0	0	1	0	0	0	1	1	R
NMDC20552295	1	0	0	0	0	0	0	0	0	0	0	0	0	0	1	0	0	0	0	0	0	1	0	0	0	0	0	1	0	0	R
NMDC20556314	0	1	1	0	1	1	0	1	0	0	0	1	0	1	0	1	0	0	1	0	0	0	0	1	0	0	0	0	1	1	R
NMDC20554320	0	0	0	0	0	1	0	1	0	1	0	1	1	0	1	0	0	0	1	0	1	1	0	0	0	0	0	0	1	1	R
NMDC20587460	1	0	0	0	0	1	0	1	0	0	0	1	0	0	1	0	1	1	0	0	0	1	0	0	1	0	0	0	1	1	R
NMDC20556323	0	1	1	0	1	1	0	1	0	0	0	1	0	1	1	1	1	1	1	0	0	1	0	0	1	0	0	0	1	1	R
NMDC20552301	1	0	0	0	0	1	0	1	0	0	0	1	0	0	1	0	1	1	0	0	0	1	1	0	1	0	0	0	1	1	R
NMDC20587465	1	0	0	0	0	1	0	1	0	0	0	1	0	0	1	0	1	1	0	0	0	1	0	0	1	0	0	0	1	1	R
NMDC20558344	1	0	1	0	0	1	0	0	0	0	0	0	0	0	1	1	0	1	1	0	1	1	0	0	0	0	0	0	0	1	R
NMDC20587481	1	0	0	0	0	0	0	0	0	0	0	0	0	0	0	0	1	1	0	1	0	0	0	1	0	0	0	0	0	0	R
NMDC20587482	1	0	0	0	0	1	0	1	0	0	0	1	0	0	1	0	1	1	0	0	0	1	1	0	1	0	0	0	1	1	R
NMDC20587483	1	0	0	0	0	0	0	0	0	0	0	0	0	0	0	0	1	1	0	1	0	0	0	1	0	0	0	0	0	0	R
NMDC20558347	0	0	1	1	1	1	0	1	0	0	0	1	1	0	1	1	0	0	1	0	1	1	0	0	0	0	0	0	1	1	R
NMDC20587498	0	0	0	1	0	1	0	1	0	0	0	1	0	0	1	0	1	1	0	0	0	1	0	0	1	0	0	0	1	1	R
NMDC20587504	0	0	0	0	0	1	0	0	0	0	1	0	0	0	0	0	0	0	0	0	0	0	0	0	0	0	0	0	1	1	R
NMDC20558352	1	0	0	0	0	0	0	0	0	0	0	0	0	0	1	0	0	0	0	0	0	1	0	0	0	0	0	1	0	0	R
NMDC20556335	1	0	0	0	0	1	1	0	0	0	0	0	0	0	0	0	1	1	0	1	1	1	0	0	0	0	0	0	1	1	R
NMDC20552323	1	0	0	0	0	0	0	0	0	0	0	0	0	0	0	0	1	1	0	1	0	0	0	1	0	0	0	0	0	0	R
NMDC20587521	0	1	0	0	0	1	0	1	0	0	0	1	0	1	1	0	1	1	1	0	0	1	0	0	1	0	0	0	1	1	R
NMDC20554345	0	0	1	1	1	1	0	1	0	0	0	1	1	0	1	1	0	0	1	0	1	1	0	0	0	0	0	0	1	1	R
NMDC20587536	1	0	1	0	0	1	0	1	0	0	0	1	0	0	1	1	1	1	0	0	0	1	0	0	1	0	0	0	1	1	R
NMDC20558365	1	0	1	0	0	1	0	0	0	0	0	0	0	0	1	1	0	1	1	0	1	1	0	0	0	0	0	0	0	1	R
NMDC20552326	0	0	1	0	1	1	0	1	0	1	0	1	1	0	1	1	0	0	1	0	1	1	0	0	0	0	0	0	1	1	R
NMDC20554346	1	0	1	0	0	1	0	0	0	0	0	0	0	0	1	1	0	1	1	0	1	1	0	0	0	0	0	0	0	1	R
NMDC20556342	0	0	0	1	0	1	0	1	0	0	0	1	0	0	1	0	1	1	0	0	0	1	0	0	1	0	0	0	1	1	R
NMDC20587559	0	0	1	0	0	1	0	1	0	0	0	1	0	0	1	1	1	1	0	0	0	1	0	0	1	0	0	0	1	1	R
NMDC20587560	1	0	0	0	0	1	0	1	0	0	0	1	0	0	1	0	1	1	1	0	0	1	0	0	1	0	0	0	1	1	R
NMDC20554358	0	0	1	1	1	1	0	1	0	0	0	1	1	0	1	1	0	0	1	0	1	1	0	0	0	0	0	0	1	1	R
NMDC20587561	1	0	0	0	0	1	0	1	0	0	0	1	0	0	1	0	1	1	0	0	0	1	0	0	1	0	0	0	1	1	R
NMDC20552344	0	0	1	0	1	1	0	1	1	0	0	1	0	0	1	1	1	1	1	0	0	1	0	0	1	0	0	0	1	1	R
NMDC20554361	0	0	1	1	1	0	0	0	0	0	0	1	0	0	0	1	0	0	1	0	0	0	0	0	0	0	0	0	0	0	R
NMDC20587579	0	0	0	0	0	0	0	0	0	0	0	1	0	0	0	0	1	1	0	0	0	0	0	0	1	0	0	0	0	1	R
NMDC20587583	0	0	0	0	0	0	0	0	0	0	0	0	0	0	1	0	0	0	0	0	0	1	0	0	0	0	0	1	1	0	R
NMDC20587589	0	0	0	0	0	0	0	0	0	0	0	0	0	0	1	0	0	0	0	0	0	1	0	0	0	0	0	1	1	0	R
NMDC20587590	0	0	0	0	0	0	0	0	0	0	0	1	0	0	0	0	1	0	0	0	1	1	0	0	1	0	0	0	1	0	R
NMDC20587601	0	0	0	0	0	1	0	1	0	0	0	1	0	0	1	0	1	1	0	0	0	1	0	0	1	0	0	0	1	1	R
NMDC20587604	0	0	0	0	0	0	0	0	0	0	0	1	0	0	0	0	1	0	0	0	1	1	0	0	1	0	0	0	1	0	R
NMDC20587608	0	0	0	0	0	1	0	1	0	0	0	1	0	0	1	0	0	0	0	0	1	1	0	0	1	0	0	0	0	1	R
NMDC20587639	1	0	1	0	0	1	0	0	0	0	0	0	0	0	1	1	0	1	1	0	1	1	0	0	0	0	0	0	0	1	R
NMDC20587655	1	0	1	0	0	1	0	0	0	0	0	0	0	0	1	1	0	1	1	0	1	1	0	0	0	0	0	0	0	1	R
NMDC20587663	1	0	0	0	0	0	0	1	0	0	0	1	1	0	1	0	0	0	0	0	1	1	0	0	0	0	0	0	0	1	R
NMDC20587668	1	0	1	0	0	1	0	0	0	0	0	0	0	0	1	1	0	1	1	0	1	1	0	0	0	0	0	0	0	1	R
NMDC20587669	1	0	1	0	0	1	0	0	0	0	0	0	0	0	1	1	0	1	1	0	1	1	0	0	0	0	0	0	0	1	R
NMDC20587676	1	0	1	0	0	1	0	0	0	0	0	0	0	0	1	1	0	1	1	0	1	1	0	0	0	0	0	0	0	1	R
NMDC20587687	1	0	0	0	0	0	0	0	0	0	0	0	0	0	1	0	0	0	0	0	0	1	0	0	0	0	0	1	0	0	R
NMDC20587688	1	0	0	0	0	0	0	0	0	0	0	0	0	0	1	0	0	0	0	0	0	1	0	0	0	0	0	1	0	0	R
NMDC20587708	1	0	0	0	0	0	0	0	0	0	0	0	0	0	1	0	0	0	0	0	0	1	0	0	0	0	0	1	0	0	R
NMDC20587742	0	0	0	1	0	1	0	1	0	0	0	1	0	0	1	0	1	1	0	0	0	1	0	0	1	0	0	0	1	1	R
NMDC20587745	0	0	0	0	0	1	0	1	0	0	0	1	0	0	1	0	0	1	1	0	0	1	0	0	0	0	0	0	0	0	R
NMDC20587785	0	0	0	1	0	0	0	0	0	0	0	1	0	0	0	0	0	0	0	0	0	0	0	0	0	0	0	0	0	0	R
NMDC20587793	1	0	0	0	0	0	0	0	0	0	0	1	0	0	0	0	0	0	0	0	0	0	0	0	0	0	0	0	0	0	R
NMDC20587867	0	0	1	1	1	1	0	1	0	0	0	1	1	0	1	1	0	0	1	0	1	1	0	0	0	0	0	0	1	1	R
NMDC20587937	1	0	1	0	0	1	0	0	0	0	0	0	0	0	1	1	0	1	1	0	1	1	0	0	0	0	0	0	0	1	R
NMDC20587951	1	0	1	0	0	1	0	0	0	0	0	0	0	0	1	1	0	1	1	0	1	1	0	0	0	0	0	0	0	1	R
NMDC20587952	1	0	1	0	0	1	0	0	0	0	0	0	0	0	1	1	0	1	1	0	1	1	0	0	0	0	0	0	0	1	R
NMDC20587954	1	0	1	0	0	1	0	0	0	0	0	0	0	0	1	1	0	1	1	0	1	1	0	0	0	0	0	0	0	1	R
NMDC20587961	1	0	0	0	0	0	0	1	0	0	0	1	1	0	1	0	0	0	1	0	1	1	0	0	0	0	0	0	0	1	R
NMDC20587964	1	0	1	0	0	1	0	0	0	0	0	0	0	0	1	1	0	1	1	0	1	1	0	0	0	0	0	0	0	1	R
NMDC20587970	1	0	0	0	0	0	0	0	0	0	0	0	0	0	1	0	0	0	0	0	0	1	0	0	0	0	0	1	0	0	R
NMDC20587980	1	0	0	0	0	0	0	0	0	0	0	0	0	0	1	0	0	0	0	0	0	1	0	0	0	0	0	1	0	0	R
NMDC20587991	0	0	1	1	1	1	0	1	0	0	0	1	1	0	1	1	0	0	1	0	1	1	0	0	0	0	0	0	1	1	R
NMDC20587996	1	0	0	0	0	1	0	0	0	0	0	0	0	0	1	0	0	1	1	0	1	1	0	0	0	0	0	0	0	1	R
NMDC20587999	1	0	0	0	0	1	0	0	0	0	1	1	0	0	0	0	1	0	0	0	0	1	0	0	1	0	0	0	0	0	R
NMDC20588000	1	0	1	0	0	1	0	0	0	0	0	0	0	0	1	1	0	1	1	0	1	1	0	0	0	0	0	0	0	1	R
NMDC20588002	1	0	0	0	0	0	0	0	0	0	0	0	0	0	1	0	0	0	0	0	0	1	0	0	0	0	0	1	0	0	R
NMDC20588014	1	0	1	0	0	1	0	0	0	0	0	0	0	0	1	1	0	1	1	0	1	1	0	0	0	0	0	0	0	1	R
NMDC20588020	1	0	1	0	0	1	0	1	0	0	0	1	0	0	1	1	0	0	0	0	0	1	0	0	1	0	0	0	0	0	R
NMDC20588032	1	0	0	0	0	0	0	1	0	0	0	1	1	0	1	0	0	0	1	0	1	1	0	0	0	0	0	0	0	1	R
NMDC20588035	1	0	1	0	0	1	0	0	0	0	0	0	0	0	1	1	0	1	1	0	1	1	0	0	0	0	0	0	0	1	R
NMDC20588039	1	0	1	0	0	1	0	0	0	0	0	0	0	0	1	1	0	1	1	0	1	1	0	0	0	0	0	0	0	1	R
NMDC20588065	1	0	1	0	0	1	0	0	0	0	0	0	0	0	1	1	0	1	1	0	1	1	0	0	0	0	0	0	0	1	R
NMDC20588066	1	0	0	0	0	1	0	0	0	0	0	0	0	0	1	0	0	1	1	0	1	1	0	0	0	0	0	0	0	1	R
NMDC20588140	1	0	0	0	0	1	0	0	0	0	1	0	0	0	0	0	0	0	0	0	0	0	0	0	0	0	0	0	1	1	R
NMDC20552269	0	1	1	0	1	1	0	1	0	0	0	1	1	1	1	1	0	0	1	0	1	1	0	0	0	0	0	0	1	1	R
NMDC20588650	1	0	1	0	0	1	0	0	0	0	0	0	0	0	1	1	0	1	1	0	1	1	0	0	0	0	0	0	0	1	R
NMDC20588653	1	0	0	0	0	0	0	0	0	0	0	1	0	0	0	0	1	1	0	0	0	0	0	0	1	0	0	0	0	1	R
NMDC20588665	0	0	0	0	0	0	0	1	0	0	0	1	1	0	1	0	0	0	1	0	1	1	0	0	0	0	0	0	0	1	R
NMDC20588683	1	0	1	0	0	1	0	0	0	0	0	0	0	0	1	1	0	1	1	0	1	1	0	0	0	0	0	0	0	1	R
NMDC20588701	1	0	1	0	0	1	0	0	0	0	0	0	0	0	1	1	0	1	1	0	1	1	0	0	0	0	0	0	0	1	R
NMDC20588712	1	0	1	0	0	1	0	0	0	0	0	0	0	0	1	1	0	1	1	0	1	1	0	0	0	0	0	0	0	1	R
NMDC20588718	1	0	1	0	0	1	0	0	0	0	0	0	0	0	1	1	0	1	0	0	1	1	0	0	0	0	0	0	0	1	R
NMDC20588728	1	0	1	0	0	1	0	0	0	0	0	1	0	0	0	1	0	0	0	0	0	1	0	0	0	0	0	0	0	0	R
NMDC20588733	0	0	0	0	0	1	0	0	0	0	0	0	0	0	1	0	0	1	1	0	1	1	1	0	0	0	0	0	0	1	R
NMDC20588742	1	0	1	0	0	1	0	0	0	0	0	0	0	0	1	1	0	1	1	0	1	1	0	0	0	0	0	0	0	1	R
NMDC20550669	1	0	0	0	0	1	0	1	0	0	0	1	0	0	1	0	1	1	0	0	0	1	0	0	1	0	0	0	1	1	R
NMDC20554677	0	0	0	0	0	0	0	1	0	0	0	1	0	0	0	0	0	0	0	0	1	0	0	0	0	0	1	0	0	1	R
NMDC20552677	0	0	1	1	1	1	0	1	0	0	0	1	1	0	1	1	0	0	1	0	1	1	0	0	0	0	0	0	1	1	R
NMDC20552681	0	0	0	0	0	1	0	0	0	0	1	0	0	0	0	0	0	0	0	0	0	0	0	0	0	0	0	0	1	1	R
NMDC20582183	0	0	0	0	0	1	0	1	0	0	0	1	0	0	1	0	1	1	1	0	0	1	0	0	1	0	0	0	1	1	R
NMDC20556681	1	0	1	0	0	1	0	0	0	0	0	0	0	0	1	1	0	1	1	0	1	1	0	0	0	0	0	0	0	1	R
NMDC20582187	0	0	1	1	1	1	0	1	0	0	0	1	1	0	1	1	0	0	1	0	1	1	0	0	0	0	0	0	1	1	R
NMDC20554680	1	0	1	0	0	1	0	0	0	0	0	0	0	0	1	1	0	1	1	0	1	1	0	0	0	0	0	0	0	1	R
NMDC20550680	1	0	0	0	0	1	0	1	0	0	0	1	0	0	1	0	1	1	0	0	0	1	0	0	1	0	0	0	1	1	R
NMDC20582227	0	1	0	0	0	1	0	1	0	0	0	1	0	1	1	0	0	0	1	0	1	1	0	0	1	0	0	0	0	1	R
NMDC20552711	0	1	1	0	1	1	0	1	0	0	0	1	0	1	1	1	1	1	1	0	0	1	0	0	1	0	0	0	1	1	R
NMDC20556710	0	1	1	0	1	1	0	1	0	0	0	1	0	1	0	1	0	0	1	0	0	0	0	1	0	0	0	0	1	1	R
NMDC20582256	1	0	1	0	1	0	0	1	0	0	0	1	1	0	1	1	0	0	0	0	1	1	0	0	0	0	0	0	0	1	R
NMDC20582270	0	0	0	0	0	1	0	1	0	0	0	1	0	0	1	0	1	1	0	0	0	1	0	0	1	0	0	0	1	1	R
NMDC20582271	1	0	1	0	0	1	0	0	0	0	0	0	0	0	1	1	0	1	1	0	1	1	0	0	0	0	0	0	0	1	R
NMDC20582275	1	0	0	0	0	1	0	1	0	0	0	1	0	0	1	0	1	1	0	0	0	1	0	0	1	0	0	0	1	1	R
NMDC20556719	0	0	1	1	1	1	0	1	0	0	0	1	1	0	1	1	0	0	1	0	1	1	0	0	0	0	0	0	1	1	R
NMDC20554706	0	0	1	0	1	0	0	0	0	0	0	1	0	0	0	1	0	0	1	0	0	0	0	0	0	0	0	0	0	0	R
NMDC20550715	0	0	1	1	1	1	0	1	0	0	0	1	1	0	1	1	0	0	1	0	1	1	0	0	0	0	0	0	1	1	R
NMDC20582294	0	0	1	0	1	1	0	1	1	0	0	1	0	0	1	1	1	1	1	0	0	1	0	0	1	0	0	0	1	1	R
NMDC20550717	1	0	0	0	0	1	0	1	0	0	0	1	0	0	1	0	1	1	0	0	0	1	0	0	1	0	0	0	1	1	R
NMDC20556730	0	1	1	0	1	1	0	1	0	0	0	1	0	1	0	1	0	0	1	0	0	0	0	1	0	0	0	0	1	1	R
NMDC20552727	1	0	0	0	0	0	0	0	0	0	0	0	0	0	0	0	1	1	0	1	0	0	0	1	0	0	0	0	0	0	R
NMDC20582296	1	0	0	0	0	1	0	1	0	0	0	1	0	0	1	0	1	1	0	0	1	0	0	0	1	0	1	0	0	1	R
NMDC20582298	1	0	0	0	0	1	0	1	0	0	0	1	0	0	1	0	1	1	0	0	0	1	0	0	1	0	0	0	1	1	R
NMDC20582300	1	0	0	0	0	0	0	0	0	0	0	1	0	0	0	0	1	1	0	0	0	0	0	0	1	0	0	0	0	1	R
NMDC20552736	0	0	1	1	1	1	0	1	0	0	0	1	0	0	1	1	1	1	0	0	0	1	0	0	1	0	0	0	1	1	R
NMDC20550731	0	1	0	0	0	1	0	1	0	0	0	1	0	1	1	0	1	1	1	0	0	1	0	0	1	0	0	0	0	1	R
NMDC20556737	1	0	0	0	0	1	0	1	0	0	0	1	0	0	1	0	1	1	0	0	0	1	0	0	1	0	0	0	1	1	R
NMDC20554722	1	0	0	0	0	1	0	1	0	0	0	1	0	0	1	0	1	1	1	0	0	1	0	0	1	0	0	0	1	1	R
NMDC20582338	1	0	0	0	0	1	0	0	0	0	1	0	0	0	0	0	0	0	0	0	0	0	0	0	0	0	0	0	1	1	R
NMDC20556753	0	0	0	0	0	1	0	0	1	0	0	0	0	0	1	0	0	1	0	0	1	1	0	0	0	0	0	0	0	1	R
NMDC20554730	1	0	1	0	1	0	0	1	0	0	0	1	1	0	1	1	0	0	1	0	1	1	0	0	0	0	0	0	0	1	R
NMDC20552755	1	0	0	0	0	1	0	0	0	0	1	0	0	0	0	0	0	0	0	0	0	0	0	0	0	0	0	0	1	1	R
NMDC20556756	1	0	0	0	0	1	0	0	0	0	1	0	0	0	0	0	0	0	0	0	0	0	0	0	0	0	0	0	1	1	R
NMDC20582353	0	0	0	1	0	0	0	1	0	0	0	1	0	0	0	0	0	0	0	0	0	1	0	0	0	0	0	0	0	1	R
NMDC20582365	0	1	0	0	0	1	0	1	0	0	0	1	0	1	1	0	1	1	1	0	0	1	0	0	1	0	0	0	1	1	R
NMDC20556759	1	0	0	0	0	1	0	1	0	0	0	1	0	0	1	0	1	1	1	0	0	1	0	0	1	0	0	0	1	1	R
NMDC20552761	0	1	1	0	1	1	0	1	0	0	0	1	1	1	1	1	0	0	1	0	1	1	0	0	0	0	0	0	1	1	R
NMDC20556762	1	0	0	0	0	0	0	1	0	0	0	1	1	0	1	0	0	0	1	0	1	1	0	0	0	0	0	0	0	1	R
NMDC20554734	0	0	0	0	0	1	0	0	0	0	0	1	0	0	1	0	0	1	0	0	0	0	0	0	0	0	1	0	1	1	R
NMDC20556767	1	0	0	0	0	0	0	0	0	0	0	0	0	0	0	0	1	1	0	1	0	0	0	1	0	0	0	0	0	0	R
NMDC20582393	0	0	0	0	0	0	0	0	0	0	0	1	0	0	0	0	1	0	0	0	1	1	0	0	1	0	0	0	1	0	R
NMDC20582397	1	0	1	0	0	1	0	0	0	0	0	0	0	0	1	1	0	1	1	0	1	1	0	0	0	0	0	0	0	1	R
NMDC20550758	1	0	0	0	0	1	0	1	0	0	0	1	0	0	1	0	1	1	0	0	0	1	0	0	1	0	0	0	1	1	R
NMDC20582400	0	0	0	0	0	1	0	1	0	0	0	1	0	0	1	0	1	1	1	0	0	1	0	0	1	0	0	0	1	1	R
NMDC20550762	1	0	0	0	0	1	0	0	0	0	1	0	0	0	0	0	0	0	0	0	0	0	0	0	0	0	0	0	1	1	R
NMDC20582404	1	0	1	0	1	0	0	1	0	0	0	1	1	0	1	1	0	0	1	0	1	1	0	0	0	0	0	0	0	1	R
NMDC20556768	0	0	0	0	0	1	0	1	0	0	0	1	0	0	1	0	1	1	0	0	0	1	0	0	1	0	0	0	1	1	R
NMDC20582412	1	0	0	0	0	0	0	0	0	0	0	0	0	0	1	0	0	0	1	0	0	1	0	0	0	0	0	1	1	0	R
NMDC20582415	0	0	0	0	0	1	0	1	0	0	0	1	0	0	1	0	0	0	0	0	1	1	0	0	1	0	0	0	0	1	R
NMDC20582418	0	0	0	0	0	1	0	1	0	0	0	1	0	0	1	0	1	1	0	0	0	1	0	0	1	0	0	0	1	1	R
NMDC20552784	0	0	0	0	0	0	0	0	0	0	0	1	0	0	0	0	1	0	0	1	1	1	0	1	0	0	0	0	1	0	R
NMDC20582433	0	0	0	0	0	1	0	0	0	0	1	0	0	0	0	0	0	0	0	0	0	0	0	0	0	0	0	0	1	1	R
NMDC20582440	0	0	0	0	0	1	0	1	0	0	0	1	1	0	1	0	0	0	0	0	1	1	0	0	0	0	0	0	1	1	R
NMDC20582452	0	0	0	0	0	0	0	0	0	0	0	1	0	0	0	0	1	1	0	0	0	0	0	0	1	0	0	0	0	1	R
NMDC20582455	0	0	0	0	0	1	0	0	0	0	1	0	0	0	0	0	0	0	0	0	0	0	0	0	0	0	0	0	1	1	R
NMDC20582461	0	0	0	0	0	1	0	0	0	0	1	0	0	0	0	0	0	0	0	0	0	0	0	0	0	0	0	0	1	1	R
NMDC20582462	0	0	0	0	0	1	0	1	0	0	0	1	0	0	1	0	1	1	1	0	0	1	0	0	1	0	0	0	1	1	R
NMDC20582416	0	0	0	0	0	1	0	1	0	0	0	1	0	0	1	0	1	1	1	0	0	1	0	0	1	0	0	0	1	1	R
NMDC20582625	0	0	0	0	0	1	0	1	0	0	0	1	0	0	1	0	1	1	0	0	0	1	0	0	1	0	0	0	1	1	R
NMDC20552813	0	0	0	0	0	1	0	1	1	0	0	1	0	0	1	0	1	1	0	0	0	1	0	0	1	0	0	0	1	1	R
NMDC20582628	1	0	0	0	0	0	0	0	0	0	0	0	0	0	1	0	0	0	0	0	0	1	0	0	0	0	0	1	0	0	R
NMDC20582633	1	0	0	0	0	1	0	1	0	0	0	1	0	0	1	0	1	1	0	0	0	1	1	0	1	0	0	0	1	1	R
NMDC20556822	1	0	0	0	0	1	0	1	0	0	0	1	0	0	1	0	1	1	0	0	0	1	0	0	1	0	0	0	1	1	R
NMDC20582652	0	0	0	0	0	1	0	1	0	0	0	1	0	0	1	0	1	1	0	0	0	1	1	0	1	0	0	0	1	1	R
NMDC20552826	0	0	0	0	0	1	0	1	0	0	0	1	0	0	1	0	1	1	1	0	0	1	1	0	1	0	0	0	1	1	R
NMDC20556827	0	0	0	0	0	1	0	1	0	0	0	1	0	0	0	0	0	0	1	0	1	1	0	0	0	0	0	0	0	0	R
NMDC20582669	0	0	0	1	0	1	0	1	0	0	0	1	0	0	1	0	1	1	0	0	0	1	0	0	1	0	0	0	1	1	R
NMDC20554808	1	0	1	0	0	1	0	1	0	0	0	1	0	0	1	1	1	1	0	0	0	1	0	0	1	0	0	0	1	1	R
NMDC20582674	0	0	0	0	0	1	0	1	0	0	0	1	0	0	1	0	1	1	0	0	0	1	0	0	1	0	0	0	1	1	R
NMDC20554809	1	0	0	0	0	1	0	1	0	0	0	1	0	0	1	0	1	1	0	0	0	1	0	0	1	0	0	0	1	1	R
NMDC20554810	1	0	1	0	0	1	0	1	0	0	0	1	0	0	1	1	1	1	0	0	0	1	0	0	1	0	0	0	1	1	R
NMDC20582679	0	1	1	0	1	1	0	1	0	0	0	1	0	1	1	1	1	1	1	0	0	1	0	0	1	0	0	0	1	1	R
NMDC20554812	0	0	0	0	0	1	0	1	0	0	0	1	0	0	1	0	1	1	0	0	0	1	1	0	1	0	0	0	1	1	R
NMDC20554813	0	0	0	0	0	1	0	1	0	0	0	1	0	0	1	0	1	1	0	0	0	1	0	0	1	0	0	0	1	1	R
NMDC20556834	1	0	0	0	0	1	0	1	0	0	0	1	0	0	1	0	1	1	0	0	0	1	0	0	1	0	0	0	1	1	R
NMDC20582683	0	0	0	0	0	1	0	1	0	0	0	1	0	0	0	0	0	0	0	0	0	0	0	1	0	0	0	0	1	1	R
NMDC20582689	0	0	0	0	0	1	0	1	0	0	0	1	0	0	1	0	1	1	0	0	0	1	0	0	1	0	0	0	1	1	R
NMDC20582693	0	0	0	0	0	1	0	1	0	0	0	1	0	0	1	0	1	1	0	0	0	1	0	0	1	0	0	0	1	1	R
NMDC20582694	0	0	0	0	0	1	0	1	0	0	0	1	0	0	1	0	1	1	0	0	0	1	0	0	1	0	0	0	1	1	R
NMDC20582706	1	0	0	0	0	1	0	1	0	0	0	1	0	0	1	0	1	1	0	0	0	1	0	0	1	0	0	0	1	1	R
NMDC20550841	0	0	0	0	0	1	0	1	0	0	0	1	0	0	1	0	1	1	0	0	0	1	0	0	1	0	0	0	1	1	R
NMDC20582722	0	0	0	0	0	1	0	1	0	0	0	1	0	0	1	0	1	1	0	0	0	1	0	0	1	0	0	0	1	1	R
NMDC20554832	0	0	0	0	0	1	0	1	0	0	0	1	0	0	1	0	1	1	1	0	0	1	0	0	1	0	0	0	1	1	R
NMDC20582723	0	0	0	0	0	1	0	1	0	0	0	1	0	0	1	0	1	1	1	0	0	1	0	0	1	0	0	0	1	1	R
NMDC20582731	1	0	0	0	0	1	0	1	0	0	0	1	0	0	1	0	1	1	0	0	0	1	0	0	1	0	0	0	1	1	R
NMDC20550847	0	0	0	0	0	1	0	1	0	0	0	1	0	0	0	0	0	0	1	0	1	1	0	0	0	0	0	0	0	0	R
NMDC20552855	0	0	0	0	0	1	0	1	0	0	0	1	0	0	1	0	1	1	0	0	0	1	0	0	1	0	0	0	1	1	R
NMDC20552858	1	0	0	0	0	1	0	1	0	0	0	1	0	0	1	0	1	1	0	0	0	1	0	0	1	0	0	0	1	1	R
NMDC20554836	0	0	0	0	0	1	0	1	0	0	0	1	0	0	1	0	1	1	0	0	0	1	0	0	1	0	0	0	1	1	R
NMDC20582737	0	0	0	0	0	1	0	1	0	0	0	1	0	0	1	0	1	1	0	0	0	1	0	0	1	0	0	0	1	1	R
NMDC20582740	0	0	0	0	0	1	0	0	0	0	0	1	0	0	0	0	0	0	0	0	0	1	0	0	0	0	0	0	0	1	R
NMDC20552861	0	0	1	0	1	0	0	0	0	0	0	1	0	0	0	1	0	0	1	0	0	0	0	0	0	0	0	0	0	0	R
NMDC20556855	0	0	1	0	0	1	0	1	0	0	0	1	0	0	1	1	1	1	1	0	0	1	0	0	1	0	0	0	1	1	R
NMDC20550851	0	0	0	0	0	0	0	1	0	0	0	1	0	0	0	0	0	1	0	0	1	1	0	1	0	0	0	0	0	1	R
NMDC20582744	0	0	0	0	0	1	0	1	0	0	0	1	0	0	1	0	1	1	1	0	0	1	0	0	1	0	0	0	1	1	R
NMDC20554837	0	0	1	0	1	0	0	0	0	0	0	1	0	0	0	1	0	0	0	0	0	0	0	0	0	0	0	0	0	0	R
NMDC20556857	0	0	0	0	0	1	0	1	0	0	0	1	0	0	1	0	1	1	0	0	0	1	0	0	1	0	0	0	1	1	R
NMDC20556858	1	0	1	0	0	1	0	1	0	0	0	1	0	0	1	1	0	0	0	0	0	1	0	0	1	0	0	0	0	0	R
NMDC20582748	0	0	0	0	0	1	0	1	1	0	0	1	0	0	1	0	1	1	0	0	0	1	0	0	1	0	0	0	1	1	R
NMDC20550854	0	0	0	0	0	1	0	1	0	0	0	1	0	0	0	0	0	0	0	0	1	1	0	0	0	0	0	0	0	0	R
NMDC20582750	0	0	0	0	0	1	0	1	0	0	0	1	0	0	1	0	1	1	0	0	0	1	0	0	1	0	0	0	1	1	R
NMDC20582751	0	0	0	0	0	1	0	1	0	0	0	1	0	0	1	0	1	1	0	0	0	1	0	0	1	0	0	0	1	1	R
NMDC20554838	1	0	0	0	0	1	0	1	0	0	0	1	0	0	1	0	1	1	0	0	0	1	0	0	1	0	0	0	1	1	R
NMDC20552865	1	0	0	0	0	1	0	1	0	0	0	1	0	0	1	0	1	1	0	0	0	1	0	0	1	0	0	0	1	1	R
NMDC20554840	1	0	0	0	0	1	0	1	0	0	0	1	0	0	1	0	1	1	0	0	0	1	0	0	1	0	0	0	1	1	R
NMDC20550857	0	0	0	0	0	1	0	1	0	0	0	1	0	0	1	0	1	1	1	0	0	1	0	0	1	0	0	0	1	1	R
NMDC20550859	0	0	0	0	0	1	0	1	0	0	0	1	0	0	1	0	1	1	0	0	0	1	1	0	1	0	0	0	1	1	R
NMDC20554842	1	0	0	0	0	1	0	1	0	0	0	1	0	0	1	0	1	1	0	0	0	1	0	0	1	0	0	0	1	1	R
NMDC20552872	0	0	0	0	0	1	0	1	1	0	0	1	0	0	1	0	1	1	0	0	0	1	0	0	1	0	0	0	1	1	R
NMDC20550862	1	0	0	0	0	1	0	1	0	0	0	1	0	0	1	0	1	1	0	0	0	1	0	0	1	0	0	0	1	1	R
NMDC20554853	1	0	1	0	0	1	0	1	0	0	0	1	0	0	1	1	0	0	0	0	0	1	0	0	1	0	0	0	0	0	R
NMDC20582759	0	0	0	1	0	0	0	1	0	0	0	1	0	0	0	0	0	0	0	0	0	1	0	0	0	0	0	0	0	1	R
NMDC20556862	1	0	1	0	0	1	0	1	0	0	0	1	0	0	1	1	1	1	0	0	0	1	0	0	1	0	0	0	1	1	R
NMDC20556863	1	0	0	0	0	1	0	1	0	0	0	1	0	0	1	0	1	1	0	0	0	1	0	0	1	0	0	0	1	1	R
NMDC20582765	1	0	1	1	0	1	0	1	0	0	0	1	0	0	1	1	0	0	0	0	0	1	0	0	1	0	0	0	0	0	R
NMDC20552880	0	0	1	0	1	1	0	1	1	0	0	1	0	0	1	1	1	1	1	0	0	1	0	0	1	0	0	0	1	1	R
NMDC20582770	0	0	0	0	0	1	0	1	0	0	0	1	0	0	1	0	1	1	0	0	0	1	0	0	1	0	0	0	1	1	R
NMDC20582772	1	0	1	0	0	1	0	1	0	0	0	1	0	0	1	1	0	0	0	0	0	1	0	0	1	0	0	0	0	0	R
NMDC20582774	1	0	0	0	0	1	0	1	0	0	0	1	0	0	0	0	0	0	1	0	1	1	0	0	0	0	0	0	0	0	R
NMDC20550873	1	0	0	0	0	1	0	1	0	0	0	1	0	0	1	0	1	1	0	0	0	1	0	0	1	0	0	0	1	1	R
NMDC20554856	0	1	1	0	1	0	0	0	0	0	0	0	0	1	1	1	0	0	1	0	0	1	0	0	0	0	0	1	1	0	R
NMDC20582781	0	0	0	0	0	1	0	1	0	0	0	1	0	0	1	0	1	1	0	0	0	1	0	0	1	0	0	0	1	1	R
NMDC20582783	0	0	0	0	0	1	0	1	0	0	0	1	0	0	1	0	1	1	0	0	0	1	0	0	1	0	0	0	1	1	R
NMDC20582786	1	0	0	0	0	1	0	1	0	0	0	1	0	0	1	0	1	1	0	0	0	1	0	0	1	0	0	0	1	1	R
NMDC20550876	0	0	1	1	1	1	0	1	0	0	0	1	1	0	1	1	0	0	1	0	1	1	0	0	0	0	0	0	1	1	R
NMDC20554859	0	0	1	1	1	1	0	1	0	0	0	1	0	0	1	1	1	1	1	0	0	1	0	0	1	0	0	0	0	1	R
NMDC20582789	0	1	1	0	1	1	0	1	0	0	0	1	0	1	0	1	0	0	1	0	0	0	0	1	0	0	0	0	1	1	R
NMDC20582793	1	0	0	0	0	1	0	1	0	0	0	1	0	0	1	0	1	1	1	0	0	1	0	0	1	0	0	0	1	1	R
NMDC20554866	1	0	0	0	0	1	0	1	0	0	0	1	0	0	1	0	1	1	0	0	0	1	0	0	1	0	0	0	1	1	R
NMDC20582920	1	0	0	0	0	1	0	1	0	0	0	1	0	0	1	0	1	1	0	0	0	1	0	0	1	0	0	0	1	1	R
NMDC20554904	0	0	1	0	1	1	0	1	1	0	0	1	0	0	1	1	1	1	1	0	0	1	0	0	1	0	0	0	1	1	R
NMDC20550921	0	0	0	0	0	1	0	1	0	0	0	1	0	0	1	0	1	1	0	0	0	1	0	0	1	0	0	0	1	1	R
NMDC20554905	0	1	1	0	1	1	0	1	0	0	0	1	0	1	1	1	1	1	1	0	0	1	0	0	1	0	0	0	1	1	R
NMDC20582924	0	0	0	1	0	1	0	1	0	0	0	1	0	0	1	0	1	1	0	0	0	1	0	0	1	0	0	0	1	1	R
NMDC20552946	1	0	0	0	0	1	0	1	0	0	0	1	0	0	1	0	1	1	0	0	0	1	0	0	1	0	0	0	1	1	R
NMDC20550925	0	0	0	1	0	1	0	1	0	0	0	1	0	0	0	0	0	0	1	0	1	1	0	0	0	0	0	0	0	0	R
NMDC20582934	1	0	0	0	0	1	0	1	0	0	0	1	0	0	1	0	1	1	0	0	0	1	0	0	1	0	0	0	1	1	R
NMDC20582937	0	0	0	0	0	1	0	1	0	0	0	1	0	0	1	0	1	1	0	0	0	1	0	0	1	0	0	0	1	1	R
NMDC20554909	1	0	0	0	0	1	0	1	0	0	0	1	0	0	1	0	1	1	0	0	0	1	0	0	1	0	0	0	1	1	R
NMDC20550928	0	1	0	0	0	1	0	1	0	0	0	1	0	1	1	0	1	1	1	0	0	1	0	0	1	0	0	0	1	1	R
NMDC20582940	1	0	0	0	0	1	0	1	0	0	0	1	0	0	1	0	1	1	0	0	0	1	0	0	1	0	0	0	1	1	R
NMDC20582949	0	0	0	0	0	1	0	1	0	0	0	1	0	0	1	0	1	1	0	0	0	1	0	0	1	0	0	0	1	1	R
NMDC20556925	0	0	1	1	1	1	0	1	0	0	0	1	0	0	1	1	1	1	1	0	0	1	0	0	1	0	0	0	0	1	R
NMDC20582960	0	0	0	0	0	1	0	1	0	0	0	1	0	0	1	0	1	1	0	0	0	1	0	0	1	0	0	0	1	1	R
NMDC20582962	0	0	1	1	1	1	0	1	0	0	0	1	0	0	1	1	1	1	0	0	0	1	0	0	1	0	0	0	1	1	R
NMDC20554930	0	0	0	0	0	1	0	1	0	0	0	1	0	0	1	0	1	1	0	0	0	1	0	0	1	0	0	0	1	1	R
NMDC20554932	1	0	0	0	0	1	0	1	0	0	0	1	0	0	1	0	1	1	0	0	0	1	0	0	1	0	0	0	1	1	R
NMDC20554931	0	1	1	0	1	1	0	1	0	0	0	1	0	1	0	1	0	0	1	0	0	0	0	1	0	0	0	0	1	1	R
NMDC20582974	0	0	1	0	1	0	0	0	0	0	0	1	0	0	0	1	0	0	1	0	0	0	0	0	0	0	0	0	0	0	R
NMDC20552967	0	0	1	1	1	1	0	1	0	0	0	1	1	0	1	1	0	0	1	0	1	1	0	0	0	0	0	0	1	1	R
NMDC20552968	0	0	0	0	0	1	0	0	0	0	1	0	0	0	0	0	0	0	0	0	0	0	0	0	0	0	0	0	1	1	R
NMDC20554936	1	0	0	0	0	1	0	1	0	0	0	1	0	0	1	0	1	1	0	0	0	1	0	0	1	0	0	0	1	1	R
NMDC20556936	1	0	1	0	0	1	0	0	0	0	0	0	0	0	1	1	0	1	1	0	1	1	0	0	0	0	0	0	0	1	R
NMDC20556937	1	0	1	0	1	1	0	1	0	0	0	1	0	0	1	1	1	1	1	0	0	1	0	0	1	0	0	0	1	1	R
NMDC20550941	0	0	0	0	0	1	0	0	0	0	1	0	0	0	0	0	0	0	0	0	0	0	0	0	0	0	0	0	1	1	R
NMDC20554937	0	0	1	1	1	1	0	1	0	0	0	1	1	0	1	1	0	0	1	0	1	1	0	0	0	0	0	0	1	1	R
NMDC20552975	1	0	1	0	0	1	0	1	0	0	0	1	0	0	1	1	0	0	0	0	0	1	0	0	1	0	0	0	0	0	R
NMDC20582987	0	0	1	0	1	0	0	0	0	0	0	1	0	0	0	1	0	0	1	0	0	0	0	0	0	0	0	0	0	0	R
NMDC20582988	1	0	0	0	0	1	0	1	0	0	0	1	0	0	1	0	1	1	0	0	0	1	0	0	1	0	0	0	1	1	R
NMDC20582992	1	0	0	0	0	1	0	1	0	0	0	1	0	0	1	0	1	1	0	0	0	1	0	0	1	0	0	0	1	1	R
NMDC20550947	1	0	0	0	0	1	0	1	0	0	0	1	0	0	1	0	1	1	0	0	0	1	0	0	1	0	0	0	1	1	R
NMDC20552977	0	0	1	1	1	1	0	1	0	0	0	1	0	0	1	1	1	1	0	0	0	1	0	0	1	0	0	0	1	1	R
NMDC20556950	0	0	1	1	1	1	0	1	0	0	0	1	0	0	1	1	1	1	0	0	0	1	0	0	1	0	0	0	1	1	R
NMDC20582995	0	0	0	0	0	0	0	0	0	0	0	0	0	0	1	0	1	0	0	0	1	1	0	0	0	0	0	1	0	1	R
NMDC20582997	0	0	1	1	1	1	0	1	0	0	0	1	1	0	1	1	0	0	1	0	1	1	0	0	0	0	0	0	1	1	R
NMDC20583005	1	0	0	0	0	1	0	1	0	0	0	1	0	0	1	0	1	1	0	0	0	1	0	0	1	0	0	0	1	1	R
NMDC20583010	0	0	0	0	0	0	0	0	0	0	0	1	0	0	0	0	0	0	0	0	1	1	0	1	0	0	0	0	0	1	R
NMDC20552981	0	0	0	1	0	1	0	1	0	0	0	1	0	0	1	0	1	1	0	0	0	1	0	0	1	0	0	0	1	1	R
NMDC20556963	1	0	0	0	0	1	0	1	0	0	0	1	0	0	0	0	0	0	0	0	1	1	0	0	0	0	0	0	0	0	R
NMDC20556965	0	0	1	0	1	0	0	0	0	0	0	1	0	0	0	1	0	0	0	0	1	1	0	1	0	0	0	0	0	1	R
NMDC20583037	1	0	1	0	0	1	0	1	0	0	0	1	0	0	1	1	0	0	0	0	0	1	0	0	1	0	0	0	0	0	R
NMDC20583039	1	0	0	0	0	1	0	1	0	0	0	1	0	0	1	0	1	1	0	0	0	1	0	0	1	0	0	0	1	1	R
NMDC20554960	1	0	0	0	0	1	0	1	0	0	0	1	0	0	1	0	1	1	0	0	0	1	0	0	1	0	0	0	1	1	R
NMDC20583043	0	0	0	0	0	0	0	0	0	0	0	1	0	0	0	0	0	0	0	0	1	1	0	1	0	0	0	0	0	1	R
NMDC20554962	0	1	1	0	1	1	0	1	0	0	0	1	0	1	1	1	1	1	1	0	0	1	0	0	1	0	0	0	1	1	R
NMDC20583060	1	0	0	0	0	0	0	0	0	0	0	0	0	0	0	0	1	1	0	1	0	0	0	1	0	0	0	0	0	0	R
NMDC20550967	1	0	0	0	0	0	0	0	0	0	0	1	0	0	0	0	0	0	0	0	0	0	0	0	0	0	0	0	0	0	R
NMDC20554979	0	0	0	0	0	0	0	0	0	0	0	1	0	0	0	0	1	0	0	0	1	1	0	0	1	0	0	0	1	0	R
NMDC20583076	0	0	0	0	0	0	0	0	0	0	0	1	0	0	0	0	0	0	0	0	0	0	0	0	0	0	0	0	0	0	R
NMDC20583082	0	0	0	0	0	1	0	0	0	0	0	1	0	1	0	0	0	0	1	0	0	1	0	0	0	0	0	1	1	0	R
NMDC20553012	0	0	0	0	0	0	0	0	0	0	0	1	0	0	0	0	1	1	0	0	0	0	0	0	1	0	0	0	0	1	R
NMDC20583089	1	0	0	0	0	1	0	1	0	0	0	1	0	0	1	0	0	0	0	0	0	1	0	0	1	0	0	0	0	0	R
NMDC20554983	0	1	1	0	1	1	0	1	0	0	0	1	0	1	1	1	1	1	1	0	0	1	0	0	1	0	0	0	1	1	R
NMDC20583096	1	0	0	0	0	1	0	1	0	0	0	1	0	0	1	0	1	1	0	0	0	1	0	0	1	0	0	0	1	1	R
NMDC20583097	0	0	0	0	0	1	0	1	0	0	0	1	0	0	0	0	0	0	0	0	0	0	0	1	0	0	0	0	1	1	R
NMDC20583108	0	0	0	0	0	1	0	1	0	0	0	1	0	0	1	0	1	1	0	0	0	1	0	0	1	0	0	0	1	1	R
NMDC20583115	1	0	0	0	0	1	0	1	0	0	0	1	0	0	1	0	1	1	1	0	0	1	0	0	1	0	0	0	1	1	R
NMDC20550986	1	0	0	0	0	1	0	1	0	0	0	1	0	0	1	0	1	1	1	0	0	1	0	0	1	0	0	0	1	1	R
NMDC20550987	1	0	0	0	0	1	0	1	0	0	0	1	0	0	1	0	1	1	0	0	0	1	0	0	1	0	0	0	1	1	R
NMDC20550988	0	0	0	0	0	1	0	1	0	0	0	1	0	0	1	0	1	1	1	0	0	1	0	0	1	0	0	0	1	1	R
NMDC20556996	0	0	0	0	0	1	0	1	0	0	0	1	0	0	1	0	1	1	0	0	0	1	0	0	1	0	0	0	1	1	R
NMDC20550994	0	0	0	0	0	1	0	1	0	0	0	1	0	0	1	0	1	1	1	0	0	1	0	0	1	0	0	0	1	1	R
NMDC20550995	1	0	0	0	0	1	0	1	0	0	0	1	0	0	1	0	1	1	0	0	0	1	0	0	1	0	0	0	1	1	R
NMDC20550998	1	0	0	0	0	1	0	1	0	0	0	1	0	0	1	0	1	1	0	0	0	1	0	0	1	0	0	0	1	1	R
NMDC20551001	1	0	0	0	0	1	0	1	0	0	0	1	0	0	1	0	1	1	1	0	0	1	0	0	1	0	0	0	1	1	R
NMDC20555003	0	0	0	1	0	1	0	1	0	0	0	1	0	0	1	0	1	1	0	0	0	1	0	0	1	0	0	0	1	1	R
NMDC20583151	1	0	0	0	0	1	0	1	0	0	0	1	0	0	1	0	1	1	0	0	0	1	0	0	1	0	0	0	1	1	R
NMDC20583155	0	0	0	0	0	1	0	1	0	0	0	1	0	0	1	0	1	1	1	0	0	1	0	0	1	0	0	0	1	1	R
NMDC20557004	0	0	0	0	0	0	0	0	0	0	0	1	0	0	0	0	0	0	0	0	0	0	0	0	0	0	0	0	0	0	R
NMDC20551004	1	0	0	0	0	1	0	1	0	0	0	1	0	0	1	0	1	1	0	0	0	1	0	0	1	0	0	0	1	1	R
NMDC20583158	0	0	0	1	0	1	0	1	0	0	0	1	0	0	1	0	1	1	0	0	0	1	0	0	1	0	0	0	1	1	R
NMDC20583161	1	0	0	0	0	1	0	1	0	0	0	1	0	0	1	0	1	1	0	0	0	1	0	0	1	0	0	0	1	1	R
NMDC20583164	1	0	0	0	0	1	0	1	0	0	0	1	0	0	1	0	1	1	0	0	0	1	0	0	1	0	0	0	1	1	R
NMDC20551010	0	0	0	0	0	1	0	1	0	0	0	1	0	0	1	0	1	1	0	0	0	1	0	0	1	0	0	0	1	1	R
NMDC20583166	0	0	0	0	0	1	0	1	0	0	0	1	0	0	1	0	1	1	0	0	0	1	0	0	1	0	0	0	1	1	R
NMDC20553038	0	0	0	1	0	1	0	1	0	0	0	1	0	0	1	0	1	1	1	0	0	1	0	0	1	0	0	0	1	1	R
NMDC20583177	0	0	0	1	0	1	0	1	0	0	0	1	0	0	1	0	1	1	0	0	0	1	0	0	1	0	0	0	1	1	R
NMDC20555011	0	0	1	1	1	1	0	1	0	0	0	1	1	0	1	1	0	0	1	0	1	1	0	0	0	0	0	0	1	1	R
NMDC20551013	1	0	0	0	0	1	0	0	0	0	1	0	0	0	0	0	0	0	0	0	0	0	0	0	0	0	0	0	1	1	R
NMDC20555014	0	0	1	1	1	1	0	1	0	0	0	1	1	0	1	1	0	0	1	0	1	1	0	0	0	0	0	0	1	1	R
NMDC20555015	0	0	1	1	1	1	0	1	0	0	0	1	1	0	1	1	0	0	1	0	1	1	0	0	0	0	0	0	1	1	R
NMDC20583181	0	0	1	1	1	1	0	1	0	0	0	1	1	0	1	1	0	0	1	0	1	1	0	0	0	0	0	0	1	1	R
NMDC20555019	1	0	0	0	0	1	0	1	0	0	0	1	0	0	1	0	1	1	0	0	0	1	0	0	1	0	0	0	1	1	R
NMDC20555020	1	0	0	0	0	1	0	1	0	0	0	1	0	0	1	0	1	1	0	0	0	1	0	0	1	0	0	0	1	1	R
NMDC20551021	1	0	0	0	0	1	0	1	0	0	0	1	0	0	1	0	1	1	0	0	0	1	0	0	1	0	0	0	1	1	R
NMDC20555025	1	0	0	0	0	1	0	1	0	0	0	1	0	0	1	0	1	1	1	0	0	1	0	0	1	0	0	0	1	1	R
NMDC20583203	1	0	1	0	0	1	0	0	0	0	0	1	0	0	1	1	0	1	0	0	0	0	0	0	0	0	1	0	1	1	R
NMDC20583211	1	0	0	0	0	1	0	1	0	0	0	1	0	0	1	0	1	1	1	0	0	1	0	0	1	0	0	0	1	1	R
NMDC20557031	0	0	0	0	0	1	0	1	0	0	0	1	0	0	1	0	1	1	1	0	0	1	0	0	1	0	0	0	1	1	R
NMDC20551029	1	0	0	0	0	1	0	1	0	0	0	1	0	0	1	0	1	1	0	0	0	1	0	0	1	0	0	0	1	1	R
NMDC20583213	0	0	0	0	0	1	0	0	0	0	1	0	0	0	0	0	0	0	0	0	0	0	0	0	0	0	0	0	1	1	R
NMDC20583214	0	0	0	0	0	1	0	0	0	0	0	1	0	0	0	0	0	1	0	0	0	1	0	0	0	0	0	1	1	0	R
NMDC20551030	0	0	0	0	0	0	0	0	0	0	0	0	0	0	0	0	1	0	0	0	0	1	0	0	0	0	0	0	1	0	R
NMDC20555034	0	0	0	0	0	1	0	1	0	0	0	1	0	0	0	0	0	0	0	0	0	0	0	1	0	0	0	0	1	1	R
NMDC20557033	0	0	0	0	0	1	0	1	0	0	0	1	0	0	1	0	1	1	0	0	0	1	0	0	1	0	0	0	1	1	R
NMDC20555037	0	0	0	1	0	1	0	1	0	0	0	1	0	0	1	0	1	1	0	0	0	1	0	0	1	0	0	0	1	1	R
NMDC20583222	0	0	1	0	1	1	0	1	1	0	0	1	0	0	1	1	1	1	1	0	0	1	0	0	1	0	0	0	1	1	R
NMDC20551040	1	0	0	0	0	0	0	1	0	0	0	1	1	0	1	0	0	0	0	0	1	1	0	0	0	0	0	0	0	1	R
NMDC20557049	1	0	1	0	0	1	0	0	0	0	0	0	0	0	1	1	0	1	1	0	1	1	0	0	0	0	0	0	0	1	R
NMDC20555044	0	0	1	0	1	1	0	1	1	0	0	1	0	0	1	1	1	1	1	0	0	1	0	0	1	0	0	0	1	1	R
NMDC20555047	1	0	0	0	0	1	0	1	0	0	0	1	0	0	1	0	1	1	0	0	0	1	0	0	1	0	0	0	1	1	R
NMDC20583254	0	0	0	0	0	1	0	1	0	0	0	1	0	0	1	0	1	1	0	0	0	1	0	0	1	0	0	0	1	1	R
NMDC20555048	1	0	0	0	0	1	0	1	0	0	0	1	0	0	1	0	1	1	0	0	0	1	0	0	1	0	0	0	1	1	R
NMDC20583257	0	0	0	0	0	1	0	1	0	0	0	1	0	0	1	0	1	1	0	0	0	1	0	0	1	0	0	0	1	1	R
NMDC20557059	1	0	0	0	0	1	0	1	0	0	0	1	0	0	1	0	1	1	0	0	0	1	0	0	1	0	0	0	1	1	R
NMDC20557063	1	0	0	0	0	1	0	1	0	0	0	1	0	0	1	0	1	1	0	0	0	1	0	0	1	0	0	0	1	1	R
NMDC20557066	1	0	0	0	0	1	0	1	0	0	0	1	0	0	1	0	1	1	1	0	0	1	0	0	1	0	0	0	1	1	R
NMDC20551058	0	0	1	0	1	0	0	0	0	0	0	1	0	0	0	1	1	0	0	0	1	1	0	0	1	0	0	0	1	0	R
NMDC20583278	1	0	1	0	0	1	0	1	0	0	0	1	0	0	1	1	0	0	0	0	0	1	0	0	1	0	0	0	0	0	R
NMDC20583279	0	0	0	0	0	1	0	1	0	0	0	1	0	0	1	0	1	1	0	0	0	1	0	0	1	0	0	0	1	1	R
NMDC20557070	1	0	0	0	0	1	0	0	0	0	1	0	0	0	0	0	0	0	0	0	0	0	0	0	0	0	0	0	1	1	R
NMDC20583280	1	0	0	0	0	1	0	1	0	0	0	1	0	0	1	0	1	1	1	0	0	1	0	0	1	0	0	0	1	1	R
NMDC20551065	1	0	0	0	0	1	0	1	0	0	0	1	0	0	1	0	1	1	0	0	0	1	0	0	1	0	0	0	1	1	R
NMDC20555061	1	0	0	0	0	1	0	1	0	0	0	1	0	0	1	0	1	1	0	0	0	1	0	0	1	0	0	0	1	1	R
NMDC20553100	0	0	0	0	0	1	0	0	0	0	1	0	0	0	0	0	0	0	1	0	0	0	0	0	0	0	0	0	1	1	R
NMDC20555065	0	0	0	0	0	1	0	1	0	0	0	1	0	0	0	0	1	0	0	0	0	1	0	1	1	0	0	0	1	0	R
NMDC20551074	0	0	0	0	0	1	0	0	0	0	1	0	0	0	0	0	0	0	0	0	0	0	0	0	0	0	0	0	1	1	R
NMDC20557089	0	0	0	0	0	1	0	1	0	0	0	1	0	0	1	0	1	1	1	0	0	1	0	0	1	0	0	0	1	1	R
NMDC20557110	1	0	0	0	0	1	0	0	0	0	0	0	0	0	1	0	1	1	0	0	0	0	0	0	1	0	0	0	1	1	R
NMDC20583359	1	0	0	0	0	0	0	0	0	0	0	1	0	0	0	0	0	0	0	0	0	0	0	0	0	0	0	0	0	0	R
NMDC20557096	0	1	1	1	1	1	0	1	0	0	0	1	1	1	1	1	0	0	1	0	1	1	0	0	0	0	0	0	1	1	R
NMDC20583362	0	0	0	0	0	1	0	1	0	0	0	1	0	0	0	0	0	0	0	0	0	0	0	1	0	0	0	0	1	1	R
NMDC20583363	0	1	1	1	1	1	0	1	0	0	0	1	1	1	1	1	0	0	1	0	1	1	0	0	0	0	0	0	1	1	R
NMDC20583364	0	0	1	0	1	1	0	1	1	0	0	1	0	0	1	1	1	1	1	0	0	1	0	0	1	0	0	0	1	1	R
NMDC20553117	0	0	0	0	0	1	0	1	0	0	0	1	0	0	1	0	1	1	0	0	0	1	0	0	1	1	0	0	1	1	R
NMDC20555081	0	0	1	0	1	0	0	1	0	1	0	1	1	0	1	1	0	0	1	0	1	1	0	0	0	0	0	0	0	1	R
NMDC20553119	0	0	0	1	0	1	0	1	0	0	0	1	0	0	1	0	1	1	0	0	0	1	0	0	1	0	0	0	1	1	R
NMDC20583377	0	0	0	1	0	1	0	1	0	0	0	1	0	0	1	0	1	1	0	0	0	1	0	0	1	0	0	0	1	1	R
NMDC20583378	1	0	0	0	0	1	0	1	0	0	0	1	0	0	1	0	1	1	0	0	0	1	0	0	1	0	0	0	1	1	R
NMDC20551086	1	0	0	0	0	1	0	1	0	0	0	1	0	0	1	0	1	1	0	0	0	1	0	0	1	0	0	0	1	1	R
NMDC20583379	0	0	0	0	0	1	0	1	0	0	0	1	0	0	0	0	0	0	0	0	1	1	0	0	0	0	0	0	0	0	R
NMDC20555086	0	0	1	0	1	1	0	1	1	0	0	1	0	0	1	1	1	1	1	0	0	1	0	0	1	0	0	0	1	1	R
NMDC20553122	1	0	0	0	0	1	0	1	0	0	0	1	0	0	1	0	1	1	1	0	0	1	0	0	1	0	0	0	1	1	R
NMDC20583381	0	0	0	0	0	1	0	1	0	0	0	1	0	0	1	0	1	1	0	0	0	1	0	0	1	0	0	0	1	1	R
NMDC20553124	1	0	0	0	0	1	0	1	0	0	0	1	0	0	1	0	1	1	0	0	0	1	0	0	1	0	0	0	1	1	R
NMDC20557103	1	0	0	0	0	0	0	1	0	0	0	1	1	0	1	0	0	0	0	0	1	1	0	0	0	0	0	0	0	1	R
NMDC20555090	1	0	1	0	1	0	0	0	0	0	1	0	0	0	0	1	1	0	1	0	1	1	0	0	0	0	0	0	0	1	R
NMDC20551091	1	0	0	0	0	1	0	0	0	0	0	0	0	0	1	0	0	1	1	0	1	1	0	0	0	0	0	0	0	1	R
NMDC20555089	0	0	0	0	0	1	0	0	0	0	0	0	0	0	1	0	0	1	1	0	1	1	0	0	0	0	0	0	0	1	R
NMDC20553125	1	0	0	0	0	1	0	0	0	0	0	0	0	0	1	0	0	1	1	0	1	1	0	0	0	0	0	0	0	1	R
NMDC20557107	0	0	0	0	0	1	0	1	0	0	0	1	0	0	1	0	1	1	0	0	0	1	0	0	1	1	0	0	1	1	R
NMDC20583390	1	0	0	0	0	1	0	1	0	0	0	1	0	0	1	0	1	1	0	0	0	1	0	0	1	0	0	0	1	1	R
NMDC20553131	0	1	1	0	1	1	0	1	0	0	0	1	0	1	0	1	0	0	1	0	0	0	0	1	0	0	0	0	1	1	R
NMDC20583396	1	0	0	0	0	1	0	1	0	0	0	1	0	0	1	0	1	1	0	0	0	1	0	0	1	0	0	0	1	1	R
NMDC20551099	0	0	0	1	0	1	0	1	0	0	0	1	0	0	1	0	1	1	0	0	0	1	0	0	1	0	0	0	1	1	R
NMDC20555097	1	0	1	0	0	1	0	1	0	0	0	1	0	0	1	1	0	0	0	0	0	1	0	0	1	0	0	0	0	0	R
NMDC20583404	1	0	0	0	0	1	0	1	0	0	0	1	0	0	1	0	1	1	0	0	0	1	0	0	1	0	0	0	1	1	R
NMDC20555099	1	0	0	0	0	1	0	1	0	0	0	1	0	0	1	0	1	1	1	0	0	1	0	0	1	0	0	0	1	1	R
NMDC20553137	1	0	0	0	0	1	0	1	0	0	0	1	0	0	1	0	1	1	1	0	0	1	0	0	1	0	0	0	1	1	R
NMDC20557114	1	0	0	0	0	0	0	0	0	0	0	0	0	0	1	0	0	0	0	0	0	1	0	0	0	0	0	1	0	0	R
NMDC20583427	1	0	0	0	0	0	0	0	0	0	0	0	0	0	1	0	0	0	0	0	0	1	0	0	0	0	0	1	0	0	R
NMDC20583431	0	0	0	0	0	1	0	0	0	0	0	0	0	0	1	0	1	1	0	0	0	0	0	0	1	0	0	0	1	1	R
NMDC20553140	1	0	0	0	0	1	0	1	0	0	0	1	0	0	1	0	1	1	1	0	0	1	0	0	1	0	0	0	1	1	R
NMDC20583435	1	0	0	0	0	0	0	0	0	0	0	0	0	0	1	0	0	0	0	0	0	1	0	0	0	0	0	1	0	0	R
NMDC20557118	1	0	0	0	0	1	0	0	0	0	0	0	0	0	1	0	1	1	0	0	0	0	0	0	1	0	0	0	1	1	R
NMDC20553141	1	0	0	0	0	1	0	0	0	0	1	0	0	0	0	0	0	0	0	0	0	0	0	0	0	0	0	0	1	1	R
NMDC20583443	1	0	0	0	0	1	0	1	0	0	0	1	0	0	1	0	1	1	1	0	0	1	0	0	1	0	0	0	1	1	R
NMDC20555112	1	0	0	0	0	1	0	1	0	0	0	1	0	0	1	0	1	1	0	0	0	1	0	0	1	0	0	0	1	1	R
NMDC20583446	1	0	0	0	0	1	0	1	0	0	0	1	0	0	1	0	1	1	0	0	0	1	0	0	1	0	0	0	1	1	R
NMDC20555113	1	0	0	0	0	1	0	1	0	0	0	1	0	0	1	0	1	1	0	0	0	1	0	0	1	0	0	0	1	1	R
NMDC20553146	1	0	1	0	0	1	0	1	0	0	0	1	0	0	1	1	0	0	0	0	0	1	0	0	1	0	0	0	0	0	R
NMDC20553148	1	0	1	0	0	1	0	0	0	0	0	0	0	0	1	1	0	1	1	0	1	1	0	0	0	0	0	0	0	1	R
NMDC20553149	0	0	0	1	0	1	0	1	0	0	0	1	0	0	1	0	1	1	0	0	0	1	0	0	1	0	0	0	1	1	R
NMDC20551116	0	0	0	1	0	1	0	1	0	0	0	1	0	0	1	0	1	1	0	0	0	1	0	0	1	0	0	0	1	1	R
NMDC20551117	1	0	0	0	0	1	0	1	0	0	0	1	0	0	1	0	1	1	0	0	0	1	0	0	1	0	0	0	1	1	R
NMDC20551128	1	0	0	0	0	0	0	0	0	0	0	1	0	0	0	0	0	0	0	0	0	0	0	0	0	0	0	0	0	0	R
NMDC20583483	1	0	0	0	0	1	0	1	0	0	0	1	0	0	1	0	1	1	0	0	0	1	0	0	1	0	0	0	1	1	R
NMDC20555128	0	0	0	0	0	1	0	0	0	0	1	0	0	0	0	0	0	0	0	0	0	0	0	0	0	1	0	0	1	1	R
NMDC20555139	1	0	0	0	0	0	0	0	0	0	0	0	0	0	1	0	0	0	0	0	0	1	0	0	0	0	0	1	0	0	R
NMDC20583507	1	0	0	0	0	0	0	0	0	0	1	0	0	0	0	0	1	0	0	0	1	1	0	0	0	0	0	0	0	1	R
NMDC20583525	1	0	0	0	0	1	0	1	0	0	0	1	0	0	1	0	1	1	0	0	0	1	0	0	1	0	0	0	1	1	R
NMDC20583528	0	0	0	0	0	0	0	0	0	0	0	0	0	0	0	0	1	1	0	1	0	0	0	1	0	0	0	0	0	0	R
NMDC20557158	0	0	0	0	0	0	0	0	0	0	0	1	0	0	0	0	1	0	0	0	1	1	0	0	1	0	0	0	1	0	R
NMDC20555157	0	0	1	1	1	1	0	1	0	0	0	1	0	0	1	1	1	1	0	0	0	1	0	0	1	0	0	0	1	1	R
NMDC20583529	1	0	0	0	0	0	0	0	0	0	0	1	0	0	0	0	0	0	0	0	1	1	0	1	0	0	0	0	0	1	R
NMDC20551151	0	0	1	0	1	1	0	1	1	0	0	1	0	0	1	1	1	1	1	0	0	1	0	0	1	0	0	0	1	1	R
NMDC20557165	1	0	0	0	0	1	0	0	0	0	1	0	0	0	0	0	0	0	0	0	0	0	0	0	0	0	0	0	1	1	R
NMDC20551159	1	0	0	0	0	1	0	1	0	0	0	1	0	0	1	0	1	1	0	0	0	1	0	0	1	0	0	0	1	1	R
NMDC20555170	1	0	0	0	0	1	0	1	0	0	0	1	0	0	1	0	1	1	0	0	0	1	0	0	1	0	0	0	1	1	R
NMDC20583562	1	0	0	0	0	1	0	1	0	0	0	1	0	0	1	0	1	1	1	0	0	1	0	0	1	0	0	0	1	1	R
NMDC20557172	1	0	0	0	0	1	0	1	0	0	0	1	0	0	1	0	1	1	0	0	0	1	0	0	1	0	0	0	1	1	R
NMDC20557175	0	0	1	0	1	1	0	1	0	0	0	1	0	0	1	1	1	1	1	0	0	1	0	0	1	1	0	0	1	1	R
NMDC20583612	0	0	0	0	0	1	0	1	0	0	0	1	0	0	1	0	1	1	0	0	0	1	0	0	1	0	0	0	1	1	R
NMDC20583633	1	0	0	0	0	1	0	1	0	0	0	1	0	0	1	0	1	1	1	0	0	1	0	0	1	0	0	0	1	1	R
NMDC20553199	1	0	1	0	1	1	0	1	0	0	0	1	0	0	1	1	1	1	1	0	0	1	0	0	1	0	0	0	1	1	R
NMDC20583653	1	0	0	0	0	1	0	1	0	0	0	1	0	0	1	0	1	1	1	0	0	1	0	0	1	0	0	0	1	1	R
NMDC20557187	1	0	0	0	0	1	0	1	0	0	0	1	0	0	1	0	1	1	1	0	0	1	0	0	1	0	0	0	1	1	R
NMDC20583663	1	0	0	0	0	1	0	1	0	0	0	1	0	0	1	0	1	1	0	0	0	1	0	0	1	0	0	0	1	1	R
NMDC20551177	0	0	0	0	0	1	0	1	0	0	0	1	0	0	1	0	1	1	0	0	0	1	0	0	1	1	0	0	1	1	R
NMDC20583676	0	0	0	1	0	0	0	1	0	0	0	1	0	0	0	0	0	0	0	0	0	0	0	0	0	0	1	0	0	1	R
NMDC20583691	1	0	1	0	1	0	0	0	0	0	1	0	0	0	0	1	1	0	1	0	1	1	0	0	0	0	0	0	0	1	R
NMDC20583695	1	0	0	0	0	1	0	1	0	0	0	1	0	0	1	0	1	1	0	0	0	1	0	0	1	0	0	0	1	1	R
NMDC20557190	1	0	0	0	0	1	0	1	0	0	0	1	0	0	1	0	1	1	1	0	0	1	0	0	1	0	0	0	1	1	R
NMDC20555193	0	0	0	0	0	1	0	1	0	0	0	1	0	0	1	0	1	1	0	0	0	1	1	0	1	0	0	0	1	1	R
NMDC20557192	1	0	0	0	0	1	0	1	0	0	0	1	0	0	1	0	1	1	1	0	0	1	0	0	1	0	0	0	1	1	R
NMDC20557193	1	0	0	0	0	1	0	1	0	0	0	1	0	0	1	0	1	1	0	0	0	1	0	0	1	0	0	0	1	1	R
NMDC20583714	1	0	1	0	1	0	0	0	0	0	1	0	0	0	0	1	1	0	1	0	1	1	0	0	0	0	0	0	0	1	R
NMDC20583716	0	0	1	0	1	1	0	0	0	1	0	0	0	0	1	1	1	1	1	0	0	0	0	0	1	0	0	0	1	1	R
NMDC20583717	1	0	0	0	0	1	0	1	0	0	0	1	0	0	1	0	1	1	0	0	0	1	0	0	1	0	0	0	1	1	R
NMDC20583718	1	0	0	0	0	1	0	1	0	0	0	1	0	0	1	0	1	1	0	0	0	1	0	0	1	0	0	0	1	1	R
NMDC20553224	1	0	0	0	0	1	0	1	0	0	0	1	0	0	1	0	1	1	0	0	0	1	0	0	1	0	0	0	1	1	R
NMDC20553229	0	0	0	0	0	1	0	1	0	0	0	1	0	0	1	0	1	1	1	0	0	1	0	0	1	0	0	0	1	1	R
NMDC20583796	1	0	0	0	0	1	0	1	0	0	0	1	0	0	1	0	1	1	0	0	0	1	0	0	1	0	0	0	1	1	R
NMDC20583797	0	0	0	0	0	1	0	1	0	0	0	1	0	0	1	0	1	1	0	0	0	1	0	0	1	0	0	0	1	1	R
NMDC20555205	1	0	1	0	0	0	0	0	0	0	0	1	0	0	0	1	1	1	0	0	0	0	0	0	1	0	0	0	0	1	R
NMDC20557212	0	0	0	0	0	1	0	1	0	0	0	1	0	0	1	0	1	1	0	0	0	1	0	0	1	0	0	0	1	1	R
NMDC20557219	0	0	0	0	0	1	0	0	0	0	1	0	0	0	0	0	0	0	0	0	0	0	0	0	0	0	0	0	1	1	R
NMDC20553230	0	0	0	1	0	1	0	1	0	0	0	1	0	0	1	0	1	1	0	0	0	1	0	0	1	0	0	0	1	1	R
NMDC20555207	0	0	0	0	0	1	0	1	0	0	0	1	0	0	1	0	1	1	0	0	0	1	0	0	1	0	0	0	1	1	R
NMDC20553231	0	0	0	0	0	0	0	0	0	0	0	1	0	0	0	0	1	0	0	0	1	1	0	0	1	0	0	0	1	0	R
NMDC20557218	0	0	1	0	1	1	0	1	1	0	0	1	0	0	1	1	1	1	1	0	0	1	0	0	1	0	0	0	1	1	R
NMDC20555208	0	0	0	0	0	1	0	0	0	0	0	0	0	0	1	0	0	1	1	0	1	1	0	0	0	0	0	0	0	1	R
NMDC20583803	1	0	0	0	0	1	0	1	0	0	0	1	0	0	1	0	1	1	0	0	0	1	0	0	1	0	0	0	1	1	R
NMDC20551196	0	0	0	0	0	1	0	0	0	0	0	1	0	0	1	0	0	0	0	1	0	1	0	0	0	0	0	1	0	0	R
NMDC20583804	0	0	0	0	0	1	0	1	0	0	0	1	0	0	1	0	1	1	1	0	0	1	0	0	1	0	0	0	1	1	R
NMDC20557220	1	0	1	0	0	1	0	1	0	0	0	1	0	0	1	1	1	1	0	0	0	1	0	0	1	0	0	0	1	1	R
NMDC20553232	1	0	0	0	0	1	0	1	0	0	0	1	0	0	1	0	1	1	1	0	0	1	0	0	1	0	0	0	1	1	R
NMDC20553233	1	0	0	0	0	1	0	1	0	0	0	1	0	0	1	0	1	1	0	0	0	1	0	0	1	0	0	0	1	1	R
NMDC20551197	0	0	0	0	0	1	0	1	0	0	0	1	0	0	1	0	1	1	0	0	0	1	0	0	1	0	0	0	1	1	R
NMDC20555211	1	0	0	0	0	0	0	0	0	0	0	1	0	0	0	0	0	0	0	0	0	0	0	0	0	0	0	0	0	0	R
NMDC20583815	1	0	1	0	0	1	0	1	0	0	0	1	0	0	1	1	0	0	0	0	0	1	0	0	1	0	0	0	0	0	R
NMDC20551203	0	0	1	0	1	1	0	1	1	0	0	1	0	0	1	1	1	1	1	0	0	1	0	0	1	0	0	0	1	1	R
NMDC20583830	0	0	0	1	0	1	0	1	0	0	0	1	0	0	1	0	1	1	0	0	0	1	0	0	1	0	0	0	1	1	R
NMDC20557237	1	0	0	0	0	1	0	0	0	0	1	0	0	0	0	0	0	0	0	0	0	0	0	0	0	0	0	0	1	1	R
NMDC20551210	1	0	0	0	0	1	0	1	0	0	0	1	0	0	1	0	1	1	0	0	0	1	0	0	1	0	0	0	1	1	R
NMDC20553244	0	0	0	0	0	1	0	1	0	0	0	1	0	0	1	0	1	1	0	0	0	1	0	0	1	0	0	0	1	1	R
NMDC20557238	0	0	0	0	0	1	0	1	0	0	0	1	0	0	1	0	1	1	1	0	0	1	0	0	1	0	0	0	1	1	R
NMDC20551212	0	1	0	0	0	1	0	1	0	0	0	1	0	1	1	0	1	1	1	0	0	1	0	0	1	0	0	0	1	1	R
NMDC20555222	1	0	0	0	0	0	0	0	0	0	0	0	0	0	0	0	1	1	0	1	0	0	0	1	0	0	0	0	0	0	R
NMDC20583839	0	0	0	0	0	1	0	1	0	0	0	1	0	0	1	0	1	1	0	0	0	1	0	0	1	0	0	0	1	1	R
NMDC20557239	1	0	0	0	0	1	0	1	0	0	0	1	0	0	1	0	1	1	1	0	0	1	0	0	1	0	0	0	1	1	R
NMDC20583841	0	0	0	0	0	1	0	1	0	0	0	1	0	0	1	0	1	1	1	0	0	1	0	0	1	0	0	0	1	1	R
NMDC20557240	0	0	0	0	0	1	0	1	0	0	0	1	0	0	1	0	1	1	0	0	0	1	1	0	1	0	0	0	1	1	R
NMDC20583843	0	0	0	1	0	1	0	1	0	0	0	1	0	0	0	0	0	0	1	0	1	1	0	0	0	0	0	0	0	0	R
NMDC20583848	0	0	0	0	0	1	0	1	0	0	0	1	0	0	1	0	1	1	0	0	0	1	0	0	1	0	0	0	1	1	R
NMDC20553250	1	0	1	0	0	1	0	1	0	0	0	1	0	0	1	1	1	1	1	0	0	1	0	0	1	0	0	0	1	1	R
NMDC20583855	1	0	1	0	0	1	0	1	0	0	0	1	0	0	1	1	1	1	0	0	0	1	0	0	1	0	0	0	1	1	R
NMDC20551215	1	0	0	0	0	1	0	0	0	0	1	0	0	0	0	0	0	0	0	0	0	0	0	0	0	0	0	0	1	1	R
NMDC20583859	0	0	0	1	0	1	0	1	0	0	0	1	0	0	1	0	1	1	0	0	0	1	0	0	1	0	0	0	1	1	R
NMDC20557244	0	0	1	0	0	1	0	1	0	0	0	1	0	0	1	1	1	1	0	0	0	1	1	0	1	0	0	0	1	1	R
NMDC20557247	1	0	0	0	0	0	0	0	0	0	0	0	0	0	0	0	1	1	0	1	0	0	0	1	0	0	0	0	0	0	R
NMDC20555230	1	0	1	0	0	1	0	1	0	0	0	1	0	0	1	1	1	1	0	0	0	1	0	0	1	0	0	0	1	1	R
NMDC20583872	0	0	0	0	0	1	0	0	0	0	1	0	0	0	0	0	0	0	0	0	0	0	0	0	0	0	0	0	1	1	R
NMDC20555229	0	0	0	0	0	1	0	1	0	0	0	1	0	0	1	0	1	1	1	0	0	1	1	0	1	0	0	0	1	1	R
NMDC20583873	0	0	0	0	0	1	0	0	0	0	1	0	0	0	0	0	0	0	0	0	0	0	0	0	0	0	0	0	1	1	R
NMDC20583875	0	0	0	0	0	1	0	0	0	0	1	0	0	0	0	0	0	0	0	0	0	0	0	0	0	0	0	0	1	1	R
NMDC20551218	0	0	0	0	0	0	0	0	0	0	0	0	0	0	0	0	1	1	0	1	0	0	0	1	0	0	0	0	0	0	R
NMDC20583876	0	0	0	0	0	1	0	1	0	0	0	1	0	0	1	0	1	1	0	0	0	1	0	0	1	0	0	0	1	1	R
NMDC20551219	0	0	0	0	0	1	0	0	0	0	1	0	0	0	0	0	0	0	0	0	0	0	0	0	0	0	0	0	1	1	R
NMDC20557250	0	0	0	0	0	0	0	0	0	0	0	0	0	0	0	0	1	1	0	1	0	0	0	1	0	0	0	0	0	0	R
NMDC20557251	1	0	0	0	0	1	0	1	0	0	0	1	0	0	1	0	1	1	1	0	0	1	0	0	1	0	0	0	1	1	R
NMDC20553258	1	0	0	0	0	0	0	0	0	0	0	0	0	0	0	0	1	1	0	1	0	0	0	1	0	0	0	0	0	0	R
NMDC20551220	0	1	1	0	1	1	0	1	0	0	0	1	1	0	1	1	0	0	1	0	1	1	0	0	0	0	0	0	1	1	R
NMDC20555235	1	0	0	0	0	1	0	1	0	0	0	1	0	0	1	0	1	1	0	0	0	1	0	0	1	0	0	0	1	1	R
NMDC20553263	0	0	0	1	0	0	0	0	0	0	0	1	0	0	0	0	0	0	0	0	0	0	0	0	0	0	0	0	0	0	R
NMDC20553267	0	0	1	0	1	1	0	1	0	1	0	1	0	0	0	1	0	0	1	0	1	1	0	0	0	0	0	0	0	0	R
NMDC20553268	0	0	0	0	0	1	0	1	0	0	0	1	0	0	1	0	1	1	0	0	0	1	0	0	1	0	0	0	1	1	R
NMDC20583901	1	0	1	0	0	1	0	0	0	0	0	0	0	0	1	1	0	1	1	0	1	1	0	0	0	0	0	0	0	1	R
NMDC20553269	1	0	0	0	0	1	0	1	0	0	0	1	0	0	0	0	0	0	0	0	0	0	0	1	0	0	0	0	1	1	R
NMDC20583910	1	0	1	0	0	1	0	0	0	0	1	0	0	0	0	1	0	0	0	0	0	0	0	0	0	0	0	0	1	1	R
NMDC20555246	0	1	0	0	0	1	0	1	0	0	0	1	0	1	1	0	0	0	1	0	1	1	0	0	1	0	0	0	0	1	R
NMDC20583915	0	0	0	1	0	1	0	1	0	0	0	1	1	0	1	0	0	0	0	0	1	1	0	0	0	0	0	0	1	1	R
NMDC20557261	0	0	0	1	0	1	0	1	0	0	0	1	1	0	1	0	0	0	0	0	1	1	0	0	0	0	0	0	1	1	R
NMDC20583918	0	0	1	0	1	1	0	1	0	1	0	1	1	0	1	1	0	0	1	0	1	1	0	0	0	0	0	0	1	1	R
NMDC20555248	0	0	1	0	1	1	0	1	0	1	0	1	1	0	1	1	0	0	1	0	1	1	0	0	0	0	0	0	1	1	R
NMDC20557267	1	0	0	0	0	0	0	0	0	0	0	0	0	0	0	0	1	1	0	1	0	0	0	1	0	0	0	0	0	0	R
NMDC20557270	1	0	0	0	0	1	0	1	0	0	0	1	0	0	1	0	1	1	0	0	0	1	0	0	1	0	0	0	1	1	R
NMDC20583939	1	0	0	0	0	0	0	0	0	0	0	0	0	0	0	0	1	1	0	1	0	0	0	1	0	0	0	0	0	0	R
NMDC20551249	1	0	0	0	0	0	0	0	0	0	0	0	0	0	0	0	1	1	0	1	0	0	0	1	0	0	0	0	0	0	R
NMDC20551254	0	0	1	1	1	1	0	0	0	0	0	0	0	0	0	1	0	0	1	0	1	1	0	0	0	0	0	0	0	0	R
NMDC20583942	0	0	1	0	1	1	0	1	0	1	0	1	1	0	1	1	0	0	1	0	1	1	0	0	0	0	0	0	1	1	R
NMDC20583944	0	0	1	1	1	1	0	1	0	0	0	1	1	0	1	1	0	0	1	0	1	1	0	0	0	0	0	0	1	1	R
NMDC20553276	0	0	0	0	0	1	0	0	0	0	1	0	0	0	0	0	0	0	0	0	0	0	0	0	0	0	0	0	1	1	R
NMDC20583946	0	1	0	0	0	1	0	1	0	0	0	1	0	1	1	0	0	0	1	0	1	1	0	0	1	0	0	0	0	1	R
NMDC20557271	0	0	1	1	1	1	0	1	0	0	0	1	1	0	1	1	0	0	1	0	1	1	0	0	0	0	0	0	1	1	R
NMDC20555258	0	0	0	1	0	1	0	1	0	0	0	1	0	0	1	0	1	1	1	0	0	1	0	0	1	0	0	0	1	1	R
NMDC20583952	0	0	0	0	0	0	0	0	0	0	0	0	0	0	1	0	0	0	0	0	0	1	0	0	0	0	0	1	0	0	R
NMDC20551257	0	0	1	1	1	1	0	1	0	0	0	1	1	0	1	1	0	0	1	0	1	1	0	0	0	0	0	0	1	1	R
NMDC20583957	1	0	0	0	0	1	0	1	0	0	0	1	0	0	1	0	1	1	0	0	0	1	0	0	1	0	0	0	1	1	R
NMDC20583958	1	0	0	0	0	1	0	1	0	0	0	1	0	0	1	0	1	1	0	0	0	1	0	0	1	0	0	0	1	1	R
NMDC20583966	1	0	1	0	0	1	0	0	0	0	0	0	0	0	1	1	0	1	1	0	1	1	0	0	0	0	0	0	0	1	R
NMDC20583967	0	0	1	1	1	1	0	1	0	0	0	1	1	0	1	1	0	0	1	0	1	1	0	0	0	0	0	0	1	1	R
NMDC20583968	1	0	1	0	0	1	0	0	0	0	0	0	0	0	1	1	0	1	1	0	1	1	0	0	0	0	0	0	0	1	R
NMDC20551264	1	0	1	0	1	1	0	1	0	0	0	1	0	0	1	1	1	1	1	0	0	1	0	0	1	0	0	0	1	1	R
NMDC20583986	0	0	0	0	0	1	0	1	0	0	0	1	0	0	0	0	1	1	0	0	1	1	0	1	0	0	1	0	0	1	R
NMDC20553291	1	0	0	0	0	0	0	1	0	0	0	1	1	0	1	0	0	0	0	0	1	1	0	0	0	0	0	0	0	1	R
NMDC20557280	0	0	0	0	0	1	0	1	0	0	0	1	0	0	1	0	1	1	1	0	0	1	0	0	1	0	0	0	1	1	R
NMDC20583990	0	0	0	0	0	1	0	1	0	0	0	1	0	0	1	0	1	1	0	0	0	1	0	0	1	0	0	0	1	1	R
NMDC20557281	0	0	1	1	1	1	0	0	0	0	0	0	0	0	0	1	0	0	1	0	1	1	0	0	0	0	0	0	0	0	R
NMDC20583993	1	0	0	0	0	1	0	0	0	0	1	0	0	0	0	0	0	0	0	0	0	0	0	0	0	0	0	0	1	1	R
NMDC20553292	1	0	0	0	0	1	0	0	0	0	1	0	0	0	0	0	0	0	0	0	0	0	0	0	0	0	0	0	1	1	R
NMDC20555286	1	0	0	0	0	1	0	0	0	0	1	0	0	0	0	0	0	0	0	0	0	0	0	0	0	0	0	0	1	1	R
NMDC20551274	1	0	0	0	0	1	0	0	0	0	1	0	0	0	0	0	0	0	0	0	0	0	0	0	0	0	0	0	1	1	R
NMDC20555287	0	0	0	0	0	0	0	0	0	0	0	0	0	0	0	0	1	1	0	1	0	0	0	1	0	0	0	0	0	0	R
NMDC20583998	0	0	0	0	0	1	0	0	0	0	1	0	0	0	0	0	0	0	0	0	0	0	0	0	0	0	0	0	1	1	R
NMDC20584021	0	0	0	1	0	1	0	0	0	0	1	0	0	0	0	0	0	0	0	0	0	0	0	0	0	0	0	0	1	1	R
NMDC20584043	0	0	0	0	0	0	0	0	0	0	0	1	0	0	0	0	1	1	0	0	0	0	0	0	1	0	0	0	0	1	R
NMDC20584044	0	0	0	0	0	0	0	0	0	0	0	0	0	0	1	0	1	0	0	0	1	1	0	0	0	0	0	1	0	1	R
NMDC20555289	1	0	0	0	0	1	0	1	0	0	0	1	0	0	1	0	1	1	1	0	0	1	1	0	1	0	0	0	1	1	R
NMDC20551277	0	0	0	0	0	1	0	1	0	0	0	1	0	0	1	0	1	1	0	0	0	1	0	0	1	0	0	0	1	1	R
NMDC20555290	0	0	1	0	1	1	0	1	0	0	0	1	0	0	1	1	1	1	0	0	0	1	0	0	1	0	0	0	1	1	R
NMDC20584055	0	1	1	0	1	1	0	1	0	0	0	1	0	1	1	1	1	1	1	0	0	1	0	0	1	0	0	0	1	1	R
NMDC20551278	1	0	0	0	0	1	0	1	0	0	0	1	0	0	1	0	1	1	0	0	0	1	0	0	1	0	0	0	1	1	R
NMDC20584056	1	0	0	0	0	1	0	1	0	0	0	1	0	0	1	0	1	1	0	0	0	1	0	0	1	0	0	0	1	1	R
NMDC20555291	0	0	0	0	0	1	0	1	0	0	0	1	0	0	1	0	1	1	0	0	0	1	0	0	1	0	0	0	1	1	R
NMDC20557298	1	0	0	0	0	1	0	1	0	0	0	1	0	0	1	0	1	1	0	0	0	1	0	0	1	0	0	0	1	1	R
NMDC20557299	0	0	1	0	1	1	0	1	0	0	0	1	0	0	1	1	1	1	1	0	0	1	0	0	1	0	0	0	1	1	R
NMDC20555293	0	0	1	1	1	1	0	1	0	0	0	1	1	0	1	1	0	0	1	0	1	1	0	0	0	0	0	0	1	1	R
NMDC20584071	0	1	0	0	0	1	0	1	0	0	0	1	1	1	1	0	0	0	1	0	1	1	0	0	0	0	0	0	1	1	R
NMDC20584073	0	0	1	1	1	1	0	1	0	0	0	1	1	0	1	1	0	0	1	0	1	1	0	0	0	0	0	0	1	1	R
NMDC20584074	0	0	1	1	1	1	0	1	0	0	0	1	1	0	1	1	0	0	1	0	1	1	0	0	0	0	0	0	1	1	R
NMDC20551281	0	0	0	1	0	1	0	1	0	0	0	1	1	0	1	0	0	0	0	0	1	1	0	0	0	0	0	0	1	1	R
NMDC20557302	0	1	1	0	1	1	0	0	0	0	1	0	0	1	0	1	0	0	1	0	0	0	0	0	0	0	0	0	1	1	R
NMDC20557303	1	0	0	0	0	1	0	1	0	0	0	1	0	0	1	0	1	1	0	0	0	1	0	0	1	0	0	0	1	1	R
NMDC20584092	0	0	1	0	1	1	0	0	0	1	1	0	0	0	0	1	0	0	0	0	0	0	0	0	0	0	0	0	1	1	R
NMDC20584093	1	0	0	0	0	1	0	1	0	0	0	1	0	0	1	0	1	1	0	0	0	1	0	0	1	0	0	0	1	1	R
NMDC20584099	0	1	1	0	1	1	0	1	0	0	0	1	0	1	1	1	1	1	1	0	0	1	0	0	1	0	0	0	1	1	R
NMDC20553310	0	0	1	1	1	1	0	1	0	0	0	1	1	0	1	1	0	0	1	0	1	1	0	0	0	0	0	0	1	1	R
NMDC20553311	0	0	0	0	0	1	0	1	0	0	0	1	0	0	0	0	0	0	0	0	1	1	0	0	0	0	0	0	0	0	R
NMDC20551295	1	0	0	0	0	1	0	1	0	0	0	1	0	0	1	0	1	1	0	0	0	1	0	0	1	0	0	0	1	1	R
NMDC20584111	0	1	1	0	1	1	0	1	0	0	0	1	1	0	1	1	0	0	1	0	1	1	0	0	0	0	0	0	1	1	R
NMDC20553321	0	1	1	0	1	1	0	1	0	0	0	1	0	1	0	1	0	0	1	0	0	0	0	1	0	0	0	0	1	1	R
NMDC20553322	0	0	0	0	0	1	0	1	0	0	0	1	0	0	1	0	1	1	0	0	0	1	0	0	1	0	0	0	1	1	R
NMDC20555315	0	0	0	1	0	1	0	1	0	0	0	1	0	0	1	0	1	1	0	0	0	1	0	0	1	0	0	0	1	1	R
NMDC20555316	0	0	0	0	0	1	0	1	0	0	0	1	0	0	1	0	1	1	0	0	0	1	1	0	1	0	0	0	1	1	R
NMDC20584135	0	0	0	0	0	1	0	1	0	0	0	1	0	0	1	0	1	1	0	0	0	1	0	0	1	0	0	0	1	1	R
NMDC20557328	0	0	0	0	0	1	0	1	0	0	0	1	0	0	1	0	1	1	0	0	0	1	1	0	1	0	0	0	1	1	R
NMDC20555325	0	0	0	0	0	1	0	1	0	0	0	1	0	0	1	0	1	1	0	0	0	1	0	0	1	0	0	0	1	1	R
NMDC20553335	0	0	0	1	0	1	0	1	0	0	0	1	0	0	1	0	1	1	0	0	0	1	0	0	1	0	0	0	1	1	R
NMDC20555330	0	0	0	0	0	1	0	1	0	0	0	1	0	0	0	0	0	0	0	0	1	1	0	0	0	0	0	0	0	0	R
NMDC20553336	0	0	0	0	0	1	0	1	0	0	0	1	0	0	1	0	1	1	0	0	0	1	1	0	1	0	0	0	1	1	R
NMDC20555332	0	1	1	0	1	1	0	1	0	0	0	1	0	1	0	1	0	0	1	0	0	0	0	1	0	0	0	0	1	1	R
NMDC20584162	0	0	0	0	0	1	0	1	0	0	0	1	0	0	1	0	1	1	1	0	0	1	1	0	1	0	0	0	1	1	R
NMDC20584164	1	0	0	0	0	1	0	1	0	0	0	1	0	0	1	0	1	1	0	0	0	1	0	0	1	0	0	0	1	1	R
NMDC20555333	0	1	1	0	1	1	0	1	0	0	0	1	1	0	1	1	0	0	1	0	1	1	0	0	0	0	0	0	1	1	R
NMDC20584168	1	0	0	0	0	1	0	1	0	0	0	1	0	0	1	0	1	1	0	0	0	1	0	0	1	0	0	0	1	1	R
NMDC20584169	0	0	0	1	0	1	0	1	0	0	0	1	1	0	1	0	0	0	0	0	1	1	0	0	0	0	0	0	1	1	R
NMDC20584173	1	0	0	0	0	1	0	1	0	0	0	1	0	0	1	0	1	1	0	0	0	1	0	0	1	0	0	0	1	1	R
NMDC20553347	1	0	0	0	0	1	0	1	0	0	0	1	0	0	1	0	1	1	0	0	0	1	0	0	1	0	0	0	1	1	R
NMDC20584176	0	0	1	1	1	1	0	1	0	0	0	1	1	0	1	1	0	0	1	0	1	1	0	0	0	0	0	0	1	1	R
NMDC20584179	1	0	0	0	0	1	0	1	0	0	0	1	0	0	1	0	1	1	0	0	0	1	0	0	1	0	0	0	1	1	R
NMDC20555341	1	0	1	0	0	1	0	1	0	0	0	1	0	0	1	1	0	0	0	0	0	1	0	0	1	0	0	0	0	0	R
NMDC20555342	1	0	0	0	0	1	0	1	0	0	0	1	0	0	1	0	1	1	0	0	0	1	0	0	1	0	0	0	1	1	R
NMDC20555345	1	0	0	0	0	1	0	1	0	0	0	1	0	0	1	0	1	1	0	0	0	1	0	0	1	0	0	0	1	1	R
NMDC20555350	0	0	0	0	0	1	0	1	0	0	0	1	0	0	0	0	0	0	1	0	1	1	0	0	0	0	0	0	0	0	R
NMDC20553355	0	0	0	0	0	1	0	1	1	0	0	1	0	0	1	0	1	1	0	0	0	1	0	0	1	0	0	0	1	1	R
NMDC20555352	0	0	1	1	1	1	0	1	0	0	0	1	1	0	1	1	0	0	1	0	1	1	0	0	0	0	0	0	1	1	R
NMDC20555354	0	0	1	0	1	1	0	1	1	0	0	1	0	0	1	1	1	1	1	0	0	1	0	0	1	0	0	0	1	1	R
NMDC20584200	0	0	1	1	1	1	0	1	0	0	0	1	1	0	1	1	0	0	1	0	1	1	0	0	0	0	0	0	1	1	R
NMDC20557352	0	0	0	0	0	1	0	1	0	0	0	1	0	0	1	0	1	1	0	0	0	1	1	0	1	0	0	0	1	1	R
NMDC20553362	0	0	0	0	0	0	0	0	0	0	0	0	0	0	0	0	1	1	0	1	0	0	0	1	0	0	0	0	0	0	R
NMDC20551339	1	0	1	0	0	1	0	1	0	0	0	1	0	0	1	1	0	0	0	0	0	1	0	0	1	0	0	0	0	0	R
NMDC20555363	1	1	1	0	0	1	0	1	0	0	0	1	0	1	0	1	0	0	1	0	0	0	0	1	0	0	0	0	1	1	R
NMDC20557360	0	0	0	1	0	1	0	1	0	0	0	1	1	0	1	0	0	0	0	0	1	1	0	0	0	0	0	0	1	1	R
NMDC20557361	0	0	1	1	1	1	0	1	0	0	0	1	1	0	1	1	0	0	1	0	1	1	0	0	0	0	0	0	1	1	R
NMDC20551345	0	1	1	1	1	0	0	0	0	0	0	0	0	1	0	1	1	0	1	0	0	1	0	0	0	0	0	0	1	0	R
NMDC20557368	0	0	1	1	1	1	0	1	0	0	0	1	1	0	1	1	0	0	1	0	1	1	0	0	0	0	0	0	1	1	R
NMDC20584219	0	0	0	0	0	1	0	1	0	0	0	1	0	0	1	0	1	1	0	0	0	1	0	0	1	0	0	0	1	1	R
NMDC20557371	1	0	0	0	0	1	0	1	0	0	0	1	0	0	1	0	0	0	0	0	0	1	0	0	1	0	0	0	0	0	R
NMDC20555373	0	1	1	0	1	1	0	1	0	0	0	1	0	1	1	1	1	1	1	0	0	1	0	0	1	0	0	0	1	1	R
NMDC20557372	0	1	1	0	1	1	0	1	0	0	0	1	0	1	0	1	0	0	1	0	0	0	0	1	0	0	0	0	1	1	R
NMDC20551349	1	0	0	0	0	1	0	1	0	0	0	1	0	0	1	0	1	1	1	0	0	1	0	0	1	0	0	0	1	1	R
NMDC20557374	1	0	0	0	0	1	0	1	0	0	0	1	0	0	1	0	1	1	0	0	0	1	0	0	1	0	0	0	1	1	R
NMDC20584234	1	0	1	0	0	0	0	0	0	0	0	0	0	0	1	1	1	0	0	0	1	1	0	0	0	0	0	1	0	1	R
NMDC20584239	1	0	0	0	0	0	0	0	0	0	0	1	0	0	0	0	1	1	0	0	0	0	0	0	1	0	0	0	0	1	R
NMDC20584240	0	0	1	1	1	1	0	1	0	0	0	1	1	0	1	1	0	0	1	0	1	1	0	0	0	0	0	0	1	1	R
NMDC20555379	0	0	0	0	0	1	0	1	0	0	0	1	0	0	1	0	1	1	0	0	0	1	0	0	1	0	0	0	1	1	R
NMDC20553386	1	0	1	0	0	0	0	0	0	0	0	0	0	0	1	1	1	0	0	0	1	1	0	0	0	0	0	1	0	1	R
NMDC20553387	1	0	0	0	0	1	0	1	0	0	0	1	0	0	1	0	1	1	0	0	0	1	0	0	1	0	0	0	1	1	R
NMDC20584247	0	1	1	0	1	1	0	1	0	0	0	1	0	1	0	1	0	0	1	0	0	0	0	1	0	0	0	0	1	1	R
NMDC20584253	0	1	1	0	1	1	0	1	0	0	0	1	0	1	0	1	0	0	1	0	0	0	0	1	0	0	0	0	1	1	R
NMDC20553393	1	0	0	0	0	1	0	1	0	0	0	1	0	0	1	0	1	1	0	0	0	1	0	0	1	0	0	0	1	1	R
NMDC20584262	0	0	0	1	0	1	0	1	0	0	0	1	0	0	0	0	0	0	1	0	1	1	0	0	0	0	0	0	0	0	R
NMDC20557389	0	0	0	0	0	1	0	1	0	0	0	1	0	0	1	0	1	1	0	0	0	1	0	0	1	0	0	0	1	1	R
NMDC20557390	0	0	0	0	0	1	0	1	0	0	0	1	0	0	1	0	1	1	0	0	0	1	0	0	1	0	0	0	1	1	R
NMDC20551365	0	0	0	0	0	1	0	0	0	0	1	0	0	0	0	0	0	0	0	0	0	0	0	0	0	0	0	0	1	1	R
NMDC20555387	0	0	0	0	0	1	0	1	0	0	0	1	0	0	1	0	1	1	0	0	0	1	0	0	1	0	0	0	1	1	R
NMDC20557391	0	0	0	0	0	1	0	1	0	0	0	1	0	0	1	0	1	1	0	0	0	1	0	0	1	0	0	0	1	1	R
NMDC20553396	0	0	0	0	0	0	0	0	0	0	0	0	0	0	0	0	1	1	0	1	0	0	0	1	0	0	0	0	0	0	R
NMDC20557393	0	1	1	0	1	1	0	1	0	0	0	1	0	1	0	1	0	0	1	0	0	0	0	1	0	0	0	0	1	1	R
NMDC20555388	0	0	0	0	0	1	0	0	0	0	1	0	0	0	0	0	0	0	0	0	0	0	0	0	0	0	0	0	1	1	R
NMDC20553398	0	0	1	1	1	1	0	1	0	0	0	1	1	0	1	1	0	0	1	0	1	1	0	0	0	0	0	0	1	1	R
NMDC20557396	1	0	0	0	0	0	0	0	0	0	0	0	0	0	1	0	0	0	0	0	0	1	0	0	0	0	0	1	0	0	R
NMDC20557397	0	1	1	0	1	1	0	1	0	0	0	1	0	1	1	1	1	1	1	0	0	1	0	0	1	0	0	0	1	1	R
NMDC20584279	0	0	1	1	1	1	0	1	0	0	0	1	1	0	1	1	0	0	1	0	1	1	0	0	0	0	0	0	1	1	R
NMDC20584280	0	1	1	0	0	1	0	1	0	0	0	1	0	1	0	1	0	0	1	0	0	0	0	1	0	0	0	0	1	1	R
NMDC20584284	1	0	0	0	0	1	0	1	0	0	0	1	0	0	1	0	1	1	0	0	0	1	0	0	1	0	0	0	1	1	R
NMDC20584285	1	0	1	1	1	0	0	1	0	0	0	1	0	0	0	1	0	0	1	0	0	1	0	1	1	0	0	0	1	1	R
NMDC20553402	1	0	1	0	1	1	0	1	0	0	0	1	0	0	1	1	1	1	0	0	0	1	0	0	1	0	0	0	1	1	R
NMDC20584287	0	0	0	0	0	1	0	0	0	0	1	0	0	0	0	0	0	0	0	0	0	0	0	0	0	0	0	0	1	1	R
NMDC20584288	0	0	0	0	0	0	0	0	0	0	0	0	0	0	0	0	1	1	0	1	0	0	0	1	0	0	0	0	0	0	R
NMDC20584296	1	0	0	0	0	1	0	1	0	0	0	1	0	0	1	0	1	1	0	0	0	1	0	0	1	0	0	0	1	1	R
NMDC20584298	1	0	0	0	0	1	0	1	0	0	0	1	0	0	1	0	1	1	0	0	0	1	0	0	1	0	0	0	1	1	R
NMDC20584308	0	0	1	1	1	1	0	1	0	0	0	1	1	0	1	1	0	0	1	0	1	1	0	0	0	0	0	0	1	1	R
NMDC20584309	0	0	0	1	0	1	0	1	0	0	0	1	1	0	1	0	0	0	0	0	1	1	0	0	0	0	0	0	1	1	R
NMDC20557407	1	0	1	0	1	1	0	1	0	0	0	1	0	0	1	1	1	1	1	0	0	1	0	0	1	0	0	0	1	1	R
NMDC20557410	0	0	1	1	1	1	0	1	0	0	0	1	1	0	1	1	0	0	1	0	1	1	0	0	0	0	0	0	1	1	R
NMDC20551381	0	1	1	0	1	1	0	1	0	0	0	1	1	1	1	1	0	0	1	0	1	1	0	0	0	0	0	0	1	1	R
NMDC20584313	1	0	0	0	0	1	0	1	0	0	0	1	0	0	0	0	0	0	0	0	0	0	0	1	0	0	0	0	1	1	R
NMDC20584316	1	0	0	0	0	1	0	0	0	0	1	0	0	0	0	0	0	0	0	0	0	0	0	0	0	0	1	0	1	1	R
NMDC20551387	1	0	0	0	0	1	0	0	0	0	1	0	0	0	0	0	0	0	0	0	0	0	0	0	0	0	1	0	1	1	R
NMDC20584321	0	0	0	1	0	1	0	1	0	0	0	1	1	0	1	0	0	0	0	0	1	1	0	0	0	0	0	0	1	1	R
NMDC20584322	0	1	1	0	1	1	0	1	0	0	0	1	0	1	0	1	0	0	1	0	0	0	0	1	0	0	0	0	1	1	R
NMDC20551389	0	0	1	1	1	1	0	1	0	0	0	1	1	0	1	1	0	0	1	0	1	1	0	0	0	0	0	0	1	1	R
NMDC20553410	0	0	0	1	0	1	0	1	0	0	0	1	0	0	1	0	1	1	1	0	0	1	0	0	1	0	0	0	1	1	R
NMDC20553411	0	1	1	0	1	1	0	1	0	0	0	1	0	1	0	1	0	0	1	0	0	0	0	1	0	0	0	0	1	1	R
NMDC20553414	0	1	1	0	1	1	0	1	0	0	0	1	0	1	1	1	1	1	1	0	0	1	0	0	1	0	0	0	1	1	R
NMDC20551394	0	1	0	0	0	1	1	0	0	0	1	1	0	1	1	0	0	1	1	0	0	0	0	0	0	0	1	0	1	1	R
NMDC20553416	0	0	1	1	1	1	0	1	0	0	0	1	1	0	1	1	0	0	1	0	1	1	0	0	0	0	0	0	1	1	R
NMDC20553417	1	0	0	0	0	1	0	1	0	0	0	1	0	0	1	0	1	1	0	0	0	1	0	0	1	0	0	0	1	1	R
NMDC20584345	1	0	0	0	0	1	0	0	0	0	1	0	0	0	0	0	0	0	0	0	0	0	0	0	0	0	0	0	1	1	R
NMDC20551397	0	0	1	1	1	1	0	1	0	0	0	1	1	0	1	1	0	0	1	0	1	1	0	0	0	0	0	0	1	1	R
NMDC20553418	0	0	0	0	0	1	0	0	0	0	1	0	0	0	0	0	0	0	0	0	0	0	0	0	0	0	0	0	1	1	R
NMDC20584358	1	0	0	0	0	1	0	1	0	0	0	1	0	0	1	0	1	1	0	0	0	1	0	0	1	0	0	0	1	1	R
NMDC20553426	0	1	1	0	1	1	0	1	0	0	0	1	0	1	0	1	0	0	1	0	0	0	0	1	0	0	0	0	1	1	R
NMDC20584365	0	1	1	0	1	1	0	1	0	0	0	1	0	1	0	1	0	0	1	0	0	0	0	1	0	0	0	0	1	1	R
NMDC20584366	1	0	0	0	0	1	0	0	0	0	1	0	0	0	0	0	0	0	0	0	0	0	0	0	0	0	0	0	1	1	R
NMDC20555420	1	0	0	0	0	1	0	0	0	0	1	0	0	0	0	0	0	0	0	0	0	0	0	0	0	0	0	0	1	1	R
NMDC20551403	1	0	1	0	0	0	0	0	0	0	0	0	0	0	0	1	0	0	1	0	0	1	0	0	0	0	0	0	0	1	R
NMDC20557443	0	1	0	0	0	1	0	1	0	0	0	1	0	1	1	0	1	1	1	0	0	1	0	0	1	0	0	0	1	1	R
NMDC20551404	0	0	0	0	0	1	0	1	0	0	0	1	0	0	1	0	1	1	0	0	0	1	0	0	1	0	0	0	1	1	R
NMDC20555427	1	0	1	0	0	0	0	0	0	0	0	0	0	0	1	1	1	0	0	0	1	1	0	0	0	0	0	1	0	1	R
NMDC20557445	1	0	0	0	0	0	0	0	0	0	0	0	0	0	1	0	0	0	0	0	0	1	0	0	0	0	0	1	0	0	R
NMDC20584394	1	0	0	0	0	1	0	1	0	0	0	1	0	0	1	0	1	1	0	0	0	1	0	0	1	0	0	0	1	1	R
NMDC20584396	0	0	0	0	0	1	0	0	0	0	1	0	0	0	0	0	0	0	0	0	0	0	0	0	0	0	0	0	1	1	R
NMDC20553440	1	0	0	0	0	1	0	0	0	0	1	0	0	0	0	0	0	0	0	0	0	0	0	0	0	0	0	0	1	1	R
NMDC20557456	1	0	1	0	0	1	0	0	0	0	0	0	0	0	1	1	0	1	1	0	1	1	0	0	0	0	0	0	0	1	R
NMDC20557457	1	0	1	0	0	1	0	0	0	0	0	0	0	0	1	1	0	1	1	0	1	1	0	0	0	0	0	0	0	1	R
NMDC20584418	1	0	1	0	0	0	0	0	0	0	0	1	0	0	0	1	1	1	0	0	0	0	0	0	1	0	0	0	0	1	R
NMDC20557459	1	0	0	0	0	1	0	0	0	0	1	0	0	0	0	0	0	0	0	0	0	0	0	0	0	0	0	0	1	1	R
NMDC20584420	1	0	0	0	0	1	0	1	0	0	0	1	0	0	1	0	1	1	0	0	0	1	0	0	1	0	0	0	1	1	R
NMDC20584422	1	0	0	0	0	1	0	0	0	0	1	0	0	0	0	0	0	0	0	0	0	0	0	0	0	0	0	0	1	1	R
NMDC20553450	1	0	1	0	0	1	0	1	0	0	0	1	0	0	1	1	1	1	0	0	0	1	0	0	1	0	0	0	1	1	R
NMDC20584426	1	0	1	0	0	1	0	1	0	0	0	1	0	0	1	1	1	1	0	0	0	1	0	0	1	0	0	0	1	1	R
NMDC20555443	0	0	0	0	0	1	0	0	0	0	1	0	0	0	0	0	0	0	0	0	0	0	0	0	0	0	0	0	1	1	R
NMDC20584904	1	0	0	0	0	0	0	1	0	0	0	1	1	0	1	0	0	0	1	0	1	1	0	0	0	0	0	0	0	1	R
NMDC20584920	0	0	0	0	0	0	0	0	0	0	1	0	0	0	0	0	0	0	0	1	0	0	0	1	0	0	0	0	1	1	R
NMDC20584934	0	0	0	0	0	0	0	0	0	0	0	1	0	0	0	0	1	0	0	0	1	1	0	0	1	0	0	0	1	0	R
NMDC20584936	1	0	1	0	0	1	0	0	0	0	0	0	0	0	1	1	0	1	1	0	1	1	0	0	0	0	0	0	0	1	R
NMDC20557469	0	0	0	0	0	1	0	0	0	0	1	0	0	0	0	0	0	0	0	0	0	0	0	0	0	0	0	0	1	1	R
NMDC20553466	1	0	0	0	0	1	0	1	0	0	0	1	0	0	1	0	1	1	0	0	0	1	0	0	1	0	0	0	1	1	R
NMDC20557476	0	0	1	0	1	1	0	1	0	0	0	1	1	0	0	1	0	0	1	0	1	1	0	0	0	0	0	0	0	1	R
NMDC20585000	0	0	0	0	0	1	0	1	0	0	0	1	0	0	0	0	0	1	0	0	1	1	0	0	0	0	0	0	0	1	R
NMDC20585001	0	0	0	0	0	1	0	0	0	0	1	0	0	0	0	0	0	0	0	0	0	0	0	0	0	0	0	0	1	1	R
NMDC20551437	0	0	0	0	0	1	0	1	0	0	0	1	0	0	0	0	0	0	0	0	0	0	0	1	0	0	0	0	1	1	R
NMDC20585023	1	0	0	0	0	1	0	0	0	0	1	0	0	0	0	0	0	0	0	0	0	0	0	0	0	0	0	0	1	1	R
NMDC20585025	0	0	0	0	0	1	0	0	0	0	1	0	0	0	0	0	0	0	0	0	0	0	0	0	0	0	0	0	1	1	R
NMDC20585027	0	0	0	0	0	0	0	0	0	0	0	1	0	0	0	0	1	1	0	0	0	0	0	0	1	0	0	0	0	1	R
NMDC20585033	0	0	0	0	0	1	0	1	0	0	0	1	0	0	1	0	1	1	0	0	0	1	0	0	1	0	0	0	1	1	R
NMDC20553486	0	1	1	0	1	1	0	0	0	0	0	1	0	1	0	1	0	0	1	0	0	1	0	0	0	0	0	1	0	0	R
NMDC20585041	1	0	1	0	0	1	0	1	0	0	0	1	0	0	1	1	1	1	0	0	0	1	0	0	1	0	0	0	1	1	R
NMDC20585045	1	0	1	0	0	1	0	1	0	0	0	1	0	0	1	1	1	1	1	0	0	1	0	0	1	0	0	0	1	1	R
NMDC20555484	1	0	0	0	0	1	0	1	0	0	0	1	0	0	1	0	1	1	0	0	0	1	0	0	1	0	0	0	1	1	R
NMDC20585051	1	0	0	0	0	1	0	1	0	0	0	1	0	0	1	0	1	1	0	0	0	1	0	0	1	0	0	0	1	1	R
NMDC20551446	1	0	1	0	1	0	0	0	0	0	1	0	0	0	0	1	1	0	1	0	1	1	0	0	0	0	0	0	0	1	R
NMDC20557499	1	0	0	0	0	1	0	1	0	0	0	1	0	0	1	0	1	1	0	0	0	1	0	0	1	0	0	0	1	1	R
NMDC20553489	0	1	0	0	0	1	0	1	0	0	0	1	0	1	1	0	1	1	1	0	0	1	0	0	1	0	0	0	1	1	R
NMDC20585054	1	0	0	0	0	0	0	0	0	0	0	1	0	0	0	0	0	0	0	0	1	1	0	0	0	0	1	0	0	1	R
NMDC20555486	1	0	0	0	0	1	0	0	0	0	0	0	0	0	1	0	1	1	0	0	0	0	0	0	1	0	0	0	1	1	R
NMDC20585062	1	0	0	0	0	1	0	1	0	0	0	1	0	0	1	0	1	1	0	0	0	1	0	0	1	0	0	0	1	1	R
NMDC20551452	1	0	0	0	0	1	0	1	0	0	0	1	0	0	1	0	1	1	0	0	0	1	0	0	1	0	0	0	1	1	R
NMDC20553506	1	0	0	0	0	0	0	0	0	0	0	1	0	0	0	0	0	0	0	0	0	0	0	0	0	0	0	0	0	0	R
NMDC20553509	1	0	0	0	0	1	0	1	0	0	0	1	0	0	1	0	1	1	0	0	0	1	0	0	1	0	0	0	1	1	R
NMDC20551462	1	0	1	0	0	1	0	0	0	0	0	0	0	0	1	1	0	1	1	0	1	1	0	0	0	0	0	0	0	1	R
NMDC20557530	1	0	0	0	0	0	0	0	0	0	0	0	0	0	0	0	1	1	0	1	0	0	0	1	0	0	0	0	0	0	R
NMDC20585114	0	0	1	1	1	1	0	1	0	0	0	1	1	0	1	1	0	0	1	0	1	1	0	0	0	0	0	0	1	1	R
NMDC20551469	0	1	1	0	0	1	0	1	0	0	0	1	0	1	1	1	1	1	1	0	0	1	0	0	1	0	0	0	1	1	R
NMDC20555511	1	0	0	0	0	0	0	0	0	0	0	0	0	0	1	0	0	0	0	0	0	1	0	0	0	0	0	1	0	0	R
NMDC20553523	1	0	0	0	0	1	0	1	0	0	0	1	0	0	1	0	1	1	0	0	0	1	0	0	1	0	0	0	1	1	R
NMDC20557544	0	1	0	0	0	1	0	1	0	0	0	1	0	1	1	0	1	1	1	0	0	1	0	0	1	0	0	0	1	1	R
NMDC20585136	0	0	0	0	0	1	0	1	0	1	0	1	0	0	1	0	1	1	0	0	0	1	0	0	1	0	0	0	1	1	R
NMDC20551479	1	0	0	0	0	1	0	1	0	0	0	1	0	0	1	0	1	1	0	0	0	1	0	0	1	0	0	0	1	1	R
NMDC20585155	0	0	0	1	0	1	0	1	0	0	0	1	0	0	1	0	1	1	0	0	0	1	0	0	1	0	0	0	1	1	R
NMDC20553532	1	0	0	0	0	0	0	0	0	0	0	0	0	0	1	0	0	0	0	0	0	1	0	0	0	0	0	1	0	0	R
NMDC20553535	0	0	0	0	0	1	0	0	0	0	1	0	0	0	0	0	0	0	0	0	0	0	0	0	0	0	0	0	1	1	R
NMDC20557558	0	0	0	1	0	1	0	1	0	0	0	1	0	0	1	0	1	1	0	0	0	1	0	0	1	0	0	0	1	1	R
NMDC20557559	0	0	0	0	0	1	0	1	1	0	0	1	0	0	1	0	1	1	0	0	0	1	0	0	1	0	0	0	1	1	R
NMDC20553536	1	0	0	0	0	0	0	0	0	0	0	0	0	0	0	0	1	1	0	1	0	0	0	1	0	0	0	0	0	0	R
NMDC20555530	0	0	0	1	0	1	0	1	0	0	0	1	1	0	1	0	0	0	0	0	1	1	0	0	0	0	0	0	1	1	R
NMDC20555532	1	0	0	0	0	1	0	1	0	0	0	1	0	0	1	0	1	1	0	0	0	1	0	0	1	0	0	0	1	1	R
NMDC20585184	1	0	0	0	0	1	0	1	0	0	0	1	0	0	1	0	1	1	0	0	0	1	0	0	1	0	0	0	1	1	R
NMDC20551498	1	0	0	0	0	0	0	0	0	0	0	1	0	0	0	0	1	0	0	0	1	1	0	0	1	0	0	0	1	0	R
NMDC20585188	0	0	0	0	0	1	0	1	0	0	0	1	0	0	0	0	0	0	0	0	1	1	0	0	0	1	0	0	0	0	R
NMDC20585189	1	0	1	0	0	0	0	0	0	0	0	0	0	0	0	1	0	0	0	0	1	1	0	0	0	0	0	0	0	0	R
NMDC20585190	1	0	1	0	0	0	0	0	0	0	0	0	0	0	0	1	0	0	0	0	1	1	0	0	0	0	0	0	0	0	R
NMDC20557564	0	0	0	1	0	1	0	0	0	0	0	0	0	0	1	0	1	1	0	0	0	0	0	0	1	0	0	0	1	1	R
NMDC20585199	1	0	0	0	0	1	0	1	0	0	0	1	0	0	1	0	1	1	0	0	0	1	0	0	1	0	0	0	1	1	R
NMDC20555541	0	1	1	0	1	1	0	1	0	0	0	1	0	1	1	1	1	1	1	0	0	1	0	0	1	0	0	0	1	1	R
NMDC20551508	0	0	0	0	0	1	0	1	0	0	0	1	0	0	1	0	1	1	1	0	0	1	1	0	1	0	0	0	1	1	R
NMDC20585222	1	0	0	0	0	1	0	1	0	0	0	1	0	0	1	0	1	1	1	0	0	1	0	0	1	0	0	0	1	1	R
NMDC20555551	0	0	1	0	1	1	0	1	1	0	0	1	0	0	1	1	1	1	1	0	0	1	0	0	1	0	0	0	1	1	R
NMDC20585226	1	0	0	0	0	1	0	1	0	0	0	1	0	0	1	0	1	1	0	0	0	1	0	0	1	0	0	0	1	1	R
NMDC20585228	1	0	0	0	0	1	0	1	0	0	0	1	0	0	1	0	1	1	0	0	0	1	0	0	1	0	0	0	1	1	R
NMDC20553558	0	0	0	0	0	1	0	1	0	0	0	1	0	0	1	0	1	1	1	0	0	1	1	0	1	0	0	0	1	1	R
NMDC20585231	0	0	0	0	0	1	0	1	0	0	0	1	0	0	1	0	1	1	1	0	0	1	0	0	1	0	0	0	1	1	R
NMDC20553561	0	0	0	0	0	1	0	1	0	0	0	1	0	0	1	0	1	1	0	0	0	1	0	0	1	0	0	0	1	1	R
NMDC20585234	0	0	0	0	0	1	0	1	0	0	0	1	0	0	0	0	0	0	0	0	0	0	0	1	0	0	0	0	1	1	R
NMDC20555562	0	0	0	0	0	1	0	1	0	0	0	1	0	0	0	0	0	0	0	0	0	0	0	1	0	0	0	0	1	1	R
NMDC20585244	1	0	0	0	0	1	0	1	0	0	0	1	0	0	1	0	1	1	0	0	0	1	0	0	1	0	0	0	1	1	R
NMDC20557599	1	0	0	0	0	1	0	1	0	0	0	1	0	0	1	0	1	1	0	0	0	1	0	0	1	0	0	0	1	1	R
NMDC20557600	1	0	0	0	0	1	0	1	0	0	0	1	0	0	1	0	1	1	0	0	0	1	0	0	1	0	0	0	1	1	R
NMDC20555565	1	0	0	0	0	1	0	1	0	0	0	1	0	0	1	0	1	1	0	0	0	1	0	0	1	0	0	0	1	1	R
NMDC20585247	1	0	0	0	0	1	0	1	0	0	0	1	0	0	1	0	1	1	0	0	0	1	0	0	1	0	0	0	1	1	R
NMDC20557604	1	0	0	0	0	1	0	1	0	0	0	1	0	0	1	0	1	1	0	0	0	1	0	0	1	0	0	0	1	1	R
NMDC20553569	0	0	1	1	1	1	0	1	0	0	0	1	1	0	1	1	0	0	1	0	1	1	0	0	0	0	0	0	1	1	R
NMDC20557605	0	1	1	0	1	1	0	1	0	0	0	1	1	1	1	1	0	0	1	0	1	1	0	0	0	0	0	0	1	1	R
NMDC20585250	0	1	1	0	1	1	0	1	0	0	0	1	1	0	1	1	0	0	1	0	1	1	0	0	0	0	0	0	1	1	R
NMDC20585251	0	0	1	0	1	1	0	1	0	1	0	1	1	0	1	1	0	0	1	0	1	1	0	0	0	0	0	0	1	1	R
NMDC20553570	0	0	1	1	1	1	0	1	0	0	0	1	1	0	1	1	0	0	1	0	1	1	0	0	0	0	0	0	1	1	R
NMDC20553571	1	0	0	0	0	1	0	1	0	0	0	1	0	0	0	0	0	0	1	0	1	1	0	0	0	0	0	0	0	0	R
NMDC20585268	0	1	0	0	0	1	1	0	0	0	1	1	0	1	1	0	0	1	1	0	0	0	0	0	0	0	1	0	1	1	R
NMDC20553574	0	0	0	0	0	1	0	0	0	0	0	0	0	0	0	0	0	0	0	0	1	1	0	0	0	0	0	0	0	0	R
NMDC20555568	1	0	0	0	0	1	0	0	0	0	1	0	0	0	0	0	0	0	0	0	0	0	0	0	0	0	0	0	1	1	R
NMDC20551644	0	0	0	0	0	1	0	0	0	1	1	0	0	0	0	0	0	0	0	0	0	0	0	0	0	0	0	0	1	1	R
NMDC20585745	0	0	1	0	1	0	0	0	0	0	0	1	0	0	0	1	0	0	1	0	0	0	0	0	0	0	0	0	0	0	R
NMDC20557711	1	0	1	1	0	1	0	1	0	0	0	1	0	0	1	1	0	0	0	0	0	1	0	0	1	0	0	0	0	0	R
NMDC20553681	0	0	0	0	0	1	0	1	0	0	0	1	0	0	1	0	1	1	0	0	0	1	1	0	1	0	0	0	1	1	R
NMDC20553690	0	0	1	1	1	1	0	1	0	0	0	1	1	0	1	1	0	0	1	0	1	1	0	0	0	0	0	0	1	1	R
NMDC20585786	0	0	0	0	0	1	0	1	0	0	0	1	0	0	1	0	1	1	0	0	0	1	0	0	1	0	0	0	1	1	R
NMDC20557724	1	0	0	0	0	1	0	1	0	0	0	1	0	0	1	0	1	1	0	0	0	1	0	0	1	0	0	0	1	1	R
NMDC20555704	1	0	0	0	0	1	0	0	0	0	1	0	0	0	0	0	0	0	0	0	0	0	0	0	0	0	0	0	1	1	R
NMDC20551679	1	0	0	0	0	1	0	0	0	0	1	0	0	0	0	0	0	0	0	0	0	0	0	0	0	0	0	0	1	1	R
NMDC20585876	1	0	0	0	0	1	0	0	0	0	1	0	0	0	0	0	0	0	0	0	0	0	0	0	0	0	0	0	1	1	R
NMDC20585880	1	0	0	0	0	1	0	1	0	0	0	1	0	0	1	0	1	1	0	0	0	1	0	0	1	0	0	0	1	1	R
NMDC20551694	0	0	1	0	1	1	0	0	0	1	1	0	0	0	0	1	0	0	0	0	0	0	0	0	0	0	0	0	1	1	R
NMDC20551696	0	0	0	0	0	1	0	0	0	0	1	0	0	0	0	0	0	0	0	0	0	0	0	0	0	0	0	0	1	1	R
NMDC20585906	0	0	0	0	0	1	0	1	0	0	0	1	0	0	1	0	1	1	0	0	0	1	0	0	1	0	0	0	1	1	R
NMDC20551706	1	0	1	0	0	1	0	0	0	0	0	0	0	0	1	1	0	1	1	0	1	1	0	0	0	0	0	0	0	1	R
NMDC20585926	0	1	1	0	1	1	0	1	0	0	0	1	0	1	0	1	0	0	1	0	0	0	0	1	0	0	0	0	1	1	R
NMDC20585928	0	0	0	0	0	1	0	1	0	0	0	1	0	0	1	0	1	1	1	0	0	1	0	0	1	0	0	0	1	1	R
NMDC20551712	1	0	0	0	0	1	0	1	0	0	0	1	0	0	1	0	1	1	0	0	0	1	0	0	1	0	0	0	1	1	R
NMDC20557757	0	0	1	1	1	1	0	1	0	0	0	1	1	0	1	1	0	0	1	0	1	1	0	0	0	0	0	0	1	1	R
NMDC20551714	1	0	1	0	0	1	0	0	0	0	0	0	0	0	1	1	0	1	1	0	1	1	0	0	0	0	0	0	0	1	R
NMDC20555745	0	0	0	0	0	1	0	1	0	0	0	1	0	0	1	0	1	1	0	0	0	1	0	0	1	0	0	0	1	1	R
NMDC20551717	0	1	1	0	0	1	0	1	0	0	0	1	0	1	0	1	0	0	1	0	0	0	0	1	0	0	0	0	1	1	R
NMDC20557760	1	0	1	0	0	1	0	0	0	0	0	0	0	0	1	1	0	1	1	0	1	1	0	0	0	0	0	0	0	1	R
NMDC20585948	0	0	0	0	0	1	0	0	0	0	1	0	0	0	0	0	0	0	0	0	0	0	0	0	0	0	0	0	1	1	R
NMDC20585956	0	0	0	0	0	1	0	0	0	0	1	0	0	0	0	0	0	0	0	0	0	0	0	0	0	0	0	0	1	1	R
NMDC20551724	0	0	0	0	0	1	0	0	0	0	0	1	0	0	1	0	0	0	0	1	0	1	0	0	0	0	0	1	0	0	R
NMDC20551725	0	0	0	1	0	1	0	1	0	0	0	1	0	0	1	0	1	1	0	0	0	1	0	0	1	0	0	0	1	1	R
NMDC20555751	1	0	1	0	0	1	0	0	0	0	0	0	0	0	1	1	0	1	1	0	1	1	0	0	0	0	0	0	0	1	R
NMDC20555756	0	1	1	0	1	1	0	1	0	0	0	1	0	1	1	1	1	1	1	0	0	1	0	0	1	0	0	0	1	1	R
NMDC20586019	0	1	0	0	0	1	0	1	0	0	0	1	0	1	1	0	0	0	1	0	1	1	0	0	1	0	0	0	0	1	R
NMDC20551748	0	1	0	0	0	1	0	1	0	0	0	1	0	1	1	0	0	0	1	0	1	1	0	0	1	0	0	0	0	1	R
NMDC20551756	0	0	0	0	0	1	0	0	0	0	1	0	0	0	0	0	0	0	0	0	0	0	0	0	0	0	0	0	1	1	R
NMDC20586082	1	1	1	0	1	1	0	1	0	0	0	1	0	1	1	1	1	1	1	0	0	1	0	0	1	0	0	0	1	1	R
NMDC20555777	0	0	1	1	1	0	0	1	0	0	0	1	1	0	1	1	0	0	0	0	1	1	0	0	0	0	0	0	0	1	R
NMDC20586111	0	0	1	1	1	1	0	1	0	0	0	1	0	0	1	1	1	1	0	0	0	1	0	0	1	0	0	0	1	1	R
NMDC20553774	0	0	1	1	1	1	0	1	0	0	0	1	0	0	1	1	1	1	0	0	0	1	0	0	1	0	0	0	1	1	R
NMDC20586112	1	0	0	0	0	1	0	1	0	0	0	1	0	0	1	0	1	1	0	0	0	1	0	0	1	0	0	0	1	1	R
NMDC20555780	1	0	0	0	0	1	0	1	0	0	0	1	0	0	1	0	1	1	0	0	0	1	0	0	1	0	0	0	1	1	R
NMDC20557804	1	0	0	0	0	1	0	1	0	0	0	1	0	0	1	0	1	1	0	0	0	1	0	0	1	0	0	0	1	1	R
NMDC20551767	1	0	0	0	0	1	0	1	0	0	0	1	0	0	1	0	1	1	0	0	0	1	0	0	1	0	0	0	1	1	R
NMDC20557808	0	0	1	1	1	1	0	1	0	0	0	1	1	0	1	1	0	0	1	0	1	1	0	0	0	0	0	0	1	1	R
NMDC20555792	0	1	0	0	0	1	1	0	0	0	1	1	0	1	1	0	0	1	1	0	0	0	0	0	0	0	1	0	1	1	R
NMDC20586127	1	0	0	0	0	1	0	1	0	0	0	1	0	0	1	0	1	1	0	0	0	1	0	0	1	0	0	0	1	1	R
NMDC20551777	1	0	0	0	0	0	0	0	0	0	0	1	0	0	0	0	0	0	0	0	0	0	0	0	0	0	0	0	0	0	R
NMDC20557817	0	1	1	0	1	1	0	1	0	0	0	1	0	1	1	1	1	1	1	0	0	1	0	0	1	0	0	0	1	1	R
NMDC20586170	1	0	0	0	0	1	0	1	0	0	0	1	0	0	1	0	1	1	0	0	0	1	0	0	1	0	0	0	1	1	R
NMDC20553799	0	1	1	0	1	1	0	1	0	0	0	1	0	1	0	1	0	0	1	0	0	0	0	1	0	0	0	0	1	1	R
NMDC20553800	0	0	0	0	0	0	0	0	0	0	0	1	0	0	0	0	0	0	0	0	1	1	0	0	0	0	1	0	1	1	R
NMDC20555810	0	0	1	0	1	1	0	1	0	1	0	1	0	0	1	1	1	1	0	0	0	1	0	0	1	0	0	0	1	1	R
NMDC20586174	0	0	1	0	1	1	0	1	0	1	0	1	0	0	1	1	1	1	0	0	0	1	0	0	1	0	0	0	1	1	R
NMDC20553806	0	1	1	0	1	1	0	1	0	0	0	1	0	1	1	1	1	1	1	0	0	1	0	0	1	0	0	0	1	1	R
NMDC20586181	0	0	1	1	1	1	0	1	0	0	0	1	1	0	1	1	0	0	1	0	1	1	0	0	0	0	0	0	1	1	R
NMDC20553812	0	0	1	0	1	1	0	1	0	0	0	1	0	0	0	1	0	0	1	0	1	1	0	0	0	0	0	0	0	0	R
NMDC20586188	0	0	0	0	0	1	0	1	0	0	0	1	0	0	1	0	1	1	0	0	0	1	0	0	1	0	0	0	1	1	R
NMDC20551792	1	0	1	0	1	1	0	1	0	0	0	1	0	0	1	1	1	1	1	0	0	1	0	0	1	0	0	0	1	1	R
NMDC20555818	0	1	1	0	1	1	0	1	0	0	0	1	0	1	0	1	0	0	1	0	0	0	0	1	0	0	0	0	1	1	R
NMDC20555819	0	0	0	0	0	1	0	1	0	0	0	1	0	0	1	0	1	1	0	0	0	1	0	0	1	0	0	0	1	1	R
NMDC20586200	1	0	0	0	0	1	0	1	0	0	0	1	0	0	1	0	1	1	0	0	0	1	0	0	1	0	0	0	1	1	R
NMDC20557837	1	0	0	0	0	1	0	0	0	0	0	1	0	0	0	0	0	0	1	0	1	1	0	0	0	0	1	0	1	0	R
NMDC20586213	0	0	1	1	1	1	0	1	0	0	0	1	1	0	1	1	0	0	1	0	1	1	0	0	0	0	0	0	1	1	R
NMDC20586214	1	0	0	0	0	1	0	1	0	0	0	1	0	0	0	0	0	0	1	0	1	1	0	0	0	0	0	0	0	0	R
NMDC20555827	1	0	0	0	0	1	0	1	0	0	0	1	0	0	1	0	1	1	0	0	0	1	0	0	1	0	0	0	1	1	R
NMDC20555828	1	0	0	0	0	1	0	1	0	0	0	1	0	0	1	0	1	1	0	0	0	1	0	0	1	0	0	0	1	1	R
NMDC20553824	0	0	1	0	1	0	0	0	0	0	0	1	0	0	0	1	0	0	1	0	0	0	0	0	0	0	0	0	0	0	R
NMDC20586231	1	0	1	0	0	0	0	0	0	0	0	0	0	0	1	1	0	0	0	0	0	1	0	0	0	0	0	1	1	0	R
NMDC20586234	0	0	1	1	1	0	0	0	0	0	0	1	0	0	0	1	0	0	1	0	0	0	0	0	0	0	0	0	0	0	R
NMDC20586235	0	0	1	1	1	1	0	1	0	0	0	1	1	0	1	1	0	0	1	0	1	1	0	0	0	0	0	0	1	1	R
NMDC20555847	1	0	0	0	0	1	0	1	0	0	0	1	0	0	1	0	1	1	0	0	0	1	0	0	1	0	0	0	1	1	R
NMDC20555849	0	1	1	0	1	1	0	1	0	0	0	1	0	1	1	1	1	1	1	0	0	1	0	0	1	0	0	0	1	1	R
NMDC20551826	0	0	0	0	0	1	0	1	0	0	0	1	0	0	1	0	1	1	0	0	0	1	1	0	1	0	0	0	1	1	R
NMDC20586257	0	0	0	0	0	1	0	0	0	0	1	0	0	0	0	0	0	0	0	0	0	0	0	0	0	0	0	0	1	1	R
NMDC20586298	1	0	0	0	0	1	0	1	0	0	0	1	0	0	1	0	1	1	0	0	0	1	0	0	1	0	0	0	1	1	R
NMDC20555865	0	0	0	0	0	1	0	1	0	0	0	1	0	0	1	0	1	1	1	0	0	1	0	0	1	0	0	0	1	1	R
NMDC20586389	1	0	0	0	0	1	0	0	0	0	1	0	0	0	0	0	0	0	0	0	0	0	0	0	0	0	0	0	1	1	R
NMDC20586424	0	0	0	0	0	1	0	1	0	0	0	1	0	0	1	0	1	1	0	0	0	1	0	0	1	0	0	0	1	1	R
NMDC20586427	0	0	0	0	0	1	0	0	0	0	1	0	0	0	0	0	0	0	0	0	0	0	1	0	0	0	0	0	1	1	R
NMDC20586428	0	0	0	0	0	1	0	0	0	0	1	0	0	0	0	0	0	0	0	0	0	0	1	0	0	0	0	0	1	1	R
NMDC20586429	0	0	0	0	0	1	0	0	0	0	1	0	0	0	0	0	0	0	0	0	0	0	1	0	0	0	0	0	1	1	R
NMDC20586430	0	0	0	0	0	1	0	0	0	0	1	0	0	0	0	0	0	0	0	0	0	0	1	0	0	0	0	0	1	1	R
NMDC20555899	0	0	0	0	0	1	0	0	0	0	1	0	0	0	0	0	0	0	0	0	0	0	1	0	0	0	0	0	1	1	R
NMDC20557898	1	0	1	0	1	1	0	0	0	0	0	0	1	0	0	1	0	0	0	0	1	1	0	0	0	0	0	0	1	1	R
NMDC20557899	1	0	1	0	0	1	0	0	0	0	0	0	0	0	1	1	0	1	1	0	1	1	0	0	0	0	0	0	0	1	R
NMDC20586482	0	0	1	0	1	1	0	1	0	0	0	1	0	0	1	1	1	1	1	0	0	1	0	0	1	0	0	0	1	1	R
NMDC20586486	0	0	1	0	1	1	0	1	0	0	0	1	0	0	1	1	1	1	1	0	0	1	0	0	1	0	0	0	1	1	R
NMDC20553889	1	0	0	0	0	1	0	0	0	0	1	0	0	0	0	0	0	0	0	0	0	0	0	0	0	0	0	0	1	1	R
NMDC20557910	1	0	0	0	0	1	0	1	0	0	0	1	0	0	1	0	1	1	0	0	0	1	0	0	1	0	0	0	1	1	R
NMDC20555920	1	0	0	0	0	1	0	0	0	0	1	0	0	0	0	0	0	0	0	0	0	0	0	0	0	0	0	0	1	1	R
NMDC20555921	1	0	0	0	0	1	0	1	0	0	0	1	0	0	1	0	1	1	0	0	0	1	0	0	1	0	0	0	1	1	R
NMDC20586497	1	0	0	0	0	1	0	0	0	0	1	0	0	0	0	0	0	0	0	0	0	0	0	0	0	0	0	0	1	1	R
NMDC20553900	1	0	0	0	0	1	0	1	0	0	0	1	0	0	1	0	1	1	0	0	0	1	0	0	1	0	0	0	1	1	R
NMDC20586518	1	0	1	0	0	1	0	1	0	0	0	1	0	0	1	1	1	1	0	0	0	1	0	0	1	0	0	0	1	1	R
NMDC20586521	0	0	0	1	0	1	0	1	0	0	0	1	0	0	1	0	1	1	0	0	0	1	0	0	1	0	0	0	1	1	R
NMDC20557915	0	0	0	0	0	1	0	1	0	0	0	1	0	0	1	0	1	1	0	0	0	1	1	0	1	0	0	0	1	1	R
NMDC20586529	0	0	0	0	0	1	0	1	0	0	0	1	0	0	1	0	1	1	0	0	0	1	1	0	1	0	0	0	1	1	R
NMDC20557916	0	0	0	0	0	1	0	1	0	0	0	1	0	0	1	0	1	1	0	0	0	1	1	0	1	0	0	0	1	1	R
NMDC20586542	1	0	0	0	0	1	0	1	0	0	0	1	0	0	1	0	1	1	0	0	0	1	0	0	1	0	0	0	1	1	R
NMDC20586544	0	1	0	0	0	1	0	1	0	0	0	1	0	1	1	0	0	0	1	0	1	1	0	0	1	0	0	0	0	1	R
NMDC20586546	1	0	0	0	0	1	0	1	0	0	0	1	0	0	1	0	1	1	0	0	0	1	0	0	1	0	0	0	1	1	R
NMDC20586556	1	0	1	0	0	1	0	0	0	0	0	0	0	0	1	1	0	1	1	0	1	1	0	0	0	0	0	0	0	1	R
NMDC20586560	1	0	0	0	0	1	0	1	0	0	0	1	0	0	1	0	1	1	0	0	0	1	0	0	1	0	0	0	1	1	R
NMDC20586561	0	0	1	0	1	0	0	1	0	0	0	1	1	0	1	1	0	0	1	0	1	1	0	0	0	0	0	0	0	1	R
NMDC20555948	1	0	0	0	0	1	0	1	0	0	0	1	0	0	1	0	1	1	0	0	0	1	0	0	1	0	0	0	1	1	R
NMDC20586565	1	0	0	0	0	1	0	1	0	0	0	1	0	0	1	0	1	1	0	0	0	1	0	0	1	0	0	0	1	1	R
NMDC20557926	0	1	1	0	1	1	0	1	0	0	0	1	0	1	0	1	0	0	1	0	0	0	0	1	0	0	0	0	1	1	R
NMDC20553919	0	0	1	1	1	1	0	1	0	0	0	1	1	0	1	1	0	0	1	0	1	1	0	0	0	0	0	0	1	1	R
NMDC20586570	1	0	0	0	0	1	0	1	0	0	0	1	0	0	1	0	1	1	0	0	0	1	0	0	1	0	0	0	1	1	R
NMDC20551914	0	0	1	0	1	1	0	1	0	1	0	1	1	0	1	1	0	0	1	0	1	1	0	0	0	0	0	0	1	1	R
NMDC20553925	1	0	1	0	1	1	0	1	0	0	0	1	0	0	1	1	1	1	0	0	0	1	0	0	1	0	0	0	1	1	R
NMDC20586584	0	0	0	1	0	0	0	0	0	0	0	0	0	0	0	0	1	0	0	0	0	1	0	0	0	0	0	0	1	0	R
NMDC20553929	0	0	1	1	1	1	0	1	0	0	0	1	1	0	1	1	0	0	1	0	1	1	0	0	0	0	0	0	1	1	R
NMDC20551920	0	0	0	1	0	1	0	1	0	0	0	1	0	0	1	0	1	1	0	0	0	1	0	0	1	0	0	0	1	1	R
NMDC20586594	1	0	1	0	1	1	0	1	0	0	0	1	0	0	1	1	1	1	0	0	0	1	0	0	1	0	0	0	1	1	R
NMDC20551925	0	0	0	0	0	1	0	1	0	1	0	1	0	0	1	0	1	1	1	0	0	1	0	0	1	0	0	0	1	1	R
NMDC20551927	0	0	0	0	0	1	0	1	0	0	0	1	0	0	1	0	1	1	0	0	0	1	1	0	1	0	0	0	1	1	R
NMDC20553936	0	0	0	1	0	1	0	1	0	0	0	1	0	0	1	0	1	1	0	0	0	1	0	0	1	0	0	0	1	1	R
NMDC20553937	1	0	0	0	0	1	0	1	0	0	0	1	0	0	1	0	1	1	0	0	0	1	0	0	1	0	0	0	1	1	R
NMDC20553939	0	0	1	0	1	1	0	0	0	0	0	0	0	0	1	1	0	1	1	0	1	1	0	0	0	0	0	0	0	1	R
NMDC20557948	0	1	1	0	1	1	0	1	0	0	0	1	0	1	0	1	0	0	1	0	0	0	0	1	0	0	0	0	1	1	R
NMDC20586618	1	0	1	0	0	1	0	0	0	0	0	0	0	0	1	1	0	1	1	0	1	1	0	0	0	0	0	0	0	1	R
NMDC20586620	1	0	1	0	0	1	0	0	0	0	0	0	0	0	1	1	0	1	1	0	1	1	0	0	0	0	0	0	0	1	R
NMDC20553970	0	0	0	0	0	0	0	0	0	0	0	1	0	0	0	0	1	0	0	0	1	1	0	0	1	0	0	0	1	0	R
NMDC20551960	1	0	0	0	0	1	0	1	0	0	0	1	0	0	1	0	1	1	1	0	0	1	0	0	1	0	0	0	1	1	R
NMDC20555985	0	1	1	0	1	1	0	1	0	0	0	1	0	1	1	1	1	1	1	0	0	1	0	0	1	0	0	0	1	1	R
NMDC20557989	0	1	1	0	1	1	0	1	0	0	0	1	0	1	0	1	0	0	1	0	0	0	0	1	0	0	0	0	1	1	R
NMDC20586682	0	1	1	0	1	1	0	1	0	0	0	1	0	1	0	1	0	0	1	0	0	0	0	1	0	0	0	0	1	1	R
NMDC20586696	0	0	1	1	1	1	0	1	0	0	0	1	1	0	1	1	0	0	1	0	1	1	0	0	0	0	0	0	1	1	R
NMDC20586701	1	0	0	0	0	1	0	1	0	0	0	1	0	0	1	0	1	1	0	0	0	1	0	0	1	0	0	0	1	1	R
NMDC20553988	0	0	1	1	1	1	0	0	0	0	0	0	0	0	1	1	1	0	1	0	0	0	0	0	1	0	0	0	1	1	R
NMDC20553990	1	0	1	1	0	0	0	0	0	0	0	1	0	0	0	1	1	1	0	0	0	0	0	0	1	0	0	0	0	1	R
NMDC20555994	0	0	0	0	0	1	0	1	0	0	0	1	0	0	1	0	1	0	0	0	0	1	0	0	1	0	0	0	1	1	R
NMDC20586705	0	1	0	0	0	1	0	1	0	0	0	1	0	1	1	0	1	1	1	0	0	1	0	0	1	0	0	0	1	1	R
NMDC20586708	0	1	1	0	1	1	0	1	0	0	0	1	1	1	1	1	0	0	1	0	1	1	0	0	0	0	0	0	1	1	R
NMDC20586712	0	0	1	1	1	1	0	1	0	0	0	1	1	0	1	1	0	0	1	0	1	1	0	0	0	0	0	0	1	1	R
NMDC20551981	0	0	0	1	0	0	0	0	0	0	0	1	0	0	0	0	1	1	0	0	0	0	0	0	1	0	0	0	0	1	R
NMDC20553997	0	0	0	1	0	0	0	0	0	0	0	1	0	0	0	0	1	1	0	0	0	0	0	0	1	0	0	0	0	1	R
NMDC20551982	1	0	1	0	0	1	0	0	0	0	0	0	0	0	1	1	0	1	1	0	1	1	0	0	0	0	0	0	0	1	R
NMDC20586723	0	0	0	1	0	1	0	1	0	0	0	1	0	0	1	0	1	1	1	0	0	1	0	0	1	0	0	0	1	1	R
NMDC20586731	1	0	1	0	1	0	0	0	0	0	1	0	0	0	0	1	1	0	1	0	1	1	0	0	0	0	0	0	0	1	R
NMDC20558007	1	0	0	0	0	1	0	1	0	0	0	1	0	0	1	0	1	1	0	0	0	1	0	0	1	0	0	0	1	1	R
NMDC20586739	1	0	1	0	1	0	0	0	0	0	0	1	0	0	0	1	0	0	1	0	0	0	0	0	0	0	0	0	0	0	R
NMDC20586745	0	0	0	0	0	0	0	0	0	0	0	1	0	0	0	0	0	0	0	0	0	0	0	0	0	0	0	0	0	0	R
NMDC20556008	0	1	1	0	1	1	0	1	0	0	0	1	0	1	1	1	1	1	1	0	0	1	0	0	1	0	0	0	1	1	R
NMDC20554008	0	0	1	0	0	1	0	1	0	0	0	1	0	0	1	1	1	1	1	0	0	1	0	0	1	0	0	0	1	1	R
NMDC20586753	0	0	0	0	0	0	0	0	0	0	0	1	0	0	0	0	1	0	0	0	1	1	0	0	1	0	0	0	1	0	R
NMDC20586774	0	0	0	0	0	0	0	0	0	0	0	1	0	0	0	0	1	0	0	0	1	1	0	0	1	0	0	0	1	0	R
NMDC20586775	0	0	0	0	0	0	0	0	0	0	0	1	0	0	0	0	1	0	0	0	1	1	0	0	1	0	0	0	1	0	R
NMDC20586789	1	0	0	0	0	0	0	0	0	0	0	1	0	0	0	0	1	1	0	0	0	0	0	0	1	0	0	0	0	1	R
NMDC20556025	0	0	0	0	0	1	0	1	0	0	0	1	0	0	1	0	1	1	1	0	0	1	0	0	1	0	0	0	1	1	R
NMDC20586801	0	0	0	0	0	1	0	0	0	0	1	0	0	0	0	0	0	0	0	0	0	0	0	0	0	0	0	0	1	1	R
NMDC20586809	0	0	0	0	0	1	0	0	0	0	1	0	0	0	0	0	0	0	0	0	0	0	0	0	0	0	0	0	1	1	R
NMDC20556040	1	0	0	0	0	1	0	0	0	0	1	0	0	0	0	0	0	0	0	0	0	0	0	0	0	0	0	0	1	1	R
NMDC20586816	0	0	0	0	0	1	0	0	0	0	0	0	0	0	1	0	0	1	1	0	1	1	0	0	0	0	0	0	0	1	R
NMDC20586836	1	0	1	0	0	1	0	0	0	0	0	0	0	0	1	1	0	1	1	0	1	1	0	0	0	0	0	0	0	1	R
NMDC20554036	1	0	1	0	0	1	0	0	0	0	0	0	0	0	1	1	0	1	1	0	1	1	0	0	0	0	0	0	0	1	R
NMDC20552013	0	0	1	1	1	1	0	1	0	0	0	1	1	0	1	1	0	0	1	0	1	1	0	0	0	0	0	0	1	1	R
NMDC20554039	1	0	1	0	0	1	0	0	0	0	0	0	0	0	1	1	0	1	1	0	1	1	0	0	0	0	0	0	0	1	R
NMDC20552015	0	0	0	0	0	1	0	0	0	0	1	0	0	0	0	0	0	0	0	0	0	0	0	0	0	0	0	0	1	1	R
NMDC20556048	1	0	0	0	0	1	0	0	0	0	1	0	0	0	0	0	0	0	0	0	0	0	0	0	0	0	0	0	1	1	R
NMDC20552027	1	0	0	0	0	1	0	0	0	0	1	0	0	0	0	0	0	0	0	0	0	0	0	0	0	0	0	0	1	1	R
NMDC20586859	1	0	0	0	0	0	0	1	0	0	0	1	1	0	1	0	0	0	1	0	1	1	0	0	0	0	0	0	0	1	R
NMDC20586870	0	0	0	0	0	1	0	1	0	0	0	1	0	0	0	0	0	0	0	0	1	1	0	0	0	0	0	0	0	0	R
NMDC20552031	0	0	0	0	0	0	0	0	0	0	1	0	0	0	0	0	1	0	0	0	1	1	0	0	0	0	0	0	0	1	R
NMDC20586876	0	0	0	0	0	1	0	0	0	0	1	0	0	0	0	0	0	0	0	0	0	0	0	0	0	0	0	0	1	1	R
NMDC20558064	1	0	1	0	0	1	0	0	0	0	0	0	0	0	1	1	0	1	1	0	1	1	0	0	0	0	0	0	0	1	R
NMDC20554058	0	0	0	0	0	0	0	0	0	0	0	1	0	0	0	0	1	1	0	0	0	0	0	0	1	0	0	0	0	1	R
NMDC20554061	0	0	0	0	0	1	0	0	0	0	1	0	0	0	0	0	0	0	0	0	0	0	0	0	0	0	0	0	1	1	R
NMDC20586886	0	0	0	0	0	1	0	0	0	0	1	0	0	0	0	0	0	0	0	0	0	0	0	0	0	0	0	0	1	1	R
NMDC20554062	0	0	0	0	0	1	0	0	0	0	1	0	0	0	0	0	0	0	0	0	0	0	0	0	0	0	0	0	1	1	R
NMDC20556068	0	0	0	0	0	0	0	0	0	0	0	0	0	0	0	0	1	1	0	1	0	0	0	1	0	0	0	0	0	0	R
NMDC20558076	1	0	0	0	0	1	0	0	0	0	1	0	0	0	0	0	0	0	0	0	0	0	0	0	0	0	0	0	1	1	R
NMDC20554126	0	0	1	1	1	1	0	1	0	0	0	1	1	0	1	1	0	0	1	0	1	1	0	0	0	0	0	0	1	1	R
NMDC20588192	0	1	1	0	1	1	0	1	0	0	0	1	0	1	1	1	1	1	1	0	0	1	0	0	1	0	0	0	1	1	R
NMDC20558409	0	0	1	1	1	1	0	1	0	0	0	1	1	0	1	1	0	0	1	0	1	1	0	0	0	0	0	0	1	1	R
NMDC20558410	0	0	0	0	0	1	0	0	0	0	1	0	0	0	0	0	0	0	0	0	0	0	0	0	0	0	0	0	1	1	R
NMDC20552397	0	0	1	1	1	1	0	1	0	0	0	1	1	0	1	1	0	0	1	0	1	1	0	0	0	0	0	0	1	1	R
NMDC20558412	1	0	1	0	0	1	1	0	0	0	1	1	0	0	1	1	0	1	0	0	0	0	0	0	0	0	1	0	1	1	R
NMDC20588209	0	0	1	1	1	1	0	1	0	0	0	1	1	0	1	1	0	0	1	0	1	1	0	0	0	0	0	0	1	1	R
NMDC20558419	0	1	1	0	1	1	0	1	0	0	0	1	0	1	0	1	0	0	1	0	0	0	0	1	0	0	0	0	1	1	R
NMDC20588215	1	0	1	0	0	0	0	1	0	0	0	1	1	0	1	1	0	0	0	0	1	1	0	0	0	0	0	0	0	1	R
NMDC20588219	0	0	1	1	1	1	0	1	0	0	0	1	1	0	1	1	0	0	1	0	1	1	0	0	0	0	0	0	1	1	R
NMDC20552415	1	0	0	0	0	1	0	1	0	0	0	1	0	0	1	0	1	1	0	0	0	1	0	0	1	0	0	0	1	1	R
NMDC20558424	1	0	0	0	0	1	0	1	0	0	0	1	0	0	1	0	1	1	0	0	0	1	0	0	1	0	0	0	1	1	R
NMDC20588239	1	0	0	0	0	1	0	1	0	0	0	1	0	0	1	0	1	1	0	0	0	1	0	0	1	0	0	0	1	1	R
NMDC20588245	0	0	0	1	0	1	0	1	0	0	0	1	1	0	1	0	0	0	0	0	1	1	0	0	0	0	0	0	1	1	R
NMDC20556404	1	0	0	0	0	1	0	0	0	0	1	0	0	0	0	0	0	0	0	0	0	0	0	0	0	0	0	0	1	1	R
NMDC20556407	0	1	1	0	1	1	0	1	0	0	0	1	0	1	0	1	0	0	1	0	0	0	0	1	0	0	0	0	1	1	R
NMDC20552421	0	0	0	0	0	0	0	0	0	0	0	1	0	0	0	0	0	0	0	0	1	1	0	1	0	0	0	0	0	1	R
NMDC20552431	0	1	1	0	1	1	0	1	0	0	0	1	0	1	0	1	0	0	1	0	0	0	0	1	0	0	0	0	1	1	R
NMDC20556423	1	0	0	0	0	1	0	0	0	0	1	0	0	0	0	0	0	0	0	0	0	0	0	0	0	0	0	0	1	1	R
NMDC20554443	0	1	0	0	0	1	0	1	0	0	0	1	0	1	1	0	0	0	1	0	1	1	0	0	1	0	0	0	0	1	R
NMDC20554445	1	0	0	0	0	1	0	1	0	0	0	1	0	0	1	0	1	1	0	0	0	1	0	0	1	0	0	0	1	1	R
NMDC20556436	1	0	1	0	0	1	0	1	0	0	0	1	0	0	1	1	1	1	0	0	0	1	0	0	1	0	0	0	1	1	R
NMDC20558462	1	0	1	0	0	1	0	1	0	0	0	1	0	0	1	1	1	1	0	0	0	1	0	0	1	0	0	0	1	1	R
NMDC20558464	1	0	1	0	0	1	0	1	0	0	0	1	0	0	1	1	1	1	0	0	0	1	0	0	1	0	0	0	1	1	R
NMDC20588321	0	0	0	0	0	1	0	1	0	0	0	1	0	0	1	0	1	1	0	0	0	1	1	0	1	0	0	0	1	1	R
NMDC20558466	0	0	1	1	1	1	0	1	0	0	0	1	1	0	1	1	0	0	1	0	1	1	0	0	0	0	0	0	1	1	R
NMDC20556449	0	1	1	0	1	1	0	1	0	0	0	1	0	1	0	1	0	0	1	0	0	0	0	1	0	0	0	0	1	1	R
NMDC20588345	0	1	1	0	1	1	0	1	0	0	0	1	0	1	0	1	0	0	1	0	0	0	0	1	0	0	0	0	1	1	R
NMDC20558480	1	0	1	0	0	1	0	1	0	0	0	1	0	0	1	1	0	0	0	0	0	1	0	0	1	0	0	0	0	0	R
NMDC20556482	1	0	0	0	0	1	0	1	0	0	0	1	0	0	1	0	1	1	0	0	0	1	0	0	1	0	0	0	1	1	R
NMDC20556484	0	0	0	0	0	1	0	0	0	0	1	0	0	0	0	0	0	0	0	0	0	0	0	0	0	0	0	0	1	1	R
NMDC20554490	0	0	0	0	0	1	0	0	0	0	1	0	0	0	0	0	0	0	0	0	0	0	0	0	0	0	0	0	1	1	R
NMDC20554491	0	0	0	0	0	1	0	0	0	0	1	0	0	0	0	0	0	0	0	0	0	0	0	0	0	0	0	0	1	1	R
NMDC20588417	0	0	0	0	0	1	0	0	0	0	1	0	0	0	0	0	0	0	0	0	0	0	0	0	0	0	0	0	1	1	R
NMDC20556485	0	0	0	0	0	1	0	1	0	0	0	1	0	0	0	0	0	0	0	0	1	1	0	0	0	0	0	0	0	0	R
NMDC20588421	0	0	1	0	1	1	0	1	0	1	0	1	0	0	1	1	1	1	0	0	0	1	0	0	1	0	0	0	1	1	R
NMDC20588434	1	0	0	0	0	1	0	0	0	0	1	0	0	0	0	0	0	0	0	0	0	0	0	0	0	0	0	0	1	1	R
NMDC20556489	1	0	0	0	0	1	0	1	0	0	0	1	0	0	1	0	1	1	0	0	0	1	0	0	1	0	0	0	1	1	R
NMDC20588438	1	0	0	0	0	1	0	1	0	0	0	1	0	0	1	0	1	1	0	0	0	1	0	0	1	0	0	0	1	1	R
NMDC20558507	1	0	0	0	0	1	0	0	0	0	0	0	0	0	1	0	0	1	1	0	1	1	0	0	0	0	0	0	0	1	R
NMDC20554508	0	0	0	0	0	0	0	0	0	0	0	0	0	0	0	0	0	0	0	0	1	1	0	0	0	0	1	0	1	1	R
NMDC20552501	1	0	0	0	0	1	0	1	0	0	0	1	0	0	1	0	1	1	0	0	0	1	0	0	1	0	0	0	1	1	R
NMDC20556497	1	0	1	0	1	0	0	0	0	0	0	1	0	0	0	1	0	0	1	0	0	0	0	0	0	0	0	0	0	0	R
NMDC20558512	1	0	1	0	0	1	0	0	0	0	0	0	0	0	1	1	0	1	1	0	1	1	0	0	0	0	0	0	0	1	R
NMDC20558516	1	0	0	0	0	1	0	1	0	0	0	1	0	0	1	0	1	1	0	0	0	1	0	0	1	0	0	0	1	1	R
NMDC20588459	1	0	0	0	0	1	0	1	0	0	0	1	0	0	1	0	1	1	0	0	0	1	0	0	1	0	0	0	1	1	R
NMDC20588461	0	0	0	0	0	1	0	1	0	1	0	1	0	0	1	0	1	1	0	0	0	1	0	0	1	0	0	0	1	1	R
NMDC20554519	1	0	0	0	0	1	0	0	0	0	1	0	0	0	0	0	0	0	0	0	0	0	0	0	0	0	0	0	1	1	R
NMDC20554520	1	0	0	0	0	1	0	0	0	0	1	0	0	0	0	0	0	0	0	0	0	0	0	0	0	0	0	0	1	1	R
NMDC20558522	1	0	0	0	0	1	0	0	0	0	1	0	0	0	0	0	0	0	0	0	0	0	0	0	0	0	0	0	1	1	R
NMDC20588479	1	0	0	0	0	1	0	0	0	0	1	0	0	0	0	0	0	0	0	0	0	0	0	0	0	0	0	0	1	1	R
NMDC20588492	1	0	0	0	0	1	0	1	0	0	0	1	0	0	1	0	1	1	0	0	0	1	0	0	1	0	0	0	1	1	R
NMDC20552532	0	0	0	0	0	1	0	1	0	1	0	1	0	0	1	0	1	1	0	0	0	1	0	0	1	0	0	0	1	1	R
NMDC20588503	0	0	0	0	0	1	0	1	0	1	0	1	0	0	1	0	1	1	0	0	0	1	0	0	1	0	0	0	1	1	R
NMDC20552538	1	0	0	0	0	1	0	1	0	0	0	1	0	0	1	0	1	1	0	0	0	1	0	0	1	0	0	0	1	1	R
NMDC20554536	1	0	0	0	0	1	0	1	0	0	0	1	0	0	1	0	1	1	1	0	0	1	0	0	1	0	0	0	1	1	R
NMDC20554541	1	0	0	0	0	1	0	1	0	0	0	1	0	0	1	0	0	0	0	0	0	1	0	0	1	0	0	0	0	0	R
NMDC20554545	1	0	1	0	0	1	0	0	0	0	0	0	0	0	1	1	0	1	1	0	1	1	0	0	0	0	0	0	0	1	R
NMDC20588522	1	0	0	0	0	1	0	0	0	0	0	0	0	0	1	0	0	1	1	0	1	1	0	0	0	0	0	0	0	1	R
NMDC20588526	1	0	1	0	0	1	0	1	0	0	0	1	0	0	1	1	1	1	0	0	0	1	0	0	1	0	0	0	1	1	R
NMDC20552546	1	0	0	0	0	1	0	1	0	0	0	1	0	0	1	0	1	1	0	0	0	1	0	0	1	0	0	0	1	1	R
NMDC20588536	1	0	0	0	0	1	0	1	0	0	0	1	0	0	1	0	1	1	0	0	0	1	0	0	1	0	0	0	1	1	R
NMDC20556543	1	0	0	0	0	0	0	0	0	0	0	1	0	0	0	0	0	0	0	0	0	0	0	0	0	0	0	0	0	0	R
NMDC20588546	1	0	1	0	0	1	0	1	0	0	0	1	0	0	1	1	0	0	0	0	0	1	0	0	1	0	0	0	0	0	R
NMDC20588553	1	0	1	0	0	1	0	1	0	0	0	1	0	0	1	1	1	1	0	0	0	1	0	0	1	0	0	0	1	1	R
NMDC20558560	1	0	0	0	0	1	0	1	0	0	0	1	0	0	1	0	1	1	0	0	0	1	0	0	1	0	0	0	1	1	R
NMDC20588563	0	0	0	0	0	1	0	1	0	0	0	1	0	0	1	0	1	1	1	0	0	1	0	0	1	0	0	0	1	1	R
NMDC20556553	1	0	0	0	0	1	0	1	0	0	0	1	0	0	1	0	1	1	0	0	0	1	0	0	1	0	0	0	1	1	R
NMDC20556555	1	0	1	0	0	1	0	1	0	0	0	1	0	0	1	1	1	1	0	0	0	1	0	0	1	0	0	0	1	1	R
NMDC20558563	1	0	0	0	0	0	0	0	0	0	0	1	0	0	0	0	0	0	0	0	0	0	0	0	0	0	0	0	0	0	R
NMDC20554563	0	1	0	0	0	0	0	0	0	0	0	1	0	1	1	0	0	0	1	0	0	1	0	0	0	0	0	0	0	0	R
NMDC20588578	0	0	0	0	0	1	0	0	0	1	1	0	0	0	0	0	0	0	0	0	0	0	0	0	0	0	0	0	1	1	R
NMDC20588624	0	0	1	0	1	1	0	1	0	0	0	1	0	0	1	1	1	1	1	0	0	1	0	0	1	0	0	0	1	1	R
NMDC20554577	0	0	1	0	1	1	0	1	1	0	0	1	0	0	1	1	1	1	1	0	0	1	0	0	1	0	0	0	1	1	R
NMDC20588630	0	0	1	0	1	1	0	1	1	0	0	1	0	0	1	1	1	1	1	0	0	1	0	0	1	0	0	0	1	1	R
NMDC20554605	0	0	0	0	0	1	0	1	0	0	0	1	0	0	1	0	1	1	0	0	0	1	0	0	1	1	0	0	1	1	R
NMDC20558615	1	0	0	0	0	1	0	1	0	0	0	1	0	0	1	0	1	1	0	0	0	1	0	0	1	0	0	0	1	1	R
NMDC20588851	0	0	1	0	1	1	0	1	1	0	0	1	0	0	0	1	0	0	1	0	0	0	0	1	0	0	0	0	1	1	R
NMDC20588853	1	0	1	0	0	1	0	0	0	0	0	0	0	0	1	1	0	1	1	0	1	1	0	0	0	0	0	0	0	1	R
NMDC20552612	0	0	1	1	1	1	0	1	0	0	0	1	1	0	1	1	0	0	1	0	1	1	0	0	0	0	0	0	1	1	R
NMDC20554613	1	0	0	0	0	1	0	1	0	0	0	1	0	0	1	0	1	1	0	0	0	1	0	0	1	0	0	0	1	1	R
NMDC20556608	0	0	1	0	1	1	0	0	0	0	0	0	0	0	1	1	0	1	1	0	1	1	0	0	0	0	0	0	0	1	R
NMDC20552617	1	0	0	1	0	1	0	1	0	0	0	1	0	0	0	0	0	0	1	0	1	1	0	0	0	0	0	0	0	0	R
NMDC20588866	1	0	0	0	0	0	0	1	0	0	0	1	0	0	0	0	0	0	0	0	0	1	0	0	0	0	0	0	0	1	R
NMDC20552619	1	0	0	0	0	1	0	1	0	0	0	1	0	0	1	0	1	1	0	0	0	1	0	0	1	0	0	0	1	1	R
NMDC20554619	0	0	0	0	0	1	0	0	0	0	0	0	0	0	1	0	0	1	1	0	1	1	0	0	0	0	0	0	0	1	R
NMDC20588888	0	0	0	0	0	1	0	1	0	0	0	1	0	0	1	0	1	1	0	0	0	1	0	0	1	0	0	0	1	1	R
NMDC20554624	1	0	0	0	0	1	0	1	0	0	0	1	0	0	1	0	1	1	0	0	0	1	0	0	1	0	0	0	1	1	R
NMDC20558632	0	0	0	0	0	0	0	0	0	0	0	1	0	0	0	0	0	0	0	0	0	0	0	0	0	0	0	0	0	1	R
NMDC20556625	1	0	0	0	0	1	0	1	0	0	0	1	0	0	1	0	1	1	0	0	0	1	0	0	1	0	0	0	1	1	R
NMDC20556626	0	0	1	1	1	1	0	1	0	0	0	1	1	0	1	1	0	0	1	0	1	1	0	0	0	0	0	0	1	1	R
NMDC20554634	0	1	1	0	1	1	0	1	0	0	0	1	1	0	1	1	0	0	1	0	1	1	0	0	0	0	0	0	1	1	R
NMDC20558638	0	1	0	0	0	1	0	1	0	0	0	1	0	1	1	0	0	0	1	0	1	1	0	0	1	0	0	0	0	1	R
NMDC20552632	0	1	1	0	1	1	0	1	0	0	0	1	0	1	0	1	0	0	1	0	0	0	0	1	0	0	0	0	1	1	R
NMDC20552633	0	0	0	0	0	1	0	1	1	0	0	1	0	0	1	1	1	1	0	0	0	1	0	0	1	0	0	0	1	1	R
NMDC20556635	1	0	0	0	0	1	0	0	0	0	1	0	0	0	0	0	0	0	0	0	0	0	0	0	0	0	0	0	1	1	R
NMDC20556636	0	0	0	0	0	1	0	0	0	0	1	0	0	0	0	0	0	0	0	0	0	0	0	0	0	0	0	0	1	1	R
NMDC20556637	0	0	0	0	0	1	0	0	0	0	1	0	0	0	0	0	0	0	0	0	0	0	0	0	0	0	0	0	1	1	R
NMDC20554637	1	0	0	0	0	1	0	0	0	0	1	0	0	0	0	0	0	0	0	0	0	0	0	0	0	0	0	0	1	1	R
NMDC20556641	0	0	0	0	0	1	0	0	0	0	1	0	0	0	0	0	0	0	0	0	0	0	0	0	0	0	0	0	1	1	R
NMDC20558642	0	0	1	0	1	0	0	0	0	0	0	1	0	0	0	1	0	0	0	0	0	0	0	0	0	0	0	0	0	0	R
NMDC20588931	0	0	1	1	1	0	0	0	0	0	0	1	0	0	0	1	0	0	1	0	0	0	0	0	0	0	0	0	0	0	R
NMDC20558644	0	0	0	0	0	1	0	1	0	0	0	1	0	0	1	0	1	1	0	0	0	1	0	0	1	0	0	0	1	1	R
NMDC20558646	0	0	0	0	0	1	0	0	0	0	1	0	0	0	0	0	0	0	0	0	0	0	0	0	0	0	0	0	1	1	R
NMDC20556647	1	0	0	0	0	1	0	1	0	0	0	1	0	0	1	0	1	1	0	0	0	1	0	0	1	0	0	0	1	1	R
NMDC20552645	0	0	1	0	1	0	0	0	0	0	0	1	0	0	0	1	0	0	1	0	0	0	0	0	0	0	0	0	0	0	R
NMDC20556648	0	0	0	0	0	1	0	1	0	0	0	1	0	0	1	0	1	1	0	0	0	1	0	0	1	0	0	0	1	1	R
NMDC20552646	0	0	0	0	0	1	0	1	0	0	0	1	1	0	1	0	0	0	0	0	1	1	0	0	0	0	0	0	1	1	R
NMDC20558647	1	0	0	0	0	1	0	1	0	0	0	1	0	0	1	0	1	1	0	0	0	1	0	0	1	0	0	0	1	1	R
NMDC20552648	0	0	0	0	0	1	0	1	0	0	0	1	0	0	1	0	1	1	0	0	0	1	0	0	1	0	0	0	1	1	R
NMDC20588948	0	0	0	0	0	1	0	1	0	0	0	1	0	0	1	0	1	1	0	0	0	1	1	0	1	0	0	0	1	1	R
NMDC20558648	1	0	1	0	1	1	0	1	0	0	0	1	0	0	1	1	1	1	1	0	0	1	0	0	1	0	0	0	1	1	R
NMDC20588949	0	1	0	0	0	1	0	1	0	0	0	1	1	1	1	0	0	0	1	0	1	1	0	0	0	0	0	0	1	1	R
NMDC20552650	0	0	1	0	1	0	0	0	0	0	0	1	0	0	0	1	0	0	1	0	0	0	0	0	0	0	0	0	0	0	R
NMDC20552651	0	0	1	1	1	0	0	0	0	0	0	1	0	0	0	1	0	0	1	0	0	0	0	0	0	0	0	0	0	0	R
NMDC20558652	1	0	0	0	0	1	0	0	0	0	1	0	0	0	0	0	0	0	0	0	0	0	0	0	0	0	0	0	1	1	R
NMDC20588961	0	0	1	0	1	0	0	0	0	0	0	1	0	0	0	1	0	0	1	0	0	0	0	0	0	0	0	0	0	0	R
NMDC20552655	0	0	1	0	1	0	0	0	0	0	0	1	0	0	0	1	0	0	1	0	0	0	0	0	0	0	0	0	0	0	R
NMDC20588963	1	0	1	0	1	0	0	0	0	0	0	1	0	0	0	1	0	0	1	0	0	0	0	0	0	0	0	0	0	0	R
NMDC20588964	1	0	1	0	0	1	0	1	0	0	0	1	0	0	1	1	1	1	0	0	0	1	0	0	1	0	0	0	1	1	R
NMDC20558657	0	0	1	0	1	0	0	0	0	0	0	1	0	0	0	1	0	0	1	0	0	0	0	0	0	0	0	0	0	0	R
NMDC20588969	0	0	0	0	0	1	0	1	0	0	0	1	0	0	1	0	1	1	0	0	0	1	1	0	1	0	0	0	1	1	R
NMDC20554660	1	0	0	0	0	0	0	0	0	0	0	1	0	0	0	0	0	0	0	0	0	0	0	0	0	0	0	0	0	0	R
NMDC20558662	1	0	0	0	0	0	0	0	0	0	0	0	0	0	1	0	0	0	0	0	0	1	0	0	0	0	0	1	0	0	R
NMDC20556663	0	0	1	0	1	0	0	0	0	0	0	1	0	0	0	1	0	0	1	0	0	0	0	0	0	0	0	0	0	0	R
NMDC20554663	0	0	0	0	0	1	0	1	0	0	0	1	0	0	1	0	1	1	0	0	0	1	1	0	1	0	0	0	1	1	R
NMDC20554664	0	0	1	0	1	0	0	0	0	0	0	1	0	0	0	1	0	0	1	0	0	0	0	0	0	0	0	0	0	0	R
NMDC20588982	0	0	1	0	1	0	0	0	0	0	0	1	0	0	0	1	0	0	1	0	0	0	0	0	0	0	0	0	0	0	R
NMDC20588988	0	0	0	0	0	0	0	0	0	0	0	1	0	0	0	0	1	0	0	0	1	1	0	0	1	0	0	0	1	0	R
NMDC20589004	0	0	0	0	0	1	0	1	0	0	0	1	0	0	0	0	0	0	0	0	0	0	0	1	0	0	0	0	1	1	R
NMDC20589007	0	0	1	1	1	1	0	1	0	0	0	1	1	0	1	1	0	0	0	0	1	1	0	0	0	0	0	0	1	1	R
NMDC20582474	0	0	0	0	0	1	0	0	0	0	1	0	0	0	0	0	0	0	0	0	0	0	0	0	0	0	0	0	1	1	S
NMDC20582475	0	0	0	0	0	1	0	1	0	0	0	1	0	0	1	0	1	1	0	0	0	1	0	0	1	0	0	0	1	1	S
NMDC20582478	0	0	0	0	0	1	0	1	0	0	0	1	0	0	1	0	1	1	0	0	0	1	0	0	1	0	0	0	1	1	S
NMDC20582480	0	0	0	0	0	1	0	1	0	0	0	1	0	0	1	0	1	1	1	0	0	1	0	0	1	0	0	0	1	1	S
NMDC20582482	0	0	0	0	0	1	0	1	0	0	0	1	0	0	1	0	1	1	1	0	0	1	0	0	1	0	0	0	1	1	S
NMDC20582483	0	0	1	0	0	1	0	1	0	0	0	1	0	0	1	1	1	1	0	0	0	1	0	0	1	0	0	0	0	1	S
NMDC20550794	0	0	0	0	0	1	0	0	0	0	0	0	0	0	1	0	1	1	0	0	0	0	0	0	1	0	0	0	1	1	S
NMDC20582485	0	0	0	0	0	1	0	1	0	0	0	1	0	0	1	0	1	1	1	0	0	1	0	0	1	0	0	0	1	1	S
NMDC20582487	0	0	1	0	1	1	0	0	0	0	1	1	0	0	0	1	1	0	1	0	0	1	0	0	1	0	0	0	0	0	S
NMDC20582490	0	0	0	0	0	1	0	1	0	0	0	1	0	0	1	0	1	1	1	0	0	1	0	0	1	0	0	0	1	1	S
NMDC20582491	0	0	0	0	0	1	0	0	0	0	1	1	1	0	1	0	0	1	0	0	0	0	0	0	0	0	1	0	1	1	S
NMDC20582492	0	0	0	0	0	1	0	0	0	0	1	1	1	0	1	0	0	1	0	0	0	0	0	0	0	0	1	0	1	1	S
NMDC20550796	0	0	0	0	0	1	0	1	0	0	0	1	0	0	1	0	1	1	1	0	0	1	0	0	1	0	0	0	1	1	S
NMDC20554781	0	0	1	0	1	1	0	1	0	0	0	1	0	0	1	1	1	1	1	0	0	1	0	0	1	0	0	0	1	1	S
NMDC20582496	0	0	1	0	1	0	0	0	0	0	0	1	0	0	0	1	0	0	1	0	0	0	0	0	0	0	0	0	0	0	S
NMDC20582498	0	0	1	0	1	0	0	0	0	0	0	1	0	0	0	1	0	0	1	0	0	0	0	0	0	0	0	0	0	0	S
NMDC20554782	0	0	1	0	1	0	0	0	0	0	0	1	0	0	0	1	0	0	1	0	0	0	0	0	0	0	0	0	0	0	S
NMDC20582500	0	0	0	0	0	0	0	0	0	0	0	1	0	0	0	0	0	0	0	0	0	0	0	0	0	0	0	0	0	0	S
NMDC20556808	0	0	1	0	1	0	0	0	0	0	0	1	0	0	0	1	0	0	1	0	0	0	0	0	0	0	0	0	0	0	S
NMDC20582502	0	0	0	0	0	1	0	1	0	0	0	1	0	0	1	0	1	1	1	0	0	1	0	0	1	0	0	0	1	1	S
NMDC20582503	0	0	0	0	0	1	0	1	0	0	0	1	0	0	1	0	1	1	1	0	0	1	0	0	1	0	0	0	1	1	S
NMDC20582506	0	0	0	0	0	1	0	1	0	0	0	1	0	0	1	0	1	1	1	0	0	1	0	0	1	0	0	0	1	1	S
NMDC20582508	0	0	0	0	0	1	0	1	0	0	0	1	0	0	1	0	1	1	1	0	0	1	0	0	1	0	0	0	1	1	S
NMDC20582514	0	0	1	1	1	1	0	0	0	0	0	0	0	0	0	1	0	0	1	0	1	1	0	0	0	0	0	0	0	0	S
NMDC20582516	0	0	1	1	1	1	0	0	0	0	0	0	0	0	0	1	0	0	1	0	1	1	0	0	0	0	0	0	0	0	S
NMDC20582519	0	0	0	0	0	1	0	1	0	0	0	1	0	0	1	0	1	1	1	0	0	1	0	0	1	0	0	0	1	1	S
NMDC20582520	0	0	0	0	0	0	0	1	0	0	0	1	1	0	1	0	0	0	0	0	1	1	0	0	0	0	0	0	0	1	S
NMDC20582523	0	0	0	0	0	1	0	1	0	0	0	1	0	0	1	0	1	1	1	0	0	1	0	0	1	0	0	0	1	1	S
NMDC20582525	0	0	0	0	0	1	0	0	0	0	1	0	0	0	0	0	0	0	0	0	0	0	0	0	0	0	0	0	1	1	S
NMDC20582527	0	0	0	0	0	1	0	0	0	0	1	0	0	0	0	0	0	0	0	0	0	0	0	0	0	0	0	0	1	1	S
NMDC20582532	0	0	0	0	0	1	0	0	0	0	1	0	0	0	0	0	0	0	0	0	0	0	0	0	0	0	0	0	1	1	S
NMDC20582533	0	0	0	0	0	1	0	0	0	0	1	0	0	0	0	0	0	0	0	0	0	0	0	0	0	0	0	0	1	1	S
NMDC20552808	0	0	0	0	0	1	0	1	0	0	0	1	0	0	1	0	1	1	1	0	0	1	0	0	1	0	0	0	1	1	S
NMDC20556810	0	0	1	0	0	1	0	1	0	0	0	1	0	0	1	1	1	1	0	0	0	1	0	0	1	0	0	0	1	1	S
NMDC20550798	0	0	0	0	0	1	0	1	0	0	0	1	0	0	1	0	1	1	1	0	0	1	0	0	1	0	0	0	1	1	S
NMDC20582543	0	0	0	0	0	1	0	1	0	0	0	1	0	0	1	0	1	1	0	0	0	1	0	0	1	0	0	0	1	1	S
NMDC20554787	0	0	0	0	0	1	0	1	0	0	0	1	0	0	1	0	1	1	0	0	0	1	0	0	1	0	0	0	1	1	S
NMDC20552809	0	0	0	0	0	1	0	1	0	0	0	1	0	0	1	0	1	1	0	0	0	1	0	0	1	0	0	0	1	1	S
NMDC20582545	0	0	0	0	0	1	0	0	0	0	1	0	0	0	0	0	0	0	0	0	0	0	0	0	0	0	0	0	1	1	S
NMDC20550799	0	0	0	0	0	1	0	0	0	0	1	0	0	0	0	0	0	0	0	0	0	0	0	0	0	0	0	0	1	1	S
NMDC20582546	0	0	0	0	0	1	0	0	0	0	1	0	0	0	0	0	0	0	0	0	0	0	0	0	0	0	0	0	1	1	S
NMDC20582547	0	0	0	0	0	1	0	1	0	0	0	1	0	0	1	0	1	1	1	0	0	1	0	0	1	0	0	0	1	1	S
NMDC20582548	0	0	0	0	0	1	0	0	0	0	1	0	0	0	0	0	0	0	0	0	0	0	0	0	0	0	0	0	1	1	S
NMDC20582549	0	0	0	0	0	1	0	1	0	0	0	1	0	0	0	0	0	0	1	0	1	1	0	0	0	0	0	0	0	0	S
NMDC20582552	0	0	0	0	0	1	0	0	0	0	1	0	0	0	0	0	0	0	0	0	0	0	0	0	0	0	0	0	1	1	S
NMDC20582553	0	0	0	0	0	1	0	1	0	0	0	1	0	0	1	0	1	1	0	0	0	1	0	0	1	0	0	0	1	1	S
NMDC20582554	0	0	0	0	0	1	0	0	0	0	1	0	0	0	0	0	0	0	0	0	0	0	0	0	0	0	0	0	1	1	S
NMDC20582555	0	0	0	0	0	1	0	1	0	0	0	1	0	0	1	0	1	1	1	0	0	1	0	0	1	0	0	0	1	1	S
NMDC20582557	0	0	0	0	0	1	0	0	0	0	1	0	0	0	0	0	0	0	0	0	0	0	0	0	0	0	0	0	1	1	S
NMDC20582559	0	0	0	0	0	1	0	1	0	0	0	1	0	0	1	0	1	1	0	0	0	1	0	0	1	0	0	0	1	1	S
NMDC20550800	0	0	1	0	1	0	0	0	0	0	0	1	0	0	0	1	0	0	1	0	0	0	0	0	0	0	0	0	0	0	S
NMDC20582563	0	0	1	0	1	0	0	0	0	0	0	1	0	0	0	1	0	0	1	0	0	0	0	0	0	0	0	0	0	0	S
NMDC20556813	0	0	0	0	0	1	0	1	0	0	0	1	0	0	0	0	0	0	1	0	1	1	0	0	0	0	0	0	0	0	S
NMDC20550801	0	0	0	0	0	1	0	0	0	0	0	0	0	0	1	0	0	1	1	0	1	1	0	0	0	0	0	0	0	1	S
NMDC20582564	0	0	0	0	0	1	0	0	0	0	1	0	0	0	0	0	0	0	0	0	0	0	0	0	0	0	0	0	1	1	S
NMDC20582565	0	0	0	0	0	0	0	0	0	0	0	0	0	0	1	0	0	0	1	0	0	1	0	0	0	0	0	1	1	0	S
NMDC20552811	0	0	0	0	0	0	0	0	0	0	0	0	0	0	0	0	0	0	0	0	0	1	0	0	1	0	0	1	0	0	S
NMDC20582569	0	0	1	0	1	1	0	1	0	0	0	1	0	0	1	1	1	0	1	0	0	1	0	0	1	0	0	0	0	1	S
NMDC20556814	0	0	1	0	1	0	0	0	0	0	0	1	0	0	0	1	0	0	1	0	0	0	0	0	0	0	0	0	0	0	S
NMDC20582571	0	0	0	0	0	1	0	1	0	0	0	1	0	0	1	0	1	1	1	0	0	1	0	0	1	0	0	0	1	1	S
NMDC20582572	0	0	0	0	0	0	0	0	0	0	0	0	0	0	1	0	1	0	0	0	1	1	0	0	0	0	0	1	0	1	S
NMDC20582576	0	0	0	0	0	1	0	1	0	0	0	1	0	0	0	0	0	0	0	0	0	0	0	1	0	0	0	0	1	1	S
NMDC20552812	0	0	0	0	0	0	0	1	0	0	0	1	1	0	1	0	0	0	1	0	1	1	1	0	0	0	0	0	0	1	S
NMDC20554792	0	0	0	0	0	0	0	0	0	0	0	1	0	0	0	0	1	0	0	0	1	1	0	0	1	0	0	0	1	0	S
NMDC20582591	0	0	0	0	0	1	0	0	0	0	1	0	0	0	0	0	0	0	0	0	0	0	0	0	0	0	0	0	1	1	S
NMDC20582592	0	0	0	0	0	1	0	0	0	0	1	0	0	0	0	0	0	0	0	0	0	0	0	0	0	0	0	0	1	1	S
NMDC20582593	0	0	0	0	0	1	0	1	0	0	0	1	0	0	1	0	1	1	1	0	0	1	0	0	1	0	0	0	1	1	S
NMDC20556816	0	0	0	0	0	1	0	1	0	0	0	1	0	0	1	0	1	1	1	0	0	1	0	0	1	0	0	0	1	1	S
NMDC20550804	0	0	0	0	0	1	0	0	0	0	1	0	0	0	0	0	0	0	0	0	0	0	0	0	0	0	0	0	1	1	S
NMDC20554793	0	0	1	0	0	1	0	1	0	0	0	1	0	0	1	1	1	1	0	0	0	1	0	0	1	0	0	0	1	1	S
NMDC20582596	0	0	0	0	0	0	0	0	0	0	0	1	0	0	0	0	1	0	0	0	1	1	0	0	1	0	0	0	1	0	S
NMDC20582597	0	0	0	0	0	1	0	1	0	0	0	1	0	0	1	0	1	1	1	0	0	1	0	0	1	0	0	0	1	1	S
NMDC20554794	0	0	0	0	0	1	0	1	0	0	0	1	0	0	0	0	0	0	0	0	0	0	0	1	0	0	0	0	1	1	S
NMDC20556817	0	0	0	0	0	1	0	1	0	0	0	1	0	0	1	0	1	1	1	0	0	1	0	0	1	0	0	0	1	1	S
NMDC20582603	0	0	0	0	0	1	0	1	0	0	0	1	0	0	1	0	1	1	1	0	0	1	0	0	1	0	0	0	1	1	S
NMDC20582604	0	0	0	0	0	0	0	1	0	0	0	1	0	0	0	0	0	0	0	0	0	1	0	0	0	0	0	0	0	1	S
NMDC20582606	0	0	0	0	0	0	0	1	0	0	0	1	1	0	1	0	0	0	1	0	1	1	0	0	0	0	0	0	0	1	S
NMDC20582611	0	0	0	0	0	0	0	1	0	0	0	1	1	0	1	0	0	0	1	0	1	1	1	0	0	0	0	0	0	1	S
NMDC20582612	0	0	0	0	0	0	0	1	0	0	0	1	1	0	1	0	0	0	1	0	1	1	1	0	0	0	0	0	0	1	S
NMDC20582613	0	0	1	0	1	0	0	1	0	0	0	1	1	0	1	1	0	0	1	0	1	1	1	0	0	0	0	0	0	1	S
NMDC20582615	0	0	1	0	1	0	0	1	0	0	0	1	1	0	1	1	0	0	0	0	1	1	0	0	0	0	0	0	0	1	S
NMDC20582616	0	0	0	0	0	0	0	0	0	0	0	0	0	0	1	0	0	0	0	0	0	1	0	0	0	0	0	1	1	0	S
NMDC20582618	0	0	0	0	0	1	0	0	0	0	0	1	0	0	0	0	0	0	1	0	0	1	0	0	0	0	0	0	0	0	S
NMDC20582619	0	0	0	0	0	1	0	1	0	0	0	1	0	0	1	0	1	1	0	0	0	1	1	0	1	0	0	0	1	1	S
NMDC20556818	0	0	0	0	0	1	0	1	0	0	0	1	0	0	1	0	1	1	0	0	0	1	0	0	1	0	0	0	1	1	S
NMDC20550805	0	0	0	0	0	1	0	0	0	0	1	0	0	0	0	0	0	0	0	0	0	0	0	0	0	0	0	0	1	1	S
NMDC20582620	0	0	0	0	0	1	0	0	0	0	1	0	0	0	0	0	0	0	0	0	0	0	0	0	0	0	0	0	1	1	S
NMDC20582621	0	0	0	0	0	1	0	1	0	0	0	1	1	0	1	0	0	0	0	0	1	1	0	0	0	0	0	0	1	1	S
NMDC20582622	0	0	0	0	0	1	0	1	0	0	0	1	1	0	1	0	0	0	0	0	1	1	0	0	0	0	0	0	1	1	S
NMDC20552896	0	0	0	0	0	1	0	1	0	0	0	1	0	0	1	0	1	1	0	0	0	1	1	0	1	0	0	0	1	1	S
NMDC20552897	0	0	0	0	0	1	0	1	0	0	0	1	0	0	1	0	1	1	0	0	0	1	0	0	1	0	0	0	1	1	S
NMDC20582805	0	0	0	0	0	1	0	1	0	0	0	1	0	0	1	0	1	1	0	0	0	1	0	0	1	0	0	0	1	1	S
NMDC20582806	0	0	0	0	0	1	0	1	0	0	0	1	0	0	1	0	1	1	0	0	0	1	0	0	1	0	0	0	1	1	S
NMDC20554868	0	0	0	0	0	1	0	1	0	0	0	1	0	0	0	0	0	1	0	0	0	0	0	1	0	0	0	0	1	1	S
NMDC20582807	0	0	0	0	0	1	0	1	0	0	0	1	0	0	1	0	1	1	1	0	0	1	0	0	1	0	0	0	1	1	S
NMDC20582808	0	0	0	0	0	1	0	0	0	0	1	0	0	0	0	0	0	0	0	0	0	0	0	0	0	0	0	0	1	1	S
NMDC20582810	0	0	0	0	0	1	0	1	0	0	0	1	0	0	1	0	1	1	1	0	0	1	1	0	1	0	0	0	1	1	S
NMDC20556881	0	0	0	0	0	1	0	1	0	0	0	1	0	0	1	0	1	1	0	0	0	1	1	0	1	0	0	0	1	1	S
NMDC20550879	0	0	0	0	0	1	0	1	0	0	0	1	0	0	1	0	1	1	0	0	0	1	0	0	1	0	0	0	1	1	S
NMDC20582811	0	0	0	0	0	1	0	1	0	0	0	1	0	0	1	0	1	1	0	0	0	1	0	0	1	0	0	0	1	1	S
NMDC20552898	0	0	0	0	0	0	0	0	0	0	0	1	0	0	0	0	0	0	0	0	0	0	0	0	0	0	0	0	0	0	S
NMDC20556882	0	0	0	0	0	1	0	1	0	0	0	1	0	0	1	0	1	1	0	0	0	1	0	0	1	0	0	0	1	1	S
NMDC20554869	0	0	0	0	0	1	0	1	0	0	0	1	0	0	1	0	1	1	0	0	0	1	1	0	1	0	0	0	1	1	S
NMDC20554870	0	0	0	0	0	1	0	1	0	0	0	1	0	0	1	0	1	1	1	0	0	1	0	0	1	0	0	0	1	1	S
NMDC20552899	0	0	0	0	0	1	0	0	0	0	1	0	0	0	0	0	0	0	0	0	0	0	0	0	0	0	0	0	1	1	S
NMDC20556884	0	0	0	0	0	1	0	1	0	0	0	1	0	0	1	0	1	1	0	0	0	1	0	0	1	0	0	0	1	1	S
NMDC20554871	0	0	0	0	0	1	0	1	0	0	0	1	0	0	1	0	1	1	0	0	0	1	0	0	1	0	0	0	1	1	S
NMDC20556885	0	0	0	0	0	1	0	1	0	0	0	1	0	0	1	0	1	1	0	0	0	1	0	0	1	0	0	0	1	1	S
NMDC20550880	0	0	1	0	1	0	0	0	0	0	0	1	0	0	0	1	0	0	1	0	0	0	0	0	0	0	0	0	0	0	S
NMDC20582814	0	0	0	0	0	1	0	0	0	0	1	0	0	0	0	0	0	0	0	0	0	0	0	0	0	0	0	0	1	1	S
NMDC20582815	0	0	0	0	0	0	0	0	0	0	0	1	0	0	0	0	0	0	0	0	0	0	0	0	0	0	0	0	0	0	S
NMDC20556886	0	0	0	0	0	1	0	0	0	0	1	0	0	0	0	0	0	0	1	0	0	0	0	0	0	0	0	0	1	1	S
NMDC20582816	0	0	0	0	0	0	0	0	0	0	0	1	0	0	0	0	0	0	0	0	0	0	0	0	0	0	0	0	0	0	S
NMDC20582817	0	0	0	0	0	1	0	1	0	0	0	1	0	0	0	0	1	0	0	0	1	1	0	1	0	0	1	0	0	1	S
NMDC20552900	0	0	0	0	0	1	0	1	0	0	0	1	0	0	1	0	1	1	0	0	0	1	0	0	1	0	0	0	1	1	S
NMDC20550881	0	0	0	0	0	1	0	1	0	0	0	1	0	0	1	0	1	1	0	0	0	1	0	0	1	0	0	0	1	1	S
NMDC20554872	0	0	0	0	0	1	0	1	0	0	0	1	0	0	0	0	0	0	1	0	1	1	0	0	0	0	0	0	0	0	S
NMDC20550882	0	0	0	0	0	1	0	0	0	0	0	1	0	0	1	0	0	1	0	0	0	0	0	0	0	0	1	0	1	1	S
NMDC20582821	0	0	0	0	0	1	0	1	0	0	0	1	0	0	0	0	0	0	0	0	0	0	0	1	0	0	0	0	1	1	S
NMDC20550884	0	0	0	0	0	1	0	0	0	0	0	1	0	0	1	0	0	0	0	1	0	1	0	0	0	0	0	1	0	0	S
NMDC20582822	0	0	0	0	0	0	0	0	0	0	0	1	0	0	0	0	0	0	0	0	0	0	0	0	0	0	0	0	0	0	S
NMDC20554874	0	0	0	0	0	1	0	0	0	0	0	1	0	0	1	0	0	1	0	0	0	0	0	0	0	0	1	0	1	1	S
NMDC20552903	0	0	0	0	0	1	0	1	0	0	0	1	0	0	1	0	1	1	0	0	0	1	0	0	1	0	0	0	1	1	S
NMDC20582823	0	0	0	0	0	0	0	0	0	0	0	1	0	0	0	0	1	0	0	0	1	1	0	0	1	0	0	0	1	0	S
NMDC20582825	0	0	0	0	0	1	0	1	0	0	0	1	0	0	1	0	1	1	0	0	0	1	0	0	1	0	0	0	1	1	S
NMDC20556888	0	0	0	0	0	1	0	1	0	0	0	1	0	0	1	0	1	1	0	0	0	1	1	0	1	0	0	0	1	1	S
NMDC20552907	0	0	0	0	0	1	0	1	0	0	0	1	0	0	1	0	1	1	1	0	0	1	0	0	1	0	0	0	1	1	S
NMDC20582827	0	0	0	0	0	1	0	1	0	0	0	1	0	0	1	0	1	1	0	0	0	1	0	0	1	0	0	0	1	1	S
NMDC20552905	0	0	0	0	0	1	0	1	0	0	0	1	0	0	1	0	1	1	0	0	0	1	0	0	1	0	0	0	1	1	S
NMDC20556889	0	0	0	0	0	1	0	1	0	0	0	1	0	0	1	0	1	1	0	0	0	1	0	0	1	0	0	0	1	1	S
NMDC20582828	0	0	0	0	0	1	0	1	0	0	0	1	0	0	1	0	1	1	0	0	0	1	0	0	1	0	0	0	1	1	S
NMDC20550886	0	0	0	0	0	1	0	1	0	0	0	1	0	0	1	0	1	1	0	0	0	1	0	0	1	0	0	0	1	1	S
NMDC20556890	0	0	0	0	0	1	0	1	0	0	0	1	0	0	1	0	1	1	0	0	0	1	0	0	1	0	0	0	1	1	S
NMDC20582830	0	0	0	0	0	1	0	1	0	0	0	1	0	0	1	0	1	1	0	0	0	1	0	0	1	0	0	0	1	1	S
NMDC20582831	0	0	0	0	0	0	0	1	0	0	0	1	1	0	0	0	0	1	0	0	1	1	0	0	0	0	0	0	0	1	S
NMDC20556891	0	0	0	0	0	1	0	1	0	0	0	1	0	0	1	0	1	1	0	0	0	1	0	0	1	0	0	0	1	1	S
NMDC20582832	0	0	0	0	0	1	0	1	0	0	0	1	0	0	0	0	0	0	0	0	0	0	0	1	0	0	0	0	1	1	S
NMDC20582833	0	0	0	0	0	1	0	1	0	0	0	1	0	0	1	0	1	1	0	0	0	1	0	0	1	0	0	0	1	1	S
NMDC20556892	0	0	0	0	0	1	0	1	0	0	0	1	0	0	1	0	1	1	0	0	0	1	0	0	1	0	0	0	1	1	S
NMDC20552909	0	0	0	0	0	1	0	1	0	0	0	1	0	0	1	0	1	1	0	0	0	1	0	0	1	0	0	0	1	1	S
NMDC20550889	0	0	0	0	0	1	0	1	0	0	0	1	0	0	1	0	1	0	0	0	0	1	0	0	1	0	0	0	0	1	S
NMDC20550890	0	0	0	0	0	1	0	1	0	0	0	1	0	0	1	0	1	1	0	0	0	1	1	0	1	0	0	0	1	1	S
NMDC20582834	0	0	0	0	0	1	0	1	0	0	0	1	0	0	1	0	1	1	1	0	0	1	0	0	1	0	0	0	1	1	S
NMDC20550891	0	0	0	0	0	1	0	1	0	0	0	1	0	0	1	0	1	1	0	0	0	1	0	0	1	0	0	0	1	1	S
NMDC20550892	0	0	0	0	0	1	0	1	0	0	0	1	0	0	1	0	1	1	0	0	0	1	0	0	1	0	0	0	1	1	S
NMDC20582835	0	0	0	0	0	1	0	1	0	0	0	1	0	0	1	0	1	1	0	0	0	1	1	0	1	0	0	0	1	1	S
NMDC20552911	0	0	0	0	0	1	0	1	0	0	0	1	0	0	1	0	1	1	0	0	0	1	0	0	1	0	0	0	1	1	S
NMDC20550893	0	0	0	0	0	1	0	1	0	0	0	1	0	0	1	0	1	1	0	0	0	1	1	0	1	0	0	0	1	1	S
NMDC20582836	0	0	0	0	0	1	0	0	0	0	1	0	0	0	0	0	0	0	0	0	0	0	0	0	0	0	0	0	1	1	S
NMDC20582837	0	0	0	0	0	1	0	1	0	0	0	1	0	0	1	0	1	1	0	0	0	1	0	0	1	0	0	0	1	1	S
NMDC20554879	0	0	0	0	0	1	0	0	0	0	1	0	0	0	0	0	0	0	0	0	0	0	0	0	0	0	0	0	1	1	S
NMDC20554880	0	0	0	0	0	1	0	0	0	0	1	0	0	0	0	0	0	0	0	0	0	0	0	0	0	0	0	0	1	1	S
NMDC20582838	0	0	0	0	0	0	0	0	0	0	0	0	0	0	1	0	1	0	0	0	1	1	0	0	0	0	0	1	0	1	S
NMDC20554881	0	0	0	0	0	1	0	0	0	0	1	0	0	0	0	0	0	0	0	0	0	0	0	0	0	0	0	0	1	1	S
NMDC20556893	0	0	0	0	0	1	0	0	0	0	0	0	0	0	0	0	0	0	0	0	0	0	0	0	1	0	1	0	1	0	S
NMDC20552910	0	0	0	0	0	1	0	1	0	0	0	1	0	0	1	0	1	1	1	0	0	1	0	0	1	0	0	0	1	1	S
NMDC20582839	0	0	0	0	0	1	0	1	0	0	0	1	0	0	1	0	1	1	0	0	0	1	0	0	1	0	0	0	1	1	S
NMDC20552912	0	0	0	0	0	1	0	1	0	0	0	1	0	0	1	0	1	1	0	0	0	1	0	0	1	0	0	0	1	1	S
NMDC20552913	0	0	0	0	0	1	0	1	0	0	0	1	0	0	1	0	1	1	0	0	0	1	0	0	1	0	0	0	1	1	S
NMDC20550895	0	0	0	0	0	1	0	0	0	0	1	0	0	0	0	0	0	0	0	0	0	0	0	0	0	0	0	0	1	1	S
NMDC20556895	0	0	0	0	0	1	0	0	0	0	1	0	0	0	0	0	0	0	0	0	0	0	0	0	0	0	0	0	1	1	S
NMDC20552914	0	0	0	0	0	1	0	1	0	0	0	1	0	0	1	0	1	1	0	0	0	1	0	0	1	0	0	0	1	1	S
NMDC20556896	0	0	0	0	0	1	0	1	0	0	0	1	0	0	1	0	1	1	0	0	0	1	0	0	1	0	0	0	1	1	S
NMDC20552915	0	0	0	0	0	0	0	1	0	0	0	1	0	0	0	0	0	0	0	0	0	1	0	0	0	0	0	0	0	1	S
NMDC20552916	0	0	0	0	0	1	0	1	0	0	0	1	0	0	1	0	1	1	0	0	0	1	0	0	1	0	0	0	1	1	S
NMDC20550896	0	0	0	0	0	1	0	1	0	0	0	1	0	0	1	0	1	1	0	0	0	1	0	0	1	0	0	0	1	1	S
NMDC20556897	0	0	0	0	0	1	0	1	0	0	0	1	0	0	1	0	1	1	0	0	0	1	0	0	1	0	0	0	1	1	S
NMDC20552917	0	0	0	0	0	1	0	1	0	0	0	1	0	0	0	0	0	0	0	0	0	0	0	1	0	0	0	0	1	1	S
NMDC20556898	0	0	0	0	0	1	0	1	0	0	0	1	0	0	1	0	1	1	0	0	0	1	1	0	1	0	0	0	1	1	S
NMDC20554882	0	0	0	0	0	1	0	0	0	0	1	0	0	0	0	0	0	0	0	0	0	0	0	0	0	0	0	0	1	1	S
NMDC20550897	0	0	0	0	0	1	0	1	0	0	0	1	0	0	0	0	0	0	0	0	0	0	0	1	0	0	0	0	1	1	S
NMDC20550899	0	0	0	0	0	1	0	0	0	0	0	1	0	0	0	0	0	0	0	0	1	1	0	0	0	0	1	0	1	0	S
NMDC20556900	0	0	0	0	0	1	0	1	0	0	0	1	0	0	1	0	1	1	0	0	0	1	0	0	1	0	0	0	1	1	S
NMDC20552918	0	0	0	0	0	0	0	1	0	0	0	1	0	0	0	0	0	1	0	0	1	1	0	1	0	0	0	0	0	1	S
NMDC20552919	0	0	0	0	0	1	0	1	0	0	0	1	0	0	1	0	1	1	0	0	0	1	0	0	1	0	0	0	1	1	S
NMDC20550901	0	0	0	0	0	0	0	1	0	0	0	1	0	0	0	0	0	0	0	0	0	1	0	0	0	0	0	0	0	1	S
NMDC20550902	0	0	0	0	0	1	0	0	0	0	1	0	0	0	0	0	0	0	0	0	0	0	0	0	0	0	0	0	1	1	S
NMDC20556901	0	0	0	0	0	1	0	1	0	0	0	1	0	0	1	0	1	1	0	0	0	1	0	0	1	0	0	0	1	1	S
NMDC20582844	0	0	0	0	0	1	0	1	0	0	0	1	0	0	1	0	1	1	0	0	1	0	0	0	1	0	1	0	0	1	S
NMDC20556902	0	0	0	0	0	1	0	1	0	0	0	1	0	0	1	0	1	1	0	0	0	1	0	0	1	0	0	0	1	1	S
NMDC20556903	0	0	0	0	0	1	0	1	0	0	0	1	0	0	1	0	1	1	0	0	0	1	0	0	1	0	0	0	1	1	S
NMDC20582846	0	0	0	0	0	1	0	1	0	0	0	1	0	0	1	0	1	1	0	0	0	1	0	0	1	0	0	0	1	1	S
NMDC20556904	0	0	0	0	0	1	0	1	0	0	0	1	0	0	1	0	1	1	0	0	0	1	0	0	1	0	0	0	1	1	S
NMDC20556905	0	0	0	0	0	1	0	1	0	0	0	1	0	0	1	0	1	1	0	0	0	1	0	0	1	0	0	0	1	1	S
NMDC20582848	0	0	0	0	0	1	0	1	0	0	0	1	0	0	1	0	1	1	0	0	0	1	0	0	1	0	0	0	1	1	S
NMDC20582849	0	0	0	0	0	1	0	0	0	0	1	0	0	0	0	0	0	0	0	0	0	0	0	0	0	0	0	0	1	1	S
NMDC20556908	0	0	0	0	0	1	0	1	0	0	0	1	0	0	1	0	1	1	0	0	0	1	0	0	1	0	0	0	1	1	S
NMDC20556909	0	0	0	0	0	1	0	1	0	0	0	1	0	0	1	0	1	1	0	0	0	1	0	0	1	0	0	0	1	1	S
NMDC20554885	0	0	0	0	0	1	0	0	0	0	1	0	0	0	0	0	0	0	0	0	0	0	0	0	0	0	0	0	1	1	S
NMDC20582851	0	0	0	0	0	1	0	1	0	0	0	1	0	0	0	0	0	0	1	0	1	1	0	0	0	0	0	0	0	0	S
NMDC20556910	0	0	0	0	0	1	0	1	0	0	0	1	0	0	1	0	1	1	0	0	0	1	0	0	1	0	0	0	1	1	S
NMDC20556911	0	0	0	0	0	1	0	1	0	0	0	1	0	0	1	0	1	1	0	0	0	1	0	0	1	0	0	0	1	1	S
NMDC20556912	0	0	0	0	0	0	0	1	0	0	0	1	1	0	1	0	0	0	0	0	1	1	0	0	0	0	0	0	0	1	S
NMDC20550904	0	0	0	0	0	1	0	1	0	0	0	1	0	0	1	0	1	1	0	0	0	1	0	0	1	0	0	0	1	1	S
NMDC20550905	0	0	0	0	0	1	0	1	0	0	0	1	0	0	1	0	1	1	0	0	0	1	0	0	1	0	0	0	1	1	S
NMDC20552922	0	0	0	0	0	1	0	0	0	0	1	0	0	0	0	0	0	0	0	0	0	0	0	0	0	0	0	0	1	1	S
NMDC20550906	0	0	0	0	0	1	0	1	0	0	0	1	0	0	1	0	1	1	0	0	0	1	0	0	1	0	0	0	1	1	S
NMDC20550907	0	0	0	0	0	1	0	1	0	0	0	1	0	0	1	0	1	1	0	0	0	1	0	0	1	0	0	0	1	1	S
NMDC20552923	0	0	0	0	0	1	0	1	0	0	0	1	0	0	1	0	1	1	0	0	0	1	0	0	1	0	0	0	1	1	S
NMDC20550908	0	0	0	0	0	1	0	1	0	0	0	1	0	0	1	0	1	1	0	0	0	1	0	0	1	0	0	0	1	1	S
NMDC20556913	0	0	0	0	0	1	0	0	0	0	1	0	0	0	0	0	0	0	0	0	0	0	0	0	0	0	0	0	1	1	S
NMDC20550909	0	0	0	0	0	1	0	1	0	0	0	1	0	0	1	0	1	1	0	0	0	1	0	0	1	0	0	0	1	1	S
NMDC20550910	0	0	0	0	0	1	0	1	0	0	0	1	0	0	1	0	1	1	0	0	0	1	0	0	1	0	0	0	1	1	S
NMDC20552924	0	0	0	0	0	0	0	0	0	0	0	1	0	0	0	0	1	0	1	0	1	1	0	0	1	0	0	0	1	0	S
NMDC20582856	0	0	0	0	0	1	0	1	0	0	0	1	0	0	0	0	0	0	0	0	0	0	0	1	0	0	0	0	1	1	S
NMDC20554887	0	0	0	0	0	1	0	0	0	0	1	0	0	0	0	0	0	0	0	0	0	0	0	0	0	0	0	0	1	1	S
NMDC20582858	0	0	0	0	0	1	0	1	0	0	0	1	0	0	0	0	0	0	0	0	0	0	0	1	0	0	0	0	1	1	S
NMDC20554888	0	0	1	0	1	0	0	0	0	0	0	0	0	0	1	1	0	0	1	0	0	1	0	0	0	0	0	1	1	0	S
NMDC20552926	0	0	0	0	0	0	0	0	0	0	0	1	0	0	0	0	1	0	0	0	1	1	0	0	1	0	0	0	1	0	S
NMDC20550911	0	0	0	0	0	1	0	1	0	0	0	1	0	0	1	0	1	1	0	0	0	1	0	0	1	0	0	0	1	1	S
NMDC20582859	0	0	0	0	0	1	0	0	0	0	1	0	0	0	0	0	0	0	0	0	0	0	0	0	0	0	0	0	1	1	S
NMDC20582860	0	0	0	0	0	0	0	0	0	0	0	1	0	0	0	0	0	0	0	0	1	1	0	0	0	0	1	0	1	1	S
NMDC20552927	0	0	0	0	0	0	0	1	0	0	1	1	1	0	0	0	0	0	0	0	0	1	0	0	0	0	0	0	0	1	S
NMDC20554889	0	0	0	0	0	0	0	0	0	0	0	0	1	0	0	0	1	0	0	0	1	1	0	0	0	0	1	0	0	1	S
NMDC20582861	0	0	0	0	0	1	0	1	0	0	0	1	0	0	1	0	1	1	0	0	0	1	0	0	1	0	0	0	1	1	S
NMDC20550913	0	0	0	0	0	1	0	1	0	0	0	1	0	0	1	0	1	1	0	0	0	1	0	0	1	0	0	0	1	1	S
NMDC20552928	0	0	0	0	0	1	0	1	0	0	0	1	0	0	1	0	1	1	0	0	0	1	0	0	1	0	0	0	1	1	S
NMDC20582862	0	0	0	0	0	1	0	1	0	0	0	1	0	0	0	0	0	0	0	0	0	0	0	1	0	0	0	0	1	1	S
NMDC20556915	0	0	0	0	0	1	0	1	0	0	0	1	0	0	1	0	1	1	0	0	0	1	0	0	1	0	0	0	1	1	S
NMDC20554890	0	0	0	0	0	1	0	1	0	0	0	1	0	0	1	0	1	1	0	0	0	1	0	0	1	0	0	0	1	1	S
NMDC20582864	0	0	0	0	0	1	0	1	0	0	0	1	0	0	1	0	1	1	0	0	0	1	0	0	1	0	0	0	1	1	S
NMDC20554892	0	0	0	0	0	1	0	0	0	0	1	0	0	0	0	0	0	0	0	0	0	0	0	0	0	0	0	0	1	1	S
NMDC20550915	0	0	0	0	0	1	0	0	0	0	1	0	0	0	0	0	0	0	0	0	0	0	0	0	0	0	0	0	1	1	S
NMDC20582865	0	0	0	0	0	1	0	1	0	0	0	1	0	0	1	0	1	1	0	0	0	1	0	0	1	0	0	0	1	1	S
NMDC20550916	0	0	0	0	0	1	0	1	0	0	0	1	0	0	1	0	1	1	0	0	0	1	0	0	1	0	0	0	1	1	S
NMDC20554893	0	0	0	0	0	1	0	1	0	0	0	1	0	0	1	0	1	1	1	0	0	1	0	0	1	0	0	0	1	1	S
NMDC20552930	0	0	0	0	0	0	0	0	0	0	0	1	0	0	0	0	1	0	0	0	1	1	0	0	1	0	0	0	1	0	S
NMDC20552931	0	0	1	0	1	0	0	0	0	0	0	1	0	0	0	1	0	0	1	0	0	0	0	0	0	0	0	0	0	0	S
NMDC20554894	0	0	0	0	0	0	0	0	0	0	0	1	0	0	0	0	0	0	0	0	0	0	0	0	0	0	0	0	0	0	S
NMDC20582868	0	0	0	0	0	1	0	1	0	0	0	1	0	0	1	0	1	1	0	0	0	1	0	0	1	0	0	0	1	1	S
NMDC20552933	0	0	1	0	1	0	0	0	0	0	0	1	0	0	0	1	0	0	1	0	0	0	0	0	0	0	0	0	0	0	S
NMDC20550917	0	0	0	0	0	0	0	0	0	0	0	0	0	0	0	0	1	1	0	1	0	0	0	1	0	0	0	0	0	0	S
NMDC20550918	0	0	0	0	0	0	0	0	0	0	0	1	0	0	0	0	1	0	0	0	1	1	0	0	1	0	0	0	1	0	S
NMDC20582869	0	0	0	0	0	1	0	1	0	0	0	1	0	0	1	0	1	1	1	0	0	1	0	0	1	0	0	0	1	1	S
NMDC20582871	0	0	0	0	0	1	0	1	0	0	0	1	0	0	1	0	1	1	0	0	0	1	0	0	1	0	0	0	1	1	S
NMDC20554895	0	0	0	0	0	1	0	1	0	0	0	1	0	0	1	0	1	1	0	0	0	1	0	0	1	0	0	0	1	1	S
NMDC20554896	0	0	0	0	0	1	0	1	0	0	0	1	0	0	1	0	1	1	0	0	0	1	0	0	1	0	0	0	1	1	S
NMDC20556919	0	0	0	0	0	0	0	0	0	0	0	1	0	0	0	0	1	0	0	0	1	1	0	0	1	0	0	0	1	0	S
NMDC20582873	0	0	0	0	0	1	0	1	0	0	0	1	0	0	1	0	1	1	1	0	0	1	0	0	1	0	0	0	1	1	S
NMDC20554897	0	0	0	0	0	1	0	1	0	0	0	1	0	0	1	0	1	1	0	0	0	1	0	0	1	0	0	0	1	1	S
NMDC20582874	0	0	0	0	0	1	0	1	0	0	0	1	0	0	1	0	1	1	0	0	0	1	0	0	1	0	0	0	1	1	S
NMDC20582875	0	0	0	0	0	1	0	1	0	0	0	1	0	0	1	0	1	1	0	0	0	1	1	0	1	0	0	0	1	1	S
NMDC20554898	0	0	0	0	0	1	0	1	0	0	0	1	0	0	1	0	1	1	1	0	0	1	0	0	1	0	0	0	1	1	S
NMDC20554899	0	0	0	0	0	1	0	1	0	0	0	1	0	0	1	0	1	1	0	0	0	1	0	0	1	0	0	0	1	1	S
NMDC20582876	0	0	0	0	0	1	0	1	0	0	0	1	0	0	1	0	1	1	0	0	0	1	0	0	1	0	0	0	1	1	S
NMDC20582877	0	0	0	0	0	1	0	1	0	0	0	1	0	0	0	0	0	0	0	0	0	0	0	1	0	0	0	0	1	1	S
NMDC20582878	0	0	0	0	0	1	0	1	0	0	0	1	0	0	0	0	0	0	0	0	0	0	0	1	0	0	0	0	1	1	S
NMDC20554900	0	0	0	0	0	1	0	1	0	0	0	1	0	0	0	0	0	0	0	0	0	0	0	1	0	0	0	0	1	1	S
NMDC20582879	0	0	0	0	0	1	0	1	0	0	0	1	0	0	1	0	1	1	1	0	0	1	0	0	1	0	0	0	1	1	S
NMDC20582880	0	0	0	0	0	1	0	0	0	0	1	0	0	0	0	0	0	0	0	0	0	0	0	0	0	0	0	0	1	1	S
NMDC20552937	1	0	0	0	0	1	0	1	0	0	0	1	0	0	1	0	1	1	0	0	0	1	0	0	1	0	0	0	1	1	S
NMDC20552938	0	0	1	0	1	0	0	0	0	0	0	1	0	0	0	1	0	0	1	0	0	0	0	0	0	0	0	0	0	0	S
NMDC20582881	0	0	0	0	0	1	0	1	0	0	0	1	0	0	1	0	1	1	0	0	0	1	0	0	1	0	0	0	1	1	S
NMDC20552939	0	0	1	0	1	1	0	1	0	0	0	1	0	0	1	1	1	1	1	0	0	1	0	0	1	0	0	0	1	1	S
NMDC20552940	0	0	0	0	0	1	0	1	0	0	0	1	0	0	1	0	1	1	0	0	0	1	0	0	1	0	0	0	1	1	S
NMDC20552941	0	0	0	0	0	1	0	1	0	0	0	1	0	0	1	0	1	1	0	0	0	1	0	0	1	0	0	0	1	1	S
NMDC20550920	0	0	0	0	0	1	0	0	0	0	1	0	0	0	0	0	0	0	0	0	0	0	0	0	0	0	0	0	1	1	S
NMDC20554902	0	0	0	0	0	0	0	0	0	0	0	1	0	0	0	0	0	0	0	0	0	0	0	0	0	0	0	0	0	0	S
NMDC20552942	0	0	0	0	0	1	0	0	0	0	1	0	0	0	0	0	0	0	0	0	0	0	0	0	0	0	0	0	1	1	S
NMDC20582885	0	0	0	0	0	1	0	1	0	0	0	1	1	0	1	0	0	0	0	0	1	1	1	0	0	0	0	0	1	1	S
NMDC20582886	0	0	0	0	0	0	0	0	0	0	0	0	0	0	0	0	1	1	0	1	0	0	0	1	0	0	0	0	0	0	S
NMDC20582887	0	0	0	0	0	1	0	1	0	0	0	1	0	0	0	0	0	0	1	0	1	1	0	0	0	0	0	0	0	0	S
NMDC20582888	0	0	0	0	0	1	0	0	0	0	1	0	0	0	0	0	0	0	0	0	0	0	0	0	0	0	0	0	1	1	S
NMDC20582889	0	0	0	0	0	1	0	0	0	0	1	0	0	0	0	0	0	0	0	0	0	0	0	0	0	0	0	0	1	1	S
NMDC20582890	0	0	0	0	0	1	0	0	0	0	1	0	0	0	0	0	0	0	0	0	0	0	0	0	0	0	0	0	1	1	S
NMDC20582892	0	0	0	0	0	1	0	0	0	0	1	0	0	0	0	0	0	0	0	0	0	0	0	0	0	0	0	0	1	1	S
NMDC20582893	0	0	0	0	0	1	0	1	0	0	0	1	0	0	0	0	0	0	0	0	1	1	0	0	0	0	0	0	0	0	S
NMDC20582894	0	0	0	0	0	1	0	1	0	0	0	1	0	0	1	0	1	1	0	0	0	1	0	0	1	0	0	0	1	1	S
NMDC20582895	0	0	0	0	0	0	0	0	0	0	0	1	0	0	0	0	0	0	0	0	0	0	0	0	0	0	0	0	0	0	S
NMDC20582897	0	0	0	0	0	0	0	0	0	0	0	1	0	0	0	0	0	0	0	0	0	0	0	0	0	0	0	0	0	0	S
NMDC20582899	0	0	0	0	0	1	0	1	0	0	0	1	1	0	1	0	0	0	0	0	1	1	0	0	0	0	0	0	1	1	S
NMDC20582905	0	0	0	0	0	1	0	0	0	0	0	0	0	0	1	0	0	1	0	0	1	1	0	0	0	0	0	0	0	1	S
NMDC20582906	0	0	0	0	0	0	0	0	0	0	0	0	0	0	0	0	0	0	0	0	0	1	0	0	0	0	0	0	1	0	S
NMDC20582907	0	0	0	0	0	0	0	0	0	0	0	0	0	0	1	0	1	0	0	0	1	1	0	0	0	0	0	1	0	1	S
NMDC20582908	0	0	0	0	0	1	0	0	0	0	1	0	0	0	0	0	0	0	0	0	0	0	0	0	0	0	0	0	1	1	S
NMDC20582910	0	0	0	0	0	1	0	0	0	0	1	0	0	0	0	0	0	0	0	0	0	0	0	0	0	0	0	0	1	1	S
NMDC20582911	0	0	0	0	0	1	0	1	0	0	0	1	0	0	1	0	1	1	1	0	0	1	0	0	1	0	0	0	1	1	S
NMDC20582912	0	0	0	0	0	1	0	0	0	0	1	0	0	0	0	0	0	0	0	0	0	0	0	0	0	0	0	0	1	1	S
NMDC20553111	0	0	0	0	0	1	0	1	0	0	0	1	0	0	1	0	1	1	0	0	0	1	0	0	1	0	0	0	1	1	S
NMDC20557090	0	0	0	0	0	0	0	0	0	0	1	0	0	0	0	0	0	0	0	0	1	1	0	0	0	0	1	0	1	1	S
NMDC20553113	0	0	0	0	0	1	0	0	0	0	0	1	0	0	0	0	0	0	1	0	1	1	0	0	0	0	1	0	1	0	S
NMDC20557091	0	0	0	0	0	1	0	0	0	0	0	1	0	0	0	0	0	0	1	0	1	1	0	0	0	0	1	0	1	0	S
NMDC20557092	0	0	0	0	0	0	0	1	0	0	0	1	1	0	1	0	0	0	0	0	1	1	1	0	0	0	0	0	0	1	S
NMDC20551078	0	0	0	0	0	1	0	1	0	0	0	1	0	0	1	0	1	1	0	0	0	1	0	0	1	0	0	0	1	1	S
NMDC20553114	0	0	0	0	0	1	0	0	0	0	1	0	0	0	0	0	0	0	0	0	0	0	0	0	0	0	0	0	1	1	S
NMDC20555077	0	0	0	0	0	1	0	0	0	0	1	0	0	0	0	0	0	0	0	0	0	0	0	0	0	0	0	0	1	1	S
NMDC20583322	0	0	0	0	0	1	0	0	0	0	1	0	0	0	0	0	0	0	0	0	0	0	0	0	0	0	0	0	1	1	S
NMDC20583323	0	0	0	0	0	1	0	0	0	0	1	0	0	0	0	0	0	0	0	0	0	0	0	0	0	0	0	0	1	1	S
NMDC20583326	0	0	0	0	0	1	0	1	0	0	0	1	0	0	1	0	1	1	0	0	0	1	0	0	1	0	0	0	1	1	S
NMDC20583327	0	0	0	0	0	1	0	1	0	0	0	1	0	0	1	0	1	1	0	0	0	1	0	0	1	0	0	0	1	1	S
NMDC20583328	0	0	0	0	0	1	0	1	0	0	0	1	0	0	1	0	1	1	0	0	0	1	0	0	1	0	0	0	1	1	S
NMDC20583329	0	0	0	0	0	1	0	1	0	0	0	1	0	0	1	0	1	1	0	0	0	1	0	0	1	0	0	0	1	1	S
NMDC20583330	0	0	0	0	0	0	0	0	0	0	0	1	0	0	0	0	1	0	0	0	1	1	0	0	1	0	0	0	1	0	S
NMDC20583331	0	0	0	0	0	1	0	0	0	0	1	0	0	0	0	0	0	0	0	0	0	0	0	0	0	0	0	0	1	1	S
NMDC20583332	0	0	0	0	0	1	0	0	0	0	1	0	0	0	0	0	0	0	0	0	0	0	0	0	0	0	0	0	1	1	S
NMDC20583333	0	0	0	0	0	1	0	0	0	0	1	0	0	0	0	0	0	0	0	0	0	0	0	0	0	0	0	0	1	1	S
NMDC20583335	0	0	0	0	0	1	0	1	0	0	0	1	0	0	0	0	0	0	0	0	1	1	0	0	0	0	0	0	0	0	S
NMDC20583336	0	0	0	0	0	1	0	1	0	0	0	1	0	0	0	0	0	0	0	0	0	0	0	1	0	0	0	0	1	1	S
NMDC20583337	0	0	0	0	0	0	0	0	0	0	0	0	0	0	1	0	0	0	0	0	0	1	0	0	0	0	0	1	1	0	S
NMDC20583338	0	0	0	0	0	1	0	0	0	0	0	0	0	0	0	0	0	0	0	0	1	1	0	0	0	0	0	0	0	0	S
NMDC20583339	0	0	0	0	0	0	0	0	0	0	0	1	0	0	0	0	0	0	0	0	0	0	0	0	0	0	0	0	0	0	S
NMDC20583340	0	0	0	0	0	1	0	1	0	0	0	1	0	0	0	0	0	0	1	0	1	1	0	0	0	0	0	0	0	0	S
NMDC20583341	0	0	0	0	0	0	0	1	0	0	0	1	0	0	0	0	0	0	1	0	0	1	1	0	0	0	0	0	0	1	S
NMDC20583342	0	0	0	0	0	1	0	0	0	0	0	0	0	0	0	0	0	0	0	0	1	1	0	0	0	0	0	0	0	0	S
NMDC20583343	0	0	0	0	0	1	0	0	0	0	0	1	0	0	0	0	0	0	1	0	0	1	1	0	0	0	0	0	0	0	S
NMDC20583344	0	0	0	0	0	0	0	0	0	0	0	1	0	0	0	0	1	0	0	0	1	1	0	0	1	0	0	0	1	0	S
NMDC20583345	0	0	0	0	0	1	0	1	0	0	0	1	0	0	0	0	0	0	0	0	1	1	0	0	0	0	0	0	0	0	S
NMDC20583346	0	0	0	0	0	0	0	1	0	0	0	1	1	0	1	0	0	0	0	0	1	1	1	0	0	0	0	0	0	1	S
NMDC20583347	0	0	0	0	0	1	0	0	0	0	0	0	0	0	0	0	0	0	0	0	1	1	0	0	0	0	0	0	0	0	S
NMDC20583348	0	0	0	0	0	0	0	0	0	0	0	1	0	0	0	0	0	0	0	0	1	1	0	0	0	0	1	0	1	1	S
NMDC20583349	0	0	0	0	0	1	0	1	0	0	0	1	0	0	0	0	0	0	1	0	1	1	0	0	0	0	0	0	0	0	S
NMDC20583351	0	0	0	0	0	1	0	0	0	0	0	0	0	0	1	0	0	1	1	0	1	1	0	0	0	0	0	0	0	1	S
NMDC20583352	0	0	0	0	0	1	0	1	0	0	0	1	0	0	1	0	1	1	0	0	0	1	0	0	1	0	0	0	1	1	S
NMDC20584428	0	0	0	0	0	0	0	0	0	0	0	0	0	0	1	0	1	0	0	0	1	1	0	0	0	0	0	1	0	1	S
NMDC20584430	0	0	0	0	0	1	0	0	0	0	1	1	0	0	0	0	1	0	0	0	0	1	0	0	1	0	0	0	0	0	S
NMDC20584431	0	0	0	0	0	1	0	0	0	0	1	0	0	0	0	0	0	0	0	0	0	0	0	0	0	0	0	0	1	1	S
NMDC20584432	0	0	0	0	0	1	0	1	0	0	0	1	0	0	1	0	1	1	0	0	0	1	0	0	1	0	0	0	1	1	S
NMDC20584433	0	0	0	0	0	1	0	1	0	0	0	1	0	0	1	0	1	1	0	0	0	1	0	0	1	0	0	0	1	1	S
NMDC20584434	0	0	0	0	0	0	0	0	0	0	0	1	0	0	0	0	1	1	0	0	0	0	0	0	1	0	0	0	0	1	S
NMDC20584435	0	0	0	0	0	1	0	1	0	0	0	1	0	0	1	0	1	1	0	0	0	1	0	0	1	0	0	0	1	1	S
NMDC20584437	0	0	0	0	0	1	0	0	0	0	1	0	0	0	0	0	0	0	0	0	0	0	0	0	0	0	0	0	1	1	S
NMDC20584438	0	0	0	0	0	1	0	1	0	0	0	1	0	0	1	0	1	1	0	0	0	1	0	0	1	0	0	0	1	1	S
NMDC20584439	0	0	0	0	0	1	0	0	0	0	1	0	0	0	0	0	0	0	0	0	0	0	0	0	0	0	0	0	1	1	S
NMDC20584440	0	0	0	0	0	1	0	0	0	0	1	0	0	0	0	0	0	0	0	0	0	0	0	0	0	0	0	0	1	1	S
NMDC20584441	0	0	0	0	0	1	0	0	0	0	1	0	0	0	0	0	0	0	0	0	0	0	0	0	0	0	0	0	1	1	S
NMDC20584442	0	0	0	0	0	0	0	0	0	0	0	1	0	0	0	0	0	0	0	0	0	0	0	0	0	0	0	0	0	0	S
NMDC20584443	0	0	0	0	0	1	0	0	0	0	1	0	0	0	0	0	0	0	0	0	0	0	0	0	0	0	0	0	1	1	S
NMDC20584444	0	0	0	0	0	0	0	0	0	0	0	0	0	0	1	0	1	0	0	0	1	1	0	0	0	0	0	1	0	1	S
NMDC20584447	0	0	0	0	0	1	0	0	0	0	0	0	0	0	0	0	0	0	0	0	1	1	0	0	0	0	0	0	0	0	S
NMDC20584448	0	0	0	0	0	1	0	0	0	0	0	0	0	0	0	0	0	0	0	0	1	1	0	0	0	0	0	0	0	0	S
NMDC20584450	0	0	0	0	0	1	0	0	0	0	0	0	0	0	0	0	0	0	0	0	1	1	0	0	0	0	0	0	0	0	S
NMDC20584452	0	0	0	0	0	1	0	0	0	0	0	0	0	0	0	0	0	0	0	0	1	1	0	0	0	0	0	0	0	0	S
NMDC20584454	0	0	0	0	0	0	0	1	0	0	0	1	1	0	1	0	0	0	0	0	1	1	0	0	0	0	0	0	0	1	S
NMDC20584455	0	0	0	0	0	1	0	0	0	0	0	0	0	0	0	0	0	0	0	0	1	1	0	0	0	0	0	0	0	0	S
NMDC20584457	0	0	0	0	0	1	0	1	0	0	0	1	1	0	1	0	0	0	0	0	1	1	1	0	0	0	0	0	1	1	S
NMDC20584458	0	0	0	0	0	1	0	0	0	0	0	0	0	0	0	0	0	0	0	0	1	1	0	0	0	0	0	0	0	0	S
NMDC20584459	0	0	0	0	0	1	0	0	0	0	0	0	0	0	0	0	0	0	0	0	1	1	0	0	0	0	0	0	0	0	S
NMDC20584461	0	0	0	0	0	1	0	1	0	0	0	1	0	0	0	0	0	0	0	0	1	1	0	0	0	0	0	0	0	0	S
NMDC20584463	0	0	0	0	0	1	0	0	0	0	0	0	0	0	0	0	0	0	0	0	1	1	0	0	0	0	0	0	0	0	S
NMDC20584464	0	0	0	0	0	0	0	0	0	0	0	1	0	0	0	0	0	0	0	0	0	0	1	0	0	0	0	0	0	1	S
NMDC20584466	0	0	0	0	0	1	0	0	0	0	0	0	0	0	0	0	0	0	0	0	1	1	0	0	0	0	0	0	0	0	S
NMDC20584469	0	0	0	0	0	1	0	0	0	0	0	0	0	0	0	0	0	0	0	0	1	1	0	0	0	0	0	0	0	0	S
NMDC20584470	0	0	0	0	0	0	0	0	0	0	0	1	0	0	0	0	1	0	0	1	1	1	0	1	0	0	0	0	1	0	S
NMDC20584471	0	0	0	0	0	0	0	0	0	0	0	1	0	0	0	0	1	0	0	1	1	1	0	1	0	0	0	0	1	0	S
NMDC20584473	0	0	0	0	0	1	0	0	0	0	0	0	0	0	0	0	0	0	0	0	1	1	0	0	0	0	0	0	0	0	S
NMDC20584474	0	0	0	0	0	1	0	0	0	0	0	0	0	0	0	0	0	0	0	0	1	1	0	0	0	0	0	0	0	0	S
NMDC20584475	0	0	0	0	0	1	0	0	0	0	0	0	0	0	0	0	0	0	0	0	1	1	0	0	0	0	0	0	0	0	S
NMDC20584480	0	0	0	0	0	1	0	0	0	0	0	0	0	0	0	0	0	0	0	0	1	1	0	0	0	0	0	0	0	0	S
NMDC20584481	0	0	0	0	0	1	0	0	0	0	0	0	0	0	0	0	0	0	0	0	1	1	0	0	0	0	0	0	0	0	S
NMDC20584482	0	0	0	0	0	1	0	0	0	0	0	0	0	0	0	0	0	0	0	0	1	1	0	0	0	0	0	0	0	0	S
NMDC20584483	0	0	0	0	0	1	0	0	0	0	0	0	0	0	0	0	0	0	0	0	1	1	0	0	0	0	0	0	0	0	S
NMDC20584485	0	0	0	0	0	1	0	0	0	0	0	0	0	0	0	0	0	0	0	0	1	1	0	0	0	0	0	0	0	0	S
NMDC20584489	0	0	0	0	0	1	0	0	0	0	0	0	0	0	0	0	0	0	0	0	1	1	0	0	0	0	0	0	0	0	S
NMDC20584490	0	0	0	0	0	1	0	0	0	0	0	0	0	0	0	0	0	0	0	0	1	1	0	0	0	0	0	0	0	0	S
NMDC20584492	0	0	0	0	0	1	0	0	0	0	0	0	0	0	0	0	0	0	0	0	1	1	0	0	0	0	0	0	0	0	S
NMDC20584493	0	0	0	0	0	1	0	0	0	0	0	0	0	0	0	0	0	0	0	0	1	1	0	0	0	0	0	0	0	0	S
NMDC20584495	0	0	0	0	0	1	0	0	0	0	0	0	0	0	0	0	0	0	0	0	1	1	0	0	0	0	0	0	0	0	S
NMDC20584496	1	0	1	0	0	0	0	0	0	0	0	0	0	0	0	1	0	1	0	0	0	1	0	0	0	0	0	0	0	1	S
NMDC20584499	0	0	0	0	0	1	0	0	0	0	0	0	0	0	0	0	0	0	0	0	1	1	0	0	0	0	0	0	0	0	S
NMDC20584501	0	0	0	0	0	0	0	1	0	0	0	1	0	0	0	0	0	0	1	0	0	1	1	0	0	0	0	0	0	1	S
NMDC20584503	0	0	0	0	0	1	0	0	0	0	0	0	0	0	0	0	0	0	0	0	1	1	0	0	0	0	0	0	0	0	S
NMDC20584506	0	0	0	0	0	1	0	0	0	0	0	0	0	0	0	0	0	0	0	0	1	1	0	0	0	0	0	0	0	0	S
NMDC20584507	0	0	0	0	0	1	0	0	0	0	0	0	0	0	0	0	0	0	0	0	1	1	0	0	0	0	0	0	0	0	S
NMDC20584509	0	0	0	0	0	1	0	0	0	0	0	0	0	0	0	0	0	0	0	0	1	1	0	0	0	0	0	0	0	0	S
NMDC20584510	0	0	0	0	0	1	0	0	0	0	0	0	0	0	0	0	0	0	0	0	1	1	0	0	0	0	0	0	0	0	S
NMDC20584511	0	0	0	0	0	0	0	0	0	0	0	1	0	0	0	0	0	0	0	0	0	0	0	0	0	0	0	0	0	1	S
NMDC20584512	0	0	0	0	0	0	0	0	0	0	0	1	0	0	0	0	0	0	0	0	0	0	1	0	0	0	0	0	0	1	S
NMDC20584513	0	0	0	0	0	0	0	0	0	0	0	1	0	0	0	0	0	0	0	0	0	0	1	0	0	0	0	0	0	1	S
NMDC20584515	0	0	0	0	0	1	0	0	0	0	1	0	0	0	0	0	0	0	0	0	0	0	0	0	0	0	0	0	1	1	S
NMDC20584518	0	0	0	0	0	1	0	0	0	0	1	0	0	0	0	0	0	0	0	0	0	0	0	0	0	0	0	0	1	1	S
NMDC20584519	0	0	0	0	0	1	0	0	0	0	1	0	0	0	0	0	0	0	0	0	0	0	0	0	0	0	0	0	1	1	S
NMDC20584523	0	0	0	0	0	1	0	0	0	0	1	0	0	0	0	0	0	0	0	0	0	0	0	0	0	0	0	0	1	1	S
NMDC20584524	0	0	0	0	0	1	0	1	0	0	0	1	0	0	1	0	1	1	0	0	0	1	0	0	1	0	0	0	1	1	S
NMDC20584525	0	0	0	0	0	1	0	0	0	0	1	0	0	0	0	0	0	0	0	0	0	0	0	0	0	0	0	0	1	1	S
NMDC20584527	0	0	0	0	0	1	0	1	0	0	0	1	0	0	0	0	0	0	0	0	1	1	0	0	0	0	0	0	0	0	S
NMDC20584535	0	0	0	0	0	1	0	0	0	0	1	0	0	0	0	0	0	0	0	0	0	0	0	0	0	0	0	0	1	1	S
NMDC20584537	0	0	0	0	0	1	0	0	0	0	1	0	0	0	0	0	0	0	0	0	0	0	0	0	0	0	0	0	1	1	S
NMDC20584540	0	0	0	0	0	1	0	0	0	0	1	0	0	0	0	0	0	0	0	0	0	0	0	0	0	0	0	0	1	1	S
NMDC20584548	0	0	0	0	0	1	1	0	0	0	1	1	0	0	1	0	0	1	0	0	0	0	1	0	0	0	1	0	1	1	S
NMDC20584550	0	0	0	0	0	1	1	0	0	0	1	1	0	0	1	0	0	1	0	0	0	0	0	0	0	0	1	0	1	1	S
NMDC20584555	0	0	0	0	0	1	1	0	0	0	1	1	0	0	1	0	0	1	0	0	0	0	1	0	0	0	1	0	1	1	S
NMDC20584556	0	0	0	0	0	1	0	0	0	0	1	0	0	0	0	0	0	0	0	0	0	0	0	0	0	0	0	0	1	1	S
NMDC20584557	0	0	0	0	0	1	1	0	0	0	1	1	0	0	1	0	0	1	0	0	0	0	1	0	0	0	1	0	1	1	S
NMDC20584562	0	0	0	0	0	1	1	0	0	0	1	1	0	0	1	0	0	1	0	0	0	0	1	0	0	0	1	0	1	1	S
NMDC20584576	0	0	0	0	0	1	1	0	0	0	1	1	0	0	1	0	0	1	0	0	0	0	0	0	0	0	1	0	1	1	S
NMDC20584577	0	0	0	0	0	1	1	0	0	0	1	1	0	0	1	0	0	1	0	0	0	0	1	0	0	0	1	0	1	1	S
NMDC20584579	0	0	0	0	0	1	0	0	0	0	0	1	0	0	0	0	0	0	1	0	0	1	1	0	0	0	0	0	0	0	S
NMDC20584581	0	0	0	0	0	1	1	0	0	0	1	1	0	0	1	0	0	1	0	0	0	0	1	0	0	0	1	0	1	1	S
NMDC20584582	0	0	0	0	0	1	1	0	0	0	1	1	0	0	1	0	0	1	0	0	0	0	1	0	0	0	1	0	1	1	S
NMDC20584583	0	0	0	0	0	1	0	0	0	0	1	0	0	0	0	0	0	0	0	0	0	0	0	0	0	0	0	0	1	1	S
NMDC20584585	0	0	0	0	0	1	1	0	0	0	1	1	0	0	1	0	0	1	0	0	0	0	1	0	0	0	1	0	1	1	S
NMDC20584586	0	0	0	0	0	1	1	0	0	0	1	1	0	0	1	0	0	1	0	0	0	0	1	0	0	0	1	0	1	1	S
NMDC20584587	0	0	0	0	0	1	0	0	0	0	1	0	0	0	0	0	0	0	0	0	0	0	0	0	0	0	0	0	1	1	S
NMDC20584590	0	0	0	0	0	1	0	0	0	0	1	0	0	0	0	0	0	0	0	0	0	0	0	0	0	0	0	0	1	1	S
NMDC20584593	0	0	0	0	0	1	1	0	0	0	1	1	0	0	1	0	0	1	0	0	0	0	1	0	0	0	1	0	1	1	S
NMDC20584594	0	0	0	0	0	1	0	0	0	0	1	0	0	0	0	0	0	0	0	0	0	0	0	0	0	0	0	0	1	1	S
NMDC20584595	0	0	0	0	0	1	1	0	0	0	1	1	0	0	1	0	0	1	0	0	0	0	1	0	0	0	1	0	1	1	S
NMDC20584596	0	0	0	0	0	1	1	0	0	0	1	1	0	0	1	0	0	1	0	0	0	0	1	0	0	0	1	0	1	1	S
NMDC20584597	0	0	0	0	0	1	0	0	0	0	1	0	0	0	0	0	0	0	0	0	0	0	0	0	0	0	0	0	1	1	S
NMDC20584598	0	0	0	0	0	1	0	0	0	0	1	0	0	0	0	0	0	0	0	0	0	0	0	0	0	0	0	0	1	1	S
NMDC20584600	0	0	0	0	0	1	0	0	0	0	1	0	0	0	0	0	0	0	0	0	0	0	0	0	0	0	0	0	1	1	S
NMDC20584602	0	0	0	0	0	1	1	0	0	0	1	1	0	0	1	0	0	1	0	0	0	0	1	0	0	0	1	0	1	1	S
NMDC20584603	0	0	0	0	0	1	0	0	0	0	1	0	0	0	0	0	0	0	0	0	0	0	0	0	0	0	0	0	1	1	S
NMDC20584605	0	0	0	0	0	1	1	0	0	0	1	1	0	0	1	0	0	1	0	0	0	0	1	0	0	0	1	0	1	1	S
NMDC20584609	0	0	0	0	0	1	1	0	0	0	1	1	0	0	1	0	0	1	0	0	0	0	1	0	0	0	1	0	1	1	S
NMDC20584612	0	0	0	0	0	1	1	0	0	0	1	1	0	0	1	0	0	1	0	0	0	0	1	0	0	0	1	0	1	1	S
NMDC20584616	0	0	0	0	0	1	1	0	0	0	1	1	0	0	1	0	0	1	0	0	0	0	1	0	0	0	1	0	1	1	S
NMDC20584617	0	0	0	0	0	1	1	0	0	0	1	1	0	0	1	0	0	1	0	0	0	0	0	0	0	0	1	0	1	1	S
NMDC20584619	0	0	0	0	0	1	1	0	0	0	1	1	0	0	1	0	0	1	0	0	0	0	1	0	0	0	1	0	1	1	S
NMDC20584621	0	0	0	0	0	1	1	0	0	0	1	1	0	0	1	0	0	1	0	0	0	0	1	0	0	0	1	0	1	1	S
NMDC20584623	0	0	0	0	0	1	1	0	0	0	1	1	0	0	1	0	0	1	0	0	0	0	1	0	0	0	1	0	1	1	S
NMDC20584624	0	0	0	0	0	1	1	0	0	0	1	1	0	0	1	0	0	1	0	0	0	0	1	0	0	0	1	0	1	1	S
NMDC20584625	0	0	0	0	0	1	1	0	0	0	1	1	0	0	1	0	0	1	0	0	0	0	1	0	0	0	1	0	1	1	S
NMDC20584627	0	0	0	0	0	1	1	0	0	0	1	1	0	0	1	0	0	1	0	0	0	0	1	0	0	0	1	0	1	1	S
NMDC20584629	0	0	0	0	0	1	0	0	0	0	1	0	0	0	0	0	0	0	0	0	0	0	0	0	0	0	0	0	1	1	S
NMDC20584631	0	0	0	0	0	1	0	0	0	0	1	0	0	0	0	0	0	0	0	0	0	0	0	0	0	0	0	0	1	1	S
NMDC20584634	0	0	0	0	0	1	1	0	0	0	1	1	0	0	1	0	0	1	0	0	0	0	0	0	0	0	1	0	1	1	S
NMDC20584635	0	0	0	0	0	1	0	0	0	0	1	0	0	0	0	0	0	0	0	0	0	0	0	0	0	0	0	0	1	1	S
NMDC20584636	0	0	0	0	0	1	0	0	0	0	1	0	0	0	0	0	0	0	0	0	0	0	0	0	0	0	0	0	1	1	S
NMDC20584637	0	0	0	0	0	1	0	0	0	0	1	0	0	0	0	0	0	0	0	0	0	0	0	0	0	0	0	0	1	1	S
NMDC20584638	0	0	0	0	0	1	0	0	0	0	1	0	0	0	0	0	0	0	0	0	0	0	0	0	0	0	0	0	1	1	S
NMDC20584641	0	0	0	0	0	1	0	0	0	0	1	0	0	0	0	0	0	0	0	0	0	0	0	0	0	0	0	0	1	1	S
NMDC20584643	0	0	0	0	0	1	1	0	0	0	1	1	0	0	1	0	0	1	0	0	0	0	1	0	0	0	1	0	1	1	S
NMDC20584645	0	0	0	0	0	1	0	0	0	0	1	0	0	0	0	0	0	0	0	0	0	0	0	0	0	0	0	0	1	1	S
NMDC20584647	0	0	0	0	0	1	0	1	0	0	0	1	0	0	1	0	1	1	0	0	0	1	0	0	1	0	0	0	1	1	S
NMDC20584652	0	0	0	0	0	1	0	0	0	0	1	0	0	0	0	0	0	0	0	0	0	0	0	0	0	0	0	0	1	1	S
NMDC20584653	0	0	0	0	0	0	0	0	0	0	0	1	0	0	0	0	1	1	0	0	0	0	0	0	1	0	0	0	0	1	S
NMDC20584655	0	0	0	0	0	1	0	0	0	0	1	0	0	0	0	0	0	0	0	0	0	0	0	0	0	0	0	0	1	1	S
NMDC20584657	0	0	0	0	0	1	0	1	0	0	0	1	1	0	1	0	0	0	0	0	1	1	1	0	0	0	0	0	1	1	S
NMDC20584659	0	0	0	0	0	1	1	0	0	0	1	1	0	0	1	0	0	1	0	0	0	0	0	0	0	0	1	0	1	1	S
NMDC20584660	0	0	0	0	0	1	1	0	0	0	1	1	0	0	1	0	0	1	0	0	0	0	0	0	0	0	1	0	1	1	S
NMDC20584662	0	0	0	0	0	1	0	1	0	0	0	1	0	0	1	0	0	1	1	0	0	1	0	0	0	0	0	0	0	0	S
NMDC20584664	0	0	0	0	0	1	0	1	0	0	0	1	0	0	1	0	1	1	0	0	0	1	0	0	1	0	0	0	1	1	S
NMDC20584666	0	0	0	0	0	0	0	0	0	0	0	0	0	0	1	0	1	0	0	0	1	1	0	0	0	0	0	1	0	1	S
NMDC20584669	0	0	0	0	0	0	0	1	0	0	0	1	0	0	0	0	0	0	1	0	0	1	1	0	0	0	0	0	0	1	S
NMDC20584671	0	0	0	0	0	1	0	0	0	0	1	0	0	0	0	0	0	0	0	0	0	0	0	0	0	0	0	0	1	1	S
NMDC20584672	0	0	0	0	0	0	0	1	0	0	0	1	0	0	0	0	0	0	1	0	0	1	1	0	0	0	0	0	0	1	S
NMDC20584673	0	0	0	0	0	0	0	1	0	0	0	1	0	0	0	0	0	0	1	0	0	1	0	0	0	0	0	0	0	1	S
NMDC20584674	0	0	0	0	0	0	0	0	0	0	0	1	0	0	0	0	0	0	0	0	0	0	0	0	0	0	0	0	0	1	S
NMDC20584675	0	0	0	0	0	0	0	1	0	0	0	1	0	0	0	0	0	0	1	0	0	1	1	0	0	0	0	0	0	1	S
NMDC20584677	0	0	0	0	0	1	1	0	0	0	1	1	0	0	1	0	0	1	0	0	0	0	0	0	0	0	1	0	1	1	S
NMDC20584678	0	0	0	0	0	1	0	0	0	0	1	0	0	0	0	0	0	0	0	0	0	0	0	0	0	0	0	0	1	1	S
NMDC20584679	0	0	0	0	0	1	0	0	0	0	1	0	0	0	0	0	0	0	0	0	0	0	0	0	0	0	0	0	1	1	S
NMDC20584680	0	0	0	0	0	1	0	0	0	0	1	0	0	0	0	0	0	0	0	0	0	0	0	0	0	0	0	0	1	1	S
NMDC20584682	0	0	0	0	0	0	0	0	0	0	0	1	0	0	0	0	1	1	0	0	0	0	0	0	1	0	0	0	0	1	S
NMDC20584683	0	0	0	0	0	1	0	0	0	0	1	0	0	0	0	0	0	0	0	0	0	0	0	0	0	0	0	0	1	1	S
NMDC20584685	0	0	0	0	0	1	0	0	0	0	0	0	0	0	0	0	0	0	0	0	1	1	0	0	0	0	0	0	0	0	S
NMDC20584689	0	0	0	0	0	1	0	0	0	0	1	0	0	0	0	0	0	0	0	0	0	0	0	0	0	0	0	0	1	1	S
NMDC20584691	0	0	0	0	0	1	0	0	0	0	1	0	0	0	0	0	0	0	0	0	0	0	0	0	0	0	0	0	1	1	S
NMDC20584692	0	0	0	0	0	1	0	0	0	0	1	1	0	0	0	0	1	0	0	0	0	1	0	0	1	0	0	0	0	0	S
NMDC20584694	0	0	0	0	0	1	0	0	0	0	1	0	0	0	0	0	0	0	0	0	0	0	0	0	0	0	0	0	1	1	S
NMDC20584696	0	0	0	0	0	1	0	0	0	0	1	0	0	0	0	0	0	0	0	0	0	0	0	0	0	0	0	0	1	1	S
NMDC20584698	0	0	0	0	0	1	0	0	0	0	1	0	0	0	0	0	0	0	0	0	0	0	0	0	0	0	0	0	1	1	S
NMDC20584700	0	0	0	0	0	1	0	1	0	0	0	1	0	0	1	0	1	1	1	0	0	1	0	0	1	0	0	0	1	1	S
NMDC20584706	0	0	0	0	0	1	0	0	0	0	0	0	0	0	0	0	0	0	0	0	1	1	0	0	0	0	0	0	0	0	S
NMDC20584708	0	0	0	0	0	1	0	0	0	0	0	1	0	0	0	0	0	0	0	0	0	1	0	0	0	0	0	0	0	0	S
NMDC20584709	0	0	0	0	0	1	0	0	0	0	1	0	0	0	0	0	0	0	0	0	0	0	0	0	0	0	0	0	1	1	S
NMDC20584710	0	0	0	0	0	0	0	0	0	0	0	0	0	0	1	0	1	0	0	0	1	1	0	0	0	0	0	1	0	1	S
NMDC20584711	0	0	0	0	0	1	0	0	0	0	1	0	0	0	0	0	0	0	0	0	0	0	0	0	0	0	0	0	1	1	S
NMDC20584713	0	0	0	0	0	1	0	1	0	0	0	1	1	0	1	0	0	0	0	0	1	1	0	0	0	0	0	0	1	1	S
NMDC20584716	0	0	0	0	0	1	0	0	0	0	1	0	0	0	0	0	0	0	0	0	0	0	0	0	0	0	0	0	1	1	S
NMDC20584718	0	0	0	0	0	1	0	0	0	0	1	0	0	0	0	0	0	0	0	0	0	0	0	0	0	0	0	0	1	1	S
NMDC20584722	0	0	0	0	0	0	0	0	0	0	0	1	0	0	0	0	0	0	0	0	0	0	0	0	0	0	0	0	0	0	S
NMDC20584724	1	0	1	0	0	1	0	0	0	0	0	0	0	0	1	1	0	1	1	0	1	1	0	0	0	0	0	0	0	1	S
NMDC20584725	0	0	0	0	0	1	0	0	0	0	1	0	0	0	0	0	0	0	0	0	0	0	0	0	0	0	0	0	1	1	S
NMDC20584727	0	0	0	0	0	1	0	1	0	0	0	1	0	0	1	0	1	1	0	0	0	1	0	0	1	0	0	0	1	1	S
NMDC20584728	0	0	0	0	0	1	0	1	0	0	0	1	1	0	1	0	0	0	0	0	1	1	0	0	0	0	0	0	1	1	S
NMDC20584729	0	0	0	0	0	1	0	0	0	0	1	0	0	0	0	0	0	0	0	0	0	0	0	0	0	0	0	0	1	1	S
NMDC20584731	0	0	0	0	0	1	0	1	0	0	0	1	0	0	1	0	1	1	0	0	1	0	0	0	1	0	1	0	0	1	S
NMDC20584732	0	0	0	0	0	0	0	0	0	0	0	1	0	0	0	0	0	0	0	0	0	0	0	0	0	0	0	0	0	0	S
NMDC20584733	0	0	0	0	0	0	0	0	0	0	0	1	0	0	0	0	0	0	0	0	0	0	0	0	0	0	0	0	0	0	S
NMDC20584736	0	0	0	0	0	1	0	0	0	0	0	0	0	0	1	0	0	1	1	0	1	1	0	0	0	0	0	0	0	1	S
NMDC20584740	0	0	0	0	0	1	0	0	0	0	1	0	0	0	0	0	0	0	0	0	0	0	0	0	0	0	0	0	1	1	S
NMDC20584743	0	0	0	0	0	1	0	0	0	0	1	0	0	0	0	0	0	0	0	0	0	0	0	0	0	0	0	0	1	1	S
NMDC20584745	0	0	0	0	0	1	0	0	0	0	0	0	0	0	1	0	0	1	1	0	1	1	0	0	0	0	0	0	0	1	S
NMDC20584746	0	0	0	0	0	1	0	0	0	0	1	1	0	0	0	0	1	0	0	0	0	1	0	0	1	0	0	0	0	0	S
NMDC20584748	0	0	0	0	0	1	0	0	0	0	1	0	0	0	0	0	0	0	0	0	0	0	0	0	0	0	0	0	1	1	S
NMDC20584749	0	0	0	0	0	0	0	1	0	0	0	1	1	0	1	0	0	0	0	0	1	1	1	0	0	0	0	0	0	1	S
NMDC20584751	0	0	0	0	0	1	0	1	0	0	0	1	0	0	1	0	1	1	0	0	0	1	0	0	1	0	0	0	1	1	S
NMDC20584752	0	0	0	0	0	1	0	0	0	0	1	0	0	0	0	0	0	0	0	0	0	0	0	0	0	0	0	0	1	1	S
NMDC20584757	0	0	0	0	0	1	0	0	0	0	0	1	0	0	0	0	0	0	0	0	0	1	1	0	0	0	0	0	0	0	S
NMDC20584759	0	0	0	0	0	1	0	0	0	0	1	0	0	0	0	0	0	0	0	0	0	0	0	0	0	0	0	0	1	1	S
NMDC20584760	0	0	0	0	0	1	0	1	0	0	0	1	1	0	1	0	0	0	0	0	1	1	0	0	0	0	0	0	1	1	S
NMDC20584761	0	0	0	0	0	1	0	0	0	0	0	1	0	0	0	0	0	0	0	0	0	1	0	0	0	0	0	0	0	0	S
NMDC20584766	0	0	0	0	0	1	0	0	0	0	0	0	0	0	0	0	0	0	0	0	1	1	0	0	0	0	0	0	0	0	S
NMDC20584768	0	0	0	0	0	1	0	0	0	0	1	0	0	0	0	0	0	0	0	0	0	0	0	0	0	0	0	0	1	1	S
NMDC20584770	0	0	0	0	0	1	0	0	0	0	0	1	0	0	0	0	0	0	0	0	0	1	1	0	0	0	0	0	0	0	S
NMDC20584771	0	0	0	0	0	1	1	0	0	0	0	0	0	0	0	0	1	1	0	1	1	1	0	0	0	0	0	0	1	1	S
NMDC20584773	0	0	0	0	0	0	0	0	0	0	0	1	0	0	0	0	1	1	0	0	0	0	0	0	1	0	0	0	0	1	S
NMDC20584774	0	0	0	0	0	1	0	0	0	0	1	0	0	0	0	0	0	0	0	0	0	0	0	0	0	0	0	0	1	1	S
NMDC20584775	0	0	0	0	0	1	0	0	0	0	1	0	0	0	0	0	0	0	0	0	0	0	0	0	0	0	0	0	1	1	S
NMDC20584776	0	0	0	0	0	1	0	1	0	0	0	1	1	0	1	0	0	0	0	0	1	1	0	0	0	0	0	0	1	1	S
NMDC20584777	0	0	0	0	0	1	0	0	0	0	1	0	0	0	0	0	0	0	0	0	0	0	0	0	0	0	0	0	1	1	S
NMDC20584783	0	0	0	0	0	0	0	1	0	0	0	1	0	0	0	0	0	0	1	0	0	1	1	0	0	0	0	0	0	1	S
NMDC20584784	0	0	0	0	0	0	0	1	0	0	0	1	0	0	0	0	0	0	1	0	0	1	1	0	0	0	0	0	0	1	S
NMDC20584786	0	0	0	0	0	1	0	0	0	0	1	0	0	0	0	0	0	0	0	0	0	0	0	0	0	0	0	0	1	1	S
NMDC20584788	0	0	0	0	0	1	0	1	0	0	0	1	0	0	1	0	0	1	0	1	1	0	0	0	0	0	1	0	1	0	S
NMDC20584789	0	0	0	0	0	1	0	1	0	0	0	1	0	0	1	0	1	1	0	0	0	1	0	0	1	0	0	0	1	1	S
NMDC20584792	0	0	0	0	0	1	0	1	0	0	0	1	0	0	0	0	0	0	0	0	1	1	0	0	0	0	0	0	0	0	S
NMDC20584794	0	0	0	0	0	1	0	0	0	0	0	0	0	0	0	0	0	0	0	0	1	1	0	0	0	0	0	0	0	0	S
NMDC20584798	0	0	0	0	0	1	0	1	0	0	0	1	1	0	1	0	0	0	0	0	1	1	0	0	0	0	0	0	1	1	S
NMDC20584799	0	0	0	0	0	1	0	0	0	0	1	0	0	0	0	0	0	0	0	0	0	0	0	0	0	0	0	0	1	1	S
NMDC20584803	0	0	0	0	0	1	0	0	0	0	0	0	0	0	0	0	0	0	0	0	1	1	0	0	0	0	0	0	0	0	S
NMDC20584806	0	0	0	0	0	1	0	0	0	0	1	0	0	0	0	0	0	0	0	0	0	0	0	0	0	0	0	0	1	1	S
NMDC20584807	0	0	0	0	0	0	0	0	0	0	0	1	0	0	0	0	0	0	0	0	0	0	0	0	0	0	0	0	0	0	S
NMDC20584808	0	0	0	0	0	0	0	0	0	0	0	1	0	0	1	0	0	1	0	0	1	1	0	0	0	0	0	0	1	1	S
NMDC20584809	0	0	0	0	0	0	0	1	0	0	0	1	1	0	1	0	0	0	1	0	1	1	1	0	0	0	0	0	0	1	S
NMDC20584812	0	0	0	0	0	1	0	0	0	0	1	0	0	0	0	0	0	0	0	0	0	0	0	0	0	0	0	0	1	1	S
NMDC20584819	0	0	0	0	0	1	0	0	0	0	1	0	0	0	0	0	0	0	0	0	0	0	0	0	0	0	0	0	1	1	S
NMDC20584820	0	0	0	0	0	1	0	0	0	0	1	0	0	0	0	0	0	0	0	0	0	0	0	0	0	0	0	0	1	1	S
NMDC20584821	0	0	0	0	0	0	0	1	0	0	0	1	1	0	1	0	0	0	1	0	1	1	1	0	0	0	0	0	0	1	S
NMDC20584822	0	0	0	0	0	1	0	0	0	0	1	0	0	0	0	0	0	0	0	0	0	0	0	0	0	0	0	0	1	1	S
NMDC20584824	0	0	0	0	0	0	0	0	0	0	0	1	0	0	0	0	0	0	0	0	0	0	0	0	0	0	0	0	0	0	S
NMDC20584826	0	0	0	0	0	0	0	0	0	0	0	1	0	0	0	0	1	0	0	0	1	1	0	0	1	0	0	0	1	0	S
NMDC20584827	0	0	0	0	0	1	0	0	0	0	1	0	0	0	0	0	0	0	0	0	0	0	0	0	0	0	0	0	1	1	S
NMDC20584828	0	0	0	1	0	1	0	0	0	0	1	0	0	0	0	0	0	0	0	0	0	0	0	0	0	0	0	0	1	1	S
NMDC20584830	0	0	0	0	0	1	0	0	0	0	1	0	0	0	0	0	0	0	0	0	0	0	0	0	0	0	0	0	1	1	S
NMDC20584834	0	0	0	0	0	1	0	0	0	0	1	0	0	0	0	0	0	0	0	0	0	0	0	0	0	0	0	0	1	1	S
NMDC20584835	0	0	0	0	0	1	0	0	0	0	1	0	0	0	0	0	0	0	0	0	0	0	0	0	0	0	0	0	1	1	S
NMDC20584836	0	0	1	0	1	0	0	0	0	0	0	0	0	0	1	1	0	0	1	0	0	1	0	0	0	0	0	1	1	0	S
NMDC20584839	0	0	0	0	0	1	0	0	0	0	0	0	0	0	0	0	0	0	0	0	1	1	0	0	0	0	0	0	0	0	S
NMDC20584842	0	0	0	0	0	1	0	1	0	0	0	1	0	0	1	0	0	1	1	0	0	1	0	0	0	0	0	0	0	0	S
NMDC20584843	0	0	0	0	0	1	0	0	0	0	0	0	0	0	0	0	0	0	0	0	0	0	0	0	1	0	1	0	1	0	S
NMDC20584847	0	0	0	0	0	0	0	0	0	0	0	0	0	0	1	0	0	0	0	0	0	1	0	0	0	0	0	1	1	0	S
NMDC20584849	0	0	1	0	0	1	0	0	0	0	0	1	0	0	0	1	0	0	0	0	0	1	0	0	0	0	0	0	0	0	S
NMDC20584850	0	0	1	0	0	1	0	0	0	0	0	1	0	0	0	1	0	0	0	0	0	1	0	0	0	0	0	0	0	0	S
NMDC20584851	0	0	1	0	0	1	0	0	0	0	0	1	0	0	0	1	0	0	0	0	0	1	0	0	0	0	0	0	0	0	S
NMDC20584852	0	0	0	0	0	1	0	0	0	0	1	0	0	0	0	0	0	0	0	0	0	0	0	0	0	0	0	0	1	1	S
NMDC20584853	0	0	0	0	0	1	0	0	0	0	0	0	0	0	0	0	0	0	1	0	1	1	0	0	0	0	0	0	0	0	S
NMDC20584856	0	0	0	0	0	1	0	0	0	0	1	0	0	0	0	0	0	0	0	0	0	0	0	0	0	0	0	0	1	1	S
NMDC20584858	0	0	0	0	0	1	0	0	0	0	1	0	0	0	0	0	0	0	0	0	0	0	0	0	0	0	0	0	1	1	S
NMDC20584859	0	0	0	0	0	1	0	0	0	0	1	0	0	0	0	0	0	0	0	0	0	0	0	0	0	0	0	0	1	1	S
NMDC20584867	0	0	0	0	0	1	0	0	0	0	1	0	0	0	0	0	0	0	0	0	0	0	0	0	0	0	0	0	1	1	S
NMDC20584868	0	0	0	0	0	1	0	0	0	0	0	0	0	0	0	0	0	0	0	0	1	1	0	0	0	0	0	0	0	0	S
NMDC20584870	0	0	0	0	0	0	0	0	0	0	0	0	0	0	0	0	0	1	0	0	0	1	0	0	0	0	0	0	0	1	S
NMDC20584872	0	0	0	0	0	1	0	0	0	0	1	0	0	0	0	0	0	0	0	0	0	0	0	0	0	0	0	0	1	1	S
NMDC20584873	0	0	0	0	0	1	0	0	0	0	0	0	0	0	0	0	0	0	0	0	1	1	0	0	0	0	0	0	0	0	S
NMDC20584874	0	0	0	0	0	0	0	0	0	0	0	0	0	0	1	0	1	0	0	0	1	1	0	0	0	0	0	1	0	1	S
NMDC20584875	0	0	0	0	0	0	0	0	0	0	0	1	0	0	0	0	0	0	0	0	1	1	0	0	0	0	1	0	1	1	S
NMDC20584876	0	0	0	0	0	0	0	1	0	0	0	1	1	0	1	0	0	0	0	0	1	1	1	0	0	0	0	0	0	1	S
NMDC20584877	0	0	0	0	0	0	0	1	0	0	0	1	1	0	1	0	0	0	0	0	1	1	1	0	0	0	0	0	0	1	S
NMDC20584878	0	0	0	0	0	1	0	1	0	0	0	1	0	0	1	0	1	1	0	0	0	1	0	0	1	0	0	0	1	1	S
NMDC20584879	0	0	0	0	0	0	0	0	0	0	0	1	0	0	1	0	0	1	0	0	1	1	1	0	0	0	0	0	1	1	S
NMDC20584880	0	0	0	0	0	0	0	0	0	0	1	0	0	0	0	0	0	0	0	0	0	0	0	0	1	0	0	0	0	1	S
NMDC20584881	0	0	0	0	0	1	0	0	0	0	1	0	0	0	0	0	0	0	0	0	0	0	0	0	0	0	0	0	1	1	S
NMDC20584882	0	0	0	0	0	1	0	0	0	0	1	0	0	0	0	0	0	0	0	0	0	0	0	0	0	0	0	0	1	1	S
NMDC20584883	0	0	0	0	0	1	0	0	0	0	1	0	0	0	0	0	0	0	0	0	0	0	0	0	0	0	0	0	1	1	S
NMDC20584887	0	0	0	0	0	1	0	0	0	0	1	0	0	0	0	0	0	0	0	0	0	0	0	0	0	0	0	0	1	1	S
NMDC20584889	0	0	0	0	0	1	0	0	0	0	1	0	0	0	0	0	0	0	0	0	0	0	0	0	0	0	0	0	1	1	S
NMDC20584890	0	0	0	0	0	1	0	0	0	0	1	0	0	0	0	0	0	0	0	0	0	0	0	0	0	0	0	0	1	1	S
NMDC20584891	0	0	0	0	0	1	0	0	0	0	1	0	0	0	0	0	0	0	0	0	0	0	0	0	0	0	0	0	1	1	S
NMDC20584892	0	0	0	0	0	1	0	0	0	0	1	0	0	0	0	0	0	0	0	0	0	0	0	0	0	0	0	0	1	1	S
NMDC20584893	0	0	0	0	0	1	0	0	0	0	1	0	0	0	0	0	0	0	0	0	0	0	0	0	0	0	0	0	1	1	S
NMDC20584894	0	0	0	0	0	1	0	0	0	0	1	0	0	0	0	0	0	0	0	0	0	0	0	0	0	0	0	0	1	1	S
NMDC20584895	0	0	0	0	0	1	0	0	0	0	1	0	0	0	0	0	0	0	0	0	0	0	0	0	0	0	0	0	1	1	S
NMDC20584897	0	0	0	0	0	1	0	1	0	0	0	1	0	0	1	0	1	1	0	0	0	1	0	0	1	0	0	0	1	1	S
NMDC20584898	0	0	0	0	0	1	1	0	0	0	1	1	0	0	1	0	0	1	0	0	0	0	1	0	0	0	1	0	1	1	S
NMDC20584899	0	0	0	0	0	0	0	0	0	0	0	0	0	0	0	0	0	0	0	0	0	1	0	0	0	0	0	0	0	0	S
NMDC20585323	0	0	0	0	0	1	0	1	0	0	0	1	0	0	1	0	1	1	0	0	0	1	0	0	1	0	0	0	1	1	S
NMDC20585324	0	0	0	0	0	1	0	0	0	0	1	0	0	0	0	0	0	0	0	0	0	0	0	0	0	0	0	0	1	1	S
NMDC20553582	0	0	0	0	0	1	0	1	0	0	0	1	0	0	1	0	1	1	0	0	0	1	1	0	1	0	0	0	1	1	S
NMDC20555574	0	0	0	0	0	1	0	1	0	0	0	1	0	0	1	0	1	1	0	0	0	1	0	0	1	0	0	0	1	1	S
NMDC20557614	0	0	0	0	0	1	0	1	0	0	0	1	0	0	1	0	1	1	0	0	0	1	1	0	1	0	0	0	1	1	S
NMDC20555575	0	0	0	0	0	1	0	0	0	0	1	0	0	0	0	0	0	0	0	0	0	0	0	0	0	0	0	0	1	1	S
NMDC20585325	0	0	0	0	0	1	0	0	0	0	1	0	0	0	0	0	0	0	0	0	0	0	0	0	0	0	0	0	1	1	S
NMDC20553583	0	0	0	0	0	1	0	0	0	0	1	0	0	0	0	0	0	0	0	0	0	0	0	0	0	0	0	0	1	1	S
NMDC20555576	0	0	0	0	0	0	0	0	0	0	0	0	0	0	0	0	1	1	0	1	0	0	0	1	0	0	0	0	0	0	S
NMDC20551539	0	0	0	0	0	1	0	1	0	0	0	1	0	0	0	0	0	0	0	0	1	1	0	0	0	0	0	0	0	0	S
NMDC20585326	0	0	0	0	0	1	0	1	0	0	0	1	0	0	1	0	1	1	0	0	0	1	0	0	1	0	0	0	1	1	S
NMDC20551540	0	0	0	0	0	1	0	1	0	0	0	1	0	0	1	0	1	1	0	0	0	1	1	0	1	0	0	0	1	1	S
NMDC20557616	0	0	0	0	0	1	0	0	0	0	1	0	0	0	0	0	0	0	0	0	0	0	0	0	0	0	0	0	1	1	S
NMDC20585327	0	0	0	0	0	1	0	0	0	0	1	0	0	0	0	0	0	0	0	0	0	0	0	0	0	0	0	0	1	1	S
NMDC20553585	0	0	0	0	0	1	0	1	0	0	0	1	0	0	1	0	1	1	0	0	0	1	0	0	1	0	0	0	1	1	S
NMDC20553586	0	0	0	0	0	1	0	1	0	0	0	1	0	0	1	0	1	1	0	0	0	1	0	0	1	0	0	0	1	1	S
NMDC20551542	0	0	0	0	0	1	0	0	0	0	1	0	0	0	0	0	0	0	0	0	0	0	0	0	0	0	0	0	1	1	S
NMDC20585329	0	0	0	0	0	1	0	1	0	0	0	1	0	0	1	0	1	1	0	0	0	1	0	0	1	0	0	0	1	1	S
NMDC20555579	0	0	0	0	0	1	0	1	0	0	0	1	0	0	1	0	1	1	0	0	0	1	0	0	1	0	0	0	1	1	S
NMDC20551543	0	0	0	0	0	1	0	1	0	0	0	1	0	0	1	0	1	1	0	0	0	1	0	0	1	0	0	0	1	1	S
NMDC20585330	0	0	0	0	0	1	0	1	0	0	0	1	0	0	1	0	1	1	0	0	0	1	0	0	1	0	0	0	1	1	S
NMDC20585331	0	0	0	0	0	0	0	0	0	0	0	1	0	0	0	0	1	0	0	0	1	1	0	0	1	0	0	0	1	0	S
NMDC20585333	0	0	0	0	0	0	0	1	0	0	0	1	0	0	0	0	0	0	0	0	0	1	0	1	1	0	0	0	1	1	S
NMDC20585334	0	0	0	0	0	1	0	1	0	0	1	1	0	0	1	0	0	0	0	0	1	1	0	0	0	0	0	0	0	1	S
NMDC20585336	0	0	0	0	0	0	0	0	0	0	0	1	0	0	0	0	0	0	0	0	0	0	0	0	0	0	0	0	0	0	S
NMDC20585337	0	0	0	0	0	0	0	0	0	0	0	1	0	0	0	0	1	0	0	0	1	1	0	0	1	0	0	0	1	0	S
NMDC20585338	0	0	0	0	0	1	0	1	0	0	0	1	0	0	1	0	1	1	0	0	0	1	0	0	1	0	0	0	1	1	S
NMDC20585340	0	0	1	0	1	0	0	0	0	0	0	1	0	0	0	1	0	0	1	0	0	0	0	0	0	0	0	0	0	0	S
NMDC20585342	0	0	0	0	0	1	0	1	0	0	0	1	0	0	0	0	1	0	0	0	0	1	0	1	1	0	0	0	1	0	S
NMDC20585343	0	0	0	0	0	1	0	1	0	0	0	1	0	0	0	0	0	0	0	0	1	1	0	0	0	0	0	0	0	0	S
NMDC20555580	0	0	0	0	0	1	0	1	0	0	0	1	0	0	1	0	1	1	0	0	0	1	0	0	1	0	0	0	1	1	S
NMDC20555581	0	0	0	0	0	1	0	0	0	0	1	0	0	0	0	0	0	0	0	0	0	0	0	0	0	0	0	0	1	1	S
NMDC20585344	0	0	0	0	0	1	0	1	0	0	0	1	0	0	1	0	1	1	0	0	0	1	0	0	1	0	0	0	1	1	S
NMDC20553587	0	0	0	0	0	1	0	0	0	0	1	0	0	0	0	0	0	0	0	0	0	0	0	0	0	0	0	0	1	1	S
NMDC20557617	0	0	0	0	0	1	0	0	0	0	1	0	0	0	0	0	0	0	0	0	0	0	0	0	0	0	0	0	1	1	S
NMDC20557618	0	0	0	0	0	1	0	1	0	0	0	1	0	0	1	0	1	1	0	0	0	1	0	0	1	0	0	0	1	1	S
NMDC20555582	0	0	0	0	0	1	0	1	0	0	0	1	0	0	1	0	1	1	0	0	0	1	0	0	1	0	0	0	1	1	S
NMDC20553588	0	0	0	0	0	1	0	1	0	0	0	1	0	0	1	0	1	1	1	0	0	1	0	0	1	0	0	0	1	1	S
NMDC20585348	0	0	0	0	0	1	0	1	0	0	0	1	0	0	1	0	1	1	1	0	0	1	0	0	1	0	0	0	1	1	S
NMDC20557619	0	0	0	0	0	1	0	0	0	0	1	0	0	0	0	0	0	0	0	0	0	0	0	0	0	0	0	0	1	1	S
NMDC20551546	0	0	0	0	0	1	0	1	0	0	0	1	0	0	1	0	1	1	0	0	0	1	0	0	1	0	0	0	1	1	S
NMDC20551547	0	0	0	0	0	1	0	0	0	0	1	0	0	0	0	0	0	0	0	0	0	0	0	0	0	0	0	0	1	1	S
NMDC20557620	0	0	0	0	0	1	0	1	0	0	0	1	0	0	0	0	0	1	0	0	1	1	0	0	0	0	0	0	0	1	S
NMDC20553590	0	0	0	0	0	1	0	0	0	0	1	0	0	0	0	0	0	0	0	0	0	0	0	0	0	0	0	0	1	1	S
NMDC20555584	0	0	0	0	0	1	0	1	0	0	0	1	0	0	1	0	1	1	0	0	0	1	0	0	1	0	0	0	1	1	S
NMDC20585349	0	0	0	0	0	1	0	1	0	0	0	1	0	0	1	0	1	1	0	0	0	1	0	0	1	0	0	0	1	1	S
NMDC20585351	0	0	0	0	0	1	0	1	0	0	0	1	0	0	1	0	1	1	0	0	0	1	0	0	1	0	0	0	1	1	S
NMDC20585352	0	0	0	0	0	1	0	0	0	0	1	0	0	0	0	0	0	0	0	0	0	0	0	0	0	0	0	0	1	1	S
NMDC20551548	0	0	0	0	0	1	0	1	0	0	0	1	0	0	1	0	1	1	1	0	0	1	0	0	1	0	0	0	1	1	S
NMDC20553591	0	0	0	0	0	1	0	1	0	0	0	1	0	0	1	0	1	1	0	0	0	1	1	0	1	0	0	0	1	1	S
NMDC20553592	0	0	0	0	0	1	0	1	0	0	0	1	0	0	0	0	0	0	0	0	1	1	0	0	0	0	0	0	0	0	S
NMDC20555585	0	0	0	0	0	1	0	1	0	0	0	1	0	0	1	0	1	1	0	0	0	1	0	0	1	0	0	0	1	1	S
NMDC20555586	0	0	0	0	0	1	0	0	0	0	1	0	0	0	0	0	0	0	0	0	0	0	0	0	0	0	0	0	1	1	S
NMDC20551549	0	0	0	0	0	1	0	1	0	0	0	1	0	0	1	0	1	1	1	0	0	1	0	0	1	0	0	0	1	1	S
NMDC20585355	0	0	0	0	0	1	0	0	0	0	1	0	0	0	0	0	0	0	0	0	0	0	0	0	0	0	0	0	1	1	S
NMDC20555587	0	1	1	0	1	1	0	1	0	0	0	1	0	1	1	1	1	1	1	0	0	1	0	0	1	0	0	0	1	1	S
NMDC20553594	0	0	0	0	0	1	0	1	0	0	0	1	0	0	1	0	1	1	0	0	0	1	0	0	1	0	0	0	1	1	S
NMDC20585357	0	0	0	0	0	1	0	1	0	0	0	1	0	0	1	0	1	1	1	0	0	1	0	0	1	0	0	0	1	1	S
NMDC20557621	0	0	0	0	0	1	0	1	0	0	0	1	0	0	1	0	1	1	0	0	0	1	0	0	1	0	0	0	1	1	S
NMDC20555588	0	0	0	0	0	1	0	1	0	0	0	1	0	0	1	0	1	1	0	0	0	1	0	0	1	0	0	0	1	1	S
NMDC20585359	0	0	0	0	0	1	0	1	0	0	0	1	0	0	1	0	1	1	0	0	0	1	0	0	1	0	0	0	1	1	S
NMDC20553595	0	0	0	0	0	0	0	0	0	0	0	1	0	0	0	0	0	0	0	0	0	0	0	0	0	0	0	0	0	0	S
NMDC20555589	0	0	0	0	0	1	0	1	0	0	0	1	0	0	1	0	1	1	1	0	0	1	0	0	1	0	0	0	1	1	S
NMDC20585360	0	0	0	0	0	1	0	1	0	0	0	1	0	0	1	0	1	1	1	0	0	1	0	0	1	0	0	0	1	1	S
NMDC20553596	0	0	0	0	0	1	0	1	0	0	0	1	0	0	1	0	1	1	0	0	0	1	0	0	1	0	0	0	1	1	S
NMDC20553597	0	0	0	0	0	1	0	1	0	0	0	1	0	0	1	0	1	1	1	0	0	1	0	0	1	0	0	0	1	1	S
NMDC20555590	0	0	0	0	0	1	0	0	0	0	0	1	0	0	1	0	0	1	0	0	0	0	0	0	0	0	1	0	1	1	S
NMDC20557622	0	0	0	0	0	1	0	1	0	0	0	1	0	0	1	0	1	1	0	0	0	1	0	0	1	0	0	0	1	1	S
NMDC20557623	0	0	0	0	0	0	0	0	0	0	0	0	0	0	0	0	1	1	0	1	0	0	0	1	0	0	0	0	0	0	S
NMDC20557624	0	0	0	0	0	1	0	0	0	0	1	0	0	0	0	0	0	0	0	0	0	0	0	0	0	0	0	0	1	1	S
NMDC20557625	0	0	0	0	0	1	0	0	0	0	1	0	0	0	0	0	0	0	0	0	0	0	0	0	0	0	0	0	1	1	S
NMDC20585366	0	0	0	0	0	1	0	1	0	0	0	1	0	0	1	0	1	1	0	0	0	1	0	0	1	0	0	0	1	1	S
NMDC20557626	0	0	0	0	0	1	0	0	0	0	1	0	0	0	0	0	0	0	0	0	0	0	0	0	0	0	0	0	1	1	S
NMDC20555592	0	0	0	0	0	1	0	1	0	0	0	1	0	0	1	0	1	1	0	0	0	1	0	0	1	0	0	0	1	1	S
NMDC20553600	0	0	0	0	0	1	0	1	0	0	0	1	0	0	1	0	1	1	0	0	0	1	1	0	1	0	0	0	1	1	S
NMDC20551553	0	0	0	0	0	1	0	1	0	0	0	1	0	0	1	0	1	1	0	0	0	1	0	0	1	0	0	0	1	1	S
NMDC20551554	0	0	0	0	0	1	0	1	0	0	0	1	0	0	1	0	1	1	0	0	0	1	0	0	1	0	0	0	1	1	S
NMDC20585370	0	0	0	0	0	0	0	0	0	0	0	1	0	0	0	0	0	0	0	0	0	0	0	0	0	0	0	0	0	0	S
NMDC20585371	0	0	0	0	0	1	0	1	0	0	0	1	0	0	1	0	1	1	0	0	0	1	0	0	1	0	0	0	1	1	S
NMDC20585372	0	0	0	0	0	1	0	1	0	0	0	1	0	0	1	0	1	1	0	0	0	1	0	0	1	0	0	0	1	1	S
NMDC20555596	0	0	0	0	0	1	0	0	0	0	1	0	0	0	0	0	0	0	0	0	0	0	0	0	0	0	0	0	1	1	S
NMDC20585375	0	0	0	0	0	1	0	0	0	0	1	1	0	0	1	0	0	1	0	0	0	0	0	0	0	0	1	0	1	1	S
NMDC20585376	0	0	0	0	0	1	0	1	0	0	0	1	0	0	1	0	1	1	0	0	0	1	0	0	1	0	0	0	1	1	S
NMDC20557628	0	0	1	0	1	0	0	0	0	0	0	1	0	0	0	1	0	0	1	0	0	0	0	0	0	0	0	0	0	0	S
NMDC20555597	0	0	0	0	0	1	0	1	0	0	0	1	0	0	1	0	1	1	0	0	0	1	0	0	1	0	0	0	1	1	S
NMDC20555598	0	0	0	0	0	1	0	1	0	0	0	1	0	0	0	0	0	0	0	0	0	0	0	1	0	0	0	0	1	1	S
NMDC20585378	0	0	0	0	0	1	0	0	0	0	1	0	0	0	0	0	0	0	0	0	0	0	0	0	0	0	0	0	1	1	S
NMDC20585379	0	0	1	0	1	0	0	0	0	0	0	1	0	0	0	1	0	0	1	0	0	0	0	0	0	0	0	0	0	0	S
NMDC20585382	0	0	0	0	0	0	0	1	0	0	0	1	0	0	0	0	0	0	0	0	0	1	0	0	0	0	0	0	0	1	S
NMDC20555600	0	0	0	0	0	1	0	0	0	0	1	0	0	0	0	0	0	0	0	0	0	0	0	0	0	0	0	0	1	1	S
NMDC20585383	0	0	0	0	0	1	0	1	0	0	0	1	0	0	1	0	1	1	0	0	0	1	1	0	1	0	0	0	1	1	S
NMDC20585384	0	0	0	0	0	1	0	0	0	0	1	0	0	0	0	0	0	0	0	0	0	0	0	0	0	0	0	0	1	1	S
NMDC20585385	0	0	1	0	0	1	0	1	0	0	0	1	0	0	1	1	1	1	0	0	0	1	1	0	1	0	0	0	1	1	S
NMDC20585386	0	0	0	0	0	1	0	0	0	0	1	0	0	0	0	0	0	0	0	0	0	0	0	0	0	0	0	0	1	1	S
NMDC20555601	0	0	0	0	0	1	0	1	0	0	0	1	0	0	1	0	1	1	0	0	0	1	0	0	1	0	0	0	1	1	S
NMDC20585387	0	0	0	0	0	1	0	1	0	0	0	1	0	0	1	0	1	1	0	0	0	1	0	0	1	0	0	0	1	1	S
NMDC20553602	0	0	0	0	0	1	0	1	0	0	0	1	0	0	1	0	1	1	0	0	0	1	0	0	1	0	0	0	1	1	S
NMDC20555603	0	0	0	0	0	1	0	1	0	0	0	1	0	0	1	0	1	1	0	0	0	1	1	0	1	0	0	0	1	1	S
NMDC20585391	0	0	0	0	0	1	0	0	0	0	1	0	0	0	0	0	0	0	0	0	0	0	0	0	0	0	0	0	1	1	S
NMDC20585392	0	0	0	0	0	1	0	0	0	0	1	0	0	0	0	0	0	0	0	0	0	0	0	0	0	0	0	0	1	1	S
NMDC20585393	0	0	0	0	0	1	0	0	0	0	1	0	0	0	0	0	0	0	0	0	0	0	0	0	0	0	0	0	1	1	S
NMDC20585394	0	0	0	0	0	0	0	0	0	0	0	1	0	0	0	0	0	0	0	0	0	0	0	0	0	0	0	0	0	0	S
NMDC20555604	0	0	0	0	0	1	0	1	0	0	0	1	0	0	1	0	1	1	0	0	0	1	0	0	1	0	0	0	1	1	S
NMDC20553603	0	0	0	0	0	1	0	0	0	0	1	0	0	0	0	0	0	0	0	0	0	0	0	0	0	0	0	0	1	1	S
NMDC20585396	0	0	1	0	1	1	0	1	0	0	0	1	1	0	1	1	0	0	1	0	1	1	0	0	0	0	0	0	1	1	S
NMDC20557634	0	0	0	0	0	1	0	1	0	0	0	1	0	0	1	0	1	1	0	0	0	1	0	0	1	0	0	0	1	1	S
NMDC20553604	0	0	0	0	0	1	0	0	0	0	1	0	0	0	0	0	0	0	0	0	0	0	0	0	0	0	0	0	1	1	S
NMDC20585397	0	0	0	0	0	1	0	0	0	0	1	0	0	0	0	0	0	0	0	0	0	0	0	0	0	0	0	0	1	1	S
NMDC20585399	0	0	0	0	0	1	0	1	0	0	0	1	0	0	1	0	1	1	0	0	0	1	0	0	1	0	0	0	1	1	S
NMDC20557635	0	0	0	0	0	0	0	0	0	0	0	1	0	0	0	0	1	0	0	0	1	1	0	0	1	0	0	0	1	0	S
NMDC20553605	0	0	0	0	0	1	0	1	0	0	0	1	0	0	1	0	1	1	0	0	0	1	0	0	1	0	0	0	1	1	S
NMDC20553607	1	0	0	0	0	1	0	1	0	0	0	1	0	0	1	0	1	1	0	0	0	1	0	0	1	0	0	0	1	1	S
NMDC20551556	0	0	0	0	0	1	0	1	0	0	0	1	0	0	1	0	1	1	0	0	0	1	0	0	1	0	0	0	1	1	S
NMDC20557636	0	0	0	0	0	1	0	1	0	0	0	1	0	0	1	0	1	1	0	0	0	1	0	0	1	0	0	0	1	1	S
NMDC20551557	0	0	0	0	0	1	0	1	0	0	0	1	0	0	1	0	1	1	0	0	0	1	0	0	1	0	0	0	1	1	S
NMDC20585400	0	0	0	0	0	1	0	1	0	0	0	1	0	0	1	0	1	1	0	0	0	1	0	0	1	0	0	0	1	1	S
NMDC20585401	0	0	0	0	0	1	0	1	0	0	0	1	0	0	1	0	1	1	1	0	0	1	0	0	1	0	0	0	1	1	S
NMDC20585402	0	0	0	0	0	1	0	1	0	0	0	1	0	0	1	0	1	1	0	0	0	1	0	0	1	0	0	0	1	1	S
NMDC20555606	0	0	1	0	1	0	0	0	0	0	0	1	0	0	0	1	0	0	1	0	0	0	0	0	0	0	0	0	0	0	S
NMDC20585404	0	0	0	0	0	1	0	1	0	0	0	1	0	0	1	0	1	1	1	0	0	1	0	0	1	0	0	0	1	1	S
NMDC20551559	0	0	0	0	0	1	0	1	0	0	0	1	0	0	1	0	1	1	0	0	0	1	0	0	1	0	0	0	1	1	S
NMDC20551560	0	0	0	0	0	1	0	1	0	0	0	1	0	0	1	0	1	1	0	0	0	1	0	0	1	0	0	0	1	1	S
NMDC20553610	0	0	0	0	0	1	0	1	0	0	0	1	0	0	1	0	1	1	1	0	0	1	0	0	1	0	0	0	1	1	S
NMDC20551561	0	0	0	0	0	1	0	0	0	0	1	0	0	0	0	0	0	0	0	0	0	0	0	0	0	0	0	0	1	1	S
NMDC20585408	0	0	0	0	0	0	0	0	0	0	0	0	0	0	1	0	0	0	0	0	0	1	0	0	0	0	0	1	1	0	S
NMDC20551563	0	0	0	0	0	0	0	0	0	0	0	1	0	0	0	0	1	0	0	1	1	1	0	1	0	0	0	0	1	0	S
NMDC20585411	0	0	0	0	0	0	0	0	0	0	0	1	0	0	0	0	1	0	0	1	1	1	0	1	0	0	0	0	1	0	S
NMDC20555608	0	0	0	0	0	1	0	1	0	0	0	1	1	0	1	0	0	0	0	0	1	1	0	0	0	0	0	0	1	1	S
NMDC20557638	0	0	0	0	0	1	0	1	0	0	0	1	0	0	1	0	1	1	0	0	0	1	0	0	1	0	0	0	1	1	S
NMDC20585413	0	0	0	0	0	1	0	1	0	0	0	1	0	0	1	0	1	1	1	0	0	1	0	0	1	0	0	0	1	1	S
NMDC20553611	0	0	0	0	0	1	0	0	0	0	0	1	0	0	0	0	0	0	0	0	0	1	0	0	0	0	0	1	1	0	S
NMDC20557639	0	0	0	0	0	1	0	1	0	0	0	1	0	0	1	0	1	1	0	0	0	1	0	0	1	0	0	0	1	1	S
NMDC20585415	0	0	0	0	0	1	0	1	0	0	0	1	0	0	1	0	1	1	1	0	0	1	0	0	1	0	0	0	1	1	S
NMDC20553613	0	0	0	0	0	1	0	0	0	0	1	0	0	0	0	0	0	0	0	0	0	0	0	0	0	0	0	0	1	1	S
NMDC20555609	0	0	0	0	0	1	0	1	0	0	0	1	0	0	1	0	1	1	1	0	0	1	0	0	1	0	0	0	1	1	S
NMDC20585419	0	0	0	0	0	1	0	1	0	0	0	1	0	0	1	0	1	1	0	0	0	1	0	0	1	0	0	0	1	1	S
NMDC20585420	0	0	0	0	0	1	0	1	0	0	0	1	0	0	1	0	1	1	1	0	0	1	0	0	1	0	0	0	1	1	S
NMDC20553614	0	0	0	0	0	1	0	1	0	0	0	1	0	0	1	0	1	1	0	0	0	1	0	0	1	0	0	0	1	1	S
NMDC20557640	0	0	0	0	0	1	0	1	0	0	0	1	0	0	1	0	1	1	0	0	0	1	0	0	1	0	0	0	1	1	S
NMDC20585422	0	0	0	0	0	1	0	1	0	0	0	1	0	0	1	0	1	1	0	0	0	1	0	0	1	0	0	0	1	1	S
NMDC20585423	0	0	0	0	0	1	0	1	0	0	0	1	0	0	1	0	1	1	1	0	0	1	0	0	1	0	0	0	1	1	S
NMDC20585424	0	0	0	0	0	1	0	1	0	0	0	1	0	0	1	0	1	1	1	0	0	1	0	0	1	0	0	0	1	1	S
NMDC20585425	0	0	0	0	0	1	0	1	0	0	0	1	0	0	1	0	1	1	0	0	1	0	0	0	1	0	1	0	0	1	S
NMDC20557641	0	0	0	0	0	0	0	0	0	0	0	1	0	0	0	0	0	0	0	0	1	1	0	1	0	0	0	0	0	1	S
NMDC20557642	0	0	0	0	0	1	0	0	0	0	1	0	0	0	0	0	0	0	0	0	0	0	0	0	0	0	0	0	1	1	S
NMDC20555611	0	0	0	0	0	1	0	1	0	0	0	1	0	0	1	0	1	1	1	0	0	1	1	0	1	0	0	0	1	1	S
NMDC20553616	0	0	0	0	0	1	0	1	0	0	0	1	1	0	0	0	0	0	1	0	1	1	0	0	0	0	0	0	0	1	S
NMDC20551564	0	0	0	0	0	0	0	1	0	0	0	1	1	0	1	0	0	0	1	0	1	1	0	0	0	0	0	0	0	1	S
NMDC20557644	0	0	1	0	1	0	0	0	0	0	0	1	0	0	0	1	0	0	1	0	0	0	0	0	0	0	0	0	0	0	S
NMDC20585426	0	0	0	0	0	1	0	1	0	0	0	1	0	0	1	0	1	1	0	0	0	1	0	0	1	0	0	0	1	1	S
NMDC20557645	0	0	0	0	0	1	0	1	0	0	0	1	0	0	1	0	1	1	0	0	0	1	0	0	1	0	0	0	1	1	S
NMDC20553617	0	0	0	0	0	1	0	0	0	0	1	0	0	0	0	0	0	0	0	0	0	0	0	0	0	0	0	0	1	1	S
NMDC20551565	0	0	0	0	0	1	0	1	0	0	0	1	1	0	0	0	0	0	1	0	1	1	0	0	0	0	0	0	0	1	S
NMDC20585427	0	0	0	0	0	1	0	1	0	0	0	1	1	0	0	0	0	0	1	0	1	1	0	0	0	0	0	0	0	1	S
NMDC20585428	0	0	1	0	0	1	0	1	0	0	0	1	0	0	1	1	1	1	0	0	0	1	0	0	1	0	0	0	1	1	S
NMDC20555612	0	0	0	0	0	1	0	1	0	0	0	1	0	0	1	0	1	1	1	0	0	1	0	0	1	0	0	0	1	1	S
NMDC20585430	0	0	0	0	0	1	0	1	0	0	0	1	0	0	1	0	1	1	0	0	0	1	0	0	1	0	0	0	1	1	S
NMDC20553618	0	0	1	0	1	0	0	0	0	0	0	0	0	0	1	1	0	0	1	0	0	1	0	0	0	0	0	1	1	0	S
NMDC20585431	0	0	0	0	0	1	0	0	0	0	1	0	0	0	0	0	0	0	0	0	0	0	0	0	0	0	0	0	1	1	S
NMDC20551567	0	0	0	0	0	1	0	1	0	0	0	1	0	0	1	0	1	1	0	0	1	0	0	0	1	0	1	0	0	1	S
NMDC20553619	0	0	0	0	0	1	0	1	0	0	0	1	0	0	1	0	1	1	0	0	0	1	0	0	1	0	0	0	1	1	S
NMDC20585434	0	0	0	0	0	1	0	1	0	0	0	1	0	0	1	0	1	1	0	0	0	1	0	0	1	0	0	0	1	1	S
NMDC20553620	0	0	0	0	0	1	0	0	0	0	1	0	0	0	0	0	0	0	0	0	0	0	0	0	0	0	0	0	1	1	S
NMDC20551568	0	0	0	0	0	0	0	0	0	0	0	1	0	0	0	0	0	0	0	0	0	0	0	0	0	0	0	0	0	0	S
NMDC20557646	0	0	0	0	0	1	0	1	0	0	0	1	0	0	1	0	1	1	0	0	0	1	0	0	1	0	0	0	1	1	S
NMDC20553621	0	0	0	0	0	1	0	1	0	0	0	1	0	0	1	0	1	1	1	0	0	1	0	0	1	0	0	0	1	1	S
NMDC20557648	0	0	0	0	0	1	0	1	0	0	0	1	0	0	1	0	1	1	0	0	0	1	0	0	1	0	0	0	1	1	S
NMDC20553622	0	0	0	0	0	1	0	1	0	0	0	1	0	0	1	0	1	1	0	0	0	1	0	0	1	0	0	0	1	1	S
NMDC20585436	0	0	0	0	0	1	0	1	0	0	0	1	0	0	1	0	1	1	0	0	0	1	0	0	1	0	0	0	1	1	S
NMDC20585437	0	0	0	0	0	0	0	0	0	0	0	0	0	0	0	0	1	1	0	1	0	0	0	1	0	0	0	0	0	0	S
NMDC20557649	0	0	1	0	1	0	0	0	0	0	0	1	0	0	0	1	0	0	1	0	0	0	0	0	0	0	0	0	0	0	S
NMDC20585439	0	0	0	0	0	1	0	0	0	0	1	0	0	0	0	0	0	0	0	0	0	0	0	0	0	0	0	0	1	1	S
NMDC20585440	0	0	0	0	0	1	0	1	0	0	0	1	0	0	1	0	1	1	0	0	0	1	0	0	1	0	0	0	1	1	S
NMDC20551570	0	0	0	0	0	1	0	1	0	0	0	1	0	0	1	0	1	1	0	0	0	1	0	0	1	0	0	0	1	1	S
NMDC20553623	0	0	0	0	0	0	0	1	0	0	0	1	0	0	0	0	0	0	1	0	0	1	1	0	0	0	0	0	0	1	S
NMDC20585443	0	0	0	0	0	1	0	1	0	0	0	1	0	0	1	0	1	1	0	0	0	1	0	0	1	0	0	0	1	1	S
NMDC20557650	0	0	1	0	1	0	0	0	0	0	0	0	0	0	1	1	0	0	1	0	0	1	0	0	0	0	0	1	1	0	S
NMDC20555614	0	0	0	0	0	0	0	0	0	0	1	0	0	0	0	0	0	0	0	0	1	1	0	0	0	0	1	0	1	1	S
NMDC20557651	0	0	0	0	0	1	0	0	0	0	1	0	0	0	0	0	0	0	0	0	0	0	0	0	0	0	0	0	1	1	S
NMDC20553624	0	0	0	0	0	1	0	1	0	0	0	1	0	0	1	0	1	1	0	0	0	1	0	0	1	0	0	0	1	1	S
NMDC20555615	0	0	0	0	0	0	0	1	0	0	0	1	0	0	0	0	1	1	0	0	0	1	0	0	1	0	0	0	1	1	S
NMDC20551572	0	0	0	0	0	1	0	1	0	0	0	1	0	0	1	0	1	1	0	0	0	1	0	0	1	0	0	0	1	1	S
NMDC20585444	0	0	0	0	0	1	0	1	0	0	0	1	0	0	1	0	1	1	0	0	0	1	0	0	1	0	0	0	1	1	S
NMDC20551573	0	0	0	0	0	0	0	0	0	0	1	0	0	0	0	0	0	0	0	0	1	1	0	0	0	0	1	0	1	1	S
NMDC20585445	0	0	0	0	0	1	0	1	0	0	0	1	0	0	1	0	1	1	0	0	0	1	0	0	1	0	0	0	1	1	S
NMDC20585446	0	0	0	0	0	1	0	1	0	0	0	1	0	0	1	0	1	1	0	0	0	1	0	0	1	0	0	0	1	1	S
NMDC20585447	0	0	0	0	0	1	0	1	0	0	0	1	0	0	1	1	1	1	0	0	0	1	0	0	1	0	0	0	1	1	S
NMDC20585448	0	0	0	0	0	1	0	1	0	0	0	1	0	0	0	0	0	0	0	0	0	0	0	1	0	0	0	0	1	1	S
NMDC20551574	0	0	0	0	0	1	0	1	0	0	0	1	0	0	0	0	0	0	1	0	1	1	0	0	0	0	0	0	0	0	S
NMDC20585449	0	0	0	0	0	0	0	0	0	0	0	1	0	0	0	0	1	1	0	0	0	0	0	0	1	0	0	0	0	1	S
NMDC20551575	0	0	0	0	0	1	0	1	0	0	0	1	0	0	1	0	1	1	0	0	0	1	1	0	1	0	0	0	1	1	S
NMDC20553626	0	0	0	0	0	1	0	0	0	0	1	0	0	0	0	0	0	0	0	0	0	0	0	0	0	0	0	0	1	1	S
NMDC20555617	0	0	0	0	0	1	0	1	0	0	0	1	0	0	1	0	1	1	0	0	0	1	1	0	1	0	0	0	1	1	S
NMDC20557654	0	0	0	0	0	1	0	1	0	0	0	1	0	0	1	0	1	1	0	0	0	1	0	0	1	0	0	0	1	1	S
NMDC20585451	0	0	0	0	0	1	0	1	0	0	0	1	0	0	1	0	1	1	1	0	0	1	0	0	1	0	0	0	1	1	S
NMDC20555618	0	0	0	0	0	1	0	1	0	0	0	1	0	0	1	0	1	1	0	0	0	1	0	0	1	0	0	0	1	1	S
NMDC20585452	0	0	0	0	0	0	0	0	0	0	0	1	0	0	0	0	1	1	0	0	0	0	0	0	1	0	0	0	0	1	S
NMDC20555619	0	0	0	0	0	1	0	0	0	0	0	1	0	0	0	0	0	0	0	0	1	1	0	0	0	0	0	0	1	0	S
NMDC20551577	0	0	0	0	0	0	0	0	0	0	0	1	0	0	0	0	0	0	0	0	0	0	0	0	0	0	0	0	0	0	S
NMDC20585453	0	0	0	0	0	0	0	0	0	0	0	1	0	0	0	0	0	0	0	0	0	0	0	0	0	0	0	0	0	0	S
NMDC20553627	0	0	0	0	0	1	0	1	0	0	0	1	0	0	1	0	1	1	0	0	0	1	0	0	1	0	0	0	1	1	S
NMDC20551578	0	0	0	0	0	1	0	0	0	0	1	0	0	0	0	0	0	0	0	0	0	0	0	0	0	0	0	0	1	1	S
NMDC20555622	0	0	0	0	0	1	0	1	0	0	0	1	0	0	1	0	1	1	0	0	0	1	0	0	1	0	0	0	1	1	S
NMDC20585454	0	0	0	0	0	1	0	0	0	0	1	0	0	0	0	0	0	0	0	0	0	0	0	0	0	0	0	0	1	1	S
NMDC20551579	0	0	0	0	0	0	0	0	0	0	0	0	0	0	0	0	0	0	0	0	0	1	0	0	1	0	0	1	0	0	S
NMDC20553629	0	0	0	0	0	1	0	1	0	0	0	1	0	0	1	0	1	1	0	0	0	1	0	0	1	0	0	0	1	1	S
NMDC20585456	0	0	0	0	0	1	0	1	0	0	0	1	0	0	1	0	1	1	0	0	0	1	0	0	1	0	0	0	1	1	S
NMDC20553630	0	0	0	0	0	0	0	0	0	0	0	1	0	0	0	0	1	0	0	1	1	1	0	1	0	0	0	0	1	0	S
NMDC20553631	0	0	0	0	0	1	0	1	0	0	0	1	0	0	1	0	1	1	0	0	0	1	0	0	1	0	0	0	1	1	S
NMDC20553632	0	0	0	0	0	1	0	1	0	0	0	1	0	0	1	0	1	1	0	0	0	1	0	0	1	0	0	0	1	1	S
NMDC20557656	0	0	0	0	0	1	0	0	0	0	1	0	0	0	0	0	0	0	0	0	0	0	0	0	0	0	0	0	1	1	S
NMDC20553633	0	0	0	0	0	0	0	0	0	0	0	0	0	0	1	0	1	0	0	0	1	1	0	0	0	0	0	1	0	1	S
NMDC20551581	0	0	1	0	1	1	0	0	0	0	0	0	0	0	1	1	1	0	1	0	0	0	0	0	1	0	0	0	1	1	S
NMDC20585457	0	0	0	0	0	1	0	1	0	0	0	1	0	0	1	0	1	1	1	0	0	1	0	0	1	0	0	0	1	1	S
NMDC20555623	0	0	0	0	0	1	0	1	0	0	0	1	0	0	1	0	1	1	0	0	0	1	0	0	1	0	0	0	1	1	S
NMDC20555624	0	0	0	0	0	0	0	0	0	0	0	1	0	0	0	0	1	1	0	0	0	0	0	0	1	0	0	0	0	1	S
NMDC20585458	0	0	1	0	0	1	0	0	0	0	0	0	0	0	1	1	0	1	1	0	1	1	0	0	0	0	0	0	0	1	S
NMDC20555625	0	0	0	0	0	1	0	1	0	0	0	1	0	0	1	0	1	1	0	0	0	1	0	0	1	0	0	0	1	1	S
NMDC20551582	0	0	1	0	1	1	0	1	0	0	0	1	1	0	0	1	0	0	1	0	1	1	0	0	0	0	0	0	0	1	S
NMDC20551583	0	0	0	0	0	1	0	1	0	0	0	1	0	0	1	0	1	1	0	0	0	1	0	0	1	0	0	0	1	1	S
NMDC20585462	0	0	0	0	0	1	0	1	0	0	0	1	0	0	1	0	1	1	0	0	0	1	0	0	1	0	0	0	1	1	S
NMDC20551584	0	0	0	0	0	1	0	1	0	0	0	1	0	0	1	0	1	1	0	0	0	1	0	0	1	0	0	0	1	1	S
NMDC20557657	0	0	0	0	0	1	0	1	0	0	0	1	0	0	1	0	1	1	0	0	0	1	0	0	1	0	0	0	1	1	S
NMDC20553635	0	0	0	0	0	1	0	1	0	0	0	1	0	0	1	0	1	1	1	0	0	1	0	0	1	0	0	0	1	1	S
NMDC20551585	0	0	0	0	0	1	0	0	0	0	0	1	0	0	0	0	0	0	0	0	1	1	0	0	0	0	1	0	0	1	S
NMDC20553637	0	0	0	0	0	1	0	1	0	0	0	1	0	0	1	0	1	1	0	0	0	1	0	0	1	0	0	0	1	1	S
NMDC20585464	0	0	1	0	1	0	0	0	0	0	0	1	0	0	0	1	0	0	1	0	0	0	0	0	0	0	0	0	0	0	S
NMDC20551587	0	0	0	0	0	1	0	1	0	0	0	1	0	0	1	0	1	1	0	0	0	1	0	0	1	0	0	0	1	1	S
NMDC20585465	0	0	0	0	0	1	0	1	0	0	0	1	0	0	1	0	1	1	0	0	0	1	0	0	1	0	0	0	1	1	S
NMDC20585466	0	0	0	0	0	1	0	1	0	0	0	1	0	0	1	0	1	1	0	0	0	1	0	0	1	0	0	0	1	1	S
NMDC20551588	0	0	0	0	0	1	0	0	0	0	1	0	0	0	0	0	0	0	0	0	0	0	0	0	0	0	0	0	1	1	S
NMDC20555626	0	0	0	0	0	1	0	1	0	0	0	1	0	0	1	0	1	1	0	0	0	1	0	0	1	0	0	0	1	1	S
NMDC20551589	0	0	0	0	0	1	0	1	0	0	0	1	0	0	1	0	1	1	0	0	0	1	0	0	1	0	0	0	1	1	S
NMDC20551590	0	0	0	0	0	1	0	1	0	0	0	1	0	0	1	0	1	1	1	0	0	1	0	0	1	0	0	0	1	1	S
NMDC20585469	0	0	0	0	0	1	0	1	0	0	0	1	0	0	1	0	1	1	0	0	0	1	0	0	1	0	0	0	1	1	S
NMDC20555627	0	0	0	0	0	1	0	1	0	0	0	1	0	0	1	0	1	1	0	0	0	1	0	0	1	0	0	0	1	1	S
NMDC20553639	0	0	0	0	0	1	0	0	0	0	0	0	0	0	0	0	0	0	0	0	0	1	0	0	1	0	0	1	0	0	S
NMDC20585472	0	0	0	0	0	0	0	1	0	0	0	1	0	0	0	0	0	0	0	0	0	1	0	0	0	0	0	0	0	1	S
NMDC20585473	0	0	0	0	0	1	0	1	0	0	0	1	0	0	0	0	0	0	0	0	1	1	0	0	0	0	0	0	0	0	S
NMDC20585474	0	0	0	0	0	1	0	0	0	0	1	0	0	0	0	0	0	0	0	0	0	0	0	0	0	0	0	0	1	1	S
NMDC20585475	0	0	0	0	0	1	0	0	0	0	1	0	0	0	0	0	0	0	0	0	0	0	0	0	0	0	0	0	1	1	S
NMDC20551592	0	0	0	0	0	1	0	1	0	0	0	1	0	0	1	0	1	1	0	0	0	1	0	0	1	0	0	0	1	1	S
NMDC20553641	0	0	0	0	0	0	0	0	0	0	0	1	0	0	0	0	0	0	0	0	0	0	0	0	0	0	0	0	0	0	S
NMDC20557659	0	0	0	0	0	1	0	0	0	0	0	0	0	0	1	0	0	1	1	0	1	1	0	0	0	0	0	0	0	1	S
NMDC20553642	0	0	0	0	0	1	0	1	0	0	0	1	0	0	1	0	1	1	0	0	0	1	1	0	1	0	0	0	1	1	S
NMDC20585476	0	0	0	0	0	0	0	0	0	0	1	0	0	0	0	0	0	0	0	0	1	1	0	0	0	0	1	0	1	1	S
NMDC20585477	0	0	0	0	0	1	0	1	0	0	0	1	0	0	1	0	1	1	0	0	0	1	0	0	1	0	0	0	1	1	S
NMDC20551593	0	0	0	0	0	1	0	1	0	0	0	1	0	0	1	0	1	1	0	0	0	1	0	0	1	0	0	0	1	1	S
NMDC20557660	0	0	0	0	0	1	0	1	0	0	0	1	1	0	1	0	0	0	0	0	1	1	0	0	0	0	0	0	1	1	S
NMDC20585479	0	0	0	0	0	1	0	1	0	0	0	1	0	0	1	0	1	1	0	0	0	1	0	0	1	0	0	0	1	1	S
NMDC20585480	0	0	0	0	0	1	0	0	0	0	1	0	0	0	0	0	0	0	0	0	0	0	0	0	0	0	0	0	1	1	S
NMDC20551594	1	0	0	0	0	1	0	1	0	0	0	1	0	0	1	0	1	1	0	0	0	1	0	0	1	0	0	0	1	1	S
NMDC20553643	0	0	0	0	0	1	0	1	0	0	0	1	0	0	1	0	1	1	0	0	0	1	0	0	1	0	0	0	1	1	S
NMDC20555630	0	0	0	0	0	1	0	0	0	0	0	1	0	0	0	0	0	0	0	0	1	1	0	0	0	0	1	0	0	1	S
NMDC20585481	0	0	0	0	0	0	0	0	0	0	1	0	0	0	0	0	0	0	0	0	1	1	0	0	0	0	1	0	1	1	S
NMDC20555631	0	0	0	0	0	1	0	1	0	0	0	1	0	0	1	0	1	1	0	0	0	1	0	0	1	0	0	0	1	1	S
NMDC20557662	0	0	0	0	0	1	0	0	0	0	1	0	0	0	0	0	0	0	0	0	0	0	0	0	0	0	0	0	1	1	S
NMDC20555632	0	0	0	0	0	1	0	0	0	0	1	0	0	0	0	0	0	0	0	0	0	0	0	0	0	0	0	0	1	1	S
NMDC20555633	0	0	0	0	0	1	0	1	0	0	0	1	0	0	1	0	1	1	0	0	0	1	0	0	1	0	0	0	1	1	S
NMDC20551595	0	0	0	0	0	0	0	0	0	0	0	0	0	0	0	0	0	0	0	0	0	1	0	0	1	0	0	1	0	0	S
NMDC20555634	0	0	0	0	0	1	0	1	0	0	0	1	1	0	1	0	0	0	0	0	1	1	0	0	0	0	0	0	1	1	S
NMDC20585482	0	0	0	0	0	1	0	1	0	0	0	1	1	0	1	0	0	0	0	0	1	1	0	0	0	0	0	0	1	1	S
NMDC20553644	0	0	0	0	0	1	0	1	0	0	0	1	0	0	1	0	1	1	0	0	0	1	0	0	1	0	0	0	1	1	S
NMDC20551596	0	0	0	0	0	1	0	1	0	0	0	1	0	0	1	0	1	1	1	0	0	1	0	0	1	0	0	0	1	1	S
NMDC20585483	0	0	0	0	0	1	0	1	0	0	0	1	0	0	1	0	1	1	0	0	0	1	0	0	1	0	0	0	1	1	S
NMDC20585486	0	0	0	0	0	0	0	0	0	0	0	1	0	0	0	0	0	0	0	0	0	0	0	0	0	0	0	0	0	0	S
NMDC20585487	0	0	0	0	0	1	0	1	0	0	0	1	0	0	0	0	0	0	0	0	1	1	0	0	0	0	0	0	0	0	S
NMDC20585488	0	0	0	0	0	0	0	0	0	0	0	1	0	0	0	0	1	0	0	0	1	1	0	0	1	0	0	0	1	0	S
NMDC20585490	0	0	0	0	0	0	0	0	0	0	0	1	0	0	0	0	1	1	0	0	0	0	0	0	1	0	0	0	0	1	S
NMDC20585491	0	0	0	0	0	1	0	1	0	0	0	1	0	0	1	0	1	1	0	0	0	1	0	0	1	0	0	0	1	1	S
NMDC20585492	0	0	0	0	0	1	0	1	0	0	0	1	0	0	1	0	1	1	0	0	0	1	0	0	1	0	0	0	1	1	S
NMDC20585494	0	0	0	0	0	0	0	0	0	0	0	0	0	0	0	0	1	1	0	1	0	0	0	1	0	0	0	0	0	0	S
NMDC20585496	0	0	0	0	0	0	0	0	0	0	0	0	0	0	1	0	0	0	0	0	0	1	0	0	0	0	0	1	1	0	S
NMDC20585497	0	0	0	0	0	0	0	0	0	0	0	0	0	0	0	0	1	1	0	1	0	0	0	1	0	0	0	0	0	0	S
NMDC20585498	0	0	0	0	0	1	0	1	0	0	0	1	0	0	1	0	1	1	0	0	0	1	0	0	1	0	0	0	1	1	S
NMDC20585499	0	0	0	0	0	0	0	0	0	0	0	1	0	0	0	0	0	0	1	0	0	0	0	0	0	0	0	0	0	0	S
NMDC20585500	0	0	0	0	0	0	0	0	0	0	0	1	0	0	0	0	1	1	0	0	0	0	0	0	1	0	0	0	0	1	S
NMDC20585501	0	0	0	0	0	1	0	1	0	0	0	1	0	0	0	0	0	0	1	0	1	1	0	0	0	0	0	0	0	0	S
NMDC20585502	0	0	1	0	1	0	0	0	0	0	0	1	0	0	0	1	0	0	1	0	0	0	0	0	0	0	0	0	0	0	S
NMDC20585504	0	0	0	0	0	1	0	1	0	0	0	1	0	0	1	0	0	0	0	0	1	1	0	0	1	0	0	0	0	1	S
NMDC20585505	0	0	1	0	1	0	0	0	0	0	0	1	0	0	0	1	0	0	1	0	0	0	0	0	0	0	0	0	0	0	S
NMDC20585506	0	0	0	0	0	1	0	1	0	0	0	1	0	0	1	0	1	1	0	0	0	1	0	0	1	0	0	0	1	1	S
NMDC20585507	0	0	1	0	1	0	0	0	0	0	0	1	0	0	0	1	0	0	1	0	0	0	0	0	0	0	0	0	0	0	S
NMDC20585509	0	0	0	0	0	0	0	0	0	0	0	1	0	0	0	0	1	0	0	0	1	1	0	0	1	0	0	0	1	0	S
NMDC20585512	0	0	0	0	0	1	0	1	0	0	0	1	0	0	0	0	0	0	0	0	1	1	0	0	0	0	0	0	0	0	S
NMDC20585513	0	0	0	0	0	1	0	1	0	0	0	1	0	0	0	0	0	0	0	0	1	1	0	0	0	0	0	0	0	0	S
NMDC20585517	0	0	0	0	0	1	0	1	0	0	0	1	0	0	1	0	1	1	0	0	0	1	0	0	1	0	0	0	1	1	S
NMDC20585520	0	0	0	0	0	1	0	1	0	0	0	1	0	0	0	0	0	0	0	0	1	1	0	0	0	0	0	0	0	0	S
NMDC20585522	0	0	0	0	0	1	0	1	0	0	0	1	0	0	1	0	1	1	0	0	0	1	0	0	1	0	0	0	1	1	S
NMDC20585523	0	0	0	0	0	0	0	0	0	0	0	1	0	0	0	0	0	0	0	0	0	0	0	0	0	0	0	0	0	0	S
NMDC20585525	0	0	1	0	1	0	0	0	0	0	0	1	0	0	0	1	0	0	1	0	0	0	0	0	0	0	0	0	0	0	S
NMDC20585527	0	0	1	0	1	0	0	0	0	0	0	1	0	0	0	1	0	0	1	0	0	0	0	0	0	0	0	0	0	0	S
NMDC20585528	0	0	0	0	0	1	0	1	0	0	0	1	0	0	1	0	1	1	0	0	0	1	0	0	1	0	0	0	1	1	S
NMDC20585530	0	0	0	0	0	1	0	1	0	0	0	1	0	0	1	0	0	0	0	0	1	1	0	0	1	0	0	0	0	1	S
NMDC20585531	0	0	0	0	0	0	0	0	0	0	0	1	0	0	0	0	0	0	0	0	0	0	0	0	0	0	0	0	0	0	S
NMDC20585532	0	0	0	0	0	1	0	1	0	0	0	1	0	0	0	0	0	0	1	0	1	1	0	0	0	0	0	0	0	0	S
NMDC20585533	0	0	0	0	0	0	0	0	0	0	0	1	0	0	0	0	0	0	0	0	0	0	0	0	0	0	0	0	0	0	S
NMDC20585534	0	0	0	0	0	1	0	1	0	0	0	1	0	0	0	0	0	0	0	0	1	1	0	0	0	0	0	0	0	0	S
NMDC20585536	0	0	0	0	0	1	0	1	0	0	0	1	0	0	0	0	0	0	0	0	1	1	0	0	0	0	0	0	0	0	S
NMDC20585538	0	0	0	0	0	1	0	0	0	0	0	0	0	0	0	0	0	0	0	0	1	1	0	0	0	0	0	0	0	0	S
NMDC20585540	0	0	0	0	0	0	0	0	0	0	0	0	0	0	0	0	0	0	0	0	0	1	0	0	0	0	0	0	0	0	S
NMDC20585541	0	0	1	0	1	0	0	0	0	0	0	1	0	0	0	1	0	0	1	0	0	0	0	0	0	0	0	0	0	0	S
NMDC20585542	0	0	0	0	0	1	0	1	0	0	0	1	0	0	0	0	0	0	0	0	1	1	0	0	0	0	0	0	0	0	S
NMDC20585543	0	0	0	0	0	0	0	0	0	0	1	0	0	0	0	0	1	0	0	0	1	1	0	0	0	0	0	0	0	1	S
NMDC20585544	0	0	0	0	0	0	0	0	0	0	0	1	0	0	0	0	1	0	0	0	1	1	0	0	1	0	0	0	1	0	S
NMDC20585545	0	0	0	0	0	0	0	0	0	0	0	1	0	0	0	0	1	0	0	0	1	1	0	0	1	0	0	0	1	0	S
NMDC20585546	0	0	0	0	0	0	0	0	0	0	0	1	0	0	0	0	1	0	0	0	1	1	0	0	1	0	0	0	1	0	S
NMDC20585548	0	0	0	0	0	1	0	1	0	0	0	1	0	0	1	0	1	1	0	0	0	1	0	0	1	0	0	0	1	1	S
NMDC20585550	0	0	0	0	0	1	0	1	0	0	0	1	0	0	0	0	0	0	0	0	1	1	0	0	0	0	0	0	0	0	S
NMDC20585551	0	0	1	0	1	0	0	0	0	0	0	1	0	0	0	1	0	0	1	0	0	0	0	0	0	0	0	0	0	0	S
NMDC20585552	0	0	0	0	0	1	0	1	0	0	0	1	0	0	1	0	1	1	0	0	0	1	0	0	1	0	0	0	1	1	S
NMDC20585553	0	0	0	0	0	0	0	0	0	0	0	1	0	0	0	0	1	0	0	0	1	1	0	0	1	0	0	0	1	0	S
NMDC20585554	0	0	0	0	0	0	0	0	0	0	0	1	0	0	0	0	1	0	0	0	1	1	0	0	1	0	0	0	1	0	S
NMDC20585555	0	0	1	0	1	0	0	0	0	0	0	1	0	0	0	1	0	0	1	0	0	0	0	0	0	0	0	0	0	0	S
NMDC20585557	0	0	0	0	0	0	0	0	0	0	0	1	0	0	0	0	1	0	0	0	1	1	0	0	1	0	0	0	1	0	S
NMDC20585558	0	0	1	0	1	0	0	0	0	0	0	1	0	0	0	1	0	0	1	0	0	0	0	0	0	0	0	0	0	0	S
NMDC20585560	0	0	0	0	0	1	0	1	0	0	0	1	0	0	1	0	1	1	0	0	0	1	0	0	1	0	0	0	1	1	S
NMDC20585562	0	0	0	0	0	1	0	1	0	0	0	1	0	0	1	0	1	1	1	0	0	1	0	0	1	0	0	0	1	1	S
NMDC20585564	0	0	0	0	0	1	0	1	0	0	0	1	0	0	1	0	1	1	1	0	0	1	0	0	1	0	0	0	1	1	S
NMDC20585565	0	0	0	0	0	1	0	1	0	0	0	1	0	0	1	0	1	1	0	0	0	1	0	0	1	0	0	0	1	1	S
NMDC20585568	0	0	0	0	0	0	0	1	0	0	0	1	0	0	0	0	0	0	0	0	1	0	0	0	0	0	1	0	0	1	S
NMDC20585569	0	0	0	0	0	1	0	1	0	0	0	1	0	0	0	0	0	0	0	0	1	1	0	0	0	0	0	0	0	0	S
NMDC20553645	0	0	0	0	0	1	0	1	0	0	0	1	0	0	1	0	1	1	0	0	0	1	0	0	1	0	0	0	1	1	S
NMDC20555637	0	0	0	0	0	1	0	0	0	0	1	0	0	0	0	0	0	0	0	0	0	0	0	0	0	0	0	0	1	1	S
NMDC20555638	0	0	0	0	0	1	0	0	0	0	1	0	0	0	0	0	0	0	0	0	0	0	0	0	0	0	0	0	1	1	S
NMDC20557663	0	0	0	0	0	1	0	0	0	0	1	0	0	0	0	0	0	0	0	0	0	0	0	0	0	0	0	0	1	1	S
NMDC20585570	0	0	0	0	0	1	0	0	0	0	1	0	0	0	0	0	0	0	0	0	0	0	0	0	0	0	0	0	1	1	S
NMDC20585571	0	0	0	0	0	1	0	0	0	0	1	0	0	0	0	0	0	0	0	0	0	0	0	0	0	0	0	0	1	1	S
NMDC20585572	0	0	0	0	0	1	0	0	0	0	1	0	0	0	0	0	0	0	0	0	0	0	0	0	0	0	0	0	1	1	S
NMDC20585573	0	0	0	0	0	1	0	0	0	0	1	0	0	0	0	0	0	0	0	0	0	0	0	0	0	0	0	0	1	1	S
NMDC20553646	0	0	0	0	0	1	0	0	0	0	1	0	0	0	0	0	0	0	0	0	0	0	0	0	0	0	0	0	1	1	S
NMDC20585574	0	0	0	0	0	1	0	0	0	0	1	0	0	0	0	0	0	0	0	0	0	0	0	0	0	0	0	0	1	1	S
NMDC20553647	0	0	0	0	0	1	0	0	0	0	1	0	0	0	0	0	0	0	0	0	0	0	0	0	0	0	0	0	1	1	S
NMDC20557665	0	0	0	0	0	1	0	0	0	0	1	0	0	0	0	0	0	0	0	0	0	0	0	0	0	0	0	0	1	1	S
NMDC20585576	0	0	0	0	0	1	0	0	0	0	1	0	0	0	0	0	0	0	0	0	0	0	0	0	0	0	0	0	1	1	S
NMDC20555726	0	0	0	0	0	1	0	0	0	0	1	0	0	0	0	0	0	0	0	0	0	0	0	0	0	0	0	0	1	1	S
NMDC20551599	0	0	0	0	0	1	0	1	0	0	0	1	0	0	1	0	1	1	1	0	0	1	0	0	1	0	0	0	1	1	S
NMDC20555639	0	0	0	0	0	1	0	0	0	0	1	0	0	0	0	0	0	0	0	0	0	0	0	0	0	0	0	0	1	1	S
NMDC20585577	0	0	0	0	0	1	0	0	0	0	0	0	0	0	1	0	0	1	1	0	1	1	0	0	0	0	0	0	0	1	S
NMDC20585579	0	0	1	0	1	0	0	0	0	0	0	1	0	0	0	1	0	0	1	0	0	0	0	0	0	0	0	0	0	0	S
NMDC20555640	0	0	0	0	0	1	0	0	0	0	1	0	0	0	0	0	0	0	0	0	0	0	0	0	0	0	0	0	1	1	S
NMDC20553649	0	0	0	0	0	1	0	1	0	0	0	1	0	0	1	0	1	1	0	0	1	0	0	0	1	0	1	0	0	1	S
NMDC20551602	0	0	1	0	1	0	0	0	0	0	0	1	0	0	0	1	0	0	1	0	0	0	0	0	0	0	0	0	0	0	S
NMDC20585581	0	0	0	0	0	0	0	0	0	0	0	0	0	0	0	0	1	1	0	1	0	0	0	1	0	0	0	0	0	0	S
NMDC20555641	0	0	0	0	0	1	0	1	0	0	0	1	0	0	1	0	1	1	0	0	0	1	0	0	1	0	0	0	1	1	S
NMDC20555642	0	0	0	0	0	1	0	0	0	0	1	0	0	0	0	0	0	0	0	0	0	0	0	0	0	0	0	0	1	1	S
NMDC20585582	0	0	0	0	0	1	0	0	0	0	1	0	0	0	0	0	0	0	0	0	0	0	0	0	0	0	0	0	1	1	S
NMDC20585583	0	0	0	0	0	1	0	0	0	0	1	0	0	0	0	0	0	0	0	0	0	0	0	0	0	0	0	0	1	1	S
NMDC20585584	0	0	0	0	0	1	0	0	0	0	1	0	0	0	0	0	0	0	0	0	0	0	0	0	0	0	0	0	1	1	S
NMDC20555643	0	0	0	0	0	1	0	0	0	0	1	0	0	0	0	0	0	0	0	0	0	0	0	0	0	0	0	0	1	1	S
NMDC20585585	0	0	0	0	0	1	0	0	0	0	1	0	0	0	0	0	0	0	0	0	0	0	0	0	0	0	0	0	1	1	S
NMDC20585586	0	0	0	0	0	0	0	0	0	0	0	0	0	0	0	0	1	1	0	1	0	0	0	1	0	0	0	0	0	0	S
NMDC20557667	0	0	0	0	0	1	0	1	0	0	0	1	0	0	1	0	1	1	0	0	0	1	0	0	1	0	0	0	1	1	S
NMDC20557668	0	0	0	0	0	1	0	1	0	0	0	1	0	0	0	0	0	0	1	0	1	1	0	0	0	0	0	0	0	0	S
NMDC20551604	0	0	0	0	0	1	0	0	0	0	0	1	0	0	0	0	0	0	0	0	1	1	0	0	0	0	1	0	1	0	S
NMDC20585588	0	0	1	0	1	0	0	0	0	0	0	1	0	0	0	1	0	0	1	0	0	0	0	0	0	0	0	0	0	0	S
NMDC20585589	0	0	1	0	1	0	0	0	0	0	0	1	0	0	0	1	0	0	1	0	0	0	0	0	0	0	0	0	0	0	S
NMDC20585592	0	0	0	0	0	1	0	0	0	0	0	1	0	0	0	0	0	0	0	0	1	1	0	0	0	0	1	0	0	1	S
NMDC20585593	0	0	0	0	0	1	0	1	0	0	0	1	0	0	1	0	1	1	0	0	0	1	0	0	1	0	0	0	1	1	S
NMDC20555645	0	0	0	0	0	1	0	0	0	0	1	0	0	0	0	0	0	0	0	0	0	0	0	0	0	0	0	0	1	1	S
NMDC20585594	0	0	0	0	0	1	0	1	0	0	0	1	0	0	1	0	1	1	0	0	1	0	0	0	1	0	1	0	0	1	S
NMDC20585595	0	0	0	0	0	1	0	0	0	0	1	0	0	0	0	0	0	0	0	0	0	0	0	0	0	0	0	0	1	1	S
NMDC20585596	0	0	0	0	0	1	0	1	0	0	0	1	0	0	1	0	1	1	0	0	0	1	0	0	1	0	0	0	1	1	S
NMDC20585597	0	0	1	0	0	1	0	1	0	0	0	1	0	0	1	1	1	1	0	0	0	1	0	0	1	0	0	0	1	1	S
NMDC20585599	0	0	0	0	0	1	0	1	0	0	0	1	0	0	1	0	1	1	0	0	0	1	1	0	1	0	0	0	1	1	S
NMDC20585601	0	0	0	0	0	1	0	1	0	0	0	1	0	0	1	0	0	0	0	0	1	1	0	0	1	0	0	0	0	1	S
NMDC20585603	0	0	0	0	0	0	0	1	0	0	0	1	1	0	1	0	0	0	0	0	1	1	0	0	0	0	0	0	0	1	S
NMDC20585604	0	0	0	0	0	0	0	0	0	0	0	1	0	0	0	0	1	1	0	0	0	0	0	0	1	0	0	0	0	1	S
NMDC20557670	0	0	0	0	0	1	0	1	0	0	0	1	0	0	1	0	1	1	1	0	0	1	0	0	1	0	0	0	1	1	S
NMDC20557671	0	0	0	0	0	1	0	1	0	0	0	1	0	0	1	0	1	1	0	0	0	1	0	0	1	0	0	0	1	1	S
NMDC20585606	0	0	0	0	0	1	0	1	0	0	0	1	0	0	1	0	1	1	0	0	0	1	0	0	1	0	0	0	1	1	S
NMDC20551605	0	0	0	0	0	1	0	1	0	0	0	1	0	0	0	0	0	0	0	0	0	0	0	1	0	0	0	0	1	1	S
NMDC20555646	0	0	0	0	0	1	0	1	0	0	0	1	0	0	1	0	1	1	0	0	0	1	0	0	1	0	0	0	1	1	S
NMDC20557673	0	0	0	0	0	1	0	1	0	0	0	1	0	0	1	0	1	1	0	0	0	1	0	0	1	0	0	0	1	1	S
NMDC20551606	0	0	0	0	0	1	0	1	0	0	0	1	0	0	1	0	1	1	0	0	0	1	0	0	1	0	0	0	1	1	S
NMDC20585607	0	0	0	0	0	1	0	1	0	0	0	1	0	0	1	0	1	1	0	0	0	1	0	0	1	0	0	0	1	1	S
NMDC20585608	0	0	0	0	0	1	0	1	0	0	0	1	0	0	1	0	1	1	1	0	0	1	0	0	1	0	0	0	1	1	S
NMDC20585610	0	0	0	0	0	1	0	1	0	0	0	1	0	0	1	0	1	1	0	0	0	1	0	0	1	0	0	0	1	1	S
NMDC20555647	0	0	0	0	0	0	0	0	0	0	0	0	0	0	0	0	0	0	0	0	0	1	0	0	1	0	0	1	0	0	S
NMDC20585611	0	0	0	0	0	1	0	1	0	0	0	1	0	0	0	0	0	0	0	0	1	1	0	0	0	0	0	0	0	0	S
NMDC20553652	0	0	0	0	0	0	0	0	0	0	0	1	0	0	0	0	1	0	0	0	1	1	0	0	1	0	0	0	1	0	S
NMDC20585612	0	0	0	0	0	0	0	0	0	0	0	0	0	0	0	0	1	1	0	1	0	0	0	1	0	0	0	0	0	0	S
NMDC20553653	0	0	1	0	1	0	0	0	0	0	0	1	0	0	0	1	0	0	1	0	0	0	0	0	0	0	0	0	0	0	S
NMDC20551607	0	0	1	0	1	0	0	0	0	0	0	1	0	0	0	1	0	0	1	0	0	0	0	0	0	0	0	0	0	0	S
NMDC20557675	0	0	0	0	0	1	0	1	0	0	0	1	0	0	1	0	1	1	0	0	0	1	0	0	1	0	0	0	1	1	S
NMDC20585613	0	0	0	0	0	1	0	1	0	0	0	1	0	0	1	0	1	1	0	0	0	1	0	0	1	0	0	0	1	1	S
NMDC20551609	0	0	0	0	0	1	0	1	0	0	0	1	0	0	1	0	1	1	0	0	0	1	0	0	1	0	0	0	1	1	S
NMDC20551611	0	0	0	0	0	1	0	1	0	0	0	1	0	0	1	0	1	1	1	0	0	1	0	0	1	0	0	0	1	1	S
NMDC20585614	0	0	0	0	0	1	0	1	0	0	0	1	0	0	1	0	1	1	0	0	0	1	0	0	1	0	0	0	1	1	S
NMDC20551612	0	0	0	0	0	0	0	0	0	0	0	0	0	0	0	0	1	1	0	1	0	0	0	1	0	0	0	0	0	0	S
NMDC20553654	0	0	0	0	0	1	0	0	0	0	1	0	0	0	0	0	0	0	0	0	0	0	0	0	0	0	0	0	1	1	S
NMDC20557677	0	0	0	0	0	1	0	1	0	0	0	1	0	0	1	0	1	1	0	0	0	1	0	0	1	0	0	0	1	1	S
NMDC20585615	0	0	0	0	0	1	0	0	0	0	1	1	0	0	0	0	0	0	1	0	1	1	0	0	0	0	1	0	1	0	S
NMDC20551613	0	0	0	0	0	1	0	1	0	0	0	1	0	0	1	0	1	1	0	0	0	1	0	0	1	0	0	0	1	1	S
NMDC20555649	0	0	0	0	0	1	0	1	0	0	0	1	0	0	1	0	1	1	0	0	0	1	0	0	1	0	0	0	1	1	S
NMDC20557678	0	0	0	0	0	1	0	1	0	0	0	1	0	0	1	0	1	1	0	0	0	1	0	0	1	0	0	0	1	1	S
NMDC20585616	0	0	1	0	1	0	0	0	0	0	0	1	0	0	0	1	0	0	1	0	0	0	0	0	0	0	0	0	0	0	S
NMDC20553656	0	0	0	0	0	1	0	1	0	0	0	1	0	0	0	0	0	0	0	0	1	1	0	0	0	0	0	0	0	0	S
NMDC20551614	0	0	0	0	0	1	0	1	0	0	0	1	0	0	1	0	1	1	0	0	0	1	0	0	1	0	0	0	1	1	S
NMDC20585617	0	0	0	0	0	1	0	1	0	0	0	1	0	0	1	0	1	1	0	0	0	1	0	0	1	0	0	0	1	1	S
NMDC20585618	0	0	0	0	0	1	0	0	0	0	1	0	0	0	0	0	0	0	0	0	0	0	0	0	0	0	0	0	1	1	S
NMDC20585619	0	0	0	0	0	1	0	0	0	0	1	0	0	0	0	0	0	0	0	0	0	0	0	0	0	0	0	0	1	1	S
NMDC20585620	0	0	0	0	0	0	0	1	0	0	0	1	0	0	0	0	0	1	0	0	1	1	0	1	0	0	0	0	0	1	S
NMDC20557679	0	0	0	0	0	1	0	1	0	0	0	1	0	0	1	0	1	1	0	0	0	1	0	0	1	0	0	0	1	1	S
NMDC20585622	0	0	0	0	0	1	0	1	0	0	0	1	0	0	1	0	1	1	0	0	0	1	0	0	1	0	0	0	1	1	S
NMDC20555650	0	0	0	0	0	1	0	0	0	0	1	0	0	0	0	0	0	0	0	0	0	0	0	0	0	0	0	0	1	1	S
NMDC20555651	0	0	0	0	0	1	0	1	0	0	0	1	0	0	1	0	1	1	0	0	0	1	0	0	1	0	0	0	1	1	S
NMDC20585624	0	0	0	0	0	0	0	0	0	0	0	0	0	0	1	0	0	0	0	1	0	1	0	0	0	0	0	0	0	0	S
NMDC20585625	0	0	0	0	0	1	0	1	0	0	0	1	0	0	1	0	1	1	0	0	0	1	0	0	1	0	0	0	1	1	S
NMDC20585626	0	0	0	0	0	1	0	1	0	0	0	1	0	0	1	0	1	1	0	0	0	1	0	0	1	0	0	0	1	1	S
NMDC20585627	0	0	0	0	0	1	0	1	0	0	0	1	0	0	1	0	1	1	0	0	0	1	0	0	1	0	0	0	1	1	S
NMDC20585628	1	0	1	0	0	1	0	0	0	0	0	1	0	0	0	1	0	0	0	0	0	1	0	0	0	0	0	0	0	0	S
NMDC20585630	0	0	0	0	0	0	0	0	0	0	0	0	0	0	1	0	0	0	0	0	0	1	1	0	0	0	0	1	1	0	S
NMDC20585631	0	0	0	0	0	0	0	0	0	0	0	1	0	0	0	0	1	0	0	0	1	1	0	0	1	0	0	0	1	0	S
NMDC20585632	0	0	1	0	1	0	0	0	0	0	0	1	0	0	0	1	0	0	1	0	0	0	0	0	0	0	0	0	0	0	S
NMDC20557681	0	0	0	0	0	0	0	1	0	0	0	1	0	0	0	0	0	0	0	0	0	0	0	0	0	0	1	0	0	1	S
NMDC20557682	0	0	0	0	0	0	0	0	0	0	0	0	0	0	0	0	1	1	0	1	0	0	0	1	0	0	0	0	0	0	S
NMDC20585634	0	0	0	0	0	1	0	1	0	0	0	1	0	0	1	0	1	1	0	0	0	1	0	0	1	0	0	0	1	1	S
NMDC20585635	0	0	0	0	0	0	0	0	0	0	0	1	0	0	0	0	1	0	0	0	1	1	0	0	1	0	0	0	1	0	S
NMDC20585636	0	0	0	0	0	1	0	0	0	0	1	0	0	0	0	0	0	0	0	0	0	0	0	0	0	0	0	0	1	1	S
NMDC20551615	0	0	0	0	0	1	0	1	0	0	0	1	0	0	1	0	1	1	0	0	0	1	0	0	1	0	0	0	1	1	S
NMDC20585637	0	0	0	0	0	1	0	1	0	0	0	1	0	0	1	0	1	1	0	0	0	1	0	0	1	0	0	0	1	1	S
NMDC20585638	0	0	0	0	0	1	0	1	0	0	0	1	0	0	1	0	1	1	0	0	0	1	0	0	1	0	0	0	1	1	S
NMDC20555654	0	0	0	0	0	1	0	1	0	0	0	1	0	0	1	0	1	1	0	0	0	1	0	0	1	0	0	0	1	1	S
NMDC20585639	0	0	0	0	0	1	0	1	0	0	0	1	0	0	1	0	1	1	0	0	0	1	0	0	1	0	0	0	1	1	S
NMDC20585640	0	0	0	0	0	1	0	1	0	0	0	1	0	0	1	0	1	1	0	0	0	1	0	0	1	0	0	0	1	1	S
NMDC20585641	0	0	0	0	0	1	0	1	0	0	0	1	0	0	1	0	1	1	0	0	0	1	0	0	1	0	0	0	1	1	S
NMDC20553658	0	0	0	0	0	1	0	1	0	0	0	1	0	0	1	0	1	1	0	0	0	1	0	0	1	0	0	0	1	1	S
NMDC20585643	0	0	0	0	0	0	0	1	0	0	0	1	0	0	0	0	0	0	0	0	0	1	0	0	0	0	0	0	0	1	S
NMDC20585645	0	0	0	0	0	1	0	1	0	0	0	1	0	0	1	0	1	1	0	0	0	1	0	0	1	0	0	0	1	1	S
NMDC20551617	0	0	0	0	0	1	0	1	0	0	0	1	0	0	1	0	1	1	0	0	0	1	0	0	1	0	0	0	1	1	S
NMDC20585646	0	0	0	0	0	1	0	0	0	0	0	0	0	0	0	0	0	1	0	0	0	0	0	0	0	0	1	0	1	1	S
NMDC20557685	0	0	0	0	0	1	0	1	0	0	0	1	0	0	1	0	1	1	0	0	0	1	0	0	1	0	0	0	1	1	S
NMDC20553660	0	0	0	0	0	0	0	1	0	0	0	1	0	0	0	0	0	0	0	0	0	1	0	0	0	0	0	0	0	1	S
NMDC20553661	0	0	0	0	0	1	0	1	0	0	0	1	0	0	1	0	1	1	0	0	0	1	0	0	1	0	0	0	1	1	S
NMDC20551618	0	0	1	0	1	0	0	0	0	0	0	1	0	0	0	1	0	0	1	0	0	0	0	0	0	0	0	0	0	0	S
NMDC20551620	0	0	0	0	0	0	0	0	0	0	0	0	0	0	0	0	0	0	0	0	0	1	0	0	0	0	0	0	0	0	S
NMDC20585647	0	0	0	0	0	0	0	0	0	0	0	1	0	0	0	0	0	0	0	0	0	0	0	0	0	0	0	0	0	0	S
NMDC20585648	0	0	0	0	0	1	0	1	0	0	0	1	0	0	1	0	1	1	0	0	0	1	0	0	1	0	0	0	1	1	S
NMDC20555656	0	0	0	0	0	0	0	1	0	0	0	1	0	0	0	0	0	0	0	0	0	1	0	0	0	0	0	0	0	1	S
NMDC20585650	0	0	0	0	0	1	0	1	0	0	0	1	0	0	1	0	1	1	0	0	0	1	0	0	1	0	0	0	1	1	S
NMDC20551621	0	0	0	0	0	1	0	1	0	0	0	1	0	0	1	0	1	1	0	0	0	1	0	0	1	0	0	0	1	1	S
NMDC20585651	0	0	0	0	0	1	0	0	0	0	1	0	0	0	0	0	0	0	0	0	0	0	0	0	0	0	0	0	1	1	S
NMDC20557686	0	0	0	0	0	1	0	1	0	0	0	1	0	0	1	0	1	1	0	0	0	1	0	0	1	0	0	0	1	1	S
NMDC20557688	0	0	0	0	0	1	0	1	0	0	0	1	0	0	1	0	1	1	0	0	0	1	0	0	1	0	0	0	1	1	S
NMDC20585652	0	0	0	0	0	1	0	1	0	0	0	1	0	0	1	0	1	1	0	0	0	1	0	0	1	0	0	0	1	1	S
NMDC20551622	0	0	0	0	0	1	0	0	0	0	0	1	0	0	0	0	0	0	0	0	0	1	0	0	0	0	0	1	1	1	S
NMDC20557689	0	0	0	0	0	1	0	1	0	0	0	1	0	0	1	0	1	1	0	0	0	1	0	0	1	0	0	0	1	1	S
NMDC20585653	0	0	0	0	0	1	0	1	0	0	0	1	0	0	1	0	1	1	0	0	0	1	0	0	1	0	0	0	1	1	S
NMDC20585654	0	0	0	0	0	1	0	0	0	0	1	0	0	0	0	0	0	0	0	0	0	0	0	0	0	0	0	0	1	1	S
NMDC20585655	0	0	0	0	0	1	0	1	0	0	0	1	0	0	1	0	1	1	1	0	0	1	0	0	1	0	0	0	1	1	S
NMDC20551623	0	0	0	0	0	1	0	1	0	0	0	1	0	0	1	0	1	1	0	0	0	1	0	0	1	0	0	0	1	1	S
NMDC20551624	0	0	0	0	0	1	0	1	0	0	0	1	0	0	1	0	1	1	0	0	0	1	1	0	1	0	0	0	1	1	S
NMDC20551625	0	0	0	0	0	0	0	0	0	0	0	0	0	0	1	0	0	0	0	0	0	1	0	0	0	0	0	1	1	0	S
NMDC20553663	0	0	0	0	0	0	0	0	0	0	0	1	0	0	0	0	1	0	0	0	1	1	0	0	1	0	0	0	1	0	S
NMDC20585656	0	0	0	0	0	1	0	0	0	0	0	0	0	0	0	0	0	0	0	0	0	0	0	0	1	0	1	0	1	0	S
NMDC20555660	0	0	0	0	0	1	0	1	0	0	0	1	0	0	1	0	1	1	0	0	1	0	0	0	1	0	1	0	0	1	S
NMDC20555661	0	0	0	0	0	0	0	0	0	0	0	0	0	0	1	0	0	0	0	0	0	1	0	0	0	0	0	1	1	0	S
NMDC20585657	0	0	0	0	0	1	0	1	0	0	0	1	0	0	1	0	1	1	0	0	0	1	0	0	1	0	0	0	1	1	S
NMDC20585658	0	0	0	0	0	1	0	1	0	0	0	1	0	0	1	0	1	1	0	0	0	1	1	0	1	0	0	0	1	1	S
NMDC20585660	0	0	0	0	0	1	0	0	0	0	1	0	0	0	0	0	0	0	0	0	0	0	0	0	0	0	0	0	1	1	S
NMDC20551626	0	0	0	0	0	1	0	1	0	0	0	1	0	0	1	0	1	1	0	0	1	0	0	0	1	0	1	0	0	1	S
NMDC20553664	0	0	0	0	0	1	0	1	0	0	0	1	0	0	0	0	0	0	0	0	1	1	0	0	0	0	0	0	0	0	S
NMDC20553665	0	0	0	0	0	1	0	1	0	0	0	1	0	0	1	0	1	1	0	0	1	0	0	0	1	0	1	0	0	1	S
NMDC20555662	0	0	0	0	0	1	0	1	0	0	0	1	0	0	1	0	1	1	1	0	0	1	0	0	1	0	0	0	1	1	S
NMDC20585661	0	0	0	0	0	1	0	1	0	0	0	1	0	0	1	0	1	1	0	0	1	0	0	0	1	0	1	0	0	1	S
NMDC20585664	0	0	0	0	0	1	0	0	0	0	0	1	0	0	1	0	0	1	0	0	0	0	0	0	0	0	1	0	1	1	S
NMDC20585665	0	0	0	0	0	0	0	1	0	0	0	1	0	0	0	0	0	0	0	0	0	0	0	0	0	0	1	0	0	1	S
NMDC20585666	0	0	0	0	0	1	0	0	0	0	0	1	0	0	0	0	0	0	0	0	0	1	0	0	0	0	0	1	0	0	S
NMDC20585668	0	0	0	0	0	1	0	0	0	0	0	1	0	0	1	0	0	1	0	1	1	1	0	0	0	0	1	0	1	1	S
NMDC20585669	0	0	0	0	0	1	0	1	0	0	0	1	0	0	1	0	0	1	1	0	0	1	0	0	0	0	0	0	0	0	S
NMDC20585671	0	0	0	0	0	1	0	0	0	0	0	1	0	0	0	0	0	0	0	0	1	1	0	0	0	0	1	0	1	0	S
NMDC20585673	0	0	0	0	0	0	0	0	0	0	0	1	0	0	0	0	0	0	0	0	0	0	0	0	0	0	0	0	0	0	S
NMDC20585675	0	0	0	0	0	1	0	1	0	0	0	1	0	0	0	0	0	0	0	0	0	0	0	1	0	0	0	0	1	1	S
NMDC20585676	0	0	0	0	0	1	0	0	0	0	1	0	0	0	0	0	0	0	0	0	0	0	0	0	0	0	0	0	1	1	S
NMDC20585680	0	0	0	0	0	1	0	0	0	0	1	0	0	0	0	0	0	0	0	0	0	0	0	0	0	0	0	0	1	1	S
NMDC20557691	0	0	0	0	0	0	0	0	0	0	0	1	1	0	0	0	0	0	0	0	1	1	0	0	0	0	0	0	0	1	S
NMDC20585681	0	0	0	0	0	1	0	1	0	0	0	1	0	0	1	0	1	1	0	0	0	1	0	0	1	0	0	0	1	1	S
NMDC20585682	0	0	0	0	0	1	0	1	0	0	0	1	0	0	1	0	1	1	0	0	0	1	0	0	1	0	0	0	1	1	S
NMDC20585683	0	0	0	0	0	1	0	1	0	0	0	1	0	0	1	0	1	1	0	0	0	1	0	0	1	0	0	0	1	1	S
NMDC20553666	0	0	0	0	0	1	0	0	0	0	1	0	0	0	0	0	0	0	0	0	0	0	0	0	0	0	0	0	1	1	S
NMDC20585684	0	0	0	0	0	0	0	1	0	0	0	1	0	0	0	0	0	0	0	0	0	1	0	0	0	0	0	0	0	1	S
NMDC20555663	0	0	0	0	0	1	0	1	0	0	0	1	0	0	1	0	1	1	0	0	0	1	0	0	1	0	0	0	1	1	S
NMDC20585685	0	0	0	0	0	1	0	0	0	0	1	0	0	0	0	0	0	0	0	0	0	0	0	0	0	0	0	0	1	1	S
NMDC20585686	0	0	0	0	0	1	0	0	0	0	0	1	0	0	0	0	0	0	1	0	0	1	1	0	0	0	0	0	0	0	S
NMDC20551627	0	0	0	0	0	1	0	1	0	0	0	1	0	0	1	0	1	1	0	0	0	1	0	0	1	0	0	0	1	1	S
NMDC20585687	0	0	0	0	0	1	0	1	0	0	0	1	0	0	1	0	1	1	0	0	0	1	0	0	1	0	0	0	1	1	S
NMDC20551628	0	0	1	0	1	0	0	0	0	0	0	1	0	0	0	1	0	0	1	0	0	0	0	0	0	0	0	0	0	0	S
NMDC20585689	0	0	0	0	0	1	0	1	0	0	0	1	0	0	1	0	1	1	0	0	0	1	0	0	1	0	0	0	1	1	S
NMDC20557692	0	0	0	0	0	1	0	1	0	0	0	1	0	0	1	0	1	1	0	0	0	1	0	0	1	0	0	0	1	1	S
NMDC20585690	0	0	0	0	0	0	0	1	0	0	0	1	0	0	0	0	1	0	0	0	1	0	0	0	0	0	1	0	0	1	S
NMDC20551629	0	0	0	0	0	1	0	0	0	0	1	0	0	0	0	0	0	0	0	0	0	0	0	0	0	0	0	0	1	1	S
NMDC20585691	0	0	0	0	0	1	0	1	0	0	0	1	0	0	1	0	1	1	1	0	0	1	0	0	1	0	0	0	1	1	S
NMDC20585693	0	0	1	0	1	0	0	0	0	0	0	1	0	0	0	1	0	0	1	0	0	0	0	0	0	0	0	0	0	0	S
NMDC20553667	0	0	0	0	0	0	0	0	0	0	0	0	0	0	0	0	1	1	0	1	0	0	0	1	0	0	0	0	0	0	S
NMDC20585695	0	0	0	0	0	1	0	1	0	0	0	1	0	0	1	0	1	1	0	0	0	1	0	0	1	0	0	0	1	1	S
NMDC20557694	0	0	0	0	0	0	0	0	0	0	0	1	0	0	0	0	1	0	0	0	1	1	0	0	1	0	0	0	1	0	S
NMDC20553668	0	0	0	0	0	1	0	1	0	0	0	1	0	0	1	0	1	1	0	0	0	1	0	0	1	0	0	0	1	1	S
NMDC20555666	0	0	0	0	0	1	0	1	0	0	0	1	0	0	1	0	1	1	0	0	0	1	0	0	1	0	0	0	1	1	S
NMDC20585696	0	0	0	0	0	1	0	1	0	0	0	1	0	0	1	0	1	1	0	0	0	1	0	0	1	0	0	0	1	1	S
NMDC20585697	0	0	0	0	0	1	0	1	0	0	0	1	0	0	1	0	1	1	0	0	0	1	0	0	1	0	0	0	1	1	S
NMDC20555667	0	0	0	0	0	1	0	1	0	0	0	1	0	0	1	0	1	1	0	0	0	1	0	0	1	0	0	0	1	1	S
NMDC20557695	0	0	0	0	0	1	0	0	0	0	1	0	0	0	0	0	0	0	0	0	0	0	0	0	0	0	0	0	1	1	S
NMDC20585698	0	0	0	0	0	1	0	1	0	0	0	1	0	0	1	0	1	1	0	0	0	1	0	0	1	0	0	0	1	1	S
NMDC20585699	0	0	0	0	0	1	0	0	0	0	1	1	1	0	1	0	0	1	0	0	0	0	0	0	0	0	1	0	1	1	S
NMDC20551630	0	0	0	0	0	1	0	1	0	0	0	1	0	0	1	0	1	1	0	0	0	1	0	0	1	0	0	0	1	1	S
NMDC20555669	0	0	0	0	0	1	0	1	0	0	0	1	0	0	1	0	1	1	0	0	0	1	0	0	1	0	0	0	1	1	S
NMDC20551631	0	0	1	0	1	0	0	0	0	0	0	1	0	0	0	1	0	0	1	0	0	0	0	0	0	0	0	0	0	0	S
NMDC20555670	0	0	0	0	0	1	0	0	0	0	1	0	0	0	0	0	0	0	0	0	0	0	0	0	0	0	0	0	1	1	S
NMDC20557696	0	0	0	0	0	1	0	0	0	0	1	0	0	0	0	0	0	0	0	0	0	0	0	0	0	0	0	0	1	1	S
NMDC20551632	0	0	0	0	0	1	0	0	0	0	1	0	0	0	0	0	0	0	0	0	0	0	0	0	0	0	0	0	1	1	S
NMDC20585701	0	0	0	0	0	1	0	0	0	0	1	0	0	0	0	0	0	0	0	0	0	0	0	0	0	0	0	0	1	1	S
NMDC20585702	0	0	0	0	0	1	0	0	0	0	1	0	0	0	0	0	0	0	0	0	0	0	0	0	0	0	0	0	1	1	S
NMDC20553670	0	0	0	0	0	1	0	0	0	0	1	0	0	0	0	0	0	0	0	0	0	0	0	0	0	0	0	0	1	1	S
NMDC20555671	0	0	0	0	0	1	0	0	0	0	1	0	0	0	0	0	0	0	0	0	0	0	0	0	0	0	0	0	1	1	S
NMDC20551633	0	0	0	0	0	1	0	0	0	0	1	0	0	0	0	0	0	0	0	0	0	0	0	0	0	0	0	0	1	1	S
NMDC20557697	0	0	0	0	0	1	0	0	0	0	1	0	0	0	0	0	0	0	0	0	0	0	0	0	0	0	0	0	1	1	S
NMDC20551634	0	0	0	0	0	1	0	0	0	0	1	0	0	0	0	0	0	0	0	0	0	0	0	0	0	0	0	0	1	1	S
NMDC20585703	0	0	0	0	0	1	0	1	0	0	0	1	0	0	0	0	0	0	1	0	1	1	0	0	0	0	0	0	0	0	S
NMDC20557698	0	0	0	0	0	1	0	0	0	0	1	0	0	0	0	0	0	0	0	0	0	0	0	0	0	0	0	0	1	1	S
NMDC20585704	0	0	0	0	0	1	0	1	0	0	0	1	0	0	1	0	1	1	0	0	0	1	0	0	1	0	0	0	1	1	S
NMDC20585705	0	0	0	0	0	1	0	1	0	0	0	1	0	0	1	0	1	1	0	0	0	1	0	0	1	0	0	0	1	1	S
NMDC20585707	0	0	0	0	0	1	0	1	0	0	0	1	0	0	1	0	1	1	0	0	0	1	0	0	1	0	0	0	1	1	S
NMDC20585708	0	0	0	0	0	1	0	1	0	0	0	1	0	0	0	0	0	0	0	0	1	1	0	0	0	0	0	0	0	0	S
NMDC20585709	0	0	0	0	0	1	0	0	0	0	1	0	0	0	0	0	0	0	0	0	0	0	0	0	0	0	0	0	1	1	S
NMDC20585710	0	0	0	0	0	1	0	1	0	0	0	1	0	0	0	0	0	0	1	0	1	1	0	0	0	0	0	0	0	0	S
NMDC20585712	0	0	1	0	1	0	0	0	0	0	0	1	0	0	0	1	0	0	1	0	0	0	0	0	0	0	0	0	0	0	S
NMDC20585713	0	0	0	0	0	1	0	1	0	0	0	1	0	0	1	0	1	1	0	0	0	1	0	0	1	0	0	0	1	1	S
NMDC20585714	0	0	0	0	0	0	0	0	0	0	0	1	0	0	0	0	1	0	0	0	1	1	0	0	1	0	0	0	1	0	S
NMDC20585715	0	0	0	0	0	1	0	1	0	0	0	1	0	0	0	0	0	0	0	0	1	1	0	0	0	0	0	0	0	0	S
NMDC20585716	0	0	0	0	0	0	0	0	0	0	0	1	0	0	0	0	1	0	0	0	1	1	0	0	1	0	0	0	1	0	S
NMDC20555673	0	0	0	0	0	0	0	0	0	0	1	0	0	0	0	0	0	0	0	1	0	0	0	1	0	0	0	0	1	1	S
NMDC20557700	0	0	0	0	0	1	0	1	0	0	0	1	0	0	1	0	1	1	0	0	0	1	0	0	1	0	0	0	1	1	S
NMDC20551636	0	0	0	0	0	0	0	1	0	0	0	1	0	0	0	0	1	1	0	0	1	0	0	0	0	0	1	0	0	1	S
NMDC20557873	0	0	0	0	0	1	0	0	0	0	1	0	0	0	0	0	0	0	0	0	0	0	0	0	0	0	0	0	1	1	S
NMDC20586308	0	0	1	0	1	0	0	0	0	0	0	1	0	0	0	1	0	0	1	0	0	0	0	0	0	0	0	0	0	0	S
NMDC20586309	0	0	0	0	0	1	0	1	0	0	0	1	0	0	1	0	1	1	0	0	0	1	0	0	1	0	0	0	1	1	S
NMDC20586312	0	0	0	0	0	1	0	0	0	0	1	0	0	0	0	0	0	0	0	0	0	0	0	0	0	0	0	0	1	1	S
NMDC20555870	0	0	0	0	0	1	0	1	0	0	0	1	0	0	0	0	0	0	0	0	1	1	0	0	0	0	0	0	0	0	S
NMDC20553857	0	0	0	0	0	1	0	0	0	0	1	0	0	0	0	0	0	0	0	0	0	0	0	0	0	0	0	0	1	1	S
NMDC20586313	0	0	0	0	0	1	0	0	0	0	1	0	0	0	0	0	0	0	0	0	0	0	0	0	0	0	0	0	1	1	S
NMDC20555871	0	0	0	0	0	1	0	0	0	0	1	0	0	0	0	0	0	0	0	0	0	0	0	0	0	0	0	0	1	1	S
NMDC20551846	0	0	1	0	1	0	0	0	0	0	1	0	0	0	0	1	0	0	1	1	0	0	0	1	0	0	0	0	1	1	S
NMDC20586319	0	0	0	0	0	1	0	1	0	0	0	1	0	0	1	0	1	1	0	0	0	1	0	0	1	0	0	0	1	1	S
NMDC20555872	0	0	0	0	0	1	0	1	0	0	0	1	0	0	1	0	1	1	1	0	0	1	0	0	1	0	0	0	1	1	S
NMDC20586320	0	0	0	0	0	1	0	0	0	0	1	0	0	0	0	0	0	0	0	0	0	0	0	0	0	0	0	0	1	1	S
NMDC20551847	0	0	0	0	0	1	0	0	0	0	1	0	0	0	0	0	0	0	0	0	0	0	0	0	0	0	0	0	1	1	S
NMDC20553859	0	0	0	0	0	1	0	0	0	0	1	0	0	0	0	0	0	0	0	0	0	0	0	0	0	0	0	0	1	1	S
NMDC20586324	0	0	0	0	0	0	0	0	0	0	0	0	0	0	1	0	0	0	0	0	0	1	0	0	0	0	0	1	1	0	S
NMDC20555874	0	0	0	0	0	1	0	1	0	0	0	1	0	0	1	0	1	1	0	0	1	0	0	0	1	0	1	0	0	1	S
NMDC20555875	0	0	0	0	0	1	0	1	0	0	0	1	0	0	1	0	1	1	0	0	0	1	0	0	1	0	0	0	1	1	S
NMDC20553862	0	0	0	0	0	0	0	0	0	0	0	1	0	0	0	0	1	0	0	0	1	1	0	0	1	0	0	0	1	0	S
NMDC20557874	0	0	0	0	0	1	0	0	0	0	1	0	0	0	0	0	0	0	0	0	0	0	0	0	0	0	0	0	1	1	S
NMDC20586325	0	0	0	0	0	1	0	0	0	0	1	0	0	0	0	0	0	0	0	0	0	0	0	0	0	0	0	0	1	1	S
NMDC20586326	0	0	0	0	0	1	0	0	0	0	1	1	0	0	0	0	0	0	0	0	0	1	0	0	0	0	0	0	0	1	S
NMDC20586327	0	0	0	0	0	1	0	0	0	0	1	0	0	0	0	0	0	0	0	0	0	0	0	0	0	0	0	0	1	1	S
NMDC20586328	0	0	0	0	0	1	0	0	0	0	1	0	0	0	0	0	0	0	0	0	0	0	0	0	0	0	0	0	1	1	S
NMDC20586329	0	0	0	0	0	1	0	0	0	0	1	0	0	0	0	0	0	0	0	0	0	0	0	0	0	0	0	0	1	1	S
NMDC20553863	0	0	0	0	0	1	0	0	0	0	1	0	0	0	0	0	0	0	0	0	0	0	0	0	0	0	0	0	1	1	S
NMDC20553864	0	0	0	0	0	1	0	0	0	0	1	0	0	0	0	0	0	0	0	0	0	0	0	0	0	0	0	0	1	1	S
NMDC20586330	0	0	0	0	0	1	0	0	0	0	1	0	0	0	0	0	0	0	0	0	0	0	0	0	0	0	0	0	1	1	S
NMDC20586331	0	0	0	0	0	1	0	0	0	0	1	0	0	0	0	0	0	0	0	0	0	0	0	0	0	0	0	0	1	1	S
NMDC20586334	0	0	0	0	0	1	0	0	0	0	1	0	0	0	0	0	0	0	0	0	0	0	0	0	0	0	0	0	1	1	S
NMDC20586336	0	0	0	0	0	1	0	0	0	0	1	0	0	0	0	0	0	0	0	0	0	0	0	0	0	0	0	0	1	1	S
NMDC20586337	0	0	0	0	0	1	0	0	0	0	1	0	0	0	0	0	0	0	0	0	0	0	0	0	0	0	0	0	1	1	S
NMDC20586338	0	0	0	0	0	1	0	0	0	0	1	0	0	0	0	0	0	0	0	0	0	0	0	0	0	0	0	0	1	1	S
NMDC20586340	0	0	0	0	0	1	0	0	0	0	1	0	0	0	0	0	0	0	0	0	0	0	0	0	0	0	0	0	1	1	S
NMDC20586341	0	0	0	0	0	1	0	1	0	0	0	1	0	0	1	0	1	1	0	0	0	1	0	0	1	0	0	0	1	1	S
NMDC20586342	0	0	0	0	0	1	0	0	0	0	1	0	0	0	0	0	0	0	0	0	0	0	0	0	0	0	0	0	1	1	S
NMDC20586343	0	0	0	0	0	1	0	0	0	0	1	0	0	0	0	0	0	0	0	0	0	0	0	0	0	0	0	0	1	1	S
NMDC20586344	0	0	0	0	0	1	0	0	0	0	1	0	0	0	0	0	0	0	0	0	0	0	0	0	0	0	0	0	1	1	S
NMDC20586346	0	0	0	0	0	1	0	0	0	0	1	0	0	0	0	0	0	0	0	0	0	0	0	0	0	0	0	0	1	1	S
NMDC20586347	0	0	0	0	0	1	0	0	0	0	0	0	0	0	1	0	0	1	1	0	1	1	0	0	0	0	0	0	0	1	S
NMDC20586349	0	0	0	0	0	1	0	0	0	0	1	0	0	0	0	0	0	0	0	0	0	0	0	0	0	0	0	0	1	1	S
NMDC20586350	0	0	0	0	0	1	0	0	0	0	1	0	0	0	0	0	0	0	0	0	0	0	0	0	0	0	0	0	1	1	S
NMDC20586352	0	0	0	0	0	1	0	0	0	0	1	0	0	0	0	0	0	0	0	0	0	0	0	0	0	0	0	0	1	1	S
NMDC20586353	0	0	0	0	0	1	0	0	0	0	1	0	0	0	0	0	0	0	0	0	0	0	0	0	0	0	0	0	1	1	S
NMDC20586354	0	0	0	0	0	1	0	0	0	0	1	0	0	0	0	0	0	0	0	0	0	0	0	0	0	0	0	0	1	1	S
NMDC20586356	0	0	0	0	0	1	0	0	0	0	1	0	0	0	0	0	0	0	0	0	0	0	0	0	0	0	0	0	1	1	S
NMDC20586357	0	0	0	0	0	1	0	0	0	0	1	0	0	0	0	0	0	0	0	0	0	0	0	0	0	0	0	0	1	1	S
NMDC20586361	0	0	0	0	0	1	0	0	0	0	1	0	0	0	0	0	0	0	0	0	0	0	0	0	0	0	0	0	1	1	S
NMDC20586363	0	0	0	0	0	1	0	0	0	0	1	0	0	0	0	0	0	0	0	0	0	0	0	0	0	0	0	0	1	1	S
NMDC20586367	0	0	0	0	0	0	0	0	0	0	0	1	0	0	0	0	1	1	0	0	0	0	0	0	1	0	0	0	0	1	S
NMDC20586370	0	0	0	0	0	1	0	0	0	0	1	0	0	0	0	0	0	0	0	0	0	0	0	0	0	0	0	0	1	1	S
NMDC20586372	0	0	0	0	0	0	0	1	0	0	0	1	1	0	1	0	0	0	1	0	1	1	0	0	0	0	0	0	0	1	S
NMDC20586374	0	0	1	0	1	0	0	0	0	0	0	0	0	0	1	1	1	0	1	0	1	1	0	0	0	0	0	1	0	1	S
NMDC20586379	0	0	0	0	0	1	0	1	0	0	0	1	0	0	0	0	1	1	0	0	1	1	0	1	0	0	1	0	0	1	S
NMDC20586380	0	0	0	0	0	1	0	0	0	0	0	0	0	0	1	0	0	1	1	0	1	1	0	0	0	0	0	0	0	1	S
NMDC20586381	0	0	0	0	0	0	0	1	0	0	0	1	0	0	0	0	0	0	0	0	0	0	0	0	0	0	1	0	0	1	S
NMDC20586382	0	0	0	0	0	1	0	0	0	0	1	0	0	0	0	0	0	0	0	0	0	0	0	0	0	0	0	0	1	1	S
NMDC20586383	0	0	0	0	0	1	0	0	0	0	1	0	0	0	0	0	0	0	0	0	0	0	0	0	0	0	0	0	1	1	S
NMDC20589011	0	0	0	0	0	0	0	0	0	0	0	0	0	0	0	0	1	1	0	1	0	0	0	1	0	0	0	0	0	0	S
NMDC20589012	0	0	0	0	0	1	0	1	0	0	0	1	0	0	1	0	1	1	0	0	0	1	0	0	1	0	0	0	1	1	S
NMDC20589013	0	0	0	0	0	1	0	1	0	0	0	1	0	0	1	0	1	1	0	0	0	1	1	0	1	0	0	0	1	1	S
NMDC20589015	0	0	0	0	0	1	0	1	0	0	0	1	0	0	1	0	1	1	0	0	0	1	1	0	1	0	0	0	1	1	S
NMDC20589017	0	0	0	0	0	1	0	1	0	0	0	1	0	0	1	0	1	1	0	0	0	1	0	0	1	0	0	0	1	1	S
NMDC20589018	0	0	0	0	0	1	0	1	0	0	0	1	0	0	1	0	1	1	0	0	0	1	0	0	1	0	0	0	1	1	S
NMDC20589019	0	0	0	0	0	1	0	1	0	0	0	1	0	0	1	0	1	1	0	0	0	1	0	0	1	0	0	0	1	1	S
NMDC20589021	0	0	0	0	0	1	0	0	0	0	1	0	0	0	0	0	0	0	0	0	0	0	0	0	0	0	0	0	1	1	S
NMDC20589023	0	0	0	0	0	1	0	1	0	0	0	1	0	0	1	0	1	1	0	0	0	1	1	0	1	0	0	0	1	1	S
NMDC20589024	1	0	0	0	0	1	0	1	0	0	0	1	0	0	1	0	1	1	0	0	0	1	0	0	1	0	0	0	1	1	S
NMDC20589025	0	0	1	1	1	1	0	0	0	0	0	0	0	0	0	1	0	0	1	0	1	1	0	0	0	0	0	0	0	0	S
NMDC20589026	0	0	0	0	0	1	0	0	0	0	1	0	0	0	0	0	0	0	0	0	0	0	0	0	0	0	0	0	1	1	S
NMDC20589027	0	0	0	0	0	0	0	0	0	0	0	0	0	0	1	0	1	0	0	0	1	1	0	0	0	0	0	1	0	1	S
NMDC20589028	0	0	0	0	0	0	0	0	0	0	0	0	0	0	1	0	1	0	0	0	1	1	0	0	0	0	0	1	0	1	S
NMDC20589029	0	0	0	0	0	1	0	0	0	0	1	0	0	0	0	0	0	0	0	0	0	0	0	0	0	0	0	0	1	1	S
NMDC20589030	0	0	0	0	0	1	0	0	0	0	1	0	0	0	0	0	0	0	0	0	0	0	0	0	0	0	0	0	1	1	S
NMDC20589031	0	0	0	0	0	1	0	0	0	0	1	0	0	0	0	0	0	0	0	0	0	0	0	0	0	0	0	0	1	1	S
NMDC20589032	0	0	0	0	0	1	0	1	0	0	0	1	0	0	1	0	1	1	0	0	0	1	0	0	1	0	0	0	1	1	S
NMDC20589033	0	0	0	0	0	1	0	0	0	0	1	0	0	0	0	0	0	0	0	0	0	0	0	0	0	0	0	0	1	1	S
NMDC20589034	0	0	0	0	0	1	0	0	0	0	1	0	0	0	0	0	0	0	0	0	0	0	0	0	0	0	0	0	1	1	S
NMDC20589035	0	0	0	0	0	1	0	0	0	0	1	0	0	0	0	0	0	0	0	0	0	0	0	0	0	0	0	0	1	1	S
NMDC20589036	0	0	0	0	0	1	0	0	0	0	1	0	0	0	0	0	0	0	0	0	0	0	0	0	0	0	0	0	1	1	S
NMDC20589037	0	0	0	0	0	1	0	0	0	0	1	0	0	0	0	0	0	0	0	0	0	0	0	0	0	0	0	0	1	1	S
NMDC20589038	0	0	0	0	0	1	0	0	0	0	1	0	0	0	0	0	0	0	0	0	0	0	0	0	0	0	0	0	1	1	S
NMDC20589041	0	0	0	0	0	1	0	0	0	0	1	0	0	0	0	0	0	0	0	0	0	0	0	0	0	0	0	0	1	1	S
NMDC20589042	0	0	0	0	0	0	0	0	0	0	0	0	0	0	0	0	1	1	0	1	0	0	0	1	0	0	0	0	0	0	S
NMDC20557917	0	0	0	0	0	1	0	0	0	0	1	0	0	0	0	0	0	0	0	0	0	0	0	0	0	0	0	0	1	1	S
NMDC20553907	0	0	0	0	0	1	0	0	0	0	0	1	0	0	0	0	0	0	0	0	0	1	0	0	0	0	0	0	1	1	S
NMDC20555932	0	0	0	0	0	1	0	1	0	0	0	1	0	0	1	0	1	1	0	0	0	1	1	0	1	0	0	0	1	1	S
NMDC20586536	0	0	0	0	0	1	0	1	0	0	0	1	0	0	1	0	1	1	0	0	0	1	0	0	1	0	0	0	1	1	S
NMDC20551899	0	0	0	0	0	1	0	0	0	0	0	1	0	0	0	0	0	0	0	0	1	1	0	0	0	0	0	0	1	0	S
NMDC20586550	0	0	0	0	0	1	0	1	0	0	0	1	0	0	1	0	1	1	0	0	0	1	0	0	1	0	0	0	1	1	S
NMDC20553912	0	0	0	0	0	0	0	0	0	0	0	1	0	0	0	0	1	0	0	0	1	1	0	0	1	0	0	0	1	0	S
NMDC20557921	0	0	0	0	0	1	0	1	0	0	0	1	0	0	1	0	1	1	0	0	0	1	0	0	1	0	0	0	1	1	S
NMDC20551906	0	0	0	0	0	1	0	1	0	0	0	1	0	0	1	0	1	1	0	0	0	1	0	0	1	0	0	0	1	1	S
NMDC20586575	0	0	0	0	0	1	0	1	0	0	0	1	0	0	1	0	1	1	0	0	0	1	0	0	1	0	0	0	1	1	S
NMDC20586576	0	0	0	0	0	1	0	0	0	0	1	0	0	0	0	0	0	0	0	0	0	0	0	0	0	0	0	0	1	1	S
NMDC20586577	0	0	0	0	0	0	0	0	0	0	0	0	0	0	0	0	1	1	0	1	0	0	0	1	0	0	0	0	0	0	S
NMDC20553921	0	0	0	0	0	1	0	1	0	0	0	1	0	0	1	0	1	1	0	0	0	1	0	0	1	0	0	0	1	1	S
NMDC20586578	0	0	0	0	0	1	0	1	0	0	0	1	0	0	1	0	1	1	0	0	0	1	0	0	1	0	0	0	1	1	S
NMDC20553922	0	0	0	0	0	0	0	0	0	0	0	1	0	0	0	0	0	0	0	0	1	1	0	0	0	0	1	0	1	1	S
NMDC20551926	0	0	0	0	0	1	0	1	0	0	0	1	0	0	1	0	1	1	0	0	0	1	0	0	1	0	0	0	1	1	S
NMDC20553942	0	0	0	0	0	1	0	1	0	0	0	1	0	0	0	0	0	0	0	0	1	1	0	0	0	0	0	0	0	0	S
NMDC20586615	0	0	0	0	0	1	0	1	0	0	0	1	0	0	1	0	1	1	0	0	0	1	0	0	1	0	0	0	1	1	S
NMDC20557957	0	0	0	0	0	1	0	1	0	0	0	1	0	0	1	0	1	1	0	0	0	1	0	0	1	0	0	0	1	1	S
NMDC20586624	0	0	0	0	0	1	0	1	0	0	0	1	0	0	1	0	1	1	1	0	0	1	0	0	1	0	0	0	1	1	S
NMDC20555968	0	0	0	0	0	1	0	0	0	0	1	0	0	0	0	0	0	0	0	0	0	0	0	0	0	0	0	0	1	1	S
NMDC20553948	0	0	0	0	0	1	0	1	0	0	0	1	0	0	1	0	1	1	0	0	0	1	0	0	1	0	0	0	1	1	S
NMDC20586625	0	0	0	0	0	1	0	1	0	0	0	1	0	0	1	0	1	1	0	0	0	1	0	0	1	0	0	0	1	1	S
NMDC20551938	0	0	0	0	0	1	0	1	0	0	0	1	0	0	1	0	1	1	0	0	0	1	0	0	1	0	0	0	1	1	S
NMDC20586626	0	0	0	0	0	1	0	1	0	0	0	1	0	0	1	0	1	1	0	0	0	1	0	0	1	0	0	0	1	1	S
NMDC20586627	0	0	0	0	0	0	0	0	0	0	0	1	0	0	0	0	0	0	0	0	1	1	0	1	0	0	0	0	0	1	S
NMDC20555969	0	0	0	0	0	1	0	1	0	0	1	1	0	0	1	0	0	0	0	0	1	1	0	0	0	0	0	0	0	1	S
NMDC20557958	0	0	0	0	0	1	0	1	0	0	0	1	0	0	1	0	1	1	0	0	0	1	0	0	1	0	0	0	1	1	S
NMDC20551940	0	0	0	0	0	1	0	1	0	0	0	1	0	0	1	0	1	1	0	0	0	1	0	0	1	0	0	0	1	1	S
NMDC20557959	0	0	0	0	0	1	0	0	0	0	1	0	0	0	0	0	0	0	0	0	0	0	0	0	0	0	0	0	1	1	S
NMDC20555970	0	0	0	0	0	1	0	0	0	0	1	0	0	0	0	0	0	0	0	0	0	0	0	0	0	0	0	0	1	1	S
NMDC20557960	0	0	0	0	0	1	0	1	0	0	0	1	0	0	1	0	1	1	0	0	0	1	0	0	1	0	0	0	1	1	S
NMDC20557961	0	0	0	0	0	1	0	0	0	0	1	0	0	0	0	0	0	0	0	0	0	0	0	0	0	0	0	0	1	1	S
NMDC20555971	0	0	0	0	0	1	0	0	0	0	1	0	0	0	0	0	0	0	0	0	0	0	0	0	0	0	0	0	1	1	S
NMDC20586629	0	0	0	0	0	1	0	1	0	0	0	1	0	0	1	0	1	1	0	0	0	1	0	0	1	0	0	0	1	1	S
NMDC20553949	0	0	0	0	0	0	0	0	0	0	0	1	0	0	0	0	0	0	0	0	0	0	0	0	0	0	0	0	0	0	S
NMDC20553950	0	0	0	0	0	1	0	1	0	0	0	1	0	0	1	0	1	1	1	0	0	1	0	0	1	0	0	0	1	1	S
NMDC20551942	0	0	0	0	0	1	0	1	0	0	0	1	0	0	1	0	1	1	0	0	0	1	0	0	1	0	0	0	1	1	S
NMDC20553951	0	0	0	0	0	1	0	0	0	0	1	0	0	0	0	0	0	0	0	0	0	0	0	0	0	0	0	0	1	1	S
NMDC20557962	0	0	0	0	0	1	0	1	0	0	0	1	0	0	1	0	1	1	0	0	0	1	0	0	1	0	0	0	1	1	S
NMDC20555972	0	0	0	0	0	1	0	1	0	0	0	1	0	0	0	0	0	0	0	0	1	1	0	0	0	0	1	0	1	0	S
NMDC20586630	0	0	0	0	0	1	0	1	0	0	0	1	0	0	1	0	1	1	0	0	0	1	0	0	1	0	0	0	1	1	S
NMDC20586631	0	0	0	0	0	1	0	1	0	0	0	1	0	0	1	0	1	1	1	0	0	1	0	0	1	0	0	0	1	1	S
NMDC20586632	0	0	0	0	0	1	0	0	0	0	1	0	0	0	0	0	0	0	0	0	0	0	0	0	0	0	0	0	1	1	S
NMDC20586633	0	0	0	0	0	1	0	0	0	0	1	0	0	0	0	0	0	0	0	0	0	0	0	0	0	0	0	0	1	1	S
NMDC20557963	0	0	0	0	0	1	0	0	0	0	1	0	0	0	0	0	0	0	0	0	0	0	0	0	0	0	0	0	1	1	S
NMDC20551944	0	0	0	0	0	1	0	0	0	0	1	0	0	0	0	0	0	0	0	0	0	0	0	0	0	0	0	0	1	1	S
NMDC20553952	0	0	0	0	0	1	0	1	0	0	0	1	0	0	1	0	1	1	0	0	0	1	0	0	1	0	0	0	1	1	S
NMDC20557964	0	0	0	0	0	1	0	1	0	0	0	1	0	0	1	0	1	1	0	0	0	1	0	0	1	0	0	0	1	1	S
NMDC20553953	0	0	0	0	0	1	0	1	0	0	0	1	0	0	1	0	1	1	0	0	0	1	0	0	1	0	0	0	1	1	S
NMDC20553954	0	0	0	0	0	1	0	1	0	0	0	1	0	0	1	0	1	1	0	0	1	0	0	0	1	0	1	0	0	1	S
NMDC20586635	0	0	0	0	0	1	0	1	0	0	0	1	0	0	1	0	1	1	0	0	0	1	0	0	1	0	0	0	1	1	S
NMDC20557965	0	0	1	0	1	0	0	0	0	0	0	1	0	0	0	1	0	0	1	0	0	0	0	0	0	0	0	0	0	0	S
NMDC20553955	0	0	0	0	0	1	0	1	0	0	0	1	0	0	1	0	1	1	0	0	0	1	0	0	1	0	0	0	1	1	S
NMDC20555974	0	0	0	0	0	1	0	1	0	0	0	1	0	0	1	0	1	1	0	0	0	1	0	0	1	0	0	0	1	1	S
NMDC20586636	0	0	0	0	0	1	0	0	0	0	1	0	0	0	0	0	0	0	0	0	0	0	0	0	0	0	0	0	1	1	S
NMDC20557966	0	0	0	0	0	1	0	1	0	0	0	1	0	0	0	0	0	0	1	0	1	1	0	0	0	0	0	0	0	0	S
NMDC20586637	0	0	0	0	0	1	0	1	0	0	0	1	0	0	1	0	1	1	0	0	0	1	0	0	1	0	0	0	1	1	S
NMDC20586638	0	0	0	0	0	1	0	1	0	0	0	1	0	0	1	0	1	1	0	0	0	1	0	0	1	0	0	0	1	1	S
NMDC20551945	0	0	0	0	0	1	0	0	0	0	1	0	0	0	0	0	0	0	0	0	0	0	0	0	0	0	0	0	1	1	S
NMDC20551946	0	0	0	0	0	1	0	1	0	0	0	1	0	0	1	0	1	1	0	0	0	1	0	0	1	0	0	0	1	1	S
NMDC20551947	0	0	0	0	0	1	0	0	0	0	0	1	0	0	0	0	0	0	0	0	1	1	0	0	0	0	1	0	1	0	S
NMDC20553956	0	0	0	0	0	1	0	1	0	0	0	1	0	0	1	0	1	1	0	0	0	1	0	0	1	0	0	0	1	1	S
NMDC20551948	0	0	0	0	0	1	0	1	0	0	0	1	0	0	0	0	0	0	0	0	0	0	0	1	0	0	0	0	1	1	S
NMDC20551949	0	0	0	0	0	1	0	1	0	0	0	1	0	0	1	0	1	1	0	0	0	1	0	0	1	0	0	0	1	1	S
NMDC20557968	0	0	0	0	0	1	0	1	0	0	0	1	0	0	1	0	1	1	0	0	0	1	1	0	1	0	0	0	1	1	S
NMDC20553957	0	0	0	0	0	1	0	0	0	0	1	0	0	0	0	0	0	0	0	0	0	0	0	0	0	0	0	0	1	1	S
NMDC20586640	0	0	0	0	0	1	0	0	0	0	1	0	0	0	0	0	0	0	0	0	0	0	0	0	0	0	0	0	1	1	S
NMDC20553958	0	0	0	0	0	1	0	1	0	0	0	1	0	0	1	0	1	1	0	0	0	1	0	0	1	0	0	0	1	1	S
NMDC20553959	0	0	0	0	0	1	0	1	0	0	0	1	0	0	0	0	0	0	1	0	1	1	0	0	0	0	0	0	0	0	S
NMDC20586641	0	0	0	0	0	1	0	0	0	0	1	0	0	0	0	0	0	0	0	0	0	0	0	0	0	0	0	0	1	1	S
NMDC20553960	0	0	0	0	0	1	0	1	0	0	0	1	0	0	1	0	1	1	0	0	0	1	0	0	1	0	0	0	1	1	S
NMDC20551951	0	0	0	0	0	1	0	1	0	0	0	1	0	0	1	0	1	1	0	0	0	1	1	0	1	0	0	0	1	1	S
NMDC20586644	0	0	0	0	0	1	0	1	0	0	0	1	0	0	1	0	1	1	0	0	0	1	1	0	1	0	0	0	1	1	S
NMDC20557970	0	0	0	0	0	1	0	1	0	0	0	1	0	0	1	0	1	1	0	0	0	1	0	0	1	0	0	0	1	1	S
NMDC20586645	0	0	0	0	0	1	0	1	0	0	0	1	0	0	1	0	1	1	1	0	0	1	0	0	1	0	0	0	1	1	S
NMDC20553963	0	0	0	0	0	1	0	1	0	0	0	1	0	0	1	0	1	1	0	0	0	1	0	0	1	0	0	0	1	1	S
NMDC20557971	0	0	0	0	0	1	0	1	0	0	0	1	0	0	1	0	1	1	0	0	0	1	0	0	1	0	0	0	1	1	S
NMDC20586646	0	0	0	0	0	1	0	1	0	0	0	1	0	0	1	0	1	1	1	0	0	1	1	0	1	0	0	0	1	1	S
NMDC20586647	0	0	0	0	0	1	0	0	0	0	1	0	0	0	0	0	0	0	0	0	0	0	0	0	0	0	0	0	1	1	S
NMDC20555976	0	0	0	0	0	1	0	1	0	0	0	1	0	0	1	0	1	1	0	0	0	1	0	0	1	0	0	0	1	1	S
NMDC20586648	0	0	0	0	0	1	0	1	0	0	0	1	0	0	1	0	1	1	0	0	0	1	0	0	1	0	0	0	1	1	S
NMDC20586649	0	0	0	0	0	1	0	1	0	0	0	1	0	0	1	0	1	1	0	0	0	1	0	0	1	0	0	0	1	1	S
NMDC20557972	0	0	0	0	0	1	0	1	0	0	0	1	0	0	1	0	1	1	0	0	0	1	0	0	1	0	0	0	1	1	S
NMDC20555977	0	0	0	0	0	1	0	0	0	0	1	0	0	0	0	0	0	0	0	0	0	0	0	0	0	0	0	0	1	1	S
NMDC20553964	0	0	0	0	0	0	0	0	0	0	0	1	0	0	0	0	1	0	0	0	1	1	0	0	1	0	0	0	1	0	S
NMDC20551953	0	0	0	0	0	1	0	1	0	0	0	1	0	0	1	0	1	1	0	0	0	1	0	0	1	0	0	0	1	1	S
NMDC20586650	0	0	0	0	0	1	0	1	0	0	0	1	0	0	1	0	1	1	0	0	0	1	0	0	1	0	0	0	1	1	S
NMDC20551954	0	0	0	0	0	1	0	1	0	0	0	1	0	0	1	0	1	1	0	0	0	1	0	0	1	0	0	0	1	1	S
NMDC20553965	0	0	0	0	0	1	0	0	0	0	1	0	0	0	0	0	0	0	0	0	0	0	0	0	0	0	0	0	1	1	S
NMDC20553966	0	0	0	0	0	1	0	1	0	0	0	1	0	0	1	0	1	1	1	0	0	1	0	0	1	0	0	0	1	1	S
NMDC20557973	0	0	0	0	0	1	0	0	0	0	1	0	0	0	0	0	0	0	0	0	0	0	0	0	0	0	0	0	1	1	S
NMDC20557974	0	0	0	0	0	0	0	0	0	0	0	1	0	0	0	0	0	0	0	0	1	1	0	1	0	0	0	0	0	1	S
NMDC20586652	0	0	0	0	0	1	0	1	0	0	0	1	0	0	1	0	1	1	0	0	0	1	0	0	1	0	0	0	1	1	S
NMDC20551955	0	0	0	0	0	1	0	1	0	0	0	1	0	0	1	0	1	1	0	0	0	1	0	0	1	0	0	0	1	1	S
NMDC20555978	0	0	0	0	0	1	0	0	0	0	0	1	0	0	0	0	0	0	0	0	0	1	0	0	0	0	1	0	0	1	S
NMDC20586654	0	0	0	0	0	1	0	0	0	0	1	0	0	0	0	0	0	0	0	0	0	0	0	0	0	0	0	0	1	1	S
NMDC20557975	0	0	0	0	0	0	0	1	0	0	0	1	0	0	0	0	0	0	0	0	1	0	0	0	0	0	1	0	0	1	S
NMDC20551956	0	0	0	0	0	0	0	0	0	0	0	0	0	0	0	0	1	1	0	1	0	0	0	1	0	0	0	0	0	0	S
NMDC20588174	0	0	0	0	0	0	0	0	0	0	0	0	0	0	1	0	0	0	0	0	0	1	0	0	0	0	0	1	0	0	S
NMDC20588177	0	0	0	0	0	0	0	0	0	0	0	0	0	0	1	0	0	0	0	0	0	1	0	0	0	0	0	1	0	0	S
NMDC20558406	0	0	0	0	0	0	0	0	0	0	0	0	0	0	1	0	0	0	1	0	0	1	0	0	0	0	0	1	0	0	S
NMDC20588178	0	0	0	0	0	0	0	0	0	0	0	0	0	0	1	0	0	0	0	0	0	1	0	0	0	0	0	1	0	0	S
NMDC20588180	0	0	0	0	0	0	0	0	0	0	0	0	0	0	1	0	0	0	0	0	0	1	0	0	0	0	0	1	0	0	S
NMDC20588182	0	0	0	0	0	0	0	0	0	0	0	0	0	0	1	0	0	0	0	0	0	1	0	0	0	0	0	1	0	0	S
NMDC20554394	0	0	1	0	1	0	0	0	0	0	0	1	0	0	0	1	0	0	1	0	0	0	0	0	0	0	0	0	0	0	S
NMDC20554395	0	0	0	0	0	1	0	1	0	0	0	1	0	0	1	0	1	1	0	0	0	1	0	0	1	0	0	0	1	1	S
NMDC20588185	0	0	0	0	0	0	0	0	0	0	0	0	0	0	1	0	0	0	0	0	0	1	0	0	0	0	0	1	0	0	S
NMDC20552391	0	0	0	0	0	1	0	0	0	0	0	0	0	0	1	0	0	0	0	0	0	1	0	0	0	0	0	1	0	0	S
NMDC20556377	0	0	0	0	0	0	0	0	0	0	1	0	0	0	0	0	0	0	0	0	1	1	0	0	0	0	1	0	1	1	S
NMDC20554396	0	0	0	0	0	0	0	0	0	0	1	0	0	0	0	0	0	0	0	0	1	1	0	0	0	0	1	0	1	1	S
NMDC20588188	0	0	0	0	0	0	0	0	0	0	1	0	0	0	0	0	0	0	0	0	1	1	0	0	0	0	1	0	1	1	S
NMDC20554080	0	0	0	0	0	1	0	1	0	0	0	1	0	0	1	0	1	1	0	0	0	1	0	0	1	0	0	0	1	1	S
NMDC20556082	0	0	0	0	0	1	0	1	0	0	0	1	0	0	1	0	1	1	0	0	0	1	0	0	1	0	0	0	1	1	S
NMDC20586924	0	0	0	0	0	0	0	0	0	0	0	0	0	0	0	0	0	0	0	0	0	1	0	0	1	0	0	0	0	1	S
NMDC20556083	0	0	0	0	0	1	0	0	0	0	1	0	0	0	0	0	0	0	0	0	0	0	0	0	0	0	0	0	1	1	S
NMDC20586926	0	0	0	0	0	1	0	0	0	0	1	0	0	0	0	0	0	0	0	0	0	0	0	0	0	0	0	0	1	1	S
NMDC20554081	0	0	0	0	0	1	0	0	0	0	1	0	0	0	0	0	0	0	0	0	0	0	0	0	0	0	0	0	1	1	S
NMDC20558087	0	0	1	0	1	0	0	0	0	0	0	1	0	0	0	1	0	0	1	0	0	0	0	0	0	0	0	0	0	0	S
NMDC20556084	0	0	0	0	0	1	0	0	0	0	1	0	0	0	0	0	0	0	0	0	0	0	0	0	0	0	0	0	1	1	S
NMDC20554082	0	0	0	0	0	1	0	0	0	0	1	0	0	0	0	0	0	0	0	0	0	0	0	0	0	0	0	0	1	1	S
NMDC20586928	0	0	0	0	0	1	0	1	0	0	0	1	0	0	0	0	0	0	0	0	0	0	0	1	0	0	0	0	1	1	S
NMDC20556085	0	0	0	0	0	1	0	0	0	0	1	0	0	0	0	0	0	0	0	0	0	0	0	0	0	0	0	0	1	1	S
NMDC20586929	0	0	0	0	0	1	0	0	0	0	1	0	0	0	0	0	0	0	0	0	0	0	0	0	0	0	0	0	1	1	S
NMDC20552047	0	0	0	0	0	1	0	1	0	0	0	1	1	0	1	0	0	0	0	0	1	1	0	0	0	0	0	0	1	1	S
NMDC20556086	0	0	0	0	0	1	0	1	0	0	0	1	0	0	1	0	1	1	0	0	0	1	0	0	1	0	0	0	1	1	S
NMDC20554084	1	0	0	0	0	1	0	1	0	0	0	1	0	0	1	0	1	1	0	0	0	1	0	0	1	0	0	0	1	1	S
NMDC20552048	0	0	0	0	0	1	0	1	0	0	0	1	0	0	1	0	1	1	0	0	0	1	0	0	1	0	0	0	1	1	S
NMDC20586930	0	0	0	0	0	1	0	1	0	0	0	1	0	0	1	0	1	1	0	0	0	1	0	0	1	0	0	0	1	1	S
NMDC20558090	0	0	0	0	0	1	0	0	0	0	0	1	0	0	0	0	0	0	0	0	0	1	0	0	0	0	0	1	1	1	S
NMDC20558091	0	0	0	0	0	1	0	0	0	0	1	0	0	0	0	0	0	0	0	0	0	0	0	0	0	0	0	0	1	1	S
NMDC20586931	0	0	0	0	0	1	0	0	0	0	1	0	0	0	0	0	0	0	0	0	0	0	0	0	0	0	0	0	1	1	S
NMDC20586932	0	0	0	0	0	1	0	1	0	0	0	1	0	0	1	0	1	1	0	0	0	1	0	0	1	0	0	0	1	1	S
NMDC20552049	0	0	0	0	0	1	0	1	0	0	0	1	0	0	1	0	1	1	0	0	0	1	0	0	1	0	0	0	1	1	S
NMDC20586934	0	0	1	0	1	0	0	0	0	0	0	1	0	0	0	1	0	0	1	0	0	0	0	0	0	0	0	0	0	0	S
NMDC20556089	0	0	0	0	0	1	0	0	0	0	1	0	0	0	0	0	0	0	0	0	0	0	0	0	0	0	0	0	1	1	S
NMDC20586935	0	0	0	0	0	1	0	1	0	0	0	1	0	0	1	0	1	1	0	0	0	1	0	0	1	0	0	0	1	1	S
NMDC20554085	0	0	0	0	0	1	0	1	0	0	0	1	0	0	1	0	1	1	0	0	0	1	0	0	1	0	0	0	1	1	S
NMDC20586936	0	0	0	0	0	1	0	1	0	0	0	1	0	0	1	0	1	1	1	0	0	1	0	0	1	0	0	0	1	1	S
NMDC20556090	0	0	1	0	1	0	0	0	0	0	0	1	0	0	0	1	0	0	1	0	0	0	0	0	0	0	0	0	0	0	S
NMDC20552050	0	0	1	0	0	1	0	1	0	0	0	1	0	0	1	1	1	1	0	0	0	1	0	0	1	0	0	0	1	1	S
NMDC20586938	0	0	0	0	0	1	0	1	0	0	0	1	0	0	1	0	1	1	0	0	0	1	0	0	1	0	0	0	1	1	S
NMDC20554087	0	0	0	0	0	1	0	0	0	0	1	0	0	0	0	0	0	0	0	0	0	0	0	0	0	0	0	0	1	1	S
NMDC20586939	0	0	0	0	0	1	0	0	0	0	1	0	0	0	0	0	0	0	0	0	0	0	0	0	0	0	0	0	1	1	S
NMDC20556091	0	0	0	0	0	1	0	1	0	0	0	1	0	0	1	0	1	1	0	0	0	1	0	0	1	0	0	0	1	1	S
NMDC20586940	0	0	0	0	0	1	0	1	0	0	0	1	0	0	1	0	1	1	1	0	0	1	0	0	1	0	0	0	1	1	S
NMDC20556092	0	0	0	0	0	1	0	1	0	0	0	1	0	0	1	0	1	1	0	0	0	1	0	0	1	0	0	0	1	1	S
NMDC20552052	0	0	0	0	0	1	0	1	0	0	0	1	0	0	1	0	1	1	0	0	0	1	0	0	1	0	0	0	1	1	S
NMDC20586942	0	0	0	0	0	0	0	0	0	0	0	1	0	0	0	0	0	0	0	0	0	0	0	0	0	0	0	0	0	0	S
NMDC20586943	0	0	0	0	0	0	0	1	0	0	0	1	1	0	1	0	0	0	0	0	1	1	0	0	0	0	0	0	0	1	S
NMDC20586944	0	0	0	0	0	0	0	0	0	0	0	1	0	0	0	0	1	1	0	0	0	0	0	0	1	0	0	0	0	1	S
NMDC20556093	0	0	0	0	0	1	0	0	0	0	1	0	0	0	0	0	0	0	0	0	0	0	0	0	0	0	0	0	1	1	S
NMDC20554088	0	0	0	0	0	1	0	0	0	0	1	0	0	0	0	0	0	0	0	0	0	0	0	0	0	0	0	0	1	1	S
NMDC20554089	0	0	0	0	0	1	0	0	0	0	1	0	0	0	0	0	0	0	0	0	0	0	0	0	0	0	0	0	1	1	S
NMDC20556094	0	0	0	0	0	1	0	0	0	0	1	0	0	0	0	0	0	0	0	0	0	0	0	0	0	0	0	0	1	1	S
NMDC20586945	0	0	0	0	0	1	0	0	0	0	0	0	0	0	1	0	0	1	1	0	1	1	0	0	0	0	0	0	0	1	S
NMDC20552055	0	0	0	0	0	1	0	1	0	0	0	1	0	0	1	0	1	1	1	0	0	1	0	0	1	0	0	0	1	1	S
NMDC20586947	0	0	1	0	1	0	0	0	0	0	0	1	0	0	0	1	0	0	1	0	0	0	0	0	0	0	0	0	0	0	S
NMDC20554091	0	0	0	0	0	1	0	0	0	0	1	0	0	0	0	0	0	0	0	0	0	0	0	0	0	0	0	0	1	1	S
NMDC20554092	0	0	0	0	0	1	0	0	0	0	1	0	0	0	0	0	0	0	0	0	0	0	0	0	0	0	0	0	1	1	S
NMDC20558093	0	0	0	0	0	0	0	0	0	0	0	0	0	0	1	0	0	0	0	0	0	1	0	0	0	0	0	1	1	0	S
NMDC20558094	0	0	0	0	0	0	0	0	0	0	0	0	0	0	0	0	0	0	0	0	0	1	0	0	0	0	0	0	0	0	S
NMDC20554093	0	0	0	0	0	1	0	1	0	0	0	1	0	0	1	0	1	1	0	0	0	1	0	0	1	0	0	0	1	1	S
NMDC20556096	0	0	0	0	0	1	0	1	0	0	0	1	0	0	1	0	1	1	1	0	0	1	0	0	1	0	0	0	1	1	S
NMDC20552056	0	0	0	0	0	0	0	0	0	0	0	0	0	0	0	0	1	1	0	1	0	0	0	1	0	0	0	0	0	0	S
NMDC20554094	0	0	0	0	0	1	0	0	0	0	1	0	0	0	0	0	0	0	0	0	0	0	0	0	0	0	0	0	1	1	S
NMDC20586950	0	0	0	0	0	1	0	0	0	0	0	0	0	0	0	0	0	0	0	0	0	0	0	0	1	0	1	0	1	0	S
NMDC20586951	0	0	0	0	0	0	0	1	0	0	0	1	0	0	0	0	0	0	0	0	1	1	0	1	0	0	0	0	1	0	S
NMDC20554095	0	0	0	0	0	0	0	0	0	0	0	1	0	0	0	0	1	0	0	0	1	1	0	0	1	0	0	0	1	0	S
NMDC20586953	0	0	0	0	0	1	0	0	0	0	1	0	0	0	0	0	0	0	0	0	0	0	0	0	0	0	0	0	1	1	S
NMDC20554096	0	0	0	0	0	1	0	0	0	0	1	0	0	0	0	0	0	0	0	0	0	0	0	0	0	0	0	0	1	1	S
NMDC20586954	0	0	0	0	0	1	0	1	0	0	0	1	0	0	1	0	1	1	0	0	0	1	0	0	1	0	0	0	1	1	S
NMDC20558095	0	0	0	0	0	1	0	0	0	0	1	0	0	0	0	0	0	0	0	0	0	0	0	0	0	0	0	0	1	1	S
NMDC20558096	0	0	0	0	0	1	0	1	0	0	0	1	0	0	1	0	1	1	0	0	0	1	0	0	1	0	0	0	1	1	S
NMDC20554097	0	0	0	0	0	1	0	0	0	0	1	0	0	0	0	0	0	0	0	0	0	0	0	0	0	0	0	0	1	1	S
NMDC20586955	0	0	0	0	0	0	0	0	0	0	0	1	0	0	0	0	1	1	0	0	0	0	0	0	1	0	0	0	0	1	S
NMDC20586957	0	0	1	0	1	0	0	0	0	0	0	1	0	0	0	1	0	0	1	0	0	0	0	0	0	0	0	0	0	0	S
NMDC20554099	0	0	0	0	0	0	0	1	0	0	0	1	0	0	0	0	0	0	0	0	0	1	0	0	0	0	0	0	0	1	S
NMDC20586958	0	0	0	0	0	1	0	0	0	0	1	0	0	0	0	0	0	0	0	0	0	0	0	0	0	0	0	0	1	1	S
NMDC20554100	0	0	0	0	0	1	0	0	0	0	1	0	0	0	0	0	0	0	0	0	0	0	0	0	0	0	0	0	1	1	S
NMDC20552058	0	0	0	0	0	1	0	0	0	0	1	0	0	0	0	0	0	0	0	0	0	0	0	0	0	0	0	0	1	1	S
NMDC20586960	0	0	0	0	0	1	0	1	0	0	0	1	0	0	1	0	1	1	0	0	0	1	0	0	1	0	0	0	1	1	S
NMDC20558097	0	0	0	0	0	1	0	0	0	0	1	0	0	0	0	0	0	0	0	0	0	0	0	0	0	0	0	0	1	1	S
NMDC20586961	0	0	0	0	0	1	0	0	0	0	1	0	0	0	0	0	0	0	0	0	0	0	0	0	0	0	0	0	1	1	S
NMDC20552059	0	0	0	0	0	1	0	1	0	0	0	1	0	0	1	0	1	1	0	0	0	1	0	0	1	0	0	0	1	1	S
NMDC20586962	0	0	0	0	0	1	0	1	0	0	0	1	0	0	1	0	1	1	0	0	0	1	0	0	1	0	0	0	1	1	S
NMDC20586963	0	0	0	0	0	1	0	0	0	0	1	0	0	0	0	0	0	0	0	0	0	0	0	0	0	0	0	0	1	1	S
NMDC20558099	0	0	0	0	0	0	0	0	0	0	0	1	0	0	0	0	1	0	0	0	1	1	0	0	1	0	0	0	1	0	S
NMDC20552061	0	0	0	0	0	1	0	1	0	0	0	1	0	0	1	0	1	1	1	0	0	1	0	0	1	0	0	0	1	1	S
NMDC20556097	0	0	0	0	0	1	0	1	0	0	0	1	0	0	1	0	1	1	1	0	0	1	0	0	1	0	0	0	1	1	S
NMDC20586965	0	0	0	0	0	1	0	0	0	0	1	0	0	0	0	0	0	0	0	0	0	0	0	0	0	0	0	0	1	1	S
NMDC20586966	0	0	0	0	0	1	0	0	0	0	1	0	0	0	0	0	0	0	0	0	0	0	0	0	0	0	0	0	1	1	S
NMDC20586967	0	0	0	0	0	0	0	0	0	0	0	1	0	0	0	0	0	0	0	0	0	0	0	0	0	0	0	0	0	0	S
NMDC20556098	0	0	0	0	0	1	0	0	0	0	0	0	0	0	1	0	0	1	0	0	1	1	0	0	0	0	0	0	0	1	S
NMDC20552063	0	0	0	0	0	1	0	0	0	0	1	0	0	0	0	0	0	0	0	0	0	0	0	0	0	0	0	0	1	1	S
NMDC20586968	0	0	0	0	0	1	0	1	0	0	0	1	0	0	1	0	1	1	0	0	0	1	0	0	1	0	0	0	1	1	S
NMDC20554104	0	0	0	0	0	1	0	0	0	0	1	0	0	0	0	0	0	0	0	0	0	0	0	0	0	0	0	0	1	1	S
NMDC20558102	0	0	0	0	0	1	0	0	0	0	1	0	0	0	0	0	0	0	0	0	0	0	0	0	0	0	0	0	1	1	S
NMDC20558103	0	0	0	0	0	1	0	0	0	0	1	0	0	0	0	0	0	0	0	0	0	0	0	0	0	0	0	0	1	1	S
NMDC20552064	0	0	0	0	0	1	0	0	0	0	1	0	0	0	0	0	0	0	0	0	0	0	0	0	0	0	0	0	1	1	S
NMDC20554105	0	0	0	0	0	0	0	1	0	0	0	1	0	0	0	0	0	0	0	0	0	1	0	0	0	0	0	0	0	1	S
NMDC20586969	0	0	1	0	0	1	0	0	0	0	0	0	0	0	1	1	0	1	1	0	1	1	0	0	0	0	0	0	0	1	S
NMDC20552065	0	0	0	0	0	1	0	1	0	0	0	1	1	0	1	0	0	0	0	0	1	1	0	0	0	0	0	0	1	1	S
NMDC20552068	0	0	0	0	0	1	0	1	0	0	0	1	1	0	1	0	0	0	0	0	1	1	0	0	0	0	0	0	1	1	S
NMDC20586970	0	0	0	0	0	1	0	1	0	0	0	1	1	0	1	0	0	0	0	0	1	1	0	0	0	0	0	0	1	1	S
NMDC20586972	0	0	0	0	0	1	0	0	0	0	1	0	0	0	0	0	0	0	0	0	0	0	0	0	0	0	0	0	1	1	S
NMDC20556099	0	0	0	0	0	1	0	0	0	0	1	0	0	0	0	0	0	0	0	0	0	0	0	0	0	0	0	0	1	1	S
NMDC20558105	0	0	0	0	0	0	0	0	0	0	0	1	0	0	0	0	0	0	0	0	0	0	0	0	0	0	0	0	0	1	S
NMDC20558106	0	0	0	0	0	1	0	0	0	0	1	0	0	0	0	0	0	0	0	0	0	0	0	0	0	0	0	0	1	1	S
NMDC20586973	0	0	0	0	0	1	0	0	0	0	1	0	0	0	0	0	0	0	0	0	0	0	0	0	0	0	0	0	1	1	S
NMDC20552070	0	0	0	0	0	1	0	1	0	0	0	1	0	0	1	0	1	1	0	0	0	1	0	0	1	0	0	0	1	1	S
NMDC20552071	0	0	0	0	0	1	0	1	0	0	0	1	0	0	1	0	1	1	0	0	0	1	0	0	1	0	0	0	1	1	S
NMDC20556101	0	0	0	0	0	0	0	0	0	0	0	0	0	0	0	0	1	1	0	1	0	0	0	1	0	0	0	0	0	0	S
NMDC20586975	0	0	0	0	0	1	0	0	0	0	1	0	0	0	0	0	0	0	0	0	0	0	0	0	0	0	0	0	1	1	S
NMDC20556102	0	0	0	0	0	1	0	0	0	0	1	0	0	0	0	0	0	0	0	0	0	0	0	0	0	0	0	0	1	1	S
NMDC20586977	0	0	0	0	0	1	0	1	0	0	0	1	0	0	1	0	1	1	0	0	0	1	0	0	1	0	0	0	1	1	S
NMDC20586978	0	0	0	0	0	0	0	0	0	0	0	0	0	0	1	0	0	0	0	0	0	1	0	0	0	0	0	1	1	0	S
NMDC20556104	0	0	0	0	0	1	0	0	0	0	1	0	0	0	0	0	0	0	0	0	0	0	0	0	0	0	0	0	1	1	S
NMDC20586979	0	0	1	0	1	0	0	0	0	0	0	1	0	0	0	1	0	0	1	0	0	0	0	0	0	0	0	0	0	0	S
NMDC20554108	0	0	0	0	0	1	0	1	0	0	0	1	0	0	1	0	1	1	1	0	0	1	0	0	1	0	0	0	1	1	S
NMDC20586980	0	0	0	0	0	1	0	1	0	0	0	1	0	0	1	0	1	1	1	0	0	1	0	0	1	0	0	0	1	1	S
NMDC20554109	0	0	0	0	0	1	0	1	0	0	0	1	0	0	1	0	1	1	0	0	0	1	0	0	1	0	0	0	1	1	S
NMDC20586981	1	0	0	0	0	0	0	0	0	0	0	0	0	0	0	0	1	1	0	1	0	0	0	1	0	0	0	0	0	0	S
NMDC20554112	0	0	0	0	0	0	0	0	0	0	0	0	0	0	0	0	1	1	0	1	0	0	0	1	0	0	0	0	0	0	S
NMDC20552074	0	0	0	0	0	1	0	0	0	0	1	0	0	0	0	0	0	0	0	0	0	0	0	0	0	0	0	0	1	1	S
NMDC20586983	0	0	0	0	0	1	0	0	0	0	1	0	0	0	0	0	0	0	0	0	0	0	0	0	0	0	0	0	1	1	S
NMDC20556105	0	0	0	0	0	0	0	0	0	0	0	1	0	0	0	0	1	0	0	0	1	1	0	0	1	0	0	0	1	0	S
NMDC20552075	0	0	0	0	0	1	0	1	0	0	0	1	0	0	1	0	1	1	0	0	0	1	0	0	1	0	0	0	1	1	S
NMDC20586984	0	0	0	0	0	1	0	1	0	0	0	1	0	0	1	0	1	1	1	0	0	1	0	0	1	0	0	0	1	1	S
NMDC20586987	0	0	0	0	0	1	0	0	0	0	0	0	0	0	0	0	0	0	0	0	1	1	0	0	0	0	0	0	0	0	S
NMDC20556106	0	0	0	0	0	1	0	0	0	0	1	0	0	0	0	0	0	0	0	0	0	0	0	0	0	0	0	0	1	1	S
NMDC20558111	0	0	0	0	0	1	0	0	0	0	1	0	0	0	0	0	0	0	0	0	0	0	0	0	0	0	0	0	1	1	S
NMDC20586988	0	0	0	0	0	1	0	0	0	0	1	0	0	0	0	0	0	0	0	0	0	0	0	0	0	0	0	0	1	1	S
NMDC20552076	0	0	0	0	0	1	0	1	0	0	0	1	0	0	1	0	1	1	0	0	0	1	0	0	1	0	0	0	1	1	S
NMDC20554113	0	0	0	0	0	1	0	1	0	0	0	1	0	0	1	0	1	1	0	0	0	1	0	0	1	0	0	0	1	1	S
NMDC20552077	0	0	0	0	0	1	0	0	0	0	1	0	0	0	0	0	0	0	0	0	0	0	0	0	0	0	0	0	1	1	S
NMDC20586991	0	0	0	0	0	1	0	0	0	0	1	0	0	0	0	0	0	0	0	0	0	0	0	0	0	0	0	0	1	1	S
NMDC20556107	0	0	0	0	0	1	0	0	0	0	1	0	0	0	0	0	0	0	0	0	0	0	0	0	0	0	0	0	1	1	S
NMDC20554114	0	0	0	0	0	1	0	1	0	0	0	1	0	0	1	0	1	1	0	0	0	1	0	0	1	0	0	0	1	1	S
NMDC20556108	0	0	0	0	0	1	0	1	0	0	0	1	0	0	1	0	1	1	0	0	0	1	0	0	1	0	0	0	1	1	S
NMDC20556109	0	0	0	0	0	1	0	1	0	0	0	1	0	0	1	0	1	1	0	0	0	1	0	0	1	0	0	0	1	1	S
NMDC20586995	0	0	0	0	0	1	0	1	0	0	0	1	0	0	1	0	1	1	0	0	0	1	0	0	1	0	0	0	1	1	S
NMDC20558112	0	0	0	0	0	1	0	0	0	0	1	0	0	0	0	0	0	0	0	0	0	0	0	0	0	0	0	0	1	1	S
NMDC20552079	0	0	0	0	0	1	0	1	0	0	0	1	0	0	1	0	1	1	0	0	0	1	0	0	1	0	0	0	1	1	S
NMDC20558113	0	0	0	0	0	1	0	1	0	0	0	1	0	0	1	0	1	1	0	0	0	1	0	0	1	0	0	0	1	1	S
NMDC20552080	0	0	0	0	0	1	0	1	0	0	0	1	0	0	1	0	1	1	0	0	0	1	0	0	1	0	0	0	1	1	S
NMDC20586996	0	0	0	0	0	1	0	0	0	0	1	0	0	0	0	0	0	0	0	0	0	0	0	0	0	0	0	0	1	1	S
NMDC20586997	0	0	0	0	0	1	0	0	0	0	0	0	0	0	0	0	0	0	0	0	1	1	0	0	0	0	0	0	0	0	S
NMDC20586998	0	0	0	0	0	0	0	1	0	0	0	1	0	0	0	0	0	0	0	0	0	1	0	1	1	0	0	0	1	1	S
NMDC20556111	0	0	0	0	0	1	0	1	0	0	0	1	0	0	1	0	1	1	0	0	0	1	0	0	1	0	0	0	1	1	S
NMDC20554116	0	0	0	0	0	0	0	0	0	0	0	0	0	0	0	0	0	0	0	0	1	1	0	0	0	0	1	0	1	1	S
NMDC20587004	0	0	0	0	0	1	0	0	0	0	1	0	0	0	0	0	0	0	0	0	0	0	0	0	0	0	0	0	1	1	S
NMDC20552081	0	0	0	0	0	1	0	1	0	0	0	1	0	0	1	0	1	1	0	0	0	1	0	0	1	0	0	0	1	1	S
NMDC20552082	0	0	0	0	0	1	0	0	0	0	1	0	0	0	0	0	0	0	0	0	0	0	0	0	0	0	0	0	1	1	S
NMDC20554117	0	0	0	0	0	1	0	1	0	0	0	1	0	0	1	0	1	1	0	0	0	1	0	0	1	0	0	0	1	1	S
NMDC20556112	0	0	0	0	0	1	0	1	0	0	0	1	0	0	1	0	1	1	0	0	0	1	0	0	1	0	0	0	1	1	S
NMDC20587008	0	0	0	0	0	1	0	0	0	0	0	0	0	0	0	0	0	0	0	0	1	1	0	0	0	0	0	0	0	0	S
NMDC20587009	0	0	0	0	0	1	0	1	0	0	0	1	0	0	1	0	1	1	0	0	0	1	0	0	1	0	0	0	1	1	S
NMDC20556113	0	0	0	0	0	1	0	0	0	0	1	1	0	0	0	0	1	0	1	0	0	1	0	1	1	0	0	0	0	0	S
NMDC20552083	0	0	0	0	0	1	0	0	0	0	1	0	0	0	0	0	0	0	0	0	0	0	0	0	0	0	0	0	1	1	S
NMDC20558115	0	0	0	0	0	1	0	0	0	0	1	0	0	0	0	0	0	0	0	0	0	0	0	0	0	0	0	0	1	1	S
NMDC20554118	0	0	1	0	0	1	0	0	0	0	1	0	0	0	0	0	0	0	0	0	0	0	0	0	0	0	0	0	1	1	S
NMDC20558116	0	0	0	0	0	1	0	1	0	0	0	1	0	0	1	0	1	1	0	0	0	1	0	0	1	0	0	0	1	1	S
NMDC20552084	0	0	0	0	0	1	0	0	0	0	1	0	0	0	0	0	0	0	0	0	0	0	0	0	0	0	0	0	1	1	S
NMDC20552085	0	0	0	0	0	1	0	0	0	0	1	0	0	0	0	0	0	0	0	0	0	0	0	0	0	0	0	0	1	1	S
NMDC20587015	0	0	0	0	0	1	0	0	0	0	1	0	0	0	0	0	0	0	0	0	0	0	0	0	0	0	0	0	1	1	S
NMDC20552086	0	0	0	0	0	1	0	1	0	0	0	1	0	0	1	0	1	1	1	0	0	1	0	0	1	0	0	0	1	1	S
NMDC20556114	0	0	0	0	0	1	0	1	0	0	0	1	0	0	1	0	1	1	0	0	0	1	0	0	1	0	0	0	1	1	S
NMDC20556115	0	0	0	0	0	1	0	0	0	0	1	0	0	0	0	0	0	0	0	0	0	0	0	0	0	0	0	0	1	1	S
NMDC20552087	0	0	0	0	0	1	0	0	0	0	1	0	0	0	0	0	0	0	0	0	0	0	0	0	0	0	0	0	1	1	S
NMDC20556116	0	0	0	0	0	1	0	0	0	0	1	0	0	0	0	0	0	0	0	0	0	0	0	0	0	0	0	0	1	1	S
NMDC20587017	0	0	0	0	0	1	0	1	0	0	0	1	0	0	1	0	1	1	0	0	0	1	0	0	1	0	0	0	1	1	S
NMDC20587018	0	0	0	0	0	1	0	0	0	0	1	0	0	0	0	0	0	0	0	0	0	0	0	0	0	0	0	0	1	1	S
NMDC20587019	0	0	0	0	0	1	0	1	0	0	0	1	0	0	1	0	1	1	0	0	0	1	0	0	1	0	0	0	1	1	S
NMDC20558119	0	0	0	0	0	1	0	0	0	0	1	0	0	0	0	0	0	0	0	0	0	0	0	0	0	0	0	0	1	1	S
NMDC20554120	0	0	0	0	0	1	0	0	0	0	1	0	0	0	0	0	0	0	0	0	0	0	0	0	0	0	0	0	1	1	S
NMDC20587021	0	0	0	0	0	1	0	0	0	0	1	0	0	0	0	0	0	0	0	0	0	0	0	0	0	0	0	0	1	1	S
NMDC20552089	0	0	0	0	0	1	0	0	0	0	1	0	0	0	0	0	0	0	0	0	0	0	0	0	0	0	0	0	1	1	S
NMDC20558120	0	0	0	0	0	1	0	1	0	0	0	1	0	0	1	0	1	1	0	0	0	1	0	0	1	0	0	0	1	1	S
NMDC20587023	0	0	0	0	0	1	0	0	0	0	1	0	0	0	0	0	0	0	0	0	0	0	0	0	0	0	0	0	1	1	S
NMDC20554121	0	0	0	0	0	1	0	0	0	0	1	0	0	0	0	0	0	0	0	0	0	0	0	0	0	0	0	0	1	1	S
NMDC20587024	0	0	0	0	0	0	0	0	0	0	0	0	0	0	0	0	1	1	0	1	0	0	0	1	0	0	0	0	0	0	S
NMDC20554122	0	0	0	0	0	1	0	1	0	0	0	1	0	0	1	0	1	1	0	0	0	1	0	0	1	0	0	0	1	1	S
NMDC20587054	0	0	0	0	0	1	0	1	0	0	0	1	0	0	1	0	1	1	0	0	0	1	1	0	1	0	0	0	1	1	S
NMDC20552104	0	0	0	0	0	0	0	0	0	0	0	0	0	0	0	0	0	0	0	0	0	1	0	0	0	0	0	0	1	1	S
NMDC20556125	0	0	0	0	0	1	0	1	0	0	0	1	0	0	1	0	1	1	0	0	0	1	0	0	1	0	0	0	1	1	S
NMDC20587055	0	0	0	0	0	1	0	1	0	0	0	1	0	0	1	0	1	1	0	0	0	1	0	0	1	0	0	0	1	1	S
NMDC20587056	0	0	0	0	0	1	0	1	0	0	0	1	0	0	0	0	0	0	0	0	0	0	0	1	0	0	0	0	1	1	S
NMDC20556126	0	0	0	0	0	1	0	1	0	0	0	1	0	0	1	0	1	1	0	0	0	1	0	0	1	0	0	0	1	1	S
NMDC20554136	0	0	0	0	0	1	0	1	0	0	0	1	0	0	1	0	1	1	0	0	0	1	0	0	1	0	0	0	1	1	S
NMDC20552105	0	0	0	0	0	1	0	0	0	0	0	1	0	0	0	0	0	0	0	0	1	1	0	0	0	0	1	0	1	0	S
NMDC20552106	0	0	0	0	0	1	0	1	0	0	0	1	0	0	1	0	1	1	0	0	0	1	0	0	1	0	0	0	1	1	S
NMDC20554137	0	0	0	0	0	1	0	1	0	0	0	1	0	0	1	0	1	1	0	0	0	1	0	0	1	0	0	0	1	1	S
NMDC20556129	0	0	0	0	0	1	0	1	0	0	0	1	0	0	1	0	1	1	0	0	0	1	0	0	1	0	0	0	1	1	S
NMDC20587057	0	0	0	0	0	1	0	1	0	0	0	1	0	0	1	0	1	1	0	0	0	1	0	0	1	0	0	0	1	1	S
NMDC20556130	0	0	1	1	1	1	0	1	0	0	0	1	1	0	1	1	0	0	1	0	1	1	0	0	0	0	0	0	1	1	S
NMDC20558133	0	0	0	0	0	1	0	0	0	0	1	0	0	0	0	0	0	0	0	0	0	0	0	0	0	0	0	0	1	1	S
NMDC20556131	0	0	0	0	0	1	0	1	0	0	0	1	0	0	1	0	1	1	0	0	0	1	0	0	1	0	0	0	1	1	S
NMDC20587058	0	0	0	0	0	1	0	1	0	0	0	1	0	0	1	0	1	1	0	0	0	1	0	0	1	0	0	0	1	1	S
NMDC20587059	0	0	0	0	0	1	0	1	0	0	0	1	0	0	1	0	1	1	0	0	0	1	0	0	1	0	0	0	1	1	S
NMDC20552107	0	0	0	0	0	1	0	1	0	0	0	1	0	0	1	0	1	1	0	0	0	1	0	0	1	0	0	0	1	1	S
NMDC20554138	0	0	0	0	0	1	0	1	0	0	0	1	0	0	1	0	1	1	0	0	0	1	0	0	1	0	0	0	1	1	S
NMDC20587060	0	0	0	0	0	1	0	1	0	0	0	1	0	0	1	0	1	1	0	0	0	1	0	0	1	0	0	0	1	1	S
NMDC20554139	0	0	0	0	0	0	0	0	0	0	1	0	0	0	0	0	1	0	0	0	1	1	0	0	0	0	0	0	0	1	S
NMDC20587061	0	0	0	0	0	1	0	1	0	0	0	1	0	0	1	0	1	1	0	0	0	1	0	0	1	0	0	0	1	1	S
NMDC20587062	0	0	0	0	0	0	0	0	0	0	0	1	0	0	0	0	1	0	0	0	1	1	0	0	1	0	0	0	1	0	S
NMDC20552110	0	0	0	0	0	1	0	0	0	0	1	0	0	0	0	0	0	0	0	0	0	0	0	0	0	0	0	0	1	1	S
NMDC20587064	0	0	0	0	0	1	0	1	0	0	0	1	0	0	1	0	1	1	0	0	0	1	1	0	1	0	0	0	1	1	S
NMDC20587065	0	0	0	0	0	1	0	1	0	0	0	1	0	0	1	0	1	1	0	0	0	1	0	0	1	0	0	0	1	1	S
NMDC20587066	0	0	0	0	0	1	0	1	0	0	0	1	0	0	1	0	1	1	0	0	0	1	0	0	1	0	0	0	1	1	S
NMDC20552111	0	0	0	0	0	0	0	1	0	0	0	1	1	0	1	0	0	0	1	0	1	1	1	0	0	0	0	0	0	1	S
NMDC20554142	0	0	0	0	0	1	0	1	0	0	0	1	0	0	1	0	1	1	0	0	0	1	0	0	1	0	0	0	1	1	S
NMDC20554143	0	0	0	0	0	1	0	1	0	0	0	1	0	0	1	0	1	1	0	0	0	1	0	0	1	0	0	0	1	1	S
NMDC20554144	0	0	0	0	0	1	0	0	0	0	0	0	0	0	0	0	0	0	0	0	1	1	0	0	0	0	0	0	0	0	S
NMDC20554145	0	0	0	0	0	1	0	1	0	0	0	1	0	0	1	0	1	1	0	0	0	1	0	0	1	0	0	0	1	1	S
NMDC20587068	0	0	0	0	0	1	0	1	0	0	0	1	0	0	1	0	1	1	0	0	0	1	0	0	1	0	0	0	1	1	S
NMDC20587069	0	0	0	0	0	1	0	1	0	0	0	1	0	0	1	0	1	1	0	0	0	1	0	0	1	0	0	0	1	1	S
NMDC20558135	0	0	0	0	0	1	0	1	0	0	0	1	0	0	1	0	1	1	0	0	0	1	0	0	1	0	0	0	1	1	S
NMDC20556133	0	0	0	0	0	1	0	1	0	0	0	1	0	0	1	0	1	1	0	0	0	1	1	0	1	0	0	0	1	1	S
NMDC20587070	0	0	0	0	0	1	0	1	0	0	0	1	0	0	1	0	1	1	0	0	0	1	1	0	1	0	0	0	1	1	S
NMDC20587071	0	0	0	0	0	1	0	1	0	0	0	1	0	0	1	0	1	1	0	0	0	1	0	0	1	0	0	0	1	1	S
NMDC20556134	0	0	0	0	0	1	0	1	0	0	0	1	0	0	1	0	1	1	0	0	0	1	0	0	1	0	0	0	1	1	S
NMDC20556135	0	0	0	0	0	1	0	1	0	0	0	1	0	0	1	0	1	1	0	0	0	1	0	0	1	0	0	0	1	1	S
NMDC20558137	0	0	0	0	0	1	0	1	0	0	0	1	0	0	1	0	1	1	0	0	0	1	0	0	1	0	0	0	1	1	S
NMDC20587073	0	0	0	0	0	1	0	1	0	0	0	1	0	0	1	0	1	1	0	0	0	1	0	0	1	0	0	0	1	1	S
NMDC20558138	0	0	0	0	0	1	0	1	0	0	0	1	0	0	1	0	1	1	0	0	0	1	0	0	1	0	0	0	1	1	S
NMDC20587074	0	0	0	0	0	1	0	1	0	0	0	1	0	0	1	0	1	1	0	0	0	1	0	0	1	0	0	0	1	1	S
NMDC20587075	0	0	0	0	0	1	0	1	0	0	0	1	0	0	1	0	1	1	0	0	0	1	0	0	1	0	0	0	1	1	S
NMDC20587076	0	0	0	0	0	1	0	1	0	0	0	1	0	0	1	0	1	1	0	0	0	1	0	0	1	0	0	0	1	1	S
NMDC20556136	0	0	0	0	0	1	0	1	0	0	0	1	0	0	1	0	1	1	0	0	0	1	0	0	1	0	0	0	1	1	S
NMDC20554147	0	0	0	0	0	1	0	1	0	0	0	1	0	0	1	0	1	1	0	0	0	1	0	0	1	0	0	0	1	1	S
NMDC20552113	0	0	0	0	0	1	0	1	0	0	0	1	0	0	1	0	1	1	0	0	0	1	0	0	1	0	0	0	1	1	S
NMDC20558139	0	0	0	0	0	1	0	0	0	0	1	0	0	0	0	0	0	0	0	0	0	0	0	0	0	0	0	0	1	1	S
NMDC20556137	0	0	1	0	1	0	0	0	0	0	1	0	0	0	0	1	0	0	1	1	0	0	0	1	0	0	0	0	1	1	S
NMDC20587077	0	0	0	0	0	1	0	1	0	0	0	1	0	0	1	0	1	1	0	0	0	1	0	0	1	0	0	0	1	1	S
NMDC20554149	0	0	0	0	0	1	0	0	0	0	1	0	0	0	0	0	0	0	0	0	0	0	0	0	0	0	0	0	1	1	S
NMDC20587078	0	0	0	0	0	1	0	1	0	0	0	1	0	0	1	0	1	0	0	0	0	1	0	0	1	0	0	0	0	1	S
NMDC20554151	0	0	0	0	0	1	0	1	0	0	0	1	0	0	1	0	1	1	0	0	0	1	1	0	1	0	0	0	1	1	S
NMDC20556138	0	0	0	0	0	1	0	1	0	0	0	1	0	0	1	0	1	1	0	0	0	1	0	0	1	0	0	0	1	1	S
NMDC20552114	0	0	0	0	0	1	0	1	0	0	0	1	0	0	1	0	1	1	0	0	0	1	0	0	1	0	0	0	1	1	S
NMDC20587079	0	0	0	0	0	1	0	0	0	0	1	0	0	0	0	0	0	0	0	0	0	0	0	0	0	0	0	0	1	1	S
NMDC20558141	0	0	0	0	0	1	0	0	0	0	1	0	0	0	0	0	0	0	0	0	0	0	0	0	0	0	0	0	1	1	S
NMDC20554152	0	0	0	0	0	1	0	1	0	0	0	1	0	0	1	0	1	1	0	0	0	1	0	0	1	0	0	0	1	1	S
NMDC20552115	0	0	0	0	0	1	0	1	0	0	0	1	0	0	1	0	1	1	0	0	0	1	0	0	1	0	0	0	1	1	S
NMDC20587081	0	0	0	0	0	1	0	1	0	0	0	1	0	0	1	0	1	1	0	0	0	1	0	0	1	0	0	0	1	1	S
NMDC20587082	0	0	0	0	0	1	0	1	0	0	0	1	0	0	1	0	1	1	0	0	0	1	0	0	1	0	0	0	1	1	S
NMDC20552116	0	0	0	0	0	1	0	1	0	0	0	1	0	0	1	0	1	1	0	0	0	1	0	0	1	0	0	0	1	1	S
NMDC20587083	0	0	0	0	0	0	0	0	0	0	0	0	0	0	0	0	1	1	0	1	0	0	0	1	0	0	0	0	0	0	S
NMDC20556139	0	0	0	0	0	1	0	1	0	0	0	1	0	0	1	0	1	1	0	0	0	1	0	0	1	0	0	0	1	1	S
NMDC20587084	0	0	0	0	0	1	0	1	0	0	0	1	0	0	1	0	1	1	0	0	0	1	0	0	1	0	0	0	1	1	S
NMDC20554154	0	0	0	0	0	1	0	1	0	0	0	1	0	0	1	0	1	1	0	0	0	1	0	0	1	0	0	0	1	1	S
NMDC20587085	0	0	0	0	0	1	0	1	0	0	0	1	0	0	1	0	1	1	0	0	0	1	0	0	1	0	0	0	1	1	S
NMDC20554155	0	0	0	0	0	1	0	1	0	0	0	1	0	0	1	0	1	1	1	0	0	1	0	0	1	0	0	0	1	1	S
NMDC20587086	0	0	0	0	0	1	0	1	0	0	0	1	0	0	1	0	1	1	0	0	0	1	0	0	1	0	0	0	1	1	S
NMDC20554156	0	0	0	0	0	1	0	1	0	0	0	1	0	0	1	0	1	1	0	0	0	1	0	0	1	0	0	0	1	1	S
NMDC20558142	0	0	0	0	0	1	0	1	0	0	0	1	0	0	1	0	1	1	0	0	0	1	0	0	1	0	0	0	1	1	S
NMDC20556141	0	0	0	0	0	1	0	1	0	0	0	1	0	0	1	0	1	1	0	0	0	1	1	0	1	0	0	0	1	1	S
NMDC20587087	0	0	0	0	0	1	0	1	0	0	0	1	0	0	1	0	1	1	0	0	0	1	0	0	1	0	0	0	1	1	S
NMDC20587088	0	0	0	0	0	1	0	1	0	0	0	1	0	0	1	0	1	1	0	0	0	1	0	0	1	0	0	0	1	1	S
NMDC20587090	0	0	0	0	0	1	0	1	0	0	0	1	0	0	1	0	1	1	0	0	0	1	0	0	1	0	0	0	1	1	S
NMDC20558143	0	0	0	0	0	1	0	1	0	0	0	1	0	0	1	0	1	1	0	0	0	1	0	0	1	0	0	0	1	1	S
NMDC20554157	0	0	0	0	0	0	0	0	0	0	0	1	0	0	0	0	1	0	0	0	1	1	0	0	1	0	0	0	1	0	S
NMDC20554158	0	0	0	0	0	1	0	0	0	0	1	0	0	0	0	0	0	0	0	0	0	0	0	0	0	0	0	0	1	1	S
NMDC20554159	0	0	0	0	0	1	0	0	0	0	1	0	0	0	0	0	0	0	0	0	0	0	0	0	0	0	0	0	1	1	S
NMDC20558144	0	0	0	0	0	1	0	1	0	0	0	1	0	0	1	0	1	1	0	0	0	1	0	0	1	0	0	0	1	1	S
NMDC20587092	0	0	0	0	0	1	0	0	0	0	1	0	0	0	0	0	0	0	0	0	0	0	0	0	0	0	0	0	1	1	S
NMDC20558145	0	0	0	0	0	1	0	1	0	0	0	1	0	0	1	0	1	1	0	0	0	1	0	0	1	0	0	0	1	1	S
NMDC20587093	0	0	0	0	0	1	0	1	0	0	0	1	0	0	1	0	1	1	0	0	0	1	0	0	1	0	0	0	1	1	S
NMDC20554160	0	0	0	0	0	1	0	1	0	0	0	1	0	0	1	0	1	1	0	0	0	1	0	0	1	0	0	0	1	1	S
NMDC20587095	0	0	0	0	0	1	0	1	0	0	0	1	0	0	1	0	1	1	0	0	0	1	0	0	1	0	0	0	1	1	S
NMDC20587096	0	0	0	0	0	1	0	0	0	0	0	0	0	0	1	0	1	1	1	0	0	0	0	0	1	0	0	0	1	1	S
NMDC20587097	0	0	0	0	0	1	0	1	0	0	0	1	0	0	1	0	1	1	0	0	0	1	1	0	1	0	0	0	1	1	S
NMDC20558148	0	0	0	0	0	1	0	1	0	0	0	1	0	0	1	0	1	1	1	0	0	1	1	0	1	0	0	0	1	1	S
NMDC20554161	0	0	0	0	0	0	0	0	0	0	0	1	0	0	1	0	0	0	0	0	0	1	0	0	0	0	0	0	0	0	S
NMDC20556142	0	0	0	0	0	0	0	0	0	0	0	0	0	0	0	0	1	1	0	1	0	0	0	1	0	0	0	0	0	0	S
NMDC20587098	0	0	0	0	0	1	0	0	0	0	0	1	0	0	0	0	0	0	0	0	0	1	0	0	0	0	1	0	0	1	S
NMDC20558151	0	0	0	0	0	1	0	1	0	0	0	1	0	0	1	0	1	1	0	0	0	1	0	0	1	0	0	0	1	1	S
NMDC20556143	0	0	0	0	0	1	0	1	0	0	0	1	0	0	1	0	1	1	0	0	0	1	0	0	1	0	0	0	1	1	S
NMDC20558152	0	0	0	0	0	1	0	1	0	0	0	1	0	0	1	0	1	1	0	0	0	1	0	0	1	0	0	0	1	1	S
NMDC20554162	0	0	0	0	0	1	0	1	0	0	0	1	0	0	0	0	0	0	0	0	0	0	0	1	0	0	0	0	1	1	S
NMDC20587099	0	0	0	0	0	1	0	1	0	0	0	1	0	0	1	0	1	1	1	0	0	1	0	0	1	0	0	0	1	1	S
NMDC20587100	0	0	0	0	0	1	0	1	0	0	0	1	0	0	1	0	1	1	0	0	0	1	0	0	1	0	0	0	1	1	S
NMDC20556144	0	0	0	0	0	1	0	1	0	0	0	1	0	0	1	0	1	1	0	0	0	1	0	0	1	0	0	0	1	1	S
NMDC20552118	0	0	0	0	0	1	0	1	0	0	0	1	0	0	1	0	1	1	0	0	0	1	0	0	1	0	0	0	1	1	S
NMDC20554163	0	0	0	0	0	1	0	1	0	0	0	1	0	0	1	0	1	1	0	0	0	1	0	0	1	0	0	0	1	1	S
NMDC20556145	0	0	0	0	0	1	0	1	0	0	0	1	0	0	1	0	1	1	0	0	0	1	0	0	1	0	0	0	1	1	S
NMDC20558154	0	0	0	0	0	1	0	1	0	0	0	1	0	0	1	0	1	1	0	0	0	1	1	0	1	0	0	0	1	1	S
NMDC20552120	0	0	0	0	0	0	0	0	0	0	0	1	0	0	0	0	1	0	0	0	1	1	0	0	1	0	0	0	1	0	S
NMDC20587101	0	0	0	0	0	1	0	1	0	0	0	1	0	0	1	0	1	1	0	0	0	1	0	0	1	0	0	0	1	1	S
NMDC20558155	0	0	0	0	0	1	0	1	0	0	0	1	0	0	1	0	1	1	0	0	0	1	1	0	1	0	0	0	1	1	S
NMDC20556147	0	0	0	0	0	1	0	1	0	0	0	1	0	0	1	0	1	1	0	0	0	1	1	0	1	0	0	0	1	1	S
NMDC20587102	0	0	0	0	0	1	0	0	0	0	1	1	0	0	0	0	0	0	0	0	1	1	0	0	0	0	1	0	1	0	S
NMDC20587103	0	0	0	0	0	1	0	1	0	0	0	1	0	0	1	0	1	1	0	0	0	1	1	0	1	0	0	0	1	1	S
NMDC20587104	0	0	0	0	0	1	0	0	0	0	1	0	0	0	0	0	0	0	0	0	0	0	0	0	0	0	0	0	1	1	S
NMDC20558157	0	0	0	0	0	1	0	0	0	0	1	0	0	0	0	0	0	0	0	0	0	0	0	0	0	0	0	0	1	1	S
NMDC20556150	0	0	0	0	0	1	0	0	0	0	1	0	0	0	0	0	0	0	0	0	0	0	0	0	0	0	0	0	1	1	S
NMDC20556151	0	0	0	0	0	1	0	1	0	0	0	1	0	0	1	0	1	1	0	0	0	1	0	0	1	0	0	0	1	1	S
NMDC20552122	0	0	0	0	0	1	0	1	0	0	0	1	0	0	1	0	1	1	0	0	0	1	0	0	1	0	0	0	1	1	S
NMDC20558158	0	0	0	0	0	1	0	1	0	0	0	1	0	0	1	0	1	1	0	0	0	1	0	0	1	0	0	0	1	1	S
NMDC20556152	0	0	0	0	0	1	0	1	0	0	0	1	0	0	1	0	1	1	0	0	0	1	0	0	1	0	0	0	1	1	S
NMDC20554164	0	0	0	0	0	1	0	0	0	0	0	1	0	0	0	0	0	0	1	0	1	1	0	0	0	0	1	0	1	0	S
NMDC20554165	0	0	0	0	0	1	0	0	0	0	0	1	0	0	0	0	0	0	1	0	1	1	0	0	0	0	1	0	1	0	S
NMDC20552123	0	0	0	0	0	1	0	1	0	0	0	1	0	0	1	0	1	1	0	0	0	1	0	0	1	0	0	0	1	1	S
NMDC20556153	0	0	0	0	0	1	0	1	0	0	0	1	0	0	1	0	1	1	0	0	0	1	0	0	1	0	0	0	1	1	S
NMDC20587107	0	0	0	0	0	0	0	0	0	0	0	0	0	0	1	0	1	0	0	0	0	1	0	0	0	0	0	0	1	1	S
NMDC20587108	0	0	0	0	0	1	0	1	0	0	0	1	0	0	1	0	1	1	0	0	0	1	0	0	1	0	0	0	1	1	S
NMDC20556154	0	0	0	0	0	1	0	0	0	0	1	0	0	0	0	0	0	0	0	0	0	0	0	0	0	0	0	0	1	1	S
NMDC20587109	0	0	0	0	0	0	0	0	0	0	0	0	0	0	0	0	1	0	0	0	0	1	0	0	0	0	0	0	1	0	S
NMDC20587110	0	0	0	0	0	1	0	1	0	0	0	1	0	0	1	0	1	1	0	0	0	1	1	0	1	0	0	0	1	1	S
NMDC20587111	0	0	0	0	0	1	0	1	0	0	0	1	0	0	1	0	1	1	1	0	0	1	0	0	1	0	0	0	1	1	S
NMDC20587112	0	0	0	0	0	1	0	1	0	0	0	1	0	0	1	0	1	1	1	0	0	1	0	0	1	0	0	0	1	1	S
NMDC20587113	0	0	0	0	0	1	0	0	0	0	1	0	0	0	0	0	0	0	0	0	0	0	0	0	0	0	0	0	1	1	S
NMDC20556155	0	0	0	0	0	1	0	1	0	0	0	1	0	0	1	0	1	1	0	0	0	1	0	0	1	0	0	0	1	1	S
NMDC20554166	0	0	0	0	0	1	0	1	0	0	0	1	0	0	1	0	1	1	0	0	0	1	0	0	1	0	0	0	1	1	S
NMDC20587114	0	0	0	0	0	1	0	1	0	0	0	1	0	0	1	0	1	1	0	0	0	1	0	0	1	0	0	0	1	1	S
NMDC20587115	0	0	0	0	0	1	0	1	0	0	0	1	0	0	1	0	0	0	0	0	1	1	0	0	1	0	0	0	0	1	S
NMDC20554167	0	0	0	0	0	1	0	0	0	0	1	0	0	0	0	0	0	0	0	0	0	0	0	0	0	0	0	0	1	1	S
NMDC20554168	0	0	0	0	0	1	0	1	0	0	0	1	0	0	1	0	1	1	0	0	0	1	0	0	1	0	0	0	1	1	S
NMDC20587116	0	0	0	0	0	1	0	1	0	0	0	1	0	0	1	0	1	1	0	0	0	1	0	0	1	0	0	0	1	1	S
NMDC20552125	0	0	0	0	0	1	0	1	0	0	0	1	0	0	1	0	1	1	1	0	0	1	0	0	1	0	0	0	1	1	S
NMDC20558159	0	0	0	0	0	1	0	1	0	0	0	1	0	0	1	0	1	1	0	0	0	1	1	0	1	0	0	0	1	1	S
NMDC20554170	0	0	0	0	0	1	0	1	0	0	0	1	0	0	1	0	1	1	0	0	0	1	0	0	1	0	0	0	1	1	S
NMDC20587118	0	0	0	0	0	0	0	0	0	0	0	1	0	0	0	0	0	0	0	0	0	0	0	0	0	0	0	0	0	0	S
NMDC20552127	0	0	0	0	0	1	0	1	0	0	0	1	0	0	1	0	1	1	0	0	0	1	0	0	1	0	0	0	1	1	S
NMDC20587119	0	0	0	0	0	1	0	1	0	0	0	1	0	0	1	0	1	1	0	0	0	1	0	0	1	0	0	0	1	1	S
NMDC20587120	0	0	0	0	0	1	0	0	0	0	1	0	0	0	0	0	0	0	0	0	0	0	0	0	0	0	0	0	1	1	S
NMDC20558160	0	0	0	0	0	1	0	0	0	0	1	0	0	0	0	0	0	0	0	0	0	0	0	0	0	0	0	0	1	1	S
NMDC20556156	0	0	0	0	0	1	0	1	0	0	0	1	0	0	1	0	1	1	0	0	0	1	0	0	1	0	0	0	1	1	S
NMDC20556157	0	0	0	0	0	1	0	0	0	0	1	0	0	0	0	0	0	0	0	0	0	0	0	0	0	0	0	0	1	1	S
NMDC20554171	0	0	0	0	0	1	0	0	0	0	1	0	0	0	0	0	0	0	0	0	0	0	0	0	0	0	0	0	1	1	S
NMDC20554172	0	0	0	0	0	1	0	0	0	0	1	0	0	0	0	0	0	0	0	0	0	0	0	0	0	0	0	0	1	1	S
NMDC20556158	0	0	0	0	0	1	0	1	0	0	0	1	0	0	1	0	1	1	0	0	0	1	0	0	1	0	0	0	1	1	S
NMDC20554173	0	0	0	0	0	1	0	1	0	0	0	1	0	0	1	0	1	1	1	0	0	1	0	0	1	0	0	0	1	1	S
NMDC20558161	0	0	1	0	0	1	0	1	0	0	0	1	0	0	1	1	1	1	1	0	0	1	0	0	1	0	0	0	1	1	S
NMDC20552130	0	0	0	0	0	1	0	1	0	0	0	1	0	0	0	0	0	0	1	0	1	1	0	0	0	0	0	0	0	0	S
NMDC20556159	0	0	0	0	0	1	0	1	0	0	0	1	0	0	1	0	1	1	0	0	0	1	0	0	1	0	0	0	1	1	S
NMDC20554174	0	0	0	0	0	1	0	1	0	0	0	1	0	0	1	0	1	1	0	0	0	1	0	0	1	0	0	0	1	1	S
NMDC20587123	0	0	0	0	0	1	0	0	0	0	1	0	0	0	0	0	0	0	0	0	0	0	0	0	0	0	0	0	1	1	S
NMDC20558162	0	0	0	0	0	1	0	1	0	0	0	1	0	0	1	0	1	1	0	0	0	1	1	0	1	0	0	0	1	1	S
NMDC20554175	0	0	0	0	0	1	0	1	0	0	0	1	0	0	1	0	1	1	0	0	0	1	0	0	1	0	0	0	1	1	S
NMDC20556161	0	0	1	0	1	0	0	0	0	0	0	1	0	0	0	1	0	0	1	0	0	0	0	0	0	0	0	0	0	0	S
NMDC20587128	0	0	0	0	0	1	0	1	0	0	0	1	0	0	1	0	1	1	0	0	0	1	1	0	1	0	0	0	1	1	S
NMDC20552131	0	0	0	0	0	1	0	1	0	0	0	1	0	0	1	0	1	1	0	0	0	1	0	0	1	0	0	0	1	1	S
NMDC20558163	0	0	0	0	0	1	0	1	0	0	0	1	0	0	1	0	1	1	1	0	0	1	0	0	1	0	0	0	1	1	S
NMDC20587129	0	0	0	0	0	1	0	1	0	0	0	1	0	0	1	0	1	1	0	0	0	1	1	0	1	0	0	0	1	1	S
NMDC20587130	0	0	1	0	1	0	0	0	0	0	0	1	0	0	0	1	0	0	1	0	0	0	0	0	0	0	0	0	0	0	S
NMDC20587131	0	0	0	0	0	1	0	1	0	0	0	1	0	0	1	0	1	1	0	0	0	1	0	0	1	0	0	0	1	1	S
NMDC20554176	0	0	0	0	0	1	0	1	0	0	0	1	0	0	1	0	1	1	0	0	0	1	0	0	1	0	0	0	1	1	S
NMDC20554177	0	0	0	0	0	1	0	0	0	0	1	0	0	0	0	0	0	0	0	0	0	0	0	0	0	0	0	0	1	1	S
NMDC20556162	0	0	0	0	0	1	0	1	0	0	0	1	0	0	1	0	1	1	0	0	0	1	0	0	1	0	0	0	1	1	S
NMDC20554178	0	0	0	0	0	1	0	1	0	0	0	1	0	0	1	0	1	1	0	0	0	1	0	0	1	0	0	0	1	1	S
NMDC20587133	0	0	0	0	0	1	0	0	0	0	1	0	0	0	0	0	0	0	0	0	0	0	0	0	0	0	0	0	1	1	S
NMDC20556163	0	0	0	0	0	1	0	1	0	0	0	1	0	0	1	0	1	1	0	0	0	1	0	0	1	0	0	0	1	1	S
NMDC20556164	0	0	0	0	0	1	0	1	0	0	0	1	0	0	1	0	1	1	0	0	0	1	0	0	1	0	0	0	1	1	S
NMDC20556165	0	0	0	0	0	1	0	1	0	0	0	1	0	0	1	0	1	1	0	0	0	1	0	0	1	0	0	0	1	1	S
NMDC20587135	0	0	0	0	0	1	0	1	0	0	0	1	0	0	1	0	1	1	0	0	0	1	0	0	1	0	0	0	1	1	S
NMDC20558164	0	0	0	0	0	0	0	0	0	0	0	1	0	0	0	0	1	0	0	0	1	1	0	0	1	0	0	0	1	0	S
NMDC20558165	0	0	1	0	1	0	0	0	0	0	0	1	0	0	0	1	0	0	1	0	0	0	0	0	0	0	0	0	0	0	S
NMDC20558166	0	0	0	0	0	1	0	1	0	0	0	1	0	0	1	0	1	1	0	0	0	1	0	0	1	0	0	0	1	1	S
NMDC20552133	0	0	0	0	0	1	0	1	0	0	0	1	0	0	1	0	1	1	0	0	0	1	0	0	1	0	0	0	1	1	S
NMDC20587136	0	0	0	0	0	1	0	1	0	0	0	1	0	0	1	0	1	1	0	0	0	1	0	0	1	0	0	0	1	1	S
NMDC20558167	0	0	0	0	0	0	0	0	0	0	0	1	0	0	0	0	1	1	0	0	0	0	0	0	1	0	0	0	0	1	S
NMDC20556167	0	0	0	0	0	1	0	1	0	0	0	1	0	0	1	0	1	1	0	0	0	1	0	0	1	0	0	0	1	1	S
NMDC20587137	0	0	0	0	0	1	0	1	0	0	0	1	0	0	1	0	1	1	0	0	0	1	1	0	1	0	0	0	1	1	S
NMDC20554179	0	0	0	0	0	1	0	1	0	0	0	1	0	0	1	0	1	1	0	0	0	1	1	0	1	0	0	0	1	1	S
NMDC20587138	0	0	0	0	0	1	0	1	0	0	0	1	0	0	1	0	1	1	0	0	0	1	0	0	1	0	0	0	1	1	S
NMDC20587139	0	0	0	0	0	1	0	1	0	0	0	1	0	0	1	0	1	1	0	0	0	1	0	0	1	0	0	0	1	1	S
NMDC20558168	0	0	0	0	0	1	0	1	0	0	0	1	0	0	1	0	1	1	0	0	0	1	0	0	1	0	0	0	1	1	S
NMDC20556168	0	0	0	0	0	0	0	0	0	0	0	1	0	0	0	0	1	1	0	0	0	0	0	0	1	0	0	0	0	1	S
NMDC20558170	0	0	0	0	0	1	0	1	0	0	0	1	0	0	1	0	1	1	0	0	0	1	1	0	1	0	0	0	1	1	S
NMDC20552136	0	0	0	0	0	1	0	1	0	0	0	1	0	0	1	0	1	1	0	0	0	1	1	0	1	0	0	0	1	1	S
NMDC20552137	0	0	0	0	0	1	0	1	0	0	0	1	0	0	1	0	1	1	0	0	0	1	1	0	1	0	0	0	1	1	S
NMDC20587140	0	0	0	0	0	1	0	0	0	0	1	0	0	0	0	0	0	0	0	0	0	0	0	0	0	0	0	0	1	1	S
NMDC20554180	0	0	0	0	0	1	0	0	0	0	1	0	0	0	0	0	0	0	0	0	0	0	0	0	0	0	0	0	1	1	S
NMDC20554182	0	0	0	0	0	1	0	1	0	0	0	1	0	0	1	0	1	1	0	0	0	1	0	0	1	0	0	0	1	1	S
NMDC20554183	0	0	0	0	0	0	0	0	0	0	0	0	0	0	1	0	0	0	0	0	0	1	0	0	0	0	0	1	1	0	S
NMDC20552138	0	0	0	0	0	1	0	0	0	0	1	0	0	0	0	0	0	0	0	0	0	0	0	0	0	0	0	0	1	1	S
NMDC20552139	0	0	0	0	0	1	0	1	0	0	0	1	0	0	1	0	1	1	1	0	0	1	0	0	1	0	0	0	1	1	S
NMDC20587141	0	0	0	0	0	1	0	1	0	0	0	1	0	0	1	0	1	1	0	0	0	1	0	0	1	0	0	0	1	1	S
NMDC20554185	0	0	0	0	0	1	0	1	0	0	0	1	0	0	1	0	1	1	0	0	0	1	0	0	1	0	0	0	1	1	S
NMDC20552140	0	0	0	0	0	0	0	0	0	0	0	1	0	0	0	0	1	0	0	0	1	1	0	0	1	0	0	0	1	0	S
NMDC20552141	0	0	0	0	0	1	0	1	0	0	0	1	0	0	1	0	1	1	0	0	0	1	0	0	1	0	0	0	1	1	S
NMDC20554186	0	0	0	0	0	1	0	1	0	0	0	1	0	0	1	0	1	1	1	0	0	1	0	0	1	0	0	0	1	1	S
NMDC20587143	0	0	1	0	0	1	0	1	0	0	0	1	0	0	1	1	1	1	0	0	0	1	0	0	1	0	0	0	1	1	S
NMDC20556170	0	0	0	0	0	1	0	1	0	0	0	1	0	0	1	0	1	1	0	0	0	1	0	0	1	0	0	0	1	1	S
NMDC20554187	0	0	0	0	0	1	0	0	0	0	1	0	0	0	0	0	0	0	0	0	0	0	0	0	0	0	0	0	1	1	S
NMDC20554188	0	0	0	0	0	1	0	0	0	0	1	0	0	0	0	0	0	0	0	0	0	0	0	0	0	0	0	0	1	1	S
NMDC20552142	0	0	0	0	0	1	0	1	0	0	0	1	0	0	1	0	1	1	0	0	0	1	0	0	1	0	0	0	1	1	S
NMDC20552143	0	0	0	0	0	1	0	1	0	0	0	1	0	0	1	0	1	1	0	0	0	1	1	0	1	0	0	0	1	1	S
NMDC20587144	0	0	0	0	0	1	0	1	0	0	0	1	0	0	1	0	1	1	0	0	0	1	0	0	1	0	0	0	1	1	S
NMDC20552144	0	0	0	0	0	1	0	0	0	0	1	0	0	0	0	0	0	0	0	0	0	0	0	0	0	0	0	0	1	1	S
NMDC20554189	0	0	0	0	0	1	0	0	0	0	1	0	0	0	0	0	0	0	0	0	0	0	0	0	0	0	0	0	1	1	S
NMDC20552145	0	0	0	0	0	1	0	1	0	0	0	1	0	0	1	0	1	1	0	0	0	1	0	0	1	0	0	0	1	1	S
NMDC20587146	0	0	0	0	0	1	0	1	0	0	0	1	0	0	1	0	1	1	0	0	0	1	0	0	1	0	0	0	1	1	S
NMDC20587148	0	0	0	0	0	1	0	1	0	0	0	1	0	0	1	0	1	1	0	0	0	1	0	0	1	0	0	0	1	1	S
NMDC20558171	0	0	0	0	0	1	0	0	0	0	0	1	0	0	0	0	0	0	0	0	1	1	0	0	0	0	0	0	1	0	S
NMDC20587149	0	0	0	0	0	1	0	1	0	0	0	1	0	0	1	0	1	1	0	0	0	1	0	0	1	0	0	0	1	1	S
NMDC20587152	0	0	0	0	0	0	0	0	0	0	0	0	0	0	0	0	1	1	0	1	0	0	0	1	0	0	0	0	0	0	S
NMDC20558172	0	0	0	0	0	1	0	1	0	0	0	1	0	0	1	0	1	1	0	0	0	1	0	0	1	0	0	0	1	1	S
NMDC20556172	0	0	0	0	0	1	0	1	0	0	0	1	0	0	1	0	1	1	0	0	0	1	0	0	1	0	0	0	1	1	S
NMDC20556173	0	0	0	0	0	1	0	1	0	0	0	1	0	0	1	0	1	1	0	0	0	1	0	0	1	0	0	0	1	1	S
NMDC20556174	0	0	0	0	0	1	0	1	0	0	0	1	0	0	0	0	0	1	0	0	1	1	0	0	0	0	0	0	0	1	S
NMDC20552147	0	0	0	0	0	1	0	1	0	0	0	1	0	0	1	0	1	1	0	0	0	1	0	0	1	0	0	0	1	1	S
NMDC20587153	0	0	0	0	0	1	0	1	0	0	0	1	0	0	0	0	0	0	0	0	0	0	0	1	0	0	0	0	1	1	S
NMDC20587155	0	0	0	0	0	1	0	1	0	0	0	1	0	0	1	0	1	1	0	0	0	1	0	0	1	0	0	0	1	1	S
NMDC20587156	0	0	0	0	0	0	0	0	0	0	0	0	0	0	0	0	1	1	0	1	0	0	0	1	0	0	0	0	0	0	S
NMDC20587157	0	0	0	0	0	1	0	1	0	0	0	1	0	0	1	0	1	1	0	0	0	1	0	0	1	0	0	0	1	1	S
NMDC20587158	0	0	0	0	0	1	0	1	0	0	0	1	0	0	1	0	1	1	1	0	0	1	0	0	1	0	0	0	1	1	S
NMDC20587159	0	0	0	0	0	1	0	1	0	0	0	1	0	0	1	0	1	1	0	0	0	1	1	0	1	0	0	0	1	1	S
NMDC20587160	0	0	0	0	0	1	0	1	0	0	0	1	0	0	1	0	1	1	0	0	0	1	0	0	1	0	0	0	1	1	S
NMDC20552150	0	0	0	0	0	1	0	0	0	0	1	0	0	0	0	0	0	0	0	0	0	0	0	0	0	0	0	0	1	1	S
NMDC20587162	0	0	0	0	0	1	0	1	0	0	0	1	0	0	1	0	1	1	0	0	0	1	0	0	1	0	0	0	1	1	S
NMDC20556176	0	0	0	0	0	1	0	0	0	0	1	0	0	0	0	0	0	0	0	0	0	0	0	0	0	0	0	0	1	1	S
NMDC20554190	0	0	0	0	0	1	0	0	0	0	1	0	0	0	0	0	0	0	0	0	0	0	0	0	0	0	0	0	1	1	S
NMDC20587163	0	0	0	0	0	1	0	0	0	0	1	0	0	0	0	0	0	0	0	0	0	0	0	0	0	0	0	0	1	1	S
NMDC20558175	0	0	0	0	0	1	0	0	0	0	1	0	0	0	0	0	0	0	0	0	0	0	0	0	0	0	0	0	1	1	S
NMDC20587164	0	0	0	0	0	1	0	1	0	0	0	1	0	0	1	0	1	1	0	0	0	1	0	0	1	0	0	0	1	1	S
NMDC20587165	0	0	0	0	0	1	0	1	0	0	0	1	0	0	1	0	1	1	0	0	0	1	0	0	1	0	0	0	1	1	S
NMDC20558176	0	0	0	0	0	1	0	1	0	0	0	1	0	0	1	0	1	1	0	0	0	1	0	0	1	0	0	0	1	1	S
NMDC20556177	0	0	0	0	0	1	0	1	0	0	0	1	0	0	1	0	1	1	0	0	0	1	0	0	1	0	0	0	1	1	S
NMDC20587166	0	0	0	0	0	1	0	1	0	0	0	1	0	0	1	0	1	1	0	0	0	1	0	0	1	0	0	0	1	1	S
NMDC20554191	0	0	0	0	0	1	0	0	0	0	1	0	0	0	0	0	0	0	0	0	0	0	0	0	0	0	0	0	1	1	S
NMDC20587167	0	0	0	0	0	1	0	1	0	0	0	1	0	0	1	0	1	1	0	0	0	1	0	0	1	0	0	0	1	1	S
NMDC20552154	0	0	0	0	0	1	0	1	0	0	0	1	0	0	1	0	1	1	0	0	0	1	0	0	1	0	0	0	1	1	S
NMDC20558177	0	0	0	0	0	0	0	0	0	0	0	0	0	0	0	0	1	1	0	1	0	0	0	1	0	0	0	0	0	0	S
NMDC20552155	0	0	0	0	0	1	0	0	0	0	1	0	0	0	0	0	0	0	0	0	0	0	0	0	0	0	0	0	1	1	S
NMDC20554192	0	0	0	0	0	1	0	1	0	0	0	1	0	0	1	0	1	1	0	0	0	1	0	0	1	0	0	0	1	1	S
NMDC20556180	0	0	0	0	0	1	0	1	0	0	0	1	0	0	1	0	1	1	0	0	0	1	1	0	1	0	0	0	1	1	S
NMDC20587168	0	0	0	0	0	1	0	0	0	0	1	0	0	0	0	0	0	0	0	0	0	0	0	0	0	0	0	0	1	1	S
NMDC20587169	0	0	0	0	0	1	0	0	0	0	0	1	0	0	0	0	0	0	1	0	1	1	0	0	0	0	1	0	1	0	S
NMDC20587170	0	0	0	0	0	1	0	1	0	0	0	1	0	0	1	0	1	1	1	0	0	1	0	0	1	0	0	0	1	1	S
NMDC20558178	0	0	0	0	0	1	0	0	0	0	1	0	0	0	0	0	0	0	0	0	0	0	0	0	0	0	0	0	1	1	S
NMDC20587171	0	0	0	0	0	1	0	1	0	0	0	1	0	0	1	0	1	1	0	0	0	1	0	0	1	0	0	0	1	1	S
NMDC20554193	0	0	0	0	0	1	0	1	0	0	0	1	0	0	1	0	1	1	0	0	0	1	1	0	1	0	0	0	1	1	S
NMDC20587173	0	0	0	0	0	1	0	1	0	0	0	1	0	0	1	0	1	1	0	0	0	1	0	0	1	0	0	0	1	1	S
NMDC20554194	0	0	0	0	0	1	0	0	0	0	1	0	0	0	0	0	0	0	0	0	0	0	0	0	0	0	0	0	1	1	S
NMDC20558180	0	0	0	0	0	0	0	0	0	0	0	0	0	0	0	0	1	1	0	1	0	0	0	1	0	0	0	0	0	0	S
NMDC20558181	0	0	0	0	0	1	0	1	0	0	0	1	0	0	1	0	1	1	0	0	0	1	0	0	1	0	0	0	1	1	S
NMDC20552157	0	0	0	0	0	1	0	0	0	0	1	0	0	0	0	0	0	0	0	0	0	0	0	0	0	0	0	0	1	1	S
NMDC20554195	0	0	0	0	0	1	0	0	0	0	1	0	0	0	0	0	0	0	0	0	0	0	0	0	0	0	0	0	1	1	S
NMDC20552158	0	0	0	0	0	1	0	0	0	0	1	0	0	0	0	0	0	0	0	0	0	0	0	0	0	0	0	0	1	1	S
NMDC20554196	0	0	0	0	0	1	0	0	0	0	1	0	0	0	0	0	0	0	0	0	0	0	0	0	0	0	0	0	1	1	S
NMDC20587177	0	0	0	0	0	1	0	1	0	0	0	1	0	0	1	0	1	1	0	0	0	1	0	0	1	0	0	0	1	1	S
NMDC20552159	0	0	0	0	0	1	0	1	0	0	0	1	0	0	1	0	1	1	0	0	0	1	0	0	1	0	0	0	1	1	S
NMDC20587178	0	0	0	0	0	1	0	1	0	0	0	1	0	0	1	0	1	1	0	0	0	1	0	0	1	0	0	0	1	1	S
NMDC20552161	0	0	0	0	0	1	0	1	0	0	0	1	0	0	1	0	1	1	0	0	0	1	0	0	1	0	0	0	1	1	S
NMDC20587179	0	0	0	0	0	1	0	1	0	0	0	1	0	0	1	0	1	1	0	0	0	1	1	0	1	0	0	0	1	1	S
NMDC20552162	0	0	0	0	0	1	0	1	0	0	0	1	0	0	1	0	1	1	0	0	0	1	0	0	1	0	0	0	1	1	S
NMDC20587180	0	0	0	0	0	1	0	0	0	0	1	0	0	0	0	0	0	0	0	0	0	0	0	0	0	0	0	0	1	1	S
NMDC20587181	0	0	0	0	0	1	0	0	0	0	1	0	0	0	0	0	0	0	0	0	0	0	0	0	0	0	0	0	1	1	S
NMDC20552163	0	0	0	0	0	1	0	1	0	0	0	1	0	0	1	0	1	1	0	0	0	1	0	0	1	0	0	0	1	1	S
NMDC20558183	0	0	0	0	0	1	0	1	0	0	0	1	0	0	1	0	1	1	0	0	0	1	1	0	1	0	0	0	1	1	S
NMDC20552164	0	0	0	0	0	0	0	0	0	0	0	1	0	0	0	0	0	0	0	0	0	0	0	0	0	0	0	0	0	0	S
NMDC20554197	0	0	0	0	0	1	0	1	0	0	0	1	0	0	1	0	1	1	0	0	0	1	0	0	1	0	0	0	1	1	S
NMDC20558185	0	0	0	0	0	1	0	1	0	0	0	1	0	0	1	0	1	1	0	0	0	1	1	0	1	0	0	0	1	1	S
NMDC20587182	0	0	0	0	0	1	0	1	0	0	0	1	0	0	1	0	1	1	0	0	0	1	1	0	1	0	0	0	1	1	S
NMDC20587183	0	0	0	0	0	1	0	0	0	0	1	0	0	0	0	0	0	0	0	0	0	0	0	0	0	0	0	0	1	1	S
NMDC20587184	0	0	0	0	0	1	0	1	0	0	0	1	0	0	1	0	1	1	0	0	0	1	0	0	1	0	0	0	1	1	S
NMDC20554198	0	0	0	0	0	1	0	1	0	0	0	1	0	0	1	0	1	1	0	0	0	1	0	0	1	0	0	0	1	1	S
NMDC20587185	0	0	0	0	0	1	0	1	0	0	0	1	0	0	1	0	1	1	0	0	0	1	0	0	1	0	0	0	1	1	S
NMDC20587186	0	0	0	0	0	1	0	1	0	0	0	1	0	0	1	0	1	1	0	0	0	1	0	0	1	0	0	0	1	1	S
NMDC20587189	0	0	0	0	0	1	0	1	0	0	0	1	0	0	1	0	1	1	0	0	0	1	0	0	1	0	0	0	1	1	S
NMDC20587190	0	0	0	0	0	1	0	1	0	0	0	1	0	0	1	0	1	1	0	0	0	1	0	0	1	0	0	0	1	1	S
NMDC20552165	0	0	0	0	0	1	0	1	0	0	0	1	0	0	1	0	1	1	0	0	0	1	0	0	1	0	0	0	1	1	S
NMDC20587191	0	0	0	0	0	1	0	1	0	0	0	1	0	0	1	0	1	1	0	0	0	1	0	0	1	0	0	0	1	1	S
NMDC20587192	0	0	0	0	0	1	0	1	0	0	0	1	0	0	1	0	1	1	1	0	0	1	0	0	1	0	0	0	1	1	S
NMDC20558187	0	0	0	0	0	1	0	1	0	0	0	1	0	0	1	0	1	1	0	0	0	1	0	0	1	0	0	0	1	1	S
NMDC20587193	0	0	0	0	0	1	0	1	0	0	0	1	0	0	1	0	1	1	0	0	0	1	0	0	1	0	0	0	1	1	S
NMDC20556185	0	0	0	0	0	1	0	1	0	0	0	1	0	0	1	0	1	1	0	0	0	1	0	0	1	0	0	0	1	1	S
NMDC20587194	0	0	0	0	0	1	0	1	0	0	0	1	0	0	1	0	1	1	0	0	0	1	0	0	1	0	0	0	1	1	S
NMDC20587195	0	0	0	0	0	1	0	1	0	0	0	1	0	0	1	0	1	1	0	0	0	1	1	0	1	0	0	0	1	1	S
NMDC20554199	0	0	0	0	0	1	0	1	0	0	0	1	0	0	1	0	1	1	0	0	0	1	0	0	1	0	0	0	1	1	S
NMDC20558188	0	0	0	0	0	1	0	1	0	0	0	1	0	0	1	0	1	1	0	0	0	1	0	0	1	0	0	0	1	1	S
NMDC20552167	0	0	0	0	0	1	0	1	0	0	0	1	0	0	1	0	1	1	0	0	0	1	0	0	1	0	0	0	1	1	S
NMDC20558189	0	0	0	0	0	1	0	1	0	0	0	1	0	0	0	0	0	0	1	0	1	1	0	0	0	0	0	0	0	0	S
NMDC20587196	0	0	0	0	0	1	0	1	0	0	0	1	0	0	1	0	1	1	0	0	0	1	0	0	1	0	0	0	1	1	S
NMDC20556186	0	0	0	0	0	1	0	1	0	0	0	1	0	0	1	0	1	1	0	0	0	1	0	0	1	0	0	0	1	1	S
NMDC20556187	0	0	0	0	0	1	0	1	0	0	0	1	0	0	1	0	1	1	0	0	0	1	0	0	1	0	0	0	1	1	S
NMDC20587197	0	0	0	0	0	1	0	1	0	0	0	1	0	0	1	0	1	1	0	0	0	1	0	0	1	0	0	0	1	1	S
NMDC20554200	0	0	0	0	0	1	0	1	0	0	0	1	0	0	1	0	1	1	0	0	0	1	0	0	1	0	0	0	1	1	S
NMDC20552168	0	0	0	0	0	1	0	1	0	0	0	1	0	0	1	0	1	1	0	0	0	1	0	0	1	0	0	0	1	1	S
NMDC20587199	0	0	0	0	0	1	0	1	0	0	0	1	0	0	1	0	1	1	0	0	0	1	0	0	1	0	0	0	1	1	S
NMDC20554201	0	0	0	0	0	1	0	1	0	0	0	1	0	0	1	0	1	1	0	0	0	1	0	0	1	0	0	0	1	1	S
NMDC20554202	0	0	0	0	0	1	0	1	0	0	0	1	0	0	1	0	1	1	1	0	0	1	0	0	1	0	0	0	1	1	S
NMDC20558190	0	0	0	0	0	1	0	1	0	0	0	1	0	0	1	0	1	1	1	0	0	1	0	0	1	0	0	0	1	1	S
NMDC20556189	0	0	0	0	0	1	0	1	0	0	0	1	0	0	1	0	1	1	0	0	0	1	0	0	1	0	0	0	1	1	S
NMDC20587200	0	0	0	0	0	1	0	1	0	0	0	1	0	0	1	0	1	1	0	0	0	1	0	0	1	0	0	0	1	1	S
NMDC20587201	0	0	0	0	0	1	0	1	0	0	0	1	0	0	1	0	1	1	0	0	0	1	0	0	1	0	0	0	1	1	S
NMDC20558192	0	0	0	0	0	1	0	1	0	0	0	1	0	0	1	0	1	1	0	0	0	1	0	0	1	0	0	0	1	1	S
NMDC20556190	0	0	0	0	0	1	0	1	0	0	0	1	0	0	1	0	1	1	0	0	0	1	0	0	1	0	0	0	1	1	S
NMDC20587202	0	0	0	0	0	1	0	1	0	0	0	1	0	0	1	0	1	1	1	0	0	1	0	0	1	0	0	0	1	1	S
NMDC20556191	0	0	0	0	0	1	0	1	0	0	0	1	0	0	1	0	1	1	0	0	0	1	0	0	1	0	0	0	1	1	S
NMDC20552169	0	0	0	0	0	1	0	1	0	0	0	1	0	0	1	0	1	1	0	0	0	1	0	0	1	0	0	0	1	1	S
NMDC20552170	0	0	0	0	0	1	0	1	0	0	0	1	0	0	1	0	1	1	0	0	0	1	0	0	1	0	0	0	1	1	S
NMDC20558193	0	0	0	0	0	1	0	0	0	0	1	0	0	0	0	0	0	0	0	0	0	0	0	0	0	0	0	0	1	1	S
NMDC20556192	0	0	1	0	1	0	0	0	0	0	0	1	0	0	0	1	0	0	1	0	0	0	0	0	0	0	0	0	0	0	S
NMDC20587203	0	0	0	0	0	1	0	1	0	0	0	1	0	0	0	0	0	0	1	0	1	1	0	0	0	0	0	0	0	0	S
NMDC20556194	0	0	0	0	0	1	0	1	0	0	0	1	0	0	1	0	1	1	0	0	0	1	0	0	1	0	0	0	1	1	S
NMDC20587204	0	0	0	0	0	1	0	1	0	0	0	1	0	0	1	0	1	1	0	0	0	1	0	0	1	0	0	0	1	1	S
NMDC20556195	0	0	0	0	0	1	0	1	0	0	0	1	0	0	1	0	1	1	0	0	0	1	0	0	1	0	0	0	1	1	S
NMDC20587205	0	0	0	0	0	1	0	1	0	0	0	1	0	0	1	0	1	1	0	0	0	1	0	0	1	0	0	0	1	1	S
NMDC20558194	0	0	0	0	0	1	0	0	0	0	1	0	0	0	0	0	0	0	0	0	0	0	0	0	0	0	0	0	1	1	S
NMDC20552171	0	0	0	0	0	0	0	0	0	0	0	1	0	0	0	0	0	0	0	0	0	0	0	0	0	0	0	0	0	0	S
NMDC20552172	0	0	0	0	0	1	0	1	0	0	0	1	0	0	1	0	1	1	0	0	0	1	0	0	1	0	0	0	1	1	S
NMDC20558195	0	0	0	0	0	0	0	0	0	0	0	0	0	0	0	0	1	1	0	1	0	0	0	1	0	0	0	0	0	0	S
NMDC20587211	0	0	0	0	0	1	0	1	0	0	0	1	0	0	1	0	1	1	1	0	0	1	0	0	1	0	0	0	1	1	S
NMDC20587212	0	0	0	0	0	1	0	1	0	0	0	1	0	0	1	0	1	1	0	0	0	1	0	0	1	0	0	0	1	1	S
NMDC20558201	0	0	0	0	0	1	0	1	0	0	0	1	0	0	1	0	1	1	0	0	0	1	1	0	1	0	0	0	1	1	S
NMDC20587213	0	0	0	0	0	1	0	1	0	0	0	1	0	0	1	0	1	1	0	0	0	1	0	0	1	0	0	0	1	1	S
NMDC20552176	0	0	0	0	0	1	0	0	0	0	1	0	0	0	0	0	0	0	0	0	0	0	0	0	0	0	0	0	1	1	S
NMDC20587214	0	0	0	0	0	1	0	0	0	0	1	0	0	0	0	0	0	0	0	0	0	0	0	0	0	0	0	0	1	1	S
NMDC20558202	0	0	0	0	0	1	0	0	0	0	1	0	0	0	0	0	0	0	0	0	0	0	0	0	0	0	0	0	1	1	S
NMDC20558203	0	0	0	0	0	1	0	0	0	0	1	0	0	0	0	0	0	0	0	0	0	0	0	0	0	0	0	0	1	1	S
NMDC20587215	0	0	0	0	0	1	0	0	0	0	1	0	0	0	0	0	0	0	0	0	0	0	0	0	0	0	0	0	1	1	S
NMDC20587216	0	0	0	0	0	1	0	0	0	0	1	0	0	0	0	0	0	0	0	0	0	0	0	0	0	0	0	0	1	1	S
NMDC20558204	0	0	0	0	0	1	0	1	0	0	0	1	0	0	1	0	1	1	0	0	0	1	0	0	1	0	0	0	1	1	S
NMDC20552177	0	0	0	0	0	1	0	0	0	0	1	0	0	0	0	0	0	0	0	0	0	0	0	0	0	0	0	0	1	1	S
NMDC20552178	0	0	0	0	0	1	0	1	0	0	0	1	0	0	1	0	1	1	0	0	0	1	1	0	1	0	0	0	1	1	S
NMDC20556198	0	0	0	0	0	1	0	0	0	0	1	0	0	0	0	0	0	0	0	0	0	0	0	0	0	0	0	0	1	1	S
NMDC20552179	0	0	0	0	0	0	0	0	0	0	0	0	0	0	0	0	1	1	0	1	1	1	0	0	0	0	0	1	0	0	S
NMDC20587217	0	0	0	0	0	1	0	1	0	0	0	1	0	0	1	0	1	1	0	0	0	1	0	0	1	0	0	0	1	1	S
NMDC20554207	0	0	0	0	0	1	0	1	0	0	0	1	0	0	1	0	1	1	0	0	0	1	0	0	1	0	0	0	1	1	S
NMDC20556199	0	0	0	0	0	0	0	1	0	0	0	1	0	0	0	0	0	0	0	0	1	0	0	0	0	0	1	0	0	1	S
NMDC20556200	0	0	0	0	0	1	0	1	0	0	0	1	0	0	1	0	1	1	0	0	0	1	0	0	1	0	0	0	1	1	S
NMDC20552180	0	0	0	0	0	1	0	0	0	0	1	0	0	0	0	0	0	0	0	0	0	0	0	0	0	0	0	0	1	1	S
NMDC20587221	0	0	0	0	0	0	0	0	0	0	0	0	0	0	0	0	1	1	0	1	0	0	0	1	0	0	0	0	0	0	S
NMDC20587222	0	0	0	0	0	1	0	0	0	0	1	0	0	0	0	0	0	0	0	0	0	0	0	0	0	0	0	0	1	1	S
NMDC20558207	0	0	0	0	0	1	0	1	0	0	0	1	0	0	1	0	1	1	0	0	0	1	0	0	1	0	0	0	1	1	S
NMDC20552181	0	0	0	0	0	1	0	0	0	0	1	0	0	0	0	0	0	0	0	0	0	0	0	0	0	0	0	0	1	1	S
NMDC20558208	0	0	0	0	0	1	0	1	0	0	0	1	0	0	1	0	1	1	0	0	0	1	0	0	1	0	0	0	1	1	S
NMDC20556202	0	0	0	0	0	0	0	0	0	0	0	0	0	0	1	0	0	0	0	1	0	1	0	0	0	0	0	0	0	0	S
NMDC20556203	0	0	0	0	0	1	0	1	0	0	0	1	0	0	1	0	1	1	0	0	0	1	0	0	1	0	0	0	1	1	S
NMDC20554211	0	0	0	0	0	1	0	1	0	0	0	1	0	0	1	0	1	1	0	0	0	1	0	0	1	0	0	0	1	1	S
NMDC20556204	0	0	0	0	0	1	0	0	0	0	0	1	0	0	0	0	0	0	0	0	1	1	0	0	0	0	0	0	0	0	S
NMDC20554213	0	0	0	0	0	1	0	1	0	0	0	1	0	0	1	0	1	1	0	0	0	1	0	0	1	0	0	0	1	1	S
NMDC20587223	0	0	0	0	0	1	0	0	0	0	1	0	0	0	0	0	0	0	0	0	0	0	0	0	0	0	0	0	1	1	S
NMDC20558209	0	0	0	0	0	1	0	0	0	0	1	0	0	0	0	0	0	0	0	0	0	0	0	0	0	0	0	0	1	1	S
NMDC20552182	0	0	0	0	0	1	0	0	0	0	1	0	0	0	0	0	0	0	0	0	0	0	0	0	0	0	0	0	1	1	S
NMDC20587224	0	0	0	0	0	1	0	1	0	0	0	1	0	0	1	0	1	1	1	0	0	1	0	0	1	0	0	0	1	1	S
NMDC20554214	0	0	0	0	0	1	0	0	0	0	0	1	0	0	1	0	0	0	0	1	0	1	0	0	0	0	0	1	0	0	S
NMDC20556205	0	0	0	0	0	1	0	1	0	0	0	1	0	0	1	0	1	1	0	0	0	1	0	0	1	0	0	0	1	1	S
NMDC20558211	0	0	0	0	0	1	0	0	0	0	1	0	0	0	0	0	0	0	0	0	0	0	0	0	0	0	0	0	1	1	S
NMDC20554215	0	0	0	0	0	1	0	1	0	0	0	1	0	0	1	0	1	1	0	0	1	0	0	0	1	0	1	0	0	1	S
NMDC20552183	0	0	0	0	0	0	0	1	0	0	0	1	0	0	0	0	0	0	0	0	1	0	0	0	0	0	1	0	0	1	S
NMDC20587225	0	0	0	0	0	1	0	1	0	0	0	1	0	0	1	0	1	1	0	0	0	1	0	0	1	0	0	0	1	1	S
NMDC20552184	0	0	0	0	0	1	0	0	0	0	0	1	0	0	0	0	0	0	1	0	0	1	0	0	0	0	0	1	0	0	S
NMDC20554217	0	0	0	0	0	1	0	0	0	0	1	0	0	0	0	0	0	0	0	0	0	0	0	0	0	0	0	0	1	1	S
NMDC20554220	0	0	0	0	0	1	0	1	0	0	0	1	0	0	1	0	1	1	0	0	0	1	0	0	1	0	0	0	1	1	S
NMDC20587227	0	0	0	0	0	1	0	0	0	0	1	0	0	0	0	0	0	0	0	0	0	0	0	0	0	0	0	0	1	1	S
NMDC20558213	0	0	0	0	0	1	0	1	0	0	0	1	0	0	1	0	1	1	0	0	0	1	0	0	1	0	0	0	1	1	S
NMDC20587231	0	0	0	0	0	1	0	1	0	0	0	1	0	0	1	0	1	1	0	0	0	1	0	0	1	0	0	0	1	1	S
NMDC20556209	0	0	0	0	0	0	0	0	0	0	0	1	0	0	0	0	1	0	0	0	1	1	0	0	1	0	0	0	1	0	S
NMDC20587232	0	0	0	0	0	1	0	1	0	0	0	1	0	0	1	0	1	1	0	0	0	1	0	0	1	0	0	0	1	1	S
NMDC20558214	0	0	0	0	0	1	0	0	0	0	1	0	0	0	0	0	0	0	0	0	0	0	0	0	0	0	0	0	1	1	S
NMDC20554222	0	0	0	0	0	1	0	0	0	0	1	0	0	0	0	0	0	0	0	0	0	0	0	0	0	0	0	0	1	1	S
NMDC20552187	0	0	0	0	0	1	0	1	0	0	0	1	0	0	1	0	1	1	1	0	0	1	0	0	1	0	0	0	1	1	S
NMDC20558215	0	0	0	0	0	1	0	0	0	0	0	0	0	0	0	0	0	0	0	0	0	0	0	0	1	0	1	0	1	0	S
NMDC20587235	0	0	0	0	0	0	0	0	0	0	0	1	0	0	0	0	1	0	0	0	1	1	0	0	1	0	0	0	1	0	S
NMDC20552189	0	0	0	0	0	1	0	1	0	0	0	1	0	0	1	0	1	1	0	0	0	1	1	0	1	0	0	0	1	1	S
NMDC20558216	0	0	0	0	0	1	0	1	0	0	0	1	0	0	1	0	1	1	0	0	0	1	0	0	1	0	0	0	1	1	S
NMDC20587236	0	0	0	0	0	0	0	0	0	0	0	1	0	0	0	0	1	0	0	0	1	1	0	0	1	0	0	0	1	0	S
NMDC20554223	0	0	0	0	0	1	0	0	0	0	1	0	0	0	0	0	0	0	0	0	0	0	0	0	0	0	0	0	1	1	S
NMDC20556210	0	0	0	0	0	1	0	1	0	0	0	1	0	0	1	0	1	1	0	0	0	1	0	0	1	0	0	0	1	1	S
NMDC20552190	0	0	0	0	0	1	0	1	0	0	0	1	0	0	1	0	1	1	0	0	0	1	0	0	1	0	0	0	1	1	S
NMDC20587237	0	0	0	0	0	0	0	0	0	0	0	1	0	0	0	0	0	0	0	0	0	0	0	0	0	0	0	0	0	1	S
NMDC20552192	0	0	0	0	0	1	0	1	0	0	0	1	0	0	1	0	1	1	0	0	0	1	0	0	1	0	0	0	1	1	S
NMDC20556213	0	0	0	0	0	0	0	0	0	0	0	1	0	0	0	0	0	1	0	0	0	1	0	0	0	0	0	1	0	0	S
NMDC20587238	0	0	0	0	0	1	0	1	0	0	0	1	0	0	1	0	1	1	0	0	0	1	0	0	1	0	0	0	1	1	S
NMDC20552193	0	0	0	0	0	1	0	1	0	0	0	1	0	0	1	0	1	1	0	0	0	1	0	0	1	0	0	0	1	1	S
NMDC20587239	0	0	0	0	0	1	0	1	0	0	0	1	0	0	1	0	1	1	1	0	0	1	0	0	1	0	0	0	1	1	S
NMDC20587240	0	0	0	0	0	1	0	0	0	0	1	0	0	0	0	0	0	0	0	0	0	0	0	0	0	0	0	0	1	1	S
NMDC20587241	0	0	0	0	0	1	0	1	0	0	0	1	0	0	1	0	1	1	0	0	0	1	0	0	1	0	0	0	1	1	S
NMDC20552194	0	0	0	0	0	1	0	1	0	0	0	1	0	0	1	0	1	1	0	0	0	1	0	0	1	0	0	0	1	1	S
NMDC20558219	0	0	0	0	0	1	0	1	0	0	0	1	0	0	1	0	1	1	0	0	0	1	0	0	1	0	0	0	1	1	S
NMDC20558220	0	0	0	0	0	1	0	1	0	0	0	1	0	0	1	0	1	1	0	0	0	1	0	0	1	0	0	0	1	1	S
NMDC20552195	0	0	0	0	0	1	0	0	0	0	1	0	0	0	0	0	0	0	0	0	0	0	0	0	0	0	0	0	1	1	S
NMDC20552196	0	0	0	0	0	1	0	1	0	0	0	1	0	0	1	0	1	1	0	0	0	1	0	0	1	0	0	0	1	1	S
NMDC20552197	0	0	0	0	0	1	0	1	0	0	0	1	0	0	1	0	1	1	0	0	0	1	0	0	1	0	0	0	1	1	S
NMDC20552198	0	0	0	0	0	1	0	1	0	0	0	1	0	0	1	0	1	1	0	0	0	1	0	0	1	0	0	0	1	1	S
NMDC20552199	0	0	0	0	0	1	0	1	0	0	0	1	0	0	1	0	1	1	0	0	0	1	0	0	1	0	0	0	1	1	S
NMDC20587246	0	0	1	0	1	0	0	0	0	0	0	1	0	0	0	1	0	0	1	0	0	0	0	0	0	0	0	0	0	0	S
NMDC20587247	0	0	0	0	0	1	0	1	0	0	0	1	0	0	1	0	1	1	0	0	0	1	0	0	1	0	0	0	1	1	S
NMDC20556215	0	0	0	0	0	1	0	1	0	0	0	1	0	0	1	0	1	1	0	0	0	1	0	0	1	0	0	0	1	1	S
NMDC20554227	0	0	0	0	0	0	0	0	0	0	0	1	0	0	0	0	1	0	0	0	1	1	0	0	1	0	0	0	1	0	S
NMDC20558222	0	0	0	0	0	1	0	0	0	0	1	0	0	0	0	0	0	0	0	0	0	0	0	0	0	0	0	0	1	1	S
NMDC20552200	0	0	0	0	0	1	0	1	0	0	0	1	0	0	1	0	1	1	0	0	0	1	0	0	1	0	0	0	1	1	S
NMDC20558223	0	0	0	0	0	1	0	0	0	0	1	0	0	0	0	0	0	0	0	0	0	0	0	0	0	0	0	0	1	1	S
NMDC20558224	0	0	0	0	0	1	0	0	0	0	1	0	0	0	0	0	0	0	0	0	0	0	0	0	0	0	0	0	1	1	S
NMDC20556217	0	0	0	0	0	0	0	0	0	0	0	1	0	0	0	0	1	1	0	0	0	0	0	0	1	0	0	0	0	1	S
NMDC20554228	0	0	0	0	0	1	0	1	0	0	0	1	0	0	1	0	1	1	0	0	0	1	1	0	1	0	0	0	1	1	S
NMDC20558225	0	0	0	0	0	1	0	1	0	0	0	1	0	0	1	0	1	1	1	0	0	1	0	0	1	0	0	0	1	1	S
NMDC20554229	0	0	0	0	0	1	0	1	0	0	0	1	0	0	1	0	1	1	1	0	0	1	0	0	1	0	0	0	1	1	S
NMDC20552203	0	0	0	0	0	1	0	1	0	0	0	1	0	0	1	0	1	1	0	0	0	1	0	0	1	0	0	0	1	1	S
NMDC20587249	0	0	0	0	0	1	0	1	0	0	0	1	0	0	1	0	1	1	0	0	0	1	0	0	1	0	0	0	1	1	S
NMDC20556218	0	0	0	0	0	1	0	0	0	0	1	0	0	0	0	0	0	0	0	0	0	0	0	0	0	0	0	0	1	1	S
NMDC20587251	0	0	0	0	0	1	0	0	0	0	1	0	0	0	0	0	0	0	0	0	0	0	0	0	0	0	0	0	1	1	S
NMDC20587252	0	0	0	0	0	1	0	1	0	0	0	1	0	0	1	0	1	1	0	0	0	1	0	0	1	0	0	0	1	1	S
NMDC20556219	0	0	0	0	0	0	0	0	0	0	0	1	0	0	0	0	1	1	0	0	0	0	0	0	1	0	0	0	0	1	S
NMDC20558226	0	0	0	0	0	1	0	0	0	0	1	0	0	0	0	0	0	0	0	0	0	0	0	0	0	0	0	0	1	1	S
NMDC20587253	0	0	0	0	0	0	0	0	0	0	0	1	0	0	0	0	1	1	0	0	0	0	0	0	1	0	0	0	0	1	S
NMDC20587254	0	0	0	0	0	1	0	1	0	0	0	1	0	0	1	0	1	1	0	0	0	1	0	0	1	0	0	0	1	1	S
NMDC20587255	0	0	0	0	0	1	0	1	0	0	0	1	0	0	1	0	1	1	1	0	0	1	0	0	1	0	0	0	1	1	S
NMDC20587256	0	0	0	0	0	1	0	1	0	0	0	1	0	0	1	0	1	1	0	0	0	1	0	0	1	0	0	0	1	1	S
NMDC20554231	0	0	0	0	0	1	0	1	0	0	0	1	0	0	1	0	1	1	0	0	0	1	0	0	1	0	0	0	1	1	S
NMDC20558227	0	0	0	0	0	1	0	0	0	0	1	0	0	0	0	0	0	0	0	0	0	0	0	0	0	0	0	0	1	1	S
NMDC20552204	0	0	0	0	0	1	0	1	0	0	0	1	0	0	1	0	1	1	0	0	0	1	0	0	1	0	0	0	1	1	S
NMDC20558228	0	0	0	0	0	0	0	1	0	0	0	1	0	0	0	0	0	0	0	0	0	1	0	0	0	0	0	0	0	1	S
NMDC20552205	0	0	0	0	0	1	0	1	0	0	0	1	0	0	1	0	1	1	1	0	0	1	0	0	1	0	0	0	1	1	S
NMDC20587258	0	0	0	0	0	0	0	0	0	0	0	0	0	0	0	0	0	0	0	0	0	1	0	0	1	0	0	1	0	0	S
NMDC20558229	0	0	0	0	0	1	0	1	0	0	0	1	0	0	1	0	1	1	0	0	0	1	0	0	1	0	0	0	1	1	S
NMDC20554232	0	0	0	0	0	1	0	1	0	0	0	1	0	0	1	0	1	1	1	0	0	1	0	0	1	0	0	0	1	1	S
NMDC20552207	0	0	0	0	0	1	0	1	0	0	0	1	0	0	1	0	1	1	0	0	0	1	0	0	1	0	0	0	1	1	S
NMDC20587259	0	0	0	0	0	1	0	0	0	0	1	0	0	0	0	0	0	0	0	0	0	0	0	0	0	0	0	0	1	1	S
NMDC20556221	0	0	0	0	0	1	0	0	0	0	1	0	0	0	0	0	0	0	0	0	0	0	0	0	0	0	0	0	1	1	S
NMDC20552208	0	0	0	0	0	1	0	1	0	0	0	1	0	0	1	0	1	1	0	0	0	1	1	0	1	0	0	0	1	1	S
NMDC20554233	0	0	0	0	0	1	0	1	0	0	0	1	0	0	1	0	1	1	0	0	0	1	0	0	1	0	0	0	1	1	S
NMDC20556222	0	0	0	0	0	1	0	1	0	0	0	1	0	0	1	0	1	1	0	0	0	1	0	0	1	0	0	0	1	1	S
NMDC20556223	0	0	0	0	0	1	0	1	0	0	0	1	0	0	1	0	1	1	0	0	0	1	0	0	1	0	0	0	1	1	S
NMDC20552209	0	0	0	0	0	1	0	0	0	0	1	0	0	0	0	0	0	0	0	0	0	0	0	0	0	0	0	0	1	1	S
NMDC20558230	0	0	0	0	0	1	0	1	0	0	0	1	0	0	1	0	1	1	0	0	0	1	0	0	1	0	0	0	1	1	S
NMDC20587261	0	0	0	0	0	1	0	1	0	0	0	1	0	0	1	0	1	1	0	0	0	1	1	0	1	0	0	0	1	1	S
NMDC20558232	0	0	0	0	0	1	0	1	0	0	0	1	0	0	1	0	1	1	0	0	0	1	0	0	1	0	0	0	1	1	S
NMDC20554234	0	0	0	0	0	1	0	1	0	0	0	1	0	0	1	0	1	1	0	0	0	1	0	0	1	0	0	0	1	1	S
NMDC20554235	0	0	0	0	0	1	0	1	0	0	0	1	0	0	1	0	1	1	0	0	0	1	1	0	1	0	0	0	1	1	S
NMDC20552210	0	0	0	0	0	1	0	1	0	0	0	1	0	0	1	0	1	1	0	0	0	1	0	0	1	0	0	0	1	1	S
NMDC20587262	0	0	0	0	0	1	0	1	0	0	0	1	0	0	1	0	1	1	0	0	0	1	0	0	1	0	0	0	1	1	S
NMDC20556226	0	0	0	0	0	1	0	1	0	0	0	1	0	0	1	0	1	1	0	0	0	1	0	0	1	0	0	0	1	1	S
NMDC20552211	0	0	0	0	0	1	0	1	0	0	0	1	0	0	1	0	1	1	0	0	0	1	0	0	1	0	0	0	1	1	S
NMDC20554236	0	0	0	0	0	1	0	0	0	0	1	0	0	0	0	0	0	0	0	0	0	0	0	0	0	0	0	0	1	1	S
NMDC20558235	0	0	0	0	0	0	0	1	0	0	0	1	0	0	0	0	0	0	0	0	1	1	0	1	0	0	0	0	0	1	S
NMDC20587263	0	0	0	0	0	0	0	1	0	0	0	1	0	0	0	0	0	0	0	0	1	1	0	1	0	0	0	0	0	1	S
NMDC20587264	0	0	0	0	0	1	0	1	0	0	0	1	0	0	1	0	1	1	0	0	0	1	0	0	1	0	0	0	1	1	S
NMDC20558236	0	0	0	0	0	1	0	1	0	0	0	1	0	0	1	0	1	1	1	0	0	1	0	0	1	0	0	0	1	1	S
NMDC20556227	0	0	0	0	0	1	0	1	0	0	1	1	0	0	1	0	0	0	0	0	1	1	0	0	0	0	0	0	0	1	S
NMDC20556228	0	0	0	0	0	1	0	1	0	0	0	1	0	0	0	0	1	1	0	0	1	1	0	1	0	0	1	0	0	1	S
NMDC20552213	0	0	0	0	0	1	0	1	0	0	0	1	0	0	1	0	1	1	0	0	0	1	1	0	1	0	0	0	1	1	S
NMDC20554237	0	0	0	0	0	1	0	1	0	0	0	1	0	0	1	0	1	1	0	0	0	1	0	0	1	0	0	0	1	1	S
NMDC20552214	0	0	0	0	0	1	0	1	0	0	0	1	0	0	1	0	1	1	0	0	0	1	0	0	1	0	0	0	1	1	S
NMDC20554238	0	0	0	0	0	1	0	1	0	0	0	1	0	0	1	0	1	1	0	0	0	1	0	0	1	0	0	0	1	1	S
NMDC20552215	0	0	0	0	0	1	0	1	0	0	0	1	0	0	1	0	1	1	0	0	0	1	1	0	1	0	0	0	1	1	S
NMDC20556230	0	0	0	0	0	1	0	1	0	0	0	1	0	0	1	0	1	1	0	0	0	1	1	0	1	0	0	0	1	1	S
NMDC20556231	0	0	0	0	0	1	0	1	0	0	0	1	0	0	1	0	1	1	1	0	0	1	0	0	1	0	0	0	1	1	S
NMDC20587267	0	0	0	0	0	1	0	1	0	0	0	1	0	0	1	0	1	1	0	0	0	1	0	0	1	0	0	0	1	1	S
NMDC20587268	0	0	0	0	0	1	0	0	0	0	1	0	0	0	0	0	0	0	0	0	0	0	0	0	0	0	0	0	1	1	S
NMDC20587269	0	0	0	0	0	1	0	1	0	0	0	1	0	0	1	0	1	1	0	0	0	1	0	0	1	0	0	0	1	1	S
NMDC20554239	0	0	0	0	0	1	0	1	0	0	0	1	0	0	1	0	1	1	0	0	0	1	0	0	1	0	0	0	1	1	S
NMDC20587270	0	0	0	0	0	1	0	0	0	0	1	0	0	0	0	0	0	0	0	0	0	0	0	0	0	0	0	0	1	1	S
NMDC20558237	0	0	0	0	0	1	0	1	0	0	0	1	0	0	1	0	1	1	0	0	0	1	0	0	1	0	0	0	1	1	S
NMDC20587271	0	0	0	0	0	1	0	1	0	0	0	1	0	0	1	0	1	1	0	0	0	1	0	0	1	0	0	0	1	1	S
NMDC20587272	0	0	0	0	0	1	0	0	0	0	1	0	0	0	0	0	0	0	0	0	0	0	0	0	0	0	0	0	1	1	S
NMDC20554240	0	0	0	0	0	1	0	1	0	0	0	1	0	0	1	0	1	1	0	0	0	1	0	0	1	0	0	0	1	1	S
NMDC20552217	0	0	0	0	0	1	0	0	0	0	1	0	0	0	0	0	0	0	0	0	0	0	0	0	0	0	0	0	1	1	S
NMDC20587273	0	0	0	0	0	1	0	0	0	0	1	0	0	0	0	0	0	0	0	0	0	0	0	0	0	0	0	0	1	1	S
NMDC20554241	0	0	0	0	0	1	0	0	0	0	1	0	0	0	0	0	0	0	0	0	0	0	0	0	0	0	0	0	1	1	S
NMDC20554242	0	0	0	0	0	1	0	0	0	0	1	0	0	0	0	0	0	0	0	0	0	0	0	0	0	0	0	0	1	1	S
NMDC20554243	0	0	0	0	0	1	0	0	0	0	1	0	0	0	0	0	0	0	0	0	0	0	0	0	0	0	0	0	1	1	S
NMDC20587275	0	0	0	0	0	1	0	1	0	0	0	1	0	0	1	0	1	1	0	0	0	1	0	0	1	0	0	0	1	1	S
NMDC20556235	0	0	0	0	0	1	0	0	0	0	1	0	0	0	0	0	0	0	0	0	0	0	0	0	0	0	0	0	1	1	S
NMDC20558238	0	0	0	0	0	0	0	0	0	0	0	1	0	0	0	0	1	0	0	0	1	1	0	0	1	0	0	0	1	0	S
NMDC20587276	0	0	0	0	0	1	0	0	0	0	1	0	0	0	0	0	0	0	0	0	0	0	0	0	0	0	0	0	1	1	S
NMDC20587279	0	0	0	0	0	1	0	1	0	0	0	1	0	0	1	0	1	1	0	0	0	1	0	0	1	0	0	0	1	1	S
NMDC20554244	0	0	0	0	0	0	0	0	0	0	0	0	0	0	0	0	1	1	0	1	0	0	0	1	0	0	0	0	0	0	S
NMDC20552219	0	0	0	0	0	0	0	0	0	0	0	1	0	0	0	0	0	0	0	0	0	0	0	0	0	0	0	0	0	0	S
NMDC20552220	0	0	0	0	0	1	0	1	0	0	0	1	0	0	1	0	1	1	0	0	0	1	1	0	1	0	0	0	1	1	S
NMDC20587280	0	0	0	0	0	1	0	1	0	0	0	1	0	0	1	0	1	1	0	0	0	1	0	0	1	0	0	0	1	1	S
NMDC20558241	0	0	0	0	0	1	0	1	0	0	0	1	0	0	1	0	1	1	0	0	0	1	0	0	1	0	0	0	1	1	S
NMDC20587281	0	0	0	0	0	1	0	0	0	0	1	0	0	0	0	0	0	0	0	0	0	0	0	0	0	0	0	0	1	1	S
NMDC20587282	0	0	0	0	0	1	0	1	0	0	0	1	0	0	1	0	1	1	0	0	0	1	1	0	1	0	0	0	1	1	S
NMDC20554245	0	0	0	0	0	1	0	1	0	0	0	1	0	0	1	0	1	1	0	0	0	1	0	0	1	0	0	0	1	1	S
NMDC20552221	0	0	0	0	0	1	0	1	0	0	0	1	0	0	1	0	1	1	0	0	0	1	1	0	1	0	0	0	1	1	S
NMDC20587283	0	0	0	0	0	1	0	1	0	0	0	1	0	0	1	0	1	1	1	0	0	1	0	0	1	0	0	0	1	1	S
NMDC20587284	0	0	0	0	0	1	0	0	0	0	1	0	0	0	0	0	0	0	0	0	0	0	0	0	0	0	0	0	1	1	S
NMDC20552222	0	0	0	0	0	1	0	1	0	0	0	1	0	0	1	0	1	1	0	0	0	1	0	0	1	0	0	0	1	1	S
NMDC20587285	0	0	0	0	0	1	0	1	0	0	0	1	0	0	1	0	1	1	0	0	0	1	1	0	1	0	0	0	1	1	S
NMDC20552223	0	0	0	0	0	1	0	0	0	0	1	0	0	0	0	0	0	0	0	0	0	0	0	0	0	0	0	0	1	1	S
NMDC20554248	0	0	0	0	0	1	0	1	0	0	0	1	0	0	1	0	1	1	0	0	0	1	0	0	1	0	0	0	1	1	S
NMDC20558243	0	0	0	0	0	1	0	0	0	0	0	0	0	0	0	0	0	0	0	0	1	1	0	0	0	0	0	0	0	0	S
NMDC20558244	0	0	0	0	0	1	0	1	0	0	0	1	0	0	1	0	1	1	0	0	0	1	0	0	1	0	0	0	1	1	S
NMDC20587288	0	0	0	0	0	1	0	0	0	0	0	0	0	0	0	0	0	0	0	0	0	0	0	0	1	0	1	0	1	0	S
NMDC20558245	0	0	0	0	0	1	0	1	0	0	0	1	0	0	1	0	1	1	0	0	0	1	0	0	1	0	0	0	1	1	S
NMDC20552224	0	0	0	0	0	1	0	1	0	0	0	1	0	0	1	0	1	1	0	0	0	1	0	0	1	0	0	0	1	1	S
NMDC20587289	0	0	1	0	1	0	0	0	0	0	0	1	0	0	0	1	0	0	1	0	0	0	0	0	0	0	0	0	0	0	S
NMDC20558246	0	0	0	0	0	1	0	0	0	0	1	0	0	0	0	0	0	0	0	0	0	0	0	0	0	0	0	0	1	1	S
NMDC20554250	0	0	0	0	0	1	0	0	0	0	1	0	0	0	0	0	0	0	0	0	0	0	0	0	0	0	0	0	1	1	S
NMDC20554251	0	0	0	0	0	1	0	0	0	0	1	0	0	0	0	0	0	0	0	0	0	0	0	0	0	0	0	0	1	1	S
NMDC20587292	0	0	0	0	0	1	0	0	0	0	1	0	0	0	0	0	0	0	0	0	0	0	0	0	0	0	0	0	1	1	S
NMDC20556238	0	0	0	0	0	1	0	0	0	0	1	0	0	0	0	0	0	0	0	0	0	0	0	0	0	0	0	0	1	1	S
NMDC20558247	0	0	0	0	0	1	0	0	0	0	1	0	0	0	0	0	0	0	0	0	0	0	0	0	0	0	0	0	1	1	S
NMDC20587293	0	0	0	0	0	1	0	0	0	0	1	0	0	0	0	0	0	0	0	0	0	0	0	0	0	0	0	0	1	1	S
NMDC20552226	0	0	0	0	0	1	0	0	0	0	1	0	0	0	0	0	0	0	0	0	0	0	0	0	0	0	0	0	1	1	S
NMDC20558249	0	0	0	0	0	1	0	0	0	0	1	0	0	0	0	0	0	0	0	0	0	0	0	0	0	0	0	0	1	1	S
NMDC20558250	0	0	0	0	0	1	0	1	0	0	0	1	0	0	1	0	1	1	0	0	0	1	0	0	1	0	0	0	1	1	S
NMDC20587295	0	0	0	0	0	1	0	1	0	0	0	1	0	0	1	0	1	1	0	0	0	1	1	0	1	0	0	0	1	1	S
NMDC20552227	0	0	0	0	0	1	0	1	0	0	0	1	0	0	1	0	1	1	0	0	0	1	1	0	1	0	0	0	1	1	S
NMDC20554252	0	0	0	0	0	1	0	1	0	0	0	1	0	0	1	0	1	1	0	0	0	1	0	0	1	0	0	0	1	1	S
NMDC20552228	0	0	0	0	0	1	0	1	0	0	0	1	0	0	1	0	1	1	0	0	0	1	0	0	1	0	0	0	1	1	S
NMDC20552229	0	0	0	0	0	1	0	1	0	0	0	1	0	0	1	0	1	1	0	0	0	1	0	0	1	0	0	0	1	1	S
NMDC20558251	0	0	0	0	0	1	0	1	0	0	0	1	0	0	1	0	1	1	0	0	0	1	0	0	1	0	0	0	1	1	S
NMDC20587299	0	0	0	0	0	1	0	0	0	0	0	0	0	0	0	0	0	0	0	0	0	0	0	0	1	0	1	0	1	0	S
NMDC20556241	0	0	0	0	0	1	0	0	0	0	1	0	0	0	0	0	0	0	0	0	0	0	0	0	0	0	0	0	1	1	S
NMDC20587300	0	0	0	0	0	1	0	1	0	0	0	1	0	0	1	0	1	1	0	0	0	1	1	0	1	0	0	0	1	1	S
NMDC20552230	0	0	0	0	0	1	0	0	0	0	1	0	0	0	0	0	0	0	0	0	0	0	0	0	0	0	0	0	1	1	S
NMDC20552231	0	0	0	0	0	1	0	1	0	0	0	1	0	0	1	0	1	1	0	0	0	1	1	0	1	0	0	0	1	1	S
NMDC20554254	0	0	0	0	0	1	0	0	0	0	0	0	0	0	0	0	0	0	0	0	0	0	0	0	1	0	1	0	1	0	S
NMDC20558252	0	0	0	0	0	1	0	1	0	0	0	1	0	0	1	0	1	1	0	0	0	1	0	0	1	0	0	0	1	1	S
NMDC20552233	0	0	0	0	0	1	0	1	0	0	0	1	0	0	1	0	1	1	0	0	0	1	0	0	1	0	0	0	1	1	S
NMDC20587302	0	0	0	0	0	1	0	1	0	0	0	1	0	0	1	0	1	1	0	0	0	1	0	0	1	0	0	0	1	1	S
NMDC20552234	0	0	0	0	0	1	0	1	0	0	0	1	0	0	1	0	1	1	1	0	0	1	0	0	1	0	0	0	1	1	S
NMDC20556243	0	0	0	0	0	1	0	1	0	0	0	1	0	0	1	0	1	1	1	0	0	1	0	0	1	0	0	0	1	1	S
NMDC20587304	0	0	0	0	0	1	0	1	0	0	0	1	0	0	1	0	1	1	0	0	0	1	0	0	1	0	0	0	1	1	S
NMDC20587305	0	0	0	0	0	1	0	1	0	0	0	1	0	0	1	0	1	1	0	0	0	1	0	0	1	0	0	0	1	1	S
NMDC20552235	0	0	0	0	0	1	0	1	0	0	0	1	0	0	1	0	1	1	0	0	0	1	0	0	1	0	0	0	1	1	S
NMDC20554256	0	0	0	0	0	1	0	1	0	0	0	1	0	0	1	0	1	1	0	0	0	1	0	0	1	0	0	0	1	1	S
NMDC20556244	0	0	0	0	0	1	0	1	0	0	0	1	0	0	1	0	1	1	0	0	0	1	0	0	1	0	0	0	1	1	S
NMDC20587306	0	0	0	0	0	1	0	1	0	0	0	1	0	0	1	0	1	1	0	0	0	1	0	0	1	0	0	0	1	1	S
NMDC20558253	0	0	0	0	0	1	0	1	0	0	0	1	0	0	1	0	1	1	0	0	0	1	0	0	1	0	0	0	1	1	S
NMDC20587307	0	0	0	0	0	1	0	1	0	0	0	1	0	0	1	0	1	1	0	0	0	1	0	0	1	0	0	0	1	1	S
NMDC20587308	0	0	0	0	0	1	0	1	0	0	0	1	0	0	1	0	1	1	0	0	0	1	0	0	1	0	0	0	1	1	S
NMDC20558255	0	0	0	0	0	1	0	1	0	0	0	1	0	0	1	0	1	1	0	0	0	1	0	0	1	0	0	0	1	1	S
NMDC20558256	0	0	0	0	0	1	0	1	0	0	0	1	0	0	1	0	1	1	0	0	0	1	0	0	1	0	0	0	1	1	S
NMDC20558257	0	0	0	0	0	1	0	1	0	0	0	1	0	0	1	0	1	1	0	0	0	1	0	0	1	0	0	0	1	1	S
NMDC20552238	0	0	0	0	0	1	0	0	0	0	1	0	0	0	0	0	0	0	0	0	0	0	0	0	0	0	0	0	1	1	S
NMDC20556245	0	0	0	0	0	1	0	1	0	0	0	1	0	0	1	0	1	1	0	0	0	1	0	0	1	0	0	0	1	1	S
NMDC20558258	0	0	0	0	0	1	0	1	0	0	0	1	0	0	1	0	1	1	0	0	0	1	0	0	1	0	0	0	1	1	S
NMDC20587310	0	0	0	0	0	1	0	1	0	0	0	1	0	0	1	0	1	1	0	0	0	1	0	0	1	0	0	0	1	1	S
NMDC20556246	0	0	0	0	0	1	0	0	0	0	1	0	0	0	0	0	0	0	0	0	0	0	0	0	0	0	0	0	1	1	S
NMDC20587311	0	0	0	0	0	1	0	1	0	0	0	1	0	0	1	0	1	1	1	0	0	1	0	0	1	0	0	0	1	1	S
NMDC20552239	0	0	0	0	0	1	0	1	0	0	0	1	0	0	1	0	1	1	0	0	0	1	1	0	1	0	0	0	1	1	S
NMDC20554257	0	0	0	0	0	1	0	1	0	0	0	1	0	0	1	0	1	1	0	0	0	1	0	0	1	0	0	0	1	1	S
NMDC20556248	0	0	0	0	0	1	0	0	0	0	0	0	0	0	0	0	0	0	0	0	0	0	0	0	1	0	1	0	1	0	S
NMDC20556249	0	0	0	0	0	1	0	0	0	0	0	0	0	0	0	0	0	0	0	0	0	0	0	0	1	0	1	0	1	0	S
NMDC20554258	0	0	0	0	0	1	0	1	0	0	0	1	0	0	1	0	1	1	0	0	0	1	0	0	1	0	0	0	1	1	S
NMDC20552240	0	0	0	0	0	1	0	1	0	0	0	1	0	0	1	0	1	1	0	0	0	1	0	0	1	0	0	0	1	1	S
NMDC20587312	0	0	0	0	0	1	0	0	0	0	1	0	0	0	0	0	0	0	0	0	0	0	0	0	0	0	0	0	1	1	S
NMDC20587313	0	0	0	0	0	0	0	0	0	0	0	0	0	0	0	0	1	0	0	0	0	1	0	0	0	0	0	0	1	0	S
NMDC20552241	0	0	0	0	0	1	0	1	0	0	0	1	0	0	1	0	1	1	0	0	0	1	0	0	1	0	0	0	1	1	S
NMDC20558260	0	0	0	0	0	1	0	1	0	0	0	1	0	0	1	0	1	1	0	0	0	1	0	0	1	0	0	0	1	1	S
NMDC20558261	0	0	0	0	0	1	0	1	0	0	0	1	0	0	1	0	1	1	0	0	0	1	1	0	1	0	0	0	1	1	S
NMDC20556252	0	0	0	0	0	1	0	1	0	0	0	1	0	0	1	0	1	1	0	0	0	1	0	0	1	0	0	0	1	1	S
NMDC20556253	0	0	0	0	0	1	0	1	0	0	0	1	0	0	1	0	1	1	0	0	0	1	1	0	1	0	0	0	1	1	S
NMDC20587314	0	0	0	0	0	1	0	0	0	0	1	0	0	0	0	0	0	0	0	0	0	0	0	0	0	0	0	0	1	1	S
NMDC20558262	0	0	0	0	0	1	0	1	0	0	0	1	0	0	1	0	1	1	0	0	0	1	0	0	1	0	0	0	1	1	S
NMDC20552242	0	0	0	0	0	1	0	1	0	0	0	1	0	0	1	0	1	1	0	0	0	1	0	0	1	0	0	0	1	1	S
NMDC20587318	0	0	0	0	0	1	0	1	0	0	0	1	0	0	1	0	1	1	1	0	0	1	0	0	1	0	0	0	1	1	S
NMDC20554260	0	0	0	0	0	1	0	1	0	0	0	1	0	0	1	0	1	1	0	0	0	1	1	0	1	0	0	0	1	1	S
NMDC20558263	0	0	0	0	0	1	0	1	0	0	0	1	0	0	1	0	1	1	0	0	0	1	0	0	1	0	0	0	1	1	S
NMDC20556255	0	0	0	0	0	1	0	1	0	0	0	1	0	0	1	0	1	1	1	0	0	1	0	0	1	0	0	0	1	1	S
NMDC20556256	0	0	0	0	0	1	0	1	0	0	0	1	0	0	1	0	1	1	0	0	0	1	0	0	1	0	0	0	1	1	S
NMDC20552243	0	0	0	0	0	1	0	1	0	0	0	1	0	0	1	0	1	1	1	0	0	1	0	0	1	0	0	0	1	1	S
NMDC20587319	0	0	0	0	0	1	0	1	0	0	0	1	0	0	1	0	1	1	0	0	0	1	1	0	1	0	0	0	1	1	S
NMDC20554261	0	0	0	0	0	1	0	1	0	0	0	1	0	0	1	0	1	1	0	0	0	1	1	0	1	0	0	0	1	1	S
NMDC20558265	0	0	0	0	0	1	0	0	0	0	1	0	0	0	0	0	0	0	0	0	0	0	0	0	0	0	0	0	1	1	S
NMDC20587322	0	0	0	0	0	1	0	1	0	0	0	1	0	0	1	0	1	1	0	0	0	1	0	0	1	0	0	0	1	1	S
NMDC20552244	0	0	0	0	0	1	0	1	0	0	0	1	0	0	1	0	1	1	0	0	0	1	1	0	1	0	0	0	1	1	S
NMDC20558266	0	0	0	0	0	1	0	1	0	0	0	1	0	0	1	0	1	1	0	0	0	1	1	0	1	0	0	0	1	1	S
NMDC20587323	0	0	0	0	0	0	0	0	0	0	0	0	0	0	1	0	0	0	0	0	0	1	0	0	0	0	0	1	1	0	S
NMDC20552245	0	0	0	0	0	1	0	1	0	0	0	1	0	0	1	0	1	1	0	0	0	1	0	0	1	0	0	0	1	1	S
NMDC20556257	0	0	0	0	0	1	0	1	0	0	0	1	0	0	1	0	1	1	0	0	0	1	0	0	1	0	0	0	1	1	S
NMDC20558267	0	0	0	0	0	1	0	1	0	0	0	1	0	0	1	0	1	1	0	0	0	1	0	0	1	0	0	0	1	1	S
NMDC20558268	0	0	0	0	0	1	0	1	0	0	0	1	0	0	1	0	1	1	0	0	0	1	0	0	1	0	0	0	1	1	S
NMDC20556259	0	0	0	0	0	1	0	1	0	0	0	1	0	0	1	0	1	1	0	0	0	1	1	0	1	0	0	0	1	1	S
NMDC20552247	0	0	1	0	1	0	0	0	0	0	0	1	0	0	0	1	0	0	1	0	0	0	0	0	0	0	0	0	0	0	S
NMDC20552248	0	0	0	0	0	1	0	1	0	0	0	1	0	0	1	0	1	1	0	0	0	1	0	0	1	0	0	0	1	1	S
NMDC20587325	0	0	0	0	0	1	0	1	0	0	0	1	0	0	1	0	1	1	0	0	0	1	0	0	1	0	0	0	1	1	S
NMDC20554262	0	0	0	0	0	1	0	1	0	0	0	1	0	0	1	0	1	1	0	0	0	1	0	0	1	0	0	0	1	1	S
NMDC20556260	0	0	0	0	0	1	0	1	0	0	0	1	0	0	1	0	1	1	0	0	0	1	0	0	1	0	0	0	1	1	S
NMDC20558270	0	0	0	0	0	1	0	1	0	0	0	1	0	0	1	0	1	1	0	0	0	1	0	0	1	0	0	0	1	1	S
NMDC20556261	0	0	0	0	0	1	0	1	0	0	0	1	0	0	1	0	1	1	0	0	0	1	0	0	1	0	0	0	1	1	S
NMDC20556262	0	0	0	0	0	1	0	0	0	0	0	0	0	0	1	0	0	1	1	0	1	1	0	0	0	0	0	0	0	1	S
NMDC20587326	0	0	0	0	0	1	0	1	0	0	0	1	0	0	1	0	1	1	0	0	0	1	0	0	1	0	0	0	1	1	S
NMDC20552249	0	0	0	0	0	1	0	1	0	0	0	1	0	0	1	0	1	1	0	0	0	1	0	0	1	0	0	0	1	1	S
NMDC20554263	0	0	0	0	0	1	0	1	0	0	0	1	0	0	1	0	1	1	0	0	0	1	0	0	1	0	0	0	1	1	S
NMDC20587327	0	0	0	0	0	1	0	1	0	0	0	1	0	0	1	0	1	1	0	0	0	1	0	0	1	0	0	0	1	1	S
NMDC20558272	0	0	0	0	0	1	0	1	0	0	0	1	0	0	1	0	1	1	0	0	0	1	1	0	1	0	0	0	1	1	S
NMDC20554264	0	0	0	0	0	1	0	1	0	0	0	1	0	0	1	0	1	1	0	0	0	1	0	0	1	0	0	0	1	1	S
NMDC20554265	0	0	0	0	0	1	0	1	0	0	0	1	0	0	1	0	1	1	0	0	0	1	0	0	1	0	0	0	1	1	S
NMDC20587328	0	0	0	0	0	1	0	1	0	0	0	1	0	0	1	0	1	1	0	0	0	1	0	0	1	0	0	0	1	1	S
NMDC20587329	0	0	0	0	0	1	0	1	0	0	0	1	0	0	1	0	1	1	0	0	0	1	0	0	1	0	0	0	1	1	S
NMDC20587330	0	0	0	0	0	1	0	1	0	0	0	1	0	0	1	0	1	1	0	0	0	1	0	0	1	0	0	0	1	1	S
NMDC20554266	0	0	0	0	0	1	0	0	0	0	1	0	0	0	0	0	0	0	0	0	0	0	0	0	0	0	0	0	1	1	S
NMDC20552250	0	0	0	0	0	1	0	1	0	0	0	1	0	0	1	0	1	1	0	0	0	1	0	0	1	0	0	0	1	1	S
NMDC20587331	0	0	0	0	0	1	0	1	0	0	0	1	0	0	1	0	1	1	0	0	0	1	0	0	1	0	0	0	1	1	S
NMDC20587333	0	0	1	0	1	0	0	0	0	0	0	1	0	0	0	1	0	0	1	0	0	0	0	0	0	0	0	0	0	0	S
NMDC20552251	0	0	0	0	0	1	0	1	0	0	0	1	0	0	1	0	1	1	0	0	0	1	0	0	1	0	0	0	1	1	S
NMDC20558273	0	0	0	0	0	1	0	1	0	0	0	1	0	0	1	0	1	1	0	0	0	1	0	0	1	0	0	0	1	1	S
NMDC20554267	0	0	1	0	1	0	0	0	0	0	0	1	0	0	0	1	0	0	1	0	0	0	0	0	0	0	0	0	0	0	S
NMDC20554268	0	0	0	0	0	1	0	0	0	0	0	0	0	0	0	0	0	0	0	0	1	1	0	0	0	0	0	0	0	0	S
NMDC20552252	0	0	0	0	0	1	0	0	0	0	1	0	0	0	0	0	0	0	0	0	0	0	0	0	0	0	0	0	1	1	S
NMDC20556264	0	0	0	0	0	1	0	1	0	0	0	1	0	0	1	0	1	1	0	0	0	1	0	0	1	0	0	0	1	1	S
NMDC20556266	0	0	0	0	0	1	0	1	0	0	0	1	0	0	1	0	1	1	0	0	0	1	0	0	1	0	0	0	1	1	S
NMDC20554269	0	0	0	0	0	0	0	0	0	0	0	1	0	0	0	0	0	0	0	0	0	0	0	0	0	0	0	0	0	0	S
NMDC20554270	0	0	0	0	0	1	0	1	0	0	0	1	0	0	1	0	1	1	0	0	1	0	0	0	1	0	1	0	0	1	S
NMDC20587336	0	0	0	0	0	1	0	0	0	0	1	0	0	0	0	0	0	0	0	0	0	0	0	0	0	0	0	0	1	1	S
NMDC20556269	0	0	0	0	0	0	0	0	0	0	0	0	0	0	0	0	1	0	0	0	0	1	0	0	0	0	0	0	1	0	S
NMDC20587337	0	0	0	0	0	1	0	0	0	0	1	0	0	0	0	0	0	0	0	0	0	0	0	0	0	0	0	0	1	1	S
NMDC20587338	0	0	0	0	0	1	0	1	0	0	0	1	0	0	1	0	1	1	0	0	0	1	0	0	1	0	0	0	1	1	S
NMDC20558274	0	0	0	0	0	0	0	0	0	0	0	1	0	0	0	0	1	1	0	0	0	0	0	0	1	0	0	0	0	1	S
NMDC20587339	0	0	0	0	0	1	0	1	0	0	0	1	0	0	1	0	1	1	0	0	0	1	0	0	1	0	0	0	1	1	S
NMDC20558275	0	0	0	0	0	1	0	1	0	0	0	1	0	0	1	0	1	1	0	0	0	1	0	0	1	0	0	0	1	1	S
NMDC20558276	0	0	1	0	0	1	0	1	0	0	0	1	0	0	1	1	1	1	0	0	0	1	0	0	1	0	0	0	1	1	S
NMDC20558277	0	0	0	0	0	1	0	1	0	0	0	1	0	0	1	0	1	1	0	0	0	1	0	0	1	0	0	0	1	1	S
NMDC20556270	0	0	0	0	0	1	0	1	0	0	0	1	0	0	1	0	1	1	1	0	0	1	0	0	1	0	0	0	1	1	S
NMDC20587340	0	0	0	0	0	1	0	1	0	0	0	1	0	0	1	0	1	1	0	0	0	1	0	0	1	0	0	0	1	1	S
NMDC20552253	0	0	0	0	0	1	0	1	0	0	0	1	0	0	1	0	1	1	1	0	0	1	0	0	1	0	0	0	1	1	S
NMDC20587341	0	0	0	0	0	1	0	1	0	0	0	1	0	0	1	0	1	1	0	0	0	1	0	0	1	0	0	0	1	1	S
NMDC20558278	0	0	0	0	0	1	0	1	0	0	0	1	0	0	1	0	1	1	0	0	0	1	0	0	1	0	0	0	1	1	S
NMDC20556271	0	0	0	0	0	1	0	1	0	0	0	1	0	0	1	0	1	1	0	0	0	1	0	0	1	0	0	0	1	1	S
NMDC20554272	0	0	0	0	0	0	0	0	0	0	0	0	0	0	0	0	1	1	0	1	0	0	0	1	0	0	0	0	0	0	S
NMDC20558279	0	0	0	0	0	1	0	1	0	0	0	1	0	0	1	0	1	1	0	0	0	1	0	0	1	0	0	0	1	1	S
NMDC20554273	0	0	0	0	0	1	0	1	0	0	0	1	0	0	1	0	1	1	0	0	0	1	0	0	1	0	0	0	1	1	S
NMDC20558280	0	0	0	0	0	1	0	1	0	0	0	1	0	0	1	0	1	1	0	0	0	1	0	0	1	0	0	0	1	1	S
NMDC20587343	0	0	0	0	0	1	0	0	0	0	1	0	0	0	0	0	0	0	0	0	0	0	0	0	0	0	0	0	1	1	S
NMDC20587344	0	0	0	0	0	0	0	0	0	0	0	0	0	0	0	0	1	1	0	1	0	0	0	1	0	0	0	0	0	0	S
NMDC20554274	0	0	0	0	0	1	0	0	0	0	1	0	0	0	0	0	0	0	0	0	0	0	0	0	0	0	0	0	1	1	S
NMDC20558281	0	0	0	0	0	1	0	0	0	0	1	0	0	0	0	0	0	0	0	0	0	0	0	0	0	0	0	0	1	1	S
NMDC20587345	0	0	1	0	0	1	0	0	0	0	0	0	0	0	1	1	0	1	1	0	1	1	0	0	0	0	0	0	0	1	S
NMDC20552255	0	0	0	0	0	1	0	0	0	0	1	0	0	0	0	0	0	0	0	0	0	0	0	0	0	0	0	0	1	1	S
NMDC20558282	0	0	0	0	0	1	0	1	0	0	0	1	0	0	1	0	1	1	0	0	0	1	0	0	1	0	0	0	1	1	S
NMDC20587346	0	0	0	0	0	1	0	1	0	0	0	1	0	0	1	0	1	1	0	0	0	1	0	0	1	0	0	0	1	1	S
NMDC20587347	0	0	0	0	0	1	0	1	0	0	0	1	0	0	0	0	0	0	0	0	1	1	0	0	0	0	0	0	0	0	S
NMDC20558283	0	0	0	0	0	1	0	1	0	0	0	1	0	0	1	0	1	1	0	0	0	1	0	0	1	0	0	0	1	1	S
NMDC20558284	0	0	0	0	0	1	0	1	0	0	0	1	0	0	1	0	1	1	0	0	0	1	0	0	1	0	0	0	1	1	S
NMDC20552257	0	0	0	0	0	0	0	0	0	0	0	1	0	0	0	0	0	0	0	0	0	0	0	0	0	0	0	0	0	0	S
NMDC20587348	0	0	0	0	0	1	0	1	0	0	0	1	0	0	1	0	1	1	0	0	0	1	0	0	1	0	0	0	1	1	S
NMDC20552259	0	0	0	0	0	1	0	0	0	0	1	0	0	0	0	0	0	0	0	0	0	0	0	0	0	0	0	0	1	1	S
NMDC20552260	0	0	0	0	0	1	0	0	0	0	1	0	0	0	0	0	0	0	0	0	0	0	0	0	0	0	0	0	1	1	S
NMDC20558285	0	0	0	0	0	0	0	0	0	0	0	1	0	0	0	0	1	0	0	0	1	1	0	0	1	0	0	0	1	0	S
NMDC20554275	0	0	0	0	0	0	0	0	0	0	0	1	0	0	0	0	0	0	0	0	0	0	0	0	0	0	0	0	0	0	S
NMDC20587350	0	0	0	0	0	1	0	0	0	0	1	0	0	0	0	0	0	0	0	0	0	0	0	0	0	0	0	0	1	1	S
NMDC20556272	0	0	0	0	0	1	0	0	0	0	1	0	0	0	0	0	0	0	0	0	0	0	0	0	0	0	0	0	1	1	S
NMDC20587352	0	0	0	0	0	1	0	0	0	0	1	0	0	0	0	0	0	0	0	0	0	0	0	0	0	0	0	0	1	1	S
NMDC20587353	0	0	0	0	0	1	0	1	0	0	0	1	0	0	1	0	1	1	1	0	0	1	0	0	1	0	0	0	1	1	S
NMDC20587354	0	1	1	0	1	1	0	1	0	0	0	1	0	1	1	1	1	1	1	0	0	1	0	0	1	0	0	0	1	1	S
NMDC20587355	0	0	0	0	0	0	0	0	0	0	0	0	0	0	0	0	1	1	0	1	0	0	0	1	0	0	0	0	0	0	S
NMDC20556273	0	0	0	0	0	1	0	1	0	0	0	1	0	0	1	0	1	1	0	0	0	1	0	0	1	0	0	0	1	1	S
NMDC20587356	0	0	0	0	0	1	0	1	0	0	0	1	0	0	1	0	1	1	0	0	0	1	0	0	1	0	0	0	1	1	S
NMDC20552261	0	0	0	0	0	1	0	1	0	0	0	1	0	0	1	0	1	1	0	0	0	1	0	0	1	0	0	0	1	1	S
NMDC20554276	0	0	0	0	0	0	0	0	0	0	0	0	0	0	0	0	1	1	0	1	0	0	0	1	0	0	0	0	0	0	S
NMDC20552262	0	0	0	0	0	1	0	0	0	0	1	0	0	0	0	0	0	0	0	0	0	0	0	0	0	0	0	0	1	1	S
NMDC20558286	0	0	0	0	0	1	0	0	0	0	1	0	0	0	0	0	0	0	0	0	0	0	0	0	0	0	0	0	1	1	S
NMDC20587357	0	0	0	0	0	0	0	0	0	0	0	0	0	0	0	0	1	1	0	1	0	0	0	1	0	0	0	0	0	0	S
NMDC20552263	0	0	0	0	0	1	0	1	0	0	0	1	0	0	1	0	1	1	0	0	0	1	0	0	1	0	0	0	1	1	S
NMDC20587358	0	0	0	0	0	1	0	1	0	0	0	1	0	0	1	0	1	1	0	0	0	1	0	0	1	0	0	0	1	1	S
NMDC20554278	0	0	0	0	0	1	0	1	0	0	0	1	0	0	1	0	1	1	0	0	0	1	0	0	1	0	0	0	1	1	S
NMDC20554279	0	0	0	0	0	1	0	1	0	0	0	1	0	0	1	0	1	1	0	0	0	1	0	0	1	0	0	0	1	1	S
NMDC20558287	0	0	0	0	0	1	0	1	0	0	0	1	0	0	1	0	1	1	0	0	0	1	0	0	1	0	0	0	1	1	S
NMDC20556276	0	0	0	0	0	1	0	1	0	0	0	1	0	0	1	0	1	1	0	0	0	1	0	0	1	0	0	0	1	1	S
NMDC20558288	0	0	0	0	0	1	0	0	0	0	1	0	0	0	0	0	0	0	0	0	0	0	0	0	0	0	0	0	1	1	S
NMDC20587360	0	0	0	0	0	1	0	0	0	0	1	0	0	0	0	0	0	0	0	0	0	0	0	0	0	0	0	0	1	1	S
NMDC20554280	0	0	0	0	0	1	0	1	0	0	0	1	0	0	0	0	0	0	1	0	1	1	0	0	0	0	0	0	0	0	S
NMDC20554282	0	0	0	0	0	1	0	0	0	0	1	0	0	0	0	0	0	0	0	0	0	0	0	0	0	0	0	0	1	1	S
NMDC20556277	0	0	1	0	1	0	0	0	0	0	0	1	0	0	0	1	0	0	1	0	0	0	0	0	0	0	0	0	0	0	S
NMDC20587362	0	0	0	0	0	1	0	1	0	0	0	1	0	0	1	0	1	1	0	0	0	1	0	0	1	0	0	0	1	1	S
NMDC20587363	0	0	0	0	0	1	0	0	0	0	1	0	0	0	0	0	0	0	0	0	0	0	0	0	0	0	0	0	1	1	S
NMDC20587364	0	0	0	0	0	1	0	1	0	0	0	1	0	0	1	0	1	1	0	0	0	1	0	0	1	0	0	0	1	1	S
NMDC20587365	0	0	0	0	0	0	0	0	0	0	0	1	0	0	1	0	0	0	0	0	0	1	0	0	0	0	0	0	0	0	S
NMDC20552264	0	0	0	0	0	1	0	1	0	0	0	1	0	0	1	0	1	1	0	0	0	1	0	0	1	0	0	0	1	1	S
NMDC20558289	0	0	0	0	0	0	0	0	0	0	0	0	0	0	0	0	1	1	0	1	1	1	0	0	0	0	0	1	0	0	S
NMDC20587366	0	0	0	0	0	1	0	1	0	0	0	1	0	0	1	0	1	1	0	0	0	1	1	0	1	0	0	0	1	1	S
NMDC20554283	0	0	0	0	0	1	0	1	0	0	0	1	0	0	1	0	1	1	1	0	0	1	0	0	1	0	0	0	1	1	S
NMDC20556278	0	0	0	0	0	1	0	1	0	0	0	1	0	0	1	0	1	1	0	0	0	1	1	0	1	0	0	0	1	1	S
NMDC20587367	0	0	0	0	0	1	0	1	0	0	0	1	0	0	1	0	1	1	0	0	0	1	0	0	1	0	0	0	1	1	S
NMDC20552265	0	0	0	0	0	1	0	0	0	0	1	0	0	0	0	0	0	0	0	0	0	0	0	0	0	0	0	0	1	1	S
NMDC20552266	0	0	0	0	0	0	0	1	0	0	0	1	0	0	0	0	0	0	0	0	1	1	0	1	0	0	0	0	0	1	S
NMDC20587368	0	0	0	0	0	1	0	0	0	0	1	0	0	0	0	0	0	0	0	0	0	0	0	0	0	0	0	0	1	1	S
NMDC20587371	0	0	0	0	0	1	0	1	0	0	0	1	0	0	1	0	1	1	0	0	0	1	0	0	1	0	0	0	1	1	S
NMDC20558292	0	0	0	0	0	1	0	1	0	0	0	1	0	0	1	0	1	1	0	0	0	1	0	0	1	0	0	0	1	1	S
NMDC20587375	0	0	0	0	0	1	0	0	0	0	1	0	0	0	0	0	0	0	0	0	0	0	0	0	0	0	0	0	1	1	S
NMDC20558293	0	0	0	0	0	1	0	1	0	0	0	1	0	0	1	0	1	1	0	0	0	1	1	0	1	0	0	0	1	1	S
NMDC20587377	0	0	0	0	0	1	0	0	0	0	1	0	0	0	0	0	0	0	0	0	0	0	0	0	0	0	0	0	1	1	S
NMDC20556280	0	0	0	0	0	1	0	1	0	0	0	1	0	0	1	0	1	1	0	0	0	1	0	0	1	0	0	0	1	1	S
NMDC20554287	0	0	0	0	0	1	0	1	0	0	0	1	0	0	1	0	1	1	0	0	0	1	0	0	1	0	0	0	1	1	S
NMDC20587378	0	0	0	0	0	1	0	1	0	0	0	1	0	0	1	0	1	1	0	0	0	1	0	0	1	0	0	0	1	1	S
NMDC20587379	0	0	0	0	0	1	0	1	0	0	0	1	0	0	1	0	1	1	0	0	0	1	0	0	1	0	0	0	1	1	S
NMDC20554288	0	0	1	0	1	1	0	0	0	0	0	0	0	0	1	1	1	0	1	0	0	0	0	0	1	0	0	0	1	1	S
NMDC20558294	0	0	0	0	0	1	0	1	0	0	0	1	0	0	1	0	1	1	0	0	0	1	0	0	1	0	0	0	1	1	S
NMDC20552272	0	0	0	0	0	1	0	1	0	0	0	1	0	0	1	0	1	1	0	0	0	1	0	0	1	0	0	0	1	1	S
NMDC20587381	0	0	0	0	0	1	0	1	0	0	0	1	0	0	1	0	1	1	1	0	0	1	0	0	1	0	0	0	1	1	S
NMDC20558295	0	0	0	0	0	1	0	1	0	0	0	1	0	0	1	0	1	1	0	0	0	1	0	0	1	0	0	0	1	1	S
NMDC20554289	0	0	0	0	0	1	0	1	0	0	0	1	0	0	1	0	1	1	0	0	0	1	0	0	1	0	0	0	1	1	S
NMDC20554290	0	0	0	0	0	1	0	1	0	0	0	1	0	0	1	0	1	1	0	0	0	1	0	0	1	0	0	0	1	1	S
NMDC20552275	0	0	0	0	0	1	0	1	0	0	0	1	0	0	1	0	1	1	0	0	0	1	0	0	1	0	0	0	1	1	S
NMDC20554291	0	0	0	0	0	1	0	1	0	0	0	1	0	0	1	0	1	1	0	0	0	1	0	0	1	0	0	0	1	1	S
NMDC20552276	0	0	0	0	0	1	0	1	0	0	0	1	0	0	1	0	1	1	1	0	0	1	0	0	1	0	0	0	1	1	S
NMDC20587384	0	0	0	0	0	1	0	1	0	0	0	1	0	0	1	0	1	1	0	0	0	1	0	0	1	0	0	0	1	1	S
NMDC20587385	0	0	0	0	0	1	0	1	0	0	0	1	0	0	1	0	1	1	0	0	0	1	0	0	1	0	0	0	1	1	S
NMDC20558296	0	0	0	0	0	1	0	1	0	0	0	1	0	0	1	0	1	1	0	0	0	1	0	0	1	0	0	0	1	1	S
NMDC20558297	0	0	0	0	0	1	0	1	0	0	0	1	0	0	1	0	1	1	0	0	0	1	1	0	1	0	0	0	1	1	S
NMDC20558298	0	0	0	0	0	1	0	0	0	0	1	0	0	0	0	0	0	0	0	0	0	0	0	0	0	0	0	0	1	1	S
NMDC20554292	0	0	0	0	0	1	0	1	0	0	0	1	0	0	1	0	1	1	0	0	0	1	0	0	1	0	0	0	1	1	S
NMDC20587386	0	0	0	0	0	1	0	1	0	0	0	1	0	0	1	0	1	1	0	0	0	1	0	0	1	0	0	0	1	1	S
NMDC20556282	0	0	0	0	0	1	0	0	0	0	1	0	0	0	0	0	0	0	0	0	0	0	0	0	0	0	0	0	1	1	S
NMDC20554293	0	0	0	0	0	1	0	1	0	0	0	1	0	0	1	0	1	1	0	0	0	1	0	0	1	0	0	0	1	1	S
NMDC20587387	0	0	0	0	0	1	0	1	0	0	0	1	0	0	1	0	1	1	0	0	0	1	0	0	1	0	0	0	1	1	S
NMDC20554294	0	0	0	0	0	1	0	0	0	0	1	0	0	0	0	0	0	0	0	0	0	0	0	0	0	0	0	0	1	1	S
NMDC20554295	0	0	0	0	0	1	0	1	0	0	0	1	0	0	1	0	1	1	0	0	0	1	0	0	1	0	0	0	1	1	S
NMDC20552279	0	0	0	0	0	1	0	0	0	0	1	0	0	0	0	0	0	0	0	0	0	0	0	0	0	0	0	0	1	1	S
NMDC20587389	0	0	0	0	0	1	0	1	0	0	0	1	0	0	1	0	1	1	0	0	0	1	0	0	1	0	0	0	1	1	S
NMDC20556283	0	0	0	0	0	1	0	0	0	0	1	0	0	0	0	0	0	0	0	0	0	0	0	0	0	0	0	0	1	1	S
NMDC20556284	0	0	0	0	0	1	0	1	0	0	0	1	0	0	1	0	1	1	0	0	0	1	0	0	1	0	0	0	1	1	S
NMDC20556285	0	0	0	0	0	1	0	0	0	0	1	0	0	0	0	0	0	0	0	0	0	0	0	0	0	0	0	0	1	1	S
NMDC20558300	0	0	0	0	0	1	0	1	0	0	0	1	0	0	1	0	1	1	0	0	0	1	0	0	1	0	0	0	1	1	S
NMDC20587390	0	0	0	0	0	1	0	1	0	0	0	1	0	0	1	0	1	1	0	0	0	1	0	0	1	0	0	0	1	1	S
NMDC20554296	0	0	0	0	0	1	0	1	0	0	0	1	0	0	1	0	1	1	0	0	0	1	1	0	1	0	0	0	1	1	S
NMDC20558301	0	0	0	0	0	1	0	1	0	0	0	1	0	0	1	0	1	1	0	0	0	1	0	0	1	0	0	0	1	1	S
NMDC20556286	0	0	0	0	0	1	0	1	0	0	0	1	0	0	1	0	1	1	0	0	0	1	1	0	1	0	0	0	1	1	S
NMDC20587393	0	0	0	0	0	1	0	1	0	0	0	1	0	0	1	0	1	1	0	0	0	1	0	0	1	0	0	0	1	1	S
NMDC20558303	0	0	0	0	0	0	0	0	0	0	0	1	0	0	0	0	1	0	0	0	1	1	0	0	1	0	0	0	1	0	S
NMDC20554298	0	0	0	0	0	1	0	1	0	0	0	1	0	0	1	0	1	1	0	0	0	1	0	0	1	0	0	0	1	1	S
NMDC20587394	0	0	0	0	0	0	0	1	0	0	0	1	0	0	0	0	0	0	0	0	0	1	0	0	0	0	0	0	0	1	S
NMDC20558305	0	0	0	0	0	1	0	1	0	0	0	1	0	0	1	0	1	1	1	0	0	1	0	0	1	0	0	0	1	1	S
NMDC20556287	0	0	0	0	0	1	0	1	0	0	0	1	0	0	1	0	1	1	0	0	0	1	0	0	1	0	0	0	1	1	S
NMDC20552281	0	0	0	0	0	1	0	1	0	0	0	1	0	0	1	0	1	1	0	0	0	1	0	0	1	0	0	0	1	1	S
NMDC20587395	0	0	0	0	0	1	0	1	0	0	0	1	0	0	1	0	1	1	0	0	0	1	0	0	1	0	0	0	1	1	S
NMDC20587396	0	0	0	0	0	1	0	1	0	0	0	1	0	0	1	0	1	1	0	0	0	1	0	0	1	0	0	0	1	1	S
NMDC20587397	0	0	0	0	0	1	0	1	0	0	0	1	0	0	1	0	1	1	1	0	0	1	0	0	1	0	0	0	1	1	S
NMDC20558306	0	0	0	0	0	1	0	1	0	0	0	1	0	0	1	0	1	1	1	0	0	1	0	0	1	0	0	0	1	1	S
NMDC20552283	0	0	0	0	0	0	0	0	0	0	0	0	0	0	1	0	0	0	0	1	0	1	0	0	0	0	0	0	0	0	S
NMDC20558307	0	0	0	0	0	0	0	0	0	0	1	0	0	0	0	0	1	0	0	0	1	1	0	0	0	0	0	0	0	1	S
NMDC20556289	0	0	0	0	0	1	0	1	0	0	0	1	0	0	1	0	1	1	0	0	0	1	1	0	1	0	0	0	1	1	S
NMDC20556291	0	0	0	0	0	1	0	1	0	0	0	1	0	0	1	0	1	1	0	0	0	1	0	0	1	0	0	0	1	1	S
NMDC20587402	0	0	0	0	0	1	0	1	0	0	0	1	0	0	1	0	1	1	0	0	0	1	0	0	1	0	0	0	1	1	S
NMDC20556292	0	0	0	0	0	1	0	0	0	0	1	0	0	0	0	0	0	0	0	0	0	0	0	0	0	0	0	0	1	1	S
NMDC20587403	0	0	0	0	0	1	0	1	0	0	1	1	0	0	1	0	0	0	0	0	1	1	0	0	0	0	0	0	0	1	S
NMDC20587404	0	0	0	0	0	1	0	1	0	0	0	1	0	0	1	0	1	1	0	0	0	1	0	0	1	0	0	0	1	1	S
NMDC20587405	0	0	0	0	0	1	0	1	0	0	0	1	0	0	1	0	1	1	1	0	0	1	0	0	1	0	0	0	1	1	S
NMDC20558309	0	0	0	0	0	1	0	0	0	0	1	0	0	0	0	0	0	0	0	0	0	0	0	0	0	0	0	0	1	1	S
NMDC20587407	0	0	0	0	0	1	0	1	0	0	0	1	0	0	1	0	1	1	0	0	0	1	1	0	1	0	0	0	1	1	S
NMDC20556293	0	0	0	0	0	1	0	0	0	0	1	0	0	0	0	0	0	0	0	0	0	0	0	0	0	0	0	0	1	1	S
NMDC20554301	0	0	0	0	0	1	0	1	0	0	0	1	0	0	1	0	1	1	0	0	0	1	0	0	1	0	0	0	1	1	S
NMDC20556294	0	0	0	0	0	1	0	0	0	0	1	0	0	0	0	0	0	0	0	0	0	0	0	0	0	0	0	0	1	1	S
NMDC20552284	0	0	0	0	0	0	0	0	0	0	0	1	0	0	1	0	0	0	0	0	0	1	0	0	0	0	0	0	0	0	S
NMDC20554302	0	0	0	0	0	1	0	1	0	0	0	1	0	0	1	0	1	1	0	0	0	1	0	0	1	0	0	0	1	1	S
NMDC20587408	0	0	0	0	0	1	0	1	0	0	0	1	0	0	1	0	1	1	0	0	0	1	0	0	1	0	0	0	1	1	S
NMDC20587409	0	0	0	0	0	1	0	1	0	0	0	1	0	0	1	0	1	1	0	0	0	1	0	0	1	0	0	0	1	1	S
NMDC20554303	0	0	0	0	0	1	0	1	0	0	0	1	0	0	1	0	1	1	0	0	0	1	0	0	1	0	0	0	1	1	S
NMDC20558310	0	0	0	0	0	1	0	1	0	0	0	1	0	0	1	0	1	1	0	0	0	1	1	0	1	0	0	0	1	1	S
NMDC20554304	0	0	0	0	0	1	0	1	0	0	0	1	0	0	1	0	1	1	0	0	0	1	1	0	1	0	0	0	1	1	S
NMDC20552285	0	0	0	0	0	1	0	1	0	0	0	1	0	0	1	0	1	1	0	0	0	1	0	0	1	0	0	0	1	1	S
NMDC20552286	0	0	0	0	0	1	0	1	0	0	0	1	0	0	1	0	1	1	0	0	0	1	0	0	1	0	0	0	1	1	S
NMDC20554305	0	0	0	0	0	1	0	0	0	0	1	0	0	0	0	0	0	0	0	0	0	0	0	0	0	0	0	0	1	1	S
NMDC20558311	0	0	0	0	0	1	0	0	0	0	1	0	0	0	0	0	0	0	0	0	0	0	0	0	0	0	0	0	1	1	S
NMDC20558312	0	0	0	0	0	1	0	1	0	0	0	1	0	0	1	0	1	1	0	0	0	1	0	0	1	0	0	0	1	1	S
NMDC20587414	0	0	0	0	0	1	0	1	0	0	0	1	0	0	1	0	1	1	0	0	0	1	0	0	1	0	0	0	1	1	S
NMDC20558313	0	0	0	0	0	1	0	1	0	0	0	1	0	0	1	0	1	1	0	0	0	1	0	0	1	0	0	0	1	1	S
NMDC20587415	0	0	0	0	0	1	0	1	0	0	0	1	0	0	1	0	1	1	0	0	0	1	0	0	1	0	0	0	1	1	S
NMDC20554308	0	0	0	0	0	1	0	1	0	0	0	1	0	0	1	0	1	1	0	0	0	1	1	0	1	0	0	0	1	1	S
NMDC20556297	0	0	0	0	0	1	0	1	0	0	0	1	0	0	1	0	1	1	0	0	0	1	0	0	1	0	0	0	1	1	S
NMDC20558315	0	0	0	0	0	1	0	0	0	0	1	0	0	0	0	0	0	0	0	0	0	0	0	0	0	0	0	0	1	1	S
NMDC20587416	0	0	0	0	0	1	0	1	0	0	0	1	0	0	1	0	1	1	0	0	0	1	0	0	1	0	0	0	1	1	S
NMDC20558316	0	0	0	0	0	1	0	1	0	0	0	1	0	0	1	0	1	1	0	0	0	1	0	0	1	0	0	0	1	1	S
NMDC20554309	0	0	0	0	0	1	0	1	0	0	0	1	0	0	1	0	1	1	0	0	0	1	0	0	1	0	0	0	1	1	S
NMDC20587418	0	0	0	0	0	1	0	1	0	0	0	1	0	0	1	0	1	1	0	0	0	1	0	0	1	0	0	0	1	1	S
NMDC20587419	0	0	0	0	0	1	0	0	0	0	1	0	0	0	0	0	0	0	0	0	0	0	0	0	0	0	0	0	1	1	S
NMDC20587420	0	0	0	0	0	1	0	1	0	0	0	1	0	0	1	0	1	1	0	0	0	1	0	0	1	0	0	0	1	1	S
NMDC20558318	0	0	0	0	0	1	0	0	0	0	1	0	0	0	0	0	0	0	0	0	0	0	0	0	0	0	0	0	1	1	S
NMDC20558319	0	0	0	0	0	1	0	1	0	0	0	1	0	0	1	0	1	1	0	0	0	1	0	0	1	0	0	0	1	1	S
NMDC20556298	0	0	0	0	0	1	0	1	0	0	0	1	0	0	1	0	1	1	0	0	0	1	0	0	1	0	0	0	1	1	S
NMDC20587421	0	0	0	0	0	1	0	1	0	0	0	1	0	0	0	0	0	1	0	0	1	1	0	0	0	0	0	0	0	1	S
NMDC20552287	0	0	0	0	0	1	0	1	0	0	0	1	0	0	1	0	1	1	0	0	0	1	0	0	1	0	0	0	1	1	S
NMDC20587422	0	0	0	0	0	1	0	0	0	0	0	0	0	0	1	0	1	1	0	0	0	0	0	0	1	0	0	0	1	1	S
NMDC20558320	0	0	0	0	0	1	0	1	0	0	0	1	0	0	1	0	1	1	0	0	0	1	0	0	1	0	0	0	1	1	S
NMDC20554311	0	0	0	0	0	1	0	1	0	0	0	1	0	0	1	0	1	1	1	0	0	1	0	0	1	0	0	0	1	1	S
NMDC20587423	0	0	0	0	0	1	0	1	0	0	0	1	0	0	1	0	1	1	0	0	0	1	0	0	1	0	0	0	1	1	S
NMDC20556300	0	0	0	0	0	1	0	1	0	0	0	1	0	0	1	0	1	1	0	0	0	1	0	0	1	0	0	0	1	1	S
NMDC20552288	0	0	0	0	0	1	0	1	0	0	0	1	0	0	1	0	1	1	0	0	0	1	1	0	1	0	0	0	1	1	S
NMDC20587424	0	0	0	0	0	1	0	1	0	0	0	1	0	0	1	0	1	1	0	0	0	1	0	0	1	0	0	0	1	1	S
NMDC20587425	0	0	0	0	0	0	0	0	0	0	0	1	0	0	0	0	1	1	0	0	0	0	0	0	1	0	0	0	0	1	S
NMDC20552289	0	0	0	0	0	1	0	1	0	0	0	1	0	0	1	0	1	1	0	0	0	1	0	0	1	0	0	0	1	1	S
NMDC20552290	0	0	0	0	0	1	0	1	0	0	0	1	0	0	1	0	1	1	0	0	0	1	0	0	1	0	0	0	1	1	S
NMDC20587427	0	0	0	0	0	1	0	1	0	0	0	1	0	0	1	0	1	1	0	0	0	1	0	0	1	0	0	0	1	1	S
NMDC20556302	0	0	0	0	0	1	0	1	0	0	0	1	0	0	1	0	1	1	1	0	0	1	0	0	1	0	0	0	1	1	S
NMDC20558323	0	0	0	0	0	1	0	1	0	0	0	1	0	0	1	0	1	1	0	0	0	1	0	0	1	0	0	0	1	1	S
NMDC20556303	0	0	0	0	0	1	0	1	0	0	0	1	0	0	1	0	1	1	0	0	0	1	0	0	1	0	0	0	1	1	S
NMDC20554312	0	0	0	0	0	1	0	1	0	0	0	1	0	0	1	0	1	1	1	0	0	1	0	0	1	0	0	0	1	1	S
NMDC20556304	0	0	0	0	0	1	0	1	0	0	0	1	0	0	1	0	1	1	0	0	0	1	0	0	1	0	0	0	1	1	S
NMDC20587430	0	0	0	0	0	1	0	0	0	0	1	0	0	0	0	0	0	0	0	0	0	0	0	0	0	0	0	0	0	1	S
NMDC20587431	0	0	0	0	0	1	0	0	0	0	1	0	0	0	0	0	0	0	0	0	0	0	0	0	0	0	0	0	1	1	S
NMDC20552291	0	0	0	0	0	1	0	0	0	0	1	0	0	0	0	0	0	0	0	0	0	0	0	0	0	0	0	0	1	1	S
NMDC20554313	0	0	0	0	0	1	0	1	0	0	0	1	0	0	1	0	1	1	0	0	0	1	0	0	1	0	0	0	1	1	S
NMDC20587433	0	0	0	0	0	1	0	0	0	0	1	0	0	0	0	0	0	0	0	0	0	0	0	0	0	0	0	0	1	1	S
NMDC20587434	0	0	0	0	0	1	0	0	0	0	0	0	0	0	1	0	1	1	1	0	0	0	0	0	1	0	0	0	1	1	S
NMDC20556306	0	0	0	0	0	1	0	0	0	0	1	0	0	0	0	0	0	0	0	0	0	0	0	0	0	0	0	0	1	1	S
NMDC20558324	0	0	0	0	0	0	0	0	0	0	0	1	0	0	0	0	0	0	0	0	0	0	0	0	0	0	0	0	0	0	S
NMDC20558325	0	0	0	0	0	1	0	0	0	0	1	0	0	0	0	0	0	0	0	0	0	0	0	0	0	0	0	0	1	1	S
NMDC20558326	0	0	0	0	0	1	0	0	0	0	1	0	0	0	0	0	0	0	0	0	0	0	0	0	0	0	0	0	1	1	S
NMDC20587436	0	0	0	0	0	1	0	0	0	0	1	0	0	0	0	0	0	0	0	0	0	0	0	0	0	0	0	0	1	1	S
NMDC20558327	0	0	0	0	0	1	0	1	0	0	0	1	0	0	1	0	1	1	0	0	0	1	0	0	1	0	0	0	1	1	S
NMDC20558328	0	0	0	0	0	1	0	0	0	0	1	0	0	0	0	0	0	0	0	0	0	0	0	0	0	0	0	0	1	1	S
NMDC20554316	0	0	0	0	0	1	0	1	0	0	0	1	0	0	1	0	1	1	0	0	0	1	1	0	1	0	0	0	1	1	S
NMDC20558329	0	0	0	0	0	1	0	1	0	0	0	1	0	0	1	0	1	1	0	0	0	1	0	0	1	0	0	0	1	1	S
NMDC20556308	0	0	0	0	0	1	0	0	0	0	1	0	0	0	0	0	0	0	0	0	0	0	0	0	0	0	0	0	1	1	S
NMDC20558330	0	0	0	0	0	1	0	0	0	0	1	1	0	0	0	0	1	0	0	0	0	1	0	1	1	0	0	0	0	0	S
NMDC20587439	0	0	0	0	0	1	0	1	0	0	0	1	0	0	0	0	0	0	1	0	1	1	0	0	0	0	0	0	0	0	S
NMDC20587440	0	0	0	0	0	1	0	1	0	0	0	1	0	0	1	0	1	1	0	0	0	1	0	0	1	0	0	0	1	1	S
NMDC20587441	0	0	0	0	0	1	0	1	0	0	0	1	0	0	1	0	1	1	0	0	0	1	0	0	1	0	0	0	1	1	S
NMDC20558331	0	0	0	0	0	1	0	0	0	0	1	0	0	0	0	0	0	0	0	0	0	0	0	0	0	0	0	0	1	1	S
NMDC20556310	0	0	0	0	0	1	0	1	0	0	0	1	0	0	1	0	1	1	0	0	0	1	0	0	1	0	0	0	1	1	S
NMDC20552293	0	0	0	0	0	1	0	1	0	0	0	1	0	0	1	0	1	1	0	0	0	1	0	0	1	0	0	0	1	1	S
NMDC20587443	0	0	0	0	0	1	0	1	0	0	0	1	0	0	0	0	0	0	1	0	1	1	0	0	0	0	0	0	0	0	S
NMDC20556311	0	0	0	0	0	1	0	1	0	0	0	1	0	0	1	0	1	1	0	0	0	1	0	0	1	0	0	0	1	1	S
NMDC20587444	0	0	0	0	0	1	0	1	0	0	0	1	0	0	1	0	1	1	0	0	0	1	1	0	1	0	0	0	1	1	S
NMDC20587445	0	0	0	0	0	1	0	1	0	0	0	1	0	0	1	0	1	1	0	0	0	1	0	0	1	0	0	0	1	1	S
NMDC20587446	0	0	0	0	0	0	0	0	0	0	0	1	0	0	0	0	1	0	0	0	1	1	0	0	1	0	0	0	1	0	S
NMDC20587447	0	0	0	0	0	1	0	0	0	0	1	0	0	0	0	0	0	0	0	0	0	0	0	0	0	0	0	0	1	1	S
NMDC20552294	0	0	0	0	0	1	0	1	0	0	0	1	0	0	1	0	1	1	1	0	0	1	0	0	1	0	0	0	1	1	S
NMDC20587448	0	0	0	0	0	1	0	0	0	0	1	0	0	0	0	0	0	0	0	0	0	0	0	0	0	0	0	0	1	1	S
NMDC20587449	0	0	0	0	0	1	0	0	0	0	1	0	0	0	0	0	0	0	0	0	0	0	0	0	0	0	0	0	1	1	S
NMDC20554317	0	0	0	0	0	1	0	1	0	0	0	1	0	0	1	0	1	1	0	0	0	1	0	0	1	0	0	0	1	1	S
NMDC20554318	0	0	0	0	0	1	0	0	0	0	1	0	0	0	0	0	0	0	0	0	0	0	0	0	0	0	0	0	1	1	S
NMDC20554319	0	0	1	0	1	0	0	0	0	0	0	1	0	0	0	1	0	0	1	0	0	0	0	0	0	0	0	0	0	0	S
NMDC20556315	0	0	0	0	0	1	0	1	0	0	0	1	0	0	1	0	1	1	0	0	0	1	0	0	1	0	0	0	1	1	S
NMDC20587451	0	0	0	0	0	1	0	1	0	0	0	1	0	0	1	0	1	1	0	0	0	1	1	0	1	0	0	0	1	1	S
NMDC20587452	0	0	0	0	0	1	0	1	0	0	0	1	0	0	1	0	1	1	0	0	0	1	0	0	1	0	0	0	1	1	S
NMDC20587453	0	0	0	0	0	1	0	0	0	0	1	0	0	0	0	0	0	0	0	0	0	0	0	0	0	0	0	0	1	1	S
NMDC20558333	0	0	0	0	0	1	0	1	0	0	0	1	0	0	1	0	1	1	0	0	0	1	0	0	1	0	0	0	1	1	S
NMDC20552296	0	0	0	0	0	1	0	0	0	0	1	0	0	0	0	0	0	0	0	0	0	0	0	0	0	0	0	0	1	1	S
NMDC20558334	0	0	0	0	0	1	0	0	0	0	1	0	0	0	0	0	0	0	0	0	0	0	0	0	0	0	0	0	1	1	S
NMDC20587454	0	0	0	0	0	1	0	0	0	0	1	0	0	0	0	0	0	0	0	0	0	0	0	0	0	0	0	0	1	1	S
NMDC20556317	0	0	0	0	0	0	0	0	0	0	0	1	0	0	0	0	0	0	0	0	0	0	0	0	0	0	0	0	0	0	S
NMDC20554321	0	0	0	0	0	1	0	1	0	0	0	1	0	0	1	0	1	1	0	0	0	1	1	0	1	0	0	0	1	1	S
NMDC20552297	0	0	0	0	0	1	0	1	0	0	0	1	0	0	1	0	1	1	0	0	0	1	0	0	1	0	0	0	1	1	S
NMDC20554322	0	0	0	0	0	1	0	0	0	0	1	0	0	0	0	0	0	0	0	0	0	0	0	0	0	0	0	0	1	1	S
NMDC20552298	0	0	0	0	0	1	0	1	0	0	0	1	0	0	1	0	1	1	0	0	0	1	0	0	1	0	0	0	1	1	S
NMDC20558335	0	0	0	0	0	1	0	1	0	0	0	1	0	0	1	0	1	1	0	0	0	1	0	0	1	0	0	0	1	1	S
NMDC20554323	0	0	0	0	0	1	0	1	0	0	0	1	0	0	1	0	1	1	1	0	0	1	0	0	1	0	0	0	1	1	S
NMDC20587455	0	0	0	0	0	1	0	0	0	0	1	0	0	0	0	0	0	0	0	0	0	0	0	0	0	0	0	0	1	1	S
NMDC20587456	0	0	0	0	0	1	0	0	0	0	1	0	0	0	0	0	0	0	0	0	0	0	0	0	0	0	0	0	1	1	S
NMDC20556319	0	0	0	0	0	1	0	0	0	0	1	0	0	0	0	0	0	0	0	0	0	0	0	0	0	0	0	0	1	1	S
NMDC20587458	0	0	0	0	0	1	0	0	0	0	1	0	0	0	0	0	0	0	0	0	0	0	0	0	0	0	0	0	1	1	S
NMDC20558337	0	0	0	0	0	1	0	1	0	0	0	1	0	0	1	0	1	1	0	0	0	1	0	0	1	0	0	0	1	1	S
NMDC20552299	0	0	0	0	0	1	0	1	0	0	0	1	0	0	0	0	0	0	0	0	1	1	0	0	0	0	0	0	0	0	S
NMDC20552300	0	0	0	0	0	1	0	0	0	0	0	0	0	0	0	0	0	0	0	0	0	0	0	0	1	0	1	0	1	0	S
NMDC20556320	0	0	0	0	0	1	0	1	0	0	0	1	0	0	1	0	1	1	0	0	0	1	1	0	1	0	0	0	1	1	S
NMDC20587461	0	0	0	0	0	1	0	1	0	0	0	1	0	0	1	0	1	1	0	0	0	1	0	0	1	0	0	0	1	1	S
NMDC20556321	0	0	0	0	0	1	0	1	0	0	0	1	0	0	1	0	1	1	0	0	0	1	0	0	1	0	0	0	1	1	S
NMDC20556322	0	0	0	0	0	1	0	1	0	0	0	1	0	0	1	0	1	1	0	0	0	1	0	0	1	0	0	0	1	1	S
NMDC20587462	0	0	0	0	0	1	0	0	0	0	1	0	0	0	0	0	0	0	0	0	0	0	0	0	0	0	0	0	1	1	S
NMDC20587463	0	0	0	0	0	1	0	0	0	0	1	0	0	0	0	0	0	0	0	0	0	0	0	0	0	0	0	0	1	1	S
NMDC20554324	0	0	0	0	0	1	0	1	0	0	0	1	0	0	1	0	1	1	0	0	0	1	0	0	1	0	0	0	1	1	S
NMDC20587464	0	0	0	0	0	1	0	0	0	0	1	0	0	0	0	0	0	0	0	0	0	0	0	0	0	0	0	0	1	1	S
NMDC20554326	0	0	0	0	0	1	0	1	0	0	0	1	0	0	1	0	1	1	0	0	0	1	0	0	1	0	0	0	1	1	S
NMDC20587466	0	0	0	0	0	1	0	1	0	0	0	1	0	0	0	0	0	1	0	0	1	1	0	0	0	0	0	0	0	1	S
NMDC20554327	0	0	0	0	0	1	0	1	0	0	0	1	0	0	1	0	1	1	0	0	0	1	1	0	1	0	0	0	1	1	S
NMDC20587467	0	0	0	0	0	1	0	0	0	0	1	0	0	0	0	0	0	0	0	0	0	0	0	0	0	0	0	0	1	1	S
NMDC20552302	0	0	0	0	0	1	0	1	0	0	0	1	0	0	1	0	1	1	0	0	0	1	1	0	1	0	0	0	1	1	S
NMDC20558339	0	0	0	0	0	1	0	1	0	0	0	1	0	0	1	0	1	1	1	0	0	1	0	0	1	0	0	0	1	1	S
NMDC20556324	0	0	0	0	0	0	0	0	0	0	0	1	0	0	0	0	1	0	0	0	1	1	0	0	1	0	0	0	1	0	S
NMDC20554328	0	0	0	0	0	1	0	1	0	0	0	1	0	0	1	0	1	1	0	0	0	1	0	0	1	0	0	0	1	1	S
NMDC20558340	0	0	0	0	0	1	0	0	0	0	1	0	0	0	0	0	0	0	0	0	0	0	0	0	0	0	0	0	1	1	S
NMDC20587469	0	0	1	0	1	0	0	0	0	0	0	1	0	0	0	1	0	0	1	0	0	0	0	0	0	0	0	0	0	0	S
NMDC20556325	0	0	0	0	0	1	0	1	0	0	0	1	0	0	1	0	1	1	0	0	0	1	1	0	1	0	0	0	1	1	S
NMDC20558341	0	0	0	0	0	1	0	1	0	0	0	1	0	0	1	0	1	1	0	0	0	1	0	0	1	0	0	0	1	1	S
NMDC20558342	0	0	0	0	0	1	0	1	0	0	0	1	0	0	1	0	1	1	0	0	0	1	0	0	1	0	0	0	1	1	S
NMDC20587470	0	0	0	0	0	1	0	1	0	0	0	1	0	0	1	0	1	1	0	0	0	1	0	0	1	0	0	0	1	1	S
NMDC20587471	0	0	0	0	0	1	0	0	0	0	0	0	0	0	0	0	0	0	0	0	0	0	0	0	1	0	1	0	1	0	S
NMDC20552304	0	0	0	0	0	1	0	1	0	0	0	1	0	0	1	0	1	1	0	0	0	1	0	0	1	0	0	0	1	1	S
NMDC20587472	0	0	0	0	0	1	0	1	0	0	0	1	0	0	1	0	1	1	0	0	0	1	0	0	1	0	0	0	1	1	S
NMDC20556326	0	0	0	0	0	0	0	0	0	0	0	0	0	0	0	0	1	1	0	1	0	0	0	1	0	0	0	0	0	0	S
NMDC20587475	0	0	0	0	0	1	0	1	0	0	0	1	0	0	1	0	1	1	0	0	0	1	0	0	1	0	0	0	1	1	S
NMDC20554329	0	0	0	0	0	1	0	1	0	0	0	1	0	0	1	0	1	1	0	0	0	1	0	0	1	0	0	0	1	1	S
NMDC20552305	0	0	1	0	1	0	0	0	0	0	0	1	0	0	0	1	1	1	0	0	0	0	0	0	1	0	0	0	0	1	S
NMDC20587477	0	0	0	0	0	1	0	0	0	0	1	0	0	0	0	0	0	0	0	0	0	0	0	0	0	0	0	0	1	1	S
NMDC20554330	0	0	0	0	0	1	0	1	0	0	0	1	0	0	1	0	1	1	0	0	0	1	0	0	1	0	0	0	1	1	S
NMDC20558343	0	0	0	0	0	1	0	1	0	0	0	1	0	0	1	0	1	1	0	0	0	1	1	0	1	0	0	0	1	1	S
NMDC20556328	0	0	0	0	0	0	0	0	0	0	0	0	0	0	0	0	1	1	0	1	0	0	0	1	0	0	0	0	0	0	S
NMDC20554331	0	0	0	0	0	1	0	0	0	0	1	0	0	0	0	0	0	0	0	0	0	0	0	0	0	0	0	0	1	1	S
NMDC20587484	0	0	0	0	0	1	0	1	0	0	0	1	0	0	1	0	1	1	0	0	0	1	0	0	1	0	0	0	1	1	S
NMDC20587485	0	0	0	0	0	1	0	1	0	0	0	1	0	0	1	0	1	1	0	0	0	1	0	0	1	0	0	0	1	1	S
NMDC20552307	0	0	0	0	0	1	0	1	0	0	0	1	0	0	1	0	1	1	0	0	0	1	0	0	1	0	0	0	1	1	S
NMDC20587486	0	0	0	0	0	1	0	0	0	0	1	0	0	0	0	0	0	0	0	0	0	0	0	0	0	0	0	0	1	1	S
NMDC20554332	0	0	0	0	0	1	0	1	0	0	0	1	0	0	1	0	1	1	0	0	0	1	0	0	1	0	0	0	1	1	S
NMDC20554333	0	0	0	0	0	1	0	1	0	0	0	1	0	0	1	0	1	1	0	0	0	1	0	0	1	0	0	0	1	1	S
NMDC20587487	0	0	0	0	0	1	0	1	0	0	0	1	0	0	1	0	1	1	0	0	0	1	0	0	1	0	0	0	1	1	S
NMDC20552309	0	0	0	0	0	1	0	1	0	0	0	1	0	0	1	0	1	1	0	0	0	1	0	0	1	0	0	0	1	1	S
NMDC20587488	0	0	0	0	0	1	0	1	0	0	0	1	0	0	1	0	1	1	0	0	0	1	0	0	1	0	0	0	1	1	S
NMDC20587489	0	0	0	0	0	1	0	1	0	0	0	1	0	0	1	0	1	1	0	0	0	1	0	0	1	0	0	0	1	1	S
NMDC20587490	0	0	0	0	0	1	0	1	0	0	0	1	0	0	1	0	1	1	0	0	0	1	0	0	1	0	0	0	1	1	S
NMDC20558346	0	0	0	0	0	0	0	0	0	0	0	1	0	0	0	0	0	0	1	0	0	0	0	0	0	0	0	0	0	0	S
NMDC20552310	0	0	0	0	0	1	0	1	0	0	0	1	0	0	1	0	1	1	0	0	0	1	0	0	1	0	0	0	1	1	S
NMDC20587491	0	0	0	0	0	1	0	1	0	0	0	1	0	0	1	0	1	1	0	0	0	1	0	0	1	0	0	0	1	1	S
NMDC20556331	0	0	0	0	0	1	0	1	0	0	0	1	0	0	1	0	1	1	0	0	0	1	1	0	1	0	0	0	1	1	S
NMDC20558348	0	0	0	0	0	1	0	1	0	0	0	1	0	0	1	0	1	1	0	0	0	1	1	0	1	0	0	0	1	1	S
NMDC20556332	0	0	0	0	0	0	0	0	0	0	0	1	0	0	0	0	0	0	0	0	0	0	0	0	0	0	0	0	0	0	S
NMDC20554334	0	0	0	0	0	1	0	1	0	0	0	1	0	0	1	0	1	1	0	0	0	1	0	0	1	0	0	0	1	1	S
NMDC20558349	0	0	0	0	0	1	0	1	0	0	0	1	0	0	1	0	1	1	0	0	0	1	0	0	1	0	0	0	1	1	S
NMDC20587495	0	0	0	0	0	1	0	1	0	0	0	1	0	0	1	0	1	1	0	0	0	1	0	0	1	0	0	0	1	1	S
NMDC20552311	0	0	0	0	0	1	0	1	0	0	0	1	0	0	1	0	1	1	0	0	0	1	0	0	1	0	0	0	1	1	S
NMDC20554336	0	0	0	0	0	1	0	1	0	0	0	1	0	0	1	0	1	1	0	0	0	1	0	0	1	0	0	0	1	1	S
NMDC20587497	0	0	0	0	0	1	0	0	0	0	1	0	0	0	0	0	0	0	0	0	0	0	0	0	0	0	0	0	1	1	S
NMDC20552312	0	0	0	0	0	1	0	1	0	0	0	1	0	0	1	0	1	1	0	0	0	1	0	0	1	0	0	0	1	1	S
NMDC20587499	0	0	0	0	0	1	0	1	0	0	0	1	0	0	1	0	1	1	0	0	0	1	0	0	1	0	0	0	1	1	S
NMDC20587500	0	0	0	0	0	0	0	0	0	0	0	0	0	0	0	0	1	1	0	1	0	0	0	1	0	0	0	0	0	0	S
NMDC20587501	0	0	0	0	0	1	0	1	0	0	0	1	0	0	1	0	1	1	0	0	0	1	0	0	1	0	0	0	1	1	S
NMDC20587502	0	0	1	0	1	0	0	0	0	0	0	1	0	0	0	1	0	0	1	0	0	0	0	0	0	0	0	0	0	0	S
NMDC20556334	0	0	0	0	0	0	0	0	0	0	0	0	0	0	1	0	0	0	0	0	0	1	0	0	0	0	0	1	1	0	S
NMDC20587503	0	0	0	0	0	1	0	0	0	0	1	0	0	0	0	0	0	0	0	0	0	0	0	0	0	0	0	0	1	1	S
NMDC20558350	0	0	0	0	0	1	0	0	0	0	1	0	0	0	0	0	0	0	0	0	0	0	0	0	0	0	0	0	1	1	S
NMDC20552313	0	0	0	0	0	1	0	1	0	0	0	1	0	0	1	0	1	1	0	0	0	1	0	0	1	0	0	0	1	1	S
NMDC20554337	0	0	0	0	0	1	0	1	0	0	0	1	0	0	1	0	1	1	0	0	0	1	0	0	1	0	0	0	1	1	S
NMDC20587506	0	0	0	0	0	0	0	0	0	0	0	1	0	0	0	0	0	0	0	0	0	0	0	0	0	0	0	0	0	1	S
NMDC20552316	0	0	0	0	0	1	0	1	0	0	0	1	0	0	1	0	1	1	0	0	0	1	0	0	1	0	0	0	1	1	S
NMDC20587510	0	0	0	0	0	1	0	1	0	0	0	1	0	0	1	0	1	1	0	0	0	1	0	0	1	0	0	0	1	1	S
NMDC20558351	1	0	0	0	0	1	0	0	0	0	1	0	0	0	0	0	0	0	0	0	0	0	0	0	0	0	0	0	1	1	S
NMDC20587511	0	0	0	0	0	0	0	0	0	0	0	1	0	0	0	0	1	0	0	0	1	1	0	0	1	0	0	0	1	0	S
NMDC20556336	0	0	0	0	0	1	0	0	0	0	1	0	0	0	0	0	0	0	0	0	0	0	0	0	0	0	0	0	1	1	S
NMDC20558353	0	0	0	0	0	1	0	1	0	0	0	1	0	0	1	0	1	1	0	0	0	1	0	0	1	0	0	0	1	1	S
NMDC20558354	0	0	0	0	0	1	0	0	0	0	0	1	0	0	0	0	0	0	0	0	1	1	0	0	0	0	0	0	1	0	S
NMDC20587513	0	0	0	0	0	1	0	1	0	0	0	1	0	0	1	0	1	1	0	0	0	1	0	0	1	0	0	0	1	1	S
NMDC20587514	0	0	0	0	0	1	0	1	0	0	0	1	0	0	0	0	0	0	0	0	1	1	0	0	0	0	0	0	0	0	S
NMDC20587515	0	0	0	0	0	1	0	1	0	0	0	1	0	0	1	0	1	1	0	0	0	1	0	0	1	0	0	0	1	1	S
NMDC20552317	0	0	0	0	0	1	0	1	0	0	0	1	0	0	1	0	1	1	0	0	0	1	0	0	1	0	0	0	1	1	S
NMDC20558356	0	0	0	0	0	1	0	1	0	0	0	1	0	0	1	0	1	1	0	0	0	1	0	0	1	0	0	0	1	1	S
NMDC20554338	0	0	0	0	0	0	0	0	0	0	0	1	0	0	0	0	0	0	0	0	0	0	0	0	0	0	0	0	0	0	S
NMDC20587516	0	0	0	0	0	1	0	1	0	0	0	1	0	0	1	0	1	1	0	0	0	1	0	0	1	0	0	0	1	1	S
NMDC20558357	0	0	0	0	0	1	0	0	0	0	1	0	0	0	0	0	0	0	0	0	0	0	0	0	0	0	0	0	1	1	S
NMDC20552318	0	0	0	0	0	1	0	0	0	0	1	0	0	0	0	0	0	0	0	0	0	0	0	0	0	0	0	0	1	1	S
NMDC20558358	0	0	0	0	0	1	0	0	0	0	1	0	0	0	0	0	0	0	0	0	0	0	0	0	0	0	0	0	1	1	S
NMDC20558359	0	0	0	0	0	1	0	0	0	0	1	0	0	0	0	0	0	0	0	0	0	0	0	0	0	0	0	0	1	1	S
NMDC20552319	0	0	0	0	0	1	0	0	0	0	1	0	0	0	0	0	0	0	0	0	0	0	0	0	0	0	0	0	1	1	S
NMDC20554339	0	0	0	0	0	1	0	0	0	0	1	0	0	0	0	0	0	0	0	0	0	0	0	0	0	0	0	0	1	1	S
NMDC20558360	0	0	0	0	0	1	0	0	0	0	1	0	0	0	0	0	0	0	0	0	0	0	0	0	0	0	0	0	1	1	S
NMDC20552320	0	0	0	0	0	1	0	0	0	0	1	0	0	0	0	0	0	0	0	0	0	0	0	0	0	0	0	0	1	1	S
NMDC20587518	0	0	0	0	0	1	0	1	0	0	0	1	0	0	1	0	1	1	0	0	0	1	0	0	1	0	0	0	1	1	S
NMDC20552322	0	0	0	0	0	1	0	1	0	0	0	1	0	0	1	0	1	1	0	0	0	1	0	0	1	0	0	0	1	1	S
NMDC20587523	0	0	0	0	0	1	0	0	0	0	1	0	0	0	0	0	0	0	0	0	0	0	0	0	0	0	0	0	1	1	S
NMDC20554340	0	0	0	0	0	1	0	1	0	0	0	1	0	0	1	0	1	1	0	0	0	1	0	0	1	0	0	0	1	1	S
NMDC20558361	0	0	0	0	0	1	0	1	0	0	0	1	0	0	1	0	1	1	0	0	0	1	0	0	1	0	0	0	1	1	S
NMDC20587524	0	0	0	0	0	1	0	1	0	0	0	1	0	0	1	0	1	1	0	0	0	1	0	0	1	0	0	0	1	1	S
NMDC20587526	0	0	0	0	0	1	0	1	0	0	0	1	0	0	1	0	1	1	0	0	0	1	0	0	1	0	0	0	1	1	S
NMDC20554341	0	0	0	0	0	1	0	0	0	0	1	0	0	0	0	0	0	0	0	0	0	0	0	0	0	0	0	0	1	1	S
NMDC20558362	0	0	0	0	0	1	0	1	0	0	0	1	0	0	1	0	1	1	0	0	0	1	0	0	1	0	0	0	1	1	S
NMDC20587527	0	0	0	0	0	1	0	1	0	0	0	1	0	0	1	0	1	1	0	0	0	1	0	0	1	0	0	0	1	1	S
NMDC20587528	0	0	0	0	0	1	0	0	0	0	1	0	0	0	0	0	0	0	0	0	0	0	0	0	0	0	0	0	1	1	S
NMDC20556337	0	0	0	0	0	1	0	0	0	0	0	1	0	0	0	0	0	0	0	0	0	1	0	0	0	0	1	0	0	1	S
NMDC20554342	0	0	0	0	0	1	0	1	0	0	0	1	0	0	1	0	1	1	0	0	0	1	0	0	1	0	0	0	1	1	S
NMDC20556338	0	0	0	0	0	1	0	1	0	0	0	1	0	0	1	0	1	1	0	0	0	1	0	0	1	0	0	0	1	1	S
NMDC20552324	0	0	0	0	0	1	0	1	0	0	0	1	0	0	0	0	0	0	0	0	1	1	0	0	0	0	0	0	0	0	S
NMDC20587529	0	0	0	0	0	0	0	0	0	0	0	1	0	0	0	0	1	1	0	0	0	0	0	0	1	0	0	0	0	1	S
NMDC20558363	0	0	0	0	0	1	0	1	0	0	0	1	0	0	1	0	1	1	0	0	0	1	0	0	1	0	0	0	1	1	S
NMDC20554344	0	0	0	0	0	1	0	1	0	0	0	1	0	0	1	0	1	1	0	0	0	1	0	0	1	0	0	0	1	1	S
NMDC20587530	0	0	0	0	0	1	0	0	0	0	1	0	0	0	0	0	0	0	0	0	0	0	0	0	0	0	0	0	1	1	S
NMDC20587531	0	0	0	0	0	0	0	0	0	0	0	1	0	0	1	0	0	0	0	0	0	1	0	0	0	0	0	0	0	0	S
NMDC20587533	0	0	0	0	0	1	0	1	0	0	0	1	0	0	1	0	1	1	0	0	0	1	0	0	1	0	0	0	1	1	S
NMDC20552325	0	0	0	0	0	1	0	1	0	0	0	1	0	0	1	0	1	1	0	0	0	1	0	0	1	0	0	0	1	1	S
NMDC20587535	0	0	0	0	0	1	0	1	0	0	0	1	0	0	1	0	0	0	0	0	1	1	0	0	1	0	0	0	0	1	S
NMDC20558364	0	0	0	0	0	1	0	1	0	0	0	1	0	0	1	0	1	1	0	0	0	1	0	0	1	0	0	0	1	1	S
NMDC20558366	0	0	0	0	0	1	0	0	0	0	1	0	0	0	0	0	0	0	0	0	0	0	0	0	0	0	0	0	1	1	S
NMDC20558367	0	0	0	0	0	1	0	1	0	0	0	1	0	0	1	0	1	1	0	0	0	1	0	0	1	0	0	0	1	1	S
NMDC20558368	0	0	0	0	0	1	0	1	0	0	0	1	0	0	1	0	1	1	0	0	0	1	0	0	1	0	0	0	1	1	S
NMDC20587538	0	0	0	0	0	1	0	1	0	0	0	1	0	0	1	0	1	1	0	0	0	1	0	0	1	0	0	0	1	1	S
NMDC20587539	0	0	0	0	0	1	0	1	0	0	0	1	0	0	1	0	1	1	0	0	0	1	0	0	1	0	0	0	1	1	S
NMDC20587540	0	0	0	0	0	1	0	1	0	0	0	1	0	0	1	0	1	1	0	0	0	1	0	0	1	0	0	0	1	1	S
NMDC20587541	0	0	0	0	0	1	0	0	0	0	1	0	0	0	0	0	0	0	0	0	0	0	0	0	0	0	0	0	1	1	S
NMDC20552328	0	0	0	0	0	1	0	1	0	0	0	1	0	0	1	0	1	1	0	0	0	1	0	0	1	0	0	0	1	1	S
NMDC20556340	0	0	0	0	0	1	0	0	0	0	1	0	0	0	0	0	0	0	0	0	0	0	0	0	0	0	0	0	1	1	S
NMDC20554347	0	0	0	0	0	1	0	0	0	0	1	0	0	0	0	0	0	0	0	0	0	0	0	0	0	0	0	0	1	1	S
NMDC20587542	0	0	0	0	0	0	0	0	0	0	0	1	0	0	1	0	0	0	0	0	0	1	0	0	0	0	0	0	0	0	S
NMDC20587543	0	0	0	0	0	0	0	0	0	0	0	0	0	0	0	0	1	1	0	1	0	0	0	1	0	0	0	0	0	0	S
NMDC20554348	0	0	1	0	1	0	0	0	0	0	0	1	0	0	0	1	0	0	1	0	0	0	0	0	0	0	0	0	0	0	S
NMDC20552329	0	0	0	0	0	1	0	1	0	0	0	1	0	0	1	0	1	1	1	0	0	1	0	0	1	0	0	0	1	1	S
NMDC20587544	0	0	0	0	0	1	0	1	0	0	0	1	0	0	1	0	1	1	0	0	0	1	0	0	1	0	0	0	1	1	S
NMDC20554349	0	0	0	0	0	1	0	0	0	0	1	0	0	0	0	0	0	0	0	0	0	0	0	0	0	0	0	0	1	1	S
NMDC20554350	0	0	0	0	0	0	0	0	0	0	0	1	0	0	0	0	0	0	0	0	0	0	0	0	0	0	0	0	0	0	S
NMDC20552330	0	0	0	0	0	1	0	1	0	0	0	1	0	0	1	0	1	1	0	0	0	1	1	0	1	0	0	0	1	1	S
NMDC20552331	0	0	0	0	0	0	0	0	0	0	1	0	0	0	0	0	1	1	0	0	1	1	0	0	0	0	0	0	0	1	S
NMDC20552332	0	0	0	0	0	1	0	1	0	0	0	1	0	0	1	0	1	1	0	0	0	1	0	0	1	0	0	0	1	1	S
NMDC20587545	0	0	0	0	0	1	0	1	0	0	0	1	0	0	1	0	1	1	0	0	0	1	0	0	1	0	0	0	1	1	S
NMDC20587546	0	0	0	0	0	1	0	0	0	0	1	0	0	0	0	0	0	0	0	0	0	0	0	0	0	0	0	0	1	1	S
NMDC20587548	0	0	0	0	0	1	0	0	0	0	0	1	0	0	0	0	0	0	1	0	1	1	0	0	0	0	1	0	1	0	S
NMDC20554351	0	0	0	0	0	1	0	0	0	0	0	0	0	0	1	0	0	1	1	0	1	1	0	0	0	0	0	0	0	1	S
NMDC20556343	0	0	0	0	0	1	0	1	0	0	0	1	0	0	1	0	1	1	0	0	0	1	0	0	1	0	0	0	1	1	S
NMDC20552334	0	0	0	0	0	1	0	0	0	0	1	0	0	0	0	0	0	0	0	0	0	0	0	0	0	0	0	0	1	1	S
NMDC20587549	0	0	0	0	0	1	0	0	0	0	1	0	0	0	0	0	0	0	0	0	0	0	0	0	0	0	0	0	1	1	S
NMDC20554352	0	0	0	0	0	1	0	0	0	0	1	0	0	0	0	0	0	0	0	0	0	0	0	0	0	0	0	0	1	1	S
NMDC20556344	0	0	0	0	0	0	0	0	0	0	0	0	0	0	0	0	1	1	0	1	0	0	0	1	0	0	0	0	0	0	S
NMDC20558369	0	0	0	0	0	1	0	0	0	0	1	0	0	0	0	0	0	0	0	0	0	0	0	0	0	0	0	0	1	1	S
NMDC20552335	0	0	0	0	0	1	0	1	0	0	0	1	0	0	1	0	1	1	0	0	0	1	0	0	1	0	0	0	1	1	S
NMDC20587551	0	0	0	0	0	1	0	1	0	0	0	1	0	0	1	0	1	1	0	0	0	1	0	0	1	0	0	0	1	1	S
NMDC20587552	0	0	0	0	0	1	0	1	0	0	0	1	0	0	1	0	1	1	0	0	0	1	0	0	1	0	0	0	1	1	S
NMDC20587553	0	0	0	0	0	0	0	0	0	0	0	1	0	0	0	0	1	0	0	0	1	1	0	0	1	0	0	0	1	0	S
NMDC20587554	0	0	0	0	0	1	0	1	0	0	0	1	0	0	1	0	1	1	1	0	0	1	0	0	1	0	0	0	1	1	S
NMDC20552337	0	0	0	0	0	0	0	0	0	0	0	0	0	0	0	0	0	0	0	0	0	1	0	0	1	0	0	1	0	0	S
NMDC20556346	0	0	0	0	0	1	0	1	0	0	0	1	0	0	1	0	1	1	0	0	0	1	0	0	1	0	0	0	1	1	S
NMDC20556347	0	0	0	0	0	1	0	1	0	0	0	1	0	0	1	0	1	1	0	0	0	1	1	0	1	0	0	0	1	1	S
NMDC20558370	0	0	0	0	0	1	0	1	0	0	0	1	0	0	1	0	1	1	0	0	0	1	0	0	1	0	0	0	1	1	S
NMDC20554353	0	0	0	0	0	1	0	1	0	0	0	1	0	0	1	0	1	1	1	0	0	1	0	0	1	0	0	0	1	1	S
NMDC20587555	0	0	0	0	0	1	0	0	0	0	1	0	0	0	0	0	0	0	0	0	0	0	0	0	0	0	0	0	1	1	S
NMDC20554354	0	0	1	0	1	0	0	0	0	0	0	1	0	0	0	1	0	0	1	0	0	0	0	0	0	0	0	0	0	0	S
NMDC20587556	0	0	0	0	0	1	0	1	0	0	0	1	0	0	1	0	1	1	1	0	0	1	0	0	1	0	0	0	1	1	S
NMDC20554357	0	0	0	0	0	1	0	1	0	0	0	1	0	0	1	0	1	1	0	0	0	1	0	0	1	0	0	0	1	1	S
NMDC20587558	0	0	0	0	0	1	0	0	0	0	1	0	0	0	0	0	0	0	0	0	0	0	0	0	0	0	0	0	1	1	S
NMDC20552338	0	0	0	0	0	1	0	1	0	0	0	1	0	0	1	0	1	1	0	0	0	1	0	0	1	0	0	0	1	1	S
NMDC20587563	0	0	0	0	0	0	0	0	0	0	0	0	0	0	1	0	0	0	0	0	0	1	0	0	0	0	0	1	1	0	S
NMDC20556350	0	0	0	0	0	1	0	1	0	0	0	1	0	0	1	0	1	1	0	0	0	1	0	0	1	0	0	0	1	1	S
NMDC20558371	0	0	0	0	0	1	0	1	0	0	0	1	0	0	1	0	1	1	0	0	0	1	0	0	1	0	0	0	1	1	S
NMDC20552340	0	0	1	0	1	0	0	0	0	0	0	1	0	0	0	1	0	0	1	0	0	0	0	0	0	0	0	0	0	0	S
NMDC20552341	0	0	0	0	0	1	0	1	0	0	0	1	0	0	1	0	1	1	1	0	0	1	0	0	1	0	0	0	1	1	S
NMDC20558372	0	0	0	0	0	0	0	0	0	0	0	1	0	0	0	0	0	0	0	0	0	0	0	0	0	0	0	0	0	0	S
NMDC20587564	0	0	0	0	0	1	0	1	0	0	0	1	0	0	1	0	1	1	0	0	0	1	0	0	1	0	0	0	1	1	S
NMDC20552343	0	0	0	0	0	1	0	1	0	0	0	1	0	0	1	0	1	1	0	0	0	1	0	0	1	0	0	0	1	1	S
NMDC20587566	0	0	0	0	0	0	0	0	0	0	0	0	0	0	0	0	1	1	0	1	0	0	0	1	0	0	0	0	0	0	S
NMDC20558373	0	0	0	0	0	1	0	1	0	0	0	1	0	0	1	0	1	1	1	0	0	1	0	0	1	0	0	0	1	1	S
NMDC20552345	0	0	0	0	0	1	0	0	0	0	1	0	0	0	0	0	0	0	0	0	0	0	0	0	0	0	0	0	1	1	S
NMDC20558374	0	0	0	0	0	1	0	1	0	0	0	1	0	0	1	0	1	1	0	0	0	1	0	0	1	0	0	0	1	1	S
NMDC20558375	0	0	0	0	0	1	0	1	0	0	0	1	0	0	1	0	1	1	0	0	0	1	1	0	1	0	0	0	1	1	S
NMDC20587567	0	0	0	0	0	1	0	0	0	0	1	0	0	0	0	0	0	0	0	0	0	0	0	0	0	0	0	0	1	1	S
NMDC20587568	0	0	1	0	1	1	0	0	0	0	1	1	0	0	0	1	1	0	1	0	0	1	0	0	1	0	0	0	0	0	S
NMDC20587570	0	0	0	0	0	1	0	0	0	0	0	0	0	0	0	0	0	0	0	0	1	1	0	0	0	0	0	0	0	0	S
NMDC20587571	0	0	0	0	0	0	0	0	0	0	0	1	0	0	0	0	1	0	0	0	1	1	0	0	1	0	0	0	1	0	S
NMDC20587573	0	0	0	0	0	1	0	1	0	0	0	1	0	0	1	0	1	1	0	0	0	1	1	0	1	0	0	0	1	1	S
NMDC20587574	0	0	0	0	0	0	0	0	0	0	0	0	0	0	1	0	0	0	1	0	0	1	0	0	0	0	0	1	1	0	S
NMDC20587572	0	0	0	0	0	1	0	0	0	0	1	0	0	0	0	0	0	0	0	0	0	0	0	0	0	0	0	0	1	1	S
NMDC20587576	0	0	0	0	0	1	0	1	0	0	0	1	0	0	1	0	1	1	0	0	0	1	0	0	1	0	0	0	1	1	S
NMDC20587577	1	0	1	0	0	1	0	0	0	0	0	0	0	0	1	1	0	1	1	0	1	1	0	0	0	0	0	0	0	1	S
NMDC20587578	0	0	0	0	0	1	0	1	0	0	0	1	0	0	0	0	0	0	1	0	1	1	0	0	0	0	0	0	0	0	S
NMDC20587581	0	1	1	0	1	1	0	0	0	0	0	0	0	1	1	1	0	1	1	0	1	1	0	0	0	0	0	0	0	1	S
NMDC20587582	0	0	0	0	0	0	0	0	0	0	0	0	0	0	1	0	0	0	0	0	0	1	0	0	0	0	0	1	1	0	S
NMDC20587584	0	0	0	0	0	0	0	0	0	0	0	0	0	0	1	0	0	0	0	0	0	1	0	0	0	0	0	1	1	0	S
NMDC20587585	0	0	0	0	0	1	0	1	0	0	0	1	0	0	1	0	1	1	0	0	0	1	0	0	1	0	0	0	1	1	S
NMDC20587586	0	0	0	0	0	0	0	0	0	0	0	0	0	0	1	0	0	0	0	0	0	1	0	0	0	0	0	1	1	0	S
NMDC20587587	1	0	1	0	0	1	1	0	0	0	0	0	0	0	0	1	1	1	0	1	1	1	0	0	0	0	0	0	1	1	S
NMDC20587588	1	0	1	0	0	1	1	0	0	0	0	0	0	0	0	1	1	1	0	1	1	1	0	0	0	0	0	0	1	1	S
NMDC20587592	0	0	1	0	1	0	0	0	0	0	0	1	0	0	0	1	0	0	1	0	0	0	0	0	0	0	0	0	0	0	S
NMDC20587594	0	0	0	0	0	1	0	1	0	0	0	1	0	0	1	0	1	1	0	0	0	1	0	0	1	0	0	0	1	1	S
NMDC20587595	0	0	0	0	0	1	0	1	0	0	0	1	0	0	1	0	1	1	0	0	0	1	0	0	1	0	0	0	1	1	S
NMDC20587596	0	0	0	0	0	1	0	1	0	0	0	1	0	0	1	0	1	1	0	0	0	1	0	0	1	0	0	0	1	1	S
NMDC20587597	0	0	0	0	0	1	0	1	0	0	0	1	0	0	1	0	1	1	0	0	0	1	0	0	1	0	0	0	1	1	S
NMDC20587598	0	0	0	0	0	1	0	1	0	0	0	1	0	0	0	0	0	0	0	0	1	1	0	0	0	0	0	0	0	0	S
NMDC20587600	0	0	0	0	0	0	0	0	0	0	0	1	0	0	0	0	1	0	0	0	1	1	0	0	1	0	0	0	1	0	S
NMDC20587602	1	0	0	0	0	0	0	0	0	0	0	1	0	0	0	0	0	0	0	0	0	0	0	0	0	0	0	0	0	0	S
NMDC20587607	0	0	0	0	0	0	0	0	0	0	0	1	0	0	0	0	1	1	0	0	0	0	0	0	1	0	0	0	0	1	S
NMDC20587610	0	0	0	0	0	1	0	1	0	0	0	1	0	0	1	0	1	1	0	0	0	1	0	0	1	0	0	0	1	1	S
NMDC20587612	0	0	0	0	0	0	0	0	0	0	0	1	0	0	0	0	0	0	0	0	0	0	0	0	0	0	0	0	0	0	S
NMDC20587613	0	0	0	0	0	1	0	0	0	0	0	0	0	0	0	0	0	1	0	0	0	0	0	0	0	0	1	0	1	1	S
NMDC20587615	0	0	0	0	0	0	0	0	0	0	0	1	0	0	0	0	0	0	0	0	0	0	0	0	0	0	0	0	0	0	S
NMDC20587616	0	0	0	0	0	1	0	1	0	0	0	1	0	0	1	0	1	1	0	0	0	1	0	0	1	0	0	0	1	1	S
NMDC20587617	0	0	0	0	0	1	0	1	0	0	0	1	0	0	1	0	1	1	0	0	0	1	0	0	1	0	0	0	1	1	S
NMDC20587618	0	0	0	0	0	1	0	1	0	0	0	1	0	0	1	0	1	1	0	0	0	1	0	0	1	0	0	0	1	1	S
NMDC20587619	0	0	0	0	0	1	0	1	0	0	0	1	0	0	1	0	1	1	0	0	0	1	0	0	1	0	0	0	1	1	S
NMDC20587620	0	0	0	0	0	1	0	1	0	0	0	1	0	0	1	0	1	1	0	0	0	1	0	0	1	0	0	0	1	1	S
NMDC20587621	0	0	0	0	0	1	0	1	0	0	0	1	0	0	1	0	1	1	0	0	0	1	0	0	1	0	0	0	1	1	S
NMDC20587622	0	0	0	0	0	1	0	1	0	0	0	1	0	0	1	0	1	1	0	0	0	1	0	0	1	0	0	0	1	1	S
NMDC20587623	0	0	0	0	0	1	0	1	0	0	0	1	0	0	1	0	1	1	0	0	0	1	0	0	1	0	0	0	1	1	S
NMDC20587624	0	0	0	0	0	0	0	0	0	0	0	1	0	0	0	0	0	0	0	0	0	0	0	0	0	0	0	0	0	0	S
NMDC20587625	0	0	0	0	0	1	0	1	0	0	0	1	0	0	1	0	1	1	0	0	0	1	0	0	1	0	0	0	1	1	S
NMDC20587626	0	0	0	0	0	1	0	1	0	0	0	1	0	0	1	0	1	1	0	0	0	1	0	0	1	0	0	0	1	1	S
NMDC20587627	0	0	0	0	0	1	0	1	0	0	0	1	0	0	1	0	1	1	0	0	0	1	0	0	1	0	0	0	1	1	S
NMDC20587628	0	0	0	0	0	1	0	1	0	0	0	1	0	0	0	0	0	0	1	0	1	1	0	0	0	0	0	0	0	0	S
NMDC20587629	0	0	0	0	0	1	0	1	0	0	0	1	0	0	0	0	0	0	1	0	1	1	0	0	0	0	0	0	0	0	S
NMDC20587630	0	0	0	0	0	1	0	1	0	0	0	1	0	0	0	0	0	0	1	0	1	1	0	0	0	0	0	0	0	0	S
NMDC20587631	0	0	0	0	0	1	0	1	0	0	0	1	0	0	0	0	0	0	1	0	1	1	0	0	0	0	0	0	0	0	S
NMDC20587632	0	0	0	0	0	0	0	0	0	0	1	0	0	0	0	0	1	0	0	0	1	1	0	0	0	0	0	0	0	1	S
NMDC20587635	0	0	0	0	0	0	0	1	0	0	0	1	0	0	0	0	0	0	0	0	0	1	0	0	0	0	0	0	0	1	S
NMDC20587637	0	0	1	0	0	1	0	0	0	0	0	0	0	0	1	1	0	1	1	0	1	1	0	0	0	0	0	0	0	1	S
NMDC20587640	0	0	0	0	0	1	0	0	0	0	1	0	0	0	0	0	0	0	0	0	0	0	0	0	0	0	0	0	1	1	S
NMDC20587641	0	0	1	0	1	0	0	0	0	0	0	1	0	0	0	1	0	0	1	0	0	0	0	0	0	0	0	0	0	0	S
NMDC20587642	0	0	1	0	1	0	0	0	0	0	0	1	0	0	0	1	0	0	1	0	0	0	0	0	0	0	0	0	0	0	S
NMDC20587643	0	0	1	0	1	0	0	0	0	0	0	1	0	0	0	1	0	0	1	0	0	0	0	0	0	0	0	0	0	0	S
NMDC20587644	0	0	0	0	0	0	0	0	0	0	0	0	0	0	1	0	0	0	0	0	0	1	0	0	0	0	0	1	1	0	S
NMDC20587645	0	0	0	0	0	0	0	0	0	0	0	1	0	0	0	0	1	1	0	0	0	0	0	0	1	0	0	0	0	1	S
NMDC20587646	0	0	0	0	0	1	0	1	0	0	0	1	0	0	1	0	1	1	0	0	0	1	0	0	1	0	0	0	1	1	S
NMDC20587649	0	0	0	0	0	0	0	1	0	0	0	1	0	0	0	0	0	0	0	0	1	0	0	0	0	0	1	0	0	1	S
NMDC20587651	0	0	0	0	0	0	0	0	0	0	0	0	0	0	0	0	0	0	0	0	0	1	0	0	0	0	0	0	1	0	S
NMDC20587652	0	0	0	0	0	1	0	0	0	0	0	0	0	0	1	0	0	1	1	0	1	1	0	0	0	0	0	0	0	1	S
NMDC20587653	0	0	0	0	0	1	0	0	0	0	0	0	0	0	1	0	0	1	1	0	1	1	0	0	0	0	0	0	0	1	S
NMDC20587654	0	0	0	0	0	1	0	1	0	0	0	1	0	0	1	0	1	1	0	0	0	1	0	0	1	0	0	0	1	1	S
NMDC20587656	0	0	0	0	0	0	0	1	0	0	0	1	1	0	1	0	0	0	0	0	1	1	1	0	0	0	0	0	0	1	S
NMDC20587657	0	0	0	0	0	1	0	0	0	0	0	0	0	0	0	0	0	0	0	0	0	0	0	0	1	0	1	0	1	0	S
NMDC20587658	0	0	0	0	0	1	0	0	0	0	0	0	0	0	0	0	0	0	0	0	1	1	0	0	0	0	0	0	0	0	S
NMDC20587659	0	0	0	0	0	0	0	0	0	0	0	1	0	0	0	0	0	0	0	0	0	0	0	0	0	0	0	0	0	0	S
NMDC20587660	0	0	0	0	0	1	0	1	0	0	0	1	0	0	1	0	1	1	0	0	0	1	0	0	1	0	0	0	1	1	S
NMDC20587662	0	0	0	0	0	1	0	1	0	0	0	1	0	0	1	0	1	1	0	0	0	1	0	0	1	0	0	0	1	1	S
NMDC20587666	0	0	0	0	0	0	0	0	0	0	0	1	0	0	0	0	1	0	0	0	1	1	0	0	1	0	0	0	1	0	S
NMDC20587667	0	0	0	0	0	0	0	0	0	0	0	1	0	0	0	0	1	1	0	0	0	0	0	0	1	0	0	0	0	1	S
NMDC20587670	0	0	0	0	0	0	0	0	0	0	0	1	0	0	0	0	1	0	0	0	1	1	0	0	1	0	0	0	1	0	S
NMDC20587671	0	0	0	0	0	1	0	1	0	0	0	1	0	0	1	0	1	1	0	0	0	1	0	0	1	0	0	0	1	1	S
NMDC20587672	0	0	0	0	0	1	0	1	0	0	0	1	0	0	0	0	0	0	1	0	1	1	0	0	0	0	0	0	0	0	S
NMDC20587674	0	0	0	0	0	1	0	1	0	0	0	1	0	0	1	0	1	1	0	0	0	1	0	0	1	0	0	0	1	1	S
NMDC20587675	0	0	0	0	0	1	0	0	0	0	0	0	0	0	0	0	0	0	0	0	1	1	0	0	0	0	0	0	0	0	S
NMDC20587677	0	0	0	0	0	0	0	1	0	0	0	1	1	0	1	0	0	0	0	0	1	1	0	0	0	0	0	0	0	1	S
NMDC20587678	0	0	0	0	0	1	0	0	0	0	0	0	0	0	0	0	0	0	0	0	1	1	0	0	0	0	0	0	0	0	S
NMDC20587679	0	0	0	0	0	0	0	1	0	0	0	1	1	0	1	0	0	0	0	0	1	1	0	0	0	0	0	0	0	1	S
NMDC20587680	0	0	1	0	0	1	0	0	0	0	0	0	0	0	1	1	0	1	1	0	1	1	0	0	0	0	0	0	0	1	S
NMDC20587681	0	0	1	0	0	1	0	0	0	0	0	0	0	0	1	1	0	1	1	0	1	1	0	0	0	0	0	0	0	1	S
NMDC20587682	0	0	0	0	0	1	0	0	0	0	1	0	0	0	0	0	0	0	0	0	0	0	0	0	0	0	0	0	1	1	S
NMDC20587684	0	0	0	0	0	1	0	0	0	0	1	0	0	0	0	0	0	0	0	0	0	0	0	0	0	0	0	0	1	1	S
NMDC20587685	0	0	0	0	0	1	0	1	0	0	0	1	0	0	1	0	1	1	1	0	0	1	0	0	1	0	0	0	1	1	S
NMDC20587686	0	0	0	0	0	0	0	0	0	0	0	0	0	0	0	0	0	0	0	0	0	1	0	0	0	0	0	0	0	0	S
NMDC20587689	0	0	0	0	0	1	0	0	0	0	1	0	0	0	0	0	0	0	0	0	0	0	0	0	0	0	0	0	1	1	S
NMDC20587690	0	0	0	0	0	0	0	0	0	0	0	1	0	0	0	0	0	0	0	0	0	0	0	0	0	0	0	0	0	0	S
NMDC20587691	0	0	0	0	0	1	0	1	0	0	0	1	0	0	1	0	1	1	0	0	0	1	0	0	1	0	0	0	1	1	S
NMDC20587692	0	0	0	0	0	0	0	0	0	0	0	1	0	0	0	0	1	0	0	1	1	1	0	1	0	0	0	0	1	0	S
NMDC20587693	0	0	0	0	0	0	0	1	0	0	0	1	0	0	0	0	0	0	0	0	1	0	0	0	0	0	1	0	0	1	S
NMDC20587694	0	0	0	0	0	0	0	1	0	0	0	1	0	0	0	0	0	0	0	0	1	0	0	0	0	0	1	0	0	1	S
NMDC20587695	0	0	0	0	0	1	0	1	0	0	0	1	0	0	0	0	0	0	0	0	1	1	0	0	0	0	0	0	0	0	S
NMDC20587696	0	0	0	0	0	1	0	1	0	0	0	1	0	0	0	0	0	0	0	0	1	1	0	0	0	0	0	0	0	0	S
NMDC20587698	0	0	0	0	0	1	0	0	0	0	1	0	0	0	0	0	0	0	0	0	0	0	0	0	0	0	0	0	1	1	S
NMDC20587699	0	0	0	0	0	0	0	0	0	0	0	1	0	0	0	0	1	0	0	1	1	1	0	1	0	0	0	0	1	0	S
NMDC20587700	0	0	0	0	0	1	0	0	0	0	0	0	0	0	0	0	0	0	0	0	1	1	0	0	0	0	0	0	0	0	S
NMDC20587701	0	0	0	0	0	0	0	0	0	0	0	1	0	0	0	0	1	1	0	0	0	0	0	0	1	0	0	0	0	1	S
NMDC20587702	0	0	0	0	0	1	0	0	0	0	0	0	0	0	0	0	0	0	0	0	1	1	0	0	0	0	0	0	0	0	S
NMDC20587703	0	0	0	0	0	0	0	0	0	0	0	1	0	0	0	0	1	0	0	0	1	1	0	0	1	0	0	0	1	0	S
NMDC20587704	0	0	0	0	0	1	0	1	0	0	0	1	0	0	1	0	1	1	0	0	0	1	1	0	1	0	0	0	1	1	S
NMDC20587707	0	0	0	0	0	0	0	1	0	0	0	1	0	0	0	0	0	0	0	0	0	0	0	0	0	0	1	0	0	1	S
NMDC20587709	0	0	0	0	0	0	0	1	0	0	0	1	0	0	0	0	0	0	0	0	0	0	0	0	0	0	1	0	0	1	S
NMDC20587710	0	0	0	0	0	1	0	0	0	0	0	0	0	0	0	0	0	0	0	0	1	1	0	0	0	0	0	0	0	0	S
NMDC20587711	0	0	0	0	0	1	0	0	0	0	0	0	0	0	0	0	0	0	0	0	1	1	0	0	0	0	0	0	0	0	S
NMDC20587715	0	0	0	0	0	0	0	0	0	0	0	1	0	0	0	0	1	1	0	0	0	0	0	0	1	0	0	0	0	1	S
NMDC20587717	0	0	0	0	0	1	0	1	0	0	0	1	0	0	1	0	1	1	0	0	0	1	0	0	1	0	0	0	1	1	S
NMDC20587718	0	0	0	0	0	1	0	1	0	0	0	1	0	0	1	0	1	1	0	0	0	1	1	0	1	0	0	0	1	1	S
NMDC20587719	0	0	0	0	0	1	0	1	0	0	0	1	0	0	1	0	1	1	0	0	0	1	0	0	1	0	0	0	1	1	S
NMDC20587720	0	0	0	0	0	0	0	0	0	0	0	1	0	0	0	0	1	0	0	0	1	1	0	0	1	0	0	0	1	0	S
NMDC20587721	0	0	0	0	0	0	0	0	0	0	0	1	0	0	0	0	1	0	0	0	1	1	0	0	1	0	0	0	1	0	S
NMDC20587722	0	0	0	0	0	1	0	1	0	0	0	1	0	0	1	0	1	1	0	0	0	1	0	0	1	0	0	0	1	1	S
NMDC20587723	0	0	1	0	1	0	0	0	0	0	0	1	0	0	0	1	0	0	1	0	0	0	0	0	0	0	0	0	0	0	S
NMDC20587724	0	0	0	0	0	1	0	1	0	0	0	1	0	0	0	0	0	0	0	0	1	1	0	0	0	0	0	0	0	0	S
NMDC20587725	0	0	0	0	0	1	0	1	0	0	0	1	0	0	0	0	0	0	0	0	1	1	0	0	0	0	0	0	0	0	S
NMDC20587726	0	0	0	0	0	1	0	1	0	0	0	1	0	0	1	0	1	1	0	0	0	1	0	0	1	0	0	0	1	1	S
NMDC20587727	0	0	0	0	0	0	0	0	0	0	0	1	0	0	0	0	0	0	0	0	0	0	0	0	0	0	0	0	0	1	S
NMDC20587728	0	0	1	0	1	0	0	0	0	0	0	1	0	0	0	1	0	0	1	0	0	0	0	0	0	0	0	0	0	0	S
NMDC20587729	0	0	1	0	1	0	0	0	0	0	0	1	0	0	0	1	0	0	1	0	0	0	0	0	0	0	0	0	0	0	S
NMDC20587730	0	0	1	0	1	1	0	1	0	0	0	1	0	0	1	1	1	1	0	0	0	1	0	0	1	0	0	0	1	1	S
NMDC20587731	0	0	0	0	0	1	0	1	0	0	0	1	0	0	1	0	1	1	0	0	0	1	0	0	1	0	0	0	1	1	S
NMDC20587732	0	0	0	0	0	1	0	1	0	0	0	1	0	0	0	0	0	0	1	0	1	1	0	0	0	0	0	0	0	0	S
NMDC20587733	0	0	0	0	0	1	0	1	0	0	0	1	0	0	0	0	0	0	0	0	1	1	0	0	0	0	0	0	0	0	S
NMDC20587734	0	0	0	0	0	1	0	1	0	0	0	1	0	0	1	0	1	1	0	0	0	1	0	0	1	0	0	0	1	1	S
NMDC20587735	0	0	0	0	0	1	0	1	0	0	0	1	0	0	1	0	1	1	0	0	0	1	0	0	1	0	0	0	1	1	S
NMDC20587736	0	0	0	0	0	0	0	0	0	0	1	0	0	0	0	0	0	0	0	0	1	1	0	0	0	0	1	0	1	1	S
NMDC20587737	0	0	0	0	0	1	0	1	0	0	0	1	0	0	0	0	0	0	1	0	1	1	0	0	0	0	0	0	0	0	S
NMDC20587738	0	0	0	0	0	1	0	1	0	0	0	1	0	0	0	0	0	0	0	0	1	1	0	0	0	0	0	0	0	0	S
NMDC20587739	0	0	0	0	0	1	0	1	0	0	0	1	0	0	0	0	0	0	0	0	1	1	0	0	0	0	0	0	0	0	S
NMDC20587740	0	0	1	0	1	0	0	0	0	0	0	1	0	0	0	1	0	0	1	0	0	0	0	0	0	0	0	0	0	0	S
NMDC20587741	0	0	0	0	0	1	0	1	0	0	0	1	0	0	1	0	1	1	0	0	0	1	1	0	1	0	0	0	1	1	S
NMDC20587743	0	0	0	0	0	1	0	1	0	0	0	1	1	0	1	0	0	0	0	0	1	1	0	0	0	0	0	0	1	1	S
NMDC20587744	0	0	0	0	0	1	0	1	0	0	0	1	0	0	1	0	1	1	0	0	0	1	0	0	1	0	0	0	1	1	S
NMDC20587746	0	0	0	0	0	1	0	1	0	0	0	1	0	0	1	0	1	1	1	0	0	1	0	0	1	0	0	0	1	1	S
NMDC20587747	0	0	0	0	0	1	0	1	0	0	0	1	0	0	1	0	1	1	0	0	0	1	0	0	1	0	0	0	1	1	S
NMDC20587748	0	0	0	0	0	0	0	0	0	0	0	1	0	0	0	0	0	0	0	0	0	0	0	0	0	0	0	0	0	0	S
NMDC20587750	0	0	0	0	0	0	0	0	0	0	0	1	0	0	0	0	0	0	1	0	0	0	0	0	0	0	0	0	0	0	S
NMDC20587751	0	0	0	0	0	0	0	0	0	0	0	1	0	0	0	0	0	0	1	0	0	0	0	0	0	0	0	0	0	0	S
NMDC20587753	0	0	0	0	0	1	0	1	0	0	0	1	0	0	1	0	1	1	0	0	0	1	0	0	1	0	0	0	1	1	S
NMDC20587756	0	0	0	0	0	1	0	1	0	0	0	1	0	0	1	0	1	1	0	0	0	1	0	0	1	0	0	0	1	1	S
NMDC20587757	0	0	0	0	0	1	0	1	0	0	0	1	0	0	0	0	0	0	0	0	1	1	0	0	0	0	0	0	0	0	S
NMDC20587758	0	0	0	0	0	1	0	1	0	0	0	1	0	0	0	0	0	0	0	0	1	1	0	0	0	0	0	0	0	0	S
NMDC20587760	0	0	0	0	0	1	0	1	0	0	0	1	0	0	1	0	1	1	0	0	0	1	0	0	1	0	0	0	1	1	S
NMDC20587761	0	0	1	0	1	0	0	0	0	0	0	1	0	0	0	1	0	0	1	0	0	0	0	0	0	0	0	0	0	0	S
NMDC20587763	0	0	0	0	0	1	0	0	0	0	0	0	0	0	0	0	0	0	0	0	0	0	0	0	1	0	1	0	1	0	S
NMDC20587765	0	0	0	0	0	1	0	0	0	0	0	0	0	0	0	0	0	0	0	0	0	0	0	0	1	0	1	0	1	0	S
NMDC20587766	0	0	0	0	0	1	0	1	0	0	0	1	0	0	1	0	1	1	0	0	0	1	0	0	1	0	0	0	1	1	S
NMDC20587767	0	0	0	0	0	1	0	1	0	0	0	1	0	0	1	0	1	1	0	0	0	1	0	0	1	0	0	0	1	1	S
NMDC20587768	0	0	0	0	0	0	0	1	0	0	0	1	0	0	0	0	0	0	0	0	0	1	0	0	0	0	0	0	0	1	S
NMDC20587769	0	0	0	0	0	1	0	1	0	0	0	1	0	0	1	0	1	1	0	0	0	1	0	0	1	0	0	0	1	1	S
NMDC20587770	0	0	0	0	0	1	0	1	0	0	0	1	0	0	1	0	1	1	0	0	0	1	0	0	1	0	0	0	1	1	S
NMDC20587771	0	0	0	0	0	0	0	0	0	0	0	1	0	0	0	0	1	0	0	0	1	1	0	0	1	0	0	0	1	0	S
NMDC20587773	0	0	0	0	0	1	0	1	0	0	0	1	0	0	1	0	1	1	0	0	0	1	0	0	1	0	0	0	1	1	S
NMDC20587774	0	0	0	0	0	1	0	1	0	0	0	1	0	0	1	0	1	1	0	0	0	1	0	0	1	0	0	0	1	1	S
NMDC20587776	0	0	0	0	0	1	0	1	0	0	0	1	0	0	1	0	1	1	0	0	0	1	0	0	1	0	0	0	1	1	S
NMDC20587779	0	0	0	0	0	1	0	1	0	0	0	1	0	0	0	0	0	0	0	0	1	1	0	0	0	0	0	0	0	0	S
NMDC20587780	0	0	1	0	1	0	0	0	0	0	0	1	0	0	0	1	0	0	1	0	0	0	0	0	0	0	0	0	0	0	S
NMDC20587781	0	0	0	0	0	1	0	1	0	0	0	1	0	0	1	0	1	1	0	0	0	1	0	0	1	0	0	0	1	1	S
NMDC20587782	0	0	0	0	0	1	0	1	0	0	0	1	0	0	1	0	1	1	0	0	0	1	0	0	1	0	0	0	1	1	S
NMDC20587783	0	0	0	0	0	0	0	0	0	0	0	1	0	0	0	0	1	0	0	0	1	1	0	0	1	0	0	0	1	0	S
NMDC20587784	0	0	0	0	0	0	0	0	0	0	0	1	0	0	0	0	0	0	0	0	0	0	0	0	0	0	0	0	0	0	S
NMDC20587786	0	0	0	0	0	1	0	1	0	0	0	1	0	0	1	0	1	1	0	0	0	1	1	0	1	0	0	0	1	1	S
NMDC20587787	0	0	1	0	1	0	0	0	0	0	0	1	0	0	0	1	0	0	1	0	0	0	0	0	0	0	0	0	0	0	S
NMDC20587788	0	0	0	0	0	1	0	1	0	0	0	1	0	0	0	0	0	0	1	0	1	1	0	0	0	0	0	0	0	0	S
NMDC20587789	0	0	0	0	0	1	0	1	0	0	0	1	0	0	1	0	1	1	0	0	0	1	0	0	1	0	0	0	1	1	S
NMDC20587791	0	0	0	0	0	1	0	1	0	0	0	1	0	0	0	0	0	0	0	0	1	1	0	0	0	0	0	0	0	0	S
NMDC20587792	0	0	0	0	0	0	0	0	0	0	0	1	0	0	0	0	0	0	0	0	0	0	0	0	0	0	0	0	0	0	S
NMDC20587794	0	0	0	0	0	1	0	1	0	0	0	1	0	0	1	0	1	1	1	0	0	1	0	0	1	0	0	0	1	1	S
NMDC20587795	0	0	0	0	0	0	0	0	0	0	0	1	0	0	0	0	1	0	0	0	1	1	0	0	1	0	0	0	1	0	S
NMDC20587796	0	0	0	0	0	0	0	0	0	0	0	1	0	0	0	0	1	0	0	0	1	1	0	0	1	0	0	0	1	0	S
NMDC20587797	0	0	0	0	0	1	0	1	0	0	0	1	0	0	1	0	1	1	0	0	0	1	0	0	1	0	0	0	1	1	S
NMDC20587798	0	0	0	0	0	0	0	0	0	0	0	0	0	0	0	0	1	1	0	1	0	0	0	1	0	0	0	0	0	0	S
NMDC20587799	0	0	0	0	0	1	0	1	0	0	0	1	0	0	0	0	0	0	0	0	1	1	0	0	0	0	0	0	0	0	S
NMDC20587800	0	0	1	0	1	0	0	0	0	0	0	1	0	0	0	1	0	0	1	0	0	0	0	0	0	0	0	0	0	0	S
NMDC20587801	0	0	0	0	0	1	0	0	0	0	1	1	0	0	0	0	1	0	0	0	0	1	0	0	1	0	0	0	0	0	S
NMDC20587802	0	0	0	0	0	0	0	1	0	0	0	1	1	0	1	0	0	0	0	0	1	1	0	0	0	0	0	0	0	1	S
NMDC20587803	0	0	0	0	0	1	0	1	0	0	0	1	0	0	1	0	1	1	0	0	0	1	0	0	1	0	0	0	1	1	S
NMDC20587804	0	0	0	0	0	0	0	0	0	0	0	0	0	0	0	0	1	1	0	1	0	0	0	1	0	0	0	0	0	0	S
NMDC20587805	0	0	0	0	0	0	0	1	0	0	0	1	1	0	1	0	0	0	0	0	1	1	0	0	0	0	0	0	0	1	S
NMDC20587806	0	0	0	0	0	0	0	0	0	0	0	1	0	0	0	0	0	0	0	0	0	0	0	0	0	0	0	0	0	0	S
NMDC20587807	0	0	0	0	0	0	0	0	0	0	0	1	0	0	0	0	0	0	0	0	0	0	0	0	0	0	0	0	0	0	S
NMDC20587808	0	0	0	0	0	0	0	0	0	0	0	1	0	0	0	0	0	0	0	0	0	0	0	0	0	0	0	0	0	0	S
NMDC20587809	0	0	0	0	0	0	0	0	0	0	0	1	0	0	0	0	0	0	0	0	0	0	0	0	0	0	0	0	0	0	S
NMDC20587811	0	0	0	0	0	0	0	0	0	0	0	1	0	0	0	0	1	0	0	0	1	1	0	0	1	0	0	0	1	0	S
NMDC20587812	0	0	0	0	0	1	0	1	0	0	0	1	0	0	0	0	0	0	0	0	1	1	0	0	0	0	0	0	0	0	S
NMDC20587813	0	0	0	0	0	0	0	0	0	0	0	1	0	0	0	0	1	0	0	0	1	1	0	0	1	0	0	0	1	0	S
NMDC20587814	0	0	0	0	0	0	0	0	0	0	0	1	0	0	0	0	1	0	0	0	1	1	0	0	1	0	0	0	1	0	S
NMDC20587815	0	0	0	0	0	1	0	1	0	0	0	1	0	0	0	0	0	0	0	0	1	1	0	0	0	0	0	0	0	0	S
NMDC20587816	0	0	0	0	0	1	0	1	0	0	0	1	0	0	0	0	0	0	1	0	1	1	0	0	0	0	0	0	0	0	S
NMDC20587817	0	0	0	0	0	0	0	0	0	0	0	1	0	0	0	0	0	0	0	0	0	0	0	0	0	0	0	0	0	0	S
NMDC20587818	0	0	0	0	0	1	0	1	0	0	0	1	0	0	1	0	1	1	0	0	0	1	0	0	1	0	0	0	1	1	S
NMDC20587819	0	0	0	0	0	1	0	1	0	0	0	1	0	0	1	0	1	1	0	0	0	1	0	0	1	0	0	0	1	1	S
NMDC20587820	0	0	0	0	0	0	0	0	0	0	0	1	0	0	0	0	1	0	1	0	1	1	0	0	1	0	0	0	1	0	S
NMDC20587821	0	0	0	0	0	0	0	0	0	0	0	1	0	0	0	0	1	0	1	0	1	1	0	0	1	0	0	0	1	0	S
NMDC20587822	0	0	0	0	0	0	0	0	0	0	0	0	0	0	0	0	1	1	0	1	0	0	0	1	0	0	0	0	0	0	S
NMDC20587823	0	0	0	0	0	0	0	0	0	0	0	1	0	0	0	0	1	0	1	0	1	1	0	0	1	0	0	0	1	0	S
NMDC20587824	0	0	0	0	0	1	0	0	0	0	0	0	0	0	0	0	0	0	0	0	0	0	0	0	1	0	1	0	1	0	S
NMDC20587826	0	0	0	0	0	1	0	1	0	0	0	1	0	0	0	0	0	0	1	0	1	1	0	0	0	0	0	0	0	0	S
NMDC20587827	0	0	0	0	0	1	0	0	0	0	0	0	0	0	0	0	0	0	0	0	0	0	0	0	1	0	1	0	1	0	S
NMDC20587828	0	0	0	0	0	0	0	0	0	0	0	1	0	0	0	0	1	0	0	0	1	1	0	0	1	0	0	0	1	0	S
NMDC20587829	0	0	0	0	0	0	0	0	0	0	0	1	0	0	0	0	0	0	1	0	0	0	0	0	0	0	0	0	0	0	S
NMDC20587831	0	0	0	0	0	0	0	0	0	0	0	1	0	0	0	0	1	0	0	0	1	1	0	0	1	0	0	0	1	0	S
NMDC20587832	0	0	0	0	0	1	0	1	0	0	0	1	0	0	1	0	1	1	0	0	0	1	0	0	1	0	0	0	1	1	S
NMDC20587834	0	0	0	0	0	1	0	1	0	0	0	1	0	0	0	0	1	0	0	0	0	1	0	1	1	0	0	0	1	0	S
NMDC20587835	0	0	0	0	0	1	0	1	0	0	0	1	0	0	0	0	1	0	0	0	0	1	0	1	1	0	0	0	1	0	S
NMDC20587837	0	0	0	0	0	1	0	1	0	0	0	1	0	0	0	0	0	0	1	0	1	1	0	0	0	0	0	0	0	0	S
NMDC20587838	0	0	0	0	0	0	0	0	0	0	0	1	0	0	0	0	1	0	0	0	1	1	0	0	1	0	0	0	1	0	S
NMDC20587841	0	0	0	0	0	0	0	0	0	0	0	1	0	0	0	0	0	0	0	0	1	1	0	1	0	0	0	0	0	1	S
NMDC20587842	0	0	0	0	0	1	0	1	0	0	0	1	0	0	0	0	0	0	0	0	1	1	0	0	0	0	0	0	0	0	S
NMDC20587843	0	0	0	0	0	0	0	0	0	0	0	1	0	0	0	0	1	0	0	0	1	1	0	0	1	0	0	0	1	0	S
NMDC20587844	0	0	0	0	0	0	0	0	0	0	0	1	0	0	0	0	1	0	0	0	1	1	0	0	1	0	0	0	1	0	S
NMDC20587845	0	0	0	0	0	0	0	0	0	0	0	1	0	0	0	0	1	0	0	0	1	1	0	0	1	0	0	0	1	0	S
NMDC20587847	0	0	0	0	0	1	0	1	0	0	0	1	0	0	0	0	0	0	0	0	1	1	0	0	0	0	0	0	0	0	S
NMDC20587848	0	0	0	0	0	0	0	0	0	0	0	1	0	0	0	0	1	0	0	0	1	1	0	0	1	0	0	0	1	0	S
NMDC20587850	0	0	0	0	0	0	0	0	0	0	0	1	0	0	0	0	1	0	0	0	1	1	0	0	1	0	0	0	1	0	S
NMDC20587851	0	0	0	0	0	0	0	0	0	0	0	1	0	0	0	0	1	0	0	0	1	1	0	0	1	0	0	0	1	0	S
NMDC20587852	0	0	0	0	0	1	0	1	0	0	0	1	0	0	1	0	1	1	0	0	0	1	0	0	1	0	0	0	1	1	S
NMDC20587853	0	0	1	0	1	0	0	0	0	0	0	1	0	0	0	1	0	0	1	0	0	0	0	0	0	0	0	0	0	0	S
NMDC20587854	0	0	0	0	0	1	0	1	0	0	0	1	0	0	1	0	1	1	1	0	0	1	0	0	1	0	0	0	1	1	S
NMDC20587855	0	0	0	0	0	0	0	0	0	0	1	0	0	0	0	0	0	0	0	0	1	1	0	0	0	0	1	0	1	1	S
NMDC20587856	0	0	0	0	0	1	0	0	0	0	0	1	0	0	0	0	0	0	0	0	0	1	0	0	0	0	1	0	0	1	S
NMDC20587857	0	0	0	0	0	1	0	1	0	0	0	1	0	0	0	0	0	0	0	0	1	1	0	0	0	0	0	0	0	0	S
NMDC20587860	0	0	0	0	0	1	0	0	0	0	0	1	0	0	0	0	0	0	0	0	0	1	0	0	0	0	1	0	0	1	S
NMDC20587861	0	0	0	0	0	1	0	1	0	0	0	1	0	0	0	0	0	0	0	0	1	1	0	0	0	0	0	0	0	0	S
NMDC20587863	0	0	0	0	0	0	0	0	0	0	0	0	0	0	0	0	1	0	0	0	0	1	0	0	0	0	0	0	1	0	S
NMDC20587864	0	0	0	0	0	0	0	0	0	0	0	0	0	0	0	0	1	0	0	0	0	1	0	0	0	0	0	0	1	0	S
NMDC20587865	0	0	0	0	0	0	0	0	0	0	0	1	0	0	0	0	1	0	0	0	1	1	0	0	1	0	0	0	1	0	S
NMDC20587866	0	0	0	0	0	0	0	0	0	0	0	0	0	0	0	0	1	0	0	0	0	1	0	0	0	0	0	0	1	0	S
NMDC20587868	0	0	0	0	0	1	0	1	0	0	0	1	0	0	0	0	0	0	0	0	1	1	0	0	0	0	0	0	0	0	S
NMDC20587870	0	0	0	0	0	1	0	1	0	0	0	1	0	0	0	0	0	0	0	0	1	1	0	0	0	0	0	0	0	0	S
NMDC20587871	0	0	0	0	0	0	0	0	0	0	0	0	0	0	0	0	1	0	0	0	0	1	0	0	0	0	0	0	1	0	S
NMDC20587872	0	0	0	0	0	0	0	0	0	0	0	1	0	0	0	0	0	0	0	0	0	0	0	0	0	0	0	0	0	0	S
NMDC20587873	0	0	0	0	0	0	0	0	0	0	0	1	0	0	0	0	0	0	0	0	0	0	0	0	0	0	0	0	0	0	S
NMDC20587874	0	0	0	0	0	1	0	1	0	0	0	1	0	0	0	0	0	0	0	0	1	1	0	0	0	0	0	0	0	0	S
NMDC20587875	0	0	0	0	0	1	0	1	0	0	0	1	0	0	0	0	0	0	0	0	1	1	0	0	0	0	0	0	0	0	S
NMDC20587876	0	0	0	0	0	1	0	1	0	0	0	1	0	0	0	0	0	0	0	0	1	1	0	0	0	0	0	0	0	0	S
NMDC20587877	0	0	0	0	0	0	0	0	0	0	0	1	0	0	0	0	1	0	0	0	1	1	0	0	1	0	0	0	1	0	S
NMDC20587878	0	0	0	0	0	1	0	1	0	0	0	1	0	0	1	0	1	1	0	0	0	1	0	0	1	0	0	0	1	1	S
NMDC20587879	0	0	0	0	0	1	0	1	0	0	0	1	0	0	0	0	0	0	0	0	1	1	0	0	0	0	0	0	0	0	S
NMDC20587880	0	0	0	0	0	0	0	0	0	0	0	1	0	0	0	0	1	0	0	0	1	1	0	0	1	0	0	0	1	0	S
NMDC20587881	0	0	0	0	0	0	0	0	0	0	0	1	0	0	0	0	1	0	0	0	1	1	0	0	1	0	0	0	1	0	S
NMDC20587882	0	0	0	0	0	1	0	1	0	0	0	1	0	0	0	0	0	0	0	0	1	1	0	0	0	0	0	0	0	0	S
NMDC20587883	0	0	0	0	0	1	0	1	0	0	0	1	0	0	0	0	0	0	0	0	1	1	0	0	0	0	0	0	0	0	S
NMDC20587884	0	0	0	0	0	1	0	1	0	0	0	1	0	0	0	0	0	0	0	0	1	1	0	0	0	0	0	0	0	0	S
NMDC20587885	0	0	0	0	0	1	0	1	0	0	0	1	0	0	1	0	1	1	0	0	0	1	0	0	1	0	0	0	1	1	S
NMDC20587886	0	0	0	0	0	1	0	1	0	0	0	1	0	0	0	0	0	0	0	0	1	1	0	0	0	0	0	0	0	0	S
NMDC20587887	0	0	0	0	0	1	0	1	0	0	0	1	0	0	1	0	1	1	0	0	0	1	0	0	1	0	0	0	1	1	S
NMDC20587888	0	0	0	0	0	1	0	1	0	0	0	1	0	0	1	0	1	1	0	0	0	1	0	0	1	0	0	0	1	1	S
NMDC20587889	0	0	1	0	1	0	0	0	0	0	0	1	0	0	0	1	0	0	1	0	0	0	0	0	0	0	0	0	0	0	S
NMDC20587890	0	0	0	0	0	0	0	0	0	0	0	1	0	0	0	0	1	0	0	0	1	1	0	0	1	0	0	0	1	0	S
NMDC20587891	0	0	0	0	0	1	0	1	0	0	0	1	0	0	1	0	1	1	0	0	0	1	0	0	1	0	0	0	1	1	S
NMDC20587892	0	0	0	0	0	1	0	1	0	0	0	1	0	0	1	0	1	1	0	0	0	1	0	0	1	0	0	0	1	1	S
NMDC20587893	0	0	0	0	0	1	0	1	0	0	0	1	0	0	1	0	1	1	0	0	0	1	0	0	1	0	0	0	1	1	S
NMDC20587894	0	0	0	0	0	1	0	1	0	0	0	1	0	0	0	0	0	0	0	0	1	1	0	0	0	0	0	0	0	0	S
NMDC20587895	0	0	0	0	0	1	0	1	0	0	0	1	0	0	0	0	0	0	0	0	1	1	0	0	0	0	0	0	0	0	S
NMDC20587896	0	0	0	0	0	1	0	1	0	0	0	1	0	0	0	0	0	0	0	0	1	1	0	0	0	0	0	0	0	0	S
NMDC20587897	0	0	1	0	1	0	0	0	0	0	0	1	0	0	0	1	0	0	1	0	0	0	0	0	0	0	0	0	0	0	S
NMDC20587898	0	0	0	0	0	1	0	1	0	0	0	1	0	0	1	0	0	0	0	0	1	1	0	0	1	0	0	0	0	1	S
NMDC20587899	0	0	0	0	0	1	0	1	0	0	0	1	0	0	0	0	0	0	0	0	1	1	0	0	0	0	0	0	0	0	S
NMDC20587900	0	0	0	0	0	0	0	0	0	0	0	1	0	0	0	0	1	0	0	0	1	1	0	0	1	0	0	0	1	0	S
NMDC20587901	0	0	0	0	0	0	0	0	0	0	1	0	0	0	0	0	1	0	0	0	1	1	0	0	0	0	0	0	0	1	S
NMDC20587903	0	0	0	0	0	1	0	1	0	0	0	1	0	0	0	0	0	0	0	0	1	1	0	0	0	0	0	0	0	0	S
NMDC20587904	0	0	0	0	0	1	0	1	0	0	0	1	0	0	0	0	0	0	1	0	1	1	0	0	0	0	0	0	0	0	S
NMDC20587905	0	0	0	0	0	1	0	1	0	0	0	1	0	0	0	0	0	0	0	0	1	1	0	0	0	0	0	0	0	0	S
NMDC20587906	0	0	1	0	1	0	0	0	0	0	0	1	0	0	0	1	0	0	1	0	0	0	0	0	0	0	0	0	0	0	S
NMDC20587907	0	0	0	0	0	0	0	0	0	0	0	1	0	0	0	0	1	0	0	0	1	1	0	0	1	0	0	0	1	0	S
NMDC20587908	0	0	0	0	0	0	0	0	0	0	0	1	0	0	0	0	1	0	0	0	1	1	0	0	1	0	0	0	1	0	S
NMDC20587911	0	0	0	0	0	1	0	1	0	0	0	1	0	0	0	0	0	0	0	0	1	1	0	0	0	0	0	0	0	0	S
NMDC20587912	0	0	0	0	0	1	0	1	0	0	0	1	0	0	1	0	1	1	0	0	0	1	0	0	1	0	0	0	1	1	S
NMDC20587913	0	0	0	0	0	1	0	1	0	0	0	1	0	0	1	0	1	1	0	0	0	1	0	0	1	0	0	0	1	1	S
NMDC20587914	0	0	0	0	0	0	0	0	0	0	0	0	0	0	1	0	0	0	0	0	0	1	0	0	0	0	0	1	1	0	S
NMDC20587917	0	0	1	0	1	0	0	0	0	0	0	1	0	0	0	1	0	0	1	0	0	0	0	0	0	0	0	0	0	0	S
NMDC20587918	0	0	0	0	0	0	0	0	0	0	0	1	0	0	0	0	0	0	0	0	0	0	0	0	0	0	0	0	0	0	S
NMDC20587919	0	0	0	0	0	1	0	0	0	0	1	0	0	0	0	0	0	0	0	0	0	0	0	0	0	0	0	0	1	1	S
NMDC20587920	0	0	0	0	0	0	0	0	0	0	0	1	0	0	0	0	1	0	0	0	1	1	0	0	1	0	0	0	1	0	S
NMDC20587921	0	0	0	0	0	0	0	0	0	0	0	1	0	0	0	0	1	0	0	0	1	1	0	0	1	0	0	0	1	0	S
NMDC20587922	0	0	0	0	0	0	0	0	0	0	0	1	0	0	0	0	1	0	0	0	1	1	0	0	1	0	0	0	1	0	S
NMDC20587923	0	0	0	0	0	1	0	1	0	0	0	1	0	0	1	0	1	1	0	0	0	1	0	0	1	0	0	0	1	1	S
NMDC20587924	0	0	0	0	0	0	0	0	0	0	0	1	0	0	0	0	1	0	0	0	1	1	0	0	1	0	0	0	1	0	S
NMDC20587926	0	0	0	0	0	1	0	1	0	0	0	1	0	0	1	0	1	1	0	0	0	1	0	0	1	0	0	0	1	1	S
NMDC20587927	0	0	0	0	0	0	0	0	0	0	0	1	0	0	0	0	0	0	0	0	0	0	0	0	0	0	0	0	0	0	S
NMDC20587928	0	0	0	0	0	0	0	0	0	0	0	1	0	0	0	0	1	0	0	0	1	1	0	0	1	0	0	0	1	0	S
NMDC20587929	0	0	0	0	0	0	0	0	0	0	0	1	0	0	0	0	1	0	0	0	1	1	0	0	1	0	0	0	1	0	S
NMDC20587931	0	0	0	0	0	0	0	0	0	0	0	1	0	0	0	0	1	0	0	0	1	1	0	0	1	0	0	0	1	0	S
NMDC20587932	0	0	0	0	0	0	0	0	0	0	0	1	0	0	0	0	1	0	0	0	1	1	0	0	1	0	0	0	1	0	S
NMDC20587933	0	0	0	0	0	1	0	1	0	0	0	1	0	0	1	0	1	1	0	0	0	1	0	0	1	0	0	0	1	1	S
NMDC20587936	0	0	0	0	0	1	0	1	0	0	0	1	0	0	1	0	1	1	0	0	0	1	0	0	1	0	0	0	1	1	S
NMDC20587938	0	0	0	0	0	1	0	1	0	0	0	1	0	0	1	0	1	1	0	0	0	1	1	0	1	0	0	0	1	1	S
NMDC20587939	0	0	0	0	0	1	0	1	0	0	0	1	0	0	0	0	0	0	0	0	1	1	0	0	0	0	0	0	0	0	S
NMDC20587940	0	0	0	0	0	0	0	0	0	0	0	1	0	0	0	0	1	0	0	0	1	1	0	0	1	0	0	0	1	0	S
NMDC20587942	0	0	0	0	0	0	0	0	0	0	0	1	0	0	0	0	1	0	0	0	1	1	0	0	1	0	0	0	1	0	S
NMDC20587943	0	0	0	0	0	0	0	0	0	0	0	1	0	0	0	0	1	0	0	0	1	1	0	0	1	0	0	0	1	0	S
NMDC20587944	0	0	0	0	0	1	0	1	0	0	0	1	0	0	1	0	1	1	0	0	0	1	0	0	1	0	0	0	1	1	S
NMDC20587945	0	0	0	0	0	1	0	1	0	0	0	1	0	0	0	0	0	0	0	0	1	1	0	0	0	0	0	0	0	0	S
NMDC20587946	0	0	0	0	0	0	0	0	0	0	0	1	0	0	0	0	0	0	0	0	0	0	0	0	0	0	0	0	0	0	S
NMDC20587947	0	0	0	0	0	1	0	1	0	0	0	1	0	0	1	0	1	1	0	0	0	1	0	0	1	0	0	0	1	1	S
NMDC20587948	0	0	0	0	0	1	0	1	0	0	0	1	0	0	1	0	1	1	0	0	0	1	0	0	1	0	0	0	1	1	S
NMDC20587949	0	0	0	0	0	1	0	0	0	0	1	0	0	0	0	0	0	0	0	0	0	0	0	0	0	0	0	0	1	1	S
NMDC20587950	0	0	0	0	0	1	0	0	0	0	1	0	0	0	0	0	0	0	0	0	0	0	0	0	0	0	0	0	1	1	S
NMDC20587957	0	0	0	0	0	1	0	1	0	0	0	1	0	0	0	0	0	0	0	0	1	1	0	0	0	0	0	0	0	0	S
NMDC20587958	0	0	0	0	0	1	0	0	0	0	1	0	0	0	0	0	0	0	0	0	0	0	0	0	0	0	0	0	1	1	S
NMDC20587960	0	0	0	0	0	1	0	0	0	0	0	0	0	0	1	0	0	1	1	0	1	1	0	0	0	0	0	0	0	1	S
NMDC20587962	0	0	0	0	0	1	0	1	0	0	0	1	0	0	1	0	1	1	0	0	0	1	0	0	1	0	0	0	1	1	S
NMDC20587963	0	0	0	0	0	1	0	0	0	0	0	0	0	0	0	0	0	0	0	0	1	1	0	0	0	0	0	0	0	0	S
NMDC20587965	0	0	0	0	0	1	0	1	0	0	0	1	0	0	1	0	1	1	0	0	0	1	0	0	1	0	0	0	1	1	S
NMDC20587971	0	0	0	0	0	1	0	0	0	0	1	0	0	0	0	0	0	0	0	0	0	0	0	0	0	0	0	0	1	1	S
NMDC20587973	0	0	0	0	0	0	0	0	0	0	0	1	0	0	0	0	1	1	0	0	0	0	0	0	1	0	0	0	0	1	S
NMDC20587974	0	0	0	0	0	1	0	0	0	0	0	0	0	0	0	0	0	0	0	0	1	1	0	0	0	0	0	0	0	0	S
NMDC20587977	0	0	0	0	0	0	0	0	0	0	0	0	0	0	1	0	0	0	0	0	0	1	0	0	0	0	0	1	0	0	S
NMDC20587978	0	0	0	0	0	1	0	0	0	0	0	0	0	0	1	0	0	1	1	0	1	1	0	0	0	0	0	0	0	1	S
NMDC20587979	0	0	0	0	0	0	0	0	0	0	0	1	0	0	0	0	1	1	0	0	0	0	0	0	1	0	0	0	0	1	S
NMDC20587981	0	0	0	0	0	1	0	0	0	0	1	0	0	0	0	0	0	0	0	0	0	0	0	0	0	0	0	0	1	1	S
NMDC20587982	0	0	0	0	0	1	0	0	0	0	0	0	0	0	1	0	0	1	0	0	1	1	0	0	0	0	0	0	0	1	S
NMDC20587983	0	0	0	0	0	1	0	0	0	0	1	0	0	0	0	0	0	0	0	0	0	0	0	0	0	0	0	0	1	1	S
NMDC20587984	0	0	0	0	0	1	0	0	0	0	0	0	0	0	1	0	0	1	1	0	1	1	0	0	0	0	0	0	0	1	S
NMDC20587986	0	0	0	0	0	1	0	1	0	0	0	1	0	0	0	0	0	0	1	0	1	1	0	0	0	0	0	0	0	0	S
NMDC20587988	0	0	0	0	0	0	0	1	0	0	0	1	1	0	0	0	0	1	0	0	1	1	0	0	0	0	0	0	0	1	S
NMDC20587989	0	0	0	0	0	1	0	1	0	0	0	1	0	0	1	0	1	0	0	0	0	1	0	0	1	0	0	0	0	1	S
NMDC20587993	0	0	0	0	0	1	0	0	0	0	0	1	0	0	1	0	0	1	0	0	0	0	0	0	0	0	1	0	1	1	S
NMDC20587994	0	0	0	0	0	1	0	0	0	0	1	0	0	0	0	0	0	0	0	0	0	0	0	0	0	0	0	0	1	1	S
NMDC20587995	0	0	1	0	1	1	0	1	0	0	0	1	1	0	1	1	0	0	1	0	1	1	0	0	0	0	0	0	1	1	S
NMDC20587997	0	0	0	0	0	1	0	0	0	0	1	0	0	0	0	0	0	0	0	0	0	0	0	0	0	0	0	0	1	1	S
NMDC20587998	0	0	0	0	0	1	0	0	0	0	1	0	0	0	0	0	0	0	0	0	0	0	0	0	0	0	0	0	1	1	S
NMDC20588003	0	0	0	0	0	1	0	1	0	0	0	1	0	0	1	0	1	1	0	0	0	1	0	0	1	0	0	0	1	1	S
NMDC20588004	0	0	0	0	0	0	0	0	0	0	0	1	0	0	0	0	1	0	0	0	1	1	0	0	1	0	0	0	1	0	S
NMDC20588005	0	0	0	0	0	0	0	0	0	0	0	1	0	0	0	0	1	0	0	0	1	1	0	0	1	0	0	0	1	0	S
NMDC20588006	0	0	0	0	0	1	0	0	0	0	1	0	0	0	0	0	0	0	0	0	0	0	0	0	0	0	0	0	1	1	S
NMDC20588007	0	0	0	0	0	1	0	1	0	0	0	1	0	0	1	0	1	1	0	0	0	1	0	0	1	0	0	0	1	1	S
NMDC20588008	0	0	0	0	0	0	0	0	0	0	0	0	0	0	1	0	1	0	0	0	1	1	0	0	0	0	0	1	0	1	S
NMDC20588010	0	0	0	0	0	0	0	0	0	0	0	1	0	0	0	0	1	0	0	0	1	1	0	0	1	0	0	0	1	0	S
NMDC20588011	0	0	0	0	0	0	0	1	0	0	0	1	0	0	0	0	0	0	1	0	0	1	1	0	0	0	0	0	0	1	S
NMDC20588012	0	0	0	0	0	0	0	1	0	0	0	1	0	0	0	0	0	0	1	0	0	1	1	0	0	0	0	0	0	1	S
NMDC20588013	0	0	0	0	0	0	0	0	0	0	0	1	0	0	0	0	1	0	0	0	1	1	0	0	1	0	0	0	1	0	S
NMDC20588015	0	0	0	0	0	1	0	1	0	0	0	1	0	0	0	0	0	0	0	0	1	1	0	0	0	0	0	0	0	0	S
NMDC20588016	0	0	0	0	0	1	0	1	0	0	0	1	0	0	0	0	0	0	0	0	1	1	0	0	0	0	0	0	0	0	S
NMDC20588017	0	0	0	0	0	0	0	0	0	0	0	1	0	0	0	0	1	0	0	0	1	1	0	0	1	0	0	0	1	0	S
NMDC20588021	0	0	0	0	0	1	0	0	0	0	0	0	0	0	1	0	1	1	0	0	0	0	0	0	1	0	0	0	1	1	S
NMDC20588022	0	0	0	0	0	1	0	1	0	0	0	1	0	0	1	0	1	1	0	0	0	1	0	0	1	0	0	0	1	1	S
NMDC20588023	0	0	0	0	0	1	0	1	0	0	0	1	0	0	0	0	0	0	1	0	1	1	0	0	0	0	0	0	0	0	S
NMDC20588024	0	0	0	0	0	1	0	1	0	0	0	1	0	0	0	0	0	0	1	0	1	1	0	0	0	0	0	0	0	0	S
NMDC20588025	0	0	0	0	0	0	0	0	0	0	0	0	0	0	1	0	0	0	0	0	0	1	0	0	0	0	0	1	1	0	S
NMDC20588026	0	0	0	0	0	1	0	1	0	0	0	1	0	0	1	0	0	1	1	0	0	1	0	0	0	0	0	0	0	0	S
NMDC20588027	0	0	0	0	0	1	0	1	0	0	0	1	0	0	1	0	0	1	1	0	0	1	0	0	0	0	0	0	0	0	S
NMDC20588028	0	0	0	0	0	1	0	0	0	0	0	1	0	0	0	0	0	0	0	0	1	1	0	0	0	0	1	0	0	1	S
NMDC20588029	0	0	0	0	0	1	0	0	0	0	1	1	0	0	0	0	1	0	0	0	0	1	0	0	1	0	0	0	0	0	S
NMDC20588030	0	0	0	0	0	1	0	0	0	0	0	1	0	0	0	0	0	0	0	0	1	1	0	0	0	0	1	0	0	1	S
NMDC20588033	0	0	0	0	0	1	0	0	0	0	1	0	0	0	0	0	0	0	0	0	0	0	0	0	0	0	0	0	1	1	S
NMDC20588036	0	0	0	0	0	1	0	0	0	0	1	0	0	0	0	0	0	0	0	0	0	0	0	0	0	0	0	0	1	1	S
NMDC20588037	0	0	0	0	0	0	0	0	0	0	0	1	0	0	0	0	1	1	0	0	0	0	0	0	1	0	0	0	0	1	S
NMDC20588040	0	0	0	0	0	1	0	0	0	0	0	0	0	0	0	0	0	0	0	0	1	1	0	0	0	0	0	0	0	0	S
NMDC20588041	0	0	0	0	0	0	0	1	0	0	0	1	0	0	0	0	0	0	0	0	0	0	0	0	0	0	1	0	0	1	S
NMDC20588042	0	0	0	0	0	0	0	1	0	0	0	1	0	0	0	0	0	0	0	0	0	0	0	0	0	0	1	0	0	1	S
NMDC20588043	0	0	0	0	0	0	0	1	0	0	0	1	0	0	0	0	0	0	0	0	0	0	0	0	0	0	1	0	0	1	S
NMDC20588044	0	0	0	0	0	1	0	0	0	0	0	0	0	0	0	0	0	0	0	0	1	1	0	0	0	0	0	0	0	0	S
NMDC20588045	0	0	1	0	1	0	0	0	0	0	0	1	0	0	0	1	1	1	0	0	0	0	0	0	1	0	0	0	0	1	S
NMDC20588046	0	0	0	0	0	0	0	1	0	0	0	1	0	0	0	0	1	0	0	0	1	1	0	0	0	0	0	0	0	0	S
NMDC20588048	0	0	1	0	1	0	0	0	0	0	0	1	0	0	0	1	1	1	0	0	0	0	0	0	1	0	0	0	0	1	S
NMDC20588049	0	0	0	0	0	0	0	0	0	0	0	1	0	0	0	0	1	0	0	1	1	1	0	1	0	0	0	0	1	0	S
NMDC20588051	0	0	1	0	1	0	0	0	0	0	0	1	0	0	0	1	1	1	0	0	0	0	0	0	1	0	0	0	0	1	S
NMDC20588052	0	0	0	0	0	0	0	0	0	0	0	1	0	0	0	0	1	0	0	1	1	1	0	1	0	0	0	0	1	0	S
NMDC20588053	0	0	0	0	0	0	0	1	0	0	0	1	0	0	0	0	0	0	0	0	0	0	0	0	0	0	1	0	0	1	S
NMDC20588054	0	0	0	0	0	0	0	0	0	0	0	1	0	0	0	0	0	0	0	0	1	1	0	0	0	0	1	0	1	1	S
NMDC20588057	0	0	0	0	0	1	0	0	0	0	1	0	0	0	0	0	0	0	0	0	0	0	0	0	0	0	0	0	1	1	S
NMDC20588058	0	0	0	0	0	1	0	0	0	0	1	0	0	0	0	0	0	0	0	0	0	0	0	0	0	0	0	0	1	1	S
NMDC20588059	0	0	0	0	0	1	0	1	0	0	0	1	0	0	1	0	1	1	0	0	0	1	0	0	1	0	0	0	1	1	S
NMDC20588060	0	0	0	0	0	1	0	1	0	0	0	1	0	0	1	0	1	1	0	0	0	1	0	0	1	0	0	0	1	1	S
NMDC20588062	0	0	0	0	0	0	0	0	0	0	0	0	0	0	0	0	1	1	0	1	0	0	0	1	0	0	0	0	0	0	S
NMDC20588063	0	0	0	0	0	1	0	1	0	0	0	1	0	0	1	0	1	1	0	0	0	1	0	0	1	0	0	0	1	1	S
NMDC20588068	0	0	0	0	0	1	0	0	0	0	1	0	0	0	0	0	0	0	0	0	0	0	0	0	0	0	0	0	1	1	S
NMDC20556353	0	0	0	0	0	1	0	1	0	0	0	1	0	0	1	0	1	1	0	0	0	1	0	0	1	0	0	0	1	1	S
NMDC20588069	0	0	0	0	0	1	0	1	0	0	0	1	0	0	1	0	1	1	0	0	0	1	0	0	1	0	0	0	1	1	S
NMDC20588070	0	0	0	0	0	1	0	1	0	0	0	1	0	0	1	0	1	1	0	0	0	1	0	0	1	0	0	0	1	1	S
NMDC20588071	0	0	0	0	0	1	0	1	0	0	0	1	0	0	1	0	1	1	0	0	0	1	0	0	1	0	0	0	1	1	S
NMDC20554363	0	0	0	0	0	1	0	1	0	0	0	1	0	0	1	0	1	1	0	0	0	1	0	0	1	0	0	0	1	1	S
NMDC20552346	0	0	0	0	0	1	0	1	0	0	0	1	0	0	1	0	1	1	0	0	0	1	0	0	1	0	0	0	1	1	S
NMDC20558377	0	0	0	0	0	1	0	1	0	0	0	1	0	0	1	0	1	1	0	0	0	1	0	0	1	0	0	0	1	1	S
NMDC20552347	0	0	0	0	0	1	0	1	0	0	0	1	0	0	1	0	1	1	0	0	0	1	0	0	1	0	0	0	1	1	S
NMDC20554364	0	0	0	0	0	1	0	1	0	0	0	1	0	0	1	0	1	1	0	0	0	1	0	0	1	0	0	0	1	1	S
NMDC20588072	0	0	0	0	0	1	0	1	0	0	0	1	0	0	1	0	1	1	0	0	0	1	0	0	1	0	0	0	1	1	S
NMDC20588073	0	0	0	0	0	1	0	1	0	0	0	1	0	0	1	0	1	1	0	0	0	1	0	0	1	0	0	0	1	1	S
NMDC20588074	0	0	0	0	0	1	0	1	0	0	0	1	0	0	1	0	1	1	0	0	0	1	0	0	1	0	0	0	1	1	S
NMDC20588075	0	0	0	0	0	1	0	1	0	0	0	1	0	0	1	0	1	1	0	0	0	1	0	0	1	0	0	0	1	1	S
NMDC20552348	0	0	0	0	0	1	0	0	0	0	1	0	0	0	0	0	0	0	0	0	0	0	0	0	0	0	0	0	1	1	S
NMDC20588076	0	0	0	0	0	1	0	0	0	0	1	0	0	0	0	0	0	0	0	0	0	0	0	0	0	0	0	0	1	1	S
NMDC20588077	0	0	0	0	0	1	0	0	0	0	1	0	0	0	0	0	0	0	0	0	0	0	0	0	0	0	0	0	1	1	S
NMDC20588078	0	0	0	0	0	1	0	0	0	0	1	0	0	0	0	0	0	0	0	0	0	0	0	0	0	0	0	0	1	1	S
NMDC20554365	0	0	0	0	0	1	0	0	0	0	1	0	0	0	0	0	0	0	0	0	0	0	0	0	0	0	0	0	1	1	S
NMDC20588080	0	0	0	0	0	1	0	0	0	0	1	0	0	0	0	0	0	0	0	0	0	0	0	0	0	0	0	0	1	1	S
NMDC20558378	0	0	0	0	0	1	0	0	0	0	1	0	0	0	0	0	0	0	0	0	0	0	0	0	0	0	0	0	1	1	S
NMDC20552349	0	0	0	0	0	1	0	0	0	0	1	0	0	0	0	0	0	0	0	0	0	0	0	0	0	0	0	0	1	1	S
NMDC20588081	0	0	0	0	0	1	0	0	0	0	1	0	0	0	0	0	0	0	0	0	0	0	0	0	0	0	0	0	1	1	S
NMDC20552350	0	0	0	0	0	1	0	0	0	0	1	0	0	0	0	0	0	0	0	0	0	0	0	0	0	0	0	0	1	1	S
NMDC20588082	0	0	0	0	0	1	0	0	0	0	1	0	0	0	0	0	0	0	0	0	0	0	0	0	0	0	0	0	1	1	S
NMDC20588083	0	0	0	0	0	1	0	0	0	0	1	0	0	0	0	0	0	0	0	0	0	0	0	0	0	0	0	0	1	1	S
NMDC20588085	0	0	0	0	0	1	0	0	0	0	1	0	0	0	0	0	0	0	0	0	0	0	0	0	0	0	0	0	1	1	S
NMDC20588086	0	0	0	0	0	1	0	0	0	0	1	0	0	0	0	0	0	0	0	0	0	0	0	0	0	0	0	0	1	1	S
NMDC20554368	0	0	0	0	0	1	0	0	0	0	1	0	0	0	0	0	0	0	0	0	0	0	0	0	0	0	0	0	1	1	S
NMDC20552352	0	0	0	0	0	1	0	0	0	0	1	0	0	0	0	0	0	0	0	0	0	0	0	0	0	0	0	0	1	1	S
NMDC20556355	0	0	0	0	0	1	0	0	0	0	1	0	0	0	0	0	0	0	0	0	0	0	0	0	0	0	0	0	1	1	S
NMDC20588087	0	0	0	0	0	1	0	0	0	0	1	0	0	0	0	0	0	0	0	0	0	0	0	0	0	0	0	0	1	1	S
NMDC20588088	0	0	0	0	0	1	0	0	0	0	1	0	0	0	0	0	0	0	0	0	0	0	0	0	0	0	0	0	1	1	S
NMDC20588089	0	0	0	0	0	1	0	0	0	0	1	0	0	0	0	0	0	0	0	0	0	0	0	0	0	0	0	0	1	1	S
NMDC20558382	0	0	0	0	0	1	0	0	0	0	1	0	0	0	0	0	0	0	0	0	0	0	0	0	0	0	0	0	1	1	S
NMDC20588090	0	0	0	0	0	1	0	0	0	0	1	0	0	0	0	0	0	0	0	0	0	0	0	0	0	0	0	0	1	1	S
NMDC20558383	0	0	0	0	0	1	0	0	0	0	1	0	0	0	0	0	0	0	0	0	0	0	0	0	0	0	0	0	1	1	S
NMDC20554369	0	0	0	0	0	1	0	0	0	0	1	0	0	0	0	0	0	0	0	0	0	0	0	0	0	0	0	0	1	1	S
NMDC20588092	0	0	0	0	0	1	0	0	0	0	1	0	0	0	0	0	0	0	0	0	0	0	0	0	0	0	0	0	1	1	S
NMDC20556356	0	0	0	0	0	1	0	0	0	0	1	0	0	0	0	0	0	0	0	0	0	0	0	0	0	0	0	0	1	1	S
NMDC20588093	0	0	0	0	0	1	0	0	0	0	1	0	0	0	0	0	0	0	0	0	0	0	0	0	0	0	0	0	1	1	S
NMDC20554370	0	0	0	0	0	1	0	0	0	0	1	0	0	0	0	0	0	0	0	0	0	0	0	0	0	0	0	0	1	1	S
NMDC20558384	0	0	0	0	0	1	0	0	0	0	1	0	0	0	0	0	0	0	0	0	0	0	0	0	0	0	0	0	1	1	S
NMDC20556357	0	0	0	0	0	1	0	0	0	0	1	0	0	0	0	0	0	0	0	0	0	0	0	0	0	0	0	0	1	1	S
NMDC20588094	0	0	0	0	0	1	0	0	0	0	1	0	0	0	0	0	0	0	0	0	0	0	0	0	0	0	0	0	1	1	S
NMDC20588096	0	0	0	0	0	1	0	0	0	0	1	0	0	0	0	0	0	0	0	0	0	0	0	0	0	0	0	0	1	1	S
NMDC20588098	0	0	0	0	0	1	0	0	0	0	1	0	0	0	0	0	0	0	0	0	0	0	0	0	0	0	0	0	1	1	S
NMDC20558385	0	0	0	0	0	1	0	0	0	0	1	0	0	0	0	0	0	0	0	0	0	0	0	0	0	0	0	0	1	1	S
NMDC20558386	0	0	0	0	0	1	0	0	0	0	1	0	0	0	0	0	0	0	0	0	0	0	0	0	0	0	0	0	1	1	S
NMDC20558387	0	0	0	0	0	1	0	0	0	0	1	0	0	0	0	0	0	0	0	0	0	0	0	0	0	0	0	0	1	1	S
NMDC20552353	0	0	0	0	0	1	0	0	0	0	1	0	0	0	0	0	0	0	0	0	0	0	0	0	0	0	0	0	1	1	S
NMDC20588100	0	0	0	0	0	1	0	0	0	0	1	0	0	0	0	0	0	0	0	0	0	0	0	0	0	0	0	0	1	1	S
NMDC20552354	0	0	0	0	0	1	0	0	0	0	1	0	0	0	0	0	0	0	0	0	0	0	0	0	0	0	0	0	1	1	S
NMDC20552355	0	0	0	0	0	1	0	0	0	0	1	0	0	0	0	0	0	0	0	0	0	0	0	0	0	0	0	0	1	1	S
NMDC20552356	0	0	0	0	0	1	0	0	0	0	1	0	0	0	0	0	0	0	0	0	0	0	0	0	0	0	0	0	1	1	S
NMDC20556358	0	0	0	0	0	1	0	0	0	0	1	0	0	0	0	0	0	0	0	0	0	0	0	0	0	0	0	0	1	1	S
NMDC20552357	0	0	0	0	0	1	0	1	0	0	0	1	0	0	1	0	1	1	0	0	0	1	0	0	1	0	0	0	1	1	S
NMDC20556359	0	0	0	0	0	1	0	1	0	0	0	1	0	0	1	0	1	1	0	0	0	1	0	0	1	0	0	0	1	1	S
NMDC20556360	0	0	0	0	0	1	0	1	0	0	0	1	0	0	1	0	1	1	0	0	0	1	0	0	1	0	0	0	1	1	S
NMDC20588101	0	0	0	0	0	1	0	0	0	0	1	0	0	0	0	0	0	0	0	0	0	0	0	0	0	0	0	0	1	1	S
NMDC20554371	0	0	1	0	1	0	0	0	0	0	0	1	0	0	0	1	0	0	1	0	0	0	0	0	0	0	0	0	0	0	S
NMDC20588102	0	0	0	0	0	1	0	0	0	0	1	0	0	0	0	0	0	0	0	0	0	0	0	0	0	0	0	0	1	1	S
NMDC20554372	0	0	0	0	0	1	0	0	0	0	1	0	0	0	0	0	0	0	0	0	0	0	0	0	0	0	0	0	1	1	S
NMDC20588104	0	0	0	0	0	1	0	0	0	0	1	0	0	0	0	0	0	0	0	0	0	0	0	0	0	0	0	0	1	1	S
NMDC20588105	0	0	0	0	0	1	0	0	0	0	1	0	0	0	0	0	0	0	0	0	0	0	0	0	0	0	0	0	1	1	S
NMDC20554374	0	0	0	0	0	1	0	0	0	0	1	0	0	0	0	0	0	0	0	0	0	0	0	0	0	0	0	0	1	1	S
NMDC20588106	0	0	0	0	0	0	0	1	0	0	0	1	0	0	0	0	1	0	0	0	0	0	0	0	0	0	0	0	0	1	S
NMDC20552360	0	0	0	0	0	0	0	1	0	0	0	1	0	0	0	0	1	0	0	0	0	0	0	0	0	0	0	0	0	1	S
NMDC20552361	0	0	0	0	0	0	0	1	0	0	0	1	0	0	0	0	1	0	0	0	0	0	0	0	0	0	0	0	0	1	S
NMDC20552362	0	0	0	0	0	0	0	1	0	0	0	1	0	0	0	0	1	0	0	0	0	0	0	0	0	0	0	0	0	1	S
NMDC20558388	0	0	0	0	0	0	0	1	0	0	0	1	0	0	0	0	1	0	0	0	0	0	0	0	0	0	0	0	0	1	S
NMDC20558389	0	0	0	0	0	0	0	1	0	0	0	1	0	0	0	0	1	0	0	0	0	0	0	0	0	0	0	0	0	1	S
NMDC20588108	0	0	0	0	0	0	0	1	0	0	0	1	0	0	0	0	1	0	0	0	0	0	0	0	0	0	0	0	0	1	S
NMDC20588109	0	0	0	0	0	0	0	1	0	0	0	1	0	0	0	0	1	0	0	0	0	0	0	0	0	0	0	0	0	1	S
NMDC20588110	0	0	0	0	0	1	0	0	0	0	0	1	0	0	1	0	0	1	0	0	0	0	0	0	0	0	1	0	1	1	S
NMDC20558390	0	0	0	0	0	0	0	0	0	0	1	0	0	0	0	0	0	0	0	1	0	0	0	1	0	0	0	0	1	1	S
NMDC20558391	0	0	0	0	0	0	0	0	0	0	1	0	0	0	0	0	0	0	0	1	0	0	0	1	0	0	0	0	1	1	S
NMDC20588111	0	0	0	0	0	0	0	0	0	0	1	0	0	0	0	0	0	0	0	1	0	0	0	1	0	0	0	0	1	1	S
NMDC20588112	0	0	0	0	0	0	0	0	0	0	1	0	0	0	0	0	0	0	0	1	0	0	0	1	0	0	0	0	1	1	S
NMDC20588114	0	0	0	0	0	1	0	1	0	0	0	1	0	0	1	0	1	1	0	0	0	1	0	0	1	0	0	0	1	1	S
NMDC20588115	0	0	0	0	0	1	0	1	0	0	0	1	0	0	1	0	1	1	0	0	0	1	0	0	1	0	0	0	1	1	S
NMDC20554376	0	0	0	0	0	1	0	1	0	0	0	1	0	0	1	0	1	1	0	0	0	1	0	0	1	0	0	0	1	1	S
NMDC20552363	0	0	0	0	0	1	0	1	0	0	0	1	0	0	1	0	1	1	0	0	0	1	0	0	1	1	0	0	1	1	S
NMDC20552364	0	0	0	0	0	1	0	1	0	0	0	1	0	0	1	0	1	1	0	0	0	1	0	0	1	0	0	0	1	1	S
NMDC20588117	0	0	0	0	0	1	0	1	0	0	0	1	0	0	1	0	1	1	0	0	0	1	0	0	1	0	0	0	1	1	S
NMDC20588118	0	0	0	0	0	1	0	1	0	0	0	1	0	0	1	0	1	1	0	0	0	1	0	0	1	0	0	0	1	1	S
NMDC20588119	0	0	0	0	0	1	0	1	0	0	0	1	0	0	1	0	1	1	0	0	0	1	0	0	1	0	0	0	1	1	S
NMDC20588120	0	0	0	0	0	1	0	1	0	0	0	1	0	0	1	0	1	1	0	0	0	1	0	0	1	0	0	0	1	1	S
NMDC20588121	0	0	0	0	0	1	0	1	0	0	0	1	0	0	1	0	1	1	0	0	0	1	0	0	1	0	0	0	1	1	S
NMDC20588122	0	0	0	0	0	1	0	1	0	0	0	1	0	0	1	0	1	1	0	0	0	1	0	0	1	0	0	0	1	1	S
NMDC20588123	0	0	0	0	0	1	0	1	0	0	0	1	0	0	1	0	1	1	0	0	0	1	0	0	1	0	0	0	1	1	S
NMDC20558393	0	0	0	0	0	1	0	1	0	0	0	1	0	0	1	0	1	1	0	0	0	1	0	0	1	0	0	0	1	1	S
NMDC20588124	0	0	0	0	0	1	0	1	0	0	0	1	0	0	1	0	1	1	0	0	0	1	0	0	1	0	0	0	1	1	S
NMDC20556362	0	0	0	0	0	1	0	1	0	0	0	1	0	0	1	0	1	1	0	0	0	1	0	0	1	0	0	0	1	1	S
NMDC20588125	0	0	0	0	0	1	0	1	0	0	0	1	0	0	1	0	1	1	0	0	0	1	0	0	1	0	0	0	1	1	S
NMDC20588127	0	0	0	0	0	1	0	1	0	0	0	1	0	0	1	0	1	1	0	0	0	1	0	0	1	0	0	0	1	1	S
NMDC20558394	0	0	0	0	0	1	0	1	0	0	0	1	0	0	1	0	1	1	0	0	0	1	0	0	1	0	0	0	1	1	S
NMDC20552366	0	0	0	0	0	1	0	1	0	0	0	1	0	0	1	0	1	1	0	0	0	1	0	0	1	0	0	0	1	1	S
NMDC20556363	0	0	0	0	0	1	0	1	0	0	0	1	0	0	1	0	1	1	0	0	0	1	0	0	1	0	0	0	1	1	S
NMDC20554377	0	0	0	0	0	1	0	1	0	0	0	1	0	0	1	0	1	1	0	0	0	1	0	0	1	0	0	0	1	1	S
NMDC20554378	0	0	0	0	0	1	0	1	0	0	0	1	0	0	1	0	1	1	0	0	0	1	0	0	1	0	0	0	1	1	S
NMDC20588128	0	0	0	0	0	1	0	1	0	0	0	1	0	0	1	0	1	1	0	0	0	1	0	0	1	0	0	0	1	1	S
NMDC20588129	0	0	0	0	0	1	0	0	0	0	1	0	0	0	0	0	0	0	0	0	0	0	0	0	0	0	0	0	1	1	S
NMDC20558395	0	0	0	0	0	1	0	0	0	0	1	0	0	0	0	0	0	0	0	0	0	0	0	0	0	0	0	0	1	1	S
NMDC20588130	0	0	0	0	0	1	0	0	0	0	1	0	0	0	0	0	0	0	0	0	0	0	0	0	0	0	0	0	1	1	S
NMDC20552367	0	0	0	0	0	1	0	0	0	0	1	0	0	0	0	0	0	0	0	0	0	0	0	0	0	0	0	0	1	1	S
NMDC20588131	0	0	0	0	0	1	0	0	0	0	1	0	0	0	0	0	0	0	0	0	0	0	0	0	0	0	0	0	1	1	S
NMDC20558396	0	0	0	0	0	1	0	1	0	0	0	1	0	0	1	0	1	1	0	0	0	1	0	0	1	0	0	0	1	1	S
NMDC20552368	0	0	0	0	0	1	0	1	0	0	0	1	0	0	1	0	1	1	0	0	0	1	0	0	1	0	0	0	1	1	S
NMDC20588133	0	0	0	0	0	0	0	1	0	0	0	1	0	0	0	0	1	0	0	0	0	0	0	0	0	0	0	0	0	1	S
NMDC20554379	0	0	0	0	0	0	0	1	0	0	0	1	0	0	0	0	1	0	0	0	0	0	0	0	0	0	0	0	0	1	S
NMDC20552369	0	0	0	0	0	0	0	1	0	0	0	1	0	0	0	0	1	0	0	0	0	0	0	0	0	0	0	0	0	1	S
NMDC20556365	0	0	0	0	0	0	0	1	0	0	0	1	0	0	0	0	1	0	0	0	0	0	0	0	0	0	0	0	0	1	S
NMDC20552370	0	0	0	0	0	0	0	1	0	0	0	1	0	0	0	0	1	0	0	0	0	0	0	0	0	0	0	0	0	1	S
NMDC20554380	0	0	0	0	0	0	0	1	0	0	0	1	0	0	0	0	1	0	0	0	0	0	0	0	0	0	0	0	0	1	S
NMDC20554381	0	0	0	0	0	0	0	1	0	0	0	1	0	0	0	0	1	0	0	0	0	0	0	0	0	0	0	0	0	1	S
NMDC20588134	0	0	0	0	0	0	0	1	0	0	0	1	0	0	0	0	1	0	0	0	0	0	0	0	0	0	0	0	0	1	S
NMDC20588135	0	0	0	0	0	0	0	1	0	0	0	1	0	0	0	0	1	0	0	0	0	0	0	0	0	0	0	0	0	1	S
NMDC20556366	0	0	0	0	0	1	0	1	0	0	0	1	0	0	1	0	1	1	0	0	0	1	0	0	1	0	0	0	1	1	S
NMDC20588136	0	0	0	0	0	1	0	1	0	0	0	1	0	0	1	0	1	1	0	0	0	1	0	0	1	0	0	0	1	1	S
NMDC20558397	0	0	0	0	0	1	0	1	0	0	0	1	0	0	1	0	1	1	0	0	0	1	0	0	1	0	0	0	1	1	S
NMDC20554382	0	0	0	0	0	1	0	1	0	0	0	1	0	0	1	0	1	1	0	0	0	1	0	0	1	0	0	0	1	1	S
NMDC20552372	0	0	0	0	0	1	0	1	0	0	0	1	0	0	1	0	1	1	0	0	0	1	0	0	1	0	0	0	1	1	S
NMDC20552373	0	0	0	0	0	1	0	1	0	0	0	1	0	0	1	0	1	1	0	0	0	1	0	0	1	0	0	0	1	1	S
NMDC20588137	0	0	0	0	0	1	0	1	0	0	0	1	0	0	1	0	1	1	0	0	0	1	0	0	1	0	0	0	1	1	S
NMDC20558398	0	0	0	0	0	1	0	1	0	0	0	1	0	0	1	0	1	1	0	0	0	1	0	0	1	0	0	0	1	1	S
NMDC20552374	0	0	0	0	0	1	0	1	0	0	0	1	0	0	1	0	1	1	0	0	0	1	0	0	1	0	0	0	1	1	S
NMDC20552375	0	0	0	0	0	1	0	1	0	0	0	1	0	0	1	0	1	1	0	0	0	1	0	0	1	0	0	0	1	1	S
NMDC20552376	0	0	0	0	0	1	0	1	0	0	0	1	0	0	1	0	1	1	0	0	0	1	0	0	1	0	0	0	1	1	S
NMDC20554383	0	0	0	0	0	1	0	1	0	0	0	1	0	0	1	0	1	1	0	0	0	1	0	0	1	0	0	0	1	1	S
NMDC20556367	0	0	0	0	0	1	0	1	0	0	0	1	0	0	1	0	1	1	0	0	0	1	0	0	1	0	0	0	1	1	S
NMDC20588138	0	0	0	0	0	1	0	1	0	0	0	1	0	0	1	0	1	1	0	0	0	1	0	0	1	0	0	0	1	1	S
NMDC20554384	0	0	0	0	0	0	0	0	0	0	0	1	0	0	0	0	0	0	0	0	1	1	0	1	0	0	0	0	0	1	S
NMDC20558399	0	0	0	0	0	0	0	0	0	0	0	1	0	0	0	0	0	0	0	0	1	1	0	1	0	0	0	0	0	1	S
NMDC20552377	0	0	0	0	0	0	0	0	0	0	0	1	0	0	0	0	0	0	0	0	1	1	0	1	0	0	0	0	0	1	S
NMDC20552378	0	0	0	0	0	0	0	0	0	0	0	1	0	0	0	0	0	0	0	0	1	1	0	1	0	0	0	0	0	1	S
NMDC20556369	0	0	0	0	0	0	0	0	0	0	0	1	0	0	0	0	0	0	0	0	1	1	0	1	0	0	0	0	0	1	S
NMDC20552379	0	0	0	0	0	0	0	0	0	0	0	1	0	0	0	0	0	0	0	0	1	1	0	1	0	0	0	0	0	1	S
NMDC20588143	0	0	0	0	0	0	0	0	0	0	0	1	0	0	0	0	0	0	0	0	1	1	0	1	0	0	0	0	0	1	S
NMDC20554385	0	0	0	0	0	0	0	0	0	0	0	1	0	0	0	0	0	0	0	0	1	1	0	1	0	0	0	0	0	1	S
NMDC20554386	0	0	0	0	0	0	0	0	0	0	0	1	0	0	0	0	0	0	0	0	1	1	0	1	0	0	0	0	0	1	S
NMDC20552380	0	0	0	0	0	0	0	0	0	0	0	1	0	0	0	0	0	0	0	0	1	1	0	1	0	0	0	0	0	1	S
NMDC20588145	0	0	0	0	0	0	0	0	0	0	0	1	0	0	0	0	0	0	0	0	1	1	0	1	0	0	0	0	0	1	S
NMDC20554387	0	0	0	0	0	0	0	0	0	0	0	1	0	0	0	0	0	0	0	0	1	1	0	1	0	0	0	0	0	1	S
NMDC20588146	0	0	0	0	0	0	0	0	0	0	0	1	0	0	0	0	0	0	0	0	1	1	0	1	0	0	0	0	0	1	S
NMDC20552381	0	0	0	0	0	1	0	1	0	0	0	1	0	0	1	0	1	1	0	0	0	1	0	0	1	0	0	0	1	1	S
NMDC20558400	0	0	0	0	0	1	0	1	0	0	0	1	0	0	1	0	1	1	0	0	0	1	0	0	1	0	0	0	1	1	S
NMDC20588148	0	0	0	0	0	1	0	1	0	0	0	1	0	0	1	0	1	1	0	0	0	1	0	0	1	0	0	0	1	1	S
NMDC20588149	0	0	0	0	0	1	0	1	0	0	0	1	0	0	1	0	1	1	0	0	0	1	0	0	1	0	0	0	1	1	S
NMDC20552382	0	0	0	0	0	1	0	0	0	0	1	0	0	0	0	0	0	0	0	0	0	0	0	0	0	0	0	0	1	1	S
NMDC20556370	0	0	0	0	0	1	0	0	0	0	1	0	0	0	0	0	0	0	0	0	0	0	0	0	0	0	0	0	1	1	S
NMDC20556371	0	0	0	0	0	1	0	0	0	0	1	0	0	0	0	0	0	0	0	0	0	0	0	0	0	0	0	0	1	1	S
NMDC20558401	0	0	0	0	0	1	0	1	0	0	0	1	0	0	1	0	1	1	0	0	0	1	0	0	1	0	0	0	1	1	S
NMDC20552383	0	0	0	0	0	1	0	1	0	0	0	1	0	0	1	0	1	1	0	0	0	1	0	0	1	0	0	0	1	1	S
NMDC20588150	0	0	0	0	0	1	0	1	0	0	0	1	0	0	1	0	1	1	0	0	0	1	0	0	1	0	0	0	1	1	S
NMDC20588151	0	0	0	0	0	1	0	0	0	0	1	0	0	0	0	0	0	0	0	0	0	0	0	0	0	0	0	0	1	1	S
NMDC20556372	0	0	0	0	0	1	0	0	0	0	1	0	0	0	0	0	0	0	0	0	0	0	0	0	0	0	0	0	1	1	S
NMDC20588152	0	0	0	0	0	1	0	0	0	0	1	0	0	0	0	0	0	0	0	0	0	0	0	0	0	0	0	0	1	1	S
NMDC20588153	0	0	0	0	0	1	0	0	0	0	1	0	0	0	0	0	0	0	0	0	0	0	0	0	0	0	0	0	1	1	S
NMDC20588154	0	0	0	0	0	1	0	0	0	0	1	0	0	0	0	0	0	0	0	0	0	0	0	0	0	0	0	0	1	1	S
NMDC20588155	0	0	0	0	0	1	0	0	0	0	1	0	0	0	0	0	0	0	0	0	0	0	0	0	0	0	0	0	1	1	S
NMDC20588157	0	0	0	0	0	1	0	0	0	0	1	0	0	0	0	0	0	0	0	0	0	0	0	0	0	0	0	0	1	1	S
NMDC20552384	0	0	0	0	0	1	0	0	0	0	1	0	0	0	0	0	0	0	0	0	0	0	0	0	0	0	0	0	1	1	S
NMDC20556373	0	0	0	0	0	1	0	0	0	0	1	0	0	0	0	0	0	0	0	0	0	0	0	0	0	0	0	0	1	1	S
NMDC20588158	0	0	0	0	0	1	0	0	0	0	1	0	0	0	0	0	0	0	0	0	0	0	0	0	0	0	0	0	1	1	S
NMDC20554388	0	0	0	0	0	1	0	0	0	0	1	0	0	0	0	0	0	0	0	0	0	0	0	0	0	0	0	0	1	1	S
NMDC20588159	0	0	0	0	0	1	0	0	0	0	1	0	0	0	0	0	0	0	0	0	0	0	0	0	0	0	0	0	1	1	S
NMDC20552386	0	0	0	0	0	1	0	0	0	0	1	0	0	0	0	0	0	0	0	0	0	0	0	0	0	0	0	0	1	1	S
NMDC20552387	0	0	0	0	0	1	0	0	0	0	1	0	0	0	0	0	0	0	0	0	0	0	0	0	0	0	0	0	1	1	S
NMDC20556374	0	0	0	0	0	1	0	0	0	0	1	0	0	0	0	0	0	0	0	0	0	0	0	0	0	0	0	0	1	1	S
NMDC20588160	0	0	0	0	0	1	0	0	0	0	1	0	0	0	0	0	0	0	0	0	0	0	0	0	0	0	0	0	1	1	S
NMDC20558403	0	0	0	0	0	1	0	0	0	0	1	0	0	0	0	0	0	0	0	0	0	0	0	0	0	0	0	0	1	1	S
NMDC20554390	0	0	0	0	0	1	0	0	0	0	1	0	0	0	0	0	0	0	0	0	0	0	0	0	0	0	0	0	1	1	S
NMDC20556375	0	0	0	0	0	1	0	0	0	0	1	0	0	0	0	0	0	0	0	0	0	0	0	0	0	0	0	0	1	1	S
NMDC20588162	0	0	0	0	0	1	0	1	0	0	0	1	0	0	1	0	1	1	0	0	0	1	0	0	1	0	0	0	1	1	S
NMDC20588163	0	0	0	0	0	1	0	0	0	0	1	0	0	0	0	0	0	0	0	0	0	0	0	0	0	0	0	0	1	1	S
NMDC20588164	0	0	0	0	0	1	0	0	0	0	1	0	0	0	0	0	0	0	0	0	0	0	0	0	0	0	0	0	1	1	S
NMDC20588167	0	0	0	0	0	1	0	1	0	0	0	1	0	0	1	0	1	1	0	0	0	1	0	0	1	0	0	0	1	1	S
NMDC20552388	0	0	0	0	0	1	0	1	0	0	0	1	0	0	1	0	1	1	0	0	0	1	0	0	1	0	0	0	1	1	S
NMDC20552389	0	0	0	0	0	1	0	1	0	0	0	1	0	0	1	0	1	1	0	0	0	1	0	0	1	0	0	0	1	1	S
NMDC20558404	0	0	0	0	0	1	0	1	0	0	0	1	0	0	1	0	1	1	0	0	0	1	0	0	1	0	0	0	1	1	S
NMDC20558405	0	0	0	0	0	1	0	1	0	0	0	1	0	0	1	0	1	1	0	0	0	1	0	0	1	0	0	0	1	1	S
NMDC20588168	0	0	0	0	0	1	0	1	0	0	0	1	0	0	1	0	1	1	0	0	0	1	0	0	1	0	0	0	1	1	S
NMDC20554392	0	0	0	0	0	1	0	0	0	0	1	0	0	0	0	0	0	0	0	0	0	0	0	0	0	0	0	0	1	1	S
NMDC20556376	0	0	0	0	0	1	0	1	0	0	0	1	0	0	1	0	1	1	0	0	0	1	0	0	1	0	0	0	1	1	S
NMDC20588170	0	0	0	0	0	1	0	1	0	0	0	1	0	0	1	0	1	1	0	0	0	1	0	0	1	0	0	0	1	1	S
NMDC20552390	0	0	0	0	0	1	0	1	0	0	0	1	0	0	1	0	1	1	0	0	0	1	0	0	1	0	0	0	1	1	S
NMDC20554393	0	0	0	0	0	1	0	1	0	0	0	1	0	0	1	0	1	1	0	0	0	1	0	0	1	0	0	0	1	1	S
NMDC20588171	0	0	0	0	0	1	0	1	0	0	0	1	0	0	1	0	1	1	0	0	0	1	0	0	1	0	0	0	1	1	S
NMDC20588172	0	0	0	0	0	1	0	1	0	0	0	1	0	0	1	0	1	1	0	0	0	1	0	0	1	0	0	0	1	1	S
NMDC20588173	0	0	0	0	0	1	0	1	0	0	0	1	0	0	1	0	1	1	0	0	0	1	0	0	1	0	0	0	1	1	S
NMDC20558196	0	0	0	0	0	1	0	1	0	0	0	1	0	0	1	0	1	1	0	0	0	1	0	0	1	0	0	0	1	1	S
NMDC20587207	0	0	0	0	0	1	0	1	0	0	0	1	0	0	1	0	1	1	0	0	0	1	0	0	1	0	0	0	1	1	S
NMDC20552174	0	0	0	0	0	1	0	1	0	0	0	1	0	0	1	0	1	1	0	0	0	1	0	0	1	0	0	0	1	1	S
NMDC20558197	0	0	0	0	0	1	0	1	0	0	0	1	0	0	1	0	1	1	0	0	0	1	0	0	1	0	0	0	1	1	S
NMDC20558199	0	0	0	0	0	1	0	0	0	0	1	0	0	0	0	0	0	0	0	0	0	0	0	0	0	0	0	0	1	1	S
NMDC20556197	0	0	0	0	0	1	0	1	0	0	0	1	0	0	1	0	1	1	0	0	0	1	0	0	1	0	0	0	1	1	S
NMDC20552175	0	0	0	0	0	1	0	1	0	0	0	1	0	0	1	0	1	1	0	0	0	1	0	0	1	0	0	0	1	1	S
NMDC20554203	0	0	0	0	0	1	0	1	0	0	0	1	0	0	1	0	1	1	1	0	0	1	0	0	1	0	0	0	1	1	S
NMDC20587209	0	0	0	0	0	1	0	1	0	0	0	1	0	0	1	0	1	1	0	0	0	1	0	0	1	0	0	0	1	1	S
NMDC20587210	0	0	0	0	0	1	0	1	0	0	0	1	0	0	1	0	1	1	0	0	0	1	0	0	1	0	0	0	1	1	S
NMDC20554204	0	0	0	0	0	1	0	1	0	0	0	1	0	0	1	0	1	1	0	0	0	1	1	0	1	0	0	0	1	1	S
NMDC20587370	0	0	0	0	0	1	0	1	0	0	0	1	0	0	1	0	1	1	0	0	0	1	1	0	1	0	0	0	1	1	S
NMDC20558291	0	0	0	0	0	0	0	0	0	0	0	1	0	0	0	0	0	0	0	0	1	1	0	1	0	0	0	0	0	1	S
NMDC20552267	0	0	0	0	0	1	0	1	0	0	0	1	0	0	1	0	1	1	0	0	0	1	0	0	1	0	0	0	1	1	S
NMDC20587372	0	0	0	0	0	1	0	1	0	0	0	1	0	0	1	0	1	1	0	0	0	1	0	0	1	0	0	0	1	1	S
NMDC20552268	0	0	0	0	0	1	0	1	0	0	0	1	0	0	1	0	1	1	1	0	0	1	0	0	1	0	0	0	1	1	S
NMDC20556279	0	0	0	0	0	1	0	1	0	0	0	1	0	0	1	0	1	1	1	0	0	1	0	0	1	0	0	0	1	1	S
NMDC20587374	0	0	0	0	0	1	0	1	0	0	0	1	0	0	1	0	1	1	0	0	0	1	0	0	1	0	0	0	1	1	S
NMDC20554285	0	0	0	0	0	1	0	1	0	0	0	1	0	0	1	0	1	1	0	0	0	1	0	0	1	0	0	0	1	1	S
NMDC20587547	0	0	0	0	0	1	0	1	0	0	0	1	0	0	1	0	1	1	0	0	0	1	0	0	1	0	0	0	1	1	S
NMDC20554355	0	0	0	0	0	1	0	1	0	0	0	1	0	0	1	0	1	1	0	0	0	1	0	0	1	0	0	0	1	1	S
NMDC20587557	0	0	0	0	0	1	0	1	0	0	0	1	0	0	1	0	1	1	0	0	0	1	0	0	1	0	0	0	1	1	S
NMDC20556348	0	0	0	0	0	1	0	0	0	0	1	0	0	0	0	0	0	0	0	0	0	0	0	0	0	0	0	0	1	1	S
NMDC20556349	0	0	0	0	0	1	0	1	0	0	0	1	0	0	1	0	1	1	0	0	0	1	0	0	1	0	0	0	1	1	S
NMDC20552342	0	0	0	0	0	1	0	1	0	0	0	1	0	0	1	0	1	1	0	0	0	1	0	0	1	0	0	0	1	1	S
NMDC20556351	0	0	0	0	0	1	0	1	0	0	0	1	0	0	1	0	1	1	0	0	0	1	0	0	1	0	0	0	1	1	S
NMDC20587565	0	0	0	0	0	1	0	1	0	0	0	1	0	0	1	0	1	1	0	0	0	1	0	0	1	0	0	0	1	1	S
NMDC20554360	0	0	0	0	0	1	0	1	0	0	0	1	0	0	1	0	1	1	0	0	0	1	1	0	1	0	0	0	1	1	S
NMDC20588635	0	0	0	0	0	1	0	0	0	0	1	0	0	0	0	0	0	0	0	0	0	0	0	0	0	0	0	0	1	1	S
NMDC20588636	0	0	0	0	0	1	0	0	0	0	1	0	0	0	0	0	0	0	0	0	0	0	0	0	0	0	0	0	1	1	S
NMDC20588640	0	0	0	0	0	1	0	0	0	0	1	0	0	0	0	0	0	0	0	0	0	0	0	0	0	0	0	0	1	1	S
NMDC20588641	0	0	0	0	0	1	0	0	0	0	0	0	0	0	1	0	0	1	1	0	1	1	0	0	0	0	0	0	0	1	S
NMDC20588645	0	0	0	0	0	0	0	0	0	0	0	1	0	0	0	0	0	0	0	0	1	1	0	1	0	0	0	0	0	1	S
NMDC20588646	0	0	0	0	0	0	0	1	0	0	0	1	0	0	0	0	0	0	0	0	1	0	0	0	0	0	1	0	0	1	S
NMDC20588647	0	0	0	0	0	1	0	1	0	0	0	1	0	0	1	0	1	1	0	0	0	1	0	0	1	0	0	0	1	1	S
NMDC20588648	0	0	0	0	0	1	0	0	0	0	0	0	0	0	0	0	0	0	1	0	1	1	0	0	0	0	0	0	0	0	S
NMDC20589043	0	0	0	0	0	1	0	1	0	0	0	1	0	0	1	0	1	1	1	0	0	1	0	0	1	0	0	0	1	1	S
NMDC20588651	0	0	0	0	0	1	0	0	0	0	1	0	0	0	0	0	0	0	0	0	0	0	0	0	0	0	0	0	1	1	S
NMDC20588652	0	0	0	0	0	1	0	0	0	0	0	0	0	0	0	0	0	0	0	0	1	1	0	0	0	0	0	0	0	0	S
NMDC20588654	0	0	0	0	0	1	0	1	0	0	0	1	0	0	1	0	1	1	0	0	0	1	0	0	1	0	0	0	1	1	S
NMDC20588655	0	0	0	0	0	1	0	1	0	0	0	1	0	0	1	0	1	1	0	0	0	1	0	0	1	0	0	0	1	1	S
NMDC20588657	0	0	0	0	0	1	0	1	0	0	0	1	0	0	0	0	0	0	0	0	1	1	0	0	0	0	0	0	0	0	S
NMDC20588658	0	0	0	0	0	1	0	1	0	0	0	1	0	0	0	0	0	0	1	0	1	1	0	0	0	0	0	0	0	0	S
NMDC20588659	0	0	0	0	0	0	0	0	0	0	0	0	0	0	0	0	1	1	0	1	0	0	0	1	0	0	0	0	0	0	S
NMDC20588664	0	0	0	0	0	1	0	1	0	0	0	1	0	0	0	0	0	0	0	0	1	1	0	0	0	0	0	0	0	0	S
NMDC20588666	0	0	0	0	0	0	0	1	0	0	0	1	1	0	1	0	0	0	0	0	1	1	1	0	0	0	0	0	0	1	S
NMDC20588668	0	0	0	0	0	0	0	1	0	0	0	1	1	0	1	0	0	0	0	0	1	1	0	0	0	0	0	0	0	1	S
NMDC20588669	0	0	0	0	0	1	0	0	0	0	0	0	0	0	0	0	0	0	0	0	0	0	0	0	1	0	1	0	1	0	S
NMDC20588670	0	0	0	0	0	0	0	0	0	0	0	1	0	0	0	0	1	0	0	0	1	1	0	0	1	0	0	0	1	0	S
NMDC20588671	0	0	0	0	0	0	0	0	0	0	0	1	0	0	0	0	0	0	0	0	0	0	0	0	0	0	0	0	0	0	S
NMDC20588672	0	0	0	0	0	0	0	1	0	0	0	1	0	0	0	0	1	0	0	0	1	1	0	0	0	0	0	0	0	0	S
NMDC20588673	0	0	0	0	0	1	0	1	0	0	0	1	0	0	1	0	1	1	0	0	0	1	0	0	1	0	0	0	1	1	S
NMDC20588674	0	0	0	0	0	0	0	0	0	0	0	1	0	0	0	0	1	0	0	0	1	1	0	0	1	0	0	0	1	0	S
NMDC20588677	0	0	0	0	0	1	0	1	0	0	0	1	0	0	1	0	1	1	0	0	1	0	0	0	1	0	1	0	0	1	S
NMDC20588678	0	0	0	0	0	0	0	0	0	0	0	1	0	0	1	0	0	1	0	0	1	1	0	0	0	0	0	0	1	1	S
NMDC20588680	0	0	0	0	0	1	0	0	0	0	1	0	0	0	0	0	0	0	0	0	0	0	0	0	0	0	0	0	1	1	S
NMDC20588681	0	0	0	0	0	1	0	0	0	0	1	0	0	0	0	0	0	0	0	0	0	0	0	0	0	0	0	0	1	1	S
NMDC20588682	0	0	0	0	0	0	0	0	0	0	0	1	0	0	0	0	1	0	0	0	1	1	0	0	1	0	0	0	1	0	S
NMDC20588685	0	0	0	0	0	0	0	0	0	0	0	1	0	0	0	0	1	0	0	0	1	1	0	0	1	0	0	0	1	0	S
NMDC20588686	0	0	0	0	0	1	0	1	0	0	0	1	0	0	0	0	0	0	1	0	1	1	0	0	0	0	0	0	0	0	S
NMDC20588688	0	0	0	0	0	1	0	0	0	0	1	0	0	0	0	0	0	0	0	0	0	0	0	0	0	0	0	0	1	1	S
NMDC20588689	0	0	0	0	0	0	0	1	0	0	0	1	1	0	1	0	0	0	0	0	1	1	0	0	0	0	0	0	0	1	S
NMDC20588691	0	0	0	0	0	0	0	0	0	0	0	1	0	0	0	0	1	0	0	0	1	1	0	0	1	0	0	0	1	0	S
NMDC20588692	0	0	0	0	0	1	0	1	0	0	0	1	0	0	1	0	0	0	0	0	1	1	0	0	1	0	0	0	0	1	S
NMDC20588693	0	0	0	0	0	0	0	1	0	0	0	1	0	0	0	0	0	0	0	0	0	1	0	0	0	0	0	0	0	1	S
NMDC20588695	0	0	0	0	0	1	0	0	0	0	1	0	0	0	0	0	0	0	0	0	0	0	0	0	0	0	0	0	1	1	S
NMDC20588696	0	0	0	0	0	1	0	0	0	0	0	0	0	0	1	0	0	1	1	0	1	1	0	0	0	0	0	0	0	1	S
NMDC20588699	0	0	0	0	0	1	0	0	0	0	1	0	0	0	0	0	0	0	0	0	0	0	0	0	0	0	0	0	1	1	S
NMDC20588700	0	0	0	0	0	1	0	0	0	0	1	0	0	0	0	0	0	0	0	0	0	0	0	0	0	0	0	0	1	1	S
NMDC20588703	0	0	0	0	0	1	0	0	0	0	1	0	0	0	0	0	0	0	0	0	0	0	0	0	0	0	0	0	1	1	S
NMDC20588704	0	0	0	0	0	0	0	0	0	0	0	1	0	0	0	0	1	0	0	0	1	1	0	0	1	0	0	0	1	0	S
NMDC20588705	0	0	0	0	0	0	0	0	0	0	0	1	0	0	0	0	1	0	0	1	1	1	0	1	0	0	0	0	1	0	S
NMDC20588706	0	0	0	0	0	1	0	0	0	0	0	0	0	0	1	0	0	1	1	0	1	1	0	0	0	0	0	0	0	1	S
NMDC20588707	0	0	0	0	0	1	0	0	0	0	0	0	0	0	0	0	0	0	0	0	1	1	0	0	0	0	0	0	0	0	S
NMDC20588708	0	0	0	0	0	1	0	1	0	0	0	1	0	0	0	0	0	0	0	0	1	1	0	0	0	0	0	0	0	0	S
NMDC20588710	0	0	0	0	0	1	0	0	0	0	1	0	0	0	0	0	0	0	0	0	0	0	0	0	0	0	0	0	1	1	S
NMDC20588711	0	0	0	0	0	1	0	0	0	0	1	0	0	0	0	0	0	0	0	0	0	0	0	0	0	0	0	0	1	1	S
NMDC20588715	0	0	0	0	0	1	0	0	0	0	1	0	0	0	0	0	0	0	0	0	0	0	0	0	0	0	0	0	1	1	S
NMDC20588717	0	0	0	0	0	1	0	0	0	0	1	0	0	0	0	0	0	0	0	0	0	0	0	0	0	0	0	0	1	1	S
NMDC20588719	0	0	0	0	0	1	0	0	0	0	1	0	0	0	0	0	0	0	0	0	0	0	0	0	0	0	0	0	1	1	S
NMDC20588720	0	0	0	0	0	1	0	0	0	0	1	0	0	0	0	0	0	0	0	0	0	0	0	0	0	0	0	0	1	1	S
NMDC20588721	0	0	0	0	0	1	0	0	0	0	0	0	0	0	1	0	0	1	1	0	1	1	0	0	0	0	0	0	0	1	S
NMDC20588722	0	0	0	0	0	1	0	0	0	0	1	0	0	0	0	0	0	0	0	0	0	0	0	0	0	0	0	0	1	1	S
NMDC20588723	0	0	0	0	0	0	0	0	0	0	0	1	0	0	1	0	0	1	0	0	1	1	0	0	0	0	0	0	1	1	S
NMDC20588724	0	0	0	0	0	0	0	0	0	0	0	1	0	0	0	0	1	0	0	0	1	1	0	0	1	0	0	0	1	0	S
NMDC20588725	0	0	1	0	0	1	0	0	0	0	0	0	0	0	1	1	0	1	1	0	1	1	0	0	0	0	0	0	0	1	S
NMDC20588726	0	0	0	0	0	1	0	0	0	0	1	0	0	0	0	0	0	0	0	0	0	0	0	0	0	0	0	0	1	1	S
NMDC20588727	0	0	0	0	0	1	0	1	0	0	0	1	0	0	1	0	0	0	0	0	0	1	1	0	1	0	0	0	0	0	S
NMDC20588729	0	0	0	0	0	1	0	0	0	0	1	0	0	0	0	0	0	0	0	0	0	0	0	0	0	0	0	0	1	1	S
NMDC20588730	0	0	0	0	0	1	0	0	0	0	0	0	0	0	1	0	0	1	1	0	1	1	0	0	0	0	0	0	0	1	S
NMDC20588731	0	0	0	0	0	1	0	0	0	0	0	0	0	0	0	0	0	0	0	0	1	1	0	0	0	0	0	0	0	0	S
NMDC20588735	0	0	0	0	0	1	0	0	0	0	0	0	0	0	0	0	0	0	0	0	1	1	0	0	0	0	0	0	0	0	S
NMDC20588736	0	0	0	0	0	1	0	0	0	0	0	0	0	0	0	0	0	0	0	0	1	1	0	0	0	0	0	0	0	0	S
NMDC20588738	0	0	0	0	0	0	0	0	0	0	0	1	0	0	0	0	1	0	0	1	1	1	0	1	0	0	0	0	1	0	S
NMDC20588739	0	0	0	0	0	1	0	0	0	0	1	0	0	0	0	0	0	0	0	0	0	0	0	0	0	0	0	0	1	1	S
NMDC20588740	0	0	0	0	0	1	0	0	0	0	0	0	0	0	0	0	0	0	0	0	1	1	0	0	0	0	0	0	0	0	S
NMDC20588743	0	0	0	0	0	0	0	0	0	0	0	1	0	0	0	0	1	0	0	1	1	1	0	1	0	0	0	0	1	0	S
NMDC20588744	0	0	0	0	0	1	0	0	0	0	1	0	0	0	0	0	0	0	0	0	0	0	0	0	0	0	0	0	1	1	S
NMDC20588745	0	0	0	0	0	1	0	1	0	0	0	1	0	0	1	0	1	1	0	0	0	1	0	0	1	0	0	0	1	1	S
NMDC20588746	0	0	0	0	0	1	0	0	0	0	0	0	0	0	0	0	0	0	0	0	1	1	0	0	0	0	0	0	0	0	S
NMDC20588749	0	0	0	0	0	1	0	1	0	0	0	1	0	0	0	0	0	0	0	0	1	1	0	0	0	0	0	0	0	0	S
NMDC20588750	0	0	0	0	0	1	0	0	0	0	1	0	0	0	0	0	0	0	0	0	0	0	0	0	0	0	0	0	1	1	S
NMDC20588751	0	0	0	0	0	1	0	0	0	0	0	0	0	0	0	0	0	0	0	0	1	1	0	0	0	0	0	0	0	0	S
NMDC20588754	0	0	0	0	0	0	0	1	0	0	0	1	1	0	1	0	0	0	0	0	1	1	0	0	0	0	0	0	0	1	S
NMDC20556578	0	0	0	0	0	0	0	0	0	0	0	0	0	0	1	0	0	0	0	0	0	1	0	0	0	0	0	1	1	0	S
NMDC20554581	0	0	0	0	0	1	0	0	0	0	1	0	0	0	0	0	0	0	0	0	0	0	0	0	0	0	0	0	1	1	S
NMDC20588756	0	0	0	0	0	1	0	1	0	0	0	1	0	0	1	0	1	1	0	0	0	1	0	0	1	0	0	0	1	1	S
NMDC20554583	0	0	0	0	0	0	0	0	0	0	0	1	0	0	0	0	1	0	0	0	1	1	0	0	1	0	0	0	1	0	S
NMDC20588758	0	0	0	0	0	1	0	1	0	0	0	1	0	0	1	0	1	1	0	0	0	1	0	0	1	0	0	0	1	1	S
NMDC20558578	0	0	0	0	0	1	0	1	0	0	0	1	0	0	1	0	1	1	0	0	0	1	0	0	1	0	0	0	1	1	S
NMDC20588759	0	0	0	0	0	1	0	1	0	0	0	1	0	0	1	0	1	1	0	0	0	1	0	0	1	0	0	0	1	1	S
NMDC20588760	0	0	0	0	0	1	0	1	0	0	0	1	0	0	0	0	0	0	0	0	0	0	0	1	0	0	0	0	1	1	S
NMDC20588761	0	0	0	0	0	0	0	0	0	0	0	1	0	0	0	0	1	0	0	0	1	1	0	0	1	0	0	0	1	0	S
NMDC20588762	0	0	0	0	0	1	0	1	0	0	0	1	0	0	1	0	0	0	0	0	1	1	0	0	1	0	0	0	0	1	S
NMDC20588763	0	0	0	0	0	1	0	1	0	0	0	1	0	0	0	0	0	0	0	0	0	0	0	1	0	0	0	0	1	1	S
NMDC20588764	0	0	0	0	0	1	0	1	0	0	0	1	0	0	0	0	0	0	0	0	0	0	0	1	0	0	0	0	1	1	S
NMDC20552580	0	0	0	0	0	1	0	1	0	0	0	1	0	0	0	0	0	0	0	0	0	0	0	1	0	0	0	0	1	1	S
NMDC20558579	0	0	0	0	0	1	0	1	0	0	0	1	0	0	0	0	0	0	0	0	0	0	0	1	0	0	0	0	1	1	S
NMDC20588765	0	0	0	0	0	1	0	1	0	0	0	1	0	0	0	0	0	0	0	0	0	0	0	1	0	0	0	0	1	1	S
NMDC20588766	0	0	0	0	0	1	0	1	0	0	0	1	0	0	0	0	0	0	0	0	0	0	0	1	0	0	0	0	1	1	S
NMDC20588768	0	0	0	0	0	1	0	1	0	0	0	1	0	0	1	0	1	1	0	0	0	1	0	0	1	0	0	0	1	1	S
NMDC20588769	0	0	0	0	0	1	0	1	0	0	0	1	0	0	0	0	0	0	0	0	0	0	0	1	0	0	0	0	1	1	S
NMDC20558580	0	0	0	0	0	1	0	1	0	0	0	1	0	0	1	0	1	1	0	0	0	1	0	0	1	0	0	0	1	1	S
NMDC20588770	0	0	0	0	0	1	0	1	0	0	0	1	0	0	1	0	1	1	0	0	0	1	0	0	1	0	0	0	1	1	S
NMDC20554585	0	0	0	0	0	1	0	0	0	0	0	1	0	0	0	0	0	0	0	0	1	1	0	0	0	0	1	0	1	0	S
NMDC20588771	0	0	0	0	0	1	0	1	0	0	0	1	0	0	1	0	1	1	0	0	0	1	0	0	1	0	0	0	1	1	S
NMDC20588772	0	0	0	0	0	1	0	1	0	0	0	1	0	0	1	0	1	1	0	0	0	1	0	0	1	0	0	0	1	1	S
NMDC20588773	0	0	0	0	0	1	0	1	0	0	0	1	0	0	1	0	1	1	0	0	0	1	0	0	1	0	0	0	1	1	S
NMDC20588774	0	0	0	0	0	1	0	1	0	0	0	1	0	0	1	0	1	1	0	0	0	1	0	0	1	0	0	0	1	1	S
NMDC20554586	0	0	0	0	0	1	0	1	0	0	0	1	0	0	0	0	1	0	0	0	0	1	0	1	1	0	0	0	1	0	S
NMDC20556580	0	0	0	0	0	1	0	1	0	0	0	1	0	0	0	0	1	0	0	0	0	1	0	1	1	0	0	0	1	0	S
NMDC20588775	0	0	0	0	0	1	0	1	0	0	0	1	0	0	0	0	1	0	0	0	0	1	0	1	1	0	0	0	1	0	S
NMDC20588776	0	0	0	0	0	1	0	1	0	0	0	1	0	0	0	0	1	0	0	0	0	1	0	1	1	0	0	0	1	0	S
NMDC20556581	0	0	0	0	0	1	0	1	0	0	0	1	0	0	0	0	1	0	0	0	0	1	0	1	1	0	0	0	1	0	S
NMDC20558582	0	0	0	0	0	1	0	1	0	0	0	1	0	0	0	0	1	0	0	0	0	1	0	1	1	0	0	0	1	0	S
NMDC20558583	0	0	0	0	0	1	0	1	0	0	0	1	0	0	0	0	1	0	0	0	0	1	0	1	1	0	0	0	1	0	S
NMDC20588777	0	0	0	0	0	1	0	1	0	0	0	1	0	0	1	0	1	1	0	0	0	1	0	0	1	0	0	0	1	1	S
NMDC20588778	0	0	0	0	0	1	0	1	0	0	0	1	0	0	1	0	1	1	0	0	0	1	0	0	1	0	0	0	1	1	S
NMDC20552582	0	0	0	0	0	1	0	1	0	0	0	1	0	0	1	0	1	1	0	0	0	1	0	0	1	0	0	0	1	1	S
NMDC20558584	0	0	0	0	0	1	0	1	0	0	0	1	0	0	1	0	1	1	0	0	0	1	0	0	1	0	0	0	1	1	S
NMDC20556582	0	0	0	0	0	1	0	1	0	0	0	1	0	0	1	0	1	1	0	0	0	1	0	0	1	0	0	0	1	1	S
NMDC20552584	0	0	0	0	0	1	0	1	0	0	0	1	0	0	1	0	1	1	0	0	0	1	0	0	1	0	0	0	1	1	S
NMDC20588781	0	0	0	0	0	1	0	1	0	0	0	1	0	0	1	0	1	1	0	0	0	1	0	0	1	0	0	0	1	1	S
NMDC20552585	0	0	0	0	0	1	0	1	0	0	0	1	0	0	1	0	1	1	0	0	0	1	0	0	1	0	0	0	1	1	S
NMDC20558586	0	0	0	0	0	1	0	1	0	0	0	1	0	0	1	0	1	1	0	0	0	1	0	0	1	0	0	0	1	1	S
NMDC20588783	0	0	0	0	0	1	0	1	0	0	0	1	0	0	1	0	1	1	0	0	0	1	0	0	1	0	0	0	1	1	S
NMDC20554587	0	0	0	0	0	1	0	1	0	0	0	1	0	0	1	0	1	1	0	0	0	1	0	0	1	0	0	0	1	1	S
NMDC20588784	0	0	0	0	0	1	0	1	0	0	0	1	0	0	1	0	1	1	0	0	0	1	0	0	1	0	0	0	1	1	S
NMDC20552586	0	0	0	0	0	1	0	1	0	0	0	1	0	0	1	0	1	1	0	0	0	1	0	0	1	0	0	0	1	1	S
NMDC20588785	0	0	0	0	0	1	0	1	0	0	0	1	0	0	1	0	1	1	0	0	0	1	0	0	1	0	0	0	1	1	S
NMDC20558587	0	0	0	0	0	1	0	1	0	0	0	1	0	0	1	0	1	1	0	0	0	1	0	0	1	0	0	0	1	1	S
NMDC20588786	0	0	0	0	0	1	0	1	0	0	0	1	0	0	1	0	1	1	0	0	0	1	0	0	1	0	0	0	1	1	S
NMDC20556583	0	0	0	0	0	1	0	1	0	0	0	1	0	0	1	0	1	1	0	0	0	1	0	0	1	0	0	0	1	1	S
NMDC20556584	0	0	0	0	0	1	0	1	0	0	0	1	0	0	1	0	1	1	0	0	0	1	0	0	1	0	0	0	1	1	S
NMDC20558588	0	0	0	0	0	1	0	1	0	0	0	1	0	0	1	0	1	1	0	0	0	1	0	0	1	0	0	0	1	1	S
NMDC20588787	0	0	0	0	0	1	0	1	0	0	0	1	0	0	0	0	0	0	0	0	0	0	0	1	0	0	0	0	1	1	S
NMDC20588788	0	0	0	0	0	1	0	1	0	0	0	1	0	0	0	0	0	0	0	0	0	0	0	1	0	0	0	0	1	1	S
NMDC20554588	0	0	0	0	0	1	0	1	0	0	0	1	0	0	0	0	0	0	0	0	0	0	0	1	0	0	0	0	1	1	S
NMDC20588789	0	0	0	0	0	1	0	1	0	0	0	1	0	0	0	0	0	0	0	0	0	0	0	1	0	0	0	0	1	1	S
NMDC20558589	0	0	0	0	0	1	0	1	0	0	0	1	0	0	0	0	0	0	0	0	0	0	0	1	0	0	0	0	1	1	S
NMDC20588790	0	0	0	0	0	1	0	1	0	0	0	1	0	0	1	0	1	1	0	0	0	1	0	0	1	0	0	0	1	1	S
NMDC20588791	0	0	0	0	0	1	0	1	0	0	0	1	0	0	1	0	1	1	0	0	0	1	0	0	1	0	0	0	1	1	S
NMDC20588792	0	0	0	0	0	1	0	1	0	0	0	1	0	0	1	0	1	1	0	0	0	1	0	0	1	0	0	0	1	1	S
NMDC20588793	0	0	0	0	0	1	0	1	0	0	0	1	0	0	1	0	1	1	0	0	0	1	0	0	1	0	0	0	1	1	S
NMDC20552588	0	0	0	0	0	1	0	1	0	0	0	1	0	0	1	0	1	1	0	0	0	1	0	0	1	0	0	0	1	1	S
NMDC20588794	0	0	0	0	0	1	0	1	0	0	0	1	0	0	1	0	1	1	0	0	0	1	0	0	1	0	0	0	1	1	S
NMDC20556585	0	0	0	0	0	1	0	1	0	0	0	1	0	0	1	0	1	1	0	0	0	1	0	0	1	0	0	0	1	1	S
NMDC20558590	0	0	0	0	0	1	0	1	0	0	0	1	0	0	1	0	1	1	0	0	0	1	0	0	1	0	0	0	1	1	S
NMDC20556588	0	0	0	0	0	1	0	1	0	0	0	1	0	0	1	0	1	1	0	0	0	1	0	0	1	0	0	0	1	1	S
NMDC20554589	0	0	0	0	0	1	0	1	0	0	0	1	0	0	1	0	1	1	0	0	0	1	0	0	1	0	0	0	1	1	S
NMDC20556589	0	0	0	0	0	1	0	1	0	0	0	1	0	0	1	0	1	1	0	0	0	1	0	0	1	0	0	0	1	1	S
NMDC20588795	0	0	0	0	0	1	0	1	0	0	0	1	0	0	1	0	1	1	0	0	0	1	0	0	1	0	0	0	1	1	S
NMDC20554590	0	0	0	0	0	1	0	1	0	0	0	1	0	0	1	0	1	1	0	0	0	1	0	0	1	0	0	0	1	1	S
NMDC20556590	0	0	0	0	0	1	0	1	0	0	0	1	0	0	1	0	1	1	0	0	0	1	0	0	1	0	0	0	1	1	S
NMDC20558591	0	0	0	0	0	1	0	1	0	0	0	1	0	0	1	0	1	1	0	0	0	1	0	0	1	0	0	0	1	1	S
NMDC20554591	0	0	0	0	0	1	0	1	0	0	0	1	0	0	1	0	1	1	0	0	0	1	0	0	1	0	0	0	1	1	S
NMDC20588797	0	0	0	0	0	1	0	1	0	0	0	1	0	0	1	0	1	1	0	0	0	1	0	0	1	0	0	0	1	1	S
NMDC20556591	0	0	0	0	0	1	0	1	0	0	0	1	0	0	1	0	1	1	0	0	0	1	0	0	1	0	0	0	1	1	S
NMDC20588800	0	0	0	0	0	1	0	1	0	0	0	1	0	0	1	0	1	1	0	0	0	1	0	0	1	0	0	0	1	1	S
NMDC20552589	0	0	0	0	0	1	0	1	0	0	0	1	0	0	1	0	1	1	0	0	0	1	0	0	1	0	0	0	1	1	S
NMDC20588803	0	0	0	0	0	1	0	1	0	0	0	1	0	0	1	0	1	1	0	0	0	1	0	0	1	0	0	0	1	1	S
NMDC20588804	0	0	0	0	0	1	0	1	0	0	0	1	0	0	1	0	1	1	0	0	0	1	0	0	1	0	0	0	1	1	S
NMDC20558592	0	0	0	0	0	1	0	1	0	0	0	1	0	0	1	0	1	1	0	0	0	1	0	0	1	0	0	0	1	1	S
NMDC20588805	0	0	0	0	0	1	0	1	0	0	0	1	0	0	1	0	1	0	0	0	0	1	0	0	1	0	0	0	1	1	S
NMDC20552590	0	0	0	0	0	1	0	1	0	0	0	1	0	0	1	0	1	0	0	0	0	1	0	0	1	0	0	0	1	1	S
NMDC20588806	0	0	0	0	0	1	0	1	0	0	0	1	0	0	1	0	1	1	0	0	0	1	0	0	1	0	0	0	1	1	S
NMDC20554592	0	0	0	0	0	1	0	1	0	0	0	1	0	0	1	0	1	1	0	0	0	1	0	0	1	0	0	0	1	1	S
NMDC20558594	0	0	0	0	0	1	0	1	0	0	0	1	0	0	1	0	1	1	0	0	0	1	0	0	1	0	0	0	1	1	S
NMDC20588807	0	0	0	0	0	1	0	1	0	0	0	1	0	0	1	0	1	1	0	0	0	1	0	0	1	0	0	0	1	1	S
NMDC20588808	0	0	0	0	0	1	0	1	0	0	0	1	0	0	1	0	1	1	0	0	0	1	0	0	1	0	0	0	1	1	S
NMDC20588809	0	0	0	0	0	1	0	1	0	0	0	1	0	0	1	0	1	1	0	0	0	1	0	0	1	0	0	0	1	1	S
NMDC20588810	0	0	0	0	0	1	0	1	0	0	0	1	0	0	1	0	1	1	0	0	0	1	0	0	1	0	0	0	1	1	S
NMDC20552591	0	0	0	0	0	1	0	1	0	0	0	1	0	0	1	0	1	1	0	0	0	1	0	0	1	0	0	0	1	1	S
NMDC20552592	0	0	0	0	0	1	0	1	0	0	0	1	0	0	1	0	1	1	0	0	0	1	0	0	1	0	0	0	1	1	S
NMDC20588812	0	0	0	0	0	1	0	1	0	0	0	1	0	0	1	0	1	1	0	0	0	1	0	0	1	0	0	0	1	1	S
NMDC20552593	0	0	0	0	0	1	0	1	0	0	0	1	0	0	1	0	1	1	0	0	0	1	0	0	1	0	0	0	1	1	S
NMDC20552594	0	0	0	0	0	1	0	1	0	0	0	1	0	0	1	0	1	1	0	0	0	1	0	0	1	0	0	0	1	1	S
NMDC20558595	0	0	0	0	0	1	0	1	0	0	0	1	0	0	1	0	1	1	0	0	0	1	0	0	1	0	0	0	1	1	S
NMDC20588813	0	0	0	0	0	1	0	1	0	0	0	1	0	0	1	0	1	1	0	0	0	1	0	0	1	0	0	0	1	1	S
NMDC20558596	0	0	0	0	0	1	0	1	0	0	0	1	0	0	1	0	1	1	0	0	0	1	0	0	1	0	0	0	1	1	S
NMDC20558597	0	0	0	0	0	1	0	1	0	0	0	1	0	0	1	0	1	1	0	0	0	1	0	0	1	0	0	0	1	1	S
NMDC20552595	0	0	0	0	0	1	0	1	0	0	0	1	0	0	1	0	1	1	0	0	0	1	0	0	1	0	0	0	1	1	S
NMDC20558598	0	0	0	0	0	1	0	0	0	0	1	0	0	0	0	0	0	0	0	0	0	0	0	0	0	0	0	0	1	1	S
NMDC20556593	0	0	0	0	0	1	0	0	0	0	1	0	0	0	0	0	0	0	0	0	0	0	0	0	0	0	0	0	1	1	S
NMDC20588814	0	0	0	0	0	1	0	0	0	0	1	0	0	0	0	0	0	0	0	0	0	0	0	0	0	0	0	0	1	1	S
NMDC20552596	0	0	0	0	0	1	0	0	0	0	1	0	0	0	0	0	0	0	0	0	0	0	0	0	0	0	0	0	1	1	S
NMDC20588815	0	0	0	0	0	1	0	0	0	0	1	0	0	0	0	0	0	0	0	0	0	0	0	0	0	0	0	0	1	1	S
NMDC20588816	0	0	0	0	0	1	0	0	0	0	1	0	0	0	0	0	0	0	0	0	0	0	0	0	0	0	0	0	1	1	S
NMDC20588817	0	0	0	0	0	1	0	0	0	0	1	0	0	0	0	0	0	0	0	0	0	0	0	0	0	0	0	0	1	1	S
NMDC20556594	0	0	0	0	0	1	0	1	0	0	0	1	0	0	1	0	1	1	0	0	0	1	0	0	1	0	0	0	1	1	S
NMDC20588818	0	0	0	0	0	1	0	1	0	0	0	1	0	0	1	0	1	1	0	0	0	1	0	0	1	0	0	0	1	1	S
NMDC20554595	0	0	0	0	0	1	0	1	0	0	0	1	0	0	1	0	1	1	0	0	0	1	0	0	1	0	0	0	1	1	S
NMDC20554596	0	0	0	0	0	1	0	0	0	0	1	0	0	0	0	0	0	0	0	0	0	0	0	0	0	0	0	0	1	1	S
NMDC20554597	0	0	0	0	0	1	0	1	0	0	0	1	0	0	1	0	1	1	0	0	0	1	0	0	1	0	0	0	1	1	S
NMDC20552597	0	0	0	0	0	1	0	1	0	0	0	1	0	0	1	0	1	1	0	0	0	1	0	0	1	0	0	0	1	1	S
NMDC20554598	0	0	0	0	0	1	0	1	0	0	0	1	0	0	1	0	1	1	0	0	0	1	0	0	1	0	0	0	1	1	S
NMDC20558600	0	0	0	0	0	1	0	1	0	0	0	1	0	0	1	0	1	1	0	0	0	1	0	0	1	0	0	0	1	1	S
NMDC20554599	0	0	0	0	0	1	0	1	0	0	0	1	0	0	1	0	1	1	0	0	0	1	0	0	1	0	0	0	1	1	S
NMDC20558601	0	0	0	0	0	1	0	1	0	0	0	1	0	0	1	0	1	1	0	0	0	1	0	0	1	0	0	0	1	1	S
NMDC20588819	0	0	0	0	0	1	0	1	0	0	0	1	0	0	1	0	1	1	0	0	0	1	0	0	1	0	0	0	1	1	S
NMDC20554600	0	0	0	0	0	1	0	1	0	0	0	1	0	0	1	0	1	1	0	0	0	1	0	0	1	0	0	0	1	1	S
NMDC20588820	0	0	1	0	1	0	0	0	0	0	0	1	0	0	0	1	0	0	1	0	0	0	0	0	0	0	0	0	0	0	S
NMDC20552598	0	0	0	0	0	1	0	1	0	0	0	1	0	0	1	0	1	1	0	0	0	1	0	0	1	0	0	0	1	1	S
NMDC20588821	0	0	0	0	0	1	0	1	0	0	0	1	0	0	1	0	1	1	0	0	0	1	0	0	1	0	0	0	1	1	S
NMDC20588823	0	0	0	0	0	1	0	1	0	0	0	1	0	0	1	0	1	1	0	0	0	1	0	0	1	0	0	0	1	1	S
NMDC20558602	0	0	0	0	0	1	0	1	0	0	0	1	0	0	1	0	1	1	0	0	0	1	0	0	1	0	0	0	1	1	S
NMDC20556595	0	0	0	0	0	1	0	1	0	0	0	1	0	0	1	0	1	1	0	0	0	1	0	0	1	0	0	0	1	1	S
NMDC20552599	0	0	0	0	0	1	0	1	0	0	0	1	0	0	1	0	1	1	0	0	0	1	0	0	1	0	0	0	1	1	S
NMDC20558603	0	0	0	0	0	1	0	1	0	0	0	1	0	0	1	0	1	1	0	0	0	1	0	0	1	0	0	0	1	1	S
NMDC20556596	0	0	0	0	0	1	0	1	0	0	0	1	0	0	1	0	1	1	0	0	0	1	0	0	1	0	0	0	1	1	S
NMDC20554601	0	0	0	0	0	1	0	1	0	0	0	1	0	0	1	0	1	1	1	0	0	1	0	0	1	0	0	0	1	1	S
NMDC20588824	0	0	0	0	0	1	0	1	0	0	0	1	0	0	1	0	1	1	1	0	0	1	0	0	1	0	0	0	1	1	S
NMDC20554604	0	0	0	0	0	1	0	0	0	0	1	0	0	0	0	0	0	0	0	0	0	0	0	0	0	0	0	0	1	1	S
NMDC20552602	0	0	0	0	0	1	0	0	0	0	1	0	0	0	0	0	0	0	0	0	0	0	0	0	0	0	0	0	1	1	S
NMDC20556598	0	0	0	0	0	1	0	1	0	0	0	1	0	0	1	0	1	1	0	0	0	1	0	0	1	0	0	0	1	1	S
NMDC20588826	0	0	0	0	0	1	0	1	0	0	0	1	0	0	1	0	1	1	0	0	0	1	0	0	1	0	0	0	1	1	S
NMDC20588828	0	0	0	0	0	1	0	0	0	0	1	0	0	0	0	0	0	0	0	0	0	0	0	0	0	0	0	0	1	1	S
NMDC20558606	0	0	0	0	0	1	0	0	0	0	1	0	0	0	0	0	0	0	0	0	0	0	0	0	0	0	0	0	1	1	S
NMDC20552603	0	0	0	0	0	1	0	0	0	0	1	0	0	0	0	0	0	0	0	0	0	0	0	0	0	0	0	0	1	1	S
NMDC20556600	0	0	0	0	0	1	0	0	0	0	1	0	0	0	0	0	0	0	0	0	0	0	0	0	0	0	0	0	1	1	S
NMDC20558607	0	0	0	0	0	1	0	0	0	0	1	0	0	0	0	0	0	0	0	0	0	0	0	0	0	0	0	0	1	1	S
NMDC20588830	0	0	0	0	0	1	0	0	0	0	1	0	0	0	0	0	0	0	0	0	0	0	0	0	0	0	0	0	1	1	S
NMDC20552600	0	0	0	0	0	1	0	0	0	0	1	0	0	0	0	0	0	0	0	0	0	0	0	0	0	0	0	0	1	1	S
NMDC20588825	0	0	0	0	0	1	0	0	0	0	1	0	0	0	0	0	0	0	0	0	0	0	0	0	0	0	0	0	1	1	S
NMDC20554602	0	0	0	0	0	1	0	0	0	0	1	0	0	0	0	0	0	0	0	0	0	0	0	0	0	0	0	0	1	1	S
NMDC20558604	0	0	0	0	0	1	0	0	0	0	1	0	0	0	0	0	0	0	0	0	0	0	0	0	0	0	0	0	1	1	S
NMDC20552601	0	0	0	0	0	1	0	0	0	0	1	0	0	0	0	0	0	0	0	0	0	0	0	0	0	0	0	0	1	1	S
NMDC20582164	0	0	0	0	0	1	0	1	0	0	0	1	0	0	0	0	0	0	1	0	1	1	0	0	0	0	0	0	0	0	S
NMDC20554668	0	0	0	0	0	1	0	1	0	0	0	1	0	0	1	0	1	1	0	0	0	1	0	0	1	0	0	0	1	1	S
NMDC20582166	0	0	0	0	0	0	0	0	0	0	1	0	0	0	0	0	0	0	0	0	1	1	0	0	0	0	1	0	1	1	S
NMDC20554669	0	0	0	0	0	1	0	1	0	0	0	1	1	0	1	0	0	0	0	0	1	1	0	0	0	0	0	0	1	1	S
NMDC20554671	0	0	0	0	0	1	0	1	0	0	0	1	1	0	1	0	0	0	0	0	1	1	0	0	0	0	0	0	1	1	S
NMDC20554672	0	0	0	0	0	1	0	0	0	0	1	0	0	0	0	0	0	0	0	0	0	0	0	0	0	0	0	0	1	1	S
NMDC20556670	0	0	0	0	0	1	0	0	0	0	1	0	0	0	0	0	0	0	0	0	0	0	0	0	0	0	0	0	1	1	S
NMDC20552668	0	0	1	0	1	1	0	1	0	0	0	1	1	0	1	1	0	0	1	0	1	1	0	0	0	0	0	0	1	1	S
NMDC20556668	0	0	0	0	0	1	0	1	0	0	0	1	0	0	0	0	0	0	0	0	0	0	0	1	0	0	0	0	1	1	S
NMDC20582167	0	0	0	0	0	1	0	0	0	0	1	0	0	0	0	0	0	0	0	0	0	0	0	0	0	0	0	0	1	1	S
NMDC20556669	0	0	0	0	0	1	0	1	0	0	0	1	1	0	1	0	0	0	0	0	1	1	0	0	0	0	0	0	1	1	S
NMDC20556673	0	0	0	0	0	1	0	1	0	0	0	1	0	0	1	0	1	1	0	0	0	1	0	0	1	0	0	0	1	1	S
NMDC20556671	0	0	0	0	0	1	0	1	0	0	0	1	1	0	1	0	0	0	0	0	1	1	0	0	0	0	0	0	1	1	S
NMDC20554673	0	0	0	0	0	1	0	1	0	0	0	1	1	0	1	0	0	0	0	0	1	1	0	0	0	0	0	0	1	1	S
NMDC20582171	0	0	0	0	0	1	0	1	0	0	0	1	1	0	1	0	0	0	0	0	1	1	0	0	0	0	0	0	1	1	S
NMDC20554674	0	0	0	0	0	1	0	1	0	0	0	1	1	0	1	0	0	0	0	0	1	1	0	0	0	0	0	0	1	1	S
NMDC20552669	0	0	0	0	0	1	0	1	0	0	0	1	1	0	1	0	0	0	0	0	1	1	0	0	0	0	0	0	1	1	S
NMDC20556672	0	0	0	0	0	1	0	0	0	0	1	0	0	0	0	0	0	0	0	0	0	0	0	0	0	0	0	0	1	1	S
NMDC20582173	0	0	0	0	0	0	0	0	0	0	1	0	0	0	0	0	0	0	0	0	1	1	0	0	0	0	1	0	1	1	S
NMDC20582174	0	0	0	0	0	1	0	0	0	0	1	0	0	0	0	0	0	0	0	0	0	0	0	0	0	0	0	0	1	1	S
NMDC20552672	0	0	0	0	0	1	0	0	0	0	1	0	0	0	0	0	0	0	0	0	0	0	0	0	0	0	0	0	1	1	S
NMDC20552670	0	0	0	0	0	1	0	0	0	0	1	0	0	0	0	0	0	0	1	0	0	0	0	0	0	0	0	0	1	1	S
NMDC20550670	0	0	0	0	0	1	0	0	0	0	1	0	0	0	0	0	0	0	0	0	0	0	0	0	0	0	0	0	1	1	S
NMDC20552671	0	0	0	0	0	0	0	0	0	0	0	1	0	0	0	0	0	0	0	0	0	0	0	0	0	0	0	0	0	0	S
NMDC20582176	0	0	1	0	1	0	0	0	0	0	0	1	0	0	0	1	0	0	1	0	0	0	0	0	0	0	0	0	0	0	S
NMDC20554676	0	0	1	0	1	0	0	0	0	0	0	1	0	0	0	1	0	0	1	0	0	0	0	0	0	0	0	0	0	0	S
NMDC20582177	0	0	0	0	0	1	0	1	0	0	0	1	0	0	1	0	1	1	0	0	0	1	0	0	1	0	0	0	1	1	S
NMDC20582178	0	0	0	0	0	0	0	0	0	0	1	0	0	0	0	0	1	0	0	0	1	1	0	0	0	0	0	0	0	1	S
NMDC20582179	0	0	0	0	0	1	0	0	0	0	1	0	0	0	0	0	0	0	1	0	0	0	0	0	0	0	0	0	1	1	S
NMDC20552673	0	0	0	0	0	1	0	0	0	0	1	0	0	0	0	0	0	0	0	0	0	0	0	0	0	0	0	0	1	1	S
NMDC20582180	0	0	0	0	0	1	0	0	0	0	1	0	0	0	0	0	0	0	0	0	0	0	0	0	0	0	0	0	1	1	S
NMDC20556675	0	0	0	0	0	0	0	0	0	0	1	0	0	0	0	0	1	0	0	0	1	1	0	0	0	0	0	0	0	1	S
NMDC20556676	0	0	0	0	0	1	0	1	0	0	0	1	0	0	1	0	1	1	1	0	0	1	0	0	1	0	0	0	1	1	S
NMDC20552675	0	0	0	0	0	1	0	0	0	0	0	0	0	0	0	0	0	0	0	0	0	0	0	0	1	0	1	0	1	0	S
NMDC20556677	0	0	0	0	0	1	0	1	0	0	0	1	0	0	0	0	0	0	0	0	1	1	0	0	0	0	0	0	0	0	S
NMDC20550671	0	0	0	0	0	1	0	0	0	0	0	1	0	0	0	0	0	0	0	0	0	1	0	0	0	0	1	0	0	1	S
NMDC20582181	0	0	0	0	0	1	0	0	0	0	1	0	0	0	0	0	0	0	1	0	0	0	0	0	0	0	0	0	1	1	S
NMDC20552676	0	0	1	0	1	0	0	0	0	0	0	1	0	0	0	1	0	0	1	0	0	0	0	0	0	0	0	0	0	0	S
NMDC20552678	0	0	1	0	1	0	0	0	0	0	0	1	0	0	0	1	0	0	1	0	0	0	0	0	0	0	0	0	0	0	S
NMDC20556678	0	0	0	0	0	1	0	1	0	0	0	1	0	0	1	0	1	1	0	0	0	1	1	0	1	0	0	0	1	1	S
NMDC20550673	0	0	1	0	1	0	0	0	0	0	0	1	0	0	0	1	0	0	1	0	0	0	0	0	0	0	0	0	0	0	S
NMDC20554678	0	0	1	0	1	0	0	0	0	0	0	1	0	0	0	1	0	0	1	0	0	0	0	0	0	0	0	0	0	0	S
NMDC20582182	0	0	0	0	0	1	0	0	0	0	1	0	0	0	0	0	0	0	0	0	0	0	0	0	0	0	0	0	1	1	S
NMDC20550674	0	0	0	0	0	1	0	0	0	0	1	0	0	0	0	0	0	0	1	0	0	0	0	0	0	0	0	0	1	1	S
NMDC20556679	0	0	0	0	0	1	0	0	0	0	1	0	0	0	0	0	0	0	0	0	0	0	0	0	0	0	0	0	1	1	S
NMDC20552682	0	0	0	0	0	1	0	1	0	0	0	1	0	0	1	0	1	1	0	0	0	1	0	0	1	0	0	0	1	1	S
NMDC20552679	0	0	0	0	0	1	0	0	0	0	1	0	0	0	0	0	0	0	0	0	0	0	0	0	0	0	0	0	1	1	S
NMDC20550675	0	0	0	0	0	1	0	0	0	0	1	0	0	0	0	0	0	0	0	0	0	0	0	0	0	0	0	0	1	1	S
NMDC20552680	1	0	1	0	1	1	0	1	0	0	0	1	0	0	1	1	1	1	0	0	0	1	0	0	1	0	0	0	1	1	S
NMDC20582184	1	0	1	0	0	1	0	0	0	0	0	0	0	0	1	1	0	1	1	0	1	1	0	0	0	0	0	0	0	1	S
NMDC20550677	0	0	0	0	0	0	0	0	0	0	0	0	0	0	0	0	1	1	0	1	0	0	0	1	0	0	0	0	0	0	S
NMDC20550676	0	0	0	0	0	1	0	1	0	0	0	1	0	0	0	0	0	0	1	0	1	1	0	0	0	0	0	0	0	0	S
NMDC20582186	0	0	0	0	0	1	0	0	0	0	1	0	0	0	0	0	0	0	0	0	0	0	0	0	0	0	0	0	1	1	S
NMDC20582188	0	0	0	0	0	1	0	1	0	0	0	1	0	0	1	0	1	1	0	0	0	1	0	0	1	0	0	0	1	1	S
NMDC20552683	0	0	0	0	0	1	0	1	0	0	0	1	0	0	1	0	1	1	0	0	0	1	0	0	1	0	0	0	1	1	S
NMDC20582190	0	0	0	0	0	1	0	0	0	0	1	0	0	0	0	0	0	0	0	0	0	0	0	0	0	0	0	0	1	1	S
NMDC20552685	0	0	0	0	0	1	0	0	0	0	1	0	0	0	0	0	0	0	0	0	0	0	0	0	0	0	0	0	1	1	S
NMDC20556682	0	0	0	0	0	1	0	1	0	0	0	1	0	0	1	0	1	1	0	0	0	1	0	0	1	0	0	0	1	1	S
NMDC20582193	0	0	0	0	0	1	0	0	0	0	1	0	0	0	0	0	0	0	0	0	0	0	0	0	0	0	0	0	1	1	S
NMDC20556683	0	0	0	0	0	1	0	0	0	0	1	0	0	0	0	0	0	0	0	0	0	0	0	0	0	0	0	0	1	1	S
NMDC20582195	0	0	0	0	0	0	0	0	0	1	0	1	0	0	0	0	1	1	0	0	0	0	0	0	1	0	0	0	0	1	S
NMDC20554682	0	0	0	0	0	1	0	0	0	0	1	0	0	0	0	0	0	0	0	0	0	0	0	0	0	0	0	0	1	1	S
NMDC20582196	0	0	1	0	1	0	0	0	0	0	0	1	0	0	0	1	0	0	1	0	0	0	0	0	0	0	0	0	0	0	S
NMDC20582197	0	0	0	0	0	1	0	0	0	0	1	0	0	0	0	0	0	0	0	0	0	0	0	0	0	0	0	0	1	1	S
NMDC20582198	0	0	0	0	0	1	0	0	0	0	1	0	0	0	0	0	0	0	0	0	0	0	0	0	0	0	0	0	1	1	S
NMDC20552687	0	0	0	0	0	1	0	0	0	0	1	0	0	0	0	0	0	0	0	0	0	0	0	0	0	0	0	0	1	1	S
NMDC20552688	0	0	0	0	0	1	0	0	0	0	1	0	0	0	0	0	0	0	0	0	0	0	0	0	0	0	0	0	1	1	S
NMDC20556684	0	0	0	0	0	1	0	0	0	0	1	0	0	0	0	0	0	0	0	0	0	0	0	0	0	0	0	0	1	1	S
NMDC20550679	0	0	0	0	0	1	0	0	0	0	1	0	0	0	0	0	0	0	0	0	0	0	0	0	0	0	0	0	1	1	S
NMDC20556694	0	0	0	0	0	1	0	0	0	0	0	0	0	0	0	0	0	0	0	0	1	1	0	0	0	0	0	0	0	0	S
NMDC20582201	0	0	0	0	0	1	0	0	0	0	0	0	0	0	1	0	0	1	1	0	1	1	0	0	0	0	0	0	0	1	S
NMDC20582202	0	0	1	0	1	0	0	0	0	0	0	1	0	0	0	1	0	0	1	0	0	0	0	0	0	0	0	0	0	0	S
NMDC20552690	0	0	0	0	0	1	0	0	0	0	1	0	0	0	0	0	0	0	0	0	0	0	0	0	0	0	0	0	1	1	S
NMDC20556685	0	0	0	0	0	1	0	0	0	0	1	0	0	0	0	0	0	0	0	0	0	0	0	0	0	0	0	0	1	1	S
NMDC20554684	0	0	0	0	0	1	0	1	0	0	0	1	0	0	0	0	0	0	1	0	1	1	0	0	0	0	0	0	0	0	S
NMDC20582205	0	0	0	0	0	1	0	0	0	0	1	0	0	0	0	0	0	0	0	0	0	0	0	0	0	0	0	0	1	1	S
NMDC20582207	0	0	0	0	0	1	0	0	0	0	1	0	0	0	0	0	0	0	0	0	0	0	0	0	0	0	0	0	1	1	S
NMDC20552692	0	0	0	0	0	0	0	1	0	0	0	1	0	0	0	0	0	0	0	0	0	0	0	0	0	0	1	0	0	1	S
NMDC20556686	0	0	0	0	0	1	0	1	0	0	0	1	0	0	1	0	1	1	1	0	0	1	1	0	1	0	0	0	1	1	S
NMDC20582209	0	0	0	0	0	1	0	0	0	0	1	1	0	0	0	0	0	0	0	0	0	1	0	0	0	0	0	0	0	1	S
NMDC20554685	0	0	0	0	0	1	0	1	0	0	0	1	0	0	1	0	1	1	1	0	0	1	0	0	1	0	0	0	1	1	S
NMDC20550681	0	0	0	0	0	1	0	1	0	0	0	1	0	0	1	0	1	1	0	0	0	1	0	0	1	0	0	0	1	1	S
NMDC20556687	0	0	0	0	0	0	0	0	0	0	0	1	0	0	1	0	0	0	0	0	0	1	0	0	0	0	0	1	1	0	S
NMDC20554686	0	0	0	0	0	1	0	1	0	0	0	1	0	0	1	0	1	1	0	0	0	1	0	0	1	0	0	0	1	1	S
NMDC20556688	0	0	0	0	0	1	0	1	0	0	1	1	0	0	1	0	0	0	0	0	1	1	0	0	0	0	0	0	0	1	S
NMDC20554687	0	0	0	0	0	1	0	0	0	0	1	1	0	0	0	0	0	0	0	0	0	1	0	0	0	0	0	0	0	1	S
NMDC20554689	0	0	0	0	0	1	0	0	0	0	1	0	0	0	0	0	0	0	0	0	0	0	0	0	0	0	0	0	1	1	S
NMDC20582210	0	0	0	0	0	1	0	0	0	0	1	0	0	0	0	0	0	0	0	0	0	0	0	0	0	0	0	0	1	1	S
NMDC20582211	0	0	0	0	0	1	0	1	0	0	0	1	0	0	1	0	1	1	0	0	0	1	0	0	1	0	0	0	1	1	S
NMDC20552695	0	0	0	0	0	0	0	0	0	0	0	0	0	0	0	0	1	1	0	1	0	0	0	1	0	0	0	0	0	0	S
NMDC20582212	0	0	0	0	0	1	0	1	0	0	0	1	0	0	1	0	1	1	0	0	0	1	0	0	1	0	0	0	1	1	S
NMDC20550686	0	0	0	0	0	1	0	0	0	0	1	0	0	0	0	0	0	0	0	0	0	0	0	0	0	0	0	0	1	1	S
NMDC20582213	0	0	0	0	0	1	0	0	0	0	1	0	0	0	0	0	0	0	0	0	0	0	0	0	0	0	0	0	1	1	S
NMDC20550683	0	0	0	0	0	1	0	1	0	0	0	1	0	0	1	0	1	1	0	0	0	1	0	0	1	0	0	0	1	1	S
NMDC20582215	0	0	0	0	0	1	0	0	0	0	1	0	0	0	0	0	0	0	0	0	0	0	0	0	0	0	0	0	1	1	S
NMDC20552696	0	0	0	0	0	1	0	0	0	0	1	0	0	0	0	0	0	0	0	0	0	0	0	0	0	0	0	0	1	1	S
NMDC20556689	0	0	0	0	0	1	0	0	0	0	1	0	0	0	0	0	0	0	0	0	0	0	0	0	0	0	0	0	1	1	S
NMDC20550685	0	0	0	0	0	1	0	0	0	0	1	0	0	0	0	0	0	0	0	0	0	0	0	0	0	0	0	0	1	1	S
NMDC20582217	0	0	0	0	0	1	0	0	0	0	1	0	0	0	0	0	0	0	0	0	0	0	0	0	0	0	0	0	1	1	S
NMDC20556691	0	0	0	0	0	1	0	1	0	0	0	1	0	0	1	0	1	1	0	0	0	1	0	0	1	0	0	0	1	1	S
NMDC20582218	0	0	0	0	0	1	0	1	0	0	0	1	0	0	1	0	1	1	0	0	0	1	0	0	1	0	0	0	1	1	S
NMDC20554690	0	0	0	0	0	1	0	1	0	0	0	1	0	0	1	0	1	1	0	0	0	1	0	0	1	0	0	0	1	1	S
NMDC20552700	0	0	0	0	0	1	0	0	0	0	1	0	0	0	0	0	0	0	0	0	0	0	0	0	0	0	0	0	1	1	S
NMDC20550687	0	0	0	0	0	1	0	0	0	0	1	0	0	0	0	0	0	0	0	0	0	0	0	0	0	0	0	0	1	1	S
NMDC20582220	0	0	0	0	0	1	0	0	0	0	1	0	0	0	0	0	0	0	0	0	0	0	0	0	0	0	0	0	1	1	S
NMDC20556696	0	0	0	0	0	1	0	0	0	0	1	0	0	0	0	0	0	0	0	0	0	0	0	0	0	0	0	0	1	1	S
NMDC20550688	0	0	0	0	0	1	0	0	0	0	1	0	0	0	0	0	0	0	0	0	0	0	0	0	0	0	0	0	1	1	S
NMDC20550689	0	0	0	0	0	1	0	1	0	0	0	1	0	0	1	0	1	1	1	0	0	1	0	0	1	0	0	0	1	1	S
NMDC20582221	0	0	0	0	0	0	0	0	0	0	0	1	0	0	0	0	0	0	0	0	0	0	0	0	0	0	0	0	0	1	S
NMDC20550690	0	0	0	0	0	1	0	1	0	0	0	1	1	0	1	0	0	0	0	0	1	1	0	0	0	0	0	0	1	1	S
NMDC20552699	0	0	0	0	0	1	0	1	0	0	0	1	0	0	1	0	1	1	0	0	0	1	0	0	1	0	0	0	1	1	S
NMDC20550692	0	0	0	0	0	1	0	0	0	0	1	0	0	0	0	0	0	0	0	0	0	0	0	0	0	0	0	0	1	1	S
NMDC20582222	0	0	0	0	0	1	0	0	0	0	1	0	0	0	0	0	0	0	0	0	0	0	0	0	0	0	0	0	1	1	S
NMDC20582223	0	0	0	0	0	1	0	0	0	0	1	0	0	0	0	0	0	0	0	0	0	0	0	0	0	0	0	0	1	1	S
NMDC20554691	0	0	0	0	0	1	0	1	0	0	0	1	0	0	1	0	1	1	0	0	0	1	0	0	1	0	0	0	1	1	S
NMDC20554692	0	0	0	0	0	1	0	0	0	0	1	0	0	0	0	0	0	0	0	0	0	0	0	0	0	0	0	0	1	1	S
NMDC20556698	0	0	0	0	0	0	0	0	0	0	1	0	0	0	0	0	0	0	0	0	1	1	0	0	0	0	1	0	1	1	S
NMDC20552701	0	0	0	0	0	1	0	1	0	0	0	1	0	0	1	0	1	1	0	0	1	0	0	0	1	0	1	0	0	1	S
NMDC20550691	0	0	0	0	0	0	0	0	0	0	1	0	0	0	0	0	0	0	0	0	1	1	0	0	0	0	1	0	1	1	S
NMDC20582225	0	0	0	0	0	1	0	0	0	0	1	0	0	0	0	0	0	0	0	0	0	0	0	0	0	0	0	0	1	1	S
NMDC20582226	0	0	1	1	1	1	0	1	0	0	0	1	1	0	1	1	0	0	1	0	1	1	0	0	0	0	0	0	1	1	S
NMDC20550693	0	0	0	0	0	1	0	1	0	0	0	1	0	0	1	0	1	1	0	0	0	1	0	0	1	0	0	0	1	1	S
NMDC20556699	0	0	0	0	0	1	0	0	0	0	1	0	0	0	0	0	0	0	0	0	0	0	0	0	0	0	0	0	1	1	S
NMDC20582228	0	0	0	0	0	1	0	1	0	0	0	1	0	0	1	0	1	1	0	0	0	1	0	0	1	0	0	0	1	1	S
NMDC20556700	0	0	0	0	0	1	0	1	0	0	0	1	1	0	1	0	0	0	0	0	1	1	0	0	0	0	0	0	1	1	S
NMDC20552702	0	0	0	0	0	1	0	1	0	0	0	1	1	0	1	0	0	0	0	0	1	1	0	0	0	0	0	0	1	1	S
NMDC20582229	0	0	0	0	0	1	0	1	0	0	0	1	1	0	1	0	0	0	0	0	1	1	0	0	0	0	0	0	1	1	S
NMDC20556702	0	0	0	0	0	0	0	0	0	0	1	0	0	0	0	0	0	0	0	0	1	1	0	0	0	0	1	0	1	1	S
NMDC20552703	0	0	0	0	0	0	0	0	0	0	1	0	0	0	0	0	0	0	0	0	1	1	0	0	0	0	1	0	1	1	S
NMDC20552704	0	0	0	0	0	1	0	1	0	0	0	1	1	0	1	0	0	0	0	0	1	1	0	0	0	0	0	0	1	1	S
NMDC20582232	0	0	0	0	0	1	0	1	0	0	0	1	1	0	1	0	0	0	0	0	1	1	0	0	0	0	0	0	1	1	S
NMDC20552705	0	0	0	0	0	1	0	1	0	0	0	1	1	0	1	0	0	0	0	0	1	1	0	0	0	0	0	0	1	1	S
NMDC20550696	0	0	1	0	1	1	0	1	0	0	0	1	1	0	1	1	0	0	1	0	1	1	0	0	0	0	0	0	1	1	S
NMDC20582233	0	0	0	0	0	1	0	1	0	0	0	1	1	0	1	0	0	0	0	0	1	1	0	0	0	0	0	0	1	1	S
NMDC20582234	0	0	0	0	0	1	0	1	0	0	0	1	1	0	1	0	0	0	0	0	1	1	0	0	0	0	0	0	1	1	S
NMDC20582235	0	0	0	0	0	1	0	1	0	0	0	1	0	0	1	0	1	1	0	0	0	1	0	0	1	0	0	0	1	1	S
NMDC20582236	0	0	0	0	0	1	0	1	0	0	0	1	1	0	1	0	0	0	0	0	1	1	0	0	0	0	0	0	1	1	S
NMDC20554693	0	0	0	0	0	1	0	1	0	0	0	1	1	0	1	0	0	0	0	0	1	1	0	0	0	0	0	0	1	1	S
NMDC20550695	0	0	0	0	0	1	0	1	0	0	0	1	1	0	1	0	0	0	0	0	1	1	0	0	0	0	0	0	1	1	S
NMDC20554694	0	0	0	0	0	1	0	1	0	0	0	1	0	0	0	0	0	0	1	0	1	1	0	0	0	0	0	0	0	0	S
NMDC20556705	0	0	0	0	0	1	0	0	0	0	1	0	0	0	0	0	0	0	0	0	0	0	0	0	0	0	0	0	1	1	S
NMDC20582237	0	0	0	0	0	1	0	1	0	0	0	1	1	0	1	0	0	0	0	0	1	1	0	0	0	0	0	0	1	1	S
NMDC20554695	0	0	0	0	0	1	0	1	0	0	0	1	1	0	1	0	0	0	0	0	1	1	0	0	0	0	0	0	1	1	S
NMDC20582238	0	0	0	0	0	1	0	1	0	0	0	1	1	0	1	0	0	0	0	0	1	1	0	0	0	0	0	0	1	1	S
NMDC20554696	1	0	0	0	0	1	0	1	0	0	0	1	0	0	1	0	0	1	0	0	0	1	0	0	0	0	0	0	0	0	S
NMDC20556703	0	0	0	0	0	1	0	1	0	0	0	1	1	0	1	0	0	0	0	0	1	1	0	0	0	0	0	0	1	1	S
NMDC20550697	0	0	1	0	1	0	0	0	0	0	0	1	0	0	0	1	0	0	1	0	0	0	0	0	0	0	0	0	0	0	S
NMDC20556706	0	0	0	0	0	0	0	0	0	0	1	0	0	0	0	0	0	0	0	0	1	1	0	0	0	0	1	0	1	1	S
NMDC20552709	0	0	0	0	0	1	0	1	0	0	0	1	1	0	1	0	0	0	0	0	1	1	0	0	0	0	0	0	1	1	S
NMDC20552710	0	0	0	0	0	1	0	1	0	0	0	1	1	0	1	0	0	0	0	0	1	1	0	0	0	0	0	0	1	1	S
NMDC20556707	0	0	0	0	0	0	0	0	0	0	1	0	0	0	0	0	0	0	0	0	1	1	0	0	0	0	1	0	1	1	S
NMDC20582240	0	0	0	0	0	1	0	1	0	0	0	1	1	0	1	0	0	0	0	0	1	1	0	0	0	0	0	0	1	1	S
NMDC20556708	0	0	0	0	0	1	0	1	0	0	0	1	1	0	1	0	0	0	0	0	1	1	0	0	0	0	0	0	1	1	S
NMDC20582243	0	0	0	0	0	1	0	0	0	0	1	0	0	0	0	0	0	0	0	0	0	0	0	0	0	0	0	0	1	1	S
NMDC20556709	0	0	0	0	0	1	0	0	0	0	1	0	0	0	0	0	0	0	0	0	0	0	0	0	0	0	0	0	1	1	S
NMDC20554698	0	0	0	0	0	1	0	0	0	0	1	0	0	0	0	0	0	0	0	0	0	0	0	0	0	0	0	0	1	1	S
NMDC20582245	0	0	0	0	0	1	0	1	0	0	0	1	0	0	1	0	1	1	0	0	0	1	0	0	1	0	0	0	1	1	S
NMDC20582247	0	0	0	0	0	1	0	0	0	0	1	0	0	0	0	0	0	0	0	0	0	0	0	0	0	0	0	0	1	1	S
NMDC20552713	0	0	0	0	0	1	0	1	0	0	0	1	0	0	1	0	1	1	0	0	0	1	0	0	1	0	0	0	1	1	S
NMDC20582248	0	0	0	0	0	1	0	0	0	0	1	0	0	0	0	0	0	0	0	0	0	0	0	0	0	0	0	0	1	1	S
NMDC20582249	0	0	0	0	0	1	0	1	0	0	0	1	0	0	1	0	1	1	1	0	0	1	0	0	1	0	0	0	1	1	S
NMDC20582251	0	0	1	0	1	0	0	0	0	0	0	1	0	0	0	1	0	0	1	0	0	0	0	0	0	0	0	0	0	0	S
NMDC20552714	0	0	0	0	0	0	0	0	0	0	0	1	0	0	0	0	1	0	0	0	1	1	0	0	1	0	0	0	1	0	S
NMDC20552715	0	0	0	0	0	0	0	0	0	0	0	0	0	0	1	0	0	0	0	0	0	1	0	0	0	0	0	1	1	0	S
NMDC20582253	0	0	0	0	0	1	0	1	0	0	0	1	0	0	0	0	0	0	1	0	1	1	0	0	0	0	0	0	0	0	S
NMDC20582254	0	0	0	0	0	1	0	1	0	0	0	1	0	0	0	0	1	1	0	0	1	1	0	1	0	0	1	0	0	1	S
NMDC20582255	0	0	0	0	0	1	0	1	0	0	0	1	0	0	1	0	1	1	0	0	0	1	0	0	1	0	0	0	1	1	S
NMDC20552716	0	0	0	0	0	1	0	1	0	0	0	1	0	0	1	0	1	1	0	0	0	1	0	0	1	0	0	0	1	1	S
NMDC20582259	0	0	0	0	0	1	0	0	0	0	1	0	0	0	0	0	0	0	0	0	0	0	0	0	0	0	0	0	1	1	S
NMDC20556712	0	0	0	0	0	1	0	0	0	0	1	0	0	0	0	0	0	0	0	0	0	0	0	0	0	0	0	0	1	1	S
NMDC20554699	0	0	0	0	0	1	0	1	0	0	0	1	0	0	1	0	1	1	0	0	0	1	0	0	1	0	0	0	1	1	S
NMDC20552718	0	0	0	0	0	1	0	1	0	0	0	1	0	0	1	0	1	1	0	0	0	1	0	0	1	0	0	0	1	1	S
NMDC20582260	0	0	0	0	0	1	0	0	0	0	1	0	0	0	0	0	0	0	0	0	0	0	0	0	0	0	0	0	1	1	S
NMDC20554700	0	0	0	0	0	1	0	1	0	0	0	1	1	0	1	0	0	0	0	0	1	1	0	0	0	0	0	0	1	1	S
NMDC20556713	0	0	0	0	0	0	0	0	0	0	0	1	0	0	0	0	1	1	0	0	0	0	0	0	1	0	0	0	0	1	S
NMDC20550699	0	0	0	0	0	1	0	1	0	0	0	1	0	0	1	0	1	1	0	0	0	1	0	0	1	0	0	0	1	1	S
NMDC20556714	0	0	0	0	0	1	0	1	0	0	0	1	0	0	1	0	1	1	0	0	0	1	0	0	1	0	0	0	1	1	S
NMDC20552717	0	0	0	0	0	1	0	1	0	0	0	1	0	0	1	0	1	1	0	0	0	1	0	0	1	0	0	0	1	1	S
NMDC20582261	0	0	0	0	0	1	0	1	0	0	0	1	0	0	1	0	1	1	0	0	0	1	0	0	1	0	0	0	1	1	S
NMDC20556715	0	0	0	0	0	1	0	1	0	0	0	1	0	0	1	0	1	1	0	0	0	1	0	0	1	0	0	0	1	1	S
NMDC20550700	0	0	0	0	0	1	0	0	0	0	1	0	0	0	0	0	0	0	0	0	0	0	0	0	0	0	0	0	1	1	S
NMDC20582263	0	0	0	0	0	1	0	1	0	0	0	1	0	0	1	0	1	1	0	0	0	1	0	0	1	0	0	0	1	1	S
NMDC20554701	0	0	0	0	0	1	0	1	0	0	0	1	1	0	1	0	0	0	0	0	1	1	0	0	0	0	0	0	1	1	S
NMDC20582264	0	0	0	0	0	1	0	0	0	0	1	0	0	0	0	0	0	0	0	0	0	0	0	0	0	0	0	0	1	1	S
NMDC20550701	0	0	0	0	0	1	0	1	0	0	0	1	0	0	1	0	1	1	0	0	0	1	0	0	1	0	0	0	1	1	S
NMDC20556716	0	0	0	0	0	1	0	0	0	0	1	0	0	0	0	0	0	0	0	0	0	0	0	0	0	0	0	0	1	1	S
NMDC20582265	0	0	0	0	0	1	0	0	0	0	1	0	0	0	0	0	0	0	0	0	0	0	0	0	0	0	0	0	1	1	S
NMDC20582266	0	0	0	0	0	1	0	1	0	0	0	1	0	0	1	0	1	1	0	0	0	1	0	0	1	0	0	0	1	1	S
NMDC20582267	0	0	0	0	0	1	0	0	0	0	1	0	0	0	0	0	0	0	0	0	0	0	0	0	0	0	0	0	1	1	S
NMDC20552721	0	0	0	0	0	1	0	0	0	0	1	0	0	0	0	0	0	0	0	0	0	0	0	0	0	0	0	0	1	1	S
NMDC20582268	0	0	0	0	0	1	0	0	0	0	1	0	0	0	0	0	0	0	0	0	0	0	0	0	0	0	0	0	1	1	S
NMDC20552720	0	0	0	0	0	1	0	0	0	0	1	0	0	0	0	0	0	0	0	0	0	0	0	0	0	0	0	0	1	1	S
NMDC20554702	0	0	0	0	0	0	0	0	0	0	0	0	0	0	0	0	0	0	0	0	0	1	0	0	0	0	0	0	0	0	S
NMDC20582272	0	0	0	0	0	1	0	0	0	0	1	0	0	0	0	0	0	0	0	0	0	0	0	0	0	0	0	0	1	1	S
NMDC20550703	0	0	0	0	0	0	0	0	0	0	0	1	0	0	0	0	1	0	0	0	1	1	0	0	1	0	0	0	1	0	S
NMDC20552722	0	0	0	0	0	1	0	1	0	0	0	1	0	0	1	0	1	1	0	0	0	1	0	0	1	0	0	0	1	1	S
NMDC20582274	0	0	0	0	0	1	0	0	0	0	0	1	0	0	0	0	0	0	0	0	0	1	0	0	0	0	1	0	0	1	S
NMDC20556720	0	0	0	0	0	1	0	1	0	0	0	1	0	0	1	0	1	1	0	0	0	1	0	0	1	0	0	0	1	1	S
NMDC20550704	0	0	0	0	0	1	0	1	0	0	0	1	0	0	1	0	1	1	0	0	0	1	0	0	1	0	0	0	1	1	S
NMDC20554703	0	0	0	0	0	1	0	1	0	0	0	1	0	0	1	0	1	1	1	0	0	1	0	0	1	0	0	0	1	1	S
NMDC20582278	0	0	0	0	0	1	0	1	0	0	0	1	0	0	1	0	1	1	0	0	0	1	0	0	1	0	0	0	1	1	S
NMDC20556722	0	0	0	0	0	1	0	1	0	0	0	1	0	0	1	0	1	1	0	0	0	1	0	0	1	0	0	0	1	1	S
NMDC20582279	0	0	0	0	0	1	0	0	0	0	0	0	0	0	0	0	0	0	0	0	1	1	0	0	0	0	0	0	0	0	S
NMDC20554704	0	0	0	0	0	0	0	0	0	0	0	0	0	0	0	0	0	0	1	0	0	1	0	0	1	0	0	1	0	0	S
NMDC20554705	0	0	0	0	0	1	0	1	0	0	0	1	0	0	1	0	1	1	0	0	0	1	0	0	1	0	0	0	1	1	S
NMDC20582280	0	0	0	0	0	1	0	1	0	0	0	1	1	0	1	0	0	0	0	0	1	1	0	0	0	0	0	0	1	1	S
NMDC20550705	0	0	0	0	0	1	0	1	0	0	0	1	0	0	1	0	1	1	0	0	0	1	0	0	1	0	0	0	1	1	S
NMDC20582281	0	0	0	0	0	1	0	1	0	0	0	1	0	0	1	0	1	1	0	0	0	1	0	0	1	0	0	0	1	1	S
NMDC20556723	0	0	0	0	0	1	0	0	0	0	0	1	0	0	0	0	0	0	0	0	1	1	0	0	0	0	0	0	1	0	S
NMDC20582282	0	0	0	0	0	1	0	1	0	0	0	1	0	0	1	0	1	1	0	0	0	1	0	0	1	0	0	0	1	1	S
NMDC20550706	0	1	1	0	1	1	0	1	0	0	0	1	0	1	1	1	1	1	1	0	0	1	0	0	1	0	0	0	1	1	S
NMDC20552723	0	0	0	0	0	0	0	0	0	0	0	0	0	0	0	0	0	0	0	0	0	1	0	0	1	0	0	1	0	0	S
NMDC20556726	0	0	0	0	0	1	0	1	0	0	0	1	0	0	1	0	1	0	0	0	1	0	1	0	1	0	0	0	0	1	S
NMDC20556724	0	0	0	0	0	1	0	0	0	0	1	0	0	0	0	0	0	0	0	0	0	0	0	0	0	0	0	0	1	1	S
NMDC20550709	0	0	0	0	0	1	0	0	0	0	0	1	0	0	0	0	0	0	1	0	1	1	0	0	0	0	1	0	1	0	S
NMDC20556725	0	0	0	0	0	1	0	0	0	0	0	1	0	0	0	0	0	0	0	0	0	1	0	0	0	1	1	0	0	1	S
NMDC20550710	0	0	0	0	0	1	0	1	0	0	0	1	0	0	1	0	1	1	0	0	0	1	0	0	1	0	0	0	1	1	S
NMDC20582283	0	0	0	0	0	0	0	0	0	0	0	0	0	0	0	0	1	1	0	1	0	0	0	1	0	0	0	0	0	0	S
NMDC20582284	0	0	0	0	0	1	0	0	0	0	1	0	0	0	0	0	0	0	0	0	0	0	0	0	0	0	0	0	1	1	S
NMDC20554707	0	0	0	0	0	1	0	1	0	0	0	1	0	0	1	0	1	1	0	0	0	1	0	0	1	0	0	0	1	1	S
NMDC20552724	0	0	0	0	0	1	0	0	0	0	1	0	0	0	0	0	0	0	0	0	0	0	0	0	0	0	0	0	1	1	S
NMDC20552733	0	0	0	0	0	1	0	1	0	0	0	1	1	0	1	0	0	0	0	0	1	1	0	0	0	0	0	0	1	1	S
NMDC20550712	0	0	0	0	0	1	0	1	0	0	0	1	0	0	1	0	1	1	0	0	0	1	1	0	1	0	0	0	1	1	S
NMDC20554709	0	0	0	0	0	1	0	0	0	0	0	0	0	0	0	0	0	0	1	0	0	0	0	0	0	0	0	0	0	1	S
NMDC20582285	0	0	0	0	0	1	0	1	0	0	0	1	0	0	1	0	1	1	1	0	0	1	0	0	1	0	0	0	1	1	S
NMDC20554710	0	0	0	0	0	1	0	1	0	0	0	1	0	0	1	0	1	1	1	0	0	1	0	0	1	0	0	0	1	1	S
NMDC20582286	0	0	0	0	0	1	0	0	0	0	1	0	0	0	0	0	0	0	0	0	0	0	0	0	0	0	0	0	1	1	S
NMDC20554711	0	0	1	0	1	0	0	0	0	0	0	1	0	0	0	1	0	0	1	0	0	0	0	0	0	0	0	0	0	0	S
NMDC20554712	0	0	0	0	0	1	0	1	0	0	0	1	0	0	1	0	1	1	0	0	0	1	0	0	1	0	0	0	1	1	S
NMDC20552725	0	0	0	0	0	1	0	1	0	0	0	1	0	0	1	0	1	1	0	0	0	1	0	0	1	0	0	0	1	1	S
NMDC20550713	0	0	1	0	0	0	0	0	0	0	0	0	0	0	0	1	1	0	0	0	0	0	0	0	1	0	0	0	1	0	S
NMDC20550714	0	0	1	0	0	1	0	1	0	0	0	1	0	0	1	1	1	1	0	0	0	1	0	0	1	0	0	0	1	1	S
NMDC20556727	0	0	1	0	0	1	0	1	0	0	0	1	0	0	1	1	1	1	0	0	0	1	0	0	1	0	0	0	1	1	S
NMDC20554713	0	0	1	0	1	0	0	0	0	0	0	1	0	0	0	1	0	0	1	0	0	0	0	0	0	0	0	0	0	0	S
NMDC20582288	0	0	0	0	0	1	0	0	0	0	1	0	0	0	0	0	0	0	0	0	0	0	0	0	0	0	0	0	1	1	S
NMDC20556728	0	0	0	0	0	1	0	1	0	0	0	1	0	0	1	0	1	1	0	0	0	1	0	0	1	0	0	0	1	1	S
NMDC20550716	0	0	0	0	0	0	0	0	0	0	0	1	0	0	0	0	0	0	0	0	1	1	0	0	0	0	1	0	1	1	S
NMDC20582290	0	0	0	0	0	1	0	1	0	0	0	1	0	0	0	0	0	0	0	0	0	0	0	1	0	0	0	0	1	1	S
NMDC20552726	0	0	0	0	0	1	0	1	0	0	0	1	0	0	1	0	1	1	0	0	0	1	0	0	1	0	0	0	1	1	S
NMDC20582291	0	0	0	0	0	1	0	0	0	0	1	0	0	0	0	0	0	0	0	0	0	0	0	0	0	0	0	0	1	1	S
NMDC20552730	0	0	0	0	0	1	0	1	0	0	0	1	0	0	1	0	1	1	1	0	0	1	0	0	1	0	0	0	1	1	S
NMDC20582295	0	0	0	0	0	1	0	1	0	0	0	1	0	0	1	0	1	1	0	0	1	0	0	0	1	0	1	0	0	1	S
NMDC20554715	0	0	0	0	0	1	0	0	0	0	1	0	0	0	0	0	0	0	0	0	0	0	0	0	0	0	0	0	1	1	S
NMDC20556729	0	0	0	0	0	0	0	0	0	0	1	0	0	0	0	0	0	0	0	1	0	0	0	1	0	0	0	0	1	1	S
NMDC20552728	0	0	0	0	0	1	0	1	0	0	0	1	0	0	1	0	1	1	0	0	0	1	1	0	1	0	0	0	1	1	S
NMDC20552729	0	0	0	0	0	0	0	0	0	0	0	0	0	0	0	0	0	0	0	0	0	1	0	0	1	0	0	1	0	0	S
NMDC20550718	0	0	0	0	0	1	0	0	0	0	1	0	0	0	0	0	0	0	0	0	0	0	0	0	0	0	0	0	1	1	S
NMDC20550719	0	0	0	0	0	1	0	0	0	0	0	1	0	0	1	0	0	1	0	0	0	0	0	0	0	0	1	0	1	1	S
NMDC20550721	0	0	0	0	0	0	0	0	0	0	0	0	0	0	1	0	0	0	1	0	0	1	1	0	0	0	0	1	1	0	S
NMDC20582297	0	0	0	0	0	1	0	0	0	0	1	1	0	0	0	0	0	0	0	0	1	1	0	0	0	0	1	0	1	0	S
NMDC20552731	0	0	0	0	0	1	0	1	0	0	0	1	0	0	1	0	1	1	0	0	0	1	0	0	1	0	0	0	1	1	S
NMDC20582299	0	0	0	0	0	1	0	1	0	0	0	1	0	0	1	0	1	1	0	0	0	1	0	0	1	0	0	0	1	1	S
NMDC20550724	0	0	0	0	0	1	0	1	0	0	0	1	0	0	1	0	1	1	0	0	0	1	0	0	1	0	0	0	1	1	S
NMDC20582301	0	0	0	0	0	1	0	0	0	0	1	0	0	0	0	0	0	0	0	0	0	0	0	0	0	0	0	0	1	1	S
NMDC20582302	0	0	0	0	0	0	0	0	0	0	0	1	0	0	0	0	0	0	0	0	1	1	0	0	0	0	1	0	1	1	S
NMDC20582303	0	0	0	0	0	1	0	0	0	0	0	1	0	0	0	0	0	0	0	0	1	1	0	0	0	0	1	0	0	1	S
NMDC20554717	0	0	0	0	0	1	0	0	0	0	1	0	0	0	0	0	0	0	0	0	0	0	0	0	0	0	0	0	1	1	S
NMDC20556732	0	0	0	0	0	1	0	0	0	0	1	0	0	0	0	0	0	0	0	0	0	0	0	0	0	0	0	0	1	1	S
NMDC20556733	0	0	0	0	0	0	0	0	0	0	0	1	0	0	0	0	0	0	0	0	0	0	0	0	0	0	0	0	0	0	S
NMDC20552732	0	0	0	0	0	1	0	0	0	0	1	0	0	0	0	0	0	0	0	0	0	0	0	0	0	0	0	0	1	1	S
NMDC20554719	0	0	0	0	0	0	0	0	0	0	0	1	0	0	0	0	1	0	0	0	1	1	0	0	1	0	0	0	1	0	S
NMDC20554720	0	0	0	0	0	1	0	1	0	0	0	1	0	0	1	0	1	1	0	0	0	1	0	0	1	0	0	0	1	1	S
NMDC20582309	0	0	1	0	1	0	0	0	0	0	0	1	0	0	0	1	0	0	1	0	0	0	0	0	0	0	0	0	0	0	S
NMDC20554721	0	0	0	0	0	1	0	1	0	0	0	1	0	0	1	0	1	1	0	0	0	1	0	0	1	0	0	0	1	1	S
NMDC20556734	0	0	1	0	1	0	0	0	0	0	1	0	0	0	0	1	0	0	1	1	0	0	0	1	0	0	0	0	1	1	S
NMDC20550726	0	0	0	0	0	1	0	0	0	0	1	0	0	0	0	0	0	0	0	0	0	0	0	0	0	0	0	0	1	1	S
NMDC20552735	0	0	0	0	0	0	0	0	0	0	0	1	0	0	0	0	0	0	0	0	0	0	0	0	0	0	0	0	0	0	S
NMDC20550727	0	0	0	0	0	1	0	1	0	0	0	1	0	0	0	0	0	0	0	0	1	1	0	0	0	0	0	0	0	0	S
NMDC20552737	0	0	0	0	0	1	0	1	0	0	0	1	0	0	1	0	1	1	0	0	1	0	0	0	1	0	1	0	0	1	S
NMDC20582311	0	0	0	0	0	1	0	0	0	0	1	0	0	0	0	0	0	0	0	0	0	0	0	0	0	0	0	0	1	1	S
NMDC20582312	0	0	0	0	0	1	0	0	0	0	0	0	0	0	0	0	0	0	0	0	1	1	0	0	0	0	0	0	0	0	S
NMDC20556735	0	0	0	0	0	0	0	0	0	0	0	0	0	0	0	0	1	0	0	0	0	1	0	0	0	0	0	0	1	0	S
NMDC20582313	0	0	0	0	0	1	0	0	0	0	0	0	0	0	1	0	0	1	1	0	1	1	0	0	0	0	0	0	0	1	S
NMDC20550728	0	0	0	0	0	1	0	0	0	0	1	0	0	0	0	0	0	0	0	0	0	0	0	0	0	0	0	0	1	1	S
NMDC20556736	0	0	0	0	0	0	0	0	0	0	0	1	0	0	0	0	1	0	0	0	1	1	0	0	1	0	0	0	1	0	S
NMDC20550729	0	0	0	0	0	1	0	1	0	0	0	1	0	0	0	0	0	0	0	0	0	0	0	1	0	0	0	0	1	1	S
NMDC20582315	0	0	0	0	0	1	0	0	0	0	1	0	0	0	0	0	0	0	1	0	0	0	0	0	0	0	0	0	1	1	S
NMDC20550730	0	0	0	0	0	1	0	1	0	0	0	1	0	0	1	0	1	1	0	0	0	1	0	0	1	0	0	0	1	1	S
NMDC20550732	0	0	0	0	0	1	0	0	0	0	1	0	0	0	0	0	0	0	0	0	0	0	0	0	0	0	0	0	1	1	S
NMDC20582317	0	0	0	0	0	1	0	1	0	0	0	1	0	0	1	0	1	1	0	0	0	1	0	0	1	0	0	0	1	1	S
NMDC20582318	0	0	0	0	0	1	0	0	0	0	1	0	0	0	0	0	0	0	0	0	0	0	0	0	0	0	0	0	1	1	S
NMDC20582319	0	0	0	0	0	1	0	1	0	0	0	1	0	0	1	0	1	1	0	0	0	1	0	0	1	0	0	0	1	1	S
NMDC20550733	0	0	0	0	0	1	0	1	0	0	0	1	0	0	1	0	1	1	0	0	0	1	0	0	1	0	0	0	1	1	S
NMDC20552739	0	0	0	0	0	0	0	0	0	0	0	0	0	0	1	0	0	0	0	0	0	1	0	0	0	0	0	1	1	0	S
NMDC20582320	0	0	0	0	0	1	0	1	0	0	0	1	0	0	1	0	1	1	0	0	0	1	0	0	1	0	0	0	1	1	S
NMDC20582321	0	0	0	0	0	0	0	1	0	0	0	1	0	0	0	0	0	0	0	0	0	1	0	0	0	0	0	0	0	1	S
NMDC20582322	0	0	0	0	0	1	0	1	0	0	0	1	0	0	1	0	1	1	1	0	0	1	0	0	1	0	0	0	1	1	S
NMDC20582323	0	0	0	0	0	1	0	1	0	0	0	1	0	0	1	0	1	1	0	0	0	1	0	0	1	0	0	0	1	1	S
NMDC20554723	0	0	0	0	0	1	0	0	0	0	1	0	0	0	0	0	0	0	0	0	0	0	0	0	0	0	0	0	1	1	S
NMDC20556738	0	0	0	0	0	1	0	0	0	0	1	0	0	0	0	0	0	0	0	0	0	0	0	0	0	0	0	0	1	1	S
NMDC20556739	0	0	0	0	0	1	0	1	0	0	0	1	0	0	1	0	1	1	0	0	0	1	0	0	1	0	0	0	1	1	S
NMDC20554724	0	0	0	0	0	1	0	1	0	0	0	1	0	0	1	0	1	1	0	0	0	1	0	0	1	0	0	0	1	1	S
NMDC20582324	0	0	0	0	0	1	0	1	0	0	0	1	0	0	1	0	1	1	0	0	0	1	0	0	1	0	0	0	1	1	S
NMDC20550734	0	0	0	0	0	1	0	0	0	0	1	0	0	0	0	0	0	0	0	0	0	0	0	0	0	0	0	0	1	1	S
NMDC20554725	0	0	0	0	0	1	0	0	0	0	1	0	0	0	0	0	0	0	0	0	0	0	0	0	0	0	0	0	1	1	S
NMDC20582325	0	0	0	0	0	1	0	1	0	0	0	1	0	0	1	0	0	0	0	0	1	1	0	0	1	0	0	0	0	1	S
NMDC20556740	0	0	0	0	0	1	0	1	0	0	0	1	0	0	1	0	1	1	0	0	0	1	0	0	1	0	0	0	1	1	S
NMDC20554726	0	0	0	0	0	1	0	0	0	0	0	0	0	0	0	0	0	0	0	0	0	0	0	0	1	0	1	0	1	0	S
NMDC20552740	0	0	0	0	0	1	0	0	0	0	1	0	0	0	0	0	0	0	0	0	0	0	0	0	0	0	0	0	1	1	S
NMDC20554727	0	0	0	0	0	1	0	0	0	0	1	0	0	0	0	0	0	0	0	0	0	0	0	0	0	0	0	0	1	1	S
NMDC20552741	0	0	0	0	0	1	0	0	0	0	1	0	0	0	0	0	0	0	0	0	0	0	0	0	0	0	0	0	1	1	S
NMDC20552742	0	0	0	0	0	1	0	0	0	0	1	0	0	0	0	0	0	0	0	0	0	0	0	0	0	0	0	0	1	1	S
NMDC20556741	0	0	0	0	0	1	0	0	0	0	1	0	0	0	0	0	0	0	0	0	0	0	0	0	0	0	0	0	1	1	S
NMDC20552743	0	0	0	0	0	1	0	1	0	0	0	1	0	0	1	0	1	1	0	0	0	1	0	0	1	0	0	0	1	1	S
NMDC20552744	0	0	0	0	0	1	0	1	0	0	0	1	0	0	1	0	1	1	0	0	0	1	0	0	1	0	0	0	1	1	S
NMDC20552745	0	0	0	0	0	1	0	1	0	0	0	1	0	0	1	0	1	1	0	0	0	1	0	0	1	0	0	0	1	1	S
NMDC20582329	0	0	0	0	0	0	0	0	0	0	0	1	0	0	0	0	1	0	0	0	1	1	0	0	1	0	0	0	1	0	S
NMDC20556745	0	0	0	0	0	1	0	0	0	0	0	0	0	0	1	0	0	1	1	0	1	1	0	0	0	0	0	0	0	1	S
NMDC20582330	0	1	1	0	1	1	0	1	0	0	0	1	1	1	1	1	0	0	1	0	1	1	0	0	0	0	0	0	1	1	S
NMDC20550736	0	0	0	0	0	0	0	0	0	0	0	0	0	0	1	0	0	0	0	0	0	1	0	0	0	0	0	1	1	0	S
NMDC20556742	0	0	0	0	0	1	0	1	0	0	0	1	0	0	0	0	0	0	1	0	1	1	0	0	0	0	0	0	0	0	S
NMDC20550737	0	0	0	0	0	0	0	0	0	0	0	1	0	0	0	0	0	0	0	0	0	0	0	0	0	0	0	0	0	1	S
NMDC20556743	0	0	0	0	0	1	0	0	0	0	0	1	0	0	0	0	0	0	0	0	1	1	0	0	0	0	1	0	1	0	S
NMDC20556744	0	0	0	0	0	0	0	0	0	0	1	0	0	0	0	0	1	0	0	0	1	1	0	0	0	0	0	0	0	1	S
NMDC20552746	0	0	0	0	0	1	0	1	0	0	0	1	0	0	1	0	1	1	0	0	0	1	0	0	1	0	0	0	1	1	S
NMDC20582331	0	0	0	0	0	1	0	0	0	0	0	1	0	0	0	0	0	0	0	0	1	1	0	0	0	0	1	0	0	1	S
NMDC20556746	0	0	0	0	0	0	0	0	0	0	0	1	0	0	0	0	0	0	0	0	1	1	0	0	0	0	1	0	1	1	S
NMDC20554728	0	0	1	0	1	0	0	0	0	0	0	1	0	0	0	1	0	0	1	0	0	0	0	0	0	0	0	0	0	0	S
NMDC20556747	0	0	0	0	0	0	0	0	0	0	1	0	0	0	0	0	0	0	0	0	1	1	0	0	0	0	1	0	1	1	S
NMDC20582334	0	0	0	0	0	1	0	0	0	0	1	0	0	0	0	0	0	0	0	0	0	0	0	0	0	0	0	0	1	1	S
NMDC20582335	0	0	0	0	0	0	0	0	0	0	0	0	0	0	0	0	0	0	0	0	0	1	0	0	0	0	0	0	0	0	S
NMDC20582336	0	0	0	0	0	0	0	0	0	0	0	0	0	0	0	0	0	0	0	0	0	1	0	0	0	0	0	0	0	0	S
NMDC20556750	0	0	0	0	0	1	0	1	0	0	0	1	0	0	1	0	1	1	1	0	0	1	0	0	1	0	0	0	1	1	S
NMDC20582337	0	0	0	0	0	0	0	0	0	0	0	1	0	0	0	0	0	0	1	0	1	1	0	0	0	0	1	0	0	1	S
NMDC20552747	0	0	0	0	0	1	0	0	0	0	1	0	0	0	0	0	0	0	0	0	0	0	0	0	0	0	0	0	1	1	S
NMDC20556749	0	0	0	0	0	0	0	0	0	0	0	1	0	0	0	0	1	1	0	0	0	0	0	0	1	0	0	0	0	1	S
NMDC20582340	0	0	0	0	0	0	0	0	0	0	0	1	0	0	0	0	1	1	0	0	0	0	0	0	1	0	0	0	0	1	S
NMDC20550740	0	0	0	0	0	0	0	0	0	0	0	1	0	0	0	0	1	1	0	0	0	0	0	0	1	0	0	0	0	1	S
NMDC20556751	0	0	0	0	0	0	0	0	0	0	0	1	0	0	0	0	1	1	0	0	0	0	0	0	1	0	0	0	0	1	S
NMDC20552750	0	0	0	0	0	0	0	0	0	0	0	1	0	0	0	0	1	1	0	0	0	0	0	0	1	0	0	0	0	1	S
NMDC20552751	0	0	0	0	0	0	0	0	0	0	0	1	0	0	0	0	1	1	0	0	0	0	0	0	1	0	0	0	0	1	S
NMDC20556752	0	0	0	0	0	0	0	0	0	0	0	1	0	0	0	0	1	1	0	0	0	0	0	0	1	0	0	0	0	1	S
NMDC20582342	0	0	0	0	0	0	0	0	0	0	0	1	0	0	0	0	1	0	0	0	1	1	0	0	1	0	0	0	1	0	S
NMDC20582343	0	0	0	0	0	0	0	0	0	0	0	1	0	0	0	0	1	0	0	0	1	1	0	0	1	0	0	0	1	0	S
NMDC20552754	0	0	0	0	0	1	0	1	0	0	0	1	0	0	1	0	1	1	0	0	0	1	0	0	1	0	0	0	1	1	S
NMDC20552752	0	0	0	0	0	0	0	1	0	0	0	1	0	0	0	0	0	0	0	0	0	1	0	0	0	0	0	0	0	1	S
NMDC20552753	0	0	0	0	0	1	0	1	0	0	0	1	0	0	1	0	0	0	0	0	1	1	0	0	1	0	0	0	0	1	S
NMDC20582344	0	0	0	0	0	1	0	1	0	0	0	1	0	0	1	0	0	0	0	0	1	1	0	0	1	0	0	0	0	1	S
NMDC20582345	0	0	1	0	1	0	0	1	0	0	0	1	1	0	1	1	0	0	0	0	1	1	1	0	0	0	0	0	0	1	S
NMDC20550743	0	0	0	0	0	0	0	0	0	0	0	1	0	0	0	0	0	0	0	0	1	1	0	1	0	0	0	0	0	1	S
NMDC20556754	0	0	0	0	0	0	0	0	0	0	0	1	0	0	0	0	0	0	0	0	1	1	0	0	0	0	1	0	1	1	S
NMDC20582346	0	0	0	0	0	1	0	0	0	0	0	0	0	0	0	0	0	0	0	0	1	1	0	0	0	0	0	0	0	0	S
NMDC20582347	0	0	0	0	0	0	0	0	0	0	0	0	0	0	0	0	1	0	0	0	0	1	0	0	0	0	0	0	1	0	S
NMDC20550744	0	0	0	0	0	1	0	1	0	0	0	1	0	0	0	0	1	1	0	0	1	1	0	1	0	0	1	0	0	1	S
NMDC20582348	0	0	0	0	0	1	0	1	0	0	0	1	0	0	1	0	0	1	0	1	1	0	0	0	0	0	1	0	1	0	S
NMDC20556755	0	0	0	0	0	1	0	0	0	0	1	0	0	0	0	0	0	0	0	0	0	0	0	0	0	0	0	0	1	1	S
NMDC20554732	0	0	0	0	0	1	0	0	0	0	1	0	0	0	0	0	0	0	0	0	0	0	1	0	0	0	0	0	1	1	S
NMDC20582349	0	0	0	0	0	0	0	0	0	0	0	1	0	0	0	0	1	1	0	0	0	0	0	0	1	0	0	0	0	1	S
NMDC20582350	0	0	0	0	0	0	0	0	0	0	0	1	0	0	0	0	1	1	0	0	0	0	0	0	1	0	0	0	0	1	S
NMDC20582354	0	0	0	0	0	1	0	1	0	0	0	1	1	0	1	0	0	0	0	0	1	1	0	0	0	0	0	0	1	1	S
NMDC20582355	0	0	0	0	0	1	0	1	0	0	0	1	0	0	1	0	0	0	0	0	1	1	0	0	1	0	0	0	0	1	S
NMDC20582357	0	0	1	1	1	1	0	1	0	0	0	1	1	0	1	1	0	0	1	0	1	1	0	0	0	0	0	0	1	1	S
NMDC20556757	0	0	0	0	0	1	0	1	0	0	0	1	0	0	1	0	1	1	0	0	0	1	0	0	1	0	0	0	1	1	S
NMDC20582358	0	0	0	0	0	0	0	0	0	0	0	0	0	0	0	0	1	0	0	0	0	1	0	0	0	0	0	0	1	0	S
NMDC20582362	0	0	0	0	0	0	0	0	0	0	0	0	0	0	1	0	0	0	0	0	0	1	0	0	0	0	0	1	1	0	S
NMDC20582363	0	0	0	0	0	0	0	0	0	0	0	1	0	0	0	0	0	0	0	0	0	0	0	0	0	0	0	0	0	1	S
NMDC20582364	1	0	0	0	0	1	0	0	0	0	1	0	0	0	0	0	0	0	0	0	0	0	0	0	0	0	0	0	1	1	S
NMDC20554733	0	0	0	0	0	1	0	1	0	0	0	1	0	0	1	0	1	1	0	0	0	1	0	0	1	0	0	0	1	1	S
NMDC20550748	0	0	0	0	0	0	0	1	0	0	0	1	0	0	0	0	0	0	0	0	0	0	0	0	0	0	1	0	0	1	S
NMDC20552758	0	0	0	0	0	1	0	1	0	0	0	1	0	0	1	0	1	1	0	0	0	1	0	0	1	0	0	0	1	1	S
NMDC20552759	0	0	0	0	0	1	0	1	0	0	0	1	0	0	1	0	1	1	1	0	0	1	0	0	1	0	0	0	1	1	S
NMDC20552760	0	0	0	0	0	1	0	1	0	0	0	1	0	0	1	0	1	1	0	0	0	1	0	0	1	0	0	0	1	1	S
NMDC20550745	0	0	0	0	0	1	0	1	0	0	0	1	0	0	1	0	1	1	1	0	0	1	0	0	1	0	0	0	1	1	S
NMDC20582366	0	0	0	0	0	1	0	1	0	0	0	1	0	0	1	0	1	1	0	0	0	1	0	0	1	0	0	0	1	1	S
NMDC20550750	0	0	0	0	0	0	0	0	0	0	0	1	0	0	0	0	1	1	1	0	0	0	0	0	1	0	0	0	0	1	S
NMDC20550749	0	0	0	0	0	1	0	1	0	0	0	1	0	0	1	0	1	1	0	0	0	1	0	0	1	0	0	0	1	1	S
NMDC20582368	0	0	0	0	0	1	0	1	0	0	0	1	0	0	1	0	1	1	0	0	0	1	0	0	1	0	0	0	1	1	S
NMDC20556760	0	0	0	0	0	0	0	1	0	0	0	1	0	0	0	0	0	0	0	0	0	1	0	0	0	0	0	0	0	1	S
NMDC20582371	0	0	0	0	0	0	0	0	0	0	0	1	0	0	0	0	0	0	1	0	0	0	0	0	0	0	0	0	0	0	S
NMDC20556761	0	0	1	0	1	0	0	0	0	0	0	1	0	0	0	1	0	0	1	0	0	0	0	0	0	0	0	0	0	0	S
NMDC20582372	0	0	1	0	1	0	0	0	0	0	0	1	0	0	0	1	0	0	1	0	0	0	0	0	0	0	0	0	0	0	S
NMDC20582373	0	0	1	0	1	0	0	0	0	0	0	1	0	0	0	1	0	0	1	0	0	0	0	0	0	0	0	0	0	0	S
NMDC20582374	0	0	0	0	0	0	0	1	0	0	0	1	0	0	0	0	1	0	0	0	1	0	0	0	0	0	1	0	0	1	S
NMDC20582375	0	0	0	0	0	0	0	0	0	0	0	0	0	0	1	0	0	0	0	0	0	1	0	0	0	0	0	1	1	0	S
NMDC20582377	0	0	0	0	0	1	0	0	0	0	0	1	0	0	1	0	0	1	0	0	0	0	0	0	0	0	1	0	1	1	S
NMDC20552762	0	0	0	0	0	1	0	0	0	0	0	1	0	0	1	0	0	1	0	0	0	0	0	0	0	0	1	0	1	1	S
NMDC20550751	0	0	0	0	0	1	0	0	0	0	0	1	0	0	1	0	0	1	0	0	0	0	0	0	0	0	1	0	1	1	S
NMDC20582378	0	0	0	0	0	0	0	0	0	0	0	1	0	0	0	0	1	0	0	0	1	1	0	0	1	0	0	0	1	0	S
NMDC20582379	0	0	0	0	0	1	0	1	0	0	0	1	0	0	1	0	0	0	0	0	0	1	0	0	0	0	0	0	1	0	S
NMDC20556763	0	0	0	0	0	0	0	0	0	0	0	1	0	0	0	0	0	0	0	0	1	1	0	1	0	0	0	0	0	1	S
NMDC20582380	0	0	0	0	0	1	0	0	0	0	0	0	0	0	0	0	0	0	0	0	1	1	0	0	0	0	0	0	0	0	S
NMDC20552763	0	0	0	0	0	1	0	0	0	0	0	0	0	0	0	0	0	0	0	0	1	1	0	0	0	0	0	0	0	0	S
NMDC20550752	0	0	0	0	0	1	0	0	0	0	0	0	0	0	0	0	0	0	0	0	1	1	0	0	0	0	0	0	0	0	S
NMDC20582381	0	0	0	0	0	0	0	0	0	0	0	0	0	0	1	0	1	0	0	0	1	1	0	0	0	0	0	1	0	1	S
NMDC20582382	0	0	0	0	0	1	0	1	0	0	0	1	0	0	1	0	1	1	0	0	0	1	0	0	1	0	0	0	1	1	S
NMDC20550753	0	0	0	0	0	1	0	0	0	0	1	0	0	0	0	0	0	0	0	0	0	0	0	0	0	0	0	0	1	1	S
NMDC20552764	0	0	0	0	0	1	0	0	0	0	1	0	0	0	0	0	0	0	0	0	0	0	0	0	0	0	0	0	1	1	S
NMDC20550754	0	0	0	0	0	1	0	0	0	0	1	0	0	0	0	0	0	0	0	0	0	0	0	0	0	0	0	0	1	1	S
NMDC20582384	0	0	0	0	0	1	0	0	0	0	1	0	0	0	0	0	0	0	0	0	0	0	0	0	0	0	0	0	1	1	S
NMDC20556764	0	0	0	0	0	0	0	0	0	0	0	1	0	0	0	0	0	0	0	0	1	1	0	0	0	0	1	0	0	1	S
NMDC20582385	0	0	0	0	0	0	0	0	0	0	0	1	0	0	0	0	0	0	0	0	1	1	0	0	0	0	1	0	0	1	S
NMDC20552765	0	0	0	0	0	0	0	0	0	0	0	1	0	0	0	0	0	0	0	0	1	1	0	0	0	0	1	0	0	1	S
NMDC20582386	0	0	0	0	0	0	0	0	0	0	0	1	0	0	0	0	0	0	0	0	1	1	0	0	0	0	1	0	0	1	S
NMDC20552766	0	0	0	0	0	0	0	0	0	0	0	1	0	0	0	0	0	0	0	0	1	1	0	0	0	0	1	0	0	1	S
NMDC20554736	0	0	0	0	0	0	0	0	0	0	0	1	0	0	0	0	1	1	0	0	0	0	0	0	1	0	0	0	0	1	S
NMDC20582388	0	0	0	0	0	0	0	0	0	0	0	1	0	0	0	0	1	1	0	0	0	0	0	0	1	0	0	0	0	1	S
NMDC20582389	0	0	0	0	0	0	0	0	0	0	0	1	0	0	0	0	1	1	0	0	0	0	0	0	1	0	0	0	0	1	S
NMDC20550755	0	0	0	0	0	0	0	0	0	0	0	1	0	0	0	0	1	1	0	0	0	0	0	0	1	0	0	0	0	1	S
NMDC20554737	0	0	0	0	0	0	0	0	0	0	0	1	0	0	0	0	1	1	0	0	0	0	0	0	1	0	0	0	0	1	S
NMDC20552767	0	0	0	0	0	0	0	0	0	0	0	1	0	0	0	0	1	1	0	0	0	0	0	0	1	0	0	0	0	1	S
NMDC20582390	0	0	0	0	0	0	0	0	0	0	0	1	0	0	0	0	1	1	0	0	0	0	0	0	1	0	0	0	0	1	S
NMDC20556766	0	0	0	0	0	0	0	0	0	0	0	1	0	0	0	0	1	1	0	0	0	0	0	0	1	0	0	0	0	1	S
NMDC20552768	0	0	0	0	0	0	0	0	0	0	0	1	0	0	0	0	1	1	0	0	0	0	0	0	1	0	0	0	0	1	S
NMDC20550756	0	0	0	0	0	0	0	0	0	0	0	1	0	0	0	0	1	1	0	0	0	0	0	0	1	0	0	0	0	1	S
NMDC20582391	0	0	0	0	0	0	0	0	0	0	0	1	0	0	0	0	1	1	0	0	0	0	0	0	1	0	0	0	0	1	S
NMDC20582392	0	0	0	0	0	0	0	0	0	0	0	1	0	0	0	0	1	1	0	0	0	0	0	0	1	0	0	0	0	1	S
NMDC20554738	0	0	0	0	0	1	0	1	0	1	0	1	0	0	0	0	0	0	0	0	0	0	0	1	0	0	0	0	1	1	S
NMDC20550757	0	0	0	0	0	1	0	1	0	0	0	1	0	0	1	0	1	1	0	0	0	1	0	0	1	0	0	0	1	1	S
NMDC20552769	0	0	0	0	0	1	0	1	0	0	0	1	0	0	1	0	1	1	0	0	0	1	0	0	1	0	0	0	1	1	S
NMDC20582395	0	0	0	0	0	1	0	1	0	0	0	1	0	0	1	0	1	1	0	0	0	1	0	0	1	0	0	0	1	1	S
NMDC20582396	0	0	0	0	0	1	0	1	0	0	0	1	0	0	1	0	1	1	0	0	0	1	0	0	1	0	0	0	1	1	S
NMDC20552770	0	0	0	0	0	1	0	1	0	0	0	1	0	0	1	0	1	1	0	0	0	1	0	0	1	0	0	0	1	1	S
NMDC20582398	0	0	0	0	0	1	0	1	0	0	0	1	0	0	1	0	1	1	0	0	0	1	0	0	1	0	0	0	1	1	S
NMDC20582399	0	0	0	0	0	1	0	1	0	0	0	1	0	0	1	0	1	1	0	0	0	1	0	0	1	0	0	0	1	1	S
NMDC20550759	0	0	0	0	0	1	0	1	0	0	0	1	0	0	1	0	1	1	0	0	0	1	0	0	1	0	0	0	1	1	S
NMDC20582401	0	0	0	0	0	1	0	1	0	0	0	1	0	0	1	0	1	1	0	0	0	1	0	0	1	0	0	0	1	1	S
NMDC20556786	0	0	0	0	0	1	0	0	0	0	1	0	0	0	0	0	0	0	0	0	0	0	0	0	0	0	0	0	1	1	S
NMDC20582402	0	0	0	0	0	1	0	1	0	0	0	1	1	0	1	0	0	0	0	0	1	1	0	0	0	0	0	0	1	1	S
NMDC20552772	0	0	0	0	0	0	0	1	0	0	0	1	0	0	0	0	0	0	0	0	0	0	0	0	0	0	1	0	0	1	S
NMDC20582403	0	0	0	0	0	1	0	1	0	0	0	1	0	0	1	0	1	1	0	0	0	1	0	0	1	0	0	0	1	1	S
NMDC20552773	0	0	0	0	0	1	0	1	0	0	0	1	0	0	0	0	1	1	0	0	1	1	0	1	0	0	1	0	0	1	S
NMDC20554739	0	0	0	0	0	1	0	1	0	0	0	1	1	0	1	0	0	0	0	0	1	1	0	0	0	0	0	0	1	1	S
NMDC20550760	0	0	0	0	0	1	0	1	0	0	0	1	1	0	1	0	0	0	0	0	1	1	0	0	0	0	0	0	1	1	S
NMDC20550761	0	0	0	0	0	0	0	0	0	0	0	0	0	0	1	0	0	0	0	0	0	1	0	0	0	0	0	1	1	0	S
NMDC20556769	0	0	0	0	0	1	0	0	0	0	0	0	0	0	0	0	0	0	0	0	1	1	0	0	0	0	0	0	1	1	S
NMDC20582406	0	0	1	0	1	0	0	0	0	0	0	1	0	0	0	1	0	0	1	0	0	0	0	0	0	0	0	0	0	0	S
NMDC20550764	0	0	0	0	0	0	0	0	0	0	0	0	0	0	1	0	0	0	0	0	0	1	0	0	0	0	0	1	1	0	S
NMDC20554741	0	0	0	0	0	1	0	0	0	0	1	0	0	0	0	0	0	0	0	0	0	0	0	0	0	0	0	0	1	1	S
NMDC20582407	0	0	0	0	0	0	0	0	0	0	0	0	0	0	0	0	0	0	0	0	0	1	0	0	0	0	0	0	0	0	S
NMDC20556770	0	0	0	0	0	0	0	0	0	0	0	1	0	0	0	0	1	0	0	0	1	1	0	0	1	0	0	0	1	0	S
NMDC20582408	0	0	0	0	0	0	0	0	0	0	0	0	0	0	1	0	1	0	0	0	1	1	0	0	0	0	0	1	0	1	S
NMDC20550765	0	0	0	0	0	0	0	0	0	0	0	0	0	0	0	0	0	0	0	0	0	1	0	0	0	0	0	0	1	0	S
NMDC20556772	0	0	1	0	1	0	0	0	0	0	1	0	0	0	0	1	0	0	1	1	0	0	0	1	0	0	0	0	1	1	S
NMDC20554743	0	0	0	0	0	1	0	1	0	0	0	1	0	0	1	0	1	1	0	0	0	1	0	0	1	0	0	0	1	1	S
NMDC20582410	0	0	0	0	0	1	0	1	0	0	0	1	0	0	0	0	1	1	0	0	1	1	0	1	0	0	1	0	0	1	S
NMDC20556773	0	0	0	0	0	0	0	0	0	0	0	1	0	0	0	0	1	1	0	0	0	0	0	0	1	0	0	0	0	1	S
NMDC20550766	0	0	0	0	0	1	0	1	0	0	0	1	0	0	1	0	0	0	0	0	1	1	0	0	1	0	0	0	0	1	S
NMDC20552774	0	0	0	0	0	1	0	1	0	0	0	1	1	0	1	0	0	0	0	0	1	1	0	0	0	0	0	0	1	1	S
NMDC20550767	0	0	0	0	0	0	0	0	0	0	0	0	0	0	1	0	1	0	0	0	1	1	0	0	0	0	0	1	0	1	S
NMDC20552775	0	0	0	0	0	0	0	1	0	0	0	1	0	0	0	0	0	0	0	0	0	1	0	0	0	0	0	0	0	1	S
NMDC20550770	0	0	0	0	0	0	0	0	0	0	0	1	0	0	0	0	1	1	0	0	0	0	0	0	1	0	0	0	0	1	S
NMDC20556774	0	0	0	0	0	1	0	1	0	0	0	1	0	0	1	0	1	1	0	0	0	1	0	0	1	0	0	0	1	1	S
NMDC20582411	0	0	0	0	0	0	0	0	0	0	0	1	0	0	0	0	1	1	0	0	0	0	0	0	1	0	0	0	0	1	S
NMDC20556776	0	0	0	0	0	1	0	1	0	0	0	1	0	0	1	0	1	1	0	0	0	1	0	0	1	0	0	0	1	1	S
NMDC20550768	0	0	0	0	0	1	0	1	0	0	0	1	0	0	1	0	1	1	0	0	0	1	0	0	1	0	0	0	1	1	S
NMDC20582413	0	0	0	0	0	1	0	1	0	0	0	1	0	0	0	0	0	0	0	0	0	0	0	1	0	0	0	0	1	1	S
NMDC20556777	0	0	0	0	0	1	0	0	0	0	0	1	0	0	0	0	0	0	1	0	1	1	0	0	0	0	1	0	1	0	S
NMDC20550769	0	0	0	0	0	1	0	1	0	0	0	1	0	0	1	0	1	1	0	0	0	1	0	0	1	0	0	0	1	1	S
NMDC20554747	0	0	0	0	0	0	0	1	0	0	0	1	0	0	0	0	0	0	0	0	0	1	0	0	0	0	0	0	0	1	S
NMDC20550772	0	0	0	0	0	0	0	0	0	0	0	1	0	0	0	0	1	1	0	0	0	0	0	0	1	0	0	0	0	1	S
NMDC20552776	0	0	0	0	0	1	0	1	0	0	0	1	0	0	1	0	1	1	0	0	0	1	0	0	1	0	0	0	1	1	S
NMDC20582414	0	0	1	0	1	0	0	0	0	0	0	1	0	0	0	1	0	0	1	0	0	0	0	0	0	0	0	0	0	0	S
NMDC20554745	0	0	0	0	0	0	0	0	0	0	0	0	0	0	0	0	0	0	0	0	0	1	0	0	0	0	0	0	0	0	S
NMDC20550773	0	0	1	0	1	0	0	0	0	0	1	0	0	0	0	1	0	0	1	1	0	0	0	1	0	0	0	0	1	1	S
NMDC20552777	0	0	0	0	0	1	0	1	0	0	0	1	0	0	0	0	1	0	0	0	0	1	0	1	1	0	0	0	1	0	S
NMDC20554749	0	0	0	0	0	1	0	1	0	0	0	1	0	0	1	0	1	1	0	0	0	1	0	0	1	0	0	0	1	1	S
NMDC20554750	0	0	0	0	0	1	0	0	0	0	1	0	0	0	0	0	0	0	0	0	0	0	0	0	0	0	0	0	1	1	S
NMDC20582419	0	0	0	0	0	1	0	1	0	0	0	1	0	0	1	0	1	1	0	0	0	1	0	0	1	0	0	0	1	1	S
NMDC20582420	0	0	0	0	0	1	0	1	0	0	0	1	1	0	1	0	0	0	0	0	1	1	0	0	0	0	0	0	1	1	S
NMDC20554752	0	0	0	0	0	0	0	1	0	0	0	1	0	0	0	0	0	0	0	0	0	1	0	0	0	0	0	0	0	1	S
NMDC20554753	0	0	0	0	0	1	0	1	0	0	0	1	0	0	0	0	0	0	0	0	0	0	0	1	0	0	0	0	1	1	S
NMDC20554754	0	0	0	0	0	0	0	0	0	0	0	0	0	0	1	0	1	0	0	0	1	1	0	0	0	0	0	1	0	1	S
NMDC20554755	0	0	0	0	0	0	0	0	0	0	0	0	0	0	0	0	0	0	0	0	0	1	0	0	0	0	0	0	0	0	S
NMDC20582421	0	0	0	0	0	1	0	1	0	0	0	1	0	0	1	0	1	1	0	0	0	1	0	0	1	0	0	0	1	1	S
NMDC20582422	0	0	0	0	0	0	0	0	0	0	0	0	0	0	0	0	0	0	0	0	0	1	0	0	0	0	0	0	0	0	S
NMDC20582423	0	0	0	0	0	0	0	0	0	0	0	0	0	0	0	0	0	0	0	0	0	1	0	0	0	0	0	0	0	0	S
NMDC20552779	0	0	0	0	0	1	0	1	0	0	0	1	0	0	1	0	1	1	0	0	0	1	0	0	1	0	0	0	1	1	S
NMDC20582424	0	0	0	0	0	1	0	0	0	0	1	1	0	0	0	0	0	0	0	0	1	1	0	0	0	0	1	0	1	0	S
NMDC20552780	0	0	0	0	0	1	0	1	0	0	0	1	0	0	0	0	1	1	0	0	1	1	0	1	0	0	1	0	0	1	S
NMDC20582425	0	0	0	0	0	1	0	1	0	0	0	1	0	0	1	0	1	1	0	0	0	1	0	0	1	0	0	0	1	1	S
NMDC20582426	0	0	0	0	0	1	0	1	0	0	0	1	0	0	1	0	1	1	0	0	0	1	0	0	1	0	0	0	1	1	S
NMDC20556779	0	0	0	0	0	0	0	0	0	0	0	0	0	0	0	0	0	0	0	0	0	1	0	0	0	0	0	0	0	0	S
NMDC20582427	0	0	0	0	0	0	0	0	0	0	0	0	0	0	0	0	0	0	0	0	0	1	0	0	0	0	0	0	0	0	S
NMDC20556780	0	0	0	0	0	1	0	0	0	0	1	0	0	0	0	0	0	0	0	0	0	0	0	0	0	0	0	0	1	1	S
NMDC20556781	0	0	0	0	0	0	0	0	0	0	0	1	1	0	0	0	0	1	0	0	1	1	0	0	0	0	0	0	0	1	S
NMDC20552781	0	0	0	0	0	1	0	0	0	0	1	0	0	0	0	0	0	0	0	0	0	0	0	0	0	0	0	0	1	1	S
NMDC20582429	0	0	0	0	0	0	0	0	0	0	0	1	0	0	0	0	1	1	0	0	0	0	0	0	1	0	0	0	0	1	S
NMDC20552782	0	0	0	0	0	1	0	0	0	0	1	0	0	0	0	0	0	0	0	0	0	0	0	0	0	0	0	0	1	1	S
NMDC20552783	0	0	0	0	0	1	0	0	0	0	1	0	0	0	0	0	0	0	0	0	0	0	0	0	0	0	0	0	1	1	S
NMDC20556783	0	0	0	0	0	1	0	0	0	0	1	0	0	0	0	0	0	0	0	0	0	0	0	0	0	0	0	0	1	1	S
NMDC20582430	0	0	0	0	0	0	0	0	0	0	0	1	0	0	0	0	1	1	0	0	0	0	0	0	1	0	0	0	0	1	S
NMDC20582431	0	0	0	0	0	1	0	1	0	0	0	1	0	0	1	0	1	1	0	0	0	1	0	0	1	0	0	0	1	1	S
NMDC20582432	0	0	1	0	1	0	0	0	0	0	0	1	0	0	0	1	0	0	1	0	0	0	0	0	0	0	0	0	0	0	S
NMDC20556784	0	0	0	0	0	1	0	1	0	0	0	1	0	0	1	0	1	1	0	0	0	1	0	0	1	0	0	0	1	1	S
NMDC20552785	0	0	0	0	0	0	0	1	0	0	0	1	0	0	0	0	0	0	0	0	0	1	0	0	0	0	0	0	0	1	S
NMDC20556785	0	0	0	0	0	0	0	0	0	0	0	1	0	0	0	0	0	0	0	0	0	0	0	0	0	0	0	0	0	0	S
NMDC20582435	0	0	0	0	0	0	0	0	0	0	0	1	0	0	0	0	1	1	0	0	0	0	0	0	1	0	0	0	0	1	S
NMDC20582436	0	0	0	0	0	0	0	0	0	0	0	1	0	0	0	0	1	1	0	0	0	0	0	0	1	0	0	0	0	1	S
NMDC20582437	0	0	0	0	0	1	0	1	0	0	0	1	0	0	0	0	0	0	0	0	1	1	0	0	0	0	0	0	0	0	S
NMDC20552786	0	0	0	0	0	1	0	0	0	0	1	0	0	0	0	0	0	0	0	0	0	0	0	0	0	0	0	0	1	1	S
NMDC20554759	0	0	0	0	0	0	0	0	0	0	0	0	0	0	0	0	0	0	0	0	0	1	0	0	0	0	0	0	0	0	S
NMDC20582438	0	0	0	0	0	0	0	0	0	0	0	0	0	0	0	0	0	0	0	0	0	1	0	0	0	0	0	0	1	0	S
NMDC20582439	0	0	0	0	0	0	0	0	0	0	0	0	0	0	0	0	0	0	0	0	0	1	0	0	0	0	0	0	0	0	S
NMDC20556787	0	0	0	0	0	1	0	1	0	0	0	1	0	0	1	0	1	1	0	0	0	1	0	0	1	0	0	0	1	1	S
NMDC20552787	0	0	0	0	0	1	0	1	0	0	0	1	0	0	1	0	1	1	0	0	0	1	0	0	1	0	0	0	1	1	S
NMDC20556788	0	0	1	0	1	0	0	0	0	0	0	1	0	0	0	1	0	0	1	0	0	0	0	0	0	0	0	0	0	0	S
NMDC20554763	0	0	0	0	0	0	0	0	0	0	0	0	1	0	0	0	1	0	1	0	1	1	0	0	0	0	1	0	0	1	S
NMDC20554764	0	0	0	0	0	0	0	0	0	0	0	0	0	0	1	0	1	0	0	0	1	1	0	0	0	0	0	1	0	1	S
NMDC20554765	0	0	0	0	0	1	0	1	0	0	0	1	0	0	1	0	1	1	0	0	0	1	0	0	1	0	0	0	1	1	S
NMDC20550776	0	0	0	0	0	0	0	0	0	0	0	1	0	0	0	0	0	0	0	0	0	0	0	0	0	0	0	0	0	0	S
NMDC20556789	0	0	0	0	0	0	0	0	0	0	0	1	0	0	0	0	0	0	0	0	0	0	0	0	0	0	0	0	0	0	S
NMDC20556791	0	0	0	0	0	1	0	1	0	0	0	1	0	0	0	0	0	0	0	0	1	1	0	0	0	0	0	0	0	0	S
NMDC20556792	0	0	0	0	0	0	0	0	0	0	0	0	0	0	0	0	0	0	0	0	0	1	0	0	0	0	0	0	0	0	S
NMDC20582445	0	0	0	0	0	0	0	1	0	0	0	1	0	0	0	0	0	0	0	0	1	0	0	0	0	0	1	0	0	1	S
NMDC20550777	0	0	0	0	0	0	0	0	0	0	0	1	0	0	0	0	1	1	0	0	0	0	0	0	1	0	0	0	0	1	S
NMDC20550778	0	0	0	0	0	0	0	0	0	0	1	0	0	0	0	0	1	0	0	0	1	1	0	0	0	0	0	0	0	1	S
NMDC20582446	0	0	0	0	0	0	0	1	0	0	0	1	0	0	0	0	0	0	0	0	1	0	0	0	0	0	1	0	0	1	S
NMDC20550779	0	0	0	0	0	1	0	1	0	0	0	1	0	0	1	0	1	1	0	0	0	1	0	0	1	0	0	0	1	1	S
NMDC20552789	0	0	0	0	0	0	0	0	0	0	0	1	0	0	0	0	1	1	0	0	0	0	0	0	1	0	0	0	0	1	S
NMDC20552790	0	0	0	0	0	0	0	0	0	0	0	0	0	0	0	0	0	0	0	0	0	1	0	0	0	0	0	0	0	0	S
NMDC20582447	0	0	0	0	0	0	0	0	0	0	0	0	0	0	0	0	0	0	0	0	0	1	0	0	0	0	0	0	0	0	S
NMDC20582448	0	0	0	0	0	1	0	0	0	0	1	0	0	0	0	0	0	0	0	0	0	0	0	0	0	0	0	0	1	1	S
NMDC20556793	0	0	0	0	0	1	0	1	0	0	0	1	0	0	0	0	1	1	0	0	1	1	0	1	0	0	1	0	0	1	S
NMDC20556794	0	0	0	0	0	1	0	0	0	0	1	1	1	0	1	0	0	1	0	0	0	0	0	0	0	0	1	0	1	1	S
NMDC20556796	0	0	0	0	0	1	0	1	0	0	0	1	0	0	0	0	0	0	0	0	1	1	0	0	0	0	0	0	0	0	S
NMDC20550781	0	0	0	0	0	1	0	0	0	0	1	0	0	0	0	0	0	0	0	0	0	0	0	0	0	0	0	0	1	1	S
NMDC20552793	0	0	0	0	0	1	0	0	0	0	0	1	0	0	1	0	0	1	0	0	0	0	0	0	0	0	1	0	1	1	S
NMDC20582449	0	0	0	0	0	0	0	0	0	0	0	1	0	0	0	0	1	1	0	0	0	0	0	0	1	0	0	0	0	1	S
NMDC20552792	0	0	0	0	0	1	0	1	0	0	0	1	0	0	1	0	1	1	0	0	0	1	0	0	1	0	0	0	1	1	S
NMDC20582450	0	0	0	0	0	1	0	0	0	0	1	0	0	0	0	0	0	0	0	0	0	0	0	0	0	0	0	0	1	1	S
NMDC20556797	0	0	0	0	0	1	0	1	0	0	0	1	0	0	1	0	1	1	0	0	0	1	0	0	1	0	0	0	1	1	S
NMDC20582451	0	0	0	0	0	1	0	1	0	0	0	1	0	0	1	0	1	1	0	0	0	1	0	0	1	0	0	0	1	1	S
NMDC20554766	0	0	0	0	0	0	0	1	0	0	0	1	0	0	0	0	0	0	0	0	0	0	0	0	0	0	1	0	0	1	S
NMDC20582453	0	0	0	0	0	1	0	0	0	0	1	0	0	0	0	0	0	0	0	0	0	0	0	0	0	0	0	0	1	1	S
NMDC20550782	0	0	0	0	0	1	0	0	0	0	1	0	0	0	0	0	0	0	0	0	0	0	0	0	0	0	0	0	1	1	S
NMDC20550784	0	0	0	0	0	1	0	0	0	0	0	0	0	0	1	0	0	1	1	0	1	1	0	0	0	0	0	0	0	1	S
NMDC20552794	0	0	0	0	0	0	0	0	0	0	0	1	0	0	0	0	0	0	0	0	1	1	0	0	0	0	1	0	1	1	S
NMDC20556798	0	0	0	0	0	0	0	0	0	0	0	1	0	0	1	0	0	0	0	0	0	1	0	0	0	0	0	0	0	0	S
NMDC20582454	0	0	0	0	0	1	0	1	0	0	0	1	0	0	0	0	0	0	0	0	0	0	0	1	0	0	0	0	1	1	S
NMDC20556799	0	0	0	0	0	0	0	0	0	0	0	0	0	0	0	0	0	0	0	0	0	1	0	0	0	0	0	0	0	0	S
NMDC20556800	0	0	0	0	0	1	0	1	0	0	0	1	0	0	0	0	0	0	0	0	0	0	0	1	0	0	0	0	1	1	S
NMDC20582457	0	0	0	0	0	1	0	0	0	0	1	0	0	0	0	0	0	0	0	0	0	0	0	0	0	0	0	0	1	1	S
NMDC20554767	0	0	0	0	0	0	0	0	0	0	0	0	0	0	1	0	1	0	0	0	1	1	0	0	0	0	0	1	0	1	S
NMDC20550785	0	0	0	0	0	1	0	1	0	0	0	1	0	0	0	0	1	1	0	0	1	1	0	1	0	0	1	0	0	1	S
NMDC20556801	0	0	0	0	0	0	0	0	0	0	1	0	0	0	0	0	1	0	0	0	0	1	0	0	0	0	0	0	1	0	S
NMDC20552796	0	0	0	0	0	0	0	0	0	0	0	0	0	0	0	0	0	0	0	0	0	1	0	0	0	0	0	0	0	0	S
NMDC20556802	0	0	0	0	0	1	0	1	0	0	0	1	0	0	1	0	1	1	0	0	0	1	1	0	1	0	0	0	1	1	S
NMDC20582458	0	0	0	0	0	1	0	0	0	0	1	0	0	0	0	0	0	0	0	0	0	0	0	0	0	0	0	0	1	1	S
NMDC20550786	0	0	1	0	1	0	0	0	0	0	0	0	0	0	1	1	0	0	1	0	0	1	0	0	0	0	0	1	1	0	S
NMDC20556804	0	0	0	0	0	0	0	0	0	0	0	1	0	0	0	0	1	1	0	0	0	0	0	0	1	0	0	0	0	1	S
NMDC20550787	0	0	0	0	0	0	0	0	0	0	0	0	0	0	1	0	1	0	0	0	1	1	0	0	0	0	0	1	0	1	S
NMDC20554768	0	0	0	0	0	1	0	1	0	0	0	1	1	0	1	0	0	0	0	0	1	1	0	0	0	0	0	0	1	1	S
NMDC20582459	0	0	0	0	0	1	0	1	0	0	0	1	0	0	0	0	1	1	0	0	1	1	0	1	0	0	1	0	0	1	S
NMDC20582460	0	0	0	0	0	0	0	0	0	0	0	1	0	0	0	0	1	0	0	0	1	1	0	0	1	0	0	0	1	0	S
NMDC20554769	0	0	0	0	0	1	0	1	0	0	0	1	1	0	1	0	0	0	0	0	1	1	0	0	0	0	0	0	1	1	S
NMDC20554770	0	0	0	0	0	1	0	0	0	0	1	0	0	0	0	0	0	0	0	0	0	0	0	0	0	0	0	0	1	1	S
NMDC20582463	0	0	0	0	0	0	0	0	0	0	0	1	0	0	0	0	0	0	0	0	0	0	0	0	0	0	0	0	0	0	S
NMDC20582464	0	0	0	0	0	0	0	1	0	0	0	1	0	0	0	0	0	0	1	0	0	1	0	0	0	0	0	0	0	1	S
NMDC20554772	0	0	0	0	0	1	0	1	0	0	0	1	0	0	1	0	1	1	0	0	0	1	0	0	1	0	0	0	1	1	S
NMDC20582466	0	0	0	0	0	1	0	1	0	0	0	1	0	0	0	0	0	0	0	0	1	1	0	0	0	0	0	0	0	0	S
NMDC20556805	0	0	0	0	0	1	0	1	0	0	0	1	1	0	1	0	0	0	0	0	1	1	0	0	0	0	0	0	1	1	S
NMDC20550790	0	0	0	0	0	1	0	1	0	0	0	1	0	0	1	0	1	1	0	0	0	1	0	0	1	0	0	0	1	1	S
NMDC20582467	0	0	0	0	0	1	0	0	0	0	1	0	0	0	0	0	0	0	0	0	0	0	0	0	0	0	0	0	1	1	S
NMDC20554773	0	0	0	0	0	0	0	1	0	0	0	1	0	0	0	0	0	0	0	0	0	0	0	0	0	0	1	0	0	1	S
NMDC20582469	0	0	1	0	1	0	0	0	0	0	0	1	0	0	0	1	0	0	1	0	0	0	0	0	0	0	0	0	0	0	S
NMDC20552797	0	0	0	0	0	1	0	1	0	0	0	1	0	0	1	0	1	1	1	0	0	1	0	0	1	0	0	0	1	1	S
NMDC20556806	0	0	0	0	0	0	0	1	0	0	0	1	0	0	0	0	0	0	0	0	0	0	0	0	0	0	1	0	0	1	S
NMDC20552798	0	0	0	0	0	1	0	1	0	0	0	1	1	0	0	0	0	0	1	0	1	1	0	0	0	0	0	0	0	1	S
NMDC20552799	0	0	0	0	0	1	0	1	0	0	0	1	0	0	1	0	1	1	1	0	0	1	0	0	1	0	0	0	1	1	S
NMDC20582470	0	0	0	0	0	1	0	0	0	0	1	0	0	0	0	0	0	0	0	0	0	0	0	0	0	0	0	0	1	1	S
NMDC20582471	0	0	1	0	1	0	0	0	0	0	0	1	0	0	0	1	0	0	1	0	0	0	0	0	0	0	0	0	0	0	S
NMDC20552800	0	0	1	0	1	0	0	0	0	0	0	1	0	0	0	1	0	0	1	0	0	0	0	0	0	0	0	0	0	0	S
NMDC20556807	0	0	0	0	0	0	0	0	0	0	0	1	0	0	0	0	1	0	0	0	1	1	0	0	1	0	0	0	1	0	S
NMDC20554776	0	0	0	0	0	0	0	0	0	0	0	0	0	0	1	0	0	0	0	0	0	1	0	0	0	0	0	1	1	0	S
NMDC20552801	0	0	0	0	0	0	0	0	0	0	0	1	0	0	0	0	0	0	0	0	1	1	0	1	0	0	0	0	0	1	S
NMDC20582472	0	0	0	0	0	0	0	0	0	0	0	0	0	0	0	0	0	0	0	0	0	1	0	0	0	0	0	0	0	0	S
NMDC20552802	0	0	0	0	0	0	0	0	0	0	0	0	0	0	0	0	1	1	0	1	0	0	0	1	0	0	0	0	0	0	S
NMDC20554777	0	0	0	0	0	1	0	1	0	0	0	1	0	0	1	0	1	1	0	0	0	1	0	0	1	0	0	0	1	1	S
NMDC20550793	1	0	1	0	0	1	0	0	0	0	1	0	0	0	0	1	0	0	0	0	0	0	0	0	0	0	0	0	1	1	S
NMDC20552803	0	0	0	0	0	1	0	0	0	0	1	0	0	0	0	0	0	0	0	0	0	0	0	0	0	0	0	0	1	1	S
NMDC20550806	0	0	0	0	0	1	0	0	0	0	1	0	0	0	0	0	0	0	0	0	0	0	0	0	0	0	0	0	1	1	S
NMDC20582624	0	0	0	0	0	1	0	1	0	0	0	1	0	0	1	0	1	1	0	0	0	1	0	0	1	0	0	0	1	1	S
NMDC20556819	0	0	1	0	0	1	0	1	0	0	0	1	0	0	1	1	1	1	0	0	0	1	0	0	1	0	0	0	1	1	S
NMDC20550807	0	0	0	0	0	1	0	1	0	0	0	1	0	0	1	0	1	1	0	0	0	1	0	0	1	0	0	0	1	1	S
NMDC20582626	0	0	0	0	0	1	0	0	0	0	1	0	0	0	0	0	0	0	0	0	0	0	0	0	0	0	0	0	1	1	S
NMDC20554797	0	0	0	0	0	1	0	1	0	0	0	1	0	0	1	0	1	1	0	0	0	1	0	0	1	0	0	0	1	1	S
NMDC20550808	0	0	0	0	0	1	0	1	0	0	0	1	0	0	1	0	1	1	0	0	0	1	0	0	1	0	0	0	1	1	S
NMDC20552814	0	0	0	0	0	1	0	1	0	0	0	1	0	0	1	0	1	1	0	0	0	1	0	0	1	0	0	0	1	1	S
NMDC20552815	0	0	0	0	0	1	0	1	0	0	0	1	0	0	1	0	1	1	0	0	0	1	0	0	1	0	0	0	1	1	S
NMDC20552816	0	0	0	0	0	1	0	1	0	0	0	1	0	0	1	0	1	1	0	0	0	1	0	0	1	0	0	0	1	1	S
NMDC20550812	0	0	0	0	0	1	0	0	0	0	1	0	0	0	0	0	0	0	0	0	0	0	0	0	0	0	0	0	1	1	S
NMDC20582630	0	0	0	0	0	1	0	1	0	0	0	1	0	0	1	0	1	1	1	0	0	1	0	0	1	0	0	0	1	1	S
NMDC20582631	0	0	0	0	0	1	0	1	0	0	0	1	0	0	1	0	1	1	1	0	0	1	0	0	1	0	0	0	1	1	S
NMDC20582632	0	0	0	0	0	1	0	1	0	0	0	1	0	0	1	0	1	1	0	0	0	1	0	0	1	0	0	0	1	1	S
NMDC20550809	0	0	0	0	0	1	0	1	0	0	0	1	0	0	1	0	1	1	0	0	0	1	0	0	1	0	0	0	1	1	S
NMDC20550810	0	0	0	0	0	1	0	1	0	0	0	1	0	0	0	0	0	0	0	0	0	0	0	1	0	0	0	0	1	1	S
NMDC20550811	0	0	0	0	0	1	0	1	0	0	0	1	0	0	1	0	1	1	0	0	0	1	0	0	1	0	0	0	1	1	S
NMDC20582634	0	0	0	0	0	1	0	1	0	0	0	1	0	0	1	0	1	1	0	0	0	1	0	0	1	0	0	0	1	1	S
NMDC20582636	0	0	0	0	0	1	0	1	0	0	0	1	0	0	1	0	1	1	0	0	0	1	0	0	1	0	0	0	1	1	S
NMDC20550813	0	0	0	0	0	1	0	1	0	0	0	1	0	0	0	0	0	0	1	0	1	1	0	0	0	0	0	0	0	0	S
NMDC20582637	0	0	0	0	0	1	0	1	0	0	0	1	0	0	1	0	1	1	0	0	0	1	0	0	1	0	0	0	1	1	S
NMDC20582638	0	0	0	0	0	0	0	0	0	0	0	0	0	0	0	0	0	0	0	0	1	1	0	0	0	0	1	0	1	1	S
NMDC20556821	0	0	0	0	0	1	0	1	0	0	0	1	0	0	1	0	1	1	0	0	0	1	0	0	1	0	0	0	1	1	S
NMDC20550814	0	0	0	0	0	1	0	1	0	0	0	1	0	0	1	0	1	1	0	0	0	1	0	0	1	0	0	0	1	1	S
NMDC20582639	0	0	0	0	0	1	0	0	0	0	1	0	0	0	0	0	0	0	0	0	0	0	0	0	0	0	0	0	1	1	S
NMDC20582640	0	0	0	0	0	1	0	1	0	0	0	1	0	0	1	0	1	1	1	0	0	1	0	0	1	0	0	0	1	1	S
NMDC20582641	0	0	0	0	0	1	0	1	0	0	0	1	0	0	1	0	1	1	0	0	0	1	0	0	1	0	0	0	1	1	S
NMDC20582642	0	0	0	0	0	1	0	1	0	0	0	1	0	0	1	0	1	1	0	0	0	1	0	0	1	0	0	0	1	1	S
NMDC20582643	0	0	0	0	0	1	0	1	0	0	0	1	0	0	1	0	1	1	0	0	0	1	0	0	1	0	0	0	1	1	S
NMDC20550815	0	0	0	0	0	1	0	1	0	0	0	1	0	0	1	0	1	1	0	0	0	1	0	0	1	0	0	0	1	1	S
NMDC20582644	0	0	0	0	0	1	0	1	0	0	0	1	0	0	1	0	1	1	0	0	0	1	0	0	1	0	0	0	1	1	S
NMDC20550816	0	0	0	0	0	0	0	0	0	0	0	1	0	0	0	0	1	0	0	0	1	1	0	0	1	0	0	0	1	0	S
NMDC20552819	0	0	0	0	0	1	0	1	0	0	0	1	0	0	0	0	0	0	0	0	0	0	0	1	0	0	0	0	1	1	S
NMDC20552820	0	0	0	0	0	1	0	0	0	0	1	0	0	0	0	0	0	0	0	0	0	0	0	0	0	0	0	0	1	1	S
NMDC20554800	0	0	0	0	0	1	0	1	0	0	0	1	0	0	1	0	1	1	1	0	0	1	0	0	1	0	0	0	1	1	S
NMDC20582647	0	0	0	0	0	1	0	1	0	0	0	1	0	0	1	0	0	1	0	0	1	0	0	0	1	0	1	0	0	1	S
NMDC20552823	0	0	0	0	0	1	0	1	0	0	0	1	0	0	1	0	1	1	0	0	0	1	0	0	1	0	0	0	1	1	S
NMDC20554801	0	0	0	0	0	1	0	1	0	0	0	1	0	0	1	0	1	1	0	0	0	1	0	0	1	0	0	0	1	1	S
NMDC20582648	0	0	0	0	0	1	0	1	0	0	0	1	0	0	1	0	1	1	0	0	0	1	0	0	1	0	0	0	1	1	S
NMDC20552825	0	0	0	0	0	1	0	1	0	0	0	1	0	0	1	0	1	1	0	0	0	1	0	0	1	0	0	0	1	1	S
NMDC20550817	0	0	0	0	0	1	0	1	0	0	0	1	0	0	1	0	1	1	1	0	0	1	0	0	1	0	0	0	1	1	S
NMDC20582649	0	0	0	0	0	1	0	1	0	0	0	1	0	0	1	0	1	1	1	0	0	1	0	0	1	0	0	0	1	1	S
NMDC20556825	0	0	1	0	1	0	0	0	0	0	0	1	0	0	0	1	0	0	1	0	0	0	0	0	0	0	0	0	0	0	S
NMDC20582650	0	0	0	0	0	1	0	1	0	0	0	1	0	0	1	0	1	1	0	0	0	1	0	0	1	0	0	0	1	1	S
NMDC20554802	0	0	0	0	0	1	0	1	0	0	0	1	0	0	1	0	1	1	0	0	0	1	0	0	1	0	0	0	1	1	S
NMDC20582651	0	0	0	0	0	1	0	1	0	0	0	1	0	0	1	0	1	1	0	0	0	1	0	0	1	0	0	0	1	1	S
NMDC20554803	0	0	0	0	0	1	0	1	0	0	0	1	0	0	1	0	1	1	0	0	0	1	0	0	1	0	0	0	1	1	S
NMDC20550818	0	0	0	0	0	1	0	1	0	0	0	1	0	0	1	0	1	1	0	0	0	1	0	0	1	0	0	0	1	1	S
NMDC20556826	0	0	0	0	0	1	0	1	0	0	0	1	0	0	1	0	1	1	0	0	0	1	0	0	1	0	0	0	1	1	S
NMDC20550819	0	0	0	0	0	1	0	1	0	0	0	1	0	0	1	0	1	1	1	0	0	1	0	0	1	0	0	0	1	1	S
NMDC20582653	0	0	0	0	0	1	0	1	0	0	0	1	0	0	1	0	1	1	0	0	0	1	0	0	1	0	0	0	1	1	S
NMDC20582654	0	0	0	0	0	1	0	1	0	0	0	1	0	0	1	0	1	1	0	0	0	1	0	0	1	0	0	0	1	1	S
NMDC20550820	0	0	0	0	0	0	0	0	0	0	0	1	0	0	0	0	1	0	0	0	1	1	0	0	1	0	0	0	1	0	S
NMDC20550821	0	0	0	0	0	1	0	1	0	0	0	1	0	0	1	0	1	1	0	0	0	1	0	0	1	0	0	0	1	1	S
NMDC20582655	0	0	1	0	1	0	0	0	0	0	0	1	0	0	0	1	0	0	1	0	0	0	0	0	0	0	0	0	0	0	S
NMDC20582656	0	0	1	0	1	0	0	0	0	0	0	1	0	0	0	1	0	0	1	0	0	0	0	0	0	0	0	0	0	0	S
NMDC20582657	0	0	1	0	1	0	0	0	0	0	0	1	0	0	0	1	0	0	1	0	0	0	0	0	0	0	0	0	0	0	S
NMDC20582658	0	0	0	0	0	1	0	1	0	0	0	1	0	0	1	0	1	1	0	0	0	1	0	0	1	0	0	0	1	1	S
NMDC20550822	0	0	0	0	0	1	0	0	0	0	1	0	0	0	0	0	0	0	0	0	0	0	0	0	0	0	0	0	1	1	S
NMDC20582659	0	0	0	0	0	1	0	1	0	0	0	1	0	0	1	0	1	1	0	0	0	1	0	0	1	0	0	0	1	1	S
NMDC20554820	0	0	0	0	0	1	0	0	0	0	1	0	0	0	0	0	0	0	0	0	0	0	0	0	0	0	0	0	1	1	S
NMDC20582661	0	0	0	0	0	1	0	1	0	0	0	1	0	0	1	0	1	1	0	0	0	1	0	0	1	0	0	0	1	1	S
NMDC20550823	0	0	0	0	0	1	0	1	0	0	0	1	0	0	1	0	1	1	1	0	0	1	0	0	1	0	0	0	1	1	S
NMDC20582662	0	0	0	0	0	1	0	1	0	0	0	1	0	0	1	0	1	1	0	0	0	1	0	0	1	0	0	0	1	1	S
NMDC20554804	0	0	0	0	0	1	0	1	0	0	0	1	0	0	1	0	1	1	0	0	0	1	0	0	1	0	0	0	1	1	S
NMDC20556828	0	0	0	0	0	1	0	1	0	0	0	1	0	0	1	0	1	1	0	0	0	1	0	0	1	0	0	0	1	1	S
NMDC20582664	0	0	0	0	0	0	0	0	0	0	0	1	0	0	0	0	1	1	0	0	0	0	0	0	1	0	0	0	0	1	S
NMDC20582665	0	0	0	0	0	1	0	1	0	0	0	1	0	0	1	0	1	1	0	0	0	1	0	0	1	0	0	0	1	1	S
NMDC20554806	0	0	0	0	0	1	0	1	0	0	0	1	0	0	1	0	1	1	0	0	0	1	0	0	1	0	0	0	1	1	S
NMDC20556829	0	0	0	0	0	1	0	1	0	0	0	1	0	0	1	0	1	1	0	0	0	1	0	0	1	0	0	0	1	1	S
NMDC20550825	0	0	0	0	0	1	0	1	0	0	0	1	0	0	1	0	1	1	0	0	0	1	0	0	1	0	0	0	1	1	S
NMDC20582667	0	0	0	0	0	1	0	1	0	0	0	1	0	0	1	0	1	1	0	0	0	1	0	0	1	0	0	0	1	1	S
NMDC20552831	0	0	0	0	0	1	0	1	0	0	0	1	0	0	1	0	1	1	0	0	0	1	0	0	1	0	0	0	1	1	S
NMDC20550826	0	0	0	0	0	1	0	1	0	0	0	1	0	0	1	0	1	1	1	0	0	1	0	0	1	0	0	0	1	1	S
NMDC20582668	0	0	0	0	0	1	0	1	0	0	0	1	0	0	0	0	0	0	0	0	0	0	0	1	0	0	0	0	1	1	S
NMDC20556830	0	0	0	0	0	1	0	1	0	0	0	1	0	0	1	0	1	1	0	0	0	1	0	0	1	0	0	0	1	1	S
NMDC20582670	0	0	0	0	0	1	0	1	0	0	0	1	0	0	1	0	1	1	1	0	0	1	0	0	1	0	0	0	1	1	S
NMDC20582671	0	0	0	0	0	1	0	1	0	0	0	1	0	0	1	0	1	1	0	0	0	1	0	0	1	0	0	0	1	1	S
NMDC20582672	0	0	0	0	0	1	0	1	0	0	0	1	0	0	1	0	1	1	1	0	0	1	0	0	1	0	0	0	1	1	S
NMDC20550827	0	0	0	0	0	1	0	1	0	0	0	1	0	0	1	0	1	1	1	0	0	1	0	0	1	0	0	0	1	1	S
NMDC20552832	0	0	0	0	0	0	0	0	0	0	0	1	0	0	0	0	1	1	0	0	0	0	0	0	1	0	0	0	0	1	S
NMDC20582673	0	0	0	0	0	1	0	1	0	0	0	1	0	0	1	0	1	1	1	0	0	1	0	0	1	0	0	0	1	1	S
NMDC20582675	0	0	1	0	1	1	0	1	0	0	0	1	0	0	1	1	1	1	1	0	0	1	0	0	1	0	0	0	1	1	S
NMDC20582676	0	0	0	0	0	1	0	1	0	0	0	1	0	0	1	0	1	1	0	0	0	1	0	0	1	0	0	0	1	1	S
NMDC20556831	0	0	0	0	0	1	0	1	0	0	0	1	0	0	1	0	1	1	1	0	0	1	0	0	1	0	0	0	1	1	S
NMDC20582677	0	0	0	0	0	1	0	1	0	0	0	1	0	0	1	0	1	1	1	0	0	1	0	0	1	0	0	0	1	1	S
NMDC20552834	0	0	0	0	0	1	0	1	0	0	0	1	0	0	1	0	1	1	0	0	0	1	0	0	1	0	0	0	1	1	S
NMDC20554811	0	0	0	0	0	1	0	1	0	0	0	1	0	0	1	0	1	1	0	0	0	1	0	0	1	0	0	0	1	1	S
NMDC20582680	0	0	0	0	0	1	0	1	0	0	0	1	0	0	1	0	1	1	0	0	0	1	0	0	1	0	0	0	1	1	S
NMDC20550829	0	0	0	0	0	1	0	1	0	0	0	1	0	0	1	0	1	1	0	0	0	1	0	0	1	0	0	0	1	1	S
NMDC20552835	0	0	0	0	0	1	0	0	0	0	0	1	0	0	0	0	0	0	0	0	0	1	0	0	0	0	0	1	1	0	S
NMDC20550830	0	0	0	0	0	1	0	1	0	0	0	1	0	0	1	0	1	1	0	0	0	1	0	0	1	0	0	0	1	1	S
NMDC20552837	0	0	0	0	0	1	0	0	0	0	1	1	0	0	0	0	0	0	0	0	1	1	0	0	0	0	1	0	1	0	S
NMDC20550831	0	0	0	0	0	1	0	1	0	0	0	1	0	0	1	0	1	1	0	0	0	1	0	0	1	0	0	0	1	1	S
NMDC20582681	0	0	0	0	0	1	0	1	0	0	0	1	0	0	1	0	1	1	0	0	0	1	0	0	1	0	0	0	1	1	S
NMDC20556836	0	0	0	0	0	1	0	1	0	0	0	1	0	0	1	0	1	1	0	0	0	1	0	0	1	0	0	0	1	1	S
NMDC20552836	0	0	0	0	0	1	0	1	0	0	0	1	0	0	1	0	1	1	0	0	0	1	0	0	1	0	0	0	1	1	S
NMDC20554814	0	0	0	0	0	1	0	1	0	0	0	1	0	0	1	0	1	1	0	0	0	1	0	0	1	0	0	0	1	1	S
NMDC20550833	0	0	0	0	0	1	0	1	0	0	0	1	0	0	1	0	1	1	0	0	0	1	0	0	1	0	0	0	1	1	S
NMDC20556837	0	0	0	0	0	1	0	1	0	0	0	1	0	0	1	0	1	1	0	0	0	1	0	0	1	0	0	0	1	1	S
NMDC20582684	0	0	0	0	0	1	0	1	0	0	0	1	0	0	1	0	1	1	0	0	0	1	0	0	1	0	0	0	1	1	S
NMDC20556838	0	0	0	0	0	1	0	1	0	0	0	1	0	0	1	0	1	1	0	0	0	1	0	0	1	0	0	0	1	1	S
NMDC20552838	0	0	0	0	0	1	0	1	0	0	0	1	0	0	1	0	1	1	1	0	0	1	0	0	1	0	0	0	1	1	S
NMDC20554817	0	0	0	0	0	1	0	1	0	0	0	1	0	0	1	0	1	1	0	0	1	0	0	0	1	0	1	0	0	1	S
NMDC20582685	0	0	0	0	0	1	0	1	0	0	0	1	0	0	1	0	1	1	0	0	0	1	0	0	1	0	0	0	1	1	S
NMDC20554818	0	0	0	0	0	1	0	1	0	0	0	1	0	0	1	0	1	1	0	0	0	1	0	0	1	0	0	0	1	1	S
NMDC20582686	0	0	0	0	0	1	0	1	0	0	0	1	0	0	1	0	1	1	0	0	0	1	0	0	1	0	0	0	1	1	S
NMDC20550835	0	0	0	0	0	0	0	0	0	0	0	1	0	0	0	0	1	0	0	0	1	1	0	0	1	0	0	0	1	0	S
NMDC20582687	0	0	0	0	0	1	0	1	0	0	0	1	0	0	1	0	1	1	1	0	0	1	0	0	1	0	0	0	1	1	S
NMDC20556840	0	0	0	0	0	1	0	1	0	0	0	1	0	0	1	0	1	1	0	0	0	1	0	0	1	0	0	0	1	1	S
NMDC20554819	0	0	0	0	0	1	0	1	0	0	0	1	0	0	1	0	1	1	1	0	0	1	0	0	1	0	0	0	1	1	S
NMDC20582688	0	0	0	0	0	1	0	1	0	0	0	1	0	0	1	0	1	1	0	0	0	1	1	0	1	0	0	0	1	1	S
NMDC20550834	0	0	0	0	0	1	0	1	0	0	0	1	0	0	1	0	1	1	0	0	0	1	0	0	1	0	0	0	1	1	S
NMDC20556853	0	0	0	0	0	1	0	0	0	0	1	0	0	0	0	0	0	0	0	0	0	0	0	0	0	0	0	0	1	1	S
NMDC20550836	0	0	0	0	0	0	0	0	0	0	0	1	0	0	0	0	1	0	0	0	1	1	0	0	1	0	0	0	1	0	S
NMDC20582690	0	0	0	0	0	1	0	1	0	0	0	1	0	0	1	0	1	1	1	0	0	1	0	0	1	0	0	0	1	1	S
NMDC20554821	0	0	0	0	0	1	0	1	0	0	0	1	0	0	1	0	1	1	1	0	0	1	0	0	1	0	0	0	1	1	S
NMDC20582691	0	0	0	0	0	0	0	1	0	0	0	1	0	0	0	0	0	1	0	0	1	1	0	1	0	0	0	0	0	1	S
NMDC20582692	0	0	0	0	0	1	0	1	0	0	0	1	0	0	0	0	0	0	0	0	0	0	0	1	0	0	0	0	1	1	S
NMDC20554822	0	0	0	0	0	1	0	0	0	0	1	0	0	0	0	0	0	0	0	0	0	0	0	0	0	0	0	0	1	1	S
NMDC20582695	0	0	0	0	0	1	0	1	0	0	0	1	0	0	1	0	1	1	0	0	0	1	0	0	1	0	0	0	1	1	S
NMDC20582696	0	0	0	0	0	1	0	1	0	0	0	1	0	0	1	0	1	1	0	0	0	1	0	0	1	0	0	0	1	1	S
NMDC20582697	0	0	0	0	0	1	0	1	0	0	0	1	0	0	1	0	1	1	0	0	0	1	0	0	1	0	0	0	1	1	S
NMDC20582698	0	0	0	0	0	1	0	1	0	0	0	1	0	0	1	0	1	1	0	0	0	1	0	0	1	0	0	0	1	1	S
NMDC20550837	0	0	0	0	0	1	0	0	0	0	1	0	0	0	0	0	0	0	0	0	0	0	0	0	0	0	0	0	1	1	S
NMDC20556841	0	0	0	0	0	1	0	0	0	0	1	0	0	0	0	0	0	0	0	0	0	0	0	0	0	0	0	0	1	1	S
NMDC20582699	0	0	0	0	0	1	0	0	0	0	1	0	0	0	0	0	0	0	0	0	0	0	0	0	0	0	0	0	1	1	S
NMDC20582701	0	0	0	0	0	0	0	0	0	0	0	0	0	0	0	0	1	1	0	1	0	0	0	1	0	0	0	0	0	0	S
NMDC20582702	0	0	0	0	0	1	0	1	0	0	0	1	0	0	1	0	1	1	0	0	0	1	0	0	1	0	0	0	1	1	S
NMDC20582703	0	0	0	0	0	0	0	0	0	0	0	1	0	0	0	0	0	0	0	0	0	0	0	0	0	0	0	0	0	0	S
NMDC20556842	0	0	0	0	0	1	0	1	0	0	0	1	1	0	1	0	0	0	0	0	1	1	0	0	0	0	0	0	1	1	S
NMDC20552840	0	0	0	0	0	0	0	0	0	0	0	1	0	0	0	0	0	0	0	0	1	1	0	1	0	0	0	0	0	1	S
NMDC20582705	0	0	0	0	0	1	0	0	0	0	1	0	0	0	0	0	0	0	0	0	0	0	0	0	0	0	0	0	1	1	S
NMDC20582707	0	0	1	0	0	1	0	1	0	0	0	1	0	0	1	1	1	1	1	0	0	1	0	0	1	0	0	0	1	1	S
NMDC20554823	0	0	0	0	0	1	0	1	0	0	0	1	0	0	1	0	1	1	0	0	0	1	0	0	1	0	0	0	1	1	S
NMDC20582708	0	0	0	0	0	0	0	0	0	0	0	0	0	0	0	0	0	0	0	0	1	1	0	0	0	0	1	0	1	1	S
NMDC20550839	0	0	0	0	0	1	0	1	0	0	0	1	0	0	1	0	1	1	0	0	0	1	0	0	1	0	0	0	1	1	S
NMDC20582709	0	0	0	0	0	0	0	1	0	0	0	1	0	0	0	0	0	0	0	0	0	1	0	0	0	0	0	0	0	1	S
NMDC20556843	0	0	0	0	0	1	0	0	0	0	0	0	0	0	0	0	0	1	0	0	0	0	0	0	0	0	1	0	1	1	S
NMDC20556844	0	0	0	0	0	1	0	1	0	0	0	1	0	0	1	0	1	1	0	0	0	1	0	0	1	0	0	0	1	1	S
NMDC20582710	0	0	0	0	0	1	0	1	0	0	0	1	0	0	1	0	1	1	0	0	0	1	0	0	1	0	0	0	1	1	S
NMDC20582711	0	0	0	0	0	1	0	1	0	0	0	1	0	0	1	0	1	1	0	0	0	1	0	0	1	0	0	0	1	1	S
NMDC20556845	0	0	0	0	0	1	0	0	0	0	1	0	0	0	0	0	0	0	0	0	0	0	0	0	0	0	0	0	1	1	S
NMDC20582712	0	0	0	0	0	0	0	0	0	0	0	1	0	0	0	0	0	0	0	0	0	0	0	0	0	0	0	0	0	0	S
NMDC20554824	0	0	0	0	0	1	0	1	0	0	0	1	0	0	1	0	1	1	0	0	0	1	0	0	1	0	0	0	1	1	S
NMDC20554825	0	0	0	0	0	1	0	1	0	0	0	1	0	0	1	0	1	1	0	0	0	1	0	0	1	0	0	0	1	1	S
NMDC20582714	0	0	0	0	0	1	0	1	0	0	0	1	0	0	1	0	0	0	0	0	1	1	0	0	1	0	0	0	0	1	S
NMDC20556847	0	0	0	0	0	1	0	1	0	0	0	1	0	0	1	0	1	1	0	0	0	1	0	0	1	0	0	0	1	1	S
NMDC20556848	0	0	0	0	0	1	0	0	0	0	1	0	0	0	0	0	0	0	0	0	0	0	0	0	0	0	0	0	1	1	S
NMDC20582716	0	0	1	0	1	0	0	0	0	0	0	1	0	0	0	1	0	0	1	0	0	0	0	0	0	0	0	0	0	0	S
NMDC20554826	0	0	0	0	0	0	0	1	0	0	0	1	0	0	0	0	0	0	0	0	0	1	0	0	0	0	0	0	0	1	S
NMDC20582717	0	0	0	0	0	1	0	1	0	0	0	1	0	0	1	0	1	1	0	0	0	1	0	0	1	0	0	0	1	1	S
NMDC20550843	0	0	0	0	0	1	0	1	0	0	0	1	0	0	1	0	1	1	0	0	0	1	0	0	1	0	0	0	1	1	S
NMDC20552841	0	0	0	0	0	1	0	1	0	0	0	1	0	0	1	0	1	1	0	0	0	1	0	0	1	0	0	0	1	1	S
NMDC20552844	0	0	0	0	0	1	0	1	0	0	0	1	0	0	1	0	1	1	1	0	0	1	0	0	1	0	0	0	1	1	S
NMDC20582718	0	0	0	0	0	1	0	0	0	0	1	0	0	0	0	0	0	0	0	0	0	0	0	0	0	0	0	0	1	1	S
NMDC20582719	0	0	0	0	0	1	0	0	0	0	1	0	0	0	0	0	0	0	0	0	0	0	0	0	0	0	0	0	1	1	S
NMDC20582720	0	0	0	0	0	0	0	1	0	0	0	1	0	0	0	0	0	0	0	0	0	1	0	0	0	0	0	0	0	1	S
NMDC20550844	0	0	1	0	0	1	0	1	0	0	0	1	0	0	1	1	1	1	0	0	0	1	0	0	1	0	0	0	1	1	S
NMDC20582721	0	0	0	0	0	1	0	1	0	0	0	1	0	0	1	0	1	1	0	0	0	1	0	0	1	0	0	0	1	1	S
NMDC20554829	0	0	1	0	1	0	0	0	0	0	1	0	0	0	0	1	0	0	1	1	0	0	0	1	0	0	0	0	1	1	S
NMDC20554830	0	0	0	0	0	1	0	1	0	0	0	1	0	0	1	0	1	1	0	0	0	1	0	0	1	0	0	0	1	1	S
NMDC20554831	0	0	0	0	0	1	0	1	0	0	0	1	0	0	1	0	1	1	0	0	0	1	0	0	1	0	0	0	1	1	S
NMDC20554833	0	0	0	0	0	1	0	1	0	0	0	1	0	0	1	0	1	1	0	0	0	1	0	0	1	0	0	0	1	1	S
NMDC20550845	0	0	0	0	0	1	0	1	0	0	0	1	0	0	1	0	1	1	0	0	0	1	0	0	1	0	0	0	1	1	S
NMDC20552846	0	0	0	0	0	1	0	1	0	0	0	1	0	0	1	0	1	1	0	0	0	1	0	0	1	0	0	0	1	1	S
NMDC20582724	0	0	0	0	0	1	0	1	0	0	0	1	0	0	1	0	1	1	0	0	0	1	0	0	1	0	0	0	1	1	S
NMDC20582726	0	0	0	0	0	1	0	1	0	0	0	1	0	0	1	0	1	1	1	0	0	1	0	0	1	0	0	0	1	1	S
NMDC20552848	0	0	0	0	0	1	0	1	0	0	0	1	0	0	1	0	1	1	0	0	0	1	0	0	1	0	0	0	1	1	S
NMDC20582727	1	0	1	0	0	1	0	1	0	0	0	1	0	0	1	1	0	0	0	0	0	1	0	0	1	0	0	0	0	0	S
NMDC20556850	0	0	0	0	0	1	0	1	0	0	0	1	0	0	0	0	0	0	0	0	0	0	0	1	0	0	0	0	1	1	S
NMDC20554834	0	0	0	0	0	1	0	0	0	0	1	0	0	0	0	0	0	0	0	0	0	0	0	0	0	0	0	0	1	1	S
NMDC20552854	0	0	0	0	0	1	0	1	0	0	0	1	0	0	1	0	1	1	0	0	0	1	0	0	1	0	0	0	1	1	S
NMDC20552851	0	0	0	0	0	1	0	0	0	0	1	0	0	0	0	0	0	0	0	0	0	0	0	0	0	0	0	0	1	1	S
NMDC20582728	0	0	0	0	0	1	0	1	0	0	0	1	0	0	1	0	1	1	0	0	0	1	0	0	1	0	0	0	1	1	S
NMDC20582729	0	0	0	0	0	1	0	1	0	0	0	1	0	0	1	0	1	1	0	0	0	1	0	0	1	0	0	0	1	1	S
NMDC20556852	0	0	0	0	0	1	0	1	0	0	0	1	0	0	0	0	0	0	1	0	1	1	0	0	0	0	0	0	0	0	S
NMDC20582730	0	0	0	0	0	1	0	0	0	0	1	0	0	0	0	0	0	0	0	0	0	0	0	0	0	0	0	0	1	1	S
NMDC20552853	0	0	0	0	0	1	0	1	0	0	0	1	0	0	1	0	1	1	0	0	0	1	0	0	1	0	0	0	1	1	S
NMDC20552864	0	0	0	0	0	0	0	1	0	0	0	1	0	0	0	0	0	0	0	0	0	1	0	0	0	0	0	0	0	1	S
NMDC20554835	0	0	0	0	0	1	0	1	0	0	0	1	0	0	1	0	1	1	0	0	0	1	0	0	1	0	0	0	1	1	S
NMDC20556854	0	0	0	0	0	1	0	1	0	0	0	1	0	0	1	0	1	1	0	0	0	1	0	0	1	0	0	0	1	1	S
NMDC20552856	0	0	0	0	0	1	0	1	0	0	0	1	0	0	1	0	1	1	0	0	0	1	0	0	1	0	0	0	1	1	S
NMDC20582733	0	0	0	0	0	0	0	0	0	0	0	0	0	0	0	0	1	1	0	1	0	0	0	1	0	0	0	0	0	0	S
NMDC20552857	0	0	0	0	0	1	0	1	0	0	0	1	0	0	1	0	1	1	0	0	0	1	0	0	1	0	0	0	1	1	S
NMDC20582734	0	0	0	0	0	1	0	1	0	0	0	1	0	0	1	0	1	1	0	0	0	1	1	0	1	0	0	0	1	1	S
NMDC20582735	0	0	0	0	0	1	0	1	0	0	0	1	0	0	1	0	1	1	0	0	0	1	1	0	1	0	0	0	1	1	S
NMDC20582736	0	0	0	0	0	1	0	1	0	0	0	1	0	0	1	0	1	1	0	0	0	1	0	0	1	0	0	0	1	1	S
NMDC20550848	0	0	0	0	0	1	0	1	0	0	0	1	0	0	1	0	1	1	0	0	0	1	0	0	1	0	0	0	1	1	S
NMDC20582738	0	1	0	0	0	1	0	1	0	0	0	1	0	1	1	0	0	0	1	0	1	1	0	0	1	0	0	0	0	1	S
NMDC20582739	0	0	0	0	0	0	0	0	0	0	0	1	0	0	0	0	0	0	0	0	0	0	0	0	0	0	0	0	0	0	S
NMDC20550849	0	0	0	0	0	1	0	0	0	0	1	0	0	0	0	0	0	0	0	0	0	0	0	0	0	0	0	0	1	1	S
NMDC20552860	1	0	1	0	0	1	0	1	0	0	0	1	0	0	1	1	0	0	0	0	0	1	0	0	1	0	0	0	0	0	S
NMDC20552862	0	0	0	0	0	1	0	1	0	0	0	1	0	0	1	0	1	1	1	0	0	1	0	0	1	0	0	0	1	1	S
NMDC20550850	0	0	0	0	0	1	0	1	0	0	0	1	0	0	1	0	1	1	0	0	0	1	0	0	1	0	0	0	1	1	S
NMDC20552863	0	0	0	0	0	1	0	1	0	0	0	1	0	0	1	0	1	1	0	0	0	1	0	0	1	0	0	0	1	1	S
NMDC20550855	0	0	0	0	0	1	0	1	0	0	0	1	0	0	1	0	1	1	0	0	0	1	0	0	1	0	0	0	1	1	S
NMDC20550856	0	0	0	0	0	1	0	1	0	0	0	1	0	0	1	0	1	1	0	0	0	1	0	0	1	0	0	0	1	1	S
NMDC20582752	0	0	0	0	0	1	0	1	0	0	0	1	0	0	1	0	1	1	0	0	0	1	0	0	1	0	0	0	1	1	S
NMDC20582753	0	0	0	0	0	1	0	1	0	0	0	1	0	0	1	0	1	1	1	0	0	1	0	0	1	0	0	0	1	1	S
NMDC20582754	0	0	0	0	0	1	0	1	0	0	0	1	0	0	1	0	1	1	0	0	0	1	0	0	1	0	0	0	1	1	S
NMDC20552867	0	0	0	0	0	0	0	0	0	0	0	0	0	0	0	0	0	0	0	0	1	1	0	0	0	0	1	0	1	1	S
NMDC20552868	0	0	0	0	0	0	0	0	0	0	0	0	0	0	0	0	1	0	0	0	0	1	0	0	0	0	0	0	1	0	S
NMDC20554841	0	0	0	0	0	1	0	1	0	0	0	1	0	0	0	0	0	0	0	0	1	1	0	0	0	0	0	0	0	0	S
NMDC20550858	0	0	0	0	0	0	0	0	0	0	0	1	0	0	0	0	1	0	0	0	1	1	0	0	1	0	0	0	1	0	S
NMDC20556859	0	0	0	0	0	1	0	1	0	0	0	1	0	0	0	0	0	0	0	0	0	0	0	1	0	0	0	0	1	1	S
NMDC20552869	0	0	0	0	0	1	0	1	0	0	0	1	0	0	1	0	1	1	0	0	0	1	0	0	1	0	0	0	1	1	S
NMDC20556860	0	0	0	0	0	1	0	1	0	0	0	1	0	0	0	0	0	0	0	0	1	1	0	0	0	0	0	0	0	0	S
NMDC20550860	0	0	0	0	0	1	0	1	0	0	0	1	0	0	1	0	1	1	0	0	0	1	0	0	1	0	0	0	1	1	S
NMDC20582756	0	0	0	0	0	1	0	1	0	0	0	1	0	0	1	0	1	1	0	0	0	1	0	0	1	0	0	0	1	1	S
NMDC20554843	0	0	0	0	0	1	0	1	0	0	0	1	0	0	1	0	1	1	0	0	0	1	0	0	1	0	0	0	1	1	S
NMDC20552873	0	0	0	0	0	1	0	1	0	0	0	1	0	0	1	0	1	1	0	0	0	1	0	0	1	0	0	0	1	1	S
NMDC20582757	0	0	0	0	0	0	0	1	0	0	0	1	0	0	0	0	0	0	0	0	0	1	0	0	0	0	0	0	0	1	S
NMDC20582758	0	0	0	0	0	1	0	1	0	0	0	1	0	0	1	0	1	1	0	0	0	1	0	0	1	0	0	0	1	1	S
NMDC20554846	0	0	0	0	0	1	0	0	0	0	1	0	0	0	0	0	0	0	0	0	0	0	0	0	0	0	0	0	1	1	S
NMDC20550863	0	0	0	0	0	1	0	1	0	0	0	1	0	0	1	0	1	1	0	0	0	1	0	0	1	0	0	0	1	1	S
NMDC20582760	0	0	0	0	0	1	0	1	0	0	0	1	0	0	1	0	1	1	0	0	0	1	0	0	1	0	0	0	1	1	S
NMDC20550865	0	0	1	0	0	1	0	0	0	0	0	0	0	0	1	1	0	1	1	0	1	1	0	0	0	0	0	0	0	1	S
NMDC20582761	0	0	0	0	0	0	0	0	0	0	0	1	0	0	0	0	1	1	0	0	0	0	0	0	1	0	0	0	0	1	S
NMDC20582762	0	0	0	0	0	1	0	1	0	0	0	1	0	0	1	0	1	1	0	0	0	1	0	0	1	0	0	0	1	1	S
NMDC20550864	0	0	0	0	0	1	0	1	0	0	0	1	0	0	0	0	0	0	0	0	1	1	0	0	0	0	0	0	0	0	S
NMDC20582764	0	0	0	0	0	1	0	0	0	0	1	0	0	0	0	0	0	0	0	0	0	0	0	0	0	0	0	0	1	1	S
NMDC20552876	0	0	0	0	0	1	0	1	0	0	0	1	0	0	1	0	1	1	0	0	0	1	0	0	1	0	0	0	1	1	S
NMDC20552877	0	0	0	0	0	1	0	0	0	0	1	0	0	0	0	0	0	0	0	0	0	0	0	0	0	0	0	0	1	1	S
NMDC20554849	0	0	0	0	0	1	0	1	0	0	0	1	0	0	1	0	1	1	0	0	0	1	0	0	1	0	0	0	1	1	S
NMDC20550866	0	0	0	0	0	1	0	1	0	0	0	1	0	0	0	0	0	0	0	0	0	0	0	1	0	0	0	0	1	1	S
NMDC20554850	0	0	0	0	0	1	0	1	0	0	0	1	0	0	1	0	1	1	0	0	0	1	0	0	1	0	0	0	1	1	S
NMDC20554851	0	0	0	0	0	1	0	1	0	0	0	1	0	0	1	0	1	1	0	0	0	1	0	0	1	0	0	0	1	1	S
NMDC20582766	0	0	0	0	0	1	0	0	0	0	1	0	0	0	0	0	0	0	0	0	0	0	0	0	0	0	0	0	1	1	S
NMDC20582767	0	0	0	0	0	1	0	1	0	0	0	1	0	0	1	0	1	1	0	0	0	1	0	0	1	0	0	0	1	1	S
NMDC20552879	0	0	0	0	0	1	0	1	0	0	0	1	0	0	1	0	1	1	0	0	0	1	0	0	1	0	0	0	1	1	S
NMDC20550867	0	0	0	0	0	1	0	1	0	0	0	1	0	0	1	0	1	1	0	0	0	1	0	0	1	0	0	0	1	1	S
NMDC20550868	0	0	0	0	0	1	0	0	0	0	1	0	0	0	0	0	0	0	0	0	0	0	0	0	0	0	0	0	1	1	S
NMDC20552881	0	0	0	0	0	1	0	1	0	0	0	1	0	0	1	0	1	1	0	0	0	1	0	0	1	0	0	0	1	1	S
NMDC20554852	0	0	0	0	0	1	0	0	0	0	1	0	0	0	0	0	0	0	0	0	0	0	0	0	0	0	0	0	1	1	S
NMDC20550869	0	0	0	0	0	1	0	0	0	0	1	0	0	0	0	0	0	0	0	0	0	0	0	0	0	0	0	0	1	1	S
NMDC20582769	0	0	0	0	0	1	0	0	0	0	1	0	0	0	0	0	0	0	0	0	0	0	0	0	0	0	0	0	1	1	S
NMDC20552883	0	0	0	0	0	1	0	0	0	0	1	1	1	0	1	0	0	1	0	0	0	0	0	0	0	0	1	0	1	1	S
NMDC20556865	0	0	0	0	0	1	0	1	0	0	0	1	0	0	1	0	1	1	0	0	0	1	0	0	1	0	0	0	1	1	S
NMDC20552884	0	0	0	0	0	1	0	1	0	0	0	1	0	0	1	0	1	1	0	0	0	1	0	0	1	0	0	0	1	1	S
NMDC20582771	0	0	0	0	0	1	0	1	0	0	0	1	0	0	1	0	1	1	1	0	0	1	0	0	1	0	0	0	1	1	S
NMDC20556866	0	0	0	0	0	0	0	0	0	0	0	0	0	0	0	0	1	1	0	1	0	0	0	1	0	0	0	0	0	0	S
NMDC20582773	0	0	0	0	0	1	0	0	0	0	1	0	0	0	0	0	0	0	0	0	0	0	0	0	0	0	0	0	1	1	S
NMDC20556867	0	0	0	0	0	0	0	0	0	0	0	0	0	0	0	0	1	1	0	1	0	0	0	1	0	0	0	0	0	0	S
NMDC20556868	0	0	0	0	0	1	0	1	0	0	0	1	0	0	0	0	0	0	0	0	0	0	0	1	0	0	0	0	1	1	S
NMDC20552885	0	0	0	0	0	0	0	0	0	0	0	1	0	0	0	0	1	1	0	0	0	0	0	0	1	0	0	0	0	1	S
NMDC20554854	0	0	0	0	0	1	0	1	0	0	0	1	0	0	1	0	1	1	0	0	0	1	0	0	1	0	0	0	1	1	S
NMDC20552888	0	0	0	0	0	1	0	1	0	0	0	1	0	0	1	0	1	1	1	0	0	1	0	0	1	0	0	0	1	1	S
NMDC20552887	0	0	0	0	0	1	0	1	0	0	0	1	0	0	1	0	1	1	0	0	0	1	0	0	1	0	0	0	1	1	S
NMDC20582776	0	0	0	0	0	0	0	0	0	0	0	0	0	0	0	0	1	1	0	1	0	0	0	1	0	0	0	0	0	0	S
NMDC20556869	0	0	0	0	0	0	0	0	0	0	0	1	0	0	0	0	0	0	0	0	1	1	0	0	0	0	1	0	1	1	S
NMDC20582779	0	0	0	0	0	1	0	1	0	0	0	1	0	0	1	0	1	1	0	0	0	1	1	0	1	0	0	0	1	1	S
NMDC20582780	0	0	0	0	0	1	0	1	0	0	0	1	0	0	1	0	1	1	0	0	0	1	0	0	1	0	0	0	1	1	S
NMDC20556871	0	0	0	0	0	0	0	0	0	0	0	1	0	0	0	0	0	0	0	0	0	0	0	0	0	0	0	0	0	0	S
NMDC20554855	0	0	0	0	0	1	0	1	0	0	0	1	0	0	1	0	1	1	1	0	0	1	0	0	1	0	0	0	1	1	S
NMDC20582782	0	0	0	0	0	1	0	1	0	0	0	1	0	0	1	0	1	1	0	0	0	1	0	0	1	0	0	0	1	1	S
NMDC20552889	0	0	0	0	0	1	0	1	0	0	0	1	0	0	1	0	1	1	1	0	0	1	0	0	1	0	0	0	1	1	S
NMDC20582784	0	0	0	0	0	1	0	0	0	0	1	0	0	0	0	0	0	0	0	0	0	0	0	0	0	0	0	0	1	1	S
NMDC20556872	0	0	0	0	0	1	0	0	0	0	0	0	0	0	0	0	0	0	0	0	0	0	0	0	1	0	1	0	1	0	S
NMDC20582785	0	0	0	0	0	1	0	0	0	0	1	0	0	0	0	0	0	0	0	0	0	0	0	0	0	0	0	0	1	1	S
NMDC20552890	0	0	0	0	0	1	0	1	0	0	0	1	0	0	1	0	1	1	0	0	0	1	0	0	1	0	0	0	1	1	S
NMDC20554858	0	0	0	0	0	1	0	1	0	0	0	1	0	0	1	0	1	1	0	0	0	1	0	0	1	0	0	0	1	1	S
NMDC20552891	0	0	0	0	0	0	0	0	0	0	0	0	0	0	0	0	1	1	0	1	0	0	1	1	0	0	0	0	0	0	S
NMDC20582790	0	0	0	0	0	0	0	1	0	0	0	1	0	0	0	0	0	0	0	0	0	0	0	0	0	0	1	0	0	1	S
NMDC20556873	0	0	0	0	0	1	0	1	0	0	0	1	0	0	0	0	0	0	0	0	0	0	0	1	0	0	0	0	1	1	S
NMDC20582792	0	0	0	0	0	0	0	0	0	0	0	0	0	0	1	0	1	0	0	0	1	1	0	0	0	0	0	1	0	1	S
NMDC20550877	0	0	0	0	0	1	0	1	0	0	0	1	0	0	1	0	1	1	1	0	0	1	0	0	1	0	0	0	1	1	S
NMDC20554861	0	0	0	0	0	0	0	0	0	0	0	1	0	0	0	0	1	1	0	0	0	0	0	0	1	0	0	0	0	1	S
NMDC20582794	0	0	0	0	0	1	0	1	0	0	0	1	0	0	1	0	1	1	0	0	0	1	0	0	1	0	0	0	1	1	S
NMDC20582795	0	0	0	0	0	1	0	1	0	0	0	1	0	0	1	0	1	1	0	0	0	1	0	0	1	0	0	0	1	1	S
NMDC20582796	0	0	0	0	0	1	0	1	0	0	0	1	0	0	1	0	1	1	0	0	0	1	0	0	1	0	0	0	1	1	S
NMDC20556874	0	0	0	0	0	1	0	1	0	0	0	1	0	0	1	0	1	1	0	0	0	1	0	0	1	0	0	0	1	1	S
NMDC20582797	0	0	0	0	0	1	0	1	0	0	0	1	0	0	1	0	1	1	0	0	0	1	0	0	1	0	0	0	1	1	S
NMDC20554863	0	0	0	0	0	1	0	1	0	0	0	1	0	0	1	0	1	1	0	0	0	1	0	0	1	0	0	0	1	1	S
NMDC20554864	0	0	0	0	0	1	0	0	0	0	1	0	0	0	0	0	0	0	0	0	0	0	0	0	0	0	0	0	1	1	S
NMDC20556875	0	0	0	0	0	1	0	1	0	0	0	1	0	0	1	0	1	1	0	0	0	1	0	0	1	0	0	0	1	1	S
NMDC20550878	0	0	0	0	0	1	0	1	0	0	0	1	0	0	1	0	1	1	0	0	0	1	0	0	1	0	0	0	1	1	S
NMDC20556876	0	0	0	0	0	1	0	1	0	0	0	1	0	0	1	0	1	1	0	0	0	1	0	0	1	0	0	0	1	1	S
NMDC20556877	0	0	0	0	0	1	0	0	0	0	1	1	0	0	0	0	0	0	0	0	1	1	0	0	0	0	1	0	1	0	S
NMDC20582798	0	0	0	0	0	1	0	0	0	0	0	0	0	0	1	0	1	1	0	0	0	0	0	0	1	0	0	0	1	1	S
NMDC20582799	0	0	0	0	0	1	0	1	0	0	0	1	0	0	1	0	1	1	1	0	0	1	0	0	1	0	0	0	1	1	S
NMDC20582800	0	0	0	0	0	1	0	1	0	0	0	1	0	0	1	0	1	1	0	0	0	1	0	0	1	0	0	0	1	1	S
NMDC20554865	0	0	0	0	0	1	0	0	0	0	0	1	0	0	0	0	0	0	0	0	0	1	0	0	0	0	0	1	1	0	S
NMDC20582801	0	0	0	0	0	1	0	1	0	0	0	1	0	0	1	0	1	1	1	0	0	1	0	0	1	0	0	0	1	1	S
NMDC20556879	0	0	1	0	1	0	0	0	0	0	0	1	0	0	0	1	0	0	1	0	0	0	0	0	0	0	0	0	0	0	S
NMDC20556880	0	0	0	0	0	1	0	1	0	0	0	1	0	0	1	0	1	1	0	0	0	1	0	0	1	0	0	0	1	1	S
NMDC20582802	0	0	0	0	0	0	0	0	0	0	0	1	0	0	0	0	1	0	0	0	1	1	0	0	1	0	0	0	1	0	S
NMDC20554867	0	0	1	0	1	1	0	1	0	0	0	1	0	0	1	1	0	0	1	0	0	1	0	0	1	0	0	0	0	1	S
NMDC20582803	0	0	1	0	0	1	0	0	0	0	0	0	0	0	1	1	0	1	1	0	1	1	0	0	0	0	0	0	0	1	S
NMDC20582913	0	0	0	0	0	0	0	0	0	0	0	1	0	0	0	0	0	0	0	0	1	1	1	1	0	0	0	0	0	1	S
NMDC20552943	0	0	0	0	0	1	0	1	0	0	0	1	0	0	0	0	0	1	0	0	1	1	0	0	0	0	0	0	0	1	S
NMDC20554903	0	0	0	0	0	1	0	1	0	0	0	1	0	0	1	0	1	1	0	0	0	1	0	0	1	0	0	0	1	1	S
NMDC20582915	0	0	0	0	0	1	0	1	0	0	0	1	0	0	1	0	1	1	0	0	0	1	1	0	1	0	0	0	1	1	S
NMDC20582917	0	0	0	0	0	0	0	0	0	0	0	1	0	0	0	0	0	0	0	0	1	1	0	1	0	0	0	0	0	1	S
NMDC20582921	0	0	0	0	0	1	0	1	0	0	0	1	0	0	1	0	1	1	0	0	0	1	0	0	1	0	0	0	1	1	S
NMDC20582922	0	0	0	0	0	1	0	1	0	0	0	1	0	0	0	0	0	1	0	0	1	1	0	0	0	0	0	0	0	1	S
NMDC20550922	0	0	0	0	0	0	0	0	0	0	0	0	0	0	1	0	1	0	0	0	1	1	0	0	0	0	0	1	0	1	S
NMDC20552945	0	0	0	0	0	1	0	1	0	0	0	1	0	0	0	0	0	0	1	0	1	1	0	0	0	0	0	0	0	0	S
NMDC20582926	0	0	0	0	0	1	0	1	0	0	0	1	0	0	1	0	1	1	0	0	0	1	0	0	1	0	0	0	1	1	S
NMDC20582927	0	0	0	0	0	1	0	1	0	0	0	1	0	0	1	0	1	1	0	0	0	1	0	0	1	0	0	0	1	1	S
NMDC20582928	0	0	0	0	0	1	0	1	0	0	0	1	0	0	1	0	1	1	0	0	0	1	0	0	1	0	0	0	1	1	S
NMDC20554907	0	0	0	0	0	1	0	0	0	0	0	0	0	0	1	0	1	1	0	0	0	0	0	0	1	0	0	0	1	1	S
NMDC20550923	0	0	0	0	0	1	0	0	0	0	1	0	0	0	0	0	0	0	0	0	0	0	0	0	0	0	0	0	1	1	S
NMDC20582929	0	0	1	0	0	1	0	1	0	0	0	1	0	0	1	1	0	0	0	0	0	1	0	0	1	0	0	0	0	0	S
NMDC20550924	0	0	0	0	0	1	0	1	0	0	0	1	0	0	1	0	1	1	0	0	0	1	0	0	1	0	0	0	1	1	S
NMDC20582930	0	0	0	0	0	0	0	0	0	0	0	0	0	0	0	0	1	1	0	1	0	0	0	1	0	0	0	0	0	0	S
NMDC20582931	0	0	0	0	0	1	0	1	0	0	0	1	0	0	1	0	1	1	1	0	0	1	0	0	1	0	0	0	1	1	S
NMDC20582932	0	0	0	0	0	0	0	0	0	0	0	1	0	0	0	0	0	0	0	0	0	0	0	0	0	0	0	0	0	0	S
NMDC20552947	0	0	0	0	0	1	0	1	0	0	0	1	0	0	0	0	0	0	0	0	1	1	0	0	0	0	0	0	0	0	S
NMDC20550926	0	0	0	0	0	1	0	1	0	0	0	1	0	0	1	0	1	1	0	0	0	1	0	0	1	0	0	0	1	1	S
NMDC20550927	0	0	0	0	0	1	0	1	0	0	0	1	0	0	1	0	1	1	1	0	0	1	0	0	1	0	0	0	1	1	S
NMDC20554908	0	0	0	0	0	1	0	1	0	0	0	1	0	0	1	0	1	1	0	0	0	1	0	0	1	0	0	0	1	1	S
NMDC20556922	0	0	0	0	0	1	0	1	0	0	0	1	0	0	1	0	1	1	0	0	0	1	0	0	1	0	0	0	1	1	S
NMDC20582938	0	0	0	0	0	1	0	1	0	0	0	1	0	0	1	0	1	1	0	0	0	1	0	0	1	0	0	0	1	1	S
NMDC20554910	0	0	0	0	0	0	0	0	0	0	0	0	0	0	0	0	1	1	0	1	0	0	0	1	0	0	0	0	0	0	S
NMDC20554911	0	0	0	0	0	1	0	1	0	0	0	1	0	0	1	0	1	1	1	0	0	1	0	0	1	0	0	0	1	1	S
NMDC20552949	0	0	0	0	0	0	0	0	0	0	0	1	0	0	0	0	0	0	0	0	1	1	0	1	0	0	0	0	0	1	S
NMDC20554913	0	0	0	0	0	1	0	0	0	0	1	0	0	0	0	0	0	0	0	0	0	0	0	0	0	0	0	0	1	1	S
NMDC20554914	0	0	0	0	0	1	0	1	0	0	0	1	0	0	0	0	0	0	0	0	1	1	0	0	0	0	0	0	0	0	S
NMDC20552950	0	0	0	0	0	1	0	1	0	0	0	1	0	0	1	0	1	1	0	0	0	1	0	0	1	0	0	0	1	1	S
NMDC20554915	0	0	0	0	0	1	0	1	0	0	0	1	0	0	1	0	1	1	0	0	0	1	0	0	1	0	0	0	1	1	S
NMDC20552951	0	0	0	0	0	1	0	1	0	0	0	1	0	0	1	0	1	1	1	0	0	1	0	0	1	0	0	0	1	1	S
NMDC20582942	0	0	0	0	0	0	0	0	0	0	0	1	0	0	0	0	0	0	0	0	1	1	0	1	0	0	0	0	0	1	S
NMDC20582943	0	0	0	0	0	1	0	0	0	0	1	0	0	0	0	0	0	0	0	0	0	0	0	0	0	0	0	0	1	1	S
NMDC20582944	0	0	0	0	0	1	0	1	0	0	0	1	0	0	1	0	1	1	1	0	0	1	0	0	1	0	0	0	1	1	S
NMDC20550931	0	0	0	0	0	1	0	0	0	0	0	0	0	0	0	0	0	0	0	0	1	1	0	0	0	0	0	0	0	0	S
NMDC20554917	0	0	0	0	0	1	0	1	0	0	0	1	0	0	1	0	1	1	0	0	0	1	0	0	1	0	0	0	1	1	S
NMDC20552952	0	0	0	0	0	0	0	0	0	0	0	1	0	0	0	0	0	0	0	0	1	1	0	1	0	0	0	0	0	1	S
NMDC20554919	0	0	0	0	0	1	0	1	0	0	0	1	0	0	1	0	1	1	0	0	0	1	0	0	1	0	0	0	1	1	S
NMDC20582947	0	0	0	0	0	1	0	0	0	0	0	0	0	0	0	0	0	0	0	0	1	1	0	0	0	0	0	0	0	0	S
NMDC20552953	0	0	0	0	0	0	0	0	0	0	0	0	0	0	1	0	1	0	0	0	1	1	0	0	0	0	0	1	0	1	S
NMDC20552954	0	0	0	0	0	0	0	0	0	0	0	1	0	0	0	0	1	1	1	0	0	0	0	0	1	0	0	0	0	1	S
NMDC20582948	0	0	0	0	0	1	0	1	0	0	0	1	0	0	1	0	1	1	0	0	0	1	0	0	1	0	0	0	1	1	S
NMDC20556923	0	0	0	0	0	1	0	1	0	0	0	1	0	0	1	0	1	1	0	0	0	1	0	0	1	0	0	0	1	1	S
NMDC20554920	1	0	0	0	0	0	0	0	0	0	0	0	0	0	1	0	0	0	0	0	0	1	0	0	0	0	0	1	0	0	S
NMDC20554921	1	0	0	0	0	0	0	0	0	0	0	0	0	0	1	0	0	0	0	0	0	1	0	0	0	0	0	1	0	0	S
NMDC20582950	0	0	0	0	0	1	0	0	0	0	1	0	0	0	0	0	0	0	0	0	0	0	0	0	0	0	0	0	1	1	S
NMDC20554922	0	0	0	0	0	1	0	0	0	0	1	0	0	0	0	0	0	0	0	0	0	0	0	0	0	0	0	0	1	1	S
NMDC20582951	0	0	0	0	0	1	0	0	0	0	0	0	0	0	0	0	0	0	0	0	1	1	0	0	0	0	0	0	0	0	S
NMDC20582953	0	0	0	0	0	1	0	0	0	0	1	0	0	0	0	0	0	0	0	0	0	0	0	0	0	0	0	0	1	1	S
NMDC20582954	0	0	0	0	0	1	0	0	0	0	1	0	0	0	0	0	0	0	0	0	0	0	0	0	0	0	0	0	1	1	S
NMDC20556942	0	0	0	0	0	0	0	0	0	0	0	1	0	0	0	0	0	0	0	0	1	1	1	1	0	0	0	0	0	1	S
NMDC20582955	0	0	0	0	0	1	0	0	0	0	1	0	0	0	0	0	0	0	0	0	0	0	0	0	0	0	0	0	1	1	S
NMDC20552956	0	0	0	0	0	1	0	0	0	0	1	0	0	0	0	0	0	0	0	0	0	0	0	0	0	0	0	0	1	1	S
NMDC20554923	0	0	0	0	0	0	0	0	0	0	0	0	0	0	0	0	1	1	0	1	0	0	0	1	0	0	0	0	0	0	S
NMDC20582957	0	0	0	0	0	0	0	0	0	0	0	1	0	0	0	0	0	0	0	0	1	1	0	1	0	0	0	0	0	1	S
NMDC20582958	0	0	0	0	0	1	0	0	0	0	0	1	0	0	0	0	0	0	0	0	1	1	0	0	0	0	1	0	1	0	S
NMDC20554924	0	0	0	0	0	1	0	0	0	0	0	1	0	0	1	0	0	0	0	0	0	1	0	0	0	0	0	1	1	0	S
NMDC20550932	0	0	0	0	0	1	0	1	0	0	0	1	0	0	1	0	1	1	0	0	0	1	0	0	1	0	0	0	1	1	S
NMDC20556926	0	0	0	0	0	1	0	1	0	0	0	1	0	0	1	0	1	1	1	0	0	1	0	0	1	0	0	0	1	1	S
NMDC20582959	0	0	0	0	0	1	0	1	0	0	0	1	0	0	1	0	1	1	0	0	0	1	0	0	1	0	0	0	1	1	S
NMDC20554926	0	0	0	0	0	1	0	1	0	0	0	1	0	0	1	0	1	1	0	0	0	1	0	0	1	0	0	0	1	1	S
NMDC20550933	0	0	0	0	0	1	0	1	0	0	0	1	0	0	1	0	1	1	0	0	0	1	0	0	1	0	0	0	1	1	S
NMDC20554927	0	0	0	0	0	1	0	1	0	0	0	1	0	0	1	0	1	1	0	0	0	1	0	0	1	0	0	0	1	1	S
NMDC20552957	0	0	0	0	0	0	0	0	0	0	0	0	0	0	1	0	0	0	0	0	0	1	0	0	0	0	0	1	1	0	S
NMDC20582961	0	0	0	0	0	0	0	0	0	0	0	0	0	0	0	0	1	1	0	1	0	0	0	1	0	0	0	0	0	0	S
NMDC20552958	0	0	0	0	0	1	0	1	0	0	0	1	0	0	1	0	1	1	0	0	0	1	0	0	1	0	0	0	1	1	S
NMDC20550934	0	0	0	0	0	1	0	1	0	0	0	1	0	0	1	0	1	1	0	0	0	1	0	0	1	0	0	0	1	1	S
NMDC20582963	0	0	0	0	0	1	0	0	0	0	1	1	0	0	1	0	0	1	0	0	0	0	0	0	0	0	1	0	1	1	S
NMDC20552959	0	0	0	0	0	0	0	0	0	0	0	1	0	0	1	0	0	0	0	0	0	1	0	0	0	0	0	0	0	0	S
NMDC20582964	0	0	0	0	0	1	0	1	0	0	0	1	0	0	1	0	1	1	0	0	0	1	0	0	1	0	0	0	1	1	S
NMDC20582965	0	1	0	0	0	1	0	1	0	0	0	1	0	1	1	0	1	1	1	0	0	1	0	0	1	0	0	0	1	1	S
NMDC20552960	0	0	0	0	0	0	0	0	0	0	0	0	0	0	1	0	1	0	0	0	1	1	0	0	0	0	0	1	0	1	S
NMDC20556930	0	0	0	0	0	1	0	1	0	0	0	1	0	0	1	0	0	0	1	0	1	1	0	0	1	0	0	0	0	1	S
NMDC20582966	0	0	0	0	0	0	0	0	0	0	0	1	0	0	0	0	0	0	0	0	1	1	0	1	0	0	0	0	0	1	S
NMDC20552961	0	0	0	0	0	0	0	0	0	0	0	1	0	0	0	0	1	0	0	0	1	1	0	0	1	0	0	0	1	0	S
NMDC20550936	0	0	0	0	0	1	0	0	0	0	1	1	1	0	1	0	0	1	0	0	0	0	0	0	0	0	1	0	1	1	S
NMDC20582969	0	0	0	0	0	1	0	0	0	0	1	1	1	0	1	0	0	1	0	0	0	0	0	0	0	0	1	0	1	1	S
NMDC20552963	0	0	0	0	0	0	0	0	0	0	0	0	0	0	0	0	1	1	0	1	0	0	0	1	0	0	0	0	0	0	S
NMDC20582970	0	0	0	0	0	0	0	0	0	0	0	0	0	0	0	0	1	1	0	1	0	0	0	1	0	0	0	0	0	0	S
NMDC20582971	0	0	0	0	0	1	0	1	0	0	0	1	0	0	1	0	1	1	0	0	0	1	0	0	1	0	0	0	1	1	S
NMDC20552964	0	0	0	0	0	1	0	1	0	0	0	1	0	0	0	0	0	1	0	0	1	1	0	0	0	0	0	0	0	1	S
NMDC20550937	0	0	0	0	0	1	0	1	0	0	0	1	0	0	1	0	1	1	0	0	0	1	1	0	1	0	0	0	1	1	S
NMDC20552966	0	0	0	0	0	0	0	0	0	0	0	1	0	0	0	0	1	0	0	0	1	1	0	0	1	0	0	0	1	0	S
NMDC20556932	0	0	0	0	0	1	0	0	0	0	1	1	1	0	1	0	0	1	0	0	0	0	0	0	0	0	1	0	1	1	S
NMDC20582972	0	0	0	0	0	1	0	1	0	0	0	1	0	0	1	0	1	1	0	0	0	1	0	0	1	0	0	0	1	1	S
NMDC20550938	0	0	0	0	0	0	0	0	0	0	0	1	0	0	0	0	0	0	0	1	0	0	0	0	0	0	0	1	1	0	S
NMDC20582975	0	0	0	0	0	1	0	0	0	0	0	0	0	0	0	0	0	0	0	0	0	0	0	0	1	0	1	0	1	0	S
NMDC20554933	0	0	0	0	0	0	0	0	0	0	0	0	0	0	0	0	0	0	0	0	0	1	0	0	0	0	0	0	0	0	S
NMDC20582976	0	0	0	0	0	1	0	1	0	0	0	1	0	0	0	0	0	0	0	0	0	0	0	1	0	0	0	0	1	1	S
NMDC20582978	0	0	0	0	0	0	0	0	0	0	0	0	0	0	0	0	1	1	0	1	0	0	0	1	0	0	0	0	0	0	S
NMDC20556935	0	0	0	0	0	0	0	1	0	0	0	1	0	0	0	0	0	0	0	0	1	1	0	1	0	0	0	0	0	1	S
NMDC20554934	0	0	0	0	0	1	0	1	0	0	0	1	0	0	1	0	1	1	0	0	0	1	0	0	1	0	0	0	1	1	S
NMDC20582979	0	0	0	0	0	1	0	0	0	0	1	1	0	0	0	0	1	0	0	0	0	1	0	0	1	0	0	0	0	0	S
NMDC20554935	0	0	1	0	1	1	0	0	0	0	0	1	0	0	0	1	0	0	1	0	1	1	0	0	0	0	1	0	1	0	S
NMDC20550939	0	0	0	0	0	1	0	1	0	0	0	1	0	0	0	0	0	0	1	0	1	1	0	0	0	0	0	0	0	0	S
NMDC20582980	0	0	0	0	0	1	0	0	0	0	1	0	0	0	0	0	0	0	0	0	0	0	0	0	0	0	0	0	1	1	S
NMDC20582981	0	0	0	0	0	1	0	1	0	0	0	1	0	0	0	0	0	0	1	0	1	1	0	0	0	0	0	0	0	0	S
NMDC20550940	0	0	0	0	0	1	0	1	0	0	0	1	0	0	1	0	1	1	0	0	0	1	0	0	1	0	0	0	1	1	S
NMDC20582983	0	0	1	0	1	0	0	0	0	0	0	1	0	0	0	1	0	0	1	0	0	0	0	0	0	0	0	0	0	0	S
NMDC20556938	0	0	0	0	0	1	0	0	0	0	1	1	1	0	1	0	0	1	0	0	0	0	0	0	0	0	1	0	1	1	S
NMDC20550942	0	0	0	0	0	1	0	1	0	0	0	1	0	0	1	0	1	1	1	0	0	1	0	0	1	0	0	0	1	1	S
NMDC20556939	0	0	0	0	0	0	0	0	0	0	1	0	0	0	0	0	1	0	0	0	1	1	0	0	0	0	0	0	0	1	S
NMDC20582985	0	0	0	0	0	1	0	1	0	0	0	1	0	0	1	0	1	1	0	0	0	1	0	0	1	0	0	0	1	1	S
NMDC20556941	0	0	0	0	0	1	0	1	0	0	0	1	0	0	1	0	1	1	0	0	0	1	0	0	1	0	0	0	1	1	S
NMDC20552971	0	0	0	0	0	0	0	0	0	0	0	1	0	0	0	0	0	0	0	0	1	1	0	1	0	0	0	0	0	1	S
NMDC20552972	0	0	0	0	0	0	0	0	0	0	0	1	0	0	0	0	0	0	0	0	1	1	0	1	0	0	0	0	0	1	S
NMDC20550943	0	0	0	0	0	1	0	0	0	0	0	1	0	0	0	0	0	0	0	0	1	1	0	0	0	0	1	0	0	1	S
NMDC20552973	0	0	0	0	0	1	0	0	0	0	0	1	1	0	1	0	0	1	0	0	0	1	0	0	0	0	0	0	0	0	S
NMDC20582986	0	0	0	0	0	1	0	1	0	0	0	1	0	0	0	0	0	0	0	0	0	0	0	1	0	0	0	0	1	1	S
NMDC20550944	0	0	0	0	0	1	0	1	0	0	0	1	0	0	1	0	1	1	0	0	0	1	0	0	1	0	0	0	1	1	S
NMDC20552974	0	0	0	0	0	0	0	0	0	0	0	1	0	0	0	0	0	0	0	0	0	0	0	0	0	0	0	0	0	0	S
NMDC20556943	0	0	1	0	1	0	0	0	0	0	0	1	0	0	0	1	0	0	1	0	0	0	0	0	0	0	0	0	0	0	S
NMDC20556944	0	0	0	0	0	1	0	1	0	0	0	1	0	0	1	0	1	1	0	0	0	1	0	0	1	0	0	0	1	1	S
NMDC20556945	0	0	0	0	0	1	0	0	0	0	0	0	0	0	0	0	0	0	0	0	0	1	0	0	0	0	1	0	1	1	S
NMDC20582989	0	0	0	0	0	0	0	1	0	0	0	1	0	0	0	0	0	0	0	0	1	1	0	1	0	0	0	0	0	1	S
NMDC20556949	0	0	0	0	0	0	0	0	0	0	1	0	0	0	0	0	1	0	0	0	1	1	0	0	0	0	0	0	0	1	S
NMDC20582990	0	0	0	0	0	1	0	1	0	0	0	1	0	0	1	0	1	1	0	0	0	1	1	0	1	0	0	0	1	1	S
NMDC20556946	0	0	0	0	0	1	0	1	0	0	0	1	0	0	1	0	1	1	1	0	0	1	0	0	1	0	0	0	1	1	S
NMDC20552976	0	0	0	0	0	1	0	1	0	0	0	1	0	0	1	0	1	1	0	0	0	1	0	0	1	0	0	0	1	1	S
NMDC20556947	0	0	0	0	0	1	0	0	0	0	0	1	0	0	0	0	0	0	0	0	1	1	0	0	0	0	1	0	0	1	S
NMDC20550945	0	0	1	0	1	1	0	0	0	0	1	1	0	0	0	1	1	0	1	0	0	1	0	0	1	0	0	0	0	0	S
NMDC20582991	0	0	1	0	0	1	0	0	0	0	0	0	0	0	1	1	0	1	1	0	1	1	0	0	0	0	0	0	0	1	S
NMDC20556948	0	0	0	0	0	0	0	1	0	0	0	1	0	0	0	0	0	0	0	0	1	1	0	1	0	0	0	0	0	1	S
NMDC20582993	0	0	0	0	0	1	0	1	0	0	0	1	0	0	1	0	1	1	0	0	0	1	0	0	1	0	0	0	1	1	S
NMDC20582994	0	0	0	0	0	0	0	0	0	0	0	1	0	0	0	0	1	0	0	1	1	1	0	1	0	0	0	0	1	0	S
NMDC20556951	0	0	0	0	0	0	0	0	0	0	0	1	0	0	0	0	0	0	1	0	0	0	0	0	0	0	0	0	0	0	S
NMDC20554939	0	0	0	0	0	1	0	1	0	0	0	1	0	0	1	0	1	1	0	0	0	1	0	0	1	0	0	0	1	1	S
NMDC20552978	0	0	0	0	0	1	0	1	0	0	0	1	0	0	1	0	0	0	0	0	0	1	0	0	1	0	0	0	0	1	S
NMDC20554943	0	0	0	0	0	1	0	0	0	0	0	0	0	0	1	0	0	1	1	0	1	1	0	0	0	0	0	0	0	1	S
NMDC20554940	0	0	0	0	0	1	0	1	0	0	0	1	0	0	1	0	1	1	0	0	0	1	0	0	1	0	0	0	1	1	S
NMDC20582998	0	0	0	0	0	1	0	0	0	0	0	1	0	0	0	0	0	0	0	0	0	1	0	0	0	0	1	0	0	1	S
NMDC20552979	0	0	0	0	0	1	0	0	0	0	0	1	0	0	0	0	0	0	0	0	1	1	0	0	0	0	0	0	1	0	S
NMDC20550948	0	0	0	0	0	1	0	1	0	0	0	1	0	0	1	0	1	1	0	0	0	1	0	0	1	0	0	0	1	1	S
NMDC20552980	0	0	0	0	0	0	0	1	0	0	0	1	1	0	0	0	0	1	0	0	1	1	0	0	0	0	0	0	0	1	S
NMDC20556952	0	0	0	0	0	0	0	0	0	0	0	0	0	0	0	0	1	1	0	1	0	0	0	1	0	0	0	0	0	0	S
NMDC20583000	0	0	0	0	0	1	0	0	0	0	1	0	0	0	0	0	0	0	0	0	0	0	0	0	0	0	0	0	1	1	S
NMDC20554941	1	0	0	0	0	1	0	1	0	0	0	1	0	0	1	0	1	1	0	0	0	1	0	0	1	0	0	0	1	1	S
NMDC20554942	0	0	0	0	0	1	0	1	0	0	0	1	0	0	1	0	1	1	0	0	0	1	0	0	1	0	0	0	1	1	S
NMDC20554944	0	0	0	0	0	1	0	0	0	0	0	1	0	0	1	0	0	1	0	0	0	0	0	0	0	0	1	0	1	1	S
NMDC20554948	0	0	0	0	0	0	0	0	0	0	0	0	0	0	0	0	1	1	0	1	0	0	0	1	0	0	0	0	0	0	S
NMDC20554945	0	0	0	0	0	1	0	0	0	0	0	1	0	0	1	0	0	0	0	0	0	0	0	0	0	0	1	0	1	1	S
NMDC20583002	0	0	0	0	0	1	0	1	0	0	0	1	0	0	0	0	0	0	0	0	0	0	0	1	0	0	0	0	1	1	S
NMDC20554946	0	0	0	0	0	1	0	1	0	0	0	1	0	0	0	0	0	0	0	0	0	0	0	1	0	0	0	0	1	1	S
NMDC20550950	0	0	0	0	0	0	0	1	0	0	0	1	0	0	0	0	0	1	0	0	1	1	0	1	0	0	0	0	0	1	S
NMDC20554947	0	0	0	0	0	0	0	1	0	0	0	1	0	0	0	0	0	0	0	0	0	1	0	0	0	0	0	0	0	1	S
NMDC20556953	0	0	0	0	0	1	0	1	0	0	0	1	0	0	1	0	1	1	0	0	0	1	0	0	1	0	0	0	1	1	S
NMDC20550951	0	0	0	0	0	1	0	0	0	0	0	0	0	0	1	0	0	1	1	0	1	1	0	0	0	0	0	0	0	1	S
NMDC20583006	0	0	0	0	0	1	0	1	0	0	0	1	0	0	1	0	1	1	0	0	0	1	0	0	1	0	0	0	1	1	S
NMDC20550952	0	0	0	0	0	0	0	0	0	0	0	1	0	0	0	0	0	0	0	0	1	1	0	1	0	0	0	0	0	1	S
NMDC20554949	0	0	0	0	0	1	0	1	0	0	0	1	0	0	1	0	1	1	1	0	0	1	0	0	1	0	0	0	1	1	S
NMDC20583007	0	0	0	0	0	1	0	0	0	0	1	1	1	0	1	0	0	1	0	0	0	0	0	0	0	0	1	0	1	1	S
NMDC20583008	0	0	0	0	0	1	0	0	0	0	0	0	0	0	0	0	0	1	0	0	0	0	0	0	0	0	1	0	1	1	S
NMDC20583009	0	0	0	0	0	1	0	0	0	0	1	0	0	0	0	0	0	0	0	0	0	0	0	0	0	0	0	0	1	1	S
NMDC20583011	0	0	0	0	0	0	0	0	0	0	1	0	0	0	0	0	1	0	0	0	1	1	0	0	0	0	0	0	0	1	S
NMDC20583012	0	0	1	0	0	0	0	0	0	0	0	1	0	0	0	1	0	0	1	0	0	0	0	0	0	0	0	0	0	0	S
NMDC20556954	0	0	0	0	0	1	0	0	0	0	1	0	0	0	0	0	0	0	0	0	0	0	0	0	0	0	0	0	1	1	S
NMDC20583013	0	0	0	0	0	1	0	0	0	0	1	1	1	0	1	0	0	1	0	0	0	0	0	0	0	0	1	0	1	1	S
NMDC20583015	0	0	0	0	0	1	0	1	0	0	0	1	0	0	1	0	1	1	1	0	0	1	0	0	1	0	0	0	1	1	S
NMDC20583018	1	0	0	0	0	1	0	0	0	0	1	0	0	0	0	0	0	0	0	0	0	0	0	0	0	0	0	0	1	1	S
NMDC20583019	0	0	0	0	0	0	0	0	0	0	0	0	0	0	1	0	1	0	0	0	1	1	0	0	0	0	0	1	0	1	S
NMDC20556956	0	0	0	0	0	1	0	1	0	0	0	1	0	0	1	0	1	0	0	0	0	1	0	0	1	0	0	0	0	1	S
NMDC20552982	0	0	0	0	0	1	0	1	0	0	0	1	0	0	1	0	1	1	0	0	0	1	0	0	1	0	0	0	1	1	S
NMDC20550953	0	0	0	0	0	1	0	0	0	0	0	1	0	0	0	0	0	0	0	0	1	1	0	0	0	0	1	0	0	1	S
NMDC20556957	0	0	1	0	1	1	0	1	0	0	0	1	1	0	1	1	0	0	1	0	1	1	0	0	0	0	0	0	1	1	S
NMDC20583021	0	0	0	0	0	1	0	0	0	0	1	0	0	0	0	0	0	0	0	0	0	0	0	0	0	0	0	0	1	1	S
NMDC20583022	0	0	0	0	0	1	0	1	0	0	0	1	0	0	1	0	1	1	0	0	0	1	0	0	1	0	0	0	1	1	S
NMDC20552984	0	0	0	0	0	0	0	0	0	0	0	1	0	0	0	0	0	0	0	0	0	0	0	0	0	0	0	0	0	0	S
NMDC20556958	0	0	0	0	0	1	0	1	0	0	0	1	0	0	1	0	1	1	1	0	0	1	0	0	1	0	0	0	1	1	S
NMDC20583023	0	0	0	0	0	1	0	1	0	0	0	1	0	0	1	0	1	1	0	0	0	1	0	0	1	0	0	0	1	1	S
NMDC20552983	0	0	0	0	0	0	0	0	0	0	0	0	0	0	0	0	1	1	0	1	0	0	0	1	0	0	0	0	0	0	S
NMDC20583024	0	0	0	0	0	1	0	1	0	0	0	1	0	0	0	0	0	0	1	0	1	1	0	0	0	0	0	0	0	0	S
NMDC20556959	0	0	0	0	0	1	0	1	0	0	0	1	0	0	1	0	1	1	0	0	0	1	0	0	1	0	0	0	1	1	S
NMDC20554952	0	1	1	0	0	1	0	1	0	0	0	1	0	1	0	1	0	0	1	0	0	0	0	1	0	0	0	0	1	1	S
NMDC20554953	0	0	1	0	1	0	0	0	0	0	0	1	0	0	0	1	0	0	1	0	0	0	0	0	0	0	0	0	0	0	S
NMDC20583025	0	0	1	0	1	0	0	0	0	0	0	1	0	0	0	1	0	0	1	0	0	0	0	0	0	0	0	0	0	0	S
NMDC20583027	0	0	0	0	0	1	0	0	0	0	1	0	0	0	0	0	0	0	0	0	0	0	0	0	0	0	0	0	1	1	S
NMDC20556961	0	0	0	0	0	1	0	0	0	0	1	0	0	0	0	0	0	0	0	0	0	0	0	0	0	0	0	0	1	1	S
NMDC20583028	0	0	0	0	0	1	0	0	0	0	1	0	0	0	0	0	0	0	0	0	0	0	0	0	0	0	0	0	1	1	S
NMDC20552985	0	0	0	0	0	1	0	0	0	0	1	0	0	0	0	0	0	0	0	0	0	0	0	0	0	0	0	0	1	1	S
NMDC20583029	0	0	0	0	0	1	0	0	0	0	1	0	0	0	0	0	0	0	0	0	0	0	0	0	0	0	0	0	1	1	S
NMDC20554955	0	0	0	0	0	1	0	1	0	0	0	1	0	0	0	0	0	0	0	0	1	1	0	0	0	0	0	0	0	0	S
NMDC20554956	0	0	1	0	1	0	0	0	0	0	0	0	0	0	0	1	0	0	1	0	0	1	0	0	1	0	0	0	1	1	S
NMDC20554957	0	0	0	0	0	1	0	1	0	0	0	1	0	0	0	0	0	1	0	0	1	1	0	0	0	0	0	0	0	1	S
NMDC20552987	0	0	0	0	0	0	0	0	0	0	0	1	0	0	0	0	0	0	0	0	0	0	0	0	0	0	0	0	0	0	S
NMDC20550955	1	0	0	0	0	1	0	1	0	0	0	1	0	0	1	0	1	1	0	0	0	1	0	0	1	0	0	0	1	1	S
NMDC20556962	0	0	0	0	0	0	0	0	0	0	0	0	0	0	0	0	0	0	0	0	0	1	0	0	1	0	0	0	0	1	S
NMDC20552986	0	0	0	0	0	0	0	1	0	0	0	1	1	0	1	0	0	0	0	0	1	1	0	0	0	0	0	0	0	1	S
NMDC20550956	0	0	0	0	0	1	0	1	0	0	0	1	1	0	1	0	0	0	0	0	1	1	0	0	0	0	0	0	1	1	S
NMDC20550957	0	0	0	0	0	1	0	0	0	0	1	1	1	0	1	0	0	1	0	0	0	0	0	0	0	0	1	0	1	1	S
NMDC20554958	0	0	0	0	0	1	0	0	0	0	1	0	0	0	0	0	0	0	0	0	0	0	0	0	0	0	0	0	1	1	S
NMDC20552988	0	0	0	0	0	1	0	1	0	0	0	1	0	0	1	0	1	1	1	0	0	1	0	0	1	0	0	0	1	1	S
NMDC20583034	0	0	0	0	0	0	0	0	0	0	0	1	0	0	0	0	0	0	0	0	1	1	0	1	0	0	0	0	0	1	S
NMDC20583035	0	0	0	0	0	0	0	0	0	0	0	0	0	0	0	0	1	1	0	1	0	0	0	1	0	0	0	0	0	0	S
NMDC20556964	0	0	0	0	0	0	0	0	0	0	0	1	0	0	0	0	0	0	0	0	1	1	0	1	0	0	0	0	0	1	S
NMDC20550958	0	0	0	0	0	0	0	0	0	0	0	0	0	0	0	0	0	0	0	0	1	1	0	0	0	0	1	0	1	1	S
NMDC20550959	0	0	0	0	0	1	0	1	0	0	0	1	0	0	0	0	0	0	0	0	0	0	0	1	0	0	0	0	1	1	S
NMDC20556966	0	0	0	0	0	1	0	1	0	0	0	1	0	0	1	0	1	1	0	0	0	1	0	0	1	0	0	0	1	1	S
NMDC20583036	0	0	0	0	0	1	0	0	0	0	0	0	0	0	1	0	0	1	1	0	1	1	0	0	0	0	0	0	0	1	S
NMDC20550960	0	0	0	0	0	0	0	1	0	0	0	1	0	0	0	0	0	0	0	0	1	1	0	1	0	0	0	0	0	1	S
NMDC20583038	0	0	0	0	0	1	0	1	0	0	0	1	0	0	1	0	1	1	0	0	0	1	0	0	1	0	0	0	1	1	S
NMDC20554959	0	0	0	0	0	1	0	1	0	0	0	1	0	0	1	0	1	1	0	0	0	1	0	0	1	0	0	0	1	1	S
NMDC20556968	0	0	1	0	1	0	0	0	0	0	0	1	0	0	0	1	0	0	1	0	0	0	0	0	0	0	0	0	0	0	S
NMDC20556969	0	0	0	0	0	1	0	1	0	0	0	1	0	0	1	0	1	1	0	0	0	1	1	0	1	0	0	0	1	1	S
NMDC20554961	0	0	0	0	0	0	0	1	0	0	0	1	0	0	0	0	0	0	0	0	1	1	0	1	0	0	0	0	0	1	S
NMDC20552989	0	0	0	0	0	1	0	0	0	0	1	0	0	0	0	0	0	0	0	0	0	0	0	0	0	0	0	0	1	1	S
NMDC20583041	0	0	0	0	0	1	0	1	0	0	0	1	0	0	1	0	1	1	0	0	0	1	0	0	1	0	0	0	1	1	S
NMDC20583042	0	0	0	0	0	1	0	1	0	0	0	1	0	0	1	0	1	1	0	0	0	1	0	0	1	0	0	0	1	1	S
NMDC20583044	0	0	0	0	0	1	0	0	0	0	1	0	0	0	0	0	0	0	0	0	0	0	0	0	0	0	0	0	1	1	S
NMDC20583046	0	0	0	0	0	0	0	1	0	0	0	1	0	0	0	0	0	0	0	0	1	0	0	0	0	0	1	0	0	1	S
NMDC20552990	0	0	0	0	0	0	0	0	0	0	0	0	0	0	0	0	1	1	0	1	0	0	0	1	0	0	0	0	0	0	S
NMDC20550961	0	0	0	0	0	1	0	0	0	0	1	0	0	0	0	0	0	0	0	0	0	0	0	0	0	0	0	0	1	1	S
NMDC20583047	0	0	0	0	0	1	0	0	0	0	1	1	1	0	1	0	0	1	0	0	0	0	0	0	0	0	1	0	1	1	S
NMDC20583048	0	0	0	0	0	0	0	1	0	0	0	1	0	0	0	0	0	0	0	0	1	1	0	1	0	0	0	0	0	1	S
NMDC20583049	0	0	0	0	0	1	0	0	0	0	1	0	0	0	0	0	0	0	0	0	0	0	0	0	0	0	0	0	1	1	S
NMDC20556971	0	0	0	0	0	1	0	1	0	0	0	1	0	0	1	0	1	1	1	0	0	1	0	0	1	0	0	0	1	1	S
NMDC20556972	0	0	0	0	0	1	0	1	0	0	0	1	0	0	1	0	1	1	0	0	0	1	0	0	1	0	0	0	1	1	S
NMDC20550962	0	0	0	0	0	0	0	0	0	0	0	0	0	0	0	0	1	1	0	1	0	0	0	1	0	0	0	0	0	0	S
NMDC20583050	0	0	0	0	0	1	0	1	0	0	0	1	0	0	1	0	1	1	0	0	0	1	0	0	1	0	0	0	1	1	S
NMDC20552991	0	0	0	0	0	1	0	1	0	0	0	1	0	0	1	0	1	1	0	0	0	1	0	0	1	0	0	0	1	1	S
NMDC20552993	0	0	0	0	0	1	0	1	0	0	0	1	0	0	0	0	0	0	0	0	0	0	0	1	0	0	0	0	1	1	S
NMDC20554964	0	0	0	0	0	1	0	1	0	0	0	1	0	0	1	0	0	0	1	0	0	1	1	0	1	0	0	0	0	0	S
NMDC20583051	0	0	0	0	0	1	0	1	0	0	0	1	0	0	1	0	1	1	0	0	0	1	0	0	1	0	0	0	1	1	S
NMDC20554965	0	0	0	0	0	0	0	0	0	0	0	1	0	0	0	0	1	0	0	0	1	1	0	0	1	0	0	0	1	0	S
NMDC20554966	0	0	0	0	0	1	0	0	0	0	0	0	0	0	0	0	0	0	0	0	0	0	0	0	1	0	1	0	1	0	S
NMDC20554967	0	0	0	0	0	0	0	0	0	0	0	0	0	0	0	0	1	1	0	1	0	0	0	1	0	0	0	0	0	0	S
NMDC20583053	0	0	0	0	0	0	0	0	0	0	0	1	0	0	0	0	1	0	0	0	1	1	0	0	1	0	0	0	1	0	S
NMDC20556973	0	0	0	0	0	1	0	0	0	0	1	1	1	0	1	0	0	1	0	0	0	0	0	0	0	0	1	0	1	1	S
NMDC20583054	0	0	0	0	0	1	0	1	0	0	0	1	0	0	0	0	0	0	0	0	1	1	0	0	0	0	0	0	0	0	S
NMDC20583055	0	0	0	0	0	1	0	0	0	0	1	1	0	0	0	0	0	0	0	0	0	1	0	0	0	0	0	0	0	1	S
NMDC20554968	0	0	0	0	0	1	0	0	0	0	0	1	0	0	0	0	0	0	0	0	1	1	0	0	0	0	1	0	0	1	S
NMDC20554969	0	0	1	0	1	0	0	0	0	0	0	1	0	0	0	1	0	0	1	0	0	0	0	0	0	0	0	0	0	0	S
NMDC20583056	0	0	0	0	0	1	0	1	0	0	0	1	0	0	0	0	0	0	0	0	1	1	0	0	0	0	0	0	0	0	S
NMDC20550963	0	0	0	0	0	1	0	1	0	0	0	1	0	0	0	0	0	0	0	0	0	0	0	1	0	0	0	0	1	1	S
NMDC20583057	0	0	0	0	0	1	0	1	0	0	0	1	0	0	0	0	0	0	0	0	0	0	0	1	0	0	0	0	1	1	S
NMDC20556975	0	0	0	0	0	1	0	1	0	0	0	1	0	0	0	0	0	0	0	0	0	0	0	1	0	0	0	0	1	1	S
NMDC20556976	0	0	0	0	0	0	0	0	0	0	0	1	0	0	0	0	0	0	0	0	0	0	0	0	0	0	0	0	0	0	S
NMDC20583058	0	0	0	0	0	1	0	0	0	0	0	0	0	0	0	0	0	0	0	0	1	1	0	0	0	0	0	0	0	0	S
NMDC20552994	0	0	0	0	0	1	0	0	0	0	0	0	0	0	0	0	0	0	0	0	1	1	0	0	0	0	0	0	0	0	S
NMDC20583059	0	0	0	0	0	0	0	0	0	0	0	1	0	0	0	0	0	0	0	0	0	0	0	0	0	0	0	0	0	0	S
NMDC20552995	0	0	0	0	0	1	0	1	0	0	0	1	0	0	0	0	0	0	0	0	0	0	0	1	0	0	0	0	1	1	S
NMDC20554970	0	0	1	0	1	0	0	0	0	0	0	1	0	0	0	1	0	0	1	0	0	0	0	0	0	0	0	0	0	0	S
NMDC20550966	0	0	0	0	0	0	0	0	0	0	0	1	0	0	0	0	1	0	0	0	1	1	0	0	1	0	0	0	1	0	S
NMDC20556977	0	0	0	0	0	0	0	0	0	0	0	1	0	0	0	0	0	0	0	0	1	1	0	1	0	0	0	0	0	1	S
NMDC20554971	0	0	0	0	0	1	0	1	0	0	0	1	0	0	1	0	1	1	0	0	0	1	0	0	1	0	0	0	1	1	S
NMDC20552996	0	0	0	0	0	1	0	1	0	0	0	1	0	0	0	0	0	0	0	0	1	1	0	0	0	0	0	0	0	0	S
NMDC20554972	0	0	0	0	0	0	0	0	0	0	0	1	0	0	0	0	0	0	0	0	0	0	0	0	0	0	0	0	0	0	S
NMDC20583062	0	0	1	0	1	0	0	0	0	0	0	1	0	0	0	1	0	0	1	0	0	0	0	0	0	0	0	0	0	0	S
NMDC20554973	0	0	0	0	0	1	0	1	0	0	0	1	0	0	1	0	1	1	0	0	0	1	0	0	1	0	0	0	1	1	S
NMDC20554974	0	0	0	0	0	0	0	0	0	0	0	1	0	0	0	0	0	0	0	0	0	0	0	0	0	0	0	0	0	0	S
NMDC20583064	0	0	0	0	0	1	0	1	0	0	0	1	0	0	0	0	0	0	0	0	0	0	0	1	0	0	0	0	1	1	S
NMDC20556978	0	0	0	0	0	1	0	1	0	0	0	1	0	0	0	0	0	0	0	0	0	0	0	1	0	0	0	0	1	1	S
NMDC20556979	0	0	0	0	0	0	0	0	0	0	0	1	0	0	0	0	1	1	0	0	0	0	0	0	1	0	0	0	0	1	S
NMDC20552997	0	0	0	0	0	0	0	1	0	0	0	1	0	0	0	0	0	0	0	0	1	0	0	0	0	0	1	0	0	1	S
NMDC20583066	0	0	0	0	0	0	0	0	0	0	0	1	0	0	0	0	0	0	0	0	1	1	0	1	0	0	0	0	0	1	S
NMDC20583067	0	0	0	0	0	0	0	1	0	0	0	1	0	0	0	0	0	0	0	0	0	1	0	0	0	0	0	0	0	1	S
NMDC20583068	0	0	0	0	0	1	0	1	0	0	0	1	0	0	0	0	0	0	0	0	0	0	0	1	0	0	0	0	1	1	S
NMDC20554975	0	0	0	0	0	1	0	0	0	0	0	1	0	0	0	0	0	0	0	0	1	1	0	0	0	0	1	0	1	0	S
NMDC20553001	0	0	0	0	0	0	0	1	0	0	0	1	0	0	0	0	0	0	0	0	0	1	0	0	0	0	0	0	0	1	S
NMDC20554976	0	0	0	0	0	0	0	0	0	0	0	0	0	0	0	0	1	1	0	1	0	0	0	1	0	0	0	0	0	0	S
NMDC20552998	0	0	0	0	0	1	0	1	0	0	0	1	0	0	1	0	1	1	0	0	0	1	0	0	1	0	0	0	0	1	S
NMDC20552999	0	0	0	0	0	1	0	1	0	0	0	1	0	0	0	0	0	0	0	0	1	1	0	0	0	0	0	0	0	0	S
NMDC20553000	0	0	0	0	0	1	0	1	0	0	0	1	0	0	0	0	0	0	0	0	1	1	0	0	0	0	0	0	0	0	S
NMDC20556980	0	0	0	0	0	0	0	0	0	0	0	1	0	0	0	0	0	0	0	0	1	1	0	1	0	0	0	0	0	1	S
NMDC20583070	0	0	0	0	0	1	0	1	0	0	0	1	0	0	0	0	0	0	0	0	0	0	0	1	0	0	0	0	1	1	S
NMDC20583071	0	0	0	0	0	1	0	1	0	0	0	1	0	0	0	0	0	0	0	0	1	1	0	0	0	0	0	0	0	0	S
NMDC20583072	0	0	0	0	0	1	0	0	0	0	0	1	0	0	0	0	0	0	0	0	1	1	0	0	0	0	1	0	1	0	S
NMDC20583073	0	0	1	0	1	0	0	0	0	0	0	1	0	0	0	1	0	0	1	0	0	0	0	0	0	0	0	0	0	0	S
NMDC20583074	0	0	0	0	0	0	0	0	0	0	0	1	0	0	0	0	0	0	0	0	1	1	0	0	0	0	1	0	1	1	S
NMDC20583075	0	0	0	0	0	1	0	1	0	0	0	1	0	0	1	0	1	1	0	0	0	1	0	0	1	0	0	0	1	1	S
NMDC20554977	0	0	0	0	0	1	0	1	0	0	0	1	0	0	0	0	0	0	1	0	1	1	0	0	0	0	0	0	0	0	S
NMDC20550968	0	0	0	0	0	1	0	1	0	0	0	1	0	0	1	0	1	1	0	0	0	1	0	0	1	0	0	0	1	1	S
NMDC20553002	0	0	0	0	0	0	0	1	0	0	0	1	1	0	1	0	0	0	1	0	1	1	1	0	0	0	0	0	0	1	S
NMDC20554978	0	0	0	0	0	0	0	0	0	0	0	0	0	0	0	0	1	1	0	1	0	0	0	1	0	0	0	0	0	0	S
NMDC20550969	0	0	0	0	0	1	0	1	0	0	0	1	0	0	0	0	0	0	0	0	1	1	0	0	0	0	0	0	0	0	S
NMDC20550970	0	0	0	0	0	1	0	1	0	0	0	1	0	0	0	0	0	0	0	0	0	0	0	1	0	0	0	0	1	1	S
NMDC20550971	0	0	0	0	0	0	0	1	0	0	0	1	0	0	0	0	0	0	0	0	0	1	0	1	1	0	0	0	1	1	S
NMDC20553004	0	0	0	0	0	1	0	1	0	0	0	1	0	0	0	0	0	0	0	0	0	0	0	1	0	0	0	0	1	1	S
NMDC20583077	0	0	0	0	0	0	0	0	0	0	0	1	0	0	0	0	0	0	0	0	1	1	0	1	0	0	0	0	0	1	S
NMDC20553005	0	0	0	0	0	1	0	0	0	0	0	1	0	0	0	0	1	0	1	0	1	1	0	0	0	0	0	0	0	1	S
NMDC20550972	0	0	0	0	0	0	0	0	0	0	0	0	0	0	0	0	0	0	0	0	0	1	0	0	1	0	0	1	0	0	S
NMDC20583078	0	0	0	0	0	0	0	1	0	0	0	1	0	0	0	0	0	0	0	0	1	0	0	0	0	0	1	0	0	1	S
NMDC20583079	0	0	0	0	0	1	0	1	0	0	0	1	0	0	0	0	0	0	0	0	0	0	0	1	0	0	0	0	1	1	S
NMDC20556981	0	0	0	0	0	1	0	1	0	0	0	1	0	0	0	0	0	0	0	0	1	1	0	0	0	0	0	0	0	0	S
NMDC20583080	0	0	0	0	0	0	0	0	0	0	0	1	0	0	0	0	0	0	0	0	0	0	0	0	0	0	0	0	0	0	S
NMDC20556982	0	0	0	0	0	1	0	0	0	0	0	1	0	0	0	0	0	0	0	0	1	1	0	0	0	0	0	0	1	0	S
NMDC20583081	0	0	0	0	0	0	0	1	0	0	0	1	0	0	0	0	0	1	0	0	1	1	0	1	0	0	0	0	0	1	S
NMDC20556984	0	1	0	0	0	1	1	0	0	0	1	1	0	1	1	0	0	1	1	0	0	0	0	0	0	0	1	0	1	1	S
NMDC20553007	0	0	0	0	0	1	0	1	0	0	0	1	0	0	1	0	1	1	1	0	0	1	0	0	1	0	0	0	1	1	S
NMDC20556983	0	0	0	0	0	0	0	0	0	0	0	0	0	0	0	0	1	1	0	1	0	0	0	1	0	0	0	0	0	0	S
NMDC20553008	0	0	0	0	0	1	0	1	0	0	0	1	0	0	1	0	0	0	0	0	1	1	0	0	1	0	0	0	0	1	S
NMDC20553009	0	0	0	0	0	0	0	0	0	0	0	1	0	0	0	0	1	0	0	0	1	1	0	0	1	0	0	0	1	0	S
NMDC20583084	0	0	0	0	0	0	0	0	0	0	0	0	0	0	1	0	1	0	0	0	1	1	0	0	0	0	0	1	0	1	S
NMDC20583085	0	0	0	0	0	1	0	1	0	0	0	1	0	0	1	0	1	1	0	0	0	1	0	0	1	0	0	0	1	1	S
NMDC20583087	0	0	0	0	0	1	0	1	0	0	0	1	0	0	1	0	1	1	1	0	0	1	0	0	1	0	0	0	1	1	S
NMDC20583088	0	0	0	0	0	1	0	1	0	0	0	1	0	0	1	0	1	1	1	0	0	1	0	0	1	0	0	0	1	1	S
NMDC20553010	0	0	0	0	0	1	0	1	0	0	0	1	0	0	1	0	1	1	1	0	0	1	0	0	1	0	0	0	1	1	S
NMDC20583090	0	0	0	0	0	1	0	1	0	0	0	1	0	0	1	0	1	1	0	0	0	1	0	0	1	0	0	0	1	1	S
NMDC20553011	0	0	0	0	0	1	0	1	0	0	0	1	0	0	1	0	1	1	1	0	0	1	0	0	1	0	0	0	1	1	S
NMDC20583091	0	0	0	0	0	1	0	1	0	0	0	1	0	0	1	0	1	1	0	0	0	1	0	0	1	0	0	0	1	1	S
NMDC20583092	0	0	0	0	0	0	0	1	0	0	0	1	0	0	1	0	0	0	0	0	0	1	0	0	0	0	0	0	0	1	S
NMDC20550974	0	0	0	0	0	1	0	1	0	0	0	1	0	0	1	0	1	1	0	0	0	1	0	0	1	0	0	0	1	1	S
NMDC20556986	0	0	0	0	0	0	0	0	0	0	0	1	0	0	0	0	1	0	1	0	1	1	0	0	1	0	0	0	1	0	S
NMDC20583093	0	0	1	0	0	1	0	1	0	0	0	1	0	0	1	1	1	1	0	0	0	1	0	0	1	0	0	0	1	1	S
NMDC20554984	0	0	0	0	0	1	0	1	0	0	0	1	0	0	1	0	1	1	1	0	0	1	0	0	1	0	0	0	1	1	S
NMDC20550975	0	0	0	0	0	1	0	1	0	0	0	1	0	0	1	0	1	1	1	0	0	1	0	0	1	0	0	0	1	1	S
NMDC20556985	0	0	0	0	0	1	0	1	0	0	0	1	0	0	1	0	1	1	0	0	0	1	0	0	1	0	0	0	1	1	S
NMDC20554985	0	0	0	0	0	1	0	1	0	0	0	1	0	0	1	0	1	1	0	0	0	1	1	0	1	0	0	0	1	1	S
NMDC20583094	0	0	0	0	0	1	0	0	0	0	1	0	0	0	0	0	0	0	0	0	0	0	0	0	0	0	0	0	1	1	S
NMDC20553013	0	0	0	0	0	1	0	1	0	0	0	1	0	0	1	0	1	1	0	0	0	1	0	0	1	0	0	0	1	1	S
NMDC20554986	0	0	0	0	0	1	0	0	0	0	1	0	0	0	0	0	0	0	0	0	0	0	0	0	0	0	0	0	1	1	S
NMDC20556988	0	0	0	0	0	1	0	1	0	0	0	1	0	0	1	0	1	1	1	0	0	1	0	0	1	0	0	0	1	1	S
NMDC20583099	0	0	0	0	0	1	0	1	0	0	0	1	0	0	1	0	1	1	1	0	0	1	0	0	1	0	0	0	1	1	S
NMDC20583100	0	0	0	0	0	1	0	1	0	0	0	1	0	0	1	0	1	1	0	0	0	1	0	0	1	0	0	0	1	1	S
NMDC20550976	1	0	0	0	0	1	0	1	0	0	0	1	0	0	1	0	1	1	0	0	0	1	0	0	1	0	0	0	1	1	S
NMDC20553014	0	0	0	0	0	1	0	1	0	0	0	1	0	0	1	0	1	1	0	0	0	1	0	0	1	0	0	0	1	1	S
NMDC20583101	0	0	0	0	0	1	0	1	0	0	0	1	0	0	0	0	0	0	0	0	0	0	0	1	0	0	0	0	1	1	S
NMDC20583102	0	0	0	0	0	0	0	0	0	0	0	1	0	0	0	0	0	0	0	0	1	1	0	1	0	0	0	0	0	1	S
NMDC20583103	0	0	0	0	0	1	0	1	0	0	0	1	0	0	1	0	1	1	1	0	0	1	0	0	1	0	0	0	1	1	S
NMDC20554989	0	0	0	0	0	1	0	0	0	0	0	0	0	0	1	0	1	1	0	0	0	0	0	0	1	0	0	0	1	1	S
NMDC20583104	0	0	0	0	0	1	0	1	0	0	0	1	0	0	1	0	1	1	1	0	0	1	0	0	1	0	0	0	1	1	S
NMDC20556989	0	0	0	0	0	1	0	1	0	0	0	1	0	0	1	0	1	1	0	0	0	1	0	0	1	0	0	0	1	1	S
NMDC20550977	0	0	0	0	0	1	0	1	0	0	0	1	0	0	1	0	1	1	0	0	0	1	0	0	1	0	0	0	1	1	S
NMDC20583106	0	0	0	0	0	1	0	0	0	0	1	0	0	0	0	0	0	0	0	0	0	0	0	0	0	0	0	0	1	1	S
NMDC20583109	0	0	0	0	0	1	0	1	0	0	0	1	0	0	1	0	1	1	0	0	0	1	1	0	1	0	0	0	1	1	S
NMDC20583110	0	0	0	0	0	1	0	0	0	0	0	1	0	0	1	0	0	1	0	0	0	0	0	0	0	0	1	0	1	1	S
NMDC20550978	0	0	0	0	0	1	0	1	0	0	0	1	0	0	1	0	1	1	1	0	0	1	0	0	1	0	0	0	1	1	S
NMDC20583113	0	0	0	0	0	1	0	1	0	0	0	1	0	0	1	0	1	1	1	0	0	1	0	0	1	0	0	0	1	1	S
NMDC20583114	0	0	0	0	0	1	0	1	0	0	0	1	0	0	1	0	1	1	1	0	0	1	0	0	1	0	0	0	1	1	S
NMDC20550979	0	0	0	0	0	1	0	1	0	0	0	1	0	0	1	0	1	1	0	0	0	1	0	0	1	0	0	0	1	1	S
NMDC20553017	0	0	0	0	0	1	0	0	0	0	1	1	0	0	0	0	0	0	0	0	0	1	0	0	0	0	0	0	0	1	S
NMDC20583116	0	0	0	0	0	1	0	1	0	0	0	1	0	0	1	0	1	1	1	0	0	1	0	0	1	0	0	0	1	1	S
NMDC20550980	0	0	0	0	0	1	0	1	0	0	0	1	0	0	1	0	1	1	0	0	0	1	0	0	1	0	0	0	1	1	S
NMDC20553015	0	0	0	0	0	1	0	0	0	0	1	0	0	0	0	0	0	0	0	0	0	0	0	0	0	0	0	0	1	1	S
NMDC20583118	1	0	1	0	1	1	0	1	0	0	0	1	0	0	1	1	1	1	0	0	0	1	0	0	1	0	0	0	1	1	S
NMDC20556991	0	0	0	0	0	1	0	0	0	0	0	0	0	0	1	0	1	1	0	0	0	0	0	0	1	0	0	0	1	1	S
NMDC20553016	0	0	0	0	0	1	0	0	0	0	0	1	0	0	1	0	0	0	0	0	1	0	0	0	1	0	0	0	0	1	S
NMDC20583119	0	0	0	0	0	1	0	1	0	0	0	1	0	0	1	0	1	1	0	0	0	1	0	0	1	0	0	0	1	1	S
NMDC20554991	0	0	0	0	0	1	0	1	0	0	0	1	0	0	1	0	1	1	1	0	0	1	0	0	1	0	0	0	1	1	S
NMDC20550983	0	0	0	0	0	0	0	0	0	0	0	1	0	0	0	0	1	0	0	0	1	1	0	0	1	0	0	0	1	0	S
NMDC20554992	0	0	0	0	0	1	0	1	0	0	0	1	0	0	1	0	1	1	1	0	0	1	0	0	1	0	0	0	1	1	S
NMDC20556993	0	0	0	0	0	1	0	1	0	0	0	1	0	0	1	0	1	1	1	0	0	1	0	0	1	0	0	0	1	1	S
NMDC20583122	0	0	0	0	0	1	0	1	0	0	0	1	0	0	1	0	1	1	0	0	0	1	0	0	1	0	0	0	1	1	S
NMDC20583123	0	0	0	0	0	1	0	1	0	0	0	1	0	0	1	0	1	1	0	0	0	1	0	0	1	0	0	0	1	1	S
NMDC20550982	0	0	0	0	0	0	0	0	0	0	0	0	0	0	0	0	0	0	0	0	1	1	0	0	0	0	1	0	1	1	S
NMDC20553020	0	0	0	0	0	0	0	0	0	0	0	1	0	0	0	0	1	0	0	0	1	1	0	0	1	0	0	0	1	0	S
NMDC20583124	0	0	0	0	0	1	0	1	0	0	0	1	0	0	1	0	1	1	0	0	0	1	0	0	1	0	0	0	1	1	S
NMDC20550984	0	0	0	0	0	1	0	0	0	0	0	0	0	0	1	0	1	1	0	0	0	0	0	0	1	0	0	0	1	1	S
NMDC20583125	0	0	0	0	0	1	0	1	0	0	0	1	0	0	1	0	1	1	1	0	0	1	0	0	1	0	0	0	1	1	S
NMDC20583126	0	0	0	0	0	1	0	1	0	0	0	1	0	0	1	0	1	1	1	0	0	1	0	0	1	0	0	0	1	1	S
NMDC20554993	0	0	0	0	0	1	0	1	0	0	0	1	0	0	1	0	1	1	0	0	0	1	0	0	1	0	0	0	1	1	S
NMDC20550985	0	0	0	0	0	1	0	1	0	0	0	1	0	0	1	0	1	1	1	0	0	1	0	0	1	0	0	0	1	1	S
NMDC20556994	0	0	0	0	0	0	0	0	0	0	0	1	0	0	0	0	0	0	1	0	0	0	0	0	0	0	0	0	0	0	S
NMDC20583127	0	0	0	0	0	1	0	1	0	0	0	1	0	0	1	0	1	1	1	0	0	1	0	0	1	0	0	0	1	1	S
NMDC20556995	0	0	0	0	0	0	0	0	0	0	0	0	0	0	0	0	0	0	0	0	0	1	0	0	0	0	0	0	0	0	S
NMDC20553021	0	0	0	0	0	1	0	1	0	0	0	1	0	0	1	0	1	1	0	0	0	1	0	0	1	0	0	0	1	1	S
NMDC20553022	0	0	0	0	0	1	0	0	0	0	1	0	0	0	0	0	0	0	0	0	0	0	0	0	0	0	0	0	1	1	S
NMDC20553023	0	0	0	0	0	1	0	1	0	0	0	1	0	0	1	0	1	1	1	0	0	1	0	0	1	0	0	0	1	1	S
NMDC20554994	0	0	0	0	0	1	0	1	0	0	0	1	0	0	1	0	1	1	1	0	0	1	0	0	1	0	0	0	1	1	S
NMDC20550989	0	0	0	0	0	1	0	1	0	0	0	1	0	0	1	0	1	1	1	0	0	1	0	0	1	0	0	0	1	1	S
NMDC20554995	0	0	0	0	0	1	0	0	0	0	0	0	0	0	1	0	1	1	0	0	0	0	0	0	1	0	0	0	1	1	S
NMDC20550990	0	0	0	0	0	1	0	1	0	0	0	1	0	0	0	0	0	0	1	0	1	1	0	0	0	0	0	0	0	0	S
NMDC20583128	0	0	0	0	0	0	0	1	0	0	0	1	0	0	0	0	0	0	0	0	1	1	0	1	0	0	0	0	0	1	S
NMDC20556998	0	0	0	0	0	1	0	0	0	0	0	1	0	0	0	0	0	0	0	0	1	1	0	0	0	0	1	0	0	1	S
NMDC20556997	0	0	0	0	0	1	0	1	0	0	0	1	0	0	1	0	1	1	1	0	0	1	0	0	1	0	0	0	1	1	S
NMDC20583129	0	0	0	0	0	0	0	1	0	0	0	1	0	0	0	0	0	0	0	0	0	1	0	0	0	0	0	0	0	1	S
NMDC20554996	0	0	0	0	0	1	0	1	0	0	0	1	0	0	1	0	1	1	1	0	0	1	0	0	1	0	0	0	1	1	S
NMDC20583130	0	0	0	0	0	1	0	1	0	0	0	1	0	0	1	0	1	1	0	0	0	1	0	0	1	0	0	0	1	1	S
NMDC20550992	0	0	0	0	0	1	0	0	0	0	0	0	0	0	0	0	0	0	1	0	1	1	0	0	0	0	0	0	0	0	S
NMDC20583132	0	0	0	0	0	1	0	0	0	0	0	0	0	0	0	0	0	0	0	0	1	1	0	0	0	0	0	0	0	0	S
NMDC20550993	0	0	0	0	0	1	0	1	0	0	0	1	0	0	1	0	1	1	0	0	0	1	0	0	1	0	0	0	1	1	S
NMDC20553026	0	0	1	0	0	1	0	0	0	0	0	0	0	0	1	1	0	1	1	0	1	1	0	0	0	0	0	0	0	1	S
NMDC20583133	0	0	0	0	0	1	0	1	0	0	0	1	0	0	0	0	0	0	0	0	0	0	0	1	0	0	0	0	1	1	S
NMDC20583134	0	0	0	0	0	1	0	1	0	0	0	1	0	0	1	0	1	1	0	0	0	1	0	0	1	0	0	0	1	1	S
NMDC20583135	0	0	0	0	0	1	0	0	0	0	0	1	0	0	0	0	0	0	0	0	0	1	0	0	0	0	0	0	0	1	S
NMDC20550996	0	0	0	0	0	1	0	1	0	0	0	1	0	0	1	0	1	1	1	0	0	1	0	0	1	0	0	0	1	1	S
NMDC20550997	0	0	0	0	0	1	0	1	0	0	0	1	0	0	1	0	1	1	0	0	0	1	0	0	1	0	0	0	1	1	S
NMDC20553025	0	0	0	0	0	1	0	1	0	0	0	1	0	0	1	0	1	1	0	0	0	1	0	0	1	0	0	0	1	1	S
NMDC20583136	0	0	0	0	0	0	0	1	0	0	0	1	0	0	1	0	0	0	0	0	0	1	0	0	0	0	0	0	0	1	S
NMDC20554997	0	0	0	0	0	1	0	1	0	0	0	1	0	0	1	0	1	1	0	0	0	1	0	0	1	0	0	0	1	1	S
NMDC20583138	0	0	0	0	0	1	0	1	0	0	0	1	0	0	1	0	1	1	1	0	0	1	0	0	1	0	0	0	1	1	S
NMDC20583139	0	0	0	0	0	1	0	1	0	0	0	1	0	0	1	0	1	1	0	0	0	1	0	0	1	0	0	0	1	1	S
NMDC20557000	0	0	0	0	0	0	0	0	0	0	0	0	0	0	1	0	0	0	0	0	0	1	0	0	0	0	0	1	1	0	S
NMDC20553027	0	0	0	0	0	1	0	1	0	0	0	1	0	0	1	0	1	1	1	0	0	1	0	0	1	0	0	0	1	1	S
NMDC20583140	0	0	0	0	0	1	0	1	0	0	0	1	0	0	0	0	0	0	0	0	0	0	0	1	0	0	0	0	1	1	S
NMDC20554998	0	0	0	0	0	1	0	1	0	0	0	1	0	0	1	0	1	1	0	0	0	1	0	0	1	0	0	0	1	1	S
NMDC20583141	0	0	0	0	0	1	0	1	0	0	0	1	0	0	1	0	1	1	0	0	0	1	0	0	1	0	0	0	1	1	S
NMDC20583142	0	0	0	0	0	1	0	1	0	0	0	1	0	0	1	0	1	1	1	0	0	1	0	0	1	0	0	0	1	1	S
NMDC20553028	0	0	0	0	0	0	0	0	0	0	0	0	0	0	0	0	1	0	0	0	0	1	0	0	0	0	0	0	1	0	S
NMDC20583143	0	0	0	0	0	1	0	1	0	0	0	1	0	0	1	0	1	1	0	0	0	1	0	0	1	0	0	0	1	1	S
NMDC20557001	0	0	0	0	0	0	0	1	0	0	0	1	0	0	1	0	0	0	0	0	0	1	0	0	0	0	0	0	0	1	S
NMDC20557002	0	0	0	0	0	1	0	1	0	0	0	1	0	0	1	0	1	1	1	0	0	1	0	0	1	0	0	0	1	1	S
NMDC20555000	0	0	0	0	0	1	0	1	0	0	0	1	0	0	1	0	1	1	0	0	0	1	0	0	1	0	0	0	1	1	S
NMDC20550999	0	0	0	0	0	1	0	1	0	0	0	1	0	0	1	0	1	1	0	0	0	1	0	0	1	0	0	0	1	1	S
NMDC20555001	0	0	0	0	0	1	0	1	0	0	0	1	0	0	1	0	1	1	0	0	0	1	0	0	1	0	0	0	1	1	S
NMDC20551000	0	0	0	0	0	1	0	1	0	0	0	1	0	0	1	0	1	1	1	0	0	1	0	0	1	0	0	0	1	1	S
NMDC20583144	0	0	0	0	0	1	0	1	0	0	0	1	0	0	1	0	1	1	0	0	0	1	1	0	1	0	0	0	1	1	S
NMDC20553029	0	0	0	0	0	1	0	0	0	0	0	1	0	0	0	0	0	0	0	0	0	1	0	0	0	0	1	0	0	1	S
NMDC20583147	0	0	0	0	0	0	0	0	0	0	0	1	0	0	0	0	1	0	0	0	1	1	0	0	1	0	0	0	1	0	S
NMDC20583148	0	0	0	0	0	1	0	1	0	0	0	1	0	0	1	0	1	1	0	0	0	1	0	0	1	0	0	0	1	1	S
NMDC20555004	0	0	0	0	0	1	0	1	0	0	0	1	0	0	0	0	0	0	0	0	1	1	0	0	0	0	0	0	0	0	S
NMDC20553030	0	0	0	0	0	1	0	1	0	0	0	1	0	0	1	0	1	1	0	0	0	1	1	0	1	0	0	0	1	1	S
NMDC20553031	0	0	0	0	0	1	0	1	0	0	0	1	0	0	1	0	1	1	0	0	0	1	1	0	1	0	0	0	1	1	S
NMDC20553032	0	0	0	0	0	1	0	1	0	0	0	1	0	0	0	0	0	0	0	0	0	0	0	1	0	0	0	0	1	1	S
NMDC20583150	0	0	0	0	0	0	0	0	0	0	0	1	0	0	0	0	0	0	0	0	1	1	0	1	0	0	0	0	0	1	S
NMDC20551002	0	0	0	0	0	1	0	1	0	0	0	1	0	0	1	0	1	1	0	0	0	1	0	0	1	0	0	0	1	1	S
NMDC20555005	0	0	0	0	0	1	0	0	0	0	1	0	0	0	0	0	0	0	0	0	0	0	0	0	0	0	0	0	1	1	S
NMDC20551003	0	0	0	0	0	1	0	0	0	0	0	0	0	0	1	0	0	1	1	0	1	1	0	0	0	0	0	0	0	1	S
NMDC20583153	0	0	0	0	0	1	0	1	0	0	0	1	0	0	1	0	1	1	0	0	0	1	0	0	1	0	0	0	1	1	S
NMDC20557005	0	0	0	0	0	0	0	0	0	0	0	0	0	0	0	0	1	0	0	0	0	1	0	0	0	0	0	0	1	0	S
NMDC20583154	0	0	1	1	1	1	0	1	0	0	0	1	0	0	1	1	1	1	0	0	0	1	0	0	1	0	0	0	1	1	S
NMDC20553033	0	0	0	0	0	1	0	1	0	0	0	1	0	0	1	0	1	1	1	0	0	1	0	0	1	0	0	0	1	1	S
NMDC20553034	0	0	0	0	0	1	0	1	0	0	0	1	0	0	1	0	1	1	1	0	0	1	0	0	1	0	0	0	1	1	S
NMDC20555008	0	0	0	0	0	1	0	0	0	0	1	0	0	0	0	0	0	0	0	0	0	0	0	0	0	0	0	0	1	1	S
NMDC20551005	0	0	0	0	0	0	0	1	0	0	0	1	0	0	0	0	0	0	0	0	1	1	0	1	0	0	0	0	0	1	S
NMDC20583157	0	0	0	0	0	1	0	1	0	0	0	1	0	0	1	0	1	1	1	0	0	1	0	0	1	0	0	0	1	1	S
NMDC20551008	0	0	0	0	0	0	0	0	0	0	0	0	0	0	0	0	1	0	0	0	0	1	0	0	0	0	0	0	1	0	S
NMDC20553035	0	0	0	0	0	1	0	1	0	0	0	1	0	0	1	0	1	1	0	0	0	1	0	0	1	0	0	0	1	1	S
NMDC20551006	0	0	0	0	0	1	0	1	0	0	0	1	0	0	1	0	1	1	0	0	0	1	1	0	1	0	0	0	1	1	S
NMDC20557006	0	0	0	0	0	1	0	1	0	0	0	1	0	0	1	0	1	1	0	0	0	1	0	0	1	0	0	0	1	1	S
NMDC20583159	0	0	0	0	0	1	0	1	0	0	0	1	0	0	0	0	0	0	0	0	0	0	0	1	0	0	0	0	1	1	S
NMDC20553036	0	0	0	0	0	1	0	1	0	0	0	1	0	0	1	0	1	1	0	0	0	1	0	0	1	0	0	0	1	1	S
NMDC20555009	0	0	0	0	0	1	0	1	0	0	0	1	0	0	1	0	1	1	0	0	0	1	0	0	1	0	0	0	1	1	S
NMDC20583162	1	0	0	0	0	0	0	0	0	0	0	1	0	0	0	0	1	0	0	0	1	1	0	0	1	0	0	0	1	0	S
NMDC20583163	0	0	0	0	0	1	0	1	0	0	0	1	0	0	1	0	1	1	1	0	0	1	0	0	1	0	0	0	1	1	S
NMDC20557007	0	0	0	0	0	1	0	1	0	0	0	1	0	0	1	0	1	1	0	0	0	1	0	0	1	0	0	0	1	1	S
NMDC20583165	0	0	0	0	0	1	0	1	0	0	0	1	0	0	1	0	1	1	0	0	0	1	0	0	1	0	0	0	1	1	S
NMDC20583167	0	0	0	0	0	1	0	1	0	0	0	1	0	0	0	0	0	0	0	0	1	1	0	0	0	0	0	0	0	0	S
NMDC20553037	0	0	0	0	0	1	0	1	0	0	0	1	0	0	1	0	1	1	0	0	0	1	0	0	1	0	0	0	1	1	S
NMDC20583168	0	0	0	0	0	1	0	1	0	0	0	1	0	0	1	0	1	1	1	0	0	1	0	0	1	0	0	0	1	1	S
NMDC20557009	0	0	0	0	0	0	0	1	0	0	0	1	0	0	0	0	0	1	0	0	1	1	0	1	0	0	0	0	0	1	S
NMDC20583169	0	0	0	0	0	1	0	1	0	0	0	1	0	0	1	0	1	1	0	0	0	1	0	0	1	0	0	0	1	1	S
NMDC20555010	0	0	0	0	0	1	0	1	0	0	0	1	0	0	1	0	1	1	0	0	0	1	0	0	1	0	0	0	1	1	S
NMDC20583171	0	0	1	0	0	1	0	1	0	0	0	1	0	0	1	1	1	1	0	0	0	1	0	0	1	0	0	0	1	1	S
NMDC20583172	0	0	0	0	0	1	0	1	0	0	0	1	0	0	1	0	1	1	0	0	0	1	0	0	1	0	0	0	1	1	S
NMDC20583173	0	0	0	0	0	1	0	1	0	0	0	1	0	0	1	0	1	1	0	0	0	1	1	0	1	0	0	0	1	1	S
NMDC20583174	0	0	0	0	0	1	0	1	0	0	0	1	0	0	0	0	0	0	0	0	1	1	0	0	0	0	0	0	0	0	S
NMDC20583175	0	0	0	0	0	1	0	1	0	0	0	1	0	0	1	0	1	1	0	0	0	1	0	0	1	0	0	0	1	1	S
NMDC20583176	0	0	0	0	0	1	0	1	0	0	0	1	0	0	0	0	0	0	0	0	0	0	0	1	0	0	0	0	1	1	S
NMDC20557010	0	0	0	0	0	1	0	1	0	0	0	1	0	0	1	0	1	1	1	0	0	1	0	0	1	0	0	0	1	1	S
NMDC20551011	0	0	1	0	1	0	0	0	0	0	0	1	0	0	0	1	0	0	1	0	0	0	0	0	0	0	0	0	0	0	S
NMDC20553039	0	0	0	0	0	1	0	0	0	0	1	1	1	0	1	0	0	1	0	0	0	0	0	0	0	0	1	0	1	1	S
NMDC20583179	0	0	0	0	0	1	0	1	0	0	0	1	0	0	1	0	1	1	1	0	0	1	0	0	1	0	0	0	1	1	S
NMDC20553040	0	0	0	0	0	1	0	1	0	0	0	1	0	0	1	0	1	1	0	0	0	1	1	0	1	0	0	0	1	1	S
NMDC20553041	0	0	0	0	0	1	0	1	0	0	0	1	0	0	1	0	1	1	0	0	0	1	0	0	1	0	0	0	1	1	S
NMDC20555012	0	0	0	0	0	1	0	1	0	0	0	1	0	0	1	0	1	1	1	0	0	1	0	0	1	0	0	0	1	1	S
NMDC20555013	0	0	0	0	0	1	0	1	0	0	0	1	0	0	1	0	1	1	1	0	0	1	0	0	1	0	0	0	1	1	S
NMDC20583180	0	0	0	0	0	1	0	1	0	0	0	1	0	0	1	0	1	1	1	0	0	1	0	0	1	0	0	0	1	1	S
NMDC20557011	0	0	0	0	0	0	0	0	0	0	0	1	0	0	0	0	1	1	0	0	0	0	0	0	1	0	0	0	0	1	S
NMDC20555016	0	0	0	0	0	1	0	0	0	0	0	0	0	0	0	0	0	0	1	0	1	1	0	0	0	0	0	0	0	0	S
NMDC20551012	0	0	0	0	0	0	0	0	0	0	0	1	0	0	0	0	0	0	0	0	1	1	0	1	0	0	0	0	0	1	S
NMDC20553043	0	0	0	0	0	1	0	1	0	0	0	1	0	0	1	0	1	1	0	0	0	1	1	0	1	0	0	0	1	1	S
NMDC20551015	0	0	0	0	0	0	0	0	0	0	0	1	0	0	0	0	1	1	0	0	0	0	0	0	1	0	0	0	0	1	S
NMDC20551014	0	0	0	0	0	1	0	1	0	0	0	1	0	0	1	0	1	1	1	0	0	1	0	0	1	0	0	0	1	1	S
NMDC20557013	0	0	0	0	0	1	0	1	0	0	0	1	0	0	1	0	1	1	0	0	0	1	0	0	1	0	0	0	1	1	S
NMDC20553044	0	0	0	0	0	1	0	0	0	0	0	0	0	0	1	0	1	1	0	0	0	0	0	0	1	0	0	0	1	1	S
NMDC20553045	0	0	0	0	0	1	0	1	0	0	0	1	0	0	1	0	1	1	1	0	0	1	0	0	1	0	0	0	1	1	S
NMDC20583182	0	0	0	0	0	1	0	1	0	0	0	1	0	0	1	0	1	1	1	0	0	1	0	0	1	0	0	0	1	1	S
NMDC20583183	0	0	0	0	0	1	0	1	0	0	0	1	0	0	1	0	1	1	1	0	0	1	0	0	1	0	0	0	1	1	S
NMDC20555018	0	0	0	0	0	1	0	1	0	0	0	1	0	0	1	0	1	1	0	0	0	1	0	0	1	0	0	0	1	1	S
NMDC20557014	0	0	0	0	0	0	0	0	0	0	0	0	0	0	0	0	1	0	0	0	0	1	0	0	0	0	0	0	1	0	S
NMDC20583184	0	0	0	0	0	1	0	1	0	0	0	1	0	0	0	0	0	0	0	0	0	0	0	1	0	0	0	0	1	1	S
NMDC20583185	0	0	1	0	1	1	0	1	0	0	0	1	0	0	1	1	1	1	1	0	0	1	0	0	1	0	0	0	1	1	S
NMDC20551016	0	0	0	0	0	0	0	0	0	0	0	1	0	0	0	0	1	1	0	0	0	0	0	0	1	0	0	0	0	1	S
NMDC20557015	0	0	0	0	0	0	0	0	0	0	0	1	0	0	0	0	1	0	0	0	1	1	0	0	1	0	0	0	1	0	S
NMDC20583186	0	0	0	0	0	0	0	0	0	0	0	1	0	0	0	0	1	1	0	0	0	0	0	0	1	0	0	0	0	1	S
NMDC20553046	0	0	0	0	0	1	0	0	0	0	0	1	0	0	0	0	0	0	0	0	1	1	0	0	0	0	1	0	0	1	S
NMDC20557016	0	0	0	0	0	1	0	0	0	0	1	1	0	0	0	0	1	0	0	0	0	1	0	0	1	0	0	0	0	0	S
NMDC20557017	0	0	0	0	0	0	0	0	0	0	0	1	0	0	0	0	0	0	0	0	1	1	0	1	0	0	0	0	0	1	S
NMDC20583188	0	0	0	0	0	0	0	0	0	0	0	1	0	0	0	0	1	1	0	0	0	0	0	0	1	0	0	0	0	1	S
NMDC20553047	0	0	0	0	0	1	0	1	0	0	0	1	0	0	1	0	1	1	0	0	0	1	0	0	1	0	0	0	1	1	S
NMDC20553048	0	0	0	0	0	1	0	1	0	0	0	1	0	0	0	0	0	0	0	0	0	0	0	1	0	0	0	0	1	1	S
NMDC20557018	0	0	1	0	1	0	0	0	0	0	0	0	0	0	0	1	1	1	1	1	0	0	0	1	0	0	0	0	0	0	S
NMDC20583189	0	0	0	0	0	1	0	1	0	0	0	1	0	0	1	0	1	1	0	0	0	1	0	0	1	0	0	0	1	1	S
NMDC20551017	0	0	0	0	0	1	0	0	0	0	1	0	0	0	0	0	0	0	0	0	0	0	0	0	0	0	0	0	1	1	S
NMDC20553052	0	0	0	0	0	0	0	0	0	0	0	0	0	0	1	0	0	0	0	0	0	1	0	0	0	0	0	1	1	0	S
NMDC20553050	0	0	0	0	0	1	0	1	0	0	0	1	0	0	1	0	1	1	1	0	0	1	0	0	1	0	0	0	1	1	S
NMDC20553051	0	0	0	0	0	1	0	0	0	0	1	0	0	0	0	0	0	0	0	0	0	0	0	0	0	0	0	0	1	1	S
NMDC20557019	0	0	1	0	1	0	0	0	0	0	0	1	0	0	0	1	0	0	1	0	0	0	0	0	0	0	0	0	0	0	S
NMDC20583190	0	0	0	0	0	1	0	0	0	0	1	0	0	0	0	0	0	0	0	0	0	0	0	0	0	0	0	0	1	1	S
NMDC20583191	0	0	0	0	0	1	0	1	0	0	0	1	0	0	1	0	1	1	0	0	0	1	0	0	1	0	0	0	1	1	S
NMDC20557020	0	0	0	0	0	1	0	0	0	0	1	0	0	0	0	0	0	0	0	0	0	0	0	0	0	0	0	0	1	1	S
NMDC20551024	0	0	0	0	0	1	0	1	0	0	0	1	0	0	0	0	0	0	0	0	0	0	0	1	0	0	0	0	1	1	S
NMDC20553053	0	0	0	0	0	1	0	1	0	0	0	1	0	0	1	0	1	1	1	0	0	1	0	0	1	0	0	0	1	1	S
NMDC20557021	0	0	0	0	0	1	0	1	0	0	0	1	0	0	1	0	1	1	1	0	0	1	0	0	1	0	0	0	1	1	S
NMDC20551022	0	0	0	0	0	0	0	0	0	0	0	1	0	0	0	0	1	0	0	0	1	1	0	0	1	0	0	0	1	0	S
NMDC20553054	0	0	0	0	0	1	0	1	0	0	0	1	0	0	1	0	1	1	0	0	0	1	1	0	1	0	0	0	1	1	S
NMDC20551023	0	0	0	0	0	1	0	1	0	0	0	1	0	0	1	0	1	1	0	0	0	1	0	0	1	0	0	0	1	1	S
NMDC20557023	0	0	0	0	0	0	0	1	0	0	0	1	0	0	0	0	0	0	0	0	0	1	0	0	0	0	0	0	0	1	S
NMDC20557022	0	0	0	0	0	0	0	0	0	0	0	1	0	0	0	0	1	1	0	0	0	0	0	0	1	0	0	0	0	1	S
NMDC20553055	0	0	0	0	0	1	0	1	0	0	0	1	0	0	0	0	0	0	0	0	0	0	0	1	0	0	0	0	1	1	S
NMDC20553056	0	0	0	0	0	1	0	1	0	0	0	1	0	0	0	0	0	0	0	0	0	0	0	1	0	0	0	0	1	1	S
NMDC20551025	0	0	0	0	0	1	0	0	0	0	1	0	0	0	0	0	0	0	0	0	0	0	0	0	0	0	0	0	1	1	S
NMDC20583194	0	0	0	0	0	0	0	0	0	0	0	0	0	0	0	0	1	0	0	0	0	1	0	0	0	0	0	0	1	0	S
NMDC20553058	0	0	0	0	0	1	0	0	0	0	0	0	0	0	1	0	1	1	0	0	0	0	0	0	1	0	0	0	1	1	S
NMDC20555021	0	0	0	0	0	1	0	1	0	0	0	1	0	0	1	0	1	1	0	0	0	1	0	0	1	0	0	0	1	1	S
NMDC20555022	0	0	0	0	0	1	0	0	0	0	0	1	0	0	0	0	0	0	0	0	1	1	0	0	0	0	1	0	0	1	S
NMDC20553060	0	0	0	0	0	0	0	1	0	0	0	1	0	0	0	0	0	0	0	0	0	1	0	0	0	0	0	0	0	1	S
NMDC20553059	0	0	0	0	0	1	0	1	0	0	0	1	0	0	1	0	1	1	0	0	0	1	0	0	1	0	0	0	1	1	S
NMDC20555023	0	0	1	0	1	0	0	0	0	0	0	1	0	0	0	1	0	0	1	0	0	0	0	0	0	0	0	0	0	0	S
NMDC20555024	0	0	0	0	0	1	0	1	0	0	0	1	0	0	0	0	0	0	0	0	0	0	0	1	0	0	0	0	1	1	S
NMDC20583196	0	0	0	0	0	0	0	0	0	0	0	1	0	0	0	0	1	1	0	0	0	0	0	0	1	0	0	0	0	1	S
NMDC20583197	0	0	0	0	0	1	0	1	0	0	0	1	0	0	1	0	1	1	1	0	0	1	0	0	1	0	0	0	1	1	S
NMDC20583198	0	0	0	0	0	1	0	1	0	0	0	1	0	0	1	0	1	1	1	0	0	1	0	0	1	0	0	0	1	1	S
NMDC20553061	0	0	0	0	0	1	0	1	0	0	0	1	0	0	1	0	1	1	0	0	0	1	1	0	1	0	0	0	1	1	S
NMDC20583199	0	0	0	0	0	1	0	1	0	0	0	1	0	0	0	0	0	0	1	0	0	0	0	1	0	0	0	0	1	1	S
NMDC20557026	0	0	0	0	0	1	0	1	0	0	0	1	0	0	0	0	0	0	0	0	0	0	0	1	0	0	0	0	1	1	S
NMDC20555027	0	0	0	0	0	1	0	1	0	0	0	1	0	0	0	0	0	0	0	0	0	0	0	1	0	0	0	0	1	1	S
NMDC20555028	0	0	0	0	0	1	0	1	0	0	0	1	0	0	0	0	0	0	0	0	0	0	0	1	0	0	0	0	1	1	S
NMDC20557027	0	0	0	0	0	1	0	1	0	0	0	1	0	0	1	0	1	1	1	0	0	1	0	0	1	0	0	0	1	1	S
NMDC20551026	0	0	0	0	0	0	0	0	0	0	0	0	0	0	0	0	1	1	0	1	0	0	0	1	0	0	0	0	0	0	S
NMDC20583204	0	0	0	0	0	0	0	0	0	0	0	0	0	0	1	0	1	0	0	0	1	1	0	0	0	0	0	1	0	1	S
NMDC20551027	0	0	0	0	0	1	0	1	0	0	0	1	0	0	1	0	1	1	1	0	0	1	0	0	1	0	0	0	1	1	S
NMDC20583205	0	0	0	0	0	1	0	0	0	0	1	0	0	0	0	0	0	0	0	0	0	0	0	0	0	0	0	0	1	1	S
NMDC20583206	0	0	0	0	0	1	0	1	0	0	0	1	0	0	0	0	0	0	0	0	0	0	0	1	0	0	0	0	1	1	S
NMDC20555029	0	0	0	0	0	1	0	1	0	0	0	1	0	0	1	0	1	1	0	0	0	1	0	0	1	0	0	0	1	1	S
NMDC20551028	0	0	0	0	0	1	0	1	0	0	0	1	0	0	0	0	0	0	1	0	0	0	0	1	0	0	0	0	1	1	S
NMDC20553062	0	0	0	0	0	0	0	0	0	0	0	1	0	0	1	0	0	0	0	0	0	1	0	0	0	0	0	1	1	0	S
NMDC20557028	0	0	0	0	0	1	0	1	0	0	0	1	0	0	1	0	1	1	1	0	0	1	0	0	1	0	0	0	1	1	S
NMDC20583207	1	0	0	0	0	1	0	1	0	0	0	1	0	0	1	0	1	1	1	0	0	1	0	0	1	0	0	0	1	1	S
NMDC20557030	0	0	0	0	0	0	0	1	0	0	0	1	0	0	1	0	0	0	0	0	0	1	0	0	0	0	0	0	0	1	S
NMDC20583208	0	0	0	0	0	1	0	1	0	0	0	1	0	0	0	0	0	0	0	0	0	0	0	1	0	0	0	0	1	1	S
NMDC20583209	0	0	0	0	0	1	0	1	0	0	0	1	0	0	0	0	1	1	0	0	1	1	0	1	0	0	1	0	0	1	S
NMDC20583210	0	0	0	0	0	1	0	1	0	0	0	1	0	0	1	0	1	1	0	0	0	1	0	0	1	0	0	0	1	1	S
NMDC20555031	0	0	0	0	0	1	0	1	0	0	0	1	0	0	1	0	1	1	0	0	0	1	0	0	1	0	0	0	1	1	S
NMDC20555032	0	0	0	0	0	0	0	1	0	0	0	1	0	0	0	0	0	0	0	0	0	1	0	0	0	0	0	0	0	1	S
NMDC20553065	0	0	0	0	0	1	0	1	0	0	0	1	0	0	1	0	1	1	0	0	0	1	0	0	1	0	0	0	1	1	S
NMDC20557032	0	0	0	0	0	1	0	1	0	0	0	1	0	0	1	0	1	1	1	0	0	1	0	0	1	0	0	0	1	1	S
NMDC20555033	0	0	0	0	0	1	0	1	0	0	0	1	0	0	1	0	1	1	0	0	0	1	0	0	1	0	0	0	1	1	S
NMDC20555035	0	0	0	0	0	1	0	1	0	0	0	1	0	0	0	0	0	0	0	0	0	0	0	1	0	0	0	0	1	1	S
NMDC20557035	0	0	0	0	0	1	0	1	0	0	0	1	0	0	0	0	0	0	0	0	0	0	0	1	0	0	0	0	1	1	S
NMDC20555036	0	0	0	0	0	1	0	1	0	0	0	1	0	0	0	0	0	0	0	0	0	0	0	1	0	0	0	0	1	1	S
NMDC20583217	0	0	0	0	0	0	0	0	0	0	0	0	0	0	0	0	1	0	0	0	0	1	0	0	0	0	0	0	1	0	S
NMDC20583218	0	0	0	0	0	1	0	1	0	0	0	1	0	0	1	0	1	1	0	0	0	1	0	0	1	0	0	0	1	1	S
NMDC20555038	0	0	0	0	0	0	0	0	0	0	0	1	0	0	0	0	0	0	0	0	1	1	0	1	0	0	0	0	0	1	S
NMDC20551033	0	0	0	0	0	1	0	1	0	0	0	1	0	0	1	0	1	1	1	0	0	1	0	0	1	0	0	0	1	1	S
NMDC20557036	0	0	0	0	0	1	0	1	0	0	0	1	0	0	1	0	1	1	0	0	0	1	0	0	1	0	0	0	1	1	S
NMDC20557037	0	0	0	0	0	1	0	1	0	0	0	1	0	0	1	0	1	1	1	0	0	1	0	0	1	0	0	0	1	1	S
NMDC20553071	0	0	0	0	0	1	0	1	0	0	0	1	0	0	0	0	0	0	0	0	0	0	0	1	0	0	0	0	1	1	S
NMDC20553069	0	0	0	0	0	1	0	1	0	0	0	1	0	0	1	0	1	1	1	0	0	1	0	0	1	0	0	0	1	1	S
NMDC20583219	0	0	0	0	0	1	0	1	0	0	0	1	0	0	1	0	1	1	1	0	0	1	0	0	1	0	0	0	1	1	S
NMDC20551034	0	0	0	0	0	1	0	1	0	0	0	1	0	0	1	0	1	1	1	0	0	1	0	0	1	0	0	0	1	1	S
NMDC20557038	0	0	0	0	0	1	0	1	0	0	0	1	0	0	1	0	1	1	0	0	0	1	0	0	1	0	0	0	1	1	S
NMDC20557039	0	0	0	0	0	1	0	1	0	0	0	1	0	0	1	0	1	1	0	0	0	1	0	0	1	0	0	0	1	1	S
NMDC20553070	0	0	0	0	0	1	0	1	0	0	0	1	0	0	1	0	1	1	0	0	0	1	0	0	1	0	0	0	1	1	S
NMDC20583221	0	0	0	0	0	1	0	1	0	0	0	1	0	0	1	0	1	1	0	0	0	1	0	0	1	0	0	0	1	1	S
NMDC20557041	0	0	0	0	0	1	0	1	0	0	0	1	0	0	1	0	1	1	0	0	0	1	0	0	1	0	0	0	1	1	S
NMDC20555040	0	0	1	0	1	0	0	0	0	0	0	1	0	0	0	1	0	0	1	0	0	0	0	0	0	0	0	0	0	0	S
NMDC20557042	0	0	0	0	0	1	0	1	0	0	0	1	0	0	0	0	0	0	0	0	0	0	0	1	0	0	0	0	1	1	S
NMDC20583223	0	0	0	0	0	1	0	1	0	0	0	1	0	0	1	0	1	1	0	0	0	1	0	0	1	0	0	0	1	1	S
NMDC20583224	0	0	0	0	0	1	0	1	0	0	0	1	0	0	1	0	1	1	1	0	0	1	0	0	1	0	0	0	1	1	S
NMDC20583225	0	0	0	0	0	1	0	1	0	0	0	1	0	0	1	0	1	1	0	0	0	1	0	0	1	0	0	0	1	1	S
NMDC20553072	0	0	0	0	0	1	0	1	0	0	0	1	0	0	1	0	1	1	0	0	0	1	0	0	1	0	0	0	1	1	S
NMDC20583226	0	0	0	0	0	1	0	1	0	0	0	1	0	0	0	0	0	0	0	0	0	0	0	1	0	0	0	0	1	1	S
NMDC20583227	0	0	0	0	0	1	0	0	0	0	0	1	0	0	0	0	0	0	0	0	1	1	0	0	0	0	1	0	0	1	S
NMDC20583228	0	0	0	0	0	1	0	1	0	0	0	1	0	0	1	0	1	1	1	0	0	1	0	0	1	0	0	0	1	1	S
NMDC20583229	0	0	0	0	0	1	0	0	0	0	0	1	0	0	0	0	0	0	0	0	1	1	0	0	0	0	0	0	1	0	S
NMDC20553073	0	0	0	0	0	1	0	1	0	0	0	1	0	0	1	0	1	1	1	0	0	1	1	0	1	0	0	0	1	1	S
NMDC20583230	0	0	0	0	0	1	0	0	0	0	1	0	0	0	0	0	0	0	0	0	0	0	0	0	0	0	0	0	1	1	S
NMDC20553074	0	0	0	0	0	0	0	0	0	0	0	1	0	0	0	0	0	0	0	0	1	1	0	1	0	0	0	0	0	1	S
NMDC20583231	0	0	0	0	0	1	0	1	0	0	0	1	0	0	0	0	0	0	0	0	0	0	0	1	0	0	0	0	1	1	S
NMDC20555041	0	0	0	0	0	1	0	0	0	0	1	0	0	0	0	0	0	0	0	0	0	0	0	0	0	0	0	0	1	1	S
NMDC20557043	0	0	0	0	0	1	0	1	0	0	0	1	0	0	0	0	0	0	0	0	0	0	0	0	0	0	0	0	1	0	S
NMDC20583232	0	1	0	0	0	1	0	1	0	0	0	1	0	1	1	0	1	1	1	0	0	1	0	0	1	0	0	0	1	1	S
NMDC20583233	0	0	0	0	0	1	0	0	0	0	0	0	0	0	1	0	1	1	1	0	0	0	0	0	1	0	0	0	1	1	S
NMDC20583234	0	0	0	0	0	1	0	1	0	0	0	1	0	0	1	0	1	1	0	0	0	1	0	0	1	0	0	0	1	1	S
NMDC20583235	0	0	0	0	0	1	0	1	0	0	0	1	0	0	1	0	1	1	0	0	0	1	0	0	1	0	0	0	1	1	S
NMDC20555042	0	0	0	0	0	1	0	1	0	0	0	1	0	0	1	0	1	1	0	0	0	1	0	0	1	0	0	0	1	1	S
NMDC20583236	0	0	0	0	0	1	0	0	0	0	0	1	0	0	0	0	0	0	0	0	1	1	0	0	0	0	1	0	0	1	S
NMDC20557044	0	0	0	0	0	1	0	1	0	0	0	1	0	0	1	0	1	1	1	0	0	1	0	0	1	0	0	0	1	1	S
NMDC20583237	0	0	0	0	0	1	0	1	0	0	0	1	0	0	1	0	1	1	0	0	0	1	0	0	1	0	0	0	1	1	S
NMDC20553076	0	0	0	0	0	1	0	1	0	0	0	1	0	0	1	0	1	1	0	0	0	1	0	0	1	0	0	0	1	1	S
NMDC20583238	0	0	0	0	0	1	0	1	0	0	0	1	0	0	0	0	0	0	1	0	1	1	0	0	0	0	0	0	0	0	S
NMDC20553077	0	0	0	0	0	1	0	0	0	0	1	0	0	0	0	0	0	0	0	0	0	0	0	0	0	0	0	0	1	1	S
NMDC20551039	0	0	0	0	0	0	0	0	0	0	0	1	0	0	0	0	0	0	0	0	1	1	0	0	0	0	1	0	1	1	S
NMDC20555043	0	0	0	0	0	1	0	0	0	0	1	0	0	0	0	0	0	0	0	0	0	0	0	0	0	0	0	0	1	1	S
NMDC20553078	0	0	0	0	0	1	0	1	0	0	0	1	0	0	1	0	1	1	0	0	0	1	1	0	1	0	0	0	1	1	S
NMDC20557045	0	0	0	0	0	1	0	1	0	0	0	1	0	0	1	0	1	1	0	0	0	1	1	0	1	0	0	0	1	1	S
NMDC20557046	0	0	0	0	0	1	0	1	0	0	0	1	0	0	1	0	1	1	0	0	0	1	0	0	1	0	0	0	1	1	S
NMDC20557047	0	0	0	0	0	0	0	0	0	0	0	1	0	0	0	0	0	0	0	0	1	1	0	1	0	0	0	0	0	1	S
NMDC20583240	0	0	0	0	0	1	0	0	0	0	1	0	0	0	0	0	0	0	0	0	0	0	0	0	0	0	0	0	1	1	S
NMDC20553080	0	0	0	0	0	1	0	1	0	0	0	1	0	0	0	0	0	0	0	0	0	0	0	1	0	0	0	0	1	1	S
NMDC20557050	0	0	0	0	0	1	0	1	0	0	0	1	0	0	0	0	0	0	0	0	1	1	0	0	0	0	0	0	0	0	S
NMDC20583242	0	0	0	0	0	0	0	0	0	0	0	1	0	0	0	0	1	0	0	0	1	1	0	0	1	0	0	0	1	0	S
NMDC20583243	0	0	0	0	0	0	0	0	0	0	0	1	0	0	0	0	0	0	0	0	0	0	0	0	0	0	0	0	0	0	S
NMDC20557052	0	0	0	0	0	1	0	1	0	0	0	1	0	0	1	0	1	1	1	0	0	1	0	0	1	0	0	0	1	1	S
NMDC20583245	0	0	0	0	0	1	0	1	0	0	0	1	0	0	1	0	1	1	1	0	0	1	0	0	1	0	0	0	1	1	S
NMDC20583246	0	0	0	0	0	1	0	1	0	0	0	1	0	0	1	0	1	1	0	0	0	1	0	0	1	0	0	0	1	1	S
NMDC20551041	0	0	0	0	0	1	0	1	0	0	0	1	0	0	1	0	1	1	0	0	0	1	0	0	1	0	0	0	1	1	S
NMDC20583248	0	0	0	0	0	1	0	1	0	0	0	1	0	0	1	0	1	1	0	0	0	1	0	0	1	0	0	0	1	1	S
NMDC20551042	0	0	0	0	0	1	0	1	0	0	0	1	0	0	1	0	1	1	0	0	0	1	0	0	1	0	0	0	1	1	S
NMDC20557055	0	0	0	0	0	1	0	1	0	0	0	1	0	0	1	0	1	1	1	0	0	1	0	0	1	0	0	0	1	1	S
NMDC20583250	0	0	0	0	0	1	0	1	0	0	0	1	0	0	1	0	1	1	0	0	0	1	0	0	1	0	0	0	1	1	S
NMDC20551044	0	0	0	0	0	1	0	1	0	0	0	1	0	0	0	0	0	0	0	0	1	1	0	0	0	0	0	0	0	0	S
NMDC20551045	0	0	0	0	0	0	0	0	0	0	0	0	0	0	0	0	1	1	0	1	0	0	0	1	0	0	0	0	0	0	S
NMDC20553084	0	0	0	0	0	0	0	0	0	0	0	1	0	0	0	0	1	0	0	0	1	1	0	0	1	0	0	0	1	0	S
NMDC20553085	0	0	0	0	0	1	0	1	0	0	0	1	0	0	1	0	1	1	1	0	0	1	0	0	1	0	0	0	1	1	S
NMDC20553086	0	0	0	0	0	1	0	1	0	0	0	1	0	0	1	0	1	1	0	0	0	1	1	0	1	0	0	0	1	1	S
NMDC20583251	0	0	0	0	0	0	0	0	0	0	0	1	0	0	0	0	1	1	0	0	0	0	0	0	1	0	0	0	0	1	S
NMDC20583252	0	0	0	0	0	1	0	1	0	0	0	1	0	0	1	0	1	1	0	0	0	1	0	0	1	0	0	0	1	1	S
NMDC20583253	0	0	0	0	0	0	0	0	0	0	0	1	0	0	0	0	1	0	0	0	1	1	0	0	1	0	0	0	1	0	S
NMDC20555049	0	0	0	0	0	1	0	0	0	0	1	0	0	0	0	0	0	0	0	0	0	0	0	0	0	0	0	0	1	1	S
NMDC20551047	0	0	0	0	0	1	0	1	0	0	0	1	0	0	1	0	1	1	0	0	0	1	0	0	1	0	0	0	1	1	S
NMDC20551048	0	0	0	0	0	0	0	0	0	0	0	0	0	0	0	0	1	1	0	1	0	0	0	1	0	0	0	0	0	0	S
NMDC20583258	0	0	0	0	0	1	0	1	0	0	0	1	0	0	1	0	1	1	1	0	0	1	0	0	1	0	0	0	1	1	S
NMDC20553087	0	0	1	0	1	1	0	1	0	0	0	1	0	0	1	1	1	1	1	0	0	1	0	0	1	0	0	0	1	1	S
NMDC20553088	1	0	0	0	0	1	0	1	0	0	0	1	0	0	1	0	1	1	1	0	0	1	0	0	1	0	0	0	1	1	S
NMDC20583260	0	0	0	0	0	0	0	1	0	0	0	1	0	0	0	0	0	0	0	0	1	1	0	1	0	0	0	0	0	1	S
NMDC20551049	0	0	0	0	0	1	0	0	0	0	0	0	0	0	0	0	0	0	0	0	1	1	0	0	0	0	0	0	0	0	S
NMDC20557062	0	0	0	0	0	1	0	0	0	0	1	0	0	0	0	0	0	0	0	0	0	0	0	0	0	0	0	0	1	1	S
NMDC20551050	0	0	0	0	0	1	0	0	0	0	0	0	0	0	0	0	0	0	0	0	1	1	0	0	0	0	0	0	0	0	S
NMDC20553089	0	0	0	0	0	1	0	1	0	0	0	1	0	0	1	0	1	1	0	0	0	1	0	0	1	0	0	0	1	1	S
NMDC20555050	0	0	0	0	0	0	0	1	0	0	0	1	0	0	0	0	0	0	0	0	0	1	0	0	0	0	0	0	0	1	S
NMDC20557060	0	0	0	0	0	1	0	1	0	0	0	1	0	0	0	0	0	0	0	0	0	0	0	1	0	0	0	0	1	1	S
NMDC20551051	0	0	0	0	0	1	0	1	0	0	0	1	0	0	1	0	1	1	0	0	0	1	0	0	1	0	0	0	1	1	S
NMDC20555051	0	0	0	0	0	0	0	0	0	0	0	0	1	0	0	0	1	0	0	0	1	1	0	0	0	0	1	0	0	1	S
NMDC20557061	0	0	0	0	0	0	0	0	0	0	0	1	0	0	0	0	0	0	0	0	0	0	0	0	0	0	0	0	0	0	S
NMDC20555052	0	0	0	0	0	1	0	1	0	0	0	1	0	0	1	0	1	1	1	0	0	1	0	0	1	0	0	0	1	1	S
NMDC20551052	0	0	0	0	0	0	0	0	0	0	0	1	0	0	0	0	1	1	0	0	0	0	0	0	1	0	0	0	0	1	S
NMDC20551053	0	0	0	0	0	1	0	0	0	0	1	0	0	0	0	0	0	0	0	0	0	0	0	0	0	0	0	0	1	1	S
NMDC20583262	0	0	0	0	0	0	0	0	0	0	0	1	0	0	0	0	1	1	0	0	0	0	0	0	1	0	0	0	0	1	S
NMDC20583263	0	0	0	0	0	1	0	1	0	0	0	1	0	0	0	0	0	0	0	0	0	0	0	1	0	0	0	0	1	1	S
NMDC20555053	0	0	0	0	0	0	0	0	0	0	0	0	1	0	0	0	1	0	0	0	1	1	0	0	0	0	1	0	0	1	S
NMDC20583264	0	0	0	0	0	1	0	1	0	0	0	1	0	0	1	0	1	1	0	0	0	1	0	0	1	0	0	0	1	1	S
NMDC20557064	0	0	0	0	0	1	0	0	0	0	0	0	0	0	1	0	1	1	0	0	0	0	0	0	1	0	0	0	1	1	S
NMDC20555054	0	0	0	0	0	1	0	1	0	0	0	1	0	0	1	0	1	1	0	0	0	1	1	0	1	0	0	0	1	1	S
NMDC20583265	0	0	0	0	0	1	0	1	0	0	0	1	0	0	1	0	1	1	0	0	0	1	0	0	1	0	0	0	1	1	S
NMDC20555055	0	0	0	0	0	1	0	1	0	0	0	1	0	0	1	0	1	1	0	0	0	1	0	0	1	0	0	0	1	1	S
NMDC20555056	0	0	0	0	0	1	0	1	0	0	0	1	0	0	1	0	1	1	0	0	0	1	0	0	1	0	0	0	1	1	S
NMDC20551054	0	0	0	0	0	1	0	1	0	0	0	1	0	0	1	0	1	1	0	0	0	1	1	0	1	0	0	0	1	1	S
NMDC20583266	0	0	0	0	0	1	0	0	0	0	1	0	0	0	0	0	0	0	0	0	0	0	0	0	0	0	0	0	1	1	S
NMDC20583267	0	0	0	0	0	1	0	1	0	0	0	1	0	0	1	0	1	1	0	0	0	1	0	0	1	0	0	0	1	1	S
NMDC20551055	0	0	0	0	0	1	0	1	0	0	0	1	0	0	1	0	1	1	0	0	0	1	0	0	1	0	0	0	1	1	S
NMDC20583268	0	0	0	0	0	0	0	0	0	0	0	0	0	0	0	0	0	0	0	0	1	1	0	0	0	0	1	0	1	1	S
NMDC20557065	0	0	0	0	0	1	0	1	0	0	0	1	0	0	1	0	1	1	0	0	0	1	0	0	1	0	0	0	1	1	S
NMDC20553090	0	0	0	0	0	1	0	1	0	0	0	1	0	0	1	0	1	1	0	0	0	1	0	0	1	0	0	0	1	1	S
NMDC20553091	0	0	0	0	0	1	0	1	0	0	0	1	1	0	1	0	0	0	0	0	1	1	0	0	0	0	0	0	1	1	S
NMDC20553092	0	0	0	0	0	0	0	0	0	0	1	0	0	0	0	0	1	0	0	0	1	1	0	0	0	0	0	0	0	1	S
NMDC20583270	0	0	0	0	0	1	0	1	0	0	0	1	0	0	0	0	0	0	0	0	0	0	0	1	0	0	0	0	1	1	S
NMDC20583271	0	0	0	0	0	1	0	1	0	0	0	1	0	0	1	0	1	1	1	0	0	1	0	0	1	0	0	0	1	1	S
NMDC20583272	0	0	0	0	0	1	0	1	0	0	0	1	0	0	1	0	1	1	0	0	0	1	0	0	1	0	0	0	1	1	S
NMDC20583274	0	0	0	0	0	1	0	1	0	0	0	1	0	0	1	0	1	1	0	0	0	1	0	0	1	0	0	0	1	1	S
NMDC20583275	0	0	0	0	0	1	0	1	0	0	0	1	0	0	1	0	1	1	0	0	0	1	0	0	1	0	0	0	1	1	S
NMDC20583276	0	0	0	0	0	1	0	1	0	0	0	1	0	0	1	0	1	1	0	0	0	1	0	0	1	0	0	0	1	1	S
NMDC20553094	0	0	1	0	1	0	0	0	0	0	0	1	0	0	0	1	0	0	1	0	0	0	0	0	0	0	0	0	0	0	S
NMDC20551059	0	0	0	0	0	0	0	1	0	0	0	1	0	0	0	0	0	0	0	0	0	1	0	0	0	0	0	0	0	1	S
NMDC20557068	0	0	0	0	0	0	0	1	0	0	0	1	0	0	0	0	0	0	0	0	0	1	0	0	0	0	0	0	0	1	S
NMDC20557069	0	0	0	0	0	1	0	1	0	0	0	1	0	0	1	0	1	1	0	0	0	1	0	0	1	0	0	0	1	1	S
NMDC20583281	0	0	0	0	0	1	0	1	0	0	0	1	0	0	1	0	1	1	0	0	0	1	0	0	1	0	0	0	1	1	S
NMDC20583282	0	0	0	0	0	1	0	1	0	0	0	1	0	0	1	0	1	1	0	0	0	1	0	0	1	0	0	0	1	1	S
NMDC20553095	0	0	0	1	0	1	0	1	0	0	0	1	0	0	1	0	1	1	0	0	0	1	0	0	1	0	0	0	1	1	S
NMDC20551060	0	0	0	0	0	1	0	1	0	0	0	1	0	0	1	0	1	1	0	0	0	1	1	0	1	0	0	0	1	1	S
NMDC20583283	0	0	0	0	0	1	0	1	0	0	0	1	0	0	1	0	1	1	0	0	0	1	0	0	1	0	0	0	1	1	S
NMDC20551066	0	0	0	0	0	1	0	0	0	0	1	0	0	0	0	0	0	0	0	0	0	0	0	0	0	0	0	0	1	1	S
NMDC20551063	0	0	0	0	0	0	0	1	0	0	0	1	0	0	1	0	0	0	0	0	0	1	0	0	0	0	0	0	0	1	S
NMDC20555058	0	0	0	0	0	1	0	1	0	0	0	1	0	0	0	0	0	0	0	0	0	0	0	1	0	0	0	0	1	1	S
NMDC20551061	0	0	0	0	0	0	0	1	0	0	0	1	0	0	0	0	0	0	0	0	1	1	0	1	0	0	0	0	0	1	S
NMDC20583284	0	0	0	0	0	1	0	1	0	0	0	1	0	0	0	0	0	0	1	0	1	1	0	0	0	0	0	0	0	0	S
NMDC20551062	0	0	0	0	0	1	0	1	0	0	0	1	0	0	0	0	0	0	0	0	0	0	0	1	0	0	0	0	1	1	S
NMDC20551064	0	0	0	0	0	1	0	1	0	0	0	1	0	0	1	0	1	1	0	0	0	1	0	0	1	0	0	0	1	1	S
NMDC20583285	0	0	0	0	0	1	0	1	0	0	0	1	0	0	1	0	1	1	1	0	0	1	0	0	1	0	0	0	1	1	S
NMDC20583286	0	0	0	0	0	1	0	1	0	0	0	1	0	0	0	0	0	0	0	0	0	0	0	1	0	0	0	0	1	1	S
NMDC20583287	0	0	0	0	0	1	0	1	0	0	0	1	0	0	0	0	0	0	0	0	0	0	0	1	0	0	0	0	1	1	S
NMDC20553098	0	0	0	0	0	1	0	1	0	0	0	1	0	0	0	0	0	0	0	0	0	0	0	1	0	0	0	0	1	1	S
NMDC20583288	0	0	0	0	0	1	0	1	0	0	0	1	0	0	0	0	0	0	1	0	1	1	0	0	0	0	0	0	0	0	S
NMDC20555059	0	0	0	0	0	1	0	1	0	0	0	1	0	0	1	0	1	1	1	0	0	1	0	0	1	0	0	0	1	1	S
NMDC20583289	0	0	0	0	0	1	0	0	0	0	1	0	0	0	0	0	0	0	0	0	0	0	0	0	0	0	0	0	1	1	S
NMDC20583290	0	0	0	0	0	0	0	0	0	0	0	1	0	0	0	0	0	0	0	0	1	1	0	1	0	0	0	0	0	1	S
NMDC20551067	0	0	0	0	0	1	0	1	0	0	0	1	0	0	1	0	1	1	0	0	0	1	0	0	1	0	0	0	1	1	S
NMDC20557072	0	0	0	0	0	1	0	1	0	0	0	1	0	0	1	0	1	1	0	0	0	1	0	0	1	0	0	0	1	1	S
NMDC20555060	0	0	0	0	0	1	0	1	0	0	0	1	0	0	1	0	1	1	1	0	0	1	0	0	1	0	0	0	1	1	S
NMDC20583291	0	0	0	0	0	1	0	0	0	0	1	1	1	0	1	0	0	1	0	0	0	0	0	0	0	0	1	0	1	1	S
NMDC20551068	0	0	0	0	0	1	0	1	0	0	0	1	0	0	1	0	1	1	0	0	0	1	0	0	1	0	0	0	1	1	S
NMDC20583292	0	0	0	0	0	1	0	1	0	0	0	1	0	0	0	0	0	0	0	0	0	0	0	1	0	0	0	0	1	1	S
NMDC20583293	0	0	0	0	0	1	0	1	0	0	0	1	0	0	0	0	0	0	0	0	0	0	0	1	0	0	0	0	1	1	S
NMDC20553099	0	0	0	0	0	1	0	1	0	0	0	1	0	0	0	0	0	0	1	0	0	0	0	1	0	0	0	0	1	1	S
NMDC20557074	0	0	0	0	0	1	0	1	0	0	0	1	0	0	0	0	0	0	0	0	1	1	0	0	0	0	0	0	0	0	S
NMDC20551069	0	0	0	0	0	1	0	0	0	0	1	0	0	0	0	0	0	0	0	0	0	0	0	0	0	0	0	0	1	1	S
NMDC20553101	0	0	0	0	0	1	0	0	0	0	0	1	0	0	0	0	0	0	0	0	1	1	0	0	0	0	0	0	1	0	S
NMDC20583295	0	0	0	0	0	1	0	0	0	0	1	0	0	0	0	0	0	0	0	0	0	0	0	0	0	0	0	0	1	1	S
NMDC20551070	0	0	0	0	0	1	0	1	0	0	0	1	0	0	0	0	0	0	0	0	1	1	0	0	0	0	0	0	0	0	S
NMDC20583297	0	0	0	0	0	1	0	1	0	0	0	1	0	0	1	0	1	1	0	0	0	1	1	0	1	0	0	0	1	1	S
NMDC20551071	0	0	0	0	0	1	0	0	0	0	1	0	0	0	0	0	0	0	0	0	0	0	0	0	0	0	0	0	1	1	S
NMDC20557076	0	0	0	0	0	1	0	1	0	0	0	1	0	0	1	0	1	1	0	0	0	1	0	0	1	0	0	0	1	1	S
NMDC20555063	0	0	0	0	0	1	0	0	0	0	1	0	0	0	0	0	0	0	0	0	0	0	0	0	0	0	0	0	1	1	S
NMDC20583298	0	0	0	0	0	1	0	0	0	0	1	0	0	0	0	0	0	0	1	0	0	0	0	0	0	0	0	0	1	1	S
NMDC20583299	0	0	0	0	0	1	0	0	0	0	1	0	0	0	0	0	0	0	0	0	0	0	0	0	0	0	0	0	1	1	S
NMDC20553103	0	0	0	0	0	1	0	0	0	0	0	0	0	0	0	0	0	0	0	0	1	1	0	0	0	0	0	0	0	0	S
NMDC20551073	0	0	0	0	0	1	0	1	0	0	0	1	0	0	1	0	1	1	0	0	0	1	0	0	1	0	0	0	1	1	S
NMDC20583300	0	0	0	0	0	1	0	0	0	0	1	0	0	0	0	0	0	0	0	0	0	0	0	0	0	0	0	0	1	1	S
NMDC20555064	0	0	0	0	0	1	0	0	0	0	1	0	0	0	0	0	0	0	0	0	0	0	0	0	0	0	0	0	1	1	S
NMDC20557077	0	0	0	0	0	1	0	1	0	0	0	1	0	0	0	0	0	0	1	0	1	1	0	0	0	0	0	0	0	0	S
NMDC20583302	0	0	0	0	0	0	0	0	0	0	0	1	0	0	0	0	1	0	0	0	1	1	0	0	1	0	0	0	1	0	S
NMDC20557078	0	0	0	0	0	1	0	0	0	0	1	0	0	0	0	0	0	0	0	0	0	0	0	0	0	0	0	0	1	1	S
NMDC20583304	0	0	0	0	0	1	0	1	0	0	0	1	0	0	1	0	1	1	0	0	0	1	0	0	1	0	0	0	1	1	S
NMDC20557079	0	0	0	0	0	1	0	1	0	0	0	1	0	0	1	0	1	1	0	0	0	1	0	0	1	0	0	0	1	1	S
NMDC20557080	0	0	0	0	0	1	0	0	0	0	1	0	0	0	0	0	0	0	0	0	0	0	0	0	0	0	0	0	1	1	S
NMDC20557083	0	0	0	0	0	1	0	0	0	0	0	1	0	0	0	0	0	0	0	0	1	1	0	0	0	0	0	0	1	0	S
NMDC20583305	0	0	0	0	0	1	0	1	0	0	0	1	0	0	1	0	1	1	0	0	0	1	1	0	1	0	0	0	1	1	S
NMDC20583307	1	0	0	0	0	1	0	1	0	0	0	1	0	0	1	0	1	1	0	0	0	1	0	0	1	0	0	0	1	1	S
NMDC20557082	0	0	0	0	0	1	0	1	0	0	0	1	0	0	1	0	1	1	0	0	0	1	1	0	1	0	0	0	1	1	S
NMDC20583308	0	0	0	0	0	1	0	0	0	0	1	0	0	0	0	0	0	0	0	0	0	0	0	0	0	0	0	0	1	1	S
NMDC20553107	0	0	0	0	0	1	0	1	0	0	0	1	0	0	1	0	1	1	0	0	0	1	0	0	1	0	0	0	1	1	S
NMDC20583309	0	0	0	0	0	0	0	1	0	0	0	1	0	0	0	0	1	0	0	0	1	0	0	0	0	0	1	0	0	1	S
NMDC20555070	0	0	0	0	0	1	0	1	0	0	0	1	0	0	1	0	1	1	1	0	0	1	0	0	1	0	0	0	1	1	S
NMDC20555071	0	0	0	0	0	1	0	1	0	0	0	1	0	0	1	0	1	1	0	0	0	1	0	0	1	0	0	0	1	1	S
NMDC20557085	0	0	0	0	0	1	0	1	0	0	0	1	0	0	1	0	1	1	1	0	0	1	0	0	1	0	0	0	1	1	S
NMDC20583312	0	0	0	0	0	0	0	0	0	0	0	1	0	0	0	0	1	1	1	0	0	0	0	0	1	0	0	0	0	1	S
NMDC20557087	0	0	0	0	0	1	0	1	0	0	0	1	0	0	1	0	1	1	0	0	0	1	0	0	1	0	0	0	1	1	S
NMDC20583313	0	0	0	0	0	1	0	1	0	0	0	1	0	0	1	0	1	1	1	0	0	1	0	0	1	0	0	0	1	1	S
NMDC20553116	0	0	0	0	0	1	0	0	0	0	0	0	0	0	0	0	0	0	0	0	1	1	0	0	0	0	0	0	0	0	S
NMDC20583355	0	0	0	0	0	0	0	1	0	0	0	1	1	0	1	0	0	0	0	0	1	1	0	0	0	0	0	0	0	1	S
NMDC20583357	0	0	0	0	0	1	0	1	0	0	0	1	0	0	1	0	1	1	0	0	0	1	0	0	1	0	0	0	1	1	S
NMDC20551080	0	0	0	0	0	1	0	0	0	0	1	0	0	0	0	0	0	0	0	0	0	0	0	0	0	0	0	0	1	1	S
NMDC20551082	0	0	1	0	0	1	0	0	0	0	0	0	0	0	1	1	0	1	1	0	1	1	0	0	0	0	0	0	0	1	S
NMDC20583360	0	0	0	0	0	1	0	1	0	0	0	1	0	0	1	0	1	1	0	0	0	1	0	0	1	0	0	0	1	1	S
NMDC20557095	0	0	0	0	0	0	0	0	0	0	0	1	0	0	0	0	0	0	0	0	1	1	0	1	0	0	0	0	0	1	S
NMDC20551083	0	0	0	0	0	1	0	1	0	0	0	1	0	0	0	0	0	0	0	0	0	0	0	1	0	0	0	0	1	1	S
NMDC20551084	0	0	0	0	0	0	0	0	0	0	0	1	0	0	0	0	1	0	0	0	1	1	0	0	1	0	0	0	1	0	S
NMDC20555079	0	0	0	0	0	1	0	1	0	0	0	1	0	0	0	0	0	0	0	0	1	1	0	0	0	0	0	0	0	0	S
NMDC20583367	0	0	0	0	0	1	0	1	0	0	0	1	0	0	1	0	0	0	0	0	1	1	0	0	1	0	0	0	0	1	S
NMDC20583368	0	0	1	0	1	0	0	0	0	0	0	1	0	0	0	1	0	0	1	0	0	0	0	0	0	0	0	0	0	0	S
NMDC20553118	0	0	0	0	0	1	0	0	0	0	1	0	0	0	0	0	0	0	0	0	0	0	0	0	0	0	0	0	1	1	S
NMDC20557097	0	0	0	0	0	0	0	0	0	0	0	1	0	0	0	0	1	0	0	0	1	1	0	0	1	0	0	0	1	0	S
NMDC20553120	0	0	0	0	0	1	0	0	0	0	1	0	0	0	0	0	0	0	0	0	0	0	0	0	0	0	0	0	1	1	S
NMDC20583371	0	0	0	0	0	1	0	0	0	0	1	0	0	0	0	0	0	0	0	0	0	0	0	0	0	0	0	0	1	1	S
NMDC20583372	0	0	0	0	0	1	0	0	0	0	1	0	0	0	0	0	0	0	0	0	0	0	0	0	0	0	0	0	1	1	S
NMDC20583373	0	0	0	0	0	1	0	0	0	0	1	0	0	0	0	0	0	0	0	0	0	0	0	0	0	0	0	0	1	1	S
NMDC20583374	0	0	0	0	0	0	0	0	0	0	0	1	0	0	0	0	0	0	0	0	1	1	0	1	0	0	0	0	0	1	S
NMDC20557098	0	0	0	0	0	1	0	0	0	0	1	0	0	0	0	0	0	0	0	0	0	0	0	0	0	0	0	0	1	1	S
NMDC20557099	0	0	0	0	0	0	0	0	0	0	0	1	0	0	0	0	0	0	0	0	1	1	0	1	0	0	0	0	0	1	S
NMDC20555082	0	0	0	0	0	0	0	1	0	0	0	1	0	0	0	0	0	0	1	0	0	1	0	0	0	0	0	0	0	1	S
NMDC20583376	0	0	0	0	0	1	0	0	0	0	0	0	0	0	0	0	0	0	0	0	1	1	0	0	0	0	0	0	0	0	S
NMDC20555083	0	0	0	0	0	0	0	0	0	0	0	0	0	0	0	0	1	1	0	1	0	0	0	1	0	0	0	0	0	0	S
NMDC20557100	0	0	0	0	0	1	0	1	0	0	0	1	0	0	1	0	1	1	0	0	0	1	0	0	1	0	0	0	1	1	S
NMDC20557101	0	0	0	0	0	1	0	1	0	0	1	1	0	0	1	0	0	0	0	0	1	1	0	0	0	0	0	0	0	1	S
NMDC20555084	0	0	0	0	0	1	0	1	0	0	0	1	0	0	1	0	1	1	0	0	0	1	1	0	1	0	0	0	1	1	S
NMDC20551087	0	0	0	0	0	0	0	0	0	0	0	0	0	0	1	0	1	0	0	0	1	1	0	0	0	0	0	1	0	1	S
NMDC20583380	0	0	0	0	0	1	0	0	0	0	1	0	0	0	0	0	0	0	0	0	0	0	0	0	0	0	0	0	1	1	S
NMDC20551088	0	0	0	0	0	1	0	1	0	0	0	1	0	0	1	0	1	1	0	0	0	1	0	0	1	0	0	0	1	1	S
NMDC20557104	0	0	0	0	0	0	0	0	0	0	0	1	0	0	0	0	0	0	0	0	0	0	0	0	0	0	0	0	0	0	S
NMDC20555087	0	0	0	0	0	1	0	1	0	0	0	1	0	0	1	0	1	1	0	0	0	1	0	0	1	0	0	0	1	1	S
NMDC20553123	0	0	0	0	0	1	0	1	0	0	0	1	0	0	1	0	1	1	0	0	0	1	0	0	1	0	0	0	1	1	S
NMDC20583383	0	0	0	0	0	1	0	1	0	0	0	1	0	0	1	0	1	1	0	0	0	1	0	0	1	0	0	0	1	1	S
NMDC20557102	0	0	0	0	0	1	0	1	0	0	0	1	0	0	1	0	1	1	0	0	0	1	0	0	1	0	0	0	1	1	S
NMDC20583384	0	0	0	0	0	1	0	1	0	0	0	1	0	0	1	0	1	1	0	0	0	1	0	0	1	0	0	0	1	1	S
NMDC20583385	0	0	0	0	0	1	0	1	0	0	0	1	0	0	1	0	1	1	1	0	0	1	0	0	1	0	0	0	1	1	S
NMDC20551092	0	0	0	0	0	1	0	0	0	0	0	0	0	0	0	0	0	0	0	0	1	1	0	0	0	0	0	0	0	0	S
NMDC20553126	0	0	0	0	0	1	0	1	0	0	0	1	0	0	1	0	1	1	0	0	0	1	0	0	1	0	0	0	1	1	S
NMDC20553129	0	0	0	0	0	1	0	1	0	0	0	1	0	0	1	0	1	1	0	0	0	1	0	0	1	0	0	0	1	1	S
NMDC20553127	0	0	0	0	0	0	0	0	0	0	0	0	0	0	0	0	1	1	0	1	0	0	0	1	0	0	0	0	0	0	S
NMDC20555091	0	0	0	0	0	0	0	0	0	0	0	1	0	0	0	0	0	0	1	0	0	0	0	0	0	0	0	0	0	0	S
NMDC20557106	0	0	0	0	0	1	0	0	0	0	0	0	0	0	0	0	0	0	0	0	0	0	0	0	1	0	1	0	1	0	S
NMDC20583388	0	0	0	0	0	1	0	0	0	0	0	0	0	0	1	0	0	1	1	0	1	1	0	0	0	0	0	0	0	1	S
NMDC20553128	0	0	0	0	0	1	0	1	0	0	0	1	0	0	1	0	1	1	0	0	0	1	0	0	1	0	0	0	1	1	S
NMDC20583389	0	0	0	0	0	1	0	1	0	0	0	1	0	0	1	0	1	1	0	0	0	1	0	0	1	0	0	0	1	1	S
NMDC20583391	0	0	0	0	0	1	0	1	0	0	0	1	0	0	1	0	1	1	0	0	0	1	0	0	1	0	0	0	1	1	S
NMDC20583392	0	0	0	0	0	1	0	1	0	0	0	1	0	0	1	0	1	1	0	0	0	1	0	0	1	0	0	0	1	1	S
NMDC20551093	0	0	0	0	0	1	0	1	0	0	0	1	0	0	1	0	1	1	0	0	0	1	0	0	1	0	0	0	1	1	S
NMDC20555093	0	0	0	0	0	1	0	1	0	0	0	1	0	0	0	0	0	0	0	0	0	0	0	1	0	0	0	0	1	1	S
NMDC20551094	0	0	0	0	0	0	0	0	0	0	1	0	0	0	0	0	1	0	0	0	1	1	0	0	0	0	0	0	0	1	S
NMDC20583397	0	0	0	0	0	1	0	1	0	0	0	1	0	0	1	0	1	1	0	0	0	1	0	0	1	0	0	0	1	1	S
NMDC20551095	0	0	0	0	0	1	0	1	0	0	0	1	0	0	0	0	0	0	0	0	0	0	0	1	0	0	0	0	1	1	S
NMDC20555094	0	0	0	0	0	1	0	1	0	0	0	1	0	0	1	0	1	1	0	0	0	1	0	0	1	0	0	0	1	1	S
NMDC20583398	0	0	0	0	0	1	0	1	0	0	0	1	0	0	0	0	0	0	0	0	0	0	0	1	0	0	0	0	1	1	S
NMDC20555095	0	0	0	0	0	1	0	0	0	0	1	0	0	0	0	0	0	0	0	0	0	0	0	0	0	0	0	0	1	1	S
NMDC20551097	0	0	0	0	0	1	0	0	0	0	1	0	0	0	0	0	0	0	0	0	0	0	0	0	0	0	0	0	1	1	S
NMDC20553133	0	0	0	0	0	1	0	0	0	0	1	0	0	0	0	0	0	0	0	0	0	0	0	0	0	0	0	0	1	1	S
NMDC20551098	0	0	0	0	0	1	0	0	0	0	1	0	0	0	0	0	0	0	0	0	0	0	0	0	0	0	0	0	1	1	S
NMDC20555098	0	0	0	0	0	1	0	1	0	0	0	1	0	0	1	0	1	1	1	0	0	1	0	0	1	0	0	0	1	1	S
NMDC20583400	0	0	0	0	0	1	0	0	0	0	1	0	0	0	0	0	0	0	0	0	0	0	0	0	0	0	0	0	1	1	S
NMDC20583401	0	0	0	0	0	0	0	0	0	0	0	1	0	0	0	0	1	0	0	0	1	1	0	0	1	0	0	0	1	0	S
NMDC20583403	0	0	0	0	0	1	0	0	0	0	1	0	0	0	0	0	0	0	0	0	0	0	0	0	0	0	0	0	1	1	S
NMDC20583405	0	0	1	0	1	0	0	0	0	0	0	1	0	0	0	1	0	0	1	0	0	0	0	0	0	0	0	0	0	0	S
NMDC20583406	0	0	0	0	0	1	0	0	0	0	0	1	0	0	0	0	0	0	0	0	1	1	0	0	0	0	0	0	1	0	S
NMDC20583407	0	0	0	0	0	0	0	0	0	0	0	1	0	0	0	0	1	0	1	0	1	1	0	0	1	0	0	0	1	0	S
NMDC20583408	0	0	0	0	0	1	0	1	0	0	0	1	0	0	1	0	1	1	0	0	0	1	0	0	1	0	0	0	1	1	S
NMDC20583409	0	0	0	0	0	0	0	0	0	0	0	1	0	0	0	0	0	0	0	0	1	1	0	1	0	0	0	0	0	1	S
NMDC20553134	0	0	0	0	0	1	0	0	0	0	0	0	0	0	0	0	0	0	0	0	1	1	0	0	0	0	0	0	0	0	S
NMDC20555100	0	0	0	0	0	1	0	1	0	0	0	1	0	0	1	0	1	1	0	0	0	1	0	0	1	0	0	0	1	1	S
NMDC20555102	0	0	0	0	0	1	0	1	0	0	0	1	1	0	1	0	0	0	0	0	1	1	0	0	0	0	0	0	1	1	S
NMDC20555103	0	0	0	0	0	0	0	0	0	0	0	1	0	0	0	0	1	0	0	0	1	1	0	0	1	0	0	0	1	0	S
NMDC20553136	0	0	0	0	0	1	0	0	0	0	0	0	0	0	0	0	0	0	0	0	1	1	0	0	0	0	0	0	0	0	S
NMDC20555104	0	0	0	0	0	1	0	1	0	0	0	1	0	0	0	0	0	0	0	0	1	1	0	0	0	0	0	0	0	0	S
NMDC20583410	0	0	0	0	0	1	0	0	0	0	0	1	0	0	0	0	0	0	0	0	1	1	0	0	0	0	1	0	1	0	S
NMDC20555105	0	0	0	0	0	1	0	1	0	0	0	1	0	0	1	0	1	1	0	0	0	1	0	0	1	0	0	0	1	1	S
NMDC20551101	0	0	0	0	0	1	0	1	0	0	0	1	0	0	0	0	0	0	0	0	1	1	0	0	0	0	0	0	0	0	S
NMDC20583411	0	0	0	0	0	0	0	0	0	0	0	1	0	0	0	0	0	0	0	0	0	0	0	0	0	0	0	0	0	0	S
NMDC20557113	0	0	0	0	0	1	0	1	0	0	0	1	0	0	1	0	1	1	0	0	0	1	0	0	1	0	0	0	1	1	S
NMDC20583412	0	0	0	0	0	0	0	0	0	0	0	0	0	0	0	0	1	0	0	0	0	1	0	0	0	0	0	0	1	0	S
NMDC20551102	0	0	0	0	0	1	0	0	0	0	0	0	0	0	1	0	0	1	1	0	1	1	0	0	0	0	0	0	0	1	S
NMDC20555106	0	0	0	0	0	0	0	1	0	0	0	1	0	0	0	0	0	0	0	0	0	0	0	0	0	0	1	0	0	1	S
NMDC20551103	0	0	0	0	0	1	0	1	0	0	0	1	0	0	1	0	1	1	0	0	0	1	0	0	1	0	0	0	1	1	S
NMDC20583413	0	0	0	0	0	0	0	0	0	0	0	1	0	0	0	0	1	0	0	0	1	1	0	0	1	0	0	0	1	0	S
NMDC20583414	0	0	0	0	0	1	0	1	0	0	0	1	0	0	0	0	0	0	0	0	1	1	0	0	0	0	0	0	0	0	S
NMDC20583415	0	0	0	0	0	1	0	1	0	0	0	1	0	0	0	0	0	0	0	0	1	1	0	0	0	0	0	0	0	0	S
NMDC20583417	0	0	0	0	0	0	0	0	0	0	0	1	0	0	0	0	1	0	0	0	1	1	0	0	1	0	0	0	1	0	S
NMDC20583418	0	0	0	0	0	1	0	1	0	0	0	1	0	0	0	0	0	0	0	0	0	0	0	1	0	0	0	0	1	1	S
NMDC20583419	0	0	0	0	0	0	0	0	0	0	0	1	0	0	0	0	0	0	0	0	0	0	0	0	0	0	0	0	0	0	S
NMDC20583420	0	0	0	0	0	1	0	0	0	0	1	0	0	0	0	0	0	0	0	0	0	0	0	0	0	0	0	0	1	1	S
NMDC20551104	0	0	0	0	0	1	0	0	0	0	1	0	0	0	0	0	0	0	0	0	0	0	0	0	0	0	0	0	1	1	S
NMDC20583421	0	0	0	0	0	0	0	0	0	0	0	0	0	0	1	0	0	0	0	0	0	1	0	0	0	0	0	1	0	0	S
NMDC20583422	0	0	0	0	0	0	0	0	0	0	0	0	0	0	1	0	0	0	0	0	0	1	0	0	0	0	0	1	0	0	S
NMDC20583423	0	0	0	0	0	0	0	0	0	0	0	0	0	0	1	0	0	0	0	0	0	1	0	0	0	0	0	1	0	0	S
NMDC20583424	0	0	0	0	0	0	0	0	0	0	0	0	0	0	1	0	0	0	0	0	0	1	0	0	0	0	0	1	0	0	S
NMDC20583429	0	0	0	0	0	1	0	0	0	0	1	0	0	0	0	0	0	0	0	0	0	0	0	0	0	0	0	0	1	1	S
NMDC20557115	0	0	0	0	0	1	0	0	0	0	1	0	0	0	0	0	0	0	0	0	0	0	0	0	0	0	0	0	1	1	S
NMDC20555110	0	0	0	0	0	1	0	0	0	0	1	0	0	0	0	0	0	0	0	0	0	0	0	0	0	0	0	0	1	1	S
NMDC20551105	0	0	0	0	0	1	0	0	0	0	1	0	0	0	0	0	0	0	0	0	0	0	0	0	0	0	0	0	1	1	S
NMDC20551106	0	0	0	0	0	1	0	0	0	0	1	0	0	0	0	0	0	0	0	0	0	0	0	0	0	0	0	0	1	1	S
NMDC20583433	0	0	0	0	0	1	0	0	0	0	1	0	0	0	0	0	0	0	0	0	0	0	0	0	0	0	0	0	1	1	S
NMDC20553139	0	0	0	0	0	0	0	0	0	0	0	0	0	0	0	0	1	1	0	1	0	0	0	1	0	0	0	0	0	0	S
NMDC20583434	0	0	0	0	0	1	0	1	0	0	0	1	0	0	1	0	1	1	0	0	0	1	0	0	1	0	0	0	1	1	S
NMDC20583436	0	0	0	0	0	0	0	0	0	0	0	0	0	0	1	0	0	0	0	0	0	1	0	0	0	0	0	1	0	0	S
NMDC20583437	0	0	0	0	0	0	0	0	0	0	0	0	0	0	1	0	0	0	0	0	0	1	0	0	0	0	0	1	0	0	S
NMDC20557116	0	0	0	0	0	1	0	0	0	0	1	1	1	0	1	0	0	1	0	0	0	0	0	0	0	0	1	0	1	1	S
NMDC20583438	0	0	0	0	0	0	0	0	0	0	1	0	0	0	0	0	1	0	0	0	1	1	0	0	0	0	0	0	0	1	S
NMDC20583439	0	0	0	0	0	1	0	1	0	0	0	1	0	0	0	0	0	0	0	0	0	0	0	1	0	0	0	0	1	1	S
NMDC20583440	0	0	0	0	0	1	0	0	0	0	1	0	0	0	0	0	0	0	0	0	0	0	0	0	0	0	0	0	1	1	S
NMDC20557117	0	0	0	0	0	1	0	0	0	0	0	0	0	0	0	0	0	0	0	0	1	1	0	0	0	0	0	0	0	0	S
NMDC20583441	0	0	0	0	0	1	0	1	0	0	0	1	0	0	1	0	1	1	0	0	0	1	0	0	1	0	0	0	1	1	S
NMDC20583442	0	0	0	0	0	1	0	1	0	0	0	1	0	0	0	0	0	0	0	0	1	1	0	0	0	0	0	0	0	0	S
NMDC20553143	0	0	0	0	0	1	0	1	0	0	0	1	0	0	1	0	1	1	0	0	0	1	0	0	1	0	0	0	1	1	S
NMDC20557119	0	0	0	0	0	1	0	0	0	0	1	0	0	0	0	0	0	0	0	0	0	0	0	0	0	0	0	0	1	1	S
NMDC20583444	0	0	0	0	0	1	0	0	0	0	0	0	0	0	0	0	0	0	0	0	1	1	0	0	0	0	0	0	0	0	S
NMDC20555111	0	0	0	0	0	1	0	1	0	0	0	1	0	0	1	0	1	1	0	0	0	1	0	0	1	0	0	0	1	1	S
NMDC20557120	0	0	0	0	0	1	0	0	0	0	1	0	0	0	0	0	0	0	0	0	0	0	0	0	0	0	0	0	1	1	S
NMDC20551107	0	0	0	0	0	1	0	0	0	0	1	0	0	0	0	0	0	0	0	0	0	0	0	0	0	0	0	0	1	1	S
NMDC20557122	0	0	0	0	0	1	0	0	0	0	1	0	0	0	0	0	0	0	0	0	0	0	0	0	0	0	0	0	1	1	S
NMDC20551108	0	0	0	0	0	1	0	1	0	0	0	1	0	0	1	0	1	1	0	0	0	1	0	0	1	0	0	0	1	1	S
NMDC20551109	0	0	0	0	0	0	0	0	0	0	0	1	0	0	0	0	0	0	0	0	1	1	0	0	0	0	1	0	1	1	S
NMDC20553144	0	0	0	0	0	0	0	1	0	0	0	1	0	0	0	0	0	0	0	0	0	0	0	0	0	0	1	0	0	1	S
NMDC20553145	0	0	0	0	0	1	0	0	0	0	1	0	0	0	0	0	0	0	0	0	0	0	0	0	0	0	0	0	1	1	S
NMDC20551110	0	0	0	0	0	1	0	0	0	0	1	0	0	0	0	0	0	0	0	0	0	0	0	0	0	0	0	0	1	1	S
NMDC20557123	0	0	0	0	0	0	0	0	0	0	1	0	0	0	0	0	1	0	0	0	1	1	0	0	0	0	0	0	0	1	S
NMDC20583447	0	0	0	0	0	0	0	0	0	0	0	1	0	0	0	0	1	1	0	0	0	0	0	0	1	0	0	0	0	1	S
NMDC20551111	0	0	0	0	0	1	0	1	0	0	0	1	0	0	0	0	0	0	0	0	0	0	0	1	0	0	0	0	1	1	S
NMDC20551112	0	0	0	0	0	1	0	1	0	0	0	1	0	0	1	0	1	1	0	0	0	1	0	0	1	0	0	0	1	1	S
NMDC20551125	0	0	0	0	0	1	0	1	0	0	0	1	0	0	1	0	1	1	0	0	0	1	0	0	1	0	0	0	1	1	S
NMDC20557124	0	0	0	0	0	1	0	0	0	0	1	0	0	0	0	0	0	0	0	0	0	0	0	0	0	0	0	0	1	1	S
NMDC20557125	0	0	0	0	0	1	0	0	0	0	1	0	0	0	0	0	0	0	0	0	0	0	0	0	0	0	0	0	1	1	S
NMDC20557126	0	0	0	0	0	1	0	1	0	0	0	1	0	0	1	0	1	1	0	0	0	1	0	0	1	0	0	0	0	1	S
NMDC20557127	0	0	1	0	1	0	0	0	0	0	0	1	0	0	0	1	0	0	1	0	0	0	0	0	0	0	0	0	0	0	S
NMDC20555115	0	0	0	0	0	1	0	1	0	0	0	1	0	0	1	0	1	1	0	0	0	1	0	0	1	0	0	0	1	1	S
NMDC20553147	0	0	0	0	0	1	0	1	0	0	0	1	0	0	0	0	0	0	0	0	1	1	0	0	0	0	0	0	0	0	S
NMDC20583448	0	0	0	0	0	1	0	1	0	0	0	1	0	0	1	0	1	1	0	0	0	1	0	0	1	0	0	0	1	1	S
NMDC20557129	0	0	0	0	0	1	0	0	0	0	1	0	0	0	0	0	0	0	0	0	0	0	0	0	0	0	0	0	1	1	S
NMDC20583449	0	0	0	0	0	1	0	0	0	0	0	0	0	0	1	0	0	1	1	0	1	1	0	0	0	0	0	0	0	1	S
NMDC20551113	0	0	0	0	0	1	0	1	0	0	0	1	0	0	1	0	1	1	0	0	0	1	0	0	1	0	0	0	1	1	S
NMDC20583450	0	0	0	0	0	0	0	0	0	0	0	1	0	0	0	0	0	0	0	0	1	1	0	1	0	0	0	0	0	1	S
NMDC20557128	0	0	0	0	0	1	0	1	0	0	0	1	0	0	0	0	0	0	0	0	1	1	0	0	0	0	0	0	0	0	S
NMDC20551114	0	0	0	0	0	0	0	0	0	0	0	1	0	0	0	0	1	1	0	0	0	0	0	0	1	0	0	0	0	1	S
NMDC20557130	0	0	0	0	0	1	0	1	0	0	0	1	0	0	1	0	1	1	0	0	0	1	0	0	1	0	0	0	1	1	S
NMDC20555117	0	0	0	0	0	0	0	0	0	0	0	1	0	0	0	0	1	0	0	0	1	1	0	0	1	0	0	0	1	0	S
NMDC20551115	0	0	0	0	0	1	0	0	0	0	1	0	0	0	0	0	0	0	0	0	0	0	0	0	0	0	0	0	1	1	S
NMDC20553150	0	0	0	0	0	1	0	1	0	0	0	1	0	0	0	0	0	0	0	0	0	0	0	1	0	0	0	0	1	1	S
NMDC20583451	0	0	0	0	0	1	0	0	0	0	1	0	0	0	0	0	0	0	0	0	0	0	0	0	0	0	0	0	1	1	S
NMDC20583452	0	0	0	0	0	1	0	0	0	0	0	0	0	0	1	0	1	1	0	0	0	0	0	0	1	0	0	0	1	1	S
NMDC20555119	0	0	0	0	0	1	0	1	0	0	0	1	0	0	1	0	1	1	0	0	0	1	0	0	1	0	0	0	1	1	S
NMDC20583453	0	0	0	0	0	1	0	1	0	0	0	1	0	0	1	0	1	1	0	0	0	1	0	0	1	0	0	0	1	1	S
NMDC20583454	0	0	0	0	0	1	0	1	0	0	0	1	0	0	1	0	1	1	0	0	0	1	1	0	1	0	0	0	1	1	S
NMDC20583455	0	0	0	0	0	1	0	1	0	0	0	1	0	0	1	0	1	1	0	0	0	1	0	0	1	0	0	0	1	1	S
NMDC20583456	0	0	0	0	0	0	0	0	0	0	0	1	0	0	0	0	0	0	0	0	1	1	0	1	0	0	0	0	0	1	S
NMDC20583457	0	0	0	0	0	1	0	1	0	0	0	1	0	0	1	0	1	1	0	0	0	1	0	0	1	0	0	0	1	1	S
NMDC20555120	0	0	0	0	0	1	0	1	0	0	0	1	0	0	1	0	1	1	0	0	0	1	0	0	1	0	0	0	1	1	S
NMDC20553152	0	0	0	0	0	1	0	1	0	0	0	1	0	0	0	0	1	0	0	0	0	1	0	1	1	0	0	0	1	0	S
NMDC20583459	0	0	0	0	0	1	0	1	0	0	0	1	0	0	0	0	1	0	0	0	0	1	0	1	1	0	0	0	1	0	S
NMDC20583460	0	0	0	0	0	1	0	1	0	0	0	1	0	0	1	0	1	1	0	0	0	1	0	0	1	0	0	0	1	1	S
NMDC20551118	0	0	0	0	0	1	0	1	0	0	0	1	0	0	1	0	1	1	0	0	0	1	0	0	1	0	0	0	1	1	S
NMDC20551119	0	0	0	0	0	1	0	1	0	0	0	1	0	0	1	0	1	1	0	0	0	1	0	0	1	0	0	0	1	1	S
NMDC20583461	0	0	0	0	0	1	0	1	0	0	0	1	0	0	1	0	1	1	0	0	0	1	0	0	1	0	0	0	1	1	S
NMDC20583462	0	0	0	0	0	1	0	1	0	0	0	1	0	0	1	0	1	1	0	0	0	1	0	0	1	0	0	0	1	1	S
NMDC20583463	0	0	0	0	0	1	0	1	0	0	0	1	0	0	0	0	0	0	1	0	1	1	0	0	0	0	0	0	0	0	S
NMDC20551120	0	0	0	0	0	0	0	0	0	0	0	1	0	0	0	0	1	0	0	0	1	1	0	0	1	0	0	0	1	0	S
NMDC20551121	0	0	0	0	0	1	0	0	0	0	1	0	0	0	0	0	0	0	0	0	0	0	0	0	0	0	0	0	1	1	S
NMDC20555124	0	0	0	0	0	1	0	1	0	0	0	1	0	0	1	0	1	1	0	0	0	1	0	0	1	0	0	0	1	1	S
NMDC20583464	0	0	0	0	0	1	0	1	0	0	0	1	0	0	1	0	1	1	0	0	0	1	0	0	1	0	0	0	1	1	S
NMDC20551122	0	0	0	0	0	1	0	1	0	0	0	1	0	0	1	0	1	1	0	0	0	1	0	0	1	0	0	0	1	1	S
NMDC20555123	0	0	0	0	0	0	0	0	0	0	0	1	0	0	0	0	0	0	0	0	1	1	0	1	0	0	0	0	0	1	S
NMDC20583465	0	0	0	0	0	1	0	0	0	0	1	0	0	0	0	0	0	0	0	0	0	0	0	0	0	0	0	0	1	1	S
NMDC20557132	0	0	0	0	0	1	0	1	0	0	0	1	0	0	1	0	1	1	0	0	0	1	0	0	1	0	0	0	1	1	S
NMDC20557133	0	0	0	0	0	1	0	1	0	0	0	1	0	0	1	0	1	1	0	0	0	1	0	0	1	0	0	0	1	1	S
NMDC20553153	0	0	0	0	0	1	0	0	0	0	0	0	0	0	0	0	0	0	0	0	1	1	0	0	0	0	0	0	0	0	S
NMDC20553154	0	0	0	0	0	1	0	1	0	0	0	1	0	0	1	0	1	1	0	0	0	1	0	0	1	0	0	0	1	1	S
NMDC20553155	0	0	0	0	0	1	0	1	0	0	0	1	0	0	0	0	0	0	0	0	1	1	0	0	0	0	0	0	0	0	S
NMDC20583468	0	0	0	0	0	1	0	1	0	0	0	1	0	0	1	0	1	1	0	0	0	1	0	0	1	0	0	0	1	1	S
NMDC20583469	0	0	0	0	0	1	0	1	0	0	0	1	0	0	1	0	1	1	0	0	0	1	0	0	1	0	0	0	1	1	S
NMDC20553157	0	0	0	0	0	0	0	1	0	0	0	1	0	0	0	0	0	0	0	0	0	1	0	0	0	0	0	0	0	1	S
NMDC20583470	0	0	0	0	0	1	0	0	0	0	1	0	0	0	0	0	0	0	0	0	0	0	0	0	0	0	0	0	1	1	S
NMDC20555141	0	0	0	0	0	1	0	1	0	0	0	1	0	0	1	0	1	1	0	0	0	1	0	0	1	0	0	0	1	1	S
NMDC20583472	0	0	0	0	0	1	0	0	0	0	1	0	0	0	0	0	0	0	0	0	0	0	0	0	0	0	0	0	1	1	S
NMDC20551126	0	0	0	0	0	1	0	1	0	0	0	1	0	0	1	0	1	1	0	0	0	1	0	0	1	0	0	0	1	1	S
NMDC20557134	0	0	0	0	0	1	0	1	0	0	0	1	0	0	1	0	1	1	0	0	0	1	0	0	1	0	0	0	1	1	S
NMDC20557135	0	0	0	0	0	1	0	1	0	0	0	1	0	0	1	0	1	1	0	0	0	1	0	0	1	0	0	0	1	1	S
NMDC20583473	0	0	0	0	0	1	0	1	0	0	0	1	0	0	1	0	1	1	1	0	0	1	0	0	1	0	0	0	1	1	S
NMDC20583474	0	0	0	0	0	1	0	1	0	0	0	1	0	0	1	0	1	1	0	0	0	1	0	0	1	0	0	0	1	1	S
NMDC20557136	0	0	0	0	0	1	0	1	0	0	0	1	0	0	0	0	0	0	0	0	1	1	0	0	0	0	0	0	0	0	S
NMDC20555126	0	0	0	0	0	1	0	0	0	0	1	0	0	0	0	0	0	0	0	0	0	0	0	0	0	0	0	0	1	1	S
NMDC20553158	0	0	0	0	0	1	0	0	0	0	1	0	0	0	0	0	0	0	0	0	0	0	0	0	0	0	0	0	1	1	S
NMDC20557137	0	0	0	0	0	1	0	1	0	0	0	1	0	0	1	0	1	1	0	0	0	1	0	0	1	0	0	0	1	1	S
NMDC20553159	0	0	0	0	0	1	0	0	0	0	1	0	0	0	0	0	0	0	0	0	0	0	0	0	0	0	0	0	1	1	S
NMDC20583475	0	0	0	0	0	1	0	1	0	0	0	1	0	0	0	0	0	0	0	0	0	0	0	1	0	0	0	0	1	1	S
NMDC20551127	0	0	0	0	0	0	0	0	0	0	0	1	0	0	0	0	1	0	0	1	1	1	0	1	0	0	0	0	1	0	S
NMDC20583477	0	0	0	0	0	0	0	1	0	0	0	1	1	0	1	0	0	0	0	0	1	1	1	0	0	0	0	0	0	1	S
NMDC20583478	0	0	1	0	1	0	0	0	0	0	0	1	0	0	0	1	0	0	1	0	0	0	0	0	0	0	0	0	0	0	S
NMDC20583479	0	0	0	0	0	0	0	0	0	0	0	1	0	0	0	0	1	0	0	1	1	1	0	1	0	0	0	0	1	0	S
NMDC20551129	0	0	0	0	0	0	0	0	0	0	0	1	0	0	0	0	1	0	0	1	1	1	0	1	0	0	0	0	1	0	S
NMDC20583480	0	0	0	0	0	1	0	0	0	0	1	0	0	0	0	0	0	0	0	0	0	0	0	0	0	0	0	0	1	1	S
NMDC20583481	0	0	0	0	0	1	0	0	0	0	1	0	0	0	0	0	0	0	0	0	0	0	0	0	0	0	0	0	1	1	S
NMDC20551131	0	0	0	0	0	1	0	0	0	0	1	0	0	0	0	0	0	0	0	0	0	0	0	0	0	0	0	0	1	1	S
NMDC20551132	0	0	0	0	0	1	0	0	0	0	0	0	0	0	0	0	0	1	0	0	0	0	0	0	0	0	1	0	1	1	S
NMDC20583482	0	0	0	0	0	1	0	0	0	0	1	0	0	0	0	0	0	0	0	0	0	0	0	0	0	0	0	0	1	1	S
NMDC20553160	0	0	0	0	0	1	0	0	0	0	1	0	0	0	0	0	0	0	0	0	0	0	0	0	0	0	0	0	1	1	S
NMDC20583484	0	0	0	0	0	1	0	0	0	0	0	1	0	0	0	0	0	0	0	0	1	1	0	0	0	0	1	0	0	1	S
NMDC20551133	0	0	0	0	0	1	0	1	0	0	0	1	0	0	1	0	1	1	0	0	0	1	0	0	1	0	0	0	1	1	S
NMDC20583485	0	0	0	0	0	0	0	0	0	0	0	1	0	0	0	0	0	0	0	0	0	0	0	0	0	0	0	0	0	0	S
NMDC20557139	0	0	0	0	0	1	0	1	0	0	0	1	0	0	1	0	1	1	0	0	0	1	0	0	1	0	0	0	1	1	S
NMDC20583486	0	0	0	0	0	1	0	1	0	0	0	1	0	0	1	0	1	1	0	0	0	1	0	0	1	0	0	0	1	1	S
NMDC20583487	0	0	0	0	0	1	0	0	0	0	1	0	0	0	0	0	0	0	0	0	0	0	0	0	0	0	0	0	1	1	S
NMDC20551134	0	0	0	0	0	1	0	1	0	0	0	1	0	0	1	0	1	1	0	0	0	1	0	0	1	0	0	0	1	1	S
NMDC20583488	0	0	0	0	0	1	0	1	0	0	0	1	0	0	1	0	1	1	0	0	0	1	0	0	1	0	0	0	1	1	S
NMDC20557141	0	0	0	0	0	1	0	1	0	0	0	1	0	0	1	0	1	1	0	0	0	1	0	0	1	0	0	0	1	1	S
NMDC20583489	0	0	0	0	0	0	0	0	0	0	0	1	0	0	0	0	1	0	0	0	1	1	0	0	1	0	0	0	1	0	S
NMDC20583490	0	0	0	0	0	1	0	1	0	0	0	1	0	0	1	0	1	1	0	0	0	1	0	0	1	0	0	0	1	1	S
NMDC20557142	0	0	0	0	0	1	0	1	0	0	0	1	0	0	1	0	1	1	0	0	0	1	0	0	1	0	0	0	1	1	S
NMDC20555129	0	0	0	0	0	1	0	1	0	0	0	1	0	0	0	0	0	0	0	0	0	0	0	1	0	0	0	0	1	1	S
NMDC20551135	0	0	0	0	0	1	0	1	0	0	0	1	0	0	1	0	1	1	0	0	0	1	0	0	1	0	0	0	1	1	S
NMDC20583491	0	0	0	0	0	1	0	1	0	0	0	1	0	0	1	0	1	1	0	0	0	1	0	0	1	0	0	0	1	1	S
NMDC20553161	0	0	0	0	0	1	0	1	0	0	0	1	0	0	0	0	0	0	1	0	1	1	0	0	0	0	0	0	0	0	S
NMDC20557143	0	0	0	0	0	1	0	0	0	0	1	0	0	0	0	0	0	0	0	0	0	0	0	0	0	0	0	0	1	1	S
NMDC20553162	0	0	0	0	0	1	0	0	0	0	1	0	0	0	0	0	0	0	0	0	0	0	0	0	0	0	0	0	1	1	S
NMDC20551136	0	0	0	0	0	1	0	0	0	0	1	0	0	0	0	0	0	0	0	0	0	0	0	0	0	0	0	0	1	1	S
NMDC20555130	0	0	0	0	0	1	0	1	0	0	0	1	0	0	1	0	1	1	0	0	0	1	0	0	1	0	0	0	1	1	S
NMDC20551137	0	0	0	0	0	1	0	1	0	0	0	1	0	0	1	0	1	1	0	0	0	1	0	0	1	0	0	0	1	1	S
NMDC20555131	0	0	0	0	0	1	0	1	0	0	0	1	0	0	1	0	1	1	0	0	0	1	0	0	1	0	0	0	1	1	S
NMDC20553163	0	0	0	0	0	0	0	0	0	0	0	1	0	0	0	0	1	0	0	0	1	1	0	0	1	0	0	0	1	0	S
NMDC20583493	0	0	0	0	0	1	0	1	0	0	0	1	0	0	1	0	1	1	0	0	0	1	0	0	1	0	0	0	1	1	S
NMDC20557144	0	0	1	0	1	0	0	0	0	0	1	0	0	0	0	1	0	0	1	1	0	0	0	1	0	0	0	0	1	1	S
NMDC20583494	0	0	0	0	0	1	0	1	0	0	0	1	0	0	1	0	1	1	0	0	0	1	0	0	1	0	0	0	1	1	S
NMDC20551138	0	0	0	0	0	1	1	0	0	0	1	1	0	0	1	0	0	1	0	0	0	0	0	0	0	0	1	0	1	1	S
NMDC20583497	0	0	0	0	0	1	0	0	0	0	1	0	0	0	0	0	0	0	0	0	0	0	0	0	0	0	0	0	1	1	S
NMDC20583498	0	0	0	0	0	1	0	1	0	0	0	1	0	0	1	0	1	1	0	0	0	1	0	0	1	0	0	0	1	1	S
NMDC20555132	0	0	0	0	0	0	0	0	0	0	0	0	0	0	0	0	1	1	0	1	0	0	0	1	0	0	0	0	0	0	S
NMDC20583499	0	0	0	0	0	1	0	0	0	0	1	0	0	0	0	0	0	0	0	0	0	0	0	0	0	0	0	0	1	1	S
NMDC20555133	0	0	0	0	0	1	0	1	0	0	0	1	0	0	1	0	1	1	0	0	0	1	0	0	1	0	0	0	1	1	S
NMDC20553164	0	0	0	0	0	1	0	1	0	0	0	1	0	0	1	0	1	1	0	0	0	1	0	0	1	0	0	0	1	1	S
NMDC20555135	0	0	0	0	0	1	0	1	0	0	0	1	0	0	1	0	1	1	0	0	0	1	0	0	1	0	0	0	1	1	S
NMDC20583501	0	0	0	0	0	1	0	0	0	0	1	0	0	0	0	0	0	0	0	0	0	0	0	0	0	0	0	0	1	1	S
NMDC20555136	0	0	0	0	0	1	0	0	0	0	1	0	0	0	0	0	0	0	0	0	0	0	0	0	0	0	0	0	1	1	S
NMDC20557147	0	0	1	0	1	0	0	0	0	0	0	1	0	0	0	1	0	0	1	0	0	0	0	0	0	0	0	0	0	0	S
NMDC20557145	0	0	0	0	0	1	0	1	0	0	0	1	0	0	1	0	1	1	0	0	0	1	0	0	1	0	0	0	1	1	S
NMDC20557146	0	0	0	0	0	1	0	1	0	0	0	1	0	0	1	0	1	1	0	0	0	1	0	0	1	0	0	0	1	1	S
NMDC20553166	0	0	0	0	0	1	0	1	0	0	0	1	0	0	1	0	1	1	0	0	0	1	0	0	1	0	0	0	1	1	S
NMDC20555137	0	0	0	0	0	1	0	1	0	0	0	1	0	0	1	0	1	1	0	0	0	1	0	0	1	0	0	0	1	1	S
NMDC20555138	0	0	0	0	0	1	0	1	0	0	0	1	0	0	1	0	1	1	0	0	0	1	0	0	1	0	0	0	1	1	S
NMDC20583504	0	0	0	0	0	1	0	1	0	0	0	1	0	0	0	0	0	0	0	0	0	0	0	1	0	0	0	0	1	1	S
NMDC20583505	0	0	0	0	0	0	0	0	0	0	0	0	0	0	0	0	1	1	0	1	0	0	0	1	0	0	0	0	0	0	S
NMDC20555140	0	0	0	0	0	1	0	1	0	0	0	1	0	0	1	0	1	1	0	0	0	1	0	0	1	0	0	0	1	1	S
NMDC20557156	0	0	0	0	0	1	0	1	0	0	0	1	0	0	1	0	1	1	0	0	0	1	0	0	1	0	0	0	1	1	S
NMDC20557148	0	0	0	0	0	1	0	1	0	0	0	1	0	0	1	0	1	1	0	0	0	1	0	0	1	0	0	0	1	1	S
NMDC20555142	0	0	0	0	0	0	0	0	0	0	1	0	0	0	0	0	1	0	0	0	1	1	0	0	0	0	0	0	0	1	S
NMDC20557149	0	0	0	0	0	1	0	1	0	0	0	1	0	0	0	0	0	0	0	0	1	1	0	0	0	0	0	0	0	0	S
NMDC20557150	0	0	0	0	0	1	0	1	0	0	0	1	0	0	1	0	1	1	0	0	0	1	0	0	1	0	0	0	1	1	S
NMDC20555143	0	0	0	0	0	1	0	0	0	0	1	0	0	0	0	0	0	0	0	0	0	0	0	0	0	0	0	0	1	1	S
NMDC20557151	0	0	0	0	0	0	0	0	0	0	0	1	0	0	1	0	0	0	0	0	0	1	0	0	0	0	0	1	1	0	S
NMDC20583506	0	0	1	0	1	0	0	0	0	0	0	1	0	0	0	1	0	0	1	0	0	0	0	0	0	0	0	0	0	0	S
NMDC20551139	0	0	0	0	0	1	0	1	0	0	0	1	0	0	1	0	1	1	0	0	0	1	0	0	1	0	0	0	1	1	S
NMDC20551140	0	0	1	0	1	0	0	0	0	0	0	1	0	0	0	1	0	0	1	0	0	0	0	0	0	0	0	0	0	0	S
NMDC20583508	0	0	0	0	0	1	0	1	0	0	0	1	0	0	1	0	1	1	1	0	0	1	0	0	1	0	0	0	1	1	S
NMDC20553168	0	0	0	0	0	1	0	1	0	0	0	1	0	0	1	0	1	1	0	0	0	1	0	0	1	0	0	0	1	1	S
NMDC20551141	0	0	0	0	0	1	0	0	0	0	1	0	0	0	0	0	0	0	0	0	0	0	0	0	0	0	0	0	1	1	S
NMDC20555144	0	0	0	0	0	1	0	1	0	0	0	1	0	0	1	0	1	1	0	0	0	1	0	0	1	0	0	0	1	1	S
NMDC20583509	0	0	0	0	0	1	0	0	0	0	1	0	0	0	0	0	0	0	0	0	0	0	0	0	0	0	0	0	1	1	S
NMDC20555148	0	0	0	0	0	1	0	1	0	0	0	1	0	0	1	0	1	1	0	0	0	1	1	0	1	0	0	0	1	1	S
NMDC20583511	0	0	0	0	0	1	0	1	0	0	0	1	0	0	1	0	1	1	0	0	0	1	0	0	1	0	0	0	1	1	S
NMDC20555145	0	0	0	0	0	1	0	1	0	0	0	1	0	0	1	0	1	1	0	0	0	1	0	0	1	0	0	0	1	1	S
NMDC20555146	0	0	0	0	0	1	0	1	0	0	0	1	0	0	1	0	1	1	0	0	0	1	1	0	1	0	0	0	1	1	S
NMDC20551142	0	0	0	0	0	1	0	0	0	0	1	0	0	0	0	0	0	0	0	0	0	0	0	0	0	0	0	0	1	1	S
NMDC20583512	0	0	0	0	0	1	0	1	0	0	0	1	0	0	1	0	1	1	1	0	0	1	0	0	1	0	0	0	1	1	S
NMDC20555147	0	0	0	0	0	1	0	1	0	0	0	1	0	0	1	0	1	1	0	0	0	1	0	0	1	0	0	0	1	1	S
NMDC20583513	0	0	1	0	1	0	0	0	0	0	0	1	0	0	0	1	0	0	1	0	0	0	0	0	0	0	0	0	0	0	S
NMDC20553172	0	0	0	0	0	1	0	1	0	0	0	1	0	0	1	0	1	1	1	0	0	1	0	0	1	0	0	0	1	1	S
NMDC20553170	0	0	0	0	0	1	0	1	0	0	0	1	0	0	1	0	1	1	0	0	0	1	0	0	1	0	0	0	1	1	S
NMDC20551143	0	0	0	0	0	1	0	1	0	0	0	1	0	0	1	0	1	1	0	0	0	1	0	0	1	0	0	0	1	1	S
NMDC20557152	0	0	0	0	0	1	0	1	0	0	0	1	0	0	1	0	1	1	0	0	0	1	0	0	1	0	0	0	1	1	S
NMDC20555149	0	0	0	0	0	1	0	1	0	0	0	1	0	0	0	0	0	0	1	0	1	1	0	0	0	0	0	0	0	0	S
NMDC20555150	0	0	0	0	0	1	0	1	0	0	0	1	0	0	0	0	0	0	0	0	0	0	0	1	0	0	0	0	1	1	S
NMDC20583514	0	0	0	0	0	1	0	1	0	0	0	1	0	0	1	0	1	1	1	0	0	1	0	0	1	0	0	0	1	1	S
NMDC20553171	0	0	0	0	0	1	0	0	0	0	0	0	0	0	0	0	0	0	0	0	1	1	0	0	0	0	0	0	0	0	S
NMDC20555152	0	0	0	0	0	1	0	1	0	0	0	1	0	0	1	0	1	1	0	0	0	1	0	0	1	0	0	0	1	1	S
NMDC20557153	0	0	0	0	0	0	0	0	0	0	0	0	0	0	0	0	0	0	0	0	0	1	0	0	0	0	0	0	0	0	S
NMDC20583515	0	0	0	0	0	1	0	1	0	0	0	1	0	0	0	0	0	0	0	0	1	1	0	0	0	0	0	0	0	0	S
NMDC20555151	0	0	0	0	0	1	0	1	0	0	0	1	0	0	1	0	1	1	0	0	0	1	0	0	1	0	0	0	1	1	S
NMDC20553173	0	0	0	0	0	1	0	1	0	0	0	1	0	0	0	0	0	0	0	0	1	1	0	0	0	0	0	0	0	0	S
NMDC20553174	0	0	0	0	0	1	0	1	0	0	0	1	0	0	1	0	1	1	0	0	0	1	0	0	1	0	0	0	1	1	S
NMDC20553175	0	0	0	0	0	0	0	0	0	0	0	0	0	0	1	0	0	0	0	0	0	1	0	0	0	0	0	1	0	0	S
NMDC20555153	0	0	0	0	0	1	0	1	0	0	0	1	0	0	1	0	1	1	0	0	0	1	0	0	1	0	0	0	1	1	S
NMDC20555154	0	0	0	0	0	1	0	1	0	0	0	1	0	0	1	0	1	1	0	0	0	1	0	0	1	0	0	0	1	1	S
NMDC20551145	0	0	0	0	0	1	0	1	0	0	0	1	0	0	1	0	1	1	0	0	0	1	0	0	1	0	0	0	1	1	S
NMDC20583517	0	0	0	0	0	0	0	0	0	0	0	1	0	0	0	0	0	0	0	0	0	0	0	0	0	0	0	0	0	0	S
NMDC20555155	0	0	0	0	0	0	0	0	0	0	0	1	0	0	0	0	0	0	0	0	0	0	0	0	0	0	0	0	0	0	S
NMDC20557154	0	0	0	0	0	1	0	1	0	0	0	1	0	0	1	0	1	1	0	0	0	1	0	0	1	0	0	0	1	1	S
NMDC20553176	0	0	0	0	0	1	0	1	0	0	0	1	0	0	1	0	1	1	0	0	0	1	0	0	1	0	0	0	1	1	S
NMDC20553177	0	0	0	0	0	1	0	1	0	0	0	1	0	0	1	0	1	1	0	0	0	1	0	0	1	0	0	0	1	1	S
NMDC20553178	0	0	0	0	0	1	0	1	0	0	0	1	0	0	1	0	1	1	0	0	0	1	0	0	1	0	0	0	1	1	S
NMDC20583520	0	0	0	0	0	1	0	1	0	0	0	1	0	0	1	0	1	1	0	0	0	1	0	0	1	0	0	0	1	1	S
NMDC20583521	0	0	0	0	0	1	0	1	0	0	0	1	0	0	1	0	1	1	0	0	0	1	0	0	1	0	0	0	1	1	S
NMDC20553179	0	0	0	0	0	0	0	0	0	0	0	1	0	0	0	0	0	0	0	0	0	0	1	0	0	0	0	0	0	0	S
NMDC20583524	0	0	0	0	0	1	0	1	0	0	0	1	0	0	1	0	1	1	0	0	0	1	0	0	1	0	0	0	1	1	S
NMDC20557157	0	0	0	0	0	0	0	0	0	0	0	1	0	0	0	0	0	0	0	0	0	0	0	0	0	0	0	0	0	0	S
NMDC20551146	0	0	1	0	0	1	0	1	0	0	0	1	0	0	1	1	1	1	0	0	0	1	0	0	1	0	0	0	1	1	S
NMDC20551147	0	0	0	0	0	1	0	0	0	0	1	0	0	0	0	0	0	0	0	0	0	0	0	0	0	0	0	0	1	1	S
NMDC20555156	0	0	0	0	0	1	0	1	0	0	0	1	0	0	1	0	0	0	0	0	1	1	0	0	1	0	0	0	0	1	S
NMDC20551149	0	0	0	0	0	1	0	1	0	0	0	1	0	0	1	0	1	1	1	0	0	1	0	0	1	0	0	0	1	1	S
NMDC20555158	0	0	0	0	0	1	0	1	0	0	0	1	0	0	1	0	1	1	0	0	0	1	0	0	1	0	0	0	1	1	S
NMDC20553182	0	0	0	0	0	1	0	1	0	0	0	1	0	0	1	0	1	1	0	0	0	1	0	0	1	0	0	0	1	1	S
NMDC20553183	0	0	0	0	0	1	0	1	0	0	0	1	0	0	0	0	0	0	0	0	1	1	0	0	0	0	0	0	0	0	S
NMDC20583530	0	0	0	0	0	1	0	0	0	0	1	0	0	0	0	0	0	0	0	0	0	0	0	0	0	0	0	0	1	1	S
NMDC20553184	0	0	0	0	0	1	0	1	0	0	0	1	0	0	1	0	1	1	0	0	0	1	0	0	1	0	0	0	1	1	S
NMDC20555159	0	0	0	0	0	0	0	0	0	0	0	1	0	0	0	0	1	0	0	0	1	1	0	0	1	0	0	0	1	0	S
NMDC20557160	0	0	0	0	0	1	0	1	0	0	0	1	0	0	1	0	1	1	0	0	0	1	0	0	1	0	0	0	1	1	S
NMDC20551152	0	0	0	0	0	1	0	1	0	0	0	1	0	0	1	0	1	1	0	0	0	1	0	0	1	0	0	0	1	1	S
NMDC20555160	0	0	0	0	0	1	0	1	0	0	0	1	0	0	1	0	1	1	0	0	0	1	0	0	1	0	0	0	1	1	S
NMDC20553185	0	0	0	0	0	1	0	1	0	0	0	1	0	0	1	0	1	1	1	0	0	1	0	0	1	0	0	0	1	1	S
NMDC20551153	0	0	0	0	0	1	0	1	0	0	0	1	0	0	1	0	1	1	0	0	0	1	0	0	1	0	0	0	1	1	S
NMDC20555161	0	0	0	0	0	1	0	0	0	0	1	0	0	0	0	0	0	0	0	0	0	0	0	0	0	0	0	0	1	1	S
NMDC20555162	0	0	0	0	0	1	0	1	0	0	0	1	0	0	1	0	1	1	0	0	0	1	0	0	1	0	0	0	1	1	S
NMDC20583532	0	0	0	0	0	1	0	0	0	0	1	0	0	0	0	0	0	0	0	0	0	0	0	0	0	0	0	0	1	1	S
NMDC20557162	0	0	0	0	0	1	0	1	0	0	0	1	0	0	0	0	0	0	0	0	1	1	0	0	0	0	0	0	0	0	S
NMDC20583533	0	0	0	0	0	1	1	0	0	0	0	1	0	0	1	0	1	0	0	1	0	1	0	1	0	0	0	0	0	0	S
NMDC20553187	0	0	0	0	0	1	0	1	0	0	0	1	0	0	0	0	0	0	0	0	1	1	0	0	0	0	0	0	0	0	S
NMDC20583534	0	0	0	0	0	1	0	1	0	0	0	1	0	0	0	0	0	0	0	0	1	1	0	0	0	0	0	0	0	0	S
NMDC20583535	0	0	0	0	0	1	0	1	0	0	0	1	0	0	1	0	1	1	1	0	0	1	0	0	1	0	0	0	1	1	S
NMDC20551154	0	0	0	0	0	0	0	0	0	0	0	1	0	0	0	0	0	0	0	0	1	1	0	1	0	0	0	0	0	1	S
NMDC20553188	0	0	0	0	0	1	0	1	0	0	0	1	0	0	0	0	0	0	0	0	0	0	0	1	0	0	0	0	1	1	S
NMDC20583537	0	0	0	0	0	0	0	1	0	0	0	1	0	0	0	0	1	0	0	0	1	0	0	0	0	0	1	0	0	1	S
NMDC20551155	0	0	0	0	0	1	0	0	0	0	0	0	0	0	0	0	0	0	0	0	1	1	0	0	0	0	0	0	0	0	S
NMDC20551156	0	0	0	0	0	0	0	0	0	0	0	1	0	0	0	0	1	0	0	0	1	1	0	0	1	0	0	0	1	0	S
NMDC20583540	0	0	0	0	0	1	0	1	0	0	0	1	0	0	0	0	0	0	1	0	0	0	0	1	0	0	0	0	1	1	S
NMDC20583541	0	0	0	0	0	1	0	1	0	0	0	1	0	0	1	0	0	0	0	0	1	1	0	0	1	0	0	0	0	1	S
NMDC20555164	0	0	0	0	0	1	0	1	0	0	0	1	0	0	0	0	0	0	0	0	0	0	0	1	0	0	0	0	1	1	S
NMDC20583542	0	0	0	0	0	0	0	0	0	0	0	1	0	0	0	0	1	1	0	0	0	0	0	0	1	0	0	0	0	1	S
NMDC20553189	0	0	0	0	0	1	0	0	0	0	1	0	0	0	0	0	0	0	0	0	0	0	0	0	0	0	0	0	1	1	S
NMDC20555166	0	0	0	0	0	0	0	0	0	0	0	0	0	0	0	0	0	0	0	0	0	1	0	0	0	0	0	0	0	0	S
NMDC20583544	0	0	0	0	0	1	0	0	0	0	1	0	0	0	0	0	0	0	0	0	0	0	0	0	0	0	0	0	1	1	S
NMDC20557166	0	0	0	0	0	1	0	1	0	0	0	1	0	0	1	0	1	1	1	0	0	1	0	0	1	0	0	0	1	1	S
NMDC20555167	0	0	0	0	0	1	0	1	0	0	0	1	0	0	1	0	1	1	1	0	0	1	0	0	1	0	0	0	1	1	S
NMDC20551158	0	0	0	0	0	1	0	1	0	0	0	1	0	0	1	0	1	1	0	0	0	1	0	0	1	0	0	0	1	1	S
NMDC20555168	0	0	0	0	0	1	0	1	0	0	0	1	0	0	1	0	1	1	0	0	0	1	0	0	1	0	0	0	1	1	S
NMDC20557167	0	0	0	0	0	1	0	1	0	0	0	1	1	0	1	0	0	0	0	0	1	1	0	0	0	0	0	0	1	1	S
NMDC20555169	0	0	0	0	0	1	0	1	0	0	0	1	0	0	1	0	1	1	1	0	0	1	0	0	1	0	0	0	1	1	S
NMDC20583546	0	0	0	0	0	1	0	1	0	0	0	1	0	0	1	0	1	1	0	0	0	1	0	0	1	0	0	0	1	1	S
NMDC20553191	0	0	0	0	0	1	0	1	0	0	0	1	0	0	1	0	1	1	0	0	0	1	0	0	1	0	0	0	1	1	S
NMDC20557168	0	0	0	0	0	1	0	1	0	0	0	1	0	0	1	0	1	1	1	0	0	1	0	0	1	0	0	0	1	1	S
NMDC20557169	0	0	0	0	0	0	0	0	0	0	0	1	0	0	0	0	0	0	0	0	1	1	0	1	0	0	0	0	0	1	S
NMDC20583547	0	0	0	0	0	0	0	0	0	0	0	1	0	0	0	0	1	1	0	0	0	0	0	0	1	0	0	0	0	1	S
NMDC20583548	0	0	0	0	0	0	0	0	0	0	0	1	0	0	0	0	1	0	0	0	1	1	0	0	1	0	0	0	1	0	S
NMDC20551160	0	0	0	0	0	1	0	1	0	0	0	1	0	0	1	0	1	1	0	0	0	1	0	0	1	0	0	0	1	1	S
NMDC20557170	0	0	0	0	0	1	0	1	0	0	0	1	0	0	1	0	1	1	1	0	0	1	0	0	1	0	0	0	1	1	S
NMDC20583550	0	0	0	0	0	0	0	0	0	0	0	1	0	0	0	0	1	0	0	0	1	1	0	0	1	0	0	0	1	0	S
NMDC20583551	0	0	0	0	0	1	0	1	0	0	0	1	0	0	1	0	1	1	0	0	0	1	0	0	1	0	0	0	1	1	S
NMDC20583552	0	0	0	0	0	1	0	1	0	0	0	1	0	0	0	0	0	0	0	0	0	0	0	1	0	0	0	0	1	1	S
NMDC20583553	0	0	1	0	1	0	0	0	0	0	0	1	0	0	0	1	0	0	1	0	0	0	0	0	0	0	0	0	0	0	S
NMDC20551161	0	0	1	0	1	0	0	0	0	0	0	1	0	0	0	1	0	0	1	0	0	0	0	0	0	0	0	0	0	0	S
NMDC20583554	0	0	0	0	0	0	0	0	0	0	0	1	0	0	0	0	1	0	0	0	1	1	0	0	1	0	0	0	1	0	S
NMDC20557171	0	0	0	0	0	1	0	1	0	0	0	1	0	0	1	0	1	1	0	0	0	1	0	0	1	0	0	0	1	1	S
NMDC20553193	0	0	0	0	0	1	0	1	0	0	0	1	0	0	1	0	1	1	0	0	0	1	0	0	1	0	0	0	1	1	S
NMDC20553194	0	0	0	0	0	1	0	1	0	0	0	1	0	0	0	0	0	0	1	0	1	1	0	0	0	0	0	0	0	0	S
NMDC20553195	0	0	0	0	0	1	0	1	0	0	0	1	0	0	1	0	1	1	1	0	0	1	0	0	1	0	0	0	1	1	S
NMDC20583556	0	0	0	0	0	0	0	0	0	0	0	1	0	0	0	0	1	0	0	0	1	1	0	0	1	0	0	0	1	0	S
NMDC20583557	0	0	0	0	0	1	0	1	0	0	0	1	0	0	0	0	0	0	0	0	1	1	0	0	0	0	0	0	0	0	S
NMDC20583558	0	0	0	0	0	0	0	0	0	0	0	1	0	0	0	0	1	0	0	0	1	1	0	0	1	0	0	0	1	0	S
NMDC20583559	0	0	0	0	0	0	0	0	0	0	0	1	0	0	0	0	1	0	0	0	1	1	0	0	1	0	0	0	1	0	S
NMDC20583560	0	0	0	0	0	0	0	0	0	0	0	1	0	0	0	0	1	0	0	0	1	1	0	0	1	0	0	0	1	0	S
NMDC20583561	0	0	0	0	0	0	0	0	0	0	0	1	0	0	0	0	1	1	0	0	0	0	0	0	1	0	0	0	0	1	S
NMDC20551162	0	0	0	0	0	1	0	1	0	0	0	1	0	0	1	0	1	1	0	0	0	1	0	0	1	0	0	0	1	1	S
NMDC20583563	0	0	1	0	0	1	0	1	0	0	0	1	0	0	1	1	1	1	0	0	0	1	0	0	1	0	0	0	1	1	S
NMDC20557173	0	0	0	0	0	0	0	0	0	0	0	0	0	0	0	0	1	0	0	0	0	1	0	0	0	0	0	0	1	0	S
NMDC20583564	0	0	0	0	0	0	0	0	0	0	0	1	0	0	0	0	1	0	0	0	1	1	0	0	1	0	0	0	1	0	S
NMDC20557174	0	0	0	0	0	1	0	1	0	0	0	1	0	0	1	0	1	1	1	0	0	1	0	0	1	0	0	0	1	1	S
NMDC20551163	0	0	0	0	0	1	0	1	0	0	0	1	0	0	1	0	1	1	1	0	0	1	0	0	1	0	0	0	1	1	S
NMDC20583565	0	0	0	0	0	1	0	1	0	0	0	1	0	0	0	0	0	0	0	0	1	1	0	0	0	0	0	0	0	0	S
NMDC20583567	0	0	0	0	0	1	0	1	0	0	0	1	0	0	1	0	1	1	1	0	0	1	0	0	1	0	0	0	1	1	S
NMDC20583568	0	0	0	0	0	0	0	0	0	0	0	1	0	0	0	0	1	0	0	0	1	1	0	0	1	0	0	0	1	0	S
NMDC20583573	0	0	0	0	0	0	0	0	0	0	0	1	0	0	0	0	1	1	0	0	0	0	0	0	1	0	0	0	0	1	S
NMDC20583574	0	0	0	0	0	0	0	0	0	0	0	1	0	0	0	0	1	1	0	0	0	0	0	0	1	0	0	0	0	1	S
NMDC20583577	0	0	0	0	0	0	0	0	0	0	0	1	0	0	0	0	1	1	0	0	0	0	0	0	1	0	0	0	0	1	S
NMDC20583578	0	0	0	0	0	0	0	0	0	0	0	1	0	0	0	0	1	0	0	0	1	1	0	0	1	0	0	0	1	0	S
NMDC20583579	0	0	0	0	0	0	0	0	0	0	0	1	0	0	0	0	1	0	0	0	1	1	0	0	1	0	0	0	1	0	S
NMDC20583580	0	0	0	0	0	0	0	0	0	0	0	1	0	0	0	0	1	0	0	0	1	1	0	0	1	0	0	0	1	0	S
NMDC20583581	0	0	0	0	0	0	0	0	0	0	0	1	0	0	0	0	1	0	0	0	1	1	0	0	1	0	0	0	1	0	S
NMDC20583582	0	0	0	0	0	1	0	0	0	0	0	1	0	0	0	0	0	0	0	0	0	1	0	0	0	0	0	0	0	1	S
NMDC20583583	0	0	0	0	0	0	0	0	0	0	0	1	0	0	0	0	1	0	0	0	1	1	0	0	1	0	0	0	1	0	S
NMDC20583584	0	0	0	0	0	0	0	1	0	0	0	1	0	0	0	0	0	0	0	0	0	0	0	0	0	0	1	0	0	1	S
NMDC20583585	0	0	0	0	0	0	0	0	0	0	0	1	0	0	0	0	1	1	0	0	0	0	0	0	1	0	0	0	0	1	S
NMDC20551164	0	0	0	0	0	1	0	0	0	0	1	0	0	0	0	0	0	0	0	0	0	0	0	0	0	0	0	0	1	1	S
NMDC20583586	0	0	0	0	0	1	0	1	0	0	0	1	0	0	1	0	1	1	1	0	0	1	0	0	1	0	0	0	1	1	S
NMDC20583587	0	0	0	0	0	1	0	1	0	0	0	1	0	0	1	0	1	1	1	0	0	1	0	0	1	0	0	0	1	1	S
NMDC20557176	0	0	0	0	0	1	0	1	0	0	0	1	0	0	1	0	1	1	0	0	0	1	0	0	1	0	0	0	1	1	S
NMDC20583589	0	0	0	0	0	0	0	0	0	0	0	1	0	0	0	0	1	0	0	0	1	1	0	0	1	0	0	0	1	0	S
NMDC20583590	0	0	0	0	0	1	0	1	0	0	0	1	0	0	0	0	0	0	0	0	1	1	0	0	0	0	0	0	0	0	S
NMDC20583591	0	0	0	0	0	1	0	0	0	0	0	0	0	0	1	0	0	1	1	0	1	1	0	0	0	0	0	0	0	1	S
NMDC20555171	0	0	0	0	0	1	0	1	0	0	0	1	0	0	1	0	1	1	1	0	0	1	0	0	1	0	0	0	1	1	S
NMDC20583592	0	0	0	0	0	1	0	1	0	0	0	1	0	0	0	0	0	0	0	0	0	0	0	1	0	0	0	0	1	1	S
NMDC20583593	0	0	0	0	0	1	0	1	0	0	0	1	0	0	1	0	1	1	1	0	0	1	0	0	1	0	0	0	1	1	S
NMDC20557177	0	0	1	0	1	1	0	1	0	0	0	1	1	0	1	1	0	0	1	0	1	1	0	0	0	0	0	0	1	1	S
NMDC20583594	0	0	0	0	0	0	0	0	0	0	0	1	0	0	0	0	1	0	0	0	1	1	0	0	1	0	0	0	1	0	S
NMDC20583595	0	0	0	0	0	0	0	0	0	0	0	1	0	0	0	0	1	0	0	0	1	1	0	0	1	0	0	0	1	0	S
NMDC20583596	0	0	0	0	0	0	0	0	0	0	0	1	0	0	0	0	1	0	0	0	1	1	0	0	1	0	0	0	1	0	S
NMDC20583598	0	0	0	0	0	0	0	0	0	0	0	1	0	0	0	0	1	1	0	0	0	0	0	0	1	0	0	0	0	1	S
NMDC20583599	0	0	0	0	0	1	0	0	0	0	0	1	0	0	0	0	0	0	0	0	1	1	0	0	0	0	0	0	0	0	S
NMDC20583601	0	0	0	0	0	0	0	0	0	0	0	0	0	0	0	0	0	0	0	0	0	1	0	0	0	0	0	0	0	0	S
NMDC20555172	0	0	0	0	0	1	0	1	0	0	0	1	0	0	1	0	1	1	0	0	0	1	0	0	1	0	0	0	1	1	S
NMDC20557178	0	0	0	0	0	1	0	1	0	0	0	1	0	0	1	0	1	1	1	0	0	1	0	0	1	0	0	0	1	1	S
NMDC20583603	0	0	0	0	0	1	0	1	0	0	0	1	0	0	1	0	1	1	1	0	0	1	0	0	1	0	0	0	1	1	S
NMDC20583605	0	0	0	0	0	0	0	0	0	0	0	1	0	0	0	0	1	0	0	0	1	1	0	0	1	0	0	0	1	0	S
NMDC20551166	0	0	0	0	0	1	0	1	0	0	0	1	0	0	0	0	0	0	0	0	0	0	0	1	0	0	0	0	1	1	S
NMDC20583607	0	0	0	0	0	0	0	0	0	0	0	1	0	0	0	0	0	0	0	0	1	1	0	0	0	0	1	0	1	1	S
NMDC20551167	0	0	0	0	0	1	0	1	0	0	0	1	0	0	0	0	0	0	0	0	0	0	0	1	0	0	0	0	1	1	S
NMDC20553196	0	0	0	0	0	1	0	1	0	0	0	1	0	0	1	0	1	1	0	0	0	1	0	0	1	0	0	0	1	1	S
NMDC20551168	0	0	0	0	0	1	0	1	0	0	0	1	0	0	0	0	0	0	0	0	1	1	0	0	0	0	0	0	0	0	S
NMDC20583608	0	0	0	0	0	0	0	0	0	0	0	1	0	0	0	0	1	0	0	0	1	1	0	0	1	0	0	0	1	0	S
NMDC20583609	0	0	0	0	0	1	0	1	0	0	0	1	0	0	1	0	1	1	1	0	0	1	0	0	1	0	0	0	1	1	S
NMDC20555173	0	0	0	0	0	1	0	0	0	0	0	1	0	0	0	0	0	0	0	0	1	1	0	0	0	0	1	0	0	1	S
NMDC20583611	0	0	0	0	0	0	0	0	0	0	0	0	0	0	0	0	1	1	0	1	0	0	0	1	0	0	0	0	0	0	S
NMDC20583613	0	0	1	0	1	0	0	0	0	0	0	1	0	0	0	1	1	1	0	0	0	0	0	0	1	0	0	0	0	1	S
NMDC20583614	0	0	0	0	0	1	0	1	0	0	0	1	0	0	0	0	0	0	0	0	0	0	0	1	0	0	0	0	1	1	S
NMDC20583615	0	0	0	0	0	0	0	0	0	0	0	1	0	0	0	0	1	1	0	0	0	0	0	0	1	0	0	0	0	1	S
NMDC20583618	0	0	1	0	1	1	0	1	0	0	0	1	1	0	0	1	0	0	1	0	1	1	0	0	0	0	0	0	0	1	S
NMDC20551169	0	0	0	0	0	0	0	0	0	0	0	1	0	0	0	0	1	0	0	0	1	1	0	0	1	0	0	0	1	0	S
NMDC20557179	0	0	0	0	0	1	0	1	0	0	0	1	0	0	1	0	1	1	0	0	0	1	0	0	1	0	0	0	1	1	S
NMDC20583619	0	0	0	0	0	1	0	1	0	0	0	1	0	0	1	0	1	1	0	0	0	1	0	0	1	0	0	0	1	1	S
NMDC20555174	0	0	0	0	0	1	0	1	0	0	0	1	0	0	1	0	1	1	0	0	0	1	0	0	1	0	0	0	1	1	S
NMDC20583621	0	0	0	0	0	1	0	1	0	0	0	1	0	0	0	0	0	0	0	0	0	0	0	1	0	0	0	0	1	1	S
NMDC20555176	0	0	0	0	0	1	0	1	0	0	0	1	0	0	0	0	0	0	0	0	1	1	0	0	0	0	0	0	0	0	S
NMDC20583624	0	0	0	0	0	1	0	1	0	0	0	1	0	0	0	0	0	0	1	0	1	1	0	0	0	0	0	0	0	0	S
NMDC20553197	0	0	0	0	0	1	0	1	0	0	0	1	0	0	1	0	1	1	0	0	0	1	0	0	1	0	0	0	1	1	S
NMDC20583625	0	0	0	0	0	0	0	0	0	0	0	1	0	0	0	0	1	0	0	0	1	1	0	0	1	0	0	0	1	0	S
NMDC20583626	0	0	0	0	0	0	0	0	0	0	0	1	0	0	0	0	1	1	0	0	0	0	0	0	1	0	0	0	0	1	S
NMDC20583627	0	0	1	0	1	1	0	1	0	0	0	1	0	0	1	1	1	1	1	0	0	1	0	0	1	0	0	0	1	1	S
NMDC20583628	0	0	0	0	0	1	0	0	0	0	1	1	0	0	0	0	0	0	0	0	1	1	0	0	0	0	1	0	1	0	S
NMDC20551170	0	0	0	0	0	1	0	1	0	0	0	1	0	0	1	0	1	1	0	0	0	1	0	0	1	0	0	0	1	1	S
NMDC20583629	0	0	0	0	0	1	0	1	0	0	0	1	0	0	0	0	0	0	0	0	0	0	0	1	0	0	0	0	1	1	S
NMDC20555178	0	0	0	0	0	1	0	1	0	0	0	1	0	0	1	0	1	1	0	0	0	1	0	0	1	0	0	0	1	1	S
NMDC20551171	0	0	0	0	0	1	0	1	0	0	0	1	0	0	1	0	1	1	0	0	0	1	0	0	1	0	0	0	1	1	S
NMDC20583631	0	0	0	0	0	0	0	0	0	0	0	1	0	0	0	0	1	0	0	0	1	1	0	0	1	0	0	0	1	0	S
NMDC20583632	0	0	0	0	0	0	0	0	0	0	0	1	0	0	0	0	1	0	0	0	1	1	0	0	1	0	0	0	1	0	S
NMDC20557180	0	0	0	0	0	1	0	0	0	0	0	0	0	0	0	0	0	0	0	0	0	1	0	0	0	0	1	0	1	1	S
NMDC20583634	0	0	0	0	0	1	0	1	0	0	0	1	0	0	0	0	0	0	0	0	0	0	0	1	0	0	0	0	1	1	S
NMDC20583635	0	0	0	0	0	1	0	1	0	0	0	1	0	0	0	0	0	0	0	0	0	0	0	1	0	0	0	0	1	1	S
NMDC20583636	0	0	0	0	0	0	0	0	0	0	0	1	0	0	0	0	1	1	0	0	0	0	0	0	1	0	0	0	0	1	S
NMDC20583637	0	0	0	0	0	0	0	0	0	0	0	1	0	0	0	0	1	0	1	0	1	1	0	0	1	0	0	0	1	0	S
NMDC20583639	0	0	0	0	0	0	0	0	0	0	0	1	0	0	0	0	1	0	0	0	1	1	0	0	1	0	0	0	1	0	S
NMDC20583640	0	0	0	0	0	0	0	0	0	0	0	1	0	0	0	0	1	1	0	0	0	0	0	0	1	0	0	0	0	1	S
NMDC20583641	0	0	0	0	0	1	0	1	0	0	0	1	0	0	1	0	1	1	0	0	0	1	0	0	1	0	0	0	1	1	S
NMDC20583642	0	0	0	0	0	0	0	0	0	0	1	0	0	0	0	0	1	0	0	0	1	1	0	0	0	0	0	0	0	1	S
NMDC20583643	0	0	0	0	0	0	0	0	0	0	0	1	0	0	0	0	1	0	0	0	1	1	0	0	1	0	0	0	1	0	S
NMDC20557181	0	0	0	0	0	0	0	0	0	0	0	1	0	0	0	0	1	0	0	0	1	1	0	0	1	0	0	0	1	0	S
NMDC20583644	0	0	0	0	0	1	0	1	0	0	0	1	0	0	1	0	1	1	0	0	0	1	0	0	1	0	0	0	1	1	S
NMDC20583645	0	0	0	0	0	0	0	0	0	0	0	1	0	0	0	0	1	1	0	0	0	0	0	0	1	0	0	0	0	1	S
NMDC20583646	0	0	0	0	0	0	0	0	0	0	1	0	0	0	0	0	1	0	0	0	1	1	0	0	0	0	0	0	0	1	S
NMDC20583647	0	0	0	0	0	1	0	1	0	0	0	1	0	0	1	0	1	1	1	0	0	1	0	0	1	0	0	0	1	1	S
NMDC20583648	0	0	0	0	0	1	0	1	0	0	0	1	0	0	0	0	0	0	0	0	1	1	0	0	0	0	0	0	0	0	S
NMDC20555179	0	0	0	0	0	0	0	0	0	0	1	0	0	0	0	0	1	0	0	0	1	1	0	0	0	0	0	0	0	1	S
NMDC20583649	0	0	0	0	0	1	0	1	0	0	0	1	0	0	1	0	1	1	0	0	0	1	0	0	1	0	0	0	1	1	S
NMDC20551172	0	0	0	0	0	0	0	0	0	0	0	1	0	0	0	0	0	0	0	0	0	0	0	0	0	0	0	0	0	0	S
NMDC20553200	0	0	0	0	0	1	0	1	0	0	0	1	0	0	1	0	1	1	1	0	0	1	0	0	1	0	0	0	1	1	S
NMDC20553201	0	0	0	0	0	1	0	1	0	0	0	1	0	0	0	0	0	0	0	0	1	1	0	0	0	0	0	0	0	0	S
NMDC20583650	0	0	0	0	0	0	0	0	0	0	0	1	0	0	0	0	1	1	0	0	0	0	0	0	1	0	0	0	0	1	S
NMDC20583651	0	0	0	0	0	1	0	1	0	0	0	1	0	0	0	0	0	0	0	0	1	1	0	0	0	0	0	0	0	0	S
NMDC20555180	0	0	0	0	0	1	0	1	0	0	0	1	0	0	1	0	1	1	0	0	0	1	0	0	1	0	0	0	1	1	S
NMDC20583652	0	0	0	0	0	1	0	1	0	0	0	1	0	0	0	0	0	0	0	0	0	0	0	1	0	0	0	0	1	1	S
NMDC20551173	0	0	0	0	0	1	0	1	0	0	0	1	0	0	0	0	0	0	0	0	0	0	0	1	0	0	0	0	1	1	S
NMDC20583654	0	0	0	0	0	1	0	1	0	0	0	1	0	0	1	0	1	1	1	0	0	1	0	0	1	0	0	0	1	1	S
NMDC20555182	0	0	0	0	0	1	0	1	0	0	0	1	0	0	1	0	1	1	0	0	0	1	0	0	1	0	0	0	1	1	S
NMDC20553202	0	0	0	0	0	0	0	0	0	0	0	1	0	0	0	0	1	0	0	0	1	1	0	0	1	0	0	0	1	0	S
NMDC20583655	0	0	0	0	0	0	0	0	0	0	0	1	0	0	0	0	1	1	0	0	0	0	0	0	1	0	0	0	0	1	S
NMDC20583656	0	0	0	0	0	0	0	0	0	0	0	1	0	0	0	0	0	0	1	0	1	1	0	0	0	0	1	0	0	1	S
NMDC20551174	0	0	0	0	0	0	0	1	0	0	0	1	0	0	0	0	0	0	0	0	1	1	0	0	1	0	1	0	0	1	S
NMDC20557183	0	0	0	0	0	1	0	1	0	0	0	1	0	0	1	0	1	1	1	0	0	1	0	0	1	0	0	0	1	1	S
NMDC20583658	0	0	0	0	0	0	0	0	0	0	0	1	0	0	0	0	1	0	0	0	1	1	0	0	1	0	0	0	1	0	S
NMDC20557184	0	0	0	0	0	1	0	1	0	0	0	1	0	0	0	0	0	0	0	0	0	0	0	1	0	0	0	0	1	1	S
NMDC20583659	0	0	0	0	0	0	0	0	0	0	0	1	0	0	0	0	1	0	0	0	1	1	0	0	1	0	0	0	1	0	S
NMDC20583660	0	0	0	0	0	1	0	1	0	0	0	1	0	0	1	0	0	0	0	0	1	1	0	0	1	0	0	0	0	1	S
NMDC20555184	0	0	0	0	0	0	0	0	0	0	0	1	0	0	0	0	1	0	0	0	1	1	0	0	1	0	0	0	1	0	S
NMDC20557186	0	0	0	0	0	1	0	1	0	0	0	1	0	0	1	0	1	1	0	0	0	1	0	0	1	0	0	0	1	1	S
NMDC20583662	0	0	0	0	0	1	0	0	0	0	1	0	0	0	0	0	0	0	0	0	0	0	0	0	0	0	0	0	1	1	S
NMDC20551175	0	0	0	0	0	1	0	0	0	0	1	0	0	0	0	0	0	0	0	0	0	0	0	0	0	0	0	0	1	1	S
NMDC20557188	0	0	0	0	0	1	0	1	0	0	0	1	0	0	1	0	1	1	1	0	0	1	0	0	1	0	0	0	1	1	S
NMDC20583664	0	0	0	0	0	0	0	0	0	0	0	1	0	0	0	0	1	0	1	0	1	1	0	0	1	0	0	0	1	0	S
NMDC20583665	0	0	0	0	0	0	0	0	0	0	0	1	0	0	0	0	1	0	0	0	1	1	0	0	1	0	0	0	1	0	S
NMDC20583666	0	0	0	0	0	1	0	0	0	0	1	0	0	0	0	0	0	0	0	0	0	0	0	0	0	0	0	0	1	1	S
NMDC20553205	0	0	0	0	0	1	0	1	0	0	0	1	0	0	1	0	1	1	0	0	0	1	0	0	1	0	0	0	1	1	S
NMDC20551176	0	0	0	0	0	1	0	1	0	0	0	1	0	0	1	0	1	1	1	0	0	1	0	0	1	0	0	0	1	1	S
NMDC20583667	0	0	0	0	0	1	0	1	0	0	0	1	0	0	1	0	1	1	0	0	0	1	0	0	1	0	0	0	1	1	S
NMDC20583668	0	0	0	0	0	0	0	0	0	0	0	1	0	0	0	0	1	0	0	0	1	1	0	0	1	0	0	0	1	0	S
NMDC20583669	0	0	0	0	0	1	0	0	0	0	1	0	0	0	0	0	0	0	0	0	0	0	0	0	0	0	0	0	1	1	S
NMDC20553206	0	0	0	0	0	1	0	1	0	0	0	1	0	0	1	0	1	1	1	0	0	1	0	0	1	0	0	0	1	1	S
NMDC20583671	0	0	0	0	0	1	0	0	0	0	0	0	0	0	1	0	0	1	1	0	1	1	0	0	0	0	0	0	0	1	S
NMDC20583672	1	0	0	0	0	0	0	1	0	0	0	1	1	0	1	0	0	0	0	0	1	1	0	0	0	0	0	0	0	1	S
NMDC20583673	0	0	0	0	0	1	0	1	0	0	0	1	0	0	1	0	1	1	1	0	0	1	0	0	1	0	0	0	1	1	S
NMDC20553208	0	0	1	0	1	1	0	1	0	0	0	1	0	0	1	1	0	1	1	1	1	0	0	0	0	0	1	0	1	0	S
NMDC20583674	0	0	0	0	0	1	0	0	0	0	1	1	1	0	1	0	0	1	0	0	0	0	0	0	0	0	1	0	1	1	S
NMDC20583675	0	0	0	0	0	1	0	1	0	0	0	1	0	0	0	0	0	0	0	0	0	0	0	1	0	0	0	0	1	1	S
NMDC20553209	0	0	0	0	0	0	0	0	0	0	0	1	0	0	0	0	1	0	0	0	1	1	0	0	1	0	0	0	1	0	S
NMDC20583677	0	0	0	0	0	1	0	1	0	0	0	1	0	0	1	0	0	0	0	0	1	1	0	0	1	0	0	0	0	1	S
NMDC20583681	0	0	0	0	0	1	0	1	0	0	0	1	0	0	0	0	0	0	0	0	1	1	0	0	0	0	0	0	0	0	S
NMDC20555189	0	0	0	0	0	1	0	1	0	0	0	1	0	0	1	0	1	1	1	0	0	1	0	0	1	0	0	0	1	1	S
NMDC20583682	0	0	0	0	0	1	0	1	0	0	0	1	0	0	0	0	0	0	0	0	0	0	0	1	0	0	0	0	1	1	S
NMDC20555190	0	0	0	0	0	1	0	1	0	0	0	1	0	0	1	0	1	1	0	0	0	1	0	0	1	0	0	0	1	1	S
NMDC20583683	0	0	0	0	0	0	0	0	0	0	0	1	0	0	0	0	1	0	0	0	1	1	0	0	1	0	0	0	1	0	S
NMDC20557189	0	0	0	0	0	0	0	0	0	0	0	1	0	0	0	0	1	1	0	0	0	0	0	0	1	0	0	0	0	1	S
NMDC20583684	0	0	0	0	0	1	0	1	0	0	0	1	0	0	0	0	0	0	0	0	0	0	0	1	0	0	0	0	1	1	S
NMDC20553211	0	0	0	0	0	1	0	1	0	0	0	1	0	0	0	0	0	0	0	0	0	0	0	1	0	0	0	0	1	1	S
NMDC20555191	0	0	0	0	0	0	0	0	0	0	0	1	0	0	0	0	1	0	0	0	1	1	0	0	1	0	0	0	1	0	S
NMDC20583687	0	0	0	0	0	1	0	1	0	0	0	1	0	0	0	0	0	0	0	0	0	0	0	1	0	0	0	0	1	1	S
NMDC20583690	0	0	0	0	0	1	0	1	0	0	0	1	0	0	1	0	1	1	1	0	0	1	0	0	1	0	0	0	1	1	S
NMDC20583692	0	0	0	0	0	1	0	1	0	0	0	1	0	0	0	0	0	0	0	0	0	0	0	1	0	0	0	0	1	1	S
NMDC20583693	0	0	0	0	0	1	0	1	0	0	0	1	0	0	1	0	1	1	0	0	0	1	0	0	1	0	0	0	1	1	S
NMDC20583694	0	0	0	0	0	1	0	1	0	0	0	1	0	0	0	0	0	0	0	0	0	0	0	1	0	0	0	0	1	1	S
NMDC20583696	0	0	0	0	0	1	0	1	0	0	0	1	0	0	1	0	1	1	0	0	0	1	0	0	1	0	0	0	1	1	S
NMDC20583697	0	0	0	0	0	1	0	1	0	0	0	1	0	0	1	0	1	1	1	0	0	1	0	0	1	0	0	0	1	1	S
NMDC20583698	0	0	0	0	0	0	0	0	0	0	0	1	0	0	0	0	1	0	0	0	1	1	0	0	1	0	0	0	1	0	S
NMDC20583699	0	0	0	0	0	1	0	1	0	0	0	1	0	0	1	0	1	1	0	0	0	1	0	0	1	0	0	0	1	1	S
NMDC20583701	0	0	0	0	0	1	0	1	0	0	0	1	0	0	0	0	0	0	0	0	0	0	0	1	0	0	0	0	1	1	S
NMDC20551178	0	0	0	0	0	1	0	1	0	0	0	1	0	0	1	0	1	1	1	0	0	1	0	0	1	0	0	0	1	1	S
NMDC20557191	0	0	0	0	0	0	0	0	0	0	0	1	0	0	0	0	1	0	1	0	1	1	0	0	1	0	0	0	1	0	S
NMDC20551179	0	0	0	0	0	0	0	0	0	0	0	1	0	0	0	0	0	0	0	0	0	0	0	0	0	0	0	0	0	0	S
NMDC20551180	0	0	0	0	0	1	0	1	0	0	0	1	0	0	0	0	0	0	0	0	0	0	0	1	0	0	0	0	1	1	S
NMDC20583703	0	0	0	0	0	0	0	0	0	0	0	1	0	0	0	0	0	0	0	0	1	1	0	0	0	0	1	0	1	1	S
NMDC20583704	0	0	0	0	0	0	0	0	0	0	1	0	0	0	0	0	1	0	0	0	1	1	0	0	0	0	0	0	0	1	S
NMDC20583705	0	0	0	0	0	0	0	0	0	0	0	1	0	0	0	0	1	1	0	0	0	0	0	0	1	0	0	0	0	1	S
NMDC20583706	0	0	0	0	0	1	0	1	0	0	0	1	0	0	1	0	1	1	0	0	0	1	0	0	1	0	0	0	1	1	S
NMDC20583707	0	0	0	0	0	0	0	0	0	0	0	1	0	0	0	0	1	0	0	0	1	1	0	0	1	0	0	0	1	0	S
NMDC20583708	0	0	0	0	0	1	0	0	0	0	0	0	0	0	0	0	0	0	0	0	1	1	0	0	0	0	0	0	0	0	S
NMDC20553215	0	0	0	0	0	1	0	1	0	0	0	1	0	0	1	0	1	1	0	0	0	1	0	0	1	0	0	0	1	1	S
NMDC20583710	0	0	0	0	0	0	0	0	0	0	0	1	0	0	0	0	1	0	1	0	1	1	0	0	1	0	0	0	1	0	S
NMDC20551181	0	0	0	0	0	1	0	1	0	0	0	1	0	0	1	0	1	1	1	0	0	1	0	0	1	0	0	0	1	1	S
NMDC20557194	0	0	0	0	0	1	0	1	0	0	0	1	0	0	1	0	1	1	0	0	0	1	0	0	1	0	0	0	1	1	S
NMDC20555194	0	0	0	0	0	1	0	0	0	0	1	0	0	0	0	0	0	0	0	0	0	0	0	0	0	0	0	0	1	1	S
NMDC20583712	0	0	0	0	0	1	0	1	0	0	0	1	0	0	1	0	1	1	0	0	0	1	0	0	1	0	0	0	1	1	S
NMDC20583713	0	0	0	0	0	1	0	1	0	0	0	1	0	0	1	0	1	1	0	0	0	1	1	0	1	0	0	0	1	1	S
NMDC20557195	0	0	0	0	0	1	0	1	0	0	0	1	0	0	1	0	0	0	1	0	1	1	0	0	1	0	0	0	0	1	S
NMDC20557196	0	0	0	0	0	0	0	0	0	0	0	1	0	0	0	0	0	0	0	0	0	0	0	0	0	0	0	0	0	0	S
NMDC20555196	0	0	0	0	0	1	0	1	0	0	0	1	0	0	1	0	1	1	0	0	0	1	0	0	1	0	0	0	1	1	S
NMDC20553217	0	0	0	0	0	0	0	0	0	0	0	1	0	0	0	0	0	0	0	0	0	0	0	0	0	0	0	0	0	0	S
NMDC20553219	0	0	0	0	0	1	0	1	0	0	0	1	0	0	0	0	0	0	0	0	0	0	0	1	0	0	0	0	1	1	S
NMDC20583720	0	0	0	0	0	1	0	0	0	0	1	0	0	0	0	0	0	0	0	0	0	0	0	0	0	0	0	0	1	1	S
NMDC20583721	0	0	0	0	0	1	0	1	0	0	0	1	0	0	0	0	0	0	1	0	1	1	0	0	0	0	0	0	0	0	S
NMDC20555197	0	0	0	0	0	1	0	1	0	0	0	1	0	0	0	0	0	0	1	0	1	1	0	0	0	0	0	0	0	0	S
NMDC20583722	0	0	0	0	0	1	0	1	0	0	0	1	0	0	0	0	0	0	1	0	1	1	0	0	0	0	0	0	0	0	S
NMDC20583723	0	0	0	0	0	0	0	0	0	0	0	1	0	0	0	0	1	1	0	0	0	0	0	0	1	0	0	0	0	1	S
NMDC20557199	0	0	0	0	0	1	0	1	0	0	0	1	0	0	1	0	1	1	0	0	0	1	0	0	1	0	0	0	1	1	S
NMDC20583725	0	0	0	0	0	1	0	1	0	0	0	1	0	0	1	0	1	1	0	0	0	1	0	0	1	0	0	0	1	1	S
NMDC20583726	0	0	0	0	0	0	0	0	0	0	0	1	0	0	0	0	1	1	0	0	0	0	0	0	1	0	0	0	0	1	S
NMDC20583727	0	0	0	0	0	0	0	0	0	0	1	0	0	0	0	0	0	0	0	0	1	1	0	0	0	0	1	0	1	1	S
NMDC20583728	0	0	0	0	0	1	0	1	0	0	0	1	0	0	1	0	1	1	0	0	0	1	0	0	1	0	0	0	1	1	S
NMDC20583729	0	0	0	0	0	0	0	0	0	0	0	1	0	0	0	0	0	0	0	0	0	0	0	0	0	0	0	0	0	0	S
NMDC20553220	0	0	1	0	1	1	0	1	0	0	0	1	0	0	1	1	1	1	0	0	0	1	0	0	1	0	0	0	1	1	S
NMDC20583730	0	0	0	0	0	0	0	0	0	0	0	1	0	0	0	0	1	0	0	0	1	1	0	0	1	0	0	0	1	0	S
NMDC20583731	0	0	0	0	0	0	0	0	0	0	0	1	0	0	0	0	1	0	0	0	1	1	0	0	1	0	0	0	1	0	S
NMDC20583732	0	1	1	0	1	0	0	0	0	0	0	0	0	1	0	1	1	0	1	0	0	1	0	0	0	0	0	0	1	0	S
NMDC20553221	0	0	0	0	0	0	0	0	0	0	0	1	0	0	0	0	0	0	0	0	0	0	0	0	0	0	0	0	0	0	S
NMDC20583733	0	0	0	0	0	1	0	0	0	0	0	1	0	0	0	0	0	0	0	0	0	1	0	0	0	0	0	0	0	1	S
NMDC20553222	0	0	0	0	0	0	0	0	0	0	0	1	0	0	0	0	0	0	0	0	1	1	0	0	0	0	1	0	1	1	S
NMDC20583735	0	0	0	0	0	1	0	1	0	0	0	1	0	0	0	0	0	0	0	0	1	1	0	0	0	0	0	0	0	0	S
NMDC20551185	0	0	0	0	0	0	0	1	0	0	0	1	0	0	0	0	0	0	0	0	0	0	0	0	0	0	1	0	0	1	S
NMDC20583736	0	0	0	0	0	1	0	0	0	0	0	1	0	0	1	0	0	0	0	0	1	0	0	0	1	0	0	0	0	1	S
NMDC20583737	0	0	0	0	0	1	0	1	0	0	0	1	0	0	1	0	1	1	1	0	0	1	0	0	1	0	0	0	1	1	S
NMDC20557200	0	0	0	0	0	1	0	1	0	0	0	1	0	0	1	0	1	1	0	0	0	1	0	0	1	0	0	0	1	1	S
NMDC20583738	0	0	0	0	0	1	0	1	0	0	0	1	0	0	1	0	1	1	0	0	0	1	0	0	1	0	0	0	1	1	S
NMDC20555198	0	0	0	0	0	1	0	1	0	0	0	1	0	0	0	0	0	0	0	0	1	1	0	0	0	0	0	0	0	0	S
NMDC20583739	0	0	0	0	0	0	0	0	0	0	0	1	0	0	0	0	1	1	0	0	0	0	0	0	1	0	0	0	0	1	S
NMDC20553223	0	0	0	0	0	1	0	1	0	0	0	1	0	0	1	0	1	1	1	0	0	1	0	0	1	0	0	0	1	1	S
NMDC20557202	0	0	0	0	0	0	0	0	0	0	0	0	0	0	1	0	0	0	0	0	0	1	0	0	0	0	0	1	0	0	S
NMDC20557203	0	0	0	0	0	1	0	1	0	0	0	1	0	0	1	0	1	1	0	0	0	1	0	0	1	0	0	0	1	1	S
NMDC20557204	0	0	0	0	0	0	0	0	0	0	0	1	0	0	0	0	1	0	0	0	1	1	0	0	1	0	0	0	1	0	S
NMDC20583741	0	0	0	0	0	1	0	1	0	0	0	1	0	0	1	0	1	1	0	0	0	1	0	0	1	0	0	0	1	1	S
NMDC20583742	0	0	0	0	0	0	0	0	0	0	0	1	0	0	0	0	1	0	0	0	1	1	0	0	1	0	0	0	1	0	S
NMDC20583744	0	0	0	0	0	1	0	1	0	0	0	1	0	0	1	0	1	1	1	0	0	1	0	0	1	0	0	0	1	1	S
NMDC20583745	0	0	0	0	0	0	0	0	0	0	0	1	0	0	0	0	1	0	0	0	1	1	0	0	1	0	0	0	1	0	S
NMDC20583746	0	0	0	0	0	0	0	0	0	0	0	1	0	0	0	0	1	0	0	0	1	1	0	0	1	0	0	0	1	0	S
NMDC20551186	0	0	0	0	0	1	0	1	0	0	0	1	0	0	1	0	1	1	0	0	0	1	0	0	1	0	0	0	1	1	S
NMDC20583749	0	0	0	0	0	1	0	1	0	0	0	1	0	0	1	0	1	1	0	0	0	1	1	0	1	0	0	0	1	1	S
NMDC20583751	0	0	0	0	0	0	0	0	0	0	0	1	0	0	0	0	1	0	0	0	1	1	0	0	1	0	0	0	1	0	S
NMDC20583752	0	0	0	0	0	1	0	1	0	0	0	1	0	0	1	0	1	1	0	0	0	1	0	0	1	0	0	0	1	1	S
NMDC20557206	0	0	0	0	0	1	0	0	0	0	1	0	0	0	0	0	0	0	0	0	0	0	0	0	0	0	0	0	1	1	S
NMDC20551187	0	0	0	0	0	1	0	1	0	0	0	1	0	0	1	0	1	1	0	0	0	1	0	0	1	0	0	0	1	1	S
NMDC20583754	0	0	0	0	0	1	0	0	0	0	0	0	0	0	1	0	0	1	1	0	1	1	0	0	0	0	0	0	0	1	S
NMDC20583756	0	0	0	0	0	1	0	0	0	0	0	0	0	0	0	0	0	0	1	0	1	1	0	0	0	0	0	0	0	0	S
NMDC20583757	0	0	0	0	0	0	0	0	0	0	0	1	0	0	0	0	1	0	0	0	1	1	0	0	1	0	0	0	1	0	S
NMDC20583758	0	0	0	0	0	0	0	1	0	0	0	1	0	0	0	0	1	0	0	0	1	1	0	0	0	0	0	0	0	0	S
NMDC20583759	0	0	0	0	0	0	0	0	0	0	0	1	0	0	0	0	1	0	1	0	1	1	0	0	1	0	0	0	1	0	S
NMDC20583760	0	0	0	0	0	0	0	0	0	0	0	1	0	0	1	0	0	0	0	0	0	1	0	0	0	0	0	1	1	0	S
NMDC20583762	0	0	0	0	0	0	0	0	0	0	0	1	0	0	0	0	1	0	0	0	1	1	0	0	1	0	0	0	1	0	S
NMDC20583763	0	0	0	0	0	0	0	0	0	0	0	1	0	0	0	0	1	0	0	0	1	1	0	0	1	0	0	0	1	0	S
NMDC20583764	0	0	0	0	0	0	0	0	0	0	0	0	0	0	0	0	1	0	0	0	0	1	0	0	0	0	0	0	1	0	S
NMDC20583765	0	0	0	0	0	1	0	1	0	0	0	1	0	0	0	0	0	0	0	0	0	0	0	1	0	0	0	0	1	1	S
NMDC20583766	0	0	1	0	0	1	0	1	0	0	0	1	0	0	1	1	1	1	0	0	0	1	0	0	1	0	0	0	0	1	S
NMDC20583767	0	0	0	0	0	1	0	0	0	0	0	1	0	0	0	0	0	0	0	0	1	1	0	0	0	0	1	0	0	1	S
NMDC20583768	0	0	0	0	0	0	0	0	0	0	0	1	0	0	0	0	1	1	0	0	0	0	0	0	1	0	0	0	0	1	S
NMDC20583769	0	0	0	0	0	1	0	1	0	0	0	1	0	0	0	0	0	0	0	0	0	0	0	1	0	0	0	0	1	1	S
NMDC20583770	0	0	0	0	0	1	0	1	0	0	0	1	0	0	1	0	1	1	0	0	0	1	0	0	1	0	0	0	1	1	S
NMDC20583771	0	0	0	0	0	1	0	1	0	0	0	1	0	0	0	0	0	0	0	0	0	0	0	1	0	0	0	0	1	1	S
NMDC20583772	0	0	0	0	0	1	0	0	0	0	0	0	0	0	0	0	0	0	1	0	1	1	0	0	0	0	0	0	0	0	S
NMDC20583773	0	0	0	0	0	0	0	0	0	0	0	1	0	0	0	0	1	0	0	0	1	1	0	0	1	0	0	0	1	0	S
NMDC20557207	0	0	0	0	0	1	0	1	0	0	0	1	0	0	0	0	0	0	0	0	0	0	0	1	0	0	0	0	1	1	S
NMDC20557208	0	0	0	0	0	0	0	0	0	0	0	1	0	0	0	0	0	0	0	0	1	1	0	0	0	0	1	0	1	1	S
NMDC20555200	0	0	0	0	0	1	0	1	0	0	0	1	0	0	1	0	0	0	0	0	1	1	0	0	1	0	0	0	0	1	S
NMDC20583774	0	0	0	0	0	1	0	0	0	0	0	0	0	0	1	0	0	1	1	0	1	1	0	0	0	0	0	0	0	1	S
NMDC20555201	0	0	0	0	0	0	0	0	0	0	0	0	0	0	0	0	0	0	1	0	0	1	0	0	0	0	0	0	1	1	S
NMDC20583776	0	0	0	0	0	1	0	1	0	0	0	1	0	0	1	0	0	0	1	0	1	1	0	0	1	0	0	0	0	1	S
NMDC20583777	0	0	0	0	0	0	0	0	0	0	0	1	0	0	0	0	1	1	0	0	0	0	0	0	1	0	0	0	0	1	S
NMDC20551188	0	0	0	0	0	1	0	0	0	0	0	0	0	0	0	0	0	0	1	0	1	1	0	0	0	0	0	0	0	0	S
NMDC20583778	0	0	0	0	0	0	0	0	0	0	0	1	0	0	0	0	1	1	0	0	0	0	0	0	1	0	0	0	0	1	S
NMDC20583779	0	0	0	0	0	0	0	0	0	0	0	1	0	0	0	0	1	0	0	0	1	1	0	0	1	0	0	0	1	0	S
NMDC20551189	0	0	0	0	0	0	0	0	0	0	0	0	0	0	0	0	1	0	0	0	0	1	0	0	0	0	0	0	1	0	S
NMDC20551190	0	0	0	0	0	1	0	1	0	0	0	1	0	0	0	0	0	0	0	0	0	0	0	1	0	0	0	0	1	1	S
NMDC20557209	0	0	0	0	0	1	0	1	0	0	0	1	0	0	0	0	0	0	0	0	0	0	0	1	0	0	0	0	1	1	S
NMDC20583780	0	0	0	0	0	1	0	1	0	0	0	1	0	0	1	0	0	0	0	0	1	1	0	0	1	0	0	0	0	1	S
NMDC20583781	0	0	0	0	0	1	0	0	0	0	1	0	0	0	0	0	0	0	0	0	0	0	0	0	0	0	0	0	1	1	S
NMDC20553225	0	0	0	0	0	0	0	0	0	0	0	1	0	0	0	0	1	0	0	0	1	1	0	0	1	0	0	0	1	0	S
NMDC20583782	0	0	0	0	0	1	0	0	0	0	1	1	1	0	1	0	0	1	0	0	0	0	0	0	0	0	1	0	1	1	S
NMDC20583783	0	0	0	0	0	1	0	0	0	0	0	1	0	0	0	0	0	0	0	0	1	1	0	0	0	0	1	0	0	1	S
NMDC20583784	0	0	0	0	0	1	0	0	0	0	0	1	0	0	0	0	0	0	0	0	1	1	0	0	0	0	1	0	0	1	S
NMDC20583785	0	0	0	0	0	1	0	1	0	0	0	1	0	0	0	0	0	0	0	0	0	0	0	1	0	0	0	0	1	1	S
NMDC20583786	0	0	0	0	0	1	0	1	0	0	0	1	0	0	0	0	0	0	0	0	0	0	0	1	0	0	0	0	1	1	S
NMDC20557210	0	0	0	0	0	0	0	0	0	0	0	1	0	0	0	0	1	1	0	0	0	0	0	0	1	0	0	0	0	1	S
NMDC20583787	0	0	0	0	0	0	0	0	0	0	0	1	0	0	0	0	1	1	0	0	0	0	0	0	1	0	0	0	0	1	S
NMDC20583788	0	0	0	0	0	1	0	0	0	0	1	1	1	0	1	0	0	1	0	0	0	0	0	0	0	0	1	0	1	1	S
NMDC20551192	0	0	0	0	0	1	0	0	0	0	0	0	0	0	0	0	0	0	0	0	1	1	0	0	0	0	0	0	0	0	S
NMDC20557211	0	0	0	0	0	1	0	0	0	0	0	0	0	0	0	0	0	0	1	0	1	1	0	0	0	0	0	0	0	0	S
NMDC20551193	0	0	0	0	0	0	0	0	0	0	0	0	0	0	0	0	1	0	0	0	0	1	0	0	0	0	0	0	1	0	S
NMDC20553226	0	0	0	0	0	1	0	1	0	0	0	1	0	0	1	0	0	0	0	0	1	1	0	0	1	0	0	0	0	1	S
NMDC20555203	0	0	0	0	0	0	0	0	0	0	0	0	0	0	1	0	0	0	0	0	0	1	0	0	0	0	0	1	1	0	S
NMDC20583790	0	0	0	0	0	1	0	0	0	0	0	1	0	0	0	0	0	0	0	0	0	1	0	0	0	0	0	1	0	0	S
NMDC20583791	0	0	0	0	0	1	0	1	0	0	0	1	0	0	0	0	0	0	1	0	0	0	0	1	0	0	0	0	1	1	S
NMDC20553227	0	0	0	0	0	0	0	0	0	0	0	1	0	0	0	0	1	0	0	0	1	1	0	0	1	0	0	0	1	0	S
NMDC20583792	0	0	0	0	0	1	0	1	0	0	0	1	0	0	1	0	1	1	0	0	0	1	0	0	1	0	0	0	1	1	S
NMDC20583793	0	0	0	0	0	0	0	0	0	0	0	1	0	0	0	0	1	0	0	0	1	1	0	0	1	0	0	0	1	0	S
NMDC20551194	0	0	0	0	0	1	0	1	0	0	0	1	0	0	1	0	1	1	0	0	0	1	0	0	1	0	0	0	1	1	S
NMDC20583794	0	0	0	0	0	0	0	0	0	0	0	1	0	0	0	0	1	0	0	0	1	1	0	0	1	0	0	0	1	0	S
NMDC20583795	0	0	0	0	0	0	0	0	0	0	0	1	0	0	0	0	1	0	0	0	1	1	0	0	1	0	0	0	1	0	S
NMDC20555204	0	0	0	0	0	1	0	1	0	0	0	1	0	0	1	0	1	1	0	0	0	1	0	0	1	0	0	0	1	1	S
NMDC20557215	0	0	0	0	0	1	0	0	0	0	1	0	0	0	0	0	0	0	0	0	0	0	0	0	0	0	0	0	1	1	S
NMDC20583798	0	0	0	0	0	1	0	1	0	0	0	1	0	0	1	0	1	1	0	0	0	1	0	0	1	0	0	0	1	1	S
NMDC20557213	0	0	0	0	0	1	0	1	0	0	0	1	0	0	1	0	1	1	0	0	0	1	0	0	1	0	0	0	1	1	S
NMDC20555206	0	0	0	0	0	1	0	1	0	0	0	1	0	0	1	0	1	1	0	0	0	1	1	0	1	0	0	0	1	1	S
NMDC20557216	0	0	0	0	0	1	0	1	0	0	0	1	0	0	0	0	0	0	1	0	1	1	0	0	0	0	0	0	0	0	S
NMDC20551195	0	0	0	0	0	1	0	0	0	0	1	0	0	0	0	0	0	0	0	0	0	0	0	0	0	0	0	0	1	1	S
NMDC20557221	0	0	0	0	0	1	0	1	0	0	0	1	0	0	1	0	1	1	0	0	0	1	0	0	1	0	0	0	1	1	S
NMDC20583805	0	0	0	0	0	1	0	0	0	0	1	0	0	0	0	0	0	0	0	0	0	0	0	0	0	0	0	0	1	1	S
NMDC20555209	0	0	0	0	0	1	0	1	0	0	0	1	0	0	1	0	1	1	0	0	0	1	0	0	1	0	0	0	1	1	S
NMDC20557222	0	0	0	0	0	1	0	1	0	0	0	1	0	0	1	0	1	1	1	0	0	1	0	0	1	0	0	0	1	1	S
NMDC20583807	0	0	0	0	0	1	0	0	0	0	1	0	0	0	0	0	0	0	0	0	0	0	0	0	0	0	0	0	1	1	S
NMDC20583808	0	0	0	0	0	1	0	1	0	0	0	1	0	0	1	0	1	1	0	0	0	1	0	0	1	0	0	0	1	1	S
NMDC20551198	0	0	0	0	0	1	0	1	0	0	0	1	0	0	1	0	1	1	1	0	0	1	0	0	1	0	0	0	1	1	S
NMDC20557223	0	0	0	0	0	1	0	0	0	0	0	0	0	0	0	0	0	0	0	0	1	1	0	0	0	0	0	0	0	0	S
NMDC20583809	0	0	0	0	0	1	0	1	0	0	0	1	0	0	0	0	0	0	0	0	0	0	0	1	0	0	0	0	1	1	S
NMDC20583810	0	0	0	0	0	1	0	0	0	0	1	0	0	0	0	0	0	0	0	0	0	0	0	0	0	0	0	0	1	1	S
NMDC20555213	0	0	0	0	0	1	0	0	0	0	1	0	0	0	0	0	0	0	0	0	0	0	0	0	0	0	0	0	1	1	S
NMDC20583811	0	0	1	0	1	0	0	0	0	0	1	0	0	0	0	1	0	0	1	1	0	0	0	1	0	0	0	0	1	1	S
NMDC20557225	0	0	0	0	0	1	0	1	0	0	0	1	0	0	1	0	1	1	0	0	0	1	0	0	1	0	0	0	1	1	S
NMDC20583812	0	0	0	0	0	1	0	0	0	0	0	0	0	0	0	0	0	0	0	0	1	1	0	0	0	0	0	0	0	0	S
NMDC20553235	0	0	0	0	0	1	0	1	0	0	0	1	0	0	1	0	1	1	1	0	0	1	0	0	1	0	0	0	1	1	S
NMDC20557226	0	0	0	0	0	1	0	1	0	0	0	1	0	0	1	0	1	1	0	0	0	1	0	0	1	0	0	0	1	1	S
NMDC20557227	0	0	0	0	0	1	0	0	0	0	1	0	0	0	0	0	0	0	0	0	0	0	0	0	0	0	0	0	1	1	S
NMDC20583814	0	0	0	0	0	1	0	1	0	0	0	1	0	0	1	0	1	1	0	0	0	1	0	0	1	0	0	0	1	1	S
NMDC20583816	0	0	0	0	0	1	0	0	0	0	1	0	0	0	0	0	0	0	0	0	0	0	0	0	0	0	0	0	1	1	S
NMDC20557228	0	0	0	0	0	1	0	1	0	0	0	1	0	0	1	0	1	1	0	0	0	1	0	0	1	0	0	0	1	1	S
NMDC20583818	0	0	0	0	0	1	0	1	0	0	0	1	0	0	1	0	1	1	0	0	0	1	0	0	1	0	0	0	1	1	S
NMDC20583819	0	0	0	0	0	0	0	0	0	0	0	1	0	0	0	1	0	0	1	0	0	0	0	0	0	0	0	0	0	0	S
NMDC20551200	0	0	0	0	0	1	0	1	0	0	0	1	0	0	1	0	1	1	0	0	0	1	0	0	1	0	0	0	1	1	S
NMDC20553236	0	0	0	0	0	1	0	1	0	0	0	1	0	0	1	0	1	1	0	0	0	1	0	0	1	0	0	0	1	1	S
NMDC20557229	0	0	0	0	0	0	0	0	0	0	0	0	0	0	0	0	1	1	0	1	0	0	0	1	0	0	0	0	0	0	S
NMDC20551201	0	0	0	0	0	1	0	0	0	0	1	0	0	0	0	0	0	0	0	0	0	0	0	0	0	0	0	0	1	1	S
NMDC20551202	0	0	0	0	0	1	0	0	0	0	1	0	0	0	0	0	0	0	0	0	0	0	0	0	0	0	0	0	1	1	S
NMDC20583820	0	0	0	0	0	1	0	0	0	0	0	1	0	0	0	0	0	0	0	0	1	1	0	0	0	0	1	0	0	1	S
NMDC20557231	0	0	0	0	0	1	0	1	0	0	0	1	0	0	1	0	1	1	0	0	0	1	0	0	1	0	0	0	1	1	S
NMDC20583822	0	0	0	0	0	1	0	0	0	0	1	0	0	0	0	0	0	0	0	0	0	0	0	0	0	0	0	0	1	1	S
NMDC20555214	0	0	0	0	0	1	0	1	0	0	0	1	0	0	1	0	1	1	0	0	0	1	0	0	1	0	0	0	1	1	S
NMDC20583823	0	0	0	0	0	0	0	0	0	0	0	1	0	0	0	0	1	0	0	0	1	1	0	0	1	0	0	0	1	0	S
NMDC20557230	0	0	0	0	0	1	0	1	0	0	0	1	0	0	1	0	1	1	0	0	0	1	1	0	1	0	0	0	1	1	S
NMDC20583824	0	0	0	0	0	0	0	0	0	0	0	0	0	0	0	0	0	0	0	0	0	1	0	0	0	0	0	0	0	0	S
NMDC20551204	0	0	0	0	0	1	0	0	0	0	1	0	0	0	0	0	0	0	0	0	0	0	0	0	0	0	0	0	1	1	S
NMDC20557232	0	0	0	0	0	1	0	0	0	0	1	0	0	0	0	0	0	0	0	0	0	0	0	0	0	0	0	0	1	1	S
NMDC20557233	0	0	0	0	0	1	0	0	0	0	1	0	0	0	0	0	0	0	0	0	0	0	0	0	0	0	0	0	1	1	S
NMDC20551205	0	0	0	0	0	1	0	1	0	0	0	1	0	0	1	0	1	1	0	0	0	1	0	0	1	0	0	0	1	1	S
NMDC20551206	0	0	0	0	0	1	0	1	0	0	0	1	0	0	1	0	1	1	0	0	0	1	0	0	1	0	0	0	1	1	S
NMDC20583827	0	0	0	0	0	1	0	0	0	0	1	0	0	0	0	0	0	0	0	0	0	0	0	0	0	0	0	0	1	1	S
NMDC20551207	0	0	0	0	0	1	0	1	0	0	0	1	0	0	1	0	1	1	0	0	0	1	0	0	1	0	0	0	1	1	S
NMDC20555216	0	0	0	0	0	1	0	0	0	0	1	0	0	0	0	0	0	0	0	0	0	0	0	0	0	0	0	0	1	1	S
NMDC20583828	0	0	0	0	0	1	0	0	0	0	1	0	0	0	0	0	0	0	0	0	0	0	0	0	0	0	0	0	1	1	S
NMDC20553237	0	0	0	0	0	1	0	0	0	0	1	0	0	0	0	0	0	0	0	0	0	0	0	0	0	0	0	0	1	1	S
NMDC20555219	0	0	0	0	0	1	0	1	0	0	0	1	0	0	1	0	1	1	0	0	0	1	0	0	1	0	0	0	1	1	S
NMDC20553238	0	0	0	0	0	1	0	1	0	0	0	1	0	0	1	0	1	1	0	0	0	1	0	0	1	0	0	0	1	1	S
NMDC20583829	0	0	0	0	0	1	0	0	0	0	1	0	0	0	0	0	0	0	0	0	0	0	0	0	0	0	0	0	1	1	S
NMDC20555217	0	0	0	0	0	1	0	0	0	0	1	0	0	0	0	0	0	0	0	0	0	0	0	0	0	0	0	0	1	1	S
NMDC20553239	0	0	0	0	0	1	0	1	0	0	0	1	0	0	1	0	1	1	0	0	0	1	0	0	1	0	0	0	1	1	S
NMDC20555218	0	0	0	0	0	0	0	0	0	0	0	1	0	0	0	0	1	0	0	0	1	1	0	0	1	0	0	0	1	0	S
NMDC20551208	0	0	0	0	0	1	0	1	0	0	0	1	0	0	1	0	1	1	0	0	0	1	0	0	1	0	0	0	1	1	S
NMDC20557234	0	0	0	0	0	1	0	1	0	0	0	1	0	0	1	0	1	1	0	0	0	1	0	0	1	0	0	0	1	1	S
NMDC20557235	0	0	0	0	0	1	0	0	0	0	0	1	0	0	0	0	0	0	0	0	0	1	0	0	0	0	1	0	0	1	S
NMDC20553241	0	0	0	0	0	1	0	1	0	0	0	1	0	0	1	0	1	1	0	0	0	1	0	0	1	0	0	0	1	1	S
NMDC20555220	0	0	0	0	0	1	0	1	0	0	0	1	0	0	0	0	0	0	1	0	1	1	0	0	0	0	0	0	0	0	S
NMDC20583832	0	0	0	0	0	1	0	1	0	0	0	1	0	0	1	0	1	1	0	0	0	1	0	0	1	0	0	0	1	1	S
NMDC20553242	0	0	0	0	0	1	0	1	0	0	0	1	0	0	1	0	1	1	0	0	0	1	0	0	1	0	0	0	1	1	S
NMDC20557236	0	0	0	0	0	1	0	1	0	0	0	1	0	0	1	0	1	1	0	0	0	1	1	0	1	0	0	0	1	1	S
NMDC20553243	0	0	0	0	0	1	0	1	0	0	0	1	0	0	1	0	1	1	0	0	0	1	0	0	1	0	0	0	1	1	S
NMDC20583833	0	0	0	0	0	0	0	0	0	0	0	1	0	0	0	0	1	0	0	0	1	1	0	0	1	0	0	0	1	0	S
NMDC20583834	0	0	0	0	0	1	0	1	0	0	0	1	0	0	1	0	1	1	0	0	0	1	0	0	1	0	0	0	1	1	S
NMDC20551211	0	0	0	0	0	1	0	1	0	0	0	1	0	0	1	0	1	1	0	0	0	1	0	0	1	0	0	0	1	1	S
NMDC20583835	0	0	0	0	0	1	0	1	0	0	0	1	0	0	1	0	1	1	0	0	0	1	0	0	1	0	0	0	1	1	S
NMDC20583836	0	0	0	0	0	1	0	1	0	0	0	1	0	0	0	0	0	0	0	0	0	0	0	1	0	0	0	0	1	1	S
NMDC20583838	0	0	0	0	0	1	0	1	0	0	0	1	0	0	1	0	1	1	0	0	0	1	0	0	1	0	0	0	1	1	S
NMDC20583840	0	0	0	0	0	1	0	1	0	0	0	1	0	0	1	0	1	1	0	0	0	1	0	0	1	0	0	0	1	1	S
NMDC20553245	0	0	0	0	0	1	0	1	0	0	0	1	0	0	1	0	1	1	0	0	0	1	0	0	1	0	0	0	1	1	S
NMDC20555223	0	0	0	0	0	0	0	0	0	0	0	1	0	0	0	0	1	0	0	0	1	1	0	0	1	0	0	0	1	0	S
NMDC20583842	0	0	0	0	0	1	0	1	0	0	0	1	0	0	1	0	1	1	0	0	0	1	0	0	1	0	0	0	1	1	S
NMDC20553246	0	0	0	0	0	1	0	0	0	0	1	0	0	0	0	0	0	0	0	0	0	0	0	0	0	0	0	0	1	1	S
NMDC20553248	0	0	0	0	0	1	0	0	0	0	1	0	0	0	0	0	0	0	0	0	0	0	0	0	0	0	0	0	1	1	S
NMDC20583846	0	0	0	0	0	1	0	1	0	0	0	1	0	0	1	0	1	1	0	0	0	1	1	0	1	0	0	0	1	1	S
NMDC20583847	0	0	0	0	0	1	0	0	0	0	0	0	0	0	0	0	0	0	0	0	0	0	0	0	1	0	1	0	1	0	S
NMDC20583850	0	0	0	0	0	1	0	0	0	0	1	0	0	0	0	0	0	0	0	0	0	0	0	0	0	0	0	0	1	1	S
NMDC20557241	0	0	0	0	0	1	0	1	0	0	0	1	0	0	1	0	1	1	0	0	0	1	0	0	1	0	0	0	1	1	S
NMDC20583851	0	0	0	0	0	1	0	0	0	0	1	0	0	0	0	0	0	0	0	0	0	0	0	0	0	0	0	0	1	1	S
NMDC20557242	0	0	0	0	0	1	0	1	0	0	0	1	0	0	1	0	1	1	0	0	0	1	0	0	1	0	0	0	1	1	S
NMDC20553249	0	0	0	0	0	1	0	1	0	0	0	1	0	0	1	0	1	1	0	0	0	1	0	0	1	0	0	0	1	1	S
NMDC20583853	0	0	0	0	0	1	0	0	0	0	0	1	0	0	0	0	0	0	0	0	1	1	0	0	0	0	1	0	1	0	S
NMDC20551214	0	0	0	0	0	1	0	1	0	0	0	1	0	0	1	0	1	1	0	0	0	1	0	0	1	0	0	0	1	1	S
NMDC20583856	0	0	0	0	0	0	0	1	0	0	0	1	0	0	0	0	0	0	0	0	0	1	1	0	0	0	0	0	0	1	S
NMDC20583857	0	0	0	0	0	1	0	1	0	0	0	1	0	0	1	0	1	1	0	0	0	1	0	0	1	0	0	0	1	1	S
NMDC20583858	0	0	0	0	0	0	0	0	0	0	0	0	0	0	0	0	1	1	0	1	0	0	0	1	0	0	0	0	0	0	S
NMDC20557243	0	0	0	0	0	1	0	1	0	0	0	1	0	0	1	0	1	1	0	0	0	1	0	0	1	0	0	0	1	1	S
NMDC20583861	0	0	0	0	0	1	0	1	0	0	0	1	0	0	1	0	1	1	0	0	0	1	0	0	1	0	0	0	1	1	S
NMDC20583862	0	0	0	0	0	1	0	1	0	0	0	1	0	0	1	0	1	1	0	0	0	1	0	0	1	0	0	0	1	1	S
NMDC20583863	0	0	0	0	0	1	0	1	0	0	0	1	0	0	1	0	1	1	0	0	0	1	0	0	1	0	0	0	1	1	S
NMDC20557245	0	0	0	0	0	0	0	0	0	0	0	1	0	0	0	0	1	1	0	0	0	0	0	0	1	0	0	0	0	1	S
NMDC20553251	0	0	0	0	0	1	0	0	0	0	1	0	0	0	0	0	0	0	0	0	0	0	0	0	0	0	0	0	1	1	S
NMDC20555225	0	0	0	0	0	0	0	1	0	0	0	1	0	0	0	0	0	0	0	0	0	1	0	0	0	0	0	0	0	1	S
NMDC20553252	0	0	0	0	0	1	0	1	0	0	0	1	0	0	1	0	1	1	0	0	0	1	0	0	1	0	0	0	1	1	S
NMDC20583864	0	0	0	0	0	1	0	0	0	0	1	0	0	0	0	0	0	0	0	0	0	0	0	0	0	0	0	0	1	1	S
NMDC20583865	0	0	0	0	0	1	0	0	0	0	1	0	0	0	0	0	0	0	0	0	0	0	0	0	0	0	0	0	1	1	S
NMDC20583866	0	0	0	0	0	1	0	1	0	0	0	1	0	0	1	0	1	1	0	0	0	1	0	0	1	0	0	0	1	1	S
NMDC20555226	0	0	0	0	0	1	0	0	0	0	1	0	0	0	0	0	0	0	0	0	0	0	0	0	0	0	0	0	1	1	S
NMDC20583868	0	0	0	0	0	0	0	0	0	0	0	1	1	0	0	0	0	0	0	0	1	1	0	0	0	0	0	0	0	0	S
NMDC20555227	0	0	0	0	0	0	0	0	0	0	0	1	0	0	0	0	1	0	0	1	1	1	0	0	0	0	0	0	1	0	S
NMDC20557246	0	0	0	0	0	0	0	0	0	0	0	1	0	0	0	0	1	0	0	0	1	1	0	0	1	0	0	0	1	0	S
NMDC20553253	0	0	0	0	0	1	0	1	0	0	0	1	0	0	1	0	1	1	0	0	0	1	0	0	1	0	0	0	1	1	S
NMDC20553254	0	0	1	0	1	0	0	0	0	0	0	1	0	0	0	1	0	0	1	0	0	0	0	0	0	0	0	0	0	0	S
NMDC20551216	0	0	0	0	0	1	0	0	0	0	1	0	0	0	0	0	0	0	0	0	0	0	0	0	0	0	0	0	1	1	S
NMDC20583871	0	0	0	0	0	1	0	0	0	0	1	0	0	0	0	0	0	0	0	0	0	0	0	0	0	0	0	0	1	1	S
NMDC20551217	0	0	0	0	0	1	0	0	0	0	1	0	0	0	0	0	0	0	0	0	0	0	0	0	0	0	0	0	1	1	S
NMDC20553255	0	0	0	0	0	1	0	0	0	0	1	0	0	0	0	0	0	0	0	0	0	0	0	0	0	0	0	0	1	1	S
NMDC20553256	0	0	0	0	0	1	0	0	0	0	1	0	0	0	0	0	0	0	0	0	0	0	0	0	0	0	0	0	1	1	S
NMDC20553257	0	0	0	0	0	1	0	0	0	0	1	0	0	0	0	0	0	0	0	0	0	0	0	0	0	0	0	0	1	1	S
NMDC20583874	0	0	0	0	0	1	0	0	0	0	1	0	0	0	0	0	0	0	0	0	0	0	0	0	0	0	0	0	1	1	S
NMDC20555232	0	0	0	0	0	1	0	1	0	0	0	1	0	0	1	0	1	1	0	0	0	1	0	0	1	0	0	0	1	1	S
NMDC20553260	0	0	0	0	0	1	0	1	0	0	0	1	0	0	1	0	1	1	0	0	0	1	0	0	1	0	0	0	1	1	S
NMDC20583877	0	0	0	0	0	1	0	0	0	0	0	1	0	0	0	0	1	0	1	0	1	1	0	0	0	0	0	0	0	1	S
NMDC20553261	0	0	0	0	0	0	0	0	0	0	0	0	0	0	0	0	1	1	0	1	0	0	0	1	0	0	0	0	0	0	S
NMDC20555233	0	0	0	0	0	1	0	1	0	0	0	1	0	0	1	0	1	1	0	0	0	1	0	0	1	0	0	0	1	1	S
NMDC20555234	0	0	0	0	0	1	0	1	0	0	0	1	0	0	1	0	1	1	1	0	0	1	0	0	1	0	0	0	1	1	S
NMDC20553262	0	0	0	0	0	1	0	1	0	0	0	1	0	0	1	0	1	1	0	0	0	1	0	0	1	0	0	0	1	1	S
NMDC20551222	0	0	0	0	0	1	0	1	0	0	0	1	0	0	1	0	1	1	1	0	0	1	0	0	1	0	0	0	1	0	S
NMDC20551223	0	0	0	0	0	1	0	1	0	0	0	1	0	0	1	0	1	1	0	0	0	1	0	0	1	0	0	0	1	1	S
NMDC20583879	0	0	1	0	0	1	0	1	0	0	0	1	0	0	1	1	1	1	0	0	0	1	0	0	1	0	0	0	1	1	S
NMDC20583881	0	0	0	0	0	0	0	0	0	0	0	1	0	0	0	0	1	1	0	0	0	0	0	0	1	0	0	0	0	1	S
NMDC20551224	0	0	0	0	0	1	0	1	0	0	0	1	0	0	1	0	1	1	0	0	0	1	0	0	1	0	0	0	1	1	S
NMDC20583882	0	0	0	0	0	1	0	1	0	0	0	1	0	0	1	0	1	1	0	0	0	1	0	0	1	0	0	0	1	1	S
NMDC20553264	0	0	0	0	0	1	0	1	0	0	0	1	0	0	1	0	1	1	0	0	0	1	0	0	1	0	0	0	1	1	S
NMDC20583885	0	0	1	0	1	0	0	0	0	0	0	1	0	0	0	1	0	0	1	0	0	0	0	0	0	0	0	0	0	0	S
NMDC20557255	0	0	0	0	0	0	0	0	0	0	0	1	0	0	0	0	1	0	0	0	1	1	0	0	1	0	0	0	1	0	S
NMDC20555237	0	0	1	0	1	0	0	0	0	0	0	1	0	0	0	1	0	0	1	0	0	0	0	0	0	0	0	0	0	0	S
NMDC20557253	0	0	1	0	1	0	0	0	0	0	0	1	0	0	0	1	0	0	1	0	0	0	0	0	0	0	0	0	0	0	S
NMDC20557254	0	0	1	0	0	0	0	0	0	0	0	1	0	0	0	1	0	0	1	0	0	0	0	0	0	0	0	0	0	0	S
NMDC20553265	0	0	0	0	0	1	0	0	0	0	1	0	0	0	0	0	0	0	0	0	0	0	0	0	0	0	0	0	1	1	S
NMDC20551226	0	0	0	0	0	1	0	0	0	0	1	0	0	0	0	0	0	0	0	0	0	0	0	0	0	0	0	0	1	1	S
NMDC20583887	0	0	0	0	0	1	0	1	0	0	0	1	0	0	1	0	0	0	0	0	0	1	0	0	0	0	0	0	1	0	S
NMDC20583888	0	0	0	0	0	1	0	1	0	0	0	1	0	0	1	0	0	0	0	0	0	1	0	0	0	0	0	0	1	0	S
NMDC20583889	0	0	0	0	0	1	0	1	0	0	0	1	0	0	1	0	0	0	0	0	0	1	0	0	0	0	0	0	1	0	S
NMDC20551229	0	0	0	0	0	0	0	0	0	0	0	1	0	0	0	0	1	0	0	0	1	1	0	0	1	0	0	0	1	0	S
NMDC20583890	0	0	0	0	0	0	0	0	0	0	0	1	0	0	0	0	1	1	0	0	0	0	0	0	1	0	0	0	0	1	S
NMDC20551227	0	0	0	0	0	1	0	1	0	0	0	1	0	0	1	0	1	1	0	0	0	1	0	0	1	0	0	0	1	1	S
NMDC20555239	0	0	0	0	0	1	0	1	0	0	0	1	0	0	1	0	1	1	1	0	0	1	0	0	1	0	0	0	1	1	S
NMDC20553266	0	0	0	0	0	1	0	1	0	0	0	1	0	0	1	0	1	1	1	0	0	1	0	0	1	0	0	0	1	1	S
NMDC20583891	0	0	0	0	0	0	0	0	0	0	0	0	0	0	1	0	0	0	0	0	0	1	0	0	1	0	0	1	0	0	S
NMDC20551228	0	0	0	0	0	1	0	1	0	0	0	1	0	0	1	0	1	1	0	0	0	1	0	0	1	0	0	0	1	1	S
NMDC20583893	0	0	0	0	0	1	0	1	0	0	0	1	0	0	1	0	0	0	0	0	0	1	0	0	1	0	0	0	0	0	S
NMDC20583894	0	0	0	0	0	1	0	1	0	0	0	1	0	0	1	0	1	1	0	0	0	1	0	0	1	0	0	0	1	1	S
NMDC20551230	0	0	0	0	0	0	0	0	0	0	0	1	0	0	0	0	1	1	0	0	0	0	0	0	1	0	0	0	0	1	S
NMDC20583895	0	0	0	0	0	1	0	0	0	0	1	0	0	0	0	0	0	0	0	0	0	0	0	0	0	0	0	0	1	1	S
NMDC20557256	0	0	0	0	0	1	0	0	0	0	1	0	0	0	0	0	0	0	0	0	0	0	0	0	0	0	0	0	1	1	S
NMDC20583897	0	0	0	0	0	1	0	0	0	0	1	0	0	0	0	0	0	0	0	0	0	0	0	0	0	0	0	0	1	1	S
NMDC20583899	0	0	0	0	0	0	0	0	0	0	0	1	0	0	0	0	1	1	0	0	0	0	0	0	1	0	0	0	0	1	S
NMDC20557257	0	0	0	0	0	1	0	1	0	0	0	1	0	0	1	0	1	1	0	0	0	1	0	0	1	0	0	0	1	1	S
NMDC20555241	0	0	0	0	0	1	0	1	0	0	0	1	0	0	1	0	1	1	0	0	0	1	0	0	1	0	0	0	1	1	S
NMDC20583900	0	0	0	0	0	1	0	1	0	0	0	1	0	0	1	0	1	1	1	0	0	1	0	0	1	0	0	0	1	1	S
NMDC20555242	0	0	0	0	0	1	0	0	0	0	1	0	0	0	0	0	0	0	0	0	0	0	0	0	0	0	0	0	1	1	S
NMDC20583902	0	0	0	0	0	1	0	0	0	0	1	0	0	0	0	0	0	0	0	0	0	0	0	0	0	0	0	0	1	1	S
NMDC20557258	0	0	0	0	0	1	0	0	0	0	1	0	0	0	0	0	0	0	0	0	0	0	0	0	0	0	0	0	1	1	S
NMDC20555243	0	0	0	0	0	0	0	0	0	0	0	1	0	0	0	0	0	0	0	0	0	0	0	0	0	0	0	0	0	0	S
NMDC20583903	0	0	0	0	0	0	0	0	0	0	0	1	0	0	1	0	0	0	0	0	0	1	0	0	0	0	0	0	1	0	S
NMDC20583904	0	0	0	0	0	1	0	0	0	0	0	1	0	0	1	0	0	0	0	0	0	1	0	0	0	0	0	1	1	0	S
NMDC20551231	0	0	0	0	0	1	0	0	0	0	0	0	0	0	1	0	0	1	0	0	0	1	0	0	0	0	0	1	1	0	S
NMDC20583906	0	0	0	0	0	1	0	0	0	0	1	0	0	0	0	0	0	0	0	0	0	0	0	0	0	0	0	0	1	1	S
NMDC20551233	0	0	0	0	0	1	0	0	0	0	1	0	0	0	0	0	0	0	0	0	0	0	0	0	0	0	0	0	1	1	S
NMDC20583908	0	0	0	0	0	1	0	1	0	0	0	1	0	0	1	0	1	1	0	0	0	1	0	0	1	0	0	0	1	1	S
NMDC20555244	0	0	0	0	0	0	0	0	0	0	0	0	0	0	0	0	1	1	0	1	0	0	0	1	0	0	0	0	0	0	S
NMDC20551234	0	0	1	0	1	0	0	0	0	0	1	0	0	0	0	1	0	0	1	1	0	0	0	1	0	0	0	0	1	1	S
NMDC20583909	0	0	0	0	0	0	0	1	0	0	0	1	0	0	0	0	0	0	0	0	1	1	0	1	0	0	0	0	1	0	S
NMDC20551235	0	0	0	0	0	1	0	0	0	0	1	0	0	0	0	0	0	0	0	0	0	0	0	0	0	0	0	0	1	1	S
NMDC20583912	0	0	0	0	0	0	0	0	0	0	0	0	0	0	1	0	0	0	0	0	0	1	0	0	0	0	0	1	1	0	S
NMDC20583913	0	0	0	0	0	1	0	0	0	0	1	0	0	0	0	0	0	0	0	0	0	0	0	0	0	0	0	0	1	1	S
NMDC20553270	0	0	0	0	0	0	0	0	0	0	0	0	0	0	1	0	0	0	0	0	0	1	0	0	0	0	0	1	0	0	S
NMDC20553271	0	0	0	0	0	1	0	0	0	0	1	0	0	0	0	0	0	0	0	0	0	0	0	0	0	0	0	0	1	1	S
NMDC20555245	0	0	0	0	0	1	0	1	0	0	0	1	0	0	0	0	0	0	1	0	1	1	0	0	0	0	0	0	0	0	S
NMDC20551236	0	0	0	0	0	1	0	0	0	0	1	0	0	0	0	0	0	0	0	0	0	0	0	0	0	0	0	0	1	1	S
NMDC20583914	0	0	0	0	0	1	0	0	0	0	1	0	0	0	0	0	0	0	0	0	0	0	0	0	0	0	0	0	1	1	S
NMDC20583916	0	0	0	0	0	1	0	1	0	0	0	1	0	0	1	0	1	1	0	0	0	1	0	0	1	0	0	0	0	1	S
NMDC20583917	0	0	0	0	0	1	0	1	0	0	0	1	0	0	1	0	1	1	0	0	0	1	0	0	1	0	0	0	0	1	S
NMDC20551237	0	0	0	0	0	1	0	1	0	0	0	1	0	0	1	0	1	1	1	0	0	1	0	0	1	0	0	0	1	1	S
NMDC20557262	0	0	0	0	0	1	0	0	0	0	1	0	0	0	0	0	0	0	0	0	0	0	0	0	0	0	0	0	1	1	S
NMDC20557263	0	0	0	0	0	1	0	0	0	0	1	0	0	0	0	0	0	0	0	0	0	0	0	0	0	0	0	0	1	1	S
NMDC20583919	0	0	0	0	0	1	0	0	0	0	1	0	0	0	0	0	0	0	0	0	0	0	0	0	0	0	0	0	1	1	S
NMDC20557265	0	0	0	0	0	1	0	1	0	0	0	1	0	0	1	0	1	1	1	0	0	1	0	0	1	0	0	0	1	1	S
NMDC20551238	0	0	0	0	0	1	0	0	0	0	1	0	0	0	0	0	0	0	0	0	0	0	0	0	0	0	0	0	1	1	S
NMDC20583920	0	0	0	0	0	1	0	0	0	0	1	0	0	0	0	0	0	0	0	0	0	0	0	0	0	0	0	0	1	1	S
NMDC20583921	0	0	0	0	0	1	0	0	0	0	1	0	0	0	0	0	0	0	0	0	0	0	0	0	0	0	0	0	1	1	S
NMDC20555247	0	0	0	0	0	1	0	0	0	0	1	0	0	0	0	0	0	0	0	0	0	0	0	0	0	0	0	0	1	1	S
NMDC20583922	0	0	0	0	0	0	0	0	0	0	0	1	0	0	0	0	1	0	0	0	1	1	0	0	1	0	0	0	1	0	S
NMDC20551239	0	0	1	0	1	0	0	0	0	0	0	1	0	0	0	1	0	0	1	0	0	0	0	0	0	0	0	0	0	0	S
NMDC20551240	0	0	0	0	0	0	0	0	0	0	0	1	0	0	0	0	0	0	0	0	1	1	0	1	0	0	0	0	0	1	S
NMDC20557266	0	0	0	0	0	1	0	1	0	0	0	1	0	0	1	0	1	1	0	0	0	1	0	0	1	0	0	0	1	1	S
NMDC20583924	0	0	0	0	0	1	0	1	0	0	0	1	0	0	1	0	1	1	0	0	0	1	0	0	1	0	0	0	1	1	S
NMDC20583925	0	0	0	0	0	1	0	0	0	0	1	0	0	0	0	0	0	0	0	0	0	0	0	0	0	0	0	0	1	1	S
NMDC20583926	0	0	0	0	0	1	0	1	0	0	0	1	0	0	1	0	1	1	0	0	0	1	0	0	1	0	0	0	1	1	S
NMDC20551242	0	0	0	0	0	1	0	1	0	0	0	1	0	0	1	0	1	1	1	0	0	1	0	0	1	0	0	0	1	1	S
NMDC20555249	0	0	0	0	0	1	0	1	0	0	0	1	0	0	1	0	1	1	0	0	0	1	0	0	1	0	0	0	1	1	S
NMDC20555250	0	0	0	0	0	1	0	0	0	0	1	0	0	0	0	0	0	0	0	0	0	0	0	0	0	0	0	0	1	1	S
NMDC20551243	0	0	0	0	0	0	0	0	0	0	1	0	0	0	0	0	1	0	0	0	1	1	0	0	0	0	0	0	0	1	S
NMDC20583928	0	0	0	0	0	1	0	0	0	0	1	0	0	0	0	0	0	0	0	0	0	0	0	0	0	0	0	0	1	1	S
NMDC20555251	0	0	0	0	0	1	0	0	0	0	1	0	0	0	0	0	0	0	0	0	0	0	0	0	0	0	0	0	1	1	S
NMDC20555252	0	0	0	0	0	1	0	1	0	0	0	1	0	0	1	0	1	1	0	0	0	1	0	0	1	0	0	0	1	1	S
NMDC20553272	0	0	0	0	0	1	0	0	0	0	1	0	0	0	0	0	0	0	0	0	0	0	0	0	0	0	0	0	1	1	S
NMDC20583929	0	0	0	0	0	1	0	1	0	0	0	1	0	0	1	0	1	1	0	0	0	1	0	0	1	0	0	0	1	1	S
NMDC20551244	0	0	0	0	0	1	0	0	0	0	1	0	0	0	0	0	0	0	1	0	0	0	0	0	0	0	0	0	1	1	S
NMDC20551247	0	0	0	0	0	1	0	0	0	0	1	0	0	0	0	0	0	0	0	0	0	0	0	0	0	0	0	0	1	1	S
NMDC20583931	0	0	0	0	0	1	0	0	0	0	1	0	0	0	0	0	0	0	0	0	0	0	0	0	0	0	0	0	1	1	S
NMDC20555255	0	0	0	0	0	1	0	1	0	0	0	1	0	0	1	0	1	1	0	0	0	1	0	0	1	0	0	0	1	1	S
NMDC20555256	0	0	0	0	0	1	0	0	0	0	1	0	0	0	0	0	0	0	0	0	0	0	0	0	0	0	0	0	1	1	S
NMDC20551246	0	0	0	0	0	1	0	0	0	0	1	0	0	0	0	0	0	0	0	0	0	0	0	0	0	0	0	0	1	1	S
NMDC20583933	0	0	0	0	0	1	0	1	0	0	0	1	0	0	1	0	1	1	1	0	0	1	0	0	1	0	0	0	1	1	S
NMDC20583934	0	0	0	0	0	1	0	0	0	0	1	0	0	0	0	0	0	0	0	0	0	0	0	0	0	0	0	0	1	1	S
NMDC20583935	0	0	0	0	0	0	0	1	0	0	0	1	1	0	1	0	0	0	1	0	1	1	1	0	0	0	0	0	0	1	S
NMDC20551248	0	0	0	0	0	1	0	0	0	0	1	0	0	0	0	0	0	0	0	0	0	0	0	0	0	0	0	0	1	1	S
NMDC20583936	0	0	0	0	0	1	0	0	0	0	1	0	0	0	0	0	0	0	0	0	0	0	0	0	0	0	0	0	1	1	S
NMDC20583937	0	0	0	0	0	1	0	0	0	0	1	0	0	0	0	0	0	0	0	0	0	0	0	0	0	0	0	0	1	1	S
NMDC20583941	0	0	0	0	0	1	0	1	0	0	0	1	0	0	1	0	1	1	0	0	0	1	0	0	1	0	0	0	1	1	S
NMDC20551250	0	0	0	0	0	1	0	1	0	0	0	1	0	0	1	0	1	1	0	0	0	1	0	0	1	0	0	0	1	1	S
NMDC20583943	0	0	0	0	0	1	0	0	0	0	1	0	0	0	0	0	0	0	0	0	0	0	0	0	0	0	0	0	1	1	S
NMDC20553273	0	0	0	0	0	1	0	0	0	0	1	0	0	0	0	0	0	0	0	0	0	0	0	0	0	0	0	0	1	1	S
NMDC20553274	0	0	1	0	1	0	0	0	0	0	0	1	0	0	0	1	0	0	1	0	0	0	0	0	0	0	0	0	0	0	S
NMDC20551252	0	0	0	0	0	1	0	1	0	0	0	1	1	0	1	0	0	0	0	0	1	1	0	0	0	0	0	0	1	1	S
NMDC20551253	1	0	0	0	0	1	0	1	0	0	0	1	0	0	1	0	1	1	0	0	0	1	0	0	1	0	0	0	1	1	S
NMDC20551258	0	0	0	0	0	1	0	0	0	0	1	0	0	0	0	0	0	0	0	0	0	0	0	0	0	0	0	0	1	1	S
NMDC20583945	0	0	0	0	0	0	0	0	0	0	0	0	0	0	1	0	0	0	0	0	0	1	0	0	0	0	0	1	0	0	S
NMDC20555257	0	0	0	0	0	1	0	0	0	0	1	0	0	0	0	0	0	0	0	0	0	0	0	0	0	0	0	0	1	1	S
NMDC20583947	0	0	0	0	0	1	0	1	0	0	0	1	0	0	1	0	1	1	0	0	0	1	0	0	1	0	0	0	1	1	S
NMDC20557272	0	0	0	0	0	1	0	1	0	0	0	1	0	0	0	0	0	0	0	0	0	0	0	1	0	0	0	0	1	1	S
NMDC20551255	0	0	0	0	0	1	0	1	0	0	0	1	0	0	1	0	1	1	0	0	0	1	0	0	1	0	0	0	1	1	S
NMDC20583948	0	0	0	0	0	1	0	1	0	0	0	1	0	0	0	0	0	0	0	0	0	0	0	1	0	0	0	0	1	1	S
NMDC20583949	0	0	0	0	0	1	0	0	0	0	0	0	0	0	1	0	0	1	1	0	1	1	0	0	0	0	0	0	0	1	S
NMDC20557274	0	0	0	0	0	1	0	0	0	0	1	0	0	0	0	0	0	0	0	0	0	0	0	0	0	0	0	0	1	1	S
NMDC20583953	0	0	0	0	0	0	0	0	0	0	0	0	0	0	0	0	0	0	0	0	0	1	0	0	0	0	0	0	0	0	S
NMDC20583954	0	0	0	0	0	1	0	1	0	0	0	1	0	0	1	0	1	1	0	0	0	1	0	0	1	0	0	0	1	1	S
NMDC20583955	0	0	0	0	0	1	0	0	0	0	1	0	0	0	0	0	0	0	0	0	0	0	0	0	0	0	0	0	1	1	S
NMDC20555261	0	0	0	0	0	1	0	0	0	0	1	0	0	0	0	0	0	0	0	0	0	0	0	0	0	0	0	0	1	1	S
NMDC20553277	0	0	0	0	0	1	0	0	0	0	1	0	0	0	0	0	0	0	0	0	0	0	0	0	0	0	0	0	1	1	S
NMDC20551259	0	0	0	0	0	0	0	1	0	0	0	1	0	0	0	0	0	0	0	0	1	0	0	0	0	0	1	0	0	1	S
NMDC20583956	0	0	0	0	0	1	0	0	0	0	1	0	0	0	0	0	0	0	0	0	0	0	0	0	0	0	0	0	1	1	S
NMDC20555260	0	0	0	0	0	1	0	1	0	0	0	1	0	0	1	0	1	1	0	0	0	1	0	0	1	0	0	0	1	1	S
NMDC20551262	0	0	0	0	0	1	0	0	0	0	1	0	0	0	0	0	0	0	0	0	0	0	0	0	0	0	0	0	1	1	S
NMDC20553278	0	0	0	0	0	1	0	1	0	0	0	1	0	0	1	0	1	1	1	0	0	1	0	0	1	0	0	0	1	1	S
NMDC20557275	0	0	0	0	0	1	0	1	0	0	0	1	0	0	1	0	1	1	0	0	0	1	0	0	1	0	0	0	1	1	S
NMDC20553279	0	0	0	0	0	1	0	0	0	0	1	0	0	0	0	0	0	0	0	0	0	0	0	0	0	0	0	0	1	1	S
NMDC20583961	0	0	0	0	0	1	0	1	0	0	0	1	0	0	1	0	1	1	0	0	0	1	0	0	1	0	0	0	1	1	S
NMDC20553280	0	0	0	0	0	1	0	1	0	0	0	1	0	0	1	0	1	1	1	0	0	1	0	0	1	0	0	0	1	1	S
NMDC20583962	0	0	0	0	0	1	0	0	0	0	1	0	0	0	0	0	0	0	1	0	0	0	0	0	0	0	0	0	1	1	S
NMDC20555263	0	0	0	0	0	0	0	0	0	0	0	1	0	0	0	0	1	0	0	0	1	1	0	0	1	0	0	0	1	0	S
NMDC20555264	0	0	0	0	0	1	0	1	0	0	0	1	0	0	1	0	1	1	0	0	0	1	0	0	1	0	0	0	1	1	S
NMDC20583963	0	0	0	0	0	1	0	1	0	0	0	1	0	0	1	0	1	1	0	0	0	1	0	0	1	0	0	0	1	1	S
NMDC20555265	0	0	0	0	0	1	0	0	0	0	1	0	0	0	0	0	0	0	0	0	0	0	0	0	0	0	0	0	1	1	S
NMDC20555266	0	0	0	0	0	1	0	1	0	0	0	1	0	0	1	0	1	1	0	0	0	1	0	0	1	0	0	0	1	1	S
NMDC20583965	0	0	0	0	0	0	0	0	0	0	0	1	0	0	0	0	1	1	0	0	0	0	0	0	1	0	0	0	0	1	S
NMDC20553282	0	0	0	0	0	1	0	1	0	0	0	1	1	0	1	0	0	0	0	0	1	1	0	0	0	0	0	0	1	1	S
NMDC20555267	0	0	0	0	0	1	0	0	0	0	0	0	0	0	1	0	0	1	0	0	1	1	0	0	0	0	0	0	0	1	S
NMDC20555270	0	0	0	0	0	0	0	1	0	0	0	1	0	0	0	0	0	1	0	0	1	1	0	0	0	0	0	0	0	1	S
NMDC20551266	0	0	0	0	0	1	0	1	0	0	0	1	0	0	1	0	1	1	1	0	0	1	0	0	1	0	0	0	1	1	S
NMDC20555272	0	0	0	0	0	1	0	1	0	0	0	1	0	0	1	0	1	1	0	0	0	1	0	0	1	0	0	0	1	1	S
NMDC20555274	0	0	0	0	0	1	0	0	0	0	1	0	0	0	0	0	0	0	0	0	0	0	0	0	0	0	0	0	1	1	S
NMDC20553284	0	0	0	0	0	0	0	1	0	0	0	1	0	0	0	0	0	1	0	0	1	1	0	0	0	0	0	0	0	1	S
NMDC20553285	0	0	0	0	0	1	0	0	0	0	1	0	0	0	0	0	0	0	1	0	0	0	0	0	0	0	0	0	1	1	S
NMDC20555275	0	0	0	0	0	1	0	0	0	0	1	0	0	0	0	0	0	0	0	0	0	0	0	0	0	0	0	0	1	1	S
NMDC20583972	0	0	0	0	0	1	0	0	0	0	1	0	0	0	0	0	0	0	0	0	0	0	0	0	0	0	0	0	1	1	S
NMDC20583973	0	0	0	0	0	1	0	0	0	0	1	0	0	0	0	0	0	0	0	0	0	0	0	0	0	0	0	0	1	1	S
NMDC20555277	0	0	0	0	0	1	0	0	0	0	1	0	0	0	0	0	0	0	0	0	0	0	0	0	0	0	0	0	1	1	S
NMDC20557277	0	0	0	0	0	1	0	1	0	0	0	1	0	0	1	0	1	1	0	0	0	1	0	0	1	0	0	0	1	1	S
NMDC20583975	0	0	0	0	0	1	0	0	0	0	1	0	0	0	0	0	0	0	0	0	0	0	0	0	0	0	0	0	1	1	S
NMDC20583976	0	0	0	0	0	1	0	0	0	0	1	0	0	0	0	0	0	0	0	0	0	0	0	0	0	0	0	0	1	1	S
NMDC20583978	0	0	0	0	0	1	0	0	0	0	1	0	0	0	0	0	0	0	0	0	0	0	0	0	0	0	0	0	1	1	S
NMDC20555276	0	0	0	0	0	1	0	0	0	0	1	0	0	0	0	0	0	0	0	0	0	0	0	0	0	0	0	0	1	1	S
NMDC20583979	0	0	0	0	0	1	0	1	0	0	0	1	1	0	1	0	0	0	0	0	1	1	1	0	0	0	0	0	1	1	S
NMDC20553289	0	0	0	0	0	1	0	0	0	0	1	0	0	0	0	0	0	0	0	0	0	0	0	0	0	0	0	0	1	1	S
NMDC20551268	0	0	0	0	0	1	0	0	0	0	1	0	0	0	0	0	0	0	0	0	0	0	0	0	0	0	0	0	1	1	S
NMDC20583980	0	0	0	0	0	1	0	0	0	0	1	0	0	0	0	0	0	0	0	0	0	0	0	0	0	0	0	0	1	1	S
NMDC20555278	0	0	0	0	0	1	0	0	0	0	1	0	0	0	0	0	0	0	0	0	0	0	0	0	0	0	0	0	1	1	S
NMDC20553287	0	0	0	0	0	1	0	1	0	0	0	1	0	0	0	0	0	0	0	0	1	1	0	0	0	0	0	0	0	0	S
NMDC20583981	0	0	0	0	0	1	0	0	0	0	1	0	0	0	0	0	0	0	0	0	0	0	0	0	0	0	0	0	1	1	S
NMDC20551270	0	0	0	0	0	1	0	0	0	0	0	0	0	0	0	0	0	0	0	0	1	1	0	0	0	0	0	0	0	0	S
NMDC20583983	0	0	0	0	0	0	0	0	0	0	0	0	0	0	0	0	0	0	0	0	0	1	0	0	0	0	0	0	0	0	S
NMDC20583984	0	0	0	0	0	0	0	0	0	0	0	1	0	0	0	0	1	1	0	0	0	0	0	0	1	0	0	0	0	1	S
NMDC20555280	0	0	0	0	0	1	0	0	0	0	1	0	0	0	0	0	0	0	0	0	0	0	0	0	0	0	0	0	1	1	S
NMDC20583985	0	0	0	0	0	1	0	0	0	0	1	0	0	0	0	0	0	0	0	0	0	0	0	0	0	0	0	0	1	1	S
NMDC20553290	0	0	1	0	1	0	0	0	0	0	0	1	0	0	0	1	0	0	1	0	0	0	0	0	0	0	0	0	0	0	S
NMDC20557279	0	0	0	0	0	1	0	1	0	0	0	1	0	0	0	0	0	0	1	0	1	1	0	0	0	0	0	0	0	0	S
NMDC20583988	0	0	0	0	0	0	0	0	0	0	0	0	0	0	1	0	0	0	0	0	0	1	0	0	0	0	0	1	1	0	S
NMDC20555281	0	0	0	0	0	1	0	1	0	0	0	1	0	0	1	0	1	1	1	0	0	1	0	0	1	0	0	0	1	1	S
NMDC20551272	0	0	0	0	0	0	0	0	0	0	0	1	0	0	0	0	0	0	0	0	0	0	0	0	0	0	0	0	0	0	S
NMDC20583989	0	0	0	0	0	0	0	1	0	0	0	1	0	0	0	0	0	0	0	0	0	0	0	0	0	0	1	0	0	1	S
NMDC20583991	0	0	0	0	0	0	0	0	0	0	1	0	0	0	0	0	0	0	0	0	1	1	0	0	0	0	1	0	1	1	S
NMDC20555284	0	0	0	0	0	1	0	0	0	0	1	0	0	0	0	0	0	0	0	0	0	0	0	0	0	0	0	0	1	1	S
NMDC20557284	0	0	0	0	0	1	0	0	0	0	1	0	0	0	0	0	0	0	0	0	0	0	0	0	0	0	0	0	1	1	S
NMDC20553293	0	0	0	0	0	1	0	0	0	0	1	0	0	0	0	0	0	0	0	0	0	0	0	0	0	0	0	0	1	1	S
NMDC20557286	0	0	0	0	0	0	0	0	0	0	0	0	0	0	0	0	1	1	0	1	0	0	0	1	0	0	0	0	0	0	S
NMDC20555285	0	0	0	0	0	1	0	0	0	0	1	0	0	0	0	0	0	0	0	0	0	0	0	0	0	0	0	0	1	1	S
NMDC20583996	0	0	0	0	0	1	0	0	0	0	1	0	0	0	0	0	0	0	0	0	0	0	0	0	0	0	0	0	1	1	S
NMDC20583997	0	0	0	0	0	1	0	0	0	0	1	0	0	0	0	0	0	0	0	0	0	0	0	0	0	0	0	0	1	1	S
NMDC20583999	0	0	0	0	0	1	0	0	0	0	1	0	0	0	0	0	0	0	0	0	0	0	0	0	0	0	0	0	1	1	S
NMDC20584001	0	0	0	0	0	0	0	1	0	0	0	1	1	0	1	0	0	0	0	0	1	1	0	0	0	0	0	0	0	1	S
NMDC20584005	0	0	1	0	1	0	0	0	0	0	1	0	0	0	0	1	0	0	1	1	0	0	0	1	0	0	0	0	1	1	S
NMDC20557287	0	0	0	0	0	0	0	0	0	0	0	0	0	0	0	0	1	1	0	1	0	0	0	1	0	0	0	0	0	0	S
NMDC20584008	0	0	0	0	0	0	0	0	0	0	0	1	0	0	0	0	1	0	0	0	1	1	0	0	1	0	0	0	1	0	S
NMDC20584010	0	0	0	0	0	1	0	0	0	0	1	0	0	0	0	0	0	0	0	0	0	0	0	0	0	0	0	0	1	1	S
NMDC20584011	0	0	0	0	0	0	0	0	0	0	0	1	0	0	0	0	1	0	0	0	1	1	0	0	1	0	0	0	1	0	S
NMDC20584012	0	0	0	0	0	0	0	0	0	0	0	1	0	0	0	0	1	1	0	0	0	0	0	0	1	0	0	0	0	1	S
NMDC20584013	0	0	0	0	0	0	0	0	0	0	0	1	0	0	0	0	1	0	0	0	1	1	0	0	1	0	0	0	1	0	S
NMDC20584015	0	0	0	0	0	0	0	0	0	0	0	1	0	0	0	0	1	0	0	0	1	1	0	0	1	0	0	0	1	0	S
NMDC20584016	0	0	0	0	0	0	0	0	0	0	0	0	0	0	0	0	1	1	0	1	0	0	0	1	0	0	0	0	0	0	S
NMDC20584017	0	0	0	0	0	0	0	0	0	0	0	1	0	0	0	0	1	0	0	0	1	1	0	0	1	0	0	0	1	0	S
NMDC20584018	0	0	0	0	0	0	0	0	0	0	0	1	0	0	0	0	1	0	0	0	1	1	0	0	1	0	0	0	1	0	S
NMDC20584020	0	0	0	0	0	0	0	0	0	0	0	1	0	0	0	0	1	0	0	0	1	1	0	0	1	0	0	0	1	0	S
NMDC20584023	0	0	0	0	0	1	0	0	0	0	0	0	0	0	0	0	0	1	0	0	0	0	0	0	0	0	1	0	1	1	S
NMDC20584024	0	0	0	0	0	0	0	0	0	0	0	1	0	0	0	0	1	0	0	0	1	1	0	0	1	0	0	0	1	0	S
NMDC20584025	0	0	0	0	0	0	0	0	0	0	0	1	0	0	0	0	1	0	1	0	1	1	0	0	1	0	0	0	1	0	S
NMDC20584026	0	0	0	0	0	1	0	0	0	0	0	1	0	0	1	0	0	0	0	0	1	0	0	0	1	0	0	0	0	1	S
NMDC20584027	0	0	0	0	0	0	0	0	0	0	0	1	0	0	0	0	1	0	0	0	1	1	0	0	1	0	0	0	1	0	S
NMDC20584028	0	0	0	0	0	0	0	0	0	0	0	1	0	0	0	0	1	0	0	0	1	1	0	0	1	0	0	0	1	0	S
NMDC20584029	0	0	0	0	0	0	0	0	0	0	0	1	0	0	0	0	1	0	0	0	1	1	0	0	1	0	0	0	1	0	S
NMDC20584030	0	0	0	0	0	0	0	0	0	0	0	1	0	0	0	0	1	1	0	0	0	0	0	0	1	0	0	0	0	1	S
NMDC20584031	0	0	0	0	0	1	0	1	0	0	0	1	0	0	1	0	1	1	0	0	0	1	0	0	1	0	0	0	1	1	S
NMDC20584032	0	0	0	0	0	0	0	0	0	0	0	1	0	0	0	0	1	0	0	0	1	1	0	0	1	0	0	0	1	0	S
NMDC20584033	0	0	0	0	0	0	0	0	0	0	0	1	0	0	0	0	1	0	0	0	1	1	0	0	1	0	0	0	1	0	S
NMDC20551276	0	0	0	0	0	0	0	0	0	0	0	0	0	0	0	0	0	0	0	0	0	1	0	0	0	0	0	0	0	0	S
NMDC20584034	0	0	0	0	0	1	0	0	0	0	1	1	0	0	0	0	1	0	0	0	0	1	0	0	1	0	0	0	0	0	S
NMDC20584035	0	0	0	0	0	0	0	0	0	0	0	1	0	0	0	0	1	0	0	0	1	1	0	0	1	0	0	0	1	0	S
NMDC20584036	0	0	0	0	0	0	0	0	0	0	0	1	0	0	0	0	1	0	0	0	1	1	0	0	1	0	0	0	1	0	S
NMDC20584037	0	0	0	0	0	0	0	0	0	0	0	1	0	0	0	0	1	0	0	0	1	1	0	0	1	0	0	0	1	0	S
NMDC20584038	0	0	0	0	0	0	0	0	0	0	0	0	0	0	0	0	0	0	0	0	0	1	0	0	0	0	0	0	0	0	S
NMDC20584039	0	0	0	0	0	0	0	0	0	0	0	1	0	0	0	0	1	0	1	0	1	1	0	0	1	0	0	0	1	0	S
NMDC20584040	0	0	0	0	0	0	0	0	0	0	0	1	0	0	0	0	1	0	0	0	1	1	0	0	1	0	0	0	1	0	S
NMDC20584041	0	0	1	0	1	1	0	0	0	0	1	1	0	0	0	1	1	0	1	0	0	1	0	0	1	0	0	0	0	0	S
NMDC20584042	0	0	0	0	0	1	0	0	0	0	1	0	0	0	0	0	0	0	0	0	0	0	0	0	0	0	0	0	1	1	S
NMDC20584046	0	0	0	0	0	0	0	0	0	0	0	0	0	0	1	0	1	0	0	0	1	1	0	0	0	0	0	1	0	1	S
NMDC20584047	0	0	0	0	0	1	0	0	0	0	1	1	0	0	0	0	0	0	1	0	1	1	0	0	0	0	1	0	1	0	S
NMDC20584048	0	0	0	0	0	1	0	1	0	0	0	1	0	0	0	0	0	0	0	0	0	0	0	1	0	0	0	0	1	1	S
NMDC20557289	0	0	0	0	0	1	0	1	0	0	0	1	0	0	1	0	1	1	0	0	0	1	0	0	1	0	0	0	1	1	S
NMDC20555288	0	0	0	0	0	1	0	1	0	0	0	1	0	0	1	0	1	1	0	0	0	1	0	0	1	0	0	0	1	1	S
NMDC20557292	0	0	0	0	0	0	0	0	0	0	0	0	0	0	0	0	0	0	0	0	0	1	0	0	0	0	0	0	0	0	S
NMDC20584049	0	0	0	0	0	1	0	1	0	0	0	1	0	0	1	0	1	1	0	0	0	1	0	0	1	0	0	0	1	1	S
NMDC20553295	0	0	0	0	0	1	0	1	0	0	0	1	0	0	1	0	1	1	0	0	0	1	0	0	1	0	0	0	1	1	S
NMDC20553296	0	0	1	0	1	1	0	1	0	0	0	1	0	0	1	1	1	1	1	0	0	1	0	0	1	0	0	0	1	1	S
NMDC20553297	0	0	0	0	0	1	0	1	0	0	0	1	0	0	1	0	1	1	1	0	0	1	1	0	1	0	0	0	1	1	S
NMDC20584051	0	0	0	0	0	0	0	0	0	0	0	1	0	0	0	0	1	1	0	0	0	0	0	0	1	0	0	0	0	1	S
NMDC20584052	0	0	0	0	0	0	0	0	0	0	0	0	0	0	0	0	0	0	0	0	0	1	0	0	0	0	0	0	0	0	S
NMDC20584053	0	0	0	0	0	1	0	1	0	0	0	1	0	0	1	0	1	1	0	0	0	1	0	0	1	0	0	0	1	1	S
NMDC20584054	0	0	0	0	0	0	0	0	0	0	0	1	0	0	0	0	1	1	0	0	0	0	0	0	1	0	0	0	0	0	S
NMDC20557293	0	0	0	0	0	1	0	1	0	0	0	1	0	0	1	0	1	1	0	0	0	1	0	0	1	0	0	0	1	1	S
NMDC20584057	0	0	0	0	0	1	0	1	0	0	0	1	0	0	0	0	0	0	0	0	0	0	0	1	0	0	0	0	1	1	S
NMDC20584058	0	0	0	0	0	0	0	0	0	0	0	1	0	0	0	0	0	0	0	0	1	1	0	0	0	0	1	0	0	1	S
NMDC20584059	0	0	0	0	0	1	0	1	0	0	0	1	0	0	1	0	1	1	0	0	0	1	0	0	1	0	0	0	1	1	S
NMDC20553298	0	0	0	0	0	1	0	1	0	0	0	1	0	0	1	0	1	1	1	0	0	1	0	0	1	0	0	0	1	1	S
NMDC20584061	0	0	0	0	0	1	0	1	0	0	0	1	0	0	1	0	1	1	0	0	0	1	0	0	1	0	0	0	1	1	S
NMDC20557297	0	0	0	0	0	1	0	1	0	0	0	1	0	0	1	0	1	1	0	0	0	1	0	0	1	0	0	0	1	1	S
NMDC20584064	1	0	0	0	0	1	0	0	0	0	1	0	0	0	0	0	0	0	0	0	0	0	0	0	0	0	0	0	1	1	S
NMDC20555292	0	0	1	0	1	0	0	0	0	0	0	1	0	0	0	1	0	0	1	0	0	0	0	0	0	0	0	0	0	0	S
NMDC20584066	0	0	0	0	0	1	0	1	0	0	0	1	0	0	1	0	1	1	1	0	0	1	0	0	1	0	0	0	1	1	S
NMDC20555294	0	0	0	0	0	0	0	0	0	0	0	1	0	0	0	0	1	0	0	0	1	1	0	0	1	0	0	0	1	0	S
NMDC20553301	0	0	0	0	0	1	0	1	0	0	0	1	0	0	1	0	1	1	1	0	0	1	0	0	1	0	0	0	1	1	S
NMDC20584067	0	0	0	0	0	1	0	0	0	0	0	1	0	0	0	0	0	0	1	0	0	1	0	0	0	0	0	0	0	0	S
NMDC20584069	0	0	0	0	0	1	0	1	0	0	0	1	0	0	1	0	1	1	0	0	0	1	0	0	1	0	0	0	1	1	S
NMDC20584070	0	0	0	0	0	1	0	1	0	0	0	1	0	0	1	0	1	1	0	0	0	1	0	0	1	0	0	0	1	1	S
NMDC20551279	0	0	0	0	0	0	0	1	0	0	0	1	0	0	0	0	0	0	0	0	0	1	0	0	0	0	0	0	0	1	S
NMDC20553302	0	0	0	0	0	1	0	1	0	0	0	1	1	0	1	0	0	0	0	0	1	1	0	0	0	0	0	0	1	1	S
NMDC20551280	0	0	0	0	0	0	0	1	0	0	0	1	0	0	0	0	0	0	0	0	0	1	0	0	0	0	0	0	0	1	S
NMDC20584075	0	0	0	0	0	1	0	1	0	0	0	1	0	0	1	0	1	1	0	0	0	1	0	0	1	0	0	0	1	1	S
NMDC20584077	0	0	0	0	0	1	0	0	0	0	0	0	0	0	1	0	0	1	0	0	0	1	0	0	0	0	0	1	1	0	S
NMDC20553303	0	0	0	0	0	1	0	1	0	0	0	1	0	0	1	0	1	1	0	0	0	1	0	0	1	0	0	0	1	1	S
NMDC20584080	0	0	0	0	0	0	0	0	0	0	0	1	0	0	0	0	0	0	0	0	0	0	0	0	0	0	0	0	0	1	S
NMDC20584081	0	0	0	0	0	1	0	0	0	0	1	0	0	0	0	0	0	0	0	0	0	0	0	0	0	0	0	0	1	1	S
NMDC20553319	0	0	0	0	0	1	0	0	0	0	0	1	0	0	1	0	0	0	0	1	0	1	0	0	0	0	0	1	0	0	S
NMDC20584082	0	0	0	0	0	1	0	1	0	0	0	1	0	0	1	0	1	1	0	0	0	1	0	0	1	0	0	0	1	1	S
NMDC20557304	0	0	0	0	0	1	0	1	0	0	0	1	0	0	1	0	1	1	0	0	0	1	0	0	1	0	0	0	1	1	S
NMDC20551282	0	0	0	0	0	1	0	0	0	0	1	0	0	0	0	0	0	0	0	0	0	0	0	0	0	0	0	0	1	1	S
NMDC20557305	0	0	0	0	0	1	0	1	0	0	0	1	0	0	1	0	1	1	1	0	0	1	0	0	1	0	0	0	1	1	S
NMDC20584084	0	0	1	0	0	1	0	1	0	0	0	1	0	0	1	1	1	1	0	0	0	1	0	0	1	0	0	0	1	1	S
NMDC20553304	0	0	0	0	0	1	0	0	0	0	1	0	0	0	0	0	0	0	0	0	0	0	0	0	0	0	0	0	1	1	S
NMDC20557306	0	0	0	0	0	1	0	0	0	0	1	0	0	0	0	0	0	0	0	0	0	0	0	0	0	0	0	0	1	1	S
NMDC20557308	0	0	1	0	1	0	0	0	0	0	0	1	0	0	0	1	0	0	1	0	0	0	0	0	0	0	0	0	0	0	S
NMDC20584085	0	0	1	0	1	1	0	1	0	0	0	1	0	0	1	1	1	1	0	0	0	1	0	0	1	0	0	0	1	1	S
NMDC20553306	0	0	0	0	0	1	0	0	0	0	1	0	0	0	0	0	0	0	0	0	0	0	0	0	0	0	0	0	1	1	S
NMDC20584086	0	0	0	0	0	1	0	0	0	0	1	0	0	0	0	0	0	0	0	0	0	0	0	0	0	0	0	0	1	1	S
NMDC20584087	0	0	0	0	0	1	0	0	0	0	1	0	0	0	0	0	0	0	0	0	0	0	0	0	0	0	0	0	1	1	S
NMDC20553307	0	0	0	0	0	1	0	0	0	0	1	0	0	0	0	0	0	0	0	0	0	0	0	0	0	0	0	0	1	1	S
NMDC20584088	0	0	0	0	0	1	0	0	0	0	1	0	0	0	0	0	0	0	0	0	0	0	0	0	0	0	0	0	1	1	S
NMDC20555297	0	0	0	0	0	1	0	0	0	0	1	0	0	0	0	0	0	0	0	0	0	0	0	0	0	0	0	0	1	1	S
NMDC20551286	0	0	0	0	0	1	0	1	0	0	0	1	0	0	1	0	1	1	0	0	0	1	0	0	1	0	0	0	1	1	S
NMDC20584090	0	0	0	0	0	1	0	0	0	0	1	0	0	0	0	0	0	0	0	0	0	0	0	0	0	0	0	0	1	1	S
NMDC20584091	0	0	0	0	0	1	0	0	0	0	1	0	0	0	0	0	0	0	0	0	0	0	0	0	0	0	0	0	1	1	S
NMDC20555298	0	0	0	0	0	1	0	1	0	0	0	1	0	0	1	0	1	1	0	0	0	1	0	0	1	0	0	0	1	1	S
NMDC20553308	1	0	0	0	0	1	0	1	0	0	0	1	0	0	1	0	1	1	0	0	0	1	0	0	1	0	0	0	1	1	S
NMDC20557309	0	0	0	0	0	1	0	1	0	0	0	1	0	0	1	0	1	1	0	0	0	1	0	0	1	0	0	0	1	1	S
NMDC20584094	0	0	0	0	0	1	0	1	0	0	0	1	0	0	1	0	1	1	0	0	0	1	0	0	1	0	0	0	1	1	S
NMDC20584096	0	0	0	0	0	1	0	1	0	0	0	1	0	0	1	0	1	1	0	0	0	1	0	0	1	0	0	0	1	1	S
NMDC20584098	0	0	0	0	0	1	0	0	0	0	1	1	0	0	0	0	0	0	0	0	0	1	0	0	0	0	0	0	0	1	S
NMDC20551287	0	0	0	0	0	1	0	0	0	0	1	0	0	0	0	0	0	0	0	0	0	0	0	0	0	0	0	0	1	1	S
NMDC20584101	0	0	0	0	0	1	0	1	0	0	0	1	0	0	1	0	1	1	1	0	0	1	0	0	1	0	0	0	1	1	S
NMDC20557310	0	0	0	0	0	1	0	1	0	0	0	1	0	0	1	0	1	1	0	0	0	1	0	0	1	0	0	0	1	1	S
NMDC20584102	0	0	0	0	0	1	0	0	0	0	1	0	0	0	0	0	0	0	0	0	0	0	0	0	0	0	0	0	1	1	S
NMDC20555300	0	0	0	0	0	1	0	1	0	0	0	1	0	0	1	0	1	1	1	0	0	1	0	0	1	0	0	0	1	1	S
NMDC20553309	0	0	0	0	0	1	0	0	0	0	1	0	0	0	0	0	0	0	0	0	0	0	0	0	0	0	0	0	1	1	S
NMDC20557311	0	0	0	0	0	1	0	0	0	0	0	1	1	0	0	0	1	1	0	0	1	1	0	0	1	0	0	0	1	1	S
NMDC20555301	0	0	0	0	0	1	0	1	0	0	0	1	0	0	1	0	1	1	0	0	0	1	0	0	1	0	0	0	1	1	S
NMDC20557312	0	0	0	0	0	1	0	1	0	0	0	1	0	0	1	0	1	1	1	0	0	1	0	0	1	0	0	0	1	1	S
NMDC20551289	0	0	0	0	0	1	0	1	0	0	0	1	1	0	1	0	0	0	0	0	1	1	0	0	0	0	0	0	1	1	S
NMDC20584104	0	0	0	0	0	1	0	1	0	0	0	1	0	0	1	0	1	1	1	0	0	1	0	0	1	0	0	0	1	1	S
NMDC20584105	0	0	0	0	0	1	0	0	0	0	0	1	0	0	0	0	0	0	0	0	1	1	0	0	0	0	0	0	1	0	S
NMDC20551293	0	0	0	0	0	1	0	0	0	0	1	0	0	0	0	0	0	0	0	0	0	0	0	0	0	0	0	0	1	1	S
NMDC20555302	0	0	0	0	0	1	0	0	0	0	0	1	1	0	0	0	1	1	0	0	1	1	0	0	1	0	0	0	1	1	S
NMDC20584106	0	0	0	0	0	0	0	0	0	0	0	0	0	0	0	0	1	1	0	1	0	0	0	1	0	0	0	0	0	0	S
NMDC20555303	0	0	0	0	0	1	0	1	0	0	0	1	0	0	0	0	0	0	0	0	0	0	0	1	0	0	0	0	1	1	S
NMDC20584107	0	0	0	0	0	1	0	0	0	0	1	0	0	0	0	0	0	0	0	0	0	0	0	0	0	0	0	0	1	1	S
NMDC20551291	0	0	0	0	0	1	0	1	0	0	0	1	0	0	0	0	0	0	0	0	1	1	0	0	0	0	0	0	0	0	S
NMDC20551292	0	0	0	0	0	1	0	1	0	0	0	1	0	0	1	0	1	1	0	0	0	1	0	0	1	0	0	0	1	1	S
NMDC20584109	0	0	0	0	0	1	0	1	0	0	0	1	0	0	1	0	1	1	0	0	0	1	0	0	1	0	0	0	1	1	S
NMDC20553312	0	0	0	0	0	1	0	0	0	0	0	1	0	0	0	0	0	0	0	0	1	1	0	0	0	0	1	0	1	0	S
NMDC20551294	0	0	0	0	0	1	0	1	0	0	0	1	0	0	1	0	1	1	1	0	0	1	0	0	1	0	0	0	1	1	S
NMDC20584110	0	0	0	0	0	1	0	0	0	0	1	0	0	0	0	0	0	0	0	0	0	0	0	0	0	0	0	0	1	1	S
NMDC20551297	0	0	0	0	0	1	0	1	0	0	0	1	0	0	0	0	0	0	0	0	0	0	0	1	0	0	0	0	1	1	S
NMDC20551298	0	0	0	0	0	0	0	0	0	0	0	1	0	0	0	0	1	0	0	0	1	1	0	0	1	0	0	0	1	0	S
NMDC20551299	0	0	0	0	0	0	0	0	0	0	0	0	0	0	1	0	1	0	0	0	1	1	0	0	0	0	0	1	0	1	S
NMDC20551300	0	0	0	0	0	1	0	0	0	0	1	0	0	0	0	0	0	0	0	0	0	0	0	0	0	0	0	0	1	1	S
NMDC20553315	0	0	1	0	1	0	0	0	0	0	0	1	0	0	0	1	0	0	1	0	0	0	0	0	0	0	0	0	0	0	S
NMDC20555305	0	0	0	0	0	0	0	0	0	0	0	1	0	0	0	0	1	0	0	0	1	1	0	0	1	0	0	0	1	0	S
NMDC20584113	0	0	0	0	0	1	0	0	0	0	1	0	0	0	0	0	0	0	0	0	0	0	0	0	0	0	0	0	1	1	S
NMDC20553313	0	0	0	0	0	1	0	1	0	0	0	1	0	0	1	0	1	1	0	0	0	1	0	0	1	0	0	0	1	1	S
NMDC20584115	0	0	0	0	0	1	0	0	0	0	0	1	0	0	1	0	0	1	0	0	0	0	0	0	0	0	1	0	1	1	S
NMDC20557313	0	0	0	0	0	0	0	0	0	0	0	0	0	0	0	0	0	0	0	0	0	1	0	0	0	0	0	0	0	0	S
NMDC20584116	0	0	0	0	0	1	0	1	0	0	0	1	0	0	1	0	1	1	0	0	0	1	0	0	1	0	0	0	1	1	S
NMDC20555306	0	0	0	0	0	0	0	0	0	0	0	1	0	0	1	0	0	0	0	0	0	1	0	0	0	0	0	0	0	0	S
NMDC20553314	0	0	0	0	0	1	0	0	0	0	1	0	0	0	0	0	0	0	0	0	0	0	0	0	0	0	0	0	1	1	S
NMDC20584117	0	0	0	0	0	1	0	0	0	0	1	0	0	0	0	0	0	0	0	0	0	0	0	0	0	0	1	0	1	1	S
NMDC20557314	0	0	0	0	0	1	0	0	0	0	1	1	0	0	0	0	0	0	0	0	0	1	0	0	0	0	0	0	0	1	S
NMDC20551301	0	0	0	0	0	1	0	1	0	0	0	1	0	0	1	0	1	1	0	0	0	1	0	0	1	0	0	0	1	1	S
NMDC20555307	0	0	0	0	0	1	0	1	0	0	0	1	0	0	1	0	0	1	0	1	1	0	0	0	0	0	1	0	1	0	S
NMDC20584118	0	0	0	0	0	1	0	0	0	0	1	0	0	0	0	0	0	0	0	0	0	0	0	0	0	0	0	0	1	1	S
NMDC20584119	0	0	0	0	0	1	0	1	0	0	0	1	1	0	1	0	0	0	0	0	1	1	0	0	0	0	0	0	1	1	S
NMDC20584120	0	0	0	0	0	1	0	0	0	0	1	0	0	0	0	0	0	0	0	0	0	0	0	0	0	0	0	0	1	1	S
NMDC20553316	0	0	0	0	0	0	0	0	0	0	0	0	0	0	0	0	0	0	0	0	0	1	0	0	0	0	0	0	0	0	S
NMDC20553317	0	0	0	0	0	0	0	0	0	0	0	1	0	0	0	0	1	1	0	0	0	0	0	0	1	0	0	0	0	1	S
NMDC20555308	0	0	0	0	0	1	0	1	0	0	0	1	0	0	1	0	1	1	0	0	0	1	0	0	1	0	0	0	1	1	S
NMDC20551302	0	0	1	0	1	1	1	0	0	0	1	1	0	0	1	1	0	1	0	0	0	0	0	0	0	0	1	0	1	1	S
NMDC20584121	0	0	0	0	0	1	0	1	0	0	1	1	0	0	1	0	0	0	0	0	1	1	0	0	0	0	0	0	0	1	S
NMDC20584122	0	0	0	0	0	1	0	1	0	0	0	1	0	0	1	0	1	1	0	0	0	1	0	0	1	0	0	0	1	1	S
NMDC20553318	0	0	0	0	0	1	0	0	0	0	0	1	0	0	1	0	0	1	0	0	0	0	0	0	0	0	1	0	1	1	S
NMDC20584125	0	0	0	0	0	1	0	0	0	0	0	1	0	0	0	0	0	0	0	0	0	1	0	0	0	0	1	0	0	1	S
NMDC20551303	0	0	0	0	0	1	0	1	0	0	0	1	0	0	1	0	1	1	0	0	0	1	0	0	1	0	0	0	1	1	S
NMDC20584126	0	0	0	0	0	1	0	1	0	0	0	1	0	0	1	0	1	1	0	0	0	1	0	0	1	0	0	0	1	1	S
NMDC20557317	0	0	0	0	0	1	0	0	0	0	1	0	0	0	0	0	0	0	0	0	0	0	0	0	0	0	0	0	1	1	S
NMDC20553338	0	0	0	0	0	1	0	1	0	0	0	1	1	0	1	0	0	0	0	0	1	1	0	0	0	0	0	0	1	1	S
NMDC20551305	0	0	0	0	0	1	0	0	0	0	0	1	0	0	0	0	0	0	0	0	1	1	0	0	0	0	0	0	1	0	S
NMDC20553320	0	0	1	0	1	0	0	0	0	0	0	1	0	0	0	1	0	0	1	0	0	0	0	0	0	0	0	0	0	0	S
NMDC20555309	0	0	0	0	0	1	0	0	0	0	0	1	0	0	0	0	0	0	0	0	1	1	0	0	0	0	0	0	1	0	S
NMDC20555310	0	0	1	0	1	0	0	0	0	0	0	1	0	0	0	1	0	0	1	0	0	0	0	0	0	0	0	0	0	0	S
NMDC20557318	0	0	0	0	0	1	0	0	0	0	1	0	0	0	0	0	0	0	0	0	0	0	0	0	0	0	0	0	1	1	S
NMDC20553323	0	0	0	0	0	1	0	0	0	0	1	0	0	0	0	0	0	0	0	0	0	0	0	0	0	0	0	0	1	1	S
NMDC20555312	0	0	0	0	0	1	0	1	0	0	0	1	0	0	1	0	1	1	0	0	0	1	0	0	1	0	0	0	1	1	S
NMDC20557319	0	0	0	0	0	1	0	0	0	0	1	0	0	0	0	0	0	0	0	0	0	0	0	0	0	0	0	0	1	1	S
NMDC20553324	0	0	0	0	0	1	0	0	0	0	1	0	0	0	0	0	0	0	0	0	0	0	0	0	0	0	0	0	1	1	S
NMDC20584130	0	0	1	1	1	1	0	1	0	0	0	1	1	0	1	1	0	0	1	0	1	1	0	0	0	0	0	0	1	1	S
NMDC20551306	0	0	0	0	0	1	0	0	0	0	0	1	0	0	1	0	0	1	0	0	0	0	0	0	0	0	1	0	1	1	S
NMDC20553325	0	0	0	0	0	1	0	1	0	0	0	1	0	0	1	0	1	1	0	0	0	1	0	0	1	0	0	0	1	1	S
NMDC20555317	0	0	0	0	0	0	0	0	0	0	0	1	0	0	0	0	1	0	0	0	1	1	0	0	1	0	0	0	1	0	S
NMDC20553326	0	0	0	0	0	1	0	1	0	0	0	1	0	0	1	0	1	1	0	0	0	1	0	0	1	0	0	0	1	1	S
NMDC20584131	0	0	0	0	0	0	0	0	0	0	0	1	0	0	0	0	1	0	0	0	1	1	0	0	1	0	0	0	1	0	S
NMDC20553328	0	0	0	0	0	1	0	1	0	0	0	1	0	0	1	0	1	1	0	0	0	1	0	0	1	0	0	0	1	1	S
NMDC20584132	0	0	0	0	0	0	0	0	0	0	0	1	0	0	1	0	0	0	0	0	0	1	0	0	0	0	0	0	0	0	S
NMDC20557320	0	0	0	0	0	0	0	0	0	0	0	1	0	0	1	0	0	0	0	0	0	1	0	0	0	0	0	0	0	0	S
NMDC20551307	0	0	0	0	0	0	0	0	0	0	0	1	0	0	1	0	0	0	0	0	0	1	0	0	0	0	0	0	0	0	S
NMDC20553329	1	0	0	0	0	1	0	1	0	0	0	1	0	0	1	0	1	1	0	0	0	1	0	0	1	0	0	0	1	1	S
NMDC20555319	0	0	0	0	0	1	0	1	0	0	0	1	0	0	1	0	1	1	1	0	0	1	0	0	1	0	0	0	1	1	S
NMDC20557322	0	0	0	0	0	0	0	0	0	0	0	0	0	0	1	0	1	0	0	0	1	1	0	0	0	0	0	1	0	1	S
NMDC20584134	0	0	0	0	0	0	0	0	0	0	0	1	0	0	0	0	1	0	0	0	1	1	0	0	1	0	0	0	1	0	S
NMDC20557323	0	0	0	0	0	1	0	0	0	0	1	0	0	0	0	0	0	0	0	0	0	0	0	0	0	0	0	0	1	1	S
NMDC20557324	0	0	0	0	0	1	0	0	0	0	1	0	0	0	0	0	0	0	0	0	0	0	0	0	0	0	0	0	1	1	S
NMDC20555320	0	0	0	0	0	1	0	1	0	0	0	1	0	0	1	0	1	1	0	0	0	1	0	0	1	0	0	0	1	1	S
NMDC20553331	0	0	0	0	0	1	0	1	0	0	1	1	0	0	1	0	0	0	0	0	1	1	0	0	0	0	0	0	0	1	S
NMDC20551309	0	0	0	0	0	1	0	1	0	0	0	1	0	0	1	0	1	1	0	0	0	1	0	0	1	0	0	0	1	1	S
NMDC20553330	0	0	0	0	0	1	0	0	0	0	1	0	0	0	0	0	0	0	0	0	0	0	0	0	0	0	0	0	1	1	S
NMDC20555321	0	0	0	0	0	1	0	1	0	0	0	1	0	0	1	0	1	1	0	0	0	1	0	0	1	0	0	0	1	1	S
NMDC20584137	0	0	0	0	0	1	0	0	0	0	0	1	0	0	0	0	0	0	0	0	0	1	0	0	0	0	0	1	1	0	S
NMDC20584139	0	0	0	0	0	1	0	0	0	0	0	0	0	0	0	0	0	0	0	0	1	1	0	0	0	0	0	0	0	0	S
NMDC20584141	0	0	0	0	0	1	0	0	0	0	1	0	0	0	0	0	0	0	0	0	0	0	0	0	0	0	0	0	1	1	S
NMDC20584142	0	0	0	0	0	1	0	0	0	0	0	0	0	0	0	0	0	0	0	0	1	1	0	0	0	0	0	0	0	0	S
NMDC20584143	0	0	0	0	0	0	0	0	0	0	0	1	0	0	1	0	0	0	0	0	0	1	0	0	0	0	0	0	0	0	S
NMDC20584144	0	0	0	0	0	1	0	1	0	0	0	1	0	0	1	0	1	1	0	0	0	1	0	0	1	0	0	0	1	1	S
NMDC20557325	0	0	1	0	1	0	0	0	0	0	0	1	0	0	0	1	0	0	1	0	0	0	0	0	0	0	0	0	0	0	S
NMDC20584147	0	0	0	0	0	1	1	0	0	0	1	1	0	0	1	0	0	1	0	0	0	0	0	0	0	0	1	0	1	1	S
NMDC20551311	0	0	0	0	0	1	0	0	0	0	1	0	0	0	0	0	0	0	0	0	0	0	0	0	0	0	0	0	1	1	S
NMDC20557327	0	0	0	0	0	0	0	0	0	0	0	1	0	0	0	0	0	0	0	0	1	1	0	0	0	0	1	0	1	1	S
NMDC20557330	0	0	0	0	0	1	0	1	0	0	0	1	0	0	0	0	0	0	0	0	0	0	0	1	0	0	0	0	1	1	S
NMDC20551312	0	0	0	0	0	0	0	0	0	0	0	1	0	0	0	0	1	1	0	0	0	0	0	0	1	0	0	0	0	1	S
NMDC20555324	0	0	0	0	0	1	0	1	0	0	0	1	0	0	0	0	0	0	0	0	1	1	0	0	0	0	0	0	0	0	S
NMDC20557329	0	0	0	0	0	0	0	1	0	0	0	1	0	0	0	0	1	0	0	0	0	0	0	0	0	0	0	0	0	1	S
NMDC20551313	0	0	0	0	0	0	0	0	0	0	0	0	0	0	0	0	1	1	0	1	0	0	0	1	0	0	0	0	0	0	S
NMDC20551314	0	0	0	0	0	1	0	1	0	0	1	1	0	0	1	0	0	0	0	0	1	1	0	0	0	0	0	0	0	1	S
NMDC20553334	0	0	0	0	0	1	0	1	0	0	1	1	0	0	1	0	0	0	0	0	1	1	0	0	0	0	0	0	0	1	S
NMDC20584149	0	0	0	0	0	1	0	1	0	0	0	1	0	0	1	0	1	1	0	0	0	1	0	0	1	0	0	0	1	1	S
NMDC20584150	0	0	0	0	0	1	0	1	0	0	0	1	0	0	1	0	1	1	1	0	0	1	0	0	1	0	0	0	1	1	S
NMDC20584151	0	0	0	0	0	1	0	1	0	0	0	1	0	0	1	0	0	0	0	0	0	1	0	0	1	0	0	0	0	0	S
NMDC20557331	0	0	0	0	0	0	0	0	0	0	0	1	0	0	0	0	1	1	0	0	0	0	0	0	1	0	0	0	0	1	S
NMDC20551315	0	0	0	0	0	1	0	1	0	0	0	1	0	0	0	0	0	0	0	0	1	1	0	0	0	0	0	0	0	0	S
NMDC20584152	0	0	0	0	0	1	0	0	0	0	1	0	0	0	0	0	0	0	0	0	0	0	0	0	0	0	0	0	1	1	S
NMDC20584153	0	0	0	0	0	1	0	0	0	0	1	0	0	0	0	0	0	0	0	0	0	0	0	0	0	0	0	0	1	1	S
NMDC20555329	0	0	0	0	0	1	0	0	0	0	1	0	0	0	0	0	0	0	0	0	0	0	0	0	0	0	0	0	1	1	S
NMDC20557332	0	0	0	0	0	1	0	1	0	0	0	1	0	0	1	0	1	1	0	0	0	1	0	0	1	0	0	0	1	1	S
NMDC20584154	0	0	0	0	0	1	0	1	0	0	0	1	0	0	1	0	1	1	0	0	0	1	0	0	1	0	0	0	1	1	S
NMDC20557333	0	0	0	0	0	1	0	1	0	0	0	1	0	0	1	0	1	1	0	0	0	1	0	0	1	0	0	0	1	1	S
NMDC20584155	0	0	0	0	0	1	0	1	0	0	0	1	0	0	0	0	0	0	0	0	0	0	0	1	0	0	0	0	1	1	S
NMDC20584156	0	0	0	0	0	1	0	0	0	0	1	0	0	0	0	0	0	0	0	0	0	0	0	0	0	0	0	0	1	1	S
NMDC20584157	0	0	0	0	0	1	0	1	0	0	0	1	0	0	0	0	0	0	0	0	1	1	0	0	0	0	0	0	0	0	S
NMDC20557334	0	0	0	0	0	1	0	0	0	0	1	0	0	0	0	0	0	0	0	0	0	0	0	0	0	0	0	0	1	1	S
NMDC20584158	0	0	0	0	0	0	0	0	0	0	0	1	0	0	0	0	1	1	0	0	0	0	0	0	1	0	0	0	0	1	S
NMDC20584159	0	0	0	0	0	1	0	1	0	0	0	1	0	0	0	0	0	0	0	0	0	0	0	1	0	0	0	0	1	1	S
NMDC20555331	0	0	0	0	0	1	0	1	0	0	0	1	0	0	1	0	1	1	0	0	0	1	0	0	1	0	0	0	1	1	S
NMDC20551317	0	0	0	0	0	1	0	0	0	0	1	0	0	0	0	0	0	0	0	0	0	0	0	0	0	0	0	0	1	1	S
NMDC20553337	0	0	0	0	0	0	0	0	0	0	0	0	0	0	0	0	1	0	0	1	0	0	0	1	0	0	0	0	0	0	S
NMDC20584160	0	0	0	0	0	1	0	0	0	0	1	0	0	0	0	0	0	0	0	0	0	0	0	0	0	0	0	0	1	1	S
NMDC20551319	0	0	0	0	0	1	0	1	0	0	0	1	0	0	1	0	1	1	0	0	0	1	0	0	1	0	0	0	1	1	S
NMDC20551318	0	0	0	0	0	1	0	0	0	0	1	0	0	0	0	0	0	0	0	0	0	0	0	0	0	0	0	0	1	1	S
NMDC20553339	0	0	0	0	0	0	0	0	0	0	0	1	0	0	0	0	1	0	0	0	1	1	0	0	1	0	0	0	1	0	S
NMDC20584161	0	0	0	0	0	1	0	0	0	0	0	1	0	0	0	0	0	0	0	0	0	1	0	0	0	0	0	1	1	0	S
NMDC20584163	0	0	0	0	0	1	0	0	0	0	1	0	0	0	0	0	0	0	0	0	0	0	0	0	0	0	0	0	1	1	S
NMDC20553340	0	0	0	0	0	1	0	1	0	0	0	1	0	0	1	0	1	1	0	0	0	1	0	0	1	0	0	0	1	1	S
NMDC20584166	0	0	0	0	0	0	0	0	0	0	0	1	0	0	0	0	0	0	1	0	0	0	0	0	0	0	0	0	0	0	S
NMDC20557336	0	0	0	0	0	1	0	0	0	0	1	0	0	0	0	0	0	0	0	0	0	0	0	0	0	0	0	0	1	1	S
NMDC20557337	0	0	0	0	0	1	0	1	0	0	0	1	1	0	1	0	0	0	0	0	1	1	0	0	0	0	0	0	1	1	S
NMDC20553341	0	0	0	0	0	1	0	1	0	0	0	1	0	0	1	0	1	1	0	0	0	1	0	0	1	0	0	0	1	1	S
NMDC20553344	0	0	0	0	0	1	0	1	0	0	0	1	0	0	1	0	0	0	0	0	0	1	0	0	0	0	0	0	1	0	S
NMDC20551320	0	0	0	0	0	1	0	1	0	0	0	1	0	0	1	0	1	1	0	0	0	1	0	0	1	0	0	0	0	1	S
NMDC20551321	0	0	0	0	0	1	0	1	0	0	0	1	0	0	1	0	1	1	0	0	0	1	0	0	1	0	0	0	1	1	S
NMDC20553342	0	0	0	0	0	1	0	1	0	0	0	1	0	0	1	0	1	1	0	0	0	1	0	0	1	0	0	0	1	1	S
NMDC20553343	0	0	0	0	0	1	0	0	0	0	1	0	0	0	0	0	0	0	0	0	0	0	0	0	0	0	0	0	1	1	S
NMDC20551323	0	0	0	0	0	0	0	0	0	0	0	1	0	0	0	0	1	0	0	0	1	1	0	0	1	0	0	0	1	0	S
NMDC20553345	0	0	0	0	0	1	0	1	0	0	0	1	0	0	1	0	1	1	0	0	0	1	0	0	1	0	0	0	1	1	S
NMDC20584170	0	0	0	0	0	1	0	1	0	0	0	1	0	0	0	0	0	0	0	0	1	1	0	0	0	0	0	0	0	0	S
NMDC20555335	0	0	0	0	0	1	0	1	0	0	0	1	0	0	1	0	1	1	1	0	0	1	0	0	1	0	0	0	1	1	S
NMDC20557340	0	0	0	0	0	1	0	1	0	0	0	1	0	0	1	0	1	1	0	0	0	1	0	0	1	0	0	0	1	1	S
NMDC20553346	0	0	0	0	0	1	0	0	0	0	1	0	0	0	0	0	0	0	0	0	0	0	0	0	0	0	0	0	1	1	S
NMDC20555336	0	0	0	0	0	1	0	1	0	0	0	1	0	0	1	0	0	0	0	0	1	1	0	0	1	0	0	0	0	1	S
NMDC20584172	0	0	0	0	0	1	0	1	0	0	0	1	0	0	1	0	1	1	0	0	0	1	0	0	1	0	0	0	1	1	S
NMDC20551325	0	0	0	0	0	0	0	0	0	0	0	1	0	0	0	0	0	0	0	0	0	0	0	0	0	0	0	0	0	0	S
NMDC20551324	0	0	0	0	0	1	0	0	0	0	0	0	0	0	0	0	0	0	0	0	1	1	0	0	0	0	0	0	0	0	S
NMDC20584174	0	0	1	0	1	0	0	0	0	0	0	1	0	0	0	1	0	0	1	0	0	0	0	0	0	0	0	0	0	0	S
NMDC20555339	0	0	0	0	0	1	0	0	0	0	1	0	0	0	0	0	0	0	0	0	0	0	0	0	0	0	0	0	1	1	S
NMDC20557342	0	0	1	0	1	0	0	0	0	0	0	1	0	0	0	1	0	0	1	0	0	0	0	0	0	0	0	0	0	0	S
NMDC20584175	0	0	0	0	0	1	0	0	0	0	0	0	0	0	0	0	0	0	0	0	0	0	0	0	1	0	1	0	1	0	S
NMDC20557343	0	0	0	0	0	1	0	0	0	0	1	0	0	0	0	0	0	0	0	0	0	0	0	0	0	0	0	0	1	1	S
NMDC20553348	0	0	0	0	0	1	0	1	0	0	0	1	0	0	1	0	1	1	0	0	0	1	0	0	1	0	0	0	1	1	S
NMDC20553349	0	0	0	0	0	1	0	1	0	0	0	1	0	0	1	0	1	1	1	0	0	1	0	0	1	0	0	0	1	1	S
NMDC20584180	0	0	0	0	0	1	0	1	0	0	0	1	0	0	1	0	1	1	0	0	0	1	0	0	1	0	0	0	1	1	S
NMDC20553350	0	0	0	0	0	1	0	1	0	0	0	1	0	0	1	0	1	1	0	0	0	1	0	0	1	0	0	0	1	1	S
NMDC20551326	0	0	0	0	0	1	0	1	0	0	0	1	0	0	0	0	0	0	1	0	1	1	0	0	0	0	0	0	0	0	S
NMDC20584181	0	0	0	0	0	1	0	0	0	0	1	0	0	0	0	0	0	0	0	0	0	0	0	0	0	0	0	0	1	1	S
NMDC20551327	0	0	0	0	0	1	0	1	0	0	0	1	0	0	1	0	1	1	0	0	0	1	0	0	1	0	0	0	1	1	S
NMDC20555340	0	0	0	0	0	1	0	0	0	0	1	0	0	0	0	0	0	0	0	0	0	0	0	0	0	0	0	0	1	1	S
NMDC20584182	0	0	0	0	0	1	0	0	0	0	1	0	0	0	0	0	0	0	0	0	0	0	0	0	0	0	0	0	1	1	S
NMDC20584183	0	0	0	0	0	1	0	0	0	0	1	0	0	0	0	0	0	0	0	0	0	0	0	0	0	0	0	0	1	1	S
NMDC20584184	0	0	0	0	0	1	0	1	0	0	0	1	0	0	1	0	1	1	0	0	0	1	0	0	1	0	0	0	1	1	S
NMDC20584185	0	0	0	0	0	1	0	1	0	0	0	1	0	0	1	0	1	1	0	0	0	1	0	0	1	0	0	0	1	1	S
NMDC20557345	0	0	0	0	0	1	0	1	0	0	0	1	0	0	1	0	1	1	0	0	0	1	0	0	1	0	0	0	1	1	S
NMDC20584186	0	0	0	0	0	1	0	1	0	0	0	1	0	0	0	0	0	0	1	0	1	1	0	0	0	0	0	0	0	0	S
NMDC20553352	0	0	0	0	0	1	0	1	0	0	0	1	0	0	1	0	1	1	0	0	0	1	0	0	1	0	0	0	1	1	S
NMDC20584187	0	0	0	0	0	0	0	0	0	0	0	1	0	0	0	0	1	1	0	0	0	0	0	0	1	0	0	0	0	1	S
NMDC20557346	0	0	0	0	0	1	0	0	0	0	1	0	0	0	0	0	0	0	0	0	0	0	0	0	0	0	0	0	1	1	S
NMDC20555344	0	0	0	0	0	1	0	1	0	0	0	1	0	0	1	0	1	1	0	0	0	1	0	0	1	0	0	0	1	1	S
NMDC20551329	0	0	0	0	0	1	0	0	0	0	1	0	0	0	0	0	0	0	0	0	0	0	0	0	0	0	0	0	1	1	S
NMDC20584188	0	0	0	0	0	1	0	1	0	0	0	1	0	0	1	0	1	1	0	0	0	1	0	0	1	0	0	0	1	1	S
NMDC20555366	0	0	0	0	0	1	0	1	0	0	0	1	0	0	1	0	1	1	0	0	0	1	0	0	1	0	0	0	1	1	S
NMDC20551331	0	0	0	0	0	1	0	1	0	0	0	1	0	0	1	0	1	1	1	0	0	1	0	0	1	0	0	0	1	1	S
NMDC20551332	0	0	0	0	0	1	0	1	0	0	0	1	0	0	1	0	1	1	1	0	0	1	0	0	1	0	0	0	1	1	S
NMDC20584189	0	0	0	0	0	1	0	0	0	0	1	0	0	0	0	0	0	0	0	0	0	0	0	0	0	0	0	0	1	1	S
NMDC20557347	0	0	0	0	0	1	0	0	0	0	1	0	0	0	0	0	0	0	0	0	0	0	0	0	0	0	0	0	1	1	S
NMDC20555347	0	0	0	0	0	1	0	1	0	0	0	1	0	0	1	0	1	1	1	0	0	1	0	0	1	0	0	0	1	1	S
NMDC20584192	0	0	0	0	0	1	0	1	0	0	0	1	0	0	1	0	1	1	0	0	0	1	0	0	1	0	0	0	1	1	S
NMDC20584193	0	0	0	0	0	1	0	0	0	0	1	0	0	0	0	0	0	0	0	0	0	0	0	0	0	0	0	0	1	1	S
NMDC20584194	0	0	0	0	0	1	0	1	0	0	0	1	0	0	1	0	1	1	0	0	0	1	0	0	1	0	0	0	1	1	S
NMDC20555348	0	0	0	0	0	1	0	1	0	0	0	1	0	0	1	0	1	1	1	0	0	1	0	0	1	0	0	0	1	1	S
NMDC20553354	0	0	0	0	0	1	0	0	0	0	1	0	0	0	0	0	0	0	0	0	0	0	0	0	0	0	0	0	1	1	S
NMDC20584195	0	0	0	0	0	1	0	1	0	0	0	1	0	0	0	0	0	0	0	0	1	1	0	0	0	0	0	0	0	0	S
NMDC20584196	0	0	0	0	0	1	0	1	0	0	0	1	0	0	1	0	1	1	1	0	0	1	0	0	1	0	0	0	1	1	S
NMDC20584197	0	0	0	0	0	1	0	1	0	0	0	1	0	0	1	0	1	1	0	0	0	1	0	0	1	0	0	0	1	1	S
NMDC20557348	0	0	0	0	0	1	0	1	0	0	0	1	0	0	1	0	1	1	0	0	0	1	0	0	1	0	0	0	1	1	S
NMDC20555353	0	0	0	0	0	1	0	0	0	0	1	0	0	0	0	0	0	0	0	0	0	0	0	0	0	0	0	0	1	1	S
NMDC20555351	0	0	0	0	0	0	0	0	0	0	0	1	0	0	0	0	1	0	0	0	1	1	0	0	1	0	0	0	1	0	S
NMDC20551333	0	0	0	0	0	1	0	1	0	0	0	1	0	0	1	0	1	1	0	0	0	1	0	0	1	0	0	0	1	1	S
NMDC20551334	0	0	0	0	0	1	0	1	0	0	0	1	0	0	1	0	1	1	0	0	1	0	0	0	1	0	1	0	0	1	S
NMDC20557349	0	0	0	0	0	1	0	1	0	0	0	1	0	0	1	0	1	1	0	0	0	1	0	0	1	0	0	0	1	1	S
NMDC20584198	0	0	0	0	0	1	0	1	0	0	0	1	0	0	1	0	1	1	0	0	0	1	0	0	1	0	0	0	1	1	S
NMDC20553356	0	0	0	0	0	1	0	1	0	0	0	1	0	0	1	0	1	1	0	0	0	1	0	0	1	0	0	0	1	1	S
NMDC20553357	0	0	0	0	0	1	0	1	0	0	0	1	0	0	1	0	1	1	0	0	1	0	0	0	1	0	1	0	0	1	S
NMDC20551335	0	0	0	0	0	1	0	1	0	0	0	1	0	0	1	0	1	1	0	0	0	1	0	0	1	0	0	0	1	1	S
NMDC20584199	0	0	0	0	0	1	0	0	0	0	1	0	0	0	0	0	0	0	0	0	0	0	0	0	0	0	0	0	1	1	S
NMDC20551336	0	0	0	0	0	1	0	0	0	0	1	0	0	0	0	0	0	0	0	0	0	0	0	0	0	0	0	0	1	1	S
NMDC20553359	0	0	0	0	0	0	0	0	0	0	0	0	0	0	0	0	1	1	0	1	0	0	0	1	0	0	0	0	0	0	S
NMDC20551337	0	0	0	0	0	1	0	1	0	0	0	1	0	0	1	0	1	1	1	0	0	1	0	0	1	0	0	0	1	1	S
NMDC20555355	0	0	0	0	0	1	0	0	0	0	1	0	0	0	0	0	0	0	0	0	0	0	0	0	0	0	0	0	1	1	S
NMDC20555359	0	0	0	0	0	1	0	1	0	0	0	1	0	0	1	0	1	1	0	0	0	1	0	0	1	0	0	0	1	1	S
NMDC20555356	0	0	0	0	0	1	0	0	0	0	1	0	0	0	0	0	0	0	0	0	0	0	0	0	0	0	0	0	1	1	S
NMDC20555358	0	0	0	0	0	1	0	1	0	0	0	1	0	0	1	0	1	1	1	0	0	1	0	0	1	0	0	0	1	1	S
NMDC20553361	0	0	0	0	0	1	0	0	0	0	1	0	0	0	0	0	0	0	0	0	0	0	0	0	0	0	0	0	1	1	S
NMDC20557351	0	0	0	0	0	1	0	1	0	0	0	1	0	0	1	0	1	1	0	0	0	1	0	0	1	0	0	0	1	1	S
NMDC20551338	0	0	1	0	0	1	0	1	0	0	0	1	0	0	1	1	1	1	0	0	0	1	0	0	1	0	0	0	1	1	S
NMDC20557353	0	0	1	0	0	1	0	1	0	0	0	1	0	0	1	1	1	1	0	0	0	1	0	0	1	0	0	0	1	1	S
NMDC20557355	0	0	0	0	0	1	0	1	0	0	0	1	0	0	0	0	0	0	0	0	0	0	0	1	0	0	0	0	1	1	S
NMDC20553363	0	0	0	0	0	1	0	1	0	0	0	1	0	0	1	0	1	1	1	0	0	1	0	0	1	0	0	0	1	1	S
NMDC20584202	0	0	0	0	0	1	0	1	0	0	0	1	0	0	1	0	1	1	0	0	0	1	0	0	1	0	0	0	1	1	S
NMDC20584203	0	0	0	0	0	1	0	0	0	0	1	0	0	0	0	0	0	0	0	0	0	0	0	0	0	0	0	0	1	1	S
NMDC20555362	0	0	1	0	1	0	0	0	0	0	0	1	0	0	0	1	0	0	1	0	0	0	0	0	0	0	0	0	0	0	S
NMDC20557356	0	0	0	0	0	1	0	1	0	0	0	1	0	0	1	0	1	1	0	0	0	1	0	0	1	0	0	0	1	1	S
NMDC20557357	0	0	0	0	0	1	0	0	0	0	1	0	0	0	0	0	0	0	0	0	0	0	0	0	0	0	0	0	1	1	S
NMDC20553364	0	0	0	0	0	1	0	1	0	0	0	1	0	0	1	0	1	1	0	0	0	1	0	0	1	0	0	0	1	1	S
NMDC20557358	0	0	0	0	0	1	0	0	0	0	1	0	0	0	0	0	0	0	0	0	0	0	0	0	0	0	0	0	1	1	S
NMDC20584205	0	0	0	0	0	0	0	0	0	0	0	1	0	0	0	0	0	0	0	0	0	0	0	0	0	0	0	0	0	0	S
NMDC20584206	0	0	0	0	0	0	0	0	0	0	0	0	0	0	0	0	0	0	0	0	0	1	0	0	0	0	0	0	0	0	S
NMDC20584207	0	0	0	0	0	1	0	1	0	0	0	1	0	0	1	0	1	1	0	0	0	1	0	0	1	0	0	0	1	1	S
NMDC20584208	0	0	0	0	0	1	0	1	0	0	0	1	0	0	1	0	1	1	0	0	0	1	1	0	1	0	0	0	1	1	S
NMDC20555365	0	0	0	0	0	1	0	1	0	0	0	1	0	0	1	0	1	1	1	0	0	1	0	0	1	0	0	0	1	1	S
NMDC20557359	0	0	0	0	0	1	0	1	0	0	0	1	0	0	1	0	1	1	0	0	0	1	0	0	1	0	0	0	1	1	S
NMDC20551340	0	0	0	0	0	1	0	1	0	0	0	1	0	0	1	0	1	1	0	0	0	1	0	0	1	0	0	0	1	1	S
NMDC20584209	0	0	0	0	0	1	0	0	0	0	1	0	0	0	0	0	0	0	0	0	0	0	0	0	0	0	0	0	1	1	S
NMDC20584210	0	0	0	0	0	1	0	1	0	0	0	1	0	0	1	0	1	1	1	0	0	1	0	0	1	0	0	0	1	1	S
NMDC20584212	0	0	0	0	0	0	0	0	0	0	0	1	0	0	0	0	0	0	0	0	0	0	0	0	0	0	0	0	0	0	S
NMDC20551343	0	0	0	0	0	1	0	1	0	0	0	1	0	0	1	0	1	1	0	0	0	1	0	0	1	0	0	0	1	1	S
NMDC20584213	0	0	0	0	0	1	0	1	0	0	0	1	0	0	1	0	1	1	0	0	0	1	0	0	1	0	0	0	1	1	S
NMDC20553367	0	0	0	0	0	1	0	1	0	0	0	1	0	0	1	0	1	1	0	0	0	1	0	0	1	0	0	0	1	1	S
NMDC20555367	0	0	1	0	0	1	0	1	0	0	0	1	0	0	1	1	1	1	0	0	0	1	1	0	1	0	0	0	1	1	S
NMDC20584214	0	0	0	0	0	1	0	1	0	0	0	1	0	0	1	0	1	1	0	0	0	1	0	0	1	0	0	0	1	1	S
NMDC20553368	0	0	0	0	0	1	0	1	0	0	0	1	0	0	1	0	1	1	0	0	0	1	1	0	1	0	0	0	1	1	S
NMDC20551344	0	0	0	0	0	1	0	1	0	0	0	1	0	0	1	0	1	1	0	0	0	1	1	0	1	0	0	0	1	1	S
NMDC20584215	0	0	0	0	0	1	0	1	0	0	0	1	0	0	1	0	1	1	0	0	0	1	1	0	1	0	0	0	1	1	S
NMDC20557363	0	0	0	0	0	1	0	0	0	0	1	0	0	0	0	0	0	0	0	0	0	0	0	0	0	0	0	0	1	1	S
NMDC20553369	0	0	0	0	0	0	0	0	0	0	0	1	0	0	0	0	0	0	0	0	0	0	0	0	0	0	0	0	0	0	S
NMDC20557364	0	0	0	0	0	0	0	1	0	0	0	1	0	0	0	0	0	1	0	0	1	1	0	0	0	0	0	0	0	1	S
NMDC20584216	0	0	0	0	0	1	0	1	0	0	0	1	0	0	1	0	1	1	0	0	0	1	0	0	1	0	0	0	1	1	S
NMDC20584217	0	0	0	0	0	1	0	1	0	0	0	1	0	0	1	0	1	1	0	0	0	1	1	0	1	0	0	0	1	1	S
NMDC20551346	0	0	0	0	0	1	0	1	0	0	0	1	0	0	1	0	1	1	0	0	0	1	0	0	1	0	0	0	1	1	S
NMDC20557367	0	0	0	0	0	1	0	1	0	0	0	1	0	0	1	0	1	1	0	0	0	1	0	0	1	0	0	0	1	1	S
NMDC20555369	0	0	0	0	0	1	0	0	0	0	1	0	0	0	0	0	0	0	0	0	0	0	0	0	0	0	0	0	1	1	S
NMDC20553370	0	0	0	0	0	1	0	1	0	0	0	1	0	0	1	0	1	1	0	0	0	1	0	0	1	0	0	0	1	1	S
NMDC20557369	0	0	0	0	0	1	0	0	0	0	1	0	0	0	0	0	0	0	0	0	0	0	0	0	0	0	0	0	1	1	S
NMDC20557370	0	0	0	0	0	1	0	1	0	0	0	1	0	0	1	0	1	1	0	0	0	1	0	0	1	0	0	0	1	1	S
NMDC20553371	0	0	0	0	0	1	0	1	0	0	0	1	0	0	1	0	1	1	0	0	0	1	0	0	1	0	0	0	1	1	S
NMDC20584220	0	0	0	0	0	1	0	1	0	0	0	1	0	0	1	0	1	1	0	0	0	1	0	0	1	0	0	0	1	1	S
NMDC20584223	0	0	0	0	0	1	0	1	0	0	0	1	0	0	1	0	1	1	0	0	0	1	0	0	1	0	0	0	1	1	S
NMDC20555371	0	0	0	0	0	1	0	1	0	0	0	1	0	0	1	0	1	1	0	0	0	1	0	0	1	0	0	0	1	1	S
NMDC20551347	0	0	0	0	0	0	0	0	0	0	0	1	0	0	0	0	0	0	0	0	0	0	0	0	0	0	0	0	0	0	S
NMDC20584224	0	0	0	0	0	0	0	0	0	0	0	1	0	0	0	0	0	0	0	0	0	0	0	0	0	0	0	0	0	0	S
NMDC20551348	0	0	0	0	0	1	0	0	0	0	1	0	0	0	0	0	0	0	0	0	0	0	0	0	0	0	0	0	1	1	S
NMDC20551351	0	0	0	0	0	1	0	1	0	0	0	1	0	0	1	0	1	1	0	0	0	1	0	0	1	0	0	0	1	1	S
NMDC20584225	0	0	0	0	0	1	0	0	0	0	1	0	0	0	0	0	0	0	0	0	0	0	0	0	0	0	0	0	1	1	S
NMDC20584226	0	0	0	0	0	1	0	1	0	0	0	1	0	0	1	0	1	1	0	0	0	1	0	0	1	0	0	0	1	1	S
NMDC20584227	0	0	0	0	0	1	0	1	0	0	0	1	0	0	1	0	1	1	0	0	0	1	0	0	1	0	0	0	1	1	S
NMDC20553374	0	0	1	0	1	0	0	0	0	0	0	1	0	0	0	1	0	0	1	0	0	0	0	0	0	0	0	0	0	0	S
NMDC20555374	0	0	1	0	1	0	0	0	0	0	0	1	0	0	0	1	0	0	1	0	0	0	0	0	0	0	0	0	0	0	S
NMDC20551350	0	0	0	0	0	1	0	1	0	0	0	1	0	0	1	0	1	1	0	0	0	1	0	0	1	0	0	0	1	1	S
NMDC20557373	0	0	0	0	0	1	0	1	0	0	0	1	0	0	1	0	1	1	0	0	0	1	0	0	1	0	0	0	1	1	S
NMDC20584228	0	0	0	0	0	1	0	1	0	0	0	1	0	0	1	0	1	1	0	0	0	1	0	0	1	0	0	0	1	1	S
NMDC20584229	0	0	0	0	0	1	0	1	0	0	0	1	0	0	1	0	1	1	0	0	0	1	0	0	1	0	0	0	1	1	S
NMDC20553376	0	0	0	0	0	0	0	0	0	0	0	1	0	0	0	0	1	0	0	0	1	1	0	0	1	0	0	0	1	0	S
NMDC20551352	0	0	0	0	0	0	0	0	0	0	0	0	0	0	0	0	1	1	0	1	0	0	0	1	0	0	0	0	0	0	S
NMDC20557375	0	0	0	0	0	1	0	1	0	0	0	1	0	0	1	0	1	1	0	0	0	1	0	0	1	0	0	0	1	1	S
NMDC20584231	0	0	0	0	0	1	0	1	0	0	0	1	0	0	1	0	1	1	0	0	0	1	1	0	1	0	0	0	1	1	S
NMDC20584233	0	0	0	0	0	1	0	1	0	0	0	1	0	0	1	0	1	1	0	0	0	1	0	0	1	0	0	0	1	1	S
NMDC20584235	0	0	0	0	0	1	0	1	0	0	0	1	0	0	1	0	1	1	0	0	0	1	1	0	1	0	0	0	1	1	S
NMDC20553377	0	0	0	0	0	1	0	1	0	0	0	1	0	0	1	0	1	1	0	0	0	1	1	0	1	0	0	0	1	1	S
NMDC20551353	0	0	0	0	0	1	0	1	0	0	0	1	0	0	1	0	1	1	0	0	0	1	0	0	1	0	0	0	1	1	S
NMDC20551354	0	0	0	0	0	0	0	0	0	0	0	1	0	0	0	0	1	0	0	0	1	1	0	0	1	0	0	0	1	0	S
NMDC20553378	0	0	0	0	0	1	0	0	0	0	1	0	0	0	0	0	0	0	0	0	0	0	0	0	0	0	0	0	1	1	S
NMDC20584236	0	0	0	0	0	1	0	1	0	0	0	1	0	0	1	0	1	1	0	0	0	1	0	0	1	0	0	0	1	1	S
NMDC20584237	0	0	0	0	0	0	0	0	0	0	0	0	0	0	0	0	1	1	0	1	0	0	0	1	0	0	0	0	0	0	S
NMDC20553380	0	0	0	0	0	0	0	1	0	0	0	1	1	0	1	0	0	0	0	0	1	1	0	0	0	0	0	0	0	1	S
NMDC20557376	0	0	1	0	1	0	0	0	0	0	0	1	0	0	0	1	0	0	1	0	0	0	0	0	0	0	0	0	0	0	S
NMDC20553381	0	0	0	0	0	0	0	0	0	0	0	0	0	0	1	0	0	0	0	0	0	1	0	0	0	0	0	1	1	0	S
NMDC20553382	0	0	0	0	0	0	0	0	0	0	0	1	0	0	0	0	0	0	0	0	0	0	0	0	0	0	0	0	0	0	S
NMDC20557377	0	0	1	0	1	1	0	1	0	0	0	1	0	0	0	1	0	0	1	0	0	0	0	1	0	0	0	0	1	1	S
NMDC20555376	0	0	0	0	0	1	0	1	0	0	0	1	0	0	1	0	1	1	0	0	0	1	0	0	1	0	0	0	1	1	S
NMDC20557378	0	0	1	0	1	0	0	0	0	0	0	1	0	0	0	1	0	0	1	0	0	0	0	0	0	0	0	0	0	0	S
NMDC20584241	0	0	0	0	0	1	0	1	0	0	0	1	0	0	1	0	1	1	0	0	0	1	1	0	1	0	0	0	1	1	S
NMDC20584242	0	0	0	0	0	1	0	1	0	0	0	1	0	0	1	0	1	1	0	0	0	1	0	0	1	0	0	0	1	1	S
NMDC20551355	0	0	0	0	0	1	0	1	0	0	0	1	0	0	1	0	1	1	0	0	0	1	0	0	1	0	0	0	1	1	S
NMDC20553384	0	0	0	0	0	0	0	0	0	0	0	0	0	0	0	0	1	1	0	1	0	0	0	1	0	0	0	0	0	0	S
NMDC20584243	0	0	0	0	0	1	0	1	0	0	0	1	0	0	1	0	1	1	0	0	0	1	0	0	1	0	0	0	1	1	S
NMDC20555377	0	0	0	0	0	1	0	1	0	0	0	1	0	0	1	0	1	1	0	0	0	1	0	0	1	0	0	0	1	1	S
NMDC20555378	0	0	0	0	0	1	0	0	0	0	0	0	0	0	0	0	0	0	0	0	0	0	0	0	1	0	1	0	1	0	S
NMDC20584244	0	0	0	0	0	1	0	0	0	0	1	0	0	0	0	0	0	0	0	0	0	0	0	0	0	0	0	0	1	1	S
NMDC20557379	0	0	0	0	0	0	0	0	0	0	0	0	0	0	0	0	0	0	0	0	1	1	0	0	0	0	1	0	1	1	S
NMDC20557380	0	0	0	0	0	1	0	1	0	0	0	1	0	0	1	0	1	1	0	0	0	1	0	0	1	0	0	0	1	1	S
NMDC20553385	0	0	0	0	0	1	0	1	0	0	0	1	0	0	1	0	1	1	0	0	0	1	0	0	1	0	0	0	1	1	S
NMDC20584245	0	0	0	0	0	0	0	0	0	0	0	0	0	0	0	0	0	0	0	0	1	1	0	0	0	0	1	0	1	1	S
NMDC20584248	0	0	0	0	0	1	0	0	0	0	0	0	0	0	0	0	0	0	0	0	0	1	0	0	1	0	0	1	0	0	S
NMDC20555381	0	0	0	0	0	1	0	0	0	0	1	0	0	0	0	0	0	0	0	0	0	0	0	0	0	0	0	0	1	1	S
NMDC20551357	0	0	0	0	0	1	0	1	0	0	0	1	0	0	1	0	1	1	0	0	0	1	0	0	1	0	0	0	1	1	S
NMDC20551358	0	0	0	0	0	1	0	1	0	0	0	1	0	0	1	0	1	1	1	0	0	1	0	0	1	0	0	0	1	1	S
NMDC20555382	0	0	0	0	0	1	0	1	0	0	0	1	0	0	1	0	1	1	0	0	0	1	0	0	1	0	0	0	1	1	S
NMDC20553389	0	0	0	0	0	1	0	1	0	0	0	1	0	0	1	0	1	1	1	0	0	1	0	0	1	0	0	0	1	1	S
NMDC20555383	0	0	0	0	0	1	0	1	0	0	0	1	0	0	1	0	1	1	0	0	0	1	0	0	1	0	0	0	1	1	S
NMDC20584250	0	0	0	0	0	1	0	0	0	0	0	0	0	0	1	0	1	0	1	0	0	0	0	0	0	0	0	0	0	1	S
NMDC20584251	0	0	1	0	1	0	0	0	0	0	0	1	0	0	0	1	0	0	1	0	0	0	0	0	0	0	0	0	0	0	S
NMDC20584252	0	0	0	0	0	1	0	1	0	0	0	1	0	0	1	0	1	1	0	0	0	1	0	0	1	0	0	0	1	1	S
NMDC20551360	0	0	0	0	0	1	0	1	0	0	0	1	0	0	1	0	1	1	0	0	0	1	0	0	1	0	0	0	1	1	S
NMDC20557381	0	0	0	0	0	1	0	1	0	0	0	1	0	0	1	0	1	1	0	0	0	1	0	0	1	0	0	0	1	1	S
NMDC20557382	0	0	0	0	0	1	0	0	0	0	1	0	0	0	0	0	0	0	0	0	0	0	0	0	0	0	0	0	1	1	S
NMDC20553391	0	0	0	0	0	1	0	1	0	0	0	1	0	0	1	0	1	1	0	0	0	1	0	0	1	0	0	0	1	1	S
NMDC20557383	0	0	0	0	0	1	0	1	0	0	0	1	0	0	1	0	1	1	0	0	0	1	0	0	1	0	0	0	1	1	S
NMDC20584254	0	0	0	0	0	1	0	1	0	0	0	1	0	0	1	0	1	1	0	0	0	1	0	0	1	0	0	0	1	1	S
NMDC20584255	0	0	0	0	0	1	0	1	0	0	0	1	0	0	1	0	1	1	1	0	0	1	0	0	1	0	0	0	1	1	S
NMDC20555384	0	0	0	0	0	0	0	0	0	0	0	1	0	0	0	0	0	0	0	0	0	0	0	0	0	0	0	0	0	0	S
NMDC20584257	0	0	0	0	0	1	0	0	0	0	1	0	0	0	0	0	0	0	0	0	0	0	0	0	0	0	0	0	1	1	S
NMDC20584258	0	0	0	0	0	1	0	1	0	0	0	1	1	0	1	0	0	0	0	0	1	1	0	0	0	0	0	0	1	1	S
NMDC20557384	0	0	0	0	0	1	0	0	0	0	1	0	0	0	0	0	0	0	0	0	0	0	0	0	0	0	0	0	1	1	S
NMDC20553392	0	0	0	0	0	1	0	1	0	0	0	1	0	0	1	0	1	1	0	0	0	1	0	0	1	0	0	0	1	1	S
NMDC20557385	0	0	0	0	0	1	0	0	0	0	1	0	0	0	0	0	0	0	0	0	0	0	0	0	0	0	0	0	1	1	S
NMDC20557386	0	0	0	0	0	1	0	0	0	0	1	0	0	0	0	0	0	0	0	0	0	0	0	0	0	0	0	0	1	1	S
NMDC20553394	0	0	0	0	0	1	0	0	0	0	0	0	0	0	1	0	0	1	1	0	1	1	0	0	0	0	0	0	0	1	S
NMDC20551362	0	0	0	0	0	1	0	0	0	0	1	0	0	0	0	0	0	0	0	0	0	0	0	0	0	0	0	0	1	1	S
NMDC20584260	0	0	0	0	0	1	0	0	0	0	1	0	0	0	0	0	0	0	0	0	0	0	0	0	0	0	0	0	1	1	S
NMDC20557387	0	0	0	0	0	1	0	1	0	0	0	1	0	0	1	0	1	1	0	0	0	1	0	0	1	0	0	0	1	1	S
NMDC20553395	0	0	0	0	0	1	0	0	0	0	1	0	0	0	0	0	0	0	0	0	0	0	0	0	0	0	0	0	1	1	S
NMDC20551363	0	0	0	0	0	1	0	1	0	0	0	1	0	0	1	0	1	1	1	0	0	1	0	0	1	0	0	0	1	1	S
NMDC20584261	0	0	0	0	0	1	0	1	0	0	0	1	0	0	1	0	1	1	0	0	0	1	0	0	1	0	0	0	1	1	S
NMDC20557388	0	0	0	0	0	1	0	1	0	0	0	1	0	0	1	0	1	1	0	0	0	1	0	0	1	0	0	0	1	1	S
NMDC20551364	0	0	0	0	0	0	0	0	0	0	0	1	0	0	1	0	0	0	0	0	0	1	0	0	0	0	0	0	0	0	S
NMDC20584263	0	0	0	0	0	0	0	0	0	0	1	0	0	0	0	0	0	0	0	0	1	1	0	0	0	0	1	0	1	1	S
NMDC20551366	0	0	0	0	0	1	0	1	0	0	0	1	0	0	1	0	1	1	1	0	0	1	0	0	1	0	0	0	1	1	S
NMDC20555389	0	0	0	0	0	0	0	0	0	0	0	0	0	0	0	0	1	1	0	1	0	0	0	1	0	0	0	0	0	0	S
NMDC20584267	0	1	1	0	1	0	0	0	0	0	0	0	0	1	0	1	1	0	1	0	0	1	0	0	0	0	0	0	1	0	S
NMDC20555390	0	0	0	0	0	1	0	1	0	0	0	1	0	0	1	0	1	1	0	0	0	1	0	0	1	0	0	0	1	1	S
NMDC20584268	0	0	0	0	0	1	0	0	0	0	1	0	0	0	0	0	0	0	0	0	0	0	0	0	0	0	0	0	1	1	S
NMDC20584269	0	0	0	0	0	1	0	1	0	0	0	1	0	0	1	0	1	1	0	0	0	1	0	0	1	0	0	0	1	1	S
NMDC20557394	0	0	0	0	0	1	0	1	0	0	0	1	0	0	1	0	1	1	0	0	0	1	0	0	1	0	0	0	1	1	S
NMDC20555393	0	1	1	0	0	1	0	1	0	0	0	1	0	1	0	1	0	0	1	0	0	0	0	1	0	0	0	0	1	1	S
NMDC20555391	0	0	0	0	0	0	0	0	0	0	1	0	0	0	0	0	0	0	0	0	1	1	0	0	0	0	1	0	1	1	S
NMDC20584271	0	0	0	0	0	0	0	0	0	0	0	1	0	0	0	0	1	0	0	0	1	1	0	0	1	0	0	0	1	0	S
NMDC20553397	0	0	0	0	0	1	0	1	0	0	0	1	0	0	1	0	1	1	0	0	0	1	0	0	1	0	0	0	1	1	S
NMDC20551368	0	0	0	0	0	1	0	0	0	0	1	0	0	0	0	0	0	0	0	0	0	0	0	0	0	0	0	0	1	1	S
NMDC20584272	0	0	0	0	0	1	0	1	0	0	0	1	0	0	0	0	0	0	0	0	0	0	0	1	0	0	0	0	1	1	S
NMDC20551369	0	0	0	0	0	1	0	1	0	0	0	1	0	0	1	0	1	1	0	0	0	1	0	0	1	0	0	0	1	1	S
NMDC20555394	0	0	0	0	0	1	0	1	0	0	0	1	0	0	1	0	1	1	0	0	0	1	0	0	1	0	0	0	1	1	S
NMDC20555395	0	0	0	0	0	0	0	0	0	0	0	1	0	0	1	0	0	0	0	0	0	1	0	0	0	0	0	0	0	0	S
NMDC20584273	0	0	0	0	0	1	0	1	0	0	0	1	0	0	1	0	1	1	0	0	0	1	0	0	1	0	0	0	1	1	S
NMDC20553400	0	0	0	0	0	0	0	0	0	0	0	1	0	0	0	0	0	0	0	0	0	0	0	0	0	0	0	0	0	0	S
NMDC20555396	0	0	0	0	0	1	0	0	0	0	0	0	0	0	1	0	1	1	1	0	0	0	0	0	1	0	0	0	1	1	S
NMDC20551373	0	0	1	0	1	1	0	0	0	0	0	0	1	0	0	1	0	0	1	0	1	1	0	0	0	0	0	0	1	1	S
NMDC20551371	0	0	0	0	0	1	0	0	0	0	0	1	0	0	1	0	0	1	0	0	0	0	0	0	0	0	1	0	1	1	S
NMDC20584274	0	0	0	0	0	1	0	1	0	0	0	1	0	0	1	0	1	1	0	0	0	1	0	0	1	0	0	0	1	1	S
NMDC20584276	0	0	0	0	0	0	0	0	0	0	0	0	0	0	0	0	0	0	0	0	0	1	0	0	1	0	0	1	0	0	S
NMDC20557398	0	0	0	0	0	0	0	0	0	0	0	0	0	0	0	0	0	0	0	0	0	1	0	0	1	0	0	1	0	0	S
NMDC20551374	0	0	0	0	0	1	0	1	0	0	0	1	0	0	1	0	1	1	0	0	0	1	0	0	1	0	0	0	1	1	S
NMDC20584286	0	0	0	0	0	0	0	1	0	0	0	1	0	0	1	0	0	0	0	0	0	1	0	0	0	0	0	0	0	1	S
NMDC20551375	0	0	0	0	0	1	0	0	0	0	1	0	0	0	0	0	0	0	0	0	0	0	0	0	0	0	0	0	1	1	S
NMDC20584289	0	0	0	0	0	1	0	1	0	0	0	1	0	0	1	0	1	1	0	0	0	1	0	0	1	0	0	0	1	1	S
NMDC20584290	0	0	0	0	0	1	0	1	0	0	0	1	0	0	1	0	1	1	0	0	0	1	0	0	1	0	0	0	1	1	S
NMDC20584291	0	0	0	0	0	1	0	1	0	0	0	1	0	0	1	0	1	1	1	0	0	1	0	0	1	0	0	0	1	1	S
NMDC20584292	0	0	0	0	0	1	0	0	0	0	1	0	0	0	0	0	0	0	0	0	0	0	0	0	0	0	0	0	1	1	S
NMDC20555397	0	0	0	0	0	0	0	0	0	0	0	0	0	0	0	0	1	1	0	1	0	0	0	1	0	0	0	0	0	0	S
NMDC20584293	0	0	0	0	0	0	0	0	0	0	1	0	0	0	0	0	1	0	0	0	1	1	0	0	0	0	0	0	0	1	S
NMDC20557402	0	0	1	0	0	1	0	1	0	0	0	1	0	0	1	1	1	1	1	0	0	1	0	0	1	0	0	0	1	1	S
NMDC20584294	0	0	1	0	1	1	0	1	0	0	0	1	0	0	1	1	1	1	1	0	0	1	0	0	1	0	0	0	1	1	S
NMDC20553403	0	0	0	0	0	1	0	0	0	0	0	0	0	0	0	0	0	1	0	0	0	0	0	0	0	0	1	0	1	1	S
NMDC20555398	0	0	0	0	0	1	0	1	0	0	0	1	0	0	1	0	1	1	0	0	0	1	0	0	1	0	0	0	1	1	S
NMDC20557401	0	0	0	0	0	0	0	0	0	0	0	0	0	0	0	0	1	1	0	1	0	0	0	1	0	0	0	0	0	0	S
NMDC20584297	0	0	0	0	0	1	0	1	0	0	0	1	0	0	1	0	1	1	0	0	0	1	0	0	1	0	0	0	1	1	S
NMDC20555399	0	0	0	0	0	1	0	1	0	0	0	1	0	0	1	0	1	1	0	0	0	1	0	0	1	0	0	0	1	1	S
NMDC20584299	0	0	0	0	0	1	0	1	0	0	0	1	0	0	1	0	1	1	0	0	0	1	0	0	1	0	0	0	1	1	S
NMDC20584300	0	0	0	0	0	1	0	1	0	0	0	1	0	0	1	0	1	1	0	0	0	1	0	0	1	0	0	0	1	1	S
NMDC20584301	0	0	0	0	0	1	0	1	0	0	0	1	0	0	1	0	1	1	0	0	0	1	0	0	1	0	0	0	1	1	S
NMDC20584303	0	0	0	0	0	1	0	0	0	0	0	0	0	0	0	0	0	0	0	0	1	1	0	0	0	0	0	0	0	0	S
NMDC20551377	0	0	1	0	1	0	0	0	0	0	0	1	0	0	0	1	0	0	1	0	0	0	0	0	0	0	0	0	0	0	S
NMDC20557403	0	0	0	0	0	1	0	1	0	0	0	1	0	0	1	0	1	1	0	0	0	1	1	0	1	0	0	0	1	1	S
NMDC20584304	0	0	0	0	0	1	0	1	0	0	0	1	0	0	1	0	1	1	0	0	0	1	0	0	1	0	0	0	1	1	S
NMDC20551378	0	0	0	0	0	0	0	0	0	0	0	0	0	0	0	0	0	0	1	0	0	1	0	0	1	0	0	1	0	0	S
NMDC20584305	0	0	0	0	0	1	0	1	0	0	0	1	0	0	1	0	1	1	0	0	0	1	0	0	1	0	0	0	1	1	S
NMDC20555400	0	0	0	0	0	1	0	1	0	0	0	1	0	0	1	0	1	1	0	0	0	1	0	0	1	0	0	0	1	1	S
NMDC20555401	0	0	0	0	0	1	0	1	0	0	0	1	0	0	1	0	1	1	1	0	0	1	0	0	1	0	0	0	1	1	S
NMDC20555402	0	0	0	0	0	1	0	1	0	0	0	1	0	0	1	0	1	1	1	0	0	1	0	0	1	0	0	0	1	1	S
NMDC20584306	0	0	0	0	0	0	0	0	0	0	0	0	0	0	0	0	0	0	0	0	0	1	0	0	1	0	0	1	0	0	S
NMDC20553404	0	0	0	0	0	0	0	0	0	0	0	0	0	0	1	0	0	0	0	0	0	1	0	0	0	0	0	1	1	0	S
NMDC20557404	0	0	0	0	0	1	0	1	0	0	0	1	0	0	1	0	1	1	0	0	0	1	0	0	1	0	0	0	1	1	S
NMDC20551379	0	0	0	0	0	1	0	1	0	0	0	1	0	0	1	0	1	1	0	0	0	1	1	0	1	0	0	0	1	1	S
NMDC20557405	0	0	0	0	0	1	0	1	0	0	0	1	0	0	1	0	1	1	0	0	0	1	0	0	1	0	0	0	1	1	S
NMDC20557406	0	0	0	0	0	1	0	1	0	0	0	1	1	0	1	0	0	0	0	0	1	1	0	0	0	0	0	0	1	1	S
NMDC20553405	0	0	0	0	0	1	0	1	0	0	0	1	0	0	1	0	1	1	0	0	0	1	0	0	1	0	0	0	1	1	S
NMDC20557408	0	0	0	0	0	1	0	1	0	0	0	1	0	0	1	0	1	1	1	0	0	1	0	0	1	0	0	0	1	1	S
NMDC20584311	0	0	0	0	0	1	0	1	0	0	0	1	0	0	1	0	1	1	0	0	0	1	0	0	1	0	0	0	1	1	S
NMDC20584312	0	0	0	0	0	1	0	0	0	0	0	0	0	0	0	0	0	1	0	0	0	0	0	0	0	0	1	0	1	1	S
NMDC20557409	0	0	0	0	0	1	0	1	0	0	0	1	0	0	1	0	1	1	0	0	0	1	0	0	1	0	0	0	1	1	S
NMDC20551382	0	0	0	0	0	1	0	1	0	0	0	1	0	0	1	0	1	1	0	0	0	1	0	0	1	0	0	0	1	1	S
NMDC20557411	0	0	0	0	0	1	0	1	0	0	0	1	0	0	1	0	1	1	0	0	0	1	0	0	1	0	0	0	1	1	S
NMDC20551383	0	0	0	0	0	1	0	1	0	0	0	1	0	0	1	0	1	1	0	0	0	1	0	0	1	0	0	0	1	1	S
NMDC20551385	0	0	0	0	0	1	0	1	0	0	0	1	1	0	1	0	0	0	0	0	1	1	0	0	0	0	0	0	1	1	S
NMDC20553406	0	0	0	0	0	1	0	0	0	0	1	0	0	0	0	0	0	0	0	0	0	0	0	0	0	0	0	0	1	1	S
NMDC20553407	0	0	0	0	0	1	0	1	0	0	0	1	0	0	1	0	1	1	0	0	0	1	0	0	1	0	0	0	1	1	S
NMDC20553408	0	0	0	0	0	1	0	1	0	0	0	1	1	0	1	0	0	0	0	0	1	1	0	0	0	0	0	0	1	1	S
NMDC20555406	0	0	0	0	0	0	0	0	0	0	0	1	0	0	0	0	1	1	0	0	0	0	0	0	1	0	0	0	0	1	S
NMDC20557412	0	1	1	0	1	1	0	1	0	0	0	1	0	1	1	1	1	1	1	0	0	1	0	0	1	0	0	0	1	1	S
NMDC20555408	0	0	0	0	0	1	0	1	0	0	0	1	0	0	1	0	1	1	0	0	0	1	0	0	1	0	0	0	1	1	S
NMDC20557413	0	0	0	0	0	1	0	1	0	0	0	1	0	0	1	0	1	1	1	0	0	1	0	0	1	0	0	0	1	1	S
NMDC20557415	0	0	0	0	0	0	0	0	0	0	0	0	0	0	1	0	0	0	0	0	0	1	0	0	0	0	0	1	1	0	S
NMDC20555409	0	1	1	0	1	1	0	1	0	0	0	1	0	1	1	1	1	1	1	0	0	1	0	0	1	0	0	0	1	1	S
NMDC20584318	0	0	0	0	0	1	0	1	0	0	0	1	0	0	1	0	1	1	0	0	0	1	0	0	1	0	0	0	1	1	S
NMDC20584320	0	0	0	0	0	1	0	1	0	0	0	1	0	0	1	0	1	1	1	0	0	1	1	0	1	0	0	0	1	1	S
NMDC20551388	0	0	0	0	0	1	0	1	0	0	0	1	0	0	1	0	1	1	0	0	0	1	0	0	1	0	0	0	1	1	S
NMDC20584323	0	0	1	0	1	0	0	0	0	0	0	0	0	0	0	1	1	1	1	1	0	0	0	1	0	0	0	0	0	0	S
NMDC20555411	0	0	0	0	0	1	0	1	0	0	0	1	0	0	1	0	1	1	0	0	0	1	0	0	1	0	0	0	1	1	S
NMDC20584325	0	0	0	0	0	1	0	1	0	0	0	1	0	0	1	0	1	1	0	0	0	1	0	0	1	0	0	0	1	1	S
NMDC20584327	0	0	1	0	1	0	0	0	0	0	0	1	0	0	0	1	0	0	1	0	0	0	0	0	0	0	0	0	0	0	S
NMDC20584328	0	0	0	0	0	1	0	1	0	0	0	1	0	0	1	0	1	1	0	0	0	1	1	0	1	0	0	0	1	1	S
NMDC20551390	0	0	0	0	0	1	0	1	0	0	0	1	0	0	1	0	1	1	0	0	0	1	0	0	1	0	0	0	1	1	S
NMDC20584329	0	0	1	0	1	0	0	0	0	0	1	0	0	0	0	1	0	0	1	1	0	0	0	1	0	0	0	0	1	1	S
NMDC20551391	0	0	0	0	0	1	0	1	0	0	0	1	0	0	1	0	1	1	0	0	0	1	0	0	1	0	0	0	1	1	S
NMDC20584330	0	0	0	0	0	1	0	1	0	0	0	1	0	0	1	0	1	1	1	0	0	1	0	0	1	0	0	0	1	1	S
NMDC20584331	0	0	0	0	0	1	0	1	0	0	0	1	0	0	1	0	1	1	0	0	0	1	0	0	1	0	0	0	1	1	S
NMDC20553412	0	0	0	0	0	1	0	1	0	0	0	1	0	0	1	0	1	1	0	0	0	1	0	0	1	0	0	0	1	1	S
NMDC20584333	0	0	0	0	0	1	0	1	0	0	0	1	0	0	1	0	1	1	0	0	0	1	0	0	1	0	0	0	1	1	S
NMDC20555412	0	0	0	0	0	1	0	0	0	0	1	0	0	0	0	0	0	0	0	0	0	0	0	0	0	0	0	0	1	1	S
NMDC20584335	0	0	0	0	0	1	0	1	0	0	0	1	0	0	1	0	1	1	0	0	0	1	0	0	1	0	0	0	1	1	S
NMDC20584336	0	0	0	0	0	0	0	1	0	0	0	1	0	0	0	0	0	0	0	0	0	1	0	0	0	0	0	0	0	1	S
NMDC20557419	0	0	0	0	0	1	0	1	0	0	0	1	0	0	1	0	1	1	0	0	0	1	0	0	1	0	0	0	1	1	S
NMDC20557423	0	0	0	0	0	1	0	1	0	0	0	1	0	0	0	0	0	0	0	0	0	0	0	1	0	0	0	0	1	1	S
NMDC20584337	0	0	0	0	0	1	0	1	0	0	0	1	0	0	1	0	1	1	0	0	0	1	0	0	1	0	0	0	1	1	S
NMDC20553415	0	0	0	0	0	1	0	1	0	0	0	1	0	0	1	0	1	1	0	0	0	1	1	0	1	0	0	0	1	1	S
NMDC20584338	0	0	0	0	0	1	0	1	0	0	0	1	0	0	1	0	1	1	0	0	0	1	0	0	1	0	0	0	1	1	S
NMDC20584339	0	0	0	0	0	1	0	1	0	0	0	1	0	0	1	0	1	1	1	0	0	1	0	0	1	0	0	0	1	1	S
NMDC20551392	0	0	0	0	0	1	0	0	0	0	1	0	0	0	0	0	0	0	0	0	0	0	0	0	0	0	0	0	1	1	S
NMDC20557421	0	0	0	0	0	1	0	1	0	0	0	1	0	0	1	0	1	1	0	0	0	1	0	0	1	0	0	0	1	1	S
NMDC20584340	0	0	0	0	0	1	0	1	0	0	0	1	0	0	1	0	1	1	0	0	0	1	0	0	1	0	0	0	1	1	S
NMDC20551393	0	0	1	0	1	1	0	1	0	0	0	1	1	0	1	1	0	0	1	0	1	1	0	0	0	0	0	0	1	1	S
NMDC20557422	0	0	0	0	0	1	0	1	0	0	0	1	0	0	1	0	1	1	0	0	0	1	0	0	1	0	0	0	1	1	S
NMDC20584341	0	0	0	0	0	0	0	0	0	0	0	0	0	0	0	0	0	0	1	0	0	1	0	0	1	0	0	1	0	0	S
NMDC20557425	0	0	0	0	0	1	0	0	0	0	0	0	0	0	0	0	0	1	0	0	0	0	1	0	0	0	1	0	1	1	S
NMDC20555414	0	0	0	0	0	1	0	1	0	0	0	1	0	0	1	0	1	1	1	0	0	1	0	0	1	0	0	0	1	1	S
NMDC20557424	0	0	0	0	0	1	0	1	0	0	0	1	0	0	1	0	1	1	0	0	0	1	0	0	1	0	0	0	1	1	S
NMDC20555416	0	0	0	0	0	0	0	0	0	0	0	1	0	0	0	0	1	0	0	0	1	1	0	0	1	0	0	0	1	0	S
NMDC20584344	0	0	0	0	0	1	0	0	0	0	0	1	0	0	0	0	0	0	0	0	1	1	0	0	0	0	1	0	1	0	S
NMDC20584346	0	0	1	0	0	1	0	1	0	0	0	1	0	0	1	1	1	1	0	0	0	1	0	0	1	0	0	0	1	1	S
NMDC20584347	0	0	0	0	0	1	0	0	0	0	0	1	0	0	0	0	0	0	1	0	1	1	0	0	0	0	1	0	1	0	S
NMDC20557426	0	0	0	0	0	1	0	1	0	0	0	1	0	0	1	0	1	1	0	0	0	1	0	0	1	0	0	0	1	1	S
NMDC20584350	0	0	0	0	0	1	0	1	0	0	0	1	0	0	1	0	1	1	0	0	0	1	0	0	1	0	0	0	1	1	S
NMDC20557427	0	0	0	0	0	1	0	0	0	0	1	0	0	0	0	0	0	0	0	0	0	0	0	0	0	0	0	0	1	1	S
NMDC20553419	0	0	0	0	0	1	0	0	0	0	1	0	0	0	0	0	0	0	0	0	0	0	0	0	0	0	0	0	1	1	S
NMDC20557428	0	0	1	0	1	0	0	0	0	0	0	1	0	0	0	1	0	0	1	0	0	0	0	0	0	0	0	0	0	0	S
NMDC20557429	0	0	0	0	0	1	0	1	0	0	0	1	0	0	1	0	1	1	0	0	0	1	0	0	1	0	0	0	1	1	S
NMDC20584355	0	0	0	0	0	1	0	0	0	0	1	0	0	0	0	0	0	0	0	0	0	0	0	0	0	0	0	0	1	1	S
NMDC20553424	0	0	0	0	0	1	0	0	0	0	1	0	0	0	0	0	0	0	0	0	0	0	0	0	0	0	0	0	1	1	S
NMDC20557430	0	0	0	0	0	1	0	1	0	0	0	1	0	0	1	0	1	1	1	0	0	1	0	0	1	0	0	0	1	1	S
NMDC20553421	0	0	0	0	0	1	0	0	0	0	1	0	0	0	0	0	0	0	0	0	0	0	0	0	0	0	0	0	1	1	S
NMDC20553422	0	0	0	0	0	0	0	0	0	0	0	1	0	0	0	0	0	0	0	0	0	0	0	0	0	0	0	0	0	0	S
NMDC20553423	0	0	0	0	0	1	0	0	0	0	0	1	0	0	0	0	0	0	0	0	0	1	0	0	0	0	1	0	0	1	S
NMDC20584356	0	0	0	0	0	1	0	0	0	0	1	0	0	0	0	0	0	0	0	0	0	0	0	0	0	0	0	0	1	1	S
NMDC20584357	0	0	0	0	0	1	0	1	0	0	0	1	0	0	1	0	1	1	0	0	0	1	0	0	1	0	0	0	1	1	S
NMDC20557431	0	0	0	0	0	0	0	0	0	0	0	1	0	0	0	0	1	1	0	0	0	0	0	0	1	0	0	0	0	1	S
NMDC20557432	0	0	0	0	0	1	0	0	0	0	1	0	0	0	0	0	0	0	0	0	0	0	0	0	0	0	0	0	1	1	S
NMDC20557433	0	0	0	0	0	1	0	0	0	0	1	0	0	0	0	0	0	0	0	0	0	0	0	0	0	0	0	0	1	1	S
NMDC20584359	0	0	0	0	0	1	0	1	0	0	0	1	0	0	1	0	1	1	0	0	0	1	0	0	1	0	0	0	1	1	S
NMDC20584360	0	0	0	0	0	1	0	0	0	0	0	0	0	0	0	0	0	0	0	0	0	0	0	0	1	0	1	0	1	0	S
NMDC20551399	0	0	0	0	0	1	0	1	0	0	0	1	0	0	1	0	1	1	0	0	0	1	0	0	1	0	0	0	1	1	S
NMDC20584361	0	0	0	0	0	1	0	0	0	0	1	0	0	0	0	0	0	0	0	0	0	0	0	0	0	0	0	0	1	1	S
NMDC20557436	0	0	0	0	0	1	0	0	0	0	1	0	0	0	0	0	0	0	0	0	0	0	0	0	0	0	0	0	1	1	S
NMDC20557434	0	0	1	0	1	1	0	1	0	0	0	1	0	0	1	1	1	1	1	0	0	1	0	0	1	0	0	0	1	1	S
NMDC20557435	0	0	0	0	0	1	0	1	0	0	0	1	0	0	1	0	1	1	0	0	0	1	0	0	1	0	0	0	1	1	S
NMDC20584363	0	0	0	0	0	1	0	0	0	0	1	0	0	0	0	0	0	0	0	0	0	0	0	0	0	0	0	0	1	1	S
NMDC20584364	0	0	0	0	0	1	0	1	0	0	0	1	0	0	1	0	1	1	0	0	0	1	0	0	1	0	0	0	1	1	S
NMDC20555418	0	0	0	0	0	1	0	1	0	0	0	1	0	0	1	0	1	1	0	0	0	1	0	0	1	0	0	0	1	1	S
NMDC20555419	0	0	0	0	0	1	0	0	0	0	1	0	0	0	0	0	0	0	0	0	0	0	0	0	0	0	0	0	1	1	S
NMDC20584367	0	0	1	0	1	0	0	0	0	0	0	1	0	0	0	1	0	0	1	0	0	0	0	0	0	0	0	0	0	0	S
NMDC20553427	0	0	0	0	0	1	0	0	0	0	1	0	0	0	0	0	0	0	0	0	0	0	0	0	0	0	0	0	1	1	S
NMDC20584368	0	0	0	0	0	1	0	0	0	0	1	0	0	0	0	0	0	0	0	0	0	0	0	0	0	0	0	0	1	1	S
NMDC20584369	0	0	0	0	0	1	0	1	0	0	0	1	0	0	1	0	1	1	0	0	0	1	0	0	1	0	0	0	1	1	S
NMDC20584370	0	0	0	0	0	1	0	0	0	0	1	0	0	0	0	0	0	0	0	0	0	0	0	0	0	0	0	0	1	1	S
NMDC20584371	0	0	0	0	0	0	0	1	0	0	0	1	0	0	0	0	0	0	0	0	0	1	0	0	0	0	0	0	0	1	S
NMDC20584372	0	0	0	0	0	0	0	1	0	0	0	1	0	0	1	0	0	1	0	0	0	0	0	1	1	0	1	0	0	1	S
NMDC20584373	0	0	0	0	0	0	0	1	0	0	0	1	0	0	1	0	0	1	0	0	0	0	0	1	1	0	1	0	0	1	S
NMDC20553428	0	0	0	0	0	1	0	1	0	0	0	1	0	0	1	0	1	1	0	0	0	1	0	0	1	0	0	0	1	1	S
NMDC20555422	0	0	0	0	0	1	0	0	0	0	1	0	0	0	0	0	0	0	0	0	0	0	0	0	0	0	0	0	1	1	S
NMDC20551400	0	0	0	0	0	1	0	0	0	0	1	0	0	0	0	0	0	0	0	0	0	0	0	0	0	0	0	0	1	1	S
NMDC20557438	0	0	0	0	0	1	0	0	0	0	1	0	0	0	0	0	0	0	0	0	0	0	0	0	0	0	0	0	1	1	S
NMDC20557439	0	0	0	0	0	1	0	0	0	0	1	0	0	0	0	0	0	0	0	0	0	0	0	0	0	0	0	0	1	1	S
NMDC20553430	0	0	0	0	0	1	0	0	0	0	1	0	0	0	0	0	0	0	0	0	0	0	0	0	0	0	0	0	1	1	S
NMDC20557440	0	0	0	0	0	1	0	1	0	0	0	1	0	0	1	0	1	1	0	0	0	1	0	0	1	0	0	0	1	1	S
NMDC20584375	0	0	0	0	0	0	0	0	0	0	1	0	0	0	0	0	0	0	0	0	1	1	0	0	0	0	1	0	1	1	S
NMDC20584376	0	0	0	0	0	0	0	0	0	0	0	1	0	0	0	0	0	0	0	0	0	0	0	0	0	0	0	0	0	0	S
NMDC20557441	0	0	0	0	0	0	0	0	0	0	1	0	0	0	0	0	0	0	0	0	1	1	0	0	0	0	1	0	1	1	S
NMDC20553431	0	0	0	0	0	1	0	1	0	0	0	1	0	0	1	0	1	1	0	0	0	1	0	0	1	0	0	0	1	1	S
NMDC20553432	0	0	0	0	0	0	0	0	0	0	0	1	0	0	0	0	1	1	0	0	0	0	0	0	1	0	0	0	0	1	S
NMDC20553433	0	0	0	0	0	1	0	1	0	0	0	1	0	0	1	0	1	1	0	0	0	1	0	0	1	0	0	0	1	1	S
NMDC20551401	0	0	0	0	0	1	0	0	0	0	1	0	0	0	0	0	0	0	0	0	0	0	0	0	0	0	0	0	1	1	S
NMDC20584378	0	0	0	0	0	1	0	0	0	0	1	0	0	0	0	0	0	0	0	0	0	0	0	0	0	0	0	0	1	1	S
NMDC20555424	0	0	0	0	0	1	0	0	0	0	0	1	1	0	0	0	1	1	0	0	1	1	0	0	1	0	0	0	1	1	S
NMDC20553434	0	0	0	0	0	1	0	0	0	0	1	0	0	0	0	0	0	0	0	0	0	0	0	0	0	0	0	0	1	1	S
NMDC20553435	0	0	0	0	0	0	0	1	0	0	0	1	0	0	0	0	0	0	0	1	1	0	0	0	0	0	1	0	1	0	S
NMDC20557442	0	0	0	0	0	1	0	0	0	0	1	0	0	0	0	0	0	0	0	0	0	0	0	0	0	0	0	0	1	1	S
NMDC20584379	0	0	0	0	0	0	0	0	0	0	0	1	0	0	0	0	1	1	0	0	0	0	0	0	1	0	0	0	0	1	S
NMDC20555425	0	0	0	0	0	0	0	0	0	0	0	0	0	0	1	0	1	0	0	0	1	1	0	0	0	0	0	1	0	1	S
NMDC20584380	0	0	0	0	0	1	0	0	0	0	1	0	0	0	0	0	0	0	0	0	0	0	0	0	0	0	0	0	1	1	S
NMDC20551402	0	0	0	0	0	1	0	0	0	0	1	0	0	0	0	0	0	0	0	0	0	0	0	0	0	0	0	0	1	1	S
NMDC20553437	0	0	1	0	1	1	0	1	0	0	0	1	1	0	1	1	0	0	1	0	1	1	0	0	0	0	0	0	1	1	S
NMDC20584381	0	0	0	0	0	1	0	1	0	0	0	1	0	0	1	0	1	1	0	0	0	1	0	0	1	0	0	0	1	1	S
NMDC20555426	0	0	0	0	0	1	0	1	0	0	0	1	1	0	1	0	0	0	0	0	1	1	0	0	0	0	0	0	1	1	S
NMDC20551405	0	0	0	0	0	1	0	1	0	0	0	1	0	0	1	0	1	1	0	0	0	1	0	0	1	0	0	0	1	1	S
NMDC20555428	0	0	0	0	0	1	0	1	0	0	0	1	0	0	0	0	0	1	0	0	1	1	0	0	0	0	0	0	0	1	S
NMDC20551406	0	0	0	0	0	1	0	1	0	0	0	1	0	0	1	0	1	1	0	0	0	1	0	0	1	0	0	0	1	1	S
NMDC20584384	0	0	0	0	0	1	0	1	0	0	0	1	0	0	1	0	1	1	0	0	0	1	0	0	1	0	0	0	1	1	S
NMDC20584385	0	0	0	0	0	1	0	0	0	0	1	0	0	0	0	0	0	0	0	0	0	0	0	0	0	0	0	0	1	1	S
NMDC20557444	0	0	0	0	0	1	0	0	0	0	1	0	0	0	0	0	0	0	0	0	0	0	0	0	0	0	0	0	1	1	S
NMDC20584386	0	0	0	0	0	1	0	0	0	0	1	0	0	0	0	0	0	0	0	0	0	0	0	0	0	0	0	0	1	1	S
NMDC20584387	0	0	0	0	0	1	0	0	0	0	1	0	0	0	0	0	0	0	0	0	0	0	0	0	0	0	0	0	1	1	S
NMDC20584389	0	0	0	0	0	1	0	0	0	0	1	0	0	0	0	0	0	0	0	0	0	0	0	0	0	0	0	0	1	1	S
NMDC20584390	0	0	0	0	0	0	0	1	0	0	0	1	0	0	0	0	0	0	0	0	1	0	0	0	0	0	1	0	0	1	S
NMDC20555430	0	0	0	0	0	0	0	0	0	0	0	1	0	0	0	0	1	1	0	0	0	0	0	0	1	0	0	0	0	1	S
NMDC20557446	0	0	0	0	0	1	0	0	0	0	1	0	0	0	0	0	0	0	0	0	0	0	0	0	0	0	0	0	1	1	S
NMDC20584391	0	0	0	0	0	0	0	0	0	0	0	1	0	0	0	0	1	1	0	0	0	0	0	0	1	0	0	0	0	1	S
NMDC20584392	0	0	0	0	0	1	0	1	0	0	0	1	0	0	0	0	0	0	0	0	0	0	0	1	0	0	0	0	1	1	S
NMDC20557448	0	0	0	0	0	1	0	0	0	0	1	0	0	0	0	0	0	0	0	0	0	0	0	0	0	0	0	0	1	1	S
NMDC20584393	0	0	0	0	0	0	0	0	0	0	0	1	0	0	1	0	0	1	0	0	1	1	0	0	0	0	0	0	1	1	S
NMDC20557449	0	0	0	0	0	1	0	1	0	0	0	1	0	0	0	0	1	1	0	0	1	1	0	1	0	0	1	0	0	1	S
NMDC20551409	0	0	0	0	0	1	0	0	0	0	1	0	0	0	0	0	0	0	0	0	0	0	0	0	0	0	0	0	1	1	S
NMDC20555432	0	0	0	0	0	1	0	0	0	0	1	0	0	0	0	0	0	0	0	0	0	0	0	0	0	0	0	0	1	1	S
NMDC20553439	0	0	0	0	0	1	0	0	0	0	0	1	0	0	0	0	0	0	1	0	0	1	1	0	0	0	0	0	0	0	S
NMDC20557450	0	0	0	0	0	1	0	0	0	0	1	0	0	0	0	0	0	0	0	0	0	0	0	0	0	0	0	0	1	1	S
NMDC20551414	0	0	0	0	0	1	0	0	0	0	1	0	0	0	0	0	0	0	0	0	0	0	0	0	0	0	0	0	1	1	S
NMDC20584397	0	0	0	0	0	1	0	0	0	0	1	0	0	0	0	0	0	0	0	0	0	0	0	0	0	0	0	0	1	1	S
NMDC20557451	0	0	0	0	0	1	0	0	0	0	1	0	0	0	0	0	0	0	0	0	0	0	0	0	0	0	0	0	1	1	S
NMDC20584398	0	0	0	0	0	1	0	1	0	0	0	1	0	0	1	0	1	1	0	0	0	1	0	0	1	0	0	0	1	1	S
NMDC20557452	0	0	0	0	0	1	0	1	0	0	0	1	0	0	1	0	1	1	1	0	0	1	0	0	1	0	0	0	1	1	S
NMDC20584400	0	0	0	0	0	0	0	0	0	0	0	0	0	0	0	0	1	1	0	1	0	0	0	1	0	0	0	0	0	0	S
NMDC20551413	0	0	0	0	0	0	0	0	0	0	0	0	0	0	1	0	0	0	0	0	0	1	0	0	0	0	0	1	1	0	S
NMDC20555433	0	0	0	0	0	1	0	0	0	0	0	1	0	0	0	0	0	0	0	0	0	1	0	0	0	0	1	0	0	1	S
NMDC20584401	0	0	0	0	0	1	0	0	0	0	1	0	0	0	0	0	0	0	0	0	0	0	0	0	0	0	0	0	1	1	S
NMDC20557453	0	0	0	0	0	1	0	0	0	0	1	0	0	0	0	0	0	0	0	0	0	0	0	0	0	0	0	0	1	1	S
NMDC20557454	0	0	0	0	0	1	0	0	0	0	1	0	0	0	0	0	0	0	0	0	0	0	0	0	0	0	0	0	1	1	S
NMDC20584404	0	0	0	0	0	1	0	0	0	0	1	0	0	0	0	0	0	0	0	0	0	0	0	0	0	0	0	0	1	1	S
NMDC20555435	0	0	0	0	0	1	0	1	0	0	0	1	0	0	1	0	1	1	0	0	0	1	0	0	1	0	0	0	1	1	S
NMDC20584405	0	0	0	0	0	1	0	0	0	0	1	0	0	0	0	0	0	0	0	0	0	0	0	0	0	0	0	0	1	1	S
NMDC20584406	0	0	0	0	0	1	0	0	0	0	1	0	0	0	0	0	0	0	0	0	0	0	0	0	0	0	0	0	1	1	S
NMDC20555437	0	0	0	0	0	0	0	0	0	0	0	0	0	0	1	0	1	0	0	0	1	1	0	0	0	0	0	1	0	1	S
NMDC20551415	0	0	0	0	0	1	0	0	0	0	1	0	0	0	0	0	0	0	0	0	0	0	0	0	0	0	0	0	1	1	S
NMDC20553442	0	0	0	0	0	1	0	0	0	0	1	0	0	0	0	0	0	0	0	0	0	0	0	0	0	0	0	0	1	1	S
NMDC20551416	0	0	0	0	0	1	0	1	0	0	0	1	0	0	1	0	1	1	0	0	0	1	0	0	1	0	0	0	1	1	S
NMDC20555436	0	0	0	0	0	1	0	0	0	0	1	0	0	0	0	0	0	0	0	0	0	0	0	0	0	0	0	0	1	1	S
NMDC20557455	0	0	0	0	0	1	0	1	0	0	0	1	0	0	0	0	1	1	0	0	1	1	0	1	0	0	1	0	0	1	S
NMDC20584410	0	0	0	0	0	1	0	0	0	0	1	0	0	0	0	0	0	0	0	0	0	0	0	0	0	0	0	0	1	1	S
NMDC20557458	0	0	0	0	0	1	0	0	0	0	1	0	0	0	0	0	0	0	0	0	0	0	0	0	0	0	0	0	1	1	S
NMDC20551417	0	0	0	0	0	1	0	1	0	0	0	1	0	0	1	0	1	1	0	0	0	1	0	0	1	0	0	0	1	1	S
NMDC20584411	0	0	0	0	0	0	0	0	0	0	0	1	0	0	0	0	0	0	0	0	0	0	0	0	0	0	0	0	0	0	S
NMDC20584412	0	0	0	0	0	0	0	0	0	0	0	1	0	0	0	0	1	0	0	0	1	1	0	0	1	0	0	0	1	0	S
NMDC20584413	0	0	0	0	0	0	0	0	0	0	0	1	0	0	0	0	0	0	0	0	0	0	0	0	0	0	0	0	0	0	S
NMDC20584414	0	0	0	0	0	1	0	0	0	0	1	0	0	0	0	0	0	0	0	0	0	0	0	0	0	0	0	0	1	1	S
NMDC20555438	0	0	0	0	0	0	0	1	0	0	0	1	0	0	0	0	0	0	0	0	1	0	0	0	0	0	1	0	0	1	S
NMDC20553443	0	0	0	0	0	1	0	0	0	0	1	0	0	0	0	0	0	0	0	0	0	0	0	0	0	0	0	0	1	1	S
NMDC20584415	0	0	0	0	0	1	0	1	0	0	0	1	0	0	1	0	1	1	0	0	0	1	0	0	1	0	0	0	1	1	S
NMDC20584416	0	0	0	0	0	1	0	0	0	0	1	0	0	0	0	0	0	0	0	0	0	0	0	0	0	0	0	0	1	1	S
NMDC20555439	0	0	0	0	0	1	0	0	0	0	1	0	0	0	0	0	0	0	0	0	0	0	0	0	0	0	0	0	1	1	S
NMDC20553445	0	0	0	0	0	1	0	1	0	0	0	1	0	0	1	0	1	1	0	0	0	1	0	0	1	0	0	0	1	1	S
NMDC20553446	0	0	0	0	0	1	0	1	0	0	0	1	0	0	1	0	1	1	0	0	0	1	0	0	1	0	0	0	1	1	S
NMDC20555440	0	0	0	0	0	1	0	0	0	0	1	0	0	0	0	0	0	0	0	0	0	0	0	0	0	0	0	0	1	1	S
NMDC20584421	0	0	0	0	0	1	0	1	0	0	0	1	0	0	0	0	1	0	0	0	0	1	0	1	1	0	0	0	1	0	S
NMDC20553447	0	0	0	0	0	0	0	0	0	0	0	0	0	0	0	0	0	0	0	0	1	1	0	0	0	0	1	0	1	1	S
NMDC20553448	0	0	0	0	0	1	0	0	0	0	1	0	0	0	0	0	0	0	0	0	0	0	0	0	0	0	0	0	1	1	S
NMDC20584423	0	0	0	0	0	1	0	0	0	0	1	0	0	0	0	0	0	0	0	0	0	0	0	0	0	0	0	0	1	1	S
NMDC20584424	0	0	0	0	0	1	0	0	0	0	1	0	0	0	0	0	0	0	0	0	0	0	0	0	0	0	0	0	1	1	S
NMDC20584425	0	0	0	0	0	1	0	1	0	0	0	1	0	0	1	0	1	1	1	0	0	1	0	0	1	0	0	0	1	1	S
NMDC20557460	0	0	0	0	0	1	0	0	0	0	0	1	1	0	0	0	1	1	0	0	1	1	0	0	1	0	0	0	1	1	S
NMDC20557461	0	0	0	0	0	1	0	0	0	0	1	0	0	0	0	0	0	0	0	0	0	0	0	0	0	0	0	0	1	1	S
NMDC20553451	0	0	0	0	0	1	0	1	0	0	0	1	0	0	1	0	1	1	0	0	0	1	0	0	1	0	0	0	1	1	S
NMDC20551418	0	0	0	0	0	1	0	1	0	0	0	1	0	0	1	0	1	1	1	0	0	1	0	0	1	0	0	0	1	1	S
NMDC20557462	0	0	0	0	0	1	0	1	0	0	0	1	0	0	1	0	1	1	0	0	0	1	0	0	1	0	0	0	1	1	S
NMDC20584900	0	0	0	0	0	0	0	0	0	0	0	0	0	0	0	0	0	0	0	0	0	1	0	0	0	0	0	0	0	0	S
NMDC20551419	0	0	0	0	0	0	0	0	0	0	0	1	0	0	0	0	1	1	0	0	0	0	0	0	1	0	0	0	0	1	S
NMDC20555442	0	0	0	0	0	1	0	0	0	0	1	0	0	0	0	0	0	0	0	0	0	0	0	0	0	0	0	0	1	1	S
NMDC20557463	0	0	0	0	0	1	0	0	0	0	1	0	0	0	0	0	0	0	0	0	0	0	0	0	0	0	0	0	1	1	S
NMDC20584901	0	0	0	0	0	0	0	1	0	0	0	1	0	0	0	0	0	0	0	0	0	1	0	0	0	0	0	0	0	1	S
NMDC20584902	0	0	0	0	0	0	0	1	0	0	0	1	0	0	0	0	0	0	0	0	0	1	0	0	0	0	0	0	0	1	S
NMDC20584903	0	0	1	0	1	0	0	0	0	0	0	1	0	0	0	1	0	0	1	0	0	0	0	0	0	0	0	0	0	0	S
NMDC20555446	0	0	0	0	0	1	0	1	0	0	0	1	0	0	1	0	1	1	1	0	0	1	0	0	1	0	0	0	1	1	S
NMDC20584905	0	0	0	0	0	0	0	0	0	0	0	0	0	0	0	0	0	0	0	0	0	1	0	0	0	0	0	0	0	0	S
NMDC20553453	0	0	0	0	0	0	0	0	0	0	0	1	0	0	0	0	1	1	0	0	0	0	0	0	1	0	0	0	0	1	S
NMDC20551420	0	0	0	0	0	1	0	1	0	0	0	1	0	0	1	0	1	1	0	0	0	1	0	0	1	0	0	0	1	1	S
NMDC20584907	0	0	0	0	0	1	0	1	0	0	0	1	0	0	0	0	0	0	0	0	0	0	0	1	0	0	0	0	1	1	S
NMDC20584908	0	0	0	0	0	0	0	1	0	0	0	1	1	0	1	0	0	0	1	0	1	1	0	0	0	0	0	0	0	1	S
NMDC20555445	0	0	0	0	0	0	0	0	0	0	0	1	0	0	0	0	1	1	0	0	0	0	0	0	1	0	0	0	0	1	S
NMDC20555448	0	0	0	0	0	0	0	0	0	0	0	0	0	0	1	0	1	0	0	0	1	1	0	0	0	0	0	1	0	1	S
NMDC20553454	0	0	0	0	0	1	0	1	0	0	0	1	0	0	1	0	1	1	0	0	0	1	0	0	1	0	0	0	1	1	S
NMDC20555447	0	0	0	0	0	1	0	0	0	0	1	0	0	0	0	0	0	0	0	0	0	0	0	0	0	0	0	0	1	1	S
NMDC20584911	0	0	0	0	0	0	0	0	0	0	0	1	0	0	0	0	1	0	0	0	1	1	0	0	1	0	0	0	1	0	S
NMDC20584912	0	0	0	0	0	0	0	0	0	0	0	1	0	0	0	0	1	0	0	0	1	1	0	0	1	0	0	0	1	0	S
NMDC20584913	0	0	0	0	0	1	0	0	0	0	1	0	0	0	0	0	0	0	0	0	0	0	0	0	0	0	0	0	1	1	S
NMDC20584914	0	0	0	0	0	1	0	1	0	0	0	1	0	0	1	0	1	1	1	0	0	1	0	0	1	0	0	0	1	1	S
NMDC20584916	0	0	0	0	0	0	0	0	0	0	0	1	0	0	0	0	1	0	0	0	1	1	0	0	1	0	0	0	1	0	S
NMDC20584917	0	0	0	0	0	0	0	0	0	0	0	1	0	0	0	0	1	0	0	0	1	1	0	0	1	0	0	0	1	0	S
NMDC20555449	0	0	0	0	0	1	0	0	0	0	1	0	0	0	0	0	0	0	0	0	0	0	0	0	0	0	0	0	1	1	S
NMDC20584918	0	0	0	0	0	0	0	0	0	0	0	1	0	0	0	0	1	0	0	0	1	1	0	0	1	0	0	0	1	0	S
NMDC20584919	0	0	0	0	0	0	0	0	0	0	0	1	0	0	0	0	1	0	0	0	1	1	0	0	1	0	0	0	1	0	S
NMDC20584921	0	0	0	0	0	0	0	0	0	0	1	0	0	0	0	0	0	0	0	1	0	0	0	1	0	0	0	0	1	1	S
NMDC20584923	0	0	0	0	0	0	0	0	0	0	0	1	0	0	0	0	1	0	0	0	1	1	0	0	1	0	0	0	1	0	S
NMDC20584924	0	0	0	0	0	0	0	0	0	0	0	1	0	0	0	0	1	0	0	0	1	1	0	0	1	0	0	0	1	0	S
NMDC20551421	0	0	0	0	0	1	0	0	0	0	1	0	0	0	0	0	0	0	0	0	0	0	0	0	0	0	0	0	1	1	S
NMDC20584926	0	0	0	0	0	1	0	1	0	0	0	1	0	0	1	0	1	1	0	0	0	1	0	0	1	0	0	0	1	1	S
NMDC20584927	0	0	0	0	0	0	0	0	0	0	0	1	0	0	0	0	1	0	0	0	1	1	0	0	1	0	0	0	1	0	S
NMDC20584929	0	0	0	0	0	0	0	0	0	0	0	1	0	0	0	0	1	0	0	0	1	1	0	0	1	0	0	0	1	0	S
NMDC20584930	0	0	0	0	0	0	0	0	0	0	0	1	0	0	0	0	1	0	0	0	1	1	0	0	1	0	0	0	1	0	S
NMDC20584931	0	0	0	0	0	0	0	0	0	0	0	1	0	0	0	0	1	0	0	0	1	1	0	0	1	0	0	0	1	0	S
NMDC20584933	0	0	0	0	0	0	0	1	0	0	0	1	0	0	0	0	0	0	0	0	0	1	0	0	0	0	0	0	0	1	S
NMDC20584935	0	0	0	0	0	1	0	0	0	0	1	0	0	0	0	0	0	0	0	0	0	0	0	0	0	0	0	0	1	1	S
NMDC20584937	0	0	0	0	0	1	0	0	0	0	0	0	0	0	0	0	0	1	0	0	0	0	0	0	0	0	1	0	1	1	S
NMDC20553455	0	0	0	0	0	1	0	1	0	0	0	1	0	0	1	0	1	1	1	0	0	1	0	0	1	0	0	0	1	1	S
NMDC20555450	0	0	0	0	0	1	0	0	0	0	1	1	0	0	0	0	0	0	0	0	1	1	0	0	0	0	1	0	1	0	S
NMDC20584938	0	0	0	0	0	1	0	0	0	0	0	0	0	0	1	0	0	1	1	0	1	1	0	0	0	0	0	0	0	1	S
NMDC20584939	0	0	0	0	0	1	0	1	0	0	0	1	0	0	1	0	1	1	1	0	0	1	0	0	1	0	0	0	1	1	S
NMDC20584940	0	0	0	0	0	1	0	0	0	0	1	0	0	0	0	0	0	0	0	0	0	0	0	0	0	0	0	0	1	1	S
NMDC20584941	0	0	0	0	0	1	0	0	0	0	1	0	0	0	0	0	0	0	0	0	0	0	0	0	0	0	0	0	1	1	S
NMDC20584942	0	0	0	0	0	1	0	0	0	0	1	0	0	0	0	0	0	0	0	0	0	0	0	0	0	0	0	0	1	1	S
NMDC20584943	0	0	0	0	0	1	0	0	0	0	1	0	0	0	0	0	0	0	0	0	0	0	0	0	0	0	0	0	1	1	S
NMDC20584944	0	0	0	0	0	1	0	0	0	0	1	0	0	0	0	0	0	0	0	0	0	0	0	0	0	0	0	0	1	1	S
NMDC20551422	0	0	0	0	0	1	0	0	0	0	1	0	0	0	0	0	0	0	0	0	0	0	0	0	0	0	0	0	1	1	S
NMDC20584945	0	0	0	0	0	1	0	1	0	0	0	1	0	0	0	0	0	0	0	0	0	0	0	1	0	0	0	0	1	1	S
NMDC20555452	0	0	0	0	0	0	0	0	0	0	0	0	0	0	0	0	0	0	0	0	0	1	0	0	0	0	0	0	0	0	S
NMDC20551423	0	0	0	0	0	1	0	0	0	0	1	1	0	0	0	0	0	0	0	0	0	1	0	0	0	0	0	0	0	1	S
NMDC20584946	0	0	0	0	0	1	0	0	0	0	1	0	0	0	0	0	0	0	0	0	0	0	0	0	0	0	0	0	1	1	S
NMDC20584947	0	0	0	0	0	1	0	0	0	0	1	0	0	0	0	0	0	0	0	0	0	0	0	0	0	0	0	0	1	1	S
NMDC20551424	0	0	0	0	0	1	0	0	0	0	1	0	0	0	0	0	0	0	0	0	0	0	0	0	0	0	0	0	1	1	S
NMDC20555453	0	0	0	0	0	1	0	0	0	0	1	0	0	0	0	0	0	0	0	0	0	0	0	0	0	0	0	0	1	1	S
NMDC20553457	0	0	0	0	0	1	0	1	0	0	0	1	0	0	1	0	1	1	0	0	0	1	0	0	1	0	0	0	1	1	S
NMDC20551425	0	0	0	0	0	0	0	0	0	0	0	0	0	0	1	0	0	0	1	0	0	1	0	0	0	0	0	1	1	0	S
NMDC20584948	0	0	0	0	0	0	0	1	0	0	0	1	0	0	0	0	0	0	0	0	0	1	0	0	0	0	0	0	0	1	S
NMDC20557464	0	0	0	0	0	1	0	0	0	0	1	0	0	0	0	0	0	0	0	0	0	0	0	0	0	0	0	0	1	1	S
NMDC20553458	0	0	0	0	0	1	0	1	0	0	0	1	0	0	1	0	1	1	0	0	0	1	0	0	1	0	0	0	1	1	S
NMDC20557466	0	0	0	0	0	1	0	1	0	0	0	1	0	0	1	0	1	1	0	0	0	1	0	0	1	0	0	0	1	1	S
NMDC20551426	0	0	0	0	0	1	0	0	0	0	1	0	0	0	0	0	0	0	0	0	0	0	0	0	0	0	0	0	1	1	S
NMDC20584950	0	0	0	0	0	1	0	0	0	0	1	0	0	0	0	0	0	0	0	0	0	0	0	0	0	0	0	0	1	1	S
NMDC20551427	0	0	0	0	0	0	0	0	0	0	0	1	0	0	0	0	1	0	1	0	1	1	0	0	1	0	0	0	1	0	S
NMDC20553460	0	0	1	0	1	0	0	0	0	0	0	1	0	0	0	1	0	0	1	0	0	0	0	0	0	0	0	0	0	0	S
NMDC20584952	0	0	0	0	0	1	0	0	0	0	1	0	0	0	0	0	0	0	0	0	0	0	0	0	0	0	0	0	1	1	S
NMDC20553461	0	0	1	0	1	0	0	0	0	0	0	1	0	0	0	1	0	0	1	0	0	0	0	0	0	0	0	0	0	0	S
NMDC20553462	0	0	0	0	0	1	0	0	0	0	1	0	0	0	0	0	0	0	0	0	0	0	0	0	0	0	0	0	1	1	S
NMDC20555455	0	0	0	0	0	1	0	1	0	0	0	1	0	0	0	0	0	0	1	0	1	1	0	0	0	0	0	0	0	0	S
NMDC20584953	0	0	0	0	0	1	0	0	0	0	1	0	0	0	0	0	0	0	0	0	0	0	0	0	0	0	0	0	1	1	S
NMDC20557467	0	0	0	0	0	0	0	1	0	0	0	1	0	0	0	0	0	0	0	0	0	1	0	0	0	0	0	0	0	1	S
NMDC20551429	0	0	0	0	0	1	0	1	0	0	0	1	0	0	1	0	1	1	0	0	0	1	0	0	1	0	0	0	1	1	S
NMDC20584956	0	0	0	0	0	1	0	0	0	0	1	0	0	0	0	0	0	0	0	0	0	0	0	0	0	0	0	0	1	1	S
NMDC20551430	0	0	0	0	0	1	0	0	0	0	1	0	0	0	0	0	0	0	0	0	0	0	0	0	0	0	0	0	1	1	S
NMDC20555456	0	0	0	0	0	1	0	1	0	0	0	1	0	0	1	0	1	1	1	0	0	1	0	0	1	0	0	0	1	1	S
NMDC20555457	0	0	0	0	0	0	0	0	0	0	0	1	0	0	0	0	1	1	0	0	0	0	0	0	1	0	0	0	0	1	S
NMDC20584957	0	0	0	0	0	0	0	0	0	0	0	1	0	0	0	0	1	1	0	0	0	0	0	0	1	0	0	0	0	1	S
NMDC20553463	0	0	0	0	0	1	0	1	0	0	0	1	0	0	1	0	1	1	0	0	0	1	0	0	1	0	0	0	1	1	S
NMDC20555459	0	0	0	0	0	0	0	0	0	0	0	1	0	0	0	0	0	0	0	0	0	0	0	0	0	0	0	0	0	0	S
NMDC20584958	0	0	0	0	0	1	0	1	0	0	0	1	0	0	0	0	0	0	1	0	1	1	0	0	0	0	0	0	0	0	S
NMDC20584959	0	0	0	0	0	1	0	1	0	0	0	1	0	0	0	0	0	0	0	0	1	1	0	0	0	0	0	0	0	0	S
NMDC20557470	0	0	0	0	0	1	0	0	0	0	1	0	0	0	0	0	0	0	0	0	0	0	0	0	0	0	0	0	1	1	S
NMDC20557471	0	0	0	0	0	1	0	1	0	0	0	1	0	0	1	0	1	1	0	0	0	1	0	0	1	0	0	0	1	1	S
NMDC20584960	0	0	0	0	0	1	0	1	0	0	0	1	0	0	1	0	1	1	0	0	0	1	0	0	1	0	0	0	1	1	S
NMDC20584962	0	0	0	0	0	1	0	1	0	0	0	1	0	0	1	0	1	1	0	0	0	1	0	0	1	0	0	0	1	1	S
NMDC20553464	0	0	0	0	0	1	0	0	0	0	1	0	0	0	0	0	0	0	1	0	0	0	0	0	0	0	0	0	1	1	S
NMDC20557472	0	0	0	0	0	1	0	0	0	0	1	0	0	0	0	0	0	0	0	0	0	0	0	0	0	0	0	0	1	1	S
NMDC20584964	0	0	0	0	0	1	0	1	0	0	0	1	0	0	1	0	1	1	1	0	0	1	0	0	1	0	0	0	1	1	S
NMDC20584965	1	0	0	0	0	1	0	1	0	0	0	1	0	0	1	0	1	1	1	0	0	1	0	0	1	0	0	0	1	1	S
NMDC20553465	0	0	0	0	0	1	0	0	0	0	1	0	0	0	0	0	0	0	0	0	0	0	0	0	0	0	0	0	1	1	S
NMDC20555461	0	0	0	0	0	1	0	0	0	0	1	0	0	0	0	0	0	0	0	0	0	0	0	0	0	0	0	0	1	1	S
NMDC20555462	0	0	0	0	0	1	0	0	0	0	1	0	0	0	0	0	0	0	0	0	0	0	0	0	0	0	0	0	1	1	S
NMDC20584966	0	0	0	0	0	0	0	0	0	0	0	1	0	0	0	0	0	0	0	0	1	1	0	0	0	0	1	0	1	1	S
NMDC20553467	0	0	0	0	0	1	0	0	0	0	1	0	0	0	0	0	0	0	0	0	0	0	0	0	0	0	0	0	1	1	S
NMDC20553468	0	0	0	0	0	1	0	0	0	0	1	0	0	0	0	0	0	0	0	0	0	0	0	0	0	0	0	0	1	1	S
NMDC20584967	0	0	0	0	0	1	0	1	0	0	0	1	0	0	1	0	1	1	0	0	0	1	0	0	1	0	0	0	1	1	S
NMDC20555465	0	0	0	0	0	1	0	0	0	0	1	0	0	0	0	0	0	0	0	0	0	0	0	0	0	0	0	0	1	1	S
NMDC20584968	0	0	0	0	0	1	0	0	0	0	1	0	0	0	0	0	0	0	1	0	0	0	0	0	0	0	0	0	1	1	S
NMDC20584969	0	0	0	0	0	1	0	0	0	0	1	0	0	0	0	0	0	0	1	0	0	0	0	0	0	0	0	0	1	1	S
NMDC20584970	0	0	0	0	0	1	0	1	0	0	0	1	0	0	1	0	1	1	0	0	0	1	0	0	1	0	0	0	1	1	S
NMDC20553471	0	0	0	0	0	1	0	0	0	0	1	0	0	0	0	0	0	0	0	0	0	0	0	0	0	0	0	0	1	1	S
NMDC20555467	0	0	0	0	0	1	0	1	0	0	0	1	0	0	1	0	1	1	0	0	0	1	0	0	1	0	0	0	1	1	S
NMDC20551432	0	0	0	0	0	1	0	0	0	0	1	0	0	0	0	0	0	0	0	0	0	0	0	0	0	0	0	0	1	1	S
NMDC20557474	0	0	0	0	0	1	0	1	0	0	0	1	0	0	1	0	1	1	0	0	0	1	0	0	1	0	0	0	1	1	S
NMDC20584972	0	0	0	0	0	1	0	0	0	0	1	0	0	0	0	0	0	0	0	0	0	0	0	0	0	0	0	0	1	1	S
NMDC20584973	0	0	0	0	0	1	0	1	0	0	0	1	0	0	0	0	0	0	0	0	1	1	0	0	0	0	0	0	0	0	S
NMDC20555466	0	0	0	0	0	1	0	0	0	0	1	0	0	0	0	0	0	0	0	0	0	0	0	0	0	0	0	0	1	1	S
NMDC20553472	0	0	0	0	0	1	0	0	0	0	1	0	0	0	0	0	0	0	0	0	0	0	0	0	0	0	0	0	1	1	S
NMDC20553473	0	0	0	0	0	1	0	0	0	0	1	0	0	0	0	0	0	0	0	0	0	0	0	0	0	0	0	0	1	1	S
NMDC20584975	0	0	0	0	0	1	0	0	0	0	1	0	0	0	0	0	0	0	0	0	0	0	0	0	0	0	0	0	1	1	S
NMDC20584976	0	0	0	0	0	1	0	1	0	0	0	1	0	0	1	0	1	1	0	0	0	1	0	0	1	0	0	0	1	1	S
NMDC20584977	0	0	0	0	0	1	0	1	0	0	0	1	0	0	1	0	1	1	0	0	0	1	0	0	1	0	0	0	1	1	S
NMDC20555469	0	0	0	0	0	1	0	0	0	0	1	0	0	0	0	0	0	0	0	0	0	0	0	0	0	0	0	0	1	1	S
NMDC20557477	0	0	0	0	0	1	0	1	0	0	0	1	0	0	1	0	1	1	0	0	0	1	0	0	1	0	0	0	1	1	S
NMDC20584978	0	0	0	0	0	1	0	0	0	0	1	0	0	0	0	0	0	0	0	0	0	0	0	0	0	0	0	0	1	1	S
NMDC20551433	0	0	0	0	0	1	0	0	0	0	1	0	0	0	0	0	0	0	0	0	0	0	0	0	0	0	0	0	1	1	S
NMDC20551434	0	0	0	0	0	1	0	0	0	0	1	0	0	0	0	0	0	0	0	0	0	0	0	0	0	0	0	0	1	1	S
NMDC20555470	0	0	0	0	0	0	0	0	0	0	0	1	0	0	0	0	0	0	0	0	0	0	0	0	0	0	0	0	0	0	S
NMDC20584979	0	0	0	0	0	1	0	0	0	0	1	0	0	0	0	0	0	0	0	0	0	0	0	0	0	0	0	0	1	1	S
NMDC20584980	0	0	0	0	0	1	0	0	0	0	1	0	0	0	0	0	0	0	0	0	0	0	0	0	0	0	0	0	1	1	S
NMDC20553474	0	0	0	0	0	1	0	1	0	0	0	1	0	0	1	0	1	1	0	0	0	1	0	0	1	0	0	0	1	1	S
NMDC20584981	0	0	0	0	0	0	0	0	0	0	0	1	0	0	0	0	0	0	0	0	0	0	0	0	0	0	0	0	0	0	S
NMDC20553475	0	0	0	0	0	1	0	1	0	0	0	1	0	0	1	0	1	1	0	0	0	1	0	0	1	0	0	0	1	1	S
NMDC20557480	0	0	1	0	1	0	0	0	0	0	0	1	0	0	0	1	0	0	1	0	0	0	0	0	0	0	0	0	0	0	S
NMDC20557481	0	0	0	0	0	1	0	0	0	0	1	0	0	0	0	0	0	0	0	0	0	0	0	0	0	0	0	0	1	1	S
NMDC20553476	0	0	0	0	0	1	0	0	0	0	1	0	0	0	0	0	0	0	0	0	0	0	0	0	0	0	0	0	1	1	S
NMDC20553477	0	0	0	0	0	1	0	0	0	0	1	0	0	0	0	0	0	0	0	0	0	0	0	0	0	0	0	0	1	1	S
NMDC20584983	0	0	0	0	0	1	0	1	0	0	0	1	0	0	1	0	1	1	0	0	0	1	0	0	1	0	0	0	1	1	S
NMDC20555471	0	0	0	0	0	1	0	1	0	0	0	1	0	0	1	0	1	1	0	0	0	1	0	0	1	0	0	0	1	1	S
NMDC20555472	0	0	0	0	0	1	0	1	0	0	0	1	0	0	1	0	1	1	0	0	0	1	0	0	1	0	0	0	1	1	S
NMDC20584984	1	0	0	0	0	1	0	1	0	0	0	1	0	0	1	0	1	1	0	0	0	1	0	0	1	0	0	0	1	1	S
NMDC20584986	0	0	0	0	0	1	0	0	0	0	1	0	0	0	0	0	0	0	0	0	0	0	0	0	0	0	0	0	1	1	S
NMDC20584988	0	0	0	0	0	1	0	1	0	0	0	1	0	0	1	0	1	1	0	0	0	1	0	0	1	0	0	0	1	1	S
NMDC20584989	0	0	0	0	0	1	0	0	0	0	1	0	0	0	0	0	0	0	0	0	0	0	0	0	0	0	0	0	1	1	S
NMDC20584991	0	0	0	0	0	1	0	1	0	0	0	1	0	0	1	0	1	1	0	0	0	1	0	0	1	0	0	0	1	1	S
NMDC20584992	0	0	0	0	0	1	0	1	0	0	0	1	0	0	1	0	1	1	0	0	0	1	0	0	1	0	0	0	1	1	S
NMDC20584993	0	0	0	0	0	1	0	1	0	0	0	1	0	0	0	0	1	0	0	0	0	1	0	1	1	0	0	0	1	0	S
NMDC20584994	0	0	1	0	1	1	0	1	0	0	0	1	0	0	1	1	1	1	1	0	0	1	0	0	1	0	0	0	1	1	S
NMDC20584995	0	0	0	0	0	1	0	0	0	0	1	0	0	0	0	0	0	0	1	0	0	0	0	0	0	0	0	0	1	1	S
NMDC20584996	0	0	0	0	0	1	0	1	0	0	0	1	0	0	1	0	1	1	1	0	0	1	0	0	1	0	0	0	1	1	S
NMDC20553478	0	0	0	0	0	1	0	0	0	0	1	0	0	0	0	0	0	0	0	0	0	0	0	0	0	0	0	0	1	1	S
NMDC20551435	0	0	0	0	0	1	0	0	0	0	1	0	0	0	0	0	0	0	0	0	0	0	0	0	0	0	0	0	1	1	S
NMDC20557482	0	0	0	0	0	1	0	0	0	0	1	0	0	0	0	0	0	0	0	0	0	0	0	0	0	0	0	0	1	1	S
NMDC20557483	0	0	0	0	0	1	0	1	0	0	0	1	0	0	1	0	1	1	0	0	0	1	0	0	1	0	0	0	1	1	S
NMDC20553479	0	0	0	0	0	1	0	1	0	0	0	1	0	0	1	0	1	1	0	0	0	1	0	0	1	0	0	0	1	1	S
NMDC20584998	0	0	0	0	0	0	0	0	0	0	0	1	0	0	0	0	1	1	0	0	0	0	0	0	1	0	0	0	0	1	S
NMDC20555473	0	0	0	0	0	0	0	1	0	0	0	1	0	0	0	0	0	0	0	0	0	1	0	0	0	0	0	0	0	1	S
NMDC20557484	0	0	0	0	0	1	0	1	0	0	0	1	0	0	1	0	1	1	0	0	0	1	0	0	1	0	0	0	1	1	S
NMDC20585003	0	0	0	0	0	0	0	0	0	0	0	1	0	0	0	0	0	0	0	0	1	1	0	1	0	0	0	0	0	1	S
NMDC20585004	0	0	0	0	0	0	0	0	0	0	0	1	0	0	0	0	0	0	0	0	1	1	0	0	0	0	1	0	1	1	S
NMDC20551438	0	0	0	0	0	1	0	1	0	0	0	1	0	0	1	0	1	1	0	0	0	1	0	0	1	0	0	0	1	1	S
NMDC20557485	0	0	0	0	0	1	0	0	0	0	1	0	0	0	0	0	0	0	0	0	0	0	0	0	0	0	0	0	1	1	S
NMDC20585007	0	0	0	0	0	0	0	0	0	0	0	0	0	0	0	0	1	1	0	1	0	0	0	1	0	0	0	0	0	0	S
NMDC20557486	1	0	0	0	0	1	0	0	0	0	1	0	0	0	0	0	0	0	0	0	0	0	0	0	0	0	0	0	1	1	S
NMDC20555474	0	0	0	0	0	1	0	1	0	0	0	1	0	0	1	0	1	1	0	0	0	1	0	0	1	0	0	0	1	1	S
NMDC20585008	0	0	0	0	0	0	0	1	0	0	0	1	0	0	0	0	0	0	0	0	0	1	0	0	0	0	0	0	0	1	S
NMDC20555475	0	0	0	0	0	0	0	0	0	0	0	1	0	0	0	0	1	0	0	0	1	1	0	0	1	0	0	0	1	0	S
NMDC20585009	0	0	0	0	0	0	0	0	0	0	0	1	0	0	0	0	1	0	0	0	1	1	0	0	1	0	0	0	1	0	S
NMDC20585010	0	0	0	0	0	1	0	1	0	0	0	1	0	0	1	0	1	1	0	0	0	1	0	0	1	0	0	0	1	1	S
NMDC20585011	0	0	0	0	0	0	0	0	0	0	0	1	0	0	0	0	1	0	0	0	1	1	0	0	1	0	0	0	1	0	S
NMDC20555476	0	0	0	0	0	0	0	0	0	0	0	1	0	0	0	0	1	1	0	0	0	0	0	0	1	0	0	0	0	1	S
NMDC20551439	0	0	0	0	0	1	0	1	0	0	0	1	0	0	0	0	0	0	0	0	1	1	0	0	0	0	0	0	0	0	S
NMDC20585013	0	0	0	0	0	1	0	1	0	0	0	1	0	0	1	0	1	1	0	0	0	1	0	0	1	0	0	0	1	1	S
NMDC20555477	0	0	0	0	0	0	0	0	0	0	0	1	0	0	0	0	0	0	0	0	0	0	0	0	0	0	0	0	0	0	S
NMDC20585014	0	0	0	0	0	0	0	1	0	0	0	1	0	0	0	0	0	0	0	0	0	1	0	0	0	0	0	0	0	1	S
NMDC20553480	0	0	0	0	0	1	0	0	0	0	1	0	0	0	0	0	0	0	0	0	0	0	0	0	0	0	0	0	1	1	S
NMDC20555478	0	0	0	0	0	1	0	0	0	0	1	0	0	0	0	0	0	0	0	0	0	0	0	0	0	0	0	0	1	1	S
NMDC20585017	0	0	0	0	0	0	0	0	0	0	0	1	0	0	0	0	0	0	0	0	1	1	0	0	0	0	1	0	1	1	S
NMDC20557487	0	0	0	0	0	1	0	0	0	0	0	1	0	0	0	0	0	0	1	0	1	1	0	0	0	0	1	0	1	0	S
NMDC20555479	0	0	1	0	1	0	0	0	0	0	0	1	0	0	0	1	0	0	1	0	0	0	0	0	0	0	0	0	0	0	S
NMDC20551440	0	0	0	0	0	0	0	0	0	0	0	1	0	0	0	0	0	0	1	0	0	0	0	0	0	0	0	0	0	0	S
NMDC20585018	0	0	0	0	0	1	0	1	0	0	0	1	0	0	1	0	1	1	1	0	0	1	0	0	1	0	0	0	1	1	S
NMDC20585019	0	0	0	0	0	1	0	1	0	0	0	1	0	0	1	0	1	1	1	0	0	1	0	0	1	0	0	0	1	1	S
NMDC20553481	0	0	0	0	0	1	0	1	0	0	0	1	0	0	1	0	1	1	0	0	0	1	0	0	1	0	0	0	1	1	S
NMDC20585021	0	0	0	0	0	1	0	0	0	0	1	0	0	0	0	0	0	0	0	0	0	0	0	0	0	0	0	0	1	1	S
NMDC20555480	0	0	0	0	0	0	0	0	0	0	0	1	0	0	0	0	1	1	0	0	0	0	0	0	1	0	0	0	0	1	S
NMDC20557488	0	0	0	0	0	0	0	1	0	0	0	1	0	0	0	0	0	0	0	0	0	1	0	0	0	0	0	0	0	1	S
NMDC20585024	0	0	0	0	0	1	0	0	0	0	1	0	0	0	0	0	0	0	0	0	0	0	0	0	0	0	0	0	1	1	S
NMDC20585026	0	0	0	0	0	1	0	0	0	0	1	0	0	0	0	0	0	0	0	0	0	0	0	0	0	0	0	0	1	1	S
NMDC20585028	0	0	0	0	0	1	0	0	0	0	1	0	0	0	0	0	0	0	0	0	0	0	0	0	0	0	0	0	1	1	S
NMDC20585031	0	0	0	0	0	1	0	0	0	0	1	0	0	0	0	0	0	0	1	0	0	0	0	0	0	0	0	0	1	1	S
NMDC20585034	0	0	0	0	0	1	0	1	0	0	0	1	0	0	1	0	1	1	0	0	0	1	0	0	1	0	0	0	1	1	S
NMDC20585035	0	0	0	0	0	1	0	0	0	0	1	0	0	0	0	0	0	0	0	0	0	0	0	0	0	0	0	0	1	1	S
NMDC20555481	0	0	0	0	0	1	0	1	0	0	0	1	0	0	1	0	1	1	1	0	0	1	1	0	1	0	0	0	1	1	S
NMDC20553483	0	0	0	0	0	1	0	0	0	0	1	0	0	0	0	0	0	0	0	0	0	0	0	0	0	0	0	0	1	1	S
NMDC20585036	0	0	0	0	0	1	0	1	0	0	0	1	0	0	1	0	1	1	0	0	0	1	0	0	1	0	0	0	1	1	S
NMDC20551443	0	0	0	0	0	1	0	1	0	0	0	1	0	0	1	0	1	1	0	0	0	1	1	0	1	0	0	0	1	1	S
NMDC20553484	0	0	0	0	0	1	0	1	0	0	0	1	0	0	1	0	1	1	0	0	0	1	0	0	1	0	0	0	1	1	S
NMDC20555482	0	0	0	0	0	1	0	1	0	0	0	1	0	0	1	0	1	1	0	0	0	1	0	0	1	0	0	0	1	1	S
NMDC20557489	0	0	0	0	0	0	0	0	0	0	0	1	0	0	0	0	1	0	0	0	1	1	0	0	1	0	0	0	1	0	S
NMDC20585037	0	0	0	0	0	1	0	1	0	0	0	1	0	0	1	0	1	1	0	0	0	1	0	0	1	0	0	0	1	1	S
NMDC20551444	0	0	0	0	0	1	0	1	0	0	0	1	0	0	0	0	0	0	0	0	0	0	0	1	0	0	0	0	1	1	S
NMDC20557491	0	0	0	0	0	1	0	0	0	0	0	1	0	0	1	0	0	1	0	0	0	0	0	0	0	0	1	0	1	1	S
NMDC20557490	0	0	0	0	0	0	0	0	0	0	0	1	0	0	0	0	1	0	0	0	1	1	0	0	1	0	0	0	1	0	S
NMDC20555483	0	0	0	0	0	0	0	0	0	0	0	1	0	0	0	0	1	0	0	0	1	1	0	0	1	0	0	0	1	0	S
NMDC20585038	0	0	0	0	0	1	0	1	0	0	0	1	0	0	0	0	0	0	0	0	0	0	0	1	0	0	0	0	1	1	S
NMDC20553487	0	0	0	0	0	0	0	0	0	0	0	1	0	0	0	0	1	0	0	0	1	1	0	0	1	0	0	0	1	0	S
NMDC20585039	0	0	0	0	0	1	0	1	0	0	0	1	0	0	0	0	0	0	1	0	1	1	0	0	0	0	0	0	0	0	S
NMDC20585043	0	0	0	0	0	1	0	1	0	0	0	1	0	0	1	0	1	1	0	0	0	1	1	0	1	0	0	0	1	1	S
NMDC20585044	0	0	0	0	0	1	0	1	0	0	0	1	0	0	1	0	1	1	0	0	0	1	1	0	1	0	0	0	1	1	S
NMDC20557492	0	0	0	0	0	1	0	0	0	0	1	0	0	0	0	0	0	0	0	0	0	0	0	0	0	0	0	0	1	1	S
NMDC20557493	0	0	0	0	0	1	0	1	0	0	0	1	0	0	1	0	1	1	0	0	0	1	0	0	1	0	0	0	1	1	S
NMDC20557494	0	0	0	0	0	1	0	0	0	0	1	0	0	0	0	0	0	0	0	0	0	0	0	0	0	0	0	0	1	1	S
NMDC20557495	0	0	0	0	0	1	0	1	0	0	0	1	0	0	1	0	1	1	0	0	0	1	0	0	1	0	0	0	1	1	S
NMDC20557496	0	0	0	0	0	0	0	0	0	0	0	1	0	0	0	0	0	0	0	0	0	0	0	0	0	0	0	0	0	0	S
NMDC20557497	0	0	0	0	0	1	0	1	0	0	0	1	0	0	1	0	1	1	0	0	0	1	0	0	1	0	0	0	1	1	S
NMDC20585046	0	0	0	0	0	0	0	0	0	0	1	0	0	0	0	0	0	0	0	0	1	1	0	0	0	0	1	0	1	1	S
NMDC20585047	0	0	0	0	0	1	0	1	0	0	0	1	0	0	1	0	1	1	0	0	0	1	0	0	1	0	0	0	1	1	S
NMDC20585048	0	0	0	0	0	1	0	1	0	0	0	1	0	0	1	0	1	1	0	0	0	1	0	0	1	0	0	0	1	1	S
NMDC20555485	0	0	0	0	0	1	0	1	0	0	0	1	0	0	1	0	1	1	1	0	0	1	0	0	1	0	0	0	1	1	S
NMDC20585049	0	0	0	0	0	1	0	1	0	0	0	1	0	0	1	0	1	1	0	0	0	1	0	0	1	0	0	0	1	1	S
NMDC20585050	0	0	0	0	0	1	0	1	0	0	0	1	0	0	1	0	1	1	0	0	0	1	0	0	1	0	0	0	1	1	S
NMDC20557498	0	0	0	0	0	0	0	0	0	0	0	1	0	0	0	0	1	0	0	0	1	1	0	0	1	0	0	0	1	0	S
NMDC20585052	0	0	0	0	0	1	0	1	0	0	0	1	0	0	1	0	1	1	0	0	0	1	0	0	1	0	0	0	1	1	S
NMDC20553488	0	0	0	0	0	1	0	1	0	0	0	1	0	0	1	0	1	1	0	0	0	1	0	0	1	0	0	0	1	1	S
NMDC20557500	0	0	0	0	0	1	0	1	0	0	0	1	0	0	1	0	1	1	1	0	0	1	0	0	1	0	0	0	1	1	S
NMDC20585055	0	0	0	0	0	1	0	1	0	0	0	1	0	0	1	0	1	1	1	0	0	1	0	0	1	0	0	0	1	1	S
NMDC20585056	0	0	0	0	0	1	0	1	0	0	0	1	0	0	1	0	1	1	0	0	0	1	0	0	1	0	0	0	1	1	S
NMDC20585057	0	0	0	0	0	1	0	0	0	0	0	0	0	0	0	0	0	0	0	0	0	0	0	0	1	0	1	0	1	0	S
NMDC20555487	0	0	0	0	0	1	0	1	0	0	0	1	0	0	1	0	1	1	0	0	0	1	0	0	1	0	0	0	1	1	S
NMDC20585058	0	0	0	0	0	1	0	1	0	0	0	1	0	0	1	0	1	1	0	0	0	1	0	0	1	0	0	0	1	1	S
NMDC20555488	0	0	0	0	0	1	0	0	0	0	1	0	0	0	0	0	0	0	0	0	0	0	0	0	0	0	0	0	1	1	S
NMDC20585059	0	0	0	0	0	1	0	1	0	0	0	1	0	0	1	0	1	1	0	0	0	1	0	0	1	0	0	0	1	1	S
NMDC20585060	0	0	0	0	0	1	0	1	0	0	0	1	0	0	1	0	1	1	0	0	0	1	0	0	1	0	0	0	1	1	S
NMDC20555489	0	0	0	0	0	1	0	1	0	0	0	1	0	0	0	0	0	0	0	0	1	1	0	0	0	0	0	0	0	0	S
NMDC20553490	0	0	0	0	0	1	0	1	0	0	0	1	0	0	1	0	1	1	0	0	0	1	0	0	1	0	0	0	1	1	S
NMDC20557507	0	0	0	0	0	1	0	1	0	0	0	1	0	0	0	0	0	0	0	0	0	0	0	1	0	0	0	0	1	1	S
NMDC20557502	0	0	0	0	0	1	0	1	0	0	0	1	0	0	1	0	1	1	1	0	0	1	0	0	1	0	0	0	1	1	S
NMDC20585065	0	0	0	0	0	1	0	1	0	0	0	1	0	0	1	0	1	1	0	0	0	1	0	0	1	0	0	0	1	1	S
NMDC20553492	0	0	0	0	0	1	0	1	0	0	0	1	0	0	0	0	0	0	1	0	1	1	0	0	0	0	0	0	0	0	S
NMDC20557505	0	0	0	0	0	1	0	1	0	0	0	1	0	0	1	0	1	1	0	0	0	1	0	0	1	0	0	0	1	1	S
NMDC20557506	0	0	0	0	0	1	0	1	0	0	0	1	0	0	1	0	1	1	0	0	0	1	0	0	1	0	0	0	1	1	S
NMDC20557510	0	0	0	0	0	1	0	0	0	0	1	0	0	0	0	0	0	0	0	0	0	0	0	0	0	0	0	0	1	1	S
NMDC20553494	0	0	0	0	0	1	0	0	0	0	1	0	0	0	0	0	0	0	0	0	0	0	0	0	0	0	0	0	1	1	S
NMDC20585066	0	0	0	0	0	1	0	1	0	0	0	1	0	0	1	0	1	1	0	0	0	1	0	0	1	0	0	0	1	1	S
NMDC20555490	0	0	0	0	0	1	0	1	0	0	0	1	0	0	1	0	1	1	0	0	0	1	0	0	1	0	0	0	1	1	S
NMDC20585067	0	0	0	0	0	1	0	1	0	0	0	1	0	0	1	0	1	1	0	0	0	1	0	0	1	0	0	0	1	1	S
NMDC20585068	0	0	0	0	0	1	0	1	0	0	0	1	0	0	1	0	1	1	0	0	0	1	0	0	1	0	0	0	1	1	S
NMDC20557508	0	0	0	0	0	1	0	1	0	0	0	1	0	0	1	0	1	1	0	0	0	1	0	0	1	0	0	0	1	1	S
NMDC20555491	0	0	0	0	0	1	0	1	0	0	0	1	0	0	1	0	1	1	0	0	0	1	0	0	1	0	0	0	1	1	S
NMDC20551447	0	0	0	0	0	1	0	1	0	0	0	1	0	0	1	0	1	1	0	0	0	1	0	0	1	0	0	0	1	1	S
NMDC20557509	0	0	0	0	0	1	0	1	0	0	0	1	0	0	1	0	1	1	0	0	0	1	0	0	1	0	0	0	1	1	S
NMDC20585069	0	0	0	0	0	1	0	0	0	0	0	1	0	0	0	0	0	0	0	0	0	1	0	0	0	0	1	0	0	1	S
NMDC20553496	0	0	0	0	0	1	0	1	0	0	0	1	0	0	1	0	1	1	0	0	0	1	0	0	1	0	0	0	1	1	S
NMDC20585070	0	0	0	0	0	1	0	1	0	0	0	1	0	0	1	0	1	1	0	0	0	1	0	0	1	0	0	0	1	1	S
NMDC20551449	0	0	0	0	0	1	0	0	0	0	1	0	0	0	0	0	0	0	0	0	0	0	0	0	0	0	0	0	1	1	S
NMDC20555492	0	0	1	0	1	0	0	0	0	0	0	1	0	0	0	1	0	0	1	0	0	0	0	0	0	0	0	0	0	0	S
NMDC20585072	0	0	0	0	0	1	0	1	0	0	0	1	0	0	1	0	1	1	0	0	0	1	0	0	1	0	0	0	1	1	S
NMDC20585073	0	0	0	0	0	1	0	1	0	0	0	1	0	0	1	0	1	1	0	0	0	1	0	0	1	0	0	0	1	1	S
NMDC20585074	0	0	0	0	0	1	0	1	0	0	0	1	0	0	1	0	1	1	0	0	0	1	0	0	1	0	0	0	1	1	S
NMDC20585075	0	0	0	0	0	1	0	1	0	0	0	1	0	0	1	0	1	1	0	0	0	1	0	0	1	0	0	0	1	1	S
NMDC20585076	0	0	0	0	0	1	0	1	0	0	0	1	0	0	1	0	1	1	0	0	0	1	0	0	1	0	0	0	1	1	S
NMDC20551451	0	0	0	0	0	1	0	1	0	0	0	1	0	0	1	0	1	1	0	0	0	1	0	0	1	0	0	0	1	1	S
NMDC20585077	0	0	0	0	0	1	0	1	0	0	0	1	0	0	1	0	1	1	0	0	0	1	0	0	1	0	0	0	1	1	S
NMDC20585078	0	0	0	0	0	1	0	1	0	0	0	1	0	0	0	0	0	0	1	0	1	1	0	0	0	0	0	0	0	0	S
NMDC20557521	0	0	0	0	0	1	0	1	0	0	0	1	0	0	1	0	1	1	0	0	0	1	0	0	1	0	0	0	1	1	S
NMDC20585079	0	0	0	0	0	0	0	0	0	0	0	1	0	0	1	0	0	1	0	0	0	1	0	0	0	0	0	0	0	0	S
NMDC20553498	0	0	0	0	0	1	0	0	0	0	1	0	0	0	0	0	0	0	0	0	0	0	0	0	0	0	0	0	1	1	S
NMDC20557512	0	0	0	0	0	1	0	0	0	0	1	0	0	0	0	0	0	0	0	0	0	0	0	0	0	0	0	0	1	1	S
NMDC20551453	0	0	0	0	0	1	0	0	0	0	1	0	0	0	0	0	0	0	0	0	0	0	0	0	0	0	0	0	1	1	S
NMDC20551454	0	0	0	0	0	1	0	0	0	0	1	0	0	0	0	0	0	0	0	0	0	0	0	0	0	0	0	0	1	1	S
NMDC20551455	0	0	0	0	0	1	0	0	0	0	1	0	0	0	0	0	0	0	0	0	0	0	0	0	0	0	0	0	1	1	S
NMDC20557513	0	0	0	0	0	1	0	0	0	0	1	0	0	0	0	0	0	0	0	0	0	0	0	0	0	0	0	0	1	1	S
NMDC20585081	0	0	0	0	0	1	0	0	0	0	1	0	0	0	0	0	0	0	0	0	0	0	0	0	0	0	0	0	1	1	S
NMDC20585082	0	0	0	0	0	1	0	0	0	0	1	0	0	0	0	0	0	0	0	0	0	0	0	0	0	0	0	0	1	1	S
NMDC20585083	0	0	0	0	0	1	0	0	0	0	1	0	0	0	0	0	0	0	0	0	0	0	0	0	0	0	0	0	1	1	S
NMDC20585084	0	0	0	0	0	1	0	1	0	0	0	1	0	0	0	0	0	0	0	0	1	1	0	0	0	0	0	0	0	0	S
NMDC20585086	0	0	0	0	0	1	0	0	0	0	1	0	0	0	0	0	0	0	0	0	0	0	0	0	0	0	0	0	1	1	S
NMDC20585087	0	0	0	0	0	1	0	0	0	0	1	0	0	0	0	0	0	0	0	0	0	0	0	0	0	0	0	0	1	1	S
NMDC20557514	0	0	0	0	0	1	0	0	0	0	1	0	0	0	0	0	0	0	0	0	0	0	0	0	0	0	0	0	1	1	S
NMDC20555495	0	0	0	0	0	1	0	0	0	0	1	0	0	0	0	0	0	0	0	0	0	0	0	0	0	0	0	0	1	1	S
NMDC20557516	0	0	0	0	0	1	0	0	0	0	1	0	0	0	0	0	0	0	0	0	0	0	0	0	0	0	0	0	1	1	S
NMDC20557519	0	0	0	0	0	1	0	1	0	0	0	1	0	0	1	0	1	1	1	0	0	1	0	0	1	0	0	0	1	1	S
NMDC20557517	0	0	0	0	0	1	0	0	0	0	1	0	0	0	0	0	0	0	0	0	0	0	0	0	0	0	0	0	1	1	S
NMDC20585089	0	0	0	0	0	1	0	0	0	0	1	0	0	0	0	0	0	0	0	0	0	0	0	0	0	0	0	0	1	1	S
NMDC20585090	0	0	0	0	0	1	0	0	0	0	1	0	0	0	0	0	0	0	0	0	0	0	0	0	0	0	0	0	1	1	S
NMDC20585091	0	0	0	0	0	1	0	0	0	0	1	0	0	0	0	0	0	0	0	0	0	0	0	0	0	0	0	0	1	1	S
NMDC20553500	0	0	0	0	0	1	0	0	0	0	1	0	0	0	0	0	0	0	0	0	0	0	0	0	0	0	0	0	1	1	S
NMDC20585092	0	0	0	0	0	1	0	1	0	0	0	1	0	0	1	0	1	1	0	0	0	1	0	0	1	0	0	0	1	1	S
NMDC20557518	0	0	0	0	0	1	0	1	0	0	0	1	0	0	1	0	1	1	0	0	0	1	0	0	1	0	0	0	1	1	S
NMDC20551458	0	0	0	0	0	1	0	1	0	0	0	1	0	0	1	0	1	1	0	0	0	1	0	0	1	0	0	0	1	1	S
NMDC20585094	0	0	0	0	0	1	0	1	0	0	0	1	0	0	1	0	1	1	0	0	0	1	0	0	1	0	0	0	1	1	S
NMDC20551459	0	0	0	0	0	1	0	0	0	0	1	0	0	0	0	0	0	0	0	0	0	0	0	0	0	0	0	0	1	1	S
NMDC20553501	0	0	0	0	0	1	0	1	0	0	0	1	0	0	1	0	1	1	0	0	0	1	0	0	1	0	0	0	1	1	S
NMDC20585097	0	0	0	0	0	1	0	1	0	0	0	1	1	0	1	0	0	0	0	0	1	1	1	0	0	0	0	0	1	1	S
NMDC20553503	0	0	0	0	0	0	0	0	0	0	0	1	0	0	0	0	1	0	0	0	1	1	0	0	1	0	0	0	1	0	S
NMDC20553505	0	0	0	0	0	0	0	0	0	0	0	1	0	0	0	0	1	0	0	0	1	1	0	0	1	0	0	0	1	0	S
NMDC20555497	1	0	0	0	0	1	0	1	0	0	0	1	0	0	1	0	1	1	0	0	0	1	0	0	1	0	0	0	1	1	S
NMDC20553507	0	0	0	0	0	1	0	1	0	0	0	1	0	0	1	0	1	1	0	0	0	1	0	0	1	0	0	0	1	1	S
NMDC20555498	0	0	0	0	0	1	0	1	0	0	0	1	0	0	1	0	1	1	0	0	0	1	0	0	1	0	0	0	1	1	S
NMDC20557527	0	0	0	0	0	0	0	0	0	0	0	1	0	0	0	0	1	0	0	0	1	1	0	0	1	0	0	0	1	0	S
NMDC20557523	0	0	0	0	0	1	0	0	0	0	1	0	0	0	0	0	0	0	0	0	0	0	0	0	0	0	0	0	1	1	S
NMDC20585098	0	0	0	0	0	1	0	1	0	0	0	1	0	0	1	0	1	1	0	0	0	1	0	0	1	0	0	0	1	1	S
NMDC20553508	0	0	0	0	0	1	0	1	0	0	0	1	0	0	1	0	1	1	0	0	0	1	0	0	1	0	0	0	1	1	S
NMDC20557524	0	0	0	0	0	1	0	0	0	0	1	0	0	0	0	0	0	0	0	0	0	0	0	0	0	0	0	0	1	1	S
NMDC20557525	0	0	1	0	1	0	0	0	0	0	0	1	0	0	0	1	0	0	1	0	0	0	0	0	0	0	0	0	0	0	S
NMDC20551460	0	0	0	0	0	1	0	1	0	0	0	1	0	0	1	0	1	1	0	0	0	1	0	0	1	0	0	0	1	1	S
NMDC20557526	0	0	0	0	0	1	0	1	0	0	0	1	0	0	1	0	1	1	1	0	0	1	0	0	1	0	0	0	1	1	S
NMDC20585099	0	0	0	0	0	1	0	0	0	0	1	0	0	0	0	0	0	0	0	0	0	0	0	0	0	0	0	0	1	1	S
NMDC20557528	0	0	0	0	0	1	0	0	0	0	0	0	0	0	1	0	1	1	0	0	0	0	0	0	1	0	0	0	1	1	S
NMDC20551461	0	0	0	0	0	1	0	1	0	0	0	1	0	0	1	0	1	1	1	0	0	1	0	0	1	0	0	0	1	1	S
NMDC20585101	0	0	0	0	0	1	0	1	0	0	0	1	0	0	1	0	1	1	0	0	0	1	0	0	1	0	0	0	1	1	S
NMDC20585102	0	0	0	0	0	1	0	1	0	0	0	1	0	0	1	0	1	1	0	0	0	1	0	0	1	0	0	0	1	1	S
NMDC20553510	0	0	0	0	0	1	0	1	0	0	0	1	0	0	1	0	1	1	0	0	0	1	0	0	1	0	0	0	1	1	S
NMDC20553511	0	0	0	0	0	1	0	1	0	0	0	1	0	0	1	0	1	1	0	0	0	1	0	0	1	0	0	0	1	1	S
NMDC20585103	0	0	0	0	0	0	0	0	0	0	0	1	0	0	0	0	1	0	0	0	1	1	0	0	1	0	0	0	1	0	S
NMDC20585104	0	0	0	0	0	1	0	1	0	0	0	1	0	0	1	0	1	1	0	0	0	1	0	0	1	0	0	0	1	1	S
NMDC20553513	0	0	0	0	0	1	0	1	0	0	0	1	0	0	1	0	1	1	0	0	0	1	0	0	1	0	0	0	1	1	S
NMDC20557529	0	0	0	0	0	0	0	1	0	0	0	1	0	0	0	0	0	0	0	0	0	1	0	0	0	0	0	0	0	1	S
NMDC20551463	0	0	0	0	0	1	0	0	0	0	1	0	0	0	0	0	0	0	0	0	0	0	0	0	0	0	0	0	1	1	S
NMDC20555499	0	0	0	0	0	1	0	0	0	0	0	1	0	0	0	0	0	0	0	0	1	1	0	0	0	0	1	0	1	0	S
NMDC20555500	0	0	0	0	0	1	0	1	0	0	0	1	0	0	1	0	1	1	0	0	0	1	0	0	1	0	0	0	1	1	S
NMDC20585105	0	0	0	0	0	1	0	0	0	0	1	0	0	0	0	0	0	0	0	0	0	0	0	0	0	0	0	0	1	1	S
NMDC20551464	0	0	0	0	0	1	0	1	0	0	0	1	0	0	1	0	1	1	1	0	0	1	0	0	1	0	0	0	1	1	S
NMDC20557534	0	0	0	0	0	1	0	0	0	0	1	0	0	0	0	0	0	0	0	0	0	0	0	0	0	0	0	0	1	1	S
NMDC20553514	0	0	0	0	0	1	0	0	0	0	1	0	0	0	0	0	0	0	0	0	0	0	0	0	0	0	0	0	1	1	S
NMDC20551465	0	0	0	0	0	1	0	1	0	0	0	1	0	0	1	0	1	1	0	0	0	1	0	0	1	0	0	0	1	1	S
NMDC20557532	0	0	0	0	0	0	0	0	0	0	0	0	0	0	0	0	0	0	0	0	0	1	0	0	0	0	0	0	0	0	S
NMDC20557533	0	0	0	0	0	1	0	0	0	0	1	0	0	0	0	0	0	0	0	0	0	0	0	0	0	0	0	0	1	1	S
NMDC20585108	0	0	1	0	1	0	0	0	0	0	0	1	0	0	0	1	0	0	1	0	0	0	0	0	0	0	0	0	0	0	S
NMDC20585109	0	0	0	0	0	1	0	0	0	0	0	1	0	0	0	0	0	0	0	0	1	1	0	0	0	0	1	0	0	1	S
NMDC20585110	0	0	0	0	0	1	0	1	0	0	0	1	0	0	1	0	0	1	0	1	1	0	0	0	0	0	1	0	1	0	S
NMDC20557535	0	0	0	0	0	1	0	1	0	0	0	1	0	0	0	0	0	0	0	0	0	0	0	1	0	0	0	0	1	1	S
NMDC20585111	0	0	0	0	0	1	0	1	0	0	0	1	0	0	0	0	0	0	0	0	0	0	0	1	0	0	0	0	1	1	S
NMDC20551466	0	0	0	0	0	1	0	1	0	0	0	1	0	0	1	0	1	1	1	0	0	1	0	0	1	0	0	0	1	1	S
NMDC20585112	0	0	0	0	0	0	0	0	0	0	0	0	0	0	1	0	1	0	0	0	1	1	0	0	0	0	0	1	0	1	S
NMDC20585113	0	0	0	0	0	1	0	1	0	0	0	1	0	0	1	0	1	1	0	0	0	1	0	0	1	0	0	0	1	1	S
NMDC20551467	0	0	0	0	0	1	0	1	0	0	0	1	0	0	1	0	1	1	0	0	0	1	0	0	1	0	0	0	1	1	S
NMDC20585115	0	0	1	0	1	1	0	1	0	0	0	1	1	0	1	1	0	0	1	0	1	1	0	0	0	0	0	0	1	1	S
NMDC20557536	0	0	0	0	0	1	0	1	0	0	0	1	0	0	1	0	1	1	0	0	0	1	0	0	1	0	0	0	1	1	S
NMDC20585118	0	0	0	0	0	1	0	1	0	0	0	1	0	0	1	0	1	1	0	0	0	1	0	0	1	0	0	0	1	1	S
NMDC20585119	0	0	0	0	0	1	0	1	0	0	0	1	0	0	1	0	1	1	0	0	0	1	0	0	1	0	0	0	1	1	S
NMDC20585120	0	0	0	0	0	1	0	1	0	0	0	1	0	0	1	0	1	1	0	0	0	1	0	0	1	0	0	0	1	1	S
NMDC20551470	0	0	0	0	0	1	0	1	0	0	0	1	0	0	1	0	1	1	0	0	0	1	0	0	1	0	0	0	1	1	S
NMDC20585121	0	0	0	0	0	1	0	1	0	0	0	1	0	0	1	0	1	1	0	0	0	1	0	0	1	0	0	0	1	1	S
NMDC20555503	0	0	0	0	0	1	0	1	0	0	0	1	0	0	1	0	1	1	0	0	0	1	0	0	1	0	0	0	1	1	S
NMDC20585122	0	0	0	0	0	1	0	1	0	0	0	1	0	0	1	0	1	1	0	0	0	1	0	0	1	0	0	0	1	1	S
NMDC20585123	0	0	0	0	0	1	0	1	0	0	0	1	0	0	1	0	1	1	0	0	0	1	0	0	1	0	0	0	1	1	S
NMDC20557537	0	0	0	0	0	1	0	1	0	0	0	1	0	0	1	0	1	1	0	0	0	1	0	0	1	0	0	0	1	1	S
NMDC20585124	0	0	1	0	1	0	0	0	0	0	0	1	0	0	0	1	0	0	1	0	0	0	0	0	0	0	0	0	0	0	S
NMDC20555504	0	0	0	0	0	1	0	1	0	0	0	1	0	0	1	0	1	1	1	0	0	1	0	0	1	0	0	0	1	1	S
NMDC20585125	0	0	0	0	0	1	0	1	0	0	0	1	0	0	1	0	1	1	1	0	0	1	0	0	1	0	0	0	1	1	S
NMDC20553518	0	0	1	0	1	0	0	0	0	0	0	1	0	0	0	1	0	0	1	0	0	0	0	0	0	0	0	0	0	0	S
NMDC20585126	0	0	1	0	1	1	0	1	0	0	0	1	1	0	1	1	0	0	1	0	1	1	0	0	0	0	0	0	1	1	S
NMDC20555505	0	0	0	0	0	1	0	1	0	0	0	1	0	0	0	0	0	0	1	0	1	1	0	0	0	0	0	0	0	0	S
NMDC20551471	0	0	0	0	0	1	0	1	0	0	0	1	0	0	1	0	1	1	0	0	0	1	0	0	1	0	0	0	1	1	S
NMDC20553519	0	0	0	0	0	1	0	1	0	0	0	1	0	0	1	0	1	1	0	0	0	1	0	0	1	0	0	0	1	1	S
NMDC20585127	0	0	0	0	0	1	0	1	0	0	0	1	0	0	1	0	1	1	0	0	0	1	0	0	1	0	0	0	1	1	S
NMDC20555506	0	0	0	0	0	1	0	1	0	0	0	1	0	0	1	0	1	1	0	0	0	1	0	0	1	0	0	0	1	1	S
NMDC20585128	0	0	1	0	1	0	0	0	0	0	0	1	0	0	0	1	0	0	1	0	0	0	0	0	0	0	0	0	0	0	S
NMDC20551472	0	0	0	0	0	1	0	1	0	0	0	1	0	0	1	0	1	1	0	0	0	1	0	0	1	0	0	0	1	1	S
NMDC20553520	0	0	0	0	0	1	0	1	0	0	0	1	0	0	1	0	1	1	1	0	0	1	0	0	1	0	0	0	1	1	S
NMDC20555507	0	0	0	0	0	1	0	1	0	0	0	1	0	0	1	0	1	1	0	0	0	1	0	0	1	0	0	0	1	1	S
NMDC20585129	0	0	0	0	0	1	0	1	0	0	0	1	0	0	1	0	1	1	0	0	0	1	0	0	1	0	0	0	1	1	S
NMDC20555508	0	0	0	0	0	0	0	0	0	0	0	1	0	0	0	0	0	0	1	0	0	0	0	0	0	0	0	0	0	0	S
NMDC20555510	0	0	0	0	0	1	0	1	0	0	0	1	0	0	1	0	1	1	0	0	0	1	1	0	1	0	0	0	1	1	S
NMDC20585130	0	0	0	0	0	1	0	1	0	0	0	1	0	0	1	0	1	1	0	0	0	1	0	0	1	0	0	0	1	1	S
NMDC20553522	0	0	0	0	0	1	0	1	0	0	0	1	0	0	1	0	1	1	0	0	0	1	0	0	1	0	0	0	1	1	S
NMDC20555509	0	0	1	0	1	0	0	0	0	0	1	0	0	0	0	1	0	0	1	1	0	0	0	1	0	0	0	0	1	1	S
NMDC20585131	0	0	0	0	0	1	0	1	0	0	0	1	0	0	1	0	1	1	0	0	0	1	0	0	1	0	0	0	1	1	S
NMDC20551474	0	0	0	0	0	1	0	0	0	0	1	0	0	0	0	0	0	0	0	0	0	0	0	0	0	0	1	0	1	1	S
NMDC20585132	0	0	0	0	0	1	0	1	0	0	0	1	0	0	1	0	1	1	1	0	0	1	0	0	1	0	0	0	1	1	S
NMDC20557541	0	0	0	0	0	1	0	1	0	0	0	1	0	0	1	0	1	1	0	0	0	1	0	0	1	0	0	0	1	1	S
NMDC20557542	0	0	0	0	0	1	0	1	0	0	0	1	0	0	1	0	1	1	0	0	0	1	0	0	1	0	0	0	1	1	S
NMDC20585133	0	0	0	0	0	1	0	1	0	0	0	1	0	0	1	0	1	1	0	0	0	1	0	0	1	0	0	0	1	1	S
NMDC20557543	0	0	0	0	0	1	0	0	0	0	1	0	0	0	0	0	0	0	0	0	0	0	0	0	0	0	0	0	1	1	S
NMDC20585134	0	0	0	0	0	1	0	1	0	0	0	1	0	0	1	0	1	1	0	0	0	1	0	0	1	0	0	0	1	1	S
NMDC20553524	0	0	0	0	0	1	0	1	0	0	0	1	0	0	1	0	1	1	0	0	0	1	0	0	1	0	0	0	1	1	S
NMDC20555512	0	0	0	0	0	1	0	1	0	0	0	1	0	0	1	0	1	1	0	0	0	1	0	0	1	0	0	0	1	1	S
NMDC20551475	0	0	1	0	1	0	0	0	0	0	0	1	0	0	0	1	0	0	1	0	0	0	0	0	0	0	0	0	0	0	S
NMDC20553525	0	0	0	0	0	1	0	1	0	0	0	1	0	0	0	0	0	0	1	0	1	1	0	0	0	0	0	0	0	0	S
NMDC20555513	0	0	0	0	0	1	0	1	0	0	0	1	0	0	1	0	1	1	0	0	0	1	0	0	1	0	0	0	1	1	S
NMDC20553526	0	0	0	0	0	1	0	1	0	0	0	1	0	0	1	0	1	1	0	0	0	1	0	0	1	0	0	0	1	1	S
NMDC20557546	0	0	0	0	0	1	0	1	0	0	0	1	0	0	1	0	1	1	0	0	0	1	0	0	1	0	0	0	1	1	S
NMDC20585135	0	0	0	0	0	0	0	0	0	0	0	0	0	0	0	0	1	1	0	1	0	0	0	1	0	0	0	0	0	0	S
NMDC20557547	0	0	0	0	0	1	0	0	0	0	1	0	0	0	0	0	0	0	0	0	0	0	0	0	0	0	1	0	1	1	S
NMDC20555514	0	0	0	0	0	1	0	1	0	0	0	1	0	0	1	0	1	1	1	0	0	1	0	0	1	0	0	0	1	1	S
NMDC20555516	0	0	0	0	0	1	0	1	0	0	0	1	0	0	1	0	1	1	0	0	0	1	1	0	1	0	0	0	1	1	S
NMDC20585137	0	0	0	0	0	1	0	1	0	0	0	1	0	0	0	0	0	1	0	0	0	0	0	1	0	0	0	0	1	1	S
NMDC20585138	0	0	0	0	0	1	0	1	0	0	0	1	0	0	1	0	1	1	0	0	0	1	0	0	1	0	0	0	1	1	S
NMDC20585139	0	0	0	0	0	1	0	1	0	0	0	1	0	0	0	0	0	0	0	0	1	1	0	0	0	0	0	0	0	0	S
NMDC20557548	0	0	0	0	0	1	0	1	0	0	0	1	0	0	1	0	1	1	0	0	0	1	0	0	1	0	0	0	1	1	S
NMDC20555515	0	0	0	0	0	1	0	1	0	0	0	1	0	0	1	0	1	1	0	0	0	1	0	0	1	0	0	0	1	1	S
NMDC20585140	0	0	0	0	0	1	0	0	0	0	0	0	0	0	0	0	0	0	0	0	1	1	0	0	0	0	0	0	0	0	S
NMDC20585141	0	0	0	0	0	1	0	1	0	0	0	1	0	0	1	0	1	0	0	0	0	1	0	0	1	0	0	0	0	1	S
NMDC20555520	0	0	0	0	0	0	0	1	0	0	0	1	0	0	0	0	0	0	0	0	0	0	0	0	0	0	1	0	0	1	S
NMDC20551477	0	0	0	0	0	1	0	0	0	0	1	0	0	0	0	0	0	0	1	0	0	0	0	0	0	0	0	0	1	1	S
NMDC20585142	0	0	0	0	0	1	0	1	0	0	0	1	0	0	1	0	1	1	0	0	0	1	0	0	1	0	0	0	1	1	S
NMDC20585143	0	0	0	0	0	1	0	1	0	0	0	1	0	0	1	0	1	1	0	0	0	1	0	0	1	0	0	0	1	1	S
NMDC20585144	0	0	0	0	0	1	0	0	0	0	1	0	0	0	0	0	0	0	0	0	0	0	0	0	0	0	0	0	1	1	S
NMDC20555518	0	0	0	0	0	0	0	0	0	0	0	1	0	0	0	0	1	0	0	0	1	1	0	0	1	0	0	0	1	0	S
NMDC20553527	0	0	0	0	0	1	0	1	0	0	0	1	0	0	1	0	1	1	0	0	0	1	0	0	1	0	0	0	1	1	S
NMDC20555519	0	0	0	0	0	1	0	1	0	0	0	1	0	0	1	0	1	1	0	0	0	1	0	0	1	0	0	0	1	1	S
NMDC20585145	0	0	1	0	1	0	0	0	0	0	1	0	0	0	0	1	0	0	1	1	0	0	0	1	0	0	0	0	1	1	S
NMDC20585146	0	0	0	0	0	1	0	0	0	0	1	0	0	0	0	0	0	0	0	0	0	0	0	0	0	0	0	0	1	1	S
NMDC20585147	0	0	0	0	0	1	0	0	0	0	0	0	0	0	1	0	0	1	1	0	1	1	0	0	0	0	0	0	0	1	S
NMDC20585148	0	0	0	0	0	1	0	1	0	0	0	1	0	0	0	0	0	0	0	0	1	1	0	0	0	0	0	0	0	0	S
NMDC20553528	0	0	0	0	0	0	0	0	0	0	0	1	0	0	0	0	0	0	0	0	0	0	0	0	0	0	0	0	0	0	S
NMDC20585150	0	0	0	0	0	1	0	1	0	0	0	1	0	0	1	0	1	1	0	0	0	1	0	0	1	0	0	0	1	1	S
NMDC20551480	0	0	0	0	0	1	0	1	0	0	0	1	0	0	1	0	1	1	1	0	0	1	0	0	1	0	0	0	1	1	S
NMDC20557550	0	0	1	0	1	0	0	0	0	0	0	1	0	0	0	1	0	0	1	0	0	0	0	0	0	0	0	0	0	0	S
NMDC20557551	0	0	0	0	0	1	0	1	0	0	0	1	0	0	1	0	1	1	0	0	0	1	0	0	1	0	0	0	1	1	S
NMDC20557552	0	0	0	0	0	1	0	1	0	0	0	1	0	0	1	0	1	1	0	0	0	1	0	0	1	0	0	0	1	1	S
NMDC20553530	0	0	0	0	0	1	0	0	0	0	1	0	0	0	0	0	0	0	0	0	0	0	0	0	0	0	0	0	1	1	S
NMDC20551481	0	0	0	0	0	1	0	0	0	0	1	0	0	0	0	0	0	0	0	0	0	0	0	0	0	0	0	0	1	1	S
NMDC20585153	0	0	0	0	0	0	0	0	0	0	0	0	0	0	0	0	1	1	0	1	0	0	0	1	0	0	0	0	0	0	S
NMDC20553529	0	0	0	0	0	1	0	1	0	0	0	1	0	0	1	0	1	1	0	0	0	1	0	0	1	0	0	0	1	1	S
NMDC20585154	0	0	0	0	0	1	0	0	0	0	0	0	0	0	0	0	0	1	0	0	0	0	0	0	0	0	1	0	1	1	S
NMDC20557554	0	0	0	0	0	1	0	0	0	0	1	0	0	0	0	0	0	0	0	0	0	0	0	0	0	0	0	0	1	1	S
NMDC20551485	0	0	0	0	0	1	0	1	0	0	0	1	0	0	1	0	1	1	0	0	0	1	0	0	1	0	0	0	1	1	S
NMDC20551482	0	0	1	0	1	0	0	0	0	0	0	1	0	0	0	1	0	0	1	0	0	0	0	0	0	0	0	0	0	0	S
NMDC20553531	0	0	1	0	1	0	0	0	0	0	0	1	0	0	0	1	0	0	1	0	0	0	0	0	0	0	0	0	0	0	S
NMDC20557555	0	0	0	0	0	1	0	1	0	0	0	1	0	0	1	0	1	1	0	0	0	1	0	0	1	0	0	0	1	1	S
NMDC20553533	0	0	0	0	0	0	0	0	0	0	0	1	0	0	0	0	1	0	0	0	1	1	0	0	1	0	0	0	1	0	S
NMDC20585156	0	0	0	0	0	0	0	0	0	0	0	1	0	0	0	0	1	0	0	0	1	1	0	0	1	0	0	0	1	0	S
NMDC20555521	0	0	0	0	0	1	0	1	0	0	0	1	0	0	1	0	1	1	0	0	0	1	0	0	1	0	0	0	1	1	S
NMDC20557565	0	0	1	0	1	0	0	0	0	0	1	0	0	0	0	1	0	0	1	1	0	0	0	1	0	0	0	0	1	1	S
NMDC20551488	0	0	0	0	0	0	0	1	0	0	0	1	0	0	0	0	0	0	0	0	0	1	0	0	0	0	0	0	0	1	S
NMDC20585157	0	0	0	0	0	1	0	1	0	0	0	1	0	0	1	0	1	1	0	0	0	1	0	0	1	0	0	0	1	1	S
NMDC20585158	0	0	0	0	0	1	0	1	0	0	0	1	0	0	1	0	1	1	0	0	0	1	0	0	1	0	0	0	1	1	S
NMDC20551486	0	0	0	0	0	1	0	1	0	0	0	1	0	0	1	0	1	1	1	0	0	1	0	0	1	0	0	0	1	1	S
NMDC20585159	0	0	0	0	0	1	0	0	0	0	1	0	0	0	0	0	0	0	0	0	0	0	0	0	0	0	0	0	1	1	S
NMDC20551487	0	0	0	0	0	1	0	1	0	0	0	1	0	0	1	0	1	1	0	0	0	1	0	0	1	0	0	0	1	1	S
NMDC20585160	0	0	0	0	0	1	0	1	0	0	0	1	0	0	1	0	1	1	1	0	0	1	0	0	1	0	0	0	1	1	S
NMDC20555522	0	0	0	0	0	1	0	1	0	0	0	1	0	0	1	0	1	1	0	0	0	1	0	0	1	0	0	0	1	1	S
NMDC20555524	0	0	0	0	0	1	0	0	0	0	1	0	0	0	0	0	0	0	0	0	0	0	0	0	0	0	0	0	1	1	S
NMDC20557557	0	0	0	0	0	1	0	1	0	0	0	1	0	0	0	0	0	0	0	0	0	0	0	1	0	0	0	0	1	1	S
NMDC20585161	0	0	0	0	0	1	0	1	0	0	0	1	0	0	1	0	1	1	0	0	0	1	0	0	1	0	0	0	1	1	S
NMDC20585162	0	0	0	0	0	1	0	1	0	0	0	1	0	0	1	0	1	1	0	0	0	1	0	0	1	0	0	0	1	1	S
NMDC20585163	0	0	0	0	0	1	0	1	0	0	0	1	0	0	1	0	1	1	0	0	0	1	0	0	1	0	0	0	1	1	S
NMDC20551489	0	0	0	0	0	0	0	0	0	0	0	1	0	0	0	0	1	1	0	0	0	0	0	0	1	0	0	0	0	1	S
NMDC20555525	0	0	0	0	0	0	0	0	0	0	0	0	0	0	0	0	1	1	0	1	0	0	0	1	0	0	0	0	0	0	S
NMDC20585165	0	0	0	0	0	1	0	1	0	0	0	1	0	0	1	0	1	1	0	0	0	1	0	0	1	0	0	0	1	1	S
NMDC20551490	0	0	0	0	0	1	0	1	0	0	0	1	0	0	1	0	1	1	0	0	0	1	0	0	1	0	0	0	1	1	S
NMDC20551493	0	0	0	0	0	1	0	1	0	0	0	1	0	0	1	0	1	1	0	0	0	1	0	0	1	0	0	0	1	1	S
NMDC20585166	0	0	0	0	0	1	0	1	0	0	0	1	0	0	1	0	1	1	0	0	0	1	0	0	1	0	0	0	1	1	S
NMDC20585167	0	0	0	0	0	0	0	0	0	0	0	1	0	0	0	0	0	0	0	0	0	0	0	0	0	0	0	0	0	0	S
NMDC20585168	0	0	0	0	0	0	0	0	0	0	1	0	0	0	0	0	0	0	0	1	0	0	0	1	0	0	0	0	1	1	S
NMDC20585169	0	0	0	0	0	1	0	0	0	0	1	0	0	0	0	0	0	0	0	0	0	0	0	0	0	0	0	0	1	1	S
NMDC20585170	0	0	0	0	0	1	0	1	0	0	0	1	0	0	1	0	1	1	0	0	0	1	0	0	1	0	0	0	1	1	S
NMDC20555527	0	0	0	0	0	1	0	1	0	0	0	1	0	0	1	0	1	1	0	0	0	1	0	0	1	0	0	0	1	1	S
NMDC20555528	0	0	0	0	0	1	0	1	0	0	0	1	0	0	1	0	1	1	0	0	0	1	0	0	1	0	0	0	1	1	S
NMDC20555529	0	0	0	0	0	1	0	1	0	0	0	1	0	0	1	0	1	1	0	0	0	1	0	0	1	0	0	0	1	1	S
NMDC20551494	0	0	0	0	0	1	0	1	0	0	0	1	0	0	1	0	1	1	0	0	0	1	0	0	1	0	0	0	1	1	S
NMDC20585171	0	0	0	0	0	1	0	1	0	0	0	1	0	0	1	0	1	1	0	0	0	1	0	0	1	0	0	0	1	1	S
NMDC20557560	0	0	0	0	0	1	0	1	0	0	0	1	0	0	1	0	1	1	0	0	0	1	0	0	1	0	0	0	1	1	S
NMDC20553537	0	0	0	0	0	1	0	1	0	0	0	1	0	0	1	0	1	1	0	0	0	1	0	0	1	0	0	0	1	1	S
NMDC20553538	0	0	0	0	0	1	0	1	0	0	0	1	0	0	1	0	1	1	0	0	0	1	0	0	1	0	0	0	1	1	S
NMDC20585173	0	0	0	0	0	1	0	1	0	0	0	1	0	0	1	0	1	1	0	0	0	1	0	0	1	0	0	0	1	1	S
NMDC20551495	0	0	0	0	0	1	0	0	0	0	0	0	0	0	0	0	0	0	0	0	0	0	0	0	1	0	1	0	1	0	S
NMDC20553539	0	0	0	0	0	1	0	1	0	0	0	1	0	0	0	0	0	0	0	0	1	1	0	0	0	0	0	0	0	0	S
NMDC20585176	0	0	0	0	0	0	0	0	0	0	0	1	0	0	0	0	1	0	0	0	1	1	0	0	1	0	0	0	1	0	S
NMDC20553540	0	0	0	0	0	1	0	1	0	0	0	1	0	0	0	0	0	0	0	0	0	0	0	1	0	0	0	0	1	1	S
NMDC20585178	0	0	0	0	0	1	0	1	0	0	0	1	0	0	1	0	1	1	0	0	0	1	0	0	1	0	0	0	1	1	S
NMDC20585179	0	0	0	0	0	1	0	1	0	0	0	1	0	0	0	0	0	0	0	0	0	0	0	1	0	0	0	0	1	1	S
NMDC20555533	0	0	0	0	0	1	0	0	0	0	1	0	0	0	0	0	0	0	0	0	0	0	0	0	0	0	0	0	1	1	S
NMDC20555531	0	0	0	0	0	1	0	1	0	0	0	1	0	0	1	0	1	1	0	0	0	1	0	0	1	0	0	0	1	1	S
NMDC20585180	0	0	0	0	0	1	0	1	0	0	0	1	0	0	1	0	1	1	1	0	0	1	0	0	1	0	0	0	1	1	S
NMDC20557562	0	0	0	0	0	1	0	1	0	0	0	1	0	0	0	0	0	0	0	0	0	0	0	1	0	0	0	0	1	1	S
NMDC20585182	0	0	0	0	0	1	0	1	0	0	0	1	0	0	1	0	1	1	0	0	0	1	0	0	1	0	0	0	1	1	S
NMDC20551496	0	0	0	0	0	1	0	0	0	0	1	1	1	0	1	0	0	1	0	0	0	0	0	0	0	0	1	0	1	1	S
NMDC20585183	0	0	0	0	0	1	0	1	0	0	0	1	0	0	1	0	1	1	1	0	0	1	0	0	1	0	0	0	1	1	S
NMDC20555535	0	0	0	0	0	1	0	1	0	0	0	1	0	0	1	0	1	1	0	0	0	1	0	0	1	0	0	0	1	1	S
NMDC20585185	0	0	0	0	0	1	0	1	0	0	0	1	0	0	1	0	1	1	0	0	0	1	0	0	1	0	0	0	1	1	S
NMDC20551497	0	0	0	0	0	1	0	0	0	0	0	0	0	0	0	0	0	0	0	0	1	1	0	0	0	0	0	0	0	0	S
NMDC20555534	0	0	0	0	0	1	0	0	0	0	0	0	0	0	0	0	0	0	0	0	1	1	0	0	0	0	0	0	0	0	S
NMDC20585186	0	0	0	0	0	0	0	0	0	0	0	1	0	0	0	0	1	0	0	0	1	1	0	0	1	0	0	0	1	0	S
NMDC20585187	0	0	0	0	0	0	0	0	0	0	0	1	0	0	0	0	1	0	0	0	1	1	0	0	1	0	0	0	1	0	S
NMDC20553541	0	0	0	0	0	0	0	0	0	0	0	0	0	0	0	0	0	0	0	0	1	1	0	0	0	0	1	0	1	1	S
NMDC20585191	0	0	0	0	0	1	0	1	0	0	0	1	0	0	1	0	1	1	0	0	0	1	0	0	1	0	0	0	1	1	S
NMDC20585192	0	0	0	0	0	1	0	0	0	0	1	0	0	0	0	0	0	0	0	0	0	0	0	0	0	0	0	0	1	1	S
NMDC20551499	0	0	0	0	0	1	0	1	0	0	0	1	0	0	1	0	1	1	1	0	0	1	0	0	1	0	0	0	1	1	S
NMDC20551500	0	0	0	0	0	1	0	1	0	0	0	1	0	0	1	0	1	1	0	0	0	1	0	0	1	0	0	0	1	1	S
NMDC20585193	0	0	0	0	0	1	0	1	0	0	0	1	0	0	1	0	1	1	0	0	0	1	0	0	1	0	0	0	1	1	S
NMDC20585194	0	0	0	0	0	1	0	1	0	0	0	1	0	0	1	0	1	1	0	0	0	1	0	0	1	0	0	0	1	1	S
NMDC20585195	0	0	0	0	0	1	0	1	0	0	0	1	0	0	1	0	1	1	0	0	0	1	0	0	1	0	0	0	1	1	S
NMDC20557563	0	0	0	0	0	1	0	1	0	0	0	1	0	0	1	0	1	1	0	0	0	1	0	0	1	0	0	0	1	1	S
NMDC20555538	0	0	0	0	0	0	0	0	0	0	1	0	0	0	0	0	1	0	0	0	1	1	0	0	0	0	0	0	0	1	S
NMDC20553542	0	0	0	0	0	1	0	1	0	0	0	1	0	0	1	0	1	1	0	0	0	1	0	0	1	0	0	0	1	1	S
NMDC20585197	0	0	0	0	0	1	0	1	0	0	0	1	0	0	1	0	1	1	0	0	0	1	0	0	1	0	0	0	1	1	S
NMDC20551501	0	0	0	0	0	1	0	1	0	0	0	1	0	0	1	0	1	1	0	0	0	1	0	0	1	0	0	0	1	1	S
NMDC20585198	0	0	0	0	0	1	0	1	0	0	0	1	0	0	1	0	1	1	0	0	0	1	0	0	1	0	0	0	1	1	S
NMDC20555537	0	0	0	0	0	1	0	1	0	0	0	1	0	0	1	0	1	1	0	0	0	1	0	0	1	0	0	0	1	1	S
NMDC20585201	0	0	0	0	0	1	0	1	0	0	0	1	0	0	1	0	1	1	0	0	0	1	0	0	1	0	0	0	1	1	S
NMDC20585202	0	0	0	0	0	1	0	0	0	0	0	1	0	0	0	0	0	0	0	0	1	1	0	0	0	0	1	0	1	0	S
NMDC20585204	0	0	0	0	0	0	0	0	0	0	0	1	0	0	0	0	0	0	0	0	0	0	0	0	0	0	0	0	0	0	S
NMDC20585205	0	0	0	0	0	1	0	1	0	0	0	1	0	0	0	0	0	0	1	0	1	1	0	0	0	0	0	0	0	0	S
NMDC20585206	0	0	0	0	0	1	0	1	0	0	0	1	0	0	1	0	1	1	0	0	0	1	0	0	1	0	0	0	1	1	S
NMDC20553544	0	0	0	0	0	1	0	1	0	0	0	1	0	0	1	0	1	1	0	0	0	1	0	0	1	0	0	0	1	1	S
NMDC20555539	0	0	0	0	0	0	0	0	0	0	0	1	0	0	0	0	1	0	0	0	1	1	0	0	1	0	0	0	1	0	S
NMDC20585207	0	0	1	0	1	0	0	0	0	0	0	1	0	0	0	1	0	0	1	0	0	0	0	0	0	0	0	0	0	0	S
NMDC20551503	0	0	0	0	0	1	0	1	0	0	0	1	0	0	1	0	1	1	0	0	0	1	0	0	1	0	0	0	1	1	S
NMDC20553545	0	0	0	0	0	0	0	1	0	0	0	1	0	0	0	0	0	0	0	0	0	1	0	0	0	0	0	0	0	1	S
NMDC20551504	0	0	0	0	0	1	0	0	0	0	1	0	0	0	0	0	0	0	0	0	0	0	0	0	0	0	0	0	1	1	S
NMDC20553546	0	0	0	0	0	1	0	1	0	0	0	1	0	0	1	0	1	1	1	0	0	1	0	0	1	0	0	0	1	1	S
NMDC20551505	0	0	0	0	0	1	0	1	0	0	0	1	0	0	1	0	1	1	0	0	0	1	0	0	1	0	0	0	1	1	S
NMDC20585212	0	0	0	0	0	1	0	1	0	0	0	1	0	0	1	0	1	1	0	0	0	1	0	0	1	0	0	0	1	1	S
NMDC20557571	0	0	0	0	0	1	0	1	0	0	0	1	0	0	1	0	1	1	0	0	0	1	0	0	1	0	0	0	1	1	S
NMDC20557567	0	0	0	0	0	0	0	0	0	0	0	1	0	0	0	0	0	0	0	0	0	0	0	0	0	0	0	0	0	0	S
NMDC20551507	0	0	0	0	0	1	0	1	0	0	0	1	0	0	1	0	1	1	0	0	0	1	1	0	1	0	0	0	1	1	S
NMDC20585213	0	0	0	0	0	1	0	1	0	0	0	1	0	0	1	0	1	1	0	0	0	1	0	0	1	0	0	0	1	1	S
NMDC20557568	0	0	0	0	0	0	0	0	0	0	0	1	0	0	0	0	0	0	0	0	0	0	0	0	0	0	0	0	0	0	S
NMDC20557569	0	0	0	0	0	1	0	1	0	0	0	1	0	0	1	0	1	1	0	0	0	1	0	0	1	0	0	0	1	1	S
NMDC20557570	0	0	0	0	0	1	0	1	0	0	0	1	0	0	1	0	1	1	1	0	0	1	0	0	1	0	0	0	1	1	S
NMDC20585214	0	0	0	0	0	1	0	1	0	0	0	1	0	0	0	0	0	0	0	0	1	1	0	0	0	0	0	0	0	0	S
NMDC20585215	0	0	0	0	0	1	0	1	0	0	0	1	0	0	0	0	0	0	0	0	1	1	0	0	0	0	0	0	0	0	S
NMDC20553547	0	0	0	0	0	1	0	0	0	0	0	0	0	0	1	0	0	1	1	0	1	1	0	0	0	0	0	0	0	1	S
NMDC20553551	0	0	1	0	1	0	0	0	0	0	0	1	0	0	0	1	0	0	1	0	0	0	0	0	0	0	0	0	0	0	S
NMDC20553548	0	0	0	0	0	0	0	1	0	0	0	1	0	0	0	0	0	0	0	0	0	1	1	0	0	0	0	0	0	1	S
NMDC20553549	0	0	0	0	0	1	0	0	0	0	1	0	0	0	0	0	0	0	0	0	0	0	0	0	0	0	0	0	1	1	S
NMDC20555542	0	0	1	0	1	0	0	0	0	0	0	1	0	0	0	1	0	0	1	0	0	0	0	0	0	0	0	0	0	0	S
NMDC20555543	0	0	0	0	0	1	0	1	0	0	0	1	0	0	1	0	1	1	0	0	0	1	0	0	1	0	0	0	1	1	S
NMDC20557572	0	0	0	0	0	0	0	0	0	0	0	0	0	0	0	0	1	1	0	1	0	0	0	1	0	0	0	0	0	0	S
NMDC20553550	0	0	0	0	0	1	0	1	0	0	0	1	0	0	1	0	1	1	1	0	0	1	0	0	1	0	0	0	1	1	S
NMDC20585218	0	0	0	0	0	1	0	0	0	0	1	0	0	0	0	0	0	0	0	0	0	0	0	0	0	0	0	0	1	1	S
NMDC20551510	0	0	0	0	0	1	0	1	0	0	0	1	0	0	1	0	1	1	0	0	0	1	0	0	1	0	0	0	1	1	S
NMDC20551511	0	0	0	0	0	1	0	1	0	0	0	1	0	0	1	0	1	1	0	0	0	1	0	0	1	0	0	0	1	1	S
NMDC20585219	0	0	0	0	0	0	0	0	0	0	0	0	0	0	0	0	1	1	0	1	0	0	0	1	0	0	0	0	0	0	S
NMDC20555544	0	0	0	0	0	0	0	0	0	0	0	0	0	0	0	0	1	1	0	1	0	0	0	1	0	0	0	0	0	0	S
NMDC20555545	0	0	0	0	0	1	0	1	0	0	0	1	0	0	1	0	1	1	1	0	0	1	0	0	1	0	0	0	1	1	S
NMDC20551512	0	0	0	0	0	1	0	1	0	0	0	1	0	0	1	0	1	1	1	0	0	1	0	0	1	0	0	0	1	1	S
NMDC20585220	0	0	0	0	0	1	0	1	0	0	0	1	0	0	1	0	1	1	0	0	0	1	0	0	1	0	0	0	1	1	S
NMDC20551514	0	0	0	0	0	1	0	1	0	0	0	1	0	0	1	0	1	1	1	0	0	1	0	0	1	0	0	0	1	1	S
NMDC20553553	0	0	0	0	0	1	0	1	0	0	0	1	0	0	1	0	1	1	0	0	0	1	0	0	1	0	0	0	1	1	S
NMDC20551513	0	0	0	0	0	1	0	1	0	0	0	1	0	0	0	0	0	0	1	0	1	1	0	0	0	0	0	0	0	0	S
NMDC20557574	0	0	0	0	0	1	0	1	0	0	0	1	0	0	1	0	1	1	0	0	0	1	0	0	1	0	0	0	1	1	S
NMDC20585221	0	0	0	0	0	1	0	1	0	0	0	1	0	0	1	0	1	1	0	0	0	1	0	0	1	0	0	0	1	1	S
NMDC20585223	0	0	0	0	0	1	0	1	0	0	0	1	0	0	1	0	1	1	0	0	0	1	0	0	1	0	0	0	1	1	S
NMDC20557575	0	0	0	0	0	1	0	1	0	0	0	1	0	0	1	0	1	1	1	0	0	1	0	0	1	0	0	0	1	1	S
NMDC20585225	0	0	0	0	0	1	0	1	0	0	0	1	0	0	1	0	1	1	0	0	0	1	0	0	1	0	0	0	1	1	S
NMDC20557576	0	0	0	0	0	1	0	1	0	0	0	1	0	0	1	0	1	1	1	0	0	1	0	0	1	0	0	0	1	1	S
NMDC20555548	0	0	0	0	0	1	0	1	0	0	0	1	0	0	0	0	0	0	0	0	1	1	0	0	0	0	0	0	0	0	S
NMDC20553555	0	0	0	0	0	1	0	1	0	0	0	1	0	0	1	0	1	1	0	0	0	1	0	0	1	0	0	0	1	1	S
NMDC20555549	0	0	0	0	0	0	0	0	0	0	0	0	0	0	0	0	1	1	0	1	0	0	0	1	0	0	0	0	0	0	S
NMDC20585227	0	0	0	0	0	0	0	1	0	0	0	1	0	0	0	0	0	0	0	0	0	1	0	0	0	0	0	0	0	1	S
NMDC20557577	0	0	0	0	0	1	0	1	0	0	0	1	0	0	0	0	0	0	0	0	1	1	0	0	0	0	0	0	0	0	S
NMDC20555550	0	0	0	0	0	0	0	1	0	0	0	1	0	0	0	0	0	0	0	0	0	1	0	0	0	0	0	0	0	1	S
NMDC20557578	0	0	0	0	0	1	0	1	0	0	0	1	0	0	1	0	1	1	0	0	0	1	0	0	1	0	0	0	1	1	S
NMDC20555552	0	0	0	0	0	1	0	1	0	0	0	1	0	0	1	0	1	1	0	0	0	1	0	0	1	0	0	0	1	1	S
NMDC20555553	0	0	0	0	0	1	0	1	0	0	0	1	0	0	1	0	1	1	0	0	0	1	0	0	1	0	0	0	1	1	S
NMDC20557581	0	0	0	0	0	1	0	1	0	0	0	1	0	0	1	0	1	1	0	0	0	1	0	0	1	0	0	0	1	1	S
NMDC20557582	0	0	0	0	0	1	0	1	0	0	0	1	0	0	1	0	1	1	0	0	0	1	0	0	1	0	0	0	1	1	S
NMDC20557583	0	0	0	0	0	1	0	1	0	0	0	1	0	0	1	0	1	1	0	0	0	1	0	0	1	0	0	0	1	1	S
NMDC20557584	0	0	0	0	0	0	0	0	0	0	0	0	0	0	0	0	1	0	0	0	0	1	0	0	0	0	0	0	1	0	S
NMDC20551516	0	0	0	0	0	1	0	0	0	0	0	0	0	0	1	0	1	1	0	0	0	0	0	0	1	0	0	0	1	1	S
NMDC20555555	0	0	0	0	0	1	0	1	0	0	0	1	0	0	1	0	1	1	1	0	0	1	0	0	1	0	0	0	1	1	S
NMDC20557585	0	0	0	0	0	1	0	1	0	0	0	1	0	0	1	0	1	1	0	0	0	1	0	0	1	0	0	0	1	1	S
NMDC20555556	1	0	0	0	0	1	0	1	0	0	0	1	0	0	1	0	1	1	0	0	0	1	0	0	1	0	0	0	1	1	S
NMDC20555557	0	0	0	0	0	1	0	1	0	0	0	1	0	0	1	0	1	1	1	0	0	1	0	0	1	0	0	0	1	1	S
NMDC20585230	0	0	0	0	0	1	0	1	0	0	0	1	0	0	1	0	1	1	0	0	0	1	0	0	1	0	0	0	1	1	S
NMDC20557587	0	0	0	0	0	1	0	1	0	0	0	1	0	0	1	0	1	1	0	0	0	1	0	0	1	0	0	0	1	1	S
NMDC20551517	0	0	0	0	0	1	0	1	0	0	0	1	0	0	1	0	1	1	1	0	0	1	0	0	1	0	0	0	1	1	S
NMDC20553560	0	0	0	0	0	1	0	1	0	0	0	1	0	0	1	0	1	1	1	0	0	1	0	0	1	0	0	0	1	1	S
NMDC20557589	0	0	0	0	0	1	0	1	0	0	0	1	0	0	1	0	1	1	1	0	0	1	0	0	1	0	0	0	1	1	S
NMDC20585232	0	0	0	0	0	1	0	1	0	0	0	1	0	0	1	0	1	1	0	0	0	1	0	0	1	0	0	0	1	1	S
NMDC20585233	0	0	0	0	0	0	0	1	0	0	0	1	0	0	0	0	0	0	0	0	0	0	0	0	0	0	1	0	0	1	S
NMDC20557592	0	0	1	0	1	1	0	0	0	0	1	1	0	0	0	1	1	0	1	0	0	1	0	0	1	0	0	0	0	0	S
NMDC20555559	0	0	0	0	0	1	0	1	0	0	0	1	0	0	0	0	0	0	0	0	0	0	0	1	0	0	0	0	1	1	S
NMDC20555560	0	0	0	0	0	1	0	1	0	0	0	1	0	0	0	0	0	0	0	0	0	0	0	1	0	0	0	0	1	1	S
NMDC20553562	0	0	0	0	0	1	0	1	0	0	0	1	0	0	0	0	0	1	0	0	0	0	0	1	0	0	0	0	1	1	S
NMDC20557593	0	0	0	0	0	1	0	1	0	0	0	1	0	0	0	0	0	0	0	0	0	0	0	1	0	0	0	0	1	1	S
NMDC20551518	0	0	0	0	0	1	0	1	0	0	0	1	0	0	1	0	1	1	0	0	0	1	0	0	1	0	0	0	0	1	S
NMDC20557594	0	0	0	0	0	1	0	1	0	0	0	1	0	0	0	0	0	0	0	0	0	0	0	1	0	0	0	0	1	1	S
NMDC20585235	0	1	1	0	1	1	0	1	0	0	0	1	0	1	0	1	0	0	1	0	0	0	0	1	0	0	0	0	1	1	S
NMDC20553563	0	0	0	0	0	1	0	1	0	0	0	1	0	0	0	0	0	0	0	0	0	0	0	1	0	0	0	0	1	1	S
NMDC20555561	0	0	0	0	0	1	0	1	0	0	0	1	0	0	0	0	0	0	1	0	0	0	0	1	0	0	0	0	1	1	S
NMDC20557595	0	0	0	0	0	1	0	1	0	0	0	1	0	0	0	0	0	0	0	0	0	0	0	1	0	0	0	0	1	1	S
NMDC20585236	0	0	0	0	0	1	0	1	0	0	0	1	0	0	0	0	0	0	0	0	0	0	0	1	0	0	0	0	1	1	S
NMDC20585237	0	0	0	0	0	1	0	1	0	0	0	1	0	0	1	0	1	1	0	0	0	1	0	0	1	0	0	0	1	1	S
NMDC20555563	0	0	0	0	0	1	0	1	0	0	0	1	0	0	1	0	1	1	0	0	0	1	0	0	1	0	0	0	1	1	S
NMDC20585238	0	0	0	0	0	1	0	1	0	0	0	1	0	0	1	0	1	1	0	0	0	1	0	0	1	0	0	0	1	1	S
NMDC20585239	0	0	0	0	0	0	0	1	0	0	0	1	0	0	0	0	0	0	0	0	0	0	0	0	0	0	1	0	0	1	S
NMDC20557596	0	0	0	0	0	1	0	1	0	0	0	1	0	0	1	0	1	1	0	0	0	1	0	0	1	0	0	0	1	1	S
NMDC20585240	0	0	0	0	0	1	0	1	0	0	0	1	0	0	1	0	1	1	1	0	0	1	0	0	1	0	0	0	1	1	S
NMDC20585241	0	0	0	0	0	1	0	1	0	0	0	1	0	0	1	0	1	1	0	0	0	1	0	0	1	0	0	0	1	1	S
NMDC20585242	0	0	0	0	0	1	0	1	0	0	0	1	0	0	1	0	1	1	0	0	0	1	0	0	1	0	0	0	1	1	S
NMDC20585243	0	0	0	0	0	1	0	1	0	0	0	1	0	0	1	0	1	1	0	0	0	1	0	0	1	0	0	0	1	1	S
NMDC20551519	0	0	0	0	0	1	0	1	0	0	0	1	0	0	1	0	1	1	0	0	0	1	0	0	1	0	0	0	1	1	S
NMDC20555564	0	0	0	0	0	1	0	1	0	0	0	1	0	0	1	0	1	1	1	0	0	1	0	0	1	0	0	0	1	1	S
NMDC20557597	0	0	0	0	0	1	0	1	0	0	0	1	0	0	1	0	1	1	1	0	0	1	0	0	1	0	0	0	1	1	S
NMDC20551522	0	0	0	0	0	0	0	0	0	0	0	1	0	0	0	0	1	1	0	0	0	0	0	0	1	0	0	0	0	1	S
NMDC20551520	0	0	0	0	0	1	0	1	0	0	0	1	0	0	1	0	1	1	0	0	0	1	0	0	1	0	0	0	1	1	S
NMDC20557601	0	0	0	0	0	1	0	1	0	0	0	1	0	0	1	0	1	1	0	0	0	1	0	0	1	0	0	0	1	1	S
NMDC20553565	0	0	0	0	0	1	0	1	0	0	0	1	0	0	1	0	1	1	1	0	0	1	0	0	1	0	0	0	1	1	S
NMDC20551523	0	0	0	0	0	1	0	1	0	0	0	1	0	0	1	0	1	1	0	0	0	1	0	0	1	0	0	0	1	1	S
NMDC20557602	0	0	0	0	0	1	0	1	0	0	0	1	0	0	1	0	1	1	0	0	0	1	0	0	1	0	0	0	1	1	S
NMDC20551524	0	0	0	0	0	1	0	1	0	0	0	1	0	0	1	0	1	1	0	0	0	1	0	0	1	0	0	0	1	1	S
NMDC20557603	0	0	0	0	0	1	0	1	0	0	0	1	0	0	1	0	1	1	0	0	0	1	0	0	1	0	0	0	1	1	S
NMDC20551525	0	0	0	0	0	1	0	1	0	0	0	1	0	0	1	0	1	1	0	0	0	1	0	0	1	0	0	0	1	1	S
NMDC20551526	0	0	0	0	0	1	0	1	0	0	0	1	0	0	1	0	1	1	1	0	0	1	0	0	1	0	0	0	1	1	S
NMDC20585248	0	0	0	0	0	1	0	0	0	0	0	0	0	0	1	0	0	1	1	0	1	1	0	0	0	0	0	0	0	1	S
NMDC20551527	0	0	0	0	0	1	0	1	0	0	0	1	0	0	1	0	1	1	0	0	0	1	0	0	1	0	0	0	1	1	S
NMDC20553567	0	0	0	0	0	1	0	1	0	0	0	1	0	0	1	0	1	1	0	0	0	1	0	0	1	0	0	0	1	1	S
NMDC20585249	0	0	0	0	0	1	0	1	0	0	0	1	0	0	1	0	1	1	0	0	0	1	0	0	1	0	0	0	1	1	S
NMDC20585252	0	0	0	0	0	0	0	0	0	0	0	1	0	0	0	0	1	1	0	0	0	0	0	0	1	0	0	0	0	1	S
NMDC20585253	0	0	1	0	1	0	0	0	0	0	0	1	0	0	0	1	0	0	1	0	0	0	0	0	0	0	0	0	0	0	S
NMDC20585254	0	0	0	0	0	0	0	0	0	0	0	1	0	0	0	0	0	0	0	0	0	0	0	0	0	0	0	0	0	0	S
NMDC20585255	0	0	0	0	0	0	0	0	0	0	1	0	0	0	0	0	1	0	0	0	1	1	0	0	0	0	0	0	0	1	S
NMDC20585256	0	0	1	0	1	0	0	0	0	0	0	1	0	0	0	1	0	0	1	0	0	0	0	0	0	0	0	0	0	0	S
NMDC20585258	0	0	0	0	0	1	0	1	0	0	0	1	0	0	0	0	0	0	1	0	1	1	0	0	0	0	0	0	0	0	S
NMDC20551528	0	0	0	0	0	1	0	1	0	0	0	1	0	0	1	0	1	1	0	0	0	1	0	0	1	0	0	0	1	1	S
NMDC20557606	0	0	0	0	0	1	0	1	0	0	0	1	0	0	1	0	0	0	0	0	1	1	0	0	1	0	0	0	0	1	S
NMDC20585259	0	0	0	0	0	0	0	0	0	0	0	1	0	0	0	0	1	1	0	0	0	0	0	0	1	0	0	0	0	1	S
NMDC20585262	0	0	0	0	0	0	0	0	0	0	1	0	0	0	0	0	1	0	0	0	1	1	0	0	0	0	0	0	0	1	S
NMDC20585264	0	0	0	0	0	0	0	0	0	0	0	0	0	0	0	0	0	0	0	0	1	1	0	0	0	0	1	0	1	1	S
NMDC20555567	0	0	0	0	0	1	0	0	0	0	0	1	0	0	1	0	0	1	0	0	0	0	0	0	0	0	1	0	1	1	S
NMDC20585265	0	0	0	0	0	1	0	0	0	0	0	1	0	0	0	0	0	0	0	0	1	1	0	0	0	0	1	0	1	0	S
NMDC20585266	0	0	0	0	0	1	0	0	0	0	0	1	0	0	1	0	0	1	0	0	0	0	0	0	0	0	1	0	1	1	S
NMDC20585269	0	0	0	0	0	1	0	0	0	0	0	1	0	0	1	0	0	1	0	0	0	0	0	0	0	0	1	0	1	1	S
NMDC20553572	0	0	0	0	0	1	0	0	0	0	0	1	0	0	0	0	0	0	0	0	1	1	0	0	0	0	0	0	1	0	S
NMDC20585270	0	0	0	0	0	1	0	0	0	0	0	1	0	0	1	0	0	0	0	1	0	1	0	0	0	0	0	1	0	0	S
NMDC20585271	0	0	0	0	0	1	0	1	0	0	0	1	0	0	1	0	1	1	0	0	0	1	0	0	1	0	0	0	0	1	S
NMDC20585272	0	0	0	0	0	1	0	1	0	0	0	1	0	0	1	0	1	0	0	0	0	1	0	0	1	0	0	0	0	1	S
NMDC20585274	0	0	0	0	0	1	0	0	0	0	1	0	0	0	0	0	0	0	0	0	0	0	0	0	0	0	1	0	1	1	S
NMDC20553573	0	0	0	0	0	1	0	0	0	0	0	0	0	0	0	0	0	0	1	0	0	0	0	0	0	0	1	0	1	1	S
NMDC20551529	0	0	0	0	0	0	0	0	0	0	0	1	0	0	0	0	0	0	0	0	1	1	0	0	0	0	1	0	1	1	S
NMDC20551530	0	0	0	0	0	1	0	1	0	0	0	1	0	0	1	0	0	0	0	0	1	1	0	0	1	0	0	0	0	1	S
NMDC20585275	0	0	0	0	0	1	0	1	0	0	0	1	0	0	1	0	0	1	0	1	1	0	0	0	0	0	1	0	1	0	S
NMDC20585276	0	0	0	0	0	0	0	0	0	0	0	0	0	0	0	0	1	0	0	0	0	1	0	0	0	0	0	0	1	0	S
NMDC20551531	0	1	1	1	1	0	0	0	0	0	0	0	0	1	0	1	1	0	1	0	0	1	0	0	0	0	0	0	1	0	S
NMDC20585278	0	0	0	0	0	1	0	0	0	0	0	0	0	0	0	0	0	0	0	0	0	1	0	0	0	0	1	0	1	1	S
NMDC20585279	0	0	0	0	0	1	0	0	0	0	0	0	0	0	0	0	0	0	0	0	1	1	0	0	0	0	0	0	0	0	S
NMDC20585281	0	0	0	0	0	1	0	0	0	0	1	0	0	0	0	0	0	0	0	0	0	0	0	0	0	0	0	0	1	1	S
NMDC20557609	0	0	0	0	0	1	0	0	0	0	1	0	0	0	0	0	0	0	0	0	0	0	0	0	0	0	0	0	1	1	S
NMDC20585282	0	0	0	0	0	0	0	0	0	0	0	1	0	0	0	0	1	1	0	0	0	0	0	0	1	0	0	0	0	1	S
NMDC20551532	0	0	0	0	0	0	0	0	0	0	0	1	0	0	0	0	1	1	0	0	0	0	0	0	1	0	0	0	0	1	S
NMDC20585283	0	0	0	0	0	0	0	0	0	0	0	1	0	0	0	0	1	1	0	0	0	0	0	0	1	0	0	0	0	1	S
NMDC20553575	0	0	0	0	0	0	0	0	0	0	0	1	0	0	0	0	1	0	0	0	1	1	0	0	1	0	0	0	1	0	S
NMDC20585285	0	0	0	0	0	1	0	1	0	0	0	1	0	0	0	0	0	0	1	0	1	1	0	0	0	0	0	0	0	0	S
NMDC20585286	0	0	0	0	0	0	0	0	0	0	0	1	0	0	0	0	1	0	0	0	1	1	0	0	1	0	0	0	1	0	S
NMDC20585287	0	0	0	0	0	1	0	1	0	0	0	1	0	0	1	0	1	1	1	0	0	1	0	0	1	0	0	0	1	1	S
NMDC20555569	0	0	0	0	0	0	0	0	0	0	0	1	0	0	0	0	1	0	0	0	1	1	0	0	1	0	0	0	1	0	S
NMDC20585288	0	0	0	0	0	0	0	0	0	0	0	1	0	0	0	0	1	0	0	0	1	1	0	0	1	0	0	0	1	0	S
NMDC20585289	0	0	0	0	0	0	0	0	0	0	0	1	0	0	0	0	1	0	0	0	1	1	0	0	1	0	0	0	1	0	S
NMDC20585290	0	0	0	0	0	0	0	0	0	0	0	0	0	0	0	0	0	0	0	0	0	1	0	0	0	0	0	0	0	0	S
NMDC20585292	0	0	0	0	0	0	0	0	0	0	0	1	0	0	0	0	1	0	1	0	1	1	0	0	1	0	0	0	1	0	S
NMDC20585293	0	0	0	0	0	0	0	0	0	0	0	1	0	0	0	0	1	0	0	0	1	1	0	0	1	0	0	0	1	0	S
NMDC20585294	0	0	0	0	0	0	0	0	0	0	0	1	0	0	0	0	1	0	0	0	1	1	0	0	1	0	0	0	1	0	S
NMDC20585295	0	0	0	0	0	0	0	0	0	0	0	1	0	0	0	0	1	0	0	0	1	1	0	0	1	0	0	0	1	0	S
NMDC20585296	0	0	0	0	0	0	0	0	0	0	0	1	0	0	0	0	1	0	0	0	1	1	0	0	1	0	0	0	1	0	S
NMDC20557610	0	0	0	0	0	0	0	0	0	0	0	0	0	0	0	0	0	0	0	0	0	1	0	0	0	0	0	0	0	0	S
NMDC20585300	0	0	0	0	0	0	0	0	0	0	0	1	0	0	0	0	1	0	0	0	1	1	0	0	1	0	0	0	1	0	S
NMDC20551533	0	0	0	0	0	0	0	0	0	0	0	1	0	0	0	0	1	0	1	0	1	1	0	0	1	0	0	0	1	0	S
NMDC20551534	0	0	0	0	0	0	0	0	0	0	0	1	0	0	0	0	1	0	0	0	1	1	0	0	1	0	0	0	1	0	S
NMDC20553576	0	0	0	0	0	0	0	0	0	0	0	1	0	0	0	0	1	0	0	0	1	1	0	0	1	0	0	0	1	0	S
NMDC20585302	0	0	0	0	0	0	0	0	0	0	0	0	0	0	0	0	0	0	0	0	0	1	0	0	0	0	0	0	0	0	S
NMDC20585303	0	0	0	0	0	0	0	0	0	0	0	1	0	0	0	0	1	0	0	0	1	1	0	0	1	0	0	0	1	0	S
NMDC20585304	0	0	0	0	0	0	0	0	0	0	0	1	0	0	0	0	1	0	0	0	1	1	0	0	1	0	0	0	1	0	S
NMDC20585305	0	0	0	0	0	0	0	0	0	0	0	1	0	0	0	0	1	0	0	0	1	1	0	0	1	0	0	0	1	0	S
NMDC20585306	0	0	0	0	0	0	0	0	0	0	0	0	0	0	0	0	1	1	0	1	0	0	0	1	0	0	0	0	0	0	S
NMDC20555571	0	0	0	0	0	0	0	0	0	0	0	0	0	0	0	0	1	1	0	1	0	0	0	1	0	0	0	0	0	0	S
NMDC20557611	0	0	0	0	0	0	0	0	0	0	0	0	0	0	0	0	1	1	0	1	0	0	0	1	0	0	0	0	0	0	S
NMDC20553578	0	0	1	0	1	0	0	0	0	0	0	0	0	0	0	1	1	1	1	1	0	0	0	1	0	0	0	0	0	0	S
NMDC20551535	0	0	1	0	1	0	0	0	0	0	0	0	0	0	0	1	1	1	1	1	0	0	0	1	0	0	0	0	0	0	S
NMDC20555572	0	0	0	0	0	0	0	0	0	0	0	0	0	0	0	0	1	1	0	1	0	0	0	1	0	0	0	0	0	0	S
NMDC20585307	0	0	0	0	0	0	0	0	0	0	0	0	0	0	0	0	0	0	0	0	0	1	0	0	0	0	0	0	0	0	S
NMDC20585308	0	0	0	0	0	0	0	0	0	0	0	0	0	0	0	0	1	1	0	1	0	0	0	1	0	0	0	0	0	0	S
NMDC20585310	0	0	0	0	0	1	0	0	0	0	0	0	0	0	1	0	0	1	0	0	1	1	0	0	0	0	0	0	0	1	S
NMDC20585312	0	0	0	0	0	1	0	1	0	0	0	1	0	0	1	0	1	1	0	0	0	1	0	0	1	0	0	0	1	1	S
NMDC20585316	0	0	0	0	0	1	0	1	0	0	0	1	0	0	1	0	1	1	0	0	0	1	0	0	1	0	0	0	1	1	S
NMDC20551536	1	0	0	0	0	1	0	1	0	0	0	1	0	0	1	0	1	1	0	0	0	1	0	0	1	0	0	0	1	1	S
NMDC20557612	0	0	0	0	0	1	0	1	0	0	0	1	0	0	1	0	1	1	0	0	0	1	0	0	1	1	0	0	1	1	S
NMDC20585318	0	0	0	0	0	1	0	1	0	0	0	1	0	0	1	0	1	1	0	0	0	1	0	0	1	0	0	0	1	1	S
NMDC20551537	0	0	0	0	0	1	0	1	0	0	0	1	0	0	1	0	1	1	1	0	0	1	0	0	1	0	0	0	1	1	S
NMDC20553579	0	0	0	0	0	1	0	1	0	0	0	1	0	0	1	0	1	1	0	0	0	1	0	0	1	0	0	0	1	1	S
NMDC20585320	1	0	1	0	1	1	0	1	0	0	0	1	0	0	1	1	1	1	1	0	0	1	0	0	1	0	0	0	1	1	S
NMDC20553580	0	0	0	0	0	1	0	1	0	0	0	1	0	0	1	0	1	1	1	0	0	1	0	0	1	0	0	0	1	1	S
NMDC20551538	0	0	0	0	0	1	0	1	0	0	0	1	0	0	1	0	1	1	0	0	0	1	0	0	1	0	0	0	1	1	S
NMDC20553581	0	0	0	0	0	1	0	1	0	0	0	1	0	0	1	0	1	1	0	0	0	1	0	0	1	0	0	0	1	1	S
NMDC20557613	0	0	0	0	0	1	0	1	0	0	0	1	0	0	1	0	1	1	1	0	0	1	0	0	1	0	0	0	1	1	S
NMDC20585322	0	0	0	0	0	1	0	1	0	0	0	1	0	0	1	0	1	1	1	0	0	1	0	0	1	0	0	0	1	1	S
NMDC20557701	0	0	0	0	0	1	0	1	0	0	0	1	0	0	1	0	1	1	0	0	0	1	0	0	1	0	0	0	1	1	S
NMDC20585717	0	0	0	0	0	0	0	0	0	0	0	0	0	0	0	0	1	1	0	1	0	0	0	1	0	0	0	0	0	0	S
NMDC20585718	0	0	1	0	1	0	0	0	0	0	0	1	0	0	0	1	0	0	1	0	0	0	0	0	0	0	0	0	0	0	S
NMDC20557702	0	0	0	0	0	1	0	1	0	0	0	1	0	0	1	0	1	1	0	0	0	1	0	0	1	0	0	0	1	1	S
NMDC20551637	0	0	0	0	0	1	0	0	0	0	1	0	0	0	0	0	0	0	0	0	0	0	0	0	0	0	0	0	1	1	S
NMDC20551638	0	0	0	0	0	1	0	0	0	0	1	0	0	0	0	0	0	0	0	0	0	0	0	0	0	0	0	0	1	1	S
NMDC20557706	0	0	0	0	0	1	0	0	0	0	1	0	0	0	0	0	0	0	0	0	0	0	0	0	0	0	0	0	1	1	S
NMDC20585721	0	0	0	0	0	1	0	0	0	0	1	0	0	0	0	0	0	0	0	0	0	0	0	0	0	0	0	0	1	1	S
NMDC20557703	0	0	0	0	0	1	0	0	0	0	1	0	0	0	0	0	0	0	0	0	0	0	0	0	0	0	0	0	1	1	S
NMDC20555675	0	0	1	0	1	1	0	0	0	0	1	0	0	0	0	1	0	0	0	0	0	0	0	0	0	0	0	0	1	1	S
NMDC20585722	0	0	0	0	0	1	0	1	0	0	0	1	0	0	1	0	1	1	0	0	0	1	0	0	1	0	0	0	1	1	S
NMDC20585723	0	0	0	0	0	1	0	0	0	0	1	0	0	0	0	0	0	0	0	0	0	0	0	0	0	0	0	0	1	1	S
NMDC20557704	0	0	1	0	1	0	0	0	0	0	0	1	0	0	0	1	0	0	1	0	0	0	0	0	0	0	0	0	0	0	S
NMDC20553672	0	0	0	0	0	1	0	1	0	0	0	1	0	0	0	0	0	0	0	0	1	1	0	0	0	0	0	0	0	0	S
NMDC20555677	0	0	0	0	0	1	0	0	0	0	1	0	0	0	0	0	0	0	0	0	0	0	0	0	0	0	0	0	1	1	S
NMDC20553673	0	0	0	0	0	1	0	1	0	0	0	1	0	0	1	0	1	1	0	0	0	1	0	0	1	0	0	0	1	1	S
NMDC20585724	0	0	0	0	0	1	0	1	0	0	0	1	0	0	1	0	1	1	0	0	0	1	0	0	1	0	0	0	1	1	S
NMDC20553674	0	0	0	0	0	1	0	0	0	0	1	0	0	0	0	0	0	0	0	0	0	0	0	0	0	0	0	0	1	1	S
NMDC20585725	0	0	0	0	0	1	0	0	0	0	1	0	0	0	0	0	0	0	0	0	0	0	0	0	0	0	0	0	1	1	S
NMDC20585727	0	0	0	0	0	1	0	0	0	0	1	0	0	0	0	0	0	0	0	0	0	0	0	0	0	0	0	0	1	1	S
NMDC20585728	0	0	1	0	1	0	0	0	0	0	0	1	0	0	0	1	0	0	1	0	0	0	0	0	0	0	0	0	0	0	S
NMDC20585729	0	0	0	0	0	1	0	0	0	0	0	0	0	0	1	0	0	1	1	0	1	1	0	0	0	0	0	0	0	1	S
NMDC20585730	0	0	0	0	0	1	0	0	0	0	1	0	0	0	0	0	0	0	0	0	0	0	0	0	0	0	0	0	1	1	S
NMDC20585731	0	0	0	0	0	1	0	0	0	0	1	0	0	0	0	0	0	0	0	0	0	0	0	0	0	0	0	0	1	1	S
NMDC20551639	0	0	0	0	0	1	0	0	0	0	1	0	0	0	0	0	0	0	0	0	0	0	0	0	0	0	0	0	1	1	S
NMDC20555678	0	0	0	0	0	1	0	0	0	0	1	0	0	0	0	0	0	0	0	0	0	0	0	0	0	0	0	0	1	1	S
NMDC20551640	0	0	0	0	0	1	0	1	0	0	0	1	0	0	0	0	0	1	0	0	1	1	0	0	0	0	0	0	0	1	S
NMDC20585733	0	0	0	0	0	1	0	0	0	0	1	0	0	0	0	0	0	0	0	0	0	0	0	0	0	0	0	0	1	1	S
NMDC20555680	0	0	0	0	0	0	0	0	0	0	0	1	0	0	0	0	1	1	0	0	0	0	0	0	1	0	0	0	0	1	S
NMDC20555681	0	0	0	0	0	1	0	0	0	0	1	0	0	0	0	0	0	0	0	0	0	0	0	0	0	0	0	0	1	1	S
NMDC20555682	0	0	0	0	0	1	0	0	0	0	1	0	0	0	0	0	0	0	0	0	0	0	0	0	0	0	0	0	1	1	S
NMDC20585734	0	0	0	0	0	1	0	0	0	0	1	0	0	0	0	0	0	0	0	0	0	0	0	0	0	0	0	0	1	1	S
NMDC20553676	0	0	0	0	0	1	0	0	0	0	1	0	0	0	0	0	0	0	0	0	0	0	0	0	0	0	0	0	1	1	S
NMDC20551641	0	0	0	0	0	1	0	0	0	0	1	0	0	0	0	0	0	0	0	0	0	0	0	0	0	0	0	0	1	1	S
NMDC20585735	0	0	0	0	0	1	0	1	0	0	0	1	0	0	1	0	1	1	0	0	0	1	0	0	1	0	0	0	1	1	S
NMDC20551642	0	0	0	0	0	1	0	0	0	0	1	0	0	0	0	0	0	0	0	0	0	0	0	0	0	0	0	0	1	1	S
NMDC20553677	0	0	0	0	0	0	0	1	0	0	0	1	0	0	0	0	1	0	0	0	1	0	0	0	0	0	1	0	0	1	S
NMDC20555683	0	0	0	0	0	1	0	0	0	0	1	0	0	0	0	0	0	0	0	0	0	0	0	0	0	0	0	0	1	1	S
NMDC20553678	0	0	0	0	0	1	0	0	0	0	0	0	0	0	1	0	1	1	0	0	0	0	0	0	1	0	0	0	1	1	S
NMDC20551643	0	0	0	0	0	1	0	1	0	0	0	1	0	0	1	0	1	1	0	0	0	1	0	0	1	0	0	0	1	1	S
NMDC20585737	0	0	1	0	1	0	0	0	0	0	0	1	0	0	0	1	0	0	1	0	0	0	0	0	0	0	0	0	0	0	S
NMDC20585738	0	0	0	0	0	1	0	0	0	0	1	0	0	0	0	0	0	0	1	0	0	0	0	0	0	0	0	0	1	1	S
NMDC20557707	0	0	0	0	0	1	0	0	0	0	1	0	0	0	0	0	0	0	0	0	0	0	0	0	0	0	0	0	1	1	S
NMDC20585740	0	0	0	0	0	1	0	1	0	0	0	1	0	0	0	0	0	0	0	0	0	0	0	1	0	0	0	0	1	1	S
NMDC20585741	0	0	0	0	0	1	0	0	0	0	1	0	0	0	0	0	0	0	0	0	0	0	0	0	0	0	0	0	1	1	S
NMDC20551645	0	0	0	0	0	1	0	1	0	0	0	1	0	0	1	0	1	1	1	0	0	1	0	0	1	0	0	0	1	1	S
NMDC20555684	0	0	0	0	0	1	0	1	0	0	0	1	0	0	1	0	1	1	0	0	0	1	0	0	1	0	0	0	1	1	S
NMDC20585742	0	0	0	0	0	1	0	1	0	0	0	1	0	0	0	0	0	0	0	0	0	0	0	1	0	0	0	0	1	1	S
NMDC20585743	0	0	0	0	0	1	0	1	0	0	0	1	0	0	1	0	1	1	0	0	0	1	0	0	1	0	0	0	1	1	S
NMDC20551646	0	0	0	0	0	1	0	0	0	0	1	0	0	0	0	0	0	0	0	0	0	0	0	0	0	0	0	0	1	1	S
NMDC20555685	0	0	0	0	0	1	0	0	0	0	1	0	0	0	0	0	0	0	0	0	0	0	0	0	0	0	0	0	1	1	S
NMDC20557708	0	0	1	0	1	0	0	0	0	0	0	1	0	0	0	1	0	0	1	0	0	0	0	0	0	0	0	0	0	0	S
NMDC20585746	0	0	0	0	0	1	0	1	0	0	0	1	0	0	1	0	1	1	0	0	0	1	0	0	1	0	0	0	1	1	S
NMDC20585747	0	0	0	0	0	1	0	0	0	0	1	0	0	0	0	0	0	0	0	0	0	0	0	0	0	0	0	0	1	1	S
NMDC20585748	0	0	0	0	0	1	0	1	0	0	0	1	0	0	1	0	1	1	0	0	0	1	0	0	1	0	0	0	1	1	S
NMDC20555686	0	0	0	0	0	1	0	0	0	0	1	0	0	0	0	0	0	0	1	0	0	0	0	0	0	0	0	0	1	1	S
NMDC20585749	0	0	0	0	0	1	0	1	0	0	0	1	0	0	1	0	1	1	0	0	0	1	0	0	1	0	0	0	1	1	S
NMDC20555687	0	0	0	0	0	1	0	1	0	0	0	1	0	0	1	0	1	1	0	0	0	1	0	0	1	0	0	0	1	1	S
NMDC20551647	0	0	0	0	0	1	0	0	0	0	1	0	0	0	0	0	0	0	0	0	0	0	0	0	0	0	0	0	1	1	S
NMDC20553679	0	0	0	0	0	1	0	0	0	0	1	0	0	0	0	0	0	0	0	0	0	0	0	0	0	0	0	0	1	1	S
NMDC20585752	0	0	0	0	0	1	0	1	0	0	0	1	0	0	1	0	1	1	0	0	0	1	0	0	1	0	0	0	1	1	S
NMDC20585753	0	0	1	0	1	0	0	0	0	0	1	0	0	0	0	1	0	0	1	1	0	0	0	1	0	0	0	0	1	1	S
NMDC20585754	0	0	0	0	0	1	0	0	0	0	1	0	0	0	0	0	0	0	0	0	0	0	0	0	0	0	0	0	1	1	S
NMDC20551649	0	0	0	0	0	1	0	0	0	0	1	0	0	0	0	0	0	0	0	0	0	0	0	0	0	0	0	0	1	1	S
NMDC20555688	0	0	0	0	0	1	0	0	0	0	1	0	0	0	0	0	0	0	0	0	0	0	0	0	0	0	0	0	1	1	S
NMDC20585755	0	0	0	0	0	1	0	0	0	0	1	0	0	0	0	0	0	0	0	0	0	0	0	0	0	0	0	0	1	1	S
NMDC20551650	0	0	0	0	0	1	0	0	0	0	1	0	0	0	0	0	0	0	0	0	0	0	0	0	0	0	0	0	1	1	S
NMDC20585758	0	0	0	0	0	1	0	0	0	0	1	0	0	0	0	0	0	0	0	0	0	0	0	0	0	0	0	0	1	1	S
NMDC20557712	0	0	0	0	0	0	0	1	0	0	1	1	1	0	0	0	0	0	0	0	1	1	0	0	0	0	1	0	0	0	S
NMDC20585759	0	0	0	0	0	1	0	0	0	0	1	0	0	0	0	0	0	0	0	0	0	0	0	0	0	0	0	0	1	1	S
NMDC20555689	0	0	0	0	0	1	0	1	0	0	0	1	0	0	1	0	1	1	0	0	0	1	0	0	1	0	0	0	1	1	S
NMDC20557713	0	0	0	0	0	1	0	0	0	0	1	0	0	0	0	0	0	0	0	0	0	0	0	0	0	0	0	0	1	1	S
NMDC20585760	0	0	0	0	0	1	0	0	0	0	1	0	0	0	0	0	0	0	0	0	0	0	0	0	0	0	0	0	1	1	S
NMDC20553682	0	0	0	0	0	1	0	1	0	0	0	1	0	0	1	0	1	1	0	0	0	1	0	0	1	0	0	0	1	1	S
NMDC20551652	0	0	0	0	0	1	0	1	0	0	0	1	0	0	1	0	1	1	0	0	0	1	0	0	1	0	0	0	1	1	S
NMDC20585761	0	0	0	0	0	1	0	1	0	0	0	1	0	0	1	0	1	1	0	0	0	1	0	0	1	0	0	0	1	1	S
NMDC20555690	0	0	0	0	0	0	0	1	0	0	0	1	0	0	0	0	0	0	0	0	0	1	0	0	0	0	0	0	0	1	S
NMDC20585762	0	0	0	0	0	1	0	0	0	0	1	1	0	0	0	0	0	0	0	0	0	1	0	0	0	0	0	0	0	1	S
NMDC20585763	0	0	0	0	0	1	0	0	0	0	1	0	0	0	0	0	0	0	0	0	0	0	0	0	0	0	0	0	1	1	S
NMDC20551653	0	0	0	0	0	1	0	0	0	0	1	0	0	0	0	0	0	0	0	0	0	0	0	0	0	0	0	0	1	1	S
NMDC20555691	0	0	0	0	0	1	0	0	0	0	1	0	0	0	0	0	0	0	0	0	0	0	0	0	0	0	0	0	1	1	S
NMDC20551654	0	0	0	0	0	1	0	0	0	0	1	0	0	0	0	0	0	0	0	0	0	0	0	0	0	0	0	0	1	1	S
NMDC20585764	0	0	0	0	0	1	0	1	0	0	0	1	0	0	1	0	1	1	0	0	0	1	0	0	1	0	0	0	1	1	S
NMDC20553684	0	0	0	0	0	1	0	1	0	0	0	1	0	0	1	0	1	1	1	0	0	1	0	0	1	0	0	0	1	1	S
NMDC20551655	0	0	0	0	0	1	0	0	0	0	1	0	0	0	0	0	0	0	0	0	0	0	0	0	0	0	0	0	1	1	S
NMDC20555692	0	0	0	0	0	1	0	0	0	0	1	0	0	0	0	0	0	0	0	0	0	0	0	0	0	0	0	0	1	1	S
NMDC20555693	0	0	0	0	0	1	0	0	0	0	1	0	0	0	0	0	0	0	0	0	0	0	0	0	0	0	0	0	1	1	S
NMDC20551657	0	0	0	0	0	1	0	1	0	0	0	1	0	0	1	0	1	1	0	0	0	1	0	0	1	0	0	0	1	1	S
NMDC20557715	0	0	0	0	0	1	0	0	0	0	1	0	0	0	0	0	0	0	0	0	0	0	0	0	0	0	0	0	1	1	S
NMDC20557716	0	0	0	0	0	1	0	0	0	0	1	0	0	0	0	0	0	0	0	0	0	0	0	0	0	0	0	0	1	1	S
NMDC20585765	0	0	0	0	0	1	0	1	0	0	0	1	0	0	1	0	1	1	0	0	0	1	0	0	1	0	0	0	1	1	S
NMDC20585766	0	0	0	0	0	0	0	1	0	0	0	1	0	0	0	0	0	0	0	0	0	1	0	0	0	0	0	0	0	1	S
NMDC20553685	0	0	0	0	0	1	0	0	0	0	1	0	0	0	0	0	0	0	0	0	0	0	0	0	0	0	0	0	1	1	S
NMDC20555694	0	0	0	0	0	1	0	0	0	0	1	0	0	0	0	0	0	0	0	0	0	0	0	0	0	0	0	0	1	1	S
NMDC20557717	0	0	0	0	0	1	0	0	0	0	1	0	0	0	0	0	0	0	0	0	0	0	0	0	0	0	0	0	1	1	S
NMDC20585767	0	0	0	0	0	1	0	1	0	0	0	1	0	0	1	0	0	1	0	0	1	1	0	0	1	0	0	0	1	1	S
NMDC20551656	0	0	0	0	0	1	0	1	0	0	0	1	0	0	1	0	1	1	0	0	0	1	0	0	1	0	0	0	1	1	S
NMDC20585768	0	0	0	0	0	1	0	0	0	0	1	0	0	0	0	0	0	0	0	0	0	0	0	0	0	0	0	0	1	1	S
NMDC20551658	0	0	0	0	0	1	0	0	0	0	1	0	0	0	0	0	0	0	0	0	0	0	0	0	0	0	0	0	1	1	S
NMDC20555695	0	0	0	0	0	1	0	0	0	0	1	0	0	0	0	0	0	0	0	0	0	0	0	0	0	0	0	0	1	1	S
NMDC20585769	0	0	0	0	0	1	0	0	0	0	1	0	0	0	0	0	0	0	0	0	0	0	0	0	0	0	0	0	1	1	S
NMDC20555696	0	0	0	0	0	1	0	1	0	0	0	1	0	0	1	0	1	1	0	0	0	1	0	0	1	0	0	0	1	1	S
NMDC20553686	0	0	0	0	0	1	0	1	0	0	0	1	0	0	1	0	1	1	0	0	0	1	0	0	1	0	0	0	1	1	S
NMDC20555697	0	0	0	0	0	1	0	0	0	0	1	0	0	0	0	0	0	0	0	0	0	0	0	0	0	0	0	0	1	1	S
NMDC20585770	0	0	0	0	0	1	0	0	0	0	0	0	0	0	1	0	0	1	1	0	1	1	0	0	0	0	0	0	0	1	S
NMDC20557718	0	0	0	0	0	1	0	0	0	0	0	0	1	0	0	0	0	0	0	0	1	1	0	0	0	0	0	0	1	1	S
NMDC20555699	0	0	0	0	0	1	0	1	0	0	0	1	0	0	1	0	1	1	0	0	0	1	0	0	1	0	0	0	1	1	S
NMDC20585771	0	0	1	0	1	0	0	0	0	0	0	1	0	0	0	1	0	0	1	0	0	0	0	0	0	0	0	0	0	0	S
NMDC20551660	0	0	0	0	0	1	0	1	0	0	0	1	0	0	1	0	1	1	0	0	0	1	0	0	1	0	0	0	1	1	S
NMDC20585772	0	0	0	0	0	0	0	0	0	0	0	1	0	0	0	0	0	0	0	0	1	1	0	0	0	0	1	0	1	1	S
NMDC20585773	0	0	0	0	0	1	0	1	0	0	0	1	0	0	1	0	0	0	0	0	1	1	0	0	1	0	0	0	0	1	S
NMDC20551662	0	0	0	0	0	1	0	1	0	0	0	1	0	0	1	0	1	1	0	0	0	1	0	0	1	0	0	0	1	1	S
NMDC20555698	0	0	0	0	0	1	0	0	0	0	1	0	0	0	0	0	0	0	0	0	0	0	0	0	0	0	0	0	1	1	S
NMDC20557719	0	0	0	0	0	0	0	0	0	0	0	1	0	0	0	0	1	1	0	0	0	0	0	0	1	0	0	0	0	1	S
NMDC20557721	0	0	0	0	0	1	0	0	0	0	1	0	0	0	0	0	0	0	0	0	0	0	0	0	0	0	0	0	1	1	S
NMDC20557720	0	0	0	0	0	1	0	0	0	0	1	0	0	0	0	0	0	0	0	0	0	0	0	0	0	0	0	0	1	1	S
NMDC20555700	0	0	0	0	0	1	0	0	0	0	1	0	0	0	0	0	0	0	0	0	0	0	0	0	0	0	0	0	1	1	S
NMDC20585775	0	0	1	0	1	1	0	0	0	0	1	0	0	0	0	1	0	0	0	0	0	0	0	0	0	0	0	0	1	1	S
NMDC20553687	0	0	0	0	0	1	0	1	0	0	0	1	0	0	1	0	1	1	0	0	0	1	0	0	1	0	0	0	1	1	S
NMDC20553688	0	0	0	0	0	1	0	1	0	0	0	1	0	0	1	0	1	1	0	0	0	1	0	0	1	0	0	0	1	1	S
NMDC20557726	0	0	0	0	0	1	0	1	0	0	0	1	0	0	1	0	1	1	0	0	0	1	0	0	1	0	0	0	1	1	S
NMDC20553689	0	0	0	0	0	1	0	1	0	0	0	1	0	0	1	0	1	1	1	0	0	1	0	0	1	0	0	0	1	1	S
NMDC20585779	0	0	0	0	0	1	0	0	0	0	1	0	0	0	0	0	0	0	0	0	0	0	0	0	0	0	0	0	1	1	S
NMDC20557722	0	0	0	0	0	1	0	0	0	0	1	0	0	0	0	0	0	0	0	0	0	0	0	0	0	0	0	0	1	1	S
NMDC20585780	0	0	0	0	0	0	0	1	0	0	0	1	0	0	0	0	0	0	0	0	0	1	0	0	0	0	0	0	0	1	S
NMDC20557723	0	0	0	0	0	1	0	1	0	0	0	1	0	0	1	0	1	1	0	0	0	1	0	0	1	0	0	0	1	1	S
NMDC20585781	0	0	0	0	0	1	0	1	0	0	0	1	0	0	0	0	1	0	0	0	0	1	0	1	1	0	0	0	1	0	S
NMDC20585782	0	0	0	0	0	1	0	0	0	0	1	0	0	0	0	0	0	0	0	0	0	0	0	0	0	0	0	0	1	1	S
NMDC20553691	0	0	0	0	0	1	0	0	0	0	1	0	0	0	0	0	0	0	0	0	0	0	0	0	0	0	0	0	1	1	S
NMDC20551665	0	0	0	0	0	1	0	1	0	0	0	1	0	0	1	0	1	1	0	0	0	1	0	0	1	0	0	0	1	1	S
NMDC20585785	0	0	0	0	0	1	0	1	0	0	0	1	0	0	1	0	1	1	0	0	0	1	0	0	1	0	0	0	1	1	S
NMDC20553692	0	0	0	0	0	0	0	0	0	0	0	0	0	0	0	0	1	0	0	0	0	1	0	0	0	0	0	0	1	0	S
NMDC20557725	0	0	0	0	0	1	0	0	0	0	1	0	0	0	0	0	0	0	0	0	0	0	0	0	0	0	0	0	1	1	S
NMDC20553693	0	0	0	0	0	1	0	0	0	0	1	0	0	0	0	0	0	0	0	0	0	0	0	0	0	0	0	0	1	1	S
NMDC20585787	0	0	0	0	0	1	0	0	0	0	1	0	0	0	0	0	0	0	0	0	0	0	0	0	0	0	0	0	1	1	S
NMDC20585788	0	0	0	0	0	1	0	0	0	0	1	0	0	0	0	0	0	0	0	0	0	0	0	0	0	0	0	0	1	1	S
NMDC20553694	0	0	0	0	0	0	0	0	0	0	0	1	0	0	0	0	1	0	0	0	1	1	0	0	1	0	0	0	1	0	S
NMDC20553696	0	0	0	0	0	1	0	1	0	0	0	1	0	0	1	0	1	1	0	0	0	1	0	0	1	0	0	0	1	1	S
NMDC20585789	0	0	0	0	0	1	0	1	0	0	0	1	0	0	1	0	1	1	0	0	0	1	0	0	1	0	0	0	1	1	S
NMDC20585790	0	0	0	0	0	1	0	0	0	0	1	0	0	0	0	0	0	0	0	0	0	0	0	0	0	0	0	0	1	1	S
NMDC20585791	0	0	0	0	0	1	0	0	0	0	1	0	0	0	0	0	0	0	0	0	0	0	0	0	0	0	0	0	1	1	S
NMDC20585792	0	0	0	0	0	1	0	0	0	0	1	0	0	0	0	0	0	0	0	0	0	0	0	0	0	0	0	0	1	1	S
NMDC20551667	0	0	0	0	0	1	0	1	0	0	0	1	0	0	1	0	1	1	0	0	0	1	0	0	1	0	0	0	1	1	S
NMDC20585793	0	0	0	0	0	1	0	1	0	0	0	1	0	0	1	0	1	1	0	0	0	1	0	0	1	0	0	0	1	1	S
NMDC20555707	0	0	0	0	0	1	0	1	0	0	0	1	0	0	1	0	1	1	0	0	0	1	0	0	1	0	0	0	1	1	S
NMDC20551668	0	0	0	0	0	1	0	1	0	0	0	1	0	0	1	0	1	1	0	0	0	1	0	0	1	0	0	0	1	1	S
NMDC20555708	0	0	0	0	0	1	0	1	0	0	0	1	0	0	1	0	1	1	0	0	0	1	0	0	1	0	0	0	1	1	S
NMDC20557727	0	0	0	0	0	1	0	1	0	0	0	1	0	0	1	0	1	1	0	0	0	1	0	0	1	0	0	0	1	1	S
NMDC20557730	0	0	0	0	0	1	0	1	0	0	0	1	0	0	1	0	1	1	0	0	0	1	0	0	1	0	0	0	1	1	S
NMDC20551669	0	0	0	0	0	1	0	1	0	0	0	1	1	0	1	0	0	0	0	0	1	1	0	0	0	0	0	0	1	1	S
NMDC20557728	0	0	0	0	0	1	0	1	0	0	0	1	0	0	1	0	1	1	0	0	0	1	0	0	1	0	0	0	1	1	S
NMDC20551670	0	0	0	0	0	1	0	1	0	0	0	1	0	0	1	0	1	1	0	0	0	1	0	0	1	0	0	0	1	1	S
NMDC20555709	0	0	0	0	0	1	0	1	0	0	0	1	0	0	1	0	1	1	0	0	0	1	0	0	1	0	0	0	1	1	S
NMDC20555710	0	0	0	0	0	1	0	1	0	0	0	1	0	0	1	0	1	1	0	0	0	1	0	0	1	0	0	0	1	1	S
NMDC20585795	0	0	0	0	0	1	0	1	0	0	0	1	0	0	1	0	1	1	0	0	0	1	0	0	1	0	0	0	1	1	S
NMDC20555711	0	0	0	0	0	1	0	0	0	0	1	0	0	0	0	0	0	0	0	0	0	0	0	0	0	0	0	0	1	1	S
NMDC20585796	0	0	0	0	0	1	0	1	0	0	0	1	0	0	1	0	1	1	0	0	0	1	0	0	1	0	0	0	1	1	S
NMDC20585797	0	0	0	0	0	1	0	0	0	0	1	0	0	0	0	0	0	0	0	0	0	0	0	0	0	0	0	0	1	1	S
NMDC20557731	0	0	0	0	0	1	0	0	0	0	1	0	0	0	0	0	0	0	0	0	0	0	0	0	0	0	0	0	1	1	S
NMDC20585798	0	0	0	0	0	1	0	1	0	0	0	1	0	0	1	0	1	1	0	0	0	1	0	0	1	0	0	0	1	1	S
NMDC20557732	0	0	0	0	0	1	0	1	0	0	0	1	0	0	1	0	1	1	0	0	0	1	0	0	1	0	0	0	1	1	S
NMDC20551671	0	0	0	0	0	0	0	1	0	0	0	1	0	0	0	0	0	1	0	0	1	1	0	1	0	0	0	0	0	1	S
NMDC20553697	0	0	0	0	0	1	0	0	0	0	1	0	0	0	0	0	0	0	0	0	0	0	0	0	0	0	0	0	1	1	S
NMDC20585799	0	0	0	0	0	1	0	0	0	0	1	0	0	0	0	0	0	0	0	0	0	0	0	0	0	0	0	0	1	1	S
NMDC20555712	0	0	0	0	0	1	0	0	0	0	1	0	0	0	0	0	0	0	0	0	0	0	0	0	0	0	0	0	1	1	S
NMDC20585800	0	0	0	0	0	1	0	1	0	0	0	1	0	0	1	0	1	1	0	0	0	1	0	0	1	0	0	0	1	1	S
NMDC20585801	0	0	0	0	0	1	0	1	0	0	0	1	0	0	0	0	1	0	0	0	0	1	0	1	1	0	0	0	1	0	S
NMDC20585802	0	0	0	0	0	1	0	1	0	0	0	1	0	0	0	0	1	0	0	0	0	1	0	1	1	0	0	0	1	0	S
NMDC20553698	0	0	0	0	0	1	0	1	0	0	0	1	0	0	1	0	1	1	0	0	0	1	0	0	1	0	0	0	1	1	S
NMDC20557733	0	0	0	0	0	1	0	1	0	0	0	1	0	0	1	0	1	1	0	0	0	1	0	0	1	0	0	0	1	1	S
NMDC20585804	0	0	0	0	0	0	0	0	0	0	0	0	0	0	0	0	1	1	0	1	0	0	0	1	0	0	0	0	0	0	S
NMDC20555713	0	0	0	0	0	1	0	1	0	0	0	1	0	0	1	0	1	1	0	0	0	1	0	0	1	0	0	0	1	1	S
NMDC20585805	0	0	0	0	0	1	0	1	0	0	0	1	0	0	1	0	1	1	0	0	0	1	0	0	1	0	0	0	1	1	S
NMDC20553699	0	0	0	0	0	1	0	1	0	0	0	1	0	0	0	0	0	0	0	0	1	1	0	0	0	0	0	0	0	0	S
NMDC20551672	0	0	0	0	0	1	0	0	0	0	1	0	0	0	0	0	0	0	0	0	0	0	0	0	0	0	0	0	1	1	S
NMDC20551673	0	0	0	0	0	1	0	1	0	0	0	1	0	0	1	0	1	1	0	0	0	1	0	0	1	0	0	0	1	1	S
NMDC20585806	0	0	0	0	0	0	0	1	0	0	0	1	0	0	0	0	0	0	0	0	0	1	0	0	0	0	0	0	0	1	S
NMDC20551674	0	0	0	0	0	1	0	1	0	0	0	1	0	0	1	0	1	1	0	0	0	1	0	0	1	0	0	0	1	1	S
NMDC20557734	0	0	0	0	0	1	0	1	0	0	0	1	0	0	1	0	1	1	0	0	0	1	0	0	1	0	0	0	1	1	S
NMDC20555714	0	0	0	0	0	1	0	1	0	0	0	1	0	0	1	0	1	1	0	0	0	1	0	0	1	0	0	0	1	1	S
NMDC20585807	0	0	0	0	0	1	0	1	0	0	0	1	0	0	1	0	1	1	0	0	0	1	0	0	1	0	0	0	1	1	S
NMDC20553703	0	0	0	0	0	1	0	1	0	0	0	1	0	0	1	0	1	1	1	0	0	1	0	0	1	0	0	0	1	1	S
NMDC20585808	0	0	0	0	0	1	0	1	0	0	0	1	0	0	1	0	1	1	0	0	0	1	1	0	1	0	0	0	1	1	S
NMDC20557735	0	0	0	0	0	1	0	0	0	0	1	0	0	0	0	0	0	0	0	0	0	0	0	0	0	0	0	0	1	1	S
NMDC20551675	0	0	0	0	0	1	0	1	0	0	0	1	0	0	1	0	1	1	1	0	0	1	0	0	1	0	0	0	1	1	S
NMDC20553704	0	0	0	0	0	1	0	0	0	0	1	0	0	0	0	0	0	0	0	0	0	0	0	0	0	0	0	0	1	1	S
NMDC20551676	0	0	0	0	0	1	0	1	0	0	0	1	0	0	0	0	0	0	0	0	1	1	0	0	0	0	0	0	0	0	S
NMDC20585810	0	0	0	0	0	0	0	1	0	0	0	1	0	0	0	0	0	0	0	0	0	1	0	0	0	0	0	0	0	1	S
NMDC20585811	0	0	1	0	1	0	0	0	0	0	1	0	0	0	0	1	0	0	1	1	0	0	0	1	0	0	0	0	1	1	S
NMDC20585812	0	0	0	0	0	0	0	1	0	0	0	1	0	0	0	0	0	0	0	0	0	1	0	0	0	0	0	0	0	1	S
NMDC20585813	0	0	0	0	0	1	0	1	0	0	0	1	0	0	1	0	1	1	1	0	0	1	0	0	1	0	0	0	1	1	S
NMDC20555716	0	0	0	0	0	1	0	0	0	0	1	0	0	0	0	0	0	0	0	0	0	0	0	0	0	0	0	0	1	1	S
NMDC20585815	0	0	0	0	0	1	0	0	0	0	0	0	0	0	1	0	0	1	0	0	1	1	0	0	0	0	0	0	0	1	S
NMDC20551677	0	0	1	0	1	1	0	1	0	0	0	1	0	0	1	1	1	1	1	0	0	1	0	0	1	0	0	0	1	1	S
NMDC20551678	0	0	0	0	0	1	0	1	0	0	0	1	0	0	0	0	0	0	0	0	0	0	0	1	0	0	0	0	1	1	S
NMDC20553706	0	0	0	0	0	1	0	1	0	0	0	1	0	0	1	0	1	1	0	0	0	1	0	0	1	0	0	0	1	1	S
NMDC20585816	0	0	1	0	1	0	0	0	0	0	0	1	0	0	0	1	0	0	1	0	0	0	0	0	0	0	0	0	0	0	S
NMDC20585817	0	0	0	0	0	1	0	1	0	0	0	1	0	0	1	0	1	1	0	0	0	1	0	0	1	0	0	0	1	1	S
NMDC20551680	0	0	0	0	0	1	0	1	0	0	0	1	0	0	1	0	1	1	1	0	0	1	0	0	1	0	0	0	1	1	S
NMDC20585821	0	0	0	0	0	1	0	1	0	0	0	1	0	0	1	0	1	1	0	0	0	1	0	0	1	0	0	0	1	1	S
NMDC20555717	0	0	0	0	0	0	0	0	0	0	0	0	0	0	0	0	0	0	0	0	0	1	0	0	0	0	0	0	0	0	S
NMDC20555718	0	0	0	0	0	1	0	1	0	0	0	1	0	0	0	0	1	1	0	0	1	1	0	1	0	0	1	0	0	1	S
NMDC20585822	0	0	0	0	0	1	0	0	0	0	1	0	0	0	0	0	0	0	0	0	0	0	0	0	0	0	0	0	1	1	S
NMDC20585823	0	0	0	0	0	1	0	1	0	0	0	1	0	0	0	0	0	0	0	0	0	0	0	1	0	0	0	0	1	1	S
NMDC20585824	0	0	0	0	0	0	0	0	0	0	0	0	0	0	0	0	0	0	0	0	1	1	0	0	0	0	0	0	0	0	S
NMDC20551681	0	0	0	0	0	0	0	0	0	0	0	1	0	0	0	0	1	1	0	0	0	0	0	0	1	0	0	0	0	1	S
NMDC20585826	0	0	0	0	0	1	0	1	0	0	0	1	0	0	1	0	1	1	0	0	0	1	0	0	1	0	0	0	1	1	S
NMDC20585827	0	0	0	0	0	1	0	1	0	0	0	1	0	0	1	0	1	1	0	0	0	1	0	0	1	0	0	0	1	1	S
NMDC20557736	0	0	0	0	0	1	0	1	0	0	0	1	0	0	1	0	1	1	0	0	0	1	0	0	1	0	0	0	1	1	S
NMDC20553707	0	0	0	0	0	1	0	1	0	0	0	1	0	0	1	0	1	1	0	0	0	1	0	0	1	0	0	0	1	1	S
NMDC20551683	0	0	0	0	0	1	0	0	0	0	1	0	0	0	0	0	0	0	0	0	0	0	0	0	0	0	0	0	1	1	S
NMDC20551684	0	0	1	0	1	1	0	1	0	0	0	1	0	0	1	1	1	1	1	0	0	1	0	0	1	0	0	0	1	1	S
NMDC20551685	0	0	0	0	0	1	0	1	0	0	0	1	0	0	1	0	1	1	0	0	0	1	0	0	1	0	0	0	1	1	S
NMDC20551686	0	0	0	0	0	0	0	0	0	0	0	0	0	0	0	0	1	1	0	1	0	0	0	1	0	0	0	0	0	0	S
NMDC20551687	0	0	0	0	0	1	0	1	0	0	0	1	0	0	1	0	1	1	0	0	0	1	0	0	1	0	0	0	1	1	S
NMDC20585830	0	0	0	0	0	0	0	1	0	0	0	1	1	0	0	0	0	1	0	0	1	1	0	0	0	0	0	0	0	1	S
NMDC20557738	0	0	0	0	0	1	0	1	0	0	0	1	0	0	1	0	1	1	0	0	0	1	0	0	1	0	0	0	1	1	S
NMDC20553709	0	0	0	0	0	1	0	1	0	0	0	1	0	0	1	0	1	1	0	0	0	1	1	0	1	0	0	0	1	1	S
NMDC20553710	0	0	0	0	0	1	0	0	0	0	0	1	0	0	0	0	0	0	1	0	1	1	0	0	0	0	1	0	1	0	S
NMDC20551689	0	0	0	0	0	1	0	0	0	0	0	1	0	0	0	0	0	0	1	0	1	1	0	0	0	0	1	0	1	0	S
NMDC20585838	0	0	0	0	0	0	0	0	0	0	0	1	0	0	0	0	1	1	0	0	0	0	0	0	1	0	0	0	0	1	S
NMDC20585839	0	0	0	0	0	1	0	0	0	0	1	0	0	0	0	0	0	0	0	0	0	0	0	0	0	0	0	0	1	1	S
NMDC20585840	0	0	0	0	0	1	0	0	0	0	1	0	0	0	0	0	0	0	0	0	0	0	0	0	0	0	0	0	1	1	S
NMDC20585842	0	0	0	0	0	1	0	1	0	0	0	1	0	0	1	0	1	1	0	0	0	1	0	0	1	0	0	0	1	1	S
NMDC20585844	0	0	0	0	0	1	0	0	0	0	1	0	0	0	0	0	0	0	0	0	0	0	0	0	0	0	0	0	1	1	S
NMDC20585845	0	0	0	0	0	1	0	1	0	0	0	1	0	0	1	0	1	1	0	0	0	1	0	0	1	0	0	0	1	1	S
NMDC20585846	0	0	0	0	0	1	0	0	0	0	1	0	0	0	0	0	0	0	0	0	0	0	0	0	0	0	0	0	1	1	S
NMDC20585848	0	0	0	0	0	1	0	1	0	0	0	1	0	0	0	0	0	0	0	0	0	0	0	1	0	0	0	0	1	1	S
NMDC20585850	0	0	0	0	0	1	0	0	0	0	1	1	0	0	0	0	0	0	0	0	1	1	0	0	0	0	1	0	1	0	S
NMDC20585851	0	0	0	0	0	1	0	0	0	0	1	0	0	0	0	0	0	0	0	0	0	0	0	0	0	0	0	0	1	1	S
NMDC20585852	0	0	0	0	0	1	0	1	0	0	0	1	0	0	1	0	1	1	0	0	0	1	0	0	1	0	0	0	1	1	S
NMDC20585853	0	0	0	0	0	0	0	0	0	0	0	1	0	0	0	0	1	1	0	0	0	0	0	0	1	0	0	0	0	1	S
NMDC20585855	0	0	0	0	0	0	0	0	0	0	0	1	0	0	0	0	1	1	0	0	0	0	0	0	1	0	0	0	0	1	S
NMDC20585856	0	0	0	0	0	1	0	0	0	0	1	0	0	0	0	0	0	0	0	0	0	0	0	0	0	0	0	0	1	1	S
NMDC20585857	0	0	0	0	0	1	0	0	0	0	1	0	0	0	0	0	0	0	1	0	0	0	0	0	0	0	0	0	1	1	S
NMDC20585858	0	0	0	0	0	1	0	0	0	0	1	0	0	0	0	0	0	0	1	0	0	0	0	0	0	0	0	0	1	1	S
NMDC20585859	0	0	0	0	0	1	0	0	0	0	1	0	0	0	0	0	0	0	0	0	0	0	0	0	0	0	0	0	1	1	S
NMDC20585860	0	0	0	0	0	1	0	0	0	0	1	0	0	0	0	0	0	0	0	0	0	0	0	0	0	0	0	0	1	1	S
NMDC20585861	0	0	0	0	0	1	0	0	0	0	1	0	0	0	0	0	0	0	0	0	0	0	0	0	0	0	0	0	1	1	S
NMDC20585862	0	0	0	0	0	1	0	0	0	0	1	0	0	0	0	0	0	0	0	0	0	0	0	0	0	0	0	0	1	1	S
NMDC20585863	0	0	0	0	0	1	0	0	0	0	1	0	0	0	0	0	0	0	0	0	0	0	0	0	0	0	0	0	1	1	S
NMDC20585864	0	0	0	0	0	1	0	0	0	0	1	0	0	0	0	0	0	0	0	0	0	0	0	0	0	0	0	0	1	1	S
NMDC20585867	0	0	0	0	0	1	0	1	0	0	0	1	0	0	1	0	1	1	0	0	0	1	0	0	1	0	0	0	1	1	S
NMDC20585868	0	0	0	0	0	1	0	1	0	0	0	1	0	0	1	0	1	1	0	0	0	1	0	0	1	0	0	0	1	1	S
NMDC20585870	0	0	0	0	0	1	0	0	0	0	1	0	0	0	0	0	0	0	0	0	0	0	0	0	0	0	0	0	1	1	S
NMDC20585871	0	0	0	0	0	1	0	0	0	0	1	0	0	0	0	0	0	0	0	0	0	0	0	0	0	0	0	0	1	1	S
NMDC20585873	0	0	0	0	0	1	0	0	0	0	1	0	0	0	0	0	0	0	0	0	0	0	0	0	0	0	0	0	1	1	S
NMDC20585874	0	0	0	0	0	0	0	0	0	0	0	0	0	0	0	0	0	0	0	0	0	1	0	0	0	0	0	0	0	0	S
NMDC20585877	0	0	0	0	0	1	0	1	0	0	0	1	0	0	1	0	0	0	0	0	1	1	0	0	1	0	0	0	0	1	S
NMDC20557739	0	0	0	0	0	1	0	0	0	0	1	0	0	0	0	0	0	0	0	0	0	0	0	0	0	0	0	0	1	1	S
NMDC20585879	0	0	0	0	0	1	0	0	0	0	1	0	0	0	0	0	0	0	0	0	0	0	0	0	0	0	0	0	1	1	S
NMDC20551691	0	0	0	0	0	1	0	1	0	0	0	1	0	0	0	0	1	0	0	0	0	1	0	1	1	0	0	0	1	0	S
NMDC20553711	0	0	0	0	0	1	0	0	0	0	1	0	0	0	0	0	0	0	1	0	0	0	0	0	0	0	0	0	1	1	S
NMDC20585881	0	0	0	0	0	0	0	1	0	0	0	1	0	0	0	0	0	0	0	0	0	1	0	0	0	0	0	0	0	1	S
NMDC20585883	0	0	0	0	0	0	0	0	0	0	0	0	0	0	0	0	0	0	0	0	0	1	0	0	0	0	0	0	0	0	S
NMDC20585884	0	0	0	0	0	0	0	0	0	0	0	1	0	0	0	0	1	0	0	0	1	1	0	0	1	0	0	0	1	0	S
NMDC20585885	0	0	0	0	0	0	0	0	0	0	0	1	0	0	0	0	1	1	0	0	0	0	0	0	1	0	0	0	0	1	S
NMDC20553712	0	0	0	0	0	0	0	1	0	0	0	1	0	0	0	0	0	0	0	0	0	0	0	0	0	0	1	0	0	1	S
NMDC20555719	0	0	0	0	0	1	0	0	0	0	1	0	0	0	0	0	0	0	0	0	0	0	0	0	0	0	0	0	1	1	S
NMDC20557740	0	0	1	0	1	0	0	0	0	0	0	1	0	0	0	1	0	0	1	0	0	0	0	0	0	0	0	0	0	0	S
NMDC20585886	0	0	0	0	0	1	0	1	0	0	0	1	1	0	1	0	0	0	0	0	1	1	0	0	0	0	0	0	1	1	S
NMDC20585887	0	0	0	0	0	1	0	0	0	0	0	1	0	0	0	0	0	0	0	0	0	1	0	0	0	0	0	0	0	1	S
NMDC20553713	0	0	0	0	0	1	0	1	0	0	0	1	0	0	1	0	1	1	1	0	0	1	0	0	1	0	0	0	1	1	S
NMDC20551693	0	0	0	0	0	1	0	0	0	0	1	0	0	0	0	0	0	0	0	0	0	0	0	0	0	0	0	0	1	1	S
NMDC20555720	0	0	0	0	0	1	0	0	0	0	1	0	0	0	0	0	0	0	0	0	0	0	0	0	0	0	0	0	1	1	S
NMDC20585889	0	0	0	0	0	1	0	1	0	0	0	1	0	0	1	0	1	1	0	0	0	1	0	0	1	0	0	0	1	1	S
NMDC20585890	0	0	0	0	0	1	0	1	0	0	0	1	0	0	1	0	1	1	0	0	0	1	0	0	1	0	0	0	1	1	S
NMDC20585891	0	0	0	0	0	1	0	1	0	0	0	1	0	0	1	0	1	1	0	0	0	1	0	0	1	0	0	0	1	1	S
NMDC20555721	0	0	0	0	0	0	0	0	0	0	0	1	0	0	0	0	1	1	0	0	0	0	0	0	1	0	0	0	0	1	S
NMDC20555722	0	0	1	0	1	0	0	0	0	0	0	1	0	0	0	1	0	0	1	0	0	0	0	0	0	0	0	0	0	0	S
NMDC20557741	0	0	0	0	0	0	0	0	0	0	1	0	0	0	0	0	1	0	0	0	1	1	0	0	0	0	0	0	0	1	S
NMDC20555723	0	0	0	0	0	1	0	0	0	0	1	0	0	0	0	0	0	0	0	0	0	0	0	0	0	0	0	0	1	1	S
NMDC20555724	0	0	0	0	0	1	0	1	0	0	0	1	0	0	0	0	0	1	0	0	1	1	0	0	0	0	0	0	0	1	S
NMDC20585896	0	0	0	0	0	1	0	1	0	0	0	1	0	0	1	0	1	1	0	0	0	1	0	0	1	0	0	0	1	1	S
NMDC20557742	0	0	0	0	0	1	0	1	0	0	0	1	1	0	1	0	0	0	0	0	1	1	0	0	0	0	0	0	1	1	S
NMDC20555727	0	0	0	0	0	1	0	0	0	0	1	0	0	0	0	0	0	0	0	0	0	0	0	0	0	0	0	0	1	1	S
NMDC20551695	0	0	1	0	1	0	0	0	0	0	0	1	0	0	0	1	0	0	1	0	0	0	0	0	0	0	0	0	0	0	S
NMDC20585897	0	0	0	0	0	1	0	0	0	0	1	0	0	0	0	0	0	0	0	0	0	0	0	0	0	0	0	0	1	1	S
NMDC20585898	0	0	0	0	0	0	0	0	0	0	0	1	0	0	0	0	0	0	1	0	1	1	0	0	0	0	1	0	0	1	S
NMDC20585899	0	0	0	0	0	1	0	0	0	0	1	0	0	0	0	0	0	0	0	0	0	0	0	0	0	0	0	0	1	1	S
NMDC20585900	0	0	0	0	0	0	0	1	0	0	0	1	0	0	1	0	0	0	0	0	0	1	0	0	0	0	0	0	0	1	S
NMDC20557743	0	0	0	0	0	0	0	1	0	0	0	1	0	0	1	0	0	0	0	0	0	1	0	0	0	0	0	0	0	1	S
NMDC20553717	0	0	0	0	0	0	0	1	0	0	0	1	0	0	1	0	0	0	0	0	0	1	0	0	0	0	0	0	0	1	S
NMDC20585901	0	0	0	0	0	1	0	1	1	0	0	1	0	0	1	0	1	1	0	0	0	1	0	0	1	0	0	0	1	1	S
NMDC20553718	0	0	0	0	0	0	0	1	0	0	0	1	0	0	1	0	0	0	0	0	0	1	0	0	0	0	0	0	0	1	S
NMDC20585903	0	0	0	0	0	0	0	0	0	0	0	0	0	0	0	0	1	1	0	1	0	0	0	1	0	0	0	0	0	0	S
NMDC20585907	0	0	0	0	0	0	0	0	0	0	0	0	0	0	0	0	1	1	0	1	0	0	0	1	0	0	0	0	0	0	S
NMDC20585908	0	0	0	0	0	1	0	0	0	0	1	0	0	0	0	0	0	0	0	0	0	0	0	0	0	0	0	0	1	1	S
NMDC20585909	0	0	0	0	0	1	0	0	0	0	1	0	0	0	0	0	0	0	0	0	0	0	0	0	0	0	0	0	1	1	S
NMDC20555730	0	0	0	0	0	1	0	0	0	0	1	0	0	0	0	0	0	0	0	0	0	0	0	0	0	0	0	0	1	1	S
NMDC20555729	0	0	0	0	0	1	0	1	0	0	0	1	0	0	1	0	1	1	0	0	0	1	0	0	1	0	0	0	1	1	S
NMDC20585910	0	0	0	0	0	1	0	0	0	0	1	0	0	0	0	0	0	0	0	0	0	0	0	0	0	0	0	0	1	1	S
NMDC20553719	0	0	0	0	0	1	0	0	0	0	1	0	0	0	0	0	0	0	0	0	0	0	0	0	0	0	0	0	1	1	S
NMDC20585911	0	0	0	0	0	1	0	0	0	0	1	0	0	0	0	0	0	0	0	0	0	0	0	0	0	0	0	0	1	1	S
NMDC20557745	0	0	0	0	0	0	0	0	0	0	0	1	0	0	0	0	1	0	0	0	1	1	0	0	1	0	0	0	1	0	S
NMDC20585912	0	0	0	0	0	1	0	1	0	0	0	1	0	0	1	0	1	1	0	0	0	1	0	0	1	0	0	0	1	1	S
NMDC20585914	0	0	0	0	0	1	0	0	0	0	1	0	0	0	0	0	0	0	0	0	0	0	0	0	0	0	0	0	1	1	S
NMDC20557746	0	0	0	0	0	0	0	0	0	0	0	1	0	0	0	0	1	0	0	0	1	1	0	0	1	0	0	0	1	0	S
NMDC20551700	0	0	0	0	0	1	0	0	0	0	1	0	0	0	0	0	0	0	0	0	0	0	0	0	0	0	0	0	1	1	S
NMDC20585915	0	0	0	0	0	0	0	1	0	0	0	1	0	0	0	0	0	0	0	0	1	0	0	0	0	0	1	0	0	1	S
NMDC20585916	0	0	0	0	0	0	0	0	0	0	1	0	0	0	0	0	0	0	0	0	1	1	0	0	0	0	1	0	1	1	S
NMDC20551701	0	0	0	0	0	0	0	0	0	0	1	0	0	0	0	0	0	0	0	0	1	1	0	0	0	0	1	0	1	1	S
NMDC20585917	0	0	1	0	1	0	0	0	0	0	0	1	0	0	0	1	0	0	1	0	0	0	0	0	0	0	0	0	0	0	S
NMDC20555734	0	0	1	0	1	0	0	0	0	0	0	1	0	0	0	1	0	0	1	0	0	0	0	0	0	0	0	0	0	0	S
NMDC20551702	0	0	0	0	0	1	0	0	0	0	1	0	0	0	0	0	0	0	0	0	0	0	0	0	0	0	0	0	1	1	S
NMDC20551703	0	0	0	0	0	1	0	0	0	0	1	0	0	0	0	0	0	0	0	0	0	0	0	0	0	0	0	0	1	1	S
NMDC20553720	0	0	0	0	0	1	0	0	0	0	1	0	0	0	0	0	0	0	0	0	0	0	0	0	0	0	0	0	1	1	S
NMDC20555731	0	0	0	0	0	1	0	1	0	0	0	1	0	0	0	0	0	1	0	0	1	1	0	0	0	0	0	0	0	1	S
NMDC20557747	0	0	0	0	0	1	0	1	0	0	0	1	0	0	1	0	1	1	0	0	0	1	0	0	1	0	0	0	1	1	S
NMDC20555733	0	0	0	0	0	1	0	0	0	0	1	0	0	0	0	0	0	0	0	0	0	0	0	0	0	0	0	0	1	1	S
NMDC20585919	0	0	0	0	0	1	0	1	0	0	0	1	0	0	1	0	1	1	0	0	0	1	0	0	1	0	0	0	1	1	S
NMDC20555736	0	0	0	0	0	1	0	0	0	0	0	1	0	0	1	0	0	1	0	0	0	0	0	0	0	0	1	0	1	1	S
NMDC20557748	0	0	0	0	0	0	0	1	0	0	0	1	0	0	0	0	1	0	0	0	1	1	0	0	0	0	0	0	0	0	S
NMDC20585920	0	0	0	0	0	1	0	1	0	0	0	1	0	0	1	0	1	1	0	0	0	1	0	0	1	0	0	0	1	1	S
NMDC20551704	0	0	1	0	1	0	0	0	0	0	0	1	0	0	0	1	0	0	1	0	0	0	0	0	0	0	0	0	0	0	S
NMDC20557749	0	0	0	0	0	1	0	0	0	0	1	0	0	0	0	0	0	0	0	0	0	0	0	0	0	0	0	0	1	1	S
NMDC20553721	0	0	0	0	0	0	0	0	0	0	0	1	0	0	0	0	0	0	0	0	0	0	0	0	0	0	0	0	0	0	S
NMDC20553722	0	0	1	0	1	0	0	0	0	0	0	1	0	0	0	1	0	0	1	0	0	0	0	0	0	0	0	0	0	0	S
NMDC20553723	0	0	0	1	0	1	0	1	0	0	0	1	1	0	1	0	0	0	0	0	1	1	0	0	0	0	0	0	1	1	S
NMDC20551708	0	0	0	0	0	0	0	0	0	0	0	1	0	0	0	0	1	0	0	0	1	1	0	0	1	0	0	0	1	0	S
NMDC20553725	0	0	0	0	0	1	0	1	0	0	0	1	0	0	1	0	1	1	0	0	0	1	0	0	1	0	0	0	1	1	S
NMDC20585922	0	0	0	0	0	1	0	0	0	0	0	1	0	0	1	0	0	1	0	0	0	0	0	0	0	0	1	0	1	1	S
NMDC20585923	0	0	0	0	0	1	0	0	0	0	0	0	0	0	0	0	0	0	0	0	1	1	0	0	0	0	0	0	0	0	S
NMDC20553726	0	0	0	0	0	1	0	0	0	0	0	0	0	0	1	0	0	1	1	0	1	1	0	0	0	0	0	0	0	1	S
NMDC20555737	0	0	0	0	0	0	0	0	0	0	0	1	0	0	0	0	1	1	0	0	0	0	0	0	1	0	0	0	0	1	S
NMDC20585924	0	0	1	0	1	0	0	0	0	0	0	1	0	0	0	1	0	0	1	0	0	0	0	0	0	0	0	0	0	0	S
NMDC20557750	0	0	0	0	0	1	0	0	0	0	1	0	0	0	0	0	0	0	0	0	0	0	0	0	0	0	0	0	1	1	S
NMDC20557751	0	0	0	0	0	1	0	0	0	0	0	1	0	0	0	0	0	0	0	0	0	1	0	0	0	0	0	0	0	0	S
NMDC20557752	0	0	0	0	0	1	0	1	0	0	0	1	0	0	0	0	0	1	0	0	1	1	0	0	0	0	0	0	0	1	S
NMDC20585925	0	0	0	0	0	1	0	0	0	0	1	0	0	0	0	0	0	0	0	0	0	0	0	0	0	0	0	0	1	1	S
NMDC20551710	0	0	0	0	0	1	0	0	0	0	1	0	0	0	0	0	0	0	0	0	0	0	0	0	0	0	0	0	1	1	S
NMDC20555739	0	0	0	0	0	1	0	1	0	0	0	1	0	0	1	0	1	1	0	0	0	1	0	0	1	0	0	0	1	1	S
NMDC20585927	0	0	0	0	0	1	0	1	0	0	0	1	0	0	1	0	1	1	1	0	0	1	0	0	1	0	0	0	1	1	S
NMDC20553727	0	0	0	0	0	1	0	0	0	0	1	0	0	0	0	0	0	0	0	0	0	0	0	0	0	0	0	0	1	1	S
NMDC20557756	0	0	0	0	0	1	0	0	0	0	1	0	0	0	0	0	0	0	0	0	0	0	0	0	0	0	0	0	1	1	S
NMDC20551711	0	0	0	0	0	1	0	1	0	0	0	1	0	0	1	0	1	1	0	0	0	1	0	0	1	0	0	0	1	1	S
NMDC20555741	0	0	0	0	0	1	0	0	0	0	1	0	0	0	0	0	0	0	0	0	0	0	0	0	0	0	0	0	1	1	S
NMDC20557754	0	0	0	0	0	1	0	0	0	0	1	0	0	0	0	0	0	0	0	0	0	0	0	0	0	0	0	0	1	1	S
NMDC20557755	0	0	0	0	0	1	0	0	0	0	1	0	0	0	0	0	0	0	0	0	0	0	0	0	0	0	0	0	1	1	S
NMDC20555742	0	0	0	0	0	1	0	0	0	0	1	0	0	0	0	0	0	0	0	0	0	0	0	0	0	0	0	0	1	1	S
NMDC20585931	0	0	0	0	0	1	0	0	0	0	1	0	0	0	0	0	0	0	0	0	0	0	0	0	0	0	0	0	1	1	S
NMDC20585932	0	0	0	0	0	1	0	1	0	0	0	1	0	0	1	0	1	1	0	0	0	1	0	0	1	0	0	0	1	1	S
NMDC20553728	0	0	0	0	0	1	0	1	0	0	0	1	0	0	1	0	1	1	0	0	0	1	0	0	1	0	0	0	1	1	S
NMDC20555743	0	0	0	0	0	1	0	0	0	0	1	0	0	0	0	0	0	0	0	0	0	0	0	0	0	0	0	0	1	1	S
NMDC20557758	0	0	0	0	0	1	0	0	0	0	1	0	0	0	0	0	0	0	0	0	0	0	0	0	0	0	0	0	1	1	S
NMDC20585934	0	0	0	0	0	1	0	0	0	0	0	0	0	0	1	0	0	1	1	0	1	1	0	0	0	0	0	0	0	1	S
NMDC20553729	0	0	0	0	0	1	0	0	0	0	1	0	0	0	0	0	0	0	0	0	0	0	0	0	0	0	0	0	1	1	S
NMDC20557759	0	0	0	0	0	1	0	1	0	0	0	1	0	0	1	0	1	1	0	0	0	1	0	0	1	0	0	0	1	1	S
NMDC20553730	0	0	0	0	0	1	0	0	0	0	1	0	0	0	0	0	0	0	0	0	0	0	0	0	0	0	0	0	1	1	S
NMDC20585936	0	0	0	0	0	1	0	1	0	0	0	1	0	0	1	0	1	1	0	0	0	1	0	0	1	0	0	0	1	1	S
NMDC20551715	0	0	1	0	1	0	0	0	0	0	0	0	0	0	0	1	0	0	0	0	0	0	0	0	0	0	0	0	0	0	S
NMDC20555744	0	0	0	0	0	1	0	0	0	0	1	0	0	0	0	0	0	0	0	0	0	0	0	0	0	0	0	0	1	1	S
NMDC20585937	0	0	0	0	0	1	0	0	0	0	1	0	0	0	0	0	0	0	0	0	0	0	0	0	0	0	0	0	1	1	S
NMDC20585938	0	0	0	0	0	1	0	1	0	0	0	1	0	0	1	0	1	1	1	0	0	1	0	0	1	0	0	0	1	1	S
NMDC20585940	0	0	0	0	0	0	0	0	0	0	0	1	0	0	0	0	0	0	0	0	1	1	0	1	0	0	0	0	0	1	S
NMDC20585941	0	0	0	0	0	0	0	0	0	0	0	1	0	0	0	0	0	0	0	0	1	1	0	1	0	0	0	0	0	1	S
NMDC20553733	0	0	0	0	0	1	0	1	0	0	0	1	0	0	1	0	1	1	0	0	0	1	0	0	1	0	0	0	1	1	S
NMDC20551716	0	0	0	0	0	1	0	0	0	0	1	0	0	0	0	0	0	0	0	0	0	0	0	0	0	0	0	0	1	1	S
NMDC20553734	0	0	0	0	0	1	0	0	0	0	1	0	0	0	0	0	0	0	0	0	0	0	0	0	0	0	0	0	1	1	S
NMDC20585943	0	0	0	0	0	1	0	0	0	0	1	0	0	0	0	0	0	0	0	0	0	0	0	0	0	0	0	0	1	1	S
NMDC20557761	0	0	0	0	0	1	0	1	0	0	0	1	0	0	1	0	1	1	0	0	0	1	0	0	1	0	0	0	1	1	S
NMDC20585944	0	0	0	0	0	1	0	0	0	0	1	0	0	0	0	0	0	0	0	0	0	0	0	0	0	0	0	0	1	1	S
NMDC20555746	0	0	0	0	0	1	0	0	0	0	1	0	0	0	0	0	0	0	0	0	0	0	0	0	0	0	0	0	1	1	S
NMDC20585945	0	0	0	0	0	1	0	0	0	0	1	0	0	0	0	0	0	0	0	0	0	0	0	0	0	0	0	0	1	1	S
NMDC20585946	0	0	0	0	0	1	0	1	0	0	0	1	0	0	1	0	1	1	0	0	0	1	0	0	1	0	0	0	1	1	S
NMDC20585947	1	0	1	0	0	0	0	0	0	0	0	1	0	0	0	1	0	0	0	0	0	0	0	0	0	0	0	0	0	0	S
NMDC20557762	0	0	0	0	0	1	0	1	0	0	0	1	0	0	0	0	0	0	1	0	1	1	0	0	0	0	0	0	0	0	S
NMDC20551718	0	0	0	0	0	1	0	0	0	0	1	0	0	0	0	0	0	0	0	0	0	0	0	0	0	0	0	0	1	1	S
NMDC20553735	0	0	0	0	0	1	0	0	0	0	0	0	0	0	0	0	0	0	0	0	0	0	0	0	1	0	1	0	1	0	S
NMDC20585949	0	0	0	0	0	1	0	0	0	0	0	0	0	0	0	0	0	0	0	0	0	0	0	0	1	0	1	0	1	0	S
NMDC20585950	0	0	0	0	0	1	0	0	0	0	1	0	0	0	0	0	0	0	0	0	0	0	0	0	0	0	0	0	1	1	S
NMDC20553738	0	0	0	0	0	1	0	1	0	0	0	1	0	0	0	0	0	0	1	0	1	1	0	0	0	0	0	0	0	0	S
NMDC20551720	0	0	0	0	0	0	0	0	0	0	0	1	0	0	0	0	0	0	1	0	0	0	0	0	0	0	0	0	0	0	S
NMDC20557765	0	0	0	0	0	0	0	0	0	0	0	0	0	0	0	0	0	0	0	0	0	1	0	0	0	0	0	0	0	0	S
NMDC20585951	0	0	0	0	0	1	0	0	0	0	0	0	0	0	0	0	0	0	0	0	1	1	0	0	0	0	0	0	0	0	S
NMDC20585952	0	0	0	0	0	1	0	1	0	0	0	1	0	0	1	0	1	1	0	0	0	1	0	0	1	0	0	0	1	1	S
NMDC20553739	0	0	0	0	0	1	0	0	0	0	1	0	0	0	0	0	0	0	0	0	0	0	0	0	0	0	0	0	1	1	S
NMDC20557767	0	0	0	0	0	1	0	1	0	0	0	1	0	0	1	0	1	1	0	0	0	1	0	0	1	0	0	0	1	1	S
NMDC20551721	0	0	1	0	1	0	0	0	0	0	0	1	0	0	0	1	0	0	1	0	0	0	0	0	0	0	0	0	0	0	S
NMDC20585954	0	0	1	0	1	0	0	0	0	0	0	1	0	0	0	1	0	0	0	0	0	0	0	0	0	0	0	0	0	0	S
NMDC20585955	0	0	0	0	0	1	0	0	0	0	1	0	0	0	0	0	0	0	0	0	0	0	0	0	0	0	0	0	1	1	S
NMDC20557768	0	0	0	0	0	1	0	0	0	0	1	0	0	0	0	0	0	0	0	0	0	0	0	0	0	0	0	0	1	1	S
NMDC20555747	0	0	0	0	0	1	0	0	0	0	1	0	0	0	0	0	0	0	0	0	0	0	0	0	0	0	0	0	1	1	S
NMDC20585957	0	0	1	0	1	0	0	0	0	0	0	1	0	0	0	1	0	0	1	0	0	0	0	0	0	0	0	0	0	0	S
NMDC20553741	0	0	1	0	1	0	0	0	0	0	0	1	0	0	0	1	1	1	0	0	0	0	0	0	1	0	0	0	0	1	S
NMDC20585958	0	0	0	0	0	1	0	0	0	0	1	0	0	0	0	0	0	0	0	0	0	0	0	0	0	0	0	0	1	1	S
NMDC20551726	0	0	0	0	0	1	0	1	0	0	0	1	0	0	0	0	0	1	0	0	1	1	0	0	0	0	0	0	0	1	S
NMDC20557769	0	0	0	0	0	1	0	1	0	0	0	1	0	0	1	0	1	1	0	0	0	1	0	0	1	0	0	0	1	1	S
NMDC20555749	0	0	0	0	0	1	0	0	0	0	1	0	0	0	0	0	0	0	0	0	0	0	0	0	0	0	0	0	1	1	S
NMDC20585959	0	0	1	1	1	1	0	1	0	0	0	1	1	0	1	1	0	0	1	0	1	1	0	0	0	0	0	0	1	1	S
NMDC20555750	0	0	0	0	0	1	0	0	0	0	1	0	0	0	0	0	0	0	0	0	0	0	0	0	0	0	0	0	1	1	S
NMDC20585960	0	0	1	1	1	1	0	1	0	0	0	1	1	0	1	1	0	0	1	0	1	1	0	0	0	0	0	0	1	1	S
NMDC20585961	0	0	0	0	0	1	0	0	0	0	0	1	0	0	1	0	0	1	0	0	0	0	0	0	0	0	1	0	1	1	S
NMDC20585962	0	0	0	0	0	1	0	0	0	0	1	0	0	0	0	0	0	0	0	0	0	0	0	0	0	0	0	0	1	1	S
NMDC20585963	0	0	0	0	0	1	0	1	0	0	0	1	0	0	0	0	0	1	0	0	1	1	0	0	0	0	0	0	0	1	S
NMDC20585965	0	0	1	0	0	1	0	1	0	0	0	1	0	0	1	1	1	1	0	0	0	1	0	0	1	0	0	0	1	1	S
NMDC20555752	0	0	0	0	0	0	0	0	0	0	0	0	0	0	0	0	0	0	0	0	0	1	0	0	0	0	0	0	0	0	S
NMDC20553743	0	0	1	0	1	0	0	0	0	0	0	1	0	0	0	1	0	0	1	0	0	0	0	0	0	0	0	0	0	0	S
NMDC20553742	0	0	0	0	0	1	0	1	0	0	0	1	0	0	1	0	1	1	0	0	0	1	0	0	1	0	0	0	1	1	S
NMDC20557770	0	0	0	0	0	1	0	0	0	0	1	0	0	0	0	0	0	0	0	0	0	0	0	0	0	0	0	0	1	1	S
NMDC20585968	0	0	0	0	0	1	0	0	0	0	1	0	0	0	0	0	0	0	0	0	0	0	0	0	0	0	0	0	1	1	S
NMDC20551728	0	0	0	0	0	1	0	0	0	0	1	0	0	0	0	0	0	0	0	0	0	0	0	0	0	0	0	0	1	1	S
NMDC20555753	0	0	0	0	0	1	0	0	0	0	1	0	0	0	0	0	0	0	0	0	0	0	0	0	0	0	0	0	1	1	S
NMDC20551729	0	0	0	0	0	1	0	1	0	0	0	1	0	0	0	0	1	1	0	0	1	1	0	1	0	0	1	0	0	1	S
NMDC20553746	0	0	0	0	0	1	0	1	0	0	0	1	0	0	1	0	1	1	1	0	0	1	0	0	1	0	0	0	1	1	S
NMDC20585969	0	0	0	0	0	1	0	1	0	0	0	1	0	0	1	0	1	1	0	0	0	1	0	0	1	0	0	0	1	1	S
NMDC20557773	0	0	0	0	0	1	0	1	0	0	0	1	0	0	1	0	1	1	1	0	0	1	0	0	1	0	0	0	1	1	S
NMDC20585970	0	0	0	0	0	1	0	0	0	0	0	1	0	0	1	0	0	1	0	0	0	0	0	0	0	0	1	0	1	1	S
NMDC20585971	0	0	0	0	0	1	0	0	0	0	1	0	0	0	0	0	0	0	0	0	0	0	0	0	0	0	0	0	1	1	S
NMDC20555755	0	0	0	0	0	1	0	1	0	0	0	1	0	0	1	0	1	1	0	0	0	1	0	0	1	0	0	0	1	1	S
NMDC20553744	0	0	0	0	0	1	0	1	0	0	0	1	0	0	1	0	1	1	0	0	0	1	0	0	1	0	0	0	1	1	S
NMDC20557774	0	0	0	0	0	0	0	0	0	0	0	1	0	0	0	0	1	0	0	0	1	1	0	0	1	0	0	0	1	0	S
NMDC20553745	0	0	0	0	0	0	0	0	0	0	0	0	0	0	0	0	1	1	0	1	0	0	0	1	0	0	0	0	0	0	S
NMDC20553747	0	0	0	0	0	0	0	0	0	0	0	1	0	0	0	0	1	0	1	0	1	1	0	0	1	0	0	0	1	0	S
NMDC20585972	0	0	0	0	0	0	0	0	0	0	0	1	0	0	0	0	0	0	0	0	0	0	0	0	0	0	0	0	0	0	S
NMDC20551730	0	0	0	0	0	1	0	0	0	0	1	0	0	0	0	0	0	0	0	0	0	0	0	0	0	0	0	0	1	1	S
NMDC20555757	0	0	0	0	0	1	0	1	0	0	0	1	0	0	1	0	1	1	0	0	0	1	0	0	1	0	0	0	1	1	S
NMDC20551731	0	0	0	0	0	1	0	0	0	0	1	0	0	0	0	0	0	0	0	0	0	0	0	0	0	0	0	0	1	1	S
NMDC20585977	0	0	0	0	0	0	0	0	0	0	0	1	0	0	0	0	1	0	0	0	1	1	0	0	1	0	0	0	1	0	S
NMDC20557777	0	0	0	0	0	1	0	1	0	0	0	1	0	0	1	0	1	1	0	0	0	1	0	0	1	0	0	0	1	1	S
NMDC20585979	0	0	0	0	0	1	0	0	0	0	1	0	0	0	0	0	0	0	0	0	0	0	0	0	0	0	0	0	1	1	S
NMDC20557779	0	0	0	0	0	1	0	0	0	0	1	0	0	0	0	0	0	0	0	0	0	0	0	0	0	0	0	0	1	1	S
NMDC20553750	0	0	0	0	0	1	0	1	0	0	0	1	0	0	1	0	0	0	0	0	0	1	0	0	0	0	0	0	1	0	S
NMDC20557780	0	0	0	0	0	1	0	1	0	0	0	1	0	0	1	0	1	1	0	0	0	1	0	0	1	0	0	0	1	1	S
NMDC20551734	0	0	0	0	0	1	0	1	0	0	0	1	0	0	1	0	1	1	1	0	0	1	0	0	1	0	0	0	1	1	S
NMDC20551735	0	0	0	0	0	1	0	1	0	0	0	1	0	0	1	0	0	0	0	0	0	1	0	0	0	0	0	0	1	0	S
NMDC20585983	0	0	0	0	0	1	0	1	0	0	0	1	0	0	1	0	1	1	0	0	0	1	0	0	1	0	0	0	1	1	S
NMDC20585990	0	0	0	0	0	1	0	0	0	0	1	0	0	0	0	0	0	0	0	0	0	0	0	0	0	0	0	0	1	1	S
NMDC20585992	0	0	0	0	0	1	0	0	0	0	1	0	0	0	0	0	0	0	0	0	0	0	0	0	0	0	0	0	1	1	S
NMDC20551742	0	0	0	0	0	1	0	0	0	0	1	0	0	0	0	0	0	0	0	0	0	0	0	0	0	0	0	0	1	1	S
NMDC20557785	0	0	0	0	0	0	0	0	0	0	0	1	0	0	0	0	0	0	0	0	1	1	0	1	0	0	0	0	0	1	S
NMDC20586006	0	0	0	0	0	1	0	0	0	0	0	0	0	0	1	0	0	1	1	0	1	1	0	0	0	0	0	0	0	1	S
NMDC20557786	0	0	0	0	0	1	0	0	0	0	1	0	0	0	0	0	0	0	0	0	0	0	0	0	0	0	0	0	1	1	S
NMDC20551743	0	0	0	0	0	1	0	0	0	0	1	0	0	0	0	0	0	0	0	0	0	0	0	0	0	0	0	0	1	1	S
NMDC20557788	0	0	0	0	0	1	0	1	0	0	0	1	0	0	1	0	1	1	1	0	0	1	0	0	1	0	0	0	1	1	S
NMDC20557787	0	0	0	0	0	1	0	1	0	0	0	1	0	0	1	0	1	1	0	0	0	1	0	0	1	0	0	0	1	1	S
NMDC20586007	0	0	0	0	0	1	0	1	0	0	0	1	0	0	0	0	0	0	0	0	0	0	0	1	0	0	0	0	1	1	S
NMDC20555763	0	0	0	0	0	0	0	0	0	0	0	0	0	0	0	0	0	0	0	0	0	1	0	0	0	0	0	0	0	0	S
NMDC20553756	0	0	0	0	0	0	0	0	0	0	0	1	0	0	0	0	0	0	0	0	0	0	0	0	0	0	0	0	0	1	S
NMDC20557790	0	0	0	0	0	0	0	0	0	0	0	1	0	0	1	0	0	0	0	0	0	1	0	0	0	0	0	0	0	0	S
NMDC20555764	0	0	0	0	0	0	0	0	0	0	0	0	0	0	0	0	1	0	0	0	0	1	0	0	0	0	0	0	1	0	S
NMDC20555765	0	0	0	0	0	1	0	1	0	0	0	1	0	0	0	0	0	0	0	0	0	0	0	1	0	0	0	0	1	1	S
NMDC20586012	0	0	0	0	0	1	0	1	0	0	0	1	1	0	1	0	0	0	0	0	1	1	0	0	0	0	0	0	1	1	S
NMDC20551746	0	0	0	0	0	0	0	0	0	0	0	0	0	0	0	0	1	1	0	1	0	0	0	1	0	0	0	0	0	0	S
NMDC20586013	0	0	0	0	0	1	0	1	0	0	0	1	0	0	1	0	1	1	0	0	0	1	0	0	1	0	0	0	1	1	S
NMDC20553757	0	0	0	0	0	1	0	0	0	0	1	0	0	0	0	0	0	0	0	0	0	0	0	0	0	0	0	0	1	1	S
NMDC20586014	0	0	0	0	0	1	0	1	0	0	0	1	0	0	1	0	1	1	0	0	0	1	0	0	1	0	0	0	1	1	S
NMDC20553759	0	0	0	0	0	1	0	0	0	0	0	0	0	0	0	0	0	0	0	0	1	1	0	0	0	0	0	0	0	0	S
NMDC20586016	0	0	0	0	0	1	0	1	0	0	0	1	0	0	1	0	1	1	0	0	0	1	0	0	1	0	0	0	1	1	S
NMDC20557792	0	0	0	0	0	0	0	0	0	0	0	0	0	0	0	0	1	1	0	1	0	0	0	1	0	0	0	0	0	0	S
NMDC20586017	0	0	0	0	0	1	0	0	0	0	1	0	0	0	0	0	0	0	0	0	0	0	0	0	0	0	0	0	1	1	S
NMDC20555766	0	0	0	0	0	1	0	1	0	0	0	1	0	0	0	0	0	0	1	0	1	1	0	0	0	0	0	0	0	0	S
NMDC20555768	0	0	0	0	0	1	0	0	0	0	1	0	0	0	0	0	0	0	0	0	0	0	0	0	0	0	0	0	1	1	S
NMDC20551749	0	0	0	0	0	1	0	1	0	0	0	1	0	0	1	0	0	0	0	0	0	1	0	0	1	0	0	0	0	1	S
NMDC20555770	0	0	0	0	0	1	0	0	0	0	1	0	0	0	0	0	0	0	0	0	0	0	0	0	0	0	0	0	1	1	S
NMDC20551752	0	0	0	0	0	1	0	0	0	0	1	0	0	0	0	0	0	0	0	0	0	0	0	0	0	0	0	0	1	1	S
NMDC20551751	0	0	0	0	0	1	0	1	0	0	0	1	0	0	1	0	1	1	0	0	0	1	0	0	1	0	0	0	1	1	S
NMDC20553763	0	0	0	0	0	0	0	1	0	0	0	1	0	0	0	0	0	0	0	0	1	0	0	0	0	0	1	0	0	1	S
NMDC20553764	0	0	0	0	0	1	0	1	0	0	0	1	0	0	1	0	1	1	0	0	0	1	0	0	1	0	0	0	1	1	S
NMDC20553765	0	0	0	0	0	1	0	1	0	0	0	1	0	0	1	0	0	0	0	0	0	1	0	0	0	0	0	0	1	0	S
NMDC20553768	0	0	0	0	0	1	0	0	0	0	1	0	0	0	0	0	0	0	0	0	0	0	0	0	0	0	0	0	1	1	S
NMDC20586056	0	0	1	0	1	0	0	0	0	0	0	1	0	0	0	1	0	0	1	0	0	0	0	0	0	0	0	0	0	0	S
NMDC20586057	0	0	0	0	0	1	0	1	0	0	0	1	0	0	1	0	1	1	0	0	0	1	0	0	1	0	0	0	1	1	S
NMDC20586058	0	0	0	0	0	1	0	1	0	0	0	1	0	0	1	0	1	1	1	0	0	1	0	0	1	0	0	0	1	1	S
NMDC20586059	0	0	0	0	0	1	0	1	0	0	0	1	0	0	1	0	1	1	1	0	0	1	0	0	1	0	0	0	1	1	S
NMDC20586060	0	0	0	0	0	0	0	1	0	0	0	1	0	0	0	0	0	0	1	0	0	0	0	0	0	0	1	0	0	1	S
NMDC20586062	0	0	0	0	0	0	0	1	0	0	0	1	0	0	0	0	0	0	1	0	0	0	0	0	0	0	1	0	0	1	S
NMDC20586063	0	0	0	0	0	1	0	1	0	0	0	1	0	0	1	0	1	1	0	0	0	1	0	0	1	0	0	0	1	1	S
NMDC20586064	0	0	0	0	0	1	0	1	0	0	0	1	0	0	1	0	1	1	0	0	0	1	0	0	1	0	0	0	1	1	S
NMDC20586065	0	0	0	0	0	1	0	1	0	0	0	1	0	0	0	0	0	0	0	0	0	0	0	1	0	0	0	0	1	1	S
NMDC20586067	0	0	0	0	0	1	0	0	0	0	0	1	0	0	0	0	0	0	0	0	1	1	0	0	0	0	1	0	1	0	S
NMDC20586068	0	0	0	0	0	1	0	1	0	0	0	1	0	0	1	0	1	1	0	0	0	1	0	0	1	0	0	0	1	1	S
NMDC20586069	0	0	0	0	0	0	0	0	0	0	0	1	0	0	0	0	1	0	0	0	1	1	0	0	1	0	0	0	1	0	S
NMDC20586070	0	0	0	0	0	1	0	1	0	0	0	1	1	0	1	0	0	0	0	0	1	1	0	0	0	0	0	0	1	1	S
NMDC20586071	0	0	0	0	0	1	0	0	0	0	1	0	0	0	0	0	0	0	0	0	0	0	0	0	0	0	0	0	1	1	S
NMDC20586072	0	0	0	0	0	1	0	1	0	0	0	1	0	0	1	0	1	1	0	0	0	1	0	0	1	0	0	0	1	1	S
NMDC20586074	0	0	0	0	0	0	0	1	0	0	0	1	0	0	0	0	1	1	0	0	0	1	0	0	0	0	0	0	1	0	S
NMDC20586075	0	0	0	0	0	1	0	1	0	0	0	1	0	0	1	0	1	1	0	0	0	1	0	0	1	0	0	0	1	1	S
NMDC20586076	0	0	0	0	0	1	0	1	0	0	0	1	0	0	1	0	1	1	0	0	0	1	0	0	1	0	0	0	1	1	S
NMDC20586077	0	0	0	0	0	1	0	1	0	0	0	1	0	0	1	0	1	1	0	0	0	1	0	0	1	0	0	0	1	1	S
NMDC20586079	0	0	0	0	0	1	0	1	0	0	0	1	0	0	0	0	0	1	0	0	0	0	0	1	0	0	0	0	1	1	S
NMDC20586080	0	0	0	0	0	1	0	1	0	0	0	1	0	0	1	0	1	1	0	0	0	1	0	0	1	0	0	0	1	1	S
NMDC20586085	0	0	0	0	0	1	0	0	0	0	1	0	0	0	0	0	0	0	0	0	0	0	0	0	0	0	0	0	1	1	S
NMDC20586086	0	0	0	0	0	0	0	0	0	0	0	1	0	0	0	0	0	0	0	0	1	1	0	0	0	0	1	0	1	1	S
NMDC20586087	0	0	0	0	0	1	0	1	0	0	0	1	0	0	1	0	1	1	0	0	0	1	0	0	1	0	0	0	1	1	S
NMDC20586089	0	0	0	0	0	1	0	1	0	0	0	1	0	0	1	0	1	1	0	0	0	1	0	0	1	0	0	0	1	1	S
NMDC20586090	0	0	0	0	0	1	0	1	0	0	0	1	0	0	1	0	1	1	0	0	0	1	0	0	1	0	0	0	1	1	S
NMDC20586091	0	0	0	0	0	1	0	0	0	0	1	0	0	0	0	0	0	0	0	0	0	0	0	0	0	0	0	0	1	1	S
NMDC20586092	0	0	0	0	0	0	0	0	0	0	0	1	0	0	0	0	0	0	0	0	0	0	0	0	0	0	0	0	0	0	S
NMDC20586093	0	0	0	0	0	1	0	0	0	0	1	0	0	0	0	0	0	0	0	0	0	0	0	0	0	0	0	0	1	1	S
NMDC20586094	0	0	0	0	0	1	0	0	0	0	1	0	0	0	0	0	0	0	0	0	0	0	0	0	0	0	0	0	1	1	S
NMDC20586095	0	0	0	0	0	1	0	1	0	0	0	1	0	0	1	0	1	1	0	0	0	1	0	0	1	0	0	0	1	1	S
NMDC20586096	0	0	0	0	0	0	0	1	0	0	0	1	0	0	0	0	0	0	0	0	0	1	0	0	0	0	0	0	0	1	S
NMDC20586099	0	0	0	0	0	0	0	0	0	0	0	0	0	0	0	0	1	1	0	1	0	0	0	1	0	0	0	0	0	0	S
NMDC20586100	0	0	0	0	0	1	0	0	0	0	0	1	0	0	0	0	0	0	0	0	1	1	0	0	0	0	1	0	1	0	S
NMDC20586101	0	0	0	0	0	0	0	1	0	0	0	1	0	0	0	0	0	0	1	0	0	1	0	0	0	0	0	0	0	1	S
NMDC20586102	0	0	0	0	0	0	0	1	0	0	0	1	0	0	0	0	0	0	0	0	1	0	0	0	0	0	1	0	0	1	S
NMDC20551757	0	0	0	0	0	1	0	1	0	0	0	1	0	0	1	0	1	1	0	0	0	1	0	0	1	0	0	0	1	1	S
NMDC20555773	0	0	0	0	0	0	0	0	0	0	0	0	0	0	0	0	0	0	0	0	1	1	0	0	0	0	0	0	0	0	S
NMDC20555774	0	0	0	0	0	1	0	0	0	0	1	0	0	0	0	0	0	0	0	0	0	0	0	0	0	0	0	0	1	1	S
NMDC20553771	0	0	0	0	0	1	0	1	0	0	0	1	0	0	1	0	1	1	0	0	0	1	0	0	1	0	0	0	1	1	S
NMDC20586104	0	0	0	0	0	1	0	1	0	0	0	1	0	0	1	0	1	1	0	0	0	1	0	0	1	0	0	0	1	1	S
NMDC20555776	0	0	0	0	0	1	0	0	0	0	1	0	0	0	0	0	0	0	0	0	0	0	0	0	0	0	0	0	1	1	S
NMDC20586105	0	0	0	0	0	1	0	0	0	0	0	1	0	0	0	0	0	0	0	0	1	1	0	0	0	0	1	0	1	0	S
NMDC20551758	0	0	0	0	0	1	0	1	0	0	0	1	0	0	1	0	1	1	0	0	0	1	0	0	1	0	0	0	1	1	S
NMDC20553773	0	0	0	0	0	0	0	0	0	0	0	0	0	0	0	0	1	1	0	1	0	0	0	1	0	0	0	0	0	0	S
NMDC20551759	0	0	0	0	0	1	0	1	0	0	0	1	0	0	0	0	0	0	1	0	1	1	0	0	0	0	0	0	0	0	S
NMDC20557797	0	0	0	0	0	1	0	1	0	0	0	1	0	0	1	0	1	1	1	0	0	1	0	0	1	0	0	0	1	1	S
NMDC20586107	0	0	0	0	0	1	0	0	0	0	1	0	0	0	0	0	0	0	0	0	0	0	0	0	0	0	0	0	1	1	S
NMDC20586108	0	0	0	0	0	1	0	0	0	0	1	1	0	0	0	0	0	0	1	0	1	1	0	0	0	0	1	0	1	0	S
NMDC20553772	0	0	0	0	0	1	0	0	0	0	1	0	0	0	0	0	0	0	0	0	0	0	0	0	0	0	0	0	1	1	S
NMDC20551760	0	0	0	0	0	1	0	1	0	0	0	1	0	0	1	0	1	1	0	0	0	1	0	0	1	0	0	0	1	1	S
NMDC20586109	0	0	0	0	0	0	0	0	0	0	0	0	0	0	0	0	1	1	0	1	0	0	0	1	0	0	0	0	0	0	S
NMDC20586110	0	0	0	0	0	1	0	1	0	0	0	1	0	0	0	0	0	0	1	0	1	1	0	0	0	0	0	0	0	0	S
NMDC20557798	0	0	0	0	0	1	0	1	0	0	0	1	0	0	1	0	1	1	0	0	0	1	0	0	1	0	0	0	1	1	S
NMDC20557799	0	0	0	0	0	1	0	1	0	0	0	1	0	0	0	0	0	0	1	0	1	1	0	0	0	0	0	0	0	0	S
NMDC20557800	0	0	0	0	0	1	0	0	0	0	1	0	0	0	0	0	0	0	0	0	0	0	0	0	0	0	0	0	1	1	S
NMDC20557803	0	0	1	0	1	0	0	0	0	0	0	1	0	0	0	1	0	0	1	0	0	0	0	0	0	0	0	0	0	0	S
NMDC20551761	0	0	0	0	0	1	0	0	0	0	1	0	0	0	0	0	0	0	0	0	0	0	0	0	0	0	0	0	1	1	S
NMDC20553775	0	0	0	0	0	0	0	0	0	0	0	1	0	0	0	0	1	0	0	0	1	1	0	0	1	0	0	0	1	0	S
NMDC20555781	0	0	0	0	0	1	0	1	0	0	0	1	0	0	1	0	1	1	0	0	0	1	0	0	1	0	0	0	1	1	S
NMDC20555782	0	0	0	0	0	1	0	0	0	0	1	0	0	0	0	0	0	0	0	0	0	0	0	0	0	0	0	0	1	1	S
NMDC20555783	0	0	0	0	0	1	0	0	0	0	1	0	0	0	0	0	0	0	0	0	0	0	0	0	0	0	0	0	1	1	S
NMDC20557802	0	0	0	0	0	1	0	1	0	0	0	1	0	0	1	0	1	1	1	0	0	1	0	0	1	0	0	0	1	1	S
NMDC20586114	0	0	0	0	0	1	0	1	0	0	0	1	0	0	1	0	1	1	0	0	0	1	0	0	1	0	0	0	1	1	S
NMDC20553776	0	0	0	0	0	1	0	1	0	0	0	1	0	0	0	0	0	0	1	0	1	1	0	0	0	0	0	0	0	0	S
NMDC20553777	0	0	0	0	0	1	0	1	0	0	0	1	0	0	1	0	1	0	1	0	0	1	0	0	1	0	0	0	0	1	S
NMDC20551762	0	0	0	0	0	1	0	1	0	0	0	1	0	0	1	0	1	1	0	0	0	1	0	0	1	0	0	0	1	1	S
NMDC20553778	0	0	0	0	0	1	0	1	0	0	0	1	0	0	1	0	1	1	0	0	0	1	0	0	1	0	0	0	1	1	S
NMDC20555785	0	0	0	0	0	1	0	1	0	0	0	1	0	0	1	0	1	1	1	0	0	1	1	0	1	0	0	0	1	1	S
NMDC20557805	0	0	0	0	0	1	0	1	0	0	0	1	0	0	1	0	1	1	1	0	0	1	0	0	1	0	0	0	1	1	S
NMDC20586117	0	0	0	0	0	1	0	1	0	0	0	1	0	0	1	0	1	1	1	0	0	1	0	0	1	0	0	0	1	1	S
NMDC20555786	0	0	0	0	0	1	0	0	0	0	0	1	0	0	0	0	0	0	0	0	1	1	0	0	0	0	1	0	1	0	S
NMDC20555787	0	0	0	0	0	1	0	1	0	0	0	1	0	0	1	0	1	1	1	0	0	1	0	0	1	0	0	0	1	1	S
NMDC20586118	0	0	0	0	0	1	0	1	0	0	0	1	0	0	1	0	1	1	1	0	0	1	0	0	1	0	0	0	1	1	S
NMDC20555788	0	0	0	0	0	1	0	0	0	0	1	0	0	0	0	0	0	0	0	0	0	0	0	0	0	0	0	0	1	1	S
NMDC20586119	0	0	0	0	0	1	0	0	0	0	1	0	0	0	0	0	0	0	0	0	0	0	0	0	0	0	0	0	1	1	S
NMDC20586120	0	0	0	0	0	1	0	0	0	0	1	0	0	0	0	0	0	0	0	0	0	0	0	0	0	0	0	0	1	1	S
NMDC20555789	0	0	1	0	1	0	0	0	0	0	0	1	0	0	0	1	0	0	1	0	0	0	0	0	0	0	0	0	0	0	S
NMDC20586121	0	0	0	0	0	1	0	1	0	0	0	1	0	0	0	0	0	1	0	0	1	1	0	0	0	0	0	0	0	1	S
NMDC20553779	0	0	0	0	0	1	0	1	0	0	0	1	0	0	1	0	1	1	0	0	0	1	0	0	1	0	0	0	1	1	S
NMDC20557806	0	0	0	0	0	1	0	0	0	0	1	0	0	0	0	0	0	0	0	0	0	0	0	0	0	0	0	0	1	1	S
NMDC20551766	0	0	0	0	0	1	0	1	0	0	0	1	0	0	1	0	1	1	1	0	0	1	0	0	1	0	0	0	1	1	S
NMDC20586122	0	0	1	0	1	1	0	1	0	0	0	1	0	0	1	1	1	1	1	0	0	1	0	0	1	0	0	0	1	1	S
NMDC20586123	0	0	0	0	0	1	0	1	0	0	0	1	0	0	0	0	0	0	0	0	0	0	0	1	0	0	0	0	1	1	S
NMDC20586124	0	0	0	0	0	1	0	0	0	0	1	0	0	0	0	0	0	0	0	0	0	0	0	0	0	0	0	0	1	1	S
NMDC20586125	0	0	0	0	0	0	0	1	0	0	0	1	0	0	0	0	1	0	0	0	1	0	0	0	0	0	1	0	0	1	S
NMDC20586126	0	0	0	0	0	1	0	1	0	0	0	1	0	0	0	0	0	0	0	0	1	1	0	0	0	0	0	0	0	0	S
NMDC20555791	0	0	0	0	0	1	0	1	0	0	0	1	0	0	1	0	1	1	1	0	0	1	0	0	1	0	0	0	1	1	S
NMDC20557807	0	0	0	0	0	1	0	0	0	0	1	0	0	0	0	0	0	0	0	0	0	0	0	0	0	0	0	0	1	1	S
NMDC20553780	0	0	0	0	0	1	0	0	0	0	1	0	0	0	0	0	0	0	0	0	0	0	0	0	0	0	0	0	1	1	S
NMDC20553781	0	0	0	0	0	1	0	0	0	0	1	0	0	0	0	0	0	0	0	0	0	0	0	0	0	0	0	0	1	1	S
NMDC20551768	0	0	0	0	0	1	0	0	0	0	1	0	0	0	0	0	0	0	0	0	0	0	0	0	0	0	0	0	1	1	S
NMDC20551769	0	0	0	0	0	1	0	0	0	0	1	0	0	0	0	0	0	0	0	0	0	0	0	0	0	0	0	0	1	1	S
NMDC20555793	0	0	0	0	0	0	0	0	0	0	0	1	0	0	0	0	0	0	0	0	1	1	0	0	0	0	1	0	1	1	S
NMDC20586129	0	0	0	0	0	0	0	0	0	0	0	1	0	0	0	0	1	0	0	0	1	1	0	0	1	0	0	0	1	0	S
NMDC20557809	0	0	0	0	0	1	0	1	0	0	0	1	0	0	0	0	0	0	1	0	1	1	0	0	0	0	0	0	0	0	S
NMDC20551770	0	0	0	0	0	1	0	1	0	0	0	1	0	0	1	0	1	1	0	0	0	1	0	0	1	0	0	0	1	1	S
NMDC20586130	0	0	0	0	0	1	0	1	0	0	0	1	0	0	1	0	1	1	0	0	0	1	0	0	1	0	0	0	1	1	S
NMDC20551771	0	0	0	0	0	1	0	1	0	0	0	1	0	0	1	0	1	1	0	0	0	1	0	0	1	0	0	0	1	1	S
NMDC20551772	0	0	0	0	0	1	0	1	0	0	0	1	0	0	1	0	1	1	0	0	0	1	0	0	1	0	0	0	1	1	S
NMDC20555795	0	0	0	0	0	1	0	1	0	0	0	1	0	0	0	0	0	0	1	0	1	1	0	0	0	0	0	0	0	0	S
NMDC20586131	0	0	0	0	0	1	0	1	0	0	0	1	0	0	1	0	1	1	0	0	0	1	0	0	1	0	0	0	1	1	S
NMDC20553783	0	0	0	0	0	1	0	0	0	0	0	1	0	0	0	0	0	0	1	0	1	1	0	0	0	0	1	0	1	0	S
NMDC20555797	0	0	0	0	0	1	0	1	0	0	0	1	1	0	1	0	0	0	0	0	1	1	0	0	0	0	0	0	1	1	S
NMDC20553784	0	0	0	0	0	1	0	1	0	0	0	1	0	0	1	0	1	1	0	0	0	1	0	0	1	0	0	0	1	1	S
NMDC20557811	0	0	0	0	0	1	0	1	0	0	0	1	0	0	1	0	1	1	0	0	0	1	0	0	1	0	0	0	1	1	S
NMDC20551774	0	0	0	0	0	1	0	1	0	0	0	1	0	0	1	0	0	0	0	0	1	1	0	0	1	0	0	0	0	1	S
NMDC20586133	0	0	0	0	0	1	0	1	0	0	0	1	0	0	1	0	1	1	0	0	0	1	0	0	1	0	0	0	1	1	S
NMDC20586134	0	0	0	0	0	0	0	0	0	0	1	0	0	0	0	0	1	0	0	0	1	1	0	0	0	0	0	0	0	1	S
NMDC20551775	0	0	0	0	0	1	0	1	0	0	0	1	0	0	1	0	1	1	0	0	0	1	0	0	1	0	0	0	1	1	S
NMDC20553786	0	0	0	0	0	0	0	0	0	0	0	1	0	0	0	0	1	0	0	0	1	1	0	0	1	0	0	0	1	0	S
NMDC20586136	0	0	0	0	0	0	0	0	0	0	0	0	0	0	1	0	0	0	0	0	0	1	0	0	0	0	0	1	1	0	S
NMDC20586137	0	0	0	0	0	1	0	1	0	0	0	1	0	0	1	0	1	1	0	0	0	1	0	0	1	0	0	0	1	1	S
NMDC20586138	0	0	0	0	0	1	0	0	0	0	0	1	0	0	0	0	0	0	0	0	1	1	0	0	0	0	1	0	1	0	S
NMDC20586140	0	0	0	0	0	1	0	0	0	0	1	0	0	0	0	0	0	0	0	0	0	0	0	0	0	0	0	0	1	1	S
NMDC20553788	0	0	0	0	0	1	0	1	0	0	0	1	0	0	0	0	0	0	0	0	0	0	0	1	0	0	0	0	1	1	S
NMDC20586141	0	0	0	0	0	1	0	0	0	0	1	0	0	0	0	0	0	0	0	0	0	0	0	0	0	0	0	0	1	1	S
NMDC20557812	0	0	0	0	0	1	0	1	0	0	0	1	0	0	1	0	1	1	0	0	0	1	0	0	1	0	0	0	1	1	S
NMDC20551778	0	0	0	0	0	1	0	1	0	0	0	1	0	0	0	0	0	0	0	0	1	1	0	0	0	0	0	0	0	0	S
NMDC20551779	0	0	0	0	0	0	0	0	0	0	0	1	0	0	0	0	1	0	1	1	1	1	0	1	0	0	0	0	1	0	S
NMDC20586142	0	0	0	0	0	1	0	1	0	0	0	1	0	0	1	0	1	1	0	0	0	1	0	0	1	0	0	0	1	1	S
NMDC20586143	0	0	0	0	0	1	0	1	0	0	0	1	0	0	1	0	1	1	0	0	0	1	0	0	1	0	0	0	1	1	S
NMDC20586144	0	0	0	0	0	1	0	0	0	0	1	0	0	0	0	0	0	0	0	0	0	0	0	0	0	0	0	0	1	1	S
NMDC20586145	0	0	0	0	0	1	0	0	0	0	1	0	0	0	0	0	0	0	1	0	0	0	0	0	0	0	0	0	1	1	S
NMDC20551780	0	0	0	0	0	1	0	1	0	0	0	1	0	0	1	0	1	1	0	0	0	1	0	0	1	0	0	0	1	1	S
NMDC20555800	0	0	0	0	0	1	0	0	0	0	1	0	0	0	0	0	0	0	0	0	0	0	0	0	0	0	0	0	1	1	S
NMDC20586147	0	0	0	0	0	1	0	0	0	0	1	0	0	0	0	0	0	0	0	0	0	0	0	0	0	0	0	0	1	1	S
NMDC20586148	0	0	0	0	0	1	0	0	0	0	1	0	0	0	0	0	0	0	0	0	0	0	0	0	0	0	0	0	1	1	S
NMDC20586149	0	0	0	0	0	1	0	1	0	0	0	1	0	0	0	0	0	0	1	0	1	1	0	0	0	0	0	0	0	0	S
NMDC20586150	0	0	0	0	0	0	0	0	0	0	0	1	0	0	0	0	1	0	0	0	1	1	0	0	1	0	0	0	1	0	S
NMDC20553789	0	0	0	0	0	1	0	1	0	0	0	1	0	0	1	0	1	1	1	0	0	1	0	0	1	0	0	0	1	1	S
NMDC20557813	1	0	0	0	0	1	0	1	0	0	0	1	0	0	1	0	1	1	0	0	0	1	0	0	1	0	0	0	1	1	S
NMDC20557814	0	0	0	0	0	1	0	1	0	0	0	1	0	0	1	0	1	1	1	0	0	1	0	0	1	0	0	0	1	1	S
NMDC20555801	0	0	0	0	0	1	0	0	0	0	1	0	0	0	0	0	0	0	0	0	0	0	0	0	0	0	0	0	1	1	S
NMDC20557815	0	0	0	0	0	1	0	0	0	0	0	1	0	0	1	0	0	1	0	0	0	0	0	0	0	0	1	0	1	1	S
NMDC20551781	0	0	0	0	0	1	0	1	0	0	0	1	0	0	1	0	1	1	1	0	0	1	0	0	1	0	0	0	1	1	S
NMDC20586152	0	0	0	0	0	1	0	1	0	0	0	1	0	0	1	0	1	1	1	0	0	1	0	0	1	0	0	0	1	1	S
NMDC20586153	0	0	0	0	0	1	0	1	0	0	0	1	0	0	1	0	1	1	0	0	0	1	0	0	1	0	0	0	1	1	S
NMDC20557816	0	0	0	0	0	0	0	0	0	0	0	1	0	0	0	0	1	0	0	0	1	1	0	0	1	0	0	0	1	0	S
NMDC20586155	0	0	0	0	0	1	0	1	0	0	0	1	0	0	1	0	1	1	0	0	0	1	0	0	1	0	0	0	1	1	S
NMDC20586156	0	0	0	0	0	1	0	1	0	0	0	1	0	0	1	0	1	1	0	0	0	1	0	0	1	0	0	0	1	1	S
NMDC20553790	0	0	0	0	0	1	0	1	0	0	0	1	0	0	1	0	1	1	0	0	0	1	0	0	1	0	0	0	1	1	S
NMDC20553791	0	0	0	0	0	1	0	1	0	0	0	1	0	0	1	0	1	1	0	0	0	1	0	0	1	0	0	0	1	1	S
NMDC20586157	0	0	0	0	0	0	0	0	0	0	0	1	0	0	0	0	1	0	0	0	1	1	0	0	1	0	0	0	1	0	S
NMDC20555804	0	0	0	0	0	0	0	1	0	0	0	1	1	0	1	0	0	0	0	0	1	1	0	0	0	0	0	0	0	1	S
NMDC20551782	0	0	0	0	0	1	0	1	0	0	0	1	0	0	0	0	0	0	0	0	0	0	0	1	0	0	0	0	1	1	S
NMDC20555805	0	0	0	0	0	0	0	0	0	0	0	0	1	0	0	0	1	0	0	0	1	1	0	0	0	0	1	0	0	1	S
NMDC20557818	0	0	0	0	0	0	0	0	0	0	0	0	1	0	0	0	1	0	0	0	1	1	0	0	0	0	1	0	0	1	S
NMDC20557819	0	0	0	0	0	1	0	0	0	0	1	0	0	0	0	0	0	0	0	0	0	0	0	0	0	0	0	0	1	1	S
NMDC20586159	0	0	0	0	0	0	0	0	0	0	0	0	1	0	0	0	1	0	0	0	1	1	0	0	0	0	1	0	0	1	S
NMDC20586160	0	0	0	0	0	0	0	0	0	0	0	0	1	0	0	0	1	0	0	0	1	1	0	0	0	0	1	0	0	1	S
NMDC20586161	0	0	0	0	0	1	0	0	0	0	0	0	0	0	0	0	0	0	0	0	1	1	0	0	0	0	0	0	0	0	S
NMDC20555806	0	0	0	0	0	1	0	0	0	0	0	1	0	0	1	0	0	1	0	0	0	0	0	0	0	0	1	0	1	1	S
NMDC20586162	0	0	0	0	0	1	0	0	0	0	1	0	0	0	0	0	0	0	0	0	0	0	0	0	0	0	0	0	1	1	S
NMDC20553793	0	0	0	0	0	1	0	0	0	0	1	0	0	0	0	0	0	0	0	0	0	0	0	0	0	0	0	0	1	1	S
NMDC20586163	0	0	0	0	0	1	0	1	0	0	0	1	0	0	1	0	1	1	0	0	0	1	0	0	1	0	0	0	1	1	S
NMDC20586164	0	0	0	0	0	1	0	0	0	0	1	0	0	0	0	0	0	0	0	0	0	0	0	0	0	0	0	0	1	1	S
NMDC20557820	0	0	0	0	0	1	0	0	0	0	1	0	0	0	0	0	0	0	0	0	0	0	0	0	0	0	0	0	1	1	S
NMDC20557821	0	0	0	0	0	1	0	0	0	0	1	0	0	0	0	0	0	0	0	0	0	0	0	0	0	0	0	0	1	1	S
NMDC20586165	0	0	0	0	0	1	0	0	0	0	1	0	0	0	0	0	0	0	0	0	0	0	0	0	0	0	0	0	1	1	S
NMDC20551784	0	0	0	0	0	1	0	0	0	0	1	0	0	0	0	0	0	0	0	0	0	0	0	0	0	0	0	0	1	1	S
NMDC20553795	0	0	0	0	0	1	0	0	0	0	1	0	0	0	0	0	0	0	0	0	0	0	0	0	0	0	0	0	1	1	S
NMDC20553796	0	0	0	0	0	1	0	1	0	0	0	1	0	0	1	0	1	1	0	0	0	1	0	0	1	0	0	0	1	1	S
NMDC20555807	0	0	0	0	0	1	0	1	0	0	0	1	0	0	1	0	1	1	0	0	0	1	0	0	1	0	0	0	1	1	S
NMDC20553797	0	0	0	0	0	1	0	1	0	0	0	1	0	0	1	0	1	1	0	0	0	1	0	0	1	0	0	0	1	1	S
NMDC20586166	0	0	0	0	0	1	0	1	0	0	0	1	0	0	1	0	1	1	0	0	0	1	0	0	1	0	0	0	1	1	S
NMDC20555808	0	0	1	0	1	0	0	0	0	0	0	1	0	0	0	1	0	0	1	0	0	0	0	0	0	0	0	0	0	0	S
NMDC20586167	0	0	0	0	0	1	0	0	0	0	1	0	0	0	0	0	0	0	0	0	0	0	0	0	0	0	0	0	1	1	S
NMDC20586169	0	0	0	0	0	1	0	1	0	0	0	1	0	0	1	0	1	1	0	0	0	1	0	0	1	0	0	0	1	1	S
NMDC20557822	0	0	0	0	0	1	0	1	0	0	0	1	0	0	1	0	1	1	1	0	0	1	0	0	1	0	0	0	1	1	S
NMDC20557823	0	0	0	0	0	1	0	1	0	0	0	1	0	0	1	0	1	1	0	0	0	1	0	0	1	0	0	0	1	1	S
NMDC20553798	0	0	0	0	0	1	0	0	0	0	1	0	0	0	0	0	0	0	0	0	0	0	0	0	0	0	0	0	1	1	S
NMDC20557824	0	0	0	0	0	1	0	1	0	0	0	1	0	0	1	0	1	1	0	0	0	1	0	0	1	0	0	0	1	1	S
NMDC20586172	0	0	0	0	0	0	0	0	0	0	0	1	0	0	0	0	1	0	0	0	1	1	0	0	1	0	0	0	1	0	S
NMDC20586173	0	0	0	0	0	1	0	1	0	0	0	1	0	0	1	0	1	1	0	0	0	1	0	0	1	0	0	0	1	1	S
NMDC20555812	0	0	0	0	0	1	0	1	0	0	0	1	0	0	1	0	1	1	1	0	0	1	0	0	1	0	0	0	1	1	S
NMDC20553801	0	0	0	0	0	1	0	1	0	0	0	1	0	0	1	0	1	1	0	0	0	1	0	0	1	0	0	0	1	1	S
NMDC20553802	0	0	0	0	0	1	0	1	0	0	0	1	0	0	1	0	1	1	0	0	0	1	0	0	1	0	0	0	1	1	S
NMDC20551785	0	0	0	0	0	1	0	1	0	0	0	1	0	0	1	0	1	1	0	0	0	1	0	0	1	0	0	0	1	1	S
NMDC20553803	0	0	0	0	0	1	0	0	0	0	1	0	0	0	0	0	0	0	0	0	0	0	0	0	0	0	0	0	1	1	S
NMDC20553804	0	0	0	0	0	1	0	0	0	0	1	0	0	0	0	0	0	0	0	0	0	0	0	0	0	0	0	0	1	1	S
NMDC20553805	0	0	0	0	0	1	0	0	0	0	1	0	0	0	0	0	0	0	0	0	0	0	0	0	0	0	0	0	1	1	S
NMDC20586176	0	1	1	0	1	1	0	1	0	0	0	1	0	1	1	1	1	1	1	0	0	1	0	0	1	0	0	0	1	1	S
NMDC20557825	0	0	0	0	0	1	0	1	0	0	0	1	0	0	1	0	1	1	0	0	0	1	0	0	1	0	0	0	1	1	S
NMDC20586177	0	0	0	0	0	1	0	1	0	0	0	1	0	0	1	0	1	1	0	0	0	1	0	0	1	0	0	0	1	1	S
NMDC20551786	0	0	0	0	0	1	0	1	0	0	0	1	0	0	1	0	1	1	0	0	0	1	0	0	1	0	0	0	1	1	S
NMDC20557827	0	0	0	0	0	1	0	1	0	0	0	1	0	0	1	0	1	1	0	0	0	1	0	0	1	0	0	0	1	1	S
NMDC20555813	0	0	0	0	0	1	0	1	0	0	0	1	0	0	1	0	1	1	0	0	0	1	0	0	1	0	0	0	1	1	S
NMDC20586178	0	0	0	0	0	1	0	0	0	0	0	1	0	0	0	0	0	0	0	0	1	1	0	0	0	0	1	0	0	1	S
NMDC20551787	0	0	0	0	0	1	0	1	0	0	0	1	0	0	1	0	1	0	0	0	0	1	0	0	1	0	0	0	0	1	S
NMDC20551788	0	0	0	0	0	1	0	1	0	0	0	1	0	0	1	0	1	1	0	0	0	1	0	0	1	0	0	0	1	1	S
NMDC20586179	0	0	0	0	0	1	0	0	0	0	1	0	0	0	0	0	0	0	0	0	0	0	0	0	0	0	0	0	1	1	S
NMDC20551789	0	0	0	0	0	1	0	0	0	0	1	0	0	0	0	0	0	0	0	0	0	0	0	0	0	0	0	0	1	1	S
NMDC20551790	0	0	0	0	0	1	0	0	0	0	1	0	0	0	0	0	0	0	0	0	0	0	0	0	0	0	0	0	1	1	S
NMDC20555814	0	0	0	0	0	1	0	0	0	0	1	0	0	0	0	0	0	0	0	0	0	0	0	0	0	0	0	0	1	1	S
NMDC20557826	0	0	0	0	0	1	0	0	0	0	1	0	0	0	0	0	0	0	0	0	0	0	0	0	0	0	0	0	1	1	S
NMDC20553808	0	0	0	0	0	1	0	0	0	0	1	0	0	0	0	0	0	0	0	0	0	0	0	0	0	0	0	0	1	1	S
NMDC20586180	0	0	0	0	0	1	0	1	0	0	0	1	0	0	1	0	1	1	0	0	0	1	0	0	1	0	0	0	1	1	S
NMDC20553809	0	0	0	0	0	1	0	1	0	0	0	1	0	0	0	0	0	0	1	0	1	1	0	0	0	0	0	0	0	0	S
NMDC20555815	0	0	0	0	0	1	0	1	0	0	0	1	0	0	1	0	1	1	0	0	0	1	0	0	1	0	0	0	1	1	S
NMDC20557828	0	0	0	0	0	1	0	0	0	0	1	0	0	0	0	0	0	0	0	0	0	0	0	0	0	0	0	0	1	1	S
NMDC20557829	0	0	0	0	0	1	0	1	0	0	0	1	0	0	1	0	1	1	1	0	0	1	0	0	1	0	0	0	1	1	S
NMDC20586182	0	0	0	0	0	1	0	1	0	0	0	1	0	0	0	0	0	0	1	0	1	1	0	0	0	0	0	0	0	0	S
NMDC20586183	0	0	0	0	0	1	0	1	0	0	0	1	0	0	0	0	0	0	1	0	1	1	0	0	0	0	0	0	0	0	S
NMDC20553810	0	0	0	0	0	1	0	1	0	0	0	1	0	0	1	0	1	1	0	0	0	1	0	0	1	0	0	0	1	1	S
NMDC20557830	0	0	0	0	0	1	0	0	0	0	1	0	0	0	0	0	0	0	0	0	0	0	0	0	0	0	0	0	1	1	S
NMDC20586184	0	0	0	0	0	1	0	0	0	0	0	1	0	0	0	0	0	0	1	0	1	1	0	0	0	0	1	0	1	0	S
NMDC20586185	0	0	0	0	0	1	0	0	0	0	1	0	0	0	0	0	0	0	0	0	0	0	0	0	0	0	0	0	1	1	S
NMDC20555816	0	0	0	0	0	1	0	1	0	0	0	1	0	0	1	0	1	1	0	0	0	1	0	0	1	0	0	0	1	1	S
NMDC20586186	0	0	0	0	0	1	0	1	0	0	0	1	0	0	1	0	1	1	0	0	0	1	0	0	1	0	0	0	1	1	S
NMDC20555817	0	0	0	0	0	0	0	0	0	0	1	0	0	0	0	0	1	0	0	0	1	1	0	0	0	0	0	0	0	1	S
NMDC20586187	0	0	0	0	0	1	0	1	0	0	0	1	0	0	1	0	1	1	0	0	0	1	0	0	1	0	0	0	1	1	S
NMDC20586189	0	0	0	0	0	1	0	1	0	0	0	1	0	0	1	0	1	1	0	0	0	1	0	0	1	0	0	0	1	1	S
NMDC20557831	0	0	1	0	1	0	0	0	0	0	0	1	0	0	0	1	0	0	1	0	0	0	0	0	0	0	0	0	0	0	S
NMDC20551791	0	0	0	0	0	1	0	1	0	0	0	1	0	0	1	0	1	1	0	0	0	1	0	0	1	0	0	0	1	1	S
NMDC20555820	0	0	0	0	0	1	0	1	0	0	0	1	0	0	1	0	1	1	0	0	0	1	0	0	1	0	0	0	1	1	S
NMDC20586191	0	0	0	0	0	1	0	0	0	0	1	0	0	0	0	0	0	0	0	0	0	0	0	0	0	0	0	0	1	1	S
NMDC20551793	0	0	0	0	0	1	0	0	0	0	1	0	0	0	0	0	0	0	0	0	0	0	0	0	0	0	0	0	1	1	S
NMDC20551795	0	0	1	0	1	0	0	0	0	0	0	1	0	0	0	1	0	0	1	0	0	0	0	0	0	0	0	0	0	0	S
NMDC20586192	0	0	0	0	0	0	0	0	0	0	0	1	0	0	0	0	1	0	0	0	1	1	0	0	1	0	0	0	1	0	S
NMDC20551800	0	0	0	0	0	1	0	1	0	0	0	1	0	0	1	0	1	1	1	0	0	1	0	0	1	0	0	0	1	1	S
NMDC20555821	0	0	1	0	1	0	0	0	0	0	1	0	0	0	0	1	0	0	1	1	0	0	0	1	0	0	0	0	1	1	S
NMDC20557832	0	0	0	0	0	1	0	0	0	0	1	0	0	0	0	0	0	0	0	0	0	0	0	0	0	0	0	0	1	1	S
NMDC20557833	0	0	0	0	0	1	0	0	0	0	1	0	0	0	0	0	0	0	0	0	0	0	0	0	0	0	0	0	1	1	S
NMDC20551799	0	0	0	0	0	1	0	0	0	0	1	0	0	0	0	0	0	0	0	0	0	0	0	0	0	0	0	0	1	1	S
NMDC20586195	0	0	0	0	0	1	0	0	0	0	1	0	0	0	0	0	0	0	0	0	0	0	0	0	0	0	0	0	1	1	S
NMDC20555823	0	0	0	0	0	1	0	0	0	0	1	0	0	0	0	0	0	0	0	0	0	0	0	0	0	0	0	0	1	1	S
NMDC20553814	0	0	0	0	0	1	0	0	0	0	1	0	0	0	0	0	0	0	0	0	0	0	0	0	0	0	0	0	1	1	S
NMDC20557835	0	0	0	0	0	1	0	0	0	0	1	0	0	0	0	0	0	0	0	0	0	0	0	0	0	0	0	0	1	1	S
NMDC20586196	0	0	0	0	0	1	0	1	0	0	0	1	0	0	0	0	0	0	0	0	0	0	0	1	0	0	0	0	1	1	S
NMDC20551801	0	0	0	0	0	1	0	0	0	0	1	0	0	0	0	0	0	0	0	0	0	0	0	0	0	0	0	0	1	1	S
NMDC20555824	0	0	0	0	0	1	0	0	0	0	1	0	0	0	0	0	0	0	1	0	0	0	0	0	0	0	0	0	1	1	S
NMDC20586197	0	0	0	0	0	0	0	0	0	0	0	0	1	0	0	0	1	0	0	0	1	1	0	0	0	0	1	0	0	1	S
NMDC20586198	0	0	0	0	0	1	0	1	0	0	0	1	0	0	1	0	1	1	0	0	0	1	0	0	1	0	0	0	1	1	S
NMDC20551802	0	0	0	0	0	0	0	0	0	0	0	0	1	0	0	0	1	0	0	0	1	1	0	0	0	0	1	0	0	1	S
NMDC20557836	0	0	1	0	1	0	0	0	0	0	0	1	0	0	0	1	0	0	1	0	0	0	0	0	0	0	0	0	0	0	S
NMDC20586201	0	0	0	0	0	0	0	0	0	0	0	0	1	0	0	0	1	0	0	0	1	1	0	0	0	0	1	0	0	1	S
NMDC20555825	0	0	0	0	0	1	0	1	0	0	0	1	0	0	1	0	1	1	0	0	0	1	0	0	1	0	0	0	1	1	S
NMDC20586202	0	0	0	0	0	1	0	1	0	0	0	1	1	0	1	0	0	0	0	0	1	1	0	0	0	0	0	0	1	1	S
NMDC20586203	0	0	0	0	0	1	0	1	0	0	0	1	1	0	1	0	0	0	0	0	1	1	0	0	0	0	0	0	1	1	S
NMDC20551803	0	0	0	0	0	1	0	0	0	0	1	0	0	0	0	0	0	0	0	0	0	0	0	0	0	0	0	0	1	1	S
NMDC20551804	0	0	0	0	0	1	0	0	0	0	1	0	0	0	0	0	0	0	1	0	0	0	0	0	0	0	0	0	1	1	S
NMDC20555826	0	0	0	0	0	1	0	0	0	0	1	0	0	0	0	0	0	0	0	0	0	0	0	0	0	0	0	0	1	1	S
NMDC20553817	0	0	0	0	0	0	0	0	0	0	0	1	0	0	0	0	0	0	0	0	0	0	0	0	0	0	0	0	0	0	S
NMDC20586204	0	0	0	0	0	1	0	0	0	0	1	0	0	0	0	0	0	0	0	0	0	0	0	0	0	0	0	0	1	1	S
NMDC20553815	0	0	0	0	0	1	0	0	0	0	1	0	0	0	0	0	0	0	0	0	0	0	0	0	0	0	0	0	1	1	S
NMDC20557839	0	0	0	0	0	1	0	1	0	0	0	1	0	0	1	0	1	1	0	0	0	1	0	0	1	0	0	0	1	1	S
NMDC20551805	0	0	0	0	0	1	0	1	0	0	0	1	0	0	1	0	1	1	0	0	0	1	0	0	1	0	0	0	1	1	S
NMDC20553816	0	0	0	0	0	1	0	1	0	0	0	1	0	0	1	0	1	1	0	0	0	1	0	0	1	0	0	0	1	1	S
NMDC20551806	0	0	0	0	0	0	0	0	0	0	0	1	0	0	0	0	1	0	0	0	1	1	0	0	1	0	0	0	1	0	S
NMDC20586205	0	0	0	0	0	1	0	1	0	0	0	1	0	0	1	0	1	1	0	0	0	1	0	0	1	0	0	0	1	1	S
NMDC20586206	0	0	0	0	0	0	0	0	0	0	0	0	0	0	0	0	1	0	0	0	0	1	0	0	0	0	0	0	1	0	S
NMDC20586207	0	0	0	0	0	0	0	0	0	0	0	0	0	0	0	0	1	0	0	0	0	1	0	0	0	0	0	0	1	0	S
NMDC20586208	0	0	0	0	0	0	0	0	0	0	0	0	0	0	0	0	1	0	0	0	0	1	0	0	0	0	0	0	1	0	S
NMDC20553818	0	0	0	0	0	1	0	1	0	0	0	1	0	0	1	0	1	1	0	0	0	1	0	0	1	0	0	0	1	1	S
NMDC20557840	0	0	0	0	0	1	0	1	0	0	0	1	0	0	1	0	1	1	0	0	0	1	0	0	1	0	0	0	1	1	S
NMDC20586209	0	0	0	0	0	1	0	0	0	0	1	0	0	0	0	0	0	0	0	0	0	0	0	0	0	0	0	0	1	1	S
NMDC20586210	0	0	0	0	0	1	0	1	0	0	0	1	0	0	1	0	1	1	0	0	0	1	0	0	1	0	0	0	1	1	S
NMDC20586211	0	0	0	0	0	1	0	1	0	0	0	1	0	0	1	0	1	1	0	0	0	1	0	0	1	0	0	0	1	1	S
NMDC20586212	0	0	0	0	0	0	0	0	0	0	0	1	0	0	0	0	0	0	0	0	0	0	0	0	0	0	0	0	0	0	S
NMDC20557841	0	0	0	0	0	1	0	1	0	0	0	1	0	0	1	0	1	1	0	0	0	1	0	0	1	0	0	0	1	1	S
NMDC20553821	0	0	0	0	0	1	0	1	0	0	0	1	0	0	1	0	1	1	0	0	0	1	0	0	1	0	0	0	1	1	S
NMDC20557843	0	0	0	0	0	0	0	0	0	0	0	0	0	0	0	0	1	1	0	1	0	0	0	1	0	0	0	0	0	0	S
NMDC20586217	0	0	0	0	0	1	0	1	0	0	0	1	0	0	1	0	1	1	0	0	0	1	0	0	1	0	0	0	1	1	S
NMDC20551807	0	0	0	0	0	1	0	0	0	0	1	0	0	0	0	0	0	0	0	0	0	0	0	0	0	0	0	0	1	1	S
NMDC20553820	0	0	0	0	0	1	0	0	0	0	1	0	0	0	0	0	0	0	0	0	0	0	0	0	0	0	0	0	1	1	S
NMDC20557844	0	0	0	0	0	1	0	1	0	0	0	1	0	0	1	0	1	1	1	0	0	1	0	0	1	0	0	0	1	1	S
NMDC20586218	0	0	0	0	0	1	0	1	0	0	0	1	0	0	1	0	1	1	0	0	0	1	0	0	1	0	0	0	1	1	S
NMDC20555829	0	0	0	0	0	1	0	1	0	0	0	1	0	0	1	0	1	1	0	0	0	1	0	0	1	0	0	0	1	1	S
NMDC20586219	0	0	0	0	0	0	0	0	0	0	0	1	0	0	1	0	0	1	0	0	1	1	0	0	0	0	0	0	1	1	S
NMDC20551808	0	0	0	0	0	0	0	0	0	0	0	0	0	0	0	0	0	0	0	0	0	1	0	0	1	0	0	1	0	0	S
NMDC20551809	0	0	0	0	0	0	0	0	0	0	0	1	0	0	0	0	1	0	0	0	1	1	0	0	1	0	0	0	1	0	S
NMDC20586221	0	0	0	0	0	1	0	1	0	0	0	1	0	0	1	0	1	1	0	0	0	1	0	0	1	0	0	0	1	1	S
NMDC20553823	0	0	1	0	1	0	0	0	0	0	0	1	0	0	0	1	0	0	1	0	0	0	0	0	0	0	0	0	0	0	S
NMDC20586222	0	0	0	0	0	1	0	1	0	0	0	1	0	0	1	0	1	1	0	0	0	1	0	0	1	0	0	0	1	1	S
NMDC20555830	0	0	0	0	0	1	0	1	0	0	0	1	0	0	1	0	1	1	0	0	0	1	0	0	1	0	0	0	1	1	S
NMDC20555831	0	0	0	0	0	1	0	1	0	0	0	1	0	0	1	0	1	1	0	0	0	1	0	0	1	0	0	0	1	1	S
NMDC20586223	0	0	0	0	0	1	0	1	0	0	0	1	0	0	1	0	1	1	0	0	0	1	0	0	1	0	0	0	1	1	S
NMDC20551810	0	0	0	0	0	1	0	1	0	0	0	1	0	0	0	0	0	0	0	0	0	0	0	1	0	0	0	0	1	1	S
NMDC20551811	0	0	0	0	0	1	0	0	0	0	1	0	0	0	0	0	0	0	0	0	0	0	0	0	0	0	0	0	1	1	S
NMDC20586224	0	0	0	0	0	1	0	0	0	0	1	0	0	0	0	0	0	0	0	0	0	0	0	0	0	0	0	0	1	1	S
NMDC20586225	0	0	0	0	0	1	0	0	0	0	0	1	0	0	0	0	0	0	0	0	1	1	0	0	0	0	1	0	1	0	S
NMDC20557846	0	0	0	0	0	1	0	1	0	0	0	1	0	0	0	0	0	0	0	0	0	0	0	1	0	0	0	0	1	1	S
NMDC20557847	0	0	0	0	0	1	0	1	0	0	0	1	0	0	1	0	1	1	0	0	0	1	0	0	1	0	0	0	1	1	S
NMDC20555852	0	0	0	0	0	1	0	1	0	0	0	1	0	0	1	0	1	1	0	0	0	1	0	0	1	0	0	0	1	1	S
NMDC20555833	0	0	0	0	0	1	0	1	0	0	0	1	0	0	1	0	1	1	0	0	0	1	1	0	1	0	0	0	1	1	S
NMDC20586226	0	0	0	0	0	1	0	1	0	0	0	1	0	0	1	0	1	1	0	0	0	1	0	0	1	0	0	0	1	1	S
NMDC20551812	0	0	0	0	0	0	0	0	0	0	0	1	0	0	0	0	1	0	0	0	1	1	0	0	1	0	0	0	1	0	S
NMDC20551813	0	0	0	0	0	0	0	0	0	0	0	1	0	0	0	0	0	0	0	0	0	0	0	0	0	0	0	0	0	0	S
NMDC20553825	0	0	0	0	0	0	0	0	0	0	0	1	0	0	0	0	0	0	0	0	0	0	0	0	0	0	0	0	0	0	S
NMDC20551814	0	0	0	0	0	1	0	1	0	0	0	1	0	0	1	0	1	1	0	0	0	1	0	0	1	0	0	0	1	1	S
NMDC20551815	0	0	0	0	0	0	0	1	0	0	0	1	0	0	0	0	0	0	0	0	0	1	0	0	0	0	0	0	0	1	S
NMDC20586227	0	0	0	0	0	1	0	1	0	0	0	1	0	0	1	0	1	1	0	0	0	1	0	0	1	0	0	0	1	1	S
NMDC20551816	1	0	1	0	0	1	0	1	0	0	0	1	0	0	1	1	0	0	0	0	0	1	0	0	1	0	0	0	0	0	S
NMDC20555832	0	0	0	0	0	1	0	1	0	0	0	1	0	0	1	0	1	1	0	0	0	1	0	0	1	0	0	0	1	1	S
NMDC20557848	0	0	0	0	0	1	0	1	0	0	0	1	0	0	1	0	1	1	0	0	0	1	0	0	1	0	0	0	1	1	S
NMDC20586229	0	0	0	0	0	1	0	1	0	0	0	1	0	0	1	0	1	1	0	0	0	1	0	0	1	0	0	0	1	1	S
NMDC20586230	0	0	0	0	0	1	0	1	0	0	0	1	0	0	1	0	1	1	0	0	0	1	0	0	1	0	0	0	1	1	S
NMDC20553826	0	0	0	0	0	1	0	0	0	0	1	0	0	0	0	0	0	0	0	0	0	0	0	0	0	0	0	0	1	1	S
NMDC20555834	0	0	0	0	0	1	0	1	0	0	0	1	0	0	1	0	1	1	0	0	0	1	1	0	1	0	0	0	1	1	S
NMDC20586232	0	0	0	0	0	1	0	1	0	0	0	1	0	0	1	0	1	1	0	0	0	1	0	0	1	0	0	0	1	1	S
NMDC20586233	0	0	1	0	1	0	0	0	0	0	0	1	0	0	0	1	0	0	1	0	0	0	0	0	0	0	0	0	0	0	S
NMDC20553827	0	0	0	0	0	1	0	1	0	0	0	1	0	0	1	0	1	1	0	0	0	1	0	0	1	0	0	0	1	1	S
NMDC20557850	0	0	0	0	0	1	0	0	0	0	1	0	0	0	0	0	0	0	0	0	0	0	0	0	0	0	0	0	1	1	S
NMDC20555835	0	0	0	0	0	1	0	1	0	0	0	1	0	0	1	0	1	1	0	0	0	1	0	0	1	0	0	0	1	1	S
NMDC20553828	0	0	0	0	0	1	0	1	0	0	0	1	0	0	1	0	0	0	0	0	0	1	0	0	0	0	0	0	1	0	S
NMDC20551817	0	0	0	0	0	1	0	1	0	0	0	1	0	0	1	0	1	1	0	0	0	1	0	0	1	0	0	0	1	1	S
NMDC20586237	0	0	0	0	0	1	0	1	0	0	0	1	0	0	1	0	1	1	0	0	0	1	1	0	1	0	0	0	1	1	S
NMDC20586238	0	0	0	0	0	0	0	0	0	0	0	0	0	0	0	0	1	1	0	1	0	0	0	1	0	0	0	0	0	0	S
NMDC20586239	0	0	0	0	0	1	0	1	0	0	0	1	0	0	1	0	1	1	0	0	0	1	1	0	1	0	0	0	1	1	S
NMDC20555836	0	0	1	0	1	0	0	0	0	0	1	0	0	0	0	1	0	0	1	1	0	0	0	1	0	0	0	0	1	1	S
NMDC20553829	0	0	0	0	0	0	0	1	0	0	0	1	0	0	0	0	1	0	0	0	1	0	0	0	0	0	1	0	0	1	S
NMDC20586240	0	0	0	0	0	1	0	1	0	0	0	1	0	0	1	0	1	1	0	0	0	1	0	0	1	0	0	0	1	1	S
NMDC20555837	0	0	0	0	0	1	0	1	0	0	0	1	0	0	1	0	1	1	0	0	0	1	0	0	1	0	0	0	1	1	S
NMDC20586241	0	0	0	0	0	1	0	0	0	0	1	0	0	0	0	0	0	0	0	0	0	0	0	0	0	0	0	0	1	1	S
NMDC20553830	0	0	0	0	0	1	0	0	0	0	0	1	0	0	1	0	0	0	0	1	0	1	0	0	0	0	0	1	0	0	S
NMDC20557851	0	0	0	0	0	0	0	0	0	0	0	1	0	0	0	0	1	0	0	0	1	1	0	0	1	0	0	0	1	0	S
NMDC20586242	0	0	0	0	0	1	0	1	0	0	0	1	0	0	1	0	1	1	1	0	0	1	0	0	1	0	0	0	1	1	S
NMDC20553831	0	0	0	0	0	1	0	1	0	0	0	1	0	0	1	0	1	1	0	0	0	1	0	0	1	0	0	0	1	1	S
NMDC20557852	0	0	0	0	0	1	0	1	0	0	0	1	0	0	1	0	1	1	0	0	0	1	0	0	1	0	0	0	1	1	S
NMDC20586243	0	0	0	0	0	1	0	0	0	0	0	1	0	0	0	0	0	0	0	0	1	1	0	0	0	0	1	0	0	1	S
NMDC20551819	0	0	0	0	0	1	0	1	0	0	0	1	0	0	1	0	1	1	0	0	0	1	0	0	1	0	0	0	1	1	S
NMDC20586245	0	0	0	0	0	1	0	1	0	0	0	1	0	0	1	0	1	1	0	0	0	1	0	0	1	0	0	0	1	1	S
NMDC20555841	0	0	0	0	0	1	0	1	0	0	0	1	0	0	1	0	1	1	0	0	0	1	0	0	1	0	0	0	1	1	S
NMDC20557853	0	0	0	0	0	1	0	1	0	0	0	1	0	0	1	0	1	1	0	0	0	1	0	0	1	0	0	0	1	1	S
NMDC20586246	0	0	0	0	0	1	0	1	0	0	0	1	0	0	1	0	1	1	0	0	0	1	0	0	1	0	0	0	1	1	S
NMDC20586247	0	0	0	0	0	1	0	1	0	0	0	1	0	0	1	0	1	1	0	0	0	1	0	0	1	0	0	0	1	1	S
NMDC20553832	0	0	0	0	0	0	0	0	0	0	0	1	0	0	0	0	1	0	0	0	1	1	0	0	1	0	0	0	1	0	S
NMDC20586248	0	0	0	0	0	1	0	1	0	0	0	1	0	0	1	0	1	1	0	0	0	1	0	0	1	0	0	0	1	1	S
NMDC20586249	0	0	0	0	0	1	0	0	0	0	1	0	0	0	0	0	0	0	0	0	0	0	0	0	0	0	0	0	1	1	S
NMDC20553833	0	0	0	0	0	0	0	0	0	0	0	0	0	0	0	0	0	0	0	0	0	1	0	0	1	0	0	1	0	0	S
NMDC20586250	0	0	0	0	0	1	0	1	0	0	0	1	0	0	1	0	1	1	0	0	0	1	0	0	1	0	0	0	1	1	S
NMDC20586251	0	0	0	0	0	1	0	0	0	0	1	0	0	0	0	0	0	0	0	0	0	0	0	0	0	0	0	0	1	1	S
NMDC20555844	0	0	0	0	0	1	0	1	0	0	0	1	0	0	1	0	1	1	0	0	0	1	0	0	1	0	0	0	1	1	S
NMDC20555845	0	0	0	0	0	1	0	0	0	0	1	0	0	0	0	0	0	0	0	0	0	0	0	0	0	0	0	0	1	1	S
NMDC20557855	0	0	0	0	0	1	0	1	0	0	0	1	0	0	1	0	1	1	0	0	1	0	0	0	1	0	1	0	0	1	S
NMDC20555846	0	0	0	0	0	1	0	0	0	0	1	0	0	0	0	0	0	0	0	0	0	0	0	0	0	0	0	0	1	1	S
NMDC20553834	0	0	0	0	0	1	0	0	0	0	0	0	0	0	1	0	1	1	1	0	0	0	0	0	1	0	0	0	1	1	S
NMDC20586252	0	0	0	0	0	1	0	1	0	0	0	1	0	0	1	0	1	1	0	0	0	1	0	0	1	0	0	0	1	1	S
NMDC20557857	0	0	0	0	0	1	0	1	0	0	0	1	0	0	1	0	1	1	0	0	0	1	0	0	1	0	0	0	1	1	S
NMDC20555848	0	0	0	0	0	1	0	1	0	0	0	1	0	0	1	0	1	1	0	0	0	1	0	0	1	0	0	0	1	1	S
NMDC20557858	0	0	0	0	0	1	0	1	0	0	0	1	0	0	1	0	1	1	0	0	0	1	0	0	1	0	0	0	1	1	S
NMDC20553835	0	0	0	0	0	1	0	1	0	0	0	1	0	0	1	0	1	1	0	0	0	1	0	0	1	0	0	0	1	1	S
NMDC20586253	0	0	0	0	0	1	0	1	0	0	0	1	0	0	1	0	1	1	0	0	0	1	0	0	1	0	0	0	1	1	S
NMDC20553836	0	0	0	0	0	1	0	1	0	0	0	1	0	0	1	0	1	1	1	0	0	1	0	0	1	0	0	0	1	1	S
NMDC20557859	0	0	0	0	0	1	0	0	0	0	0	0	0	0	1	0	1	1	1	0	0	0	0	0	1	0	0	0	1	1	S
NMDC20586254	0	0	0	0	0	1	0	0	0	0	0	1	0	0	1	0	0	1	0	0	0	0	0	0	0	0	1	0	1	1	S
NMDC20553837	0	0	0	0	0	1	0	1	0	0	0	1	0	0	1	0	1	1	0	0	0	1	0	0	1	0	0	0	1	1	S
NMDC20553838	0	0	0	0	0	1	0	1	0	0	0	1	0	0	1	0	1	1	0	0	0	1	0	0	1	0	0	0	1	1	S
NMDC20551824	0	0	1	0	1	0	0	0	0	0	0	1	0	0	0	1	0	0	1	0	1	1	0	1	0	0	0	0	0	1	S
NMDC20551827	0	0	0	0	0	0	0	0	0	0	0	1	0	0	0	0	0	0	0	0	0	0	0	0	0	0	0	0	0	0	S
NMDC20551825	0	0	1	0	1	0	0	0	0	0	0	1	0	0	0	1	0	0	1	0	0	0	0	0	0	0	0	0	0	0	S
NMDC20557860	0	0	1	0	1	0	0	0	0	0	0	1	0	0	0	1	0	0	1	0	0	0	0	0	0	0	0	0	0	0	S
NMDC20586255	0	0	0	0	0	1	0	0	0	0	1	0	0	0	0	0	0	0	0	0	0	0	0	0	0	0	0	0	1	1	S
NMDC20557861	0	0	0	0	0	1	0	1	0	0	0	1	0	0	1	0	1	1	0	0	0	1	0	0	1	0	0	0	1	1	S
NMDC20586256	0	0	1	0	1	0	0	0	0	0	1	0	0	0	0	1	0	0	1	1	0	0	0	1	0	0	0	0	1	1	S
NMDC20557862	0	0	0	0	0	1	0	1	0	0	0	1	0	0	1	0	1	1	1	0	0	1	0	0	1	0	0	0	1	1	S
NMDC20553840	0	0	0	0	0	1	0	1	0	0	0	1	0	0	1	0	1	1	1	0	0	1	0	0	1	0	0	0	1	1	S
NMDC20551828	0	0	0	0	0	0	0	0	0	0	1	0	0	0	0	0	1	0	0	0	1	1	0	0	0	0	0	0	0	1	S
NMDC20551829	0	0	0	0	0	0	0	0	0	0	1	0	0	0	0	0	1	0	0	0	1	1	0	0	0	0	0	0	0	1	S
NMDC20586258	0	0	0	0	0	1	0	1	0	0	0	1	0	0	1	0	1	1	0	0	0	1	0	0	1	0	0	0	1	1	S
NMDC20555851	0	0	0	0	0	1	0	1	0	0	0	1	0	0	1	0	1	1	0	0	0	1	0	0	1	0	0	0	1	1	S
NMDC20586259	0	0	0	0	0	1	0	1	0	0	0	1	0	0	1	0	1	1	0	0	0	1	0	0	1	0	0	0	1	1	S
NMDC20586260	0	0	0	0	0	1	0	1	0	0	0	1	0	0	1	0	1	1	0	0	0	1	0	0	1	0	0	0	1	1	S
NMDC20553839	0	0	0	0	0	1	0	1	0	0	0	1	0	0	1	0	1	1	0	0	0	1	0	0	1	0	0	0	1	1	S
NMDC20586261	0	0	0	0	0	1	0	0	0	0	1	1	0	0	0	0	1	0	1	0	0	1	0	1	1	0	0	0	0	0	S
NMDC20586262	0	0	0	0	0	1	0	1	0	0	0	1	0	0	1	0	1	1	0	0	0	1	0	0	1	0	0	0	1	1	S
NMDC20586263	0	0	0	0	0	0	0	1	0	0	0	1	0	0	0	0	1	0	0	0	1	0	0	0	0	0	1	0	0	1	S
NMDC20555853	0	0	0	0	0	1	0	1	0	0	0	1	0	0	1	0	1	1	0	0	0	1	0	0	1	0	0	0	1	1	S
NMDC20586264	0	0	0	0	0	1	0	1	0	0	0	1	0	0	1	0	1	1	0	0	0	1	0	0	1	0	0	0	1	1	S
NMDC20551830	0	0	0	0	0	1	0	1	0	0	0	1	0	0	1	0	1	1	0	0	0	1	0	0	1	0	0	0	1	1	S
NMDC20586265	0	0	0	0	0	1	0	1	0	0	0	1	0	0	1	0	1	1	0	0	0	1	0	0	1	0	0	0	1	1	S
NMDC20553842	0	0	0	0	0	0	0	0	0	0	0	1	0	0	0	0	0	0	0	0	0	0	0	0	0	0	0	0	0	0	S
NMDC20557863	0	0	0	0	0	1	0	1	0	0	0	1	0	0	1	0	1	1	0	0	0	1	0	0	1	0	0	0	1	1	S
NMDC20557864	0	0	0	0	0	1	0	1	0	0	0	1	0	0	1	0	1	1	0	0	0	1	0	0	1	0	0	0	1	1	S
NMDC20586268	0	0	0	0	0	1	0	1	0	0	0	1	0	0	1	0	1	1	0	0	0	1	0	0	1	0	0	0	1	1	S
NMDC20557865	0	0	0	0	0	1	0	1	0	0	0	1	0	0	1	0	1	1	0	0	0	1	0	0	1	0	0	0	1	1	S
NMDC20553843	0	0	0	0	0	1	0	1	0	0	0	1	1	0	1	0	0	0	0	0	1	1	0	0	0	0	0	0	1	1	S
NMDC20553844	0	0	0	0	0	0	0	0	0	0	0	1	0	0	0	0	1	0	0	0	1	1	0	0	1	0	0	0	1	0	S
NMDC20553845	0	0	0	0	0	0	0	0	0	0	0	1	0	0	0	0	1	0	0	0	1	1	0	0	1	0	0	0	1	0	S
NMDC20586269	0	0	0	0	0	1	0	1	0	0	0	1	0	0	1	0	1	1	0	0	0	1	0	0	1	0	0	0	1	1	S
NMDC20555854	0	0	0	0	0	1	0	1	0	0	0	1	0	0	1	0	1	1	0	0	0	1	0	0	1	0	0	0	1	1	S
NMDC20555855	0	0	0	0	0	1	0	1	0	0	0	1	0	0	0	0	0	0	0	0	1	1	0	0	0	0	0	0	0	0	S
NMDC20586270	0	0	0	0	0	1	0	1	0	0	0	1	0	0	0	0	1	0	0	0	1	1	0	1	0	0	1	0	0	1	S
NMDC20586271	0	0	0	0	0	0	0	0	0	0	0	0	0	0	1	0	0	0	0	1	0	1	0	0	0	0	0	0	0	0	S
NMDC20555856	0	0	0	0	0	0	0	0	0	0	0	0	0	0	0	0	1	1	0	1	0	0	0	1	0	0	0	0	0	0	S
NMDC20557866	0	0	0	0	0	1	0	1	0	0	0	1	0	0	1	0	1	1	0	0	0	1	0	0	1	0	0	0	1	1	S
NMDC20586273	0	0	0	0	0	0	0	1	0	0	0	1	0	0	0	0	0	0	0	0	0	1	0	1	1	0	0	0	1	1	S
NMDC20553846	0	0	0	0	0	1	0	0	0	0	1	0	0	0	0	0	0	0	0	0	0	0	0	0	0	0	0	0	1	1	S
NMDC20586274	0	0	0	0	0	1	0	1	0	0	0	1	0	0	1	0	1	1	0	0	0	1	0	0	1	0	0	0	1	1	S
NMDC20555859	0	0	0	0	0	1	0	1	0	0	0	1	0	0	1	0	1	1	0	0	0	1	0	0	1	0	0	0	1	1	S
NMDC20551832	0	0	0	0	0	1	0	1	0	0	0	1	0	0	1	0	1	1	0	0	0	1	0	0	1	0	0	0	1	1	S
NMDC20551834	0	0	0	0	0	1	0	1	0	0	0	1	0	0	1	0	1	1	0	0	0	1	0	0	1	0	0	0	1	1	S
NMDC20551833	0	0	0	0	0	1	0	1	0	0	0	1	0	0	1	0	1	1	0	0	0	1	0	0	1	0	0	0	1	1	S
NMDC20586277	0	0	0	0	0	1	0	0	0	0	1	0	0	0	0	0	0	0	0	0	0	0	0	0	0	0	0	0	1	1	S
NMDC20553847	0	0	0	0	0	1	0	1	0	0	0	1	0	0	1	0	1	1	0	0	0	1	0	0	1	0	0	0	1	1	S
NMDC20586278	0	0	0	0	0	1	0	1	0	0	0	1	0	0	1	0	1	1	0	0	0	1	0	0	1	0	0	0	1	1	S
NMDC20586279	0	0	0	0	0	1	0	1	0	0	0	1	0	0	1	0	1	1	0	0	0	1	0	0	1	0	0	0	1	1	S
NMDC20551835	0	0	0	0	0	1	0	1	0	0	0	1	0	0	1	0	1	1	0	0	0	1	0	0	1	0	0	0	1	1	S
NMDC20586280	0	0	0	0	0	1	0	1	0	0	0	1	0	0	1	0	1	1	0	0	0	1	0	0	1	0	0	0	1	1	S
NMDC20553848	0	0	0	0	0	0	0	0	0	0	0	0	0	0	0	0	1	1	0	1	0	0	0	1	0	0	0	0	0	0	S
NMDC20586281	0	0	0	0	0	1	0	1	0	0	0	1	0	0	1	0	1	1	0	0	1	0	0	0	1	0	1	0	0	1	S
NMDC20586283	0	0	0	0	0	0	0	0	0	0	0	1	0	0	0	0	1	1	0	0	0	0	0	0	1	0	0	0	0	1	S
NMDC20555861	0	0	0	0	0	1	0	1	0	0	0	1	0	0	0	0	0	0	0	0	1	1	0	0	0	0	0	0	0	0	S
NMDC20551836	0	0	0	0	0	1	0	1	0	0	0	1	0	0	1	0	1	1	0	0	0	1	0	0	1	0	0	0	1	1	S
NMDC20555862	0	0	0	0	0	1	0	1	0	0	0	1	0	0	1	0	1	1	0	0	0	1	0	0	1	0	0	0	1	1	S
NMDC20586285	0	0	0	0	0	1	0	1	0	0	0	1	0	0	1	0	1	1	0	0	0	1	0	0	1	0	0	0	1	1	S
NMDC20553850	0	0	0	0	0	1	0	0	0	0	1	0	0	0	0	0	0	0	0	0	0	0	0	0	0	0	0	0	1	1	S
NMDC20551837	0	0	0	0	0	1	0	1	0	0	0	1	0	0	1	0	1	1	0	0	0	1	0	0	1	0	0	0	1	1	S
NMDC20557869	0	0	0	0	0	1	0	1	0	0	0	1	0	0	1	0	1	1	0	0	0	1	0	0	1	0	0	0	1	1	S
NMDC20586287	0	0	0	0	0	0	0	0	0	0	0	1	0	0	0	0	1	0	0	0	1	1	0	0	1	0	0	0	1	0	S
NMDC20551839	0	0	0	0	0	1	0	1	0	0	0	1	0	0	1	0	1	1	0	0	0	1	0	0	1	0	0	0	1	1	S
NMDC20553851	0	0	0	0	0	0	0	1	0	0	0	1	0	0	0	0	0	0	0	0	0	1	0	0	0	0	0	0	0	1	S
NMDC20557868	0	0	0	0	0	0	0	0	0	0	0	1	0	0	0	0	1	0	0	0	1	1	0	0	1	0	0	0	1	0	S
NMDC20586288	0	0	0	0	0	0	0	0	0	0	0	1	0	0	0	0	1	0	0	0	1	1	0	0	1	0	0	0	1	0	S
NMDC20555863	0	0	0	0	0	1	0	1	0	0	0	1	0	0	1	0	1	1	0	0	0	1	0	0	1	0	0	0	1	1	S
NMDC20586289	0	0	0	0	0	1	0	1	0	0	0	1	0	0	1	0	1	1	0	0	0	1	0	0	1	0	0	0	1	1	S
NMDC20586290	0	0	0	0	0	1	0	1	0	0	0	1	0	0	1	0	1	1	0	0	0	1	0	0	1	0	0	0	1	1	S
NMDC20586291	0	0	1	0	1	0	0	0	0	0	1	0	0	0	0	1	0	0	1	1	0	0	0	1	0	0	0	0	1	1	S
NMDC20551840	0	0	0	0	0	1	0	1	0	0	0	1	0	0	1	0	1	1	0	0	0	1	0	0	1	0	0	0	1	1	S
NMDC20586294	0	0	0	0	0	1	0	1	0	0	0	1	0	0	1	0	1	1	1	0	0	1	0	0	1	0	0	0	1	1	S
NMDC20586295	0	0	0	0	0	1	0	1	0	0	0	1	0	0	1	0	1	1	0	0	0	1	0	0	1	0	0	0	1	1	S
NMDC20551841	0	0	0	0	0	1	0	1	0	0	0	1	0	0	1	0	1	1	0	0	0	1	0	0	1	0	0	0	1	1	S
NMDC20586296	0	0	0	0	0	1	0	1	0	0	0	1	0	0	1	0	1	1	0	0	0	1	1	0	1	0	0	0	1	1	S
NMDC20551842	0	0	0	0	0	1	0	1	0	0	0	1	0	0	1	0	1	1	0	0	0	1	0	0	1	0	0	0	1	1	S
NMDC20586297	0	0	0	0	0	0	0	0	0	0	0	1	0	0	0	0	0	0	0	0	0	0	0	0	0	0	0	0	0	0	S
NMDC20555864	0	0	0	0	0	1	0	1	0	0	0	1	0	0	1	0	1	1	0	0	0	1	0	0	1	0	0	0	1	1	S
NMDC20553855	0	0	0	0	0	1	0	1	0	0	0	1	0	0	1	0	1	1	0	0	0	1	0	0	1	0	0	0	1	1	S
NMDC20586299	0	0	0	0	0	1	0	1	0	0	0	1	0	0	1	0	1	1	0	0	0	1	0	0	1	0	0	0	1	1	S
NMDC20586301	0	0	1	0	0	1	0	1	0	0	0	1	0	0	1	1	1	1	1	0	0	1	0	0	1	0	0	0	1	1	S
NMDC20557870	0	0	0	0	0	1	0	1	0	0	0	1	0	0	1	0	1	1	0	0	0	1	0	0	1	0	0	0	1	1	S
NMDC20555866	0	0	0	0	0	1	0	1	0	0	0	1	0	0	1	0	1	1	1	0	0	1	0	0	1	0	0	0	1	1	S
NMDC20557871	0	0	0	0	0	1	0	1	0	0	0	1	0	0	0	0	0	0	1	0	1	1	0	0	0	0	0	0	0	0	S
NMDC20555867	0	0	0	0	0	1	0	1	0	0	0	1	0	0	1	0	1	1	1	0	0	1	0	0	1	0	0	0	1	1	S
NMDC20586302	0	0	0	0	0	1	0	1	0	0	0	1	0	0	1	0	1	1	0	0	0	1	0	0	1	0	0	0	1	1	S
NMDC20555868	0	0	0	0	0	1	0	1	0	0	0	1	0	0	1	0	1	1	0	0	0	1	0	0	1	0	0	0	1	1	S
NMDC20586303	0	0	0	0	0	0	0	0	0	0	0	1	0	0	0	0	1	0	0	0	1	1	0	0	1	0	0	0	1	0	S
NMDC20553856	0	0	0	0	0	1	0	1	0	0	0	1	0	0	1	0	1	1	0	0	0	1	0	0	1	0	0	0	1	1	S
NMDC20586304	0	0	0	0	0	1	0	1	0	0	0	1	0	0	1	0	1	1	0	0	0	1	0	0	1	0	0	0	1	1	S
NMDC20551844	0	0	0	0	0	1	0	1	0	0	0	1	0	0	0	0	0	0	0	0	1	1	0	0	0	0	0	0	0	0	S
NMDC20586306	0	0	0	0	0	0	0	0	0	0	0	1	0	0	0	0	1	0	0	0	1	1	0	0	1	0	0	0	1	0	S
NMDC20551851	0	0	0	0	0	0	0	1	0	0	0	1	0	0	0	0	0	0	0	0	0	1	0	0	0	0	0	0	0	1	S
NMDC20586384	0	0	0	0	0	1	0	0	0	0	1	0	0	0	0	0	0	0	0	0	0	0	0	0	0	0	0	0	1	1	S
NMDC20555876	0	0	1	0	1	0	0	0	0	0	1	0	0	0	0	1	0	0	1	1	0	0	0	1	0	0	0	0	1	1	S
NMDC20586385	0	0	0	0	0	1	0	0	0	0	1	0	0	0	0	0	0	0	0	0	0	0	0	0	0	0	0	0	1	1	S
NMDC20586386	0	0	0	0	0	0	0	1	0	0	0	1	0	0	0	0	0	0	0	0	0	1	0	0	0	0	0	0	0	1	S
NMDC20586387	0	0	0	0	0	1	0	0	0	0	1	0	0	0	0	0	0	0	0	0	0	0	0	0	0	0	0	0	1	1	S
NMDC20557876	0	0	0	0	0	1	0	0	0	0	1	0	0	0	0	0	0	0	0	0	0	0	0	0	0	0	0	0	1	1	S
NMDC20555877	0	0	0	0	0	1	0	0	0	0	1	0	0	0	0	0	0	0	0	0	0	0	0	0	0	0	0	0	1	1	S
NMDC20555878	0	0	0	0	0	1	0	1	0	0	0	1	0	0	1	0	1	1	0	0	0	1	0	0	1	0	0	0	1	1	S
NMDC20553866	0	0	0	0	0	1	0	1	0	0	0	1	0	0	1	0	1	1	0	0	0	1	0	0	1	0	0	0	1	1	S
NMDC20557878	0	0	0	0	0	1	0	1	0	0	0	1	0	0	1	0	1	1	0	0	0	1	0	0	1	0	0	0	1	1	S
NMDC20551852	0	0	0	0	0	1	0	0	0	0	1	0	0	0	0	0	0	0	0	0	0	0	0	0	0	0	0	0	1	1	S
NMDC20586388	0	0	0	0	0	1	0	0	0	0	1	0	0	0	0	0	0	0	0	0	0	0	0	0	0	0	0	0	1	1	S
NMDC20555879	0	0	0	0	0	1	0	1	0	0	0	1	0	0	1	0	1	1	0	0	0	1	0	0	1	0	0	0	1	1	S
NMDC20557880	0	0	0	0	0	1	0	0	0	0	1	0	0	0	0	0	0	0	0	0	0	0	0	0	0	0	0	0	1	1	S
NMDC20551853	0	0	0	0	0	0	0	0	0	0	0	0	0	0	1	0	0	0	0	0	0	1	0	0	0	0	0	1	0	0	S
NMDC20551854	0	0	0	0	0	1	0	0	0	0	1	0	0	0	0	0	0	0	0	0	0	0	0	0	0	0	0	0	1	1	S
NMDC20553868	0	0	0	0	0	1	0	0	0	0	1	0	0	0	0	0	0	0	0	0	0	0	0	0	0	0	0	0	1	1	S
NMDC20551855	0	0	0	0	0	1	0	0	0	0	1	0	0	0	0	0	0	0	0	0	0	0	0	0	0	0	0	0	1	1	S
NMDC20555881	0	0	1	0	1	0	0	0	0	0	1	0	0	0	0	1	0	0	1	1	0	0	0	1	0	0	0	0	1	1	S
NMDC20551857	0	0	0	0	0	1	0	0	0	0	1	0	0	0	0	0	0	0	0	0	0	0	0	0	0	0	0	0	1	1	S
NMDC20553869	0	0	0	0	0	1	0	1	0	0	0	1	0	0	1	0	1	1	0	0	0	1	0	0	1	0	0	0	1	1	S
NMDC20555880	0	0	0	0	0	1	0	1	0	0	0	1	0	0	1	0	1	1	0	0	0	1	0	0	1	0	0	0	1	1	S
NMDC20553870	0	0	0	0	0	1	0	1	0	0	0	1	0	0	1	0	1	1	0	0	0	1	0	0	1	0	0	0	1	1	S
NMDC20557881	0	0	0	0	0	0	0	1	0	0	0	1	0	0	0	0	0	0	0	0	0	0	0	0	0	0	1	0	0	1	S
NMDC20586392	0	0	0	0	0	0	0	1	0	0	0	1	0	0	0	0	0	0	0	0	0	0	0	0	0	0	1	0	0	1	S
NMDC20586394	0	0	1	0	1	0	0	0	0	0	1	0	0	0	0	1	0	0	1	1	0	0	0	1	0	0	0	0	1	1	S
NMDC20555882	0	0	0	0	0	1	0	0	0	0	1	0	0	0	0	0	0	0	0	0	0	0	0	0	0	0	0	0	1	1	S
NMDC20551859	0	0	1	0	1	0	0	0	0	0	1	0	0	0	0	1	0	0	1	1	0	0	0	1	0	0	0	0	1	1	S
NMDC20553871	0	0	0	0	0	0	0	1	0	0	0	1	0	0	0	0	0	0	0	0	0	0	0	0	0	0	1	0	0	1	S
NMDC20555883	0	0	0	0	0	0	0	1	0	0	0	1	0	0	0	0	0	0	0	0	0	0	0	0	0	0	1	0	0	1	S
NMDC20553872	0	0	0	0	0	0	0	1	0	0	0	1	0	0	0	0	0	0	0	0	0	0	0	0	0	0	1	0	0	1	S
NMDC20557882	0	0	1	0	1	0	0	0	0	0	1	0	0	0	0	1	0	0	1	1	0	0	0	1	0	0	0	0	1	1	S
NMDC20586396	0	0	0	0	0	0	0	1	0	0	0	1	0	0	0	0	0	0	0	0	0	1	0	0	0	0	0	0	0	1	S
NMDC20557883	0	0	0	0	0	0	0	1	0	0	0	1	0	0	0	0	0	0	0	0	0	0	0	0	0	0	1	0	0	1	S
NMDC20553873	0	0	0	0	0	0	0	1	0	0	0	1	0	0	0	0	0	0	0	0	0	0	0	0	0	0	1	0	0	1	S
NMDC20555884	0	0	0	0	0	0	0	1	0	0	0	1	0	0	0	0	0	0	0	0	0	0	0	0	0	0	1	0	0	1	S
NMDC20555885	0	0	0	0	0	0	0	1	0	0	0	1	0	0	0	0	0	0	0	0	0	0	0	0	0	0	1	0	0	1	S
NMDC20555886	0	0	0	0	0	0	0	1	0	0	0	1	0	0	0	0	0	0	0	0	0	1	0	0	0	0	0	0	0	1	S
NMDC20586397	0	0	0	0	0	0	0	1	0	0	0	1	0	0	0	0	0	0	0	0	0	0	0	0	0	0	1	0	0	1	S
NMDC20586398	0	0	0	0	0	0	0	1	0	0	0	1	0	0	0	0	0	0	0	0	0	0	0	0	0	0	1	0	0	1	S
NMDC20586399	0	0	0	0	0	0	0	1	0	0	0	1	0	0	0	0	0	0	0	0	0	0	0	0	0	0	1	0	0	1	S
NMDC20553874	0	0	0	0	0	0	0	1	0	0	0	1	0	0	0	0	0	0	0	0	0	0	0	0	0	0	1	0	0	1	S
NMDC20586401	0	0	0	0	0	1	0	0	0	0	1	0	0	0	0	0	0	0	0	0	0	0	0	0	0	0	0	0	1	1	S
NMDC20586402	0	0	0	0	0	1	0	0	0	0	1	0	0	0	0	0	0	0	0	0	0	0	0	0	0	0	0	0	1	1	S
NMDC20586403	0	0	0	0	0	1	0	0	0	0	1	0	0	0	0	0	0	0	0	0	0	0	0	0	0	0	0	0	1	1	S
NMDC20555888	0	0	0	0	0	0	0	0	0	0	0	0	0	0	1	0	0	0	0	0	0	1	0	0	0	0	0	1	1	0	S
NMDC20586405	0	0	0	0	0	1	0	1	0	0	0	1	0	0	0	0	1	1	0	0	1	1	0	1	0	0	1	0	0	1	S
NMDC20586407	0	0	0	0	0	1	0	1	0	0	0	1	0	0	1	0	1	1	0	0	0	1	0	0	1	0	0	0	1	1	S
NMDC20586409	0	0	0	0	0	1	0	0	0	0	1	0	0	0	0	0	0	0	0	0	0	0	0	0	0	0	0	0	1	1	S
NMDC20586410	0	0	0	0	0	1	0	1	0	0	0	1	0	0	1	0	1	1	0	0	0	1	0	0	1	0	0	0	1	1	S
NMDC20586411	0	0	0	0	0	1	0	1	0	0	0	1	0	0	1	0	1	1	0	0	0	1	0	0	1	0	0	0	1	1	S
NMDC20551860	0	0	0	0	0	0	0	0	0	0	0	1	0	0	0	0	1	0	0	0	1	1	0	0	1	0	0	0	1	0	S
NMDC20586413	0	0	0	0	0	1	0	0	0	0	1	0	0	0	0	0	0	0	0	0	0	0	0	0	0	0	0	0	1	1	S
NMDC20555891	0	0	0	0	0	1	0	1	0	0	0	1	0	0	0	0	0	0	1	0	1	1	0	0	0	0	0	0	0	0	S
NMDC20586414	0	0	0	0	0	1	0	1	0	0	0	1	0	0	1	0	1	1	0	0	0	1	0	0	1	0	0	0	1	1	S
NMDC20551862	0	0	0	0	0	0	0	0	0	0	0	0	0	0	0	0	1	1	0	1	0	0	0	1	0	0	0	0	0	0	S
NMDC20586415	0	0	0	0	0	1	0	1	0	0	0	1	0	0	1	0	1	1	0	0	0	1	0	0	1	0	0	0	1	1	S
NMDC20553876	0	0	0	0	0	0	0	0	0	0	0	1	0	0	0	0	1	1	0	0	0	0	0	0	1	0	0	0	0	1	S
NMDC20586416	0	0	0	0	0	1	0	1	0	0	0	1	0	0	1	0	1	1	0	0	0	1	1	0	1	0	0	0	1	1	S
NMDC20555892	0	0	0	0	0	1	0	1	0	0	0	1	0	0	1	0	1	1	0	0	0	1	1	0	1	0	0	0	1	1	S
NMDC20586417	0	0	0	0	0	0	0	1	0	0	0	1	0	0	0	0	0	0	0	0	0	1	0	0	0	0	0	0	0	1	S
NMDC20586418	0	0	0	0	0	0	0	1	0	0	0	1	0	0	0	0	0	0	0	0	0	1	0	0	0	0	0	0	0	1	S
NMDC20551863	0	0	0	0	0	0	0	1	0	0	0	1	0	0	0	0	0	0	0	0	0	1	0	0	0	0	0	0	0	1	S
NMDC20551864	0	0	0	0	0	1	0	1	0	0	0	1	0	0	0	0	0	0	0	0	1	1	0	0	0	0	0	0	0	0	S
NMDC20555893	0	0	1	0	1	0	0	0	0	0	1	0	0	0	0	1	0	0	1	1	0	0	0	1	0	0	0	0	1	1	S
NMDC20586420	0	0	0	0	0	0	0	0	0	0	0	1	0	0	0	0	1	0	0	0	1	1	0	0	1	0	0	0	1	0	S
NMDC20586421	0	0	0	0	0	1	0	0	0	0	1	0	0	0	0	0	0	0	0	0	0	0	0	0	0	0	0	0	1	1	S
NMDC20555895	0	0	0	0	0	1	0	1	0	0	0	1	0	0	1	0	1	1	0	0	0	1	1	0	1	0	0	0	1	1	S
NMDC20555896	0	0	0	0	0	1	0	1	0	0	0	1	0	0	1	0	1	1	1	0	0	1	0	0	1	0	0	0	1	1	S
NMDC20586423	0	0	0	0	0	1	0	1	0	0	0	1	0	0	0	0	0	0	0	0	0	0	0	1	0	0	0	0	1	1	S
NMDC20551867	0	0	0	0	0	1	0	0	0	0	1	0	0	0	0	0	0	0	0	0	0	0	0	0	0	0	0	0	1	1	S
NMDC20557888	0	0	0	0	0	1	0	0	0	0	1	0	0	0	0	0	0	0	0	0	0	0	0	0	0	0	0	0	1	1	S
NMDC20555901	0	0	0	0	0	1	0	0	0	0	1	0	0	0	0	0	0	0	0	0	0	0	0	0	0	0	0	0	1	1	S
NMDC20586433	0	0	0	0	0	1	0	1	0	0	0	1	0	0	1	0	1	1	0	0	0	1	0	0	1	0	0	0	1	1	S
NMDC20557889	0	0	0	0	0	1	0	1	0	0	0	1	0	0	0	0	0	0	0	0	0	0	0	1	0	0	0	0	1	1	S
NMDC20557890	0	0	0	0	0	1	0	1	0	0	0	1	0	0	1	0	1	1	0	0	0	1	0	0	1	0	0	0	1	1	S
NMDC20586434	0	0	0	0	0	1	0	0	0	0	1	0	0	0	0	0	0	0	0	0	0	0	0	0	0	0	0	0	1	1	S
NMDC20551869	0	0	0	0	0	1	0	1	0	0	0	1	0	0	1	0	1	1	0	0	0	1	0	0	1	0	0	0	1	1	S
NMDC20551870	0	0	0	0	0	1	0	1	0	0	0	1	0	0	1	0	1	1	0	0	0	1	0	0	1	0	0	0	1	1	S
NMDC20555902	0	0	0	0	0	1	0	0	0	0	1	0	0	0	0	0	0	0	0	0	0	0	0	0	0	0	0	0	1	1	S
NMDC20553877	0	0	0	0	0	1	0	1	0	0	0	1	0	0	1	0	1	1	0	0	0	1	0	0	1	0	0	0	1	1	S
NMDC20557891	0	0	0	0	0	1	0	0	0	0	1	0	0	0	0	0	0	0	0	0	0	0	0	0	0	0	0	0	1	1	S
NMDC20551871	0	0	0	0	0	1	0	1	0	0	0	1	0	0	1	0	1	1	0	0	0	1	0	0	1	0	0	0	1	1	S
NMDC20586435	0	0	0	0	0	1	0	1	0	0	0	1	0	0	1	0	1	1	0	0	0	1	0	0	1	0	0	0	1	1	S
NMDC20557892	0	0	0	0	0	1	0	1	0	0	0	1	0	0	1	0	1	1	0	0	0	1	0	0	1	0	0	0	1	1	S
NMDC20551872	0	0	0	0	0	1	0	1	0	0	0	1	0	0	1	0	1	1	0	0	0	1	0	0	1	0	0	0	1	1	S
NMDC20553878	0	0	0	0	0	1	0	1	0	0	0	1	0	0	1	0	1	1	0	0	0	1	0	0	1	0	0	0	1	1	S
NMDC20586437	0	0	0	0	0	1	0	1	0	0	0	1	0	0	1	0	1	1	0	0	0	1	0	0	1	0	0	0	1	1	S
NMDC20553879	0	0	0	0	0	1	0	1	0	0	0	1	0	0	1	0	1	1	0	0	0	1	0	0	1	0	0	0	1	1	S
NMDC20586439	0	0	0	0	0	0	0	1	0	0	0	1	0	0	0	0	0	0	0	0	0	1	0	0	0	0	0	0	0	1	S
NMDC20553880	0	0	0	0	0	0	0	1	0	0	0	1	0	0	0	0	0	0	0	0	0	1	0	0	0	0	0	0	0	1	S
NMDC20586441	0	0	0	0	0	0	0	0	0	0	0	1	0	0	0	0	1	0	0	0	1	1	0	0	1	0	0	0	1	0	S
NMDC20553881	0	0	0	0	0	1	0	1	0	0	0	1	0	0	1	0	1	1	0	0	0	1	0	0	1	0	0	0	1	1	S
NMDC20586442	0	0	0	0	0	0	0	0	0	0	0	1	0	0	0	0	1	0	0	0	1	1	0	0	1	0	0	0	1	0	S
NMDC20586443	0	0	0	0	0	0	0	0	0	0	0	1	0	0	0	0	1	0	0	0	1	1	0	0	1	0	0	0	1	0	S
NMDC20586444	0	0	0	0	0	0	0	0	0	0	0	1	0	0	0	0	1	1	0	0	0	0	0	0	1	0	0	0	0	1	S
NMDC20586445	0	0	0	0	0	0	0	1	0	0	0	1	0	0	0	0	0	0	0	0	0	1	0	0	0	0	0	0	0	1	S
NMDC20551874	0	0	1	0	1	0	0	0	0	0	1	0	0	0	0	1	0	0	1	1	0	0	0	1	0	0	0	0	1	1	S
NMDC20555903	0	0	0	0	0	1	0	1	0	0	0	1	0	0	1	0	1	1	0	0	0	1	0	0	1	0	0	0	1	1	S
NMDC20586446	0	0	0	0	0	1	0	0	0	0	0	0	0	0	1	0	0	1	1	0	1	1	0	0	0	0	0	0	0	1	S
NMDC20586448	0	0	0	0	0	1	0	1	0	0	0	1	0	0	1	0	1	1	0	0	0	1	0	0	1	0	0	0	1	1	S
NMDC20586450	0	0	0	0	0	1	0	0	0	0	1	0	0	0	0	0	0	0	0	0	0	0	0	0	0	0	0	0	1	1	S
NMDC20557894	0	0	0	0	0	0	0	1	0	0	0	1	0	0	0	0	0	0	0	0	0	1	0	0	0	0	0	0	0	1	S
NMDC20586451	0	0	0	0	0	1	0	1	0	0	0	1	0	0	1	0	1	1	0	0	0	1	0	0	1	0	0	0	1	1	S
NMDC20586452	0	0	0	0	0	0	0	0	0	0	0	0	0	0	1	0	0	0	0	0	0	1	0	0	1	0	0	1	0	0	S
NMDC20551875	0	0	0	0	0	1	0	1	0	0	0	1	0	0	1	0	1	1	0	0	0	1	0	0	1	0	0	0	1	1	S
NMDC20557895	0	0	0	0	0	1	0	1	0	0	0	1	0	0	0	0	0	0	1	0	1	1	0	0	0	0	0	0	0	0	S
NMDC20586454	0	0	0	0	0	0	0	0	0	0	0	1	0	0	0	0	1	1	0	0	0	0	0	0	1	0	0	0	0	1	S
NMDC20586456	0	0	0	0	0	0	0	0	0	0	0	1	0	0	0	0	1	0	0	0	1	1	0	0	1	0	0	0	1	0	S
NMDC20586457	0	0	0	0	0	0	0	0	0	0	0	1	0	0	0	0	1	0	1	0	1	1	0	0	1	0	0	0	1	0	S
NMDC20586458	0	0	0	0	0	0	0	0	0	0	0	1	0	0	0	0	1	0	0	0	1	1	0	0	1	0	0	0	1	0	S
NMDC20586459	0	0	0	0	0	0	0	0	0	0	0	1	0	0	0	0	1	0	0	0	1	1	0	0	1	0	0	0	1	0	S
NMDC20553883	0	0	0	0	0	0	0	0	0	0	0	0	0	0	1	0	1	0	0	0	1	1	0	0	0	0	0	1	0	1	S
NMDC20586461	0	0	0	0	0	1	0	1	0	0	0	1	1	0	1	0	0	0	0	0	1	1	0	0	0	0	0	0	1	1	S
NMDC20557896	0	0	0	0	0	1	0	0	0	0	1	0	0	0	0	0	0	0	0	0	0	0	0	0	0	0	0	0	1	1	S
NMDC20555904	0	0	0	0	0	1	0	1	0	0	0	1	1	0	1	0	0	0	0	0	1	1	0	0	0	0	0	0	1	1	S
NMDC20557897	0	0	0	0	0	1	0	1	0	0	0	1	1	0	1	0	0	0	0	0	1	1	0	0	0	0	0	0	1	1	S
NMDC20586462	0	0	0	0	0	1	0	0	0	0	1	0	0	0	0	0	0	0	0	0	0	0	0	0	0	0	0	0	1	1	S
NMDC20586463	0	0	0	0	0	1	0	1	0	0	0	1	0	0	1	0	1	1	0	0	0	1	0	0	1	0	0	0	1	1	S
NMDC20553884	0	0	0	0	0	1	0	0	0	0	1	0	0	0	0	0	0	0	0	0	0	0	0	0	0	0	0	0	1	1	S
NMDC20553885	0	0	0	0	0	1	0	1	0	0	0	1	0	0	1	0	1	1	0	0	0	1	0	0	1	0	0	0	1	1	S
NMDC20586464	0	0	0	0	0	1	0	0	0	0	1	0	0	0	0	0	0	0	0	0	0	0	0	0	0	0	0	0	1	1	S
NMDC20586465	0	0	0	0	0	0	0	1	0	0	0	1	1	0	1	0	0	0	1	0	1	1	1	0	0	0	0	0	0	1	S
NMDC20586466	0	0	0	0	0	1	0	1	0	0	0	1	1	0	1	0	0	0	0	0	1	1	0	0	0	0	0	0	1	1	S
NMDC20557900	0	0	0	0	0	1	0	1	0	0	0	1	0	0	1	0	1	1	0	0	0	1	0	0	1	0	0	0	1	1	S
NMDC20555905	0	0	0	0	0	1	0	0	0	0	1	0	0	0	0	0	0	0	0	0	0	0	0	0	0	0	0	0	1	1	S
NMDC20586468	0	0	0	0	0	1	0	1	0	0	0	1	0	0	1	0	1	1	0	0	0	1	0	0	1	0	0	0	0	1	S
NMDC20586470	0	0	0	0	0	1	0	1	0	0	0	1	0	0	1	0	1	1	0	0	0	1	0	0	1	0	0	0	1	1	S
NMDC20586471	0	0	0	0	0	1	0	1	0	0	0	1	0	0	1	0	1	1	0	0	0	1	0	0	1	0	0	0	1	1	S
NMDC20586472	0	0	0	0	0	1	0	0	0	0	1	0	0	0	0	0	0	0	0	0	0	0	0	0	0	0	0	0	1	1	S
NMDC20586473	0	0	0	0	0	1	0	0	0	0	1	0	0	0	0	0	0	0	0	0	0	0	0	0	0	0	0	0	1	1	S
NMDC20586474	0	0	1	0	1	0	0	0	0	0	0	1	0	0	0	1	0	0	1	0	0	0	0	0	0	0	0	0	0	0	S
NMDC20555907	0	0	0	0	0	1	0	1	0	0	0	1	0	0	1	0	1	1	0	0	0	1	0	0	1	0	0	0	1	1	S
NMDC20551876	0	0	0	0	0	1	0	1	0	0	0	1	0	0	1	0	1	1	0	0	0	1	0	0	1	0	0	0	1	1	S
NMDC20553887	0	0	0	0	0	1	0	1	0	0	0	1	0	0	1	0	1	1	1	0	0	1	0	0	1	0	0	0	1	1	S
NMDC20586475	0	0	0	0	0	1	0	1	0	0	0	1	1	0	1	0	0	0	0	0	1	1	0	0	0	0	0	0	1	1	S
NMDC20586476	0	0	0	0	0	1	0	0	0	0	1	0	0	0	0	0	0	0	0	0	0	0	0	0	0	0	0	0	1	1	S
NMDC20551878	0	0	0	0	0	0	0	0	0	0	0	1	0	0	0	0	1	1	0	0	0	0	0	0	1	0	0	0	0	1	S
NMDC20586477	0	0	0	0	0	1	0	0	0	0	1	0	0	0	0	0	0	0	0	0	0	0	0	0	0	0	0	0	1	1	S
NMDC20551879	0	0	0	0	0	1	0	1	0	0	0	1	0	0	1	0	1	1	0	0	0	1	1	0	1	0	0	0	1	1	S
NMDC20586478	0	0	0	0	0	1	0	1	0	0	0	1	0	0	1	0	1	1	0	0	0	1	0	0	1	0	0	0	1	1	S
NMDC20557901	0	0	0	0	0	1	0	1	0	0	0	1	0	0	1	0	1	1	0	0	0	1	1	0	1	0	0	0	1	1	S
NMDC20555909	0	0	0	0	0	1	0	1	0	0	0	1	0	0	1	0	1	1	1	0	0	1	0	0	1	0	0	0	1	1	S
NMDC20586479	0	0	0	0	0	1	0	1	0	0	0	1	0	0	1	0	1	1	0	0	0	1	0	0	1	0	0	0	1	1	S
NMDC20557902	0	0	0	0	0	1	0	1	0	0	0	1	0	0	1	0	1	1	0	0	0	1	0	0	1	0	0	0	1	1	S
NMDC20553888	0	0	0	0	0	1	0	0	0	0	1	0	0	0	0	0	0	0	0	0	0	0	0	0	0	0	0	0	1	1	S
NMDC20557905	0	0	0	0	0	1	0	0	0	0	1	0	0	0	0	0	0	0	0	0	0	0	0	0	0	0	0	0	1	1	S
NMDC20557904	0	0	0	0	0	1	0	1	0	0	0	1	0	0	0	0	0	0	0	0	0	0	0	1	0	0	0	0	1	1	S
NMDC20551881	0	0	0	0	0	1	0	1	0	0	0	1	0	0	1	0	1	1	0	0	0	1	0	0	1	0	0	0	1	1	S
NMDC20586481	0	0	0	0	0	1	0	1	0	0	0	1	0	0	1	0	1	1	0	0	0	1	0	0	1	0	0	0	1	1	S
NMDC20586484	0	0	0	0	0	1	0	1	0	0	0	1	0	0	1	0	1	1	0	0	0	1	0	0	1	0	0	0	1	1	S
NMDC20586485	0	0	0	0	0	1	0	1	0	0	0	1	0	0	1	0	1	1	0	0	0	1	0	0	1	0	0	0	1	1	S
NMDC20555911	0	0	0	0	0	1	0	1	0	0	0	1	0	0	1	0	1	1	0	0	0	1	0	0	1	0	0	0	1	1	S
NMDC20555912	0	0	0	0	0	1	0	1	0	0	0	1	0	0	1	0	1	1	0	0	0	1	0	0	1	0	0	0	1	1	S
NMDC20551882	0	0	0	0	0	0	0	0	0	0	1	0	0	0	0	0	1	0	0	0	1	1	0	0	0	0	0	0	0	1	S
NMDC20553890	0	0	0	0	0	0	0	0	0	0	0	0	0	0	0	0	1	0	0	0	0	1	0	0	0	0	0	0	1	0	S
NMDC20586487	0	0	0	0	0	1	0	0	0	0	1	0	0	0	0	0	0	0	0	0	0	0	0	0	0	0	0	0	1	1	S
NMDC20586488	0	0	0	0	0	1	0	0	0	0	0	1	0	0	0	0	0	0	0	0	0	1	0	0	0	0	0	0	0	0	S
NMDC20551883	0	0	0	0	0	1	0	1	0	0	0	1	0	0	1	0	1	1	0	0	0	1	1	0	1	0	0	0	1	1	S
NMDC20557906	0	0	0	0	0	1	0	0	0	0	1	0	0	0	0	0	0	0	0	0	0	0	0	0	0	0	0	0	1	1	S
NMDC20557907	0	0	0	0	0	1	0	1	0	0	0	1	0	0	1	0	1	1	0	0	0	1	0	0	1	0	0	0	1	1	S
NMDC20555913	0	0	0	0	0	0	0	0	0	0	0	0	0	0	0	0	1	0	0	0	0	1	0	0	0	0	0	0	1	0	S
NMDC20551884	0	0	0	0	0	1	0	1	0	0	0	1	0	0	1	0	1	1	0	0	0	1	0	0	1	0	0	0	1	1	S
NMDC20555914	0	0	0	0	0	1	0	1	0	0	0	1	0	0	1	0	1	1	0	0	0	1	0	0	1	0	0	0	1	1	S
NMDC20555918	0	0	0	0	0	1	0	1	0	0	0	1	0	0	1	0	1	1	0	0	0	1	0	0	1	0	0	0	1	1	S
NMDC20586490	0	0	0	0	0	1	0	0	0	0	0	1	0	0	0	0	0	0	0	0	0	1	0	0	0	0	0	0	0	0	S
NMDC20555915	0	0	0	0	0	1	0	1	0	0	0	1	0	0	1	0	1	1	0	0	0	1	0	0	1	0	0	0	1	1	S
NMDC20553891	0	0	0	0	0	1	0	1	0	0	0	1	0	0	1	0	1	1	0	0	0	1	0	0	1	0	0	0	1	1	S
NMDC20555917	0	0	0	0	0	1	0	0	0	0	1	0	0	0	0	0	0	0	0	0	0	0	0	0	0	0	0	0	1	1	S
NMDC20553892	0	0	0	0	0	1	0	0	0	0	1	0	0	0	0	0	0	0	0	0	0	0	0	0	0	0	0	0	1	1	S
NMDC20586491	0	0	0	0	0	1	0	0	0	0	1	0	0	0	0	0	0	0	0	0	0	0	0	0	0	0	0	0	1	1	S
NMDC20557908	0	0	0	0	0	1	0	1	0	0	0	1	0	0	1	0	1	1	0	0	0	1	0	0	1	0	0	0	1	1	S
NMDC20557912	0	0	0	0	0	1	0	1	0	0	0	1	0	0	1	0	1	1	0	0	0	1	0	0	1	0	0	0	1	1	S
NMDC20551885	0	0	0	0	0	1	0	1	0	0	0	1	0	0	1	0	1	1	0	0	0	1	0	0	1	0	0	0	1	1	S
NMDC20553893	0	0	0	0	0	1	0	0	0	0	0	0	0	0	0	0	0	0	0	0	0	0	0	0	1	0	1	0	1	0	S
NMDC20551887	0	0	0	0	0	1	0	1	0	0	0	1	0	0	1	0	1	1	0	0	0	1	0	0	1	0	0	0	1	1	S
NMDC20586492	0	0	0	0	0	1	0	1	0	0	0	1	0	0	1	0	1	1	0	0	0	1	0	0	1	0	0	0	1	1	S
NMDC20557911	0	0	0	0	0	1	0	1	0	0	0	1	0	0	1	0	1	1	0	0	0	1	0	0	1	0	0	0	1	1	S
NMDC20553894	0	0	0	0	0	1	0	1	0	0	0	1	0	0	1	0	1	1	0	0	0	1	0	0	1	0	0	0	1	1	S
NMDC20553896	0	0	0	0	0	1	0	1	0	0	0	1	0	0	1	0	1	1	0	0	0	1	0	0	1	0	0	0	1	1	S
NMDC20586493	0	0	0	0	0	0	0	0	0	0	0	0	0	0	1	0	0	0	0	0	0	1	0	0	1	0	0	1	0	0	S
NMDC20555919	0	0	0	0	0	1	0	1	0	0	0	1	0	0	1	0	1	1	0	0	0	1	0	0	1	0	0	0	1	1	S
NMDC20586494	0	0	0	0	0	1	0	0	0	0	1	0	0	0	0	0	0	0	0	0	0	0	0	0	0	0	0	0	1	1	S
NMDC20586495	0	0	0	0	0	1	0	1	0	0	0	1	0	0	1	0	1	1	0	0	0	1	1	0	1	0	0	0	1	1	S
NMDC20553895	0	0	0	0	0	1	0	1	0	0	0	1	0	0	1	0	1	1	0	0	0	1	0	0	1	0	0	0	1	1	S
NMDC20586496	0	0	0	0	0	1	0	1	0	0	0	1	0	0	1	0	1	1	0	0	0	1	0	0	1	0	0	0	1	1	S
NMDC20551891	0	0	0	0	0	1	0	0	0	0	1	0	0	0	0	0	0	0	0	0	0	0	0	0	0	0	0	0	1	1	S
NMDC20586499	0	0	0	0	0	1	0	1	0	0	0	1	0	0	1	0	1	1	0	0	0	1	1	0	1	0	0	0	1	1	S
NMDC20551889	0	0	0	0	0	1	0	0	0	0	1	0	0	0	0	0	0	0	0	0	0	0	0	0	0	0	0	0	1	1	S
NMDC20586500	0	0	0	0	0	1	0	1	0	0	0	1	0	0	1	0	1	1	0	0	0	1	0	0	1	0	0	0	1	1	S
NMDC20557914	0	0	0	0	0	1	0	1	0	0	0	1	0	0	1	0	1	1	0	0	0	1	0	0	1	0	0	0	1	1	S
NMDC20551890	0	0	0	0	0	0	0	0	0	0	0	1	0	0	0	0	1	0	0	0	1	1	0	0	1	0	0	0	1	0	S
NMDC20555923	0	0	0	0	0	1	0	1	0	0	0	1	0	0	1	0	1	1	0	0	0	1	0	0	1	0	0	0	1	1	S
NMDC20553899	0	0	0	0	0	1	0	1	0	0	0	1	0	0	1	0	1	1	0	0	0	1	0	0	1	0	0	0	1	1	S
NMDC20553901	0	0	0	0	0	1	0	1	0	0	0	1	0	0	1	0	1	1	0	0	0	1	0	0	1	0	0	0	1	1	S
NMDC20553902	0	0	0	0	0	1	0	1	0	0	0	1	0	0	1	0	1	1	0	0	0	1	0	0	1	0	0	0	1	1	S
NMDC20555922	0	0	0	0	0	1	0	0	0	0	1	0	0	0	0	0	0	0	0	0	0	0	0	0	0	0	0	0	1	1	S
NMDC20553903	0	0	0	0	0	1	0	1	0	0	0	1	0	0	1	0	1	1	0	0	0	1	0	0	1	0	0	0	1	1	S
NMDC20586503	0	0	0	0	0	1	0	1	0	0	0	1	0	0	1	0	1	1	0	0	0	1	0	0	1	0	0	0	1	1	S
NMDC20555924	0	0	0	0	0	1	0	1	0	0	0	1	0	0	1	0	1	1	0	0	0	1	0	0	1	0	0	0	1	1	S
NMDC20586504	0	0	0	0	0	1	0	1	0	0	0	1	0	0	1	0	1	1	0	0	0	1	0	0	1	0	0	0	1	1	S
NMDC20586507	0	0	0	0	0	0	0	1	0	0	0	1	0	0	0	0	0	0	1	0	0	1	1	0	0	0	0	0	0	1	S
NMDC20586514	0	0	0	0	0	1	0	1	0	0	0	1	0	0	1	0	1	1	0	0	0	1	1	0	1	0	0	0	1	1	S
NMDC20586527	0	0	0	0	0	1	0	1	0	0	0	1	0	0	1	0	1	1	0	0	0	1	1	0	1	0	0	0	1	1	S
NMDC20553904	0	0	1	0	0	1	0	1	0	0	0	1	0	0	1	1	1	1	0	0	0	1	0	0	1	0	0	0	1	1	S
NMDC20555925	0	0	0	0	0	1	0	1	0	0	0	1	0	0	1	0	1	1	0	0	0	1	1	0	1	0	0	0	1	1	S
NMDC20586528	0	0	0	0	0	1	0	1	0	0	0	1	0	0	1	0	1	1	0	0	0	1	0	0	1	0	0	0	1	1	S
NMDC20555926	0	0	0	0	0	1	0	1	0	0	0	1	0	0	1	0	1	1	1	0	0	1	0	0	1	0	0	0	1	1	S
NMDC20551893	0	0	0	0	0	1	0	1	0	0	0	1	0	0	1	0	1	1	0	0	0	1	1	0	1	0	0	0	1	1	S
NMDC20555927	0	0	1	0	1	0	0	0	0	0	0	1	0	0	0	1	0	0	1	0	0	0	0	0	0	0	0	0	0	0	S
NMDC20551894	0	0	0	0	0	1	0	0	0	0	1	0	0	0	0	0	0	0	0	0	0	0	0	0	0	0	0	0	1	1	S
NMDC20553905	0	0	0	0	0	1	0	1	0	0	0	1	0	0	1	0	1	1	0	0	0	1	0	0	1	0	0	0	1	1	S
NMDC20555928	0	0	0	0	0	0	0	1	0	0	0	1	0	0	0	0	0	0	0	0	1	0	0	0	0	0	1	0	0	1	S
NMDC20586531	0	0	0	0	0	0	0	1	0	0	0	1	0	0	0	0	1	0	0	0	0	0	0	0	0	0	0	0	0	1	S
NMDC20555929	0	0	0	0	0	1	0	1	0	0	0	1	0	0	1	0	1	1	0	0	0	1	0	0	1	0	0	0	1	1	S
NMDC20551896	0	0	0	0	0	1	0	1	0	0	0	1	0	0	1	0	1	1	0	0	0	1	0	0	1	0	0	0	1	1	S
NMDC20555931	0	0	0	0	0	1	0	1	0	0	0	1	0	0	1	0	1	1	0	0	0	1	0	0	1	0	0	0	1	1	S
NMDC20586532	0	0	0	0	0	1	0	0	0	0	1	0	0	0	0	0	0	0	0	0	0	0	0	0	0	0	0	0	1	1	S
NMDC20586533	0	0	0	0	0	1	0	1	0	0	0	1	0	0	1	0	1	1	0	0	0	1	1	0	1	0	0	0	1	1	S
NMDC20586534	0	0	0	0	0	1	0	1	0	0	0	1	0	0	1	0	1	1	0	0	0	1	0	0	1	0	0	0	1	1	S
NMDC20551898	0	0	0	0	0	1	0	1	0	0	0	1	0	0	1	0	1	1	0	0	0	1	0	0	1	0	0	0	1	1	S
NMDC20586535	0	0	0	0	0	1	0	1	0	0	0	1	0	0	1	0	1	1	0	0	0	1	0	0	1	0	0	0	1	1	S
NMDC20555933	0	0	0	0	0	1	0	1	0	0	0	1	0	0	1	0	1	1	0	0	0	1	0	0	1	0	0	0	1	1	S
NMDC20551900	0	0	0	0	0	1	0	1	0	0	0	1	0	0	1	0	1	1	0	0	0	1	0	0	1	0	0	0	1	1	S
NMDC20551901	0	0	0	0	0	0	0	0	0	0	0	1	0	0	0	0	0	0	0	0	0	0	0	0	0	0	0	0	0	0	S
NMDC20551902	0	1	1	0	1	0	0	0	0	0	0	0	0	1	1	1	0	0	1	0	0	1	0	0	0	0	0	1	1	0	S
NMDC20586540	0	0	0	0	0	1	0	1	0	0	1	1	0	0	1	0	0	0	0	0	1	1	0	0	0	0	0	0	0	1	S
NMDC20586541	0	0	0	0	0	1	0	0	0	0	1	1	0	0	0	0	0	0	0	0	0	1	0	0	0	0	0	0	0	1	S
NMDC20586543	0	0	0	0	0	1	0	1	0	0	0	1	0	0	1	0	1	1	0	0	0	1	0	0	1	0	0	0	1	1	S
NMDC20557919	0	0	0	0	0	1	0	1	0	0	0	1	0	0	1	0	1	1	0	0	0	1	0	0	1	0	0	0	1	1	S
NMDC20555935	0	0	0	0	0	1	0	1	0	0	0	1	0	0	1	0	1	1	1	0	0	1	0	0	1	0	0	0	1	1	S
NMDC20553908	0	0	0	0	0	1	0	1	0	0	0	1	0	0	1	0	1	1	1	0	0	1	0	0	1	0	0	0	1	1	S
NMDC20555936	0	0	0	0	0	1	0	1	0	0	0	1	0	0	1	0	1	1	1	0	0	1	0	0	1	0	0	0	1	1	S
NMDC20553910	0	0	0	0	0	1	0	1	0	0	0	1	0	0	1	0	1	1	0	0	0	1	0	0	1	0	0	0	1	1	S
NMDC20553911	0	0	0	0	0	1	0	1	0	0	0	1	0	0	1	0	1	1	0	0	0	1	0	0	1	0	0	0	1	1	S
NMDC20586549	0	0	0	0	0	1	0	1	0	0	0	1	0	0	1	0	1	1	0	0	0	1	0	0	1	0	0	0	1	1	S
NMDC20555937	0	0	0	0	0	0	0	0	0	0	0	1	0	0	0	0	0	0	0	0	0	0	0	0	0	0	0	0	0	0	S
NMDC20586551	0	0	0	0	0	1	0	1	0	0	0	1	0	0	1	0	1	1	0	0	0	1	0	0	1	0	0	0	1	1	S
NMDC20586552	0	0	0	0	0	1	0	0	0	0	1	0	0	0	0	0	0	0	0	0	0	0	0	0	0	0	0	0	1	1	S
NMDC20555939	0	0	0	0	0	1	0	0	0	0	1	0	0	0	0	0	0	0	0	0	0	0	0	0	0	0	0	0	1	1	S
NMDC20555940	0	0	0	0	0	1	0	0	0	0	1	0	0	0	0	0	0	0	0	0	0	0	0	0	0	0	0	0	1	1	S
NMDC20586555	0	0	0	0	0	1	0	0	0	0	1	0	0	0	0	0	0	0	0	0	0	0	0	0	0	0	0	0	1	1	S
NMDC20555944	0	0	0	0	0	1	0	0	0	0	1	0	0	0	0	0	0	0	0	0	0	0	0	0	0	0	0	0	1	1	S
NMDC20586558	0	0	0	0	0	1	0	1	0	0	0	1	0	0	1	0	1	1	0	0	0	1	0	0	1	0	0	0	1	1	S
NMDC20586559	0	0	0	0	0	0	0	0	0	0	0	1	0	0	0	0	0	0	0	0	1	1	0	1	0	0	0	0	0	1	S
NMDC20557923	0	0	0	0	0	1	0	1	0	0	0	1	0	0	1	0	1	1	0	0	0	1	0	0	1	0	0	0	1	1	S
NMDC20557924	0	0	0	0	0	1	0	1	0	0	0	1	0	0	0	0	0	0	0	0	1	1	0	0	0	0	1	0	1	0	S
NMDC20551907	0	0	1	0	1	0	0	0	0	0	0	1	0	0	0	1	0	0	1	0	0	0	0	0	0	0	0	0	0	0	S
NMDC20551908	0	0	0	0	0	0	0	0	0	0	0	1	0	0	0	0	0	0	0	0	0	0	0	0	0	0	0	0	0	0	S
NMDC20555945	0	0	0	0	0	1	0	0	0	0	1	0	0	0	0	0	0	0	0	0	0	0	0	0	0	0	0	0	1	1	S
NMDC20555946	0	0	0	0	0	1	0	1	0	0	0	1	0	0	1	0	1	1	1	0	0	1	0	0	1	0	0	0	1	1	S
NMDC20553913	0	0	0	0	0	1	0	1	0	0	0	1	0	0	1	0	1	1	0	0	0	1	1	0	1	0	0	0	1	1	S
NMDC20557925	0	0	0	0	0	1	0	1	0	0	0	1	0	0	1	0	1	1	0	0	0	1	1	0	1	0	0	0	1	1	S
NMDC20586562	0	0	0	0	0	1	0	1	0	0	0	1	0	0	1	0	1	1	0	0	0	1	0	0	1	0	0	0	1	1	S
NMDC20553914	0	0	0	0	0	1	0	1	0	0	0	1	0	0	1	0	1	1	0	0	0	1	1	0	1	0	0	0	1	1	S
NMDC20555947	0	0	0	0	0	1	0	0	0	0	1	0	0	0	0	0	0	0	0	0	0	0	0	0	0	0	0	0	1	1	S
NMDC20551909	0	0	0	0	0	1	0	1	0	0	0	1	0	0	1	0	1	1	0	0	0	1	0	0	1	0	0	0	1	1	S
NMDC20586563	0	0	0	0	0	1	0	0	0	0	0	0	0	0	1	0	0	1	1	0	1	1	0	0	0	0	0	0	0	1	S
NMDC20551910	0	0	1	1	1	1	0	1	0	0	0	1	1	0	1	1	0	0	1	0	1	1	0	0	0	0	0	0	1	1	S
NMDC20553916	0	0	0	0	0	0	0	0	0	0	0	1	0	0	0	0	1	0	0	0	1	1	0	0	1	0	0	0	1	0	S
NMDC20553917	0	0	0	0	0	1	0	1	0	0	0	1	0	0	1	0	1	1	0	0	0	1	0	0	1	0	0	0	1	1	S
NMDC20586564	0	0	0	0	0	1	0	1	0	0	0	1	0	0	1	0	1	1	0	0	0	1	0	0	1	0	0	0	1	1	S
NMDC20553918	1	0	1	0	1	1	0	1	0	0	0	1	0	0	1	1	1	1	0	0	0	1	0	0	1	0	0	0	1	1	S
NMDC20586566	0	0	0	0	0	1	0	1	0	0	0	1	0	0	1	0	1	1	0	0	0	1	0	0	1	0	0	0	1	1	S
NMDC20586567	0	0	0	0	0	1	0	1	0	0	0	1	0	0	1	0	1	1	0	0	0	1	0	0	1	0	0	0	1	1	S
NMDC20586571	0	0	0	0	0	1	0	1	0	0	0	1	0	0	1	0	1	1	0	0	0	1	0	0	1	0	0	0	1	1	S
NMDC20586572	0	0	1	0	1	0	0	0	0	0	0	1	0	0	0	1	0	0	1	0	0	0	0	0	0	0	0	0	0	0	S
NMDC20553923	0	0	0	0	0	1	0	1	0	0	0	1	0	0	1	0	1	1	0	0	0	1	0	0	1	0	0	0	1	1	S
NMDC20551913	0	0	0	0	0	1	0	1	0	0	0	1	0	0	1	0	1	1	1	0	0	1	0	0	1	0	0	0	1	1	S
NMDC20557929	0	0	0	0	0	1	0	1	0	0	0	1	0	0	1	0	1	1	0	0	0	1	0	0	1	0	0	0	1	1	S
NMDC20586579	0	0	0	0	0	1	0	1	0	0	0	1	0	0	1	0	1	1	0	0	0	1	0	0	1	0	0	0	1	1	S
NMDC20557930	0	0	0	0	0	1	0	1	0	0	0	1	0	0	1	0	1	1	0	0	0	1	0	0	1	0	0	0	1	1	S
NMDC20586580	0	0	0	0	0	0	0	0	0	0	0	0	0	0	0	0	1	1	0	1	0	0	0	1	0	0	0	0	0	0	S
NMDC20586582	0	0	0	0	0	1	0	1	0	0	0	1	0	0	1	0	1	1	0	0	0	1	0	0	1	0	0	0	1	1	S
NMDC20553926	0	0	0	0	0	0	0	0	0	0	0	1	0	0	0	0	0	0	0	0	0	0	0	0	0	0	0	0	0	0	S
NMDC20586583	0	0	0	0	0	0	0	0	0	0	0	1	0	0	1	0	0	0	0	0	0	1	0	0	0	0	0	0	0	0	S
NMDC20553927	0	0	0	0	0	0	0	0	0	0	0	0	0	0	0	0	1	0	0	0	0	1	0	0	0	0	0	0	1	0	S
NMDC20553928	0	0	0	0	0	1	0	0	0	0	0	1	0	0	0	0	0	0	0	0	0	1	0	0	0	0	1	0	0	1	S
NMDC20551917	0	0	1	0	1	0	0	0	0	0	0	1	0	0	0	1	0	0	1	0	0	0	0	0	0	0	0	0	0	0	S
NMDC20555951	0	0	0	0	0	0	0	0	0	0	0	1	0	0	1	0	0	0	0	0	0	1	0	0	0	0	0	0	0	0	S
NMDC20586586	0	0	0	0	0	1	0	1	0	0	0	1	0	0	1	0	1	1	0	0	0	1	1	0	1	0	0	0	1	1	S
NMDC20555952	0	0	0	0	0	1	0	1	0	0	0	1	0	0	1	0	1	1	1	0	0	1	0	0	1	0	0	0	1	1	S
NMDC20557933	0	0	0	0	0	1	0	0	0	0	1	0	0	0	0	0	0	0	0	0	0	0	0	0	0	0	0	0	1	1	S
NMDC20557934	0	0	0	0	0	1	0	1	0	0	0	1	0	0	1	0	1	1	0	0	0	1	0	0	1	0	0	0	1	1	S
NMDC20586588	0	0	0	0	0	1	0	1	0	0	0	1	0	0	1	0	1	1	1	0	0	1	0	0	1	0	0	0	1	1	S
NMDC20586589	0	0	0	0	0	0	0	0	0	0	0	1	0	0	0	0	1	0	0	0	1	1	0	0	1	0	0	0	1	0	S
NMDC20586590	0	0	0	0	0	1	0	1	0	0	0	1	0	0	1	0	1	1	0	0	0	1	0	0	1	0	0	0	1	1	S
NMDC20586591	0	0	0	0	0	1	0	1	0	0	0	1	0	0	1	0	1	1	0	0	0	1	0	0	1	0	0	0	1	1	S
NMDC20551919	0	0	0	0	0	1	0	1	0	0	0	1	0	0	1	0	1	1	0	0	0	1	0	0	1	0	0	0	1	1	S
NMDC20553930	0	0	0	0	0	1	0	1	0	0	0	1	0	0	1	0	1	1	0	0	0	1	0	0	1	0	0	0	1	1	S
NMDC20586592	0	0	0	0	0	1	0	1	0	0	0	1	0	0	1	0	1	1	0	0	0	1	0	0	1	0	0	0	1	1	S
NMDC20551922	0	0	0	0	0	1	0	0	0	0	1	0	0	0	0	0	0	0	0	0	0	0	0	0	0	0	0	0	1	1	S
NMDC20553933	0	0	0	0	0	1	0	1	0	0	0	1	0	0	1	0	1	1	0	0	0	1	0	0	1	0	0	0	1	1	S
NMDC20557935	0	0	0	0	0	1	0	1	0	0	0	1	0	0	1	0	1	1	0	0	0	1	0	0	1	0	0	0	1	1	S
NMDC20553934	0	0	0	0	0	1	0	1	0	0	0	1	0	0	1	0	1	1	0	0	0	1	0	0	1	0	0	0	1	1	S
NMDC20586595	0	0	0	0	0	1	0	1	0	0	0	1	0	0	1	0	1	1	0	0	0	1	0	0	1	0	0	0	1	1	S
NMDC20555954	0	0	0	0	0	1	0	1	0	0	0	1	0	0	1	0	1	1	0	0	0	1	1	0	1	0	0	0	1	1	S
NMDC20586596	0	0	0	0	0	1	0	0	0	0	1	0	0	0	0	0	0	0	0	0	0	0	0	0	0	0	0	0	1	1	S
NMDC20555955	0	0	0	0	0	1	0	0	0	0	1	0	0	0	0	0	0	0	0	0	0	0	0	0	0	0	0	0	1	1	S
NMDC20557936	0	0	0	0	0	1	0	1	0	0	0	1	0	0	1	0	1	1	0	0	0	1	0	0	1	0	0	0	1	1	S
NMDC20586597	0	0	0	0	0	1	0	1	0	0	0	1	0	0	1	0	1	1	0	0	0	1	0	0	1	0	0	0	1	1	S
NMDC20551923	0	0	0	0	0	1	0	0	0	0	1	0	0	0	0	0	0	0	0	0	0	0	0	0	0	0	0	0	1	1	S
NMDC20553935	0	0	0	0	0	1	0	1	0	0	0	1	0	0	1	0	1	1	0	0	0	1	0	0	1	0	0	0	1	1	S
NMDC20555957	0	0	0	0	0	1	0	0	0	0	1	0	0	0	0	0	0	0	0	0	0	0	0	0	0	0	0	0	1	1	S
NMDC20555958	0	0	0	0	0	1	0	0	0	0	1	0	0	0	0	0	0	0	0	0	0	0	0	0	0	0	0	0	1	1	S
NMDC20557937	0	0	0	0	0	1	0	1	0	0	0	1	0	0	1	0	1	1	0	0	0	1	0	0	1	0	0	0	1	1	S
NMDC20586598	0	0	0	0	0	0	0	0	0	0	0	1	0	0	0	0	1	0	0	0	1	1	0	0	1	0	0	0	1	0	S
NMDC20555959	0	0	0	0	0	1	0	1	0	0	0	1	0	0	1	0	1	1	0	0	0	1	0	0	1	0	0	0	1	1	S
NMDC20586599	0	0	0	0	0	1	0	1	0	0	0	1	0	0	0	0	0	0	0	0	0	0	0	1	0	0	0	0	1	1	S
NMDC20557938	0	0	0	0	0	1	0	1	0	0	0	1	0	0	1	0	1	1	0	0	0	1	0	0	1	0	0	0	1	1	S
NMDC20586600	0	0	0	0	0	0	0	0	0	0	0	1	0	0	1	0	0	0	0	0	0	1	0	0	0	0	0	0	0	0	S
NMDC20586601	0	0	0	0	0	1	0	0	0	0	1	0	0	0	0	0	0	0	0	0	0	0	0	0	0	0	0	0	1	1	S
NMDC20557939	0	0	0	0	0	1	0	0	0	0	1	0	0	0	0	0	0	0	0	0	0	0	0	0	0	0	0	0	1	1	S
NMDC20555961	0	0	0	0	0	1	0	1	0	0	0	1	0	0	1	0	1	1	0	0	0	1	0	0	1	0	0	0	1	1	S
NMDC20551930	0	0	0	0	0	1	0	1	0	0	0	1	0	0	0	0	0	0	0	0	1	1	0	0	0	0	0	0	0	0	S
NMDC20557940	0	0	0	0	0	1	0	1	0	0	0	1	0	0	1	0	1	1	0	0	0	1	0	0	1	0	0	0	1	1	S
NMDC20586602	0	0	0	0	0	1	0	1	0	0	0	1	0	0	1	0	1	1	0	0	0	1	0	0	1	0	0	0	1	1	S
NMDC20586603	0	0	0	0	0	1	0	1	0	0	0	1	0	0	1	0	1	1	0	0	0	1	0	0	1	0	0	0	1	1	S
NMDC20586604	0	0	0	0	0	1	0	1	0	0	0	1	0	0	1	0	1	1	0	0	0	1	0	0	1	0	0	0	1	1	S
NMDC20551931	0	0	0	0	0	1	0	1	0	0	0	1	0	0	1	0	1	1	0	0	0	1	0	0	1	0	0	0	1	1	S
NMDC20551932	0	0	0	0	0	1	0	1	0	0	0	1	0	0	1	0	1	1	0	0	0	1	0	0	1	0	0	0	1	1	S
NMDC20551933	0	0	0	0	0	1	0	1	0	0	0	1	0	0	1	0	1	1	0	0	0	1	0	0	1	0	0	0	1	1	S
NMDC20586605	0	0	0	0	0	1	0	1	0	0	0	1	0	0	1	0	1	1	0	0	0	1	0	0	1	0	0	0	1	1	S
NMDC20555963	0	0	0	0	0	1	0	1	0	0	0	1	0	0	1	0	1	1	0	0	0	1	0	0	1	0	0	0	1	1	S
NMDC20557943	0	0	0	0	0	1	0	1	0	0	0	1	0	0	1	0	1	1	0	0	0	1	0	0	1	0	0	0	1	1	S
NMDC20551934	0	0	0	0	0	1	0	0	0	0	1	0	0	0	0	0	0	0	0	0	0	0	0	0	0	0	0	0	1	1	S
NMDC20586607	0	0	0	0	0	0	0	0	0	0	0	0	0	0	0	0	1	1	0	1	0	0	0	1	0	0	0	0	0	0	S
NMDC20555964	0	0	0	0	0	0	0	0	0	0	0	1	0	0	0	0	1	0	0	0	1	1	0	0	1	0	0	0	1	0	S
NMDC20551935	0	0	0	0	0	1	0	1	0	0	0	1	0	0	1	0	1	1	0	0	0	1	0	0	1	0	0	0	1	1	S
NMDC20586608	0	0	0	0	0	1	0	1	0	0	0	1	0	0	1	0	1	1	0	0	0	1	0	0	1	0	0	0	1	1	S
NMDC20553938	0	0	0	0	0	0	0	0	0	0	0	0	0	0	0	0	1	1	0	1	0	0	0	1	0	0	0	0	0	0	S
NMDC20557946	0	0	0	0	0	1	0	1	0	0	0	1	0	0	1	0	1	1	0	0	0	1	0	0	1	0	0	0	1	1	S
NMDC20586609	0	0	0	0	0	1	0	1	0	0	0	1	0	0	1	0	1	1	0	0	0	1	0	0	1	0	0	0	1	1	S
NMDC20553940	0	0	0	0	0	1	0	0	0	0	1	0	0	0	0	0	0	0	0	0	0	0	0	0	0	0	0	0	1	1	S
NMDC20555965	0	0	0	0	0	0	0	0	0	0	0	1	0	0	0	0	1	0	0	0	1	1	0	0	1	0	0	0	1	0	S
NMDC20553941	0	0	0	0	0	1	0	1	0	0	0	1	0	0	1	0	1	1	0	0	0	1	1	0	1	0	0	0	1	1	S
NMDC20557947	0	0	0	0	0	1	0	0	0	0	1	0	0	0	0	0	0	0	0	0	0	0	0	0	0	0	0	0	1	1	S
NMDC20586612	0	0	0	0	0	1	0	1	0	0	0	1	0	0	1	0	1	1	0	0	0	1	0	0	1	0	0	0	1	1	S
NMDC20586613	0	0	1	0	1	0	0	0	0	0	0	1	0	0	0	1	0	0	1	0	0	0	0	0	0	0	0	0	0	0	S
NMDC20555966	0	0	0	0	0	1	0	1	0	0	0	1	0	0	1	0	1	1	0	0	0	1	0	0	1	0	0	0	1	1	S
NMDC20557949	0	0	0	0	0	1	0	1	0	0	0	1	0	0	1	0	1	1	0	0	0	1	0	0	1	0	0	0	1	1	S
NMDC20553943	0	0	0	0	0	1	0	1	0	0	0	1	0	0	1	0	1	1	0	0	0	1	0	0	1	0	0	0	1	1	S
NMDC20586616	0	0	0	0	0	1	0	1	0	0	0	1	0	0	1	0	1	1	0	0	0	1	0	0	1	0	0	0	1	1	S
NMDC20553944	0	0	0	0	0	1	0	1	0	0	0	1	0	0	1	0	1	1	1	0	0	1	0	0	1	0	0	0	1	1	S
NMDC20557951	0	0	0	0	0	1	0	1	0	0	0	1	0	0	1	0	1	1	0	0	0	1	0	0	1	0	0	0	1	1	S
NMDC20553945	0	0	0	0	0	1	0	0	0	0	1	0	0	0	0	0	0	0	0	0	0	0	0	0	0	0	0	0	1	1	S
NMDC20586617	0	0	0	0	0	1	0	1	0	0	0	1	0	0	0	0	0	0	0	0	0	0	0	1	0	0	0	0	1	1	S
NMDC20557952	0	0	0	0	0	1	0	0	0	0	1	1	0	0	0	0	1	0	0	0	0	1	0	1	1	0	0	0	0	0	S
NMDC20551936	0	0	0	0	0	0	0	0	0	0	0	0	0	0	0	0	0	0	0	0	1	1	0	0	0	0	1	0	1	1	S
NMDC20557953	0	0	0	0	0	1	0	1	0	0	0	1	0	0	1	0	1	1	0	0	0	1	0	0	1	0	0	0	1	1	S
NMDC20557954	0	0	0	0	0	1	0	1	0	0	0	1	0	0	1	0	1	1	0	0	0	1	0	0	1	0	0	0	1	1	S
NMDC20557955	0	0	0	0	0	0	0	0	0	0	1	0	0	0	0	0	1	0	0	0	1	1	0	0	0	0	0	0	0	1	S
NMDC20586622	0	0	0	0	0	1	0	0	0	0	1	0	0	0	0	0	0	0	0	0	0	0	0	0	0	0	0	0	1	1	S
NMDC20553946	0	0	0	0	0	1	0	0	0	0	1	0	0	0	0	0	0	0	0	0	0	0	0	0	0	0	0	0	1	1	S
NMDC20555967	0	0	0	0	0	1	0	0	0	0	1	0	0	0	0	0	0	0	0	0	0	0	0	0	0	0	0	0	1	1	S
NMDC20551937	0	0	0	0	0	1	0	0	0	0	1	0	0	0	0	0	0	0	0	0	0	0	0	0	0	0	0	0	1	1	S
NMDC20586623	0	0	0	0	0	1	0	1	0	0	0	1	0	0	1	0	1	1	0	0	0	1	0	0	1	0	0	0	1	1	S
NMDC20586657	0	0	0	0	0	0	0	1	0	0	0	1	0	0	0	0	0	0	0	0	0	0	0	0	0	0	1	0	0	1	S
NMDC20551957	0	0	0	0	0	0	0	1	0	0	0	1	0	0	0	0	0	0	0	0	0	0	0	0	0	0	1	0	0	1	S
NMDC20586658	0	0	0	0	0	1	0	0	0	0	1	0	0	0	0	0	0	0	0	0	0	0	0	0	0	0	0	0	1	1	S
NMDC20586659	0	0	1	0	1	0	0	1	0	0	0	1	1	0	1	1	0	0	0	0	1	1	1	0	0	0	0	0	0	1	S
NMDC20586660	0	0	1	0	1	0	0	1	0	0	0	1	1	0	1	1	0	0	1	0	1	1	1	0	0	0	0	0	0	1	S
NMDC20586662	0	0	0	0	0	0	0	0	0	0	0	1	0	0	0	0	1	1	0	0	0	0	0	0	1	0	0	0	0	1	S
NMDC20553968	0	0	0	0	0	0	0	0	0	0	0	0	0	0	0	0	0	0	0	0	0	1	0	0	1	0	0	1	0	0	S
NMDC20555979	0	0	0	0	0	1	0	0	0	0	1	0	0	0	0	0	0	0	0	0	0	0	0	0	0	0	0	0	1	1	S
NMDC20586664	0	0	0	0	0	1	0	0	0	0	1	0	0	0	0	0	0	0	0	0	0	0	0	0	0	0	0	0	1	1	S
NMDC20553969	0	0	0	0	0	1	0	0	0	0	1	0	0	0	0	0	0	0	0	0	0	0	0	0	0	0	0	0	1	1	S
NMDC20551958	0	0	0	0	0	1	0	1	0	0	0	1	0	0	0	0	0	0	0	0	0	0	0	1	0	0	0	0	1	1	S
NMDC20557976	0	0	0	0	0	0	0	0	0	0	0	1	0	0	0	0	1	1	0	0	0	0	0	0	1	0	0	0	0	1	S
NMDC20586665	0	0	0	0	0	1	0	1	0	0	0	1	0	0	1	0	1	1	1	0	0	1	0	0	1	0	0	0	1	1	S
NMDC20551959	0	0	0	0	0	1	0	0	0	0	0	0	0	0	1	0	1	1	0	0	0	0	0	0	1	0	0	0	1	1	S
NMDC20586666	0	0	0	0	0	1	0	0	0	0	1	0	0	0	0	0	0	0	0	0	0	0	0	0	0	0	0	0	1	1	S
NMDC20557977	0	0	1	0	0	1	0	1	0	0	0	1	0	0	1	1	1	1	1	0	0	1	0	0	1	0	0	0	1	1	S
NMDC20553971	0	0	0	0	0	1	0	1	0	0	0	1	0	0	1	0	1	1	0	0	0	1	0	0	1	0	0	0	1	1	S
NMDC20557979	0	0	1	0	1	1	0	0	0	0	0	0	0	0	1	1	1	0	1	0	0	0	0	0	1	0	0	0	1	1	S
NMDC20586668	0	0	0	0	0	1	0	1	0	0	0	1	0	0	1	0	1	1	1	0	0	1	0	0	1	0	0	0	1	1	S
NMDC20586669	0	0	0	0	0	1	0	0	0	0	0	0	0	0	0	0	0	0	0	0	1	1	0	0	0	0	0	0	0	0	S
NMDC20555980	0	0	0	0	0	1	0	1	0	0	0	1	0	0	1	0	1	1	1	0	0	1	0	0	1	0	0	0	1	1	S
NMDC20586670	0	0	0	0	0	0	0	1	0	0	0	1	0	0	0	0	0	0	0	0	0	1	0	0	0	0	0	0	0	1	S
NMDC20551961	0	0	0	0	0	1	0	0	0	0	0	0	0	0	1	0	1	1	1	0	0	0	0	0	1	0	0	0	1	1	S
NMDC20553972	0	0	0	0	0	1	0	1	0	0	0	1	0	0	1	0	1	1	0	0	0	1	0	0	1	0	0	0	1	1	S
NMDC20551962	0	0	0	0	0	0	0	0	0	0	0	1	0	0	0	0	1	0	0	0	1	1	0	0	1	0	0	0	1	0	S
NMDC20586673	0	0	0	0	0	1	0	0	0	0	0	1	0	0	0	0	0	0	0	0	0	1	0	0	0	0	1	0	0	1	S
NMDC20555981	0	0	0	0	0	1	0	1	0	0	0	1	0	0	1	0	1	1	0	0	0	1	0	0	1	0	0	0	1	1	S
NMDC20553973	0	0	0	0	0	1	0	1	0	0	0	1	0	0	1	0	1	1	0	0	0	1	0	0	1	0	0	0	1	1	S
NMDC20555982	0	0	0	0	0	1	0	1	0	0	0	1	0	0	1	0	1	1	0	0	0	1	0	0	1	0	0	0	1	1	S
NMDC20553974	0	0	0	0	0	1	0	0	0	0	1	0	0	0	0	0	0	0	0	0	0	0	0	0	0	0	0	0	1	1	S
NMDC20557980	0	0	0	0	0	0	0	0	0	0	0	0	0	0	0	0	0	0	0	0	1	1	0	0	0	0	1	0	1	1	S
NMDC20551964	0	0	0	0	0	1	0	1	0	0	0	1	0	0	1	0	1	1	0	0	0	1	0	0	1	0	0	0	1	1	S
NMDC20555983	0	0	0	0	0	1	0	1	0	0	0	1	0	0	1	0	1	1	0	0	0	1	0	0	1	0	0	0	1	1	S
NMDC20555984	0	0	0	0	0	1	0	1	0	0	0	1	0	0	1	0	0	0	0	0	0	1	0	0	0	0	0	0	1	0	S
NMDC20553975	0	0	0	0	0	1	0	0	0	0	1	0	0	0	0	0	0	0	0	0	0	0	0	0	0	0	0	0	1	1	S
NMDC20553976	0	0	0	0	0	0	0	0	0	0	0	0	0	0	1	0	1	0	0	0	1	1	0	0	0	0	0	1	0	1	S
NMDC20551965	0	0	0	0	0	1	0	1	0	0	0	1	0	0	1	0	1	1	1	0	0	1	0	0	1	0	0	0	1	1	S
NMDC20557981	0	0	0	0	0	1	0	1	0	0	0	1	0	0	1	0	1	1	0	0	0	1	0	0	1	0	0	0	1	1	S
NMDC20586674	0	0	0	0	0	1	0	1	0	0	0	1	0	0	1	0	1	1	1	0	0	1	0	0	1	0	0	0	1	1	S
NMDC20557983	0	0	0	0	0	1	0	1	0	0	0	1	0	0	1	0	1	1	0	0	0	1	0	0	1	0	0	0	1	1	S
NMDC20586676	0	0	0	0	0	1	0	1	0	0	0	1	0	0	1	0	1	1	1	0	0	1	0	0	1	0	0	0	1	1	S
NMDC20586677	0	0	0	0	0	1	0	1	0	0	0	1	0	0	1	0	1	1	0	0	0	1	0	0	1	0	0	0	1	1	S
NMDC20555986	0	0	0	0	0	1	0	1	0	0	0	1	0	0	1	0	1	1	0	0	0	1	0	0	1	0	0	0	1	1	S
NMDC20557984	0	0	1	0	0	1	0	1	0	0	0	1	0	0	1	1	1	1	0	0	0	1	0	0	1	0	0	0	1	1	S
NMDC20557985	0	0	0	0	0	0	0	1	0	0	0	1	0	0	0	0	1	0	0	0	1	0	0	0	0	0	1	0	0	1	S
NMDC20555987	0	0	0	0	0	1	0	1	0	0	0	1	0	0	1	0	1	1	0	0	0	1	0	0	1	0	0	0	1	1	S
NMDC20555988	0	0	0	0	0	1	0	1	0	0	0	1	0	0	1	0	1	1	0	0	0	1	0	0	1	0	0	0	1	1	S
NMDC20551966	0	0	0	0	0	1	0	1	0	0	0	1	0	0	1	0	1	1	0	0	0	1	0	0	1	0	0	0	1	1	S
NMDC20557987	0	0	0	0	0	1	0	1	0	0	0	1	0	0	1	0	1	1	0	0	0	1	0	0	1	0	0	0	1	1	S
NMDC20586679	0	0	0	0	0	0	0	0	0	0	0	0	0	0	1	0	0	0	0	0	0	1	0	0	0	0	0	1	1	0	S
NMDC20551968	0	0	0	0	0	1	0	1	0	0	0	1	0	0	1	0	1	1	0	0	0	1	0	0	1	0	0	0	1	1	S
NMDC20553981	0	0	0	0	0	1	0	1	0	0	0	1	0	0	1	0	1	1	0	0	0	1	0	0	1	0	0	0	1	1	S
NMDC20551969	0	0	0	0	0	1	0	1	0	0	0	1	0	0	1	0	1	1	0	0	0	1	0	0	1	0	0	0	1	1	S
NMDC20555989	0	0	1	0	1	0	0	0	0	0	0	1	0	0	0	1	0	0	1	0	0	0	0	0	0	0	0	0	0	0	S
NMDC20586680	0	0	0	0	0	1	0	1	0	0	0	1	0	0	1	0	0	0	0	0	1	1	0	0	1	0	0	0	0	1	S
NMDC20553982	0	0	0	0	0	1	0	1	0	0	0	1	0	0	1	0	1	1	0	0	0	1	0	0	1	0	0	0	1	1	S
NMDC20586681	0	0	0	0	0	1	0	1	0	0	0	1	0	0	1	0	1	1	0	0	0	1	0	0	1	0	0	0	1	1	S
NMDC20553983	0	0	0	0	0	1	0	1	0	0	0	1	0	0	1	0	1	1	0	0	0	1	0	0	1	0	0	0	1	1	S
NMDC20586684	0	0	0	0	0	1	0	0	0	0	0	0	0	0	0	0	0	0	0	0	1	1	0	0	0	0	0	0	0	0	S
NMDC20551970	0	0	0	0	0	1	0	1	0	0	0	1	0	0	1	0	1	1	0	0	0	1	0	0	1	0	0	0	1	1	S
NMDC20557992	0	0	0	0	0	1	0	1	0	0	0	1	0	0	1	0	1	1	0	0	0	1	0	0	1	0	0	0	1	1	S
NMDC20551971	0	0	0	0	0	1	0	1	0	0	0	1	0	0	1	0	1	1	0	0	0	1	0	0	1	0	0	0	1	1	S
NMDC20586688	0	0	0	0	0	1	0	1	0	0	0	1	0	0	1	0	1	1	0	0	0	1	0	0	1	0	0	0	1	1	S
NMDC20586689	0	0	0	0	0	1	0	1	0	0	0	1	0	0	1	0	1	1	0	0	0	1	0	0	1	0	0	0	1	1	S
NMDC20553984	0	0	0	0	0	0	0	0	0	0	0	1	0	0	0	0	0	0	0	0	0	0	0	0	0	0	0	0	0	0	S
NMDC20586690	0	0	0	0	0	1	0	1	0	0	0	1	0	0	1	0	1	1	0	0	0	1	1	0	1	0	0	0	1	1	S
NMDC20586691	0	0	0	0	0	1	0	1	0	0	0	1	0	0	1	0	1	1	0	0	0	1	0	0	1	0	0	0	1	1	S
NMDC20553985	0	0	0	0	0	1	0	1	0	0	0	1	0	0	1	0	1	1	0	0	0	1	0	0	1	0	0	0	1	1	S
NMDC20557991	0	0	0	0	0	1	0	1	0	0	0	1	0	0	1	0	1	1	0	0	0	1	0	0	1	0	0	0	1	1	S
NMDC20586692	0	0	0	0	0	1	0	1	0	0	0	1	0	0	1	0	1	1	0	0	0	1	0	0	1	0	0	0	1	1	S
NMDC20586694	0	0	0	0	0	1	0	1	0	0	0	1	0	0	1	0	1	1	0	0	0	1	1	0	1	0	0	0	1	1	S
NMDC20586697	0	0	0	0	0	1	0	1	0	0	0	1	0	0	1	0	1	1	0	0	0	1	0	0	1	0	0	0	1	1	S
NMDC20553986	0	0	0	0	0	1	0	1	0	0	0	1	0	0	1	0	1	1	1	0	0	1	0	0	1	0	0	0	1	1	S
NMDC20586698	0	0	1	0	1	1	0	1	0	0	0	1	0	0	1	1	1	1	0	0	0	1	1	0	1	0	0	0	1	1	S
NMDC20557993	0	0	0	0	0	1	0	1	0	0	0	1	0	0	1	0	1	1	0	0	0	1	0	0	1	0	0	0	1	1	S
NMDC20586699	0	0	0	0	0	1	0	1	0	0	0	1	0	0	1	0	1	1	0	0	0	1	0	0	1	0	0	0	1	1	S
NMDC20551972	0	0	0	0	0	1	0	1	0	0	0	1	0	0	1	0	1	1	0	0	0	1	0	0	1	0	0	0	1	1	S
NMDC20586700	0	0	0	0	0	1	0	1	0	0	0	1	0	0	1	0	1	1	1	0	0	1	0	0	1	0	0	0	1	1	S
NMDC20586702	0	0	0	0	0	1	0	0	0	0	1	0	0	0	0	0	0	0	0	0	0	0	0	0	0	0	0	0	1	1	S
NMDC20555991	0	0	0	0	0	1	0	1	0	0	0	1	0	0	1	0	1	1	0	0	0	1	0	0	1	0	0	0	1	1	S
NMDC20557995	0	0	0	0	0	1	0	1	0	0	0	1	0	0	1	0	1	1	0	0	0	1	0	0	1	0	0	0	1	1	S
NMDC20586703	0	0	0	0	0	1	0	1	0	0	0	1	0	0	1	0	1	1	0	0	0	1	0	0	1	0	0	0	1	1	S
NMDC20557996	0	0	0	0	0	1	0	0	0	0	1	0	0	0	0	0	0	0	0	0	0	0	0	0	0	0	0	0	1	1	S
NMDC20551974	0	0	0	0	0	1	0	1	0	0	0	1	0	0	1	0	1	1	1	0	0	1	0	0	1	0	0	0	1	1	S
NMDC20551975	0	0	0	0	0	1	0	1	0	0	0	1	0	0	1	0	1	1	1	0	0	1	0	0	1	0	0	0	1	1	S
NMDC20555992	0	0	0	0	0	1	0	1	0	0	0	1	0	0	1	0	1	1	0	0	0	1	0	0	1	0	0	0	1	1	S
NMDC20553989	0	0	0	0	0	1	0	0	0	0	1	0	0	0	0	0	0	0	0	0	0	0	0	0	0	0	0	0	1	1	S
NMDC20557997	0	0	0	0	0	0	0	1	0	0	0	1	0	0	0	0	1	1	0	0	0	1	0	0	1	0	0	0	1	1	S
NMDC20551977	0	0	0	0	0	1	0	1	0	0	0	1	0	0	1	0	1	1	0	0	0	1	0	0	1	0	0	0	1	1	S
NMDC20586706	0	0	0	0	0	0	0	0	0	0	1	0	0	0	0	0	1	0	0	0	1	1	0	0	0	0	0	0	0	1	S
NMDC20586709	0	0	0	0	0	0	0	0	0	0	0	1	0	0	0	0	1	0	0	0	1	1	0	0	1	0	0	0	1	0	S
NMDC20551978	0	1	0	0	0	1	0	1	0	0	0	1	0	1	1	0	1	1	1	0	0	1	0	0	1	0	0	0	1	1	S
NMDC20555995	0	0	1	0	0	1	0	1	0	0	0	1	0	0	1	1	1	1	1	0	0	1	0	0	1	0	0	0	1	1	S
NMDC20553992	0	0	0	0	0	1	0	0	0	0	1	0	0	0	0	0	0	0	0	0	0	0	0	0	0	0	0	0	1	1	S
NMDC20553993	0	0	0	0	0	1	0	1	0	0	0	1	0	0	1	0	1	1	0	0	0	1	0	0	1	0	0	0	1	1	S
NMDC20551979	0	0	0	0	0	1	0	1	0	0	0	1	0	0	1	0	1	1	0	0	0	1	0	0	1	0	0	0	1	1	S
NMDC20586713	0	0	0	0	0	0	0	0	0	0	0	1	0	0	0	0	1	0	0	0	1	1	0	0	1	0	0	0	1	0	S
NMDC20551980	0	0	0	0	0	1	0	1	0	0	0	1	0	0	1	0	1	1	1	0	0	1	0	0	1	0	0	0	1	1	S
NMDC20553994	0	0	0	0	0	1	0	1	0	0	0	1	0	0	1	0	1	1	1	0	0	1	0	0	1	0	0	0	1	1	S
NMDC20553995	0	0	0	0	0	0	0	0	0	0	0	1	0	0	0	0	0	0	0	0	0	0	0	0	0	0	0	0	0	0	S
NMDC20586714	0	0	0	0	0	0	0	0	0	0	0	1	0	0	0	0	0	0	0	0	0	0	0	0	0	0	0	0	0	0	S
NMDC20553996	0	0	0	0	0	1	0	1	0	0	0	1	0	0	1	0	1	1	0	0	0	1	0	0	1	0	0	0	1	1	S
NMDC20557999	0	0	0	0	0	1	0	1	0	0	0	1	0	0	1	0	1	1	0	0	0	1	1	0	1	0	0	0	1	1	S
NMDC20555996	0	0	0	0	0	1	0	0	0	0	1	0	0	0	0	0	0	0	0	0	0	0	0	0	0	0	0	0	1	1	S
NMDC20586715	0	0	0	0	0	1	0	1	0	0	0	1	0	0	0	0	0	0	0	0	1	1	0	0	0	0	0	0	0	0	S
NMDC20586716	0	0	0	0	0	0	0	0	0	0	0	1	0	0	0	0	1	0	0	0	1	1	0	0	1	0	0	0	1	0	S
NMDC20558001	0	0	0	0	0	1	0	1	0	0	0	1	0	0	1	0	1	1	0	0	0	1	0	0	1	0	0	0	1	1	S
NMDC20555998	0	0	0	0	0	1	0	1	0	0	0	1	0	0	1	0	1	1	0	0	0	1	0	0	1	0	0	0	1	1	S
NMDC20555999	0	0	0	0	0	1	0	0	0	0	1	0	0	0	0	0	0	0	0	0	0	0	0	0	0	0	0	0	1	1	S
NMDC20586717	0	0	0	0	0	1	0	1	0	0	0	1	0	0	1	0	1	1	0	0	0	1	0	0	1	0	0	0	1	1	S
NMDC20586718	0	0	0	0	0	1	0	1	0	0	0	1	0	0	1	0	1	1	0	0	0	1	0	0	1	0	0	0	1	1	S
NMDC20586719	0	0	0	0	0	1	0	1	0	0	0	1	0	0	1	0	1	1	0	0	0	1	1	0	1	0	0	0	1	1	S
NMDC20556000	0	0	0	0	0	0	0	0	0	0	0	0	0	0	0	0	1	0	0	0	0	1	0	0	0	0	0	0	1	0	S
NMDC20586720	0	0	0	0	0	0	0	0	0	0	0	1	0	0	0	0	1	0	0	0	1	1	0	0	1	0	0	0	1	0	S
NMDC20556001	0	0	0	0	0	0	0	1	0	0	0	1	0	0	0	0	0	0	0	0	0	1	0	0	0	0	0	0	0	1	S
NMDC20558002	0	0	0	0	0	0	0	0	0	0	0	1	0	0	0	0	1	0	0	0	1	1	0	0	1	0	0	0	1	0	S
NMDC20586721	0	0	0	0	0	1	0	1	0	0	0	1	0	0	1	0	0	0	0	0	1	1	0	0	1	0	0	0	0	1	S
NMDC20586722	0	0	0	0	0	1	0	1	0	0	0	1	0	0	1	0	1	1	0	0	0	1	0	0	1	0	0	0	1	1	S
NMDC20558003	0	0	0	0	0	1	0	1	0	0	0	1	0	0	1	0	1	1	0	0	0	1	0	0	1	0	0	0	1	1	S
NMDC20586724	0	0	0	0	0	1	0	1	0	0	0	1	0	0	1	0	1	1	0	0	0	1	1	0	1	0	0	0	1	1	S
NMDC20551983	0	0	0	0	0	1	0	1	0	0	0	1	0	0	1	0	1	1	1	0	0	1	0	0	1	0	0	0	1	1	S
NMDC20553998	0	0	0	0	0	1	0	1	0	0	0	1	0	0	1	0	1	1	0	0	0	1	0	0	1	0	0	0	1	1	S
NMDC20586725	0	0	0	0	0	1	0	1	0	0	0	1	0	0	1	0	1	1	0	0	0	1	0	0	1	0	0	0	1	1	S
NMDC20586726	0	0	0	0	0	1	0	1	0	0	0	1	0	0	1	0	1	1	0	0	0	1	0	0	1	0	0	0	1	1	S
NMDC20586727	0	0	0	0	0	1	0	0	0	0	1	0	0	0	0	0	0	0	0	0	0	0	0	0	0	0	0	0	1	1	S
NMDC20586728	0	0	0	0	0	1	0	1	0	0	0	1	0	0	1	0	1	1	0	0	0	1	0	0	1	0	0	0	1	1	S
NMDC20553999	0	0	0	0	0	1	0	1	0	0	0	1	0	0	1	0	1	1	0	0	0	1	0	0	1	0	0	0	1	1	S
NMDC20586729	0	0	0	0	0	1	0	1	0	0	0	1	0	0	1	0	1	1	0	0	0	1	0	0	1	0	0	0	1	1	S
NMDC20556003	0	0	0	0	0	0	0	0	0	0	0	1	0	0	0	0	1	0	0	0	1	1	0	0	1	0	0	0	1	0	S
NMDC20551984	0	0	0	0	0	1	0	1	0	0	0	1	0	0	1	0	1	1	1	0	0	1	0	0	1	0	0	0	1	1	S
NMDC20551985	0	0	0	0	0	1	0	1	0	0	0	1	0	0	1	0	1	1	0	0	0	1	1	0	1	0	0	0	1	1	S
NMDC20586730	0	0	0	0	0	0	0	0	0	0	0	0	0	0	0	0	0	0	0	0	1	1	0	0	0	0	1	0	1	1	S
NMDC20554001	0	0	0	0	0	0	0	0	0	0	0	0	0	0	0	0	1	1	0	1	0	0	0	1	0	0	0	0	0	0	S
NMDC20551986	0	0	0	0	0	1	0	1	0	0	0	1	0	0	1	0	1	1	0	0	0	1	0	0	1	0	0	0	1	1	S
NMDC20554002	0	0	0	0	0	1	0	1	0	0	0	1	0	0	0	0	0	0	0	0	0	0	0	1	0	0	0	0	1	1	S
NMDC20554003	0	0	0	0	0	1	0	1	0	0	0	1	0	0	1	0	1	1	0	0	0	1	0	0	1	0	0	0	1	1	S
NMDC20558006	0	0	0	0	0	1	0	1	0	0	0	1	0	0	0	0	0	0	0	0	1	1	0	0	0	0	0	0	0	0	S
NMDC20556005	0	0	0	0	0	1	0	1	0	0	0	1	0	0	1	0	1	1	0	0	0	1	0	0	1	0	0	0	1	1	S
NMDC20586732	0	0	0	0	0	0	0	0	0	0	0	1	0	0	0	0	1	0	0	0	1	1	0	0	1	0	0	0	1	0	S
NMDC20551987	0	0	0	0	0	1	0	1	0	0	0	1	0	0	1	0	1	1	0	0	0	1	0	0	1	0	0	0	1	1	S
NMDC20558008	0	0	1	0	1	1	0	1	0	0	0	1	0	0	1	1	1	1	1	0	0	1	0	0	1	0	0	0	1	1	S
NMDC20554004	0	0	0	0	0	0	0	0	0	0	0	1	0	0	0	0	1	0	0	0	1	1	0	0	1	0	0	0	1	0	S
NMDC20551988	0	0	0	0	0	1	0	0	0	0	1	0	0	0	0	0	0	0	0	0	0	0	0	0	0	0	0	0	1	1	S
NMDC20586734	0	0	1	0	1	0	0	0	0	0	0	1	0	0	0	1	0	0	1	0	0	0	0	0	0	0	0	0	0	0	S
NMDC20558010	0	0	0	0	0	1	0	1	0	0	0	1	0	0	0	0	0	0	0	0	1	1	0	0	0	0	0	0	0	0	S
NMDC20586735	0	0	0	0	0	1	0	0	0	0	1	0	0	0	0	0	0	0	0	0	0	0	0	0	0	0	0	0	1	1	S
NMDC20558011	0	0	0	0	0	1	0	1	0	0	0	1	0	0	1	0	1	1	0	0	0	1	0	0	1	0	0	0	1	1	S
NMDC20586737	0	0	0	0	0	1	0	1	0	0	0	1	0	0	1	0	1	1	0	0	0	1	0	0	1	0	0	0	1	1	S
NMDC20556006	0	0	0	0	0	1	0	1	0	0	0	1	0	0	1	0	1	1	0	0	0	1	0	0	1	0	0	0	1	1	S
NMDC20551990	0	0	0	0	0	1	0	1	0	0	0	1	0	0	1	0	1	1	0	0	0	1	0	0	1	0	0	0	1	1	S
NMDC20558012	0	0	0	0	0	1	0	1	0	0	0	1	0	0	1	0	1	1	0	0	0	1	0	0	1	0	0	0	1	1	S
NMDC20554005	0	0	0	0	0	1	0	0	0	0	1	0	0	0	0	0	0	0	0	0	0	0	0	0	0	0	0	0	1	1	S
NMDC20551991	0	0	0	0	0	1	0	1	0	0	0	1	0	0	1	0	1	1	0	0	0	1	0	0	1	0	0	0	1	1	S
NMDC20586740	0	0	0	0	0	1	0	1	0	0	0	1	0	0	0	0	0	0	0	0	0	0	0	1	0	0	0	0	1	1	S
NMDC20586741	0	0	0	0	0	1	0	1	0	0	0	1	0	0	1	0	1	1	0	0	0	1	0	0	1	0	0	0	1	1	S
NMDC20586742	0	0	0	0	0	1	0	1	0	0	0	1	0	0	1	0	1	1	0	0	0	1	0	0	1	0	0	0	1	1	S
NMDC20558013	0	0	0	0	0	1	0	1	0	0	0	1	0	0	1	0	1	1	0	0	0	1	0	0	1	0	0	0	1	1	S
NMDC20556007	0	0	0	0	0	1	0	1	0	0	0	1	0	0	1	0	1	1	1	0	0	1	0	0	1	0	0	0	1	1	S
NMDC20586743	0	0	0	0	0	1	0	1	0	0	0	1	0	0	1	0	1	1	0	0	0	1	0	0	1	0	0	0	1	1	S
NMDC20551992	0	0	0	0	0	1	0	0	0	0	1	0	0	0	0	0	0	0	0	0	0	0	0	0	0	0	0	0	1	1	S
NMDC20586744	0	0	0	0	0	1	0	1	0	0	0	1	0	0	1	0	1	1	0	0	0	1	0	0	1	0	0	0	1	1	S
NMDC20551993	0	0	0	0	0	1	0	0	0	0	1	0	0	0	0	0	0	0	0	0	0	0	0	0	0	0	0	0	1	1	S
NMDC20586747	0	0	0	0	0	1	0	1	0	0	0	1	0	0	1	0	1	1	0	0	0	1	0	0	1	0	0	0	1	1	S
NMDC20586748	0	0	0	0	0	1	0	1	0	0	0	1	0	0	1	0	1	1	0	0	0	1	0	0	1	0	0	0	1	1	S
NMDC20586749	0	0	0	0	0	1	0	1	0	0	0	1	0	0	1	0	1	1	0	0	0	1	0	0	1	0	0	0	1	1	S
NMDC20551994	0	0	0	0	0	1	0	0	0	0	1	0	0	0	0	0	0	0	0	0	0	0	0	0	0	0	0	0	1	1	S
NMDC20556013	0	0	0	0	0	1	0	1	0	0	0	1	0	0	1	0	1	1	0	0	0	1	0	0	1	0	0	0	1	1	S
NMDC20558014	0	0	0	0	0	1	0	1	0	0	0	1	0	0	1	0	1	1	0	0	0	1	0	0	1	0	0	0	1	1	S
NMDC20586750	0	0	0	0	0	1	0	1	0	0	0	1	0	0	1	0	1	1	0	0	0	1	1	0	1	0	0	0	1	1	S
NMDC20551995	0	0	0	0	0	1	0	1	0	0	0	1	0	0	1	0	1	1	0	0	0	1	0	0	1	0	0	0	1	1	S
NMDC20586751	0	0	0	0	0	1	0	0	0	0	1	0	0	0	0	0	0	0	0	0	0	0	0	0	0	0	0	0	1	1	S
NMDC20586754	0	0	0	0	0	1	0	0	0	0	1	0	0	0	0	0	0	0	0	0	0	0	0	0	0	0	0	0	1	1	S
NMDC20551996	0	1	1	1	1	0	0	0	0	0	0	0	0	1	0	1	1	0	1	0	0	1	0	0	0	0	0	0	1	0	S
NMDC20556014	0	0	0	0	0	1	0	1	0	0	0	1	0	0	1	0	1	1	0	0	0	1	1	0	1	0	0	0	1	1	S
NMDC20554009	0	0	0	0	0	0	0	0	0	0	0	1	0	0	0	0	1	1	0	0	0	0	0	0	1	0	0	0	0	1	S
NMDC20554010	0	0	0	0	0	0	0	1	0	0	0	1	0	0	1	0	0	0	0	0	0	1	0	0	0	0	0	0	0	1	S
NMDC20556015	1	0	0	0	0	1	0	1	0	0	0	1	0	0	1	0	1	1	0	0	0	1	0	0	1	0	0	0	1	1	S
NMDC20586755	0	0	0	0	0	1	0	1	0	0	0	1	0	0	1	0	1	1	1	0	0	1	0	0	1	0	0	0	1	1	S
NMDC20558016	0	0	0	0	0	1	0	1	0	0	0	1	0	0	1	0	1	1	0	0	0	1	0	0	1	0	0	0	1	1	S
NMDC20586756	0	0	0	0	0	1	0	1	0	0	0	1	0	0	1	0	1	1	0	0	0	1	0	0	1	0	0	0	1	1	S
NMDC20558017	0	0	0	0	0	1	0	1	0	0	0	1	0	0	1	0	1	1	0	0	0	1	0	0	1	0	0	0	1	1	S
NMDC20554011	0	0	0	0	0	1	0	0	0	0	0	0	0	0	1	0	0	1	1	0	1	1	0	0	0	0	0	0	0	1	S
NMDC20586759	0	0	1	0	1	0	0	0	0	0	0	1	0	0	0	1	0	0	1	0	0	0	0	0	0	0	0	0	0	0	S
NMDC20558018	0	0	0	0	0	1	0	1	0	0	0	1	0	0	1	0	1	1	0	0	0	1	0	0	1	0	0	0	1	1	S
NMDC20556016	0	0	0	0	0	1	0	1	0	0	0	1	0	0	0	0	0	0	1	0	1	1	0	0	0	0	0	0	0	0	S
NMDC20554013	1	0	0	0	0	1	0	1	0	0	0	1	0	0	1	0	1	1	0	0	0	1	0	0	1	0	0	0	1	1	S
NMDC20551998	0	0	0	0	0	1	0	1	0	0	0	1	0	0	1	0	1	1	0	0	0	1	0	0	1	0	0	0	1	1	S
NMDC20558020	0	0	0	0	0	1	0	1	0	0	0	1	0	0	1	0	1	1	0	0	0	1	0	0	1	0	0	0	1	1	S
NMDC20586761	0	0	0	0	0	1	0	0	0	0	1	0	0	0	0	0	0	0	0	0	0	0	0	0	0	0	0	0	1	1	S
NMDC20558021	0	0	0	0	0	1	0	0	0	0	1	0	0	0	0	0	0	0	0	0	0	0	0	0	0	0	0	0	1	1	S
NMDC20558022	0	0	0	0	0	1	0	1	0	0	0	1	0	0	1	0	1	1	0	0	0	1	0	0	1	0	0	0	1	1	S
NMDC20556019	0	0	0	0	0	0	0	0	0	0	0	1	0	0	0	0	0	0	1	0	0	0	0	0	0	0	0	0	0	0	S
NMDC20554014	0	0	0	0	0	0	0	0	0	0	0	0	0	0	0	0	1	0	0	0	0	1	0	0	0	0	0	0	1	0	S
NMDC20556020	0	0	0	0	0	1	0	1	0	0	0	1	0	0	1	0	1	1	1	0	0	1	0	0	1	0	0	0	1	1	S
NMDC20586762	0	0	0	0	0	1	0	1	0	0	0	1	0	0	1	0	1	1	1	0	0	1	0	0	1	0	0	0	1	1	S
NMDC20551999	0	0	0	0	0	0	0	0	0	0	0	1	0	0	0	0	1	0	0	0	1	1	0	0	1	0	0	0	1	0	S
NMDC20586764	0	0	0	0	0	0	0	0	0	0	0	1	0	0	0	0	1	0	0	0	1	1	0	0	1	0	0	0	1	0	S
NMDC20586766	0	0	0	0	0	0	0	0	0	0	0	1	0	0	0	0	1	0	0	0	1	1	0	0	1	0	0	0	1	0	S
NMDC20586767	0	0	1	0	1	1	0	0	0	0	1	1	0	0	0	1	1	0	1	0	0	1	0	0	1	0	0	0	0	0	S
NMDC20586768	0	0	0	0	0	0	0	0	0	0	0	1	0	0	0	0	1	0	1	0	1	1	0	0	1	0	0	0	1	0	S
NMDC20586770	0	0	0	0	0	1	0	1	0	0	0	1	0	0	0	0	0	0	1	0	1	1	0	0	0	0	0	0	0	0	S
NMDC20586773	0	1	1	0	1	1	0	0	0	0	0	0	0	1	1	1	0	1	1	0	1	1	0	0	0	0	0	0	0	1	S
NMDC20556021	0	0	0	0	0	0	0	1	0	0	0	1	0	0	0	0	0	0	0	0	0	0	0	0	0	0	1	0	0	1	S
NMDC20586777	0	0	0	0	0	0	0	1	0	0	0	1	0	0	0	0	1	1	0	0	0	1	0	0	0	0	0	0	1	0	S
NMDC20586778	0	0	0	0	0	0	0	1	0	0	0	1	0	0	0	0	0	0	0	0	0	0	0	0	0	0	1	0	0	1	S
NMDC20586779	0	0	0	0	0	0	0	0	0	0	0	1	0	0	0	0	1	0	1	0	1	1	0	0	1	0	0	0	1	0	S
NMDC20586780	0	0	0	0	0	0	0	0	0	0	0	1	0	0	0	0	1	0	0	0	1	1	0	0	1	0	0	0	1	0	S
NMDC20586782	0	0	0	0	0	0	0	0	0	0	0	1	0	0	0	0	1	0	0	0	1	1	0	0	1	0	0	0	1	0	S
NMDC20556041	0	0	0	0	0	1	0	0	0	0	1	0	0	0	0	0	0	0	0	0	0	0	0	0	0	0	0	0	1	1	S
NMDC20554016	0	0	0	0	0	1	0	1	0	0	0	1	0	0	1	0	1	1	0	0	0	1	0	0	1	0	0	0	1	1	S
NMDC20552000	0	0	0	0	0	1	0	1	0	0	0	1	0	0	1	0	1	1	0	0	0	1	0	0	1	0	0	0	1	1	S
NMDC20558023	0	0	0	0	0	1	0	1	0	0	0	1	0	0	0	0	0	0	0	0	0	0	0	1	0	0	0	0	1	1	S
NMDC20586785	0	0	0	0	0	1	0	0	0	0	1	0	0	0	0	0	0	0	0	0	0	0	0	0	0	0	0	0	1	1	S
NMDC20586786	0	0	1	0	1	0	0	0	0	0	0	1	0	0	0	1	0	0	1	0	0	0	0	0	0	0	0	0	0	0	S
NMDC20554017	0	0	0	0	0	1	0	1	0	0	0	1	0	0	1	0	1	1	0	0	0	1	0	0	1	0	0	0	1	1	S
NMDC20586787	0	0	0	0	0	1	0	1	0	0	0	1	0	0	1	0	1	1	0	0	0	1	0	0	1	0	0	0	1	1	S
NMDC20558025	0	0	0	0	0	1	0	1	0	0	0	1	0	0	1	0	1	1	0	0	0	1	0	0	1	0	0	0	1	1	S
NMDC20586790	0	0	1	0	1	0	0	0	0	0	0	1	0	0	0	1	0	0	1	0	0	0	0	0	0	0	0	0	0	0	S
NMDC20556026	1	0	1	0	0	0	0	0	0	0	0	0	0	0	1	1	1	0	0	0	1	1	0	0	0	0	0	1	0	1	S
NMDC20586791	1	0	1	0	0	1	0	0	0	0	0	0	0	0	1	1	0	1	1	0	1	1	0	0	0	0	0	0	0	1	S
NMDC20586792	0	0	0	0	0	1	0	1	0	0	0	1	0	0	1	0	1	1	0	0	0	1	0	0	1	0	0	0	1	1	S
NMDC20558027	0	0	0	0	0	1	0	1	0	0	0	1	0	0	1	0	1	1	0	0	0	1	0	0	1	0	0	0	1	1	S
NMDC20552001	0	0	0	0	0	1	0	1	0	0	0	1	0	0	0	0	0	0	1	0	1	1	0	0	0	0	0	0	0	0	S
NMDC20554020	0	0	0	0	0	1	0	1	0	0	0	1	0	0	1	0	1	1	0	0	0	1	0	0	1	0	0	0	1	1	S
NMDC20554021	0	0	0	0	0	0	0	0	0	0	0	0	0	0	0	0	0	1	0	0	0	1	0	0	0	0	0	0	0	1	S
NMDC20556027	0	0	0	0	0	1	0	1	0	0	0	1	0	0	0	0	1	1	0	0	1	1	0	1	0	0	1	0	0	1	S
NMDC20586793	1	0	0	0	0	1	0	1	0	0	0	1	0	0	1	0	1	1	0	0	0	1	0	0	1	0	0	0	1	1	S
NMDC20558028	0	0	0	0	0	1	0	1	0	0	0	1	0	0	1	0	1	1	0	0	0	1	0	0	1	0	0	0	1	1	S
NMDC20586794	0	0	0	0	0	1	0	0	0	0	1	0	0	0	0	0	0	0	0	0	0	0	0	0	0	0	0	0	1	1	S
NMDC20586795	0	0	0	0	0	1	0	0	0	0	1	0	0	0	0	0	0	0	0	0	0	0	0	0	0	0	0	0	1	1	S
NMDC20586797	0	0	0	0	0	1	0	0	0	0	1	0	0	0	0	0	0	0	0	0	0	0	0	0	0	0	0	0	1	1	S
NMDC20554022	0	0	0	0	0	1	0	0	0	0	1	0	0	0	0	0	0	0	0	0	0	0	0	0	0	0	0	0	1	1	S
NMDC20558029	0	0	0	0	0	1	0	1	0	0	0	1	0	0	1	0	1	1	0	0	0	1	0	0	1	0	0	0	1	1	S
NMDC20586798	0	0	0	0	0	1	0	1	0	0	0	1	0	0	1	0	1	1	0	0	0	1	0	0	1	0	0	0	1	1	S
NMDC20552003	0	0	0	0	0	0	0	0	0	0	0	1	0	0	0	0	1	0	0	0	1	1	0	0	1	0	0	0	1	0	S
NMDC20556030	0	0	0	0	0	1	0	1	0	0	0	1	0	0	1	0	0	0	0	0	1	1	0	0	1	0	0	0	0	1	S
NMDC20586799	0	0	0	0	0	1	0	1	0	0	0	1	0	0	1	0	1	1	1	0	0	1	0	0	1	0	0	0	1	1	S
NMDC20558030	0	0	0	0	0	1	0	0	0	0	1	0	0	0	0	0	0	0	0	0	0	0	0	0	0	0	0	0	1	1	S
NMDC20586800	0	0	0	0	0	1	0	1	0	0	0	1	0	0	1	0	1	1	0	0	0	1	0	0	1	0	0	0	1	1	S
NMDC20554023	0	0	0	0	0	0	0	1	0	0	0	1	0	0	0	0	0	0	0	0	0	1	0	0	0	0	0	0	0	1	S
NMDC20586802	1	0	0	0	0	1	0	0	0	0	1	0	0	0	0	0	0	0	0	0	0	0	0	0	0	0	0	0	1	1	S
NMDC20556032	0	0	0	0	0	0	0	1	0	0	0	1	0	0	0	0	0	0	0	0	0	1	0	0	0	0	0	0	0	1	S
NMDC20556033	0	0	0	0	0	0	0	1	0	0	0	1	0	0	0	0	0	0	0	0	0	1	0	0	0	0	0	0	0	1	S
NMDC20586803	0	0	0	0	0	1	0	0	0	0	1	0	0	0	0	0	0	0	0	0	0	0	0	0	0	0	0	0	1	1	S
NMDC20586804	0	0	0	0	0	1	0	1	0	0	0	1	0	0	1	0	1	1	0	0	0	1	0	0	1	0	0	0	1	1	S
NMDC20586806	0	0	1	0	1	0	0	0	0	0	0	1	0	0	0	1	0	0	1	0	0	0	0	0	0	0	0	0	0	0	S
NMDC20558032	0	0	0	0	0	1	0	0	0	0	1	0	0	0	0	0	0	0	0	0	0	0	0	0	0	0	0	0	1	1	S
NMDC20554024	0	0	0	0	0	1	0	0	0	0	1	0	0	0	0	0	0	0	0	0	0	0	0	0	0	0	0	0	1	1	S
NMDC20558033	0	0	0	0	0	0	0	0	0	0	0	1	0	0	0	0	0	0	0	0	0	0	0	0	0	0	0	0	0	0	S
NMDC20586807	0	0	0	0	0	1	0	1	0	0	0	1	0	0	1	0	1	1	0	0	0	1	0	0	1	0	0	0	1	1	S
NMDC20552005	0	0	0	0	0	1	0	1	0	0	0	1	0	0	1	0	1	1	0	0	0	1	0	0	1	0	0	0	1	1	S
NMDC20586808	0	0	1	0	0	1	0	0	0	0	0	0	0	0	1	1	1	1	1	0	0	0	0	0	1	0	0	0	1	1	S
NMDC20556036	1	0	0	0	0	0	0	0	0	0	0	0	0	0	1	0	0	0	0	0	0	1	0	0	0	0	0	1	0	0	S
NMDC20556038	0	0	0	0	0	1	0	1	0	0	0	1	1	0	1	0	0	0	0	0	1	1	0	0	0	0	0	0	1	1	S
NMDC20556039	0	0	0	0	0	0	0	0	0	0	0	1	0	0	0	0	0	0	0	0	0	0	0	0	0	0	0	0	0	0	S
NMDC20552006	0	0	0	0	0	1	0	1	0	0	0	1	1	0	1	0	0	0	0	0	1	1	0	0	0	0	0	0	1	1	S
NMDC20586812	0	0	0	0	0	1	0	1	0	0	0	1	0	0	1	0	1	1	0	0	0	1	0	0	1	0	0	0	1	1	S
NMDC20586814	0	0	0	0	0	0	0	1	0	0	0	1	0	0	0	0	0	0	0	0	0	1	0	0	0	0	0	0	0	1	S
NMDC20558034	0	0	0	0	0	0	0	1	0	0	0	1	0	0	0	0	0	0	0	0	0	1	0	0	0	0	0	0	0	1	S
NMDC20586815	0	0	0	0	0	1	0	0	0	0	0	0	0	0	1	0	0	1	1	0	1	1	0	0	0	0	0	0	0	1	S
NMDC20554025	0	0	0	0	0	1	0	0	0	0	0	0	0	0	1	0	0	1	1	0	1	1	0	0	0	0	0	0	0	1	S
NMDC20558035	0	0	0	0	0	0	0	0	0	0	0	0	0	0	1	0	0	0	0	0	0	1	0	0	0	0	0	1	1	0	S
NMDC20558036	0	0	0	0	0	1	0	0	0	0	1	0	0	0	0	0	0	0	0	0	0	0	0	0	0	0	0	0	1	1	S
NMDC20554026	0	0	0	0	0	1	0	0	0	0	1	0	0	0	0	0	0	0	0	0	0	0	0	0	0	0	0	0	1	1	S
NMDC20586818	0	0	0	0	0	1	0	1	0	0	0	1	0	0	1	0	1	1	0	0	0	1	0	0	1	0	0	0	1	1	S
NMDC20554027	0	0	0	0	0	1	0	1	0	0	0	1	0	0	1	0	1	1	0	0	0	1	0	0	1	0	0	0	1	1	S
NMDC20586819	0	0	0	0	0	1	0	0	0	0	1	0	0	0	0	0	0	0	0	0	0	0	0	0	0	0	0	0	1	1	S
NMDC20554028	0	0	0	0	0	1	0	0	0	0	1	0	0	0	0	0	0	0	0	0	0	0	0	0	0	0	0	0	1	1	S
NMDC20586820	0	0	0	0	0	1	0	0	0	0	1	0	0	0	0	0	0	0	0	0	0	0	0	0	0	0	0	0	1	1	S
NMDC20554029	0	0	0	0	0	1	0	0	0	0	1	0	0	0	0	0	0	0	0	0	0	0	0	0	0	0	0	0	1	1	S
NMDC20558037	0	0	1	0	1	0	0	0	0	0	0	1	0	0	0	1	0	0	1	0	0	0	0	0	0	0	0	0	0	0	S
NMDC20552009	0	0	0	0	0	1	0	0	0	0	1	0	0	0	0	0	0	0	0	0	0	0	0	0	0	0	0	0	1	1	S
NMDC20558038	0	0	0	0	0	1	0	0	0	0	1	0	0	0	0	0	0	0	0	0	0	0	0	0	0	0	0	0	1	1	S
NMDC20556043	0	0	0	0	0	0	0	0	0	0	0	0	0	0	0	0	0	0	0	0	0	0	0	0	0	0	0	0	0	0	S
NMDC20586822	0	0	0	0	0	1	0	1	0	0	0	1	0	0	1	0	1	1	0	0	0	1	0	0	1	0	0	0	1	1	S
NMDC20586823	0	0	0	0	0	1	0	1	0	0	0	1	0	0	1	0	1	1	0	0	0	1	0	0	1	0	0	0	1	1	S
NMDC20586824	0	0	0	0	0	1	0	0	0	0	1	0	0	0	0	0	0	0	0	0	0	0	0	0	0	0	0	0	1	1	S
NMDC20556044	0	0	0	0	0	1	0	0	0	0	1	0	0	0	0	0	0	0	0	0	0	0	0	0	0	0	0	0	1	1	S
NMDC20558039	0	0	0	0	0	1	0	1	0	0	0	1	0	0	1	0	1	1	0	0	0	1	0	0	1	0	0	0	1	1	S
NMDC20586825	0	0	0	0	0	1	0	0	0	0	1	0	0	0	0	0	0	0	0	0	0	0	0	0	0	0	0	0	1	1	S
NMDC20586826	0	0	0	0	0	1	0	0	0	0	1	0	0	0	0	0	0	0	0	0	0	0	0	0	0	0	0	0	1	1	S
NMDC20586827	0	0	0	0	0	1	0	0	0	0	1	0	0	0	0	0	0	0	0	0	0	0	0	0	0	0	0	0	1	1	S
NMDC20586828	0	0	0	0	0	1	0	0	0	0	1	0	0	0	0	0	0	0	0	0	0	0	0	0	0	0	0	0	1	1	S
NMDC20552010	0	0	0	0	0	1	0	1	0	0	0	1	0	0	1	0	1	1	0	0	0	1	0	0	1	0	0	0	1	1	S
NMDC20558040	0	0	0	0	0	1	0	1	0	0	0	1	0	0	1	0	1	1	0	0	0	1	0	0	1	0	0	0	1	1	S
NMDC20554032	0	0	0	0	0	1	0	0	0	0	1	0	0	0	0	0	0	0	0	0	0	0	0	0	0	0	0	0	1	1	S
NMDC20552011	0	0	0	0	0	1	0	0	0	0	1	0	0	0	0	0	0	0	0	0	0	0	0	0	0	0	0	0	1	1	S
NMDC20554033	0	0	0	0	0	1	0	1	0	0	0	1	0	0	1	0	1	1	0	0	0	1	0	0	1	0	0	0	1	1	S
NMDC20552012	0	0	0	0	0	1	0	0	0	0	1	0	0	0	0	0	0	0	0	0	0	0	0	0	0	0	0	0	1	1	S
NMDC20586831	0	0	0	0	0	1	0	1	0	0	0	1	0	0	1	0	1	1	0	0	0	1	0	0	1	0	0	0	1	1	S
NMDC20554034	0	0	0	0	0	1	0	1	0	0	0	1	0	0	1	0	1	1	0	0	0	1	0	0	1	0	0	0	1	1	S
NMDC20558041	0	0	0	0	0	0	0	0	0	0	0	0	0	0	0	0	0	0	0	0	0	1	0	0	1	0	0	0	0	1	S
NMDC20586832	0	0	0	0	0	1	0	0	0	0	1	0	0	0	0	0	0	0	0	0	0	0	0	0	0	0	0	0	1	1	S
NMDC20556046	0	0	0	0	0	0	0	1	0	0	0	1	1	0	0	0	0	1	0	0	1	1	0	0	0	0	0	0	0	1	S
NMDC20554035	0	0	0	0	0	1	0	1	0	0	0	1	1	0	1	0	0	0	0	0	1	1	0	0	0	0	0	0	1	1	S
NMDC20586833	0	0	0	0	0	1	0	1	0	0	0	1	0	0	1	0	1	1	0	0	0	1	0	0	1	0	0	0	1	1	S
NMDC20586834	0	0	0	0	0	1	0	1	0	0	0	1	0	0	1	0	1	1	0	0	0	1	0	0	1	0	0	0	1	1	S
NMDC20586835	0	0	0	0	0	1	0	1	0	0	0	1	0	0	1	0	1	1	0	0	0	1	1	0	1	0	0	0	1	1	S
NMDC20554037	0	0	0	0	0	1	0	1	0	0	0	1	0	0	1	0	1	1	0	0	0	1	0	0	1	0	0	0	1	1	S
NMDC20558044	0	0	0	0	0	0	0	0	0	0	0	1	0	0	0	0	1	0	0	0	1	1	0	0	1	0	0	0	1	0	S
NMDC20586837	0	0	0	0	0	1	0	0	0	0	1	0	0	0	0	0	0	0	0	0	0	0	0	0	0	0	0	0	1	1	S
NMDC20554040	0	0	0	0	0	1	0	1	0	0	0	1	0	0	1	0	1	1	0	0	0	1	1	0	1	0	0	0	1	1	S
NMDC20552014	0	0	0	0	0	1	0	1	0	0	0	1	0	0	1	0	0	0	0	0	0	1	0	0	1	0	0	0	0	1	S
NMDC20556047	0	0	0	0	0	1	0	0	0	0	1	0	0	0	0	0	0	0	0	0	0	0	0	0	0	0	0	0	1	1	S
NMDC20558042	0	0	0	0	0	1	0	1	0	0	0	1	0	0	1	0	1	1	0	0	0	1	0	0	1	0	0	0	1	1	S
NMDC20558043	0	0	0	0	0	1	0	0	0	0	1	0	0	0	0	0	0	0	0	0	0	0	0	0	0	0	0	0	1	1	S
NMDC20586838	0	0	1	0	1	0	0	0	0	0	0	1	0	0	0	1	0	0	1	0	0	0	0	0	0	0	0	0	0	0	S
NMDC20586839	0	0	0	0	0	1	0	0	0	0	1	0	0	0	0	0	0	0	0	0	0	0	0	0	0	0	0	0	1	1	S
NMDC20558047	0	0	0	0	0	0	0	0	0	0	0	0	0	0	1	0	0	0	0	0	0	1	0	0	0	0	0	1	1	0	S
NMDC20586840	0	0	0	0	0	0	0	0	0	0	0	1	0	0	0	0	1	0	0	0	1	1	0	0	1	0	0	0	1	0	S
NMDC20554042	0	0	0	0	0	1	0	1	0	0	0	1	0	0	1	0	1	1	0	0	0	1	0	0	1	0	0	0	1	1	S
NMDC20554043	0	0	0	0	0	1	0	1	0	0	0	1	0	0	1	0	1	1	0	0	0	1	0	0	1	0	0	0	1	1	S
NMDC20554044	0	0	1	0	1	0	0	0	0	0	1	0	0	0	0	1	0	0	1	1	0	0	0	1	0	0	0	0	1	1	S
NMDC20558048	0	0	0	0	0	1	0	1	0	0	0	1	0	0	1	0	0	1	1	0	1	1	0	0	1	0	0	0	1	1	S
NMDC20554045	0	0	0	0	0	0	0	0	0	0	0	1	0	0	0	0	1	1	0	0	0	0	0	0	1	0	0	0	0	1	S
NMDC20556049	0	0	0	0	0	1	0	1	0	0	0	1	0	0	1	0	1	1	0	0	0	1	0	0	1	0	0	0	1	1	S
NMDC20556050	0	0	1	0	1	0	0	0	0	0	0	1	0	0	0	1	0	0	1	0	0	0	0	0	0	0	0	0	0	0	S
NMDC20558049	0	0	0	0	0	1	0	1	0	0	0	1	0	0	1	0	1	1	0	0	0	1	0	0	1	0	0	0	1	1	S
NMDC20556051	0	0	0	0	0	0	0	0	0	0	0	1	0	0	0	0	0	0	0	0	0	0	0	0	0	0	0	0	0	0	S
NMDC20552016	0	0	0	0	0	1	0	1	0	0	0	1	0	0	1	0	1	1	0	0	0	1	0	0	1	0	0	0	1	1	S
NMDC20558050	0	0	0	0	0	0	0	0	0	0	0	1	0	0	0	0	1	1	0	0	0	0	0	0	1	0	0	0	0	1	S
NMDC20552017	0	0	0	0	0	1	0	0	0	0	0	0	0	0	1	0	0	1	0	0	1	1	0	0	0	0	0	0	0	1	S
NMDC20552018	0	0	0	0	0	1	0	0	0	0	1	0	0	0	0	0	0	0	0	0	0	0	0	0	0	0	0	0	1	1	S
NMDC20552019	0	0	0	0	0	0	0	0	0	0	0	1	0	0	0	0	1	1	0	0	0	0	0	0	1	0	0	0	0	1	S
NMDC20586841	0	0	0	0	0	1	0	1	0	0	0	1	0	0	1	0	1	1	0	0	0	1	0	0	1	0	0	0	1	1	S
NMDC20552023	0	0	0	0	0	0	0	0	0	0	0	0	0	0	1	0	1	0	0	0	1	1	0	0	0	0	0	1	0	1	S
NMDC20552020	0	0	0	0	0	1	0	1	0	0	0	1	0	0	1	0	1	1	0	0	0	1	0	0	1	0	0	0	1	1	S
NMDC20558051	0	0	0	0	0	1	0	1	0	0	0	1	0	0	1	0	1	1	0	0	0	1	0	0	1	0	0	0	1	1	S
NMDC20556052	0	0	0	0	0	1	0	0	0	0	1	0	0	0	0	0	0	0	0	0	0	0	0	0	0	0	0	0	1	1	S
NMDC20586843	0	0	0	0	0	1	0	1	0	0	0	1	0	0	1	0	1	1	0	0	0	1	0	0	1	0	0	0	1	1	S
NMDC20554048	0	0	0	0	0	1	0	1	0	0	0	1	0	0	1	0	1	1	0	0	0	1	0	0	1	0	0	0	1	1	S
NMDC20552021	0	0	1	0	1	0	0	0	0	0	0	1	0	0	0	1	0	0	1	0	0	0	0	0	0	0	0	0	0	0	S
NMDC20552022	0	0	0	0	0	1	0	0	0	0	1	0	0	0	0	0	0	0	0	0	0	0	0	0	0	0	0	0	1	1	S
NMDC20586844	0	0	0	0	0	0	0	1	0	0	0	1	0	0	0	0	0	0	0	0	0	1	0	0	0	0	0	0	0	1	S
NMDC20552024	0	0	1	0	1	0	0	0	0	0	0	1	0	0	0	1	0	0	1	0	0	0	0	0	0	0	0	0	0	0	S
NMDC20558053	0	0	0	0	0	0	0	0	0	0	1	0	0	0	0	0	1	0	0	0	1	1	0	0	0	0	0	0	0	1	S
NMDC20586846	0	1	1	0	1	1	0	1	0	0	0	1	0	1	1	1	1	1	1	0	0	1	0	0	1	0	0	0	1	1	S
NMDC20586847	0	0	0	0	0	1	0	1	0	0	0	1	0	0	1	0	1	1	0	0	0	1	0	0	1	0	0	0	1	1	S
NMDC20586848	0	0	0	0	0	1	0	0	0	0	0	0	0	0	1	0	0	1	1	0	1	1	0	0	0	0	0	0	0	1	S
NMDC20552025	0	0	0	0	0	1	0	0	0	0	1	0	0	0	0	0	0	0	0	0	0	0	0	0	0	0	0	0	1	1	S
NMDC20586849	0	0	0	0	0	1	0	1	0	0	0	1	0	0	1	0	1	1	0	0	0	1	0	0	1	0	0	0	1	1	S
NMDC20586850	0	1	1	0	1	1	0	1	0	0	0	1	0	1	1	1	1	1	1	0	0	1	0	0	1	0	0	0	1	1	S
NMDC20556053	0	0	0	0	0	0	0	1	0	0	0	1	0	0	0	0	0	1	0	0	1	1	0	0	0	0	0	0	0	1	S
NMDC20586858	0	0	0	0	0	1	0	0	0	0	1	0	0	0	0	0	0	0	1	0	0	0	0	0	0	0	0	0	1	1	S
NMDC20558054	0	0	0	0	0	0	0	0	0	0	0	0	0	0	0	0	0	0	1	0	1	1	0	0	0	0	1	0	1	1	S
NMDC20552026	0	0	0	0	0	1	0	1	0	0	0	1	0	0	1	0	1	1	0	0	0	1	0	0	1	0	0	0	1	1	S
NMDC20556054	0	0	1	0	0	1	0	1	0	0	0	1	0	0	0	1	0	0	0	0	0	0	0	1	0	0	0	0	1	1	S
NMDC20554049	0	0	0	0	0	1	0	0	0	0	1	0	0	0	0	0	0	0	1	0	0	0	0	0	0	0	0	0	1	1	S
NMDC20558055	0	0	0	0	0	0	0	0	0	0	1	0	0	0	0	0	0	0	0	0	0	0	0	0	0	0	0	0	1	1	S
NMDC20586861	0	0	1	0	1	0	0	0	0	0	0	1	0	0	0	1	0	0	1	0	0	0	0	0	0	0	0	0	0	0	S
NMDC20554052	0	0	0	0	0	1	0	0	0	0	1	0	0	0	0	0	0	0	0	0	0	0	0	0	0	0	0	0	1	1	S
NMDC20554050	0	0	0	0	0	1	0	0	0	0	1	0	0	0	0	0	0	0	0	0	0	0	0	0	0	0	0	0	1	1	S
NMDC20558057	0	0	0	0	0	0	0	0	0	0	0	0	0	0	1	0	1	0	0	0	1	1	0	0	0	0	0	1	0	1	S
NMDC20554051	0	0	0	0	0	1	0	0	0	0	1	0	0	0	0	0	0	0	0	0	0	0	0	0	0	0	0	0	1	1	S
NMDC20558058	0	0	0	0	0	1	0	1	0	0	0	1	0	0	0	0	0	0	0	0	1	1	0	0	0	0	0	0	0	0	S
NMDC20552028	0	0	0	0	0	1	0	1	0	0	0	1	0	0	1	0	1	1	1	0	0	1	0	0	1	0	0	0	1	1	S
NMDC20552029	0	0	0	0	0	1	0	1	0	0	0	1	0	0	0	0	0	0	0	0	0	0	0	1	0	0	0	0	1	1	S
NMDC20558059	0	0	0	0	0	1	0	1	0	0	0	1	0	0	1	0	1	1	0	0	0	1	0	0	1	0	0	0	1	1	S
NMDC20558060	0	0	1	0	0	1	0	1	0	0	0	1	0	0	1	1	1	1	1	0	0	1	0	0	1	0	0	0	1	1	S
NMDC20556057	0	0	0	0	0	1	0	0	0	0	1	0	0	0	0	0	0	0	0	0	0	0	0	0	0	0	0	0	1	1	S
NMDC20586863	0	0	0	0	0	1	0	1	0	0	0	1	0	0	1	0	1	1	1	0	0	1	0	0	1	0	0	0	1	1	S
NMDC20586864	0	0	0	0	0	0	0	0	0	0	0	1	0	0	0	0	1	0	0	0	1	1	0	0	1	0	0	0	1	0	S
NMDC20586865	0	1	0	0	0	1	0	1	0	0	0	1	0	1	1	0	1	1	1	0	0	1	0	0	1	0	0	0	1	1	S
NMDC20586867	0	0	0	0	0	0	0	0	0	0	0	0	0	0	0	0	1	1	0	1	0	0	0	1	0	0	0	0	0	0	S
NMDC20586868	0	0	0	0	0	1	0	0	0	0	1	0	0	0	0	0	0	0	0	0	0	0	0	0	0	0	0	0	1	1	S
NMDC20586869	0	0	0	0	0	1	0	1	0	0	0	1	1	0	1	0	0	0	0	0	1	1	0	0	0	0	0	0	1	1	S
NMDC20558061	0	0	0	0	0	0	0	0	0	0	0	0	0	0	1	0	0	0	0	0	0	1	0	0	0	0	0	1	1	0	S
NMDC20556059	0	0	0	0	0	1	0	1	0	0	0	1	0	0	1	0	1	1	0	0	0	1	0	0	1	0	0	0	1	1	S
NMDC20586871	0	0	0	0	0	1	0	0	0	0	1	0	0	0	0	0	0	0	0	0	0	0	0	0	0	0	0	0	1	1	S
NMDC20552032	0	0	0	0	0	1	0	0	0	0	1	0	0	0	0	0	0	0	0	0	0	0	0	0	0	0	0	0	1	1	S
NMDC20556062	0	0	0	0	0	0	0	0	0	0	0	1	0	0	0	0	1	1	0	0	0	0	0	0	1	0	0	0	0	1	S
NMDC20586872	0	0	0	0	0	1	0	1	0	0	0	1	0	0	1	0	1	1	0	0	0	1	0	0	1	0	0	0	1	1	S
NMDC20556063	0	0	0	0	0	1	0	1	0	0	0	1	0	0	1	0	1	1	0	0	0	1	0	0	1	0	0	0	1	1	S
NMDC20554053	0	0	0	0	0	1	0	0	0	0	1	0	0	0	0	0	0	0	0	0	0	0	0	0	0	0	0	0	1	1	S
NMDC20586873	0	0	0	0	0	0	0	0	0	0	0	0	0	0	0	0	0	0	0	0	0	1	0	0	0	0	0	0	0	0	S
NMDC20586874	0	0	0	0	0	1	0	1	0	0	0	1	0	0	1	0	1	1	0	0	0	1	0	0	1	0	0	0	1	1	S
NMDC20558062	0	0	0	0	0	1	0	0	0	0	1	0	0	0	0	0	0	0	0	0	0	0	0	0	0	0	0	0	1	1	S
NMDC20554057	0	0	0	0	0	1	0	0	0	0	1	0	0	0	0	0	0	0	0	0	0	0	0	0	0	0	0	0	1	1	S
NMDC20586877	0	0	0	0	0	1	0	0	0	0	1	0	0	0	0	0	0	0	0	0	0	0	0	0	0	0	0	0	1	1	S
NMDC20558063	0	0	0	0	0	1	0	1	0	0	0	1	1	0	1	0	0	0	0	0	1	1	0	0	0	0	0	0	1	1	S
NMDC20554060	0	0	0	0	0	1	0	1	0	0	0	1	0	0	1	0	1	1	1	0	0	1	0	0	1	0	0	0	1	1	S
NMDC20586878	0	0	0	0	0	1	0	0	0	0	1	0	0	0	0	0	0	0	0	0	0	0	0	0	0	0	0	0	1	1	S
NMDC20558065	0	0	0	0	0	1	0	1	0	0	0	1	0	0	0	0	0	0	1	0	1	1	0	0	0	0	0	0	0	0	S
NMDC20586879	0	0	0	0	0	1	0	1	0	0	0	1	0	0	1	0	1	1	0	0	0	1	0	0	1	0	0	0	1	1	S
NMDC20556064	0	0	0	0	0	1	0	1	0	0	0	1	0	0	1	0	1	1	0	0	0	1	0	0	1	0	0	0	1	1	S
NMDC20558066	1	0	0	0	0	1	0	1	0	0	0	1	0	0	1	0	1	1	0	0	0	1	0	0	1	0	0	0	1	1	S
NMDC20556065	0	0	0	0	0	0	0	1	0	0	0	1	1	0	1	0	0	0	0	0	1	1	0	0	0	0	0	0	0	1	S
NMDC20558067	0	0	0	0	0	1	0	0	0	0	1	0	0	0	0	0	0	0	0	0	0	0	0	0	0	0	0	0	1	1	S
NMDC20558068	0	0	0	0	0	1	0	0	0	0	1	0	0	0	0	0	0	0	0	0	0	0	0	0	0	0	0	0	1	1	S
NMDC20586881	0	0	0	0	0	1	0	0	0	0	1	0	0	0	0	0	0	0	0	0	0	0	0	0	0	0	0	0	1	1	S
NMDC20586882	0	0	0	0	0	1	0	0	0	0	1	0	0	0	0	0	0	0	0	0	0	0	0	0	0	0	0	0	1	1	S
NMDC20552034	0	0	0	0	0	1	0	1	0	0	0	1	0	0	1	0	1	1	0	0	0	1	0	0	1	0	0	0	1	1	S
NMDC20586884	0	0	0	0	0	0	0	0	0	0	0	0	0	0	0	0	1	1	0	1	0	0	0	1	0	0	0	0	0	0	S
NMDC20556066	0	0	0	0	0	0	0	0	0	0	0	0	0	0	0	0	1	1	0	1	0	0	0	1	0	0	0	0	0	0	S
NMDC20586885	0	0	0	0	0	0	0	0	0	0	0	0	0	0	0	0	1	1	0	1	0	0	0	1	0	0	0	0	0	0	S
NMDC20586887	0	0	0	0	0	1	0	0	0	0	1	0	0	0	0	0	0	0	0	0	0	0	0	0	0	0	0	0	1	1	S
NMDC20586888	0	0	0	0	0	1	0	0	0	0	1	0	0	0	0	0	0	0	0	0	0	0	0	0	0	0	0	0	1	1	S
NMDC20558069	0	0	0	0	0	1	0	1	0	0	0	1	1	0	1	0	0	0	0	0	1	1	0	0	0	0	0	0	1	1	S
NMDC20556067	0	0	0	0	0	0	0	0	0	0	0	0	0	0	1	0	0	0	0	0	0	1	0	0	0	0	0	1	1	0	S
NMDC20552035	0	0	0	0	0	1	0	0	0	0	1	0	0	0	0	0	0	0	0	0	0	0	0	0	0	0	0	0	1	1	S
NMDC20558072	0	0	0	0	0	1	0	0	0	0	1	0	0	0	0	0	0	0	0	0	0	0	0	0	0	0	0	0	1	1	S
NMDC20554066	0	0	0	0	0	1	0	0	0	0	1	0	0	0	0	0	0	0	0	0	0	0	0	0	0	0	0	0	1	1	S
NMDC20586890	0	0	0	0	0	1	0	0	0	0	1	0	0	0	0	0	0	0	0	0	0	0	0	0	0	0	0	0	1	1	S
NMDC20586891	0	0	0	0	0	1	0	0	0	0	1	0	0	0	0	0	0	0	0	0	0	0	0	0	0	0	0	0	1	1	S
NMDC20554068	0	0	0	0	0	1	0	1	0	0	0	1	0	0	1	0	1	1	0	0	0	1	0	0	1	0	0	0	1	1	S
NMDC20554070	0	0	0	0	0	1	0	1	0	0	0	1	0	0	1	0	1	1	0	0	0	1	0	0	1	0	0	0	1	1	S
NMDC20556069	0	0	0	0	0	1	0	0	0	0	1	0	0	0	0	0	0	0	0	0	0	0	0	0	0	0	0	0	1	1	S
NMDC20554069	0	0	0	0	0	1	0	0	0	0	1	0	0	0	0	0	0	0	0	0	0	0	0	0	0	0	0	0	1	1	S
NMDC20586893	0	0	0	0	0	1	0	1	0	0	0	1	0	0	1	0	1	1	0	0	0	1	0	0	1	0	0	0	1	1	S
NMDC20558073	0	0	0	0	0	1	0	0	0	0	0	1	0	0	0	0	0	0	0	0	1	1	0	0	0	0	1	0	0	1	S
NMDC20556070	0	0	0	0	0	1	0	0	0	0	1	0	0	0	0	0	0	0	0	0	0	0	0	0	0	0	0	0	1	1	S
NMDC20586894	0	0	0	0	0	1	0	1	0	0	0	1	0	0	1	0	1	1	0	0	0	1	0	0	1	0	0	0	1	1	S
NMDC20556071	0	0	1	0	1	0	0	0	0	0	0	1	0	0	0	1	0	0	1	0	0	0	0	0	0	0	0	0	0	0	S
NMDC20552036	0	0	0	0	0	1	0	0	0	0	1	0	0	0	0	0	0	0	0	0	0	0	0	0	0	0	0	0	1	1	S
NMDC20586896	0	0	0	0	0	1	0	1	0	0	0	1	1	0	1	0	0	0	0	0	1	1	0	0	0	0	0	0	1	1	S
NMDC20552037	0	0	0	0	0	1	0	1	0	0	0	1	0	0	0	0	0	0	1	0	1	1	0	0	0	0	0	0	0	0	S
NMDC20586897	0	0	0	0	0	0	0	0	0	0	0	1	0	0	0	0	0	0	0	0	0	0	0	0	0	0	0	0	0	0	S
NMDC20552038	0	0	0	0	0	1	0	0	0	0	1	0	0	0	0	0	0	0	0	0	0	0	0	0	0	0	0	0	1	1	S
NMDC20552039	0	0	0	0	0	1	0	0	0	0	1	0	0	0	0	0	0	0	0	0	0	0	0	0	0	0	0	0	1	1	S
NMDC20586898	0	0	0	0	0	1	0	1	0	0	0	1	0	0	1	0	1	1	0	0	0	1	0	0	1	0	0	0	1	1	S
NMDC20586899	0	0	1	0	1	0	0	0	0	0	0	1	0	0	0	1	0	0	1	0	0	0	0	0	0	0	0	0	0	0	S
NMDC20586900	0	0	1	0	1	0	0	0	0	0	0	1	0	0	0	1	0	0	1	0	0	0	0	0	0	0	0	0	0	0	S
NMDC20558074	0	0	0	0	0	0	0	0	0	0	0	1	0	0	0	0	0	0	1	0	0	0	0	0	0	0	0	0	0	0	S
NMDC20586901	0	0	0	0	0	1	0	0	0	0	1	0	0	0	0	0	0	0	0	0	0	0	0	0	0	0	0	0	1	1	S
NMDC20586902	0	0	0	0	0	1	0	1	0	0	0	1	0	0	1	0	0	0	1	0	1	1	0	0	1	0	0	0	0	1	S
NMDC20558075	0	0	0	0	0	1	0	0	0	0	1	0	0	0	0	0	0	0	0	0	0	0	0	0	0	0	0	0	1	1	S
NMDC20586903	0	0	0	0	0	1	0	1	0	0	0	1	0	0	1	0	1	1	0	0	0	1	0	0	1	0	0	0	1	1	S
NMDC20558077	0	0	0	0	0	0	0	1	0	0	0	1	0	0	1	0	0	1	0	0	0	0	0	0	0	0	0	0	0	1	S
NMDC20552040	0	0	0	0	0	1	0	0	0	0	1	0	0	0	0	0	0	0	0	0	0	0	0	0	0	0	0	0	1	1	S
NMDC20554071	0	0	0	0	0	0	0	1	0	0	0	1	0	0	0	0	0	0	0	0	1	0	0	0	0	0	1	0	0	1	S
NMDC20554075	0	0	0	0	0	1	0	1	0	0	0	1	0	0	1	0	1	1	1	0	0	1	0	0	1	0	0	0	1	1	S
NMDC20552041	0	0	0	0	0	1	0	1	0	0	0	1	0	0	1	0	1	1	0	0	0	1	0	0	1	0	0	0	1	1	S
NMDC20558078	0	0	0	0	0	0	0	1	0	0	0	1	1	0	1	0	0	0	1	0	1	1	1	0	0	0	0	0	0	1	S
NMDC20554073	0	0	0	0	0	1	0	0	0	0	1	0	0	0	0	0	0	0	0	0	0	0	0	0	0	0	0	0	1	1	S
NMDC20558079	0	0	0	0	0	0	0	0	0	0	0	1	0	0	0	0	1	1	0	0	0	0	0	0	1	0	0	0	0	1	S
NMDC20586907	0	0	1	0	1	0	0	0	0	0	0	1	0	0	0	1	0	0	1	0	0	0	0	0	0	0	0	0	0	0	S
NMDC20556072	0	0	0	0	0	1	0	1	0	0	0	1	1	0	1	0	0	0	0	0	1	1	0	0	0	0	0	0	1	1	S
NMDC20558080	0	0	0	0	0	1	0	1	0	0	0	1	0	0	1	0	1	1	0	0	0	1	0	0	1	0	0	0	1	1	S
NMDC20586908	0	0	0	0	0	1	0	1	0	0	0	1	0	0	1	0	1	1	0	0	0	1	0	0	1	0	0	0	1	1	S
NMDC20554074	0	0	1	0	1	1	0	0	0	0	0	1	0	0	0	1	0	0	1	0	0	1	0	0	0	0	0	1	0	0	S
NMDC20552042	0	0	0	0	0	1	0	1	0	0	0	1	0	0	1	0	1	1	1	0	0	1	0	0	1	0	0	0	1	1	S
NMDC20586909	0	0	0	0	0	0	0	0	0	0	0	0	0	0	0	0	1	1	0	1	0	0	0	1	0	0	0	0	0	0	S
NMDC20556073	0	0	1	0	1	0	0	0	0	0	0	1	0	0	0	1	0	0	1	0	0	0	0	0	0	0	0	0	0	0	S
NMDC20586910	0	0	0	0	0	0	0	0	0	0	0	0	0	0	1	0	0	0	0	0	0	1	0	0	0	0	0	1	0	0	S
NMDC20558081	0	0	0	0	0	0	0	0	0	0	0	0	0	0	1	0	0	0	0	0	0	1	0	0	0	0	0	1	0	0	S
NMDC20586911	0	0	0	0	0	0	0	0	0	0	0	0	0	0	1	0	0	0	0	0	0	1	0	0	0	0	0	1	0	0	S
NMDC20558082	0	0	0	0	0	0	0	0	0	0	0	0	0	0	1	0	0	0	0	0	0	1	0	0	0	0	0	1	0	0	S
NMDC20586913	0	0	0	0	0	0	0	0	0	0	0	0	0	0	1	0	0	0	0	0	0	1	0	0	0	0	0	1	0	0	S
NMDC20558083	0	0	0	0	0	0	0	0	0	0	0	0	0	0	1	0	0	0	0	0	0	1	0	0	0	0	0	1	0	0	S
NMDC20586914	0	0	0	0	0	0	0	0	0	0	0	0	0	0	1	0	0	0	0	0	0	1	0	0	0	0	0	1	0	0	S
NMDC20556079	0	0	0	0	0	1	0	0	0	0	0	1	0	0	0	0	0	0	0	0	0	1	0	0	0	0	1	0	0	1	S
NMDC20554077	0	0	0	0	0	0	0	0	0	0	0	0	0	0	1	0	0	0	0	0	0	1	0	0	0	0	0	1	0	0	S
NMDC20556075	0	0	0	0	0	0	0	0	0	0	0	0	0	0	1	0	0	0	0	0	0	1	0	0	0	0	0	1	0	0	S
NMDC20558084	0	0	0	0	0	0	0	0	0	0	0	0	0	0	1	0	0	0	0	0	0	1	0	0	0	0	0	1	0	0	S
NMDC20586915	0	0	0	0	0	1	0	1	0	0	0	1	0	0	1	0	1	1	0	0	0	1	0	0	1	0	0	0	1	1	S
NMDC20552043	0	0	0	0	0	1	0	1	0	0	0	1	1	0	1	0	0	0	0	0	1	1	0	0	0	0	0	0	1	1	S
NMDC20552044	0	0	0	0	0	1	0	0	0	0	0	0	0	0	1	0	0	1	1	0	1	1	0	0	0	0	0	0	0	1	S
NMDC20556078	0	0	0	0	0	0	0	0	0	0	0	0	0	0	0	0	0	0	0	0	0	1	0	0	0	0	0	0	1	0	S
NMDC20586917	0	0	1	0	1	0	0	0	0	0	0	1	0	0	0	1	0	0	1	0	0	0	0	0	0	0	0	0	0	0	S
NMDC20552045	0	0	0	0	0	1	0	1	0	0	0	1	0	0	1	0	1	1	0	0	0	1	0	0	1	0	0	0	1	1	S
NMDC20586919	0	0	0	0	0	1	0	0	0	0	0	1	0	0	0	0	1	0	0	0	1	1	0	0	0	0	0	0	0	1	S
NMDC20554078	0	0	0	0	0	1	0	0	0	0	1	0	0	0	0	0	0	0	0	0	0	0	0	0	0	0	0	0	1	1	S
NMDC20586921	0	0	0	0	0	1	0	1	0	0	0	1	0	0	1	0	1	1	0	0	0	1	0	0	1	0	0	0	1	1	S
NMDC20586922	0	0	0	0	0	1	0	1	0	0	0	1	0	0	1	0	1	1	0	0	0	1	0	0	1	0	0	0	1	1	S
NMDC20556080	0	0	0	0	0	1	0	0	0	0	0	0	0	0	1	0	1	1	0	0	0	0	0	0	1	0	0	0	1	1	S
NMDC20586923	0	0	0	0	0	1	0	1	0	0	0	1	0	0	1	0	1	1	0	0	0	1	0	0	1	0	0	0	1	1	S
NMDC20558125	0	0	0	0	0	1	0	1	0	0	0	1	0	0	1	0	1	1	0	0	0	1	0	0	1	0	0	0	1	1	S
NMDC20554123	0	0	0	0	0	1	0	1	0	0	0	1	0	0	1	0	1	1	0	0	0	1	0	0	1	0	0	0	1	1	S
NMDC20558122	0	0	0	0	0	1	0	1	0	0	0	1	0	0	0	0	0	0	0	0	1	1	0	0	0	0	0	0	0	0	S
NMDC20558123	0	0	0	0	0	1	0	0	0	0	1	0	0	0	0	0	0	0	0	0	0	0	0	0	0	0	0	0	1	1	S
NMDC20554124	0	0	0	0	0	1	0	1	0	0	0	1	0	0	1	0	1	1	0	0	0	1	0	0	1	0	0	0	1	1	S
NMDC20552093	0	0	0	0	0	1	0	0	0	0	1	1	0	0	0	0	1	0	0	0	0	1	0	0	1	0	0	0	0	0	S
NMDC20554125	0	0	0	0	0	1	0	0	0	0	1	0	0	0	0	0	0	0	0	0	0	0	0	0	0	0	0	0	1	1	S
NMDC20558124	0	0	0	0	0	1	0	0	0	0	0	1	0	0	1	0	0	1	0	0	0	0	0	0	0	0	1	0	1	1	S
NMDC20587026	0	0	0	0	0	1	0	0	0	0	1	0	0	0	0	0	0	0	0	0	0	0	0	0	0	0	0	0	1	1	S
NMDC20558128	0	0	0	0	0	1	0	1	0	0	0	1	0	0	0	0	0	0	1	0	1	1	0	0	0	0	0	0	0	0	S
NMDC20587027	0	0	0	0	0	1	0	0	0	0	1	0	0	0	0	0	0	0	0	0	0	0	0	0	0	0	0	0	1	1	S
NMDC20587028	0	0	0	0	0	0	0	0	0	0	0	0	0	0	0	0	1	1	0	1	0	0	0	1	0	0	0	0	0	0	S
NMDC20556122	0	0	0	0	0	1	0	1	0	0	0	1	0	0	1	0	1	1	0	0	0	1	0	0	1	0	0	0	1	1	S
NMDC20587029	0	0	0	0	0	1	0	0	0	0	1	0	0	0	0	0	0	0	0	0	0	0	0	0	0	0	0	0	1	1	S
NMDC20554129	0	0	0	0	0	1	0	0	0	0	1	0	0	0	0	0	0	0	0	0	0	0	0	0	0	0	0	0	1	1	S
NMDC20587030	0	0	0	0	0	0	0	0	0	0	0	0	0	0	0	0	1	0	0	0	0	1	0	0	0	0	0	0	1	0	S
NMDC20587031	0	0	0	0	0	1	0	1	0	0	0	1	1	0	1	0	0	0	0	0	1	1	0	0	0	0	0	0	1	1	S
NMDC20558129	0	0	0	0	0	1	0	1	0	0	0	1	0	0	1	0	1	1	0	0	0	1	0	0	1	0	0	0	1	1	S
NMDC20587034	1	0	0	0	0	1	0	0	0	0	1	0	0	0	0	0	0	0	0	0	0	0	0	0	0	0	0	0	1	1	S
NMDC20554128	0	0	0	0	0	0	0	1	0	0	0	1	1	0	1	0	0	0	1	0	1	1	1	0	0	0	0	0	0	1	S
NMDC20587036	0	0	0	0	0	0	0	1	0	0	0	1	1	0	1	0	0	0	1	0	1	1	1	0	0	0	0	0	0	0	S
NMDC20552096	0	0	0	0	0	1	0	0	0	0	1	0	0	0	0	0	0	0	0	0	0	0	0	0	0	0	0	0	1	1	S
NMDC20587039	0	0	0	0	0	1	0	0	0	0	1	0	0	0	0	0	0	0	0	0	0	0	0	0	0	0	0	0	1	1	S
NMDC20587040	0	0	0	0	0	0	0	1	0	0	0	1	0	0	0	0	0	0	0	0	0	0	0	0	0	0	1	0	0	1	S
NMDC20587041	0	0	0	0	0	0	0	1	0	0	0	1	0	0	0	0	0	0	0	0	1	1	1	0	0	0	1	0	1	1	S
NMDC20587042	0	0	0	0	0	1	0	1	0	0	0	1	0	0	1	0	1	1	1	0	0	1	1	0	1	0	0	0	1	1	S
NMDC20556123	0	0	0	0	0	1	0	0	0	0	1	0	0	0	0	0	0	0	0	0	0	0	0	0	0	0	0	0	1	1	S
NMDC20552097	0	0	0	0	0	1	0	0	0	0	0	1	0	0	1	0	0	1	0	0	0	0	0	0	0	0	1	0	1	1	S
NMDC20554130	0	0	0	0	0	0	0	1	0	0	0	1	0	0	0	0	0	0	0	0	0	0	0	0	0	0	1	0	0	1	S
NMDC20552098	0	0	0	0	0	1	0	0	0	0	1	0	0	0	0	0	0	0	0	0	0	0	0	0	0	0	0	0	1	1	S
NMDC20552099	0	0	0	0	0	0	0	0	0	0	0	1	0	0	0	0	1	1	0	0	0	0	0	0	1	0	0	0	0	1	S
NMDC20552100	0	0	0	0	0	1	0	0	0	0	0	0	0	0	1	0	1	1	0	0	0	0	0	0	1	0	0	0	1	1	S
NMDC20554131	0	0	0	0	0	1	0	0	0	0	1	0	0	0	0	0	0	0	0	0	0	0	0	0	0	0	0	0	1	1	S
NMDC20587044	0	0	0	0	0	1	0	1	0	0	0	1	0	0	1	0	1	1	0	0	0	1	0	0	1	0	0	0	1	1	S
NMDC20554133	0	0	0	0	0	0	0	0	0	0	0	1	0	0	0	0	0	0	0	0	1	1	0	0	0	0	1	0	1	1	S
NMDC20558130	0	0	0	0	0	1	0	1	0	0	0	1	0	0	1	0	1	1	0	0	0	1	0	0	1	0	0	0	1	1	S
NMDC20587045	0	0	0	0	0	1	0	1	0	0	0	1	0	0	0	0	0	0	0	0	0	0	0	1	0	0	0	0	1	1	S
NMDC20587046	0	0	0	0	0	0	0	1	0	0	0	1	1	0	1	0	0	0	0	0	1	1	0	0	0	0	0	0	0	1	S
NMDC20587047	0	0	0	0	0	0	0	1	0	0	0	1	0	0	0	0	0	0	0	0	0	1	0	0	0	0	0	0	0	1	S
NMDC20552102	0	0	0	0	0	1	0	0	0	0	1	0	0	0	0	0	0	0	0	0	0	0	0	0	0	0	0	0	1	1	S
NMDC20554132	0	0	0	0	0	1	0	1	0	0	0	1	0	0	0	0	0	0	0	0	0	0	0	1	0	0	0	0	1	1	S
NMDC20587048	0	0	0	0	0	0	0	0	0	0	0	0	0	0	0	0	0	0	0	0	0	1	0	0	0	0	0	0	0	0	S
NMDC20587049	0	0	0	0	0	1	0	1	0	0	0	1	0	0	1	0	0	1	0	0	0	1	0	0	1	0	0	0	1	1	S
NMDC20587050	0	0	0	0	0	1	0	0	0	0	1	0	0	0	0	0	0	0	0	0	0	0	0	0	0	0	0	0	1	1	S
NMDC20554134	0	0	0	0	0	1	0	0	0	0	1	0	0	0	0	0	0	0	0	0	0	0	0	0	0	0	0	0	1	1	S
NMDC20587052	0	0	0	0	0	1	0	1	0	0	0	1	0	0	1	0	1	1	0	0	0	1	0	0	1	0	0	0	1	1	S
NMDC20587053	0	0	0	0	0	1	0	0	0	0	1	0	0	0	0	0	0	0	0	0	0	0	0	0	0	0	0	0	1	1	S
NMDC20552103	0	0	1	0	1	1	0	1	0	0	0	1	1	0	1	1	0	0	1	0	1	1	0	0	0	0	0	0	1	1	S
NMDC20588189	0	0	0	0	0	1	0	1	0	0	0	1	0	0	1	0	1	1	0	0	0	1	0	0	1	0	0	0	1	1	S
NMDC20588190	0	0	0	0	0	1	0	0	0	0	1	0	0	0	0	0	0	0	0	0	0	0	0	0	0	0	0	0	1	1	S
NMDC20554397	0	0	0	0	0	1	0	0	0	0	1	0	0	0	0	0	0	0	0	0	0	0	0	0	0	0	0	0	1	1	S
NMDC20552392	0	0	0	0	0	1	0	0	0	0	1	0	0	0	0	0	0	0	0	0	0	0	0	0	0	0	0	0	1	0	S
NMDC20552393	0	0	0	0	0	1	0	1	0	0	0	1	0	0	1	0	1	1	0	0	0	1	0	0	1	0	0	0	1	1	S
NMDC20554400	0	0	0	0	0	1	0	0	0	0	1	0	0	0	0	0	0	0	0	0	0	0	0	0	0	0	0	0	1	1	S
NMDC20558408	0	0	1	0	1	0	0	0	0	0	0	1	0	0	0	1	0	0	1	0	0	0	0	0	0	0	0	0	0	0	S
NMDC20556378	0	0	0	0	0	1	0	1	0	0	0	1	0	0	1	0	1	1	0	0	0	1	0	0	1	0	0	0	1	1	S
NMDC20554398	0	0	0	0	0	1	0	0	0	0	1	0	0	0	0	0	0	0	0	0	0	0	0	0	0	0	0	0	1	1	S
NMDC20554399	0	0	0	0	0	1	0	1	0	0	0	1	0	0	1	0	1	1	0	0	0	1	0	0	1	0	0	0	1	1	S
NMDC20588195	0	0	0	0	0	1	0	0	0	0	1	0	0	0	0	0	0	0	0	0	0	0	0	0	0	0	0	0	1	1	S
NMDC20588196	0	0	0	0	0	1	0	1	0	0	0	1	0	0	1	0	1	1	0	0	0	1	0	0	1	0	0	0	1	1	S
NMDC20552395	0	0	0	0	0	1	0	0	0	0	1	0	0	0	0	0	0	0	0	0	0	0	0	0	0	0	0	0	1	1	S
NMDC20588198	0	0	0	0	0	1	0	1	0	0	0	1	0	0	0	0	0	0	0	0	0	0	0	1	0	0	0	0	1	1	S
NMDC20556382	1	0	0	0	0	1	0	1	0	0	0	1	0	0	1	0	1	1	0	0	0	1	0	0	1	0	0	0	1	1	S
NMDC20552398	0	0	0	0	0	0	0	0	0	0	1	0	0	0	0	0	1	0	0	0	1	1	0	0	0	0	0	0	0	1	S
NMDC20588199	0	0	0	0	0	1	0	0	0	0	1	0	0	0	0	0	0	0	0	0	0	0	0	0	0	0	0	0	1	1	S
NMDC20588200	0	0	0	0	0	1	0	0	0	0	1	0	0	0	0	0	0	0	0	0	0	0	0	0	0	0	0	0	1	1	S
NMDC20556383	0	0	0	0	0	1	0	1	0	0	0	1	0	0	0	0	1	1	0	0	1	1	0	1	0	0	1	0	0	1	S
NMDC20556384	0	0	0	0	0	1	0	1	0	0	0	1	0	0	1	0	1	1	1	0	0	1	0	0	1	0	0	0	1	1	S
NMDC20588201	0	0	0	0	0	1	0	1	0	0	0	1	0	0	1	0	1	1	0	0	0	1	0	0	1	0	0	0	1	1	S
NMDC20554403	0	0	0	0	0	1	0	1	0	0	0	1	0	0	1	0	1	1	0	0	0	1	0	0	1	0	0	0	1	1	S
NMDC20556385	0	0	0	0	0	1	0	1	0	0	0	1	0	0	1	0	1	1	0	0	0	1	0	0	1	0	0	0	1	1	S
NMDC20554404	0	0	0	0	0	1	0	1	0	0	0	1	0	0	1	0	1	1	0	0	0	1	0	0	1	0	0	0	1	1	S
NMDC20558414	0	0	0	0	0	1	0	1	0	0	0	1	0	0	1	0	1	1	0	0	0	1	0	0	1	0	0	0	1	1	S
NMDC20556386	0	0	0	0	0	1	0	1	0	0	0	1	0	0	1	0	1	1	0	0	0	1	1	0	1	0	0	0	1	1	S
NMDC20558415	0	0	0	0	0	1	0	0	0	0	1	0	0	0	0	0	0	0	0	0	0	0	0	0	0	0	0	0	1	1	S
NMDC20588204	0	0	0	0	0	1	0	1	0	0	0	1	0	0	1	0	1	1	0	0	0	1	0	0	1	0	0	0	1	1	S
NMDC20554406	0	0	0	0	0	1	0	1	0	0	0	1	0	0	1	0	1	1	0	0	0	1	0	0	1	0	0	0	1	1	S
NMDC20554407	0	0	0	0	0	1	0	0	0	0	0	1	1	0	0	0	1	1	0	0	1	1	0	0	1	0	0	0	1	1	S
NMDC20552401	0	0	0	0	0	1	0	0	0	0	1	0	0	0	0	0	0	0	0	0	0	0	0	0	0	0	0	0	1	1	S
NMDC20588205	0	0	0	0	0	1	0	0	0	0	1	0	0	0	0	0	0	0	0	0	0	0	0	0	0	0	0	0	1	1	S
NMDC20554408	0	0	0	0	0	1	0	1	0	0	0	1	0	0	1	0	1	1	0	0	0	1	1	0	1	0	0	0	1	1	S
NMDC20588206	0	0	0	0	0	1	0	1	0	0	0	1	0	0	1	0	1	1	0	0	0	1	1	0	1	0	0	0	1	1	S
NMDC20552402	0	0	0	0	0	0	0	0	0	0	0	1	0	0	0	0	1	0	0	0	1	1	0	0	1	0	0	0	1	0	S
NMDC20588208	0	0	0	0	0	1	0	0	0	0	1	0	0	0	0	0	0	0	0	0	0	0	0	0	0	0	0	0	1	1	S
NMDC20554410	0	0	0	0	0	1	0	1	0	0	0	1	0	0	1	0	1	1	0	0	0	1	0	0	1	0	0	0	1	1	S
NMDC20552403	1	0	0	0	0	1	0	1	0	0	0	1	0	0	1	0	1	1	0	0	0	1	0	0	1	0	0	0	1	1	S
NMDC20588210	0	0	0	0	0	1	0	1	0	0	0	1	0	0	1	0	1	1	0	0	0	1	0	0	1	0	0	0	1	1	S
NMDC20556388	0	0	1	0	1	0	0	0	0	0	0	1	0	0	0	1	0	0	1	0	0	0	0	0	0	0	0	0	0	0	S
NMDC20588211	0	0	0	0	0	1	0	0	0	0	1	0	0	0	0	0	0	0	0	0	0	0	0	0	0	0	0	0	1	1	S
NMDC20558416	0	0	0	0	0	1	0	1	0	0	0	1	0	0	1	0	1	1	0	0	0	1	0	0	1	0	0	0	1	1	S
NMDC20554411	0	0	0	0	0	1	0	0	0	0	1	0	0	0	0	0	0	0	0	0	0	0	0	0	0	0	0	0	1	1	S
NMDC20588212	0	0	0	0	0	1	0	0	0	0	1	0	0	0	0	0	0	0	0	0	0	0	0	0	0	0	0	0	1	1	S
NMDC20588213	0	0	0	0	0	1	0	1	0	0	0	1	0	0	1	0	1	1	0	0	0	1	0	0	1	0	0	0	1	1	S
NMDC20556390	0	0	0	0	0	1	0	0	0	0	1	1	0	0	0	0	0	0	0	0	0	1	0	0	0	0	0	0	0	1	S
NMDC20588214	0	0	0	0	0	1	0	0	0	0	1	0	0	0	0	0	0	0	0	0	0	0	0	0	0	0	0	0	1	1	S
NMDC20556391	0	0	0	0	0	1	0	1	0	0	0	1	0	0	1	0	1	1	0	0	0	1	0	0	1	0	0	0	1	1	S
NMDC20588216	0	0	0	0	0	1	0	0	0	0	1	0	0	0	0	0	0	0	0	0	0	0	0	0	0	0	0	0	1	1	S
NMDC20588217	0	0	0	0	0	1	0	0	0	0	1	0	0	0	0	0	0	0	0	0	0	0	0	0	0	0	0	0	1	1	S
NMDC20552407	0	0	0	0	0	1	0	1	0	0	0	1	0	0	1	0	1	1	0	0	0	1	0	0	1	0	0	0	1	1	S
NMDC20554412	0	0	0	0	0	0	0	0	0	0	0	0	0	0	0	0	1	1	0	1	0	0	0	1	0	0	0	0	0	0	S
NMDC20588220	0	0	0	0	0	1	0	0	0	0	1	0	0	0	0	0	0	0	0	0	0	0	0	0	0	0	0	0	1	1	S
NMDC20588221	0	0	0	0	0	1	0	1	0	0	0	1	0	0	1	0	1	1	0	0	0	1	0	0	1	0	0	0	1	1	S
NMDC20588222	0	0	0	0	0	1	0	0	0	0	1	0	0	0	0	0	0	0	0	0	0	0	0	0	0	0	0	0	1	1	S
NMDC20556393	0	0	0	0	0	1	0	1	0	0	0	1	0	0	1	0	1	1	0	0	0	1	0	0	1	0	0	0	1	1	S
NMDC20556394	0	0	0	0	0	1	0	1	0	0	0	1	0	0	1	0	1	1	0	0	0	1	0	0	1	0	0	0	1	1	S
NMDC20588223	0	0	0	0	0	0	0	0	0	0	0	0	0	0	0	0	1	1	0	1	0	0	0	1	0	0	0	0	0	0	S
NMDC20588225	0	0	0	0	0	1	0	0	0	0	1	0	0	0	0	0	0	0	0	0	0	0	0	0	0	0	0	0	1	1	S
NMDC20588226	0	0	0	0	0	1	0	1	0	0	0	1	0	0	1	0	1	1	1	0	0	1	0	0	1	0	0	0	1	1	S
NMDC20554413	0	0	0	0	0	1	0	1	0	0	0	1	0	0	1	0	1	1	0	0	0	1	0	0	1	0	0	0	1	1	S
NMDC20588229	0	0	0	0	0	1	0	1	0	0	0	1	0	0	1	0	1	1	0	0	0	1	0	0	1	0	0	0	1	1	S
NMDC20556395	0	0	0	0	0	1	0	0	0	0	1	0	0	0	0	0	0	0	0	0	0	0	0	0	0	0	0	0	1	1	S
NMDC20552413	0	0	0	0	0	1	0	0	0	0	1	0	0	0	0	0	0	0	0	0	0	0	0	0	0	0	0	0	1	1	S
NMDC20554414	0	0	0	0	0	0	0	0	0	0	0	0	0	0	0	0	0	0	0	0	1	1	0	1	0	0	0	0	1	0	S
NMDC20556396	0	0	0	0	0	1	0	0	0	0	1	0	0	0	0	0	0	0	0	0	0	0	0	0	0	0	0	0	1	1	S
NMDC20552411	0	0	0	0	0	1	0	0	0	0	1	0	0	0	0	0	0	0	0	0	0	0	0	0	0	0	0	0	1	1	S
NMDC20588232	0	0	0	0	0	1	0	1	0	0	0	1	0	0	1	0	1	1	0	0	0	1	0	0	1	0	0	0	1	1	S
NMDC20552412	0	0	0	0	0	1	0	0	0	0	1	0	0	0	0	0	0	0	0	0	0	0	0	0	0	0	0	0	1	1	S
NMDC20554417	0	0	0	0	0	1	0	1	0	0	0	1	0	0	1	0	1	1	0	0	0	1	0	0	1	0	0	0	1	1	S
NMDC20556397	0	0	0	0	0	0	0	1	0	0	0	1	0	0	0	0	1	1	0	0	0	1	0	0	0	0	0	0	1	0	S
NMDC20588233	0	0	0	0	0	1	0	0	0	0	1	0	0	0	0	0	0	0	0	0	0	0	0	0	0	0	0	0	1	1	S
NMDC20554418	0	0	0	0	0	1	0	1	0	0	0	1	0	0	1	0	1	1	0	0	0	1	0	0	1	0	0	0	1	1	S
NMDC20588236	0	0	0	0	0	1	0	1	0	0	0	1	0	0	1	0	1	1	0	0	0	1	0	0	1	0	0	0	1	1	S
NMDC20554420	0	0	0	0	0	1	0	1	0	0	0	1	0	0	1	0	1	1	0	0	0	1	0	0	1	0	0	0	1	1	S
NMDC20558423	0	0	0	0	0	1	0	1	0	0	0	1	0	0	1	0	1	1	0	0	0	1	0	0	1	0	0	0	1	1	S
NMDC20588237	0	0	0	0	0	0	0	0	0	0	0	1	0	0	0	0	1	1	0	0	0	0	0	0	1	0	0	0	0	1	S
NMDC20556399	0	0	0	0	0	1	0	1	0	0	0	1	0	0	1	0	1	1	0	0	0	1	1	0	1	0	0	0	1	1	S
NMDC20558425	0	0	0	0	0	1	0	1	0	0	0	1	0	0	1	0	1	1	0	0	0	1	0	0	1	0	0	0	1	1	S
NMDC20552416	0	0	0	0	0	0	0	1	0	0	0	1	0	0	0	0	0	0	0	0	0	1	0	0	0	0	0	0	0	1	S
NMDC20588238	0	0	0	0	0	1	0	1	0	0	0	1	0	0	1	0	1	1	0	0	0	1	0	0	1	0	0	0	1	1	S
NMDC20556400	0	0	0	0	0	1	0	1	0	0	0	1	0	0	1	0	1	1	0	0	0	1	0	0	1	0	0	0	1	1	S
NMDC20552417	0	0	0	0	0	1	0	1	0	0	0	1	0	0	1	0	1	1	0	0	0	1	0	0	1	0	0	0	1	1	S
NMDC20588240	0	0	0	0	0	0	0	0	0	0	0	1	0	0	0	0	1	0	1	0	1	1	0	0	1	0	0	0	1	0	S
NMDC20558426	0	0	0	0	0	1	0	0	0	0	1	0	0	0	0	0	0	0	0	0	0	0	0	0	0	0	0	0	1	1	S
NMDC20552418	0	0	0	0	0	1	0	1	0	0	0	1	0	0	1	0	1	1	0	0	0	1	1	0	1	0	0	0	1	1	S
NMDC20556401	0	0	0	0	0	1	0	1	0	0	0	1	0	0	1	0	1	1	0	0	0	1	0	0	1	0	0	0	1	1	S
NMDC20556402	0	0	0	0	0	1	0	1	0	0	0	1	0	0	1	0	1	1	0	0	0	1	0	0	1	0	0	0	1	1	S
NMDC20558427	0	0	0	0	0	1	0	1	0	0	0	1	0	0	1	0	1	1	0	0	0	1	0	0	1	0	0	0	1	1	S
NMDC20554422	0	0	0	0	0	1	0	1	0	0	0	1	0	0	1	0	1	1	0	0	0	1	0	0	1	0	0	0	1	1	S
NMDC20588242	0	0	0	0	0	1	0	1	0	0	0	1	0	0	1	0	1	1	0	0	0	1	0	0	1	0	0	0	1	1	S
NMDC20554423	0	0	0	0	0	1	0	1	0	0	0	1	0	0	1	0	1	1	0	0	0	1	0	0	1	0	0	0	1	1	S
NMDC20552419	0	0	1	0	1	0	0	0	0	0	0	1	0	0	0	1	0	0	1	0	0	0	0	0	0	0	0	0	0	0	S
NMDC20558429	0	0	0	0	0	0	0	0	0	0	0	1	0	0	0	0	0	0	0	0	0	0	0	0	0	0	0	0	0	0	S
NMDC20554425	0	0	0	0	0	0	0	0	0	0	0	0	0	0	0	0	0	0	0	0	1	1	0	0	0	0	1	0	1	1	S
NMDC20588246	0	0	0	0	0	1	0	0	0	0	1	0	0	0	0	0	0	0	0	0	0	0	0	0	0	0	0	0	1	1	S
NMDC20588247	0	0	0	0	0	0	0	0	0	0	0	1	0	0	0	0	1	0	1	0	1	1	0	0	1	0	0	0	1	0	S
NMDC20556406	0	0	0	0	0	1	0	1	0	0	0	1	0	0	0	0	0	0	0	0	0	0	0	1	0	0	0	0	1	1	S
NMDC20556408	0	0	0	0	0	1	0	1	0	0	0	1	0	0	1	0	1	1	0	0	0	1	0	0	1	0	0	0	1	1	S
NMDC20554429	0	0	0	0	0	1	0	0	0	0	1	0	0	0	0	0	0	0	0	0	0	0	0	0	0	0	0	0	1	1	S
NMDC20554426	0	0	0	0	0	1	0	0	0	0	1	0	0	0	0	0	0	0	0	0	0	0	0	0	0	0	0	0	1	1	S
NMDC20554427	0	0	0	0	0	1	0	0	0	0	1	0	0	0	0	0	0	0	0	0	0	0	0	0	0	0	0	0	1	1	S
NMDC20554428	0	0	0	0	0	1	0	0	0	0	1	0	0	0	0	0	0	0	0	0	0	0	0	0	0	0	0	0	1	1	S
NMDC20552420	0	0	0	0	0	1	0	1	0	0	0	1	0	0	0	0	0	0	0	0	1	0	0	0	0	0	1	0	0	1	S
NMDC20556409	0	1	1	0	1	1	0	1	0	0	0	1	0	1	0	1	0	0	1	0	0	0	0	1	0	0	0	0	1	1	S
NMDC20588250	1	0	0	0	0	1	0	0	0	0	1	0	0	0	0	0	0	0	0	0	0	0	0	0	0	0	0	0	1	1	S
NMDC20556410	0	0	1	0	1	0	0	0	0	0	0	1	0	0	0	1	0	0	1	0	0	0	0	0	0	0	0	0	0	0	S
NMDC20556411	0	0	1	0	1	0	0	0	0	0	0	1	0	0	0	1	0	0	1	0	0	0	0	0	0	0	0	0	0	0	S
NMDC20558431	0	0	0	0	0	1	0	0	0	0	1	0	0	0	0	0	0	0	0	0	0	0	0	0	0	0	0	0	1	1	S
NMDC20558432	0	0	0	0	0	1	0	0	0	0	1	0	0	0	0	0	0	0	0	0	0	0	0	0	0	0	0	0	1	1	S
NMDC20558433	0	0	0	0	0	1	0	0	0	0	1	0	0	0	0	0	0	0	0	0	0	0	0	0	0	0	0	0	1	1	S
NMDC20558434	0	0	0	0	0	1	0	0	0	0	1	0	0	0	0	0	0	0	0	0	0	0	0	0	0	0	0	0	1	1	S
NMDC20588251	0	0	0	0	0	1	0	1	0	0	0	1	0	0	1	0	1	1	0	0	0	1	0	0	1	0	0	0	1	1	S
NMDC20552424	0	0	0	0	0	1	0	0	0	0	1	0	0	0	0	0	0	0	0	0	0	0	0	0	0	0	0	0	1	1	S
NMDC20588252	0	0	0	0	0	1	0	0	0	0	0	0	0	0	1	0	0	1	1	0	1	1	0	0	0	0	0	0	0	1	S
NMDC20588253	0	0	0	0	0	1	0	1	0	0	0	1	0	0	1	0	1	1	1	0	0	1	0	0	1	0	0	0	1	1	S
NMDC20558435	0	0	0	0	0	1	0	0	0	0	1	0	0	0	0	0	0	0	0	0	0	0	0	0	0	0	0	0	1	1	S
NMDC20588254	0	0	0	0	0	1	0	0	0	0	1	0	0	0	0	0	0	0	0	0	0	0	0	0	0	0	0	0	1	1	S
NMDC20588255	0	0	1	0	1	0	0	0	0	0	0	1	0	0	0	1	0	0	1	0	0	0	0	0	0	0	0	0	0	0	S
NMDC20588256	0	0	0	0	0	1	0	1	0	0	0	1	0	0	1	0	1	1	0	0	0	1	0	0	1	0	0	0	1	1	S
NMDC20554430	0	0	0	0	0	1	0	0	0	0	1	0	0	0	0	0	0	0	0	0	0	0	0	0	0	0	0	0	1	1	S
NMDC20588258	0	0	0	0	0	1	0	0	0	0	1	0	0	0	0	0	0	0	0	0	0	0	0	0	0	0	0	0	1	1	S
NMDC20552425	0	0	0	0	0	1	0	0	0	0	1	0	0	0	0	0	0	0	0	0	0	0	0	0	0	0	0	0	1	1	S
NMDC20588259	0	0	1	0	1	1	0	0	0	0	0	0	0	0	1	1	0	1	1	0	1	1	0	0	0	0	0	0	0	1	S
NMDC20556413	0	0	0	0	0	1	0	0	0	0	1	0	0	0	0	0	0	0	0	0	0	0	0	0	0	0	0	0	1	1	S
NMDC20588260	0	0	0	0	0	1	0	0	0	0	1	0	0	0	0	0	0	0	0	0	0	0	0	0	0	0	0	0	1	1	S
NMDC20588261	0	0	0	0	0	0	0	1	0	0	0	1	0	0	0	0	0	0	0	0	0	1	0	0	0	0	0	0	0	1	S
NMDC20552426	0	0	0	0	0	1	0	0	0	0	1	1	0	0	0	0	0	0	0	0	1	1	0	0	0	0	1	0	1	0	S
NMDC20556415	0	0	0	0	0	0	0	0	0	0	0	0	0	0	0	0	1	1	0	1	0	0	0	1	0	0	0	0	0	0	S
NMDC20588262	0	0	0	0	0	1	0	0	0	0	0	0	0	0	1	0	0	1	1	0	1	1	0	0	0	0	0	0	0	1	S
NMDC20556416	0	0	0	0	0	1	0	0	0	0	1	0	0	0	0	0	0	0	0	0	0	0	0	0	0	0	0	0	1	1	S
NMDC20556417	0	0	0	0	0	1	0	1	0	0	0	1	0	0	1	0	1	1	0	0	0	1	0	0	1	0	0	0	1	1	S
NMDC20558437	0	0	0	0	0	1	0	1	0	0	0	1	0	0	1	0	1	1	0	0	0	1	0	0	1	0	0	0	1	1	S
NMDC20588264	0	0	0	0	0	1	0	0	0	0	1	0	0	0	0	0	0	0	0	0	0	0	0	0	0	0	0	0	1	1	S
NMDC20588265	0	0	0	0	0	1	0	0	0	0	0	0	0	0	0	0	0	0	0	0	1	1	0	0	0	0	0	0	0	0	S
NMDC20588266	0	0	0	0	0	1	0	0	0	0	1	0	0	0	0	0	0	0	0	0	0	0	0	0	0	0	0	0	1	1	S
NMDC20552427	0	0	0	0	0	1	0	0	0	0	0	0	0	0	1	0	0	1	1	0	1	1	0	0	0	0	0	0	0	1	S
NMDC20588267	0	0	0	0	0	1	0	0	0	0	1	0	0	0	0	0	0	0	0	0	0	0	0	0	0	0	0	0	1	1	S
NMDC20588268	0	0	0	0	0	1	0	0	0	0	1	0	0	0	0	0	0	0	0	0	0	0	0	0	0	0	0	0	1	1	S
NMDC20588269	0	0	0	0	0	1	0	0	0	0	1	0	0	0	0	0	0	0	0	0	0	0	0	0	0	0	0	0	1	1	S
NMDC20552428	0	0	0	0	0	1	0	1	0	0	0	1	0	0	1	0	1	1	0	0	0	1	0	0	1	0	0	0	1	1	S
NMDC20588270	0	0	0	0	0	1	0	1	0	0	0	1	0	0	1	0	1	1	0	0	0	1	0	0	1	0	0	0	1	1	S
NMDC20558438	0	0	0	0	0	1	0	0	0	0	1	0	0	0	0	0	0	0	0	0	0	0	0	0	0	0	0	0	1	1	S
NMDC20556419	0	0	0	0	0	1	0	0	0	0	1	0	0	0	0	0	0	0	0	0	0	0	0	0	0	0	0	0	1	1	S
NMDC20552429	0	0	0	0	0	1	0	0	0	0	1	0	0	0	0	0	0	0	0	0	0	0	0	0	0	0	0	0	1	1	S
NMDC20556420	0	0	0	0	0	1	0	0	0	0	1	0	0	0	0	0	0	0	0	0	0	0	0	0	0	0	0	0	1	1	S
NMDC20554435	0	0	0	0	0	1	0	1	0	0	0	1	0	0	1	0	1	1	0	0	0	1	0	0	1	0	0	0	1	1	S
NMDC20556421	0	0	0	0	0	1	0	0	0	0	1	0	0	0	0	0	0	0	0	0	0	0	0	0	0	0	0	0	1	1	S
NMDC20552430	0	0	0	0	0	1	0	1	0	0	0	1	0	0	1	0	1	1	0	0	0	1	0	0	1	0	0	0	1	1	S
NMDC20588271	0	0	0	0	0	1	0	0	0	0	1	0	0	0	0	0	0	0	0	0	0	0	0	0	0	0	0	0	1	1	S
NMDC20558440	0	0	0	0	0	1	0	0	0	0	1	0	0	0	0	0	0	0	0	0	0	0	0	0	0	0	0	0	1	1	S
NMDC20558441	0	0	0	0	0	1	0	1	0	0	0	1	0	0	1	0	1	1	0	0	0	1	0	0	1	0	0	0	1	1	S
NMDC20556422	0	0	0	0	0	1	0	0	0	0	1	0	0	0	0	0	0	0	0	0	0	0	0	0	0	0	0	0	1	1	S
NMDC20554433	0	0	0	0	0	1	0	1	0	0	0	1	0	0	1	0	1	1	0	0	0	1	0	0	1	0	0	0	1	1	S
NMDC20554434	0	0	0	0	0	1	0	0	0	0	1	0	0	0	0	0	0	0	0	0	0	0	0	0	0	0	0	0	1	1	S
NMDC20558442	0	0	0	0	0	1	0	0	0	0	1	0	0	0	0	0	0	0	0	0	0	0	0	0	0	0	0	0	1	1	S
NMDC20556425	0	0	0	0	0	1	0	1	0	0	0	1	1	0	1	0	0	0	0	0	1	1	0	0	0	0	0	0	1	1	S
NMDC20588272	0	0	0	0	0	1	0	0	0	0	1	0	0	0	0	0	0	0	0	0	0	0	0	0	0	0	0	0	1	1	S
NMDC20558443	0	0	0	0	0	1	0	1	0	0	0	1	0	0	1	0	1	1	1	0	0	1	0	0	1	0	0	0	1	1	S
NMDC20588273	0	0	0	0	0	1	0	1	0	0	0	1	0	0	1	0	1	1	1	0	0	1	0	0	1	0	0	0	1	1	S
NMDC20588274	0	0	0	0	0	1	0	1	0	0	0	1	0	0	1	0	1	1	1	0	0	1	0	0	1	0	0	0	1	1	S
NMDC20552432	0	0	0	0	0	1	0	1	0	0	0	1	0	0	1	0	1	1	0	0	0	1	0	0	1	0	0	0	1	1	S
NMDC20558445	0	0	0	0	0	1	0	1	0	0	0	1	0	0	1	0	1	1	0	0	0	1	0	0	1	0	0	0	1	1	S
NMDC20558447	0	0	0	0	0	1	0	1	0	0	0	1	1	0	1	0	0	0	0	0	1	1	0	0	0	0	0	0	1	1	S
NMDC20588275	0	0	0	0	0	1	0	0	0	0	1	0	0	0	0	0	0	0	0	0	0	0	0	0	0	0	0	0	1	1	S
NMDC20554436	0	0	0	0	0	1	0	0	0	0	1	0	0	0	0	0	0	0	0	0	0	0	0	0	0	0	0	0	1	1	S
NMDC20558446	0	0	0	0	0	1	0	0	0	0	1	0	0	0	0	0	0	0	0	0	0	0	0	0	0	0	0	0	1	1	S
NMDC20588276	0	0	0	0	0	1	0	0	0	0	1	0	0	0	0	0	0	0	0	0	0	0	0	0	0	0	0	0	1	1	S
NMDC20554438	0	0	0	0	0	1	0	0	0	0	1	0	0	0	0	0	0	0	0	0	0	0	0	0	0	0	0	0	1	1	S
NMDC20556426	0	0	0	0	0	1	0	1	0	0	0	1	0	0	1	0	1	1	0	0	0	1	0	0	1	0	0	0	1	1	S
NMDC20552433	0	0	0	0	0	0	0	0	0	0	0	0	0	0	1	0	1	0	0	0	1	1	0	0	0	0	0	1	0	1	S
NMDC20588277	0	0	0	0	0	1	0	0	0	0	1	0	0	0	0	0	0	0	0	0	0	0	0	0	0	0	0	0	1	1	S
NMDC20556427	0	0	0	0	0	1	0	0	0	0	1	0	0	0	0	0	0	0	0	0	0	0	0	0	0	0	0	0	1	1	S
NMDC20588278	0	0	0	0	0	1	0	0	0	0	1	0	0	0	0	0	0	0	0	0	0	0	0	0	0	0	0	0	1	1	S
NMDC20588279	0	0	0	0	0	1	0	0	0	0	1	0	0	0	0	0	0	0	0	0	0	0	0	0	0	0	0	0	1	1	S
NMDC20588280	0	0	0	0	0	1	0	1	0	0	0	1	0	0	0	0	0	0	0	0	0	0	0	1	0	0	0	0	1	1	S
NMDC20554439	0	0	0	0	0	1	0	0	0	0	1	0	0	0	0	0	0	0	0	0	0	0	0	0	0	0	0	0	1	1	S
NMDC20554440	0	0	0	0	0	1	0	0	0	0	1	0	0	0	0	0	0	0	0	0	0	0	0	0	0	0	0	0	1	1	S
NMDC20558448	0	0	0	0	0	1	0	1	0	0	0	1	0	0	1	0	1	1	1	0	0	1	0	0	1	0	0	0	1	1	S
NMDC20552434	0	0	0	0	0	1	0	0	0	0	1	0	0	0	0	0	0	0	0	0	0	0	0	0	0	0	0	0	1	1	S
NMDC20588281	0	0	0	0	0	1	0	0	0	0	1	0	0	0	0	0	0	0	0	0	0	0	0	0	0	0	0	0	1	1	S
NMDC20588283	0	0	0	0	0	1	0	1	0	0	0	1	0	0	1	0	1	1	0	0	0	1	0	0	1	0	0	0	1	1	S
NMDC20554442	0	0	0	0	0	1	0	0	0	0	0	0	0	0	1	0	0	1	1	0	1	1	0	0	0	0	0	0	0	1	S
NMDC20558449	0	0	0	0	0	1	0	0	0	0	1	0	0	0	0	0	0	0	0	0	0	0	0	0	0	0	0	0	1	1	S
NMDC20558450	0	0	0	0	0	1	0	0	0	0	1	0	0	0	0	0	0	0	0	0	0	0	0	0	0	0	0	0	1	1	S
NMDC20588285	0	0	0	0	0	1	0	1	0	0	0	1	0	0	1	0	1	1	1	0	0	1	0	0	1	0	0	0	1	1	S
NMDC20588286	0	0	0	0	0	1	0	0	0	0	1	0	0	0	0	0	0	0	0	0	0	0	0	0	0	0	0	0	1	1	S
NMDC20588287	0	0	0	0	0	1	0	1	0	0	0	1	0	0	1	0	1	1	0	0	0	1	0	0	1	0	0	0	1	1	S
NMDC20552435	0	0	0	0	0	1	0	1	0	0	0	1	0	0	1	0	1	1	0	0	0	1	0	0	1	0	0	0	1	1	S
NMDC20552437	0	0	0	0	0	1	0	1	0	0	0	1	1	0	1	0	0	0	0	0	1	1	0	0	0	0	0	0	1	1	S
NMDC20588289	0	0	0	0	0	1	0	0	0	0	1	0	0	0	0	0	0	0	0	0	0	0	0	0	0	0	0	0	1	1	S
NMDC20588290	0	0	0	0	0	1	0	1	0	0	0	1	0	0	0	0	0	0	0	0	0	0	0	1	0	0	0	0	1	1	S
NMDC20552436	0	0	0	0	0	1	0	0	0	0	1	0	0	0	0	0	0	0	0	0	0	0	0	0	0	0	0	0	1	1	S
NMDC20588291	0	0	0	0	0	1	0	0	0	0	1	0	0	0	0	0	0	0	0	0	0	0	0	0	0	0	0	0	1	1	S
NMDC20556428	0	0	1	0	0	1	0	0	0	0	0	0	0	0	1	1	0	1	1	0	1	1	0	0	0	0	0	0	0	1	S
NMDC20588292	0	0	0	0	0	1	0	1	0	0	0	1	0	0	1	0	1	1	0	0	0	1	0	0	1	0	0	0	1	1	S
NMDC20588293	0	0	0	0	0	1	0	1	0	0	0	1	0	0	1	0	1	1	0	0	0	1	0	0	1	0	0	0	1	1	S
NMDC20588294	0	0	0	0	0	1	0	1	0	0	0	1	0	0	1	0	1	1	0	0	0	1	0	0	1	0	0	0	1	1	S
NMDC20588295	0	0	0	0	0	1	0	0	0	0	1	0	0	0	0	0	0	0	0	0	0	0	0	0	0	0	0	0	1	1	S
NMDC20588296	0	0	0	0	0	1	0	1	0	0	0	1	0	0	1	0	1	1	0	0	0	1	0	0	1	0	0	0	1	1	S
NMDC20588297	0	0	0	0	0	1	0	0	0	0	1	0	0	0	0	0	0	0	0	0	0	0	0	0	0	0	0	0	1	1	S
NMDC20556430	0	0	0	0	0	0	0	0	0	0	0	0	0	0	0	0	0	0	0	0	1	1	0	0	0	0	0	0	0	0	S
NMDC20552438	0	0	0	0	0	1	0	0	0	0	1	0	0	0	0	0	0	0	0	0	0	0	0	0	0	0	0	0	1	1	S
NMDC20588298	0	0	0	0	0	1	0	0	0	0	1	0	0	0	0	0	0	0	0	0	0	0	0	0	0	0	0	0	1	1	S
NMDC20556431	0	0	0	0	0	1	1	0	0	0	1	1	0	0	1	0	0	1	0	0	0	0	0	0	0	0	1	0	1	1	S
NMDC20552439	0	0	0	0	0	1	0	1	0	0	0	1	0	0	1	0	1	1	0	0	0	1	0	0	1	0	0	0	1	1	S
NMDC20552440	0	0	0	0	0	1	0	0	0	0	1	0	0	0	0	0	0	0	0	0	0	0	0	0	0	0	0	0	1	1	S
NMDC20554444	0	0	0	0	0	1	0	0	0	0	1	0	0	0	0	0	0	0	0	0	0	0	0	0	0	0	0	0	1	1	S
NMDC20588300	0	0	0	0	0	1	0	1	0	0	0	1	0	0	1	0	1	1	0	0	0	1	1	0	1	0	0	0	1	1	S
NMDC20558454	0	0	0	0	0	1	0	0	0	0	1	0	0	0	0	0	0	0	0	0	0	0	0	0	0	0	0	0	1	1	S
NMDC20588303	0	0	0	0	0	1	0	1	0	0	0	1	0	0	1	0	1	1	0	0	0	1	0	0	1	0	0	0	1	1	S
NMDC20556434	0	0	0	0	0	1	0	0	0	0	1	0	0	0	0	0	0	0	0	0	0	0	0	0	0	0	0	0	1	1	S
NMDC20558455	0	0	0	0	0	1	0	0	0	0	0	1	0	0	0	0	0	0	0	0	0	1	1	0	0	0	0	0	0	0	S
NMDC20556435	0	0	0	0	0	1	0	1	0	0	0	1	0	0	1	0	1	1	1	0	0	1	0	0	1	0	0	0	1	1	S
NMDC20588304	0	0	0	0	0	1	0	0	0	0	1	0	0	0	0	0	0	0	0	0	0	0	0	0	0	0	0	0	1	1	S
NMDC20552441	0	0	0	0	0	1	0	1	0	0	0	1	0	0	1	0	1	1	0	0	0	1	1	0	1	0	0	0	1	1	S
NMDC20556437	0	0	0	0	0	1	0	1	0	0	0	1	0	0	1	0	1	1	0	0	0	1	1	0	1	0	0	0	1	1	S
NMDC20558456	0	0	0	0	0	1	0	0	0	0	1	0	0	0	0	0	0	0	0	0	0	0	0	0	0	0	0	0	1	1	S
NMDC20588305	0	0	0	0	0	1	0	0	0	0	1	0	0	0	0	0	0	0	0	0	0	0	0	0	0	0	0	0	1	1	S
NMDC20552443	0	0	0	0	0	1	0	1	0	0	0	1	0	0	1	0	1	1	0	0	0	1	0	0	1	0	0	0	1	1	S
NMDC20588306	0	0	0	0	0	1	0	0	0	0	1	0	0	0	0	0	0	0	0	0	0	0	0	0	0	0	0	0	1	1	S
NMDC20556438	0	0	0	0	0	1	0	0	0	0	1	0	0	0	0	0	0	0	0	0	0	0	0	0	0	0	0	0	1	1	S
NMDC20556439	0	0	0	0	0	1	0	0	0	0	1	0	0	0	0	0	0	0	0	0	0	0	0	0	0	0	0	0	1	1	S
NMDC20552444	0	0	0	0	0	1	0	0	0	0	1	0	0	0	0	0	0	0	0	0	0	0	0	0	0	0	0	0	1	1	S
NMDC20552445	0	0	0	0	0	1	0	0	0	0	1	0	0	0	0	0	0	0	0	0	0	0	0	0	0	0	0	0	1	1	S
NMDC20588307	0	0	0	0	0	1	0	1	0	0	0	1	0	0	1	0	1	1	0	0	0	1	0	0	1	0	0	0	1	1	S
NMDC20588308	0	0	0	0	0	1	0	1	0	0	0	1	0	0	1	0	1	1	0	0	0	1	0	0	1	0	0	0	1	1	S
NMDC20558457	0	0	0	0	0	1	0	0	0	0	1	0	0	0	0	0	0	0	0	0	0	0	0	0	0	0	0	0	1	1	S
NMDC20588309	0	0	0	0	0	1	0	1	0	0	0	1	0	0	1	0	1	1	0	0	0	1	0	0	1	0	0	0	1	1	S
NMDC20552447	0	0	0	0	0	1	0	0	0	0	1	0	0	0	0	0	0	0	0	0	0	0	0	0	0	0	0	0	1	1	S
NMDC20588310	0	0	0	0	0	1	0	0	0	0	1	0	0	0	0	0	0	0	0	0	0	0	0	0	0	0	0	0	1	1	S
NMDC20556442	0	0	0	0	0	1	0	1	0	0	0	1	0	0	0	0	0	1	0	0	1	1	0	0	0	0	0	0	0	1	S
NMDC20554448	0	0	0	0	0	1	0	1	0	0	0	1	0	0	1	0	1	1	0	0	0	1	0	0	1	0	0	0	1	1	S
NMDC20552449	0	0	0	0	0	1	0	0	0	0	1	0	0	0	0	0	0	0	0	0	0	0	0	0	0	0	0	0	1	1	S
NMDC20556440	0	0	0	0	0	1	0	0	0	0	1	0	0	0	0	0	0	0	0	0	0	0	0	0	0	0	0	0	1	1	S
NMDC20556441	0	0	0	0	0	1	0	0	0	0	1	0	0	0	0	0	0	0	0	0	0	0	0	0	0	0	0	0	1	1	S
NMDC20558458	0	0	0	0	0	0	0	0	0	0	0	1	0	0	0	0	1	1	0	0	0	0	0	0	1	0	0	0	0	1	S
NMDC20588312	0	0	0	0	0	0	0	0	0	0	0	1	0	0	1	0	0	1	0	0	1	1	0	0	0	0	0	0	1	1	S
NMDC20558459	0	0	0	0	0	1	0	1	0	0	0	1	0	0	1	0	1	1	1	0	0	1	0	0	1	0	0	0	0	1	S
NMDC20558460	0	0	0	0	0	1	0	0	0	0	1	0	0	0	0	0	0	0	0	0	0	0	0	0	0	0	0	0	1	1	S
NMDC20588313	0	0	0	0	0	1	0	0	0	0	1	0	0	0	0	0	0	0	0	0	0	0	0	0	0	0	0	0	1	1	S
NMDC20558461	0	0	0	0	0	1	0	1	0	0	0	1	0	0	1	0	1	1	0	0	0	1	0	0	1	0	0	0	1	1	S
NMDC20558463	0	0	0	0	0	1	0	1	0	0	0	1	0	0	1	0	1	1	1	0	0	1	0	0	1	0	0	0	1	1	S
NMDC20556443	0	0	0	0	0	1	0	1	0	0	0	1	0	0	1	0	1	1	0	0	0	1	0	0	1	0	0	0	1	1	S
NMDC20556445	0	0	0	0	0	1	0	0	0	0	1	0	0	0	0	0	0	0	0	0	0	0	0	0	0	0	0	0	1	1	S
NMDC20558465	0	0	0	0	0	1	0	0	0	0	0	1	0	0	0	0	0	0	0	0	0	1	0	0	0	0	1	0	0	1	S
NMDC20554449	0	0	0	0	0	1	0	1	0	0	0	1	0	0	1	0	1	1	0	0	0	1	1	0	1	0	0	0	1	1	S
NMDC20588316	0	0	0	0	0	1	0	0	0	0	1	0	0	0	0	0	0	0	0	0	0	0	0	0	0	0	0	0	1	1	S
NMDC20588318	0	0	0	0	0	1	0	1	0	0	0	1	0	0	1	0	1	1	0	0	0	1	0	0	1	0	0	0	1	1	S
NMDC20552452	0	0	0	0	0	0	0	0	0	0	0	0	0	0	1	0	1	0	0	0	0	1	0	0	0	0	0	0	1	1	S
NMDC20554453	0	0	0	0	0	1	0	1	0	0	0	1	0	0	0	0	0	0	0	0	1	1	0	0	0	0	0	0	0	0	S
NMDC20552453	0	0	0	0	0	1	0	0	0	0	1	0	0	0	0	0	0	0	0	0	0	0	0	0	0	0	0	0	1	1	S
NMDC20554450	0	0	0	0	0	1	0	0	0	0	1	0	0	0	0	0	0	0	0	0	0	0	0	0	0	0	0	0	1	1	S
NMDC20554451	0	0	0	0	0	1	0	1	0	0	0	1	0	0	1	0	1	1	0	0	0	1	0	0	1	0	0	0	1	1	S
NMDC20556447	0	0	0	0	0	1	0	0	0	0	1	0	0	0	0	0	0	0	0	0	0	0	0	0	0	0	0	0	1	1	S
NMDC20588323	0	0	1	0	1	1	0	1	0	0	0	1	0	0	1	1	0	0	1	0	0	1	0	0	1	0	0	0	0	1	S
NMDC20558467	0	0	0	0	0	1	0	1	0	0	0	1	0	0	1	0	1	1	1	0	0	1	0	0	1	0	0	0	1	1	S
NMDC20558468	0	0	0	0	0	1	0	0	0	0	0	1	0	0	0	0	0	0	0	0	1	1	0	0	0	0	1	0	1	0	S
NMDC20588324	0	0	0	0	0	1	0	0	0	0	1	0	0	0	0	0	0	0	0	0	0	0	0	0	0	0	0	0	1	1	S
NMDC20554455	0	0	0	0	0	1	0	1	0	0	0	1	0	0	1	0	1	1	0	0	0	1	0	0	1	0	0	0	1	1	S
NMDC20558469	0	0	0	0	0	1	0	0	0	0	1	1	0	0	0	0	0	0	0	0	0	1	0	0	0	0	0	0	0	1	S
NMDC20588325	0	0	0	0	0	1	0	0	0	0	1	0	0	0	0	0	0	0	0	0	0	0	0	0	0	0	0	0	1	1	S
NMDC20552455	0	0	0	0	0	1	0	1	0	0	0	1	0	0	1	0	1	1	0	0	0	1	0	0	1	0	0	0	1	1	S
NMDC20588328	0	0	0	0	0	1	0	1	0	0	0	1	0	0	1	0	1	1	0	0	0	1	0	0	1	0	0	0	1	1	S
NMDC20554456	0	0	0	0	0	1	0	0	0	0	1	0	0	0	0	0	0	0	0	0	0	0	0	0	0	0	0	0	1	1	S
NMDC20558472	0	0	0	0	0	1	0	0	0	0	1	0	0	0	0	0	0	0	0	0	0	0	0	0	0	0	0	0	1	1	S
NMDC20558471	0	0	0	0	0	1	0	0	0	0	1	0	0	0	0	0	0	0	0	0	0	0	0	0	0	0	0	0	1	1	S
NMDC20554457	0	0	0	0	0	1	0	0	0	0	1	0	0	0	0	0	0	0	0	0	0	0	0	0	0	0	0	0	1	1	S
NMDC20588329	0	0	0	0	0	1	0	1	0	0	0	1	0	0	1	0	1	1	0	0	0	1	0	0	1	0	0	0	1	1	S
NMDC20554458	0	0	0	0	0	1	0	0	0	0	1	0	0	0	0	0	0	0	0	0	0	0	0	0	0	0	0	0	1	1	S
NMDC20552456	0	0	0	0	0	1	0	0	0	0	1	0	0	0	0	0	0	0	0	0	0	0	0	0	0	0	0	0	1	1	S
NMDC20552457	0	0	0	0	0	1	0	0	0	0	1	0	0	0	0	0	0	0	0	0	0	0	0	0	0	0	0	0	1	1	S
NMDC20558473	0	0	0	0	0	1	0	0	0	0	1	0	0	0	0	0	0	0	0	0	0	0	0	0	0	0	0	0	1	1	S
NMDC20554459	0	0	0	0	0	1	0	1	0	0	0	1	0	0	1	0	1	1	1	0	0	1	0	0	1	0	0	0	1	1	S
NMDC20554460	0	0	0	0	0	1	0	0	0	0	1	0	0	0	0	0	0	0	0	0	0	0	0	0	0	0	0	0	1	1	S
NMDC20558474	0	0	0	0	0	0	0	1	0	0	0	1	0	0	0	0	0	0	0	0	0	1	0	1	1	0	0	0	1	1	S
NMDC20552458	0	0	0	0	0	1	0	0	0	0	1	0	0	0	0	0	0	0	0	0	0	0	0	0	0	0	0	0	1	1	S
NMDC20588334	0	0	0	0	0	1	0	1	0	0	0	1	0	0	1	0	1	1	0	0	0	1	0	0	1	0	0	0	1	1	S
NMDC20554461	0	0	0	0	0	1	0	1	0	0	0	1	0	0	1	0	1	1	0	0	0	1	1	0	1	0	0	0	1	1	S
NMDC20588335	0	0	0	0	0	1	0	1	0	0	0	1	0	0	1	0	1	1	1	0	0	1	0	0	1	0	0	0	1	1	S
NMDC20588336	0	0	0	0	0	1	0	1	0	0	0	1	0	0	1	0	1	1	0	0	0	1	0	0	1	0	0	0	1	1	S
NMDC20588337	0	0	0	0	0	1	0	1	0	0	0	1	0	0	1	0	1	1	0	0	0	1	0	0	1	0	0	0	1	1	S
NMDC20552460	0	0	0	0	0	1	0	1	0	0	0	1	0	0	1	0	1	1	0	0	0	1	0	0	1	0	0	0	1	1	S
NMDC20588338	0	0	0	0	0	1	0	0	0	0	1	0	0	0	0	0	0	0	0	0	0	0	0	0	0	0	0	0	1	1	S
NMDC20588339	0	0	0	0	0	1	0	0	0	0	1	0	0	0	0	0	0	0	0	0	0	0	0	0	0	0	0	0	1	1	S
NMDC20588340	0	0	1	0	1	1	0	1	0	0	0	1	1	0	1	1	0	0	1	0	1	1	0	0	0	0	0	0	1	1	S
NMDC20588341	0	0	0	0	0	1	0	0	0	0	1	0	0	0	0	0	0	0	0	0	0	0	0	0	0	0	0	0	1	1	S
NMDC20552461	0	0	0	0	0	1	0	0	0	0	1	0	0	0	0	0	0	0	0	0	0	0	0	0	0	0	0	0	1	1	S
NMDC20588342	0	0	0	0	0	1	0	0	0	0	1	0	0	0	0	0	0	0	0	0	0	0	0	0	0	0	0	0	1	1	S
NMDC20588343	0	0	0	0	0	1	0	0	0	0	1	0	0	0	0	0	0	0	0	0	0	0	0	0	0	0	0	0	1	1	S
NMDC20588344	0	0	0	0	0	1	0	0	0	0	1	0	0	0	0	0	0	0	0	0	0	0	0	0	0	0	0	0	1	1	S
NMDC20552462	0	0	0	0	0	1	0	0	0	0	1	0	0	0	0	0	0	0	0	0	0	0	0	0	0	0	0	0	1	1	S
NMDC20554462	0	0	0	0	0	1	0	0	0	0	1	0	0	0	0	0	0	0	0	0	0	0	0	0	0	0	0	0	1	1	S
NMDC20556452	0	0	0	0	0	0	0	0	0	0	0	1	0	0	0	0	0	0	0	0	0	0	0	0	0	0	0	0	0	0	S
NMDC20554463	0	0	0	0	0	1	0	0	0	0	1	0	0	0	0	0	0	0	0	0	0	0	0	0	0	0	0	0	1	1	S
NMDC20588346	0	0	0	0	0	1	0	1	0	0	0	1	0	0	1	0	1	1	1	0	0	1	0	0	1	0	0	0	1	1	S
NMDC20556453	0	0	0	0	0	1	0	1	0	0	0	1	0	0	1	0	1	1	1	0	0	1	0	0	1	0	0	0	1	1	S
NMDC20556454	0	0	0	0	0	0	0	0	0	0	0	1	0	0	0	0	0	0	0	1	0	1	0	0	0	0	0	1	0	0	S
NMDC20556455	0	0	0	0	0	1	0	0	0	0	1	0	0	0	0	0	0	0	0	0	0	0	0	0	0	0	0	0	1	1	S
NMDC20588347	0	0	0	0	0	0	0	0	0	0	0	1	0	0	0	0	0	0	1	0	0	0	0	0	0	0	0	0	0	0	S
NMDC20554464	0	0	0	0	0	1	0	0	0	0	1	0	0	0	0	0	0	0	0	0	0	0	0	0	0	0	0	0	1	1	S
NMDC20588348	0	0	0	0	0	1	0	0	0	0	1	0	0	0	0	0	0	0	0	0	0	0	0	0	0	0	0	0	1	1	S
NMDC20588349	0	0	0	0	0	1	0	1	0	0	0	1	0	0	1	0	1	1	0	0	0	1	0	0	1	0	0	0	1	1	S
NMDC20556456	0	0	0	0	0	1	0	0	0	0	1	0	0	0	0	0	0	0	0	0	0	0	0	0	0	0	0	0	1	0	S
NMDC20588350	0	0	0	0	0	0	0	0	0	0	0	0	0	0	1	0	1	0	0	0	0	1	0	0	0	0	0	0	1	1	S
NMDC20552463	0	0	0	0	0	1	0	0	0	0	1	0	0	0	0	0	0	0	0	0	0	0	0	0	0	0	0	0	1	1	S
NMDC20554466	0	0	0	0	0	1	0	1	0	0	0	1	0	0	1	0	1	1	1	0	0	1	0	0	1	0	0	0	1	1	S
NMDC20558477	0	0	0	0	0	0	0	0	0	0	0	0	0	0	1	0	1	0	0	0	0	1	0	0	0	0	0	0	1	1	S
NMDC20588351	0	0	0	0	0	1	0	0	0	0	1	1	1	0	1	0	0	1	0	0	0	0	0	0	0	0	1	0	1	1	S
NMDC20588352	0	0	0	0	0	1	0	1	0	0	0	1	0	0	1	0	1	1	0	0	0	1	0	0	1	0	0	0	1	1	S
NMDC20588353	0	0	0	0	0	1	0	1	0	0	0	1	0	0	1	0	1	1	1	0	0	1	0	0	1	0	0	0	1	1	S
NMDC20558481	0	0	0	0	0	1	0	0	0	0	1	0	0	0	0	0	0	0	0	0	0	0	0	0	0	0	0	0	1	1	S
NMDC20558479	0	0	0	0	0	1	0	1	0	0	0	1	0	0	1	0	1	1	0	0	0	1	0	0	1	0	0	0	1	1	S
NMDC20556458	0	0	0	0	0	1	0	1	0	0	0	1	0	0	1	0	1	1	0	0	0	1	0	0	1	0	0	0	1	1	S
NMDC20556459	0	0	0	0	0	1	0	0	0	0	1	0	0	0	0	0	0	0	0	0	0	0	0	0	0	0	0	0	1	1	S
NMDC20552464	0	0	0	0	0	0	0	0	0	0	0	1	0	0	0	0	1	0	0	0	1	1	0	0	1	0	0	0	1	0	S
NMDC20554467	0	0	0	0	0	1	0	0	0	0	1	0	0	0	0	0	0	0	0	0	0	0	0	0	0	0	0	0	1	1	S
NMDC20588354	0	0	1	0	1	1	0	1	0	0	0	1	0	0	1	1	1	1	0	0	0	1	0	0	1	0	0	0	1	1	S
NMDC20556460	0	0	0	0	0	1	0	1	0	0	0	1	0	0	0	0	0	0	0	0	0	0	0	1	0	0	0	0	1	1	S
NMDC20588355	0	0	0	0	0	1	0	1	0	0	0	1	0	0	1	0	1	1	0	0	0	1	0	0	1	0	0	0	1	1	S
NMDC20556463	0	0	0	0	0	1	0	0	0	0	1	0	0	0	0	0	0	0	0	0	0	0	0	0	0	0	0	0	1	1	S
NMDC20588356	0	0	0	0	0	1	0	1	0	0	0	1	0	0	0	0	0	0	0	0	1	1	0	0	0	0	0	0	0	0	S
NMDC20556461	0	0	0	0	0	0	0	0	0	0	0	0	0	0	0	0	1	1	0	1	0	0	0	1	0	0	0	0	0	0	S
NMDC20558482	0	0	0	0	0	1	0	0	0	0	1	0	0	0	0	0	0	0	0	0	0	0	0	0	0	0	0	0	1	1	S
NMDC20552466	0	0	0	0	0	1	0	0	0	0	1	0	0	0	0	0	0	0	0	0	0	0	0	0	0	0	0	0	1	1	S
NMDC20588358	0	0	0	0	0	1	0	0	0	0	1	0	0	0	0	0	0	0	0	0	0	0	0	0	0	0	0	0	1	1	S
NMDC20556462	0	0	0	0	0	1	0	1	0	0	0	1	0	0	1	0	1	1	1	0	0	1	0	0	1	0	0	0	1	1	S
NMDC20588359	0	0	0	0	0	0	0	0	0	0	0	1	0	0	0	0	1	1	0	0	0	0	0	0	1	0	0	0	0	1	S
NMDC20552467	0	0	0	0	0	1	0	0	0	0	1	0	0	0	0	0	0	0	0	0	0	0	0	0	0	0	0	0	1	1	S
NMDC20588360	0	0	0	0	0	1	0	0	0	0	1	0	0	0	0	0	0	0	0	0	0	0	0	0	0	0	0	0	1	1	S
NMDC20554468	0	0	0	0	0	1	0	1	0	0	0	1	0	0	1	0	1	1	0	0	0	1	0	0	1	0	0	0	1	1	S
NMDC20558483	0	0	0	0	0	1	0	0	0	0	1	0	0	0	0	0	0	0	0	0	0	0	0	0	0	0	0	0	1	1	S
NMDC20588361	0	0	0	0	0	1	0	0	0	0	1	0	0	0	0	0	0	0	0	0	0	0	0	0	0	0	0	0	1	1	S
NMDC20588362	0	0	0	0	0	1	0	1	0	0	0	1	0	0	1	0	1	1	0	0	0	1	0	0	1	0	0	0	1	1	S
NMDC20552468	0	0	0	0	0	1	0	0	0	0	1	0	0	0	0	0	0	0	0	0	0	0	0	0	0	0	0	0	1	1	S
NMDC20554469	0	0	0	0	0	1	0	0	0	0	1	0	0	0	0	0	0	0	0	0	0	0	0	0	0	0	0	0	1	1	S
NMDC20588363	0	0	0	0	0	1	0	0	0	0	1	0	0	0	0	0	0	0	0	0	0	0	0	0	0	0	0	0	1	1	S
NMDC20554470	0	0	0	0	0	1	0	0	0	0	1	0	0	0	0	0	0	0	0	0	0	0	0	0	0	0	0	0	1	1	S
NMDC20588365	0	0	0	0	0	1	0	0	0	0	1	0	0	0	0	0	0	0	0	0	0	0	0	0	0	0	0	0	1	1	S
NMDC20552469	0	0	0	0	0	0	0	0	0	0	0	0	0	0	0	0	0	0	0	0	0	1	0	0	0	0	0	0	0	0	S
NMDC20588366	0	0	0	0	0	1	0	1	0	0	0	1	0	0	1	0	1	1	0	0	0	1	0	0	1	0	0	0	1	1	S
NMDC20556464	0	0	0	0	0	1	0	1	0	0	0	1	0	0	1	0	1	1	0	0	0	1	0	0	1	0	0	0	1	1	S
NMDC20588367	0	0	0	0	0	1	0	1	0	0	0	1	1	0	1	0	0	0	0	0	1	1	0	0	0	0	0	0	1	1	S
NMDC20556465	0	0	0	0	0	1	0	1	0	0	0	1	0	0	0	0	0	0	1	0	1	1	0	0	0	0	0	0	0	0	S
NMDC20588368	0	0	0	0	0	0	0	0	0	0	0	1	0	0	0	0	0	0	0	0	1	1	0	0	0	0	1	0	1	1	S
NMDC20556466	0	0	0	0	0	1	0	0	0	0	0	1	0	0	0	0	0	0	0	0	1	1	0	0	0	0	0	0	1	0	S
NMDC20558485	0	0	0	0	0	1	0	1	0	0	0	1	0	0	1	0	0	0	0	0	0	1	0	0	0	0	0	0	1	0	S
NMDC20588369	0	0	0	0	0	0	0	1	0	0	0	1	0	0	0	0	0	0	0	0	1	1	0	1	0	0	0	0	0	1	S
NMDC20556467	0	0	0	0	0	1	0	1	0	0	0	1	0	0	0	0	1	0	0	0	1	1	0	1	0	0	1	0	0	1	S
NMDC20588370	0	0	0	0	0	0	0	0	0	0	0	0	0	0	0	0	0	0	0	0	0	1	0	0	0	0	0	0	0	0	S
NMDC20588371	0	0	0	0	0	1	0	1	0	0	0	1	0	0	1	0	1	1	1	0	0	1	0	0	1	0	0	0	0	1	S
NMDC20554471	0	0	0	0	0	0	0	0	0	0	0	1	0	0	0	0	0	0	0	0	1	1	0	1	0	0	0	0	0	1	S
NMDC20558486	0	0	0	0	0	1	0	0	0	0	1	0	0	0	0	0	0	0	0	0	0	0	0	0	0	0	0	0	1	1	S
NMDC20556468	0	0	0	0	0	1	0	0	0	0	1	0	0	0	0	0	0	0	0	0	0	0	0	0	0	0	0	0	1	1	S
NMDC20554472	0	0	0	0	0	1	0	0	0	0	1	0	0	0	0	0	0	0	0	0	0	0	0	0	0	0	0	0	1	1	S
NMDC20556469	0	0	0	0	0	1	0	0	0	0	1	0	0	0	0	0	0	0	0	0	0	0	0	0	0	0	0	0	1	1	S
NMDC20556470	0	0	0	0	0	1	0	0	0	0	1	0	0	0	0	0	0	0	0	0	0	0	0	0	0	0	0	0	1	1	S
NMDC20588373	0	0	0	0	0	1	0	0	0	0	1	0	0	0	0	0	0	0	0	0	0	0	0	0	0	0	0	0	1	1	S
NMDC20558488	0	0	0	0	0	1	0	1	0	0	0	1	0	0	1	0	1	1	0	0	0	1	0	0	1	0	0	0	1	1	S
NMDC20558489	0	0	0	0	0	1	0	0	0	0	0	0	0	0	1	0	0	1	1	0	1	1	0	0	0	0	0	0	0	1	S
NMDC20588375	0	0	0	0	0	1	0	1	0	0	0	1	0	0	1	0	1	1	1	0	0	1	0	0	1	0	0	0	1	1	S
NMDC20552472	0	0	0	0	0	1	0	1	0	0	0	1	0	0	1	0	1	1	1	0	0	1	0	0	1	0	0	0	1	1	S
NMDC20588376	0	0	0	0	0	1	0	1	0	0	0	1	0	0	1	0	1	1	0	0	0	1	0	0	1	0	0	0	1	1	S
NMDC20554475	0	0	0	0	0	1	0	1	0	0	0	1	0	0	1	0	1	1	0	0	0	1	0	0	1	0	0	0	1	1	S
NMDC20588377	0	0	0	0	0	0	0	0	0	0	0	1	0	0	0	0	0	0	0	0	0	0	0	0	0	0	0	0	0	0	S
NMDC20558490	0	0	0	0	0	1	0	1	0	0	0	1	0	0	0	0	1	1	0	0	1	1	0	1	0	0	1	0	0	1	S
NMDC20552473	0	0	0	0	0	1	0	1	0	0	0	1	0	0	0	0	1	1	0	0	1	1	0	1	0	0	1	0	0	1	S
NMDC20588378	0	0	0	0	0	1	0	0	0	0	1	0	0	0	0	0	0	0	0	0	0	0	0	0	0	0	0	0	1	1	S
NMDC20588379	0	0	0	0	0	0	0	1	0	0	0	1	0	0	0	0	0	0	0	0	0	1	0	0	0	0	0	0	0	1	S
NMDC20558491	0	0	0	0	0	1	0	1	0	0	0	1	0	0	1	0	1	1	1	0	0	1	0	0	1	0	0	0	1	1	S
NMDC20554474	1	0	0	0	0	1	0	1	0	0	0	1	0	0	1	0	1	1	0	0	0	1	0	0	1	0	0	0	1	1	S
NMDC20588381	0	0	0	0	0	1	0	0	0	0	1	0	0	0	0	0	0	0	0	0	0	0	0	0	0	0	0	0	1	1	S
NMDC20588382	0	0	0	0	0	1	0	0	0	0	1	0	0	0	0	0	0	0	0	0	0	0	0	0	0	0	0	0	1	1	S
NMDC20588383	0	0	0	0	0	1	0	0	0	0	0	0	0	0	1	0	0	1	1	0	1	1	0	0	0	0	0	0	0	1	S
NMDC20552474	0	0	0	0	0	1	0	0	0	0	1	0	0	0	0	0	0	0	0	0	0	0	0	0	0	0	0	0	1	1	S
NMDC20558492	0	0	0	0	0	1	0	0	0	0	1	0	0	0	0	0	0	0	0	0	0	0	0	0	0	0	0	0	1	1	S
NMDC20588384	0	0	0	0	0	1	0	1	0	0	0	1	0	0	1	0	1	1	0	0	0	1	0	0	1	0	0	0	1	1	S
NMDC20552475	0	0	0	0	0	1	0	0	0	0	1	0	0	0	0	0	0	0	0	0	0	0	0	0	0	0	0	0	1	1	S
NMDC20588385	0	0	0	0	0	1	0	0	0	0	1	0	0	0	0	0	0	0	0	0	0	0	0	0	0	0	0	0	1	1	S
NMDC20558493	0	0	0	0	0	1	0	0	0	0	1	0	0	0	0	0	0	0	0	0	0	0	0	0	0	0	0	0	1	1	S
NMDC20588386	0	0	0	0	0	1	0	0	0	0	1	0	0	0	0	0	0	0	0	0	0	0	0	0	0	0	0	0	1	1	S
NMDC20556473	0	0	0	0	0	1	0	0	0	0	1	0	0	0	0	0	0	0	0	0	0	0	0	0	0	0	0	0	1	1	S
NMDC20554476	0	0	0	0	0	1	0	1	0	0	0	1	0	0	1	0	1	1	0	0	0	1	0	0	1	0	0	0	1	1	S
NMDC20552476	0	0	0	0	0	1	0	0	0	0	1	0	0	0	0	0	0	0	0	0	0	0	0	0	0	0	0	0	1	1	S
NMDC20588387	0	0	0	0	0	1	0	0	0	0	1	0	0	0	0	0	0	0	0	0	0	0	0	0	0	0	0	0	1	1	S
NMDC20588388	0	0	0	0	0	1	0	0	0	0	1	0	0	0	0	0	0	0	0	0	0	0	0	0	0	0	0	0	1	1	S
NMDC20588389	0	0	0	0	0	0	0	0	0	0	0	1	0	0	0	0	0	0	0	0	0	0	0	0	0	0	0	0	0	1	S
NMDC20556474	0	0	0	0	0	0	0	0	0	0	0	0	0	0	1	0	1	0	0	0	1	1	0	0	0	0	0	1	0	1	S
NMDC20556475	0	0	0	0	0	1	0	1	0	0	0	1	0	0	1	0	1	1	0	0	0	1	0	0	1	0	0	0	1	1	S
NMDC20588390	0	0	0	0	0	1	0	0	0	0	1	0	0	0	0	0	0	0	0	0	0	0	0	0	0	0	0	0	1	1	S
NMDC20554481	1	0	0	0	0	1	0	0	0	0	1	0	0	0	0	0	0	0	0	0	0	0	0	0	0	0	0	0	1	1	S
NMDC20588391	0	0	0	0	0	1	0	1	0	0	0	1	0	0	1	0	1	1	1	0	0	1	0	0	1	0	0	0	1	1	S
NMDC20554484	0	0	0	0	0	1	0	0	0	0	1	0	0	0	0	0	0	0	0	0	0	0	0	0	0	0	0	0	1	1	S
NMDC20588392	0	0	0	0	0	1	0	0	0	0	1	0	0	0	0	0	0	0	0	0	0	0	0	0	0	0	0	0	1	1	S
NMDC20552477	0	0	0	0	0	1	0	0	0	0	1	0	0	0	0	0	0	0	0	0	0	0	0	0	0	0	0	0	1	1	S
NMDC20554482	0	0	0	0	0	0	0	0	0	0	0	0	0	0	1	0	0	0	0	1	0	1	0	0	0	0	0	0	0	0	S
NMDC20554483	0	0	0	0	0	1	0	0	0	0	1	0	0	0	0	0	0	0	0	0	0	0	0	0	0	0	0	0	1	1	S
NMDC20588393	0	0	0	0	0	0	0	0	0	0	0	1	0	0	0	0	1	1	0	0	0	0	0	0	1	0	0	0	0	1	S
NMDC20556476	0	0	0	0	0	0	0	0	0	0	0	1	0	0	0	0	1	1	0	0	0	0	0	0	1	0	0	0	0	1	S
NMDC20554487	0	0	0	0	0	1	0	0	0	0	1	0	0	0	0	0	0	0	0	0	0	0	0	0	0	0	0	0	1	1	S
NMDC20588395	0	0	0	0	0	1	0	0	0	0	1	0	0	0	0	0	0	0	0	0	0	0	0	0	0	0	0	0	1	1	S
NMDC20558495	0	0	0	0	0	1	0	0	0	0	1	0	0	0	0	0	0	0	0	0	0	0	0	0	0	0	0	0	1	1	S
NMDC20558496	0	0	0	0	0	1	0	0	0	0	1	0	0	0	0	0	0	0	0	0	0	0	0	0	0	0	0	0	1	1	S
NMDC20588397	0	0	0	0	0	1	0	0	0	0	1	0	0	0	0	0	0	0	0	0	0	0	0	0	0	0	0	0	1	1	S
NMDC20552479	0	0	0	0	0	1	0	1	0	0	0	1	0	0	0	0	1	1	0	0	1	1	0	1	0	0	1	0	0	1	S
NMDC20554485	0	0	0	0	0	1	0	0	0	0	1	0	0	0	0	0	0	0	0	0	0	0	0	0	0	0	0	0	1	1	S
NMDC20556477	0	0	0	0	0	1	0	0	0	0	1	0	0	0	0	0	0	0	0	0	0	0	0	0	0	0	0	0	1	1	S
NMDC20588399	0	0	0	0	0	1	0	1	0	0	0	1	0	0	1	0	1	1	0	0	1	0	0	0	1	0	1	0	0	1	S
NMDC20552480	0	0	0	0	0	1	0	0	0	0	1	0	0	0	0	0	0	0	0	0	0	0	0	0	0	0	0	0	1	1	S
NMDC20588400	0	0	0	0	0	1	0	0	0	0	1	0	0	0	0	0	0	0	0	0	0	0	0	0	0	0	0	0	1	1	S
NMDC20558497	0	0	0	0	0	1	0	0	0	0	1	0	0	0	0	0	0	0	0	0	0	0	0	0	0	0	0	0	1	1	S
NMDC20588402	0	0	0	0	0	1	0	0	0	0	1	0	0	0	0	0	0	0	0	0	0	0	0	0	0	0	0	0	1	1	S
NMDC20588403	0	0	0	0	0	1	0	0	0	0	1	0	0	0	0	0	0	0	0	0	0	0	0	0	0	0	0	0	1	1	S
NMDC20556479	0	0	0	0	0	0	0	1	0	0	0	1	0	0	0	0	0	0	0	0	0	0	0	0	0	0	1	0	0	1	S
NMDC20588405	0	0	0	0	0	0	0	0	0	0	0	1	0	0	0	0	1	1	0	0	0	0	0	0	1	0	0	0	0	1	S
NMDC20588406	0	0	0	0	0	1	0	0	0	0	1	0	0	0	0	0	0	0	0	0	0	0	0	0	0	0	0	0	1	1	S
NMDC20588407	0	0	0	0	0	1	0	1	0	0	0	1	0	0	0	0	0	0	0	0	0	0	0	1	0	0	0	0	1	1	S
NMDC20556480	0	0	0	0	0	1	0	0	0	0	1	0	0	0	0	0	0	0	0	0	0	0	0	0	0	0	0	0	1	1	S
NMDC20556481	0	0	0	0	0	1	0	0	0	0	1	0	0	0	0	0	0	0	0	0	0	0	0	0	0	0	0	0	1	1	S
NMDC20588408	0	0	0	0	0	1	0	1	0	0	0	1	0	0	1	0	1	1	1	0	0	1	0	0	1	0	0	0	1	1	S
NMDC20588409	0	0	0	0	0	1	0	0	0	0	1	0	0	0	0	0	0	0	0	0	0	0	0	0	0	0	0	0	1	1	S
NMDC20554489	0	0	0	0	0	1	0	0	0	0	1	0	0	0	0	0	0	0	0	0	0	0	0	0	0	0	0	0	1	1	S
NMDC20588410	0	0	0	0	0	1	0	0	0	0	1	0	0	0	0	0	0	0	0	0	0	0	0	0	0	0	0	0	1	1	S
NMDC20552482	0	0	0	0	0	1	0	0	0	0	1	0	0	0	0	0	0	0	0	0	0	0	0	0	0	0	0	0	1	1	S
NMDC20556483	0	0	0	0	0	1	0	1	0	0	0	1	0	0	1	0	1	1	0	0	0	1	0	0	1	0	0	0	1	1	S
NMDC20588411	0	0	0	0	0	1	0	0	0	0	1	0	0	0	0	0	0	0	0	0	0	0	0	0	0	0	0	0	1	1	S
NMDC20558499	0	0	0	0	0	1	0	0	0	0	1	0	0	0	0	0	0	0	0	0	0	0	0	0	0	0	0	0	1	1	S
NMDC20588412	0	0	0	0	0	1	0	0	0	0	1	0	0	0	0	0	0	0	0	0	0	0	0	0	0	0	0	0	1	1	S
NMDC20588413	0	0	0	0	0	1	0	0	0	0	1	0	0	0	0	0	0	0	0	0	0	0	0	0	0	0	0	0	1	1	S
NMDC20588414	0	0	0	0	0	1	0	0	0	0	1	0	0	0	0	0	0	0	0	0	0	0	0	0	0	0	0	0	1	1	S
NMDC20588416	0	0	0	0	0	1	0	1	0	0	0	1	1	0	1	0	0	0	0	0	1	1	0	0	0	0	0	0	1	1	S
NMDC20588418	0	0	0	0	0	1	0	0	0	0	1	0	0	0	0	0	0	0	0	0	0	0	0	0	0	0	0	0	1	1	S
NMDC20554492	1	0	0	0	0	1	0	0	0	0	1	0	0	0	0	0	0	0	0	0	0	0	0	0	0	0	0	0	1	1	S
NMDC20554493	0	0	0	0	0	1	0	0	0	0	0	1	0	0	0	0	0	0	0	0	0	1	0	0	0	0	0	0	0	0	S
NMDC20588420	1	0	0	0	0	1	0	0	0	0	1	0	0	0	0	0	0	0	0	0	0	0	0	0	0	0	0	0	1	1	S
NMDC20588422	0	0	0	0	0	1	0	1	0	0	0	1	0	0	1	0	1	1	0	0	0	1	0	0	1	0	0	0	1	1	S
NMDC20588423	0	0	0	0	0	0	0	0	0	0	0	0	0	0	1	0	1	0	0	0	1	1	0	0	0	0	0	1	0	1	S
NMDC20552484	0	0	0	0	0	1	0	1	0	0	0	1	0	0	1	0	1	1	0	0	0	1	0	0	1	0	0	0	1	1	S
NMDC20558500	0	0	0	0	0	1	0	1	0	0	0	1	0	0	1	0	1	1	0	0	0	1	0	0	1	0	0	0	1	1	S
NMDC20554494	0	0	0	0	0	1	0	0	0	0	1	0	0	0	0	0	0	0	0	0	0	0	0	0	0	0	0	0	1	1	S
NMDC20552485	0	0	0	0	0	1	0	1	0	0	0	1	0	0	1	0	1	1	0	0	0	1	0	0	1	0	0	0	1	1	S
NMDC20552486	0	0	1	0	1	1	0	1	0	1	0	1	0	0	1	1	1	1	0	0	0	1	0	0	1	0	0	0	1	1	S
NMDC20552487	0	0	0	0	0	1	0	1	0	0	0	1	0	0	1	0	1	1	0	0	0	1	0	0	1	0	0	0	1	1	S
NMDC20552488	0	0	0	0	0	0	0	1	0	0	0	1	0	0	0	0	0	0	0	0	0	0	0	0	0	0	1	0	0	1	S
NMDC20588425	0	0	1	0	1	0	0	0	0	0	0	1	0	0	0	1	0	0	1	0	0	0	0	0	0	0	0	0	0	0	S
NMDC20554495	0	0	0	0	0	1	0	0	0	0	1	0	0	0	0	0	0	0	0	0	0	0	0	0	0	0	0	0	1	1	S
NMDC20588426	0	0	0	0	0	0	0	0	0	0	0	1	0	0	0	0	1	1	0	0	0	0	0	0	1	0	0	0	0	1	S
NMDC20558502	0	0	0	0	0	1	0	1	0	0	0	1	0	0	0	0	0	0	0	0	0	0	0	1	0	0	0	0	1	1	S
NMDC20558503	0	0	0	0	0	1	0	1	0	0	0	1	0	0	0	0	0	0	0	0	0	0	0	1	0	0	0	0	1	1	S
NMDC20552489	0	0	0	0	0	1	0	0	0	0	1	0	0	0	0	0	0	0	0	0	0	0	0	0	0	0	0	0	1	1	S
NMDC20588427	0	0	0	0	0	1	0	1	0	0	0	1	0	0	1	0	1	1	0	0	0	1	0	0	1	0	0	0	1	1	S
NMDC20556486	0	0	0	0	0	1	0	1	0	0	0	1	0	0	1	0	1	1	0	0	0	1	0	0	1	0	0	0	1	1	S
NMDC20588428	0	0	0	0	0	1	0	1	0	0	0	1	0	0	1	0	1	1	0	0	0	1	0	0	1	0	0	0	1	1	S
NMDC20556488	0	0	0	0	0	1	0	0	0	0	1	0	0	0	0	0	0	0	0	0	0	0	0	0	0	0	0	0	1	1	S
NMDC20558504	0	0	0	0	0	1	0	1	0	0	0	1	0	0	1	0	1	1	0	0	0	1	1	0	1	0	0	0	1	1	S
NMDC20552490	0	0	0	0	0	0	0	0	0	0	0	1	0	0	0	0	1	1	0	0	0	0	0	0	1	0	0	0	0	1	S
NMDC20588432	0	0	0	0	0	1	0	1	0	0	0	1	0	0	1	0	1	1	0	0	0	1	0	0	1	0	0	0	1	1	S
NMDC20588433	1	0	0	0	0	1	0	0	0	0	1	0	0	0	0	0	0	0	0	0	0	0	0	0	0	0	0	0	1	1	S
NMDC20554496	0	0	0	0	0	0	0	0	0	0	0	0	0	0	1	0	1	0	0	0	1	1	0	0	0	0	0	1	0	1	S
NMDC20552492	0	0	0	0	0	0	0	0	0	0	0	1	0	0	0	0	1	1	0	0	0	0	0	0	1	0	0	0	0	1	S
NMDC20588435	0	0	0	0	0	1	0	1	0	0	0	1	0	0	1	0	1	1	0	0	0	1	0	0	1	0	0	0	1	1	S
NMDC20554499	0	0	0	0	0	0	0	0	0	0	0	1	0	0	0	0	1	0	1	0	1	1	0	0	1	0	0	0	1	0	S
NMDC20588436	0	0	0	0	0	1	0	1	0	0	0	1	0	0	1	0	1	1	0	0	0	1	0	0	1	0	0	0	1	1	S
NMDC20554501	0	0	0	0	0	1	0	0	0	0	1	0	0	0	0	0	0	0	0	0	0	0	0	0	0	0	0	0	1	1	S
NMDC20558506	0	0	0	0	0	1	0	1	0	0	0	1	0	0	1	0	1	1	0	0	0	1	0	0	1	0	0	0	1	1	S
NMDC20552493	0	0	0	0	0	1	0	1	0	0	0	1	0	0	0	0	0	0	0	0	0	0	0	1	0	0	0	0	1	1	S
NMDC20552494	0	0	0	0	0	1	0	1	0	0	0	1	0	0	1	0	1	1	0	0	0	1	0	0	1	0	0	0	1	1	S
NMDC20556491	0	0	0	0	0	1	0	0	0	0	1	0	0	0	0	0	0	0	0	0	0	0	0	0	0	0	0	0	1	1	S
NMDC20588439	0	0	0	0	0	1	0	0	0	0	1	0	0	0	0	0	0	0	0	0	0	0	0	0	0	0	0	0	1	1	S
NMDC20558508	0	0	0	0	0	1	0	0	0	0	1	0	0	0	0	0	0	0	0	0	0	0	0	0	0	0	0	0	1	1	S
NMDC20554502	0	0	0	0	0	1	0	0	0	0	1	0	0	0	0	0	0	0	0	0	0	0	0	0	0	0	0	0	1	1	S
NMDC20552496	0	0	0	0	0	1	0	0	0	0	1	0	0	0	0	0	0	0	0	0	0	0	0	0	0	0	0	0	1	1	S
NMDC20552497	0	0	0	0	0	1	0	1	0	0	0	1	0	0	1	0	1	1	1	0	0	1	1	0	1	0	0	0	1	1	S
NMDC20588440	0	0	0	0	0	1	0	0	0	0	1	1	0	0	0	0	0	0	0	0	0	1	0	0	0	0	0	0	0	1	S
NMDC20556490	0	0	0	0	0	1	0	0	0	0	1	0	0	0	0	0	0	0	0	0	0	0	0	0	0	0	0	0	1	1	S
NMDC20554503	0	0	0	0	0	1	0	0	0	0	1	0	0	0	0	0	0	0	0	0	0	0	0	0	0	0	0	0	1	1	S
NMDC20552498	0	0	0	0	0	1	0	0	0	0	1	0	0	0	0	0	0	0	0	0	0	0	0	0	0	0	0	0	1	1	S
NMDC20558509	0	0	0	0	0	1	0	1	0	0	0	1	0	0	1	0	1	1	0	0	0	1	0	0	1	0	0	0	1	1	S
NMDC20554504	0	0	0	0	0	1	0	0	0	0	1	0	0	0	0	0	0	0	0	0	0	0	0	0	0	0	0	0	1	1	S
NMDC20588441	0	0	0	0	0	1	0	0	0	0	1	0	0	0	0	0	0	0	0	0	0	0	0	0	0	0	0	0	1	1	S
NMDC20552499	0	0	0	0	0	1	0	1	0	0	0	1	0	0	1	0	1	1	0	0	0	1	0	0	1	0	0	0	1	1	S
NMDC20552500	0	0	0	0	0	1	0	0	0	0	1	0	0	0	0	0	0	0	0	0	0	0	0	0	0	0	0	0	1	1	S
NMDC20588442	0	0	0	0	0	1	0	1	0	0	0	1	0	0	1	0	1	1	0	0	0	1	0	0	1	0	0	0	1	1	S
NMDC20556493	0	0	0	0	0	1	0	1	0	0	0	1	0	0	1	0	1	1	0	0	0	1	0	0	1	0	0	0	1	1	S
NMDC20554506	0	0	0	0	0	1	0	1	0	0	0	1	0	0	1	0	1	1	0	0	0	1	0	0	1	0	0	0	1	1	S
NMDC20588445	0	0	0	0	0	0	0	0	0	0	0	0	0	0	0	0	1	0	0	0	0	1	0	0	0	0	0	0	1	0	S
NMDC20554507	0	0	0	0	0	1	0	1	0	0	0	1	0	0	1	0	1	1	0	0	0	1	0	0	1	0	0	0	1	1	S
NMDC20556494	0	0	0	0	0	1	0	1	0	0	0	1	0	0	1	0	1	1	0	0	0	1	0	0	1	0	0	0	1	1	S
NMDC20588446	0	0	0	0	0	1	0	1	0	0	0	1	0	0	1	0	1	1	0	0	0	1	0	0	1	0	0	0	1	1	S
NMDC20588448	0	0	0	0	0	1	0	0	0	0	1	0	0	0	0	0	0	0	0	0	0	0	0	0	0	0	0	0	1	1	S
NMDC20588449	0	0	0	0	0	0	0	0	0	0	0	1	0	0	0	0	1	1	0	0	0	0	0	0	1	0	0	0	0	1	S
NMDC20588450	0	0	0	0	0	0	0	0	0	0	0	1	0	0	0	0	1	0	0	0	1	1	0	0	1	0	0	0	1	0	S
NMDC20556495	0	0	0	0	0	1	0	0	0	0	1	0	0	0	0	0	0	0	0	0	0	0	0	0	0	0	0	0	1	1	S
NMDC20552502	0	0	0	0	0	1	0	0	0	0	1	0	0	0	0	0	0	0	0	0	0	0	0	0	0	0	0	0	1	1	S
NMDC20588451	1	0	0	0	0	1	0	0	0	0	1	0	0	0	0	0	0	0	0	0	0	0	0	0	0	0	0	0	1	1	S
NMDC20552503	0	0	0	0	0	1	0	1	0	0	0	1	0	0	1	0	1	1	0	0	0	1	0	0	1	0	0	0	1	1	S
NMDC20588452	0	0	0	0	0	0	0	0	0	0	0	1	0	0	0	0	1	0	0	0	1	1	0	0	1	0	0	0	1	0	S
NMDC20552504	0	0	0	0	0	1	0	1	0	0	0	1	0	0	1	0	0	0	0	0	0	1	0	0	0	0	0	0	1	0	S
NMDC20552505	0	0	0	0	0	1	0	0	0	0	1	0	0	0	0	0	0	0	0	0	0	0	0	0	0	0	0	0	1	1	S
NMDC20552506	0	0	0	0	0	1	0	0	0	0	1	0	0	0	0	0	0	0	0	0	0	0	0	0	0	0	0	0	1	1	S
NMDC20558511	0	0	0	0	0	1	0	0	0	0	1	0	0	0	0	0	0	0	0	0	0	0	0	0	0	0	0	0	1	1	S
NMDC20552507	0	0	0	0	0	1	0	0	0	0	1	0	0	0	0	0	0	0	0	0	0	0	0	0	0	0	0	0	1	1	S
NMDC20554509	0	0	0	0	0	1	0	1	0	0	0	1	0	0	1	0	1	1	0	0	0	1	0	0	1	0	0	0	1	1	S
NMDC20554510	0	0	0	0	0	1	0	0	0	0	1	0	0	0	0	0	0	0	0	0	0	0	0	0	0	0	0	0	1	1	S
NMDC20588454	0	0	0	0	0	1	0	0	0	0	1	0	0	0	0	0	0	0	0	0	0	0	0	0	0	0	0	0	1	1	S
NMDC20588455	0	0	0	0	0	1	0	0	0	0	1	0	0	0	0	0	0	0	0	0	0	0	0	0	0	0	0	0	1	1	S
NMDC20554511	0	0	0	0	0	1	0	1	0	0	0	1	0	0	1	0	1	1	0	0	0	1	0	0	1	0	0	0	1	1	S
NMDC20588456	0	0	0	0	0	0	0	0	0	0	0	1	0	0	0	0	1	0	0	0	1	1	0	0	1	0	0	0	1	0	S
NMDC20588457	0	0	0	0	0	1	0	0	0	0	1	0	0	0	0	0	0	0	0	0	0	0	0	0	0	0	0	0	1	1	S
NMDC20558514	0	0	0	0	0	1	0	1	0	0	0	1	0	0	1	0	1	1	0	0	0	1	0	0	1	0	0	0	1	1	S
NMDC20558515	0	0	0	0	0	1	0	1	0	0	0	1	0	0	1	0	1	1	0	0	0	1	0	0	1	0	0	0	1	1	S
NMDC20554512	0	0	0	0	0	1	0	0	0	0	1	0	0	0	0	0	0	0	0	0	0	0	0	0	0	0	0	0	1	1	S
NMDC20554513	0	0	0	0	0	1	0	0	0	0	1	0	0	0	0	0	0	0	0	0	0	0	0	0	0	0	0	0	1	1	S
NMDC20588460	0	0	0	0	0	1	0	0	0	0	1	0	0	0	0	0	0	0	0	0	0	0	0	0	0	0	0	0	1	1	S
NMDC20558517	0	0	0	0	0	1	0	1	0	0	0	1	0	0	1	0	1	1	0	0	0	1	0	0	1	0	0	0	1	1	S
NMDC20556502	0	0	0	0	0	1	0	0	0	0	1	0	0	0	0	0	0	0	0	0	0	0	0	0	0	0	0	0	1	1	S
NMDC20554516	0	0	0	0	0	1	0	1	0	0	0	1	0	0	1	0	0	0	0	0	0	1	0	0	0	0	0	0	1	0	S
NMDC20554517	0	0	0	0	0	1	0	1	0	0	0	1	0	0	1	0	0	0	0	0	0	1	0	0	0	0	0	0	1	0	S
NMDC20552511	0	0	0	0	0	1	0	1	0	0	0	1	0	0	1	0	1	1	0	0	0	1	0	0	1	0	0	0	1	1	S
NMDC20588463	0	0	0	0	0	0	0	0	0	0	0	1	0	0	0	0	1	1	0	0	0	0	0	0	1	0	0	0	0	1	S
NMDC20588464	0	0	0	0	0	1	0	0	0	0	1	0	0	0	0	0	0	0	0	0	0	0	0	0	0	0	0	0	1	1	S
NMDC20588465	0	0	0	0	0	0	0	0	0	0	0	1	0	0	0	0	1	0	0	0	1	1	0	0	1	0	0	0	1	0	S
NMDC20588466	0	0	1	0	1	1	0	1	0	0	0	1	1	0	1	1	0	0	1	0	1	1	0	0	0	0	0	0	1	1	S
NMDC20588467	0	0	0	0	0	1	0	1	0	0	0	1	0	0	1	0	1	1	0	0	0	1	0	0	1	0	0	0	1	1	S
NMDC20588468	0	0	0	0	0	1	0	1	0	0	0	1	0	0	1	0	1	1	0	0	0	1	0	0	1	0	0	0	1	1	S
NMDC20588469	0	0	0	0	0	1	0	1	0	0	0	1	0	0	1	0	1	1	0	0	0	1	0	0	1	0	0	0	1	1	S
NMDC20558518	0	0	0	0	0	1	0	0	0	0	1	0	0	0	0	0	0	0	0	0	0	0	0	0	0	0	0	0	1	1	S
NMDC20588470	0	0	0	0	0	1	0	1	0	0	0	1	0	0	1	0	0	0	0	0	0	1	0	0	0	0	0	0	1	0	S
NMDC20588471	0	0	0	0	0	1	0	1	0	0	0	1	0	0	1	0	1	1	0	0	0	1	0	0	1	0	0	0	1	1	S
NMDC20588472	0	0	0	0	0	1	0	1	0	0	0	1	0	0	1	0	0	0	0	0	0	1	0	0	0	0	0	0	1	0	S
NMDC20556505	0	0	0	0	0	1	0	1	0	0	0	1	0	0	0	0	0	0	0	0	0	0	1	1	0	0	0	0	1	1	S
NMDC20558519	0	0	0	0	0	1	0	1	0	0	0	1	0	0	1	0	1	1	0	0	0	1	0	0	1	0	0	0	1	1	S
NMDC20552516	0	0	0	0	0	1	0	1	0	0	0	1	0	0	1	0	1	1	0	0	0	1	0	0	1	0	0	0	1	1	S
NMDC20588473	0	0	0	0	0	1	0	1	0	0	0	1	0	0	1	0	1	1	0	0	0	1	0	0	1	0	0	0	1	1	S
NMDC20588474	0	0	0	0	0	1	0	0	0	0	1	0	0	0	0	0	0	0	0	0	0	0	0	0	0	0	0	0	1	1	S
NMDC20552517	0	0	0	0	0	1	0	1	0	0	0	1	0	0	1	0	1	1	0	0	0	1	0	0	1	0	0	0	1	1	S
NMDC20588475	0	0	0	0	0	1	0	1	0	0	0	1	0	0	1	0	1	1	0	0	0	1	0	0	1	0	0	0	1	1	S
NMDC20556507	0	0	0	0	0	1	0	1	0	0	0	1	0	0	1	0	1	1	0	0	0	1	0	0	1	0	0	0	1	1	S
NMDC20558521	0	0	0	0	0	1	0	1	0	0	0	1	0	0	1	0	1	1	0	0	0	1	0	0	1	0	0	0	1	1	S
NMDC20588476	0	0	0	0	0	1	0	0	0	0	1	0	0	0	0	0	0	0	0	0	0	0	0	0	0	0	0	0	1	1	S
NMDC20552518	0	0	0	0	0	1	0	1	0	0	0	1	0	0	1	0	1	1	0	0	0	1	0	0	1	0	0	0	1	1	S
NMDC20556506	0	0	0	0	0	1	0	1	0	0	0	1	0	0	1	0	1	1	0	0	0	1	0	0	1	0	0	0	1	1	S
NMDC20558526	0	0	0	0	0	1	0	1	0	0	0	1	0	0	1	0	1	1	0	0	0	1	0	0	1	0	0	0	1	1	S
NMDC20558524	0	0	0	0	0	1	0	1	0	0	0	1	0	0	1	0	1	1	0	0	0	1	0	0	1	0	0	0	1	1	S
NMDC20588478	0	0	0	0	0	1	0	1	0	0	0	1	0	0	1	0	1	1	0	0	0	1	0	0	1	0	0	0	1	1	S
NMDC20558525	0	0	0	0	0	1	0	1	0	0	0	1	0	0	1	0	1	1	0	0	0	1	0	0	1	0	0	0	1	1	S
NMDC20552519	0	0	0	0	0	1	0	1	0	0	0	1	0	0	1	0	1	1	0	0	0	1	0	0	1	0	0	0	1	1	S
NMDC20554521	0	0	0	0	0	1	0	1	0	0	0	1	0	0	1	0	1	1	0	0	0	1	0	0	1	0	0	0	1	1	S
NMDC20558529	0	0	0	0	0	1	0	1	0	0	0	1	0	0	1	0	1	1	0	0	0	1	0	0	1	0	0	0	1	1	S
NMDC20588480	0	0	0	0	0	1	0	0	0	0	1	0	0	0	0	0	0	0	0	0	0	0	0	0	0	0	0	0	1	1	S
NMDC20552521	0	0	0	0	0	0	0	0	0	0	0	1	0	0	0	0	1	0	0	0	1	1	0	0	1	0	0	0	1	0	S
NMDC20558527	0	0	0	0	0	1	0	1	0	0	0	1	0	0	0	0	0	0	0	0	1	1	0	0	0	0	0	0	0	0	S
NMDC20552522	0	0	0	0	0	1	0	0	0	0	1	0	0	0	0	0	0	0	0	0	0	0	0	0	0	0	0	0	1	1	S
NMDC20558528	0	0	0	0	0	0	0	1	0	0	0	1	0	0	0	0	0	0	0	0	1	0	0	0	0	0	1	0	0	1	S
NMDC20552524	0	0	0	0	0	1	0	0	0	0	1	0	0	0	0	0	0	0	0	0	0	0	0	0	0	0	0	0	1	1	S
NMDC20552523	0	0	0	0	0	1	0	0	0	0	1	0	0	0	0	0	0	0	0	0	0	0	0	0	0	0	0	0	1	1	S
NMDC20556508	0	0	0	0	0	1	0	0	0	0	1	0	0	0	0	0	0	0	0	0	0	0	0	0	0	0	0	0	1	1	S
NMDC20554523	0	0	0	0	0	1	0	0	0	0	1	0	0	0	0	0	0	0	0	0	0	0	0	0	0	0	0	0	1	1	S
NMDC20588483	0	0	0	0	0	1	0	1	0	0	0	1	0	0	1	0	1	1	0	0	0	1	0	0	1	0	0	0	1	1	S
NMDC20554524	0	0	0	0	0	1	0	1	0	0	0	1	0	0	1	0	1	1	0	0	0	1	0	0	1	0	0	0	1	1	S
NMDC20588484	0	0	0	0	0	1	0	1	0	0	0	1	0	0	1	0	1	1	0	0	0	1	0	0	1	0	0	0	1	1	S
NMDC20554525	0	0	0	0	0	0	0	0	0	0	0	1	0	0	1	0	0	0	0	0	0	1	0	0	0	0	0	0	0	0	S
NMDC20556509	0	0	0	0	0	1	0	0	0	0	1	0	0	0	0	0	0	0	0	0	0	0	0	0	0	0	0	0	1	1	S
NMDC20554528	0	0	0	0	0	1	0	0	0	0	1	0	0	0	0	0	0	0	0	0	0	0	0	0	0	0	0	0	1	1	S
NMDC20556511	0	0	0	0	0	1	0	1	0	0	0	1	0	0	1	0	0	0	0	0	0	1	0	0	0	0	0	0	1	0	S
NMDC20554526	0	0	0	0	0	1	0	1	0	0	0	1	0	0	1	0	1	1	0	0	0	1	0	0	1	0	0	0	1	1	S
NMDC20588486	0	0	0	0	0	1	0	0	0	0	1	0	0	0	0	0	0	0	0	0	0	0	0	0	0	0	0	0	1	1	S
NMDC20588487	0	0	0	0	0	1	0	0	0	0	1	0	0	0	0	0	0	0	1	0	0	0	0	0	0	0	0	0	1	1	S
NMDC20556512	0	0	0	0	0	1	0	0	0	0	1	0	0	0	0	0	0	0	0	0	0	0	0	0	0	0	0	0	1	1	S
NMDC20556513	0	0	0	0	0	0	0	0	0	0	0	1	0	0	0	0	0	0	0	0	0	0	0	0	0	0	0	0	0	0	S
NMDC20554527	0	0	0	0	0	1	0	1	0	0	0	1	0	0	1	0	1	1	0	0	0	1	0	0	1	0	0	0	1	1	S
NMDC20552525	0	0	0	0	0	1	0	0	0	0	1	0	0	0	0	0	0	0	0	0	0	0	0	0	0	0	0	0	1	1	S
NMDC20552528	0	0	0	0	0	1	0	0	0	0	1	0	0	0	0	0	0	0	0	0	0	0	0	0	0	0	0	0	1	1	S
NMDC20588489	0	0	0	0	0	1	0	1	0	0	0	1	0	0	1	0	1	1	0	0	0	1	0	0	1	0	0	0	1	1	S
NMDC20552526	0	0	0	0	0	1	0	0	0	0	1	0	0	0	0	0	0	0	0	0	0	0	0	0	0	0	0	0	1	1	S
NMDC20556514	0	0	0	0	0	1	0	0	0	0	1	0	0	0	0	0	0	0	0	0	0	0	0	0	0	0	0	0	1	1	S
NMDC20588490	0	0	0	0	0	1	0	1	0	0	0	1	0	0	1	0	1	1	1	0	0	1	0	0	1	0	0	0	1	1	S
NMDC20556515	0	0	0	0	0	1	0	1	0	0	0	1	0	0	1	0	1	1	0	0	0	1	0	0	1	0	0	0	1	1	S
NMDC20556516	0	0	0	0	0	1	0	0	0	0	0	0	0	0	1	0	0	1	1	0	1	1	0	0	0	0	0	0	0	1	S
NMDC20552527	0	0	0	0	0	1	0	0	0	0	0	0	0	0	1	0	1	1	0	0	0	0	0	0	1	0	0	0	1	1	S
NMDC20588493	0	0	0	0	0	1	0	0	0	0	0	0	0	0	1	0	1	1	0	0	0	0	0	0	1	0	0	0	1	1	S
NMDC20556517	0	0	0	0	0	1	0	1	0	0	0	1	0	0	1	0	1	1	0	0	0	1	0	0	1	0	0	0	1	1	S
NMDC20556518	0	0	0	0	0	1	0	1	0	0	0	1	0	0	1	0	1	1	1	0	0	1	0	0	1	0	0	0	1	1	S
NMDC20558530	0	0	0	0	0	1	0	1	0	0	0	1	0	0	1	0	1	1	0	0	0	1	0	0	1	0	0	0	1	1	S
NMDC20588495	0	0	0	0	0	1	0	1	0	0	0	1	0	0	1	0	1	1	1	0	0	1	0	0	1	0	0	0	1	1	S
NMDC20558531	0	0	0	0	0	1	0	1	0	0	0	1	0	0	1	0	1	1	0	0	0	1	0	0	1	0	0	0	1	1	S
NMDC20588496	0	0	0	0	0	1	0	1	0	0	0	1	0	0	1	0	1	1	0	0	0	1	0	0	1	0	0	0	1	1	S
NMDC20588497	0	0	0	0	0	1	0	1	0	0	0	1	0	0	1	0	1	1	0	0	0	1	0	0	1	0	0	0	1	1	S
NMDC20556520	0	0	0	0	0	1	0	1	0	0	0	1	0	0	1	0	1	1	0	0	0	1	0	0	1	0	0	0	1	1	S
NMDC20552529	0	0	0	0	0	1	0	1	0	0	0	1	0	0	1	0	1	1	0	0	0	1	0	0	1	0	0	0	1	1	S
NMDC20556521	0	0	0	0	0	1	0	1	0	0	0	1	0	0	1	0	1	1	0	0	0	1	0	0	1	0	0	0	1	1	S
NMDC20554531	0	0	0	0	0	0	0	0	0	0	0	1	0	0	0	0	1	0	0	0	1	1	0	0	1	0	0	0	1	0	S
NMDC20552530	0	0	1	0	1	1	0	1	0	0	0	1	0	0	1	1	1	1	1	0	0	1	0	0	1	0	0	0	1	1	S
NMDC20588499	0	0	0	0	0	1	0	1	0	0	0	1	0	0	1	0	1	1	0	0	0	1	0	0	1	0	0	0	1	1	S
NMDC20556522	0	0	0	0	0	1	0	0	0	0	1	0	0	0	0	0	0	0	0	0	0	0	0	0	0	0	0	0	1	1	S
NMDC20552531	0	0	0	0	0	1	0	1	0	0	0	1	0	0	1	0	1	1	0	0	0	1	0	0	1	0	0	0	1	1	S
NMDC20556526	0	0	0	0	0	1	0	0	0	0	1	0	0	0	0	0	0	0	0	0	0	0	0	0	0	0	0	0	1	1	S
NMDC20588500	0	0	0	0	0	1	0	1	0	0	0	1	0	0	1	0	1	1	0	0	0	1	0	0	1	0	0	0	1	1	S
NMDC20588504	0	0	0	0	0	1	0	1	0	0	0	1	0	0	1	0	1	1	0	0	0	1	0	0	1	0	0	0	1	1	S
NMDC20556525	0	0	0	0	0	1	0	1	0	0	0	1	0	0	1	0	1	1	0	0	0	1	0	0	1	0	0	0	1	1	S
NMDC20552533	0	0	0	0	0	1	0	0	0	0	1	0	0	0	0	0	0	0	0	0	0	0	0	0	0	0	0	0	1	1	S
NMDC20588505	0	0	0	0	0	1	0	0	0	0	0	0	0	0	1	0	0	1	1	0	1	1	0	0	0	0	0	0	0	1	S
NMDC20558533	0	0	0	0	0	1	0	0	0	0	1	0	0	0	0	0	0	0	0	0	0	0	0	0	0	0	0	0	1	1	S
NMDC20558534	0	0	0	0	0	1	0	1	0	0	0	1	0	0	1	0	1	1	0	0	0	1	0	0	1	0	0	0	1	1	S
NMDC20552535	0	0	0	0	0	0	0	1	0	0	0	1	0	0	1	0	0	0	0	0	0	1	0	0	0	0	0	0	0	1	S
NMDC20558535	0	0	0	0	0	1	0	1	0	0	0	1	0	0	0	0	0	0	0	0	1	1	0	0	0	0	0	0	0	0	S
NMDC20588506	0	0	1	0	1	1	0	1	0	0	0	1	1	0	1	1	0	0	1	0	1	1	0	0	0	0	0	0	1	1	S
NMDC20556528	0	0	0	0	0	1	0	0	0	0	1	0	0	0	0	0	0	0	0	0	0	0	0	0	0	0	0	0	1	1	S
NMDC20588508	0	0	0	0	0	1	0	1	0	0	0	1	0	0	1	0	1	1	0	0	0	1	0	0	1	0	0	0	1	1	S
NMDC20588509	1	0	1	0	0	1	0	1	0	0	0	1	0	0	1	1	1	1	0	0	0	1	0	0	1	0	0	0	1	1	S
NMDC20556529	0	0	0	0	0	1	0	1	0	0	0	1	0	0	1	0	1	1	0	0	0	1	0	0	1	0	0	0	1	1	S
NMDC20558537	0	0	0	0	0	1	0	0	0	0	0	0	0	0	1	0	0	1	1	0	1	1	0	0	0	0	0	0	0	1	S
NMDC20588510	0	0	0	0	0	1	0	1	0	0	0	1	0	0	1	0	1	1	0	0	0	1	0	0	1	0	0	0	1	1	S
NMDC20554534	0	0	0	0	0	1	0	0	0	0	1	0	0	0	0	0	0	0	0	0	0	0	0	0	0	0	0	0	1	1	S
NMDC20588511	0	0	0	0	0	1	0	0	0	0	0	0	0	0	0	0	0	0	0	0	1	1	0	0	0	0	0	0	0	0	S
NMDC20552539	0	0	0	0	0	0	0	0	0	0	0	0	0	0	0	0	1	1	0	1	0	0	0	1	0	0	0	0	0	0	S
NMDC20588512	0	0	0	0	0	1	0	0	0	0	1	0	0	0	0	0	0	0	0	0	0	0	0	0	0	0	0	0	1	1	S
NMDC20588514	0	0	0	0	0	0	0	0	0	0	0	1	0	0	0	0	1	0	0	0	1	1	0	0	1	0	0	0	1	0	S
NMDC20588515	0	0	0	0	0	1	0	0	0	0	1	0	0	0	0	0	0	0	0	0	0	0	0	0	0	0	0	0	1	1	S
NMDC20552541	0	0	0	0	0	1	0	0	0	0	1	0	0	0	0	0	0	0	0	0	0	0	0	0	0	0	0	0	1	1	S
NMDC20554537	0	0	0	0	0	1	0	0	0	0	1	0	0	0	0	0	0	0	0	0	0	0	0	0	0	0	0	0	1	1	S
NMDC20588516	0	0	0	0	0	1	0	0	0	0	1	0	0	0	0	0	0	0	0	0	0	0	0	0	0	0	0	0	1	1	S
NMDC20554538	0	0	0	0	0	1	0	0	0	0	1	0	0	0	0	0	0	0	0	0	0	0	0	0	0	0	0	0	1	1	S
NMDC20558538	0	0	0	0	0	1	0	0	0	0	1	0	0	0	0	0	0	0	0	0	0	0	0	0	0	0	0	0	1	1	S
NMDC20558539	0	0	0	0	0	1	0	1	0	0	0	1	0	0	1	0	1	1	0	0	0	1	0	0	1	0	0	0	1	1	S
NMDC20588517	0	0	0	0	0	1	0	0	0	0	1	0	0	0	0	0	0	0	0	0	0	0	0	0	0	0	0	0	1	1	S
NMDC20554543	0	0	0	0	0	1	0	1	0	0	0	1	0	0	1	0	1	1	0	0	0	1	0	0	1	0	0	0	1	1	S
NMDC20554544	0	0	0	0	0	1	0	1	0	0	0	1	0	0	1	0	1	1	0	0	0	1	0	0	1	0	0	0	1	1	S
NMDC20554546	0	0	0	0	0	0	0	0	0	0	0	1	0	0	0	0	1	0	0	0	1	1	0	0	1	0	0	0	1	0	S
NMDC20588519	0	0	0	0	0	1	0	0	0	0	1	0	0	0	0	0	0	0	0	0	0	0	0	0	0	0	0	0	1	1	S
NMDC20588520	0	0	0	0	0	1	0	0	0	0	0	0	0	0	0	0	0	0	0	0	1	1	0	0	0	0	0	0	0	0	S
NMDC20588521	0	0	0	0	0	1	0	1	0	0	0	1	0	0	1	0	1	1	0	0	0	1	0	0	1	0	0	0	1	1	S
NMDC20552543	0	0	0	0	0	1	0	1	0	0	0	1	0	0	1	0	1	1	0	0	0	1	0	0	1	0	0	0	1	1	S
NMDC20558541	0	0	0	0	0	1	0	1	0	0	0	1	0	0	1	0	1	1	0	0	0	1	0	0	1	0	0	0	1	1	S
NMDC20558542	0	0	0	0	0	0	0	0	0	0	0	0	0	0	0	0	1	1	0	1	0	0	0	1	0	0	0	0	0	0	S
NMDC20588523	0	0	0	0	0	1	0	1	0	0	0	1	0	0	1	0	1	1	0	0	0	1	0	0	1	0	0	0	1	1	S
NMDC20588524	0	0	0	0	0	1	0	1	0	0	0	1	0	0	1	0	1	1	0	0	0	1	0	0	1	0	0	0	1	1	S
NMDC20556533	0	0	0	0	0	1	0	0	0	0	1	0	0	0	0	0	0	0	0	0	0	0	0	0	0	0	0	0	1	1	S
NMDC20588525	0	0	0	0	0	1	0	1	0	0	0	1	0	0	1	0	1	1	0	0	0	1	0	0	1	0	0	0	1	1	S
NMDC20588528	0	0	0	0	0	0	0	0	0	0	0	0	0	0	1	0	0	0	0	0	0	1	0	0	0	0	0	1	1	0	S
NMDC20554548	0	0	0	0	0	1	0	1	0	0	0	1	0	0	1	0	1	1	0	0	0	1	0	0	1	0	0	0	1	1	S
NMDC20588530	0	0	0	0	0	0	0	0	0	0	0	0	0	0	1	0	0	0	0	0	0	1	0	0	0	0	0	1	1	0	S
NMDC20558544	0	0	0	0	0	1	0	1	0	0	0	1	0	0	0	0	0	0	0	0	1	1	0	0	0	0	0	0	0	0	S
NMDC20556535	0	0	0	0	0	1	0	1	0	0	0	1	0	0	0	0	1	0	0	0	0	1	0	1	1	0	0	0	1	0	S
NMDC20588532	0	0	0	0	0	1	0	1	0	0	0	1	0	0	1	0	1	1	0	0	0	1	0	0	1	0	0	0	1	1	S
NMDC20554549	0	0	0	0	0	1	0	1	0	0	0	1	0	0	1	0	1	1	0	0	0	1	0	0	1	0	0	0	1	1	S
NMDC20556536	0	0	0	0	0	0	0	0	0	0	0	0	0	0	1	0	1	0	0	0	0	1	0	0	0	0	0	1	1	0	S
NMDC20552547	0	0	0	0	0	1	0	1	0	0	0	1	0	0	1	0	1	1	0	0	0	1	0	0	1	0	0	0	1	1	S
NMDC20588534	0	0	0	0	0	1	0	1	0	0	0	1	0	0	1	0	1	1	0	0	0	1	0	0	1	0	0	0	1	1	S
NMDC20588535	0	0	0	0	0	0	0	0	0	0	0	0	0	0	1	0	0	0	0	0	0	1	0	0	0	0	0	1	1	0	S
NMDC20558545	0	0	0	0	0	1	0	1	0	0	0	1	0	0	0	0	0	0	0	0	1	1	0	0	0	0	0	0	0	0	S
NMDC20558546	0	0	0	0	0	1	0	1	0	0	0	1	0	0	1	0	1	1	0	0	0	1	0	0	1	0	0	0	1	1	S
NMDC20558547	0	0	0	0	0	1	0	1	0	0	0	1	0	0	1	0	1	1	0	0	0	1	0	0	1	0	0	0	1	1	S
NMDC20554550	0	0	0	0	0	0	0	0	0	0	0	1	0	0	0	0	1	0	0	0	1	1	0	0	1	0	0	0	1	0	S
NMDC20552549	0	0	0	0	0	1	0	1	0	0	0	1	0	0	1	0	1	1	0	0	0	1	0	0	1	0	0	0	1	1	S
NMDC20558548	0	0	0	0	0	0	0	0	0	0	0	0	0	0	0	0	1	1	0	1	0	0	0	1	0	0	0	0	0	0	S
NMDC20554551	0	0	0	0	0	0	0	0	0	0	0	1	0	0	0	0	1	0	0	0	1	1	0	0	1	0	0	0	1	0	S
NMDC20588539	0	0	0	0	0	1	0	1	0	0	0	1	0	0	1	0	1	1	0	0	0	1	0	0	1	0	0	0	1	1	S
NMDC20588540	0	0	0	0	0	1	0	0	0	0	1	0	0	0	0	0	0	0	0	0	0	0	0	0	0	0	0	0	1	1	S
NMDC20554552	0	0	0	0	0	1	0	0	0	0	1	0	0	0	0	0	0	0	0	0	0	0	0	0	0	0	0	0	1	1	S
NMDC20556540	0	0	0	0	0	1	0	1	0	0	0	1	0	0	1	0	1	1	0	0	0	1	0	0	1	0	0	0	1	1	S
NMDC20552550	0	0	0	0	0	0	0	0	0	0	0	1	0	0	0	0	0	0	0	0	0	0	0	0	0	0	0	0	0	0	S
NMDC20588541	0	0	0	0	0	0	0	0	0	0	0	0	0	0	0	0	1	1	0	1	0	0	0	1	0	0	0	0	0	0	S
NMDC20588542	0	0	0	0	0	1	0	1	0	0	0	1	0	0	1	0	1	1	0	0	0	1	0	0	1	0	0	0	1	1	S
NMDC20588543	0	0	0	0	0	1	0	1	0	0	0	1	0	0	1	0	1	1	1	0	0	1	0	0	1	0	0	0	1	1	S
NMDC20558551	0	0	0	0	0	1	0	1	0	0	0	1	0	0	1	0	1	1	0	0	0	1	0	0	1	0	0	0	1	1	S
NMDC20552551	0	0	0	0	0	1	0	1	0	0	0	1	0	0	1	0	1	1	1	0	0	1	0	0	1	0	0	0	1	1	S
NMDC20556541	0	0	0	0	0	1	0	1	0	0	0	1	0	0	1	0	1	1	0	0	0	1	0	0	1	0	0	0	1	1	S
NMDC20556542	0	0	0	0	0	1	0	1	0	0	0	1	0	0	1	0	1	1	0	0	0	1	0	0	1	0	0	0	1	1	S
NMDC20556544	0	0	0	0	0	1	0	1	0	0	0	1	0	0	1	0	1	1	0	0	0	1	0	0	1	0	0	0	1	1	S
NMDC20554553	0	0	0	0	0	1	0	1	0	0	0	1	0	0	1	0	1	1	0	0	0	1	0	0	1	0	0	0	1	1	S
NMDC20558552	0	0	0	0	0	1	0	0	0	0	1	0	0	0	0	0	0	0	0	0	0	0	0	0	0	0	0	0	1	1	S
NMDC20558553	0	0	0	0	0	1	0	1	0	0	0	1	0	0	1	0	1	1	0	0	0	1	0	0	1	0	0	0	1	1	S
NMDC20588548	0	0	0	0	0	1	0	1	0	0	0	1	0	0	1	0	1	1	0	0	0	1	0	0	1	0	0	0	1	1	S
NMDC20588549	0	0	0	0	0	1	0	1	0	0	0	1	0	0	1	0	1	1	1	0	0	1	0	0	1	0	0	0	1	1	S
NMDC20556545	0	0	0	0	0	1	0	1	0	0	0	1	0	0	1	0	1	1	0	0	0	1	0	0	1	0	0	0	1	1	S
NMDC20588550	0	0	0	0	0	0	0	1	0	0	0	1	0	0	0	0	0	0	0	0	1	0	0	0	0	0	1	0	0	1	S
NMDC20588551	0	0	0	0	0	1	0	1	0	0	0	1	0	0	1	0	1	1	1	0	0	1	0	0	1	0	0	0	1	1	S
NMDC20554555	0	0	0	0	0	1	0	1	0	0	0	1	0	0	1	0	1	1	0	0	0	1	0	0	1	0	0	0	1	1	S
NMDC20588552	0	0	0	0	0	1	0	1	0	0	0	1	0	0	1	0	1	1	0	0	0	1	0	0	1	0	0	0	1	1	S
NMDC20556546	0	0	0	0	0	1	0	1	0	0	0	1	0	0	1	0	1	1	0	0	0	1	0	0	1	0	0	0	1	1	S
NMDC20588554	0	0	0	0	0	1	0	1	0	0	0	1	0	0	1	0	1	1	0	0	0	1	0	0	1	0	0	0	1	1	S
NMDC20588555	0	0	0	0	0	1	0	1	0	0	0	1	0	0	1	0	1	1	0	0	0	1	0	0	1	0	0	0	1	1	S
NMDC20588556	0	0	0	0	0	1	0	0	0	0	1	0	0	0	0	0	0	0	0	0	0	0	0	0	0	0	0	0	1	1	S
NMDC20588557	0	0	0	0	0	1	0	1	0	0	0	1	0	0	1	0	1	1	0	0	0	1	0	0	1	0	0	0	1	1	S
NMDC20552552	0	0	0	0	0	1	0	0	0	0	1	0	0	0	0	0	0	0	0	0	0	0	0	0	0	0	0	0	1	1	S
NMDC20588558	0	0	0	0	0	1	0	1	0	0	0	1	0	0	1	0	1	1	1	0	0	1	0	0	1	0	0	0	1	1	S
NMDC20554557	0	0	1	0	1	0	0	0	0	0	0	1	0	0	0	1	0	0	1	0	0	0	0	0	0	0	0	0	0	0	S
NMDC20552553	0	0	0	0	0	1	0	0	0	0	1	0	0	0	0	0	0	0	0	0	0	0	0	0	0	0	0	0	1	1	S
NMDC20552555	0	0	1	0	0	1	0	1	0	0	0	1	0	0	1	1	1	1	0	0	0	1	0	0	1	0	0	0	1	1	S
NMDC20558556	0	0	0	0	0	1	0	1	0	0	0	1	0	0	1	0	1	1	0	0	0	1	1	0	1	0	0	0	1	1	S
NMDC20556551	0	0	0	0	0	0	0	0	0	0	0	1	0	0	0	0	0	0	0	0	1	1	0	1	0	0	0	0	0	1	S
NMDC20558557	0	0	0	0	0	1	0	1	0	0	0	1	0	0	1	0	1	1	1	0	0	1	0	0	1	0	0	0	1	1	S
NMDC20558558	0	0	0	0	0	1	0	0	0	0	1	0	0	0	0	0	0	0	0	0	0	0	0	0	0	0	0	0	1	1	S
NMDC20556549	0	0	0	0	0	1	0	0	0	0	1	0	0	0	0	0	0	0	0	0	0	0	0	0	0	0	0	0	1	1	S
NMDC20556550	0	0	0	0	0	1	0	0	0	0	1	0	0	0	0	0	0	0	0	0	0	0	0	0	0	0	0	0	1	1	S
NMDC20588561	0	0	0	0	0	0	0	0	0	0	0	0	0	0	0	0	0	0	0	0	0	1	0	0	1	0	0	1	0	0	S
NMDC20552556	0	0	0	0	0	0	0	0	0	0	0	1	0	0	0	0	0	0	0	0	0	0	0	0	0	0	0	0	0	0	S
NMDC20552557	0	0	0	0	0	0	0	0	0	0	0	0	0	0	0	0	1	1	0	1	0	0	0	1	0	0	0	0	0	0	S
NMDC20588562	0	0	0	0	0	1	0	1	0	0	0	1	0	0	1	0	1	1	0	0	0	1	0	0	1	0	0	0	1	1	S
NMDC20558559	0	0	0	0	0	1	0	1	0	0	0	1	0	0	1	0	1	1	0	0	0	1	0	0	1	0	0	0	1	1	S
NMDC20556552	0	0	0	0	0	1	0	1	0	0	0	1	0	0	1	0	1	1	0	0	0	1	0	0	1	0	0	0	1	1	S
NMDC20554558	0	0	0	0	0	1	0	1	0	0	0	1	0	0	1	0	1	1	0	0	0	1	0	0	1	0	0	0	1	1	S
NMDC20554559	0	0	0	0	0	1	0	0	0	0	1	0	0	0	0	0	0	0	0	0	0	0	0	0	0	0	0	0	1	1	S
NMDC20552558	0	0	0	0	0	1	0	1	0	0	0	1	0	0	1	0	1	1	1	0	0	1	0	0	1	0	0	0	1	1	S
NMDC20588564	0	0	0	0	0	1	0	1	0	0	0	1	0	0	1	0	1	1	0	0	0	1	1	0	1	0	0	0	1	1	S
NMDC20588565	0	0	0	0	0	1	0	1	0	0	0	1	0	0	1	0	1	1	1	0	0	1	0	0	1	0	0	0	1	1	S
NMDC20558561	0	0	0	0	0	1	0	1	0	0	0	1	0	0	1	0	1	1	1	0	0	1	0	0	1	0	0	0	1	1	S
NMDC20552560	0	0	0	0	0	0	0	0	0	0	0	0	0	0	0	0	1	1	0	1	0	0	0	1	0	0	0	0	0	0	S
NMDC20552561	0	0	0	0	0	1	0	0	0	0	1	0	0	0	0	0	0	0	0	0	0	0	0	0	0	0	0	0	1	1	S
NMDC20552562	0	0	0	0	0	1	0	0	0	0	1	0	0	0	0	0	0	0	0	0	0	0	0	0	0	0	0	0	1	1	S
NMDC20588566	1	0	1	0	0	1	0	1	0	0	0	1	0	0	1	1	1	1	0	0	0	1	0	0	1	0	0	0	1	1	S
NMDC20558562	0	0	0	0	0	1	0	1	0	0	0	1	0	0	1	0	1	1	0	0	0	1	0	0	1	0	0	0	1	1	S
NMDC20556556	0	0	0	0	0	1	0	0	0	0	1	1	0	0	0	0	0	0	0	0	0	1	0	0	0	0	0	0	0	1	S
NMDC20552563	0	0	0	0	0	1	0	0	0	0	1	0	0	0	0	0	0	0	0	0	0	0	0	0	0	0	0	0	1	1	S
NMDC20588568	0	0	0	0	0	1	0	1	0	0	0	1	0	0	1	0	1	1	0	0	0	1	0	0	1	0	0	0	1	1	S
NMDC20588570	0	0	0	0	0	0	0	0	0	0	0	1	0	0	0	0	1	1	0	0	0	0	0	0	1	0	0	0	0	1	S
NMDC20588571	0	0	0	0	0	0	0	0	0	0	0	1	0	0	0	0	0	0	0	0	0	0	0	0	0	0	0	0	0	0	S
NMDC20558564	0	0	0	0	0	0	0	0	0	0	0	1	0	0	0	0	0	0	0	0	0	0	0	0	0	0	0	0	0	0	S
NMDC20588572	0	0	0	0	0	1	0	1	0	0	0	1	0	0	1	0	0	0	0	0	0	1	0	0	0	0	0	0	1	0	S
NMDC20556558	0	0	0	0	0	1	0	1	0	0	0	1	0	0	1	0	0	0	0	0	0	1	0	0	0	0	0	0	1	0	S
NMDC20554564	0	0	0	0	0	1	0	1	0	0	0	1	0	0	1	0	0	0	0	0	0	1	0	0	0	0	0	0	1	0	S
NMDC20588573	0	0	0	0	0	0	0	0	0	0	0	1	0	0	0	0	1	1	0	0	0	0	0	0	1	0	0	0	0	1	S
NMDC20558567	0	0	0	0	0	1	0	1	0	0	0	1	0	0	1	0	0	0	0	0	0	1	0	0	0	0	0	0	1	0	S
NMDC20552564	0	0	0	0	0	1	0	1	0	0	0	1	0	0	1	0	0	0	0	0	0	1	0	0	0	0	0	0	1	0	S
NMDC20558568	0	0	0	0	0	1	0	1	0	0	0	1	0	0	1	0	0	0	0	0	0	1	0	0	0	0	0	0	1	0	S
NMDC20552565	0	0	0	0	0	1	0	1	0	0	0	1	0	0	1	0	0	0	0	0	0	1	0	0	0	0	0	0	1	0	S
NMDC20588574	0	0	0	0	0	1	0	1	0	0	0	1	0	0	1	0	1	1	0	0	0	1	0	0	1	0	0	0	1	1	S
NMDC20556559	0	0	0	0	0	0	0	1	0	0	0	1	0	0	0	0	0	0	0	0	1	1	0	1	0	0	0	0	0	1	S
NMDC20558569	0	0	0	0	0	1	0	1	0	0	0	1	0	0	1	0	1	1	0	0	0	1	0	0	1	0	0	0	1	1	S
NMDC20554566	0	0	0	0	0	0	0	0	0	0	0	1	0	0	0	0	0	0	0	0	1	1	0	1	0	0	0	0	0	1	S
NMDC20556560	0	0	0	0	0	0	0	0	0	0	0	1	0	0	0	0	0	0	0	0	1	1	0	1	0	0	0	0	0	1	S
NMDC20588575	0	0	0	0	0	0	0	0	0	0	0	1	0	0	0	0	1	1	0	0	0	0	0	0	1	0	0	0	0	1	S
NMDC20558571	0	0	0	0	0	1	0	0	0	0	1	0	0	0	0	0	0	0	0	0	0	0	0	0	0	0	0	0	1	1	S
NMDC20554567	0	0	0	0	0	1	0	0	0	0	1	0	0	0	0	0	0	0	1	0	0	0	0	0	0	0	0	0	1	1	S
NMDC20552566	0	0	0	0	0	1	0	0	0	0	1	0	0	0	0	0	0	0	0	0	0	0	0	0	0	0	0	0	1	1	S
NMDC20554568	0	0	0	0	0	1	0	0	0	0	1	0	0	0	0	0	0	0	0	0	0	0	0	0	0	0	0	0	1	1	S
NMDC20554569	0	0	0	0	0	1	0	0	0	0	1	0	0	0	0	0	0	0	0	0	0	0	0	0	0	0	0	0	1	1	S
NMDC20588576	0	0	0	0	0	1	0	0	0	0	1	0	0	0	0	0	0	0	0	0	0	0	0	0	0	0	0	0	1	1	S
NMDC20552567	0	0	0	0	0	1	0	0	0	0	1	0	0	0	0	0	0	0	0	0	0	0	0	0	0	0	0	0	1	1	S
NMDC20588577	0	0	0	0	0	0	0	0	0	0	0	1	0	0	0	0	1	1	0	0	0	0	0	0	1	0	0	0	0	1	S
NMDC20588579	0	0	0	0	0	1	0	0	0	0	1	0	0	0	0	0	0	0	0	0	0	0	0	0	0	0	0	0	1	1	S
NMDC20556562	0	0	0	0	0	1	0	0	0	0	1	0	0	0	0	0	0	0	0	0	0	0	0	0	0	0	0	0	1	1	S
NMDC20558572	0	0	0	0	0	1	0	0	0	0	1	0	0	0	0	0	0	0	0	0	0	0	0	0	0	0	0	0	1	1	S
NMDC20552568	0	0	0	0	0	1	0	1	0	0	0	1	0	0	1	0	1	1	0	0	0	1	0	0	1	0	0	0	1	1	S
NMDC20588580	0	0	0	0	0	1	0	0	0	0	1	0	0	0	0	0	0	0	0	0	0	0	0	0	0	0	0	0	1	1	S
NMDC20588581	0	0	0	0	0	0	0	0	0	0	0	1	0	0	0	0	1	1	0	0	0	0	0	0	1	0	0	0	0	1	S
NMDC20588582	0	0	0	0	0	0	0	0	0	0	0	1	0	0	0	0	1	1	0	0	0	0	0	0	1	0	0	0	0	1	S
NMDC20588583	0	0	0	0	0	0	0	0	0	0	0	1	0	0	0	0	1	1	0	0	0	0	0	0	1	0	0	0	0	1	S
NMDC20588584	0	0	0	0	0	0	0	0	0	0	0	1	0	0	0	0	1	1	0	0	0	0	0	0	1	0	0	0	0	1	S
NMDC20588585	0	0	0	0	0	0	0	0	0	0	0	1	0	0	0	0	1	1	0	0	0	0	0	0	1	0	0	0	0	1	S
NMDC20554570	0	0	0	0	0	0	0	0	0	0	0	1	0	0	0	0	1	1	0	0	0	0	0	0	1	0	0	0	0	1	S
NMDC20588586	0	0	0	0	0	0	0	0	0	0	0	0	0	0	0	0	0	0	0	0	0	1	0	0	0	0	0	0	0	0	S
NMDC20588588	0	0	0	0	0	0	0	0	0	0	0	1	0	0	0	0	1	1	0	0	0	0	0	0	1	0	0	0	0	1	S
NMDC20588591	0	0	0	0	0	0	0	0	0	0	0	1	0	0	0	0	1	0	0	0	1	1	0	0	1	0	0	0	1	0	S
NMDC20588592	0	0	0	0	0	0	0	0	0	0	0	1	0	0	0	0	1	0	0	0	1	1	0	0	1	0	0	0	1	0	S
NMDC20588593	0	0	0	0	0	0	0	0	0	0	0	1	0	0	0	0	1	0	0	0	1	1	0	0	1	0	0	0	1	0	S
NMDC20588594	0	0	0	0	0	0	0	0	0	0	0	1	0	0	0	0	1	0	0	0	1	1	0	0	1	0	0	0	1	0	S
NMDC20556563	0	0	0	0	0	0	0	0	0	0	0	1	0	0	0	0	1	0	0	0	1	1	0	0	1	0	0	0	1	0	S
NMDC20552569	0	0	0	0	0	0	0	0	0	0	0	1	0	0	0	0	1	0	0	0	1	1	0	0	1	0	0	0	1	0	S
NMDC20554571	0	0	0	0	0	0	0	0	0	0	0	0	0	0	0	0	0	0	0	0	0	1	0	0	0	0	0	0	0	0	S
NMDC20588595	0	0	0	0	0	0	0	0	0	0	0	1	0	0	0	0	1	0	0	0	1	1	0	0	1	0	0	0	1	0	S
NMDC20588596	0	0	0	0	0	0	0	0	0	0	0	1	0	0	0	0	1	0	1	0	1	1	0	0	1	0	0	0	1	0	S
NMDC20588597	0	0	0	0	0	0	0	0	0	0	0	1	0	0	0	0	1	0	1	0	1	1	0	0	1	0	0	0	1	0	S
NMDC20588599	0	0	0	0	0	0	0	0	0	0	0	1	0	0	0	0	1	0	0	0	1	1	0	0	1	0	0	0	1	0	S
NMDC20556564	0	0	0	0	0	0	0	0	0	0	0	1	0	0	0	0	1	0	0	0	1	1	0	0	1	0	0	0	1	0	S
NMDC20588600	0	0	0	0	0	0	0	0	0	0	0	1	0	0	0	0	1	0	0	0	1	1	0	0	1	0	0	0	1	0	S
NMDC20588601	0	0	0	0	0	0	0	0	0	0	0	1	0	0	0	0	1	0	0	0	1	1	0	0	1	0	0	0	1	0	S
NMDC20588602	0	0	0	0	0	0	0	0	0	0	0	1	0	0	0	0	1	0	0	0	1	1	0	0	1	0	0	0	1	0	S
NMDC20588603	0	0	0	0	0	0	0	0	0	0	0	1	0	0	0	0	1	0	0	0	1	1	0	0	1	0	0	0	1	0	S
NMDC20588604	0	0	0	0	0	0	0	0	0	0	0	0	0	0	0	0	0	0	0	0	0	1	0	0	0	0	0	0	0	0	S
NMDC20588605	0	0	0	0	0	0	0	0	0	0	0	1	0	0	0	0	1	0	0	0	1	1	0	0	1	0	0	0	1	0	S
NMDC20588606	0	0	0	0	0	0	0	0	0	0	0	1	0	0	0	0	1	0	0	0	1	1	0	0	1	0	0	0	1	0	S
NMDC20588607	0	0	0	0	0	0	0	0	0	0	0	1	0	0	0	0	1	0	1	0	1	1	0	0	1	0	0	0	1	0	S
NMDC20588608	0	0	0	0	0	0	0	0	0	0	0	1	0	0	0	0	1	0	0	0	1	1	0	0	1	0	0	0	1	0	S
NMDC20588609	0	0	0	0	0	0	0	0	0	0	0	1	0	0	0	0	1	0	0	0	1	1	0	0	1	0	0	0	1	0	S
NMDC20556565	0	0	0	0	0	0	0	0	0	0	0	1	0	0	0	0	1	0	0	0	1	1	0	0	1	0	0	0	1	0	S
NMDC20588610	0	0	0	0	0	0	0	0	0	0	0	1	0	0	0	0	1	0	0	0	1	1	0	0	1	0	0	0	1	0	S
NMDC20588611	0	0	0	0	0	0	0	0	0	0	0	1	0	0	0	0	0	0	0	0	0	0	0	0	0	0	0	0	0	0	S
NMDC20556566	0	0	0	0	0	0	0	0	0	0	0	1	0	0	0	0	1	0	0	0	1	1	0	0	1	0	0	0	1	0	S
NMDC20588613	0	0	0	0	0	1	0	0	0	0	0	0	0	0	0	0	0	1	0	0	0	0	0	0	0	0	1	0	1	1	S
NMDC20588614	0	0	0	0	0	1	0	0	0	0	0	0	0	0	1	0	0	1	1	0	1	1	0	0	0	0	0	0	0	1	S
NMDC20588615	0	0	0	0	0	1	0	1	0	0	0	1	0	0	0	0	0	0	0	0	0	0	1	1	0	0	0	0	1	1	S
NMDC20588616	0	0	0	0	0	1	0	1	0	0	0	1	0	0	0	0	0	0	0	0	0	0	0	1	0	0	0	0	1	1	S
NMDC20552570	0	0	0	0	0	1	0	1	0	0	0	1	0	0	0	0	0	0	0	0	0	0	0	1	0	0	0	0	1	1	S
NMDC20588617	0	0	0	0	0	1	0	1	0	0	0	1	0	0	0	0	0	0	0	0	0	0	0	1	0	0	0	0	1	1	S
NMDC20554572	0	0	0	0	0	1	0	1	0	0	0	1	0	0	0	0	0	0	0	0	0	0	0	1	0	0	0	0	1	1	S
NMDC20556567	0	0	0	0	0	1	0	1	0	0	0	1	0	0	0	0	0	0	0	0	0	0	0	1	0	0	0	0	1	1	S
NMDC20552571	0	0	0	0	0	1	0	1	0	0	0	1	0	0	1	0	1	1	0	0	0	1	0	0	1	0	0	0	1	1	S
NMDC20588619	0	0	0	0	0	1	0	1	0	0	0	1	0	0	1	0	1	1	0	0	0	1	0	0	1	0	0	0	1	1	S
NMDC20588620	0	0	0	0	0	0	0	0	0	0	0	1	0	0	0	0	1	1	0	0	0	0	0	0	1	0	0	0	0	1	S
NMDC20552572	0	0	0	0	0	1	0	1	0	0	0	1	0	0	1	0	1	1	0	0	0	1	0	0	1	0	0	0	1	1	S
NMDC20588621	0	0	0	0	0	1	0	1	0	0	0	1	0	0	1	0	1	1	0	0	0	1	0	0	1	0	0	0	1	1	S
NMDC20552573	0	0	1	0	1	1	0	1	0	0	0	1	0	0	1	1	1	1	1	0	0	1	0	0	1	0	0	0	1	1	S
NMDC20558573	0	0	0	0	0	1	0	1	0	0	0	1	0	0	1	0	1	1	0	0	0	1	0	0	1	0	0	0	1	1	S
NMDC20554573	0	0	0	0	0	1	0	1	0	0	0	1	0	0	1	0	1	1	0	0	0	1	0	0	1	0	0	0	1	1	S
NMDC20556568	0	0	0	0	0	1	0	1	0	0	0	1	0	0	1	0	1	1	0	0	0	1	0	0	1	0	0	0	1	1	S
NMDC20588623	0	0	0	0	0	1	0	1	0	0	0	1	0	0	1	0	1	1	1	0	0	1	0	0	1	0	0	0	1	1	S
NMDC20588625	0	0	0	0	0	1	0	0	0	0	0	0	0	0	0	0	0	1	0	0	0	0	0	0	0	0	1	0	1	1	S
NMDC20554574	0	0	0	0	0	1	0	1	0	0	0	1	0	0	1	0	1	1	0	0	0	1	0	0	1	0	0	0	1	1	S
NMDC20554575	0	0	0	0	0	1	0	0	0	0	0	0	0	0	1	0	1	1	0	0	0	0	0	0	1	0	0	0	1	1	S
NMDC20556569	0	0	1	0	1	1	0	1	0	0	0	1	0	0	1	1	1	1	0	0	0	1	0	0	1	0	0	0	1	1	S
NMDC20556570	0	0	0	0	0	1	0	1	0	0	0	1	0	0	1	0	1	1	1	0	0	1	0	0	1	0	0	0	1	1	S
NMDC20558574	0	0	0	0	0	1	0	1	0	0	0	1	0	0	1	0	1	1	1	0	0	1	0	0	1	0	0	0	1	1	S
NMDC20556571	0	0	0	0	0	1	0	1	0	0	0	1	0	0	1	0	1	1	0	0	0	1	0	0	1	0	0	0	1	1	S
NMDC20554576	0	0	0	0	0	1	0	1	0	0	0	1	0	0	1	0	1	1	0	0	0	1	0	0	1	0	0	0	1	1	S
NMDC20556572	1	0	0	0	0	1	0	1	0	0	0	1	0	0	1	0	1	1	0	0	0	1	0	0	1	0	0	0	1	1	S
NMDC20558575	0	0	0	0	0	1	0	0	0	0	1	0	0	0	0	0	0	0	0	0	0	0	0	0	0	0	0	0	1	1	S
NMDC20588629	0	0	0	0	0	1	0	1	0	0	0	1	0	0	1	0	1	1	0	0	0	1	0	0	1	0	0	0	1	1	S
NMDC20588631	0	0	1	0	1	1	0	1	0	0	0	1	0	0	1	1	1	1	1	0	0	1	0	0	1	0	0	0	1	1	S
NMDC20552576	0	0	0	0	0	1	0	1	0	0	0	1	0	0	1	0	1	1	0	0	0	1	0	0	1	0	0	0	1	1	S
NMDC20552577	0	0	0	0	0	1	0	0	0	0	1	0	0	0	0	0	0	0	0	0	0	0	0	0	0	0	0	0	1	1	S
NMDC20556574	0	0	0	0	0	1	0	1	0	0	0	1	0	0	1	0	1	1	0	0	0	1	0	0	1	0	0	0	1	1	S
NMDC20556575	0	0	0	0	0	1	0	1	0	0	0	1	0	0	1	0	1	1	0	0	0	1	0	0	1	0	0	0	1	1	S
NMDC20552578	0	0	0	0	0	1	0	1	0	0	0	1	0	0	1	0	1	1	0	0	0	1	0	0	1	0	0	0	1	1	S
NMDC20556576	0	0	1	0	1	1	0	1	0	0	0	1	0	0	1	1	1	1	1	0	0	1	0	0	1	0	0	0	1	1	S
NMDC20554579	0	0	0	0	0	1	0	1	0	0	0	1	0	0	1	0	1	1	0	0	0	1	0	0	1	0	0	0	1	1	S
NMDC20588633	0	0	0	0	0	0	0	0	0	0	0	1	0	0	0	0	0	0	0	0	0	0	0	0	0	0	0	0	0	0	S
NMDC20552616	0	0	0	0	0	0	0	0	0	0	0	1	0	0	0	0	0	0	0	0	0	0	0	0	0	0	0	0	0	0	S
NMDC20558609	0	0	0	0	0	1	0	1	0	0	0	1	0	0	1	0	1	1	0	0	0	1	0	0	1	0	0	0	1	1	S
NMDC20588832	0	0	0	0	0	1	0	0	0	0	0	1	0	0	0	0	0	0	0	0	0	1	0	0	0	0	0	1	1	0	S
NMDC20558608	0	0	1	0	1	0	0	0	0	0	0	1	0	0	0	1	0	0	1	0	0	0	0	0	0	0	0	0	0	0	S
NMDC20588833	0	0	0	0	0	1	0	0	0	0	1	0	0	0	0	0	0	0	0	0	0	0	0	0	0	0	0	0	1	1	S
NMDC20588834	0	0	0	0	0	0	0	0	0	0	0	1	0	0	0	0	0	0	0	0	0	0	0	0	0	0	0	0	0	0	S
NMDC20552606	0	0	0	0	0	1	0	1	0	0	0	1	0	0	0	0	0	0	0	0	1	1	0	0	0	0	0	0	0	0	S
NMDC20556602	0	0	0	0	0	1	0	1	0	0	0	1	0	0	1	0	1	1	0	0	0	1	0	0	1	0	0	0	1	1	S
NMDC20588836	0	0	1	0	1	0	0	0	0	0	0	1	0	0	0	1	0	0	1	0	0	0	0	0	0	0	0	0	0	0	S
NMDC20554606	0	0	0	0	0	0	0	0	0	0	0	1	0	0	0	0	1	0	0	0	1	1	0	0	1	0	0	0	1	0	S
NMDC20588837	0	0	0	0	0	0	0	0	0	0	0	1	0	0	0	0	1	0	0	0	1	1	0	0	1	0	0	0	1	0	S
NMDC20552607	0	0	0	0	0	0	0	0	0	0	0	1	0	0	0	0	1	1	0	0	0	0	0	0	1	0	0	0	0	1	S
NMDC20588839	0	0	0	0	0	1	0	0	0	0	1	0	0	0	0	0	0	0	0	0	0	0	0	0	0	0	0	0	1	1	S
NMDC20552608	0	0	0	0	0	1	0	0	0	0	1	0	0	0	0	0	0	0	0	0	0	0	0	0	0	0	0	0	1	1	S
NMDC20558610	0	0	0	0	0	1	0	0	0	0	1	0	0	0	0	0	0	0	0	0	0	0	0	0	0	0	0	0	1	1	S
NMDC20552609	0	0	0	0	0	1	0	1	0	0	0	1	0	0	1	0	1	1	0	0	0	1	0	0	1	0	0	0	1	1	S
NMDC20588840	0	0	0	0	0	0	0	0	0	0	0	1	0	0	0	0	0	0	0	0	0	0	0	0	0	0	0	0	0	0	S
NMDC20556604	0	0	0	0	0	1	0	1	0	0	0	1	0	0	1	0	1	1	0	0	0	1	0	0	1	0	0	0	1	1	S
NMDC20588842	0	0	0	0	0	1	0	1	0	0	0	1	0	0	0	0	0	0	0	0	1	1	0	0	0	0	0	0	0	0	S
NMDC20588843	0	0	0	0	0	1	0	1	0	0	0	1	0	0	1	0	1	1	0	0	0	1	0	0	1	0	0	0	1	1	S
NMDC20558612	0	0	0	0	0	1	0	0	0	0	1	0	0	0	0	0	0	0	0	0	0	0	0	0	0	0	0	0	1	1	S
NMDC20552610	0	0	0	0	0	1	0	0	0	0	1	0	0	0	0	0	0	0	0	0	0	0	0	0	0	0	0	0	1	1	S
NMDC20552611	0	0	0	0	0	1	0	1	0	0	0	1	0	0	1	0	1	1	0	0	0	1	0	0	1	0	0	0	1	1	S
NMDC20558613	0	0	0	0	0	1	0	1	0	0	0	1	0	0	0	0	0	0	1	0	1	1	0	0	0	0	0	0	0	0	S
NMDC20588845	0	0	0	0	0	1	0	0	0	0	1	0	0	0	0	0	0	0	0	0	0	0	0	0	0	0	0	0	1	1	S
NMDC20588847	0	0	0	0	0	0	0	0	0	0	0	0	0	0	0	0	1	1	0	1	0	0	0	1	0	0	0	0	0	0	S
NMDC20558614	0	0	0	0	0	0	0	0	0	0	0	1	0	0	0	0	1	0	0	0	1	1	0	0	1	0	0	0	1	0	S
NMDC20588848	0	0	0	0	0	1	0	0	0	0	0	1	0	0	1	0	0	1	0	0	0	0	0	0	0	0	1	0	1	1	S
NMDC20558616	0	0	0	0	0	1	0	1	0	0	0	1	0	0	1	0	0	0	0	0	0	1	0	0	1	0	0	0	0	0	S
NMDC20588849	0	0	1	0	0	1	0	1	0	0	0	1	0	0	1	1	1	1	0	0	0	1	0	0	1	0	0	0	1	1	S
NMDC20588850	0	0	0	0	0	1	0	0	0	0	1	0	0	0	0	0	0	0	0	0	0	0	0	0	0	0	0	0	1	1	S
NMDC20554609	0	0	0	0	0	1	0	1	0	0	0	1	0	0	0	0	0	0	1	0	1	1	0	0	0	0	0	0	0	0	S
NMDC20588852	0	0	0	0	0	1	0	0	0	0	0	0	0	0	1	0	0	0	0	0	0	1	0	0	0	0	0	1	0	0	S
NMDC20558617	0	0	0	0	0	0	0	0	0	0	0	1	0	0	0	0	1	0	0	0	1	1	0	0	1	0	0	0	1	0	S
NMDC20554611	0	0	0	0	0	1	0	0	0	0	1	0	0	0	0	0	0	0	0	0	0	0	0	0	0	0	0	0	1	1	S
NMDC20554614	0	0	0	0	0	1	0	1	0	0	0	1	0	0	1	0	1	1	0	0	0	1	0	0	1	0	0	0	1	1	S
NMDC20556605	0	0	1	0	1	0	0	0	0	0	0	1	0	0	0	1	0	0	1	0	0	0	0	0	0	0	0	0	0	0	S
NMDC20558618	0	0	0	0	0	1	0	0	0	0	0	1	0	0	0	0	0	0	0	0	1	1	0	0	0	0	1	0	1	0	S
NMDC20556606	0	0	0	0	0	1	0	1	0	0	0	1	0	0	1	0	1	1	0	0	0	1	0	0	1	0	0	0	1	1	S
NMDC20556607	0	0	0	0	0	0	0	0	0	0	0	1	0	0	0	0	0	0	0	0	1	1	0	1	0	0	0	0	0	1	S
NMDC20552615	0	0	0	0	0	1	0	1	0	0	0	1	0	0	1	0	1	1	1	0	0	1	0	0	1	0	0	0	1	1	S
NMDC20554615	0	0	0	0	0	1	0	0	0	0	1	0	0	0	0	0	0	0	0	0	0	0	0	0	0	0	0	0	1	1	S
NMDC20588856	0	0	0	0	0	0	0	0	0	0	0	1	0	0	0	0	1	0	0	0	1	1	0	0	1	0	0	0	1	0	S
NMDC20558620	0	0	0	0	0	1	0	0	0	0	0	0	0	0	0	0	0	0	0	0	1	1	0	0	0	0	0	0	0	0	S
NMDC20556609	0	0	0	0	0	0	0	0	0	0	0	0	0	0	1	0	1	0	0	0	1	1	0	0	0	0	0	1	0	1	S
NMDC20588858	0	0	0	0	0	0	0	1	0	0	0	1	0	0	0	0	0	0	0	0	0	1	0	0	0	0	0	0	0	1	S
NMDC20552614	0	0	0	0	0	1	0	1	0	0	0	1	1	0	1	0	0	0	0	0	1	1	0	0	0	0	0	0	1	1	S
NMDC20556610	0	0	0	0	0	1	0	0	0	0	0	0	0	0	0	0	0	0	0	0	0	0	0	0	1	0	1	0	1	0	S
NMDC20558621	0	0	0	0	0	1	0	1	0	0	0	1	0	0	1	0	0	0	0	0	1	1	0	0	1	0	0	0	0	1	S
NMDC20558623	0	0	0	0	0	0	0	0	0	0	0	1	0	0	0	0	1	0	0	0	1	1	0	0	1	0	0	0	1	0	S
NMDC20588861	0	0	0	0	0	0	0	0	0	0	0	0	0	0	0	0	1	1	0	1	0	0	0	1	0	0	0	0	0	0	S
NMDC20588862	0	0	0	0	0	1	0	0	0	0	0	1	0	0	0	0	1	0	0	0	1	1	0	0	0	0	0	0	0	1	S
NMDC20552618	0	0	0	0	0	1	0	1	0	0	0	1	0	0	1	0	1	1	0	0	0	1	0	0	1	0	0	0	1	1	S
NMDC20588863	0	0	0	0	0	0	0	0	0	0	0	1	0	0	0	0	1	0	0	0	1	1	0	0	1	0	0	0	1	0	S
NMDC20588865	0	0	0	0	0	1	0	0	0	0	0	0	0	0	1	0	0	0	0	0	0	1	0	0	0	0	0	1	0	0	S
NMDC20554617	0	0	0	0	0	1	0	1	0	0	0	1	0	0	1	0	0	0	1	0	1	1	0	0	1	0	0	0	0	1	S
NMDC20556611	0	0	0	0	0	1	0	0	0	0	1	0	0	0	0	0	0	0	0	0	0	0	0	0	0	0	0	0	1	1	S
NMDC20556612	0	0	1	0	1	0	0	0	0	0	0	1	0	0	0	1	0	0	1	0	0	0	0	0	0	0	0	0	0	0	S
NMDC20556613	0	0	0	0	0	1	0	0	0	0	1	0	0	0	0	0	0	0	0	0	0	0	0	0	0	0	0	0	1	1	S
NMDC20588867	0	0	0	0	0	1	0	0	0	0	1	0	0	0	0	0	0	0	0	0	0	0	0	0	0	0	0	0	1	1	S
NMDC20558626	0	0	0	0	0	1	0	1	0	0	0	1	0	0	1	0	1	1	0	0	0	1	0	0	1	0	0	0	1	1	S
NMDC20556614	0	0	0	0	0	1	0	1	0	0	0	1	0	0	0	0	0	0	1	0	1	1	0	0	0	0	0	0	0	0	S
NMDC20588868	0	0	0	0	0	0	0	0	0	0	0	0	0	0	1	0	1	0	0	0	0	1	0	0	0	0	0	0	1	1	S
NMDC20588869	0	0	0	0	0	0	0	1	0	0	0	1	0	0	0	0	0	0	0	0	1	0	0	0	0	0	1	0	0	1	S
NMDC20558625	0	0	0	0	0	1	0	1	0	0	0	1	0	0	1	0	1	1	0	0	0	1	0	0	1	0	0	0	1	1	S
NMDC20588870	0	0	0	0	0	1	0	0	0	0	1	1	0	0	0	0	0	0	1	0	1	1	0	0	0	0	1	0	1	0	S
NMDC20554618	0	0	0	0	0	1	0	0	0	0	1	1	0	0	0	0	0	0	1	0	1	1	0	0	0	0	1	0	1	0	S
NMDC20556615	0	0	0	0	0	1	0	1	0	0	0	1	0	0	0	0	0	0	0	0	1	1	0	0	0	0	0	0	0	0	S
NMDC20588872	0	0	0	0	0	1	0	1	0	0	0	1	0	0	0	0	0	0	0	0	1	1	0	0	0	0	0	0	0	0	S
NMDC20588873	0	0	0	0	0	0	0	1	0	0	0	1	0	0	0	0	0	1	0	0	1	1	0	0	0	0	0	0	0	1	S
NMDC20588875	0	0	0	0	0	1	0	1	0	0	0	1	0	0	1	0	1	1	0	0	0	1	0	0	1	0	0	0	1	1	S
NMDC20552620	0	0	0	0	0	1	0	1	0	0	0	1	0	0	1	0	1	1	0	0	0	1	0	0	1	0	0	0	1	1	S
NMDC20554620	0	0	0	0	0	1	0	1	0	0	0	1	0	0	0	0	0	0	1	0	1	1	0	0	0	0	0	0	0	0	S
NMDC20588876	0	0	0	0	0	0	0	0	0	0	0	1	0	0	0	0	0	0	0	0	0	0	0	0	0	0	0	0	0	0	S
NMDC20588878	0	0	0	0	0	1	0	1	0	0	0	1	0	0	1	0	1	1	0	0	0	1	0	0	1	0	0	0	1	1	S
NMDC20558627	0	0	0	0	0	1	0	0	0	0	0	1	0	0	1	0	0	1	0	0	0	0	0	0	0	0	1	0	1	1	S
NMDC20556618	0	0	0	0	0	1	0	1	0	0	0	1	0	0	1	0	1	1	0	0	0	1	0	0	1	0	0	0	1	1	S
NMDC20552622	0	0	0	0	0	1	0	1	0	0	0	1	0	0	1	0	1	1	0	0	0	1	0	0	1	0	0	0	1	1	S
NMDC20588879	0	0	0	0	0	0	0	0	0	0	0	0	0	0	0	0	1	1	0	1	0	0	0	1	0	0	0	0	0	0	S
NMDC20588880	0	0	0	0	0	1	0	1	0	0	0	1	0	0	1	0	1	1	0	0	0	1	1	0	1	0	0	0	1	1	S
NMDC20588881	0	0	0	0	0	1	0	1	0	0	0	1	0	0	0	0	0	0	1	0	1	1	0	0	0	0	0	0	0	0	S
NMDC20558628	0	0	0	0	0	1	0	1	0	0	0	1	0	0	1	0	1	1	0	0	0	1	0	0	1	0	0	0	1	1	S
NMDC20588884	0	0	1	0	1	0	0	0	0	0	0	1	0	0	0	1	0	0	1	0	0	0	0	0	0	0	0	0	0	0	S
NMDC20556620	0	0	0	0	0	1	0	1	0	0	0	1	0	0	0	0	0	0	1	0	1	1	0	0	0	0	0	0	0	0	S
NMDC20588887	0	0	0	0	0	1	0	0	0	0	1	0	0	0	0	0	0	0	0	0	0	0	0	0	0	0	0	0	1	1	S
NMDC20558629	0	0	0	0	0	1	0	0	0	0	1	0	0	0	0	0	0	0	0	0	0	0	0	0	0	0	0	0	1	1	S
NMDC20554622	0	0	0	0	0	1	0	0	0	0	1	0	0	0	0	0	0	0	0	0	0	0	0	0	0	0	0	0	1	1	S
NMDC20556621	0	0	1	0	1	0	0	0	0	0	0	1	0	0	0	1	0	0	1	0	0	0	0	0	0	0	0	0	0	0	S
NMDC20588889	0	0	0	0	0	1	0	1	0	0	0	1	0	0	1	0	1	1	1	0	0	1	0	0	1	0	0	0	1	1	S
NMDC20556622	0	0	0	0	0	1	0	1	0	0	0	1	0	0	1	0	1	1	0	0	0	1	0	0	1	0	0	0	1	1	S
NMDC20554623	0	0	0	0	0	0	0	0	0	0	0	0	0	0	0	0	1	1	0	1	0	0	0	1	0	0	0	0	0	0	S
NMDC20556623	0	0	0	0	0	1	0	1	0	0	0	1	0	0	1	0	0	0	0	0	0	1	0	0	1	0	0	0	0	0	S
NMDC20558630	0	0	0	0	0	0	0	0	0	0	1	0	0	0	0	0	1	0	0	0	1	1	0	0	0	0	0	0	0	1	S
NMDC20588890	0	0	0	0	0	0	0	0	0	0	0	0	0	0	1	0	0	0	1	0	0	1	0	0	0	0	0	1	1	0	S
NMDC20588891	0	0	0	0	0	1	0	0	0	0	1	0	0	0	0	0	0	0	0	0	0	0	0	0	0	0	0	0	1	1	S
NMDC20554625	0	0	0	0	0	1	0	1	0	0	0	1	0	0	0	0	0	0	1	0	1	1	0	0	0	0	0	0	0	0	S
NMDC20558631	0	0	0	0	0	1	0	1	0	0	0	1	0	0	1	0	1	1	0	0	0	1	0	0	1	0	0	0	1	1	S
NMDC20588892	0	0	0	0	0	1	0	0	0	0	1	0	0	0	0	0	0	0	0	0	0	0	0	0	0	0	0	0	1	1	S
NMDC20554627	0	0	0	0	0	0	0	0	0	0	0	1	0	0	0	0	0	0	0	0	0	0	0	0	0	0	0	0	0	0	S
NMDC20588893	0	0	0	0	0	1	0	0	0	0	1	0	0	0	0	0	0	0	0	0	0	0	0	0	0	0	0	0	1	1	S
NMDC20588894	0	0	0	0	0	1	0	0	0	0	1	0	0	0	0	0	0	0	0	0	0	0	0	0	0	0	0	0	1	1	S
NMDC20588895	0	0	0	0	0	1	0	0	0	0	1	0	0	0	0	0	0	0	0	0	0	0	0	0	0	0	0	0	1	1	S
NMDC20552625	0	0	0	0	0	1	0	1	0	0	0	1	0	0	0	0	0	0	1	0	1	1	0	0	0	0	0	0	0	0	S
NMDC20554628	0	0	0	0	0	0	0	0	0	0	0	1	0	0	0	0	0	0	0	0	0	0	0	0	0	0	0	0	0	0	S
NMDC20588896	0	0	1	0	1	0	0	0	0	0	0	1	0	0	0	1	0	0	1	0	0	0	0	0	0	0	0	0	0	0	S
NMDC20558634	0	0	0	0	0	1	0	1	0	0	0	1	0	0	1	0	1	1	0	0	0	1	0	0	1	0	0	0	1	1	S
NMDC20552627	0	0	0	0	0	1	0	0	0	0	1	0	0	0	0	0	0	0	0	0	0	0	0	0	0	0	0	0	1	1	S
NMDC20588897	0	0	0	0	0	1	0	0	0	0	1	0	0	0	0	0	0	0	0	0	0	0	0	0	0	0	0	0	1	1	S
NMDC20558635	0	0	0	0	0	1	0	1	0	0	0	1	0	0	1	0	0	0	0	0	1	1	0	0	1	0	0	0	0	1	S
NMDC20558636	0	0	1	0	0	0	0	0	0	0	0	1	0	0	0	0	0	0	1	0	0	0	0	0	0	0	0	0	0	0	S
NMDC20556624	0	0	0	0	0	1	0	0	0	0	1	0	0	0	0	0	0	0	0	0	0	0	0	0	0	0	0	0	1	1	S
NMDC20588898	0	0	0	0	0	0	0	0	0	0	0	1	0	0	0	0	0	0	0	0	0	0	0	0	0	0	0	0	0	1	S
NMDC20588899	0	0	0	0	0	1	0	0	0	0	1	0	0	0	0	0	0	0	0	0	0	0	0	0	0	0	0	0	1	1	S
NMDC20588900	0	0	0	0	0	1	0	0	0	0	1	0	0	0	0	0	0	0	0	0	0	0	0	0	0	0	0	0	1	1	S
NMDC20588901	0	0	0	0	0	1	0	0	0	0	0	1	0	0	0	0	0	0	0	0	1	1	0	0	0	0	1	0	1	0	S
NMDC20588903	0	0	0	0	0	0	0	0	0	0	0	1	0	0	0	0	0	0	0	0	0	0	0	0	0	0	0	0	0	1	S
NMDC20556627	0	0	0	0	0	0	0	0	0	0	0	0	0	0	1	0	1	0	0	0	1	1	0	0	0	0	0	1	0	1	S
NMDC20554629	0	0	0	0	0	1	0	0	0	0	1	0	0	0	0	0	0	0	0	0	0	0	0	0	0	0	0	0	1	1	S
NMDC20556628	0	0	0	0	0	0	0	0	0	0	0	1	0	0	0	0	0	0	0	0	0	0	0	0	0	0	0	0	0	0	S
NMDC20588904	0	0	0	0	0	1	0	1	0	0	0	1	0	0	1	0	1	1	0	0	0	1	0	0	1	0	0	0	1	1	S
NMDC20554630	0	0	0	0	0	0	0	0	0	0	0	0	1	0	0	0	1	0	0	0	1	1	0	0	0	0	1	0	0	1	S
NMDC20552629	0	0	0	0	0	1	0	1	0	0	0	1	1	0	1	0	0	0	0	0	1	1	0	0	0	0	0	0	1	1	S
NMDC20556629	0	0	0	0	0	1	0	0	0	0	1	0	0	0	0	0	0	0	0	0	0	0	0	0	0	0	0	0	1	1	S
NMDC20552628	0	0	0	0	0	1	0	0	0	0	0	1	0	0	0	0	0	0	0	0	1	1	0	0	0	0	1	0	1	0	S
NMDC20554632	0	0	0	0	0	1	0	1	0	0	0	1	0	0	1	0	1	1	0	0	0	1	0	0	1	0	0	0	1	1	S
NMDC20556630	0	0	0	0	0	1	0	1	0	0	0	1	0	0	1	0	1	1	0	0	0	1	0	0	1	0	0	0	1	1	S
NMDC20588905	0	0	0	0	0	1	0	1	0	0	0	1	0	0	1	0	1	1	0	0	0	1	0	0	1	0	0	0	1	1	S
NMDC20556631	0	0	0	0	0	1	0	1	0	0	0	1	0	0	1	0	1	1	0	0	0	1	0	0	1	0	0	0	1	1	S
NMDC20558637	0	0	0	0	0	1	0	1	0	0	0	1	0	0	1	0	1	1	1	0	0	1	0	0	1	0	0	0	1	1	S
NMDC20552630	0	0	0	0	0	1	0	1	0	0	0	1	0	0	1	0	1	1	0	0	0	1	0	0	1	0	0	0	1	1	S
NMDC20556632	0	0	0	0	0	1	0	0	0	0	1	0	0	0	0	0	0	0	0	0	0	0	0	0	0	0	0	0	1	1	S
NMDC20552631	0	0	0	0	0	1	0	1	0	0	0	1	0	0	0	0	0	1	0	0	1	1	0	0	0	0	0	0	0	1	S
NMDC20588908	0	0	0	0	0	0	0	0	0	0	0	0	0	0	0	0	0	0	0	0	0	1	0	0	0	0	0	0	0	0	S
NMDC20588909	0	0	0	0	0	1	0	0	0	0	1	0	0	0	0	0	0	0	0	0	0	0	0	0	0	0	0	0	1	1	S
NMDC20588910	0	0	0	0	0	1	0	1	0	0	0	1	0	0	1	0	1	1	0	0	0	1	0	0	1	0	0	0	1	1	S
NMDC20554635	0	0	0	0	0	1	0	1	0	0	0	1	0	0	1	0	1	1	0	0	0	1	0	0	1	0	0	0	1	1	S
NMDC20588911	0	0	0	0	0	1	0	0	0	0	1	0	0	0	0	0	0	0	1	0	0	0	0	0	0	0	0	0	1	1	S
NMDC20588912	0	0	1	0	1	0	0	0	0	0	0	1	0	0	0	1	0	0	1	0	0	0	0	0	0	0	0	0	0	0	S
NMDC20588913	0	0	0	0	0	1	0	0	0	0	1	0	0	0	0	0	0	0	0	0	0	0	0	0	0	0	0	0	1	1	S
NMDC20588914	0	0	0	0	0	1	0	1	0	0	0	1	0	0	1	0	0	1	0	1	1	0	0	0	0	0	1	0	1	0	S
NMDC20588915	0	0	0	0	0	1	0	0	0	0	1	0	0	0	0	0	0	0	0	0	0	0	0	0	0	0	0	0	1	1	S
NMDC20558639	0	0	0	0	0	1	0	1	0	0	0	1	0	0	0	0	0	0	1	0	1	1	0	0	0	0	0	0	0	0	S
NMDC20554636	0	0	0	0	0	1	0	1	0	0	0	1	0	0	1	0	1	1	0	0	0	1	0	0	1	0	0	0	1	1	S
NMDC20588916	0	0	0	0	0	1	0	0	0	0	1	0	0	0	0	0	0	0	0	0	0	0	0	0	0	0	0	0	1	1	S
NMDC20588918	0	0	1	0	1	0	0	0	0	0	0	1	0	0	0	1	0	0	1	0	0	0	0	0	0	0	0	0	0	0	S
NMDC20588919	0	0	0	0	0	0	0	0	0	0	0	0	0	0	0	0	0	0	0	0	0	1	0	0	1	0	0	1	0	0	S
NMDC20588920	0	0	0	0	0	1	0	1	0	0	0	1	0	0	1	0	1	1	0	0	0	1	0	0	1	0	0	0	1	1	S
NMDC20554638	0	0	0	0	0	1	0	1	0	0	0	1	0	0	1	0	1	1	1	0	0	1	0	0	1	0	0	0	1	1	S
NMDC20554639	0	0	1	0	1	0	0	0	0	0	0	1	0	0	0	1	0	0	1	0	0	0	0	0	0	0	0	0	0	0	S
NMDC20554640	0	0	0	0	0	1	0	0	0	0	1	0	0	0	0	0	0	0	0	0	0	0	0	0	0	0	0	0	1	1	S
NMDC20588921	0	0	0	0	0	1	0	0	0	0	1	0	0	0	0	0	0	0	0	0	0	0	0	0	0	0	0	0	1	1	S
NMDC20588922	0	0	0	0	0	1	0	0	0	0	1	0	0	0	0	0	0	0	0	0	0	0	0	0	0	0	0	0	1	1	S
NMDC20554643	0	0	0	0	0	1	0	1	0	0	0	1	0	0	1	0	1	1	0	0	0	1	0	0	1	0	0	0	1	1	S
NMDC20554641	0	0	0	0	0	0	0	0	0	0	0	0	0	0	0	0	1	0	0	0	0	1	0	0	0	0	0	0	1	0	S
NMDC20588923	0	0	0	0	0	0	0	0	0	0	0	0	0	0	0	0	1	1	0	1	0	0	0	1	0	0	0	0	0	0	S
NMDC20552634	0	0	0	0	0	0	0	0	0	0	0	0	0	0	0	0	1	0	0	0	0	1	0	0	0	0	0	0	1	0	S
NMDC20552635	0	0	0	0	0	1	0	0	1	0	1	0	0	0	0	1	0	0	0	0	0	0	0	0	0	0	0	0	0	1	S
NMDC20554642	0	0	0	0	0	1	0	0	0	0	1	0	0	0	0	0	0	0	0	0	0	0	0	0	0	0	0	0	1	1	S
NMDC20588925	0	0	0	0	0	1	0	0	0	0	1	0	0	0	0	0	0	0	0	0	0	0	0	0	0	0	0	0	1	1	S
NMDC20556644	0	0	0	0	0	0	0	0	0	0	0	1	0	0	0	0	0	0	0	0	0	0	0	0	0	0	0	0	0	0	S
NMDC20552636	0	0	0	0	0	1	0	0	0	0	1	0	0	0	0	0	0	0	0	0	0	0	0	0	0	0	0	0	1	1	S
NMDC20556642	0	0	0	0	0	0	0	0	0	0	0	0	0	0	0	0	1	0	0	0	0	1	0	0	0	0	0	0	1	0	S
NMDC20558641	0	0	0	0	0	0	0	0	0	0	0	0	0	0	0	0	1	0	0	0	0	1	0	0	0	0	0	0	1	0	S
NMDC20552637	0	0	0	0	0	1	0	1	0	0	0	1	0	0	1	0	1	1	0	0	0	1	0	0	1	0	0	0	1	1	S
NMDC20588927	0	0	0	0	0	1	0	0	0	0	1	0	0	0	0	0	0	0	0	0	0	0	0	0	0	0	0	0	1	1	S
NMDC20552638	0	0	0	0	0	0	0	0	0	0	1	0	0	0	0	0	1	0	0	0	1	1	0	0	0	0	0	0	0	1	S
NMDC20558643	0	0	0	0	0	1	0	0	0	0	1	0	0	0	0	0	0	0	0	0	0	0	0	0	0	0	0	0	1	1	S
NMDC20588932	0	0	0	0	0	0	0	0	0	0	0	1	0	0	0	0	1	0	0	0	1	1	0	0	1	0	0	0	1	0	S
NMDC20554644	0	0	0	0	0	0	0	0	0	0	0	1	0	0	0	0	1	0	0	0	1	1	0	0	1	0	0	0	1	0	S
NMDC20552639	0	0	0	0	0	1	0	1	0	0	0	1	0	0	1	0	1	1	0	0	0	1	0	0	1	0	0	0	1	1	S
NMDC20554645	0	0	0	0	0	1	0	1	0	0	0	1	0	0	1	0	1	1	0	0	0	1	0	0	1	0	0	0	1	1	S
NMDC20588933	0	0	0	0	0	1	0	1	0	0	0	1	0	0	0	0	0	0	1	0	1	1	0	0	0	0	0	0	0	0	S
NMDC20556645	0	0	0	0	0	0	0	0	0	0	0	0	0	0	0	0	1	0	0	0	0	1	0	0	0	0	0	0	1	0	S
NMDC20588934	0	0	0	0	0	0	0	0	0	0	0	1	0	0	0	0	1	0	0	0	1	1	0	0	1	0	0	0	1	0	S
NMDC20558645	0	0	1	0	1	0	0	0	0	0	0	1	0	0	0	1	0	0	1	0	0	0	0	0	0	0	0	0	0	0	S
NMDC20552640	0	0	0	0	0	1	0	0	0	0	0	1	0	0	1	0	0	1	0	0	0	0	0	0	0	0	1	0	1	1	S
NMDC20588935	0	0	0	0	0	1	0	0	0	0	0	1	0	0	0	0	0	0	0	0	0	1	0	0	0	0	0	1	0	0	S
NMDC20554646	0	0	0	0	0	0	0	0	0	0	1	0	0	0	0	0	1	0	0	0	1	1	0	0	0	0	0	0	0	1	S
NMDC20588936	0	0	0	0	0	1	0	1	0	0	0	1	0	0	1	0	1	1	0	0	0	1	0	0	1	0	0	0	1	1	S
NMDC20588937	0	0	0	0	0	1	0	1	0	0	0	1	0	0	1	0	1	1	0	0	0	1	0	0	1	0	0	0	1	1	S
NMDC20556646	0	0	0	0	0	1	0	1	0	0	0	1	0	0	0	0	0	0	1	0	1	1	0	0	0	0	0	0	0	0	S
NMDC20554647	0	0	0	0	0	0	0	0	0	0	1	0	0	0	0	0	1	0	0	0	1	1	0	0	0	0	0	0	0	1	S
NMDC20552644	0	0	0	0	0	0	0	0	0	0	0	0	0	0	0	0	1	1	0	1	0	0	0	1	0	0	0	0	0	0	S
NMDC20588940	0	0	0	0	0	1	0	1	0	0	0	1	0	0	1	0	1	1	0	0	0	1	0	0	1	0	0	0	1	1	S
NMDC20556649	0	0	0	0	0	1	0	1	0	0	0	1	0	0	1	0	1	1	0	0	0	1	0	0	1	0	0	0	1	1	S
NMDC20552647	0	0	0	0	0	0	0	0	0	0	0	1	0	0	0	0	0	0	0	0	0	0	0	0	0	0	0	0	0	0	S
NMDC20588942	0	0	0	0	0	1	0	1	0	0	0	1	0	0	1	0	1	1	0	0	0	1	0	0	1	0	0	0	1	1	S
NMDC20588943	0	0	0	0	0	1	0	1	0	0	0	1	0	0	1	0	1	1	0	0	0	1	0	0	1	0	0	0	1	1	S
NMDC20556650	0	0	0	0	0	0	0	0	0	0	0	0	0	0	0	0	1	0	0	0	0	1	1	0	0	0	0	0	1	0	S
NMDC20554648	0	0	1	0	1	0	0	0	0	0	0	1	0	0	0	1	0	0	1	0	0	0	0	0	0	0	0	0	0	0	S
NMDC20588945	0	0	0	0	0	1	0	1	0	0	0	1	0	0	1	0	1	1	0	0	0	1	0	0	1	0	0	0	1	1	S
NMDC20588946	0	0	0	0	0	0	0	0	0	0	0	0	0	0	0	0	0	0	0	0	0	1	0	0	0	0	0	0	1	1	S
NMDC20588947	0	0	0	0	0	1	0	1	0	0	0	1	0	0	1	0	1	1	0	0	0	1	0	0	1	0	0	0	1	1	S
NMDC20554649	0	0	0	0	0	1	0	1	0	0	0	1	0	0	1	0	1	1	0	0	0	1	0	0	1	0	0	0	1	1	S
NMDC20558649	0	0	0	0	0	1	0	1	0	0	0	1	0	0	0	0	0	0	1	0	1	1	0	0	0	0	0	0	0	0	S
NMDC20556652	0	0	0	0	0	1	0	1	0	0	0	1	0	0	1	0	1	1	0	0	0	1	0	0	1	0	0	0	1	1	S
NMDC20556653	0	0	0	0	0	0	0	0	0	0	0	1	0	0	0	0	1	0	0	0	1	1	0	0	1	0	0	0	1	0	S
NMDC20554651	0	0	0	0	0	1	0	1	0	0	0	1	0	0	0	0	0	0	1	0	1	1	0	0	0	0	0	0	0	0	S
NMDC20552649	0	0	0	0	0	1	0	0	0	0	0	0	0	0	0	0	0	0	0	0	1	1	0	0	0	0	0	0	0	0	S
NMDC20552652	0	0	1	0	1	0	0	0	0	0	0	1	0	0	0	1	0	0	1	0	0	0	0	0	0	0	0	0	0	0	S
NMDC20588950	0	0	0	0	0	1	0	1	0	0	0	1	0	0	1	0	1	1	0	0	0	1	0	0	1	0	0	0	1	1	S
NMDC20588951	0	0	0	0	0	0	0	0	0	0	0	1	0	0	0	0	1	1	0	0	0	0	0	0	1	0	0	0	0	1	S
NMDC20556655	1	0	0	0	0	1	0	0	0	0	1	0	0	0	0	0	0	0	0	0	0	0	0	0	0	0	0	0	1	1	S
NMDC20558653	0	0	0	0	0	1	0	1	0	0	0	1	0	0	1	0	1	1	0	0	0	1	0	0	1	0	0	0	1	1	S
NMDC20554652	0	0	0	0	0	1	0	1	0	0	0	1	0	0	0	0	0	0	1	0	1	1	0	0	0	0	0	0	0	0	S
NMDC20554654	0	0	0	0	0	1	0	0	0	0	0	0	0	0	0	0	0	0	0	0	1	1	0	0	0	0	0	0	0	0	S
NMDC20588953	0	0	1	0	1	0	0	0	0	0	0	1	0	0	0	1	0	0	1	0	0	0	0	0	0	0	0	0	0	0	S
NMDC20588955	0	0	0	0	0	1	0	1	0	0	0	1	0	0	1	0	1	1	0	0	0	1	0	0	1	0	0	0	1	1	S
NMDC20588956	0	0	0	0	0	1	0	1	0	0	0	1	0	0	1	0	1	1	0	0	0	1	0	0	1	0	0	0	1	1	S
NMDC20588957	0	0	0	0	0	1	0	1	0	0	0	1	0	0	1	0	1	1	0	0	0	1	0	0	1	0	0	0	1	1	S
NMDC20554655	0	0	0	0	0	1	0	1	0	0	0	1	0	0	1	0	1	1	0	0	0	1	0	0	1	0	0	0	1	1	S
NMDC20558655	0	0	0	0	0	1	0	1	0	0	0	1	0	0	1	0	1	1	0	0	0	1	0	0	1	0	0	0	1	1	S
NMDC20556656	0	0	0	0	0	0	0	0	0	0	1	0	0	0	0	0	1	0	0	0	1	1	0	0	0	0	0	0	0	1	S
NMDC20558656	0	0	0	0	0	0	0	0	0	0	0	0	0	0	0	0	1	0	0	0	0	1	0	0	0	0	0	0	1	0	S
NMDC20588959	0	0	0	0	0	1	0	1	0	0	0	1	0	0	1	0	1	1	0	0	0	1	0	0	1	0	0	0	1	1	S
NMDC20554656	0	0	0	0	0	0	0	0	0	0	0	0	0	0	1	0	0	0	0	0	0	1	0	0	0	0	0	1	1	0	S
NMDC20554657	0	0	0	0	0	1	0	1	0	0	0	1	0	0	1	0	1	1	0	0	0	1	0	0	1	0	0	0	1	1	S
NMDC20588962	0	0	0	0	0	1	0	1	0	0	0	1	0	0	0	0	0	0	1	0	1	1	0	0	0	0	0	0	0	0	S
NMDC20556657	0	0	0	0	0	1	0	1	0	0	0	1	0	0	0	0	0	0	0	0	0	0	0	1	0	0	0	0	1	1	S
NMDC20554658	0	0	0	0	0	0	0	0	0	0	0	1	0	0	0	0	0	0	0	0	0	0	0	0	0	0	0	0	0	0	S
NMDC20552656	0	0	0	0	0	0	0	1	0	0	0	1	0	0	0	0	0	0	0	0	0	0	0	0	0	0	1	0	0	1	S
NMDC20588967	0	0	0	0	0	0	0	1	0	0	0	1	0	0	0	0	0	0	0	0	0	0	0	0	0	0	1	0	0	1	S
NMDC20588968	0	0	0	0	0	1	0	1	0	0	0	1	0	0	1	0	1	1	0	0	0	1	0	0	1	0	0	0	1	1	S
NMDC20588970	0	0	0	0	0	1	0	1	0	0	0	1	0	0	0	0	0	0	0	0	0	0	0	1	0	0	0	0	1	1	S
NMDC20552657	0	0	0	0	0	0	0	0	0	0	0	1	0	0	0	0	0	0	0	0	0	0	0	0	0	0	0	0	0	0	S
NMDC20554659	0	0	0	0	0	1	0	1	0	0	0	1	0	0	1	0	1	1	0	0	0	1	0	0	1	0	0	0	1	1	S
NMDC20556658	0	0	0	0	0	1	0	0	0	0	1	0	0	0	0	0	0	0	0	0	0	0	0	0	0	0	0	0	1	1	S
NMDC20556659	0	0	0	0	0	1	0	0	0	0	1	0	0	0	0	0	0	0	0	0	0	0	0	0	0	0	0	0	1	1	S
NMDC20552658	0	0	0	0	0	1	0	0	0	0	0	1	0	0	0	0	0	0	0	0	1	1	0	0	0	0	1	0	0	1	S
NMDC20588973	0	0	0	0	0	0	0	1	0	0	0	1	0	0	0	0	0	0	0	0	0	1	0	0	0	0	0	0	0	1	S
NMDC20552659	0	0	0	0	0	1	0	1	0	0	0	1	0	0	1	0	1	1	0	0	0	1	0	0	1	0	0	0	1	1	S
NMDC20552660	0	0	0	0	0	0	0	1	0	0	0	1	0	0	0	0	0	0	0	0	0	1	0	0	0	0	0	0	0	1	S
NMDC20558658	0	0	0	0	0	1	0	1	0	0	0	1	0	0	1	0	1	1	0	0	0	1	0	0	1	0	0	0	1	1	S
NMDC20588975	0	0	0	0	0	0	0	0	0	0	0	1	0	0	0	0	1	0	0	0	1	1	0	0	1	0	0	0	1	0	S
NMDC20588976	0	0	0	0	0	0	0	1	0	0	0	1	0	0	0	0	0	0	0	0	0	1	0	0	0	0	0	0	0	1	S
NMDC20558659	0	0	1	0	1	0	0	0	0	0	0	1	0	0	0	1	0	0	1	0	0	0	0	0	0	0	0	0	0	0	S
NMDC20588977	0	0	0	0	0	1	0	0	0	0	1	0	0	0	0	0	0	0	0	0	0	0	0	0	0	0	0	0	1	1	S
NMDC20558660	0	0	0	0	0	0	0	0	0	0	0	1	0	0	0	0	1	0	0	0	1	1	0	0	1	0	0	0	1	0	S
NMDC20558661	0	0	0	0	0	1	0	1	0	0	0	1	0	0	1	0	1	1	0	0	0	1	0	0	1	0	0	0	1	1	S
NMDC20556660	0	0	0	0	0	1	0	1	0	0	0	1	0	0	1	0	1	1	0	0	0	1	0	0	1	0	0	0	1	1	S
NMDC20556662	0	0	0	0	0	0	0	0	0	0	0	1	0	0	0	0	1	0	0	0	1	1	0	0	1	0	0	0	1	0	S
NMDC20554661	0	0	0	0	0	1	0	0	0	0	0	0	0	0	0	0	0	0	0	0	1	1	0	0	0	0	0	0	0	0	S
NMDC20588978	0	0	0	0	0	0	0	1	0	0	0	1	0	0	0	0	0	0	0	0	0	1	0	0	0	0	0	0	0	1	S
NMDC20588979	0	0	0	0	0	1	0	1	0	0	0	1	0	0	1	0	1	1	0	0	0	1	0	0	1	0	0	0	1	1	S
NMDC20554662	0	0	0	0	0	0	0	0	0	0	0	0	0	0	0	0	0	0	0	0	0	1	0	0	0	0	0	0	0	0	S
NMDC20588981	0	0	0	0	0	1	0	1	0	0	0	1	0	0	1	0	1	1	1	0	0	1	0	0	1	0	0	0	1	1	S
NMDC20588983	0	0	1	0	1	1	0	1	0	0	0	1	0	0	0	1	0	0	1	0	0	0	0	1	0	0	0	0	1	1	S
NMDC20588985	0	0	0	0	0	1	0	1	0	0	0	1	0	0	1	0	1	1	0	0	0	1	0	0	1	0	0	0	1	1	S
NMDC20558663	0	0	0	0	0	0	0	0	0	0	0	0	0	0	1	0	1	0	0	0	1	1	0	0	0	0	0	1	0	1	S
NMDC20554666	0	0	0	0	0	0	0	0	0	0	0	0	0	0	0	0	0	0	0	0	0	1	0	0	0	0	0	0	0	0	S
NMDC20554667	0	0	0	0	0	1	0	1	0	0	0	1	0	0	0	0	0	0	0	0	0	0	0	1	0	0	0	0	1	1	S
NMDC20588986	0	0	0	0	0	0	0	0	0	0	0	1	0	0	0	0	1	0	0	0	1	1	0	0	1	0	0	0	1	0	S
NMDC20588987	0	0	0	0	0	0	0	0	0	0	0	1	0	0	0	0	1	0	0	0	1	1	0	0	1	0	0	0	1	0	S
NMDC20588997	0	0	0	0	0	0	0	0	0	0	0	1	0	0	0	0	1	0	0	0	1	1	0	0	1	0	0	0	1	0	S
NMDC20588998	0	0	0	0	0	1	0	1	0	0	0	1	0	0	0	0	0	0	0	0	0	0	0	1	0	0	0	0	1	1	S
NMDC20588999	0	0	0	0	0	1	0	1	0	0	0	1	0	0	0	0	0	1	0	0	1	1	0	0	0	0	0	0	0	1	S
NMDC20589001	0	0	0	0	0	1	0	0	0	0	1	0	0	0	0	0	0	0	0	0	0	0	0	0	0	0	0	0	1	1	S
NMDC20589002	0	0	0	0	0	1	0	1	0	0	0	1	0	0	0	0	0	0	0	0	0	0	0	1	0	0	0	0	1	1	S
NMDC20589003	0	0	0	0	0	1	0	0	0	0	0	0	1	0	0	0	0	0	0	0	1	1	0	0	0	0	0	0	1	1	S
NMDC20589005	0	0	0	0	0	0	0	0	0	0	0	1	0	0	0	0	1	0	0	0	1	1	0	0	1	0	0	0	1	0	S
NMDC20589008	0	0	0	0	0	1	0	1	0	0	0	1	0	0	1	0	1	1	0	0	0	1	0	0	1	0	0	0	1	1	S
NMDC20589009	0	0	0	0	0	1	0	1	0	0	0	1	0	0	1	0	1	1	0	0	0	1	0	0	1	0	0	0	1	1	S
