	chloramphenicol/florfenicol_efflux_MFS_transporter_FloR	quaternary_ammonium_compound_efflux_SMR_transporter_QacE_delta_1	trimethoprim-resistant_dihydrofolate_reductase_DfrA27	Multidrug_resistance_protein_MdtK|SNP-111-111	DNA-directed_RNA_polymerase_subunit_beta(rpoB)|SNP-780-780	trimethoprim-resistant_dihydrofolate_reductase_DfrA12	trimethoprim-resistant_dihydrofolate_reductase_DfrA14	aminoglycoside_6'-N-acetyltransferase_AAC(6')-Iaa|SNP-201-201	trimethoprim-resistant_dihydrofolate_reductase_DfrA17	sensor_histidine_kinase_KdpD|SNP-2238-2238	eptB|SNP-945-945	bifunctional_UDP-4-amino-4-deoxy-L-arabinose_formyltransferase/UDP-glucuronic_acid_oxidase_ArnA|SNP-66-66	OXA-10_family_class_D_beta-lactamase_OXA-74	Bcr/CflA_family_multidrug_efflux_MFS_transporter(WP_000213396.1)	Macrolide_export_protein_MacA|SNP-1092-1092	DNA-directed_RNA_polymerase_subunit_beta(rpoB)|SNP-915-915	chloramphenicol/florfenicol_efflux_MFS_transporter_FloR|SNP-482-482	trimethoprim-resistant_dihydrofolate_reductase_DfrA1	Outer_membrane_protein_TolC|SNP-1095-1095	ANT(3'')-Ia_family_aminoglycoside_nucleotidyltransferase_AadA5	Group
NMDC20552804	1	1	0	0	0	1	0	0	0	1	0	1	0	0	1	0	0	0	1	0	R
NMDC20582474	0	0	0	0	0	0	0	0	0	0	1	1	0	1	1	0	0	0	1	0	R
NMDC20554778	1	1	0	1	0	1	0	0	0	1	0	0	0	0	1	1	0	0	1	0	R
NMDC20582476	0	0	0	0	0	0	0	0	0	0	1	1	0	1	1	0	0	0	1	0	R
NMDC20582477	0	0	0	0	0	0	0	0	0	1	0	1	0	0	1	1	0	0	1	0	R
NMDC20582478	1	0	0	0	0	1	0	0	0	1	0	1	0	0	1	1	0	0	1	0	R
NMDC20582479	1	0	0	0	0	0	1	0	0	1	0	1	0	0	1	1	0	0	1	0	R
NMDC20582480	1	0	0	0	0	1	0	0	0	1	0	1	0	0	1	1	0	0	1	0	R
NMDC20582481	1	0	0	0	0	1	0	0	0	1	0	1	0	0	1	1	0	0	1	0	R
NMDC20582482	1	0	0	0	0	1	0	0	0	1	0	1	0	0	1	1	0	0	1	0	R
NMDC20582485	1	0	0	0	0	1	0	0	0	1	0	1	0	0	1	1	0	0	1	0	R
NMDC20582486	1	0	0	0	0	1	0	0	0	1	0	1	0	0	1	1	0	0	1	0	R
NMDC20582488	1	1	1	0	1	0	0	0	0	1	0	1	0	0	1	0	0	0	1	0	R
NMDC20582489	0	0	0	1	0	0	0	0	0	0	0	1	0	0	1	0	0	0	0	0	R
NMDC20582490	1	1	0	0	0	1	0	0	0	1	0	1	0	0	1	1	0	0	1	0	R
NMDC20582492	1	0	0	0	1	0	1	0	0	1	0	1	0	0	0	0	0	0	1	0	R
NMDC20582493	0	0	0	0	0	0	0	0	0	1	0	1	0	0	1	1	0	0	1	0	R
NMDC20554780	1	0	0	0	0	1	0	0	0	1	0	1	0	0	1	1	0	0	1	0	R
NMDC20550796	1	0	0	0	0	1	0	0	0	1	0	1	0	0	1	1	0	0	1	0	R
NMDC20554781	1	0	0	0	0	1	0	0	0	1	0	1	0	0	1	1	0	0	1	0	R
NMDC20582497	1	0	0	0	0	1	0	0	0	1	0	1	0	0	1	1	0	0	1	0	R
NMDC20582498	1	1	1	0	1	0	0	0	0	1	0	1	0	0	1	0	0	0	1	0	R
NMDC20554782	1	1	1	0	1	0	0	0	0	1	0	1	0	0	1	0	0	0	1	0	R
NMDC20582500	1	0	0	0	1	1	0	0	0	1	0	1	0	0	1	0	0	0	1	0	R
NMDC20556808	0	1	1	0	1	0	0	0	0	1	0	1	0	0	1	0	0	0	1	0	R
NMDC20582503	1	0	0	0	0	1	0	0	0	1	0	1	0	0	1	1	0	0	1	0	R
NMDC20582504	1	1	1	0	1	0	0	0	0	1	0	1	0	0	1	0	0	0	1	0	R
NMDC20582505	0	0	0	0	0	0	0	0	0	1	0	1	0	0	1	1	0	0	1	0	R
NMDC20582506	1	0	0	0	0	1	0	0	0	1	0	1	0	0	1	1	0	0	1	0	R
NMDC20552806	0	1	0	0	0	0	0	0	0	1	0	1	0	0	1	1	0	0	1	0	R
NMDC20554783	1	0	0	0	0	1	0	0	0	1	0	1	0	0	1	1	0	0	1	0	R
NMDC20582508	0	0	0	0	0	1	0	0	0	1	0	1	0	0	1	1	0	0	1	0	R
NMDC20582509	0	1	0	0	0	0	0	0	1	0	1	1	0	1	1	0	0	0	1	1	R
NMDC20582510	0	0	0	0	0	0	0	0	0	1	0	1	0	0	1	1	0	0	1	0	R
NMDC20582511	1	0	0	0	0	1	0	0	0	1	0	1	0	0	1	1	0	0	1	0	R
NMDC20552807	0	0	0	0	0	0	0	0	0	0	1	1	0	1	1	0	0	0	1	0	R
NMDC20582513	1	0	0	0	0	0	0	0	0	1	0	1	0	0	1	1	0	0	1	0	R
NMDC20554784	1	1	0	1	0	0	0	0	1	1	0	1	0	0	1	1	0	0	1	1	R
NMDC20556809	0	0	0	1	0	0	0	0	0	1	0	1	0	0	1	0	0	0	1	0	R
NMDC20550797	1	0	0	1	0	1	0	0	0	1	1	1	0	0	1	0	0	0	1	0	R
NMDC20582515	1	1	0	1	0	1	0	0	0	0	0	1	0	0	1	0	0	0	0	0	R
NMDC20582516	1	1	0	1	0	1	0	0	0	0	0	1	0	0	1	0	0	0	0	0	R
NMDC20582517	1	0	0	1	0	0	0	0	0	1	0	1	0	0	1	1	0	0	1	0	R
NMDC20582518	1	0	0	1	0	0	0	0	1	1	0	1	0	0	1	1	0	0	1	1	R
NMDC20582520	1	0	0	1	0	0	0	0	0	1	0	1	0	0	1	1	0	0	1	0	R
NMDC20582521	1	1	0	1	0	1	0	0	0	0	1	1	0	0	1	0	0	0	0	0	R
NMDC20554785	1	1	0	1	0	1	0	0	0	1	0	0	0	0	1	1	0	0	1	0	R
NMDC20582522	1	1	0	1	0	1	0	0	0	0	0	1	0	0	1	0	0	0	0	0	R
NMDC20582523	1	0	0	0	0	1	0	0	0	1	0	1	0	0	1	1	0	0	1	0	R
NMDC20582525	0	0	0	0	0	0	0	0	0	0	1	1	0	1	1	0	0	0	1	0	R
NMDC20582527	0	0	0	0	0	0	0	0	0	0	1	1	0	1	1	0	0	0	1	0	R
NMDC20582528	1	1	0	1	0	0	0	0	1	1	0	1	0	0	1	1	0	0	1	1	R
NMDC20582529	0	0	0	0	0	0	0	0	0	0	1	1	0	1	1	0	0	0	1	0	R
NMDC20582530	0	0	0	0	0	0	0	0	0	1	0	1	0	0	1	1	0	0	1	0	R
NMDC20582535	1	0	0	1	0	0	0	0	1	1	0	1	0	0	1	1	0	0	1	1	R
NMDC20552808	1	0	0	0	0	1	0	0	0	1	0	1	0	0	1	1	0	0	1	0	R
NMDC20556810	1	0	0	0	0	0	1	0	0	1	0	1	0	0	1	1	0	0	1	0	R
NMDC20550798	1	0	0	0	0	1	0	0	0	1	0	1	0	0	1	1	0	0	1	0	R
NMDC20582537	1	0	0	0	0	1	0	0	0	1	0	1	0	0	1	1	0	0	1	0	R
NMDC20582538	1	0	0	0	0	0	1	0	0	1	0	1	0	0	1	1	0	0	1	0	R
NMDC20556811	1	1	1	0	0	0	0	0	0	1	0	1	0	0	1	1	0	0	1	0	R
NMDC20554786	0	0	0	0	0	0	0	0	0	1	0	1	0	0	1	1	0	0	1	0	R
NMDC20582542	0	0	0	0	0	1	0	0	0	1	0	1	0	0	1	1	0	0	1	0	R
NMDC20582545	0	1	0	0	0	0	0	0	1	0	1	1	0	1	1	0	0	0	1	1	R
NMDC20582546	0	1	0	0	0	0	0	0	1	0	1	1	0	1	1	0	0	0	1	1	R
NMDC20582547	1	0	0	0	0	1	0	0	0	1	0	1	0	0	1	1	0	0	1	0	R
NMDC20582548	0	0	0	0	0	0	0	0	0	0	1	1	0	1	1	0	0	0	1	0	R
NMDC20582551	0	0	0	0	0	0	0	0	0	0	1	1	0	1	1	0	0	0	1	0	R
NMDC20582552	0	0	0	0	0	0	0	0	0	0	1	1	0	1	1	0	0	0	1	0	R
NMDC20582553	0	0	0	0	0	0	0	0	0	1	0	1	0	0	1	1	0	0	1	0	R
NMDC20582554	0	0	0	0	0	0	0	0	0	0	1	1	0	1	1	0	0	0	1	0	R
NMDC20582555	1	0	0	0	0	1	0	0	0	1	0	1	0	0	1	1	0	0	1	0	R
NMDC20582558	0	0	0	0	0	0	0	0	0	1	0	1	0	0	1	1	0	0	1	0	R
NMDC20554789	1	0	0	0	0	1	0	0	0	1	0	1	0	0	1	1	0	0	1	0	R
NMDC20554788	0	0	0	0	0	0	0	0	0	0	1	1	0	1	1	0	0	0	1	0	R
NMDC20582560	0	0	0	0	0	0	0	0	0	1	0	1	0	0	1	1	0	0	1	0	R
NMDC20582562	1	1	1	0	1	0	0	0	0	1	0	1	0	0	1	0	0	0	1	0	R
NMDC20550800	1	1	1	0	1	0	0	0	0	1	0	1	0	0	1	0	0	0	1	0	R
NMDC20582563	1	1	1	0	1	0	0	0	0	1	0	1	0	0	1	0	0	0	1	0	R
NMDC20556813	0	1	0	0	0	1	0	0	0	1	0	1	0	0	0	1	0	0	1	0	R
NMDC20550801	1	1	0	1	0	0	0	1	1	1	0	1	0	0	1	0	0	0	1	1	R
NMDC20582564	0	0	0	0	0	0	0	0	0	0	1	1	0	1	1	0	0	0	1	0	R
NMDC20582565	0	0	0	1	0	0	0	0	0	1	1	1	0	0	1	0	0	0	1	0	R
NMDC20582566	0	0	0	0	0	0	0	0	0	1	1	1	0	0	1	1	0	0	1	0	R
NMDC20554790	1	0	0	1	0	1	0	0	0	0	1	1	0	0	1	0	1	0	1	0	R
NMDC20582567	1	0	0	1	0	1	0	0	0	0	1	1	0	0	1	0	0	0	0	0	R
NMDC20582568	0	0	0	0	0	0	0	0	0	1	0	1	0	0	1	1	0	0	1	0	R
NMDC20582569	1	1	1	0	0	0	0	0	0	1	0	1	0	0	1	1	0	0	1	0	R
NMDC20582570	1	0	0	0	0	0	1	0	0	1	0	1	0	0	1	1	0	0	1	0	R
NMDC20556814	1	1	1	0	1	0	0	0	0	1	0	1	0	0	1	0	0	0	1	0	R
NMDC20582571	1	0	0	0	0	1	0	0	0	1	0	1	0	0	1	1	0	0	1	0	R
NMDC20554791	0	0	0	0	1	0	0	0	0	1	0	0	0	0	0	0	0	0	1	0	R
NMDC20582572	0	0	0	0	0	0	0	0	0	1	0	1	0	0	1	0	0	0	0	0	R
NMDC20582573	1	1	0	1	0	0	0	0	1	1	0	1	0	0	1	1	0	0	1	1	R
NMDC20582574	1	1	0	1	0	0	0	0	1	1	0	1	0	0	1	1	0	0	1	0	R
NMDC20582575	1	0	0	1	0	0	1	0	0	1	0	1	0	0	1	0	0	0	1	0	R
NMDC20556815	1	0	0	0	0	0	1	0	0	1	1	1	0	0	1	1	0	0	1	0	R
NMDC20582577	0	0	0	0	0	0	0	0	0	1	1	1	0	0	1	1	0	0	1	0	R
NMDC20582578	1	1	0	1	0	1	0	0	0	1	0	0	0	0	1	1	0	0	1	0	R
NMDC20582579	0	0	0	1	0	0	0	0	0	1	0	0	0	0	1	1	0	0	1	0	R
NMDC20582580	0	0	0	0	0	0	0	0	0	1	0	0	0	0	1	1	0	0	0	0	R
NMDC20552812	1	1	0	1	0	0	0	0	1	1	0	1	0	0	1	1	0	0	1	1	R
NMDC20582582	1	0	0	1	0	0	1	0	0	1	0	1	0	0	1	0	0	0	1	0	R
NMDC20582583	1	0	0	1	0	0	1	0	0	1	0	1	0	0	1	0	0	0	1	0	R
NMDC20582584	0	0	0	0	0	1	0	0	0	1	0	1	0	0	1	1	0	0	1	0	R
NMDC20582585	0	1	1	0	0	0	0	0	0	1	0	1	0	0	1	1	0	0	1	0	R
NMDC20582586	1	0	0	0	0	0	1	0	0	1	0	1	0	0	1	1	0	0	1	0	R
NMDC20582587	0	0	0	1	0	0	0	0	0	1	0	0	0	0	1	1	0	0	1	0	R
NMDC20582593	1	0	0	0	0	1	0	0	0	1	0	1	0	0	1	1	0	0	1	0	R
NMDC20556816	1	0	0	0	0	1	0	0	0	1	0	1	0	0	1	1	0	0	1	0	R
NMDC20582594	0	1	1	0	1	0	0	0	0	1	0	1	0	0	1	0	0	0	1	0	R
NMDC20550804	0	0	0	0	0	0	0	0	0	0	1	1	0	1	1	0	0	0	1	0	R
NMDC20554793	1	0	0	0	0	0	1	0	0	1	0	1	0	0	1	1	0	0	1	0	R
NMDC20582596	1	0	0	1	0	1	0	0	0	0	1	1	0	0	1	0	0	0	0	0	R
NMDC20582597	1	0	0	0	0	1	0	0	0	1	0	1	0	0	1	1	1	0	1	0	R
NMDC20582598	1	1	0	1	0	1	0	0	0	1	0	0	0	0	1	1	0	0	1	0	R
NMDC20582600	1	1	0	1	0	1	0	0	0	1	0	0	0	0	1	1	0	0	1	0	R
NMDC20582601	0	0	0	0	0	1	0	0	0	1	0	1	0	0	1	1	0	0	1	0	R
NMDC20556817	0	0	0	0	0	1	0	0	0	1	0	1	0	0	1	1	0	0	1	0	R
NMDC20582602	1	0	0	0	0	0	1	0	0	0	1	1	0	1	1	0	0	0	1	0	R
NMDC20554796	1	1	0	1	0	1	0	0	0	1	0	0	0	0	1	1	0	0	1	0	R
NMDC20582603	1	0	0	0	0	1	0	0	0	1	0	1	0	0	1	1	0	0	1	0	R
NMDC20582605	1	1	1	1	0	0	0	0	0	0	0	1	0	0	1	0	0	0	0	0	R
NMDC20582606	1	1	0	1	0	0	0	0	1	1	0	1	0	0	1	1	0	0	1	1	R
NMDC20582607	1	1	0	1	0	1	0	0	0	1	0	0	0	0	1	1	0	0	1	0	R
NMDC20582608	0	0	0	1	0	0	0	0	0	1	0	1	0	0	0	0	0	0	1	0	R
NMDC20582609	1	0	0	1	0	0	0	0	1	1	0	1	0	0	1	1	0	0	1	1	R
NMDC20582610	1	1	0	1	0	0	0	0	1	1	0	1	0	0	1	1	0	0	1	1	R
NMDC20582611	1	1	0	1	0	0	0	0	1	1	0	1	0	0	1	1	0	0	1	1	R
NMDC20582612	1	1	0	1	0	0	0	0	1	1	0	1	0	0	1	1	0	0	1	1	R
NMDC20582613	1	1	0	1	0	1	0	0	0	1	0	1	0	0	1	1	0	0	1	0	R
NMDC20582614	1	1	0	1	0	0	0	0	1	1	0	1	0	0	1	1	0	0	1	1	R
NMDC20582615	1	0	0	1	0	0	0	0	0	1	0	1	0	0	1	1	0	0	1	1	R
NMDC20582617	0	0	0	1	0	0	0	0	0	1	0	1	0	0	1	0	0	0	1	0	R
NMDC20582618	0	1	0	1	0	1	0	0	0	1	0	1	0	0	1	0	0	0	1	0	R
NMDC20582619	1	0	0	0	0	0	1	0	0	1	0	1	0	0	1	1	0	0	1	0	R
NMDC20582804	1	0	0	0	1	1	0	0	0	1	0	1	0	0	1	0	0	0	1	0	R
NMDC20552897	0	0	0	0	0	1	0	0	0	1	0	1	0	0	1	1	0	0	1	0	R
NMDC20582807	1	1	1	0	0	0	0	0	0	1	0	1	0	0	1	1	0	0	1	0	R
NMDC20582808	0	0	0	0	0	0	0	0	0	0	1	1	0	1	1	0	0	0	1	0	R
NMDC20582809	1	0	0	0	0	0	1	0	0	1	0	1	0	0	1	1	0	0	1	0	R
NMDC20582810	1	1	1	0	0	0	1	0	0	1	0	1	0	0	1	1	0	0	1	0	R
NMDC20556882	0	0	0	0	0	0	0	0	0	1	0	1	0	0	1	1	0	0	1	0	R
NMDC20582813	1	1	1	0	0	0	0	0	0	1	0	1	0	0	1	1	0	0	1	0	R
NMDC20554870	1	1	0	0	0	1	0	0	0	1	0	1	0	0	1	1	0	0	1	0	R
NMDC20550880	1	1	1	0	1	0	0	0	0	1	0	1	0	0	1	0	0	0	1	0	R
NMDC20582815	1	0	0	0	1	1	0	0	0	1	0	1	0	0	1	0	0	0	1	0	R
NMDC20552900	1	0	0	0	0	1	0	0	0	1	0	1	0	0	1	1	1	0	1	0	R
NMDC20550881	0	0	0	0	0	1	0	0	0	1	0	1	0	0	1	1	0	0	1	0	R
NMDC20582819	1	0	0	0	0	1	0	0	0	1	0	1	0	0	1	1	1	0	1	0	R
NMDC20554873	1	0	0	0	0	0	0	0	0	1	0	1	0	0	1	0	0	0	1	0	R
NMDC20552902	1	0	0	0	0	0	1	0	0	1	0	1	0	0	1	1	0	0	1	0	R
NMDC20582820	1	0	0	0	0	0	0	0	1	1	0	1	0	0	1	1	0	0	1	0	R
NMDC20582823	1	0	0	1	0	1	0	0	0	0	1	1	0	0	1	0	1	0	1	0	R
NMDC20556888	1	0	0	0	0	0	1	0	0	1	0	1	0	0	1	1	0	0	1	0	R
NMDC20552907	1	1	1	0	0	0	0	0	0	1	0	1	0	0	1	1	0	0	1	0	R
NMDC20582827	1	0	0	0	0	0	1	0	0	1	0	1	0	0	1	1	0	0	1	0	R
NMDC20550885	1	0	0	0	0	0	1	0	0	1	0	1	0	0	1	1	0	0	1	0	R
NMDC20552906	1	0	0	0	0	0	1	0	0	1	0	1	0	0	1	1	0	0	1	0	R
NMDC20550888	1	0	0	0	0	0	1	0	0	1	0	1	0	0	1	1	0	0	1	0	R
NMDC20556891	1	0	0	0	0	0	1	0	0	1	0	1	0	0	1	1	0	0	1	0	R
NMDC20550887	1	1	1	0	0	0	0	0	0	1	0	1	0	0	1	1	0	0	1	0	R
NMDC20550890	1	0	0	0	0	0	1	0	0	1	0	1	0	0	1	1	0	0	1	0	R
NMDC20582834	1	1	1	0	0	0	0	0	0	1	0	1	0	0	1	1	0	0	1	0	R
NMDC20550892	0	0	0	0	0	0	0	0	0	1	0	1	0	0	1	1	0	0	1	0	R
NMDC20554877	1	0	0	0	1	1	0	0	0	1	0	1	0	0	1	0	0	0	1	0	R
NMDC20582835	1	0	0	0	0	0	1	0	0	1	0	1	0	0	1	1	0	0	1	0	R
NMDC20552911	1	0	0	0	0	0	1	0	0	1	0	1	0	0	1	1	0	0	1	0	R
NMDC20550893	1	0	0	0	0	0	1	0	0	1	0	1	0	0	1	1	0	0	1	0	R
NMDC20550894	0	0	0	1	0	0	0	0	0	0	1	1	0	0	1	0	0	0	1	0	R
NMDC20582836	0	0	0	0	0	0	0	0	0	0	1	1	0	1	1	0	0	0	1	0	R
NMDC20582837	0	0	0	0	0	0	0	0	0	1	0	1	0	0	1	1	0	0	1	0	R
NMDC20554879	0	0	0	0	0	0	0	0	0	0	1	1	0	1	1	0	0	0	1	0	R
NMDC20582839	1	0	0	0	0	0	1	0	0	1	0	1	0	0	1	1	0	0	1	0	R
NMDC20552912	1	0	0	0	0	1	0	0	0	1	0	1	0	0	1	1	1	0	1	0	R
NMDC20552914	1	0	0	0	0	0	1	0	0	1	0	1	0	0	1	1	0	0	1	0	R
NMDC20550898	1	0	0	0	0	1	0	0	0	1	0	1	0	0	1	1	1	0	1	0	R
NMDC20550900	1	0	0	0	0	0	0	0	0	1	0	1	0	0	1	1	1	0	1	0	R
NMDC20556900	1	0	0	0	0	1	0	0	0	1	0	1	0	0	1	1	1	0	1	0	R
NMDC20550903	0	0	0	0	0	0	0	0	0	1	0	1	0	0	1	1	0	0	1	0	R
NMDC20556903	0	0	0	0	0	0	1	0	0	1	0	1	0	0	1	1	0	0	1	0	R
NMDC20556906	1	0	0	0	0	1	0	0	0	1	0	1	0	0	1	1	1	0	1	0	R
NMDC20582847	0	0	0	0	1	1	0	0	0	0	0	0	0	0	0	0	0	0	1	0	R
NMDC20556907	0	0	0	0	0	0	0	0	0	0	0	1	0	0	1	0	0	0	1	0	R
NMDC20554883	1	0	0	0	0	1	0	0	0	1	0	1	0	0	1	1	1	0	1	0	R
NMDC20582851	0	1	0	0	0	1	0	0	0	1	0	1	0	0	0	1	0	0	1	0	R
NMDC20556910	1	0	0	0	0	0	1	0	0	1	0	1	0	0	1	1	0	0	1	0	R
NMDC20556911	1	0	0	0	0	0	1	0	0	1	0	1	0	0	1	1	0	0	1	0	R
NMDC20550908	1	0	0	0	0	1	0	0	0	1	0	1	0	0	1	1	1	0	1	0	R
NMDC20550909	1	0	0	0	0	0	1	0	0	1	0	1	0	0	1	1	0	0	1	0	R
NMDC20556914	1	0	0	0	0	0	1	0	0	1	0	1	0	0	1	1	0	0	1	0	R
NMDC20552924	1	0	0	1	0	1	0	0	0	0	1	1	0	0	1	0	0	0	0	0	R
NMDC20582857	1	1	1	0	0	0	0	0	0	1	0	1	0	0	1	1	0	0	1	0	R
NMDC20554888	1	1	0	1	0	0	1	0	0	1	1	1	0	0	1	0	0	0	1	0	R
NMDC20552926	1	0	0	1	0	1	0	0	0	0	1	1	0	0	1	0	1	0	1	0	R
NMDC20556915	0	0	0	0	0	0	0	0	0	1	0	1	0	0	1	1	0	0	1	0	R
NMDC20554890	0	0	0	0	0	0	0	0	0	1	0	1	0	0	1	1	0	0	1	0	R
NMDC20554891	1	0	0	0	0	0	0	0	0	1	0	1	0	0	1	1	1	0	1	0	R
NMDC20550914	0	0	0	0	0	0	0	0	0	1	0	1	0	0	1	1	0	0	1	0	R
NMDC20582863	0	0	0	0	0	0	0	0	0	1	0	1	0	0	1	1	0	0	1	0	R
NMDC20582864	1	0	0	0	0	0	1	0	0	1	0	1	0	0	1	1	0	0	1	0	R
NMDC20552932	1	0	0	0	0	0	1	0	0	1	0	1	0	0	1	1	0	0	1	0	R
NMDC20550916	1	0	0	0	0	1	0	0	0	1	0	1	0	0	1	1	1	0	1	0	R
NMDC20556916	1	1	1	0	1	0	0	0	0	1	0	1	0	0	1	0	0	0	1	0	R
NMDC20552931	1	1	1	0	1	0	0	0	0	1	0	1	0	0	1	0	0	0	1	0	R
NMDC20582868	0	0	0	0	0	0	0	0	0	1	0	1	0	0	1	1	0	0	1	0	R
NMDC20556917	1	0	0	0	0	1	0	0	0	1	0	1	0	0	1	1	1	0	1	0	R
NMDC20582871	1	0	0	0	0	1	0	0	0	1	0	1	0	0	1	1	1	0	1	0	R
NMDC20582872	0	0	0	0	0	0	0	0	0	1	0	1	0	0	1	1	0	0	1	0	R
NMDC20554895	1	0	0	0	0	1	0	0	0	1	0	1	0	0	1	1	1	0	1	0	R
NMDC20554896	1	0	0	0	0	1	0	0	0	1	0	1	0	0	1	1	1	0	1	0	R
NMDC20582873	1	0	0	0	0	1	0	0	0	1	0	1	0	0	1	1	0	0	1	0	R
NMDC20554898	0	1	1	0	0	0	0	0	0	1	0	1	0	0	1	1	0	0	1	0	R
NMDC20554899	1	0	0	0	0	0	1	0	0	1	0	1	0	0	1	1	0	0	1	0	R
NMDC20582877	0	0	0	0	0	0	0	0	0	1	1	1	0	0	1	1	0	0	1	0	R
NMDC20582879	0	1	1	0	0	0	0	0	0	1	0	1	0	0	1	1	0	0	1	0	R
NMDC20582880	0	0	0	0	0	0	0	0	0	0	1	1	0	1	1	0	0	0	1	0	R
NMDC20582881	1	0	0	0	0	1	0	0	0	1	0	1	0	0	1	1	1	0	1	0	R
NMDC20552939	0	1	0	0	0	0	0	0	0	1	0	1	0	0	1	1	0	0	1	1	R
NMDC20554902	1	0	0	0	1	1	0	0	0	1	0	1	0	0	1	0	0	0	1	0	R
NMDC20582886	1	0	0	0	0	1	0	0	0	1	0	1	0	0	1	0	1	0	1	0	R
NMDC20582891	1	0	0	1	0	0	0	0	1	1	0	1	0	0	1	1	0	0	1	1	R
NMDC20582893	1	0	0	0	0	1	0	0	0	1	0	1	0	0	0	1	1	0	1	0	R
NMDC20582896	1	0	0	0	0	1	0	0	0	1	0	1	0	0	0	1	1	0	1	0	R
NMDC20582900	1	0	0	0	0	0	1	0	0	1	0	1	0	0	1	0	0	0	0	0	R
NMDC20583314	1	0	0	0	0	1	0	0	0	1	0	1	0	0	1	1	1	0	1	0	R
NMDC20553111	1	0	0	0	0	0	1	0	0	1	0	1	0	0	1	1	0	0	1	0	R
NMDC20555072	1	0	0	0	0	1	0	0	0	1	0	1	0	0	1	1	1	0	1	0	R
NMDC20553113	0	1	1	0	0	0	0	0	0	1	0	1	0	0	0	0	0	0	0	0	R
NMDC20583317	1	0	0	0	0	1	0	0	0	1	0	1	0	0	1	1	1	0	1	0	R
NMDC20555074	1	0	0	0	0	1	0	0	0	1	0	1	0	0	1	1	0	0	1	0	R
NMDC20555075	0	1	1	0	0	0	0	0	0	1	0	1	0	0	1	1	0	0	1	0	R
NMDC20583318	1	1	0	0	0	1	0	0	0	1	0	1	0	0	1	1	1	0	1	0	R
NMDC20557092	1	0	0	1	0	0	1	0	0	1	0	1	0	0	1	1	0	0	1	0	R
NMDC20551078	1	0	0	0	0	0	1	0	0	1	0	1	0	0	1	1	0	0	1	0	R
NMDC20583320	0	1	0	0	0	0	0	0	1	0	1	1	0	1	1	0	0	0	1	1	R
NMDC20583321	0	1	0	0	0	0	0	0	1	0	1	1	0	1	1	0	0	0	1	1	R
NMDC20583322	0	1	0	0	0	0	0	0	1	0	1	1	0	1	1	0	0	0	1	1	R
NMDC20583323	0	1	0	0	0	0	0	0	1	0	1	1	0	1	1	0	0	0	1	1	R
NMDC20583340	0	1	0	0	0	1	0	0	0	1	0	1	0	0	0	1	0	0	1	0	R
NMDC20583341	1	1	0	0	0	0	1	0	0	1	0	0	0	0	1	1	0	0	0	0	R
NMDC20583346	1	0	0	1	0	0	1	0	0	1	0	1	0	0	1	1	0	0	1	0	R
NMDC20583354	1	0	0	1	0	0	1	0	0	1	0	1	0	0	1	0	0	0	1	0	R
NMDC20584434	0	0	0	1	0	0	1	0	0	1	0	1	0	0	1	0	0	0	1	0	R
NMDC20584436	1	0	0	1	0	0	1	0	0	1	0	0	0	0	1	1	0	0	1	0	R
NMDC20584438	1	0	0	0	0	0	1	0	0	1	0	1	0	0	1	1	0	0	1	0	R
NMDC20584445	1	1	0	1	0	0	1	0	0	1	0	1	0	0	1	0	0	0	1	0	R
NMDC20584470	1	1	0	0	0	0	0	0	0	1	0	1	0	0	1	0	0	1	1	0	R
NMDC20584471	1	1	0	0	0	0	0	0	0	1	0	1	0	0	1	0	0	1	1	0	R
NMDC20584484	1	0	0	1	0	0	1	0	0	1	0	1	0	0	1	0	0	0	1	0	R
NMDC20584501	1	1	0	0	0	0	1	0	0	1	0	0	0	0	1	1	0	0	0	0	R
NMDC20584502	1	0	0	1	0	0	1	0	0	1	0	1	0	0	1	0	0	0	1	0	R
NMDC20584512	1	0	0	1	0	0	1	0	0	1	0	1	0	0	0	0	0	0	0	0	R
NMDC20584513	1	0	0	1	0	0	1	0	0	1	0	1	0	0	0	0	0	0	0	0	R
NMDC20584518	0	1	0	0	0	0	0	0	1	0	1	1	0	1	1	0	0	0	1	1	R
NMDC20584520	1	0	0	1	0	0	0	0	1	1	0	1	0	0	1	1	0	0	1	1	R
NMDC20584521	1	1	0	1	0	0	1	0	0	1	0	1	0	0	1	0	0	0	1	0	R
NMDC20584527	1	0	0	0	0	1	0	0	0	1	0	1	0	0	0	1	1	0	1	0	R
NMDC20584529	1	1	0	1	0	0	0	0	1	1	0	1	0	0	1	1	0	0	1	1	R
NMDC20584530	1	1	0	1	0	0	0	0	1	1	0	1	0	0	1	1	0	0	1	1	R
NMDC20584536	1	1	0	1	0	0	1	0	0	1	0	1	0	0	1	0	0	0	1	0	R
NMDC20584538	1	1	0	1	0	0	1	0	0	1	0	1	0	0	1	0	0	0	1	0	R
NMDC20584539	1	0	0	0	0	0	1	0	0	1	0	1	0	0	1	0	0	0	1	0	R
NMDC20584541	1	1	0	1	0	0	1	0	0	1	0	1	0	0	1	0	0	0	1	0	R
NMDC20584542	1	1	0	1	0	0	1	0	0	1	0	1	0	0	1	0	0	0	1	0	R
NMDC20584545	1	0	0	1	0	0	1	0	0	1	0	1	0	0	1	0	0	0	1	0	R
NMDC20584546	1	0	0	1	0	0	1	0	0	1	0	0	0	0	1	1	0	0	1	0	R
NMDC20584549	1	0	0	1	0	0	1	0	0	1	0	1	0	0	1	0	0	0	1	0	R
NMDC20584550	1	0	0	0	1	0	1	0	0	0	0	0	0	0	0	0	0	0	1	0	R
NMDC20584552	1	1	0	1	0	0	1	0	0	1	0	1	0	0	1	0	0	0	1	0	R
NMDC20584556	0	1	0	0	0	0	0	0	1	0	1	1	0	1	1	0	0	0	1	1	R
NMDC20584560	1	1	0	1	0	0	0	1	0	1	0	1	0	0	1	0	0	1	1	0	R
NMDC20584561	1	1	0	0	0	0	1	0	0	1	0	0	0	0	1	1	0	0	0	0	R
NMDC20584567	1	1	0	1	0	0	1	0	0	1	0	1	0	0	1	0	0	0	1	0	R
NMDC20584570	1	1	0	1	0	0	1	0	0	1	0	1	0	0	1	0	0	0	1	0	R
NMDC20584571	1	0	0	0	1	0	1	0	0	0	0	0	0	0	0	0	0	0	1	0	R
NMDC20584572	1	0	0	1	0	0	1	0	0	1	0	1	0	0	1	0	0	0	1	0	R
NMDC20584578	1	1	0	1	0	0	1	0	0	1	0	1	0	0	1	0	0	0	1	0	R
NMDC20584579	1	0	0	1	0	1	0	0	0	1	0	1	0	0	1	0	0	0	1	0	R
NMDC20584581	1	0	0	0	1	0	1	0	0	0	0	0	0	0	0	0	0	0	1	0	R
NMDC20584596	1	0	0	0	1	0	1	0	0	0	0	0	0	0	0	0	0	0	1	0	R
NMDC20584613	1	0	0	0	1	0	1	0	0	0	0	0	0	0	0	0	0	0	1	0	R
NMDC20584615	1	0	0	0	1	0	1	0	0	0	0	0	0	0	0	0	0	0	1	0	R
NMDC20584616	1	0	0	0	1	0	1	0	0	0	0	0	0	0	0	0	0	0	1	0	R
NMDC20584618	1	0	0	0	1	0	1	0	0	0	0	0	0	0	0	0	0	0	1	0	R
NMDC20584619	1	0	0	0	1	0	1	0	0	0	0	0	0	0	0	0	0	0	1	0	R
NMDC20584621	1	0	0	0	1	0	1	0	0	0	0	0	0	0	0	0	0	0	1	0	R
NMDC20584623	1	0	0	0	1	0	1	0	0	0	0	0	0	0	0	0	0	0	1	0	R
NMDC20584625	1	0	0	0	1	0	1	0	0	0	0	0	0	0	0	0	0	0	1	0	R
NMDC20584630	1	1	0	1	0	0	1	0	0	1	0	1	0	0	1	0	0	0	1	0	R
NMDC20584632	1	1	0	1	0	0	1	0	0	1	0	1	0	0	1	0	0	0	1	0	R
NMDC20584633	1	1	0	1	0	0	0	0	1	1	0	1	0	0	1	1	0	0	1	1	R
NMDC20584634	1	0	0	0	1	0	1	0	0	0	0	0	0	0	0	0	0	0	1	0	R
NMDC20584640	1	0	0	0	1	0	1	0	0	0	0	0	0	0	0	0	0	0	1	0	R
NMDC20584649	1	1	0	1	0	0	0	0	1	1	0	1	0	0	1	1	0	0	1	1	R
NMDC20584650	1	1	0	1	0	0	1	0	0	1	0	1	0	0	1	0	0	0	1	0	R
NMDC20584656	1	0	0	1	0	0	0	0	0	1	0	1	0	0	1	0	0	0	1	0	R
NMDC20584659	1	0	0	0	1	0	1	0	0	0	0	0	0	0	0	0	0	0	1	0	R
NMDC20584660	1	0	0	0	1	0	1	0	0	0	0	0	0	0	0	0	0	0	1	0	R
NMDC20584663	1	0	0	0	0	0	1	0	0	1	0	1	0	0	1	0	0	0	0	0	R
NMDC20584665	1	1	0	1	0	0	0	0	1	1	0	1	0	0	1	1	0	0	1	1	R
NMDC20584667	1	1	0	1	0	0	0	0	1	1	0	1	0	0	1	1	0	0	1	1	R
NMDC20584669	1	1	0	0	0	0	1	0	0	1	0	0	0	0	1	1	0	0	0	0	R
NMDC20584670	1	0	0	0	1	0	1	0	0	0	0	0	0	0	0	0	0	0	1	0	R
NMDC20584673	1	1	0	0	0	0	1	0	0	1	0	0	0	0	1	1	0	0	0	0	R
NMDC20584686	1	0	0	1	0	0	1	0	0	1	0	1	0	0	1	0	0	0	1	0	R
NMDC20584687	1	0	0	0	1	0	1	0	0	0	0	0	0	0	0	0	0	0	1	0	R
NMDC20584688	0	1	0	1	0	0	1	0	1	1	0	1	0	0	1	1	0	0	1	1	R
NMDC20584699	1	0	0	1	0	0	1	0	0	1	0	1	0	0	1	0	0	0	1	0	R
NMDC20584700	1	0	0	0	0	1	0	0	0	1	0	1	0	0	1	1	0	0	1	0	R
NMDC20584714	1	1	0	1	0	0	0	0	0	1	0	1	0	0	1	0	0	0	1	0	R
NMDC20584720	1	1	0	1	0	0	1	0	0	1	0	1	0	0	1	0	0	0	1	0	R
NMDC20584723	0	0	0	0	1	0	0	0	0	1	0	1	0	0	1	0	0	0	1	0	R
NMDC20584726	1	0	0	1	0	0	1	0	0	1	0	1	0	0	1	0	0	0	1	0	R
NMDC20584732	1	0	0	0	1	1	0	0	0	1	0	1	0	0	1	0	0	0	1	0	R
NMDC20584733	1	0	0	0	1	1	0	0	0	1	0	1	0	0	1	0	0	0	1	0	R
NMDC20584734	1	0	0	0	1	1	0	0	0	1	0	1	0	0	1	0	0	0	1	0	R
NMDC20584735	1	0	0	0	0	0	1	0	0	1	0	1	0	0	1	0	0	0	0	0	R
NMDC20584738	1	1	0	1	0	0	0	0	0	1	0	1	0	0	1	0	0	0	1	0	R
NMDC20584742	1	0	0	0	1	0	1	0	0	0	0	0	0	0	0	0	0	0	1	0	R
NMDC20584744	1	0	0	1	0	0	1	0	0	1	0	1	0	0	1	0	0	0	1	0	R
NMDC20584746	1	0	0	1	0	0	1	0	0	0	0	1	0	0	1	0	0	0	1	0	R
NMDC20584747	1	0	0	1	0	0	1	0	0	1	0	1	0	0	1	0	0	0	1	0	R
NMDC20584749	1	0	0	1	0	0	0	0	0	1	0	1	0	0	1	1	0	1	1	0	R
NMDC20584753	1	0	0	0	0	0	1	0	0	1	0	1	0	0	1	0	0	0	0	0	R
NMDC20584754	1	0	0	1	0	0	1	0	0	1	0	1	0	0	1	0	0	0	1	0	R
NMDC20584755	1	1	0	1	0	0	0	0	1	1	0	1	0	0	1	1	0	0	1	1	R
NMDC20584756	1	1	1	1	0	0	0	0	0	0	0	1	0	0	1	0	0	0	1	0	R
NMDC20584760	1	0	0	1	0	0	1	0	0	1	0	0	0	0	1	1	0	0	1	0	R
NMDC20584761	1	0	0	1	0	0	1	0	0	1	0	1	0	0	1	0	0	0	1	0	R
NMDC20584762	1	0	0	1	0	0	1	0	0	1	0	1	0	0	1	0	0	0	1	0	R
NMDC20584763	1	1	0	1	0	0	1	0	0	1	0	1	0	0	1	0	0	0	1	0	R
NMDC20584765	1	1	0	1	0	0	1	0	0	1	0	1	0	0	1	0	0	0	1	0	R
NMDC20584767	0	0	0	1	1	0	1	1	0	1	0	1	0	0	1	0	0	0	1	0	R
NMDC20584769	1	0	0	1	0	0	1	0	0	1	0	1	0	0	1	0	0	0	1	0	R
NMDC20584770	0	0	0	1	0	1	0	0	0	1	0	1	0	0	1	0	0	0	1	0	R
NMDC20584772	1	1	0	1	0	0	1	0	0	1	0	1	0	0	1	0	0	0	1	0	R
NMDC20584776	1	0	0	1	0	0	1	0	0	1	0	0	0	0	1	1	0	0	1	0	R
NMDC20584779	1	1	0	0	0	0	0	0	0	1	0	1	0	0	1	0	0	1	1	0	R
NMDC20584780	1	1	0	0	0	0	1	0	0	1	0	0	0	0	1	1	0	0	0	0	R
NMDC20584781	1	0	0	0	1	0	1	0	0	0	0	0	0	0	0	0	0	0	1	0	R
NMDC20584783	1	1	0	0	0	0	1	0	0	1	0	0	0	0	1	1	0	0	0	0	R
NMDC20584784	1	1	0	0	0	0	1	0	0	1	0	0	0	0	1	1	0	0	0	0	R
NMDC20584790	0	1	0	1	0	0	1	0	0	1	0	1	0	0	1	0	0	0	1	0	R
NMDC20584791	1	0	0	1	0	0	1	0	0	1	0	1	0	0	1	0	0	0	1	0	R
NMDC20584796	1	1	0	0	0	0	1	0	0	1	0	0	0	0	1	1	0	0	0	0	R
NMDC20584804	1	0	0	0	1	0	1	0	0	0	0	0	0	0	0	0	0	0	1	0	R
NMDC20584807	1	0	0	0	1	1	0	0	0	1	0	1	0	0	1	0	1	0	1	0	R
NMDC20584811	1	0	0	1	0	0	1	0	0	1	0	1	0	0	1	0	0	0	1	0	R
NMDC20584814	1	1	0	0	0	0	1	0	0	1	0	0	0	0	1	1	0	0	0	0	R
NMDC20584816	1	0	0	0	1	0	1	0	0	0	0	0	0	0	0	0	0	0	1	0	R
NMDC20584818	1	0	0	0	1	0	1	0	0	0	0	0	0	0	0	0	0	0	1	0	R
NMDC20584819	0	1	0	0	0	0	0	0	1	0	1	1	0	1	1	0	0	0	1	1	R
NMDC20584836	1	1	0	1	0	0	1	0	0	1	1	1	0	0	1	0	0	0	1	0	R
NMDC20584837	1	1	0	1	0	0	1	0	0	1	0	1	0	0	1	0	0	0	1	0	R
NMDC20584838	1	1	0	1	0	0	0	0	0	1	0	1	0	0	1	0	0	0	1	0	R
NMDC20584840	1	0	0	1	0	0	1	0	0	1	0	1	0	0	1	0	0	0	1	0	R
NMDC20584842	1	1	1	0	0	0	0	0	0	1	0	1	0	0	1	1	0	0	1	0	R
NMDC20584846	1	1	0	1	0	0	1	0	0	1	0	1	0	0	1	0	0	0	1	0	R
NMDC20584848	1	1	0	1	0	0	1	0	0	1	0	1	0	0	1	0	0	0	1	0	R
NMDC20584849	1	0	0	1	0	0	1	0	0	1	0	1	0	0	1	0	0	0	1	0	R
NMDC20584851	1	0	0	1	0	0	1	0	0	1	0	1	0	0	1	0	0	0	1	0	R
NMDC20584853	1	1	1	1	0	0	0	0	0	0	0	1	0	0	1	0	0	0	0	0	R
NMDC20584855	1	1	0	1	0	0	1	0	0	1	0	1	0	0	1	0	0	0	1	0	R
NMDC20584857	1	1	0	1	0	0	1	0	0	1	0	1	0	0	1	0	0	0	1	0	R
NMDC20584861	1	1	0	1	0	0	1	0	0	1	0	1	0	0	1	0	0	0	1	0	R
NMDC20584862	1	1	0	1	0	0	1	0	0	1	0	1	0	0	1	0	0	0	1	0	R
NMDC20584863	1	1	0	1	0	0	1	0	0	1	0	1	0	0	1	0	0	0	1	0	R
NMDC20584864	1	1	0	1	0	0	1	0	0	1	0	1	0	0	1	0	0	0	1	0	R
NMDC20584869	1	0	0	1	0	0	1	0	0	1	0	1	0	0	1	0	0	0	1	0	R
NMDC20584871	0	0	0	1	0	0	0	0	0	1	0	1	0	0	1	1	0	0	1	0	R
NMDC20584877	1	0	0	1	0	0	1	0	0	1	0	1	0	0	1	1	0	0	1	0	R
NMDC20584896	1	1	0	1	0	0	1	0	0	1	0	1	0	0	1	0	0	0	1	0	R
NMDC20584898	1	0	0	0	1	0	1	0	0	0	0	0	0	0	0	0	0	0	1	0	R
NMDC20585323	1	0	0	0	0	1	0	0	0	1	0	1	0	0	1	1	1	0	1	0	R
NMDC20585324	0	0	0	0	0	0	0	0	0	0	1	1	0	1	1	0	0	0	1	0	R
NMDC20553582	1	0	0	0	0	0	1	0	0	1	0	1	0	0	1	1	0	0	1	0	R
NMDC20555574	1	0	0	0	0	1	0	0	0	1	0	1	0	0	1	1	1	0	1	0	R
NMDC20557614	1	0	0	0	0	0	1	0	0	1	0	1	0	0	1	1	0	0	1	0	R
NMDC20553584	1	0	0	0	0	1	0	0	0	1	0	1	0	0	1	1	0	0	1	0	R
NMDC20551540	1	0	0	0	0	0	1	0	0	1	0	1	1	0	1	1	0	0	1	0	R
NMDC20555578	1	0	0	0	0	1	0	0	0	1	0	1	0	0	1	1	0	0	1	0	R
NMDC20553586	1	0	0	0	0	1	0	0	0	1	0	1	0	0	1	1	1	0	1	0	R
NMDC20555579	1	0	0	0	0	1	0	0	0	1	0	1	0	0	1	1	1	0	1	0	R
NMDC20585330	1	0	0	0	0	1	0	0	0	1	0	1	0	0	1	1	1	0	1	0	R
NMDC20585340	1	1	1	0	1	0	0	0	0	1	0	1	0	0	1	0	0	0	1	0	R
NMDC20585341	1	0	0	0	1	0	1	0	0	0	0	0	0	0	0	0	0	0	1	0	R
NMDC20585343	0	0	0	0	0	1	0	0	0	1	0	1	0	0	0	1	0	0	1	0	R
NMDC20555581	0	1	0	0	0	0	0	0	1	0	1	1	0	1	1	0	0	0	1	1	R
NMDC20585344	1	0	0	0	0	1	0	0	0	1	0	1	0	0	1	1	1	0	1	0	R
NMDC20551544	1	0	0	0	0	1	0	0	0	1	0	1	0	0	1	1	1	0	1	0	R
NMDC20585345	1	1	0	1	0	0	1	0	0	1	1	1	0	0	1	0	0	0	1	0	R
NMDC20557617	0	1	0	0	0	0	0	0	1	0	1	1	0	1	1	0	0	0	1	1	R
NMDC20555582	1	0	0	0	0	1	0	0	0	1	0	1	0	0	1	1	1	0	1	0	R
NMDC20553588	1	1	1	0	0	0	0	0	0	1	0	1	0	0	1	1	0	0	1	0	R
NMDC20553589	1	0	0	1	0	1	1	0	0	1	0	0	0	0	1	1	0	0	1	0	R
NMDC20585354	0	0	0	0	0	0	1	0	0	0	1	0	0	0	1	1	0	0	0	0	R
NMDC20553592	1	0	0	0	0	1	0	0	0	1	0	1	0	0	0	1	1	0	1	0	R
NMDC20555585	1	0	0	0	0	1	0	0	0	1	0	1	0	0	1	1	1	0	1	0	R
NMDC20553593	1	1	0	1	0	0	1	0	0	1	0	1	0	0	1	0	0	0	1	0	R
NMDC20555587	1	1	0	0	0	1	0	0	0	1	0	1	0	0	1	1	0	0	1	0	R
NMDC20585359	1	0	0	0	0	1	0	0	0	1	0	1	0	0	1	1	1	0	1	0	R
NMDC20555589	0	1	1	0	0	0	0	0	0	1	0	1	0	0	1	1	0	0	1	0	R
NMDC20553596	1	0	0	0	0	1	0	0	0	1	0	1	0	0	1	1	1	0	1	0	R
NMDC20553597	0	1	1	0	0	0	0	0	0	1	0	1	0	0	1	1	0	0	1	0	R
NMDC20557622	1	0	0	0	0	0	1	0	0	1	0	1	0	0	1	1	0	0	1	0	R
NMDC20585364	1	0	0	0	0	1	0	0	0	1	0	1	0	0	1	1	1	0	1	0	R
NMDC20585366	1	0	0	0	0	1	0	0	0	1	0	1	0	0	1	1	1	0	1	0	R
NMDC20585367	1	0	0	0	0	0	1	0	0	1	0	1	0	0	1	1	0	0	1	0	R
NMDC20551552	1	1	0	1	0	0	1	0	0	1	0	1	0	0	1	0	0	0	1	0	R
NMDC20553599	1	0	0	0	0	1	0	0	0	1	0	1	0	0	1	1	1	0	1	0	R
NMDC20555593	1	1	0	1	0	1	0	0	0	1	0	0	0	0	1	1	0	0	1	0	R
NMDC20553600	1	0	0	0	0	0	1	0	0	1	0	1	0	0	1	1	0	0	1	0	R
NMDC20555594	0	1	0	0	0	0	0	0	0	1	1	1	0	0	1	1	0	0	1	0	R
NMDC20551553	1	0	0	0	0	1	0	0	0	1	0	1	0	0	1	1	1	0	1	0	R
NMDC20585369	1	0	0	0	0	1	0	0	0	1	0	1	0	0	1	1	1	0	1	0	R
NMDC20585371	1	0	0	0	0	1	0	0	0	1	0	1	0	0	1	1	1	0	1	0	R
NMDC20585373	0	0	0	0	0	0	0	0	0	1	0	1	0	0	1	1	0	0	1	0	R
NMDC20585377	1	1	0	1	0	1	0	0	0	1	0	0	0	0	1	1	0	0	1	0	R
NMDC20557628	0	1	1	0	1	0	0	0	0	1	0	1	0	0	1	0	0	0	1	0	R
NMDC20555599	1	1	0	0	0	1	0	0	0	1	0	1	0	0	1	1	0	0	1	0	R
NMDC20585381	0	0	0	0	0	0	1	0	0	1	0	1	0	0	1	1	0	0	1	0	R
NMDC20557629	1	0	0	0	0	1	0	0	0	1	0	1	0	0	1	1	1	0	1	0	R
NMDC20585383	1	0	0	0	0	0	1	0	0	1	0	1	0	0	1	1	0	0	1	0	R
NMDC20585385	1	0	0	0	0	0	0	0	1	1	0	1	0	0	1	1	0	0	1	1	R
NMDC20555601	1	0	0	0	0	1	0	0	0	1	0	1	0	0	1	1	1	0	1	0	R
NMDC20557630	1	1	0	1	0	0	1	0	0	1	0	0	0	0	1	1	0	0	1	0	R
NMDC20553601	1	0	0	0	0	0	1	0	0	1	0	1	0	0	1	0	0	0	1	0	R
NMDC20555602	1	0	0	1	0	1	0	0	0	1	0	0	0	0	1	1	0	0	1	0	R
NMDC20553602	1	0	0	0	0	1	0	0	0	1	0	1	0	0	1	1	1	0	1	0	R
NMDC20585390	1	0	0	0	0	0	1	0	0	1	0	1	0	0	1	1	0	0	1	0	R
NMDC20585392	0	1	0	0	0	0	0	0	1	0	1	1	0	1	1	0	0	0	1	1	R
NMDC20555604	1	0	0	0	0	1	0	0	0	1	0	1	0	0	1	1	1	0	1	0	R
NMDC20585396	1	1	1	1	0	0	0	0	0	1	0	0	0	0	1	1	0	1	1	0	R
NMDC20585399	1	0	0	0	0	1	0	0	0	1	0	1	0	0	1	1	1	0	1	0	R
NMDC20553606	0	0	0	1	0	1	0	0	0	1	0	0	0	0	1	1	0	0	1	0	R
NMDC20557636	1	0	0	0	0	1	0	0	0	1	0	1	0	0	1	1	1	0	1	0	R
NMDC20557637	1	0	0	0	0	0	1	0	0	1	1	1	0	0	1	1	0	0	1	0	R
NMDC20551557	1	0	0	0	0	1	0	0	0	1	0	1	0	0	1	1	1	0	1	0	R
NMDC20585400	1	0	0	0	0	0	1	0	0	1	0	1	0	0	1	1	0	0	1	0	R
NMDC20585401	1	1	1	0	0	0	0	0	0	1	0	1	0	0	1	1	0	0	1	0	R
NMDC20555606	1	1	1	0	1	0	0	0	0	1	0	1	0	0	1	0	0	0	1	0	R
NMDC20585404	0	1	0	0	0	0	0	0	0	1	0	1	0	0	1	1	0	0	1	0	R
NMDC20551559	1	0	0	0	0	1	0	0	0	1	0	1	0	0	1	1	1	0	1	0	R
NMDC20585407	1	0	0	0	0	0	1	0	0	1	0	1	1	0	1	1	0	0	1	0	R
NMDC20553610	1	1	1	0	0	0	0	0	0	1	0	1	0	0	1	1	0	0	1	0	R
NMDC20585409	1	0	0	0	0	0	1	0	0	1	1	0	0	0	1	1	0	0	1	0	R
NMDC20551563	1	1	0	0	0	0	0	0	0	1	0	1	0	0	1	0	0	1	1	0	R
NMDC20585410	1	0	0	1	0	0	1	0	0	1	0	0	0	0	1	1	0	0	1	0	R
NMDC20585411	1	1	0	0	0	0	0	0	0	1	0	1	0	0	1	0	0	1	1	0	R
NMDC20585413	1	1	1	0	0	0	0	0	0	1	0	1	0	0	1	1	0	0	1	0	R
NMDC20585415	1	1	1	0	0	0	0	0	0	1	0	1	0	0	1	1	0	0	1	0	R
NMDC20555609	1	1	1	0	0	0	0	0	0	1	0	1	0	0	1	1	0	0	1	0	R
NMDC20585418	1	1	1	0	0	0	0	0	0	1	0	1	0	0	1	1	0	0	1	0	R
NMDC20585419	1	0	0	0	0	1	0	0	0	1	0	1	0	0	1	1	1	0	1	0	R
NMDC20585420	1	1	1	0	0	0	0	0	0	1	0	1	0	0	1	1	0	0	1	0	R
NMDC20585423	1	1	1	0	0	0	0	0	0	1	0	1	0	0	1	1	0	0	1	0	R
NMDC20555611	1	1	1	0	0	0	0	0	0	1	0	1	0	0	1	1	0	0	1	0	R
NMDC20553616	0	1	1	0	0	0	0	0	0	1	0	1	0	0	1	1	0	0	1	0	R
NMDC20551564	1	0	0	1	0	1	0	0	0	1	0	1	0	0	1	1	0	0	1	0	R
NMDC20557644	1	1	1	0	1	0	0	0	0	1	0	1	0	0	1	0	0	0	1	0	R
NMDC20585426	0	0	0	0	0	0	0	0	0	1	0	1	0	0	1	1	0	0	1	0	R
NMDC20553617	0	1	0	0	0	0	0	0	1	0	1	1	0	1	1	0	0	0	1	1	R
NMDC20585427	0	1	1	0	0	0	0	0	0	1	0	1	0	0	1	1	0	0	1	0	R
NMDC20585428	1	0	0	0	0	0	1	0	0	1	0	1	0	0	1	1	0	0	1	0	R
NMDC20555612	1	1	1	0	0	0	0	0	0	1	0	1	0	0	1	1	0	0	1	0	R
NMDC20585430	1	0	0	0	0	0	1	0	0	1	0	1	0	0	1	1	0	0	1	0	R
NMDC20551566	1	0	0	0	0	0	1	0	0	1	0	1	0	0	1	1	0	0	1	0	R
NMDC20585433	1	0	0	1	0	1	0	0	0	1	0	0	0	0	1	1	0	0	1	0	R
NMDC20585434	1	0	0	0	0	1	0	0	0	1	0	1	0	0	1	1	1	0	1	0	R
NMDC20557647	0	1	0	0	0	1	0	0	0	1	0	1	0	0	0	1	0	0	1	0	R
NMDC20553621	1	1	1	0	0	0	0	0	0	1	0	1	0	0	1	1	0	0	1	0	R
NMDC20585438	1	1	1	0	0	0	0	0	0	1	0	1	0	0	1	1	0	0	1	0	R
NMDC20557649	1	1	1	0	1	0	0	0	0	1	0	1	0	0	1	0	0	0	1	0	R
NMDC20585440	1	0	0	0	0	1	0	0	0	1	0	1	0	0	1	1	1	0	1	0	R
NMDC20585441	1	1	1	0	1	0	0	0	0	1	0	1	0	0	0	0	0	0	1	0	R
NMDC20551571	1	1	0	1	0	1	0	0	0	1	0	0	0	0	1	1	0	0	1	0	R
NMDC20553623	1	1	0	0	0	0	1	0	0	1	0	0	0	0	1	1	0	0	0	0	R
NMDC20585443	1	0	0	0	0	1	0	0	0	1	0	1	0	0	1	1	1	0	1	0	R
NMDC20553624	1	0	0	0	0	1	0	0	0	1	0	1	0	0	1	1	1	0	1	0	R
NMDC20555615	0	0	0	0	0	0	0	0	1	1	0	1	0	0	1	1	0	0	1	1	R
NMDC20551572	1	0	0	0	0	0	1	0	0	1	0	1	0	0	1	1	0	0	1	0	R
NMDC20585444	1	0	0	0	0	1	0	0	0	1	0	1	0	0	1	1	1	0	1	0	R
NMDC20557652	1	0	0	0	0	1	0	0	0	1	0	1	0	0	1	1	1	0	1	0	R
NMDC20585445	1	0	0	0	0	0	1	0	0	1	0	1	0	0	1	1	0	0	1	0	R
NMDC20551574	0	1	0	0	0	1	0	0	0	1	0	1	0	0	0	1	0	0	1	0	R
NMDC20551575	1	0	0	0	0	0	1	0	0	1	0	1	1	0	1	1	0	0	1	0	R
NMDC20585450	1	0	0	0	0	0	1	0	0	1	0	1	0	0	1	0	0	0	1	0	R
NMDC20555617	1	0	0	0	0	0	1	0	0	1	0	1	0	0	1	1	0	0	1	0	R
NMDC20557654	1	0	0	0	0	1	0	0	0	1	0	1	0	0	1	1	1	0	1	0	R
NMDC20553627	1	0	0	0	0	1	0	0	0	1	0	1	0	0	1	1	1	0	1	0	R
NMDC20557655	1	0	0	0	0	0	1	0	0	1	0	1	0	0	1	1	0	0	1	0	R
NMDC20553628	1	1	1	0	1	0	0	0	0	1	0	1	0	0	0	0	0	0	1	0	R
NMDC20585455	1	0	0	0	0	1	0	0	0	1	0	1	0	0	1	1	1	0	1	0	R
NMDC20551580	1	0	0	0	0	0	1	0	0	1	0	1	0	0	1	0	0	0	1	0	R
NMDC20553629	1	0	0	0	0	1	0	0	0	1	0	1	0	0	1	1	1	0	1	0	R
NMDC20585457	1	1	1	0	0	0	0	0	0	1	0	1	0	0	1	1	0	0	1	0	R
NMDC20553634	1	0	0	0	0	0	1	0	0	1	0	1	0	0	1	1	0	0	1	0	R
NMDC20555624	0	0	0	1	0	0	1	0	0	1	0	1	0	0	1	0	0	0	1	0	R
NMDC20585458	1	1	0	1	0	0	1	1	0	1	0	1	0	0	1	0	0	0	1	0	R
NMDC20585459	1	1	0	1	0	0	1	0	0	1	0	0	0	0	1	1	0	0	1	0	R
NMDC20585460	1	0	0	0	0	0	1	0	0	1	0	1	0	0	1	1	0	0	1	0	R
NMDC20585461	1	0	0	0	0	0	1	0	0	1	0	1	0	0	1	0	0	0	1	0	R
NMDC20551582	1	1	1	0	0	0	0	0	0	1	0	1	0	0	1	1	0	0	1	0	R
NMDC20557657	1	0	0	0	0	1	0	0	0	1	0	1	0	0	1	1	1	0	1	0	R
NMDC20553635	1	1	1	0	0	0	0	0	0	1	0	1	0	0	1	1	0	0	1	0	R
NMDC20585463	1	0	0	0	0	0	1	0	0	1	1	1	0	0	1	1	0	0	1	0	R
NMDC20585464	1	1	1	0	1	0	0	0	0	1	0	1	0	0	1	0	0	0	1	0	R
NMDC20551586	1	0	0	1	0	0	0	0	0	1	0	0	0	0	1	1	0	0	1	0	R
NMDC20551587	1	0	0	0	0	1	0	0	0	1	0	1	0	0	1	1	1	0	1	0	R
NMDC20585467	1	0	0	1	0	0	1	0	0	1	0	1	0	0	1	0	0	0	1	0	R
NMDC20585468	1	1	0	1	0	1	0	0	0	1	0	0	0	0	1	1	0	0	1	0	R
NMDC20551590	1	1	1	0	0	0	0	0	0	1	0	1	0	0	1	1	0	0	1	0	R
NMDC20585469	0	0	0	0	0	0	1	0	0	1	0	1	0	0	1	1	0	0	1	0	R
NMDC20585470	1	0	0	0	0	1	0	0	0	1	0	1	0	0	1	1	1	0	1	0	R
NMDC20555628	1	1	0	1	0	0	1	0	0	1	0	0	0	0	1	1	0	0	1	0	R
NMDC20585473	1	0	0	0	0	1	0	0	0	1	0	1	0	0	0	1	1	0	1	0	R
NMDC20585475	0	1	0	0	0	0	0	0	1	0	1	1	0	1	1	0	0	0	1	1	R
NMDC20551592	1	0	0	0	0	1	0	0	0	1	0	1	0	0	1	1	1	0	1	0	R
NMDC20553641	1	0	0	0	1	1	0	0	0	1	0	1	0	0	1	0	1	0	1	0	R
NMDC20553642	1	0	0	0	0	0	1	0	0	1	0	1	0	0	1	1	0	0	1	0	R
NMDC20585478	1	1	1	0	0	0	0	0	0	1	0	1	0	0	1	1	0	0	1	0	R
NMDC20585479	1	0	0	0	0	1	0	0	0	1	0	1	0	0	1	1	1	0	1	0	R
NMDC20555633	0	0	0	0	0	0	1	0	0	1	0	1	0	0	1	1	0	0	1	0	R
NMDC20555636	1	0	0	1	0	1	1	0	0	1	0	0	0	0	1	1	0	0	1	0	R
NMDC20585486	1	1	1	0	1	0	0	0	0	1	0	1	0	0	1	0	0	0	1	0	R
NMDC20585488	1	0	0	1	0	1	0	0	0	0	1	1	0	0	1	0	1	0	1	0	R
NMDC20585492	1	0	0	0	0	0	1	0	0	1	0	1	0	0	1	1	0	0	1	0	R
NMDC20585497	1	0	0	0	0	1	0	0	0	1	0	1	0	0	1	0	1	0	1	0	R
NMDC20585498	1	0	0	0	0	1	0	0	0	1	0	1	0	0	1	1	1	0	1	0	R
NMDC20585501	0	1	0	0	0	1	0	0	0	1	0	1	0	0	0	1	0	0	1	0	R
NMDC20585502	0	1	1	0	1	0	0	0	0	1	0	1	0	0	1	0	0	0	1	0	R
NMDC20585505	0	1	1	0	1	0	0	0	0	1	0	1	0	0	1	0	0	0	1	0	R
NMDC20585506	1	0	0	0	0	1	0	0	0	1	0	1	0	0	1	1	1	0	1	0	R
NMDC20585507	1	1	1	0	1	0	0	0	0	1	0	1	0	0	1	0	0	0	1	0	R
NMDC20585511	1	0	0	0	1	1	0	0	0	1	0	1	0	0	1	0	0	0	1	0	R
NMDC20585512	1	0	0	0	0	1	0	0	0	1	0	1	0	0	0	1	1	0	1	0	R
NMDC20585514	0	0	0	0	1	1	0	0	0	1	0	1	0	0	1	0	0	0	1	0	R
NMDC20585521	1	0	0	0	0	1	0	0	0	1	0	1	0	0	0	1	1	0	1	0	R
NMDC20585524	1	0	0	0	0	1	0	0	0	1	0	1	0	0	0	1	1	0	1	0	R
NMDC20585527	1	1	1	0	1	0	0	0	0	1	0	1	0	0	1	0	0	0	1	0	R
NMDC20585532	0	1	0	0	0	1	0	0	0	1	0	1	0	0	0	1	0	0	1	0	R
NMDC20585536	1	0	0	0	0	1	0	0	0	1	0	1	0	0	0	1	1	0	1	0	R
NMDC20585537	1	0	0	0	0	1	0	0	0	1	0	1	0	0	0	1	1	0	1	0	R
NMDC20585541	0	1	1	0	1	0	0	0	0	1	0	1	0	0	1	0	0	0	1	0	R
NMDC20585545	1	0	0	1	0	1	0	0	0	0	1	1	0	0	1	0	1	0	1	0	R
NMDC20585547	0	1	1	0	1	0	0	0	0	1	0	1	0	0	1	0	0	0	1	0	R
NMDC20585550	0	0	0	0	0	1	0	0	0	1	0	1	0	0	0	1	0	0	1	0	R
NMDC20585551	1	1	1	0	1	0	0	0	0	1	0	1	0	0	1	0	0	0	1	0	R
NMDC20585552	0	0	0	0	0	0	1	0	0	1	0	1	0	0	1	1	0	0	1	0	R
NMDC20585553	0	0	0	1	0	1	0	0	0	0	1	1	0	0	1	0	0	0	1	0	R
NMDC20585555	1	1	1	0	1	0	0	0	0	1	0	1	0	0	1	0	0	0	1	0	R
NMDC20585559	1	1	1	0	0	0	0	0	0	1	0	1	0	0	1	1	0	0	1	0	R
NMDC20585560	1	0	0	0	0	1	0	0	0	1	0	1	0	0	1	1	1	0	1	0	R
NMDC20585564	0	1	0	0	0	1	0	0	0	1	0	1	0	0	1	1	0	0	1	0	R
NMDC20553646	0	1	0	0	0	0	0	0	1	0	1	1	0	1	1	0	0	0	1	1	R
NMDC20585574	0	1	0	0	0	0	0	0	1	0	1	1	0	1	1	0	0	0	1	1	R
NMDC20585575	0	1	0	0	0	0	0	0	1	0	1	1	0	1	1	0	0	0	1	1	R
NMDC20557664	0	1	0	0	0	0	0	0	1	0	1	1	0	1	1	0	0	0	1	1	R
NMDC20553647	0	1	0	0	0	0	0	0	1	0	1	1	0	1	1	0	0	0	1	1	R
NMDC20557665	0	1	0	0	0	0	0	0	1	0	1	1	0	1	1	0	0	0	1	1	R
NMDC20551598	0	1	0	0	0	0	0	0	1	0	1	1	0	1	1	0	0	0	1	1	R
NMDC20551599	1	0	0	0	0	1	0	0	0	1	0	1	0	0	1	1	0	0	1	0	R
NMDC20585577	0	1	0	1	0	0	1	0	0	1	0	1	0	0	1	0	0	0	1	0	R
NMDC20585578	1	1	0	1	0	0	0	0	1	1	0	1	0	0	1	1	0	0	1	1	R
NMDC20585579	0	1	1	0	1	0	0	0	0	1	0	1	0	0	1	0	0	0	1	0	R
NMDC20585580	1	0	0	0	0	1	0	0	0	1	0	1	0	0	1	1	1	0	1	0	R
NMDC20553650	1	0	0	0	0	0	1	0	0	1	0	1	0	0	1	0	0	0	1	0	R
NMDC20551602	1	1	1	0	1	0	0	0	0	1	0	1	0	0	1	0	0	0	1	0	R
NMDC20585581	1	0	0	0	0	1	0	0	0	1	0	1	0	0	1	0	1	0	1	0	R
NMDC20557668	0	1	0	0	0	1	0	0	0	1	0	1	0	0	0	1	0	0	1	0	R
NMDC20585588	1	1	1	0	1	0	0	0	0	1	0	1	0	0	1	0	0	0	1	0	R
NMDC20585589	1	1	1	0	1	0	0	0	0	1	0	1	0	0	1	0	0	0	1	0	R
NMDC20585590	0	0	0	1	0	1	0	0	0	0	1	1	0	0	1	0	0	0	0	0	R
NMDC20585593	1	0	0	0	0	1	0	0	0	1	0	1	0	0	1	1	1	0	1	0	R
NMDC20585605	1	1	0	1	0	0	1	0	0	1	0	1	0	0	1	0	0	0	1	0	R
NMDC20557669	0	0	0	1	0	1	0	0	0	0	1	1	0	0	1	0	0	0	0	0	R
NMDC20553651	1	0	0	0	0	1	0	0	0	1	0	1	0	0	1	1	1	0	1	0	R
NMDC20557670	1	1	1	0	0	0	0	0	0	1	0	1	0	0	1	1	0	0	1	0	R
NMDC20557671	1	0	0	0	0	1	0	0	0	1	0	1	0	0	1	1	1	0	1	0	R
NMDC20557672	1	0	0	0	0	0	1	0	0	1	0	1	0	0	1	1	0	0	1	0	R
NMDC20557673	1	0	0	0	0	1	0	0	0	1	0	1	0	0	1	1	1	0	1	0	R
NMDC20551606	1	0	0	0	0	1	0	0	0	1	0	1	0	0	1	1	1	0	1	0	R
NMDC20585607	0	0	0	0	0	1	0	0	0	1	0	1	0	0	1	1	0	0	1	0	R
NMDC20585608	1	1	1	0	0	0	0	0	0	1	0	1	0	0	1	1	0	0	1	0	R
NMDC20585609	1	0	0	0	0	1	0	0	0	1	0	1	0	0	1	1	1	0	1	0	R
NMDC20585610	1	0	0	0	0	1	0	0	0	1	0	1	0	0	1	1	1	0	1	0	R
NMDC20553652	1	0	0	1	0	1	0	0	0	0	1	1	0	0	1	0	1	0	1	0	R
NMDC20553653	1	1	1	0	1	0	0	0	0	1	0	1	0	0	1	0	0	0	1	0	R
NMDC20585613	1	0	0	0	0	1	0	0	0	1	0	1	0	0	1	1	1	0	1	0	R
NMDC20551608	1	0	0	0	0	0	1	0	0	1	0	1	0	0	1	0	0	0	1	0	R
NMDC20557676	1	0	0	0	0	0	1	0	0	1	0	1	0	0	1	0	0	0	1	0	R
NMDC20551610	1	0	0	0	0	0	1	0	0	1	0	1	0	0	1	0	0	0	1	0	R
NMDC20553655	1	0	0	0	0	0	1	0	0	1	0	1	0	0	1	0	0	0	1	0	R
NMDC20585616	1	1	1	0	1	0	0	0	0	1	0	1	0	0	1	0	0	0	1	0	R
NMDC20585621	1	0	0	0	0	1	0	0	0	1	0	1	0	0	1	1	1	0	1	0	R
NMDC20555651	1	0	0	0	0	1	0	0	0	1	0	1	0	0	1	1	1	0	1	0	R
NMDC20585625	1	0	0	0	0	0	1	0	0	1	0	1	0	0	1	1	0	0	1	0	R
NMDC20555652	1	0	0	0	0	0	1	0	0	1	0	1	0	0	1	1	0	0	1	0	R
NMDC20585629	0	0	0	0	0	0	0	0	0	1	0	1	0	0	1	1	0	0	1	0	R
NMDC20585630	1	0	0	1	0	0	1	0	0	1	0	1	0	0	1	0	0	0	1	0	R
NMDC20585631	1	0	0	1	0	1	0	0	0	0	1	1	0	0	1	0	0	0	0	0	R
NMDC20585632	1	1	1	0	1	0	0	0	0	1	0	1	0	0	1	0	0	0	1	0	R
NMDC20557680	1	1	0	0	0	0	0	0	0	1	0	1	0	0	1	1	0	0	1	0	R
NMDC20585634	1	0	0	0	0	0	1	0	0	1	0	1	0	0	1	1	0	0	1	0	R
NMDC20585637	1	0	0	0	0	1	0	0	0	1	0	1	0	0	1	1	1	0	1	0	R
NMDC20553658	1	0	0	0	0	1	0	0	0	1	0	1	0	0	1	1	1	0	1	0	R
NMDC20585644	1	0	0	0	0	1	0	0	0	1	0	1	0	0	1	1	1	0	1	0	R
NMDC20557685	1	0	0	0	0	1	0	0	0	1	0	1	0	0	1	1	1	0	1	0	R
NMDC20551618	1	1	1	0	1	0	0	0	0	1	0	1	0	0	1	0	0	0	1	0	R
NMDC20551619	1	1	1	1	0	0	0	0	0	1	0	0	0	0	1	1	0	1	1	0	R
NMDC20557686	0	0	0	0	0	1	0	0	0	1	0	1	0	0	1	1	0	0	1	0	R
NMDC20555657	0	1	0	0	0	0	0	0	1	0	1	1	0	1	1	0	0	0	1	1	R
NMDC20555658	1	0	0	0	0	1	0	0	0	1	0	1	0	0	1	1	1	0	1	0	R
NMDC20585655	1	1	1	0	0	0	0	0	0	1	0	1	0	0	1	1	0	0	1	0	R
NMDC20551623	1	0	0	0	0	0	1	0	0	1	0	1	0	0	1	1	0	0	1	0	R
NMDC20553663	1	0	0	1	0	1	0	0	0	0	1	1	0	0	1	0	1	0	1	0	R
NMDC20585658	1	0	0	0	0	0	1	0	0	1	0	1	0	0	1	1	0	0	1	0	R
NMDC20553664	0	0	0	0	0	1	0	0	0	1	0	1	0	0	0	1	0	0	1	0	R
NMDC20555662	1	1	1	0	0	0	0	0	0	1	0	1	0	0	1	1	0	0	1	0	R
NMDC20585662	0	1	0	0	0	0	0	0	0	1	0	1	0	0	1	0	0	0	1	0	R
NMDC20585663	1	1	1	0	1	0	0	0	0	1	0	1	0	0	1	0	0	0	1	0	R
NMDC20585669	1	1	1	0	0	0	0	0	0	1	0	1	0	0	1	1	0	0	1	0	R
NMDC20585677	1	1	0	1	0	0	1	0	0	1	0	1	0	0	1	0	0	0	1	0	R
NMDC20585679	1	1	0	1	0	0	1	0	0	1	0	1	0	0	1	0	0	0	1	0	R
NMDC20585686	1	0	0	1	0	0	0	0	0	1	0	1	0	0	1	0	0	0	1	0	R
NMDC20585687	1	0	0	0	0	1	0	0	0	1	0	1	0	0	1	1	1	0	1	0	R
NMDC20585690	0	0	0	0	0	0	0	0	0	0	0	1	0	0	0	1	0	0	1	0	R
NMDC20553667	1	0	0	0	0	1	0	0	0	1	0	1	0	0	1	0	1	0	1	0	R
NMDC20557694	1	0	0	1	0	1	0	0	0	0	1	1	0	0	1	0	0	0	0	0	R
NMDC20585705	1	0	0	0	0	1	0	0	0	1	0	1	0	0	1	1	1	0	1	0	R
NMDC20585706	1	1	1	0	0	0	0	0	0	1	0	1	0	0	1	1	0	0	1	0	R
NMDC20585708	1	0	0	0	0	1	0	0	0	1	0	1	0	0	0	1	1	0	1	0	R
NMDC20585710	0	1	0	0	0	1	0	0	0	1	0	1	0	0	0	1	0	0	1	0	R
NMDC20585711	1	0	0	0	0	1	0	0	0	1	0	1	0	0	0	1	1	0	1	0	R
NMDC20585712	1	1	1	0	1	0	0	0	0	1	0	1	0	0	1	0	0	0	1	0	R
NMDC20585713	1	0	0	0	0	1	0	0	0	1	0	1	0	0	1	1	1	0	1	0	R
NMDC20585715	1	0	0	0	0	1	0	0	0	1	0	1	0	0	0	1	1	0	1	0	R
NMDC20586308	1	1	1	0	1	0	0	0	0	1	0	1	0	0	1	0	0	0	1	0	R
NMDC20551846	0	1	0	0	0	0	0	0	1	1	0	1	0	0	0	0	0	0	1	1	R
NMDC20586315	1	1	0	1	0	0	1	0	0	1	0	1	0	0	1	0	0	0	1	0	R
NMDC20586316	0	0	0	0	0	0	0	0	0	0	1	1	0	1	1	0	0	0	1	0	R
NMDC20586318	0	1	0	0	0	0	0	0	1	0	1	1	0	1	1	0	0	0	1	1	R
NMDC20555872	0	1	1	0	0	0	0	0	0	1	0	1	0	0	1	1	0	0	1	0	R
NMDC20553859	0	1	0	0	0	0	0	0	1	0	1	1	0	1	1	0	0	0	1	1	R
NMDC20553860	0	0	0	0	1	1	0	0	0	1	0	1	0	0	1	0	0	0	1	0	R
NMDC20553861	1	0	0	0	0	0	1	0	0	1	0	1	0	0	1	1	0	0	1	0	R
NMDC20551849	1	1	1	0	0	0	0	0	0	1	0	1	0	0	1	1	0	0	1	0	R
NMDC20551850	1	1	1	0	1	0	0	0	0	1	0	1	0	0	0	0	0	0	1	0	R
NMDC20586332	1	1	0	1	0	0	1	0	0	1	0	1	0	0	1	0	0	0	1	0	R
NMDC20586333	1	1	0	1	0	0	1	0	0	1	0	1	0	0	1	0	0	0	1	0	R
NMDC20586338	0	1	0	0	0	0	0	0	1	0	1	1	0	1	1	0	0	0	1	1	R
NMDC20586339	1	1	0	1	0	0	1	0	0	1	0	1	0	0	1	0	0	0	1	0	R
NMDC20586342	0	1	0	0	0	0	0	0	1	0	1	1	0	1	1	0	0	0	1	1	R
NMDC20586343	0	1	0	0	0	0	0	0	1	0	1	1	0	1	1	0	0	0	1	1	R
NMDC20586344	0	1	0	0	0	0	0	0	1	0	1	1	0	1	1	0	0	0	1	1	R
NMDC20586345	1	0	0	1	0	0	1	0	0	1	0	1	0	0	1	0	0	0	1	0	R
NMDC20586361	0	1	0	0	0	0	0	0	1	0	1	1	0	1	1	0	0	0	1	1	R
NMDC20586364	1	1	0	1	0	1	0	0	0	1	0	1	0	0	1	1	0	0	1	0	R
NMDC20586366	1	1	0	1	0	1	0	0	1	1	0	1	0	0	1	1	0	0	1	1	R
NMDC20586374	0	1	1	0	0	0	0	0	0	1	0	1	0	0	1	0	0	0	0	0	R
NMDC20586376	0	0	0	0	0	0	0	0	0	0	1	1	0	1	1	0	0	0	1	0	R
NMDC20586378	1	0	0	1	0	0	1	0	0	1	0	1	0	0	1	0	0	0	1	0	R
NMDC20586380	1	1	0	1	0	0	1	0	0	1	0	1	0	0	1	0	0	0	1	0	R
NMDC20589014	1	0	0	1	0	1	0	0	0	1	0	0	0	0	1	1	0	0	1	0	R
NMDC20589015	1	0	0	0	0	0	1	0	0	1	0	1	0	0	1	1	0	0	1	0	R
NMDC20589017	1	0	0	0	0	0	1	0	0	1	0	1	0	0	1	1	0	0	1	0	R
NMDC20589035	0	0	0	0	0	0	0	0	0	0	1	1	0	0	1	0	0	0	1	0	R
NMDC20589042	1	0	0	0	0	1	0	0	0	1	0	1	0	0	1	0	1	0	1	0	R
NMDC20555932	1	0	0	0	0	0	1	0	0	1	0	1	0	0	1	1	0	0	1	0	R
NMDC20586537	1	0	0	1	0	0	0	0	0	1	0	0	0	0	0	1	0	0	1	0	R
NMDC20586538	1	1	0	1	0	1	0	0	0	1	0	0	0	0	1	1	0	0	1	0	R
NMDC20586539	0	0	0	0	0	0	0	0	1	1	0	1	0	0	1	1	0	0	0	1	R
NMDC20586550	1	0	0	0	0	1	0	0	0	1	0	1	0	0	1	1	0	0	1	0	R
NMDC20586576	0	1	0	0	0	0	0	0	1	0	1	1	0	1	1	0	0	0	1	1	R
NMDC20553920	1	0	0	0	0	1	0	0	0	1	0	1	0	0	1	1	1	0	1	0	R
NMDC20553921	1	0	0	0	0	1	0	0	0	1	0	1	0	0	1	1	1	0	1	0	R
NMDC20557928	1	1	1	1	0	0	0	0	0	1	0	1	0	0	1	1	0	0	1	0	R
NMDC20586578	1	0	0	0	0	1	0	0	0	1	0	1	0	0	1	1	1	0	1	0	R
NMDC20551926	1	0	0	0	0	1	0	0	0	1	0	1	0	0	1	1	0	0	1	0	R
NMDC20586615	1	0	0	0	0	1	0	0	0	1	0	1	0	0	1	1	1	0	1	0	R
NMDC20586624	1	1	1	0	0	0	0	0	0	1	0	1	0	0	1	1	0	0	1	0	R
NMDC20553948	1	0	0	0	0	1	0	0	0	1	0	1	0	0	1	1	1	0	1	0	R
NMDC20557961	0	1	0	0	0	0	0	0	1	0	1	1	0	1	1	0	0	0	1	1	R
NMDC20553949	0	0	0	0	1	1	0	0	0	1	0	1	0	0	1	0	0	0	1	0	R
NMDC20553950	1	1	1	0	0	0	0	0	0	1	0	1	0	0	1	1	0	0	1	0	R
NMDC20586631	1	1	1	0	0	0	0	0	0	1	0	1	0	0	1	1	0	0	1	0	R
NMDC20586633	0	1	0	0	0	0	0	0	1	0	1	1	0	1	1	0	0	0	1	1	R
NMDC20553953	1	0	0	0	0	0	1	0	0	1	0	1	0	0	1	1	0	0	1	0	R
NMDC20557966	1	1	0	0	0	1	0	0	0	1	0	1	0	0	0	1	0	0	1	0	R
NMDC20586639	1	0	0	0	0	0	1	0	0	1	0	1	0	0	1	1	0	0	1	0	R
NMDC20553959	1	1	0	0	0	1	1	0	0	1	0	1	0	0	0	1	0	0	1	0	R
NMDC20586643	1	0	0	0	0	1	0	0	0	1	0	1	0	0	1	0	1	0	1	0	R
NMDC20551951	1	0	0	0	0	0	1	0	0	1	0	1	1	0	1	1	0	0	1	0	R
NMDC20586644	1	0	0	0	0	0	1	0	0	1	0	1	1	0	1	1	0	0	1	0	R
NMDC20553964	1	0	0	1	0	1	0	0	0	0	1	1	0	0	1	0	1	0	1	0	R
NMDC20551953	1	0	0	0	0	1	0	0	0	1	0	1	0	0	1	1	1	0	1	0	R
NMDC20551954	0	0	0	0	0	1	0	0	0	1	0	1	0	0	1	1	0	0	1	0	R
NMDC20553966	1	1	1	0	0	0	0	0	0	1	0	1	0	0	1	1	0	0	1	0	R
NMDC20551956	1	0	0	0	0	1	0	0	0	1	0	1	0	0	1	0	1	0	1	0	R
NMDC20588176	1	0	0	1	0	0	1	0	0	1	0	1	0	0	1	0	0	0	1	0	R
NMDC20558406	1	1	1	1	0	0	0	0	0	1	0	1	0	0	1	0	0	0	1	0	R
NMDC20554394	0	1	1	0	1	0	0	0	0	1	0	1	0	0	1	0	0	0	1	0	R
NMDC20588184	1	0	0	1	0	0	1	0	0	1	0	1	0	0	1	0	0	0	1	0	R
NMDC20558407	1	0	0	1	0	0	1	0	0	1	0	1	0	0	1	0	0	0	1	0	R
NMDC20558085	0	0	0	0	0	0	0	0	0	1	0	1	0	0	1	1	0	0	1	0	R
NMDC20558086	1	0	0	0	0	1	0	0	0	1	0	1	0	0	1	1	1	0	1	0	R
NMDC20552046	1	1	1	0	1	0	0	0	0	1	0	1	0	0	1	0	0	0	1	0	R
NMDC20586925	0	1	0	0	0	0	0	0	1	0	1	1	0	1	1	0	0	0	1	1	R
NMDC20558088	1	1	1	0	1	0	0	0	0	1	0	1	0	0	0	0	0	0	1	0	R
NMDC20556084	0	0	0	0	0	0	0	0	0	0	1	1	0	1	1	0	0	0	1	0	R
NMDC20586927	1	0	0	1	0	1	0	1	0	1	0	1	0	0	1	0	0	0	1	0	R
NMDC20554082	0	0	0	0	0	0	0	0	0	0	1	1	0	1	1	0	0	0	1	0	R
NMDC20586928	1	0	0	0	0	0	1	0	0	1	1	1	0	0	1	1	0	0	1	0	R
NMDC20554084	1	0	0	0	0	1	0	0	0	1	0	1	0	0	1	1	1	0	1	0	R
NMDC20558090	0	0	0	0	0	0	0	0	0	0	1	1	0	0	0	0	0	0	0	0	R
NMDC20556087	0	0	0	0	0	0	0	0	0	0	1	1	0	1	1	0	0	0	1	0	R
NMDC20558091	0	0	0	0	0	0	0	0	0	0	1	1	0	1	1	0	0	0	1	0	R
NMDC20586932	1	0	0	0	0	0	1	0	0	1	0	1	0	0	1	1	0	0	1	0	R
NMDC20586934	1	1	1	0	1	0	0	0	0	1	0	1	0	0	1	0	0	0	1	0	R
NMDC20586935	1	0	0	0	0	1	0	0	0	1	0	1	0	0	1	1	1	0	1	0	R
NMDC20554085	1	0	0	0	0	1	0	0	0	1	0	1	0	0	1	1	1	0	1	0	R
NMDC20554086	1	1	0	1	0	0	1	0	0	1	0	1	0	0	1	0	0	0	1	0	R
NMDC20586937	1	0	0	0	0	0	1	0	0	1	0	1	0	0	1	1	0	0	1	0	R
NMDC20556090	0	1	1	0	1	0	0	0	0	1	0	1	0	0	1	0	0	0	1	0	R
NMDC20552050	0	0	0	0	0	0	0	0	1	1	0	1	0	0	1	1	0	0	1	1	R
NMDC20586940	1	1	1	0	0	0	0	0	0	1	0	1	0	0	1	1	0	0	1	0	R
NMDC20554090	1	0	0	0	0	1	0	0	0	1	0	1	0	0	0	1	1	0	1	0	R
NMDC20586946	1	1	0	1	0	0	1	0	0	1	0	1	0	0	1	0	0	0	1	0	R
NMDC20552055	1	1	1	0	0	0	0	0	0	1	0	1	0	0	1	1	0	0	1	0	R
NMDC20586947	1	1	1	0	1	0	0	0	0	1	0	1	0	0	1	0	0	0	1	0	R
NMDC20554095	1	0	0	1	0	1	0	0	0	0	1	1	0	0	1	0	1	0	1	0	R
NMDC20554096	0	0	0	0	0	0	0	0	0	0	1	1	0	1	1	0	0	0	1	0	R
NMDC20558095	0	0	0	0	0	0	0	0	0	0	1	1	0	1	1	0	0	0	1	0	R
NMDC20554098	0	0	0	0	0	0	0	0	0	0	1	1	0	1	1	0	0	0	1	0	R
NMDC20586956	1	0	0	0	0	0	1	0	0	1	1	1	0	0	1	1	0	0	1	0	R
NMDC20586957	1	1	1	0	1	0	0	0	0	1	0	1	0	0	1	0	0	0	1	0	R
NMDC20558098	0	0	0	0	0	0	0	0	0	0	1	1	0	1	1	0	0	0	1	0	R
NMDC20552059	1	0	0	0	0	0	1	0	0	1	0	1	0	0	1	1	0	0	1	0	R
NMDC20554102	1	0	0	0	0	0	0	0	0	1	0	1	0	0	1	1	1	0	1	0	R
NMDC20552060	0	0	0	0	0	0	0	0	0	0	1	1	0	1	1	0	0	0	1	0	R
NMDC20558101	1	1	1	0	0	0	0	0	0	1	0	1	0	0	1	1	0	0	1	0	R
NMDC20554103	1	0	0	0	0	0	1	0	0	1	0	1	0	0	1	1	0	0	1	0	R
NMDC20556097	1	1	1	0	0	0	0	0	0	1	0	1	0	0	1	1	0	0	1	0	R
NMDC20586964	1	0	0	1	0	1	0	0	0	0	1	1	0	0	1	0	1	0	1	0	R
NMDC20586965	0	0	0	0	0	0	0	0	0	0	1	1	0	1	1	0	0	0	1	0	R
NMDC20586966	0	0	0	0	0	0	0	0	0	0	1	1	0	1	1	0	0	0	1	0	R
NMDC20586969	0	1	0	1	0	0	1	0	0	1	0	1	0	0	1	0	0	0	1	0	R
NMDC20586971	0	0	0	0	0	0	0	0	0	1	0	1	0	0	1	1	0	0	1	0	R
NMDC20554106	1	1	0	1	0	0	1	0	0	1	0	1	0	0	1	0	0	0	1	0	R
NMDC20558104	1	1	0	1	0	0	1	0	0	1	0	1	0	0	1	0	0	0	1	0	R
NMDC20552072	1	1	0	1	0	0	1	0	0	1	0	1	0	0	1	0	0	0	1	0	R
NMDC20554107	0	0	0	0	0	0	0	0	0	1	0	1	0	0	1	1	0	0	1	0	R
NMDC20586979	1	1	1	0	1	0	0	0	0	1	0	1	0	0	1	0	0	0	1	0	R
NMDC20586980	1	1	1	0	0	0	0	0	0	1	0	1	0	0	1	1	0	0	1	0	R
NMDC20554110	0	0	0	0	0	0	1	0	0	1	0	1	0	0	1	0	0	0	1	0	R
NMDC20558108	1	0	0	0	0	1	0	0	0	1	0	1	0	0	1	0	1	0	1	0	R
NMDC20586981	1	0	0	0	0	0	1	0	0	1	0	1	0	0	1	0	0	0	1	0	R
NMDC20554111	1	0	0	0	0	0	1	0	0	1	0	1	0	0	1	1	0	0	1	0	R
NMDC20552073	1	0	0	0	0	0	1	0	0	1	0	1	0	0	1	1	0	0	1	0	R
NMDC20554112	1	0	0	0	0	1	0	0	0	1	0	1	0	0	1	0	1	0	1	0	R
NMDC20556105	1	0	0	1	0	1	0	0	0	0	1	1	0	0	1	0	1	0	1	0	R
NMDC20586984	1	1	1	0	0	0	0	0	0	1	0	1	0	0	1	1	0	0	1	0	R
NMDC20586992	0	0	0	0	0	0	0	0	0	0	1	1	0	1	1	0	0	0	1	0	R
NMDC20586993	1	1	1	0	0	0	0	0	0	1	0	1	0	0	1	1	0	0	1	0	R
NMDC20586994	1	0	0	0	0	1	0	0	0	1	0	1	0	0	1	1	1	0	1	0	R
NMDC20556108	1	0	0	0	0	1	0	0	0	1	0	1	0	0	1	1	1	0	1	0	R
NMDC20552079	1	0	0	0	0	1	0	0	0	1	0	1	0	0	1	1	1	0	1	0	R
NMDC20558113	1	0	0	0	0	1	0	0	0	1	0	1	0	0	1	1	1	0	1	0	R
NMDC20587001	1	1	0	1	0	1	0	0	0	1	0	0	0	0	1	1	0	0	1	0	R
NMDC20587002	1	1	0	1	0	0	1	0	0	1	0	1	0	0	1	0	0	0	1	0	R
NMDC20556111	1	0	0	0	0	0	1	0	0	1	0	1	0	0	1	1	0	0	1	0	R
NMDC20587005	0	0	0	1	0	0	1	0	0	1	1	1	0	0	1	0	0	0	1	0	R
NMDC20556113	1	1	1	0	1	0	0	0	0	1	1	1	0	0	1	0	0	0	1	0	R
NMDC20556118	1	0	0	0	0	0	1	0	0	1	1	1	0	0	1	1	0	0	1	0	R
NMDC20558117	1	1	0	1	0	1	0	0	0	1	0	0	0	0	1	1	0	0	1	0	R
NMDC20556119	1	1	1	0	0	0	0	0	0	1	0	1	0	0	1	1	0	0	1	0	R
NMDC20552088	1	0	0	0	1	0	1	0	0	0	0	0	0	0	0	0	0	0	1	0	R
NMDC20558121	1	0	0	0	0	0	1	0	0	1	1	1	0	0	1	1	0	0	1	0	R
NMDC20556125	1	0	0	0	0	1	0	0	0	1	0	1	0	0	1	1	1	0	1	0	R
NMDC20554135	0	0	0	0	0	0	0	0	1	1	0	1	0	0	1	1	0	0	0	1	R
NMDC20558132	0	0	0	0	0	0	0	0	0	1	0	1	0	0	1	1	0	0	1	0	R
NMDC20587058	1	0	0	0	0	1	0	0	0	1	0	1	0	0	1	1	1	0	1	0	R
NMDC20554139	1	0	0	0	0	1	0	0	0	1	1	1	0	0	1	0	0	0	1	0	R
NMDC20552108	1	1	0	1	0	1	0	0	0	1	0	0	0	0	1	1	0	0	1	0	R
NMDC20558134	1	0	0	0	0	0	1	0	0	1	0	1	1	0	1	1	0	0	1	0	R
NMDC20587064	1	0	0	0	0	0	1	0	0	1	0	1	0	0	1	1	0	0	1	0	R
NMDC20552111	1	1	0	1	0	0	0	0	1	1	0	1	0	0	1	1	0	0	1	1	R
NMDC20587067	1	0	0	0	0	0	1	0	0	1	0	1	0	0	1	1	0	0	1	0	R
NMDC20556132	1	0	0	0	0	1	0	0	0	1	0	1	0	0	1	1	1	0	1	0	R
NMDC20587069	0	0	0	0	0	1	0	0	0	1	0	1	0	0	1	1	0	0	1	0	R
NMDC20558135	0	0	0	0	0	1	0	0	0	1	0	1	0	0	1	1	0	0	1	0	R
NMDC20587070	1	0	0	0	0	0	1	0	0	1	0	1	0	0	1	1	0	0	1	0	R
NMDC20587072	0	0	0	0	0	1	0	0	0	1	0	1	0	0	1	1	0	0	1	0	R
NMDC20587074	1	0	0	0	0	0	1	0	0	1	0	1	0	0	1	1	0	0	1	0	R
NMDC20587075	1	0	0	0	0	1	0	0	0	1	0	1	0	0	1	1	1	0	1	0	R
NMDC20556137	0	1	0	0	0	0	0	0	1	1	0	1	0	0	0	0	0	0	1	1	R
NMDC20554150	1	0	0	0	0	1	0	0	0	1	0	1	0	0	1	1	1	0	1	0	R
NMDC20587078	1	0	0	0	0	0	1	0	0	1	0	1	0	0	1	1	0	0	1	0	R
NMDC20554152	0	0	0	0	0	1	0	0	0	1	0	1	0	0	1	1	0	0	1	0	R
NMDC20587081	1	0	0	0	0	1	0	0	0	1	0	1	0	0	1	1	1	0	1	0	R
NMDC20552116	1	0	0	0	0	1	0	0	0	1	0	1	0	0	1	1	1	0	1	0	R
NMDC20587083	1	0	0	0	0	1	0	0	0	1	0	1	0	0	1	0	1	0	1	0	R
NMDC20587085	1	0	0	0	0	0	1	0	0	1	0	1	0	0	1	1	0	0	1	0	R
NMDC20554155	1	1	1	0	0	0	0	0	0	1	0	1	0	0	1	1	0	0	1	0	R
NMDC20558142	1	0	0	0	0	1	0	0	0	1	0	1	0	0	1	1	1	0	1	0	R
NMDC20587087	0	0	0	0	0	1	0	0	0	1	0	1	0	0	1	1	0	0	1	0	R
NMDC20587089	1	1	1	0	0	0	0	0	0	1	0	1	0	0	1	1	0	0	1	0	R
NMDC20587091	0	0	1	0	1	0	0	0	0	1	0	1	0	0	1	0	0	0	1	0	R
NMDC20558143	1	0	0	0	0	1	0	0	0	1	0	1	0	0	1	1	1	0	1	0	R
NMDC20554158	0	1	0	0	0	0	0	0	1	0	1	1	0	1	1	0	0	0	1	1	R
NMDC20558144	1	0	0	0	0	0	1	0	0	1	0	1	0	0	1	1	0	0	1	0	R
NMDC20558145	1	0	0	0	0	1	0	0	0	1	0	1	0	0	1	1	1	0	1	0	R
NMDC20587096	1	1	0	0	0	1	0	0	0	1	0	1	0	0	1	0	0	0	1	0	R
NMDC20558148	1	0	0	0	0	1	0	0	0	1	0	1	0	0	1	1	0	0	1	0	R
NMDC20587099	0	1	0	0	0	0	0	0	0	1	0	1	0	0	1	1	0	0	1	0	R
NMDC20552118	1	0	0	0	0	0	1	0	0	1	0	1	0	0	1	1	0	0	1	0	R
NMDC20554163	0	0	0	0	0	1	0	0	0	1	0	1	0	0	1	1	0	0	1	0	R
NMDC20556146	1	0	0	0	0	1	0	0	0	1	0	1	0	0	1	1	1	0	1	0	R
NMDC20558154	1	0	0	0	0	0	1	0	0	1	0	1	0	0	1	1	0	0	1	0	R
NMDC20558155	1	0	0	0	0	0	1	0	0	1	0	1	0	0	1	1	0	0	1	0	R
NMDC20556147	1	0	0	0	0	0	1	0	0	1	0	1	0	0	1	1	0	0	1	0	R
NMDC20587103	1	0	0	0	0	0	1	0	0	1	0	1	0	0	1	1	0	0	1	0	R
NMDC20556151	1	0	0	0	0	1	0	0	0	1	0	1	0	0	1	1	1	0	1	0	R
NMDC20552122	1	0	0	0	0	1	0	0	0	1	0	1	0	0	1	1	1	0	1	0	R
NMDC20554164	0	1	1	0	0	0	0	0	0	1	0	1	0	0	0	0	0	0	0	0	R
NMDC20554165	0	1	1	0	0	0	0	0	0	1	0	1	0	0	0	0	0	0	0	0	R
NMDC20552124	1	0	0	1	0	1	0	0	0	0	1	1	0	0	1	0	1	0	1	0	R
NMDC20556153	1	0	0	0	0	1	0	0	0	1	0	1	0	0	1	1	1	0	1	0	R
NMDC20556154	0	1	0	0	0	0	0	0	1	0	1	1	0	1	1	0	0	0	1	1	R
NMDC20587111	1	1	1	0	0	0	0	0	0	1	0	1	0	0	1	1	0	0	1	0	R
NMDC20587112	1	0	0	0	0	1	0	0	0	1	0	1	0	0	1	1	0	0	1	0	R
NMDC20587116	1	0	0	0	0	1	0	0	0	1	0	1	0	0	1	1	1	0	1	0	R
NMDC20552125	1	0	0	0	0	1	0	0	0	1	0	1	0	0	1	1	0	0	1	0	R
NMDC20558159	1	0	0	0	0	0	1	0	0	1	0	1	0	0	1	1	0	0	1	0	R
NMDC20587118	1	0	0	0	1	1	0	0	0	1	0	1	0	0	1	0	0	0	1	0	R
NMDC20552127	1	0	0	0	0	1	0	0	0	1	0	1	0	0	1	1	1	0	1	0	R
NMDC20556158	1	0	0	0	0	1	0	0	0	1	0	1	0	0	1	1	0	0	1	0	R
NMDC20558161	1	1	0	0	0	0	0	0	1	1	0	1	0	0	1	1	0	0	1	0	R
NMDC20556159	1	0	0	0	0	1	0	0	0	1	0	1	0	0	1	1	1	0	1	0	R
NMDC20587123	0	0	0	0	0	0	0	0	0	0	1	1	0	1	1	0	0	0	1	0	R
NMDC20558162	1	0	0	0	0	0	1	0	0	1	0	1	0	0	1	1	0	0	1	0	R
NMDC20587125	1	1	1	0	1	0	0	0	0	1	0	1	0	0	1	0	0	0	1	0	R
NMDC20556161	1	1	1	0	1	0	0	0	0	1	0	1	0	0	1	0	0	0	1	0	R
NMDC20587130	1	1	1	0	1	0	0	0	0	1	0	1	0	0	1	0	0	0	1	0	R
NMDC20587135	1	0	0	0	0	1	0	0	0	1	0	1	0	0	1	1	1	0	1	0	R
NMDC20558165	1	1	1	0	1	0	0	0	0	1	0	1	0	0	1	0	0	0	1	0	R
NMDC20552133	1	0	0	0	0	1	0	0	0	1	0	1	0	0	1	1	1	0	1	0	R
NMDC20587137	1	0	0	0	0	0	1	0	0	1	0	1	0	0	1	1	0	0	1	0	R
NMDC20554179	1	0	0	0	0	0	1	0	0	1	0	1	0	0	1	1	0	0	1	0	R
NMDC20587139	1	0	0	0	0	1	0	0	0	1	0	1	0	0	1	1	1	0	1	0	R
NMDC20558168	1	0	0	0	0	1	0	0	0	1	0	1	0	0	1	1	1	0	1	0	R
NMDC20552136	1	0	0	0	0	0	1	0	0	1	0	1	0	0	1	1	0	0	1	0	R
NMDC20552137	1	0	0	0	0	0	1	0	0	1	0	1	0	0	1	1	0	0	1	0	R
NMDC20554182	1	0	0	0	0	0	1	0	0	1	0	1	0	0	1	1	0	0	1	0	R
NMDC20552139	1	0	0	0	0	0	1	0	0	1	0	1	0	0	1	1	0	0	1	0	R
NMDC20587142	1	1	0	1	0	0	1	0	0	1	0	1	0	0	1	0	0	0	1	0	R
NMDC20554186	1	0	0	0	0	0	1	0	0	1	0	1	0	0	1	1	0	0	1	0	R
NMDC20587143	0	0	0	0	0	0	0	0	1	1	0	1	0	0	1	1	0	0	1	1	R
NMDC20552142	1	0	0	0	0	1	0	0	0	1	0	1	0	0	1	1	1	0	1	0	R
NMDC20587145	1	0	0	0	0	1	0	0	0	1	0	1	0	0	1	1	1	0	1	0	R
NMDC20587148	1	0	0	0	0	1	0	0	0	1	0	1	0	0	1	1	1	0	1	0	R
NMDC20587149	1	0	0	0	0	1	0	0	0	1	0	1	0	0	1	1	1	0	1	0	R
NMDC20556171	0	1	0	0	0	0	0	0	1	0	1	1	0	1	1	0	0	0	1	1	R
NMDC20587150	1	1	0	1	0	0	1	0	0	1	0	1	0	0	1	0	0	0	1	0	R
NMDC20587151	1	0	0	0	0	0	0	0	0	1	0	1	0	0	1	1	0	0	1	0	R
NMDC20587152	1	0	0	0	0	1	0	0	0	1	0	1	0	0	1	0	1	0	1	0	R
NMDC20556173	1	0	0	0	0	1	0	0	0	1	0	1	0	0	1	1	1	0	1	0	R
NMDC20587154	1	1	0	1	0	1	0	0	0	1	0	0	0	0	1	1	0	0	1	0	R
NMDC20587156	1	0	0	0	0	1	0	0	0	1	0	1	0	0	1	0	1	0	1	0	R
NMDC20558174	1	1	1	0	0	0	1	0	0	1	0	1	0	0	1	1	0	0	1	0	R
NMDC20587159	1	0	0	0	0	0	1	0	0	1	0	1	1	0	1	1	0	0	1	0	R
NMDC20587161	1	0	0	0	0	1	0	0	1	1	0	1	0	0	1	1	1	0	1	0	R
NMDC20587166	1	0	0	0	0	1	0	0	0	1	0	1	0	0	1	1	1	0	1	0	R
NMDC20554191	0	1	0	0	0	0	0	0	1	0	1	1	0	1	1	0	0	0	1	1	R
NMDC20552154	1	0	0	0	0	0	1	0	0	1	0	1	0	0	1	1	0	0	1	0	R
NMDC20558177	1	0	0	0	0	1	0	0	0	1	0	1	0	0	1	0	1	0	1	0	R
NMDC20556178	0	0	0	0	0	0	0	0	1	1	0	1	0	0	1	1	0	0	0	1	R
NMDC20556179	1	1	1	0	0	0	0	0	0	1	0	1	0	0	1	1	0	0	1	0	R
NMDC20587168	0	0	0	0	0	0	0	0	0	0	1	1	0	1	1	0	0	0	1	0	R
NMDC20587169	0	1	1	0	0	0	0	0	0	1	0	1	0	0	0	0	0	0	0	0	R
NMDC20587170	0	0	0	0	0	1	0	0	0	1	0	1	0	0	1	1	0	0	1	0	R
NMDC20558179	1	0	0	0	0	1	0	0	0	1	0	1	0	0	1	1	1	0	1	0	R
NMDC20587171	1	0	0	0	0	1	0	0	0	1	0	1	0	0	1	1	1	0	1	0	R
NMDC20552157	0	1	0	0	0	0	0	0	1	0	1	1	0	1	1	0	0	0	1	1	R
NMDC20552158	0	1	0	0	0	0	0	0	1	0	1	1	0	1	1	0	0	0	1	1	R
NMDC20587176	0	1	0	0	0	0	0	0	1	0	1	1	0	1	1	0	0	0	1	1	R
NMDC20552159	1	0	0	0	0	0	1	0	0	1	0	1	0	0	1	1	0	0	1	0	R
NMDC20552161	1	0	0	0	0	1	0	0	0	1	0	1	0	0	1	1	1	0	1	0	R
NMDC20587179	1	0	0	0	0	0	1	0	0	1	0	1	0	0	1	1	0	0	1	0	R
NMDC20558184	1	0	0	0	0	1	0	0	0	1	0	1	0	0	1	1	1	0	1	0	R
NMDC20558185	1	0	0	0	0	0	1	0	0	1	0	1	0	0	1	1	0	0	1	0	R
NMDC20587187	0	1	1	0	0	0	0	0	0	1	0	1	0	0	1	1	0	0	1	0	R
NMDC20587188	1	0	0	0	0	1	0	0	0	1	0	1	0	0	1	1	1	0	1	0	R
NMDC20587191	1	0	0	0	0	1	0	0	0	1	0	1	0	0	1	1	1	0	1	0	R
NMDC20587192	1	1	1	0	0	0	0	0	0	1	0	1	0	0	1	1	0	0	1	0	R
NMDC20556184	1	0	0	0	0	1	0	0	0	1	0	1	0	0	0	1	1	0	1	0	R
NMDC20587194	1	0	0	0	0	1	0	0	0	1	0	1	0	0	1	1	1	0	1	0	R
NMDC20587195	1	0	0	0	0	0	1	0	0	1	0	1	0	0	1	1	0	0	1	0	R
NMDC20558188	1	0	0	0	0	0	1	0	0	1	0	1	0	0	1	1	0	0	1	0	R
NMDC20552167	1	1	0	0	0	1	0	0	0	1	0	1	0	0	1	1	0	0	1	0	R
NMDC20558189	0	1	0	0	0	1	0	0	0	1	0	1	0	0	0	1	0	0	1	0	R
NMDC20554200	1	0	0	0	0	1	0	0	0	1	0	1	0	0	1	1	1	0	1	0	R
NMDC20587198	1	0	0	0	0	1	0	0	0	1	0	1	0	0	1	1	1	0	1	0	R
NMDC20587199	1	0	0	0	0	1	0	0	0	1	0	1	0	0	1	1	1	0	1	0	R
NMDC20558190	1	1	1	0	0	0	0	0	0	1	0	1	0	0	1	1	0	0	1	0	R
NMDC20556189	1	0	0	0	0	1	0	0	0	1	0	1	0	0	1	1	1	0	1	0	R
NMDC20558191	1	0	0	0	0	0	1	0	0	1	0	1	0	0	1	1	0	0	1	0	R
NMDC20587202	1	1	1	0	0	0	0	0	0	1	0	1	0	0	1	1	0	0	1	0	R
NMDC20556192	1	1	1	0	1	0	0	0	0	1	0	1	0	0	1	0	0	0	1	0	R
NMDC20556193	0	1	0	0	0	1	0	0	0	1	0	1	0	0	0	1	0	0	1	0	R
NMDC20587203	0	1	0	0	0	1	0	0	0	1	0	1	0	0	0	1	0	0	1	0	R
NMDC20556195	1	0	0	0	0	0	1	0	0	1	0	1	0	0	1	1	0	0	1	0	R
NMDC20587205	1	0	0	0	0	1	0	0	0	1	0	1	0	0	1	1	1	0	1	0	R
NMDC20587206	1	0	0	1	0	1	0	0	0	1	0	1	0	0	1	1	0	0	1	0	R
NMDC20552171	1	0	0	0	1	1	0	0	0	1	0	1	0	0	1	0	0	0	1	0	R
NMDC20552173	1	0	0	1	0	0	1	0	0	1	0	1	0	0	1	0	0	0	1	0	R
NMDC20554207	1	0	0	0	0	1	0	0	0	1	0	1	0	0	1	1	1	0	1	0	R
NMDC20554208	1	0	0	0	0	1	0	0	0	1	0	1	0	0	1	1	0	0	1	0	R
NMDC20558205	1	1	1	0	1	0	0	0	0	1	0	1	0	0	1	0	0	0	1	0	R
NMDC20587218	0	1	0	0	0	0	0	0	0	1	0	1	0	0	1	1	0	0	1	0	R
NMDC20552180	0	1	0	0	0	0	0	0	1	0	1	1	0	1	1	0	0	0	1	1	R
NMDC20558206	0	1	0	0	0	0	0	0	1	0	1	1	0	1	1	0	0	0	1	1	R
NMDC20558207	1	0	0	0	0	1	0	0	0	1	0	1	0	0	1	1	1	0	1	0	R
NMDC20558208	1	0	0	0	0	1	0	0	0	1	0	1	0	0	1	1	1	0	1	0	R
NMDC20554210	1	0	0	0	0	0	1	0	0	1	0	1	0	0	1	1	0	0	1	0	R
NMDC20554212	0	0	0	0	0	0	0	0	1	1	0	1	0	0	1	1	0	0	0	1	R
NMDC20554216	1	1	1	0	0	0	1	0	0	1	0	1	0	0	1	1	0	0	1	0	R
NMDC20552184	0	1	1	1	0	0	0	0	0	1	0	1	0	0	1	0	0	0	0	0	R
NMDC20587228	1	0	0	0	1	1	0	0	0	1	0	1	0	0	1	0	0	0	1	0	R
NMDC20556209	0	0	0	1	0	1	0	0	0	0	1	1	0	0	1	0	0	0	1	0	R
NMDC20587233	1	1	1	0	0	0	0	0	0	1	0	1	0	0	1	1	0	0	1	0	R
NMDC20554221	1	1	0	0	0	0	1	0	0	1	1	1	0	0	1	1	0	0	1	0	R
NMDC20558214	0	1	0	0	0	0	0	0	1	0	1	1	0	1	1	0	0	0	1	1	R
NMDC20554222	0	1	0	0	0	0	0	0	1	0	1	1	0	1	1	0	0	0	1	1	R
NMDC20552187	1	1	1	0	0	0	0	0	0	1	0	1	0	0	1	1	0	0	1	0	R
NMDC20552189	1	0	0	0	0	0	1	0	0	1	0	1	0	0	1	1	0	0	1	0	R
NMDC20587236	1	0	0	1	0	1	0	0	0	0	1	1	0	0	1	0	1	0	1	0	R
NMDC20554224	0	1	0	0	0	0	0	0	1	0	1	1	0	1	1	0	0	0	1	1	R
NMDC20552192	1	0	0	0	0	1	0	0	0	1	0	1	0	0	1	1	1	0	1	0	R
NMDC20587238	1	0	0	0	0	1	0	0	0	1	0	1	0	0	1	1	1	0	1	0	R
NMDC20552193	1	0	0	0	0	0	1	0	0	1	0	1	0	0	1	1	0	0	1	0	R
NMDC20587239	1	1	1	0	0	0	0	0	0	1	0	1	0	0	1	1	0	0	1	0	R
NMDC20587241	1	0	0	0	0	1	0	0	0	1	0	1	0	0	1	1	1	0	1	0	R
NMDC20552194	1	0	0	0	0	0	1	0	0	1	0	1	0	0	1	1	0	0	1	0	R
NMDC20587242	1	0	0	0	0	0	0	0	0	1	0	1	0	0	1	1	0	0	1	0	R
NMDC20558218	1	0	0	0	0	1	0	0	0	1	0	1	0	0	1	0	1	0	1	0	R
NMDC20558219	1	0	0	0	0	1	0	0	0	1	0	1	0	0	1	1	1	0	1	0	R
NMDC20552198	1	0	0	0	0	1	0	0	0	1	0	1	0	0	1	1	1	0	1	0	R
NMDC20587246	1	1	1	0	1	0	0	0	0	1	0	1	0	0	1	0	0	0	1	0	R
NMDC20558221	1	0	0	0	0	1	0	0	0	1	0	1	0	0	1	1	1	0	1	0	R
NMDC20556215	1	0	0	0	0	1	0	0	0	1	0	1	0	0	1	1	1	0	1	0	R
NMDC20554227	1	0	0	1	0	1	0	0	0	0	1	1	0	0	1	0	0	0	0	0	R
NMDC20554228	1	0	0	0	0	0	1	0	0	1	0	1	0	0	1	1	0	0	1	0	R
NMDC20552201	1	0	0	1	0	1	0	0	0	0	1	1	0	0	1	0	1	0	1	0	R
NMDC20558225	0	1	0	0	0	0	0	0	0	1	0	1	0	0	1	1	0	0	1	0	R
NMDC20554229	0	1	0	0	0	0	0	0	0	1	0	1	0	0	1	1	0	0	1	0	R
NMDC20587250	0	0	0	0	0	0	0	0	0	1	0	1	0	0	1	1	0	0	1	0	R
NMDC20587254	1	0	0	0	0	1	0	0	0	1	0	1	0	0	1	1	0	0	1	0	R
NMDC20587255	1	1	1	0	0	0	0	0	0	1	0	1	0	0	1	1	0	0	1	0	R
NMDC20554232	1	1	1	0	0	0	0	0	0	1	0	1	0	0	1	1	0	0	1	0	R
NMDC20556221	0	1	0	0	0	0	0	0	1	0	1	1	0	1	1	0	0	0	1	1	R
NMDC20552208	1	0	0	0	0	0	1	0	0	1	0	1	0	0	1	1	0	0	1	0	R
NMDC20587260	0	1	1	0	0	0	0	0	0	1	0	1	0	0	1	1	0	0	1	0	R
NMDC20558234	1	0	0	0	0	0	1	0	0	1	1	1	0	0	1	1	0	0	1	0	R
NMDC20552211	1	0	0	0	0	1	0	0	0	1	0	1	0	0	1	1	1	0	1	0	R
NMDC20552212	0	1	0	0	0	0	0	0	1	0	1	1	0	1	1	0	0	0	1	1	R
NMDC20587265	1	0	0	0	0	0	1	0	0	1	0	1	0	0	1	1	0	0	1	0	R
NMDC20554238	1	0	0	0	0	1	0	0	0	1	0	1	0	0	1	1	1	0	1	0	R
NMDC20552215	1	0	0	0	0	0	1	0	0	1	0	1	0	0	1	1	0	0	1	0	R
NMDC20552216	1	0	0	0	0	1	0	0	0	1	0	1	0	0	1	0	1	0	1	0	R
NMDC20587268	0	1	0	0	0	0	0	0	1	0	1	1	0	1	1	0	0	0	1	1	R
NMDC20558237	1	0	0	0	0	1	0	0	0	1	0	1	0	0	1	1	1	0	1	0	R
NMDC20587271	0	0	0	0	0	0	1	0	0	1	0	1	0	0	1	1	0	0	1	0	R
NMDC20587273	0	1	0	0	0	0	0	0	1	0	1	1	0	1	1	0	0	0	1	1	R
NMDC20556234	0	1	0	0	0	0	0	0	1	0	1	1	0	1	1	0	0	0	1	1	R
NMDC20587274	0	1	0	0	0	0	0	0	1	0	1	1	0	1	1	0	0	0	1	1	R
NMDC20552218	1	0	0	1	0	0	1	0	0	1	0	1	0	0	1	0	0	0	1	0	R
NMDC20556235	0	1	0	0	0	0	0	0	1	0	1	1	0	1	1	0	0	0	1	1	R
NMDC20587276	0	1	0	0	0	0	0	0	1	0	1	1	0	1	1	0	0	0	1	1	R
NMDC20587277	0	1	0	0	0	0	0	0	1	0	1	1	0	1	1	0	0	0	1	1	R
NMDC20587278	1	0	0	0	0	1	0	0	0	1	0	1	0	0	1	1	1	0	1	0	R
NMDC20558240	1	1	1	0	0	0	0	0	0	1	0	1	0	0	1	1	0	0	1	0	R
NMDC20587280	1	0	0	0	0	1	0	0	0	1	0	1	0	0	1	1	1	0	1	0	R
NMDC20587281	0	1	0	0	0	0	0	0	1	0	1	1	0	1	1	0	0	0	1	1	R
NMDC20554245	1	0	0	0	0	1	0	0	0	1	0	1	0	0	1	1	1	0	1	0	R
NMDC20587286	1	1	0	1	0	1	1	0	0	1	0	0	0	0	1	1	0	0	1	0	R
NMDC20554248	1	0	0	0	0	0	1	0	0	1	0	1	0	0	1	1	0	0	1	0	R
NMDC20558245	1	0	0	0	0	1	0	0	0	1	0	1	0	0	1	1	1	0	1	0	R
NMDC20554249	0	0	0	0	0	1	0	0	0	1	0	1	0	0	1	1	0	0	1	0	R
NMDC20587289	1	1	0	0	1	1	0	0	0	1	0	1	0	0	1	0	0	0	1	0	R
NMDC20556237	1	1	0	1	0	1	0	0	0	1	0	0	0	0	1	1	0	0	1	0	R
NMDC20558246	0	1	0	0	0	0	0	0	1	0	1	1	0	1	1	0	0	0	1	1	R
NMDC20554250	0	1	0	0	0	0	0	0	1	0	1	1	0	1	1	0	0	0	1	1	R
NMDC20554251	0	1	0	0	0	0	0	0	1	0	1	1	0	1	1	0	0	0	1	1	R
NMDC20558248	0	1	0	0	0	0	0	0	1	0	1	1	0	1	1	0	0	0	1	1	R
NMDC20587294	1	0	0	0	0	1	0	0	0	1	0	1	0	0	0	1	1	0	1	0	R
NMDC20558249	0	1	0	0	0	0	0	0	1	0	1	1	0	1	1	0	0	0	1	1	R
NMDC20558250	1	0	0	0	0	1	0	0	0	1	0	1	0	0	1	1	1	0	1	0	R
NMDC20552227	1	0	0	0	0	0	1	0	0	1	0	1	0	0	1	1	0	0	1	0	R
NMDC20554252	1	0	0	0	0	1	0	0	1	1	0	1	0	0	1	1	1	0	1	1	R
NMDC20554253	0	1	0	0	0	0	0	0	1	0	1	1	0	1	1	0	0	0	1	1	R
NMDC20556240	1	0	0	0	0	0	1	0	0	1	0	1	0	0	1	1	0	0	1	0	R
NMDC20587300	1	0	0	0	0	0	1	0	0	1	0	1	0	0	1	1	0	0	1	0	R
NMDC20552232	0	1	0	0	0	0	0	0	1	0	1	1	0	1	1	0	0	0	1	1	R
NMDC20558252	1	0	0	0	0	1	0	0	0	1	0	1	0	0	1	1	1	0	1	0	R
NMDC20552234	0	1	0	0	0	0	0	0	0	1	0	1	0	0	1	1	0	0	1	0	R
NMDC20556243	1	0	0	0	0	1	0	0	0	1	0	1	0	0	1	1	0	0	1	0	R
NMDC20587305	1	0	0	0	0	1	0	0	0	1	0	1	0	0	1	1	1	0	1	0	R
NMDC20552236	0	0	0	0	0	1	0	0	0	1	0	1	0	0	1	1	0	0	1	0	R
NMDC20587306	1	0	0	0	0	0	1	0	0	1	0	1	0	0	1	1	0	0	1	0	R
NMDC20558253	1	0	0	0	0	1	0	0	0	1	0	1	0	0	1	1	1	0	1	0	R
NMDC20552237	1	0	0	0	0	1	0	0	0	1	0	1	0	0	1	1	1	0	1	0	R
NMDC20558254	1	0	0	0	0	0	1	0	0	1	0	1	0	0	1	1	0	0	1	0	R
NMDC20558256	1	0	0	0	0	0	1	0	0	1	0	1	0	0	1	1	0	0	1	0	R
NMDC20587309	1	0	0	0	0	1	0	0	0	1	0	1	0	0	1	1	1	0	1	0	R
NMDC20587311	1	1	1	0	0	0	0	0	0	1	0	1	0	0	1	1	0	0	1	0	R
NMDC20552239	1	0	0	0	0	0	1	0	0	1	0	1	0	0	1	1	0	0	1	0	R
NMDC20556250	0	0	0	0	0	1	0	0	0	1	0	1	0	0	1	1	0	0	1	0	R
NMDC20552240	1	0	0	0	0	1	0	0	0	1	0	1	0	0	1	1	1	0	1	0	R
NMDC20556252	1	0	0	0	0	0	1	0	0	1	0	1	0	0	1	1	0	0	1	0	R
NMDC20587314	0	1	0	0	0	0	0	0	1	0	1	1	0	1	1	0	0	0	1	1	R
NMDC20587315	0	0	0	0	0	0	0	0	0	1	0	1	0	0	1	1	0	0	1	0	R
NMDC20556254	1	0	0	0	0	1	0	0	0	1	0	1	0	0	1	1	1	0	1	0	R
NMDC20587318	1	1	1	0	0	0	0	0	0	1	0	1	0	0	1	1	0	0	1	0	R
NMDC20554260	1	0	0	0	0	0	1	0	0	1	0	1	0	0	1	1	0	0	1	0	R
NMDC20556255	1	1	1	0	0	0	0	0	0	1	0	1	0	0	1	1	0	0	1	0	R
NMDC20552243	0	1	1	0	0	0	0	0	0	1	0	1	0	0	1	1	0	0	1	0	R
NMDC20587319	1	0	0	0	0	0	1	0	0	1	0	1	0	0	1	1	0	0	1	0	R
NMDC20554261	1	0	0	0	0	0	1	0	0	1	0	1	0	0	1	1	0	0	1	0	R
NMDC20558265	0	1	0	0	0	0	0	0	1	0	1	1	0	1	1	0	0	0	1	1	R
NMDC20587322	1	0	0	0	0	0	1	0	0	1	0	1	0	0	1	1	0	0	1	0	R
NMDC20556258	1	0	0	0	0	0	1	0	0	1	0	1	0	0	1	1	0	0	1	0	R
NMDC20556259	1	0	0	0	0	0	1	0	0	1	0	1	0	0	1	1	0	0	1	0	R
NMDC20552247	1	1	1	0	1	0	0	0	0	1	0	1	0	0	1	0	0	0	1	0	R
NMDC20587324	1	0	0	1	0	0	1	0	0	1	0	1	0	0	1	0	0	0	1	0	R
NMDC20554263	1	0	0	0	0	1	0	0	0	1	0	1	0	0	1	1	1	0	1	0	R
NMDC20558271	1	0	0	0	0	0	1	0	0	1	0	1	0	0	1	1	0	0	1	0	R
NMDC20554266	0	1	0	0	0	0	0	0	1	0	1	1	0	1	1	0	0	0	1	1	R
NMDC20552250	1	0	0	0	0	1	0	0	0	1	0	1	0	0	1	1	1	0	1	0	R
NMDC20587333	1	1	1	0	1	0	0	0	0	1	0	1	0	0	1	0	0	0	1	0	R
NMDC20587334	1	0	0	0	0	1	0	0	0	1	0	1	0	0	1	1	1	0	1	0	R
NMDC20554267	1	1	1	0	1	0	0	0	0	1	0	1	0	0	1	0	0	0	1	0	R
NMDC20556263	1	1	0	1	0	0	1	0	0	0	0	1	0	0	1	0	0	0	0	0	R
NMDC20556265	1	1	0	1	0	0	1	1	0	1	0	1	0	0	1	0	0	0	1	0	R
NMDC20556268	1	1	1	0	1	0	0	0	0	1	0	1	0	0	1	0	0	0	1	0	R
NMDC20587337	0	1	0	0	0	0	0	0	1	0	1	1	0	1	1	0	0	0	1	1	R
NMDC20587338	1	0	0	0	0	0	1	0	0	1	0	1	0	0	1	1	0	0	1	0	R
NMDC20556270	1	1	1	0	0	0	0	0	0	1	0	1	0	0	1	1	0	0	1	0	R
NMDC20552253	1	1	1	0	0	0	0	0	0	1	0	1	0	0	1	1	0	0	1	0	R
NMDC20552254	1	1	0	0	0	1	0	0	0	1	0	1	0	0	1	1	0	0	1	0	R
NMDC20558281	0	1	0	0	0	0	0	0	1	0	1	1	0	1	1	0	0	0	1	1	R
NMDC20587345	1	1	0	1	0	0	1	1	0	1	0	1	0	0	1	0	0	0	1	0	R
NMDC20552255	0	1	0	0	0	0	0	0	1	0	1	1	0	1	1	0	0	0	1	1	R
NMDC20587346	1	0	0	0	0	1	0	0	0	1	0	1	0	0	1	1	1	0	1	0	R
NMDC20558284	1	0	0	0	0	1	0	0	0	1	0	1	0	0	1	1	1	0	1	0	R
NMDC20552258	1	1	1	0	0	0	0	0	0	1	0	1	0	0	1	1	0	0	1	0	R
NMDC20552259	0	1	0	0	0	0	0	0	1	0	1	1	0	1	1	0	0	0	1	1	R
NMDC20587350	0	1	0	0	0	0	0	0	1	0	1	1	0	1	1	0	0	0	1	1	R
NMDC20556272	0	1	0	0	0	0	0	0	1	0	1	1	0	1	1	0	0	0	1	1	R
NMDC20587351	1	0	0	1	0	1	0	0	0	1	0	1	0	0	1	0	0	0	1	0	R
NMDC20587353	1	1	1	0	0	0	0	0	0	1	0	1	0	0	1	1	0	0	1	0	R
NMDC20587354	1	0	0	0	0	1	0	0	0	1	0	1	0	0	1	1	0	0	1	0	R
NMDC20554276	1	0	0	0	0	1	0	0	0	1	0	1	0	0	1	0	1	0	1	0	R
NMDC20558286	0	1	0	0	0	0	0	0	1	0	1	1	0	1	1	0	0	0	1	1	R
NMDC20587357	1	0	0	0	0	1	0	0	0	1	0	1	0	0	1	0	1	0	1	0	R
NMDC20552263	1	0	0	0	0	0	1	0	0	1	0	1	0	0	1	1	0	0	1	0	R
NMDC20587359	1	1	1	0	1	0	0	0	0	1	0	1	0	0	1	0	0	0	1	0	R
NMDC20558288	0	1	0	0	0	0	0	0	1	0	1	1	0	1	1	0	0	0	1	1	R
NMDC20556277	1	1	1	0	1	0	0	0	0	1	0	1	0	0	1	0	0	0	1	0	R
NMDC20587364	1	0	0	0	0	1	0	0	0	1	0	1	0	0	1	1	1	0	1	0	R
NMDC20587366	1	0	0	0	0	0	1	0	0	1	0	1	0	0	1	1	0	0	1	0	R
NMDC20558290	1	0	0	0	0	0	1	0	0	1	0	1	0	0	1	1	0	0	1	0	R
NMDC20556278	1	0	0	0	0	0	1	0	0	1	0	1	0	0	1	1	0	0	1	0	R
NMDC20587367	1	0	0	0	0	1	0	0	0	1	0	1	0	0	1	1	1	0	1	0	R
NMDC20552270	1	0	0	0	0	0	1	0	0	1	0	1	0	0	1	1	0	0	1	0	R
NMDC20556281	1	0	0	0	0	0	1	0	0	1	0	1	0	0	1	1	0	0	1	0	R
NMDC20587379	1	0	0	0	0	1	0	0	0	1	0	1	0	0	1	1	1	0	1	0	R
NMDC20554288	1	1	1	0	0	0	0	0	0	1	0	1	0	0	1	0	0	0	1	0	R
NMDC20558294	1	0	0	0	0	0	1	0	0	1	0	1	0	0	1	1	0	0	1	0	R
NMDC20552273	1	1	0	1	0	0	1	1	0	1	0	1	0	0	1	0	0	0	1	0	R
NMDC20587381	0	0	0	0	0	1	0	0	0	1	0	1	0	0	1	1	0	0	1	0	R
NMDC20587382	1	0	0	0	0	1	0	0	0	1	0	1	0	0	1	1	1	0	1	0	R
NMDC20558295	1	0	0	0	0	1	0	0	0	1	0	1	0	0	1	1	1	0	1	0	R
NMDC20552274	0	1	1	0	1	0	0	0	0	1	0	1	0	0	1	0	0	0	1	0	R
NMDC20554291	1	0	0	0	0	0	1	0	0	1	0	1	0	0	1	1	0	0	1	0	R
NMDC20552276	0	1	0	0	0	0	0	0	0	1	0	1	0	0	1	1	0	0	1	0	R
NMDC20587384	1	0	0	0	0	1	0	0	0	1	0	1	0	0	1	1	1	0	1	0	R
NMDC20558297	1	0	0	0	0	0	1	0	0	1	0	1	0	0	1	1	0	0	1	0	R
NMDC20587387	1	0	0	0	0	1	0	0	0	1	0	1	0	0	1	1	1	0	1	0	R
NMDC20554295	1	0	0	0	0	1	0	0	0	1	0	1	0	0	1	1	1	0	1	0	R
NMDC20552279	0	1	0	0	0	0	0	0	1	0	1	1	0	1	1	0	0	0	1	1	R
NMDC20587388	1	0	0	0	0	0	1	0	0	1	0	1	0	0	1	0	0	0	1	0	R
NMDC20556283	0	1	0	0	0	0	0	0	1	0	1	1	0	1	1	0	0	0	1	1	R
NMDC20556285	0	1	0	0	0	0	0	0	1	0	1	1	0	1	1	0	0	0	1	1	R
NMDC20558300	1	0	0	0	0	0	1	0	0	1	0	1	0	0	1	1	0	0	1	0	R
NMDC20554296	1	0	0	0	0	0	1	0	0	1	0	1	0	0	1	1	0	0	1	0	R
NMDC20556286	1	0	0	0	0	0	1	0	0	1	0	1	0	0	1	1	0	0	1	0	R
NMDC20552280	1	0	0	0	0	0	1	0	0	1	0	1	0	0	1	1	0	0	1	0	R
NMDC20558302	1	0	0	0	0	0	1	0	0	1	0	1	0	0	1	1	0	0	1	0	R
NMDC20556287	1	0	0	0	0	1	0	0	0	1	0	1	0	0	1	1	1	0	1	0	R
NMDC20552281	1	0	0	0	0	1	0	0	0	1	0	1	0	0	1	1	1	0	1	0	R
NMDC20554299	1	0	0	0	0	0	1	0	0	1	0	1	0	0	1	1	0	0	1	0	R
NMDC20556288	1	0	0	0	0	1	0	0	0	1	0	1	0	0	1	1	1	0	1	0	R
NMDC20587397	1	1	1	0	0	0	0	0	0	1	0	1	0	0	1	1	0	0	1	0	R
NMDC20587398	0	1	0	0	0	1	0	0	0	1	0	1	0	0	0	1	0	0	1	0	R
NMDC20558306	0	0	0	0	0	1	0	0	0	1	0	1	0	0	1	1	0	0	1	0	R
NMDC20587400	1	0	0	0	0	0	0	0	0	1	0	1	0	0	1	1	0	0	1	0	R
NMDC20587401	0	1	0	0	0	0	0	0	1	0	1	1	0	1	1	0	0	0	1	1	R
NMDC20587402	1	0	0	0	0	1	0	0	0	1	0	1	0	0	1	1	1	0	1	0	R
NMDC20558308	1	0	0	0	0	1	0	0	0	1	0	1	0	0	1	1	1	0	1	0	R
NMDC20587404	1	0	0	0	0	0	1	0	0	1	0	1	0	0	1	1	0	0	1	0	R
NMDC20558309	0	1	0	0	0	0	0	0	1	0	1	1	0	1	1	0	0	0	1	1	R
NMDC20556294	0	1	0	0	0	0	0	0	1	0	1	1	0	1	1	0	0	0	1	1	R
NMDC20558310	1	0	0	0	0	0	1	0	0	1	0	1	0	0	1	1	0	0	1	0	R
NMDC20554304	1	0	0	0	0	0	1	0	0	1	0	1	0	0	1	1	0	0	1	0	R
NMDC20558311	0	1	0	0	0	0	0	0	1	0	1	1	0	1	1	0	0	0	1	1	R
NMDC20587413	1	0	0	0	0	0	0	0	0	1	0	1	0	0	1	1	0	0	1	0	R
NMDC20556296	1	0	0	0	0	1	0	0	0	1	0	1	0	0	1	1	1	0	1	0	R
NMDC20587416	1	0	0	0	0	1	0	0	0	1	0	1	0	0	1	1	1	0	1	0	R
NMDC20558316	1	0	0	0	0	1	0	0	0	1	0	1	0	0	1	1	1	0	1	0	R
NMDC20587418	0	0	0	0	0	0	0	0	0	1	0	1	0	0	1	1	0	0	1	0	R
NMDC20558317	1	0	0	0	0	0	0	0	0	1	0	1	0	0	1	1	0	0	1	0	R
NMDC20558318	0	1	0	0	0	0	0	0	1	0	1	1	0	1	1	0	0	0	1	1	R
NMDC20556299	1	1	0	0	0	0	0	0	1	1	0	1	0	0	1	1	0	0	1	1	R
NMDC20554311	0	1	1	0	0	0	0	0	0	1	0	1	0	0	1	1	0	0	1	0	R
NMDC20556301	1	0	0	0	0	0	1	0	0	1	0	1	0	0	1	1	0	0	1	0	R
NMDC20587426	0	0	0	0	0	1	0	0	0	1	0	1	0	0	1	1	0	0	1	0	R
NMDC20558321	1	0	0	0	0	0	0	0	1	1	0	1	0	0	1	1	0	0	1	1	R
NMDC20556302	0	1	1	0	0	0	0	0	0	1	0	1	0	0	1	1	0	0	1	0	R
NMDC20587428	0	1	0	0	0	0	0	0	1	0	1	1	0	1	1	0	0	0	1	1	R
NMDC20554312	1	1	1	0	0	1	0	0	0	1	0	1	0	0	1	1	0	0	1	0	R
NMDC20587429	1	1	1	0	0	1	0	0	0	1	0	1	0	0	1	1	0	0	1	0	R
NMDC20556305	0	0	0	0	0	0	0	0	1	1	0	1	0	0	1	1	0	0	0	1	R
NMDC20587430	0	1	0	0	0	0	0	0	1	0	0	1	0	1	1	0	0	0	1	1	R
NMDC20552291	0	1	0	0	0	0	0	0	1	0	1	1	0	1	1	0	0	0	1	1	R
NMDC20552292	1	0	0	0	0	0	1	0	0	1	0	1	0	0	1	1	0	0	1	0	R
NMDC20587435	1	1	1	0	0	0	0	0	0	1	1	1	0	0	1	0	0	0	1	0	R
NMDC20558326	0	1	0	0	0	0	0	0	1	0	1	1	0	1	1	0	0	0	1	1	R
NMDC20554315	0	0	0	1	0	0	1	0	0	1	0	1	0	0	1	0	0	0	1	0	R
NMDC20587439	0	1	0	0	0	1	0	0	0	1	0	1	0	0	0	1	0	0	1	0	R
NMDC20558331	0	0	0	0	0	0	0	0	0	0	1	1	0	1	1	0	0	0	1	0	R
NMDC20587442	1	1	1	0	1	0	0	0	0	1	0	1	0	0	1	0	0	0	1	0	R
NMDC20587443	0	1	0	0	0	1	0	0	0	1	0	1	0	0	0	1	0	0	1	0	R
NMDC20587446	1	0	0	1	0	1	0	0	0	0	1	1	0	0	1	0	1	0	1	0	R
NMDC20587449	0	1	0	0	0	0	0	0	1	0	1	1	0	1	1	0	0	0	1	1	R
NMDC20587450	1	0	1	0	0	0	0	0	0	1	0	1	0	0	1	1	0	0	1	0	R
NMDC20552295	1	0	0	1	0	0	1	0	0	1	0	1	0	0	1	0	0	0	1	0	R
NMDC20554317	1	0	0	0	0	1	0	0	0	1	0	1	0	0	1	1	1	0	1	0	R
NMDC20554318	0	1	0	0	0	0	0	0	1	0	1	1	0	1	1	0	0	0	1	1	R
NMDC20554319	1	1	1	0	1	0	0	0	0	1	0	1	0	0	1	0	0	0	1	0	R
NMDC20587453	0	1	0	0	0	0	0	0	1	0	1	1	0	1	1	0	0	0	1	1	R
NMDC20558333	0	0	0	0	0	0	0	0	0	1	0	1	0	0	1	1	0	0	1	0	R
NMDC20552296	0	1	0	0	0	0	0	0	1	0	1	1	0	1	1	0	0	0	1	1	R
NMDC20558334	0	1	0	0	0	0	0	0	1	0	1	1	0	1	1	0	0	0	1	1	R
NMDC20554321	0	0	0	0	0	0	1	0	0	1	0	1	0	0	1	1	0	0	1	0	R
NMDC20554323	1	1	0	0	0	1	0	0	0	1	0	1	0	0	1	1	0	0	1	0	R
NMDC20558336	1	0	0	0	0	0	1	0	0	1	0	1	0	0	1	1	0	0	1	0	R
NMDC20552300	1	0	0	0	0	1	0	0	0	1	0	1	0	0	0	0	1	0	0	0	R
NMDC20587460	1	0	0	0	0	0	0	0	0	1	0	1	0	0	1	1	0	0	1	0	R
NMDC20556320	1	0	0	0	0	0	1	0	0	1	0	1	0	0	1	1	0	0	1	0	R
NMDC20556321	1	0	0	0	0	1	0	0	0	1	0	1	0	0	1	1	1	0	1	0	R
NMDC20587462	0	1	0	0	0	0	0	0	1	0	1	1	0	1	1	0	0	0	1	1	R
NMDC20587463	0	1	0	0	0	0	0	0	1	0	1	1	0	1	1	0	0	0	1	1	R
NMDC20554325	1	0	0	0	0	0	1	0	0	1	0	1	0	0	1	1	0	0	1	0	R
NMDC20556323	1	0	0	0	0	1	0	0	0	1	0	1	0	0	1	1	0	0	1	0	R
NMDC20552301	1	0	0	0	0	0	0	0	0	1	0	1	0	0	1	1	0	0	1	0	R
NMDC20587465	1	0	0	0	0	0	1	0	0	1	0	1	0	0	1	1	0	0	1	0	R
NMDC20558338	0	1	0	0	0	0	0	0	1	0	1	1	0	1	1	0	0	0	1	1	R
NMDC20554327	1	0	0	0	0	0	1	0	0	1	0	1	0	0	1	1	0	0	1	0	R
NMDC20587467	0	1	0	0	0	0	0	0	1	0	1	1	0	1	1	0	0	0	1	1	R
NMDC20552302	1	0	0	0	0	0	1	0	0	1	0	1	0	0	1	1	0	0	1	0	R
NMDC20554328	1	0	0	0	0	0	1	0	0	1	0	1	0	0	1	1	0	0	1	0	R
NMDC20558340	0	1	0	0	0	0	0	0	1	0	1	1	0	1	1	0	0	0	1	1	R
NMDC20587469	1	1	1	0	1	0	0	0	0	1	0	1	0	0	1	0	0	0	1	0	R
NMDC20556325	1	0	0	0	0	0	1	0	0	1	0	1	0	0	1	1	0	0	1	0	R
NMDC20558342	1	0	0	0	0	0	1	0	0	1	0	1	0	0	1	1	0	0	1	0	R
NMDC20587470	1	0	0	0	0	0	1	0	0	1	0	1	0	0	1	1	0	0	1	0	R
NMDC20552303	1	0	0	0	0	1	0	0	0	1	0	1	0	0	1	1	0	0	1	0	R
NMDC20587474	1	0	0	0	0	0	1	0	0	1	0	1	0	0	1	1	0	0	1	0	R
NMDC20587477	0	1	0	0	0	0	0	0	1	0	1	1	0	1	1	0	0	0	1	1	R
NMDC20587478	1	0	0	0	0	0	1	0	0	1	0	1	0	0	1	1	0	0	1	0	R
NMDC20558343	1	0	0	0	0	0	1	0	0	1	0	1	0	0	1	1	0	0	1	0	R
NMDC20556328	1	0	0	0	0	1	0	0	0	1	0	1	0	0	1	0	1	0	1	0	R
NMDC20587480	1	0	0	0	0	1	0	0	0	1	0	1	0	0	1	1	1	0	1	0	R
NMDC20558344	1	1	0	1	0	0	1	0	0	1	0	1	0	0	1	0	0	0	1	0	R
NMDC20554331	0	1	0	0	0	0	0	0	1	0	1	1	0	1	1	0	0	0	1	1	R
NMDC20558345	1	0	0	0	0	0	1	0	0	1	0	1	0	0	1	1	0	0	1	0	R
NMDC20587483	1	0	0	0	0	0	1	0	0	1	0	1	0	0	1	0	0	0	1	0	R
NMDC20587486	0	1	0	0	0	0	0	0	1	0	1	1	0	1	1	0	0	0	1	1	R
NMDC20558346	0	1	0	0	1	0	0	0	0	1	0	1	0	0	1	0	0	0	1	0	R
NMDC20558347	1	0	0	1	0	1	1	0	0	1	0	0	0	0	1	1	0	0	1	0	R
NMDC20556331	1	0	0	0	0	0	1	0	0	1	0	1	0	0	1	1	0	0	1	0	R
NMDC20558348	1	0	0	0	0	0	1	0	0	1	0	1	0	0	1	1	0	0	1	0	R
NMDC20587492	0	1	0	0	0	0	0	0	1	0	1	1	0	1	1	0	0	0	1	1	R
NMDC20554335	1	0	0	0	0	0	1	0	0	1	0	1	0	0	1	1	0	0	1	0	R
NMDC20556333	1	0	0	0	0	0	0	0	0	1	0	1	0	0	1	1	0	0	1	0	R
NMDC20554336	1	0	0	0	0	0	1	0	0	1	0	1	0	0	1	1	0	0	1	0	R
NMDC20587497	0	1	0	0	0	0	0	0	1	0	1	1	0	1	1	0	0	0	1	1	R
NMDC20587498	1	0	0	0	0	1	0	0	0	1	0	1	0	0	1	1	1	0	1	0	R
NMDC20587501	1	0	0	0	0	1	0	0	0	1	0	1	0	0	1	1	1	0	1	0	R
NMDC20587502	1	1	1	0	1	0	0	0	0	1	0	1	0	0	1	0	0	0	1	0	R
NMDC20552313	1	0	0	0	0	0	1	0	0	1	0	1	0	0	1	1	0	0	1	0	R
NMDC20552316	1	0	0	0	0	1	0	0	0	1	0	1	0	0	1	1	1	0	1	0	R
NMDC20587510	1	0	0	0	0	1	0	0	0	1	0	1	0	0	1	1	1	0	1	0	R
NMDC20558352	1	0	0	1	0	0	1	0	0	1	0	1	0	0	1	0	0	0	1	0	R
NMDC20587514	0	0	0	0	0	1	0	0	0	1	0	1	0	0	0	1	0	0	1	0	R
NMDC20552317	0	0	0	0	0	1	0	0	0	1	0	1	0	0	1	1	0	0	1	0	R
NMDC20552318	0	1	0	0	0	0	0	0	1	0	1	1	0	1	1	0	0	0	1	1	R
NMDC20587517	0	1	0	0	0	0	0	0	1	0	1	1	0	1	1	0	0	0	1	1	R
NMDC20558359	0	1	0	0	0	0	0	0	1	0	1	1	0	1	1	0	0	0	1	1	R
NMDC20552319	0	1	0	0	0	0	0	0	1	0	1	1	0	1	1	0	0	0	1	1	R
NMDC20552321	1	0	0	0	0	0	1	0	0	1	0	1	0	0	1	1	0	0	1	0	R
NMDC20552322	1	0	0	0	0	1	0	0	0	1	0	1	0	0	1	1	1	0	1	0	R
NMDC20552323	1	0	0	0	0	0	1	0	0	1	0	1	0	0	1	0	0	0	1	0	R
NMDC20587519	1	0	0	0	0	1	0	0	0	1	0	1	0	0	1	1	1	0	1	0	R
NMDC20587521	1	0	0	0	0	1	0	0	0	1	0	1	0	0	1	1	0	0	1	0	R
NMDC20587522	0	1	0	0	0	0	0	0	1	0	1	1	0	1	1	0	0	0	1	1	R
NMDC20587523	0	1	0	0	0	0	0	0	1	0	1	1	0	1	1	0	0	0	1	1	R
NMDC20587526	1	0	0	0	0	0	1	0	0	1	0	1	0	0	1	1	0	0	1	0	R
NMDC20587527	0	0	0	0	0	0	1	0	0	1	0	1	0	0	1	1	0	0	1	0	R
NMDC20552324	0	1	0	0	0	1	0	0	0	1	0	1	0	0	0	1	0	0	1	0	R
NMDC20587532	1	0	0	0	0	1	0	0	0	1	0	1	0	0	1	1	1	0	1	0	R
NMDC20554345	1	1	0	1	0	1	0	0	0	1	0	0	0	0	1	1	0	0	1	0	R
NMDC20587533	1	0	0	0	0	1	0	0	0	1	0	1	0	0	1	1	1	0	1	0	R
NMDC20587534	0	1	0	0	0	1	0	0	0	1	0	1	0	0	0	1	0	0	1	0	R
NMDC20587536	1	0	0	0	0	0	1	0	0	1	0	1	0	0	1	1	0	0	1	0	R
NMDC20558364	1	0	0	0	0	0	0	0	0	1	0	1	0	0	1	1	0	0	1	0	R
NMDC20558366	0	1	0	0	0	0	0	0	1	0	1	1	0	1	1	0	0	0	1	1	R
NMDC20558368	1	0	0	0	0	1	0	0	0	1	0	1	0	0	1	1	1	0	1	0	R
NMDC20552328	1	0	0	0	0	1	0	0	0	1	0	1	0	0	1	1	1	0	1	0	R
NMDC20554346	1	1	0	1	0	0	1	0	0	1	0	1	0	0	1	0	0	0	1	0	R
NMDC20556340	0	1	0	0	0	0	0	0	1	0	1	1	0	1	1	0	0	0	1	1	R
NMDC20552329	0	1	0	0	0	0	0	0	0	1	0	1	0	0	1	1	0	0	1	0	R
NMDC20554350	0	0	0	0	1	0	0	0	0	1	0	1	0	0	1	0	0	0	1	0	R
NMDC20587545	1	0	0	0	0	0	1	0	0	1	0	1	0	0	1	1	0	0	1	0	R
NMDC20587548	0	1	1	0	0	0	0	0	0	1	0	1	0	0	0	0	0	0	0	0	R
NMDC20554351	0	1	0	1	0	0	1	0	0	1	0	1	0	0	1	0	0	0	1	0	R
NMDC20587553	1	0	0	1	0	1	0	0	0	0	1	1	0	0	1	0	0	0	0	0	R
NMDC20587554	1	1	1	0	0	0	0	0	0	1	0	1	0	0	1	1	0	0	1	0	R
NMDC20552337	0	0	0	1	0	0	1	0	0	1	0	1	0	0	1	0	0	0	0	0	R
NMDC20554353	1	1	1	0	0	0	0	0	0	1	0	1	0	0	1	1	0	0	1	0	R
NMDC20554354	1	1	1	0	1	0	0	0	0	1	0	1	0	0	1	0	0	0	1	0	R
NMDC20587556	1	1	1	0	0	1	1	0	0	1	0	1	0	0	1	1	0	0	1	0	R
NMDC20587560	1	1	1	0	0	0	0	0	0	1	0	1	0	0	1	1	0	0	1	0	R
NMDC20554358	1	1	0	1	0	1	0	0	0	1	0	0	0	0	1	1	0	0	1	0	R
NMDC20587561	1	0	0	0	0	0	1	0	0	1	0	1	0	0	1	1	0	0	1	0	R
NMDC20552341	0	1	0	0	0	1	0	0	0	1	0	1	0	0	1	1	0	0	1	0	R
NMDC20558372	1	0	0	0	1	1	0	0	0	1	0	1	0	0	1	0	0	0	1	0	R
NMDC20554359	1	0	0	0	0	1	0	0	0	1	0	1	0	0	1	1	1	0	1	0	R
NMDC20552343	1	0	0	0	0	0	1	0	0	1	0	1	0	0	1	1	0	0	1	0	R
NMDC20552344	0	1	1	0	0	0	0	0	0	1	0	1	0	0	1	1	0	0	1	0	R
NMDC20587566	1	0	0	0	0	1	0	0	0	1	0	1	0	0	1	0	1	0	1	0	R
NMDC20554361	0	1	1	0	1	0	0	0	0	1	0	1	0	0	1	0	0	0	1	0	R
NMDC20556352	1	0	0	0	0	1	0	0	0	1	0	1	0	0	1	1	0	0	1	0	R
NMDC20558374	1	0	0	0	0	0	1	0	0	1	0	1	0	0	1	1	0	0	1	0	R
NMDC20558375	1	0	0	0	0	0	1	0	0	1	0	1	0	0	1	1	0	0	1	0	R
NMDC20587570	0	0	0	1	0	0	0	0	0	0	0	1	0	0	1	0	0	0	0	0	R
NMDC20587571	0	0	0	1	0	0	0	0	0	0	1	1	0	0	1	0	0	0	1	0	R
NMDC20587574	1	1	0	1	0	1	0	0	0	1	1	1	0	0	1	0	0	0	1	0	R
NMDC20587576	0	0	0	0	0	0	0	0	0	1	0	1	0	0	1	1	0	0	1	0	R
NMDC20587577	1	1	0	1	0	0	1	0	0	1	0	1	0	0	1	0	0	0	1	0	R
NMDC20587579	0	0	0	1	0	0	0	0	0	1	0	1	0	0	1	0	0	0	1	0	R
NMDC20587580	1	1	0	0	0	1	1	0	0	1	0	1	0	0	0	1	0	0	1	0	R
NMDC20587582	0	0	0	1	0	0	0	0	0	1	0	1	0	0	1	0	0	0	0	0	R
NMDC20587583	0	0	0	1	0	0	0	0	0	1	0	1	0	0	1	0	0	0	0	0	R
NMDC20587589	0	0	0	1	0	0	0	0	0	1	0	1	0	0	1	0	0	0	0	0	R
NMDC20587590	1	0	0	1	0	1	0	0	0	0	1	1	0	0	1	0	1	0	1	0	R
NMDC20587592	0	1	1	0	1	0	0	0	0	1	0	1	0	0	1	0	0	0	1	0	R
NMDC20587593	0	0	0	1	0	0	0	0	0	0	0	0	0	0	1	0	0	0	1	0	R
NMDC20587594	0	0	0	0	0	0	0	0	0	1	0	1	0	0	1	1	0	0	1	0	R
NMDC20587601	0	0	0	0	0	0	0	0	0	1	0	1	0	0	1	1	0	0	1	0	R
NMDC20587603	1	0	0	0	0	1	0	0	0	1	0	1	0	0	1	1	0	0	1	0	R
NMDC20587604	1	0	0	1	0	1	0	0	0	0	1	1	0	0	1	0	0	0	0	0	R
NMDC20587605	0	0	0	0	1	0	0	0	0	1	0	1	0	0	0	0	0	0	1	0	R
NMDC20587606	1	1	0	1	0	0	1	0	0	1	0	1	0	0	1	0	0	0	1	0	R
NMDC20587608	0	0	0	1	0	1	0	0	0	1	0	0	0	0	0	1	0	0	1	0	R
NMDC20587615	1	0	0	0	1	1	0	0	0	1	0	1	0	0	1	0	1	0	1	0	R
NMDC20587621	1	0	0	0	0	1	0	0	0	1	0	1	0	0	1	1	1	0	1	0	R
NMDC20587622	1	0	0	0	0	1	0	0	0	1	0	1	0	0	1	1	1	0	1	0	R
NMDC20587623	1	0	0	0	0	1	0	0	0	1	0	1	0	0	1	1	1	0	1	0	R
NMDC20587624	1	0	0	0	1	1	0	0	0	1	0	1	0	0	1	0	0	0	1	0	R
NMDC20587625	1	0	0	0	0	1	0	0	0	1	0	1	0	0	1	1	1	0	1	0	R
NMDC20587626	1	0	0	0	0	1	0	0	0	1	0	1	0	0	1	1	1	0	1	0	R
NMDC20587627	1	0	0	0	0	1	0	0	0	1	0	1	0	0	1	1	1	0	1	0	R
NMDC20587628	1	1	0	0	0	1	1	0	0	1	0	1	0	0	0	1	0	0	1	0	R
NMDC20587629	1	1	0	0	0	1	1	0	0	1	0	1	0	0	0	1	0	0	1	0	R
NMDC20587631	0	1	0	0	0	1	0	0	0	1	0	1	0	0	0	1	0	0	1	0	R
NMDC20587637	1	1	0	1	0	0	1	1	0	1	0	1	0	0	1	0	0	0	1	0	R
NMDC20587639	1	1	0	1	0	0	1	0	0	1	0	1	0	0	1	0	0	0	1	0	R
NMDC20587641	1	1	1	0	1	0	0	0	0	1	0	1	0	0	1	0	0	0	1	0	R
NMDC20587642	1	1	1	0	1	0	0	0	0	1	0	1	0	0	1	0	0	0	1	0	R
NMDC20587643	1	1	1	0	1	0	0	0	0	1	0	1	0	0	1	0	0	0	1	0	R
NMDC20587648	1	0	0	1	0	0	1	0	0	1	0	1	0	0	1	1	0	0	1	0	R
NMDC20587652	0	1	0	1	0	0	0	1	0	1	0	1	0	0	1	0	0	0	1	0	R
NMDC20587655	1	1	0	1	0	0	1	0	0	1	0	1	0	0	1	0	0	0	1	0	R
NMDC20587656	1	0	0	1	0	0	1	0	0	1	0	1	0	0	1	1	0	0	1	0	R
NMDC20587666	1	0	0	1	0	1	0	0	0	0	1	1	0	0	1	0	1	0	1	0	R
NMDC20587669	1	1	0	1	0	0	1	0	0	1	0	1	0	0	1	0	0	0	1	0	R
NMDC20587672	0	1	0	0	0	1	0	0	0	1	0	1	0	0	0	1	0	0	1	0	R
NMDC20587673	1	1	1	0	1	0	0	0	0	1	0	1	0	0	1	0	0	0	1	0	R
NMDC20587676	1	1	0	1	0	0	1	0	0	1	0	1	0	0	1	0	0	0	1	0	R
NMDC20587680	0	1	0	1	0	0	1	0	0	1	0	1	0	0	1	0	0	0	1	0	R
NMDC20587687	1	0	0	1	0	0	1	0	0	1	0	1	0	0	1	0	0	0	1	0	R
NMDC20587688	1	0	0	1	0	0	1	0	0	1	0	1	0	0	1	0	0	0	1	0	R
NMDC20587690	0	0	0	0	1	1	0	0	0	1	0	1	0	0	1	0	0	0	1	0	R
NMDC20587695	1	0	0	0	0	1	0	0	0	1	0	1	0	0	0	1	1	0	1	0	R
NMDC20587696	1	0	0	0	0	1	0	0	0	1	0	1	0	0	0	1	1	0	1	0	R
NMDC20587706	1	1	0	1	0	0	1	0	0	1	0	1	0	0	1	0	0	0	1	0	R
NMDC20587713	1	1	0	1	0	0	1	0	0	1	0	1	0	0	1	0	0	0	1	0	R
NMDC20587721	1	0	0	1	0	1	0	0	0	0	1	1	0	0	1	0	0	0	0	0	R
NMDC20587722	1	0	0	0	0	1	0	0	0	1	0	1	0	0	1	1	1	0	1	0	R
NMDC20587723	0	1	1	0	1	0	0	0	0	1	0	1	0	0	1	0	0	0	1	0	R
NMDC20587729	0	1	1	0	1	0	0	0	0	1	0	1	0	0	1	0	0	0	1	0	R
NMDC20587730	0	0	0	0	0	0	0	0	1	1	0	1	0	0	1	1	0	0	1	1	R
NMDC20587733	1	0	0	0	0	1	0	0	0	1	0	1	0	0	0	1	1	0	1	0	R
NMDC20587734	1	0	0	0	0	1	0	0	0	1	0	1	0	0	1	1	1	0	1	0	R
NMDC20587738	1	0	0	0	0	1	0	0	0	1	0	1	0	0	0	1	1	0	1	0	R
NMDC20587741	1	0	0	0	0	0	1	0	0	1	0	1	0	0	1	1	0	0	1	0	R
NMDC20587742	1	0	0	0	0	1	0	0	0	1	0	1	0	0	1	1	1	0	1	0	R
NMDC20587744	1	0	0	0	0	1	0	0	0	1	0	1	0	0	1	1	0	0	1	0	R
NMDC20587745	1	1	1	0	0	0	0	0	0	1	0	1	0	0	1	1	0	0	1	0	R
NMDC20587746	0	1	0	0	0	0	0	0	0	1	0	1	0	0	1	1	0	0	1	0	R
NMDC20587747	1	0	0	0	0	1	0	0	0	1	0	1	0	0	1	1	1	0	1	0	R
NMDC20587750	0	1	1	0	1	0	0	0	0	1	0	1	0	0	1	0	0	0	1	0	R
NMDC20587751	0	1	1	0	1	0	0	0	0	1	0	1	0	0	1	0	0	0	1	0	R
NMDC20587753	1	0	0	0	0	1	0	0	0	1	0	1	0	0	1	1	1	0	1	0	R
NMDC20587754	1	1	1	0	0	0	0	0	0	1	0	1	0	0	1	1	0	0	1	0	R
NMDC20587756	1	0	0	0	0	1	0	0	0	1	0	1	0	0	1	1	1	0	1	0	R
NMDC20587759	1	1	1	0	1	0	0	0	0	1	0	1	0	0	1	0	0	0	1	0	R
NMDC20587761	1	1	1	0	1	0	0	0	0	1	0	1	0	0	1	0	0	0	1	0	R
NMDC20587762	1	0	0	0	0	1	0	0	0	1	0	1	0	0	1	0	1	0	1	0	R
NMDC20587764	1	0	0	0	0	1	0	0	0	1	0	1	0	0	0	0	1	0	0	0	R
NMDC20587765	1	0	0	0	0	1	0	0	0	1	0	1	0	0	0	0	1	0	0	0	R
NMDC20587775	0	0	0	0	0	1	1	0	0	1	0	1	0	0	1	1	0	0	1	0	R
NMDC20587776	1	0	0	0	0	1	0	0	0	1	0	1	0	0	1	1	1	0	1	0	R
NMDC20587780	1	1	1	0	1	0	0	0	0	1	0	1	0	0	1	0	0	0	1	0	R
NMDC20587784	1	0	0	0	1	1	0	0	0	1	0	1	0	0	1	0	0	0	1	0	R
NMDC20587788	0	1	0	0	0	1	0	0	0	1	0	1	0	0	0	1	0	0	1	0	R
NMDC20587790	1	1	1	0	1	0	0	0	0	1	0	1	0	0	1	0	0	0	1	0	R
NMDC20587791	1	0	0	0	0	1	0	0	0	1	0	1	0	0	0	1	1	0	1	0	R
NMDC20587796	1	0	0	1	0	1	0	0	0	0	1	1	0	0	1	0	1	0	1	0	R
NMDC20587798	1	0	0	0	0	1	0	0	0	1	0	1	0	0	1	0	1	0	1	0	R
NMDC20587799	1	0	0	0	0	1	0	0	0	1	0	1	0	0	0	1	1	0	1	0	R
NMDC20587800	0	1	1	0	1	0	0	0	0	1	0	1	0	0	1	0	0	0	1	0	R
NMDC20587806	1	0	0	0	1	1	0	0	0	1	0	1	0	0	1	0	0	0	1	0	R
NMDC20587807	1	0	0	0	1	1	0	0	0	1	0	1	0	0	1	0	0	0	1	0	R
NMDC20587814	1	0	0	1	0	1	0	0	0	0	1	1	0	0	1	0	1	0	1	0	R
NMDC20587815	0	0	0	0	0	1	0	0	0	1	0	1	0	0	0	1	0	0	1	0	R
NMDC20587816	0	1	0	0	0	1	0	0	0	1	0	1	0	0	0	1	0	0	1	0	R
NMDC20587817	1	0	0	0	1	1	0	0	0	1	0	1	0	0	1	0	0	0	1	0	R
NMDC20587821	1	0	0	1	0	1	0	0	0	0	1	1	0	0	1	0	0	0	0	0	R
NMDC20587823	1	0	0	1	0	1	0	0	0	0	1	1	0	0	1	0	0	0	0	0	R
NMDC20587826	0	1	0	0	0	1	0	0	0	1	0	1	0	0	0	1	0	0	1	0	R
NMDC20587829	0	1	1	0	1	0	0	0	0	1	0	1	0	0	1	0	0	0	1	0	R
NMDC20587832	0	0	0	0	0	0	1	0	0	1	0	1	0	0	1	1	0	0	1	0	R
NMDC20587833	1	0	0	1	0	1	0	0	0	0	1	1	0	0	1	0	0	0	0	0	R
NMDC20587836	0	1	0	0	0	1	0	0	0	1	0	1	0	0	0	1	0	0	1	0	R
NMDC20587837	0	1	0	0	0	1	0	0	0	1	0	1	0	0	0	1	0	0	1	0	R
NMDC20587842	1	0	0	0	0	1	0	0	0	1	0	1	0	0	0	1	1	0	1	0	R
NMDC20587853	0	1	1	0	1	0	0	0	0	1	0	1	0	0	1	0	0	0	1	0	R
NMDC20587854	1	0	0	0	0	1	0	0	0	1	0	1	0	0	1	1	0	0	1	0	R
NMDC20587857	1	0	0	0	0	1	0	0	0	1	0	1	0	0	0	1	1	0	1	0	R
NMDC20587868	1	0	0	0	0	1	0	0	0	1	0	1	0	0	0	1	1	0	1	0	R
NMDC20587869	1	0	0	0	0	1	0	0	0	1	0	1	0	0	0	1	1	0	1	0	R
NMDC20587873	1	0	0	0	1	1	0	0	0	1	0	1	0	0	1	0	0	0	1	0	R
NMDC20587874	1	0	0	0	0	1	0	0	0	1	0	1	0	0	0	1	1	0	1	0	R
NMDC20587875	1	0	0	0	0	1	0	0	0	1	0	1	0	0	0	1	1	0	1	0	R
NMDC20587876	1	0	0	0	0	1	0	0	0	1	0	1	0	0	0	1	1	0	1	0	R
NMDC20587877	1	0	0	1	0	1	0	0	0	0	1	1	0	0	1	0	0	0	0	0	R
NMDC20587878	1	0	0	0	0	0	1	0	0	1	0	1	0	0	1	1	0	0	1	0	R
NMDC20587880	1	0	0	1	0	1	0	0	0	0	1	1	0	0	1	0	1	0	1	0	R
NMDC20587881	1	0	0	1	0	1	0	0	0	0	1	1	0	0	1	0	1	0	1	0	R
NMDC20587886	1	0	0	0	0	1	0	0	0	1	0	1	0	0	0	1	1	0	1	0	R
NMDC20587887	1	0	0	0	0	1	0	0	0	1	0	1	0	0	1	1	1	0	1	0	R
NMDC20587888	1	0	0	0	0	1	0	0	0	1	0	1	0	0	1	1	1	0	1	0	R
NMDC20587889	1	1	1	0	1	0	0	0	0	1	0	1	0	0	1	0	0	0	1	0	R
NMDC20587891	1	0	0	0	0	1	0	0	0	1	0	1	0	0	1	1	1	0	1	0	R
NMDC20587892	1	0	0	0	0	1	0	0	0	1	0	1	0	0	1	1	1	0	1	0	R
NMDC20587893	1	0	0	0	0	1	0	0	0	1	0	1	0	0	1	1	1	0	1	0	R
NMDC20587897	1	1	1	0	1	0	0	0	0	1	0	1	0	0	1	0	0	0	1	0	R
NMDC20587898	1	0	0	1	0	1	0	0	0	1	0	0	0	0	0	1	1	0	1	0	R
NMDC20587899	1	0	0	0	0	1	0	0	0	1	0	1	0	0	0	1	1	0	1	0	R
NMDC20587900	0	0	0	1	0	1	0	0	0	0	1	1	0	0	1	0	0	0	1	0	R
NMDC20587904	0	1	0	0	0	1	0	0	0	1	0	1	0	0	0	1	0	0	1	0	R
NMDC20587905	1	0	0	0	0	1	0	0	0	1	0	1	0	0	0	1	1	0	1	0	R
NMDC20587906	0	1	1	0	1	0	0	0	0	1	0	1	0	0	1	0	0	0	1	0	R
NMDC20587910	1	1	1	1	0	0	0	0	0	0	1	1	0	0	1	0	0	0	0	0	R
NMDC20587914	1	0	0	1	0	1	0	0	0	1	0	1	0	0	1	0	1	0	1	0	R
NMDC20587915	1	0	0	1	0	0	1	0	0	1	0	1	0	0	1	0	0	0	1	0	R
NMDC20587916	1	0	0	1	0	1	0	0	0	0	1	1	0	0	1	0	1	0	1	0	R
NMDC20587919	0	1	0	0	0	0	0	0	1	0	1	1	0	1	1	0	0	0	1	1	R
NMDC20587920	1	0	0	1	0	1	0	0	0	0	1	1	0	0	1	0	0	0	0	0	R
NMDC20587922	1	0	0	1	0	1	0	0	0	0	1	1	0	0	1	0	1	0	1	0	R
NMDC20587925	0	1	0	0	0	1	0	0	0	1	0	1	0	0	0	1	0	0	1	0	R
NMDC20587929	1	0	0	1	0	1	0	0	0	0	1	1	0	0	1	0	0	0	0	0	R
NMDC20587932	1	0	0	1	0	1	0	0	0	0	1	1	0	0	1	0	0	0	0	0	R
NMDC20587934	1	0	0	0	0	1	0	0	0	1	0	1	0	0	1	1	1	0	1	0	R
NMDC20587936	1	0	0	0	0	1	0	0	0	1	0	1	0	0	1	1	1	0	1	0	R
NMDC20587937	1	1	0	1	0	0	1	0	0	1	0	1	0	0	1	0	0	0	1	0	R
NMDC20587942	1	0	0	1	0	1	0	0	0	0	1	1	0	0	1	0	0	0	0	0	R
NMDC20587943	1	0	0	1	0	1	0	0	0	0	1	1	0	0	1	0	0	0	0	0	R
NMDC20587944	1	0	0	0	0	1	0	0	0	1	0	1	0	0	1	1	1	0	1	0	R
NMDC20587956	1	1	0	1	0	0	0	0	0	0	1	1	0	0	1	0	0	1	0	0	R
NMDC20587959	1	0	0	1	0	0	1	0	0	1	0	1	0	0	1	0	0	0	1	0	R
NMDC20587961	1	1	0	1	0	0	0	0	1	1	0	1	0	0	1	1	0	0	1	1	R
NMDC20587964	1	1	0	1	0	0	1	0	0	1	0	1	0	0	1	0	0	0	1	0	R
NMDC20587965	1	0	0	0	0	1	0	0	0	1	0	1	0	0	1	1	1	0	1	0	R
NMDC20587967	1	1	0	1	0	0	0	0	1	1	0	1	0	0	1	1	0	0	1	1	R
NMDC20587970	1	0	0	1	0	0	1	0	0	1	0	1	0	0	1	0	0	0	1	0	R
NMDC20587976	1	0	0	1	0	0	1	0	0	1	0	1	0	0	1	0	0	0	1	0	R
NMDC20587980	1	0	0	1	0	0	1	0	0	1	0	1	0	0	1	0	0	0	1	0	R
NMDC20587981	0	1	0	0	0	0	0	0	1	0	1	1	0	1	1	0	0	0	1	1	R
NMDC20587984	0	1	0	1	0	0	1	0	0	1	0	1	0	0	1	0	0	0	1	0	R
NMDC20587989	1	0	0	0	0	0	1	0	0	1	0	1	0	0	1	1	0	0	1	0	R
NMDC20587991	1	1	0	1	0	1	1	0	0	1	0	0	0	0	1	1	0	0	1	0	R
NMDC20587995	1	1	0	1	0	1	0	0	0	1	0	0	0	0	1	1	0	0	1	0	R
NMDC20587996	0	1	0	1	0	0	1	0	0	1	0	1	0	0	1	0	0	0	1	0	R
NMDC20588000	1	1	0	1	0	0	1	0	0	1	0	1	0	0	1	0	0	0	1	0	R
NMDC20588002	1	0	0	1	0	0	1	0	0	1	0	1	0	0	1	0	0	0	1	0	R
NMDC20588004	1	0	0	1	0	1	0	0	0	0	1	1	0	0	1	0	1	0	1	0	R
NMDC20588012	1	1	0	0	0	0	1	0	0	1	0	0	0	0	1	1	0	0	0	0	R
NMDC20588014	1	1	0	1	0	0	1	0	0	1	0	1	0	0	1	0	0	0	1	0	R
NMDC20588015	1	0	0	0	0	1	0	0	0	1	0	1	0	0	0	1	1	0	1	0	R
NMDC20588016	1	0	0	0	0	1	0	0	0	1	0	1	0	0	0	1	1	0	1	0	R
NMDC20588020	1	0	0	0	0	0	1	0	0	1	0	1	0	0	1	1	0	0	1	0	R
NMDC20588023	0	1	0	0	0	1	0	0	0	1	0	1	0	0	0	1	0	0	1	0	R
NMDC20588024	1	1	0	0	0	1	0	0	0	1	0	1	0	0	0	1	1	0	1	0	R
NMDC20588025	0	0	0	1	0	0	0	0	0	1	0	1	0	0	1	0	0	0	1	0	R
NMDC20588027	1	1	1	0	0	0	0	0	0	1	0	1	0	0	1	1	0	0	1	0	R
NMDC20588034	1	0	0	1	0	0	1	0	0	1	0	1	0	0	1	0	0	0	1	0	R
NMDC20588035	1	1	0	1	0	0	1	0	0	1	0	1	0	0	1	0	0	0	1	0	R
NMDC20588036	0	1	0	0	0	0	0	0	1	0	1	1	0	1	1	0	0	0	1	1	R
NMDC20588038	1	0	0	1	0	0	1	0	0	1	0	1	0	0	1	0	0	0	1	0	R
NMDC20588042	1	0	0	0	0	0	1	0	0	0	0	1	0	0	1	1	0	0	1	0	R
NMDC20588043	1	0	0	0	0	0	1	0	0	0	0	1	0	0	1	1	0	0	1	0	R
NMDC20588047	1	1	0	0	0	0	0	0	0	1	0	1	0	0	1	0	0	1	1	0	R
NMDC20588049	1	1	0	0	0	0	0	0	0	1	0	1	0	0	1	0	0	1	1	0	R
NMDC20588050	1	0	0	0	0	0	1	0	0	0	0	1	0	0	1	1	0	0	1	0	R
NMDC20588052	1	1	0	0	0	0	0	0	0	1	0	1	0	0	1	0	0	1	1	0	R
NMDC20588056	1	0	0	1	0	0	1	0	0	1	0	1	0	0	1	1	0	0	1	0	R
NMDC20588061	1	0	0	1	0	0	1	0	0	1	0	1	0	0	1	1	0	0	1	0	R
NMDC20588065	1	1	0	1	0	0	1	0	0	1	0	1	0	0	1	0	0	0	1	0	R
NMDC20552348	0	1	0	0	0	0	0	0	1	0	1	1	0	1	1	0	0	0	1	1	R
NMDC20588076	0	1	0	0	0	0	0	0	1	0	1	1	0	1	1	0	0	0	1	1	R
NMDC20588077	0	1	0	0	0	0	0	0	1	0	1	1	0	1	1	0	0	0	1	1	R
NMDC20588078	0	1	0	0	0	0	0	0	1	0	1	1	0	1	1	0	0	0	1	1	R
NMDC20588079	0	1	0	0	0	0	0	0	1	0	1	1	0	1	1	0	0	0	1	1	R
NMDC20554365	0	1	0	0	0	0	0	0	1	0	1	1	0	1	1	0	0	0	1	1	R
NMDC20588080	0	1	0	0	0	0	0	0	1	0	1	1	0	1	1	0	0	0	1	1	R
NMDC20558378	0	1	0	0	0	0	0	0	1	0	1	1	0	1	1	0	0	0	1	1	R
NMDC20552349	0	1	0	0	0	0	0	0	1	0	1	1	0	1	1	0	0	0	1	1	R
NMDC20558379	0	1	0	0	0	0	0	0	1	0	1	1	0	1	1	0	0	0	1	1	R
NMDC20588081	0	1	0	0	0	0	0	0	1	0	1	1	0	1	1	0	0	0	1	1	R
NMDC20552350	0	1	0	0	0	0	0	0	1	0	1	1	0	1	1	0	0	0	1	1	R
NMDC20588082	0	1	0	0	0	0	0	0	1	0	1	1	0	1	1	0	0	0	1	1	R
NMDC20558380	0	1	0	0	0	0	0	0	1	0	1	1	0	1	1	0	0	0	1	1	R
NMDC20554367	0	1	0	0	0	0	0	0	1	0	1	1	0	1	1	0	0	0	1	1	R
NMDC20588083	0	1	0	0	0	0	0	0	1	0	1	1	0	1	1	0	0	0	1	1	R
NMDC20552351	0	1	0	0	0	0	0	0	1	0	1	1	0	1	1	0	0	0	1	1	R
NMDC20588085	0	1	0	0	0	0	0	0	1	0	1	1	0	1	1	0	0	0	1	1	R
NMDC20554368	0	1	0	0	0	0	0	0	1	0	1	1	0	1	1	0	0	0	1	1	R
NMDC20552352	0	1	0	0	0	0	0	0	1	0	1	1	0	1	1	0	0	0	1	1	R
NMDC20556355	0	1	0	0	0	0	0	0	1	0	1	1	0	1	1	0	0	0	1	1	R
NMDC20588089	0	1	0	0	0	0	0	0	1	0	1	1	0	1	1	0	0	0	1	1	R
NMDC20558382	0	1	0	0	0	0	0	0	1	0	1	1	0	1	1	0	0	0	1	1	R
NMDC20588090	0	1	0	0	0	0	0	0	1	0	1	1	0	1	1	0	0	0	1	1	R
NMDC20588092	0	1	0	0	0	0	0	0	1	0	1	1	0	1	1	0	0	0	1	1	R
NMDC20558384	0	1	0	0	0	0	0	0	1	0	1	1	0	1	1	0	0	0	1	1	R
NMDC20556357	0	1	0	0	0	0	0	0	1	0	1	1	0	1	1	0	0	0	1	1	R
NMDC20588094	0	1	0	0	0	0	0	0	1	0	1	1	0	1	1	0	0	0	1	1	R
NMDC20588095	0	1	0	0	0	0	0	0	1	0	1	1	0	1	1	0	0	0	1	1	R
NMDC20588097	0	1	0	0	0	0	0	0	1	0	1	1	0	1	1	0	0	0	1	1	R
NMDC20588098	0	1	0	0	0	0	0	0	1	0	1	1	0	1	1	0	0	0	1	1	R
NMDC20588099	0	1	0	0	0	0	0	0	1	0	1	1	0	1	1	0	0	0	1	1	R
NMDC20558385	0	1	0	0	0	0	0	0	1	0	1	1	0	1	1	0	0	0	1	1	R
NMDC20558386	0	1	0	0	0	0	0	0	1	0	1	1	0	1	1	0	0	0	1	1	R
NMDC20558387	0	1	0	0	0	0	0	0	1	0	1	1	0	1	1	0	0	0	1	1	R
NMDC20552353	0	1	0	0	0	0	0	0	1	0	1	1	0	1	1	0	0	0	1	1	R
NMDC20552354	0	1	0	0	0	0	0	0	1	0	1	1	0	1	1	0	0	0	1	1	R
NMDC20552355	0	1	0	0	0	0	0	0	1	0	1	1	0	1	1	0	0	0	1	1	R
NMDC20552356	0	1	0	0	0	0	0	0	1	0	1	1	0	1	1	0	0	0	1	1	R
NMDC20556358	0	1	0	0	0	0	0	0	1	0	1	1	0	1	1	0	0	0	1	1	R
NMDC20554372	0	1	0	0	0	0	0	0	1	0	1	1	0	1	1	0	0	0	1	1	R
NMDC20554373	0	1	0	0	0	0	0	0	1	0	1	1	0	1	1	0	0	0	1	1	R
NMDC20588103	0	1	0	0	0	0	0	0	1	0	1	1	0	1	1	0	0	0	1	1	R
NMDC20588104	0	1	0	0	0	0	0	0	1	0	1	1	0	1	1	0	0	0	1	1	R
NMDC20552359	0	1	0	0	0	0	0	0	1	0	1	1	0	1	1	0	0	0	1	1	R
NMDC20588105	0	1	0	0	0	0	0	0	0	0	1	1	0	1	1	0	0	0	1	1	R
NMDC20554374	0	1	0	0	0	0	0	0	1	0	1	1	0	1	1	0	0	0	1	1	R
NMDC20558395	0	1	0	0	0	0	0	0	1	0	1	1	0	1	1	0	0	0	1	1	R
NMDC20556372	0	1	0	0	0	0	0	0	1	0	1	1	0	1	1	0	0	0	1	1	R
NMDC20588152	0	1	0	0	0	0	0	0	1	0	1	1	0	1	1	0	0	0	1	1	R
NMDC20588153	0	1	0	0	0	0	0	0	1	0	1	1	0	1	1	0	0	0	1	1	R
NMDC20558402	0	1	0	0	0	0	0	0	1	0	1	1	0	1	1	0	0	0	1	1	R
NMDC20588159	0	1	0	0	0	0	0	0	1	0	1	1	0	1	1	0	0	0	1	1	R
NMDC20588161	0	1	0	0	0	0	0	0	1	0	1	1	0	1	1	0	0	0	1	1	R
NMDC20554390	0	1	0	0	0	0	0	0	1	0	1	1	0	1	1	0	0	0	1	1	R
NMDC20556375	0	1	0	0	0	0	0	0	1	0	1	1	0	1	1	0	0	0	1	1	R
NMDC20588163	0	1	0	0	0	0	0	0	1	0	1	1	0	1	1	0	0	0	1	1	R
NMDC20554392	0	1	0	0	0	0	0	0	1	0	1	1	0	1	1	0	0	0	1	1	R
NMDC20558199	0	1	0	0	0	0	0	0	1	0	1	1	0	1	1	0	0	0	1	1	R
NMDC20554203	1	1	1	0	0	0	0	0	0	1	0	1	0	0	1	1	0	0	1	0	R
NMDC20587210	1	0	0	0	0	0	1	0	0	1	0	1	0	0	1	1	0	0	1	0	R
NMDC20558200	1	0	0	1	0	1	0	0	0	1	0	0	0	0	1	1	0	0	1	0	R
NMDC20587369	1	0	0	1	0	1	0	0	0	0	1	1	0	0	1	0	1	0	1	0	R
NMDC20587370	1	0	0	0	0	0	1	0	0	1	0	1	0	0	1	1	0	0	1	0	R
NMDC20552269	0	0	0	1	0	1	0	0	0	1	0	0	0	0	1	1	0	0	1	0	R
NMDC20587557	1	0	0	0	0	1	0	0	0	1	0	1	0	0	1	1	1	0	1	0	R
NMDC20552342	1	0	0	0	0	1	0	0	0	1	0	1	0	0	1	1	1	0	1	0	R
NMDC20556351	1	0	0	0	0	1	0	0	0	1	0	1	0	0	1	1	1	0	1	0	R
NMDC20554360	1	0	0	0	0	0	1	0	0	1	0	1	0	0	1	1	0	0	1	0	R
NMDC20589043	0	1	1	0	0	0	0	0	0	1	0	1	0	0	1	1	0	0	1	0	R
NMDC20556578	1	0	0	1	0	1	0	0	0	1	0	1	0	0	1	0	1	0	1	0	R
NMDC20588755	0	0	0	0	0	0	1	0	0	1	0	1	0	0	1	1	0	0	1	0	R
NMDC20588756	1	0	0	0	0	1	0	0	0	1	0	1	0	0	1	1	1	0	1	0	R
NMDC20556579	0	1	0	0	0	0	0	0	1	0	1	1	0	1	1	0	0	0	1	1	R
NMDC20554583	1	1	0	1	0	1	0	0	0	0	1	1	0	0	1	0	0	0	0	0	R
NMDC20588761	1	0	0	1	0	1	0	0	0	0	1	1	0	0	1	0	1	0	1	0	R
NMDC20588762	1	0	0	1	0	1	0	0	0	1	0	0	0	0	0	1	1	0	1	0	R
NMDC20556588	1	0	0	0	0	1	0	0	0	1	0	1	0	0	1	1	1	0	1	0	R
NMDC20588820	1	1	1	0	1	0	0	0	0	1	0	1	0	0	1	0	0	0	1	0	R
NMDC20554601	0	1	0	0	0	0	0	0	0	1	0	1	0	0	1	1	0	0	1	0	R
NMDC20588824	0	1	0	0	0	0	0	0	0	1	0	1	0	0	1	1	0	0	1	0	R
NMDC20582164	0	1	0	0	0	1	0	0	0	1	0	1	0	0	0	1	0	0	1	0	R
NMDC20554670	0	1	0	0	0	1	0	0	0	1	0	1	0	0	0	1	0	0	1	0	R
NMDC20552668	1	1	0	1	0	1	0	0	0	1	0	0	0	0	1	1	0	0	1	0	R
NMDC20556673	1	0	0	0	0	1	0	0	0	1	0	1	0	0	1	1	0	0	1	0	R
NMDC20550670	0	0	0	0	0	0	0	0	0	0	1	1	0	1	1	0	0	0	1	0	R
NMDC20552671	1	0	0	0	1	1	0	0	0	1	0	1	0	0	1	0	0	0	1	0	R
NMDC20582176	0	1	1	0	1	0	0	0	0	1	0	1	0	0	1	0	0	0	1	0	R
NMDC20582177	0	0	0	0	0	0	0	0	0	1	0	1	0	0	1	1	0	0	1	0	R
NMDC20582178	1	0	0	0	0	0	0	0	0	1	1	1	0	0	1	0	0	0	1	0	R
NMDC20556676	1	1	1	0	0	0	0	0	0	1	0	1	0	0	1	1	0	0	1	0	R
NMDC20552674	1	0	0	0	0	1	0	0	0	1	0	1	0	0	1	1	0	0	1	0	R
NMDC20552675	1	0	0	0	0	1	0	0	0	1	0	1	0	0	0	0	1	0	0	0	R
NMDC20554677	0	0	0	0	0	0	0	0	0	1	0	1	0	0	1	1	0	0	1	0	R
NMDC20552677	1	1	0	1	0	1	0	0	0	1	0	0	0	0	1	1	0	0	1	0	R
NMDC20556678	1	0	0	0	0	0	1	0	0	1	0	1	0	0	1	1	0	0	1	0	R
NMDC20550673	1	1	1	0	1	0	0	0	0	1	0	1	0	0	1	0	0	0	1	0	R
NMDC20554678	1	1	1	0	1	0	0	0	0	1	0	1	0	0	1	0	0	0	1	0	R
NMDC20550674	0	1	0	0	0	0	0	0	0	0	1	1	0	0	1	0	0	1	1	0	R
NMDC20582183	1	1	0	0	0	0	0	0	0	1	0	1	0	0	1	1	0	0	1	0	R
NMDC20582185	0	0	0	0	0	0	0	0	0	1	0	1	0	0	1	1	0	0	1	0	R
NMDC20556681	1	1	0	1	0	0	1	0	0	1	0	1	0	0	1	0	0	0	1	0	R
NMDC20550677	1	0	0	0	0	1	0	0	0	1	0	1	0	0	1	0	1	0	1	0	R
NMDC20550676	0	1	0	0	0	1	0	0	0	1	0	1	0	0	0	1	0	0	1	0	R
NMDC20582187	1	1	0	1	0	1	0	0	0	1	0	0	0	0	1	1	0	0	1	0	R
NMDC20582188	1	0	0	0	0	1	0	0	0	1	0	1	0	0	1	1	1	0	1	0	R
NMDC20582191	0	0	0	0	0	0	0	0	0	0	1	1	0	1	1	0	0	0	1	0	R
NMDC20554680	1	1	0	1	0	0	1	0	0	1	0	1	0	0	1	0	0	0	1	0	R
NMDC20582194	1	0	0	0	0	1	0	0	0	1	0	1	0	0	0	1	1	0	1	0	R
NMDC20582202	1	1	1	0	1	0	0	0	0	1	0	1	0	0	1	0	0	0	1	0	R
NMDC20550680	0	0	0	0	0	0	0	0	0	1	0	1	0	0	1	1	0	0	1	0	R
NMDC20556686	1	0	0	0	0	1	0	0	0	1	0	1	0	0	1	1	0	0	1	0	R
NMDC20550681	1	0	0	0	0	1	0	0	0	1	0	1	0	0	1	1	1	0	1	0	R
NMDC20554686	1	0	0	0	0	1	0	0	0	1	0	1	0	0	1	1	1	0	1	0	R
NMDC20552695	1	0	0	0	0	1	0	0	0	1	0	1	0	0	1	0	1	0	1	0	R
NMDC20550686	0	0	0	0	0	0	0	0	0	0	1	1	0	1	1	0	0	0	1	0	R
NMDC20552699	1	0	0	0	0	1	0	0	0	1	0	1	0	0	1	1	1	0	1	0	R
NMDC20550692	0	1	0	0	0	0	0	0	1	0	1	1	0	1	1	0	0	0	1	1	R
NMDC20582224	1	1	0	1	0	1	0	0	0	1	0	0	0	0	1	1	0	0	1	0	R
NMDC20582226	1	1	0	1	0	1	0	0	0	1	0	0	0	0	1	1	0	0	1	0	R
NMDC20556703	0	0	0	1	0	0	0	0	0	1	0	0	0	0	1	1	0	0	1	0	R
NMDC20550697	1	1	1	0	1	0	0	0	0	1	0	1	0	0	1	0	0	0	1	0	R
NMDC20552711	1	1	0	0	0	1	0	0	0	1	0	1	0	0	1	1	0	0	1	0	R
NMDC20582248	0	1	0	0	0	0	0	0	1	0	1	1	0	1	1	0	0	0	1	1	R
NMDC20582250	0	0	0	0	0	1	0	0	0	1	0	1	0	0	1	1	0	0	1	0	R
NMDC20582251	1	1	1	0	1	0	0	0	0	1	0	1	0	0	1	0	0	0	1	0	R
NMDC20582252	1	0	0	0	0	1	0	0	0	1	0	1	0	0	1	1	1	0	1	0	R
NMDC20582253	0	1	0	0	0	1	0	0	0	1	0	1	0	0	0	1	0	0	1	0	R
NMDC20582256	1	0	0	1	0	1	0	0	0	1	0	1	0	0	1	1	0	0	1	0	R
NMDC20556711	1	0	0	0	0	0	1	0	0	1	0	1	0	0	1	1	0	0	1	0	R
NMDC20556717	1	0	0	0	0	0	0	0	1	1	0	1	0	0	1	1	0	0	1	1	R
NMDC20552721	0	0	0	0	0	0	0	0	0	0	1	1	0	1	1	0	0	0	1	0	R
NMDC20582275	1	0	0	0	0	1	0	0	0	1	0	1	0	0	1	1	1	0	1	0	R
NMDC20556719	1	1	0	1	0	0	1	0	0	1	0	0	0	0	1	1	0	0	1	0	R
NMDC20556720	1	0	0	0	0	1	0	0	0	1	0	1	0	0	1	1	1	0	1	0	R
NMDC20582276	1	1	1	0	1	0	0	0	0	1	0	1	0	0	1	0	0	0	1	0	R
NMDC20550704	1	0	0	0	0	1	0	0	0	1	0	1	0	0	1	1	1	0	1	0	R
NMDC20554703	0	1	1	0	0	0	0	0	0	1	0	1	0	0	1	1	0	0	1	0	R
NMDC20582277	1	0	0	0	0	1	0	0	0	1	0	1	0	0	1	1	1	0	1	0	R
NMDC20582278	1	0	0	0	0	1	0	0	0	1	0	1	0	0	1	1	1	0	1	0	R
NMDC20556722	1	0	0	0	0	0	1	0	0	1	0	1	0	0	1	1	0	0	1	0	R
NMDC20550705	1	0	0	0	0	0	1	0	0	1	0	1	0	0	1	1	0	0	1	0	R
NMDC20554706	1	1	1	0	1	0	0	0	0	1	0	1	0	0	1	0	0	0	1	0	R
NMDC20582282	0	0	0	0	0	0	0	0	0	1	0	1	0	0	1	1	0	0	1	0	R
NMDC20550706	1	1	0	0	0	1	0	0	0	1	0	1	0	0	1	1	0	0	1	0	R
NMDC20550707	1	0	0	0	0	1	0	0	0	1	0	1	0	0	1	1	1	0	1	0	R
NMDC20550710	1	0	0	0	0	1	0	0	0	1	0	1	0	0	1	1	0	0	1	0	R
NMDC20582283	1	0	0	0	0	1	0	0	0	1	0	1	0	0	1	0	1	0	1	0	R
NMDC20550712	1	0	0	0	0	0	1	0	0	1	0	1	0	0	1	1	0	0	1	0	R
NMDC20554710	1	1	1	0	0	0	0	0	0	1	0	1	0	0	1	1	0	0	1	0	R
NMDC20554711	1	1	1	0	1	0	0	0	0	1	0	1	0	0	1	0	0	0	1	0	R
NMDC20554712	1	0	0	0	0	1	0	0	0	1	0	1	0	0	1	1	0	0	1	0	R
NMDC20552725	1	0	0	0	0	1	0	0	0	1	0	1	0	0	1	1	0	0	1	0	R
NMDC20550713	1	0	0	1	0	1	0	0	1	0	1	0	0	0	1	0	1	0	1	1	R
NMDC20550714	0	0	0	0	0	0	0	0	1	1	0	1	0	0	1	1	0	0	1	1	R
NMDC20556727	0	0	0	0	0	0	0	0	1	1	0	1	0	0	1	1	0	0	1	1	R
NMDC20554713	1	1	1	0	1	0	0	0	0	1	0	1	0	0	1	0	0	0	1	0	R
NMDC20582289	0	0	0	1	0	0	0	0	0	1	0	1	0	0	1	0	0	0	0	0	R
NMDC20550715	1	1	0	1	0	1	1	0	0	1	0	0	0	0	1	1	0	0	1	0	R
NMDC20582290	1	0	0	0	0	0	1	0	0	1	1	1	0	0	1	1	0	0	1	0	R
NMDC20554714	1	1	0	1	0	1	0	0	0	1	0	0	0	0	1	1	0	0	1	0	R
NMDC20582292	1	0	0	0	0	1	0	0	0	1	0	1	0	0	1	1	1	0	1	0	R
NMDC20582294	1	1	1	0	0	0	0	0	0	1	0	1	0	0	1	1	0	0	1	0	R
NMDC20552730	1	1	1	0	0	0	0	0	0	1	0	1	0	0	1	1	0	0	1	0	R
NMDC20552727	0	0	0	0	0	0	1	0	0	1	0	1	0	0	1	0	0	0	1	0	R
NMDC20552728	1	0	0	0	0	0	1	0	0	1	0	1	0	0	1	1	0	0	1	0	R
NMDC20582296	1	0	0	0	0	0	1	0	0	1	0	1	0	0	1	1	0	0	1	0	R
NMDC20582298	1	0	0	0	0	1	0	0	0	1	0	1	0	0	1	1	1	0	1	0	R
NMDC20550725	1	0	0	0	0	1	0	0	0	1	0	1	0	0	1	0	1	0	1	0	R
NMDC20554720	0	0	0	0	0	1	0	0	0	1	0	1	0	0	1	1	0	0	1	0	R
NMDC20582309	1	1	1	0	1	0	0	0	0	1	0	1	0	0	1	0	0	0	1	0	R
NMDC20556734	0	1	0	0	0	0	0	0	1	1	0	1	0	0	0	0	0	0	1	1	R
NMDC20550727	1	0	0	0	0	1	0	0	0	1	0	1	0	0	0	1	1	0	1	0	R
NMDC20582312	1	0	0	1	0	0	0	0	0	0	0	1	0	0	1	0	0	0	0	0	R
NMDC20556735	0	0	0	0	0	0	0	0	0	1	0	1	0	0	1	0	0	0	1	0	R
NMDC20582313	0	1	0	1	0	0	0	1	0	1	0	1	0	0	1	0	0	0	1	0	R
NMDC20582314	1	1	0	1	0	0	0	0	1	1	0	1	0	0	1	1	0	0	1	1	R
NMDC20556736	1	0	0	1	0	1	0	0	0	0	1	1	0	0	1	0	1	0	1	0	R
NMDC20550729	1	0	0	0	0	0	1	0	0	1	1	1	0	0	1	1	0	0	1	0	R
NMDC20552736	1	0	0	0	0	0	1	0	0	1	0	1	0	0	1	1	0	0	1	0	R
NMDC20582315	0	1	0	0	0	0	0	0	0	0	1	1	0	0	1	0	0	1	1	0	R
NMDC20552738	1	0	0	0	0	0	0	0	1	1	0	1	0	0	1	1	0	0	1	1	R
NMDC20550731	0	0	1	0	0	0	0	0	0	1	0	1	0	0	1	1	0	0	1	0	R
NMDC20582322	1	1	1	0	0	0	0	0	0	1	0	1	0	0	1	1	0	0	1	0	R
NMDC20582323	1	0	0	0	0	1	0	0	0	1	0	1	0	0	1	1	1	0	1	0	R
NMDC20554724	1	0	0	0	0	1	0	0	0	1	0	1	0	0	1	1	1	0	1	0	R
NMDC20582324	1	0	0	0	0	1	0	0	0	1	0	1	0	0	1	1	1	0	1	0	R
NMDC20550735	0	1	0	0	0	0	0	0	1	0	1	1	0	1	1	0	0	0	1	1	R
NMDC20552743	1	0	0	0	0	0	1	0	0	1	0	1	0	0	1	1	0	0	1	0	R
NMDC20552744	1	0	0	0	0	1	0	0	0	1	0	1	0	0	1	1	1	0	1	0	R
NMDC20582329	1	0	0	1	0	1	0	0	0	0	1	1	0	0	1	0	1	0	1	0	R
NMDC20556742	0	1	0	0	0	1	0	0	0	1	0	1	0	0	0	1	0	0	1	0	R
NMDC20556744	0	0	0	0	0	1	0	0	0	1	1	1	0	0	1	0	0	0	1	0	R
NMDC20552746	1	0	0	0	0	1	0	0	0	1	0	1	0	0	1	1	1	0	1	0	R
NMDC20550738	0	0	0	0	0	1	0	0	0	1	1	1	0	0	1	0	0	0	1	0	R
NMDC20554728	1	1	1	0	1	0	0	0	0	1	0	1	0	0	1	0	0	0	1	0	R
NMDC20556748	1	0	0	0	0	0	1	0	0	0	1	1	0	1	1	0	0	0	1	0	R
NMDC20582343	1	0	0	1	0	1	0	0	0	0	1	1	0	0	1	0	0	0	0	0	R
NMDC20556753	0	1	0	1	0	0	1	1	0	1	0	1	0	0	1	0	0	0	1	0	R
NMDC20552754	1	0	0	0	0	1	0	0	0	1	0	1	0	0	1	1	1	0	1	0	R
NMDC20554730	1	1	0	1	0	0	0	0	1	1	0	1	0	0	1	1	0	0	1	1	R
NMDC20582345	1	1	0	1	0	0	0	0	1	1	0	1	0	0	1	1	0	0	1	1	R
NMDC20556756	1	0	0	0	0	0	1	0	0	0	1	1	0	1	1	0	0	0	1	0	R
NMDC20552757	1	1	1	0	1	0	0	0	0	1	0	1	0	0	1	0	0	0	1	0	R
NMDC20554733	1	0	0	0	0	1	0	0	0	1	0	1	0	0	1	1	1	0	1	0	R
NMDC20550745	1	1	1	0	0	0	0	0	0	1	0	1	0	0	1	1	0	0	1	0	R
NMDC20550746	1	1	0	0	0	1	0	0	0	1	0	1	0	0	1	1	1	0	1	0	R
NMDC20550750	1	1	1	1	0	0	0	0	0	1	0	1	0	0	1	0	0	0	1	0	R
NMDC20582368	1	0	0	0	0	1	0	0	0	1	0	1	0	0	1	1	1	0	1	0	R
NMDC20556760	1	1	0	0	0	0	0	0	0	1	0	0	0	0	1	1	0	1	0	0	R
NMDC20582370	1	1	0	1	0	1	0	0	0	1	0	0	0	0	1	1	0	0	1	0	R
NMDC20552761	0	0	0	1	0	1	0	0	0	1	0	0	0	0	1	1	0	0	1	0	R
NMDC20556761	1	1	1	0	1	0	0	0	0	1	0	1	0	0	1	0	0	0	1	0	R
NMDC20582372	1	1	1	0	1	0	0	0	0	1	0	1	0	0	1	0	0	0	1	0	R
NMDC20554735	1	0	0	1	0	1	0	0	0	0	1	1	0	0	1	0	1	0	1	0	R
NMDC20582373	1	1	1	0	1	0	0	0	0	1	0	1	0	0	1	0	0	0	1	0	R
NMDC20582376	1	1	0	1	0	0	0	0	1	1	0	1	0	0	1	1	0	0	1	1	R
NMDC20556762	1	1	0	1	0	0	1	0	0	1	0	1	0	0	1	1	0	0	1	0	R
NMDC20582378	1	0	0	1	0	1	0	0	0	0	1	1	0	0	1	0	1	0	1	0	R
NMDC20556767	1	0	0	0	0	0	1	0	0	1	0	1	0	0	1	0	0	0	1	0	R
NMDC20550757	1	0	0	0	0	1	0	0	0	1	0	1	0	0	1	1	1	0	1	0	R
NMDC20552769	1	0	0	0	0	1	0	0	0	1	0	1	0	0	1	1	1	0	1	0	R
NMDC20582396	1	0	0	0	0	1	0	0	0	1	0	1	0	0	1	1	1	0	1	0	R
NMDC20582397	1	1	0	1	0	0	1	0	0	1	0	1	0	0	1	0	0	0	1	0	R
NMDC20582398	1	0	0	0	0	1	0	0	0	1	0	1	0	0	1	1	1	0	1	0	R
NMDC20582400	0	0	0	0	0	0	0	0	0	1	0	1	0	0	1	1	0	0	1	0	R
NMDC20582404	1	1	0	1	0	0	0	0	1	1	0	1	0	0	1	1	0	0	1	0	R
NMDC20582405	1	0	0	0	0	0	1	0	0	0	1	1	0	1	1	0	0	0	1	0	R
NMDC20550761	0	0	0	1	0	0	0	0	0	1	0	1	0	0	1	0	0	0	1	0	R
NMDC20556772	0	1	0	0	0	0	0	0	1	1	0	1	0	0	0	0	0	0	1	1	R
NMDC20556777	0	1	1	0	0	0	0	0	0	1	0	1	0	0	0	0	0	0	0	0	R
NMDC20550771	1	1	0	1	0	1	0	0	0	1	0	1	0	0	1	0	0	0	1	0	R
NMDC20550772	1	0	0	1	0	0	1	0	0	1	0	1	0	0	1	0	0	0	1	0	R
NMDC20582414	1	1	1	0	1	0	0	0	0	1	0	1	0	0	1	0	0	0	1	0	R
NMDC20554746	0	1	1	0	0	0	0	0	0	1	0	1	0	0	0	0	0	0	0	0	R
NMDC20554749	1	0	0	0	0	1	0	0	0	1	0	1	0	0	1	1	0	0	1	0	R
NMDC20552779	1	0	0	0	0	0	1	0	0	1	0	1	0	0	1	1	0	0	1	0	R
NMDC20582426	0	0	0	0	0	0	0	0	0	1	0	1	0	0	1	1	0	0	1	0	R
NMDC20582432	0	1	1	0	1	0	0	0	0	1	0	1	0	0	1	0	0	0	1	0	R
NMDC20582441	0	1	1	0	0	0	0	0	0	1	0	1	0	0	0	0	0	0	0	0	R
NMDC20556788	1	1	1	0	1	0	0	0	0	1	0	1	0	0	1	0	0	0	1	0	R
NMDC20554763	0	1	0	1	0	0	0	0	0	1	0	1	0	0	1	0	0	1	1	0	R
NMDC20556789	1	0	0	0	1	1	0	0	0	1	0	1	0	0	1	0	0	0	1	0	R
NMDC20556790	1	1	1	0	1	0	0	0	0	1	0	1	0	0	1	0	0	0	1	0	R
NMDC20550778	0	0	0	0	0	1	0	0	0	1	1	1	0	0	1	0	0	0	1	0	R
NMDC20556795	1	1	0	1	0	1	0	0	0	1	0	0	0	0	1	1	0	0	1	0	R
NMDC20552791	1	0	0	0	0	1	0	0	0	1	0	1	0	0	1	1	0	0	1	0	R
NMDC20582452	0	0	0	1	0	0	0	0	0	1	0	1	0	0	1	0	0	0	1	0	R
NMDC20582455	0	0	0	0	0	0	0	0	0	0	1	1	0	1	1	0	0	0	1	0	R
NMDC20552795	1	0	0	1	0	1	0	0	0	0	1	1	0	0	1	0	0	0	0	0	R
NMDC20550786	1	1	1	1	0	0	0	0	0	1	1	1	0	0	1	0	0	0	1	0	R
NMDC20550787	0	0	0	0	0	0	0	0	0	1	0	1	0	0	1	0	0	0	0	0	R
NMDC20582462	1	0	0	0	0	1	0	0	0	1	0	1	0	0	1	1	0	0	1	0	R
NMDC20582464	0	1	0	0	0	0	0	0	0	1	0	0	0	0	1	1	0	1	0	0	R
NMDC20582465	1	0	0	0	0	1	0	0	0	1	0	1	0	0	1	0	1	0	1	0	R
NMDC20550789	1	0	0	0	0	1	0	0	0	1	0	1	0	0	1	0	1	0	1	0	R
NMDC20552799	1	0	1	0	0	0	0	0	0	1	0	1	0	0	1	1	0	0	1	0	R
NMDC20550791	1	1	1	0	1	0	0	0	0	1	0	1	0	0	1	0	0	0	1	0	R
NMDC20582471	1	1	1	0	1	0	0	0	0	1	0	1	0	0	1	0	0	0	1	0	R
NMDC20552800	1	1	1	0	1	0	0	0	0	1	0	1	0	0	1	0	0	0	1	0	R
NMDC20552802	1	0	0	0	0	1	0	0	0	1	0	1	0	0	1	0	1	0	1	0	R
NMDC20582623	1	0	0	0	0	1	0	0	0	1	0	1	0	0	1	1	1	0	1	0	R
NMDC20582624	1	0	0	0	0	0	1	0	0	1	0	1	0	0	1	1	0	0	1	0	R
NMDC20552813	1	0	0	0	0	0	1	0	0	1	0	1	0	0	1	1	0	0	1	0	R
NMDC20556820	1	0	0	0	0	1	0	0	0	1	0	1	0	0	1	1	1	0	1	0	R
NMDC20550807	1	0	0	0	0	0	1	0	0	1	0	1	0	0	1	1	0	0	1	0	R
NMDC20552815	1	0	0	0	0	0	1	0	0	1	0	1	0	0	1	1	0	0	1	0	R
NMDC20582628	1	0	0	1	0	0	0	0	0	1	0	1	0	0	1	0	0	0	1	0	R
NMDC20554798	0	1	0	0	0	1	0	0	0	1	0	1	0	0	0	1	0	0	1	0	R
NMDC20582629	1	0	0	0	0	1	0	0	0	1	0	1	0	0	0	1	1	0	1	0	R
NMDC20552817	0	1	0	0	0	1	0	0	0	1	0	1	0	0	0	1	0	0	1	0	R
NMDC20582631	1	1	1	0	0	0	0	0	0	1	0	1	0	0	1	1	0	0	1	0	R
NMDC20582634	1	0	0	0	0	1	0	0	0	1	0	1	0	0	1	1	1	0	1	0	R
NMDC20582635	1	1	1	0	1	0	0	0	0	1	0	1	0	0	1	0	0	0	1	0	R
NMDC20550813	0	1	0	0	0	1	0	0	0	1	0	1	0	0	0	1	0	0	1	0	R
NMDC20556821	1	0	0	0	0	1	0	0	0	1	0	1	0	0	1	1	1	0	1	0	R
NMDC20556822	1	0	0	0	0	1	0	0	0	1	0	1	0	0	1	1	1	0	1	0	R
NMDC20552818	1	0	0	0	0	0	1	0	0	1	0	1	0	0	1	1	0	0	1	0	R
NMDC20582640	1	1	1	0	0	0	0	0	0	1	0	1	0	0	1	1	0	0	1	0	R
NMDC20582642	0	0	0	0	0	0	0	0	0	1	0	1	0	0	1	1	0	0	1	0	R
NMDC20582645	1	0	0	0	0	0	1	0	0	1	0	1	0	0	1	1	0	0	1	0	R
NMDC20582646	1	0	0	0	0	1	0	0	0	1	0	1	0	0	1	1	1	0	1	0	R
NMDC20552819	0	0	0	0	0	0	0	0	0	1	1	1	0	0	1	1	0	0	1	0	R
NMDC20554801	0	0	0	0	0	1	0	0	0	1	0	1	0	0	1	1	0	0	1	0	R
NMDC20552824	0	0	0	0	0	1	0	0	0	1	0	1	0	0	1	1	0	0	1	0	R
NMDC20556824	0	1	0	0	0	0	0	0	0	1	0	1	0	0	1	1	0	0	1	0	R
NMDC20582648	1	0	0	0	0	1	0	0	0	1	0	1	0	0	1	1	1	0	1	0	R
NMDC20582649	1	1	1	0	0	0	0	0	0	1	0	1	0	0	1	1	0	0	1	0	R
NMDC20582650	1	0	0	0	0	1	0	0	0	1	0	1	0	0	1	1	1	0	1	0	R
NMDC20550819	1	1	1	0	0	0	0	0	0	1	0	1	0	0	1	1	0	0	1	0	R
NMDC20552826	1	1	1	0	0	0	1	0	0	1	0	1	0	0	1	1	0	0	1	0	R
NMDC20556827	0	1	0	0	0	1	0	0	0	1	0	1	0	0	0	1	0	0	1	0	R
NMDC20550821	1	0	0	0	0	1	0	0	0	1	0	1	0	0	1	1	1	0	1	0	R
NMDC20582655	0	1	1	0	1	0	0	0	0	1	0	1	0	0	1	0	0	0	1	0	R
NMDC20552828	0	0	0	0	0	0	0	0	0	1	0	0	0	0	1	1	0	0	0	0	R
NMDC20554805	1	0	0	0	0	0	1	0	0	1	0	1	0	0	1	1	0	0	1	0	R
NMDC20582661	1	0	0	0	0	1	0	0	0	1	0	1	0	0	1	1	1	0	1	0	R
NMDC20550823	1	1	0	0	0	0	0	0	0	1	0	1	0	0	1	1	0	0	1	0	R
NMDC20582662	0	0	0	0	0	0	0	0	0	1	0	1	0	0	1	1	0	0	1	0	R
NMDC20582663	1	0	0	0	0	1	0	0	0	1	0	1	0	0	1	1	1	0	1	0	R
NMDC20554804	1	0	0	0	0	1	0	0	0	1	0	1	0	0	1	1	1	0	1	0	R
NMDC20556828	0	0	0	0	0	0	0	0	0	1	0	1	0	0	1	1	0	0	1	0	R
NMDC20582665	0	1	0	0	0	0	0	0	0	1	0	1	0	0	1	1	0	0	1	0	R
NMDC20554806	1	0	0	0	0	1	0	0	0	1	0	1	0	0	1	1	1	0	1	0	R
NMDC20550825	0	0	0	0	0	0	0	0	0	1	0	1	0	0	1	1	0	0	1	0	R
NMDC20582667	1	0	0	0	0	1	0	0	0	1	0	1	0	0	1	1	1	0	1	0	R
NMDC20552831	1	0	0	0	0	1	0	0	0	1	0	1	0	0	1	1	1	0	1	0	R
NMDC20556830	0	0	0	0	0	0	0	0	0	1	0	1	0	0	1	1	0	0	1	0	R
NMDC20552830	1	0	0	0	0	0	0	0	0	1	0	1	0	0	1	1	1	0	1	0	R
NMDC20582671	1	0	0	0	0	1	0	0	0	1	0	1	0	0	1	1	1	0	1	0	R
NMDC20582672	1	1	1	0	0	0	0	0	0	1	0	1	0	0	1	1	0	0	1	0	R
NMDC20550827	1	1	1	0	0	0	0	0	0	1	0	1	0	0	1	1	0	0	1	0	R
NMDC20552832	0	0	0	1	0	0	0	0	0	1	0	1	0	0	1	0	0	0	1	0	R
NMDC20582673	1	1	1	0	0	0	0	0	0	1	0	1	0	0	1	1	0	0	1	0	R
NMDC20554808	1	0	0	0	0	0	1	0	0	1	0	1	0	0	1	1	0	0	1	0	R
NMDC20582674	0	0	0	0	0	0	0	0	0	1	0	1	0	0	1	1	0	0	1	0	R
NMDC20582675	0	1	1	0	0	0	0	0	0	1	0	1	0	0	1	1	0	0	1	0	R
NMDC20554809	1	0	0	0	0	1	0	0	0	1	0	1	0	0	1	1	1	0	1	0	R
NMDC20556832	1	0	0	0	0	1	0	0	0	1	0	1	0	0	1	1	1	0	1	0	R
NMDC20582677	1	1	1	0	0	0	0	0	0	1	0	1	0	0	1	1	0	0	1	0	R
NMDC20552833	0	0	0	0	0	0	0	0	0	1	0	1	0	0	1	1	0	0	1	0	R
NMDC20582678	1	1	0	0	0	1	0	0	0	1	0	1	0	0	1	1	0	0	1	0	R
NMDC20582679	1	1	0	0	0	1	0	0	0	1	0	1	0	0	1	1	0	0	1	0	R
NMDC20556835	0	0	0	0	0	0	0	0	0	1	0	1	0	0	1	0	0	0	1	0	R
NMDC20554812	1	0	0	0	0	0	1	0	0	1	0	1	1	0	1	1	0	0	1	0	R
NMDC20550829	1	0	0	0	0	1	0	0	0	1	0	1	0	0	1	1	1	0	1	0	R
NMDC20552837	0	0	0	0	0	0	0	0	0	1	0	1	0	0	0	0	0	0	1	0	R
NMDC20556836	0	0	0	0	0	1	0	0	0	1	0	1	0	0	1	1	0	0	1	0	R
NMDC20582682	1	1	0	0	0	1	0	0	0	1	0	1	0	0	1	1	0	0	1	0	R
NMDC20554816	0	0	0	0	0	0	0	0	0	1	0	1	0	0	1	1	0	0	1	0	R
NMDC20582684	0	0	0	0	0	0	0	0	0	1	0	1	0	0	1	1	0	0	1	0	R
NMDC20552838	1	1	0	0	0	1	0	0	0	1	0	1	0	0	1	1	0	0	1	0	R
NMDC20554818	1	0	0	0	0	1	0	0	0	1	0	1	0	0	1	1	1	0	1	0	R
NMDC20550835	1	0	0	1	0	1	0	0	0	0	1	1	0	0	1	0	1	0	1	0	R
NMDC20582687	0	1	1	0	0	0	0	0	0	1	0	1	0	0	1	1	0	0	1	0	R
NMDC20582689	0	0	0	0	0	0	0	0	0	1	0	1	0	0	1	1	0	0	1	0	R
NMDC20552839	1	0	0	0	0	0	0	0	0	1	0	1	0	0	1	1	1	0	1	0	R
NMDC20550836	1	0	0	1	0	1	0	0	0	0	1	1	0	0	1	0	1	0	1	0	R
NMDC20582690	1	1	1	0	0	0	0	0	0	1	0	1	0	0	1	1	0	0	1	0	R
NMDC20582693	0	0	0	0	0	0	0	0	0	1	0	1	0	0	1	1	0	0	1	0	R
NMDC20582694	1	0	0	0	0	0	1	0	0	1	0	1	0	0	1	1	0	0	1	0	R
NMDC20582701	1	0	0	0	0	1	0	0	0	1	0	1	0	0	1	0	1	0	1	0	R
NMDC20556842	0	0	0	1	0	0	0	0	0	1	0	0	0	0	1	1	0	0	1	0	R
NMDC20582707	0	1	0	0	0	0	0	0	1	1	0	1	0	0	1	1	0	0	1	1	R
NMDC20582710	0	0	0	0	0	0	0	0	0	1	0	1	0	0	1	1	0	0	1	0	R
NMDC20582711	0	0	0	0	0	0	0	0	0	1	0	1	0	0	1	1	0	0	1	0	R
NMDC20556846	0	0	0	0	0	0	0	0	0	1	0	1	0	0	1	1	0	0	1	0	R
NMDC20582713	0	0	0	1	0	0	0	0	0	1	1	1	0	0	1	0	0	0	0	0	R
NMDC20550840	1	0	0	0	0	1	0	0	0	1	0	1	0	0	1	0	1	0	1	0	R
NMDC20582714	1	0	0	1	0	1	0	0	0	1	0	0	0	0	0	1	1	0	1	0	R
NMDC20582715	0	0	0	0	0	0	0	0	0	1	0	1	0	0	1	1	0	0	1	0	R
NMDC20552844	1	1	1	0	0	0	0	0	0	1	0	1	0	0	1	1	0	0	1	0	R
NMDC20554827	0	0	0	0	0	0	0	0	0	1	0	1	0	0	1	1	0	0	1	0	R
NMDC20552845	1	0	0	0	0	1	0	0	0	1	0	1	0	0	1	1	1	0	1	0	R
NMDC20582722	0	0	0	0	0	0	0	0	0	1	0	1	0	0	1	1	0	0	1	0	R
NMDC20554832	1	1	1	0	0	0	0	0	0	1	0	1	0	0	1	1	0	0	1	0	R
NMDC20554833	1	0	0	0	0	0	1	0	0	1	0	1	0	0	1	1	0	0	1	0	R
NMDC20550845	0	0	0	0	0	0	1	0	0	1	0	1	0	0	1	1	0	0	1	0	R
NMDC20556850	0	0	0	0	0	0	0	0	0	1	1	1	0	0	1	1	0	0	1	0	R
NMDC20556851	1	1	1	0	1	0	0	0	0	1	0	1	0	0	1	0	0	0	1	0	R
NMDC20582728	1	0	0	0	0	1	0	0	0	1	0	1	0	0	1	1	1	0	1	0	R
NMDC20582729	0	0	0	0	0	0	0	0	0	1	0	1	0	0	1	1	0	0	1	0	R
NMDC20582730	0	0	0	0	0	0	0	0	0	0	1	1	0	1	1	0	0	0	1	0	R
NMDC20582731	0	0	0	0	0	0	0	0	0	1	0	1	0	0	1	1	0	0	1	0	R
NMDC20554835	0	0	0	0	0	0	0	0	0	1	0	1	0	0	1	1	0	0	1	0	R
NMDC20552855	0	0	0	0	0	0	0	0	0	1	0	1	0	0	1	1	0	0	1	0	R
NMDC20554836	0	0	0	0	0	0	0	0	0	1	0	1	0	0	1	1	0	0	1	0	R
NMDC20582737	1	0	0	0	0	1	0	0	0	1	0	1	0	0	1	1	1	0	1	0	R
NMDC20552859	1	0	0	0	0	0	1	0	0	1	0	1	0	0	1	1	0	0	1	0	R
NMDC20582738	1	0	0	1	0	0	0	0	0	1	0	0	0	0	0	1	0	0	1	0	R
NMDC20582740	0	1	0	0	1	0	0	0	0	0	0	0	0	0	1	0	0	1	1	0	R
NMDC20582741	1	0	0	0	1	1	0	0	0	1	0	1	0	0	1	0	0	0	1	0	R
NMDC20582742	1	0	0	0	0	1	0	0	0	1	0	1	0	0	1	1	1	0	1	0	R
NMDC20582743	0	0	0	0	0	0	0	0	0	1	0	1	0	0	1	1	0	0	1	0	R
NMDC20550852	0	0	0	0	0	0	0	0	0	1	0	1	0	0	1	1	0	0	1	0	R
NMDC20552863	0	0	0	0	0	0	0	0	0	1	0	1	0	0	1	1	0	0	1	0	R
NMDC20550853	0	0	0	0	0	0	0	0	0	1	0	1	0	0	0	1	0	0	1	0	R
NMDC20582748	1	0	0	0	0	0	1	0	0	1	0	1	0	0	1	1	0	0	1	0	R
NMDC20550854	0	0	0	0	0	0	0	0	0	1	0	1	0	0	0	1	0	0	1	0	R
NMDC20582750	1	0	0	0	0	1	0	0	0	1	0	1	0	0	1	1	1	0	1	0	R
NMDC20552866	1	0	0	0	0	1	0	0	0	1	0	1	0	0	1	1	1	0	1	0	R
NMDC20582753	1	1	1	0	0	0	1	0	0	1	0	1	0	0	1	1	0	0	1	0	R
NMDC20582754	1	0	0	0	0	1	0	0	0	1	0	1	0	0	1	1	1	0	1	0	R
NMDC20556861	0	0	0	0	0	1	0	0	0	1	0	1	0	0	1	0	0	0	1	0	R
NMDC20552872	1	0	0	0	0	0	1	0	0	1	0	1	0	0	1	1	0	0	1	0	R
NMDC20554847	0	1	0	1	0	1	0	0	0	0	1	1	0	0	1	0	0	0	0	0	R
NMDC20550864	1	0	0	0	0	1	0	0	0	1	0	1	0	0	0	1	1	0	1	0	R
NMDC20556864	1	0	0	0	0	0	1	0	0	1	0	1	0	0	1	1	0	0	1	0	R
NMDC20582767	1	0	0	0	0	1	0	0	0	1	0	1	0	0	1	1	1	0	1	0	R
NMDC20552880	0	1	1	0	0	0	0	0	0	1	0	1	0	0	1	1	0	0	1	0	R
NMDC20552882	1	0	0	0	0	0	0	0	0	1	0	1	0	0	1	1	0	0	1	0	R
NMDC20550869	0	1	0	0	0	0	0	0	1	0	1	1	0	1	1	0	0	0	1	1	R
NMDC20552884	1	0	0	0	0	1	0	0	0	1	0	1	0	0	1	1	1	0	1	0	R
NMDC20582771	1	1	1	0	0	0	0	0	0	1	0	1	0	0	1	1	0	0	1	0	R
NMDC20582772	1	0	0	0	0	0	1	0	0	1	0	1	0	0	1	1	0	0	1	0	R
NMDC20550872	0	0	0	0	0	1	0	0	0	1	0	1	0	0	1	1	0	0	1	0	R
NMDC20556867	1	0	0	0	0	1	0	0	0	1	0	1	0	0	1	0	1	0	1	0	R
NMDC20582774	0	1	0	0	0	1	0	0	0	1	0	1	0	0	0	1	0	0	1	0	R
NMDC20554854	1	0	0	0	0	1	0	0	0	1	0	1	0	0	1	1	1	0	1	0	R
NMDC20552888	1	0	0	0	0	1	0	0	0	1	0	1	0	0	1	1	0	0	1	0	R
NMDC20552887	1	0	0	0	0	1	0	0	0	1	0	1	0	0	1	1	1	0	1	0	R
NMDC20582776	1	0	0	0	0	1	0	0	0	1	0	1	0	0	1	0	1	0	1	0	R
NMDC20582779	1	0	0	0	0	0	1	0	0	1	0	1	0	0	1	1	0	0	1	0	R
NMDC20556870	0	0	0	0	0	0	0	0	0	1	0	1	0	0	1	1	0	0	1	0	R
NMDC20554856	1	0	0	1	0	1	0	0	0	1	1	1	0	0	1	0	0	0	1	0	R
NMDC20582781	0	0	0	0	0	0	0	0	0	1	0	1	0	0	1	1	0	0	1	0	R
NMDC20582783	1	0	0	0	0	1	0	0	0	1	0	1	0	0	1	1	1	0	1	0	R
NMDC20552889	1	1	1	0	0	0	0	0	0	1	0	1	0	0	1	1	0	0	1	0	R
NMDC20554857	1	0	0	1	0	1	0	0	0	0	1	1	0	0	1	0	1	0	1	0	R
NMDC20550875	0	0	0	0	0	0	0	0	0	1	0	1	0	0	1	0	0	0	1	0	R
NMDC20554858	1	0	0	0	0	1	0	0	0	1	0	1	0	0	1	1	1	0	1	0	R
NMDC20552891	1	0	0	0	0	0	1	0	0	1	0	1	0	0	1	0	0	0	1	0	R
NMDC20550876	1	1	0	1	0	1	0	0	0	1	0	0	0	0	1	1	0	0	1	0	R
NMDC20582793	1	1	0	0	0	0	0	0	0	1	0	1	0	0	1	1	1	0	1	0	R
NMDC20552894	0	1	0	0	0	1	0	0	0	1	0	1	0	0	0	1	0	0	1	0	R
NMDC20582799	1	0	0	0	0	1	0	0	0	1	0	1	0	0	1	1	0	0	1	0	R
NMDC20552895	1	1	0	0	0	0	0	0	0	1	0	1	0	0	1	1	0	0	1	0	R
NMDC20556879	1	1	1	0	1	0	0	0	0	1	0	1	0	0	1	0	0	0	1	0	R
NMDC20554867	1	1	1	0	0	0	0	0	0	1	0	1	0	0	1	1	0	0	1	0	R
NMDC20582803	1	1	0	1	0	0	1	0	0	1	0	1	0	0	1	0	0	0	1	0	R
NMDC20554903	1	0	0	0	0	1	0	0	0	1	0	1	0	0	1	1	1	0	1	0	R
NMDC20582916	1	0	0	0	0	1	0	0	0	1	0	1	0	0	1	1	1	0	1	0	R
NMDC20554904	1	1	1	0	0	1	0	0	0	1	0	1	0	0	1	1	1	0	1	0	R
NMDC20582921	1	0	0	0	0	1	0	0	0	1	0	1	0	0	1	1	1	0	1	0	R
NMDC20550921	1	0	0	0	0	1	0	0	0	1	0	1	0	0	1	1	1	0	1	0	R
NMDC20554905	1	0	0	0	0	1	0	0	1	1	0	1	0	0	1	1	1	0	1	0	R
NMDC20582923	0	1	1	0	0	0	0	0	0	1	0	1	0	0	1	1	0	0	1	0	R
NMDC20552945	0	1	0	0	0	1	0	0	0	1	0	1	0	0	0	1	0	0	1	0	R
NMDC20582926	1	0	0	0	0	1	0	0	0	1	0	1	0	0	1	1	1	0	1	0	R
NMDC20582927	1	0	0	0	0	1	0	0	0	1	0	1	0	0	1	1	1	0	1	0	R
NMDC20554907	1	0	0	0	0	1	0	0	0	1	0	1	0	0	1	0	1	0	1	0	R
NMDC20550924	1	0	0	0	0	1	0	0	0	1	0	1	0	0	1	1	1	0	1	0	R
NMDC20550925	0	1	0	0	0	1	0	0	0	1	0	1	0	0	0	1	0	0	1	0	R
NMDC20582930	1	0	0	0	0	1	0	0	0	1	0	1	0	0	1	0	1	0	1	0	R
NMDC20582931	1	0	0	0	0	1	0	0	0	1	0	1	0	0	1	1	0	0	1	0	R
NMDC20582932	1	0	0	0	1	1	0	0	0	1	0	1	0	0	1	0	1	0	1	0	R
NMDC20582933	1	0	0	0	0	0	1	0	0	1	0	1	0	0	1	1	0	0	1	0	R
NMDC20552947	0	0	0	0	0	0	0	0	0	1	0	1	0	0	0	1	0	0	1	0	R
NMDC20552948	1	0	0	0	0	1	0	0	0	1	0	1	0	0	1	1	1	0	1	0	R
NMDC20550927	1	0	0	0	0	1	0	0	0	1	0	1	0	0	1	1	0	0	1	0	R
NMDC20582937	1	0	0	0	0	1	0	0	0	1	0	1	0	0	1	1	1	0	1	0	R
NMDC20582938	1	0	0	0	0	1	0	0	0	1	0	1	0	0	1	1	1	0	1	0	R
NMDC20554910	1	0	0	0	0	1	0	0	0	1	0	1	0	0	1	0	1	0	1	0	R
NMDC20554911	1	0	0	0	0	1	0	0	0	1	0	1	0	0	1	1	0	0	1	0	R
NMDC20550928	1	0	0	0	0	0	1	0	0	1	0	1	0	0	1	1	0	0	1	0	R
NMDC20582939	1	0	0	0	0	1	0	0	0	1	0	1	0	0	1	1	1	0	1	0	R
NMDC20552950	1	0	0	0	0	1	0	0	0	1	0	1	0	0	1	1	1	0	1	0	R
NMDC20550930	1	0	0	0	0	0	1	0	0	1	0	1	0	0	1	1	0	0	1	0	R
NMDC20554915	1	0	0	0	0	1	0	0	0	1	0	1	0	0	1	1	1	0	1	0	R
NMDC20552951	1	1	1	0	0	0	0	0	0	1	0	1	0	0	1	1	0	0	1	0	R
NMDC20582941	1	0	0	0	0	1	0	0	0	1	0	1	0	0	1	0	1	0	1	0	R
NMDC20554917	1	0	0	0	0	0	1	0	0	1	0	1	0	0	1	1	0	0	1	0	R
NMDC20582946	1	0	0	0	0	1	0	0	0	1	0	1	0	0	1	1	1	0	1	0	R
NMDC20552954	1	0	1	1	0	0	0	0	0	1	0	1	0	0	1	0	0	0	1	0	R
NMDC20552955	0	0	0	0	0	0	0	0	0	1	0	1	0	0	1	1	0	0	1	0	R
NMDC20582949	1	0	0	0	0	1	0	0	0	1	0	1	0	0	1	1	1	0	1	0	R
NMDC20554921	1	0	0	1	0	0	1	0	0	1	0	1	0	0	1	0	0	0	1	0	R
NMDC20582956	1	1	1	1	0	0	0	0	0	0	0	1	0	0	1	0	0	0	0	0	R
NMDC20556925	1	0	0	0	0	1	0	0	0	1	0	1	0	0	1	1	0	0	1	0	R
NMDC20556926	1	0	0	0	0	1	0	0	0	1	0	1	0	0	1	1	0	0	1	0	R
NMDC20582959	1	0	0	0	0	1	0	0	0	1	0	1	0	0	1	1	1	0	1	0	R
NMDC20554927	1	0	0	0	0	1	0	0	0	1	0	1	0	0	1	1	1	0	1	0	R
NMDC20556927	1	0	0	0	0	1	0	0	0	1	0	1	0	0	1	1	1	0	1	0	R
NMDC20582960	1	0	0	0	0	1	0	0	0	1	0	1	0	0	1	1	1	0	1	0	R
NMDC20556928	0	1	1	0	0	0	0	0	0	1	0	1	0	0	1	1	0	0	1	0	R
NMDC20556929	1	0	0	0	0	1	0	0	0	1	0	1	0	0	1	1	1	0	1	0	R
NMDC20550934	1	0	0	0	0	1	0	0	0	1	0	1	0	0	1	1	1	0	1	0	R
NMDC20582962	1	0	0	0	0	0	1	0	0	1	0	1	0	0	1	1	0	0	1	0	R
NMDC20582964	1	0	0	0	0	1	0	0	0	1	0	1	0	0	1	1	1	0	1	0	R
NMDC20556930	1	0	0	1	0	1	0	0	0	1	0	0	0	0	0	1	0	0	1	0	R
NMDC20582967	1	0	0	0	0	0	1	0	0	1	0	1	0	0	1	1	0	0	1	0	R
NMDC20554930	1	0	0	0	0	1	0	0	0	1	0	1	0	0	1	1	1	0	1	0	R
NMDC20552963	1	0	0	0	0	1	0	0	0	1	0	1	0	0	1	0	1	0	1	0	R
NMDC20582970	0	0	0	0	0	0	0	0	0	1	0	1	0	0	1	0	0	0	1	0	R
NMDC20550937	1	0	0	0	0	0	1	0	0	1	0	1	0	0	1	1	0	0	1	0	R
NMDC20552965	0	0	0	0	0	0	0	0	0	1	0	1	0	0	1	1	0	0	1	0	R
NMDC20582973	0	1	1	0	1	0	0	0	0	1	0	1	0	0	1	0	0	0	1	0	R
NMDC20550938	0	0	0	1	0	0	0	0	0	1	0	1	0	0	1	0	0	0	0	0	R
NMDC20552967	1	1	0	1	0	1	0	0	0	1	0	0	0	0	1	1	0	0	1	0	R
NMDC20582978	1	0	0	0	0	1	0	0	0	1	0	1	0	0	1	0	1	0	1	0	R
NMDC20554934	1	0	0	0	0	1	0	0	0	1	0	1	0	0	1	1	1	0	1	0	R
NMDC20550939	0	1	0	0	0	1	0	0	0	1	0	1	0	0	0	1	0	0	1	0	R
NMDC20582980	0	0	0	0	0	0	0	0	0	0	1	1	0	1	1	0	0	0	1	0	R
NMDC20582981	1	1	0	0	0	1	0	0	0	1	0	1	0	0	0	1	1	0	1	0	R
NMDC20556936	1	1	0	1	0	0	1	0	0	1	0	1	0	0	1	0	0	0	1	0	R
NMDC20552969	1	0	0	1	0	0	0	0	0	0	1	1	0	0	1	0	0	0	0	0	R
NMDC20582982	0	1	0	1	0	0	1	1	0	1	0	1	0	0	1	0	0	0	1	0	R
NMDC20582983	1	1	1	0	1	0	0	0	0	1	0	1	0	0	1	0	0	0	1	0	R
NMDC20552970	1	0	0	0	0	0	1	0	0	1	0	1	1	0	1	1	0	0	1	0	R
NMDC20550942	1	0	0	0	0	0	0	0	0	1	0	1	0	0	1	1	0	0	1	0	R
NMDC20556940	1	1	0	1	0	0	1	0	0	1	0	1	0	0	1	0	0	0	1	0	R
NMDC20582984	1	1	0	0	0	0	0	0	0	1	0	1	0	0	1	0	0	1	1	0	R
NMDC20552975	1	0	0	0	0	0	1	0	0	1	0	1	0	0	1	1	0	0	1	0	R
NMDC20552974	1	0	0	0	1	1	0	0	0	1	0	1	0	0	1	0	0	0	1	0	R
NMDC20556943	1	1	1	0	1	0	0	0	0	1	0	1	0	0	1	0	0	0	1	0	R
NMDC20582990	1	0	0	0	0	0	1	0	0	1	0	1	0	0	1	1	0	0	1	0	R
NMDC20556946	1	0	0	0	0	1	0	0	0	1	0	1	0	0	1	1	0	0	1	0	R
NMDC20552976	1	0	0	0	0	1	0	0	0	1	0	1	0	0	1	1	1	0	1	0	R
NMDC20550945	1	1	1	1	0	0	0	0	0	0	0	1	0	0	1	0	0	0	1	0	R
NMDC20582991	1	1	0	1	0	0	1	1	0	1	0	1	0	0	1	0	0	0	1	0	R
NMDC20582994	1	1	0	0	0	0	0	0	0	1	0	1	0	0	1	0	0	1	1	0	R
NMDC20552977	1	0	0	0	0	0	1	0	0	1	0	1	0	0	1	1	0	0	1	0	R
NMDC20556950	1	0	0	0	0	0	1	0	0	1	0	1	0	0	1	1	0	0	1	0	R
NMDC20556951	1	1	1	0	1	0	0	0	0	1	0	1	0	0	1	0	0	0	1	0	R
NMDC20582996	1	0	0	0	0	0	1	0	0	1	0	1	0	0	1	1	0	0	1	0	R
NMDC20554939	1	0	0	0	0	1	0	0	0	1	0	1	0	0	1	1	1	0	1	0	R
NMDC20582997	1	0	0	1	0	1	0	0	0	1	0	0	0	0	1	1	0	0	1	0	R
NMDC20550948	1	0	0	0	0	1	0	0	0	1	0	1	0	0	1	1	1	0	1	0	R
NMDC20556952	1	0	0	0	0	1	0	0	0	1	0	1	0	0	1	0	1	0	1	0	R
NMDC20582999	1	1	1	1	0	0	0	0	0	1	0	0	0	0	1	1	0	0	1	0	R
NMDC20583000	0	0	0	0	0	0	0	0	0	0	1	1	0	1	1	0	0	0	1	0	R
NMDC20554942	1	0	0	0	0	1	0	0	0	1	0	1	0	0	1	1	1	0	1	0	R
NMDC20583001	1	0	0	0	0	1	0	0	0	1	0	1	0	0	1	1	1	0	1	0	R
NMDC20554948	1	0	0	0	0	1	0	0	0	1	0	1	0	0	1	0	1	0	1	0	R
NMDC20583004	0	0	0	1	0	0	1	0	0	1	0	1	0	0	1	0	0	0	1	0	R
NMDC20583005	1	0	0	0	0	1	0	0	0	1	0	1	0	0	1	1	1	0	1	0	R
NMDC20554947	1	1	0	0	0	0	0	0	0	1	0	0	0	0	1	1	0	1	0	0	R
NMDC20556953	1	0	0	0	0	1	0	0	0	1	0	1	0	0	1	1	1	0	1	0	R
NMDC20583006	0	0	0	0	0	1	0	0	0	1	0	1	0	0	1	1	0	0	1	0	R
NMDC20583010	0	0	0	0	0	0	0	0	0	0	0	1	0	0	1	0	0	0	1	0	R
NMDC20583012	1	1	1	0	1	0	0	0	0	1	0	1	0	0	1	0	0	0	1	0	R
NMDC20583014	1	1	1	0	1	0	0	0	0	1	0	1	0	0	1	0	0	0	1	0	R
NMDC20583015	1	1	1	0	0	0	0	0	0	1	0	1	0	0	1	1	0	0	1	0	R
NMDC20583016	1	0	0	1	0	1	0	0	0	0	1	1	0	0	1	0	1	0	1	0	R
NMDC20552981	1	0	0	0	0	1	0	0	0	1	0	1	0	0	1	1	0	0	1	0	R
NMDC20552982	1	0	0	0	0	1	0	0	0	1	0	1	0	0	1	1	1	0	1	0	R
NMDC20556957	1	1	1	1	0	0	0	0	0	1	0	0	0	0	1	1	0	0	1	0	R
NMDC20556958	1	0	0	0	0	0	0	0	1	1	0	1	0	0	1	1	0	0	1	1	R
NMDC20583023	1	0	0	0	0	1	0	0	0	1	0	1	0	0	1	1	1	0	1	0	R
NMDC20583024	0	1	0	0	0	1	0	0	0	1	0	1	0	0	0	1	0	0	1	0	R
NMDC20556959	0	0	0	0	0	1	0	0	0	1	0	1	0	0	1	1	0	0	1	0	R
NMDC20554952	1	0	0	0	0	0	1	0	0	1	1	1	0	0	1	1	0	0	1	0	R
NMDC20554953	1	1	1	0	1	0	0	0	0	1	0	1	0	0	1	0	0	0	1	0	R
NMDC20583025	1	1	1	0	1	0	0	0	0	1	0	1	0	0	1	0	0	0	1	0	R
NMDC20554955	1	0	0	0	0	1	0	0	0	1	0	1	0	0	0	1	1	0	1	0	R
NMDC20554956	0	1	0	1	0	0	0	0	1	1	0	1	0	0	1	0	0	0	0	1	R
NMDC20554957	0	0	0	1	0	0	0	0	1	1	1	0	0	0	0	1	0	0	1	0	R
NMDC20583032	1	0	0	0	0	1	0	0	0	1	0	1	0	0	1	1	0	0	1	0	R
NMDC20583033	0	0	0	1	0	0	0	0	0	0	1	1	0	0	1	0	0	0	1	0	R
NMDC20554958	0	0	0	0	0	0	0	0	0	0	1	1	0	1	1	0	0	0	1	0	R
NMDC20556963	1	0	0	0	0	1	0	0	0	1	0	1	0	0	0	1	1	0	1	0	R
NMDC20583035	1	0	0	0	0	1	0	0	0	1	0	1	0	0	1	0	1	0	1	0	R
NMDC20556965	1	1	1	0	0	0	0	0	0	0	0	1	0	0	1	0	0	0	1	0	R
NMDC20550959	0	0	0	0	0	0	0	0	0	1	1	1	0	0	1	1	0	0	1	0	R
NMDC20556967	1	0	0	0	0	1	0	0	0	1	0	1	0	0	1	1	0	0	1	0	R
NMDC20583040	0	0	0	0	0	0	0	0	0	1	0	1	0	0	1	1	0	0	1	0	R
NMDC20554960	1	0	0	0	0	1	0	0	0	1	0	1	0	0	1	1	1	0	1	0	R
NMDC20583042	1	0	0	0	0	1	0	0	0	1	0	1	0	0	1	1	1	0	1	0	R
NMDC20556970	1	0	0	1	0	0	0	0	0	0	0	1	0	0	1	0	0	0	0	0	R
NMDC20552990	1	0	0	0	0	1	0	0	0	1	0	1	0	0	1	0	1	0	1	0	R
NMDC20556971	1	0	0	0	0	1	0	0	0	1	0	1	0	0	1	1	0	0	1	0	R
NMDC20556972	1	0	0	0	0	1	0	0	0	1	0	1	0	0	1	1	1	0	1	0	R
NMDC20554962	1	0	0	0	0	1	0	0	0	1	0	1	0	0	1	1	0	0	1	0	R
NMDC20550962	1	0	0	0	0	1	0	0	0	1	0	1	0	0	1	0	1	0	1	0	R
NMDC20554963	1	0	0	0	0	1	0	0	0	1	0	1	0	0	1	1	1	0	1	0	R
NMDC20552992	1	0	0	0	0	1	0	0	0	1	0	1	0	0	1	1	1	0	1	0	R
NMDC20554964	1	0	0	0	0	0	1	0	0	1	0	1	0	0	1	1	0	0	1	0	R
NMDC20583054	1	0	0	0	0	1	0	0	0	1	0	1	0	0	0	1	1	0	1	0	R
NMDC20554969	1	1	1	0	1	0	0	0	0	1	0	1	0	0	1	0	0	0	1	0	R
NMDC20556974	0	0	0	0	0	1	0	0	0	1	0	1	0	0	0	1	0	0	1	0	R
NMDC20583056	1	0	0	0	0	1	0	0	0	1	0	1	0	0	0	1	1	0	1	0	R
NMDC20550964	1	1	0	1	0	0	1	1	0	1	0	1	0	0	1	0	0	0	1	0	R
NMDC20550965	1	1	1	0	1	0	0	0	0	1	0	1	0	0	1	0	0	0	1	0	R
NMDC20554970	1	1	1	0	1	0	0	0	0	1	0	1	0	0	1	0	0	0	1	0	R
NMDC20583060	1	0	0	0	0	0	1	0	0	1	0	1	0	0	1	0	0	0	1	0	R
NMDC20550966	1	0	0	1	0	1	0	0	0	0	1	1	0	0	1	0	1	0	1	0	R
NMDC20552996	1	0	0	0	0	1	0	0	0	1	0	1	0	0	0	1	1	0	1	0	R
NMDC20583062	1	1	1	0	1	0	0	0	0	1	0	1	0	0	1	0	0	0	1	0	R
NMDC20554973	1	0	0	0	0	0	1	0	0	1	0	1	0	0	1	1	0	0	1	0	R
NMDC20554975	1	0	0	0	0	0	1	0	0	1	0	1	0	0	0	0	0	0	0	0	R
NMDC20552998	0	0	0	0	0	0	0	0	0	1	0	1	0	0	1	1	0	0	1	0	R
NMDC20583069	1	0	0	0	0	1	0	0	0	1	0	1	0	0	1	0	1	0	1	0	R
NMDC20583071	1	0	0	0	0	1	0	0	0	1	0	1	0	0	0	1	1	0	1	0	R
NMDC20583072	1	0	0	0	0	0	1	0	0	1	0	1	0	0	0	0	0	0	0	0	R
NMDC20583075	1	0	0	0	0	1	0	0	0	1	0	1	0	0	1	1	1	0	1	0	R
NMDC20554977	1	1	0	0	0	1	0	0	0	1	0	1	0	0	0	1	1	0	1	0	R
NMDC20550968	1	0	0	0	0	1	0	0	0	1	0	1	0	0	1	1	1	0	1	0	R
NMDC20553002	1	1	0	1	0	0	0	0	1	1	0	1	0	0	1	1	0	0	1	1	R
NMDC20554978	1	0	0	0	0	1	0	0	0	1	0	1	0	0	1	0	1	0	1	0	R
NMDC20583076	0	0	0	0	1	0	0	0	0	1	0	1	0	0	1	0	0	0	1	0	R
NMDC20553005	1	1	1	0	1	0	0	0	0	0	0	1	0	0	1	0	0	0	1	0	R
NMDC20553006	1	0	0	0	0	0	1	0	0	1	0	1	0	0	1	1	0	0	1	0	R
NMDC20556981	1	0	0	0	0	1	0	0	0	1	0	1	0	0	0	1	1	0	1	0	R
NMDC20583080	0	0	0	0	1	1	0	0	0	1	0	1	0	0	1	0	0	0	1	0	R
NMDC20556984	0	0	0	0	1	1	0	0	0	0	0	0	0	0	0	0	0	0	1	0	R
NMDC20553007	1	0	0	0	0	1	0	0	0	1	0	1	0	0	1	1	0	0	1	0	R
NMDC20583082	0	1	1	1	0	0	0	0	0	1	0	1	0	0	1	0	0	0	1	0	R
NMDC20556983	1	0	0	0	0	1	0	0	0	1	0	1	0	0	1	0	1	0	1	0	R
NMDC20583083	1	0	0	0	0	0	0	0	0	1	0	1	0	0	1	1	0	0	1	1	R
NMDC20553009	1	0	0	1	0	1	0	0	0	0	1	1	0	0	1	0	0	0	0	0	R
NMDC20583085	1	0	0	0	0	1	0	0	0	1	0	1	0	0	1	1	1	0	1	0	R
NMDC20583086	1	0	0	1	0	1	0	0	0	0	1	1	0	0	1	0	0	0	0	0	R
NMDC20583089	1	0	0	0	0	0	0	0	0	1	0	1	0	0	1	1	0	0	1	0	R
NMDC20550973	1	0	0	0	0	1	0	0	0	1	0	1	0	0	1	1	0	0	1	0	R
NMDC20553011	0	0	0	0	0	1	0	0	0	1	0	1	0	0	1	1	0	0	1	0	R
NMDC20554983	1	1	0	0	0	1	0	0	0	1	0	1	0	0	1	1	0	0	1	0	R
NMDC20583093	1	0	0	0	0	0	1	0	0	1	0	1	0	0	1	1	0	0	1	0	R
NMDC20550975	1	0	0	0	0	1	0	0	0	1	0	1	0	0	1	1	0	0	1	0	R
NMDC20554985	1	0	0	0	0	0	1	0	0	1	0	1	1	0	1	1	0	0	1	0	R
NMDC20556987	1	0	0	0	0	0	1	0	0	1	0	1	0	0	1	1	0	0	1	0	R
NMDC20556988	1	0	0	0	0	1	0	0	0	1	0	1	0	0	1	1	0	0	1	0	R
NMDC20583099	1	0	0	0	0	1	0	0	0	1	0	1	0	0	1	1	0	0	1	0	R
NMDC20583100	1	0	0	0	0	1	0	0	0	1	0	1	0	0	1	1	1	0	1	0	R
NMDC20553014	1	0	0	0	0	1	0	0	0	1	0	1	0	0	1	1	1	0	1	0	R
NMDC20554988	0	0	0	0	0	0	0	0	1	1	0	1	0	0	1	1	0	0	1	1	R
NMDC20554989	1	0	0	0	0	1	0	0	0	1	0	1	0	0	1	0	1	0	1	0	R
NMDC20556989	0	0	0	0	0	0	0	0	0	1	0	1	0	0	1	1	0	0	1	0	R
NMDC20550977	1	0	0	0	0	0	1	0	0	1	0	1	1	0	1	1	0	0	1	0	R
NMDC20583105	1	0	0	0	0	0	1	0	0	1	0	1	0	0	1	1	0	0	1	0	R
NMDC20583108	0	0	0	0	0	0	0	0	0	1	0	1	0	0	1	1	0	0	1	0	R
NMDC20583109	1	0	0	0	0	1	1	0	0	1	0	1	0	0	1	1	0	0	1	0	R
NMDC20583111	1	0	0	0	0	0	1	0	0	1	0	1	0	0	1	1	0	0	1	0	R
NMDC20583114	1	0	0	0	0	1	0	0	0	1	0	1	0	0	1	1	0	0	1	0	R
NMDC20550979	0	0	0	0	0	1	0	0	0	1	0	1	0	0	1	1	0	0	1	0	R
NMDC20554990	1	0	0	0	0	1	0	0	0	1	0	1	0	0	1	1	0	0	0	0	R
NMDC20583116	1	0	0	0	0	1	0	0	0	1	0	1	0	0	1	1	0	0	1	0	R
NMDC20583118	1	0	0	0	0	0	0	0	0	1	0	1	0	0	1	1	0	0	1	0	R
NMDC20554992	1	0	0	0	0	1	0	0	0	1	0	1	0	0	1	1	0	0	1	0	R
NMDC20583120	0	0	0	0	0	0	0	0	0	1	0	1	0	0	1	1	0	0	1	0	R
NMDC20553020	1	0	0	1	0	1	0	0	0	0	1	1	0	0	1	0	0	0	0	0	R
NMDC20553019	1	0	0	0	0	0	0	0	0	1	0	1	0	0	1	1	0	0	1	0	R
NMDC20550984	1	0	0	0	0	1	0	0	0	1	0	1	0	0	1	0	1	0	1	0	R
NMDC20583125	1	0	0	0	0	1	0	0	0	1	0	1	0	0	1	1	0	0	1	0	R
NMDC20583126	1	0	0	0	0	1	0	0	0	1	0	1	0	0	1	1	0	0	1	0	R
NMDC20554993	1	0	0	0	0	1	0	0	0	1	0	1	0	0	1	1	1	0	1	0	R
NMDC20556994	1	1	0	0	1	0	0	0	0	1	0	1	0	0	1	0	0	0	1	0	R
NMDC20550986	1	0	0	0	0	1	0	0	0	1	0	1	0	0	1	1	0	0	1	0	R
NMDC20583127	1	0	0	0	0	1	0	0	0	1	0	1	0	0	1	1	0	0	1	0	R
NMDC20556995	0	0	0	1	0	0	0	0	0	1	0	1	0	0	0	0	0	0	1	0	R
NMDC20550988	0	0	0	0	0	1	0	0	0	1	0	1	0	0	1	1	0	0	1	0	R
NMDC20553021	1	0	0	0	0	1	0	0	0	1	0	1	0	0	1	1	1	0	1	0	R
NMDC20553023	1	0	0	0	0	1	0	0	0	1	0	1	0	0	1	1	0	0	1	0	R
NMDC20550989	1	0	0	0	0	1	0	0	0	1	0	1	0	0	1	1	0	0	1	0	R
NMDC20550990	0	1	0	0	0	1	0	0	0	1	0	1	0	0	0	1	0	0	1	0	R
NMDC20583129	1	1	0	0	0	0	0	0	0	1	0	0	0	0	1	1	0	1	0	0	R
NMDC20583130	0	0	0	0	0	0	1	0	0	1	0	1	0	0	1	1	0	0	1	0	R
NMDC20583131	0	0	0	0	0	0	0	0	0	1	0	1	0	0	1	1	0	0	1	0	R
NMDC20550992	1	1	1	1	0	0	0	0	0	0	0	1	0	0	1	0	0	0	0	0	R
NMDC20583134	1	0	0	0	0	1	0	0	0	1	0	1	0	0	1	1	0	0	1	0	R
NMDC20550996	1	0	0	0	0	1	0	0	0	1	0	1	0	0	1	1	0	0	1	0	R
NMDC20583137	0	0	0	0	0	0	0	0	0	0	0	1	0	0	1	0	0	0	1	0	R
NMDC20550998	1	0	0	0	0	0	0	0	0	1	0	1	0	0	1	1	1	0	1	0	R
NMDC20583138	1	0	0	0	0	1	0	0	0	1	0	1	0	0	1	1	0	0	1	0	R
NMDC20583139	1	0	0	0	0	0	0	0	0	1	0	1	0	0	1	1	1	0	1	0	R
NMDC20554998	0	0	0	0	0	0	0	0	0	1	0	1	0	0	1	1	0	0	1	0	R
NMDC20583141	0	0	0	0	0	1	0	0	0	1	0	1	0	0	1	1	0	0	1	0	R
NMDC20583142	1	0	0	0	0	1	0	0	0	1	0	1	0	0	1	1	0	0	1	0	R
NMDC20583143	1	0	0	0	0	1	0	0	0	1	0	1	0	0	1	1	1	0	1	0	R
NMDC20557002	0	1	0	0	0	1	0	0	0	1	0	1	0	0	1	1	0	0	1	0	R
NMDC20554999	1	0	0	0	0	1	0	0	0	1	0	1	0	0	1	1	1	0	1	0	R
NMDC20551000	1	1	0	0	0	0	0	0	0	1	0	1	0	0	1	1	0	0	1	0	R
NMDC20583147	1	0	0	1	0	1	0	0	0	0	1	1	0	0	1	0	1	0	1	0	R
NMDC20583148	1	0	0	0	0	1	0	0	0	1	0	1	0	0	1	1	1	0	1	0	R
NMDC20555003	1	0	0	0	0	1	0	0	0	1	0	1	0	0	1	1	1	0	1	0	R
NMDC20555004	1	0	0	0	0	1	0	0	0	1	0	1	0	0	0	1	1	0	1	0	R
NMDC20553030	1	0	0	0	0	0	1	0	0	1	0	1	0	0	1	1	0	0	1	0	R
NMDC20555007	1	1	0	1	0	0	1	1	0	1	0	1	0	0	1	0	0	0	1	0	R
NMDC20551002	1	0	0	0	0	1	0	0	0	1	0	1	0	0	1	1	1	0	1	0	R
NMDC20555006	1	0	0	0	0	0	1	0	0	1	0	1	0	0	1	1	0	0	1	0	R
NMDC20583153	1	0	0	0	0	0	1	0	0	1	0	1	0	0	1	1	0	0	1	0	R
NMDC20557005	1	0	0	0	0	1	0	0	0	1	0	1	0	0	1	0	1	0	1	0	R
NMDC20583155	0	0	0	0	0	1	0	0	0	1	0	1	0	0	1	1	0	0	1	0	R
NMDC20553033	1	0	0	0	0	1	0	0	0	1	0	1	0	0	1	1	0	0	1	0	R
NMDC20553034	1	0	0	0	0	1	0	0	0	1	0	1	0	0	1	1	0	0	1	0	R
NMDC20583157	1	0	0	0	0	1	0	0	0	1	0	1	0	0	1	1	0	0	1	0	R
NMDC20583158	1	0	0	0	0	1	0	0	0	1	0	1	0	0	1	1	1	0	1	0	R
NMDC20553036	1	0	0	0	0	1	0	0	0	1	0	1	0	0	1	1	1	0	1	0	R
NMDC20555009	1	0	0	0	0	0	0	0	1	1	0	1	0	0	1	1	0	0	1	1	R
NMDC20557007	1	0	0	0	0	1	0	0	0	1	0	1	0	0	1	1	1	0	1	0	R
NMDC20551010	0	0	0	0	0	0	0	0	0	1	0	1	0	0	1	1	0	0	1	0	R
NMDC20583166	1	0	0	0	0	1	0	0	0	1	0	1	0	0	1	1	1	0	1	0	R
NMDC20553037	1	0	0	0	0	1	0	0	0	1	0	1	0	0	1	1	1	0	1	0	R
NMDC20583168	1	0	0	0	0	1	0	0	0	1	0	1	0	0	1	1	0	0	1	0	R
NMDC20583170	1	0	0	0	0	1	0	0	0	1	0	1	0	0	1	1	0	0	1	0	R
NMDC20557008	1	0	0	0	0	1	0	0	0	1	0	1	0	0	1	1	1	0	1	0	R
NMDC20583173	1	0	0	0	0	0	1	0	0	1	0	1	0	0	1	1	0	0	1	0	R
NMDC20551011	1	1	1	0	1	0	0	0	0	1	0	1	0	0	1	0	0	0	1	0	R
NMDC20583177	1	0	0	0	0	1	0	0	0	1	0	1	0	0	1	1	0	0	1	0	R
NMDC20583178	0	0	0	0	0	0	1	0	0	1	0	1	0	0	1	1	0	0	1	0	R
NMDC20555011	1	1	0	1	0	1	0	0	0	1	0	0	0	0	1	1	0	0	1	0	R
NMDC20553041	1	0	0	0	0	0	1	0	0	1	0	1	0	0	1	1	0	0	1	0	R
NMDC20555013	1	0	0	0	0	1	0	0	0	1	0	1	0	0	1	1	0	0	1	0	R
NMDC20555014	1	1	0	1	0	1	0	0	0	1	0	0	0	0	1	1	0	0	1	0	R
NMDC20557011	1	0	0	1	0	0	0	0	0	1	0	1	0	0	1	0	0	0	1	0	R
NMDC20555015	1	1	0	1	0	1	0	0	0	1	0	0	0	0	1	1	0	0	1	0	R
NMDC20555016	1	1	1	1	0	0	0	0	0	0	0	1	0	0	1	0	0	0	0	0	R
NMDC20553043	1	0	0	0	0	0	1	0	0	1	0	1	0	0	1	1	0	0	1	0	R
NMDC20583182	1	0	0	0	0	1	0	0	0	1	0	1	0	0	1	1	0	0	1	0	R
NMDC20555018	0	0	0	0	0	1	0	0	0	1	0	1	0	0	1	1	0	0	1	0	R
NMDC20557014	1	0	0	0	0	1	0	0	0	1	0	1	0	0	1	0	1	0	1	0	R
NMDC20583185	1	0	0	0	0	1	0	0	0	1	0	1	0	0	1	1	1	0	1	0	R
NMDC20551016	0	0	0	1	0	0	1	0	0	1	0	1	0	0	1	0	0	0	1	0	R
NMDC20557015	1	0	0	1	0	1	0	0	0	0	1	1	0	0	1	0	0	0	0	0	R
NMDC20583186	0	0	0	1	0	0	1	0	0	1	0	1	0	0	1	0	0	0	1	0	R
NMDC20583188	1	0	0	1	0	0	1	0	0	1	0	1	0	0	1	0	0	0	1	0	R
NMDC20553047	1	0	0	0	0	1	0	0	0	1	0	1	0	0	1	1	1	0	1	0	R
NMDC20583189	1	0	0	0	0	0	1	0	0	1	0	1	0	0	1	1	0	0	1	0	R
NMDC20553052	0	0	0	1	0	0	1	0	0	1	1	1	0	0	1	0	0	0	1	0	R
NMDC20553050	1	0	0	0	0	1	0	0	0	1	0	1	0	0	1	1	0	0	1	0	R
NMDC20557019	1	1	1	0	1	0	0	0	0	1	0	1	0	0	1	0	0	0	1	0	R
NMDC20583191	1	0	0	0	0	1	0	0	0	1	0	1	0	0	1	1	1	0	1	0	R
NMDC20553053	1	0	0	0	0	1	0	0	0	1	0	1	0	0	1	1	0	0	1	0	R
NMDC20557021	1	0	0	0	0	1	0	0	0	1	0	1	0	0	1	1	0	0	1	0	R
NMDC20551022	1	0	0	1	0	1	0	0	0	0	1	1	0	0	1	0	0	0	0	0	R
NMDC20557023	1	1	0	0	0	0	0	0	0	1	0	0	0	0	1	1	0	1	0	0	R
NMDC20583192	1	1	1	1	0	0	0	0	0	0	0	1	0	0	1	0	0	0	1	0	R
NMDC20553058	1	0	0	0	0	1	0	0	0	1	0	1	0	0	1	0	1	0	1	0	R
NMDC20583195	1	0	0	0	0	1	0	0	0	1	0	1	0	0	1	1	1	0	1	0	R
NMDC20553060	1	1	0	0	0	0	0	0	0	1	0	0	0	0	1	1	0	1	0	0	R
NMDC20555023	1	1	1	0	1	0	0	0	0	1	0	1	0	0	1	0	0	0	1	0	R
NMDC20557024	1	0	0	0	0	1	0	0	0	1	0	1	0	0	1	1	0	0	1	0	R
NMDC20583197	1	0	0	0	0	1	0	0	0	1	0	1	0	0	1	1	0	0	1	0	R
NMDC20583198	1	0	0	0	0	1	0	0	0	1	0	1	0	0	1	1	0	0	1	0	R
NMDC20583200	1	0	0	0	0	1	0	0	0	1	0	1	0	0	1	0	1	0	1	0	R
NMDC20583201	1	0	0	0	0	1	0	0	0	1	0	1	0	0	1	1	0	0	1	0	R
NMDC20555025	1	0	0	0	0	1	0	0	0	1	0	1	0	0	1	1	0	0	1	0	R
NMDC20583203	1	0	0	0	1	0	1	0	0	1	0	0	0	0	0	0	0	0	1	0	R
NMDC20557027	1	0	0	0	0	1	0	0	0	1	0	1	0	0	1	1	0	0	1	0	R
NMDC20551026	1	0	0	0	0	1	0	0	0	1	0	1	0	0	1	0	1	0	1	0	R
NMDC20557028	1	0	0	0	0	1	0	0	0	1	0	1	0	0	1	1	0	0	1	0	R
NMDC20583207	1	0	0	0	0	1	0	0	0	1	0	1	0	0	1	1	0	0	1	0	R
NMDC20557029	1	0	0	0	0	1	0	0	0	1	0	1	0	0	1	1	1	0	1	0	R
NMDC20583211	1	0	0	0	0	1	0	0	0	1	0	1	0	0	1	1	0	0	1	0	R
NMDC20553065	1	0	0	0	0	1	0	0	0	1	0	1	0	0	1	1	1	0	1	0	R
NMDC20553066	0	0	0	0	0	0	0	0	0	0	1	1	0	1	1	0	0	0	1	0	R
NMDC20583213	0	0	0	0	0	0	0	0	0	0	1	1	0	1	1	0	0	0	1	0	R
NMDC20553067	0	0	0	1	0	0	0	0	0	1	0	1	0	0	1	0	0	0	1	0	R
NMDC20583214	0	0	0	1	0	0	0	0	0	1	0	1	0	0	1	0	0	0	1	0	R
NMDC20551030	0	0	0	0	0	0	0	0	0	1	0	1	0	0	1	0	0	0	1	0	R
NMDC20557032	1	0	0	0	0	1	0	0	0	1	0	1	0	0	1	1	0	0	1	0	R
NMDC20555033	1	0	0	0	0	1	0	0	0	1	0	1	0	0	1	1	1	0	1	0	R
NMDC20557033	1	0	0	0	0	1	0	0	0	1	0	1	0	0	1	1	1	0	1	0	R
NMDC20583216	1	0	0	0	0	0	1	0	0	1	0	1	0	0	1	1	0	0	1	0	R
NMDC20555037	1	0	0	0	0	1	0	0	0	1	0	1	0	0	1	1	1	0	1	0	R
NMDC20557034	1	0	0	0	0	1	0	0	0	1	0	1	0	0	1	1	1	0	1	0	R
NMDC20551032	0	0	0	0	0	1	0	0	0	1	0	1	0	0	1	1	0	0	1	0	R
NMDC20557036	1	0	0	0	0	1	0	0	0	1	0	1	0	0	1	1	1	0	1	0	R
NMDC20583219	1	0	0	0	0	1	0	0	0	1	0	1	0	0	1	1	0	0	1	0	R
NMDC20555039	1	0	0	0	0	1	0	0	0	1	0	1	0	0	1	1	1	0	1	0	R
NMDC20583220	1	0	0	0	0	0	1	0	0	1	0	1	0	0	1	1	0	0	1	0	R
NMDC20553070	0	0	0	0	0	0	0	0	0	1	0	1	0	0	1	1	0	0	1	0	R
NMDC20583222	0	1	1	0	0	0	0	0	0	1	0	1	0	0	1	1	0	0	1	0	R
NMDC20555040	1	1	1	0	1	0	0	0	0	1	0	1	0	0	1	0	0	0	1	0	R
NMDC20551035	0	0	0	0	1	0	0	0	0	1	0	1	0	0	1	0	0	0	1	0	R
NMDC20583225	1	0	0	0	0	0	1	0	0	1	0	1	0	0	1	1	0	0	1	0	R
NMDC20551037	1	0	0	1	0	1	0	0	0	0	1	1	0	0	1	0	1	0	1	0	R
NMDC20553072	1	0	0	0	0	0	1	0	0	1	0	1	0	0	1	1	0	0	1	0	R
NMDC20553075	0	1	1	0	0	0	0	0	0	1	0	1	0	0	1	1	0	0	1	0	R
NMDC20583232	1	0	0	0	0	0	0	0	0	1	0	1	0	0	1	1	0	0	1	0	R
NMDC20583234	1	0	0	0	0	1	0	0	0	1	0	1	0	0	1	1	1	0	1	0	R
NMDC20583235	1	0	0	0	0	1	0	0	0	1	0	1	0	0	1	1	1	0	1	0	R
NMDC20583237	1	0	0	0	0	0	1	0	0	1	0	1	0	0	1	1	0	0	1	0	R
NMDC20553076	0	0	0	0	0	0	0	0	0	1	0	1	0	0	1	1	0	0	1	0	R
NMDC20557048	1	1	1	0	0	0	0	0	0	1	1	1	0	0	1	0	0	0	1	0	R
NMDC20553077	0	0	0	0	0	0	0	0	0	0	1	1	0	1	1	0	0	0	1	0	R
NMDC20551039	0	0	0	0	1	0	0	0	0	1	0	0	0	0	0	0	0	0	1	0	R
NMDC20555043	0	0	0	0	0	0	0	0	0	0	1	1	0	1	1	0	0	0	1	0	R
NMDC20553078	1	0	0	0	0	0	1	0	0	1	0	1	0	0	1	1	0	0	1	0	R
NMDC20557046	0	0	0	0	0	0	0	0	0	1	0	1	0	0	1	1	0	0	1	0	R
NMDC20557049	1	1	0	1	0	0	1	0	0	1	0	1	0	0	1	0	0	0	1	0	R
NMDC20557050	1	0	0	0	0	1	0	0	0	1	0	1	0	0	0	1	1	0	1	0	R
NMDC20583242	1	0	0	1	0	1	0	0	0	0	1	1	0	0	1	0	0	0	0	0	R
NMDC20557052	1	0	0	0	0	1	0	0	0	1	0	1	0	0	1	1	0	0	1	0	R
NMDC20553081	0	0	0	0	0	1	0	0	0	1	0	1	0	0	1	1	0	0	1	0	R
NMDC20555044	0	1	1	0	0	0	0	0	0	1	0	1	0	0	1	1	0	0	1	0	R
NMDC20583244	1	0	0	0	0	0	1	0	0	1	0	1	0	0	1	1	0	0	1	0	R
NMDC20583245	1	0	0	0	0	1	0	0	0	1	0	1	0	0	1	1	0	0	1	0	R
NMDC20557054	1	0	0	0	0	0	1	0	0	1	0	1	0	0	1	1	0	0	1	0	R
NMDC20551041	1	0	0	0	0	1	0	0	0	1	0	1	0	0	1	1	1	0	1	0	R
NMDC20583248	0	0	0	0	0	0	0	0	0	1	0	1	0	0	1	1	0	0	1	0	R
NMDC20551042	1	0	0	0	0	1	0	0	0	1	0	1	0	0	1	1	0	0	1	0	R
NMDC20551043	1	0	0	0	0	1	0	0	0	1	0	1	0	0	1	1	0	0	1	0	R
NMDC20553083	1	0	0	0	0	0	0	0	1	1	0	1	0	0	1	1	0	0	1	1	R
NMDC20551044	1	0	0	0	0	1	0	0	0	1	0	1	0	0	0	1	1	0	1	0	R
NMDC20553086	1	0	0	0	0	0	1	0	0	1	0	1	0	0	1	1	0	0	1	0	R
NMDC20583252	0	0	0	0	0	0	0	0	0	1	0	1	0	0	1	1	0	0	1	0	R
NMDC20583253	1	0	0	1	0	1	0	0	0	0	1	1	0	0	1	0	0	0	0	0	R
NMDC20583254	1	0	0	0	0	1	0	0	0	1	0	1	0	0	1	1	1	0	1	0	R
NMDC20583255	1	0	0	0	0	1	0	0	0	1	0	1	0	0	1	1	0	0	1	0	R
NMDC20551048	1	0	0	0	0	1	0	0	0	1	0	1	0	0	1	0	1	0	1	0	R
NMDC20583258	1	0	0	0	0	1	0	0	0	1	0	1	0	0	1	1	0	0	1	0	R
NMDC20553088	1	0	0	0	0	1	0	0	0	1	0	1	0	0	1	1	0	0	1	0	R
NMDC20555050	1	1	0	0	0	0	0	0	0	1	0	0	0	0	1	1	0	1	0	0	R
NMDC20551051	1	0	0	0	0	1	0	0	0	1	0	1	0	0	1	1	0	0	1	0	R
NMDC20555052	1	0	0	0	0	1	0	0	0	1	0	1	0	0	1	1	0	0	1	0	R
NMDC20551052	0	0	0	1	0	0	1	0	0	1	0	1	0	0	1	0	0	0	1	0	R
NMDC20557063	1	0	0	0	0	1	0	0	0	1	0	1	0	0	1	1	1	0	1	0	R
NMDC20557064	1	0	0	0	0	1	0	0	0	1	0	1	0	0	1	0	1	0	1	0	R
NMDC20555054	1	0	0	0	0	0	1	0	0	1	0	1	1	0	1	1	0	0	1	0	R
NMDC20583265	1	0	0	0	0	1	0	0	0	1	0	1	0	0	1	1	1	0	1	0	R
NMDC20555056	0	0	0	0	0	0	0	0	0	1	0	1	0	0	1	1	0	0	1	0	R
NMDC20551054	1	0	0	0	0	0	1	0	0	1	0	1	0	0	1	1	0	0	1	0	R
NMDC20583266	0	0	0	0	0	0	0	0	0	0	1	1	0	1	1	0	0	0	1	0	R
NMDC20551056	1	0	0	0	0	1	0	0	0	1	0	1	0	0	1	1	0	0	1	0	R
NMDC20557065	0	0	0	0	0	0	0	0	0	1	0	1	0	0	1	1	0	0	1	0	R
NMDC20583269	1	0	0	0	0	0	1	0	0	1	0	1	0	0	1	1	0	0	1	0	R
NMDC20583271	1	0	0	0	0	1	0	0	0	1	0	1	0	0	1	1	0	0	1	0	R
NMDC20551058	1	0	0	1	0	1	0	0	0	0	1	1	0	0	1	0	1	0	1	0	R
NMDC20583274	1	0	0	0	0	0	1	0	0	1	0	1	0	0	1	1	0	0	1	0	R
NMDC20553094	1	1	1	0	1	0	0	0	0	1	0	1	0	0	1	0	0	0	1	0	R
NMDC20551059	1	1	0	0	0	0	0	0	0	1	0	0	0	0	1	1	0	1	0	0	R
NMDC20557068	1	1	0	0	0	0	0	0	0	1	0	0	0	0	1	1	0	1	0	0	R
NMDC20557069	1	0	0	0	0	0	1	0	0	1	0	1	0	0	1	1	0	0	1	0	R
NMDC20583278	1	0	0	0	0	0	1	0	0	1	0	1	0	0	1	1	0	0	1	0	R
NMDC20583281	1	0	0	0	0	1	0	0	0	1	0	1	0	0	1	1	1	0	1	0	R
NMDC20583283	1	0	0	0	0	1	0	0	0	1	0	1	0	0	1	1	1	0	1	0	R
NMDC20557071	1	0	0	0	0	0	1	0	0	1	0	1	0	0	1	1	0	0	1	0	R
NMDC20583285	1	0	0	0	0	1	0	0	0	1	0	1	0	0	1	1	0	0	1	0	R
NMDC20583288	0	1	0	0	0	1	0	0	0	1	0	1	0	0	0	1	0	0	1	0	R
NMDC20551067	1	0	0	0	0	0	1	0	0	1	0	1	0	0	1	1	0	0	1	0	R
NMDC20557072	1	0	0	0	0	0	0	0	0	1	0	1	0	0	1	1	0	0	1	0	R
NMDC20555060	1	0	0	0	0	1	0	0	0	1	0	1	0	0	1	1	0	0	1	0	R
NMDC20557073	0	1	1	0	1	0	0	0	0	1	0	1	0	0	1	0	0	0	1	0	R
NMDC20583294	1	0	0	0	0	1	0	0	0	1	0	1	0	0	1	1	1	0	1	0	R
NMDC20583296	0	1	0	0	0	0	0	0	1	0	1	1	0	1	1	0	0	0	1	1	R
NMDC20583297	1	0	0	0	0	0	1	0	0	1	0	1	0	0	1	1	0	0	1	0	R
NMDC20583298	0	1	0	0	0	0	0	0	0	0	1	1	0	0	1	0	0	1	1	0	R
NMDC20555065	0	0	0	1	0	0	0	0	0	1	0	1	0	0	1	1	0	0	1	0	R
NMDC20557077	1	1	0	0	0	1	0	0	0	1	0	1	0	0	0	1	0	0	1	0	R
NMDC20583301	1	0	0	0	0	0	1	0	0	1	0	1	0	0	1	1	0	0	1	0	R
NMDC20583302	1	0	0	1	0	1	0	0	0	0	1	1	0	0	1	0	1	0	1	0	R
NMDC20583303	1	0	0	0	0	1	0	0	0	1	0	1	0	0	1	1	1	0	1	0	R
NMDC20553104	1	0	0	0	0	0	1	0	0	1	0	1	1	0	1	1	0	0	1	0	R
NMDC20583306	0	0	0	0	0	0	0	0	1	1	0	1	0	0	1	1	0	0	1	1	R
NMDC20557082	1	0	0	0	0	0	1	0	0	1	0	1	1	0	1	1	0	0	1	0	R
NMDC20555070	1	1	1	0	0	0	0	0	0	1	0	1	0	0	1	1	0	0	1	0	R
NMDC20557085	1	1	0	0	0	1	0	0	0	1	0	1	0	0	1	1	0	0	1	0	R
NMDC20583311	0	0	0	1	0	0	1	0	0	1	0	1	0	0	1	0	0	0	1	0	R
NMDC20553109	0	0	0	0	0	0	0	0	0	1	0	1	0	0	1	1	0	0	1	0	R
NMDC20557086	0	0	0	0	0	0	0	0	0	1	0	1	0	0	1	1	0	0	1	0	R
NMDC20557089	0	0	0	0	0	0	0	0	0	1	0	1	0	0	1	1	0	0	1	0	R
NMDC20583357	1	0	0	0	0	1	0	0	0	1	0	1	0	0	1	1	1	0	1	0	R
NMDC20557094	1	0	0	0	0	1	0	0	0	1	0	1	0	0	1	1	1	0	1	0	R
NMDC20557096	1	0	0	1	0	1	0	0	0	1	0	0	0	0	1	1	0	0	1	0	R
NMDC20583362	0	0	0	0	0	0	0	0	0	1	1	1	0	0	1	1	0	0	1	0	R
NMDC20583364	0	1	1	0	0	0	0	0	0	1	0	1	0	0	1	1	0	0	1	0	R
NMDC20583365	0	0	0	0	0	0	1	0	0	1	0	1	0	0	1	1	0	0	1	0	R
NMDC20553117	1	0	0	0	0	1	0	0	0	1	0	1	0	0	1	1	1	0	1	0	R
NMDC20583368	0	1	1	0	1	0	0	0	0	1	0	1	0	0	1	0	0	0	1	0	R
NMDC20553119	1	0	0	0	0	1	0	0	0	1	0	1	0	0	1	1	1	0	1	0	R
NMDC20583370	1	0	0	0	0	1	0	0	0	1	0	1	0	0	1	1	1	0	1	0	R
NMDC20555080	1	0	0	0	0	1	0	0	0	1	0	1	0	0	1	1	0	0	1	0	R
NMDC20557097	1	0	0	1	0	1	0	0	0	0	1	1	0	0	1	0	1	0	1	0	R
NMDC20583375	0	1	1	0	1	0	0	0	0	1	0	1	0	0	1	0	0	0	1	0	R
NMDC20555082	0	1	0	0	0	0	0	0	0	1	0	0	0	0	1	1	0	1	0	0	R
NMDC20583377	1	0	0	0	0	1	0	0	0	1	0	1	0	0	1	1	1	0	1	0	R
NMDC20557100	1	0	0	0	0	1	0	0	0	1	0	1	0	0	1	1	1	0	1	0	R
NMDC20555086	0	1	1	0	0	0	0	0	0	1	0	1	0	0	1	1	0	0	1	0	R
NMDC20553122	1	1	0	0	0	0	0	0	0	1	0	1	0	0	1	1	0	0	1	0	R
NMDC20557104	1	0	0	0	1	1	0	0	0	1	0	1	0	0	1	0	1	0	1	0	R
NMDC20583382	1	0	0	0	0	1	0	0	0	1	0	1	0	0	1	1	1	0	1	0	R
NMDC20555088	0	1	0	0	0	0	0	0	0	1	0	0	0	0	1	1	0	1	0	0	R
NMDC20553123	1	0	0	0	0	1	0	0	0	1	0	1	0	0	1	1	1	0	1	0	R
NMDC20557102	1	0	0	0	0	1	0	0	0	1	0	1	0	0	1	1	1	0	1	0	R
NMDC20557103	1	0	0	1	0	0	0	0	0	1	0	1	0	0	1	1	0	1	1	0	R
NMDC20555090	1	1	1	0	0	0	0	0	0	1	1	1	0	0	1	0	0	0	1	0	R
NMDC20583384	1	0	0	0	0	1	0	0	0	1	0	1	0	0	1	1	1	0	1	0	R
NMDC20583386	1	0	0	0	0	1	0	0	0	1	0	1	0	0	1	1	1	0	1	0	R
NMDC20583387	1	0	0	0	0	1	0	0	0	1	0	1	0	0	0	1	1	0	1	0	R
NMDC20553126	1	0	0	0	0	1	0	0	0	1	0	1	0	0	1	1	1	0	1	0	R
NMDC20553127	1	0	0	0	0	1	0	0	0	1	0	1	0	0	1	0	1	0	1	0	R
NMDC20555091	1	1	1	0	1	0	0	0	0	1	0	1	0	0	1	0	0	0	1	0	R
NMDC20553128	1	0	0	0	0	1	0	0	0	1	0	1	0	0	1	1	1	0	1	0	R
NMDC20583394	1	0	0	0	0	1	0	0	0	1	0	1	0	0	1	1	1	0	1	0	R
NMDC20557109	0	0	0	0	0	1	0	0	0	1	0	1	0	0	1	1	0	0	1	0	R
NMDC20555092	1	0	0	0	0	1	0	0	0	1	0	1	0	0	1	1	1	0	1	0	R
NMDC20553131	1	0	0	0	0	0	1	0	0	1	1	1	0	0	1	1	0	0	1	0	R
NMDC20583397	0	0	0	0	0	0	0	0	0	1	0	1	0	0	1	1	0	0	1	0	R
NMDC20553132	0	0	0	0	1	0	0	0	0	1	0	1	0	0	1	0	0	0	1	0	R
NMDC20583399	1	0	0	0	0	1	0	0	0	1	0	1	0	0	1	1	1	0	1	0	R
NMDC20555098	1	0	0	0	0	1	0	0	0	1	0	1	0	0	1	1	0	0	1	0	R
NMDC20551100	0	0	0	1	0	0	1	0	0	1	0	1	0	0	1	0	0	0	1	0	R
NMDC20555096	1	1	1	1	0	0	0	0	0	0	0	1	0	0	1	0	0	0	0	0	R
NMDC20555097	0	0	0	0	0	0	1	0	0	1	0	1	0	0	1	1	0	0	1	0	R
NMDC20555099	1	1	1	0	0	0	0	0	0	1	0	1	0	0	1	1	0	0	1	0	R
NMDC20583408	0	0	0	0	0	1	0	0	0	1	0	1	0	0	1	1	0	0	1	0	R
NMDC20555101	0	0	0	0	0	0	0	0	0	0	0	1	0	0	1	0	0	0	1	0	R
NMDC20557112	1	0	0	0	0	0	1	0	0	1	0	1	0	0	1	1	0	0	1	0	R
NMDC20583410	1	0	0	0	0	0	1	0	0	1	0	1	0	0	0	0	0	0	0	0	R
NMDC20551101	1	0	0	0	0	1	0	0	0	1	0	1	0	0	0	1	1	0	1	0	R
NMDC20583411	0	1	1	0	1	0	0	0	0	1	0	1	0	0	1	0	0	0	1	0	R
NMDC20583413	0	0	0	1	0	1	0	0	0	0	1	1	0	0	1	0	0	0	0	0	R
NMDC20583414	1	0	0	0	0	1	0	0	0	1	0	1	0	0	0	1	1	0	1	0	R
NMDC20557114	1	0	0	1	0	0	1	0	0	1	0	1	0	0	1	0	0	0	1	0	R
NMDC20553139	1	0	0	0	0	1	0	0	0	1	0	1	0	0	1	0	1	0	1	0	R
NMDC20583435	1	0	0	1	0	0	1	0	0	1	0	1	0	0	1	0	0	0	1	0	R
NMDC20583437	1	0	0	1	0	0	0	0	0	1	0	1	0	0	1	0	0	0	1	0	R
NMDC20583442	1	0	0	0	0	1	0	0	0	1	0	1	0	0	0	1	1	0	1	0	R
NMDC20553142	0	0	0	1	0	0	0	0	0	0	1	1	0	0	1	0	0	0	0	0	R
NMDC20583443	0	0	0	0	0	1	0	0	0	1	0	1	0	0	1	1	0	0	1	0	R
NMDC20551108	1	0	0	0	0	1	0	0	0	1	0	1	0	0	1	1	1	0	1	0	R
NMDC20553144	1	0	0	0	0	0	1	0	0	0	0	1	0	0	1	1	0	0	1	0	R
NMDC20583447	0	0	0	1	0	0	1	0	0	1	0	1	0	0	1	0	0	0	1	0	R
NMDC20555114	0	1	0	0	0	0	0	0	1	0	1	1	0	1	1	0	0	0	1	1	R
NMDC20557127	1	1	1	0	1	0	0	0	0	1	0	1	0	0	1	0	0	0	1	0	R
NMDC20583449	0	1	0	1	0	0	0	0	0	1	0	1	0	0	1	0	0	0	1	0	R
NMDC20553148	0	1	0	1	0	0	1	0	0	1	0	1	0	0	1	0	0	0	1	0	R
NMDC20551113	0	0	0	0	0	0	0	0	0	1	0	1	0	0	1	1	0	0	1	0	R
NMDC20557128	1	0	0	0	0	0	1	0	0	1	0	1	0	0	0	1	0	0	1	0	R
NMDC20551114	0	0	0	1	0	0	1	0	0	1	0	1	0	0	1	0	0	0	1	0	R
NMDC20557130	1	0	0	0	0	1	0	0	0	1	0	1	0	0	1	1	1	0	1	0	R
NMDC20551115	0	1	0	0	0	0	0	0	1	0	1	1	0	1	1	0	0	0	1	1	R
NMDC20583452	1	0	0	0	0	1	0	0	0	1	0	1	0	0	1	0	1	0	1	0	R
NMDC20555118	0	1	1	0	1	0	0	0	0	1	0	1	0	0	1	0	0	0	1	0	R
NMDC20555119	1	0	0	0	0	1	0	0	0	1	0	1	0	0	1	1	1	0	1	0	R
NMDC20583455	0	0	0	0	0	1	0	0	0	1	0	1	0	0	1	1	0	0	1	0	R
NMDC20583457	1	0	0	0	0	1	0	0	0	1	0	1	0	0	1	1	1	0	1	0	R
NMDC20555121	1	0	0	0	0	1	0	0	0	1	0	1	0	0	1	1	1	0	1	0	R
NMDC20583458	1	0	0	0	0	1	0	0	0	1	0	1	0	0	1	1	1	0	1	0	R
NMDC20583460	1	0	0	0	0	0	1	0	0	1	0	1	0	0	1	1	0	0	1	0	R
NMDC20551116	0	0	0	0	0	0	0	0	0	1	0	1	0	0	1	1	0	0	1	0	R
NMDC20551117	1	0	0	0	0	1	0	0	0	1	0	1	0	0	1	1	1	0	1	0	R
NMDC20551118	1	0	0	0	0	0	1	0	0	1	0	1	0	0	1	1	0	0	1	0	R
NMDC20583463	0	1	0	0	0	1	0	0	0	1	0	1	0	0	0	1	0	0	1	0	R
NMDC20551120	1	0	0	1	0	1	0	0	0	0	1	1	0	0	1	0	1	0	1	0	R
NMDC20557132	1	0	0	0	0	1	0	0	0	1	0	1	0	0	1	1	1	0	1	0	R
NMDC20557133	1	0	0	0	0	1	0	0	0	1	0	1	0	0	1	1	1	0	1	0	R
NMDC20553154	1	0	0	0	0	0	1	0	0	1	0	1	0	0	1	1	0	0	1	0	R
NMDC20553155	1	0	0	0	0	1	0	0	0	1	0	1	0	0	0	1	1	0	1	0	R
NMDC20583468	1	0	0	0	0	1	0	0	0	1	0	1	0	0	1	1	1	0	1	0	R
NMDC20555141	1	0	0	0	0	1	0	0	0	1	0	1	0	0	1	1	1	0	1	0	R
NMDC20557135	1	0	0	0	0	1	0	0	0	1	0	1	0	0	1	1	1	0	1	0	R
NMDC20583473	0	1	1	0	0	0	0	0	0	1	0	1	0	0	1	1	0	0	1	0	R
NMDC20583474	1	0	0	0	0	1	0	0	0	1	0	1	0	0	1	1	1	0	1	0	R
NMDC20557136	1	0	0	0	0	1	0	0	0	1	0	1	0	0	0	1	1	0	1	0	R
NMDC20557137	0	0	0	0	0	0	0	0	0	1	0	1	0	0	1	1	0	0	1	0	R
NMDC20583477	1	0	0	1	0	0	1	0	0	1	0	1	0	0	1	1	0	0	1	0	R
NMDC20583478	0	1	1	0	1	0	0	0	0	1	0	1	0	0	1	0	0	0	1	0	R
NMDC20583479	1	1	0	0	0	0	0	0	0	1	0	1	0	0	1	0	0	1	1	0	R
NMDC20551130	1	0	0	0	0	1	0	0	0	1	0	1	0	0	1	0	1	0	1	0	R
NMDC20583482	0	0	0	0	0	0	0	0	0	0	1	1	0	1	1	0	0	0	1	0	R
NMDC20583483	1	0	0	0	0	1	0	0	0	1	0	1	0	0	1	1	1	0	1	0	R
NMDC20555127	1	0	0	1	0	0	1	0	0	1	0	1	0	0	1	0	0	0	1	0	R
NMDC20557139	1	0	0	0	0	1	0	0	0	1	0	1	0	0	1	1	1	0	1	0	R
NMDC20557140	0	0	0	0	0	0	0	0	0	1	0	1	0	0	1	1	0	0	1	0	R
NMDC20553161	0	1	0	0	0	1	0	0	0	1	0	1	0	0	0	1	0	0	1	0	R
NMDC20555130	1	0	0	0	0	1	0	0	0	1	0	1	0	0	1	1	1	0	1	0	R
NMDC20551137	0	0	0	0	0	0	0	0	0	1	0	1	0	0	1	1	0	0	1	0	R
NMDC20555131	1	0	0	0	0	1	0	0	0	1	0	1	0	0	1	1	1	0	1	0	R
NMDC20553163	1	0	0	1	0	1	0	0	0	0	1	1	0	0	1	0	1	0	1	0	R
NMDC20583493	0	0	0	0	0	0	0	0	0	1	0	1	0	0	1	1	0	0	1	0	R
NMDC20557144	0	1	0	0	0	0	0	0	1	1	0	1	0	0	0	0	0	0	1	1	R
NMDC20555132	1	0	0	0	0	1	0	0	0	1	0	1	0	0	1	0	1	0	1	0	R
NMDC20553165	0	1	1	0	0	0	0	0	0	1	0	1	0	0	0	0	0	0	0	0	R
NMDC20555134	1	0	0	0	0	0	1	0	0	1	0	1	0	0	1	1	0	0	1	0	R
NMDC20583500	1	0	0	0	0	0	1	0	0	1	0	1	0	0	1	1	0	0	1	0	R
NMDC20583502	1	0	0	0	0	1	0	0	0	1	0	1	0	0	1	1	1	0	1	0	R
NMDC20557147	0	1	1	0	1	0	0	0	0	1	0	1	0	0	1	0	0	0	1	0	R
NMDC20555137	1	0	0	0	0	1	0	0	0	1	0	1	0	0	1	1	1	0	1	0	R
NMDC20555138	1	0	0	0	0	0	1	0	0	1	0	1	0	0	1	1	0	0	1	0	R
NMDC20583505	1	0	0	0	0	1	0	0	0	1	0	1	0	0	1	0	1	0	1	0	R
NMDC20557156	1	0	0	0	0	1	0	0	0	1	0	1	0	0	1	1	1	0	1	0	R
NMDC20551140	0	1	1	0	1	0	0	0	0	1	0	1	0	0	1	0	0	0	1	0	R
NMDC20583508	1	1	1	0	0	0	0	0	0	1	0	1	0	0	1	1	0	0	1	0	R
NMDC20553168	0	0	0	0	0	0	0	0	0	1	0	1	0	0	1	1	0	0	1	0	R
NMDC20555148	1	0	0	0	0	0	1	0	0	1	0	1	0	0	1	1	0	0	1	0	R
NMDC20553169	0	0	0	0	0	0	0	0	0	0	1	1	0	1	1	0	0	0	1	0	R
NMDC20583512	1	1	0	0	0	1	0	0	0	1	0	1	0	0	1	1	0	0	1	0	R
NMDC20555147	1	0	0	0	0	1	0	0	0	1	0	1	0	0	1	1	1	0	1	0	R
NMDC20583513	0	1	1	0	1	0	0	0	0	1	0	1	0	0	1	0	0	0	1	0	R
NMDC20555149	0	1	0	0	0	1	0	0	0	1	0	1	0	0	0	1	0	0	1	0	R
NMDC20583514	0	1	0	0	0	1	0	0	0	1	0	1	0	0	1	1	0	0	1	0	R
NMDC20583515	1	0	0	0	0	1	0	0	0	1	0	1	0	0	0	1	1	0	1	0	R
NMDC20553173	1	0	0	0	0	1	0	0	0	1	0	1	0	0	0	1	1	0	1	0	R
NMDC20555153	1	0	0	0	0	1	0	0	0	1	0	1	0	0	1	1	1	0	1	0	R
NMDC20551145	1	0	0	0	0	1	0	0	0	1	0	1	0	0	1	1	1	0	1	0	R
NMDC20553176	1	0	0	0	0	1	0	0	0	1	0	1	0	0	1	1	1	0	1	0	R
NMDC20583519	1	0	0	0	0	1	0	0	0	1	0	1	0	0	1	1	1	0	1	0	R
NMDC20553177	1	0	0	0	0	1	0	0	0	1	0	1	0	0	1	1	1	0	1	0	R
NMDC20583522	1	1	1	0	1	1	0	0	0	1	0	1	0	0	0	0	0	0	1	0	R
NMDC20553179	1	0	0	0	1	0	1	0	0	1	0	1	0	0	1	0	0	0	1	0	R
NMDC20553180	0	0	0	1	0	1	0	0	0	0	1	1	0	0	1	0	0	0	1	0	R
NMDC20583527	1	0	0	0	0	0	1	0	0	1	0	1	0	0	1	1	0	0	1	0	R
NMDC20553182	0	0	0	0	0	1	0	0	0	1	0	1	0	0	1	1	0	0	1	0	R
NMDC20553183	1	0	0	0	0	1	0	0	0	1	0	1	0	0	0	1	1	0	1	0	R
NMDC20551151	0	1	1	0	0	0	0	0	0	1	0	1	0	0	1	1	0	0	1	0	R
NMDC20555162	1	0	0	0	0	0	1	0	0	1	0	1	0	0	1	1	0	0	1	0	R
NMDC20583533	0	0	0	1	0	0	0	0	0	1	0	1	0	0	1	0	0	0	1	0	R
NMDC20553187	1	0	0	0	0	1	0	0	0	1	0	1	0	0	0	1	1	0	1	0	R
NMDC20583534	1	0	0	0	0	1	0	0	0	1	0	1	0	0	0	1	1	0	1	0	R
NMDC20583535	1	0	0	0	0	1	0	0	0	1	0	1	0	0	1	1	0	0	1	0	R
NMDC20551154	1	0	0	0	0	0	1	0	0	0	0	1	0	0	1	0	0	0	1	0	R
NMDC20553188	1	0	0	0	0	1	0	0	0	1	1	1	0	0	1	1	1	0	1	0	R
NMDC20583538	1	0	0	1	0	1	0	0	0	0	1	1	0	0	1	0	1	0	1	0	R
NMDC20555163	1	1	1	0	0	0	0	0	0	1	1	1	0	0	1	0	0	0	1	0	R
NMDC20557164	1	1	0	1	0	0	0	0	1	1	0	1	0	0	1	1	0	0	1	1	R
NMDC20551156	1	0	0	1	0	1	0	0	0	0	1	1	0	0	1	0	1	0	1	0	R
NMDC20557166	1	0	0	0	0	1	0	0	0	1	0	1	0	0	1	1	0	0	1	0	R
NMDC20555167	1	0	0	0	0	1	0	0	0	1	0	1	0	0	1	1	0	0	1	0	R
NMDC20551158	1	0	0	0	0	1	0	0	0	1	0	1	0	0	1	1	1	0	1	0	R
NMDC20555169	0	0	0	0	0	1	0	0	0	1	0	1	0	0	1	1	0	0	1	0	R
NMDC20583553	0	1	1	0	1	0	0	0	0	1	0	1	0	0	1	0	0	0	1	0	R
NMDC20551161	0	1	1	0	1	0	0	0	0	1	0	1	0	0	1	0	0	0	1	0	R
NMDC20553194	1	1	0	0	0	1	0	0	0	1	0	1	0	0	0	1	1	0	1	0	R
NMDC20553195	1	0	0	0	0	1	0	0	0	1	0	1	0	0	1	1	0	0	1	0	R
NMDC20583557	1	0	0	0	0	1	0	0	0	1	0	1	0	0	0	1	1	0	1	0	R
NMDC20557174	1	1	1	0	0	0	0	0	0	1	0	1	0	0	1	1	0	0	1	0	R
NMDC20551163	0	0	0	0	0	1	0	0	0	1	0	1	0	0	1	1	0	0	1	0	R
NMDC20583565	1	0	0	0	0	0	1	0	0	1	0	1	0	0	0	1	0	0	1	0	R
NMDC20583566	1	0	0	0	0	1	0	0	0	0	0	1	0	0	1	0	1	0	1	0	R
NMDC20583568	1	0	0	1	0	1	0	0	0	0	1	1	0	0	1	0	1	0	1	0	R
NMDC20583576	1	0	0	0	0	1	0	0	0	0	1	1	0	0	1	0	0	0	0	0	R
NMDC20583577	0	0	0	1	0	0	1	0	0	1	0	1	0	0	1	0	0	0	1	0	R
NMDC20583578	1	0	0	1	0	1	0	0	0	0	1	1	0	0	1	0	1	0	1	0	R
NMDC20583579	1	0	0	1	0	1	0	0	0	0	1	1	0	0	1	0	1	0	1	0	R
NMDC20583581	1	0	0	1	0	1	0	0	0	0	1	1	0	0	1	0	1	0	1	0	R
NMDC20583585	0	0	0	1	0	0	1	0	0	1	0	1	0	0	1	0	0	0	1	0	R
NMDC20583586	1	0	0	0	0	1	0	0	0	1	0	1	0	0	1	1	0	0	1	0	R
NMDC20583587	1	1	0	0	0	1	0	0	0	1	0	1	0	0	1	1	0	0	1	0	R
NMDC20583588	1	0	0	1	0	1	0	0	0	0	1	1	0	0	1	0	0	0	0	0	R
NMDC20583589	1	0	0	1	0	1	0	0	0	0	1	1	0	0	1	0	0	0	0	0	R
NMDC20583590	1	0	0	0	0	1	0	0	0	1	0	1	0	0	0	1	1	0	1	0	R
NMDC20555171	1	0	0	0	0	1	0	0	0	1	0	1	0	0	1	1	0	0	1	0	R
NMDC20583592	1	0	0	0	0	1	0	0	0	1	1	1	0	0	1	1	1	0	1	0	R
NMDC20557177	1	1	1	1	0	0	0	0	0	1	0	0	0	0	1	1	0	0	1	0	R
NMDC20583595	1	0	0	1	0	1	0	0	0	0	1	1	0	0	1	0	1	0	1	0	R
NMDC20583599	0	0	0	0	0	0	1	0	0	0	0	0	0	0	1	0	0	0	1	0	R
NMDC20583602	1	0	0	0	0	0	1	0	0	1	0	1	0	0	1	1	0	0	1	0	R
NMDC20557178	1	0	0	0	0	1	0	0	0	1	0	1	0	0	1	1	0	0	1	0	R
NMDC20583606	1	0	0	1	0	1	0	0	0	0	1	1	0	0	1	0	0	0	0	0	R
NMDC20553196	1	0	0	0	0	0	1	0	0	1	0	1	0	0	1	1	0	0	1	0	R
NMDC20583609	1	1	0	0	0	1	0	0	0	1	0	1	0	0	1	1	0	0	1	0	R
NMDC20583611	1	0	0	0	0	1	0	0	0	1	0	1	0	0	1	0	1	0	1	0	R
NMDC20583616	0	0	0	1	0	0	0	0	0	0	1	1	0	0	1	0	0	1	0	0	R
NMDC20583617	0	0	0	1	0	0	0	0	0	1	0	1	0	0	1	0	0	0	1	0	R
NMDC20583618	1	1	1	0	0	0	0	0	0	1	0	1	0	0	1	1	0	0	1	0	R
NMDC20551169	1	0	0	1	0	1	0	0	0	0	1	1	0	0	1	0	1	0	1	0	R
NMDC20557179	1	0	0	0	0	1	0	0	0	1	0	1	0	0	1	1	1	0	1	0	R
NMDC20583624	0	1	0	0	0	1	0	0	0	1	0	1	0	0	0	1	0	0	1	0	R
NMDC20583625	1	0	0	1	0	1	0	0	0	0	1	1	0	0	1	0	0	0	0	0	R
NMDC20553198	1	0	0	0	0	1	0	0	0	1	0	1	0	0	1	1	1	0	1	0	R
NMDC20551170	1	0	0	0	0	0	1	0	0	1	0	1	0	0	1	1	0	0	1	0	R
NMDC20551171	1	0	0	0	0	1	0	0	0	1	0	1	0	0	1	1	1	0	1	0	R
NMDC20583631	1	0	0	1	0	1	0	0	0	0	1	1	0	0	1	0	0	0	0	0	R
NMDC20583637	0	1	0	1	0	0	0	0	0	0	1	1	0	0	1	0	0	1	0	0	R
NMDC20583639	1	0	0	1	0	1	0	0	0	0	1	1	0	0	1	0	0	0	0	0	R
NMDC20583641	0	0	0	0	0	0	1	0	0	1	0	1	0	0	1	1	0	0	1	0	R
NMDC20557181	0	0	0	1	0	1	0	0	0	0	1	1	0	0	1	0	0	0	1	0	R
NMDC20583644	1	0	0	0	0	1	0	0	0	1	0	1	0	0	1	1	1	0	1	0	R
NMDC20583647	1	0	0	0	0	1	0	0	0	1	0	1	0	0	1	1	0	0	1	0	R
NMDC20583648	1	0	0	0	0	1	0	0	0	1	0	1	0	0	0	1	1	0	1	0	R
NMDC20553199	1	0	0	0	0	1	0	0	0	1	0	1	0	0	1	1	0	0	1	0	R
NMDC20553201	1	0	0	0	0	1	0	0	0	1	0	1	0	0	0	1	1	0	1	0	R
NMDC20555181	1	0	0	0	0	1	0	0	0	1	0	1	0	0	1	1	1	0	1	0	R
NMDC20583654	1	0	0	0	0	0	0	0	0	1	0	1	0	0	1	1	0	0	1	0	R
NMDC20553202	1	0	0	1	0	1	0	0	0	0	1	1	0	0	1	0	1	0	1	0	R
NMDC20583657	1	0	0	0	0	0	1	0	0	1	0	1	1	0	1	1	0	0	1	0	R
NMDC20557183	1	1	0	0	0	1	0	0	0	1	0	1	0	0	1	1	0	0	1	0	R
NMDC20553204	1	0	0	0	1	1	0	0	0	1	0	1	0	0	1	0	1	0	1	0	R
NMDC20557186	1	0	0	0	0	1	0	0	0	1	0	1	0	0	1	1	1	0	1	0	R
NMDC20583662	0	0	0	0	0	0	1	0	0	0	1	1	0	1	1	0	0	0	1	0	R
NMDC20557188	1	0	0	0	0	1	0	0	0	1	0	1	0	0	1	1	0	0	1	0	R
NMDC20555186	1	0	0	0	0	0	0	0	0	1	0	1	0	0	1	1	0	0	1	1	R
NMDC20551177	1	0	0	0	0	1	0	0	0	1	0	1	0	0	1	1	1	0	1	0	R
NMDC20583672	1	0	0	1	0	0	0	0	1	1	0	1	0	0	1	1	0	0	1	1	R
NMDC20555188	1	1	1	0	0	0	0	0	0	0	0	1	0	0	1	0	0	0	1	0	R
NMDC20553208	0	1	0	0	0	1	0	0	0	1	0	1	0	0	1	1	0	0	1	0	R
NMDC20553209	1	0	0	1	0	1	0	0	0	0	1	1	0	0	1	0	1	0	1	0	R
NMDC20583676	1	0	0	0	0	0	1	0	0	0	0	1	0	0	1	1	0	0	1	0	R
NMDC20555191	1	0	0	1	0	1	0	0	0	0	1	1	0	0	1	0	0	0	0	0	R
NMDC20583690	1	0	0	0	0	1	0	0	0	1	0	1	0	0	1	1	0	0	1	0	R
NMDC20553212	1	0	0	0	0	0	1	0	0	1	0	1	0	0	1	1	0	0	1	0	R
NMDC20583691	1	1	1	0	0	0	0	0	0	1	1	1	0	0	1	0	0	0	1	0	R
NMDC20583696	1	0	0	0	0	1	0	0	0	1	0	1	0	0	1	1	1	0	1	0	R
NMDC20583699	1	0	0	0	0	0	0	0	0	1	0	1	0	0	1	1	0	0	1	0	R
NMDC20551178	1	0	0	0	0	1	0	0	0	1	0	1	0	0	1	1	0	0	1	0	R
NMDC20557191	0	0	0	1	0	1	0	0	0	0	1	1	0	0	1	0	0	0	0	0	R
NMDC20583705	0	0	0	1	0	0	1	0	0	1	0	1	0	0	1	0	0	0	1	0	R
NMDC20583706	0	0	0	0	0	0	0	0	0	1	0	1	0	0	1	1	0	0	1	0	R
NMDC20555193	0	0	0	0	0	1	0	0	0	1	0	1	0	0	1	1	0	0	1	0	R
NMDC20583709	0	0	0	1	0	0	1	0	0	1	0	1	0	0	1	0	0	0	1	0	R
NMDC20553215	0	0	0	0	0	0	0	0	0	1	0	1	0	0	1	1	0	0	1	0	R
NMDC20557192	1	0	0	0	0	1	0	0	0	1	0	1	0	0	1	1	0	0	1	0	R
NMDC20583711	1	0	0	0	0	1	0	0	0	1	0	1	0	0	1	1	0	0	1	0	R
NMDC20557194	1	0	0	0	0	0	1	0	0	1	0	1	0	0	1	1	0	0	1	0	R
NMDC20557195	1	1	0	1	0	1	0	0	0	1	0	0	0	0	0	1	0	0	1	0	R
NMDC20583714	1	1	1	0	0	0	0	0	0	1	1	1	0	0	1	0	0	0	1	0	R
NMDC20583716	1	1	0	0	0	0	1	0	0	1	0	1	0	0	1	0	0	0	1	0	R
NMDC20553217	1	0	0	0	1	1	0	0	0	1	0	1	0	0	1	0	1	0	1	0	R
NMDC20557197	1	0	0	0	0	0	0	0	0	1	0	1	0	0	1	1	0	0	1	0	R
NMDC20583719	0	0	0	1	0	0	1	0	0	1	0	1	0	0	1	0	0	0	1	0	R
NMDC20557198	1	0	0	0	0	1	0	0	0	1	0	1	0	0	1	1	0	0	1	0	R
NMDC20583721	0	1	0	0	0	1	0	0	0	1	0	1	0	0	0	1	0	0	1	0	R
NMDC20555197	1	1	0	0	0	1	0	0	0	1	0	1	0	0	0	1	1	0	1	0	R
NMDC20583722	1	1	0	0	0	1	0	0	0	1	0	1	0	0	0	1	1	0	1	0	R
NMDC20583725	0	0	0	0	0	0	1	0	0	1	0	1	0	0	1	1	0	0	1	0	R
NMDC20583729	0	0	0	0	1	1	0	0	0	1	0	1	0	0	1	0	0	0	1	0	R
NMDC20583731	1	0	0	1	0	1	0	0	0	0	1	1	0	0	1	0	1	0	1	0	R
NMDC20583733	0	1	0	0	1	0	0	0	0	0	0	0	0	0	1	0	0	1	1	0	R
NMDC20583734	0	1	0	0	1	0	0	0	0	0	0	0	0	0	1	0	0	1	1	0	R
NMDC20583735	1	0	0	0	0	1	0	0	0	1	0	1	0	0	0	1	1	0	1	0	R
NMDC20551184	1	0	0	0	0	1	0	0	0	1	0	1	0	0	1	1	0	0	1	0	R
NMDC20583737	1	0	0	0	0	1	0	0	0	1	0	1	0	0	1	1	0	0	1	0	R
NMDC20583738	1	0	0	0	0	1	0	0	0	1	0	1	0	0	1	1	1	0	1	0	R
NMDC20555198	1	0	0	0	0	0	1	0	0	1	0	1	0	0	0	1	0	0	1	0	R
NMDC20583743	1	0	0	1	0	1	0	0	0	0	1	1	0	0	1	0	1	0	1	0	R
NMDC20583745	1	0	0	1	0	1	0	0	0	0	1	1	0	0	1	0	1	0	1	0	R
NMDC20583747	0	1	0	1	0	0	0	0	0	0	1	1	0	0	1	0	0	1	0	0	R
NMDC20551186	1	0	0	0	0	1	0	0	0	1	0	1	0	0	1	1	1	0	1	0	R
NMDC20583749	1	0	0	0	0	0	1	0	0	1	0	1	1	0	1	1	0	0	1	0	R
NMDC20555199	0	0	0	0	0	1	0	0	0	1	0	1	0	0	1	1	0	0	1	0	R
NMDC20551187	1	0	0	0	0	1	0	0	0	1	0	1	0	0	1	1	1	0	1	0	R
NMDC20583756	1	1	1	1	0	0	0	0	0	0	0	1	0	0	1	0	0	0	0	0	R
NMDC20583757	1	0	0	1	0	1	0	0	0	0	1	1	0	0	1	0	0	0	0	0	R
NMDC20583762	1	0	0	1	0	1	0	0	0	0	1	1	0	0	1	0	0	0	0	0	R
NMDC20583766	1	0	0	0	0	0	1	0	0	1	0	1	0	0	1	1	0	0	1	0	R
NMDC20583768	0	0	0	1	0	0	1	0	0	1	0	1	0	0	1	0	0	0	1	0	R
NMDC20583770	0	0	0	0	0	1	0	0	0	1	0	1	0	0	1	1	0	0	1	0	R
NMDC20583772	1	1	1	1	0	0	0	0	0	0	0	1	0	0	1	0	0	0	0	0	R
NMDC20583776	1	0	0	1	0	1	0	0	0	1	0	0	0	0	0	1	0	0	1	0	R
NMDC20551188	1	1	1	1	0	0	0	0	0	0	0	1	0	0	1	0	0	0	0	0	R
NMDC20555202	0	0	0	0	0	1	0	0	0	1	1	1	0	0	1	0	0	0	1	0	R
NMDC20583780	1	0	0	1	0	1	0	0	0	1	0	0	0	0	0	1	1	0	1	0	R
NMDC20583787	1	0	0	1	0	0	1	0	0	1	0	1	0	0	1	0	0	0	1	0	R
NMDC20557211	1	1	1	1	0	0	0	0	0	0	0	1	0	0	1	0	0	0	0	0	R
NMDC20583793	1	0	0	1	0	1	0	0	0	0	1	1	0	0	1	0	1	0	1	0	R
NMDC20551194	1	0	0	0	0	1	0	0	0	1	0	1	0	0	1	1	1	0	1	0	R
NMDC20583796	0	0	0	0	0	0	0	0	0	1	0	1	0	0	1	1	0	0	1	0	R
NMDC20583798	0	0	0	0	0	1	0	0	0	1	0	1	0	0	1	1	0	0	1	0	R
NMDC20555205	1	0	0	1	0	0	1	0	0	1	0	1	0	0	1	0	0	0	1	0	R
NMDC20583799	0	0	0	0	0	0	0	0	0	1	0	1	0	0	1	1	0	0	1	0	R
NMDC20557212	0	0	0	0	0	0	0	0	0	1	0	1	0	0	1	1	0	0	1	0	R
NMDC20583800	1	0	0	0	1	1	0	0	0	1	0	1	0	0	1	0	0	0	1	0	R
NMDC20583801	0	0	0	0	0	0	0	0	0	1	0	1	0	0	1	1	0	0	1	0	R
NMDC20557219	0	0	0	0	0	0	0	0	0	0	1	1	0	1	1	0	0	0	1	0	R
NMDC20583802	0	0	0	0	0	0	0	0	0	0	1	1	0	1	1	0	0	0	1	0	R
NMDC20557217	0	0	0	0	0	0	0	0	0	1	0	1	0	0	1	0	0	0	1	0	R
NMDC20557218	0	1	1	0	0	0	0	0	0	1	0	1	0	0	1	1	0	0	1	0	R
NMDC20555208	1	1	0	1	0	0	0	1	0	1	0	1	0	0	1	0	0	1	1	0	R
NMDC20583803	0	0	0	0	0	0	0	0	0	1	0	1	0	0	1	1	0	0	1	0	R
NMDC20551196	1	0	0	1	0	0	0	0	0	1	0	1	0	0	1	0	0	0	0	0	R
NMDC20583804	1	1	1	0	0	0	0	0	0	1	0	1	0	0	1	1	0	0	1	0	R
NMDC20551195	0	0	0	0	0	0	0	0	0	0	1	1	0	1	1	0	0	0	1	0	R
NMDC20553232	1	0	0	0	0	1	0	0	0	1	0	1	0	0	1	1	0	0	1	0	R
NMDC20557221	0	0	0	0	0	0	0	0	0	1	0	1	0	0	1	1	0	0	1	0	R
NMDC20583811	0	1	0	0	0	0	0	0	1	1	0	1	0	0	0	0	0	0	1	1	R
NMDC20553234	0	1	0	0	0	0	0	0	0	1	0	1	0	0	1	1	0	0	1	0	R
NMDC20551199	0	1	1	0	0	0	0	0	0	1	0	1	0	0	1	1	0	0	1	0	R
NMDC20553235	1	1	1	0	0	0	0	0	0	1	0	1	0	0	1	1	0	0	1	0	R
NMDC20583814	1	0	0	0	0	1	0	0	0	1	0	1	0	0	1	1	1	0	1	0	R
NMDC20557228	1	0	0	0	0	1	0	0	0	1	0	1	0	0	1	1	1	0	1	0	R
NMDC20583818	1	0	0	0	0	1	0	0	0	1	0	1	0	0	1	1	1	0	1	0	R
NMDC20583819	1	1	1	0	1	0	0	0	0	1	0	1	0	0	1	0	0	0	1	0	R
NMDC20551201	0	0	0	0	0	0	0	0	0	0	1	1	0	1	1	0	0	0	1	0	R
NMDC20557231	1	0	0	0	0	0	0	0	0	1	0	1	0	0	1	1	1	0	1	0	R
NMDC20551203	0	1	1	0	0	0	0	0	0	1	0	1	0	0	1	1	0	0	1	0	R
NMDC20583825	1	0	0	0	0	1	0	0	0	1	0	1	0	0	1	0	1	0	1	0	R
NMDC20583826	0	0	0	0	0	0	0	0	0	0	1	1	0	1	1	0	0	0	1	0	R
NMDC20557233	0	1	0	0	0	0	0	0	1	0	1	1	0	1	1	0	0	0	1	1	R
NMDC20551206	1	0	0	0	0	0	1	0	0	1	0	1	0	0	1	1	0	0	1	0	R
NMDC20583827	0	1	0	0	0	0	0	0	1	0	1	1	0	1	1	0	0	0	1	1	R
NMDC20583828	0	1	0	0	0	0	0	0	1	0	1	1	0	1	1	0	0	0	1	1	R
NMDC20553237	0	0	0	0	0	0	0	0	0	0	1	1	0	1	1	0	0	0	1	0	R
NMDC20555219	0	0	0	0	0	0	0	0	0	1	0	1	0	0	1	1	0	0	1	0	R
NMDC20583829	0	1	0	0	0	0	0	0	1	0	1	1	0	1	1	0	0	0	1	1	R
NMDC20555217	0	1	0	0	0	0	0	0	1	0	1	1	0	1	1	0	0	0	1	1	R
NMDC20555218	1	0	0	1	0	1	0	0	0	0	1	1	0	0	1	0	0	0	0	0	R
NMDC20557234	1	0	0	0	0	0	1	0	0	1	0	1	0	0	1	1	0	0	1	0	R
NMDC20557235	0	0	0	0	0	0	0	0	0	0	0	1	0	0	1	0	0	0	1	0	R
NMDC20555220	0	1	0	0	0	1	0	0	0	1	0	1	0	0	0	1	0	0	1	0	R
NMDC20551210	1	0	0	0	0	0	1	0	0	1	0	1	0	0	1	1	0	0	1	0	R
NMDC20583832	0	0	0	0	0	0	0	0	0	1	0	1	0	0	1	1	0	0	1	0	R
NMDC20553242	1	0	0	0	0	1	0	0	0	1	0	1	0	0	1	1	0	0	1	0	R
NMDC20557236	1	0	0	0	0	0	1	0	0	1	0	1	0	0	1	1	0	0	1	0	R
NMDC20553243	1	0	0	0	0	0	1	0	0	1	0	1	0	0	1	1	0	0	1	0	R
NMDC20583833	1	0	0	1	0	0	0	0	0	0	1	1	0	0	1	0	1	0	1	0	R
NMDC20555221	0	0	0	0	0	0	0	0	0	1	0	1	0	0	1	1	0	0	1	0	R
NMDC20583834	0	0	0	0	0	0	0	0	0	1	0	1	0	0	1	1	0	0	1	0	R
NMDC20557238	1	1	1	0	0	0	0	0	0	1	0	1	0	0	1	1	0	0	1	0	R
NMDC20551212	0	0	0	0	0	0	0	0	0	1	0	1	0	0	1	1	0	0	1	0	R
NMDC20583836	0	0	0	0	0	0	0	0	0	1	1	1	0	0	1	1	0	0	1	0	R
NMDC20555222	1	0	0	0	0	0	1	0	0	1	0	1	0	0	1	0	0	0	1	0	R
NMDC20583838	0	0	0	0	0	0	0	0	0	1	0	1	0	0	1	1	0	0	1	0	R
NMDC20583839	1	0	0	0	0	1	0	0	0	1	0	1	0	0	1	1	0	0	1	0	R
NMDC20553245	1	0	0	0	0	1	0	0	0	1	0	1	0	0	1	1	0	0	1	0	R
NMDC20583841	1	1	1	0	0	0	0	0	0	1	0	1	0	0	1	1	0	0	1	0	R
NMDC20555223	0	0	0	1	0	0	0	0	0	0	1	1	0	0	1	0	0	0	1	0	R
NMDC20551213	0	0	0	0	0	0	0	0	0	1	0	1	0	0	1	1	0	0	1	0	R
NMDC20557240	1	0	0	0	0	0	0	0	0	1	0	1	0	0	1	1	0	0	1	0	R
NMDC20583843	1	1	0	0	0	1	0	0	0	1	0	1	0	0	0	1	1	0	1	0	R
NMDC20583844	1	1	0	0	0	0	0	0	0	1	0	0	0	0	1	1	0	1	0	0	R
NMDC20553248	0	1	0	0	0	0	0	0	1	0	1	1	0	1	1	0	0	0	1	1	R
NMDC20583846	1	0	0	0	0	0	1	0	0	1	0	1	1	0	1	1	0	0	1	0	R
NMDC20583847	0	0	0	0	0	0	0	0	0	1	0	1	0	0	0	0	0	0	0	0	R
NMDC20583848	1	0	0	0	0	0	1	0	0	1	0	1	0	0	1	1	0	0	1	0	R
NMDC20583849	0	1	0	0	0	0	0	0	1	0	1	1	0	1	1	0	0	0	1	1	R
NMDC20583850	0	1	0	0	0	0	0	0	1	0	1	1	0	1	1	0	0	0	1	1	R
NMDC20553250	1	1	0	0	0	0	1	0	0	1	0	1	0	0	1	1	0	0	1	0	R
NMDC20551214	1	0	0	0	0	1	0	0	0	1	0	1	0	0	1	1	1	0	1	0	R
NMDC20583855	0	0	0	0	0	0	1	0	0	1	0	1	0	0	1	1	0	0	1	0	R
NMDC20583856	1	1	0	0	0	0	1	0	1	1	0	0	0	0	1	1	0	0	0	1	R
NMDC20583859	1	0	0	0	0	1	0	0	0	1	0	1	0	0	1	1	1	0	1	0	R
NMDC20557244	1	0	0	0	0	0	0	0	1	1	0	1	0	0	1	1	0	0	1	1	R
NMDC20583860	1	0	0	0	0	0	1	0	0	1	0	0	0	0	1	1	0	0	0	0	R
NMDC20583862	0	0	0	0	0	0	1	0	0	1	0	1	0	0	1	1	0	0	1	0	R
NMDC20583865	0	1	0	0	0	0	0	0	1	0	1	1	0	1	1	0	0	0	1	1	R
NMDC20583866	1	0	0	0	0	0	1	0	0	1	0	1	0	0	1	1	0	0	1	0	R
NMDC20583869	1	0	0	0	0	1	0	0	0	1	0	1	0	0	1	1	1	0	1	0	R
NMDC20557246	1	0	0	1	0	1	0	0	0	0	1	1	0	0	1	0	1	0	1	0	R
NMDC20583870	1	0	0	0	0	1	0	0	0	1	0	1	0	0	1	1	1	0	1	0	R
NMDC20555230	1	0	0	0	0	1	1	0	0	1	0	1	0	0	1	1	1	0	1	0	R
NMDC20557248	0	1	0	0	0	0	0	0	1	0	1	1	0	1	1	0	0	0	1	1	R
NMDC20583873	0	1	0	0	0	0	0	0	1	0	1	1	0	1	1	0	0	0	1	1	R
NMDC20583875	0	1	0	0	0	0	0	0	1	0	1	1	0	1	1	0	0	0	1	1	R
NMDC20551218	1	0	0	0	0	1	0	0	0	1	0	1	0	0	1	0	1	0	1	0	R
NMDC20557249	0	0	0	0	0	0	0	0	0	1	0	1	0	0	1	1	0	0	1	0	R
NMDC20557250	1	0	0	0	0	1	0	0	0	1	0	1	0	0	1	0	1	0	1	0	R
NMDC20557251	1	1	0	0	0	0	0	0	0	1	0	1	0	0	1	1	0	0	1	0	R
NMDC20551220	1	1	0	1	0	0	1	0	0	1	0	0	0	0	1	1	0	0	1	0	R
NMDC20555232	0	0	0	0	0	0	0	0	0	1	0	1	0	0	1	1	0	0	1	0	R
NMDC20553259	1	0	0	0	0	1	0	0	0	1	0	1	0	0	1	0	1	0	1	0	R
NMDC20553260	1	0	0	0	0	1	0	0	0	1	0	1	0	0	1	1	1	0	1	0	R
NMDC20583877	1	1	1	0	1	0	0	0	0	0	0	1	0	0	1	0	0	0	1	0	R
NMDC20553261	1	0	0	0	0	1	0	0	0	1	0	1	0	0	1	0	1	0	1	0	R
NMDC20555234	1	1	1	0	0	0	0	0	0	1	0	1	0	0	1	1	0	0	1	0	R
NMDC20551222	1	1	1	0	0	0	0	0	0	1	0	1	0	0	1	1	0	0	1	0	R
NMDC20555235	1	0	0	0	0	1	0	0	0	1	0	1	0	0	1	1	1	0	1	0	R
NMDC20551223	0	0	0	0	0	0	0	0	0	1	0	1	0	0	1	1	0	0	1	0	R
NMDC20583879	1	0	0	0	0	0	0	0	0	1	0	1	0	0	1	1	0	0	1	0	R
NMDC20551224	1	0	0	0	0	1	0	0	0	1	0	1	0	0	1	1	1	0	1	0	R
NMDC20583883	1	0	0	0	0	1	0	0	0	1	0	1	0	0	1	0	1	0	1	0	R
NMDC20583884	1	0	0	0	0	1	0	0	0	1	0	1	0	0	1	1	1	0	1	0	R
NMDC20553264	1	0	0	0	0	1	0	0	0	1	0	1	0	0	1	1	0	0	1	0	R
NMDC20583885	0	1	1	0	1	0	0	0	0	1	0	1	0	0	1	0	0	0	1	0	R
NMDC20557253	1	1	1	0	1	0	0	0	0	1	0	1	0	0	1	0	0	0	1	0	R
NMDC20557254	0	1	1	0	1	0	0	0	0	1	0	1	0	0	1	0	0	0	1	0	R
NMDC20551229	0	0	0	1	0	0	0	0	0	0	1	1	0	0	1	0	0	0	1	0	R
NMDC20555238	0	0	0	0	0	0	0	0	0	1	0	1	0	0	1	1	0	0	1	0	R
NMDC20555239	1	0	0	0	0	1	0	0	0	1	0	1	0	0	1	1	0	0	1	0	R
NMDC20551228	1	0	0	0	0	1	0	0	0	1	0	1	0	0	1	1	1	0	1	0	R
NMDC20583895	0	0	0	0	0	0	0	0	0	0	1	1	0	1	1	0	0	0	1	0	R
NMDC20553267	0	1	0	0	0	1	0	0	0	1	0	1	0	0	0	1	0	0	1	0	R
NMDC20557256	0	0	0	0	0	0	0	0	0	0	1	1	0	1	1	0	0	0	1	0	R
NMDC20583899	0	0	0	1	0	0	1	0	0	1	0	1	0	0	1	0	0	0	1	0	R
NMDC20557257	1	0	0	0	0	1	0	0	0	1	0	1	0	0	1	1	1	0	1	0	R
NMDC20583900	1	0	0	0	0	1	0	0	0	1	0	1	0	0	1	1	0	0	1	0	R
NMDC20583901	1	1	0	1	0	0	1	0	0	1	0	1	0	0	1	0	0	0	1	0	R
NMDC20555243	0	0	0	0	1	0	0	0	0	1	0	1	0	0	1	0	0	0	1	0	R
NMDC20583904	0	0	0	1	0	0	0	0	0	1	1	1	0	0	1	0	0	0	1	0	R
NMDC20583906	0	0	0	0	0	0	0	0	0	0	1	1	0	1	1	0	0	0	1	0	R
NMDC20583907	0	0	0	1	0	0	0	0	0	1	0	1	0	0	1	0	0	0	1	0	R
NMDC20555244	1	0	0	0	0	1	0	0	0	1	0	1	0	0	1	0	1	0	1	0	R
NMDC20551234	0	1	0	0	0	0	0	0	1	1	0	1	0	0	0	0	0	0	1	1	R
NMDC20583910	0	0	0	0	0	0	1	0	0	0	1	1	0	0	1	0	0	0	1	0	R
NMDC20553270	0	0	0	1	0	0	0	0	0	1	0	1	0	0	1	0	0	0	1	0	R
NMDC20555245	0	1	0	0	0	1	0	0	0	1	0	1	0	0	0	1	0	0	1	0	R
NMDC20555246	1	0	0	1	0	0	0	0	0	1	0	0	0	0	0	1	0	0	1	0	R
NMDC20551238	0	0	0	0	0	0	0	0	0	0	1	1	0	1	1	0	0	0	1	0	R
NMDC20583922	1	0	0	1	0	1	0	0	0	0	1	1	0	0	1	0	1	0	1	0	R
NMDC20551239	0	1	1	0	1	0	0	0	0	1	0	1	0	0	1	0	0	0	1	0	R
NMDC20551241	1	1	0	1	0	0	1	0	0	1	0	1	0	0	1	0	0	0	1	0	R
NMDC20583926	1	0	0	0	0	1	0	0	0	1	0	1	0	0	1	1	1	0	1	0	R
NMDC20555249	1	0	0	0	0	1	0	0	0	1	0	1	0	0	1	1	1	0	1	0	R
NMDC20551243	0	0	0	0	0	1	0	0	0	1	1	1	0	0	1	0	0	0	1	0	R
NMDC20555251	0	0	0	0	0	0	0	0	0	0	1	1	0	1	1	0	0	0	1	0	R
NMDC20555252	1	0	0	0	0	1	0	0	0	1	0	1	0	0	1	1	1	0	1	0	R
NMDC20583929	1	0	0	0	0	1	0	0	0	1	0	1	0	0	1	1	1	0	1	0	R
NMDC20583930	0	1	0	0	0	0	0	0	0	0	1	1	0	0	1	0	0	1	1	0	R
NMDC20557267	1	0	0	0	0	0	1	0	0	1	0	1	0	0	1	0	0	0	1	0	R
NMDC20551244	0	1	0	0	0	0	0	0	0	0	1	1	0	0	1	0	0	1	1	0	R
NMDC20557268	1	0	0	0	0	1	0	0	0	1	0	1	0	0	1	1	1	0	1	0	R
NMDC20555255	1	0	0	0	0	1	0	0	0	1	0	1	0	0	1	1	1	0	1	0	R
NMDC20557270	1	0	0	0	0	1	0	0	0	1	0	1	0	0	1	1	1	0	1	0	R
NMDC20583935	1	1	0	1	0	0	0	0	1	1	0	1	0	0	1	1	0	0	1	1	R
NMDC20583939	1	0	0	0	0	0	1	0	0	1	0	1	0	0	1	0	0	0	1	0	R
NMDC20551249	1	0	0	0	0	0	1	0	0	1	0	1	0	0	1	0	0	0	1	0	R
NMDC20553274	1	1	1	0	1	0	0	0	0	1	0	1	0	0	1	0	0	0	1	0	R
NMDC20553275	1	0	0	1	0	0	0	0	0	1	0	0	0	0	0	1	0	0	1	0	R
NMDC20583944	1	1	0	1	0	1	0	0	0	1	0	0	0	0	1	1	0	0	1	0	R
NMDC20553276	0	0	0	0	0	0	0	0	0	0	1	1	0	1	1	0	0	0	1	0	R
NMDC20583946	1	0	0	1	0	0	0	0	0	1	0	0	0	0	0	1	0	0	1	0	R
NMDC20557271	1	1	0	1	0	1	0	0	0	1	0	0	0	0	1	1	0	0	1	0	R
NMDC20555258	1	1	0	0	0	1	0	0	0	1	0	1	0	0	1	1	1	0	1	0	R
NMDC20551257	1	0	0	1	0	1	1	0	0	1	0	0	0	0	1	1	0	0	1	0	R
NMDC20555259	1	1	0	1	0	0	1	0	0	1	0	1	0	0	1	0	0	0	1	0	R
NMDC20551260	1	1	0	1	0	0	1	0	0	1	0	1	0	0	1	0	0	0	1	0	R
NMDC20553281	0	1	0	0	0	1	0	0	0	1	0	1	0	0	0	1	0	0	1	0	R
NMDC20583961	1	0	0	0	0	1	0	0	0	1	0	1	0	0	1	1	1	0	1	0	R
NMDC20557276	1	0	0	0	0	0	1	0	0	1	0	1	1	0	1	1	0	0	1	0	R
NMDC20553280	1	0	0	0	0	0	0	0	0	1	0	1	0	0	1	1	0	0	1	0	R
NMDC20583962	0	1	0	0	0	0	0	0	0	0	1	1	0	0	1	0	0	1	1	0	R
NMDC20583963	1	0	0	0	0	1	0	0	0	1	0	1	0	0	1	1	1	0	1	0	R
NMDC20555266	1	0	0	0	0	1	0	0	0	1	0	1	0	0	1	1	0	0	1	0	R
NMDC20583966	1	1	0	1	0	0	1	0	0	1	0	1	0	0	1	0	0	0	1	0	R
NMDC20551263	1	0	0	0	0	1	0	0	0	1	0	1	0	0	1	1	1	0	1	0	R
NMDC20583967	1	1	0	1	0	1	0	0	0	1	0	0	0	0	1	1	0	0	1	0	R
NMDC20583968	1	1	0	1	0	0	1	0	0	1	0	1	0	0	1	0	0	0	1	0	R
NMDC20551264	1	1	1	0	0	0	0	0	0	1	0	1	0	0	1	1	0	0	1	0	R
NMDC20583970	1	0	0	0	0	1	0	0	0	1	0	1	0	0	1	1	1	0	1	0	R
NMDC20555274	0	1	0	0	0	0	0	0	1	0	1	1	0	1	1	0	0	0	1	1	R
NMDC20553285	0	1	0	0	0	0	0	0	0	0	1	1	0	0	1	0	0	1	1	0	R
NMDC20583974	1	0	0	0	0	1	0	0	0	1	0	1	0	0	1	1	1	0	1	0	R
NMDC20583979	1	0	0	1	0	0	1	0	0	1	0	0	0	0	1	1	0	0	1	0	R
NMDC20553290	1	1	1	0	1	0	0	0	0	1	0	1	0	0	1	0	0	0	1	0	R
NMDC20551271	1	1	0	1	0	0	0	0	1	1	0	1	0	0	1	1	0	0	1	1	R
NMDC20583986	0	0	0	0	0	0	0	0	0	1	1	1	0	0	1	1	0	0	1	0	R
NMDC20553291	1	0	0	1	0	0	0	0	0	1	0	1	0	0	1	1	0	0	1	0	R
NMDC20583987	1	1	1	0	1	0	0	0	0	1	0	1	0	0	1	0	0	1	1	0	R
NMDC20557279	0	1	0	0	0	1	0	0	0	1	0	1	0	0	0	1	0	0	1	0	R
NMDC20555281	1	0	0	0	0	1	0	0	0	1	0	1	0	0	1	1	0	0	1	0	R
NMDC20557281	1	1	0	1	0	1	0	0	0	0	0	1	0	0	1	0	0	0	0	0	R
NMDC20557282	1	1	0	1	0	1	0	0	0	0	0	1	0	0	1	0	0	0	0	0	R
NMDC20551273	1	1	1	1	0	0	0	0	0	0	0	1	0	0	1	0	0	0	0	0	R
NMDC20583992	1	0	0	1	0	0	1	0	0	1	0	1	0	0	1	0	0	0	1	0	R
NMDC20555284	0	0	0	0	0	0	0	0	0	0	1	1	0	1	1	0	0	0	1	0	R
NMDC20557286	0	0	0	0	0	0	0	0	0	1	0	1	0	0	1	0	0	0	1	0	R
NMDC20557285	0	0	0	1	0	0	0	0	0	1	0	1	0	0	1	1	0	0	1	0	R
NMDC20583995	1	1	0	1	0	1	0	0	0	1	0	0	0	0	1	1	0	0	1	0	R
NMDC20555287	1	0	0	0	0	1	0	0	0	1	0	1	0	0	1	0	1	0	1	0	R
NMDC20583998	0	0	0	0	0	0	0	0	0	0	1	1	0	1	1	0	0	0	1	0	R
NMDC20584001	0	0	0	1	0	0	0	0	1	1	0	1	0	0	1	1	0	0	1	1	R
NMDC20553294	0	0	0	0	0	0	0	0	0	1	0	1	0	0	1	0	0	0	0	0	R
NMDC20584005	0	1	0	0	0	0	0	0	1	1	0	1	0	0	0	0	0	0	1	1	R
NMDC20584008	1	0	0	1	0	1	0	0	0	0	1	1	0	0	1	0	0	0	0	0	R
NMDC20584016	1	0	0	0	0	1	0	0	0	1	0	1	0	0	1	0	1	0	1	0	R
NMDC20584022	1	1	0	1	0	1	0	0	0	0	0	1	0	0	1	0	0	0	0	0	R
NMDC20584028	0	0	0	1	0	1	0	0	0	0	1	1	0	0	1	0	0	0	0	0	R
NMDC20584033	0	0	0	1	0	1	0	0	0	0	1	1	0	0	1	0	0	0	0	0	R
NMDC20584034	0	0	0	1	0	0	0	0	0	0	0	1	0	0	1	0	0	0	1	0	R
NMDC20584035	1	0	0	1	0	1	0	0	0	0	1	1	0	0	1	0	0	0	0	0	R
NMDC20584036	0	0	0	1	0	1	0	0	0	0	1	1	0	0	1	0	0	0	0	0	R
NMDC20584041	1	1	1	1	0	0	0	0	0	0	0	1	0	0	1	0	0	0	1	0	R
NMDC20551275	1	1	0	1	0	0	1	0	0	1	0	1	0	0	1	0	0	0	1	0	R
NMDC20557290	1	0	0	0	0	1	0	0	0	1	0	1	0	0	1	1	0	0	1	0	R
NMDC20551277	1	0	0	0	0	1	0	0	0	1	0	1	0	0	1	1	0	0	1	0	R
NMDC20584049	1	0	0	0	0	1	0	0	0	1	0	1	0	0	1	1	1	0	1	0	R
NMDC20584050	1	0	0	0	0	1	0	0	0	1	0	1	0	0	1	1	0	0	1	0	R
NMDC20557291	1	0	0	0	0	1	0	0	0	1	0	1	0	0	1	1	0	0	1	0	R
NMDC20584055	1	0	0	0	0	1	0	0	0	1	0	1	0	0	1	1	0	0	1	0	R
NMDC20551278	1	0	0	0	0	1	0	0	0	1	0	1	0	0	1	1	0	0	1	0	R
NMDC20584056	1	0	0	0	0	1	0	0	0	1	0	1	0	0	1	1	1	0	1	0	R
NMDC20557294	1	1	1	0	0	0	0	0	0	1	0	1	0	0	1	1	0	0	1	0	R
NMDC20557295	0	0	0	0	0	0	0	0	0	1	0	1	0	0	1	1	0	0	1	0	R
NMDC20557296	1	0	0	0	0	1	0	0	0	1	0	1	0	0	1	1	0	0	1	0	R
NMDC20553299	1	0	0	0	0	1	0	0	0	1	0	1	0	0	1	1	1	0	1	0	R
NMDC20584065	1	0	0	0	0	1	0	0	0	1	0	1	0	0	1	1	1	0	1	0	R
NMDC20557299	0	1	0	0	0	0	0	0	1	1	0	1	0	0	1	1	0	0	1	1	R
NMDC20584066	1	0	0	0	0	1	0	0	0	1	0	1	0	0	1	1	0	0	1	0	R
NMDC20555294	1	0	0	1	0	1	0	0	0	0	1	1	0	0	1	0	0	0	0	0	R
NMDC20553300	1	0	0	0	0	1	0	0	0	1	0	1	0	0	1	1	1	0	1	0	R
NMDC20553301	1	0	0	0	0	1	0	0	0	1	0	1	0	0	1	1	0	0	1	0	R
NMDC20584067	0	0	0	1	0	1	0	0	0	1	0	1	0	0	1	0	0	0	1	0	R
NMDC20584068	0	0	0	0	0	0	0	0	0	1	0	1	0	0	1	1	0	0	1	0	R
NMDC20557300	1	0	0	0	0	1	0	0	0	1	0	1	0	0	1	1	0	0	1	0	R
NMDC20551279	1	1	0	0	0	0	0	0	0	1	0	0	0	0	1	1	0	1	0	0	R
NMDC20555293	1	1	0	1	0	1	0	0	0	1	0	0	0	0	1	1	0	0	1	0	R
NMDC20584071	0	0	0	1	0	0	0	0	1	1	0	0	0	0	1	1	0	0	1	1	R
NMDC20553302	0	0	0	1	0	0	0	0	0	1	0	0	0	0	1	1	0	0	1	0	R
NMDC20584072	1	1	0	1	0	1	0	0	0	1	0	0	0	0	1	1	0	0	1	0	R
NMDC20584073	1	1	0	1	0	1	0	0	0	1	0	0	0	0	1	1	0	0	1	0	R
NMDC20584074	1	1	0	1	0	1	0	0	0	1	0	0	0	0	1	1	0	0	1	0	R
NMDC20551280	1	1	0	0	0	0	0	0	0	1	0	0	0	0	1	1	0	1	0	0	R
NMDC20557301	1	1	0	1	0	1	0	0	0	1	0	0	0	0	1	1	0	0	1	0	R
NMDC20557302	0	0	0	0	0	0	0	0	1	0	1	1	0	1	1	0	0	0	1	0	R
NMDC20555295	0	1	1	0	1	0	0	0	0	1	0	1	0	0	1	0	0	0	1	0	R
NMDC20584078	1	0	0	0	0	1	0	0	0	1	0	1	0	0	0	1	1	0	1	0	R
NMDC20584079	1	1	0	1	0	1	0	0	0	1	0	1	0	0	1	0	0	0	1	0	R
NMDC20557307	1	1	0	0	0	1	0	0	0	1	0	1	0	0	1	1	0	0	1	1	R
NMDC20584083	1	1	1	0	0	0	0	0	0	1	0	1	0	0	1	1	0	0	1	0	R
NMDC20557305	1	0	0	0	0	1	0	0	0	1	0	1	0	0	1	1	0	0	1	0	R
NMDC20557308	1	1	1	0	1	0	0	0	0	1	0	1	0	0	1	0	0	0	1	0	R
NMDC20553308	1	0	0	0	0	1	0	0	0	1	0	1	0	0	1	1	1	0	1	0	R
NMDC20584093	1	0	0	0	0	1	0	0	0	1	0	1	0	0	1	1	1	0	1	0	R
NMDC20551285	1	1	0	1	0	1	0	0	0	1	0	0	0	0	1	1	0	0	1	0	R
NMDC20584096	1	0	0	0	0	1	0	0	0	1	0	1	0	0	1	1	1	0	1	0	R
NMDC20584099	1	0	0	0	0	1	0	0	0	1	0	1	0	0	1	1	0	0	1	0	R
NMDC20584101	1	1	1	0	0	0	0	0	0	1	0	1	0	0	1	1	0	0	1	0	R
NMDC20555299	1	0	0	0	0	1	0	0	0	1	0	1	0	0	1	1	1	0	1	0	R
NMDC20557310	1	0	0	0	0	1	0	0	0	1	0	1	0	0	1	1	1	0	1	0	R
NMDC20555300	1	0	0	0	0	1	0	0	0	1	0	1	0	0	1	1	0	0	1	0	R
NMDC20551289	0	0	0	1	0	0	0	0	0	1	0	0	0	0	1	1	0	0	1	0	R
NMDC20553310	1	1	0	1	0	1	0	0	0	1	0	0	0	0	1	1	0	0	1	0	R
NMDC20584106	1	0	0	0	0	0	1	0	0	1	0	1	0	0	1	0	0	0	1	0	R
NMDC20551291	1	0	0	0	0	1	0	0	0	1	0	1	0	0	0	1	1	0	1	0	R
NMDC20584108	0	1	0	1	0	1	0	0	0	1	0	0	0	0	1	1	0	0	1	0	R
NMDC20584109	1	0	0	0	0	1	0	0	0	1	0	1	0	0	1	1	1	0	1	0	R
NMDC20555304	1	1	1	0	1	0	0	0	0	1	0	1	0	0	1	0	0	0	1	0	R
NMDC20555305	1	0	0	1	0	1	0	0	0	0	1	1	0	0	1	0	0	0	0	0	R
NMDC20584112	0	1	0	0	0	1	0	0	0	1	0	1	0	0	0	1	0	0	1	0	R
NMDC20584116	1	0	0	0	0	1	0	0	0	1	0	1	0	0	1	1	1	0	1	0	R
NMDC20584122	1	0	0	0	0	1	0	0	0	1	0	1	0	0	1	1	1	0	1	0	R
NMDC20584123	1	1	1	0	0	0	0	0	0	1	0	1	0	0	1	1	0	0	1	0	R
NMDC20584124	1	0	0	1	0	1	1	0	0	1	0	0	0	0	1	1	0	0	1	0	R
NMDC20555311	1	0	0	0	0	1	0	0	0	1	0	1	0	0	1	1	1	0	1	0	R
NMDC20551304	0	1	0	0	0	0	0	0	0	0	1	1	0	0	1	0	0	1	1	0	R
NMDC20553320	0	1	1	0	1	0	0	0	0	1	0	1	0	0	1	0	0	0	1	0	R
NMDC20584127	1	1	1	0	0	0	0	0	0	1	0	1	0	0	1	1	0	0	1	0	R
NMDC20584128	1	0	0	0	0	1	0	0	0	1	0	1	0	0	1	0	1	0	1	0	R
NMDC20555314	0	0	0	0	1	0	0	0	0	1	0	0	0	0	0	0	0	0	1	0	R
NMDC20553327	1	0	0	0	0	1	0	0	0	1	0	1	0	0	1	1	1	0	1	0	R
NMDC20557321	0	0	0	1	0	0	0	0	0	1	0	0	0	0	1	1	0	0	1	0	R
NMDC20555319	1	1	1	0	0	0	0	0	0	1	0	1	0	0	1	1	0	0	1	0	R
NMDC20584134	1	0	0	1	0	1	0	0	0	0	1	1	0	0	1	0	1	0	1	0	R
NMDC20584135	1	0	0	0	0	1	0	0	0	1	0	1	0	0	1	1	1	0	1	0	R
NMDC20557324	0	0	0	0	0	0	0	0	0	0	1	1	0	1	1	0	0	0	1	0	R
NMDC20555322	1	1	1	0	1	0	0	0	0	1	0	1	0	0	1	0	0	0	1	0	R
NMDC20584144	1	0	0	0	0	1	0	0	0	1	0	1	0	0	1	1	1	0	1	0	R
NMDC20557325	1	1	1	0	1	0	0	0	0	1	0	1	0	0	1	0	0	0	1	0	R
NMDC20557326	1	0	0	0	0	1	0	0	0	1	0	1	0	0	1	1	1	0	1	0	R
NMDC20584146	1	0	0	0	0	1	0	0	0	1	0	1	0	0	1	1	1	0	1	0	R
NMDC20557328	1	0	0	0	0	0	1	0	0	1	0	1	1	0	1	1	0	0	1	0	R
NMDC20555324	1	0	0	0	0	1	0	0	0	1	0	1	0	0	0	1	1	0	1	0	R
NMDC20551313	0	0	0	0	0	1	0	0	0	1	0	1	0	0	1	0	0	0	1	0	R
NMDC20555327	0	1	0	0	0	0	0	0	0	0	1	1	0	0	1	0	0	1	1	0	R
NMDC20584149	0	0	0	0	0	0	0	0	0	1	0	1	0	0	1	1	0	0	1	0	R
NMDC20584151	0	0	0	0	0	0	1	0	0	1	0	1	0	0	1	1	0	0	1	0	R
NMDC20584154	1	0	0	0	0	1	0	0	0	1	0	1	0	0	1	1	1	0	1	0	R
NMDC20553337	1	0	0	0	0	1	0	0	0	1	0	1	0	0	1	0	1	0	1	0	R
NMDC20553339	1	0	0	1	0	1	0	0	0	0	1	1	0	0	1	0	1	0	1	0	R
NMDC20584166	1	1	1	0	1	0	0	0	0	1	0	1	0	0	1	0	0	0	1	0	R
NMDC20553342	1	0	0	0	0	1	0	0	0	1	0	1	0	0	1	1	1	0	1	0	R
NMDC20557340	1	0	0	0	0	1	0	0	0	1	0	1	0	0	1	1	1	0	1	0	R
NMDC20584171	0	1	1	0	1	0	0	0	0	1	0	1	0	0	1	0	0	0	1	0	R
NMDC20551322	1	0	0	0	0	1	0	0	0	1	0	1	0	0	1	1	1	0	1	0	R
NMDC20555338	1	0	0	0	0	0	1	0	0	1	0	1	0	0	1	1	0	0	1	0	R
NMDC20584174	1	1	1	0	1	0	0	0	0	1	0	1	0	0	1	0	0	0	1	0	R
NMDC20557342	1	1	1	0	1	0	0	0	0	1	0	1	0	0	1	0	0	0	1	0	R
NMDC20584176	1	1	0	1	0	1	0	0	0	1	0	0	0	0	1	1	0	0	1	0	R
NMDC20584179	1	0	0	0	0	1	0	0	0	1	0	1	0	0	1	1	1	0	1	0	R
NMDC20553349	1	1	1	0	0	0	0	0	0	1	0	1	0	0	1	1	0	0	1	0	R
NMDC20584180	1	0	0	0	0	1	0	0	0	1	0	1	0	0	1	1	1	0	1	0	R
NMDC20553350	1	0	0	0	0	1	0	0	0	1	0	1	0	0	1	1	1	0	1	0	R
NMDC20551326	0	1	0	0	0	1	0	0	0	1	0	1	0	0	0	1	0	0	1	0	R
NMDC20557344	1	1	0	1	0	1	0	0	0	1	0	0	0	0	1	1	0	0	1	0	R
NMDC20584184	1	0	0	0	0	1	0	0	0	1	0	1	0	0	1	1	1	0	1	0	R
NMDC20555341	1	0	0	0	0	0	1	0	0	1	0	1	0	0	1	1	0	0	1	0	R
NMDC20555342	1	0	0	0	0	1	0	0	0	1	0	1	0	0	1	1	1	0	1	0	R
NMDC20584185	0	0	0	0	0	0	0	0	0	1	0	1	0	0	1	1	0	0	1	0	R
NMDC20555344	1	0	0	0	0	1	0	0	0	1	0	1	0	0	1	1	1	0	1	0	R
NMDC20584188	1	0	0	0	0	1	0	0	0	1	0	1	0	0	1	1	1	0	1	0	R
NMDC20551332	1	0	0	0	0	1	0	0	0	1	0	1	0	0	1	1	0	0	1	0	R
NMDC20584189	0	1	0	0	0	0	0	0	1	0	1	1	0	1	1	0	0	0	1	1	R
NMDC20584190	1	0	0	0	0	0	1	0	0	1	0	1	1	0	1	1	0	0	1	0	R
NMDC20553355	1	0	0	0	0	0	1	0	0	1	0	1	0	0	1	1	0	0	1	0	R
NMDC20584196	0	1	1	0	0	0	0	0	0	1	0	1	0	0	1	1	0	0	1	0	R
NMDC20557349	1	0	0	0	0	0	1	0	0	1	0	1	0	0	1	1	0	0	1	0	R
NMDC20584198	1	0	0	0	0	1	0	0	0	1	0	1	0	0	1	1	1	0	1	0	R
NMDC20551335	1	0	0	0	0	1	0	0	0	1	0	1	0	0	1	1	1	0	1	0	R
NMDC20584199	0	1	0	0	0	0	0	0	1	0	1	1	0	1	1	0	0	0	1	1	R
NMDC20555354	0	1	1	0	0	0	0	0	0	1	0	1	0	0	1	1	0	0	1	0	R
NMDC20553358	1	0	0	0	0	1	0	0	0	1	0	1	0	0	1	1	1	0	1	0	R
NMDC20584200	1	1	0	1	0	1	0	0	0	1	0	0	0	0	1	1	0	0	1	0	R
NMDC20584201	1	1	0	1	0	1	0	0	0	1	0	0	0	0	1	1	0	0	1	0	R
NMDC20555359	1	0	0	0	0	1	0	0	0	1	0	1	0	0	1	1	1	0	1	0	R
NMDC20553362	1	0	0	0	0	1	0	0	0	1	0	1	0	0	1	0	1	0	1	0	R
NMDC20553363	1	0	0	0	0	1	0	0	0	1	0	1	0	0	1	1	0	0	1	0	R
NMDC20557354	0	0	0	0	1	0	0	0	0	1	0	0	0	0	0	0	0	0	1	0	R
NMDC20555361	1	1	0	0	0	0	0	0	0	1	0	1	0	0	1	1	0	0	1	0	R
NMDC20584202	1	0	0	0	0	1	0	0	0	1	0	1	0	0	1	1	1	0	1	0	R
NMDC20551339	1	0	0	0	0	0	1	0	0	1	0	1	0	0	1	1	0	0	1	0	R
NMDC20555362	1	1	1	0	1	0	0	0	0	1	0	1	0	0	1	0	0	0	1	0	R
NMDC20584204	0	0	0	0	0	0	1	0	0	1	0	1	0	0	1	1	0	0	1	0	R
NMDC20553364	1	0	0	0	0	1	0	0	0	1	0	1	0	0	1	1	1	0	1	0	R
NMDC20555363	1	0	0	0	0	0	1	0	0	1	1	1	0	0	1	1	0	0	1	0	R
NMDC20555364	1	0	0	0	0	1	0	0	0	1	0	1	0	0	1	1	1	0	1	0	R
NMDC20555365	1	1	1	0	0	0	0	0	0	1	0	1	0	0	1	1	0	0	1	0	R
NMDC20551340	1	0	0	0	0	1	0	0	0	1	0	1	0	0	1	1	1	0	1	0	R
NMDC20557360	1	0	0	1	0	0	0	0	0	1	0	0	0	0	1	1	0	0	1	0	R
NMDC20557361	1	1	0	1	0	1	0	0	0	1	0	0	0	0	1	1	0	0	1	0	R
NMDC20584210	1	1	1	0	0	0	0	0	0	1	0	1	0	0	1	1	0	0	1	0	R
NMDC20551342	1	0	0	1	0	1	1	0	0	1	0	0	0	0	1	1	0	0	1	0	R
NMDC20584212	1	0	0	0	1	1	0	0	0	1	0	1	0	0	1	0	0	0	1	0	R
NMDC20584213	1	0	0	0	0	1	0	0	0	1	0	1	0	0	1	1	1	0	1	0	R
NMDC20584214	1	0	0	0	0	1	0	0	0	1	0	1	0	0	1	1	1	0	1	0	R
NMDC20557362	1	0	0	0	1	1	0	0	0	1	0	1	0	0	1	0	0	0	1	0	R
NMDC20553368	1	0	0	0	0	0	1	0	0	1	0	1	0	0	1	1	0	0	1	0	R
NMDC20584215	1	0	0	0	0	0	1	0	0	1	0	1	0	0	1	1	0	0	1	0	R
NMDC20555368	1	0	0	1	0	1	0	0	0	1	1	1	0	0	1	0	0	0	1	0	R
NMDC20557365	1	0	0	0	0	1	0	0	0	1	0	1	0	0	1	1	1	0	1	0	R
NMDC20584217	1	0	0	0	0	0	1	0	0	1	0	1	0	0	1	1	0	0	1	0	R
NMDC20557366	1	0	0	0	0	1	0	0	0	1	0	1	0	0	0	1	1	0	1	0	R
NMDC20557367	1	0	0	0	0	1	0	0	0	1	0	1	0	0	1	1	1	0	1	0	R
NMDC20557368	1	1	0	1	0	1	0	0	0	1	0	0	0	0	1	1	0	0	1	0	R
NMDC20553375	1	0	0	1	0	1	1	0	0	1	0	0	0	0	1	1	0	0	1	0	R
NMDC20584219	1	0	0	0	0	1	0	0	0	1	0	1	0	0	1	1	1	0	1	0	R
NMDC20557370	1	0	0	0	0	1	0	0	0	1	0	1	0	0	1	1	1	0	1	0	R
NMDC20584221	1	0	0	0	0	0	0	0	0	1	0	1	0	0	1	1	0	0	1	0	R
NMDC20555371	1	0	0	0	0	1	0	0	0	1	0	1	0	0	1	1	1	0	1	0	R
NMDC20557371	1	0	0	0	0	0	1	0	0	1	0	1	0	0	1	1	0	0	1	0	R
NMDC20584226	1	0	0	0	0	1	0	0	0	1	0	1	0	0	1	1	0	0	1	0	R
NMDC20584227	1	0	0	0	0	1	0	0	0	1	0	1	0	0	1	1	0	0	1	0	R
NMDC20553374	0	1	1	0	1	0	0	0	0	1	0	1	0	0	1	0	0	0	1	0	R
NMDC20551349	1	0	0	0	0	1	0	0	0	1	0	1	0	0	1	1	0	0	1	0	R
NMDC20555374	0	1	1	0	1	0	0	0	0	1	0	1	0	0	1	0	0	0	1	0	R
NMDC20553376	1	0	0	1	0	1	0	0	0	0	1	1	0	0	1	0	1	0	1	0	R
NMDC20584234	1	0	0	0	0	0	1	0	0	1	0	1	0	0	1	0	0	0	0	0	R
NMDC20584235	1	0	0	0	0	0	1	0	0	1	0	1	0	0	1	1	0	0	1	0	R
NMDC20553377	1	0	0	0	0	0	1	0	0	1	0	1	1	0	1	1	0	0	1	0	R
NMDC20553379	0	1	0	0	1	1	0	0	0	0	0	0	0	0	0	0	0	0	1	0	R
NMDC20551354	1	0	0	1	0	1	0	0	0	0	1	1	0	0	1	0	1	0	1	0	R
NMDC20584237	1	0	0	0	0	1	0	0	0	1	0	1	0	0	1	0	1	0	1	0	R
NMDC20584238	0	1	0	0	0	0	0	0	1	0	1	1	0	1	1	0	0	0	1	1	R
NMDC20553380	1	0	0	1	0	0	1	0	0	1	0	1	0	0	1	1	0	0	1	0	R
NMDC20557376	1	1	1	0	1	0	0	0	0	1	0	1	0	0	1	0	0	0	1	0	R
NMDC20557377	1	1	0	0	0	0	1	0	0	1	1	1	0	0	1	1	0	0	1	0	R
NMDC20584240	1	1	0	1	0	1	0	0	0	1	0	0	0	0	1	1	0	0	1	0	R
NMDC20557378	1	1	1	0	1	0	0	0	0	1	0	1	0	0	1	0	0	0	1	0	R
NMDC20584241	1	0	0	0	0	0	1	0	0	1	0	1	1	0	1	1	0	0	1	0	R
NMDC20584242	1	0	0	0	0	1	0	0	0	1	0	1	0	0	1	1	1	0	1	0	R
NMDC20551355	1	0	0	0	0	1	0	0	0	1	0	1	0	0	1	1	1	0	1	0	R
NMDC20553384	0	0	0	0	0	0	0	0	0	1	0	1	0	0	1	0	0	0	1	0	R
NMDC20557379	0	0	0	0	0	0	0	0	0	0	0	0	0	0	1	0	0	0	1	0	R
NMDC20553386	1	0	0	0	0	0	1	0	0	1	0	1	0	0	1	0	0	0	0	0	R
NMDC20584246	1	0	0	0	0	1	0	0	0	1	0	1	0	0	1	1	1	0	1	0	R
NMDC20551356	1	0	0	0	0	1	0	0	0	1	0	1	0	0	1	1	1	0	1	0	R
NMDC20584248	0	0	0	1	0	0	0	0	0	1	0	1	0	0	1	0	0	0	1	0	R
NMDC20553388	0	0	0	0	0	0	0	0	0	1	1	1	0	0	1	1	0	0	1	0	R
NMDC20584249	1	0	0	1	0	0	1	0	0	1	1	1	0	0	1	0	0	0	1	0	R
NMDC20555382	1	0	0	0	0	0	0	0	1	1	0	1	0	0	1	1	0	0	1	1	R
NMDC20584250	1	1	1	0	0	0	1	0	1	1	0	1	0	0	1	0	0	0	1	1	R
NMDC20584251	1	1	1	0	1	0	0	0	0	1	0	1	0	0	1	0	0	0	1	0	R
NMDC20551360	1	0	0	0	0	1	0	0	0	1	0	1	0	0	1	1	1	0	1	0	R
NMDC20557381	1	0	0	0	0	1	0	0	0	1	0	1	0	0	1	1	1	0	1	0	R
NMDC20557383	1	0	0	0	0	1	0	0	0	1	0	1	0	0	1	1	1	0	1	0	R
NMDC20584254	0	0	0	0	0	0	0	0	0	1	0	1	0	0	1	1	0	0	1	0	R
NMDC20584255	1	1	1	0	0	0	0	0	0	1	0	1	0	0	1	1	0	0	1	0	R
NMDC20584257	0	1	0	0	0	0	0	0	1	0	1	1	0	1	1	0	0	0	1	1	R
NMDC20584258	0	0	0	1	0	0	0	0	0	1	0	0	0	0	1	1	0	0	1	0	R
NMDC20584259	1	1	1	0	1	0	0	0	0	1	0	1	0	0	1	0	0	0	1	0	R
NMDC20557384	0	1	0	0	0	0	0	0	1	0	1	1	0	1	1	0	0	0	1	1	R
NMDC20553392	0	0	0	0	0	0	0	0	0	1	0	1	0	0	1	1	0	0	1	0	R
NMDC20557385	0	1	0	0	0	0	0	0	1	0	1	1	0	1	1	0	0	0	1	1	R
NMDC20557386	0	1	0	0	0	0	0	0	1	0	1	1	0	1	1	0	0	0	1	1	R
NMDC20555386	1	0	0	0	0	1	0	0	0	1	0	1	0	0	1	1	1	0	1	0	R
NMDC20557387	0	0	0	0	0	1	0	0	0	1	0	1	0	0	1	1	0	0	1	0	R
NMDC20553395	0	1	0	0	0	0	0	0	1	0	1	1	0	1	1	0	0	0	1	1	R
NMDC20584261	1	0	0	0	0	1	0	0	0	1	0	1	0	0	1	1	1	0	1	0	R
NMDC20584262	0	1	0	0	0	1	0	0	0	1	0	1	0	0	0	1	0	0	1	0	R
NMDC20557392	1	0	0	0	0	0	1	0	0	1	0	1	0	0	1	1	0	0	1	0	R
NMDC20551366	1	1	1	0	0	0	0	0	0	1	0	1	0	0	1	1	0	0	1	0	R
NMDC20584267	1	1	0	0	0	0	0	0	0	1	0	1	0	0	1	0	0	0	1	0	R
NMDC20555393	1	0	0	0	0	0	1	0	0	1	1	1	0	0	1	1	0	0	1	0	R
NMDC20584271	1	0	0	1	0	1	0	0	0	0	1	1	0	0	1	0	1	0	1	0	R
NMDC20553398	1	0	0	1	0	1	1	0	0	1	0	0	0	0	1	1	0	0	1	0	R
NMDC20557396	1	0	0	1	0	0	1	0	0	1	0	1	0	0	1	0	0	0	1	0	R
NMDC20557397	1	1	0	0	0	1	0	0	0	1	0	1	0	0	1	1	0	0	1	0	R
NMDC20584275	1	1	0	1	0	0	1	0	0	1	0	1	0	0	1	0	0	0	1	0	R
NMDC20551372	1	1	0	0	0	1	0	0	0	1	0	1	0	0	1	1	0	0	1	0	R
NMDC20584279	1	1	0	1	0	1	0	0	0	1	0	0	0	0	1	1	0	0	1	0	R
NMDC20553401	1	1	0	0	0	1	0	0	0	1	0	1	0	0	1	1	0	0	1	0	R
NMDC20584280	1	0	0	0	0	0	1	0	0	1	1	1	0	0	1	1	0	0	1	0	R
NMDC20584281	0	1	0	1	0	0	0	1	0	1	0	1	0	0	1	0	0	0	1	0	R
NMDC20584282	1	1	0	0	0	1	0	0	0	1	0	1	0	0	1	1	1	0	1	0	R
NMDC20584283	0	0	0	0	1	0	0	0	0	1	0	0	0	0	0	0	0	0	1	0	R
NMDC20584284	1	0	0	0	0	1	0	0	0	1	0	1	0	0	1	1	0	0	1	0	R
NMDC20584285	1	0	0	0	0	0	1	0	0	0	1	0	0	0	1	1	0	0	0	0	R
NMDC20553402	1	0	0	0	0	1	0	0	0	1	0	1	0	0	1	1	0	0	1	0	R
NMDC20584288	1	0	0	0	0	1	0	0	0	1	0	1	0	0	1	0	1	0	1	0	R
NMDC20584289	0	0	0	0	0	1	0	0	0	1	0	1	0	0	1	1	0	0	1	0	R
NMDC20584290	1	0	0	0	0	0	1	0	0	1	0	1	0	0	1	1	0	0	1	0	R
NMDC20584291	1	0	0	0	0	1	0	0	0	1	0	1	0	0	1	1	0	0	1	0	R
NMDC20555397	1	0	0	0	0	1	0	0	0	1	0	1	0	0	1	0	1	0	1	0	R
NMDC20557402	1	1	0	0	0	0	0	0	1	1	0	1	0	0	1	1	0	0	1	0	R
NMDC20584294	1	0	1	0	0	0	0	0	0	1	0	1	0	0	1	1	0	0	1	0	R
NMDC20584295	1	0	0	0	0	1	0	0	0	1	0	1	0	0	1	1	1	0	1	0	R
NMDC20584296	1	0	0	0	0	1	0	0	0	1	0	1	0	0	1	1	1	0	1	0	R
NMDC20555398	1	0	0	0	0	1	0	0	0	1	0	1	0	0	1	1	1	0	1	0	R
NMDC20557401	1	0	0	0	0	0	1	0	0	1	0	1	0	0	1	0	0	0	1	0	R
NMDC20584300	1	0	0	0	0	0	1	0	0	1	0	1	0	0	1	1	0	0	1	0	R
NMDC20584302	1	0	0	0	0	1	0	0	0	1	0	1	0	0	1	1	1	0	1	0	R
NMDC20551377	1	1	1	0	1	0	0	0	0	1	0	1	0	0	1	0	0	0	1	0	R
NMDC20584304	1	0	0	0	0	1	0	0	0	1	0	1	0	0	1	1	1	0	1	0	R
NMDC20584308	1	1	0	1	0	1	0	0	0	1	0	0	0	0	1	1	0	0	1	0	R
NMDC20555404	1	1	1	0	1	0	0	0	0	1	0	1	0	0	1	0	0	0	1	0	R
NMDC20551380	1	1	0	1	0	0	0	0	0	1	0	0	0	0	1	1	0	0	1	1	R
NMDC20553405	1	0	0	0	0	0	0	0	0	1	0	1	0	0	1	1	1	0	1	0	R
NMDC20557407	1	1	1	0	0	0	0	0	0	1	0	1	0	0	1	1	0	0	1	0	R
NMDC20557408	1	1	1	0	0	0	0	0	0	1	0	1	0	0	1	1	0	0	1	0	R
NMDC20584311	1	0	0	0	0	1	0	0	0	1	0	1	0	0	1	1	1	0	1	0	R
NMDC20557410	1	1	0	1	0	1	0	0	0	1	0	0	0	0	1	1	0	0	1	0	R
NMDC20551383	1	0	0	0	0	1	0	0	0	1	0	1	0	0	1	1	1	0	1	0	R
NMDC20551385	1	0	0	1	0	0	0	0	1	1	0	0	0	0	1	1	0	0	1	1	R
NMDC20553407	1	0	0	0	0	1	0	0	0	1	0	1	0	0	1	1	1	0	1	0	R
NMDC20557412	1	1	0	0	0	1	0	0	0	1	0	1	0	0	1	1	0	0	1	0	R
NMDC20555407	1	1	0	0	0	1	0	0	0	1	0	1	0	0	1	1	0	0	1	0	R
NMDC20584313	1	0	0	0	0	0	1	0	0	1	1	1	0	0	1	1	0	0	1	0	R
NMDC20584315	1	1	0	1	0	0	0	0	0	1	0	0	0	0	1	1	0	0	1	0	R
NMDC20555408	1	0	0	0	0	1	0	0	0	1	0	1	0	0	1	1	1	0	1	0	R
NMDC20557413	1	1	1	0	0	0	0	0	0	1	0	1	0	0	1	1	0	0	1	0	R
NMDC20557414	0	0	0	0	0	0	0	0	0	0	0	0	0	0	1	0	0	0	1	0	R
NMDC20584321	1	0	0	1	0	0	0	0	0	1	0	0	0	0	1	1	0	0	1	0	R
NMDC20584323	1	1	0	0	0	0	0	0	1	1	0	1	0	0	1	0	0	0	1	1	R
NMDC20555411	0	0	0	0	0	0	0	0	0	1	0	1	0	0	1	1	0	0	1	0	R
NMDC20584325	1	0	0	0	0	1	0	0	0	1	0	1	0	0	1	1	1	0	1	0	R
NMDC20584327	1	1	1	0	1	0	0	0	0	1	0	1	0	0	1	0	0	0	1	0	R
NMDC20584328	1	0	0	0	0	0	1	0	0	1	0	1	0	0	1	1	0	0	1	0	R
NMDC20584329	0	1	0	0	0	0	0	0	1	1	0	1	0	0	0	0	0	0	1	1	R
NMDC20551391	1	0	0	0	0	1	0	0	0	1	0	1	0	0	1	1	1	0	1	0	R
NMDC20584330	1	0	0	0	0	1	0	0	0	1	0	1	0	0	1	1	0	0	1	0	R
NMDC20553412	1	0	0	0	0	1	0	0	0	1	0	1	0	0	1	1	1	0	1	0	R
NMDC20584334	1	0	0	0	0	1	0	0	0	1	0	1	0	0	1	1	1	0	1	0	R
NMDC20553413	1	0	0	0	0	0	1	0	0	1	0	1	0	0	1	1	0	0	1	0	R
NMDC20584336	1	1	0	0	0	0	0	0	0	1	0	0	0	0	1	1	0	1	0	0	R
NMDC20584339	1	0	0	0	0	1	0	0	0	1	0	1	0	0	1	1	0	0	1	0	R
NMDC20551392	0	0	0	0	0	0	0	0	0	0	1	1	0	1	1	0	0	0	1	0	R
NMDC20557421	1	0	0	0	0	1	0	0	0	1	0	1	0	0	1	1	1	0	1	0	R
NMDC20584340	1	0	0	0	0	1	0	0	0	1	0	1	0	0	1	1	1	0	1	0	R
NMDC20551393	1	1	0	1	0	1	0	0	0	1	0	0	0	0	1	1	0	0	1	0	R
NMDC20584341	0	1	1	1	0	0	0	0	0	1	0	1	0	0	1	0	0	0	0	0	R
NMDC20551394	0	1	0	0	1	1	0	0	0	0	0	0	0	0	0	0	0	0	1	0	R
NMDC20553416	1	1	0	1	0	1	0	0	0	1	0	0	0	0	1	1	0	0	1	0	R
NMDC20553417	1	0	0	0	0	1	0	0	0	1	0	1	0	0	1	1	1	0	1	0	R
NMDC20551395	1	1	1	0	0	0	0	0	0	1	0	1	0	0	1	1	0	0	1	0	R
NMDC20555414	1	0	0	0	0	1	0	0	0	1	0	1	0	0	1	1	0	0	1	0	R
NMDC20555415	1	0	0	0	0	1	0	0	0	1	0	1	0	0	1	1	0	0	1	0	R
NMDC20551396	1	0	0	0	0	0	1	0	0	1	0	1	0	0	1	1	0	0	1	0	R
NMDC20555416	1	0	0	1	0	1	0	0	0	0	1	1	0	0	1	0	1	0	1	0	R
NMDC20584343	1	0	0	0	0	1	0	0	0	1	0	1	0	0	1	1	1	0	1	0	R
NMDC20584346	1	0	0	0	0	0	1	0	0	1	0	1	0	0	1	1	0	0	1	0	R
NMDC20584347	0	1	1	0	0	0	0	0	0	1	0	1	0	0	0	0	0	0	0	0	R
NMDC20584349	1	0	0	0	0	0	1	0	0	1	0	1	0	0	1	1	0	0	1	0	R
NMDC20584350	1	0	0	0	0	1	0	0	0	1	0	1	0	0	1	1	1	0	1	0	R
NMDC20584351	1	0	0	0	0	1	0	0	0	1	0	1	0	0	1	1	1	0	1	0	R
NMDC20553418	0	0	0	0	0	0	0	0	0	0	1	1	0	1	1	0	0	0	1	0	R
NMDC20557428	1	1	1	0	1	0	0	0	0	1	0	1	0	0	1	0	0	0	1	0	R
NMDC20584358	1	0	0	0	0	1	0	0	0	1	0	1	0	0	1	1	1	0	1	0	R
NMDC20584359	1	0	0	0	0	1	0	0	0	1	0	1	0	0	1	1	1	0	1	0	R
NMDC20551399	1	0	0	0	0	1	0	0	0	1	0	1	0	0	1	1	1	0	1	0	R
NMDC20584362	1	1	1	0	0	0	0	0	0	1	0	1	0	0	1	1	0	0	1	0	R
NMDC20557434	1	1	1	0	0	0	0	0	0	1	0	1	0	0	1	1	0	0	1	0	R
NMDC20584371	1	1	0	0	0	0	0	0	0	1	0	0	0	0	1	1	0	1	0	0	R
NMDC20553428	1	0	0	0	0	0	1	0	0	1	0	1	0	0	1	1	0	0	1	0	R
NMDC20584376	1	0	0	0	1	1	0	0	0	1	0	1	0	0	1	0	0	0	1	0	R
NMDC20557447	1	0	0	0	0	1	0	0	0	1	0	1	0	0	1	1	1	0	1	0	R
NMDC20551403	1	1	0	1	0	0	1	0	0	0	0	1	0	0	1	0	0	0	0	0	R
NMDC20584379	0	0	0	1	0	0	1	0	0	1	0	1	0	0	1	0	0	0	1	0	R
NMDC20553437	1	1	0	1	0	1	0	0	0	1	0	0	0	0	1	1	0	0	1	0	R
NMDC20557443	0	1	0	0	0	1	0	0	0	1	0	1	0	0	1	1	0	0	1	0	R
NMDC20584381	1	0	0	0	0	0	1	0	0	1	0	1	0	0	1	1	0	0	1	0	R
NMDC20555427	1	0	0	0	0	0	1	0	0	1	0	1	0	0	1	0	0	0	0	0	R
NMDC20584384	1	0	0	0	0	1	0	0	0	1	0	1	0	0	1	1	1	0	1	0	R
NMDC20584385	0	1	0	0	0	0	0	0	1	0	1	1	0	1	1	0	0	0	1	1	R
NMDC20555430	0	0	0	1	0	0	1	0	0	1	0	1	0	0	1	0	0	0	1	0	R
NMDC20557445	1	0	0	1	0	0	1	0	0	1	0	1	0	0	1	0	0	0	1	0	R
NMDC20551408	1	1	0	1	0	0	1	0	0	1	0	1	0	0	1	0	0	0	1	0	R
NMDC20553439	1	0	0	1	0	1	0	0	0	1	0	1	0	0	1	0	0	0	1	0	R
NMDC20557452	1	0	0	0	0	1	0	0	0	1	0	1	0	0	1	1	0	0	1	0	R
NMDC20551412	0	1	0	0	0	0	0	0	1	0	1	1	0	1	1	0	0	0	1	1	R
NMDC20557453	0	0	0	0	0	0	0	0	0	0	1	1	0	1	1	0	0	0	1	0	R
NMDC20555434	1	1	1	0	0	0	0	0	0	1	0	1	0	0	1	1	0	0	1	0	R
NMDC20584412	1	0	0	1	0	1	0	0	0	0	1	1	0	0	1	0	1	0	1	0	R
NMDC20584413	0	0	0	0	1	1	0	0	0	1	0	1	0	0	1	0	0	0	1	0	R
NMDC20557456	1	1	0	1	0	0	1	0	0	1	0	1	0	0	1	0	0	0	1	0	R
NMDC20557457	1	1	0	1	0	0	1	0	0	1	0	1	0	0	1	0	0	0	1	0	R
NMDC20584418	1	0	0	1	0	0	1	0	0	1	0	1	0	0	1	0	0	0	1	0	R
NMDC20557461	0	1	0	0	0	0	0	0	1	0	1	1	0	1	1	0	0	0	1	1	R
NMDC20553450	1	0	0	0	0	0	1	0	0	1	0	1	0	0	1	1	0	0	1	0	R
NMDC20584426	1	0	0	0	0	0	1	0	0	1	0	1	0	0	1	1	0	0	1	0	R
NMDC20551418	1	1	1	0	0	0	0	0	0	1	0	1	0	0	1	1	0	0	1	0	R
NMDC20557462	1	0	0	0	0	1	0	0	0	1	0	1	0	0	1	1	1	0	1	0	R
NMDC20584903	1	1	1	0	1	0	0	0	0	1	0	1	0	0	1	0	0	0	1	0	R
NMDC20584909	0	0	0	0	0	0	0	0	0	0	1	1	0	1	1	0	0	0	1	0	R
NMDC20584914	1	0	0	0	0	1	0	0	0	1	0	1	0	0	1	1	0	0	1	0	R
NMDC20584915	1	1	0	1	0	0	0	0	0	0	1	1	0	0	1	0	0	1	0	0	R
NMDC20584916	1	0	0	1	0	1	0	0	0	0	1	1	0	0	1	0	1	0	1	0	R
NMDC20584918	1	0	0	1	0	1	0	0	0	0	1	1	0	0	1	0	0	0	0	0	R
NMDC20584919	1	0	0	1	0	1	0	0	0	0	1	1	0	0	1	0	0	0	0	0	R
NMDC20584922	1	0	0	1	0	1	0	0	0	0	1	1	0	0	1	0	0	0	0	0	R
NMDC20584924	1	0	0	1	0	1	0	0	0	0	1	1	0	0	1	0	0	0	0	0	R
NMDC20584934	0	0	0	1	0	0	0	0	0	0	1	1	0	0	1	0	0	0	0	0	R
NMDC20584935	0	0	0	0	0	0	0	0	0	0	1	1	0	1	1	0	0	0	1	0	R
NMDC20553455	1	0	0	0	0	1	0	0	0	1	0	1	0	0	1	1	0	0	1	0	R
NMDC20584939	1	0	0	0	0	1	0	0	0	1	0	1	0	0	1	1	0	0	1	0	R
NMDC20551422	0	1	0	0	0	0	0	0	1	0	1	1	0	1	1	0	0	0	1	1	R
NMDC20551425	0	1	0	1	0	1	0	0	0	1	0	1	0	0	1	0	0	0	1	0	R
NMDC20557464	0	1	0	0	0	0	0	0	1	0	1	1	0	1	1	0	0	0	1	1	R
NMDC20584949	1	0	0	0	0	1	0	0	0	1	0	1	0	0	1	1	0	0	1	0	R
NMDC20557466	1	0	0	0	0	1	0	0	0	1	0	1	0	0	1	1	1	0	1	0	R
NMDC20551426	0	1	0	0	0	0	0	0	1	0	1	1	0	1	1	0	0	0	1	1	R
NMDC20553459	1	0	0	0	0	1	0	0	0	1	0	1	0	0	1	1	0	0	1	0	R
NMDC20553460	1	1	1	0	1	0	0	0	0	1	0	1	0	0	1	0	0	0	1	0	R
NMDC20557468	0	0	0	1	0	0	0	0	0	1	0	0	0	0	1	1	0	0	1	1	R
NMDC20553462	0	1	0	0	0	0	0	0	1	0	1	1	0	1	1	0	0	0	1	1	R
NMDC20555455	0	1	0	0	0	1	0	0	0	1	0	1	0	0	0	1	0	0	1	0	R
NMDC20584953	0	1	0	0	0	0	0	0	1	0	1	1	0	1	1	0	0	0	1	1	R
NMDC20551431	1	0	0	0	0	1	0	0	0	1	0	1	0	0	1	1	0	0	1	0	R
NMDC20553463	1	0	0	0	0	1	0	0	0	1	0	1	0	0	1	1	1	0	1	0	R
NMDC20584958	0	1	0	0	0	1	0	0	0	1	0	1	0	0	0	1	0	0	1	0	R
NMDC20555460	1	0	0	0	0	1	0	0	0	1	0	1	0	0	1	1	0	0	1	0	R
NMDC20584959	1	0	0	0	0	1	0	0	0	1	0	1	0	0	0	1	1	0	1	0	R
NMDC20553469	0	1	0	0	0	0	0	0	0	0	1	1	0	0	1	0	0	1	1	0	R
NMDC20584969	0	1	0	0	0	0	0	0	0	0	1	1	0	0	1	0	0	1	1	0	R
NMDC20584970	0	0	0	0	0	0	0	0	0	1	0	1	0	0	1	1	0	0	1	0	R
NMDC20584971	1	0	0	0	0	1	0	0	0	1	0	1	0	0	1	1	0	0	1	0	R
NMDC20551432	0	0	0	0	0	0	0	0	0	0	1	1	0	1	1	0	0	0	1	0	R
NMDC20584974	0	0	0	0	0	0	0	0	0	1	0	1	0	0	1	1	0	0	1	0	R
NMDC20584980	0	0	0	0	0	0	0	0	0	0	1	1	0	1	1	0	0	0	1	0	R
NMDC20553474	1	0	0	0	0	0	1	0	0	1	0	1	0	0	1	1	0	0	1	0	R
NMDC20584981	1	0	0	0	1	1	0	0	0	1	0	1	0	0	1	0	0	0	1	0	R
NMDC20557480	1	1	1	0	1	0	0	0	0	1	0	1	0	0	1	0	0	0	1	0	R
NMDC20557481	0	0	0	0	0	0	0	0	0	0	1	1	0	1	1	0	0	0	1	0	R
NMDC20553476	0	0	0	0	0	0	0	0	0	0	1	1	0	1	1	0	0	0	1	0	R
NMDC20553477	0	0	0	0	0	0	0	0	0	0	1	1	0	1	1	0	0	0	1	0	R
NMDC20584983	1	0	0	0	0	1	0	0	0	1	0	1	0	0	1	1	1	0	1	0	R
NMDC20555472	1	0	0	0	0	1	0	0	0	1	0	1	0	0	1	1	1	0	1	0	R
NMDC20584984	0	0	0	0	0	0	0	0	0	1	0	1	0	0	1	1	0	0	1	0	R
NMDC20584994	1	0	0	0	0	1	0	0	0	1	0	1	0	0	1	1	0	0	1	0	R
NMDC20584995	0	1	0	0	0	0	0	0	0	0	1	1	0	0	1	0	0	1	1	0	R
NMDC20584996	0	1	0	0	0	1	0	0	0	1	0	1	0	0	1	1	0	0	1	0	R
NMDC20553479	1	0	0	0	0	1	0	0	0	1	0	1	0	0	1	1	0	0	1	0	R
NMDC20585003	0	0	0	0	0	0	0	0	0	0	0	1	0	0	1	0	0	0	1	0	R
NMDC20585015	0	1	0	1	0	0	0	1	0	1	0	1	0	0	1	0	0	0	1	0	R
NMDC20555478	0	0	0	0	0	0	0	0	0	0	1	1	0	1	1	0	0	0	1	0	R
NMDC20585021	0	0	0	0	0	0	0	0	0	0	1	1	0	1	1	0	0	0	1	0	R
NMDC20555480	0	0	0	1	0	0	0	0	0	1	0	1	0	0	1	0	0	0	1	0	R
NMDC20585023	0	0	0	0	0	0	0	0	0	0	1	1	0	0	1	0	0	0	1	0	R
NMDC20585025	0	0	0	0	0	0	0	0	0	0	1	1	0	1	1	0	0	0	1	0	R
NMDC20585027	0	0	0	1	0	0	0	0	0	1	0	1	0	0	1	0	0	0	1	0	R
NMDC20585033	1	0	0	0	0	1	0	0	0	1	0	1	0	0	1	1	1	0	1	0	R
NMDC20585034	1	0	0	0	0	1	0	0	0	1	0	1	0	0	1	1	0	0	1	0	R
NMDC20555481	1	0	0	0	0	0	0	0	0	1	0	1	0	0	1	1	0	0	1	0	R
NMDC20585036	1	0	0	0	0	1	0	0	0	1	0	1	0	0	1	1	1	0	1	0	R
NMDC20551443	1	0	0	0	0	0	1	0	0	1	0	1	0	0	1	1	0	0	1	0	R
NMDC20553485	1	1	0	1	0	0	1	0	0	1	0	1	0	0	1	0	0	0	1	0	R
NMDC20553486	1	0	0	1	0	1	0	0	0	1	0	1	0	0	1	0	0	0	1	0	R
NMDC20553487	1	0	0	1	0	1	0	0	0	0	1	1	0	0	1	0	1	0	1	0	R
NMDC20585039	0	1	0	0	0	1	0	0	0	1	0	1	0	0	0	1	0	0	1	0	R
NMDC20585042	1	0	0	1	0	1	0	0	0	0	1	1	0	0	1	0	0	0	0	0	R
NMDC20585043	1	0	0	0	0	0	1	0	0	1	0	1	1	0	1	1	0	0	1	0	R
NMDC20585045	1	1	1	0	0	0	1	0	0	1	0	1	0	0	1	1	0	0	1	0	R
NMDC20557497	1	0	0	0	0	0	1	0	0	1	0	1	0	0	1	1	0	0	1	0	R
NMDC20585048	1	0	0	0	0	1	0	0	0	1	0	1	0	0	1	1	1	0	1	0	R
NMDC20585049	1	0	0	0	0	1	0	0	0	1	0	1	0	0	1	1	1	0	1	0	R
NMDC20585050	1	0	0	0	0	1	0	0	0	1	0	1	0	0	1	1	1	0	1	0	R
NMDC20585051	1	0	0	0	0	1	0	0	0	1	0	1	0	0	1	1	1	0	1	0	R
NMDC20585052	1	0	0	0	0	1	0	0	0	1	0	1	0	0	1	1	1	0	1	0	R
NMDC20557499	1	0	0	0	0	1	0	0	0	1	0	1	0	0	1	1	1	0	1	0	R
NMDC20553489	1	1	0	0	0	0	1	0	0	1	0	1	0	0	1	1	0	0	1	0	R
NMDC20585054	1	0	0	0	1	0	1	0	0	0	0	0	0	0	1	0	0	0	1	0	R
NMDC20585055	1	0	0	0	0	1	0	0	0	1	0	1	0	0	1	1	0	0	1	0	R
NMDC20585056	0	0	0	0	0	0	0	0	0	1	0	1	0	0	1	1	0	0	1	0	R
NMDC20585057	1	0	0	0	0	1	0	0	0	1	0	1	0	0	0	0	1	0	0	0	R
NMDC20555488	0	0	0	0	0	0	0	0	0	0	1	1	0	1	1	0	0	0	1	0	R
NMDC20585060	1	0	0	0	0	1	0	0	0	1	0	1	0	0	1	1	1	0	1	0	R
NMDC20555489	1	0	0	0	0	1	0	0	0	1	0	1	0	0	0	1	1	0	1	0	R
NMDC20553490	1	0	0	0	0	1	0	0	0	1	0	1	0	0	1	1	1	0	1	0	R
NMDC20585062	0	0	0	0	0	0	0	0	0	1	0	1	0	0	1	1	0	0	1	0	R
NMDC20557507	0	0	0	0	0	0	0	0	0	1	1	1	0	0	1	1	0	0	1	0	R
NMDC20557502	1	0	0	0	0	1	0	0	0	1	0	1	0	0	1	1	0	0	1	0	R
NMDC20553492	0	1	0	0	0	1	0	0	0	1	0	1	0	0	0	1	0	0	1	0	R
NMDC20557505	1	0	0	0	0	0	1	0	0	1	0	1	0	0	1	1	0	0	1	0	R
NMDC20555490	1	0	0	0	0	1	0	0	0	1	0	1	0	0	1	1	1	0	1	0	R
NMDC20551447	1	0	0	0	0	1	0	0	0	1	0	1	0	0	1	1	1	0	1	0	R
NMDC20553495	1	1	0	1	0	1	0	0	0	1	0	0	0	0	1	1	0	0	1	0	R
NMDC20551448	0	1	1	0	0	0	0	0	0	1	0	1	0	0	1	1	0	0	1	0	R
NMDC20551449	0	0	0	0	0	0	0	0	0	0	1	1	0	1	1	0	0	0	1	0	R
NMDC20585071	1	0	0	0	0	1	0	0	0	1	0	1	0	0	1	1	1	0	1	0	R
NMDC20585072	1	0	0	0	0	1	0	0	0	1	0	1	0	0	1	1	1	0	1	0	R
NMDC20585074	1	0	0	0	0	1	0	0	0	1	0	1	0	0	1	1	1	0	1	0	R
NMDC20553497	1	0	0	0	1	1	0	0	0	1	0	1	0	0	1	0	0	0	1	0	R
NMDC20585075	1	0	0	0	0	1	0	0	0	1	0	1	0	0	1	1	1	0	1	0	R
NMDC20551450	1	0	0	0	0	1	0	0	0	1	0	1	0	0	1	1	1	0	1	0	R
NMDC20551451	1	0	0	0	0	1	0	0	0	1	0	1	0	0	1	1	1	0	1	0	R
NMDC20585078	0	1	0	0	0	1	0	0	0	1	0	1	0	0	0	1	0	0	1	0	R
NMDC20551452	1	0	0	0	0	1	0	0	0	1	0	1	0	0	1	1	1	0	1	0	R
NMDC20585084	1	0	0	0	0	1	0	0	0	1	0	1	0	0	0	1	1	0	1	0	R
NMDC20557519	1	1	0	0	0	1	0	0	0	1	0	1	0	0	1	1	0	0	1	0	R
NMDC20585096	0	0	1	0	0	0	0	0	0	1	0	1	0	0	1	1	0	0	1	0	R
NMDC20585097	1	0	0	1	0	0	1	0	0	1	0	0	0	0	1	1	0	0	1	0	R
NMDC20553503	1	0	0	1	0	1	0	0	0	0	1	1	0	0	1	0	1	0	1	0	R
NMDC20553506	1	0	0	0	1	0	0	0	0	1	0	1	0	0	1	0	0	0	1	0	R
NMDC20557527	1	0	0	1	0	1	0	0	0	0	1	1	0	0	1	0	1	0	1	0	R
NMDC20551460	1	0	0	0	0	1	0	0	0	1	0	1	0	0	1	1	1	0	1	0	R
NMDC20553509	1	0	0	0	0	1	0	0	0	1	0	1	0	0	1	1	1	0	1	0	R
NMDC20557526	0	0	0	0	0	1	0	0	0	1	0	1	0	0	1	1	0	0	1	0	R
NMDC20551461	1	1	0	0	0	0	0	0	0	1	0	1	0	0	1	1	0	0	1	0	R
NMDC20585101	1	0	0	0	0	1	0	0	0	1	0	1	0	0	1	1	1	0	1	0	R
NMDC20585102	1	0	0	0	0	1	0	0	0	1	0	1	0	0	1	1	1	0	1	0	R
NMDC20553511	1	0	0	0	0	1	0	0	0	1	0	1	0	0	1	1	1	0	1	0	R
NMDC20585103	1	0	0	1	0	1	0	0	0	0	1	1	0	0	1	0	1	0	1	0	R
NMDC20557530	1	0	0	0	0	0	1	0	0	1	0	1	0	0	1	0	0	0	1	0	R
NMDC20551464	0	1	0	0	0	1	0	0	0	1	0	1	0	0	1	1	0	0	1	0	R
NMDC20585108	1	1	1	0	1	0	0	0	0	1	0	1	0	0	1	0	0	0	1	0	R
NMDC20553515	1	0	0	1	0	1	0	0	0	0	1	1	0	0	1	0	0	0	0	0	R
NMDC20585109	0	0	0	1	1	0	0	0	0	0	0	1	0	0	1	0	0	0	0	0	R
NMDC20555501	0	0	0	0	0	0	0	0	0	1	0	1	0	0	0	0	0	0	1	0	R
NMDC20585110	0	0	0	0	0	0	0	0	0	1	0	1	0	0	1	1	0	0	1	0	R
NMDC20585114	1	0	0	1	0	1	1	0	0	1	0	0	0	0	1	1	0	0	1	0	R
NMDC20585116	1	1	0	1	0	1	0	0	0	1	0	0	0	0	1	1	0	0	1	0	R
NMDC20551469	1	0	0	0	0	0	0	0	1	1	0	1	0	0	1	1	0	0	1	1	R
NMDC20551470	1	0	0	0	0	1	0	0	0	1	0	1	0	0	1	1	1	0	1	0	R
NMDC20555502	1	0	0	0	0	1	0	0	0	1	0	1	0	0	1	1	1	0	1	0	R
NMDC20585121	1	0	0	0	0	1	0	0	0	1	0	1	0	0	1	1	1	0	1	0	R
NMDC20555503	1	0	0	0	0	1	0	0	0	1	0	1	0	0	1	1	1	0	1	0	R
NMDC20555504	1	1	1	0	0	0	0	0	0	1	0	1	0	0	1	1	0	0	1	0	R
NMDC20585125	0	0	0	0	0	1	0	0	0	1	0	1	0	0	1	1	0	0	1	0	R
NMDC20553518	1	1	1	0	1	0	0	0	0	1	0	1	0	0	1	0	0	0	1	0	R
NMDC20585126	1	1	1	1	0	0	0	0	0	1	0	0	0	0	1	1	0	1	1	0	R
NMDC20551471	1	0	0	0	0	1	0	0	0	1	0	1	0	0	1	1	1	0	1	0	R
NMDC20553519	1	0	0	0	0	1	0	0	0	1	0	1	0	0	1	1	1	0	1	0	R
NMDC20585128	1	1	1	0	1	0	0	0	0	1	0	1	0	0	1	0	0	0	1	0	R
NMDC20551472	1	0	0	0	0	1	0	0	0	1	0	1	0	0	1	1	0	0	1	0	R
NMDC20553520	1	1	1	0	0	0	0	0	0	1	0	1	0	0	1	1	0	0	1	0	R
NMDC20557539	1	0	0	0	0	1	0	0	0	1	0	1	0	0	1	1	1	0	1	0	R
NMDC20585129	1	0	0	0	0	1	0	0	0	1	0	1	0	0	1	1	1	0	1	0	R
NMDC20555508	1	1	1	0	1	0	0	0	0	1	0	1	0	0	1	0	0	0	1	0	R
NMDC20553521	1	1	1	0	1	0	0	0	0	1	0	1	0	0	1	0	0	0	1	0	R
NMDC20555509	0	1	0	0	0	0	0	0	1	1	0	1	0	0	0	0	0	0	1	1	R
NMDC20585132	0	0	0	0	0	1	0	0	0	1	0	1	0	0	1	1	0	0	1	0	R
NMDC20551475	1	1	1	0	1	0	0	0	0	1	0	1	0	0	1	0	0	0	1	0	R
NMDC20557544	1	0	0	0	0	0	0	0	0	1	0	1	0	0	1	1	0	0	1	0	R
NMDC20557545	0	1	0	0	0	1	0	0	0	1	0	1	0	0	0	1	0	0	1	0	R
NMDC20555513	1	0	0	0	0	0	0	0	0	1	0	1	0	0	1	1	0	0	1	0	R
NMDC20553526	1	0	0	0	0	0	0	0	0	1	0	1	0	0	1	1	0	0	1	0	R
NMDC20585135	1	0	0	0	0	1	0	0	0	1	0	1	0	0	1	0	1	0	1	0	R
NMDC20555514	1	1	1	0	0	0	0	0	0	1	0	1	0	0	1	1	0	0	1	0	R
NMDC20585136	1	0	0	0	0	1	0	0	0	1	0	1	0	0	1	1	1	0	1	0	R
NMDC20555516	1	0	0	0	0	0	1	0	0	1	0	1	0	0	1	1	0	0	1	0	R
NMDC20585138	1	0	0	0	0	1	0	0	0	1	0	1	0	0	1	1	1	0	1	0	R
NMDC20557548	1	0	0	0	0	0	1	0	0	1	0	1	0	0	1	1	0	0	1	0	R
NMDC20557549	1	0	0	0	0	1	0	0	0	1	0	1	0	0	1	1	1	0	1	0	R
NMDC20551477	0	1	0	0	0	0	0	0	0	0	1	1	0	0	1	0	0	1	1	0	R
NMDC20585144	0	1	0	0	0	0	0	0	1	0	1	1	0	1	1	0	0	0	1	1	R
NMDC20553527	0	0	0	0	0	0	0	0	0	1	0	1	0	0	1	1	0	0	1	0	R
NMDC20585145	0	1	0	0	0	0	0	0	1	1	0	1	0	0	0	0	0	0	1	1	R
NMDC20551478	1	1	1	0	0	0	0	0	0	1	0	1	0	0	1	1	0	0	1	0	R
NMDC20553528	1	0	0	0	1	1	0	0	0	1	0	1	0	0	1	0	0	0	1	0	R
NMDC20557550	1	1	1	0	1	0	0	0	0	1	0	1	0	0	1	0	0	0	1	0	R
NMDC20557553	1	1	1	0	1	0	0	0	0	1	0	1	0	0	1	0	0	0	1	0	R
NMDC20557554	0	1	0	0	0	0	0	0	1	0	1	1	0	1	1	0	0	0	1	1	R
NMDC20585155	1	0	0	0	0	1	0	0	0	1	0	1	0	0	1	1	1	0	1	0	R
NMDC20551482	1	1	1	0	1	0	0	0	0	1	0	1	0	0	1	0	0	0	1	0	R
NMDC20553531	1	1	1	0	1	0	0	0	0	1	0	1	0	0	1	0	0	0	1	0	R
NMDC20553533	1	0	0	1	0	1	0	0	0	0	1	1	0	0	1	0	1	0	1	0	R
NMDC20585156	1	0	0	1	0	1	0	0	0	0	1	1	0	0	1	0	1	0	1	0	R
NMDC20557565	0	1	0	0	0	0	0	0	1	1	0	1	0	0	0	0	0	0	1	1	R
NMDC20585158	1	0	0	0	0	1	0	0	0	1	0	1	0	0	1	1	1	0	1	0	R
NMDC20555522	1	0	0	0	0	1	0	0	0	1	0	1	0	0	1	1	1	0	1	0	R
NMDC20557556	1	1	1	0	1	0	0	0	0	1	0	1	0	0	1	0	0	0	1	0	R
NMDC20585164	1	1	0	0	0	1	1	0	0	1	0	1	0	0	0	1	0	0	1	0	R
NMDC20557558	1	0	0	0	0	1	0	0	0	1	0	1	0	0	1	1	1	0	1	0	R
NMDC20555525	1	0	0	0	0	1	0	0	0	1	0	1	0	0	1	0	1	0	1	0	R
NMDC20585165	1	0	0	0	0	1	0	0	0	1	0	1	0	0	1	1	1	0	1	0	R
NMDC20551491	0	1	0	0	0	0	0	0	1	0	1	1	0	1	1	0	0	0	1	1	R
NMDC20585167	0	0	0	0	1	1	0	0	0	1	0	1	0	0	1	0	0	0	1	0	R
NMDC20585168	0	0	0	0	0	0	0	0	0	1	0	1	0	0	0	0	0	0	1	0	R
NMDC20553536	1	0	0	0	0	0	1	0	0	1	0	1	0	0	1	0	0	0	1	0	R
NMDC20585170	1	0	0	0	0	0	1	0	0	1	0	1	0	0	1	1	0	0	1	0	R
NMDC20555526	1	1	1	0	1	0	0	0	0	1	0	1	0	0	1	0	0	0	1	0	R
NMDC20555527	1	0	0	0	0	0	1	0	0	1	0	1	0	0	1	1	0	0	1	0	R
NMDC20555528	1	0	0	0	0	0	1	0	0	1	0	1	0	0	1	1	0	0	1	0	R
NMDC20551494	1	0	0	0	0	0	1	0	0	1	0	1	0	0	1	1	0	0	1	0	R
NMDC20557561	1	0	0	0	0	1	0	0	0	1	0	1	0	0	1	1	1	0	1	0	R
NMDC20585175	1	1	0	1	0	1	0	0	0	1	0	0	0	0	1	1	0	0	1	0	R
NMDC20585176	0	0	0	1	0	0	0	0	0	0	1	1	0	0	1	0	0	0	1	0	R
NMDC20585178	1	0	0	0	0	1	0	0	0	1	0	1	0	0	1	1	1	0	1	0	R
NMDC20555533	0	1	0	0	0	0	0	0	1	0	1	1	0	1	1	0	0	0	1	1	R
NMDC20585186	1	0	0	1	0	1	0	0	0	0	1	1	0	0	1	0	1	0	1	0	R
NMDC20585187	1	0	0	1	0	1	0	0	0	0	1	1	0	0	1	0	1	0	1	0	R
NMDC20585189	1	0	0	1	0	0	1	0	0	1	1	1	0	0	1	0	0	0	1	0	R
NMDC20555536	1	0	0	0	0	0	1	0	0	1	0	1	0	0	1	1	0	0	1	0	R
NMDC20585191	1	0	0	0	0	1	0	0	0	1	0	1	0	0	1	1	1	0	1	0	R
NMDC20551500	1	0	0	0	0	0	1	0	0	1	0	1	0	0	1	1	0	0	1	0	R
NMDC20585195	1	0	0	0	0	1	0	0	0	1	0	1	0	0	1	1	1	0	1	0	R
NMDC20585196	1	0	0	0	0	1	0	0	0	1	0	1	0	0	1	1	1	0	1	0	R
NMDC20585197	1	0	0	0	0	0	1	0	0	1	0	1	0	0	1	1	0	0	1	0	R
NMDC20557564	1	0	0	0	0	1	0	0	0	1	0	1	0	0	1	0	1	0	1	0	R
NMDC20585200	1	0	0	0	0	1	0	0	0	1	0	1	0	0	0	1	1	0	1	0	R
NMDC20551506	0	1	0	0	0	0	0	0	1	1	0	1	0	0	0	0	0	0	1	1	R
NMDC20585207	1	1	1	0	1	0	0	0	0	1	0	1	0	0	1	0	0	0	1	0	R
NMDC20551503	1	0	0	0	0	1	0	0	0	1	0	1	0	0	1	1	1	0	1	0	R
NMDC20555541	1	1	0	0	0	1	0	0	0	1	0	1	0	0	1	1	0	0	1	0	R
NMDC20585208	1	0	0	0	0	1	0	0	0	1	0	1	0	0	1	1	0	0	1	0	R
NMDC20553546	0	1	1	0	0	0	0	0	0	1	0	1	0	0	1	1	0	0	1	0	R
NMDC20585209	1	0	0	1	0	0	1	0	0	1	1	1	0	0	1	0	0	0	1	0	R
NMDC20551505	1	0	0	0	0	0	1	0	0	1	0	1	0	0	1	1	0	0	1	0	R
NMDC20585210	1	0	0	0	0	0	1	0	0	1	0	1	0	0	1	1	0	0	1	0	R
NMDC20557571	1	0	0	0	0	1	0	0	0	1	0	1	0	0	1	1	1	0	1	0	R
NMDC20551507	0	0	0	0	0	0	1	0	0	1	0	1	1	0	1	1	0	0	1	0	R
NMDC20557569	1	0	0	0	0	1	0	0	0	1	0	1	0	0	1	1	1	0	1	0	R
NMDC20557570	1	1	1	0	0	0	0	0	0	1	0	1	0	0	1	1	0	0	1	0	R
NMDC20585214	1	0	0	0	0	1	0	0	0	1	0	1	0	0	0	1	1	0	1	0	R
NMDC20585215	1	0	0	0	0	1	0	0	0	1	0	1	0	0	0	1	1	0	1	0	R
NMDC20585216	1	0	0	0	0	0	1	0	0	1	0	0	0	0	1	1	0	0	0	0	R
NMDC20553551	1	1	1	0	1	0	0	0	0	1	0	1	0	0	1	0	0	0	1	0	R
NMDC20553548	1	0	0	0	0	0	1	0	0	1	0	0	0	0	1	1	0	0	0	0	R
NMDC20555542	1	1	1	0	1	0	0	0	0	1	0	1	0	0	1	0	0	0	1	0	R
NMDC20557572	1	0	0	0	0	1	0	0	0	1	0	1	0	0	1	0	1	0	1	0	R
NMDC20557573	1	1	0	1	0	0	1	0	0	1	0	0	0	0	1	1	0	0	1	0	R
NMDC20553550	1	1	1	0	0	0	0	0	0	1	0	1	0	0	1	1	0	0	1	0	R
NMDC20553552	1	0	0	0	0	1	0	0	0	1	0	1	0	0	1	1	1	0	1	0	R
NMDC20585219	1	0	0	0	0	1	0	0	0	1	0	1	0	0	1	0	1	0	1	0	R
NMDC20555544	1	0	0	0	0	1	0	0	0	1	0	1	0	0	1	0	1	0	1	0	R
NMDC20555545	1	1	1	0	0	0	0	0	0	1	0	1	0	0	1	1	0	0	1	0	R
NMDC20551514	1	1	0	0	0	1	0	0	0	1	0	1	0	0	1	1	0	0	1	0	R
NMDC20553553	1	0	0	0	0	1	0	0	0	1	0	1	0	0	1	1	1	0	1	0	R
NMDC20553554	1	1	1	0	0	0	0	0	0	1	0	1	0	0	1	1	0	0	1	0	R
NMDC20585223	1	0	0	0	0	0	1	0	0	1	0	1	0	0	1	1	0	0	1	0	R
NMDC20557575	1	1	0	0	0	0	0	0	0	1	0	1	0	0	1	1	0	0	1	0	R
NMDC20585225	1	0	0	0	0	1	0	0	0	1	0	1	0	0	1	1	1	0	1	0	R
NMDC20555551	0	1	1	0	0	0	0	0	0	1	0	1	0	0	1	1	0	0	1	0	R
NMDC20557576	1	1	1	0	0	0	0	0	0	1	0	1	0	0	1	1	0	0	1	0	R
NMDC20555549	0	0	0	0	0	1	0	0	0	1	0	1	0	0	1	0	0	0	1	0	R
NMDC20555550	1	1	0	0	0	0	0	0	0	1	0	0	0	0	1	1	0	1	0	0	R
NMDC20555552	1	0	0	0	0	1	0	0	0	1	0	1	0	0	1	1	1	0	1	0	R
NMDC20551515	1	0	0	0	0	1	0	0	0	1	0	1	0	0	1	1	0	0	1	0	R
NMDC20557580	1	0	0	0	0	1	0	0	0	1	0	1	0	0	1	1	1	0	1	0	R
NMDC20557581	1	0	0	0	0	1	0	0	0	1	0	1	0	0	1	1	1	0	1	0	R
NMDC20557585	0	0	0	0	0	0	0	0	0	1	0	1	0	0	1	1	0	0	1	0	R
NMDC20555557	1	0	0	0	0	1	0	0	0	1	0	1	0	0	1	1	0	0	1	0	R
NMDC20557587	0	0	0	0	0	0	0	0	0	1	0	1	0	0	1	1	0	0	1	0	R
NMDC20553559	0	0	0	0	0	0	0	0	0	1	0	1	0	0	1	1	0	0	1	0	R
NMDC20551517	1	0	0	0	0	1	0	0	0	1	0	1	0	0	1	1	0	0	1	0	R
NMDC20557589	1	0	0	0	0	1	0	0	0	1	0	1	0	0	1	1	0	0	1	0	R
NMDC20553561	1	0	0	0	0	1	0	0	0	1	0	1	0	0	1	1	1	0	1	0	R
NMDC20555560	0	0	0	0	0	0	0	0	0	1	1	1	0	0	1	1	0	0	1	0	R
NMDC20585234	0	0	0	0	0	0	0	0	0	1	1	1	0	0	1	1	0	0	1	0	R
NMDC20551518	0	0	0	0	0	0	0	0	0	1	0	1	0	0	1	1	0	0	1	0	R
NMDC20585235	0	0	0	0	0	0	0	0	1	1	1	1	0	0	1	1	0	0	1	1	R
NMDC20557595	0	0	0	0	0	0	0	0	0	1	1	1	0	0	1	1	0	0	1	0	R
NMDC20585237	0	0	0	0	0	0	0	0	0	1	0	1	0	0	1	1	0	0	1	0	R
NMDC20555563	1	0	0	0	0	1	0	0	0	1	0	1	0	0	1	1	1	0	1	0	R
NMDC20557596	0	0	0	0	0	0	0	0	0	1	0	1	0	0	1	1	0	0	1	0	R
NMDC20585242	0	0	0	0	0	0	0	0	0	1	0	1	0	0	1	1	0	0	1	0	R
NMDC20585244	1	0	0	0	0	1	0	0	0	1	0	1	0	0	1	1	1	0	1	0	R
NMDC20551519	1	0	0	0	0	0	1	0	0	1	0	1	0	0	1	1	0	0	1	0	R
NMDC20555564	1	0	0	0	0	1	0	0	0	1	0	1	0	0	1	1	0	0	1	0	R
NMDC20551522	1	0	0	1	0	0	1	0	0	1	0	1	0	0	1	0	0	0	1	0	R
NMDC20585245	0	1	0	0	0	1	0	0	0	1	0	1	0	0	1	1	0	0	1	0	R
NMDC20557599	1	0	0	0	0	0	1	0	0	1	0	1	0	0	1	1	0	0	1	0	R
NMDC20555566	1	0	0	0	0	1	0	0	0	1	0	1	0	0	1	1	0	0	1	0	R
NMDC20553565	1	0	0	0	0	1	0	0	0	1	0	1	0	0	1	1	0	0	1	0	R
NMDC20551523	1	0	0	0	0	0	1	0	0	1	0	1	0	0	1	1	0	0	1	0	R
NMDC20551526	1	0	0	0	0	1	0	0	0	1	0	1	0	0	1	1	0	0	1	0	R
NMDC20585249	1	0	0	0	0	1	0	0	0	1	0	1	0	0	1	1	1	0	1	0	R
NMDC20553569	1	1	0	1	0	1	0	0	0	1	0	0	0	0	1	1	0	0	1	0	R
NMDC20553570	1	1	0	1	0	1	0	0	0	1	0	0	0	0	1	1	0	0	1	0	R
NMDC20585253	1	1	1	0	1	0	0	0	0	1	0	1	0	0	1	0	0	0	1	0	R
NMDC20585255	1	0	0	0	0	0	0	0	0	1	1	1	0	0	1	0	0	0	1	0	R
NMDC20585256	1	1	1	0	1	0	0	0	0	1	0	1	0	0	1	0	0	0	1	0	R
NMDC20585257	0	1	1	0	1	0	0	0	0	1	0	1	0	0	1	0	0	0	1	0	R
NMDC20553571	0	1	0	0	0	1	0	0	0	1	0	1	0	0	0	1	0	0	1	0	R
NMDC20585261	0	0	0	0	0	1	0	0	0	1	1	1	0	0	1	0	0	0	1	0	R
NMDC20585262	0	0	0	0	0	1	0	0	0	1	1	1	0	0	1	0	0	0	1	0	R
NMDC20553573	0	1	1	0	0	0	0	0	0	0	0	0	0	0	1	0	0	0	1	0	R
NMDC20585284	0	0	0	1	0	0	0	0	0	0	1	1	0	0	1	0	0	0	0	0	R
NMDC20585285	0	1	0	0	0	1	0	0	0	1	0	1	0	0	0	1	0	0	1	0	R
NMDC20585287	1	0	0	0	0	1	0	0	0	1	0	1	0	0	1	1	0	0	1	0	R
NMDC20585291	1	1	0	1	0	0	0	0	0	0	1	1	0	0	1	0	0	1	0	0	R
NMDC20585292	0	1	0	1	0	0	0	0	0	0	1	1	0	0	1	0	0	1	0	0	R
NMDC20585300	1	0	0	1	0	1	0	0	0	0	1	1	0	0	1	0	0	0	0	0	R
NMDC20585301	1	0	0	1	0	1	0	0	0	0	1	1	0	0	1	0	0	0	0	0	R
NMDC20585306	1	0	0	0	0	1	0	0	0	1	0	1	0	0	1	0	1	0	1	0	R
NMDC20555571	1	0	0	0	0	1	0	0	0	1	0	1	0	0	1	0	1	0	1	0	R
NMDC20553578	1	1	0	0	0	0	0	0	1	1	0	1	0	0	1	0	0	0	1	1	R
NMDC20551535	0	1	0	0	0	0	0	0	1	1	0	1	0	0	1	0	0	0	1	1	R
NMDC20585309	1	1	1	1	0	0	0	0	0	0	0	1	0	0	1	0	0	0	1	0	R
NMDC20555573	1	0	0	0	0	1	0	0	0	1	0	1	0	0	1	1	0	0	1	0	R
NMDC20553580	1	0	0	0	0	0	0	0	0	1	0	1	0	0	1	1	0	0	1	0	R
NMDC20585718	1	1	1	0	1	0	0	0	0	1	0	1	0	0	1	0	0	0	1	0	R
NMDC20557703	0	0	0	0	0	0	0	0	0	0	1	1	0	1	1	0	0	0	1	0	R
NMDC20555676	1	0	0	0	0	1	0	0	0	1	0	1	0	0	1	1	1	0	1	0	R
NMDC20557704	1	1	1	0	1	0	0	0	0	1	0	1	0	0	1	0	0	0	1	0	R
NMDC20553672	0	1	0	0	0	1	0	0	0	1	0	1	0	0	0	1	0	0	1	0	R
NMDC20585727	0	1	0	0	0	0	0	0	1	0	1	1	0	1	1	0	0	0	1	1	R
NMDC20585728	1	1	1	0	1	0	0	0	0	1	0	1	0	0	1	0	0	0	1	0	R
NMDC20585730	0	1	0	0	0	0	0	0	1	0	1	1	0	1	1	0	0	0	1	1	R
NMDC20555678	0	1	0	0	0	0	0	0	1	0	1	1	0	1	1	0	0	0	1	1	R
NMDC20553678	1	0	0	0	0	1	0	0	0	1	0	1	0	0	1	0	1	0	1	0	R
NMDC20551643	0	0	0	0	0	1	0	0	0	1	0	1	0	0	1	1	0	0	1	0	R
NMDC20585737	1	1	1	0	1	0	0	0	0	1	0	1	0	0	1	0	0	0	1	0	R
NMDC20585741	0	0	0	0	0	0	0	0	0	0	1	1	0	1	1	0	0	0	1	0	R
NMDC20557708	1	1	1	0	1	0	0	0	0	1	0	1	0	0	1	0	0	0	1	0	R
NMDC20585744	0	1	0	0	0	0	0	0	1	0	1	1	0	1	1	0	0	0	1	1	R
NMDC20551648	0	0	0	0	0	0	0	0	0	1	0	1	0	0	1	1	0	0	1	0	R
NMDC20585753	0	1	0	0	0	0	0	0	1	1	0	1	0	0	0	0	0	0	1	1	R
NMDC20557711	1	0	0	0	0	0	1	0	0	1	0	1	0	0	1	1	0	0	1	0	R
NMDC20555689	1	0	0	0	0	1	0	0	0	1	0	1	0	0	1	1	1	0	1	0	R
NMDC20551654	0	1	0	0	0	0	0	0	1	0	1	1	0	1	1	0	0	0	1	1	R
NMDC20553684	1	1	1	0	0	0	0	0	0	1	0	1	0	0	1	1	0	0	1	0	R
NMDC20557717	0	1	0	0	0	0	0	0	1	0	1	1	0	1	1	0	0	0	1	1	R
NMDC20555696	1	0	0	0	0	1	0	0	0	1	0	1	0	0	1	1	1	0	1	0	R
NMDC20555697	0	1	0	0	0	0	0	0	1	0	1	1	0	1	1	0	0	0	1	1	R
NMDC20551661	0	1	0	0	0	1	0	0	0	1	0	1	0	0	1	1	0	0	1	0	R
NMDC20551662	1	0	0	0	0	0	1	0	0	1	0	1	0	0	1	1	0	0	1	0	R
NMDC20585775	0	1	0	0	0	0	0	0	0	0	1	1	0	1	1	0	0	0	1	1	R
NMDC20585776	0	1	0	0	0	0	0	0	1	0	1	1	0	1	1	0	0	0	1	1	R
NMDC20553690	1	1	0	1	0	1	0	0	0	1	0	0	0	0	1	1	0	0	1	0	R
NMDC20585786	0	0	0	0	0	0	0	0	0	1	0	1	0	0	1	1	0	0	1	0	R
NMDC20585791	0	0	0	0	0	0	0	0	0	0	1	1	0	1	1	0	0	0	1	0	R
NMDC20557730	1	0	0	0	0	1	0	0	0	1	0	1	0	0	1	1	1	0	1	0	R
NMDC20555711	0	1	0	0	0	0	0	0	1	0	1	1	0	1	1	0	0	0	1	1	R
NMDC20585798	0	0	0	0	0	0	0	0	0	1	0	1	0	0	1	1	0	0	1	0	R
NMDC20585803	1	0	0	0	1	1	0	0	0	1	0	1	0	0	1	0	0	0	1	0	R
NMDC20585804	1	0	0	0	0	1	0	0	0	1	0	1	0	0	1	0	1	0	1	0	R
NMDC20585811	0	1	0	0	0	0	0	0	1	1	0	1	0	0	0	0	0	0	1	1	R
NMDC20585813	1	0	0	0	0	1	0	0	0	1	0	1	0	0	1	1	0	0	1	0	R
NMDC20585814	0	0	0	0	0	0	1	0	0	1	0	1	1	0	1	1	0	0	1	0	R
NMDC20551677	1	0	0	0	0	1	0	0	0	1	0	1	0	0	1	1	0	0	1	0	R
NMDC20553705	1	0	0	0	0	0	1	0	0	1	0	1	0	0	1	1	0	0	1	0	R
NMDC20585827	1	0	0	0	0	1	0	0	0	1	0	1	0	0	1	1	1	0	1	0	R
NMDC20557737	0	0	0	1	0	0	0	0	0	1	0	0	0	0	1	1	0	0	1	0	R
NMDC20551684	1	0	0	0	0	1	0	0	0	1	0	1	0	0	1	1	0	0	1	0	R
NMDC20551685	1	0	0	0	0	1	0	0	0	1	0	1	0	0	1	1	1	0	1	0	R
NMDC20585835	0	0	0	1	0	0	0	0	0	0	0	0	0	0	1	0	0	0	1	0	R
NMDC20585836	0	0	0	0	0	0	0	0	0	1	0	1	0	0	1	1	0	0	1	0	R
NMDC20585838	0	0	0	1	0	0	0	0	0	1	0	1	0	0	1	0	0	0	1	0	R
NMDC20585841	0	0	0	0	0	0	0	0	0	0	1	1	0	1	1	0	0	0	1	0	R
NMDC20585842	0	0	0	0	0	0	0	0	0	1	0	1	0	0	1	1	0	0	1	0	R
NMDC20585844	0	0	0	0	0	0	0	0	0	0	1	1	0	1	1	0	0	0	1	0	R
NMDC20585846	0	0	0	0	0	0	0	0	0	0	1	1	0	1	1	0	0	0	1	0	R
NMDC20585847	1	0	0	0	0	0	0	0	0	1	0	1	0	0	1	1	0	0	1	0	R
NMDC20585849	0	0	0	0	0	0	0	0	0	1	0	1	0	0	1	1	0	0	1	0	R
NMDC20585850	0	0	0	0	0	0	0	0	0	1	0	1	0	0	0	0	0	0	1	0	R
NMDC20585851	0	0	0	0	0	0	0	0	0	0	1	1	0	1	1	0	0	0	1	0	R
NMDC20585852	1	0	0	0	0	1	0	0	0	1	0	1	0	0	1	1	1	0	1	0	R
NMDC20585859	0	0	0	0	0	0	0	0	0	0	1	1	0	1	1	0	0	0	1	0	R
NMDC20585861	0	0	0	0	0	0	0	0	0	0	1	1	0	1	1	0	0	0	1	0	R
NMDC20585864	0	0	0	0	0	0	0	0	0	0	1	1	0	1	1	0	0	0	1	0	R
NMDC20585865	1	0	0	1	0	1	0	0	0	0	1	1	0	0	1	0	0	0	0	0	R
NMDC20585866	1	1	0	1	0	0	0	0	0	0	1	1	0	0	1	0	0	1	0	0	R
NMDC20585867	0	0	0	0	0	0	0	0	0	1	0	1	0	0	1	1	0	0	1	0	R
NMDC20585868	0	0	0	0	0	0	0	0	0	1	0	1	0	0	1	1	0	0	1	0	R
NMDC20585870	0	0	0	0	0	0	0	0	0	0	1	1	0	1	1	0	0	0	1	0	R
NMDC20585871	0	0	0	0	0	0	0	0	0	0	1	1	0	1	1	0	0	0	1	0	R
NMDC20585881	1	1	0	0	0	0	0	0	0	1	0	0	0	0	1	1	0	1	0	0	R
NMDC20557740	0	1	1	0	1	0	0	0	0	1	0	1	0	0	1	0	0	0	1	0	R
NMDC20553713	1	0	0	0	0	1	0	0	0	1	0	1	0	0	1	1	0	0	1	0	R
NMDC20585889	0	0	0	0	0	1	0	0	0	1	0	1	0	0	1	1	0	0	1	0	R
NMDC20585890	1	0	0	0	0	1	0	0	0	1	0	1	0	0	1	1	1	0	1	0	R
NMDC20557741	0	0	0	0	0	1	0	0	0	1	1	1	0	0	1	0	0	0	1	0	R
NMDC20553749	1	0	0	0	0	1	0	0	0	1	1	1	0	0	1	0	0	0	1	0	R
NMDC20585980	1	0	0	0	0	1	0	0	0	1	0	1	0	0	0	1	1	0	1	0	R
NMDC20557778	0	1	1	1	0	0	0	0	0	1	0	0	0	0	1	1	0	0	1	0	R
NMDC20551732	1	0	0	0	0	1	0	0	0	1	0	1	0	0	1	1	1	0	1	0	R
NMDC20551733	1	0	0	0	0	0	1	0	0	1	0	1	0	0	1	1	0	0	1	0	R
NMDC20585986	1	1	0	0	0	0	0	0	0	1	0	0	0	0	1	1	0	1	0	0	R
NMDC20551739	0	1	0	0	0	0	0	0	1	1	0	1	0	0	1	1	0	0	1	1	R
NMDC20555759	1	0	0	1	0	1	0	0	0	0	1	1	0	0	1	0	1	0	1	0	R
NMDC20557783	1	1	0	0	0	0	0	0	1	1	0	1	0	0	1	0	0	0	1	1	R
NMDC20557787	0	0	0	0	0	0	0	0	0	1	0	1	0	0	1	1	0	0	1	0	R
NMDC20551753	0	1	0	0	0	1	0	0	0	1	0	1	0	0	0	1	0	0	1	0	R
NMDC20553767	1	0	0	1	0	1	0	0	0	0	1	1	0	0	1	0	0	0	0	0	R
NMDC20551755	0	1	0	0	0	1	0	0	0	1	0	1	0	0	0	1	0	0	1	0	R
NMDC20586028	1	1	0	1	0	1	0	0	0	1	0	0	0	0	1	1	0	0	1	0	R
NMDC20551756	0	0	0	0	0	0	0	0	0	0	1	1	0	1	1	0	0	0	1	0	R
NMDC20586040	0	1	1	0	1	0	0	0	0	1	0	1	0	0	0	0	0	0	1	0	R
NMDC20586047	0	0	0	1	0	0	0	0	0	0	1	1	0	0	1	0	0	0	0	0	R
NMDC20586048	1	0	0	0	0	1	0	0	0	1	0	1	0	0	1	1	0	0	1	0	R
NMDC20586056	1	1	1	0	1	0	0	0	0	1	0	1	0	0	1	0	0	0	1	0	R
NMDC20586059	1	0	0	0	0	1	0	0	0	1	0	1	0	0	1	1	0	0	1	0	R
NMDC20586060	0	1	1	0	0	0	0	0	0	0	0	1	0	0	1	1	0	0	1	0	R
NMDC20586061	0	1	1	0	0	0	0	0	0	0	0	1	0	0	1	1	0	0	1	0	R
NMDC20586062	0	1	1	0	0	0	0	0	0	0	0	1	0	0	1	1	0	0	1	0	R
NMDC20586073	0	1	0	1	0	0	0	0	0	0	1	1	0	0	1	0	0	1	0	0	R
NMDC20586075	1	0	0	0	0	1	0	0	0	1	0	1	0	0	1	1	0	0	1	0	R
NMDC20586082	1	0	0	0	0	1	0	0	0	1	0	1	0	0	1	1	0	0	1	0	R
NMDC20586101	0	1	0	0	0	0	0	0	0	1	0	0	0	0	1	1	0	1	0	0	R
NMDC20555775	1	0	0	0	0	1	0	0	0	1	0	1	0	0	1	1	0	0	1	0	R
NMDC20557796	0	1	0	0	0	0	0	0	0	1	0	0	0	0	1	1	0	1	0	0	R
NMDC20553773	1	0	0	0	0	1	0	0	0	1	0	1	0	0	1	0	1	0	1	0	R
NMDC20551759	1	1	0	0	0	1	0	0	0	1	0	1	0	0	0	1	1	0	1	0	R
NMDC20555777	1	0	0	1	0	0	0	0	1	1	0	1	0	0	1	1	0	0	1	1	R
NMDC20555778	1	0	0	0	0	1	0	0	0	1	0	1	0	0	1	1	0	0	1	0	R
NMDC20557799	0	1	0	0	0	1	0	0	0	1	0	1	0	0	0	1	0	0	1	0	R
NMDC20586111	1	0	0	0	0	0	1	0	0	1	0	1	0	0	1	1	0	0	1	0	R
NMDC20557803	0	1	1	0	1	0	0	0	0	1	0	1	0	0	1	0	0	0	1	0	R
NMDC20553775	1	0	0	1	0	1	0	0	0	0	1	1	0	0	1	0	0	0	0	0	R
NMDC20555784	0	1	0	0	0	1	0	0	0	1	0	1	0	0	0	1	0	0	1	0	R
NMDC20553777	0	1	1	0	0	0	0	0	0	1	0	1	0	0	1	1	0	0	1	0	R
NMDC20551762	1	0	0	0	0	1	0	0	0	1	0	1	0	0	1	1	0	0	1	0	R
NMDC20557805	1	0	0	0	0	1	0	0	0	1	0	1	0	0	1	1	0	0	1	0	R
NMDC20586117	1	0	0	0	0	1	0	0	0	1	0	1	0	0	1	1	0	0	1	0	R
NMDC20555787	0	0	0	0	0	1	0	0	0	1	0	1	0	0	1	1	0	0	1	0	R
NMDC20555789	1	1	1	0	1	0	0	0	0	1	0	1	0	0	1	0	0	0	1	0	R
NMDC20551766	1	0	0	0	0	1	0	0	0	1	0	1	0	0	1	1	0	0	1	0	R
NMDC20586122	0	0	0	0	0	1	0	0	0	1	0	1	0	0	1	1	0	0	1	0	R
NMDC20586124	0	1	0	0	0	0	0	0	1	0	1	1	0	1	1	0	0	0	1	1	R
NMDC20586126	0	0	0	0	0	1	0	0	0	1	0	1	0	0	0	1	0	0	1	0	R
NMDC20555791	0	0	0	0	0	1	0	0	0	1	0	1	0	0	1	1	0	0	1	0	R
NMDC20557808	1	1	0	1	0	1	0	0	0	1	0	0	0	0	1	1	0	0	1	0	R
NMDC20555792	0	0	0	0	1	1	0	0	0	0	0	0	0	0	0	0	0	0	1	0	R
NMDC20551770	1	0	0	0	0	1	0	0	0	1	0	1	0	0	1	1	1	0	1	0	R
NMDC20586130	1	0	0	0	0	1	0	0	0	1	0	1	0	0	1	1	1	0	1	0	R
NMDC20551771	1	0	0	0	0	1	0	0	0	1	0	1	0	0	1	1	1	0	1	0	R
NMDC20551772	0	0	0	0	0	1	0	0	0	1	0	1	0	0	1	1	0	0	1	0	R
NMDC20555795	0	1	0	0	0	1	0	0	0	1	0	1	0	0	0	1	0	0	1	0	R
NMDC20586131	1	0	0	0	0	1	0	0	0	1	0	1	0	0	1	1	1	0	1	0	R
NMDC20555796	0	0	1	0	1	0	0	0	0	1	0	1	0	0	1	0	0	0	1	0	R
NMDC20586132	1	1	1	0	1	0	0	0	0	1	0	1	0	0	1	0	0	0	1	0	R
NMDC20555798	0	1	0	0	0	1	0	0	0	1	0	1	0	0	0	1	0	0	1	0	R
NMDC20557810	0	1	1	0	1	0	0	0	0	1	0	1	0	0	1	0	0	0	1	0	R
NMDC20551775	1	0	0	0	0	1	0	0	0	1	0	1	0	0	1	1	1	0	1	0	R
NMDC20586137	1	0	0	0	0	1	0	0	0	1	0	1	0	0	1	1	1	0	1	0	R
NMDC20586139	1	0	0	0	0	1	0	0	0	1	0	1	0	0	1	1	1	0	1	0	R
NMDC20551779	0	1	0	0	0	0	0	0	0	1	0	1	0	0	1	0	0	1	1	0	R
NMDC20586145	0	1	0	0	0	0	0	0	0	0	1	1	0	0	1	0	0	1	1	0	R
NMDC20586146	1	0	0	0	0	0	1	0	0	1	0	1	0	0	1	1	0	0	1	0	R
NMDC20586149	0	1	0	0	0	1	0	0	0	1	0	1	0	0	0	1	0	0	1	0	R
NMDC20555802	0	0	0	0	0	0	0	0	0	1	0	1	0	0	1	1	0	0	1	0	R
NMDC20551781	0	0	0	0	0	0	0	0	0	1	0	1	0	0	1	1	0	0	1	0	R
NMDC20586153	1	0	0	0	0	1	0	0	0	1	0	1	0	0	1	1	1	0	1	0	R
NMDC20586154	1	0	0	0	0	1	0	0	0	1	0	1	0	0	1	1	1	0	1	0	R
NMDC20586155	1	0	0	0	0	1	0	0	0	1	0	1	0	0	1	1	1	0	1	0	R
NMDC20557817	1	1	0	0	0	1	0	0	0	1	0	1	0	0	1	1	0	0	1	0	R
NMDC20553790	1	0	0	0	0	1	0	0	0	1	0	1	0	0	1	1	1	0	1	0	R
NMDC20553791	1	0	0	0	0	1	0	0	0	1	0	1	0	0	1	1	1	0	1	0	R
NMDC20553792	1	0	0	1	0	1	0	0	0	0	1	1	0	0	1	0	1	0	1	0	R
NMDC20586157	1	0	0	1	0	1	0	0	0	0	1	1	0	0	1	0	1	0	1	0	R
NMDC20586158	1	1	1	0	1	0	0	0	0	1	0	1	0	0	1	0	0	0	1	0	R
NMDC20586163	1	0	0	0	0	1	0	0	0	1	0	1	0	0	1	1	1	0	1	0	R
NMDC20555808	1	1	1	0	1	0	0	0	0	1	0	1	0	0	1	0	0	0	1	0	R
NMDC20557822	1	1	1	0	0	0	0	0	0	1	0	1	0	0	1	1	0	0	1	0	R
NMDC20586170	0	0	0	0	0	0	0	0	0	1	0	1	0	0	1	1	0	0	0	0	R
NMDC20557823	1	0	0	0	0	1	0	0	0	1	0	1	0	0	1	1	1	0	1	0	R
NMDC20586173	1	0	0	0	0	1	0	0	0	1	0	1	0	0	1	1	1	0	1	0	R
NMDC20555812	1	0	0	0	0	1	0	0	0	1	0	1	0	0	1	1	0	0	1	0	R
NMDC20553801	1	0	0	0	0	1	0	0	0	1	0	1	0	0	1	1	1	0	1	0	R
NMDC20553802	1	0	0	0	0	1	0	0	0	1	0	1	0	0	1	1	1	0	1	0	R
NMDC20551785	1	0	0	0	0	1	0	0	0	1	0	1	0	0	1	1	1	0	1	0	R
NMDC20553806	1	1	0	0	0	1	0	0	0	1	0	1	0	0	1	1	0	0	1	0	R
NMDC20586180	1	0	0	0	0	1	0	0	0	1	0	1	0	0	1	1	1	0	1	0	R
NMDC20586181	1	1	0	1	0	1	0	0	0	1	0	0	0	0	1	1	0	0	1	0	R
NMDC20553809	0	1	0	0	0	1	0	0	0	1	0	1	0	0	0	1	0	0	1	0	R
NMDC20557829	1	1	1	0	0	0	0	0	0	1	0	1	0	0	1	1	0	0	1	0	R
NMDC20586182	0	1	0	0	0	1	0	0	0	1	0	1	0	0	0	1	0	0	1	0	R
NMDC20586183	0	1	0	0	0	1	0	0	0	1	0	1	0	0	0	1	0	0	1	0	R
NMDC20553810	1	0	0	0	0	1	0	0	0	1	0	1	0	0	1	1	1	0	1	0	R
NMDC20586184	0	1	1	0	0	0	0	0	0	1	0	1	0	0	0	0	0	0	0	0	R
NMDC20553812	0	1	0	0	0	1	0	0	0	1	0	1	0	0	0	1	0	0	1	0	R
NMDC20555816	1	0	0	0	0	1	0	0	0	1	0	1	0	0	1	1	1	0	1	0	R
NMDC20586188	0	0	0	0	0	1	0	0	0	1	0	1	0	0	1	1	0	0	1	0	R
NMDC20586189	1	0	0	0	0	0	0	0	0	1	0	1	0	0	1	1	0	0	1	1	R
NMDC20551792	1	1	1	0	0	0	0	0	0	1	0	1	0	0	1	1	0	0	1	0	R
NMDC20551795	1	1	1	0	1	0	0	0	0	1	0	1	0	0	1	0	0	0	1	0	R
NMDC20551797	0	1	1	0	1	0	0	0	0	1	0	1	0	0	1	0	0	0	1	0	R
NMDC20555821	0	1	0	0	0	0	0	0	1	1	0	1	0	0	0	0	0	0	1	1	R
NMDC20551799	0	0	0	0	0	0	0	0	0	0	1	1	0	1	1	0	0	0	1	0	R
NMDC20586194	0	1	0	0	0	0	0	0	0	0	1	1	0	0	1	0	0	1	1	0	R
NMDC20555823	0	0	0	0	0	0	0	0	0	0	1	1	0	1	1	0	0	0	1	0	R
NMDC20557836	1	1	1	0	1	0	0	0	0	1	0	1	0	0	1	0	0	0	1	0	R
NMDC20586200	1	0	0	0	0	1	0	0	0	1	0	1	0	0	1	1	1	0	1	0	R
NMDC20551804	0	1	0	0	0	0	0	0	0	0	1	1	0	0	1	0	0	1	1	0	R
NMDC20553817	1	0	0	0	1	1	0	0	0	1	0	1	0	0	1	0	0	0	1	0	R
NMDC20557837	0	1	1	0	0	0	0	0	0	1	0	1	0	0	0	0	0	0	0	0	R
NMDC20557839	1	0	0	0	0	1	0	0	0	1	0	1	0	0	1	1	1	0	1	0	R
NMDC20551805	0	0	0	0	0	1	0	0	0	1	0	1	0	0	1	1	0	0	1	0	R
NMDC20553816	1	0	0	0	0	1	0	0	0	1	0	1	0	0	1	1	1	0	1	0	R
NMDC20557842	1	0	0	0	0	1	0	0	0	1	0	1	0	0	1	1	1	0	1	0	R
NMDC20557840	1	0	0	0	0	1	0	0	0	1	0	1	0	0	1	1	1	0	1	0	R
NMDC20586209	0	1	0	0	0	0	0	0	1	0	1	1	0	1	1	0	0	0	1	1	R
NMDC20586211	1	0	0	0	0	1	0	0	0	1	0	1	0	0	1	1	1	0	1	0	R
NMDC20586213	1	1	0	1	0	1	0	0	0	1	0	0	0	0	1	1	0	0	1	0	R
NMDC20586214	0	1	0	0	0	1	0	0	0	1	0	1	0	0	0	1	0	0	1	0	R
NMDC20586216	1	1	1	0	0	0	0	0	0	1	1	1	0	0	1	0	0	0	1	0	R
NMDC20586218	1	0	0	0	0	1	0	0	0	1	0	1	0	0	1	1	1	0	1	0	R
NMDC20586219	0	0	0	1	1	0	0	0	0	1	0	1	0	0	1	0	0	0	1	0	R
NMDC20555828	1	0	0	0	0	1	0	0	0	1	0	1	0	0	1	1	1	0	1	0	R
NMDC20586222	0	0	0	0	0	0	0	0	0	1	0	1	0	0	1	1	0	0	1	0	R
NMDC20555831	1	0	0	0	0	1	0	0	0	1	0	1	0	0	1	1	1	0	1	0	R
NMDC20586223	1	0	0	0	0	1	0	0	0	1	0	1	0	0	1	1	1	0	1	0	R
NMDC20555833	1	0	0	0	0	0	1	0	0	1	0	1	1	0	1	1	0	0	1	0	R
NMDC20586226	1	0	0	0	0	1	0	0	0	1	0	1	0	0	1	1	1	0	1	0	R
NMDC20551812	1	0	0	1	0	1	0	0	0	0	1	1	0	0	1	0	0	0	0	0	R
NMDC20586227	1	0	0	0	0	1	0	0	0	1	0	1	0	0	1	1	1	0	1	0	R
NMDC20557848	0	0	0	0	0	0	0	0	0	1	0	1	0	0	1	1	0	0	1	0	R
NMDC20586229	1	0	0	0	0	1	0	0	0	1	0	1	0	0	1	1	1	0	1	0	R
NMDC20555834	1	0	0	0	0	0	1	0	0	1	0	1	1	0	1	1	0	0	1	0	R
NMDC20586231	1	0	0	1	0	0	1	0	0	1	0	1	0	0	1	0	0	0	1	0	R
NMDC20586233	1	1	1	0	1	0	0	0	0	1	0	1	0	0	1	0	0	0	1	0	R
NMDC20557849	1	0	0	0	0	1	0	0	0	1	0	1	0	0	1	1	1	0	1	0	R
NMDC20586235	1	1	0	1	0	1	0	0	0	1	0	0	0	0	1	1	0	0	1	0	R
NMDC20551817	1	0	0	0	0	0	1	0	0	1	0	1	0	0	1	1	0	0	1	0	R
NMDC20551818	1	1	1	0	1	0	0	0	0	1	0	1	0	0	1	0	0	0	1	0	R
NMDC20586238	1	0	0	0	0	1	0	0	0	1	0	1	0	0	1	0	1	0	1	0	R
NMDC20555836	0	1	0	0	0	0	0	0	1	1	0	1	0	0	0	0	0	0	1	1	R
NMDC20557851	1	0	0	1	0	1	0	0	0	0	1	1	0	0	1	0	1	0	1	0	R
NMDC20551819	1	0	0	0	0	1	0	0	0	1	0	1	0	0	1	1	1	0	1	0	R
NMDC20553832	1	0	0	1	0	1	0	0	0	0	1	1	0	0	1	0	1	0	1	0	R
NMDC20586248	0	0	0	0	0	1	0	0	0	1	0	1	0	0	1	1	0	0	1	0	R
NMDC20586250	1	0	0	0	0	1	0	0	0	1	0	1	0	0	1	1	1	0	1	0	R
NMDC20551823	1	0	0	0	0	1	0	0	0	1	0	1	0	0	1	0	1	0	1	0	R
NMDC20555844	1	0	0	0	0	1	0	0	0	1	0	1	0	0	1	1	1	0	1	0	R
NMDC20553834	1	1	0	0	0	1	0	0	0	1	0	1	0	0	1	0	0	0	1	0	R
NMDC20557856	1	0	0	0	0	0	1	0	0	1	0	1	0	0	1	1	0	0	1	0	R
NMDC20555848	0	0	0	0	0	0	0	0	0	1	0	1	0	0	1	1	0	0	1	0	R
NMDC20557858	1	0	0	0	0	1	0	0	0	1	0	1	0	0	1	1	1	0	1	0	R
NMDC20551824	0	1	0	0	0	0	0	0	1	0	0	1	0	0	1	0	0	0	1	1	R
NMDC20555849	1	1	0	0	0	1	0	0	0	1	0	1	0	0	1	1	0	0	1	0	R
NMDC20551826	1	0	0	0	0	0	1	0	0	1	0	1	0	0	1	1	0	0	1	0	R
NMDC20557862	1	1	1	0	0	0	0	0	0	1	0	1	0	0	1	1	0	0	1	0	R
NMDC20586257	0	0	0	0	0	0	0	0	0	0	1	1	0	1	1	0	0	0	1	0	R
NMDC20553841	1	0	0	0	0	1	0	0	0	1	0	1	0	0	1	1	1	0	1	0	R
NMDC20551831	1	0	0	0	0	0	1	0	0	1	0	1	0	0	0	0	0	0	0	0	R
NMDC20586265	0	0	0	0	0	0	0	0	0	1	0	1	0	0	1	1	0	0	1	0	R
NMDC20555855	1	0	0	0	0	1	0	0	0	1	0	1	0	0	0	1	1	0	1	0	R
NMDC20586272	1	0	0	0	0	1	0	0	0	1	0	1	0	0	1	1	1	0	1	0	R
NMDC20551834	1	0	0	0	0	1	0	0	0	1	0	1	0	0	1	1	1	0	1	0	R
NMDC20586279	1	0	0	0	0	1	0	0	0	1	0	1	0	0	1	1	1	0	1	0	R
NMDC20586280	1	0	0	0	0	0	1	0	0	1	0	1	0	0	1	1	0	0	1	0	R
NMDC20553848	1	0	0	0	0	1	0	0	0	1	0	1	0	0	1	0	1	0	1	0	R
NMDC20586282	1	0	0	0	0	0	1	0	0	1	0	1	0	0	1	1	0	0	1	0	R
NMDC20551836	1	0	0	0	0	1	0	0	0	1	0	1	0	0	1	1	1	0	1	0	R
NMDC20557867	1	0	0	0	0	1	0	0	0	1	0	1	0	0	1	0	1	0	1	0	R
NMDC20551838	1	0	0	0	0	1	0	0	0	1	0	1	0	0	1	0	1	0	1	0	R
NMDC20557869	1	0	0	0	0	1	0	0	0	1	0	1	0	0	1	1	1	0	1	0	R
NMDC20586287	1	0	0	1	0	1	0	0	0	0	1	1	0	0	1	0	0	0	0	0	R
NMDC20557868	1	0	0	1	0	1	0	0	0	0	1	1	0	0	1	0	1	0	1	0	R
NMDC20586288	1	0	0	1	0	1	0	0	0	0	1	1	0	0	1	0	1	0	1	0	R
NMDC20586291	0	1	0	0	0	0	0	0	1	1	0	1	0	0	0	0	0	0	1	1	R
NMDC20553853	0	1	0	0	0	0	0	0	1	1	0	1	0	0	0	0	0	0	1	1	R
NMDC20551840	1	0	0	0	0	1	0	0	0	1	0	1	0	0	1	1	1	0	1	0	R
NMDC20586293	1	0	0	0	0	1	0	0	0	1	0	1	0	0	1	1	1	0	1	0	R
NMDC20586294	1	1	1	0	0	0	0	0	0	1	0	1	0	0	1	1	0	0	1	0	R
NMDC20586301	0	1	0	0	0	0	0	0	1	1	0	1	0	0	1	1	0	0	1	1	R
NMDC20557870	1	0	0	0	0	1	0	0	0	1	0	1	0	0	1	1	1	0	1	0	R
NMDC20555866	1	0	0	0	0	1	0	0	0	1	0	1	0	0	1	1	0	0	1	0	R
NMDC20557871	0	1	0	0	0	1	0	0	0	1	0	1	0	0	0	1	0	0	1	0	R
NMDC20555867	1	1	1	0	0	0	0	0	0	1	0	1	0	0	1	1	0	0	1	0	R
NMDC20555869	1	0	0	0	0	1	0	0	0	1	0	1	0	0	1	1	1	0	1	0	R
NMDC20553856	1	0	0	0	0	1	0	0	0	1	0	1	0	0	1	1	1	0	1	0	R
NMDC20586306	1	0	0	1	0	1	0	0	0	0	1	1	0	0	1	0	1	0	1	0	R
NMDC20555876	0	1	0	0	0	0	0	0	1	1	0	1	0	0	0	0	0	0	1	1	R
NMDC20555878	1	0	0	0	0	1	0	0	0	1	0	1	0	0	1	1	1	0	1	0	R
NMDC20557878	1	0	0	0	0	1	0	0	0	1	0	1	0	0	1	1	1	0	1	0	R
NMDC20557879	1	0	0	0	0	1	0	0	0	1	0	1	0	0	1	1	1	0	1	0	R
NMDC20551853	1	0	0	1	0	1	0	0	0	1	0	1	0	0	1	0	0	0	1	0	R
NMDC20551856	0	1	0	0	0	0	0	0	1	1	0	1	0	0	0	0	0	0	1	1	R
NMDC20555881	0	1	0	0	0	0	0	0	1	1	0	1	0	0	0	0	0	0	1	1	R
NMDC20586394	0	1	0	0	0	0	0	0	1	1	0	1	0	0	0	0	0	0	1	1	R
NMDC20551859	0	1	0	0	0	0	0	0	1	1	0	1	0	0	0	0	0	0	1	1	R
NMDC20557882	0	1	0	0	0	0	0	0	1	1	0	1	0	0	0	0	0	0	1	1	R
NMDC20586396	0	0	0	0	0	0	0	0	0	1	0	0	0	0	1	1	0	0	0	0	R
NMDC20555888	0	0	0	1	0	0	1	0	0	1	0	1	0	0	1	0	0	0	0	0	R
NMDC20557886	0	1	0	0	0	1	0	0	0	1	0	1	0	0	0	1	0	0	1	0	R
NMDC20586406	1	0	0	0	0	1	0	0	0	1	0	1	0	0	1	1	1	0	1	0	R
NMDC20551860	1	0	0	1	0	1	0	0	0	0	1	1	0	0	1	0	1	0	1	0	R
NMDC20586412	1	0	0	0	0	0	1	0	0	1	0	1	0	0	1	1	0	0	1	0	R
NMDC20555891	0	1	0	0	0	1	0	0	0	1	0	1	0	0	0	1	0	0	1	0	R
NMDC20551862	1	0	0	0	0	1	0	0	0	1	0	1	0	0	1	0	1	0	1	0	R
NMDC20586416	1	0	0	0	0	0	1	0	0	1	0	1	1	0	1	1	0	0	1	0	R
NMDC20555893	0	1	0	0	0	0	0	0	1	1	0	1	0	0	0	0	0	0	1	1	R
NMDC20586425	1	0	0	0	0	1	0	0	0	1	0	1	0	0	1	1	0	0	1	0	R
NMDC20555895	1	0	0	0	0	0	1	0	0	1	0	1	1	0	1	1	0	0	1	0	R
NMDC20555896	1	0	0	0	0	1	0	0	0	1	0	1	0	0	1	1	0	0	1	0	R
NMDC20586441	0	0	0	1	0	0	0	0	0	0	1	1	0	0	1	0	0	1	0	0	R
NMDC20586445	1	1	0	0	0	0	0	0	0	1	0	0	0	0	1	1	0	1	0	0	R
NMDC20551874	0	1	0	0	0	0	0	0	1	1	0	1	0	0	0	0	0	0	1	1	R
NMDC20557895	0	1	0	0	0	1	0	0	0	1	0	1	0	0	0	1	0	0	1	0	R
NMDC20586453	1	0	0	0	0	1	0	0	0	1	0	1	0	0	1	1	0	0	1	0	R
NMDC20586454	0	0	0	1	0	0	1	0	0	1	0	1	0	0	1	0	0	0	1	0	R
NMDC20586458	1	0	0	1	0	1	0	0	0	0	1	1	0	0	1	0	0	0	0	0	R
NMDC20586463	0	0	0	0	0	1	0	0	0	1	0	1	0	0	1	1	0	0	1	0	R
NMDC20557898	0	0	0	1	0	0	1	0	0	1	0	1	0	0	1	0	0	0	1	0	R
NMDC20557899	1	1	0	1	0	0	1	0	0	1	0	1	0	0	1	0	0	0	1	0	R
NMDC20557900	1	0	0	0	0	1	0	0	0	1	0	1	0	0	1	1	1	0	1	0	R
NMDC20555906	1	0	0	0	0	0	1	0	0	1	0	1	1	0	1	1	0	0	1	0	R
NMDC20586472	0	0	0	0	0	0	0	0	0	0	1	1	0	1	1	0	0	0	1	0	R
NMDC20586474	0	1	1	0	1	0	0	0	0	1	0	1	0	0	1	0	0	0	1	0	R
NMDC20553887	0	1	1	0	0	0	0	0	0	1	0	1	0	0	1	1	0	0	1	0	R
NMDC20551878	0	0	0	1	0	0	0	0	0	1	0	1	0	0	1	0	0	0	1	0	R
NMDC20551879	1	0	0	0	0	0	1	0	0	1	0	1	1	0	1	1	0	0	1	0	R
NMDC20586478	0	0	0	0	0	0	0	0	0	1	0	1	0	0	1	1	0	0	1	0	R
NMDC20557901	1	0	0	0	0	0	1	0	0	1	0	1	1	0	1	1	0	0	1	0	R
NMDC20551883	1	0	0	0	0	0	1	0	0	1	0	1	0	0	1	1	0	0	1	0	R
NMDC20551884	1	0	0	0	0	1	0	0	0	1	0	1	0	0	1	1	1	0	1	0	R
NMDC20557910	0	0	0	0	0	0	1	0	0	1	0	1	0	0	1	1	0	0	1	0	R
NMDC20551887	1	0	0	0	0	1	0	0	0	1	0	1	0	0	1	1	1	0	1	0	R
NMDC20557913	1	0	0	0	0	1	0	0	0	1	0	1	0	0	1	1	1	0	1	0	R
NMDC20555921	1	0	0	0	0	1	0	0	0	1	0	1	0	0	1	1	1	0	1	0	R
NMDC20586507	1	1	0	0	0	0	1	0	0	1	0	0	0	0	1	1	0	0	0	0	R
NMDC20586514	0	0	0	0	0	0	1	0	0	1	0	1	0	0	1	1	0	0	1	0	R
NMDC20586515	0	1	1	0	0	0	0	0	0	1	0	1	0	0	0	0	0	0	0	0	R
NMDC20586518	1	0	0	0	0	0	1	0	0	1	0	1	0	0	1	1	0	0	1	0	R
NMDC20586524	1	0	0	0	0	1	0	0	0	1	0	1	0	0	1	1	0	0	1	0	R
NMDC20555925	1	0	0	0	0	0	1	0	0	1	0	1	1	0	1	1	0	0	1	0	R
NMDC20555926	1	0	0	0	0	1	0	0	0	1	0	1	0	0	1	1	0	0	1	0	R
NMDC20551893	1	0	0	0	0	0	1	0	0	1	0	1	0	0	1	1	0	0	1	0	R
NMDC20555927	1	1	1	0	1	0	0	0	0	1	0	1	0	0	1	0	0	0	1	0	R
NMDC20586529	1	0	0	0	0	0	1	0	0	1	0	1	1	0	1	1	0	0	1	0	R
NMDC20586530	0	0	0	1	0	0	0	0	0	1	0	0	0	0	0	1	0	0	1	0	R
NMDC20555928	0	0	0	0	0	0	0	0	0	1	0	1	0	0	1	1	0	0	1	0	R
NMDC20555929	1	0	0	0	0	1	0	0	0	1	0	1	0	0	1	1	1	0	1	0	R
NMDC20551895	1	0	0	0	0	0	1	0	0	1	0	1	1	0	1	1	0	0	1	0	R
NMDC20557916	1	0	0	0	0	0	1	0	0	1	0	1	1	0	1	1	0	0	1	0	R
NMDC20586535	1	0	0	0	0	1	0	0	0	1	0	1	0	0	1	1	1	0	1	0	R
NMDC20555934	1	0	0	0	0	0	1	0	0	1	0	1	0	0	1	1	0	0	1	0	R
NMDC20551902	0	0	0	1	0	0	1	0	0	1	0	1	0	0	1	0	0	0	1	0	R
NMDC20586544	1	0	0	1	0	0	0	0	0	1	0	0	0	0	0	1	0	0	1	0	R
NMDC20555935	1	1	0	0	0	1	0	0	0	1	0	1	0	0	1	1	0	0	1	0	R
NMDC20553908	1	1	1	0	0	0	0	0	0	1	0	1	0	0	1	1	0	0	1	0	R
NMDC20553909	1	0	0	0	0	1	0	0	0	1	0	1	0	0	1	1	1	0	1	0	R
NMDC20553910	1	0	0	0	0	1	0	0	0	1	0	1	0	0	1	1	1	0	1	0	R
NMDC20555937	1	0	0	0	1	1	0	0	0	1	0	1	0	0	1	0	0	0	1	0	R
NMDC20557922	1	0	0	0	0	1	0	0	0	1	0	1	0	0	1	1	1	0	1	0	R
NMDC20586556	1	1	0	1	0	0	1	0	0	1	0	1	0	0	1	0	0	0	1	0	R
NMDC20586557	1	1	0	1	0	1	0	0	0	1	0	0	0	0	1	1	0	0	1	0	R
NMDC20557923	1	0	0	0	0	1	0	0	0	1	0	1	0	0	1	1	1	0	1	0	R
NMDC20551907	1	1	1	0	1	0	0	0	0	1	0	1	0	0	1	0	0	0	1	0	R
NMDC20555946	1	1	1	0	0	0	0	0	0	1	0	1	0	0	1	1	0	0	1	0	R
NMDC20557925	1	0	0	0	0	0	1	0	0	1	0	1	0	0	1	1	0	0	1	0	R
NMDC20586561	1	1	1	1	0	0	0	0	0	1	0	1	0	0	1	1	0	0	1	0	R
NMDC20586562	1	0	0	0	0	1	0	0	0	1	0	1	0	0	1	1	1	0	1	0	R
NMDC20551910	1	1	0	1	0	1	0	0	0	1	0	0	0	0	1	1	0	0	1	0	R
NMDC20553916	1	0	0	1	0	1	0	0	0	0	1	1	0	0	1	0	1	0	1	0	R
NMDC20586564	1	0	0	0	0	1	0	0	0	1	0	1	0	0	1	1	1	0	1	0	R
NMDC20557926	0	0	0	0	0	0	0	0	0	1	1	1	0	0	1	1	0	0	1	0	R
NMDC20586568	1	0	0	0	1	1	0	0	0	1	0	1	0	0	1	0	0	0	1	0	R
NMDC20586569	1	0	0	0	0	1	0	0	0	1	0	1	0	0	1	1	1	0	1	0	R
NMDC20586571	1	0	0	0	0	1	0	0	0	1	0	1	0	0	1	1	1	0	1	0	R
NMDC20586572	1	1	1	0	1	0	0	0	0	1	0	1	0	0	1	0	0	0	1	0	R
NMDC20553923	1	0	0	0	0	1	0	0	0	1	0	1	0	0	1	1	1	0	1	0	R
NMDC20551913	1	1	1	0	0	0	0	0	0	1	0	1	0	0	1	1	0	0	1	0	R
NMDC20557930	1	0	0	0	0	0	1	0	0	1	0	1	0	0	1	1	0	0	1	0	R
NMDC20586581	0	1	1	0	0	0	0	0	0	1	0	1	0	0	1	1	0	0	1	0	R
NMDC20551915	1	0	0	0	0	1	0	0	0	1	0	1	0	0	1	0	1	0	1	0	R
NMDC20553925	0	0	0	0	0	0	0	0	1	1	0	1	0	0	1	1	0	0	0	1	R
NMDC20586585	0	0	0	0	0	0	0	0	1	1	0	1	0	0	1	1	0	0	0	1	R
NMDC20551917	1	1	1	0	1	0	0	0	0	1	0	1	0	0	1	0	0	0	1	0	R
NMDC20586586	1	0	0	0	0	0	1	0	0	1	0	1	0	0	1	1	0	0	1	0	R
NMDC20551918	1	0	0	1	0	1	0	0	0	1	0	1	0	0	1	0	0	0	1	0	R
NMDC20586587	1	1	1	0	0	0	0	0	0	1	0	1	0	0	1	1	0	0	1	0	R
NMDC20586590	1	0	0	0	0	1	0	0	0	1	0	1	0	0	1	1	1	0	1	0	R
NMDC20553930	0	0	0	0	0	0	1	0	0	1	0	1	0	0	1	1	0	0	1	0	R
NMDC20551920	1	0	0	0	0	1	0	0	0	1	0	1	0	0	1	1	0	0	1	0	R
NMDC20586593	1	1	0	1	0	1	0	0	0	1	0	0	0	0	1	1	0	0	1	0	R
NMDC20551921	0	1	0	0	0	0	0	0	0	1	0	1	0	0	1	1	0	0	1	0	R
NMDC20553931	1	0	0	0	0	1	0	0	0	1	0	1	0	0	1	0	1	0	1	0	R
NMDC20557935	1	0	0	0	0	0	1	0	0	1	0	1	0	0	1	1	0	0	1	0	R
NMDC20555954	1	0	0	0	0	0	1	0	0	1	0	1	0	0	1	1	0	0	1	0	R
NMDC20586597	1	0	0	0	0	1	0	0	0	1	0	1	0	0	1	1	1	0	1	0	R
NMDC20555956	1	0	0	0	0	1	0	0	0	1	0	1	0	0	1	1	1	0	1	0	R
NMDC20557937	1	0	0	0	0	1	0	0	0	1	0	1	0	0	1	1	1	0	1	0	R
NMDC20551924	1	1	0	1	0	1	0	0	0	1	0	0	0	0	1	1	0	0	1	0	R
NMDC20551925	0	1	0	0	0	0	0	0	0	1	0	1	0	0	1	1	0	0	1	0	R
NMDC20551927	1	0	0	0	0	0	1	0	0	1	0	1	0	0	1	1	0	0	1	0	R
NMDC20555962	1	0	0	0	0	1	0	0	0	1	0	1	0	0	1	1	1	0	1	0	R
NMDC20557941	1	0	0	0	1	1	0	0	0	1	0	1	0	0	1	0	0	0	1	0	R
NMDC20557943	1	0	0	0	0	1	0	0	0	1	0	1	0	0	1	1	1	0	1	0	R
NMDC20553936	1	0	0	0	0	1	0	0	0	1	0	1	0	0	1	1	1	0	1	0	R
NMDC20586607	1	0	0	0	0	1	0	0	0	1	0	1	0	0	1	0	1	0	1	0	R
NMDC20551935	1	0	0	0	0	1	0	0	0	1	0	1	0	0	1	1	1	0	1	0	R
NMDC20586608	1	0	0	0	0	1	0	0	0	1	0	1	0	0	1	1	1	0	1	0	R
NMDC20553938	1	0	0	0	0	1	0	0	0	1	0	1	0	0	1	0	1	0	1	0	R
NMDC20557946	1	0	0	0	0	0	1	0	0	1	0	1	0	0	1	1	0	0	1	0	R
NMDC20553939	1	1	0	1	0	0	1	1	0	1	0	1	0	0	1	0	0	0	1	0	R
NMDC20586611	1	0	0	0	0	1	0	0	0	1	0	1	0	0	1	1	1	0	1	0	R
NMDC20586612	1	0	0	0	0	0	1	0	0	1	0	1	0	0	1	1	0	0	1	0	R
NMDC20586613	1	1	1	0	1	0	0	0	0	1	0	1	0	0	1	0	0	0	1	0	R
NMDC20555966	1	0	0	0	0	1	0	0	0	1	0	1	0	0	1	1	1	0	1	0	R
NMDC20557949	1	0	0	0	0	1	0	0	0	1	0	1	0	0	1	1	1	0	1	0	R
NMDC20553943	1	0	0	0	0	1	0	0	0	1	0	1	0	0	1	1	1	0	1	0	R
NMDC20586616	1	0	0	0	0	1	0	0	0	1	0	1	0	0	1	1	1	0	1	0	R
NMDC20553944	1	0	0	0	0	1	0	0	0	1	0	1	0	0	1	1	0	0	1	0	R
NMDC20557951	1	0	0	0	0	1	0	0	0	1	0	1	0	0	1	1	1	0	1	0	R
NMDC20586618	1	1	0	1	0	0	1	0	0	1	0	1	0	0	1	0	0	0	1	0	R
NMDC20586620	1	1	0	1	0	0	1	0	0	1	0	1	0	0	1	0	0	0	1	0	R
NMDC20557954	1	0	0	0	0	0	1	0	0	1	0	1	0	0	1	1	0	0	1	0	R
NMDC20586621	1	0	0	0	0	1	0	0	0	1	0	1	0	0	1	1	1	0	1	0	R
NMDC20586660	1	1	0	1	0	0	0	0	1	1	0	1	0	0	1	1	0	0	1	1	R
NMDC20551958	1	0	0	0	0	1	0	0	0	1	1	1	0	0	1	1	1	0	1	0	R
NMDC20557976	0	0	0	1	0	0	1	0	0	1	0	1	0	0	1	0	0	0	1	0	R
NMDC20586665	0	0	0	0	0	1	0	0	0	1	0	1	0	0	1	1	0	0	1	0	R
NMDC20586667	1	0	0	1	0	0	1	0	0	1	0	1	0	0	1	0	0	0	1	0	R
NMDC20557979	1	1	1	0	0	0	0	0	0	1	0	1	0	0	1	0	0	0	1	0	R
NMDC20586668	0	1	1	0	0	0	0	0	0	1	0	1	0	0	1	1	0	0	1	0	R
NMDC20586669	0	0	0	1	0	0	0	0	0	0	0	1	0	0	1	0	0	0	0	0	R
NMDC20551961	1	1	0	0	0	1	0	0	0	1	0	1	0	0	1	0	0	0	1	0	R
NMDC20551963	0	1	0	0	0	1	0	0	0	1	0	1	0	0	1	1	0	0	1	0	R
NMDC20555981	1	0	0	0	0	1	0	0	0	1	0	1	0	0	1	1	1	0	1	0	R
NMDC20555985	1	1	0	0	0	1	0	0	0	1	0	1	0	0	1	1	0	0	1	0	R
NMDC20586674	1	0	0	0	0	1	0	0	0	1	0	1	0	0	1	1	0	0	1	0	R
NMDC20553979	0	0	0	0	0	0	0	0	1	1	0	1	0	0	1	1	0	0	0	1	R
NMDC20586675	0	0	0	0	0	0	0	0	0	1	1	1	0	0	1	1	0	0	1	0	R
NMDC20586676	1	0	0	0	0	1	0	0	0	1	0	1	0	0	1	1	0	0	1	0	R
NMDC20555986	1	0	0	0	0	1	0	0	0	1	0	1	0	0	1	1	1	0	1	0	R
NMDC20557984	0	0	0	0	0	0	1	0	0	1	0	1	0	0	1	1	0	0	1	0	R
NMDC20557986	0	0	0	0	0	0	0	0	0	1	0	1	0	0	1	1	0	0	1	0	R
NMDC20555987	1	0	0	0	0	0	0	0	0	1	0	1	0	0	1	1	0	0	1	0	R
NMDC20555988	0	0	0	0	0	0	0	0	0	1	0	1	0	0	1	1	0	0	1	0	R
NMDC20551966	0	0	0	0	0	0	0	0	0	1	0	1	0	0	1	1	0	0	1	0	R
NMDC20586679	1	0	0	1	0	1	0	0	0	1	0	1	0	0	1	0	1	0	1	0	R
NMDC20557988	1	1	1	0	1	0	0	0	0	1	0	1	0	0	1	0	0	0	1	0	R
NMDC20553981	1	0	0	0	0	1	0	0	0	1	0	1	0	0	1	1	1	0	1	0	R
NMDC20586680	0	0	0	1	0	1	0	0	0	1	0	0	0	0	0	1	0	0	1	0	R
NMDC20557990	0	0	0	0	0	1	0	0	0	1	0	1	0	0	1	1	0	0	1	0	R
NMDC20586685	1	0	0	0	0	1	0	0	0	1	0	1	0	0	1	1	0	0	1	0	R
NMDC20586687	1	0	0	0	0	1	0	0	0	1	0	1	0	0	1	1	0	0	1	0	R
NMDC20586689	1	0	0	0	0	1	0	0	0	1	0	1	0	0	1	1	1	0	1	0	R
NMDC20586693	0	0	0	1	0	1	0	0	0	1	0	0	0	0	0	1	0	0	1	0	R
NMDC20586694	1	0	0	0	0	0	1	0	0	1	0	1	0	0	1	1	0	0	1	0	R
NMDC20586695	1	0	0	0	0	0	1	0	0	1	0	1	0	0	1	1	0	0	1	0	R
NMDC20586696	1	1	0	1	0	1	0	0	0	1	0	0	0	0	1	1	0	0	1	0	R
NMDC20586697	0	0	0	0	0	0	0	0	0	1	0	1	0	0	1	1	0	0	1	0	R
NMDC20553986	1	0	0	0	0	1	0	0	0	1	0	1	0	0	1	1	0	0	1	0	R
NMDC20555990	1	0	0	0	0	0	1	0	0	1	0	1	1	0	1	1	0	0	1	0	R
NMDC20586698	1	0	0	0	0	0	1	0	0	1	0	1	0	0	1	1	0	0	1	0	R
NMDC20557993	0	0	0	0	0	1	0	0	0	1	0	1	0	0	1	1	0	0	1	0	R
NMDC20553987	0	1	1	0	1	0	0	0	0	1	0	1	0	0	1	0	0	0	1	0	R
NMDC20557994	1	0	0	0	0	0	0	0	1	1	0	1	0	0	1	1	0	0	1	0	R
NMDC20551973	1	1	0	0	0	1	0	0	0	1	0	1	0	0	1	0	0	0	1	0	R
NMDC20551974	1	1	0	0	0	1	0	0	0	1	0	1	0	0	1	1	0	0	1	0	R
NMDC20551975	1	0	0	0	0	1	0	0	0	1	0	1	0	0	1	1	0	0	1	0	R
NMDC20555993	0	1	0	0	0	1	0	0	0	1	0	1	0	0	0	1	0	0	1	0	R
NMDC20557997	1	0	0	0	0	1	0	0	0	1	0	1	0	0	1	1	1	0	1	0	R
NMDC20551977	1	0	0	0	0	1	0	0	0	1	0	1	0	0	1	1	0	0	1	0	R
NMDC20586708	0	0	0	1	0	1	0	0	0	1	0	0	0	0	1	1	0	0	1	0	R
NMDC20555995	0	1	0	0	0	0	0	0	1	1	0	1	0	0	1	1	0	0	1	1	R
NMDC20586710	1	0	0	0	0	0	1	0	0	1	0	1	0	0	1	1	0	0	1	0	R
NMDC20557998	1	1	0	1	0	1	0	0	0	1	0	0	0	0	1	1	0	0	1	0	R
NMDC20553993	1	0	0	0	0	1	0	0	0	1	0	1	0	0	1	1	1	0	1	0	R
NMDC20586712	1	1	0	1	0	1	0	0	0	1	0	0	0	0	1	1	0	0	1	0	R
NMDC20586713	1	1	0	1	0	0	0	0	0	0	1	1	0	0	1	0	0	1	0	0	R
NMDC20553994	1	0	0	0	0	1	0	0	0	1	0	1	0	0	1	1	0	0	1	0	R
NMDC20557999	0	0	0	0	0	0	1	0	0	1	0	1	0	0	1	1	0	0	1	0	R
NMDC20555996	0	1	0	0	0	0	0	0	1	0	1	1	0	1	1	0	0	0	1	1	R
NMDC20558000	1	0	0	0	0	1	0	0	0	1	0	1	0	0	1	0	1	0	1	0	R
NMDC20586720	1	0	0	1	0	1	0	0	0	0	1	1	0	0	1	0	1	0	1	0	R
NMDC20586722	1	0	0	0	0	1	0	0	0	1	0	1	0	0	1	1	1	0	1	0	R
NMDC20558003	1	0	0	0	0	1	0	0	0	1	0	1	0	0	1	1	1	0	1	0	R
NMDC20551983	1	1	1	0	0	0	0	0	0	1	0	1	0	0	1	1	0	0	1	0	R
NMDC20586726	1	0	0	0	0	1	0	0	0	1	0	1	0	0	1	1	1	0	1	0	R
NMDC20586729	1	0	0	0	0	1	0	0	0	1	0	1	0	0	1	1	1	0	1	0	R
NMDC20556004	0	1	0	0	0	0	0	0	0	1	0	1	0	0	1	1	0	0	1	0	R
NMDC20551984	1	0	0	0	0	1	0	0	0	1	0	1	0	0	1	1	0	0	1	0	R
NMDC20551985	1	0	0	0	0	0	1	0	0	1	0	1	0	0	1	1	0	0	1	0	R
NMDC20554001	1	0	0	0	0	1	0	0	0	1	0	1	0	0	1	0	1	0	1	0	R
NMDC20551986	0	0	0	0	0	1	0	0	0	1	0	1	0	0	1	1	0	0	1	0	R
NMDC20586731	1	1	1	0	0	0	0	0	0	1	1	1	0	0	1	0	0	0	1	0	R
NMDC20558011	1	0	0	0	0	1	0	0	0	1	0	1	0	0	1	1	1	0	1	0	R
NMDC20586736	1	1	1	0	0	1	0	0	0	1	0	1	0	0	1	1	0	0	1	0	R
NMDC20586738	0	0	0	0	0	1	0	0	0	1	0	1	0	0	1	1	0	0	1	0	R
NMDC20551990	1	0	0	0	0	1	0	0	0	1	0	1	0	0	1	1	1	0	1	0	R
NMDC20586739	0	1	1	0	1	0	0	0	0	1	0	1	0	0	1	0	0	0	1	0	R
NMDC20558012	1	0	0	0	0	1	0	0	0	1	0	1	0	0	1	1	1	0	1	0	R
NMDC20586742	1	0	0	0	0	1	0	0	0	1	0	1	0	0	1	1	1	0	1	0	R
NMDC20586743	1	0	0	0	0	1	0	0	0	1	0	1	0	0	1	1	1	0	1	0	R
NMDC20586745	1	0	0	0	1	1	0	0	0	1	0	1	0	0	1	0	1	0	1	0	R
NMDC20556008	0	0	0	0	0	0	0	0	1	1	0	1	0	0	1	1	0	0	1	0	R
NMDC20586746	1	0	0	0	0	1	0	0	0	1	0	1	0	0	1	1	1	0	1	0	R
NMDC20586747	1	0	0	0	0	1	0	0	0	1	0	1	0	0	1	1	1	0	1	0	R
NMDC20586748	1	0	0	0	0	1	0	0	0	1	0	1	0	0	1	1	1	0	1	0	R
NMDC20556009	1	0	0	0	0	0	0	0	0	1	0	1	0	0	1	1	0	0	1	0	R
NMDC20554007	0	0	0	0	0	0	0	0	0	0	1	1	0	1	1	0	0	0	1	0	R
NMDC20558014	0	0	0	0	0	0	0	0	0	1	0	1	0	0	1	1	0	0	1	0	R
NMDC20586752	0	0	0	0	0	0	0	0	0	1	0	1	0	0	1	1	0	0	1	0	R
NMDC20586755	1	1	1	0	0	0	0	0	0	1	0	1	0	0	1	1	0	0	1	0	R
NMDC20586757	1	0	0	0	0	1	0	0	0	1	0	1	0	0	1	1	1	0	1	0	R
NMDC20586758	1	0	0	0	0	1	0	0	0	1	0	1	0	0	0	1	1	0	1	0	R
NMDC20586759	1	1	1	0	1	0	0	0	0	1	0	1	0	0	1	0	0	0	1	0	R
NMDC20558018	0	0	0	0	0	0	0	0	0	1	0	1	0	0	1	1	0	0	1	0	R
NMDC20586760	0	0	0	0	0	0	0	0	0	1	0	1	0	0	1	1	0	0	1	0	R
NMDC20551997	0	0	0	0	0	0	0	0	0	0	1	1	0	1	1	0	0	0	1	0	R
NMDC20551998	0	0	0	0	0	0	0	0	0	1	0	1	0	0	1	1	0	0	1	0	R
NMDC20558021	0	0	0	0	0	0	0	0	0	0	1	1	0	1	1	0	0	0	1	0	R
NMDC20556019	1	1	1	0	1	0	0	0	0	1	0	1	0	0	1	0	0	0	1	0	R
NMDC20586762	0	1	0	0	0	0	0	0	0	1	0	1	0	0	1	1	0	0	1	0	R
NMDC20586766	1	0	0	1	0	1	0	0	0	0	1	1	0	0	1	0	1	0	1	0	R
NMDC20586768	0	1	0	1	0	0	0	0	0	0	1	1	0	0	1	0	0	1	0	0	R
NMDC20586772	0	0	0	1	0	0	0	0	0	1	0	1	0	0	1	0	0	0	1	0	R
NMDC20586774	1	0	0	1	0	1	0	0	0	0	1	1	0	0	1	0	1	0	1	0	R
NMDC20586775	1	0	0	1	0	1	0	0	0	0	1	1	0	0	1	0	0	0	0	0	R
NMDC20586779	0	1	0	1	0	0	0	0	0	0	1	1	0	0	1	0	0	0	1	0	R
NMDC20554016	0	0	0	0	0	0	0	0	0	1	0	1	0	0	1	1	0	0	1	0	R
NMDC20552000	0	0	0	0	0	0	0	0	0	1	0	1	0	0	1	1	0	0	1	0	R
NMDC20586785	0	0	0	0	0	0	0	0	0	0	1	1	0	1	1	0	0	0	1	0	R
NMDC20586786	1	1	1	0	1	0	0	0	0	1	0	1	0	0	1	0	0	0	1	0	R
NMDC20554018	1	1	1	0	1	0	0	0	0	1	0	1	0	0	1	0	0	0	1	0	R
NMDC20556024	1	1	1	0	1	0	0	0	0	1	0	1	0	0	1	0	0	0	1	0	R
NMDC20586788	0	0	0	0	1	0	0	0	0	1	0	1	0	0	0	0	0	0	1	0	R
NMDC20558025	0	0	0	0	0	0	0	0	0	1	0	1	0	0	1	1	0	0	1	0	R
NMDC20586790	1	1	1	0	1	0	0	0	0	1	0	1	0	0	1	0	0	0	1	0	R
NMDC20556025	1	1	1	0	0	0	0	0	0	1	0	1	0	0	1	1	0	0	1	0	R
NMDC20556026	1	0	0	0	0	0	1	0	0	1	0	1	0	0	1	0	0	0	0	0	R
NMDC20558026	1	0	0	0	0	1	0	0	0	1	0	1	0	0	1	1	1	0	1	0	R
NMDC20554019	0	0	0	0	0	0	0	0	0	1	0	1	0	0	1	1	0	0	1	0	R
NMDC20558027	0	0	0	0	0	0	0	0	0	1	0	1	0	0	1	1	0	0	1	0	R
NMDC20556027	0	0	0	0	0	0	0	0	0	1	1	1	0	0	1	1	0	0	1	0	R
NMDC20558028	0	0	0	0	0	0	0	0	0	1	0	1	0	0	1	1	0	0	1	0	R
NMDC20552003	1	0	0	1	0	0	0	0	0	0	1	1	0	0	1	0	1	0	1	0	R
NMDC20586805	0	0	0	0	0	0	0	0	0	1	0	0	0	0	1	1	0	0	0	0	R
NMDC20586806	1	1	1	0	1	0	0	0	0	1	0	1	0	0	1	0	0	0	1	0	R
NMDC20558031	0	0	0	0	0	0	0	0	0	0	0	0	0	0	1	0	0	0	1	0	R
NMDC20554024	0	0	0	0	0	0	0	0	0	0	1	1	0	1	1	0	0	0	1	0	R
NMDC20558033	1	0	0	0	1	1	0	0	0	1	0	1	0	0	1	0	0	0	1	0	R
NMDC20552005	0	0	0	0	0	0	0	0	0	1	0	1	0	0	1	1	0	0	1	0	R
NMDC20586809	0	0	0	0	0	0	0	0	0	0	1	1	0	1	1	0	0	0	1	0	R
NMDC20586814	0	0	0	0	0	0	0	0	0	1	0	0	0	0	1	1	0	0	0	0	R
NMDC20586816	0	1	0	1	0	0	0	1	0	1	0	1	0	0	1	0	0	0	1	0	R
NMDC20554025	0	1	0	1	0	0	0	1	0	1	0	1	0	0	1	0	0	0	1	0	R
NMDC20586819	0	0	0	0	0	0	0	0	0	0	1	1	0	1	1	0	0	0	1	0	R
NMDC20586821	1	0	0	0	0	0	1	0	0	1	0	1	0	0	1	1	0	0	1	0	R
NMDC20558037	1	1	1	0	1	0	0	0	0	1	0	1	0	0	1	0	0	0	1	0	R
NMDC20552010	1	0	0	0	0	0	0	0	1	1	0	1	0	0	1	1	0	0	1	1	R
NMDC20586829	1	1	1	0	0	0	0	0	0	1	0	1	0	0	1	1	0	0	1	0	R
NMDC20586831	1	0	0	0	0	1	0	0	0	1	0	1	0	0	1	1	1	0	1	0	R
NMDC20554038	1	1	1	0	0	0	0	0	0	1	0	1	0	0	1	1	0	0	1	0	R
NMDC20586833	1	0	0	0	0	0	1	0	0	1	0	1	0	0	1	1	0	0	1	0	R
NMDC20586835	1	0	0	0	0	0	0	0	0	1	0	1	0	0	1	1	0	0	1	0	R
NMDC20586836	1	1	0	1	0	0	1	0	0	1	0	1	0	0	1	0	0	0	1	0	R
NMDC20552013	1	0	0	1	0	1	1	0	0	1	0	0	0	0	1	1	0	0	1	0	R
NMDC20554039	1	1	0	1	0	0	1	0	0	1	0	1	0	0	1	0	0	0	1	0	R
NMDC20556047	0	0	0	0	0	0	0	0	0	0	1	1	0	1	1	0	0	0	1	0	R
NMDC20552015	0	0	0	0	0	0	0	0	0	0	1	1	0	1	1	0	0	0	1	0	R
NMDC20586840	1	0	0	1	0	1	0	0	0	0	1	1	0	0	1	0	1	0	1	0	R
NMDC20554044	0	1	0	0	0	0	0	0	1	1	0	1	0	0	0	0	0	0	1	1	R
NMDC20556050	1	1	1	0	1	0	0	0	0	1	0	1	0	0	1	0	0	0	1	0	R
NMDC20552016	0	0	0	0	0	0	0	0	0	1	0	1	0	0	1	1	0	0	1	0	R
NMDC20552021	1	1	1	0	1	0	0	0	0	1	0	1	0	0	1	0	0	0	1	0	R
NMDC20558053	0	0	0	0	0	1	0	0	0	1	1	1	0	0	1	0	0	0	1	0	R
NMDC20586849	0	0	0	0	0	0	0	0	0	1	0	1	0	0	1	1	0	0	1	0	R
NMDC20586850	1	1	0	0	0	1	0	0	0	1	0	1	0	0	1	1	0	0	1	0	R
NMDC20586851	1	1	0	0	0	0	0	0	0	1	0	0	0	0	1	1	0	1	0	0	R
NMDC20556054	1	0	0	0	0	0	1	0	0	1	1	1	0	0	1	1	0	0	1	0	R
NMDC20554049	0	1	0	0	0	0	0	0	0	0	1	1	0	0	1	0	0	1	1	0	R
NMDC20558056	1	1	0	1	0	1	0	0	0	0	0	1	0	0	1	0	0	0	0	0	R
NMDC20586861	0	1	1	0	1	0	0	0	0	1	0	1	0	0	1	0	0	0	1	0	R
NMDC20556055	1	0	0	0	0	1	0	0	0	1	0	1	0	0	1	1	1	0	1	0	R
NMDC20552028	1	0	0	0	0	1	0	0	0	1	0	1	0	0	1	1	0	0	1	0	R
NMDC20558060	0	1	0	0	0	0	0	0	1	1	0	1	0	0	1	1	0	0	1	1	R
NMDC20586865	1	0	0	0	0	1	0	0	0	1	0	1	0	0	1	1	0	0	1	0	R
NMDC20586866	0	0	0	0	0	0	0	0	0	1	0	1	0	0	1	1	0	0	1	0	R
NMDC20586867	1	0	0	0	0	1	0	0	0	1	0	1	0	0	1	0	1	0	1	0	R
NMDC20556062	0	0	0	1	0	0	0	0	0	1	0	1	0	0	1	0	0	0	1	0	R
NMDC20586872	1	0	0	0	0	1	0	0	0	1	0	1	0	0	1	1	1	0	1	0	R
NMDC20558064	1	1	0	1	0	0	1	0	0	1	0	1	0	0	1	0	0	0	1	0	R
NMDC20554060	0	1	1	0	0	0	0	0	0	1	0	1	0	0	1	1	0	0	1	0	R
NMDC20558065	0	1	0	0	0	1	0	0	0	1	0	1	0	0	0	1	0	0	1	0	R
NMDC20586880	0	0	0	0	0	0	0	0	0	0	1	1	0	1	1	0	0	0	1	0	R
NMDC20554058	1	0	0	1	0	0	0	0	0	1	0	1	0	0	1	0	0	0	1	0	R
NMDC20586883	1	0	0	0	0	1	0	0	0	1	0	1	0	0	1	1	1	0	1	0	R
NMDC20552034	1	0	0	0	0	1	0	0	0	1	0	1	0	0	1	1	1	0	1	0	R
NMDC20586884	1	0	0	0	0	1	0	0	0	1	0	1	0	0	1	0	1	0	1	0	R
NMDC20556066	1	0	0	0	0	1	0	0	0	1	0	1	0	0	1	0	1	0	1	0	R
NMDC20586885	1	0	0	0	0	1	0	0	0	1	0	1	0	0	1	0	1	0	1	0	R
NMDC20586886	0	1	0	0	0	0	0	0	1	0	1	1	0	1	1	0	0	0	1	1	R
NMDC20552035	0	1	0	0	0	0	0	0	1	0	1	1	0	1	1	0	0	0	1	1	R
NMDC20554064	0	1	0	0	0	0	0	0	1	0	1	1	0	1	1	0	0	0	1	1	R
NMDC20554065	0	0	0	0	0	1	0	0	0	1	0	1	0	0	1	1	0	0	1	0	R
NMDC20556068	1	0	0	0	0	1	0	0	0	1	0	1	0	0	1	0	1	0	1	0	R
NMDC20556071	0	1	1	0	1	0	0	0	0	1	0	1	0	0	1	0	0	0	1	0	R
NMDC20586896	0	0	0	1	0	0	0	0	0	1	0	0	0	0	1	1	0	0	1	0	R
NMDC20552037	0	1	0	0	0	1	0	0	0	1	0	1	0	0	0	1	0	0	1	0	R
NMDC20586897	0	0	0	0	1	0	0	0	0	1	0	1	0	0	1	0	0	0	1	0	R
NMDC20586899	1	1	1	0	1	0	0	0	0	1	0	1	0	0	1	0	0	0	1	0	R
NMDC20558074	1	1	1	0	1	0	0	0	0	1	0	1	0	0	1	0	0	0	1	0	R
NMDC20586903	1	0	0	0	0	1	0	0	0	1	0	1	0	0	1	1	1	0	1	0	R
NMDC20554075	0	1	0	0	0	0	0	0	0	1	0	1	0	0	1	1	0	0	1	0	R
NMDC20558078	1	1	0	1	0	0	0	0	1	1	0	1	0	0	1	1	0	0	1	1	R
NMDC20586907	0	1	1	0	1	0	0	0	0	1	0	1	0	0	1	0	0	0	1	0	R
NMDC20558080	1	0	0	0	0	1	0	0	0	1	0	1	0	0	1	1	1	0	1	0	R
NMDC20552042	1	0	0	0	0	1	0	0	0	1	0	1	0	0	1	1	0	0	1	0	R
NMDC20586909	1	0	0	0	0	1	0	0	0	1	0	1	0	0	1	0	1	0	1	0	R
NMDC20556073	1	1	1	0	1	0	0	0	0	1	0	1	0	0	1	0	0	0	1	0	R
NMDC20586910	0	0	0	1	0	0	0	0	0	1	0	1	0	0	1	0	0	0	1	0	R
NMDC20556077	1	1	1	0	1	0	0	0	0	1	0	1	0	0	1	0	0	0	1	0	R
NMDC20586917	0	1	1	0	1	0	0	0	0	1	0	1	0	0	1	0	0	0	1	0	R
NMDC20558125	0	0	0	0	0	0	0	0	0	1	0	1	0	0	1	1	0	0	1	0	R
NMDC20587037	0	1	0	0	0	0	0	0	1	1	0	1	0	0	0	0	0	0	1	1	R
NMDC20556123	0	0	0	0	0	0	0	0	0	0	1	1	0	1	1	0	0	0	1	0	R
NMDC20588192	1	1	0	0	0	1	0	0	0	1	0	1	0	0	1	1	0	0	1	0	R
NMDC20554400	0	1	0	0	0	0	0	0	1	0	1	1	0	1	1	0	0	0	1	1	R
NMDC20558408	1	1	1	0	1	0	0	0	0	1	0	1	0	0	1	0	0	0	1	0	R
NMDC20558409	1	1	0	1	0	1	0	0	0	1	0	0	0	0	1	1	0	0	1	0	R
NMDC20556378	1	0	0	0	0	0	1	0	0	1	0	1	0	0	1	1	0	0	1	0	R
NMDC20558410	0	0	0	0	0	0	0	0	0	0	1	1	0	1	1	0	0	0	1	0	R
NMDC20552394	1	0	0	0	0	1	0	0	0	1	0	1	0	0	1	1	1	0	1	0	R
NMDC20552397	1	1	0	1	0	1	0	0	0	1	0	0	0	0	1	1	0	0	1	0	R
NMDC20552398	0	0	0	0	0	1	0	0	0	1	1	1	0	0	1	0	0	0	1	0	R
NMDC20558412	1	0	0	0	1	0	1	0	0	0	0	0	0	0	0	0	0	0	1	0	R
NMDC20556384	0	1	0	0	0	0	0	0	0	1	0	1	0	0	1	1	0	0	1	0	R
NMDC20588202	1	0	0	0	0	1	0	0	0	1	0	1	0	0	1	1	1	0	1	0	R
NMDC20554403	1	0	0	0	0	1	0	0	0	1	0	1	0	0	1	1	1	0	1	0	R
NMDC20556385	1	0	0	0	0	1	0	0	0	1	0	1	0	0	1	1	1	0	1	0	R
NMDC20588206	1	0	0	0	0	0	1	0	0	1	0	1	0	0	1	1	0	0	1	0	R
NMDC20588209	1	1	0	1	0	1	0	0	0	1	0	0	0	0	1	1	0	0	1	0	R
NMDC20552403	0	0	0	0	0	1	0	0	0	1	0	1	0	0	1	1	0	0	1	0	R
NMDC20556388	0	1	1	0	1	0	0	0	0	1	0	1	0	0	1	0	0	0	1	0	R
NMDC20558418	0	1	0	0	0	1	0	0	0	1	0	1	0	0	0	1	0	0	1	0	R
NMDC20558419	0	0	0	0	0	0	0	0	1	1	1	1	0	0	1	1	0	0	1	1	R
NMDC20588215	1	0	0	1	0	0	1	0	0	1	0	1	0	0	1	1	0	0	1	0	R
NMDC20552405	1	0	0	1	0	0	1	0	0	1	0	0	0	0	1	1	0	0	1	0	R
NMDC20556391	1	0	0	0	0	1	0	0	0	1	0	1	0	0	1	1	1	0	1	0	R
NMDC20552407	0	0	0	0	0	1	0	0	0	1	0	1	0	0	1	1	0	0	1	0	R
NMDC20588219	1	1	0	1	0	1	0	0	0	1	0	0	0	0	1	1	0	0	1	0	R
NMDC20588226	0	1	0	0	0	0	0	0	0	1	0	1	0	0	1	1	0	0	1	0	R
NMDC20552409	1	0	0	0	0	1	0	0	0	1	0	1	0	0	1	1	0	0	1	0	R
NMDC20588231	1	1	0	0	0	1	0	0	0	1	0	1	0	0	1	1	0	0	1	0	R
NMDC20554415	1	1	0	1	0	0	0	0	1	1	0	1	0	0	1	1	0	0	1	1	R
NMDC20554418	1	0	0	0	0	0	1	0	0	1	0	1	0	0	1	1	0	0	1	0	R
NMDC20556398	0	0	0	0	0	0	1	0	0	1	0	1	0	0	1	1	0	0	1	0	R
NMDC20588236	1	0	0	0	0	0	1	0	0	1	0	1	0	0	1	1	0	0	1	0	R
NMDC20554420	1	0	0	0	0	1	0	0	0	1	0	1	0	0	1	1	1	0	1	0	R
NMDC20556399	1	0	0	0	0	0	1	0	0	1	0	1	0	0	1	1	0	0	1	0	R
NMDC20558425	0	0	0	0	0	1	0	0	0	1	0	1	0	0	1	1	0	0	1	0	R
NMDC20588238	1	0	0	0	0	1	0	0	0	1	0	1	0	0	1	1	1	0	1	0	R
NMDC20552417	1	0	0	0	0	1	0	0	0	1	0	1	0	0	1	1	1	0	1	0	R
NMDC20554422	1	0	0	0	0	1	0	0	0	1	0	1	0	0	1	1	1	0	1	0	R
NMDC20588242	1	0	0	0	0	1	0	0	0	1	0	1	0	0	1	1	1	0	0	0	R
NMDC20588244	1	1	0	1	0	1	0	0	0	1	0	0	0	0	1	1	0	0	1	0	R
NMDC20558428	0	1	1	0	1	0	0	0	0	1	0	1	0	0	1	0	0	0	1	0	R
NMDC20554424	0	1	1	0	1	0	0	0	0	1	0	1	0	0	1	0	0	0	1	0	R
NMDC20588248	1	0	0	1	0	1	0	0	0	0	1	1	0	0	1	0	0	0	0	0	R
NMDC20588249	0	0	0	0	0	0	0	0	0	1	0	1	0	0	1	1	0	0	1	0	R
NMDC20558431	0	0	0	0	0	0	0	0	0	0	1	1	0	1	1	0	0	0	1	0	R
NMDC20558433	0	0	0	0	0	0	0	0	0	0	1	1	0	1	1	0	0	0	1	0	R
NMDC20588252	0	1	0	1	0	0	0	1	0	1	0	1	0	0	1	0	0	0	1	0	R
NMDC20588261	1	1	0	0	0	0	0	0	0	1	0	0	0	0	1	1	0	1	0	0	R
NMDC20552428	1	0	0	0	0	1	0	0	0	1	0	1	0	0	1	1	1	0	1	0	R
NMDC20554435	1	0	0	0	0	1	0	0	0	1	0	1	0	0	1	1	1	0	1	0	R
NMDC20558443	1	0	0	0	0	1	0	0	0	1	0	1	0	0	1	1	0	0	1	0	R
NMDC20588274	1	0	0	0	0	1	0	0	0	1	0	1	0	0	1	1	0	0	1	0	R
NMDC20552432	1	0	0	0	0	1	0	0	0	1	0	1	0	0	1	1	1	0	1	0	R
NMDC20556426	1	0	0	0	0	1	0	0	0	1	0	1	0	0	1	1	1	0	1	0	R
NMDC20588285	1	0	0	0	0	1	0	0	0	1	0	1	0	0	1	1	0	0	1	0	R
NMDC20588288	1	0	0	0	0	0	1	0	0	1	0	1	0	0	1	1	0	0	1	0	R
NMDC20552435	1	0	0	0	0	1	0	0	0	1	0	1	0	0	1	1	1	0	1	0	R
NMDC20556428	1	1	0	1	0	0	1	0	0	1	0	1	0	0	1	0	0	0	1	0	R
NMDC20554443	1	0	0	1	0	0	0	0	0	1	0	0	0	0	0	1	0	0	1	0	R
NMDC20588303	1	0	0	0	0	1	0	0	0	1	0	1	0	0	1	1	1	0	1	0	R
NMDC20556433	1	1	1	0	0	0	0	0	0	1	0	1	0	0	1	1	0	0	1	0	R
NMDC20558455	1	0	0	1	0	0	1	0	0	1	0	1	0	0	1	0	0	0	1	0	R
NMDC20556436	1	0	0	0	0	0	1	0	0	1	0	1	0	0	1	1	0	0	1	0	R
NMDC20556437	1	0	0	0	0	0	1	0	0	1	0	1	0	0	1	1	0	0	1	0	R
NMDC20552442	0	0	0	0	0	0	0	0	0	0	1	1	0	1	1	0	0	0	1	0	R
NMDC20554446	1	1	1	0	0	0	0	0	0	1	0	1	0	0	1	1	0	0	1	0	R
NMDC20552446	1	0	0	0	0	0	1	0	0	1	0	1	0	0	1	1	0	0	1	0	R
NMDC20552449	0	0	0	0	0	0	0	0	0	0	1	1	0	1	1	0	0	0	1	0	R
NMDC20558459	1	1	1	0	0	0	0	0	0	1	0	1	0	0	1	1	0	0	1	0	R
NMDC20588313	0	0	0	0	0	0	0	0	0	0	1	1	0	1	1	0	0	0	1	0	R
NMDC20558461	1	0	0	0	0	1	0	0	0	1	0	1	0	0	1	1	1	0	1	0	R
NMDC20558462	1	0	0	0	0	0	1	0	0	1	0	1	0	0	1	1	0	0	1	0	R
NMDC20558463	1	1	1	0	0	0	0	0	0	1	0	1	0	0	1	1	0	0	1	0	R
NMDC20556444	0	0	0	0	0	0	0	0	0	1	0	1	0	0	1	1	0	0	1	0	R
NMDC20588317	1	0	0	0	0	0	1	0	0	1	0	1	0	0	1	1	0	0	1	0	R
NMDC20588319	0	0	0	0	0	0	0	0	0	0	1	1	0	0	1	0	0	0	1	0	R
NMDC20558466	1	1	0	1	0	1	0	0	0	1	0	0	0	0	1	1	0	0	1	0	R
NMDC20552454	0	0	0	0	0	0	0	0	0	0	1	1	0	1	1	0	0	0	1	0	R
NMDC20558467	1	1	1	0	0	0	0	0	0	1	0	1	0	0	1	1	0	0	1	0	R
NMDC20554455	1	0	0	0	0	0	1	0	0	1	0	1	0	0	1	1	0	0	1	0	R
NMDC20552455	1	0	0	0	0	1	0	0	0	1	0	1	0	0	1	1	1	0	1	0	R
NMDC20558470	0	0	0	0	0	0	0	0	0	1	0	1	0	0	1	1	0	0	1	0	R
NMDC20554459	1	0	0	0	0	1	0	0	0	1	0	1	0	0	1	1	0	0	1	0	R
NMDC20554461	1	0	0	0	0	0	1	0	0	1	0	1	0	0	1	1	0	0	1	0	R
NMDC20588335	1	1	1	0	0	0	0	0	0	1	0	1	0	0	1	1	0	0	1	0	R
NMDC20588340	1	1	0	1	0	1	0	0	0	1	0	0	0	0	1	1	0	0	1	0	R
NMDC20588345	0	0	0	0	0	0	1	0	0	1	1	1	0	0	1	1	0	0	1	0	R
NMDC20588346	1	1	1	0	0	0	0	0	0	1	0	1	0	0	1	1	0	0	1	0	R
NMDC20556453	1	1	1	0	0	0	0	0	0	1	0	1	0	0	1	1	0	0	1	0	R
NMDC20588347	0	1	1	0	1	0	0	0	0	1	0	1	0	0	1	0	0	0	1	0	R
NMDC20558478	0	1	0	0	0	0	0	0	1	0	1	1	0	1	1	0	0	0	1	1	R
NMDC20554466	1	1	1	0	0	0	0	0	0	1	0	1	0	0	1	1	0	0	1	0	R
NMDC20588352	0	0	0	0	0	0	0	0	0	1	0	1	0	0	1	1	0	0	1	0	R
NMDC20558479	1	0	0	0	0	1	0	0	0	1	0	1	0	0	1	1	0	0	1	0	R
NMDC20556458	0	0	0	0	0	0	0	0	0	1	0	1	0	0	1	1	0	0	1	0	R
NMDC20554467	0	0	0	0	0	0	0	0	0	0	1	1	0	1	1	0	0	0	1	0	R
NMDC20588354	0	0	0	0	0	0	0	0	1	1	0	1	0	0	1	1	0	0	1	1	R
NMDC20588356	0	1	0	0	0	1	0	0	0	1	0	1	0	0	0	1	0	0	1	0	R
NMDC20556462	1	1	1	0	0	0	0	0	0	1	0	1	0	0	1	1	0	0	1	0	R
NMDC20552468	0	0	0	0	0	0	0	0	0	0	1	1	0	1	1	0	0	0	1	0	R
NMDC20558489	0	1	0	1	0	0	0	1	0	1	0	1	0	0	1	0	0	0	1	0	R
NMDC20588375	0	0	0	0	0	1	0	0	0	1	0	1	0	0	1	1	0	0	1	0	R
NMDC20552472	1	0	0	0	0	1	0	0	0	1	0	1	0	0	1	1	0	0	1	0	R
NMDC20588380	1	0	0	0	0	0	1	0	0	1	0	1	0	0	1	1	0	0	1	0	R
NMDC20554480	0	0	0	0	0	0	0	0	0	0	1	1	0	0	1	0	0	0	1	0	R
NMDC20556475	0	0	0	0	0	0	0	0	0	1	0	1	0	0	1	1	0	0	1	0	R
NMDC20588395	0	0	0	0	0	0	0	0	0	0	1	1	0	1	1	0	0	0	1	0	R
NMDC20588408	0	1	0	0	0	1	0	0	0	1	0	1	0	0	1	1	0	0	1	0	R
NMDC20556484	0	0	0	0	0	0	0	0	0	0	1	1	0	1	1	0	0	0	1	0	R
NMDC20552483	0	0	0	0	0	0	0	0	0	0	1	1	0	1	1	0	0	0	1	0	R
NMDC20556485	0	0	0	0	0	0	0	0	0	1	0	1	0	0	0	1	0	0	1	0	R
NMDC20588425	0	1	1	0	1	0	0	0	0	1	0	1	0	0	1	0	0	0	1	0	R
NMDC20556486	0	0	0	0	0	1	0	0	0	1	0	1	0	0	1	1	0	0	1	0	R
NMDC20588428	1	0	0	0	0	1	0	0	0	1	0	1	0	0	1	1	1	0	1	0	R
NMDC20558504	1	0	0	0	0	0	1	0	0	1	0	1	1	0	1	1	0	0	1	0	R
NMDC20554498	1	0	0	0	0	1	0	0	0	1	0	1	0	0	1	1	0	0	1	0	R
NMDC20552495	1	0	0	0	0	1	0	0	0	1	0	1	0	0	1	1	1	0	1	0	R
NMDC20588439	0	1	0	0	0	0	0	0	1	0	1	1	0	1	1	0	0	0	1	1	R
NMDC20552498	0	1	0	0	0	0	0	0	1	0	1	1	0	1	1	0	0	0	1	1	R
NMDC20556493	1	0	0	0	0	1	0	0	0	1	0	1	0	0	1	1	1	0	1	0	R
NMDC20588450	1	0	0	1	0	1	0	0	0	0	1	1	0	0	1	0	0	0	0	0	R
NMDC20558512	1	1	0	1	0	0	1	0	0	1	0	1	0	0	1	0	0	0	1	0	R
NMDC20558513	1	0	0	0	1	1	0	0	0	1	0	1	0	0	1	0	0	0	1	0	R
NMDC20556501	1	0	0	0	0	0	1	0	0	1	0	1	0	0	1	1	0	0	1	0	R
NMDC20558515	1	0	0	0	0	0	1	0	0	1	0	1	0	0	1	1	0	0	1	0	R
NMDC20556500	1	0	0	0	0	0	1	0	0	1	0	1	0	0	1	1	0	0	1	0	R
NMDC20588459	0	0	0	0	0	0	0	0	0	1	0	1	0	0	1	1	0	0	1	0	R
NMDC20556502	0	0	0	0	0	0	0	0	0	0	1	1	0	1	1	0	0	0	1	0	R
NMDC20552510	1	0	0	0	0	1	0	0	0	1	0	1	0	0	1	1	1	0	1	0	R
NMDC20552511	1	0	0	0	0	1	0	0	0	1	0	1	0	0	1	1	1	0	1	0	R
NMDC20588466	1	1	0	1	0	1	0	0	0	1	0	0	0	0	1	1	0	0	1	0	R
NMDC20588467	1	0	0	0	0	1	0	0	0	1	0	1	0	0	1	1	1	0	1	0	R
NMDC20552513	1	1	1	0	0	0	0	0	0	1	0	1	0	0	1	1	0	0	1	0	R
NMDC20556503	1	0	0	0	0	1	0	0	0	1	0	1	0	0	1	1	1	0	1	0	R
NMDC20556504	1	0	0	0	0	1	0	0	0	1	0	1	0	0	1	1	1	0	1	0	R
NMDC20588469	1	0	0	0	0	1	0	0	0	1	0	1	0	0	1	1	1	0	1	0	R
NMDC20558518	0	0	0	0	0	0	0	0	0	0	1	1	0	1	1	0	0	0	1	0	R
NMDC20588471	1	0	0	0	0	1	0	0	0	1	0	1	0	0	1	1	1	0	1	0	R
NMDC20556505	1	0	0	0	0	0	1	0	0	1	1	1	0	0	1	1	0	0	1	0	R
NMDC20552516	1	0	0	0	0	1	0	0	0	1	0	1	0	0	1	1	1	0	1	0	R
NMDC20588474	0	0	0	0	0	0	0	0	0	0	1	1	0	1	1	0	0	0	1	0	R
NMDC20588475	1	0	0	0	0	1	0	0	0	1	0	1	0	0	1	1	1	0	1	0	R
NMDC20558524	1	0	0	0	0	0	1	0	0	1	0	1	0	0	1	1	0	0	1	0	R
NMDC20588480	0	0	0	0	0	0	0	0	0	0	1	1	0	1	1	0	0	0	1	0	R
NMDC20588481	1	0	0	0	0	1	0	0	0	1	0	1	0	0	1	0	1	0	1	0	R
NMDC20552521	1	0	0	1	0	1	0	0	0	0	1	1	0	0	1	0	1	0	1	0	R
NMDC20558527	1	0	0	0	0	1	0	0	0	1	0	1	0	0	0	1	1	0	1	0	R
NMDC20588482	1	0	0	0	0	1	0	0	0	1	0	1	0	0	1	1	0	0	1	0	R
NMDC20588484	0	0	0	0	0	0	0	0	0	1	0	1	0	0	1	1	0	0	1	0	R
NMDC20588487	0	1	0	0	0	0	0	0	0	0	1	1	0	0	1	0	0	1	1	0	R
NMDC20588488	1	1	0	0	0	0	0	0	1	1	0	1	0	0	1	1	0	0	1	1	R
NMDC20554527	1	0	0	0	0	1	0	0	0	1	0	1	0	0	1	1	1	0	1	0	R
NMDC20588490	1	1	1	0	0	0	0	0	0	1	0	1	0	0	1	1	0	0	1	0	R
NMDC20556515	1	0	0	0	0	1	0	0	0	1	0	1	0	0	1	1	1	0	1	0	R
NMDC20588495	1	1	1	0	0	0	0	0	0	1	0	1	0	0	1	1	0	0	1	0	R
NMDC20554531	1	0	0	1	0	1	0	0	0	0	1	1	0	0	1	0	1	0	1	0	R
NMDC20552530	0	1	0	0	0	0	0	0	0	1	0	1	0	0	1	1	0	0	1	0	R
NMDC20588498	1	1	1	0	0	0	0	0	0	1	0	1	0	0	1	1	0	0	1	0	R
NMDC20552531	1	0	0	0	0	1	0	0	0	1	0	1	0	0	1	1	1	0	1	0	R
NMDC20558532	0	0	0	0	0	0	1	0	0	1	0	1	0	0	1	1	0	0	1	0	R
NMDC20556524	1	1	0	1	0	1	0	0	0	1	0	0	0	0	1	1	0	0	1	0	R
NMDC20554533	1	0	0	0	0	1	0	0	0	1	0	1	0	0	1	1	1	0	1	0	R
NMDC20588506	1	1	0	1	0	1	0	0	0	1	0	0	0	0	1	1	0	0	1	0	R
NMDC20588509	1	0	0	0	0	0	1	0	0	1	0	1	0	0	1	1	0	0	1	0	R
NMDC20588510	1	0	0	0	0	0	1	0	0	1	0	1	0	0	1	1	0	0	1	0	R
NMDC20552539	1	0	0	0	0	1	0	0	0	1	0	1	0	0	1	0	1	0	1	0	R
NMDC20588512	0	1	0	0	0	0	0	0	1	0	1	1	0	1	1	0	0	0	1	1	R
NMDC20588513	1	0	0	0	0	0	1	0	0	1	0	1	0	0	1	1	0	0	1	0	R
NMDC20588515	0	1	0	0	0	0	0	0	1	0	1	1	0	1	1	0	0	0	1	1	R
NMDC20554539	1	0	0	0	0	1	0	0	0	1	0	1	0	0	1	1	1	0	1	0	R
NMDC20554540	1	0	0	0	0	1	0	0	0	1	0	1	0	0	1	1	1	0	1	0	R
NMDC20554541	1	1	0	0	0	0	0	0	1	1	0	1	0	0	1	1	0	0	1	1	R
NMDC20558540	0	1	0	0	0	0	0	0	1	0	1	1	0	1	1	0	0	0	1	1	R
NMDC20588517	0	1	0	0	0	0	0	0	1	0	1	1	0	1	1	0	0	0	1	1	R
NMDC20554542	0	1	0	0	0	0	0	0	1	0	1	1	0	1	1	0	0	0	1	1	R
NMDC20554546	1	0	0	1	0	1	0	0	0	0	1	1	0	0	1	0	0	0	0	0	R
NMDC20554545	1	1	0	1	0	0	1	0	0	1	0	1	0	0	1	0	0	0	1	0	R
NMDC20558542	1	0	0	0	0	1	0	0	0	1	0	1	0	0	1	0	1	0	1	0	R
NMDC20558543	1	1	1	0	0	0	0	0	0	1	0	1	0	0	1	1	0	0	1	0	R
NMDC20554547	1	0	0	0	0	1	0	0	0	1	0	1	0	0	1	1	1	0	1	0	R
NMDC20588526	1	0	0	0	0	0	1	0	0	1	0	1	0	0	1	1	0	0	1	0	R
NMDC20588527	1	1	1	0	1	0	0	0	0	1	0	1	0	0	1	0	0	0	1	0	R
NMDC20554549	1	0	0	0	0	0	1	0	0	1	0	1	0	0	1	1	0	0	1	0	R
NMDC20552548	1	0	0	0	0	0	1	0	0	1	0	1	0	0	1	1	0	0	1	0	R
NMDC20558546	0	0	0	0	0	0	1	0	0	1	0	1	0	0	1	1	0	0	1	0	R
NMDC20558548	1	0	0	0	0	1	0	0	0	1	0	1	0	0	1	0	1	0	1	0	R
NMDC20556539	1	0	0	0	0	0	1	0	0	1	0	1	0	0	1	1	0	0	1	0	R
NMDC20558550	1	0	0	0	0	0	1	0	0	1	0	1	0	0	1	1	0	0	1	0	R
NMDC20588540	0	1	0	0	0	0	0	0	1	0	1	1	0	1	1	0	0	0	1	1	R
NMDC20554552	0	1	0	0	0	0	0	0	1	0	1	1	0	1	1	0	0	0	1	1	R
NMDC20588542	1	0	0	0	0	0	1	0	0	1	0	1	0	0	1	1	0	0	1	0	R
NMDC20588543	1	0	0	0	0	1	0	0	0	1	0	0	0	0	1	1	0	0	1	0	R
NMDC20588544	1	0	0	0	0	1	0	0	0	1	0	1	0	0	1	1	1	0	1	0	R
NMDC20556541	1	0	0	0	0	1	0	0	0	1	0	1	0	0	1	1	1	0	1	0	R
NMDC20556544	1	0	0	0	0	1	0	0	0	1	0	1	0	0	1	1	1	0	1	0	R
NMDC20588546	1	0	0	0	0	0	1	0	0	1	0	1	0	0	1	1	0	0	1	0	R
NMDC20588553	0	0	0	0	0	0	1	0	0	1	0	1	0	0	1	1	0	0	1	0	R
NMDC20588555	0	0	0	0	0	0	1	0	0	1	0	1	0	0	1	1	0	0	1	0	R
NMDC20588556	0	1	0	0	0	0	0	0	1	0	1	1	0	1	1	0	0	0	1	1	R
NMDC20588558	1	1	1	0	0	0	0	0	0	1	0	1	0	0	1	1	0	0	1	0	R
NMDC20554557	1	1	1	0	1	0	0	0	0	1	0	1	0	0	1	0	0	0	1	0	R
NMDC20588559	1	1	0	0	0	0	0	0	1	0	0	1	0	1	1	0	0	0	1	1	R
NMDC20552555	1	0	0	0	0	0	0	0	1	1	0	1	0	0	1	1	0	0	1	1	R
NMDC20558556	1	0	0	0	0	0	1	0	0	1	0	1	0	0	1	1	0	0	1	0	R
NMDC20588560	1	0	0	0	0	1	0	0	0	1	0	1	0	0	1	1	1	0	1	0	R
NMDC20552556	1	0	1	0	1	0	0	0	0	1	0	1	0	0	1	0	0	0	1	0	R
NMDC20552557	1	0	0	0	0	1	0	0	0	1	0	1	0	0	1	0	1	0	1	0	R
NMDC20558560	1	0	0	0	0	1	0	0	0	1	0	1	0	0	1	1	1	0	1	0	R
NMDC20556553	0	0	0	0	0	1	0	0	0	1	0	1	0	0	1	1	0	0	1	0	R
NMDC20556554	0	1	0	0	0	0	0	0	1	0	1	1	0	1	1	0	0	0	1	1	R
NMDC20588564	1	0	0	0	0	0	1	0	0	1	0	1	0	0	1	1	0	0	1	0	R
NMDC20552559	0	1	1	0	0	0	0	0	0	1	0	1	0	0	1	1	0	0	1	0	R
NMDC20556555	1	0	0	0	0	0	1	0	0	1	0	1	0	0	1	1	0	0	1	0	R
NMDC20552560	1	0	0	0	0	1	0	0	0	1	0	1	0	0	1	0	1	0	1	0	R
NMDC20552561	0	1	0	0	0	0	0	0	1	0	1	1	0	1	1	0	0	0	1	1	R
NMDC20588568	0	0	0	0	0	1	0	0	0	1	0	1	0	0	1	1	0	0	1	0	R
NMDC20558564	1	0	0	0	1	1	0	0	0	1	0	1	0	0	1	0	1	0	1	0	R
NMDC20554565	1	0	0	0	0	1	0	0	0	1	0	1	0	0	1	1	1	0	1	0	R
NMDC20558571	0	0	0	0	0	0	0	0	0	0	1	1	0	1	1	0	0	0	1	0	R
NMDC20554567	1	1	0	0	0	1	0	0	0	0	1	1	0	1	1	0	0	0	1	0	R
NMDC20588579	0	0	0	0	0	0	0	0	0	0	1	1	0	1	1	0	0	0	1	0	R
NMDC20558572	0	0	0	0	0	0	0	0	0	0	1	1	0	1	1	0	0	0	1	0	R
NMDC20588582	0	0	0	1	0	0	1	0	0	1	0	1	0	0	1	0	0	0	1	0	R
NMDC20554570	1	0	0	1	0	0	1	0	0	1	0	1	0	0	1	0	0	0	1	0	R
NMDC20588587	0	0	0	1	0	0	0	0	0	1	0	1	0	0	1	0	0	0	1	0	R
NMDC20588591	1	0	0	1	0	1	0	0	0	0	1	1	0	0	1	0	1	0	1	0	R
NMDC20556563	1	0	0	1	0	1	0	0	0	0	1	1	0	0	1	0	0	0	0	0	R
NMDC20588598	0	1	0	1	0	0	0	0	0	0	1	1	0	0	1	0	0	1	0	0	R
NMDC20556564	1	0	0	1	0	1	0	0	0	0	1	1	0	0	1	0	1	0	1	0	R
NMDC20588603	1	0	0	1	0	1	0	0	0	0	1	1	0	0	1	0	0	0	0	0	R
NMDC20588605	1	0	0	1	0	1	0	0	0	0	1	1	0	0	1	0	1	0	1	0	R
NMDC20588606	1	0	0	1	0	1	0	0	0	0	1	1	0	0	1	0	1	0	1	0	R
NMDC20588608	1	0	0	1	0	1	0	0	0	0	1	1	0	0	1	0	0	0	0	0	R
NMDC20588609	1	0	0	1	0	1	0	0	0	0	1	1	0	0	1	0	1	0	1	0	R
NMDC20588610	1	0	0	1	0	1	0	0	0	0	1	1	0	0	1	0	1	0	1	0	R
NMDC20588611	1	0	0	0	1	1	0	0	0	1	0	1	0	0	1	0	0	0	1	0	R
NMDC20556566	1	0	0	1	0	1	0	0	0	0	1	1	0	0	1	0	1	0	1	0	R
NMDC20556567	1	0	0	0	0	0	1	0	0	1	1	1	0	0	1	1	0	0	1	0	R
NMDC20588619	1	0	0	0	0	1	0	0	0	1	0	1	0	0	1	1	1	0	1	0	R
NMDC20552573	1	0	0	0	0	1	0	0	0	1	0	1	0	0	1	1	1	0	1	0	R
NMDC20588622	1	0	0	0	0	1	0	0	0	1	0	1	0	0	1	1	0	0	1	0	R
NMDC20554577	0	1	1	0	0	0	0	0	0	1	0	1	0	0	1	1	0	0	1	0	R
NMDC20588629	1	0	0	0	0	0	1	0	0	1	0	1	0	0	1	1	0	0	1	0	R
NMDC20588630	0	1	1	0	0	0	0	0	0	1	0	1	0	0	1	1	0	0	1	0	R
NMDC20588632	1	0	0	0	0	0	0	0	1	1	0	1	0	0	1	1	0	0	1	1	R
NMDC20556575	1	0	0	0	0	1	0	0	0	1	0	1	0	0	1	1	1	0	1	0	R
NMDC20556576	1	0	0	0	0	1	0	0	0	1	0	1	0	0	1	1	0	0	1	0	R
NMDC20552579	1	0	0	0	0	1	0	0	0	1	0	1	0	0	1	1	0	0	1	0	R
NMDC20558608	1	1	1	0	1	0	0	0	0	1	0	1	0	0	1	0	0	0	1	0	R
NMDC20554605	1	0	0	0	0	0	1	0	0	1	0	1	0	0	1	1	0	0	1	0	R
NMDC20588836	1	1	1	0	1	0	0	0	0	1	0	1	0	0	1	0	0	0	1	0	R
NMDC20588837	1	0	0	1	0	1	0	0	0	0	1	1	0	0	1	0	1	0	1	0	R
NMDC20558613	0	1	0	0	0	1	0	0	0	1	0	1	0	0	0	1	0	0	1	0	R
NMDC20588847	1	0	0	0	0	1	0	0	0	1	0	1	0	0	1	0	1	0	1	0	R
NMDC20554609	0	1	0	0	0	1	0	0	0	1	0	1	0	0	0	1	0	0	1	0	R
NMDC20588851	1	1	1	0	0	0	0	0	1	1	1	1	0	0	1	1	0	0	1	1	R
NMDC20588853	1	1	0	1	0	0	1	0	0	1	0	1	0	0	1	0	0	0	1	0	R
NMDC20558617	1	0	0	1	0	1	0	0	0	0	1	1	0	0	1	0	0	0	0	0	R
NMDC20554613	1	0	0	0	0	0	1	0	0	1	0	1	0	0	1	1	0	0	1	0	R
NMDC20588855	1	0	0	1	0	1	0	0	0	0	1	1	0	0	1	0	0	0	0	0	R
NMDC20556608	1	1	0	1	0	1	0	1	0	1	0	1	0	0	1	0	0	0	1	0	R
NMDC20558619	1	0	0	0	0	1	0	0	0	1	0	1	0	0	1	1	1	0	1	0	R
NMDC20552615	1	1	0	0	0	1	0	0	0	1	0	1	0	0	1	1	0	0	1	0	R
NMDC20588857	0	1	1	0	1	0	0	0	0	1	0	1	0	0	1	0	0	0	1	0	R
NMDC20588860	1	0	0	1	0	0	0	0	0	1	0	0	0	0	0	1	0	0	1	0	R
NMDC20556610	1	0	0	0	0	1	0	0	0	1	0	1	0	0	0	0	1	0	0	0	R
NMDC20558621	0	0	0	1	0	1	0	0	0	1	0	0	0	0	0	1	0	0	1	0	R
NMDC20558622	1	0	0	1	0	1	0	0	0	0	1	1	0	0	1	0	1	0	1	0	R
NMDC20558623	1	0	0	1	0	1	0	0	0	0	1	1	0	0	1	0	1	0	1	0	R
NMDC20552617	1	1	0	0	0	1	1	0	0	1	0	1	0	0	0	1	0	0	1	0	R
NMDC20554616	0	0	0	0	0	0	0	0	0	1	0	1	0	0	1	1	0	0	1	0	R
NMDC20556612	1	1	1	0	1	0	0	0	0	1	0	1	0	0	1	0	0	0	1	0	R
NMDC20558626	1	0	0	0	0	1	0	0	0	1	0	1	0	0	1	1	1	0	1	0	R
NMDC20558625	1	0	0	0	0	1	0	0	0	1	0	1	0	0	1	1	1	0	1	0	R
NMDC20588871	1	0	0	0	0	1	0	0	0	1	0	1	0	0	1	1	1	0	1	0	R
NMDC20588874	1	0	0	0	0	1	0	0	0	1	0	1	0	0	1	1	1	0	1	0	R
NMDC20552620	1	0	0	0	0	1	0	0	0	1	0	1	0	0	1	1	1	0	1	0	R
NMDC20554620	0	1	0	0	0	1	0	0	0	1	0	1	0	0	0	1	0	0	1	0	R
NMDC20588876	1	0	0	0	1	1	0	0	0	1	0	1	0	0	1	0	0	0	1	0	R
NMDC20588877	1	0	0	1	0	0	1	0	0	1	0	1	0	0	1	0	0	0	1	0	R
NMDC20556618	1	0	0	0	0	1	0	0	0	1	0	1	0	0	1	1	1	0	1	0	R
NMDC20556616	0	0	0	0	0	1	0	0	0	1	1	1	0	0	1	0	0	0	1	0	R
NMDC20556617	1	0	0	1	0	1	0	0	0	0	1	1	0	0	1	0	1	0	1	0	R
NMDC20588880	1	0	0	0	0	0	1	0	0	1	0	1	1	0	1	1	0	0	1	0	R
NMDC20588881	0	1	0	0	0	1	0	0	0	1	0	1	0	0	0	1	0	0	1	0	R
NMDC20588882	1	0	0	0	0	1	0	0	0	1	0	1	0	0	0	0	1	0	0	0	R
NMDC20558628	1	0	0	0	0	1	0	0	0	1	0	1	0	0	1	1	1	0	1	0	R
NMDC20588884	1	1	1	0	1	0	0	0	0	1	0	1	0	0	1	0	0	0	1	0	R
NMDC20588885	1	0	0	0	0	1	0	0	0	1	0	1	0	0	1	0	1	0	1	0	R
NMDC20588886	0	0	0	0	0	0	0	0	0	1	0	0	0	0	1	1	0	0	0	0	R
NMDC20556620	0	1	0	0	0	1	0	0	0	1	0	1	0	0	0	1	0	0	1	0	R
NMDC20554621	1	1	1	0	1	0	0	0	0	1	0	1	0	0	1	0	0	0	1	0	R
NMDC20556621	1	1	1	0	1	0	0	0	0	1	0	1	0	0	1	0	0	0	1	0	R
NMDC20588889	1	1	1	0	0	0	0	0	0	1	0	1	0	0	1	1	0	0	1	0	R
NMDC20552624	1	1	0	0	0	0	1	0	0	1	0	1	0	0	1	1	0	0	1	0	R
NMDC20556622	1	0	0	0	0	0	1	0	0	1	0	1	0	0	1	1	0	0	1	0	R
NMDC20588890	1	0	0	1	0	1	0	0	0	1	1	1	0	0	1	0	0	0	1	0	R
NMDC20554625	0	1	0	0	0	1	0	0	0	1	0	1	0	0	0	1	0	0	1	0	R
NMDC20554628	0	0	0	0	1	1	0	0	0	1	0	1	0	0	1	0	0	0	1	0	R
NMDC20558635	0	0	0	1	0	1	0	0	0	1	0	0	0	0	0	1	0	0	1	0	R
NMDC20558636	1	1	1	0	1	0	0	0	0	1	0	1	0	0	1	0	0	0	1	0	R
NMDC20556626	1	1	0	1	0	1	0	0	0	1	0	0	0	0	1	1	0	0	1	0	R
NMDC20556628	1	0	0	0	1	1	0	0	0	1	0	1	0	0	1	0	0	0	1	0	R
NMDC20558637	1	0	0	0	0	1	0	0	0	1	0	1	0	0	1	1	0	0	1	0	R
NMDC20554634	1	0	0	1	0	0	0	0	1	1	0	0	0	0	1	1	0	0	1	1	R
NMDC20558638	1	0	0	1	0	0	0	0	0	1	0	0	0	0	0	1	0	0	1	0	R
NMDC20552632	1	0	0	0	0	0	1	0	0	1	1	1	0	0	1	1	0	0	1	0	R
NMDC20588912	1	1	1	0	1	0	0	0	0	1	0	1	0	0	1	0	0	0	1	0	R
NMDC20558639	0	1	0	0	0	1	0	0	0	1	0	1	0	0	0	1	0	0	1	0	R
NMDC20588918	1	1	1	0	1	0	0	0	0	1	0	1	0	0	1	0	0	0	1	0	R
NMDC20554639	1	1	1	0	1	0	0	0	0	1	0	1	0	0	1	0	0	0	1	0	R
NMDC20554643	1	0	0	0	0	1	0	0	0	1	0	1	0	0	1	1	1	0	1	0	R
NMDC20556640	0	0	0	0	0	0	0	0	0	0	1	1	0	1	1	0	0	0	1	0	R
NMDC20556641	0	0	0	0	0	0	0	0	0	0	1	1	0	1	1	0	0	0	1	0	R
NMDC20552637	1	0	0	0	0	1	0	0	0	1	0	1	0	0	1	1	1	0	1	0	R
NMDC20588928	0	1	0	0	0	0	0	0	0	1	0	1	0	0	1	1	0	0	1	0	R
NMDC20588929	1	0	0	0	0	0	1	0	0	1	0	1	0	0	1	1	0	0	1	0	R
NMDC20588932	1	0	0	1	0	1	0	0	0	0	1	1	0	0	1	0	1	0	1	0	R
NMDC20554644	0	0	0	1	0	1	0	0	0	0	1	1	0	0	1	0	0	0	1	0	R
NMDC20588934	1	0	0	1	0	1	0	0	0	0	1	1	0	0	1	0	1	0	1	0	R
NMDC20558645	1	1	1	0	1	0	0	0	0	1	0	1	0	0	1	0	0	0	1	0	R
NMDC20552641	0	1	0	0	0	1	0	0	0	1	0	1	0	0	0	1	0	0	1	0	R
NMDC20556647	1	0	0	0	0	0	1	0	0	1	0	1	0	0	1	1	0	0	1	0	R
NMDC20552642	0	1	0	0	0	1	0	0	0	1	0	1	0	0	0	1	0	0	1	0	R
NMDC20552644	1	0	0	0	0	1	0	0	0	1	0	1	0	0	1	0	1	0	1	0	R
NMDC20588940	0	0	0	0	0	1	0	0	0	1	0	1	0	0	1	1	0	0	1	0	R
NMDC20588942	1	0	0	0	0	1	0	0	0	1	0	1	0	0	1	1	1	0	1	0	R
NMDC20554648	1	1	1	0	1	0	0	0	0	1	0	1	0	0	1	0	0	0	1	0	R
NMDC20588944	1	0	0	0	0	1	0	0	0	1	0	1	0	0	1	1	1	0	0	0	R
NMDC20588945	1	0	0	0	0	1	0	0	0	1	0	1	0	0	1	1	1	0	1	0	R
NMDC20588947	1	0	0	0	0	1	0	0	0	1	0	1	0	0	1	1	1	0	1	0	R
NMDC20558648	0	1	1	0	0	0	0	0	0	1	0	1	0	0	1	1	0	0	1	0	R
NMDC20556652	1	0	0	0	0	1	0	0	0	1	0	1	0	0	1	1	1	0	1	0	R
NMDC20554651	0	1	0	0	0	1	0	0	0	1	0	1	0	0	0	1	0	0	1	0	R
NMDC20588949	0	0	0	1	0	0	0	0	0	1	0	0	0	0	1	1	0	0	1	1	R
NMDC20552650	1	1	1	0	1	0	0	0	0	1	0	1	0	0	1	0	0	0	1	0	R
NMDC20552651	1	1	1	0	1	0	0	0	0	1	0	1	0	0	1	0	0	0	1	0	R
NMDC20552652	1	1	1	0	1	0	0	0	0	1	0	1	0	0	1	0	0	0	1	0	R
NMDC20556654	1	0	0	0	0	1	0	0	0	1	0	1	0	0	1	1	1	0	1	0	R
NMDC20554652	0	1	0	0	0	1	0	0	0	1	0	1	0	0	0	1	0	0	1	0	R
NMDC20554653	0	1	0	0	0	0	0	0	0	1	1	1	0	0	1	1	0	0	1	0	R
NMDC20588953	1	1	1	0	1	0	0	0	0	1	0	1	0	0	1	0	0	0	1	0	R
NMDC20556656	0	0	0	0	0	1	0	0	0	1	1	1	0	0	1	0	0	0	1	0	R
NMDC20552653	1	0	0	1	0	1	0	0	0	0	1	1	0	0	1	0	0	0	0	0	R
NMDC20588959	1	0	0	0	0	1	0	0	0	1	0	1	0	0	1	1	1	0	1	0	R
NMDC20554656	1	0	0	1	0	1	0	0	0	1	0	1	0	0	1	0	1	0	1	0	R
NMDC20588961	1	1	1	0	1	0	0	0	0	1	0	1	0	0	1	0	0	0	1	0	R
NMDC20588962	0	1	0	0	0	1	0	0	0	1	0	1	0	0	0	1	0	0	1	0	R
NMDC20552655	1	1	1	0	1	0	0	0	0	1	0	1	0	0	1	0	0	0	1	0	R
NMDC20588963	1	1	1	0	1	0	0	0	0	1	0	1	0	0	1	0	0	0	1	0	R
NMDC20588964	1	0	0	0	0	0	1	0	0	1	0	1	0	0	1	1	0	0	1	0	R
NMDC20588965	1	0	0	1	0	1	0	0	0	0	1	1	0	0	1	0	0	0	0	0	R
NMDC20558657	1	1	1	0	1	0	0	0	0	1	0	1	0	0	1	0	0	0	1	0	R
NMDC20554658	1	0	0	0	1	1	0	0	0	1	0	1	0	0	1	0	0	0	1	0	R
NMDC20588968	1	0	0	0	0	1	0	0	0	1	0	1	0	0	1	1	1	0	1	0	R
NMDC20588975	1	0	0	1	0	1	0	0	0	0	1	1	0	0	1	0	1	0	1	0	R
NMDC20558659	1	1	1	0	1	0	0	0	0	1	0	1	0	0	1	0	0	0	1	0	R
NMDC20558660	1	0	0	1	0	1	0	0	0	0	1	1	0	0	1	0	1	0	1	0	R
NMDC20556663	1	1	1	0	1	0	0	0	0	1	0	1	0	0	1	0	0	0	1	0	R
NMDC20554663	1	0	0	0	0	0	1	0	0	1	0	1	0	0	1	1	0	0	1	0	R
NMDC20588981	0	1	1	0	0	0	0	0	0	1	0	1	0	0	1	1	0	0	1	0	R
NMDC20588982	1	1	1	0	1	0	0	0	0	1	0	1	0	0	1	0	0	0	1	0	R
NMDC20588983	0	1	0	0	0	1	0	0	0	1	1	1	0	0	1	1	0	0	1	0	R
NMDC20588987	1	0	0	1	0	1	0	0	0	0	1	1	0	0	1	0	1	0	1	0	R
NMDC20588988	1	0	0	1	0	1	0	0	0	0	1	1	0	0	1	0	0	0	0	0	R
NMDC20588989	0	0	0	0	0	0	0	0	0	1	0	0	0	0	1	1	0	0	0	0	R
NMDC20552664	1	0	0	0	0	1	0	0	0	1	0	1	0	0	1	1	0	0	1	0	R
NMDC20588993	0	0	0	0	0	1	0	0	0	1	1	1	0	0	1	0	0	0	1	0	R
NMDC20552665	1	1	1	1	0	0	0	0	0	1	0	0	0	0	1	1	0	0	1	0	R
NMDC20588995	1	1	1	0	1	0	0	0	0	1	0	1	0	0	1	0	0	0	1	0	R
NMDC20556666	0	1	0	0	0	1	0	0	0	1	0	1	0	0	0	1	0	0	1	0	R
NMDC20552666	1	0	0	0	0	1	0	0	0	1	0	1	0	0	1	1	1	0	1	0	R
NMDC20556667	1	1	1	0	1	0	0	0	0	1	0	1	0	0	1	0	0	0	1	0	R
NMDC20582475	0	0	0	0	0	0	0	0	0	1	0	1	0	0	1	1	0	0	1	0	S
NMDC20582526	0	0	0	0	0	0	0	0	0	0	1	1	0	1	1	0	0	0	1	0	S
NMDC20582531	0	0	0	0	0	0	0	0	0	0	1	1	0	1	1	0	0	0	1	0	S
NMDC20582534	0	0	0	0	0	0	0	0	0	0	1	1	0	1	1	0	0	0	1	0	S
NMDC20582541	0	0	0	0	0	0	0	0	0	1	0	1	0	0	1	1	0	0	1	0	S
NMDC20554787	0	0	0	0	0	0	0	0	0	1	0	1	0	0	1	1	0	0	1	0	S
NMDC20552809	0	0	0	0	0	0	0	0	0	1	0	1	0	0	1	1	0	0	1	0	S
NMDC20582544	0	0	0	0	0	0	0	0	0	1	0	1	0	0	1	1	0	0	1	0	S
NMDC20550799	0	0	0	0	0	0	0	0	0	0	1	1	0	1	1	0	0	0	1	0	S
NMDC20552810	0	0	0	0	0	0	0	0	0	1	0	1	0	0	1	1	0	0	1	0	S
NMDC20582549	0	1	0	0	0	1	0	0	0	1	0	1	0	0	0	1	0	0	1	0	S
NMDC20554792	0	0	0	1	0	0	0	0	0	0	1	1	0	0	1	0	0	0	0	0	S
NMDC20582589	0	0	0	0	0	0	0	0	0	0	1	1	0	1	1	0	0	0	1	0	S
NMDC20582590	0	0	0	0	0	0	0	0	0	0	1	1	0	1	1	0	0	0	1	0	S
NMDC20582591	0	0	0	0	0	0	0	0	0	0	1	1	0	1	1	0	0	0	1	0	S
NMDC20554794	0	1	0	0	0	0	0	0	0	1	1	1	0	0	1	1	0	0	1	0	S
NMDC20556818	0	0	0	0	0	0	0	0	0	1	0	1	0	0	1	1	0	0	1	0	S
NMDC20550805	0	0	0	0	0	0	0	0	0	0	1	1	0	1	1	0	0	0	1	0	S
NMDC20582620	0	0	0	0	0	0	0	0	0	0	1	1	0	1	1	0	0	0	1	0	S
NMDC20582621	0	0	0	1	0	0	0	0	0	1	0	0	0	0	1	1	0	0	1	0	S
NMDC20582622	0	0	0	1	0	0	0	0	0	1	0	0	0	0	1	1	0	0	1	0	S
NMDC20582806	0	0	0	0	0	0	0	0	0	1	0	1	0	0	1	1	0	0	1	0	S
NMDC20554868	0	0	0	0	0	0	0	0	0	1	1	1	0	0	1	1	0	0	1	0	S
NMDC20550879	0	0	0	0	0	0	0	0	0	1	0	1	0	0	1	1	0	0	1	0	S
NMDC20582811	0	0	0	0	0	0	0	0	0	1	0	1	0	0	1	1	0	0	1	0	S
NMDC20552899	0	0	0	0	0	0	0	0	0	0	1	1	0	1	1	0	0	0	1	0	S
NMDC20556884	0	0	0	0	0	0	0	0	0	1	0	1	0	0	1	1	0	0	1	0	S
NMDC20554871	0	0	0	0	0	0	0	0	0	1	0	1	0	0	1	1	0	0	1	0	S
NMDC20582814	0	0	0	0	0	0	0	0	0	0	1	1	0	1	1	0	0	0	1	0	S
NMDC20556886	0	0	0	0	0	0	0	0	0	0	1	1	0	1	1	0	0	0	1	0	S
NMDC20582816	0	0	0	0	1	0	0	0	0	1	0	1	0	0	1	0	0	0	1	0	S
NMDC20556887	0	0	0	0	0	0	0	0	0	1	0	1	0	0	1	1	0	0	1	0	S
NMDC20582817	0	0	0	0	0	0	0	0	0	1	1	1	0	0	1	1	0	0	1	0	S
NMDC20582818	0	0	0	0	0	0	0	0	0	1	0	1	0	0	1	1	0	0	1	0	S
NMDC20550882	0	0	0	0	1	0	0	0	0	1	0	0	0	0	0	0	0	0	1	0	S
NMDC20552901	0	0	0	0	0	0	0	0	0	1	0	0	0	0	1	1	0	0	0	0	S
NMDC20582821	0	0	0	0	0	0	0	0	0	1	1	1	0	0	1	1	0	0	1	0	S
NMDC20582822	0	0	0	0	1	0	0	0	0	1	0	1	0	0	1	0	0	0	1	0	S
NMDC20554874	0	0	0	0	1	0	0	0	0	1	0	0	0	0	0	0	0	0	1	0	S
NMDC20552904	0	0	0	0	0	0	0	0	0	1	0	1	0	0	1	1	0	0	1	0	S
NMDC20554875	0	0	0	0	0	0	0	0	0	1	0	1	0	0	1	1	0	0	1	0	S
NMDC20582824	1	0	0	0	0	0	0	0	0	0	1	1	0	1	1	0	0	0	1	0	S
NMDC20582825	0	0	0	0	0	0	0	0	0	1	0	1	0	0	1	1	0	0	1	0	S
NMDC20582826	0	0	0	0	0	0	0	0	0	0	1	1	0	1	1	0	0	0	1	0	S
NMDC20552905	0	0	0	0	0	0	0	0	0	1	0	1	0	0	1	1	0	0	1	0	S
NMDC20556889	1	0	0	0	0	1	0	0	0	1	0	1	0	0	1	1	0	0	1	0	S
NMDC20582828	0	0	0	0	0	0	0	0	0	1	0	1	0	0	1	1	0	0	1	0	S
NMDC20554876	0	0	0	0	0	0	0	0	0	1	1	1	0	0	1	1	0	0	1	0	S
NMDC20556890	0	0	0	0	0	0	0	0	0	1	0	1	0	0	1	1	0	0	1	0	S
NMDC20582830	0	0	0	0	0	0	0	0	0	1	0	1	0	0	1	1	0	0	1	0	S
NMDC20582832	0	0	0	0	0	0	0	0	0	1	1	1	0	0	1	1	0	0	1	0	S
NMDC20556892	1	0	0	0	0	0	0	0	0	1	0	1	0	0	1	1	1	0	1	0	S
NMDC20552909	0	0	0	0	0	0	0	0	0	1	0	1	0	0	1	1	0	0	1	0	S
NMDC20550889	1	0	0	0	0	0	1	0	0	1	0	1	0	0	1	1	0	0	1	0	S
NMDC20550891	0	0	0	0	0	0	0	0	0	1	0	1	0	0	1	1	0	0	1	0	S
NMDC20554880	0	0	0	0	0	0	0	0	0	0	1	1	0	1	1	0	0	0	1	0	S
NMDC20582838	0	0	0	0	0	0	0	0	0	1	0	1	0	0	1	0	0	0	0	0	S
NMDC20554881	0	0	0	0	0	0	0	0	0	0	1	1	0	1	1	0	0	0	1	0	S
NMDC20556893	0	0	0	0	0	0	0	0	0	1	0	1	0	0	0	0	0	0	0	0	S
NMDC20552913	0	0	0	0	0	0	0	0	0	1	0	1	0	0	1	1	0	0	1	0	S
NMDC20550895	0	1	0	0	0	0	0	0	1	0	1	1	0	1	1	0	0	0	1	1	S
NMDC20556894	0	0	0	0	0	0	0	0	0	1	0	1	0	0	1	1	0	0	1	0	S
NMDC20582840	0	1	0	0	0	0	0	0	1	0	1	1	0	1	1	0	0	0	1	1	S
NMDC20556895	0	0	0	0	0	0	0	0	0	0	1	1	0	1	1	0	0	0	1	0	S
NMDC20556896	0	0	0	0	0	0	0	0	0	1	0	1	0	0	1	1	0	0	1	0	S
NMDC20552915	0	0	0	0	0	0	0	0	0	1	0	0	0	0	1	1	0	0	0	0	S
NMDC20552916	0	0	0	0	0	0	0	0	0	1	0	1	0	0	1	1	0	0	1	0	S
NMDC20550896	0	0	0	0	0	0	0	0	0	1	0	1	0	0	1	1	0	0	1	0	S
NMDC20556897	0	0	0	0	0	0	0	0	0	1	0	1	0	0	1	1	0	0	1	0	S
NMDC20552917	0	0	0	0	0	0	0	0	0	1	1	1	0	0	1	1	0	0	1	0	S
NMDC20554882	0	0	0	0	0	0	0	0	0	0	1	1	0	1	1	0	0	0	1	0	S
NMDC20550897	0	0	0	0	0	0	0	0	0	1	1	1	0	0	1	1	0	0	1	0	S
NMDC20556899	1	0	0	0	0	0	0	0	0	1	0	1	0	0	1	1	1	0	1	0	S
NMDC20550899	0	0	0	0	0	0	0	0	0	1	0	1	0	0	0	0	0	0	0	0	S
NMDC20552918	0	0	0	0	0	0	0	0	0	1	0	1	0	0	0	1	0	0	1	0	S
NMDC20582842	0	0	0	0	0	0	0	0	0	1	0	1	0	0	1	1	0	0	1	0	S
NMDC20552919	0	0	0	0	0	0	0	0	0	1	0	1	0	0	1	1	0	0	1	0	S
NMDC20550901	0	0	0	0	0	0	0	0	0	1	0	0	0	0	1	1	0	0	0	0	S
NMDC20550902	0	0	0	0	0	0	0	0	0	0	1	1	0	1	1	0	0	0	1	0	S
NMDC20556901	1	0	0	0	0	0	0	0	0	1	0	1	0	0	1	1	1	0	1	0	S
NMDC20582843	0	0	0	0	0	0	0	0	0	0	0	1	0	0	1	0	0	0	1	0	S
NMDC20582844	0	0	0	0	0	0	0	0	0	1	0	1	0	0	1	1	0	0	1	0	S
NMDC20556902	0	0	0	0	0	0	0	0	0	1	0	1	0	0	1	1	0	0	1	0	S
NMDC20582845	0	0	0	0	0	0	0	0	0	1	0	1	0	0	1	1	0	0	1	0	S
NMDC20582846	0	0	0	0	0	0	0	0	0	1	0	1	0	0	1	1	0	0	1	0	S
NMDC20556904	0	0	0	0	0	0	0	0	0	1	0	1	0	0	1	1	0	0	1	0	S
NMDC20554884	0	0	0	0	0	0	0	0	0	1	0	1	0	0	1	1	0	0	1	0	S
NMDC20582848	0	0	0	0	0	0	0	0	0	1	0	1	0	0	1	1	0	0	1	0	S
NMDC20582849	0	0	0	0	0	0	0	0	0	0	1	1	0	1	1	0	0	0	1	0	S
NMDC20556908	0	0	0	0	0	0	0	0	0	1	0	1	0	0	1	1	0	0	1	0	S
NMDC20582850	0	0	0	0	0	0	0	0	0	1	0	1	0	0	1	1	0	0	1	0	S
NMDC20556909	0	0	0	0	0	0	0	0	0	1	0	1	0	0	1	1	0	0	1	0	S
NMDC20554886	0	0	0	0	0	0	0	0	0	1	0	1	0	0	1	1	0	0	1	0	S
NMDC20582852	0	0	0	0	0	0	0	0	0	0	1	1	0	1	1	0	0	0	1	0	S
NMDC20556912	0	0	0	1	0	0	0	0	0	1	0	1	0	0	1	1	0	0	1	0	S
NMDC20550904	0	0	0	0	0	0	0	0	0	1	0	1	0	0	1	1	0	0	1	0	S
NMDC20582853	0	0	0	0	0	0	0	0	0	1	0	1	0	0	1	1	0	0	1	0	S
NMDC20550905	0	0	0	0	0	0	0	0	0	1	0	1	0	0	1	1	0	0	1	0	S
NMDC20552922	0	0	0	0	0	0	0	0	0	0	1	1	0	1	1	0	0	0	1	0	S
NMDC20550906	0	0	0	0	0	0	0	0	0	1	0	1	0	0	1	1	0	0	1	0	S
NMDC20550907	0	0	0	0	0	0	0	0	0	1	0	1	0	0	1	1	0	0	1	0	S
NMDC20582854	0	0	0	0	0	0	0	0	0	1	0	1	0	0	1	1	0	0	1	0	S
NMDC20550910	0	0	0	0	0	0	0	0	0	1	0	1	0	0	1	1	0	0	1	0	S
NMDC20582855	0	0	0	0	0	0	0	0	0	1	0	1	0	0	1	1	0	0	1	0	S
NMDC20582856	0	0	0	0	0	0	0	0	0	1	1	1	0	0	1	1	0	0	1	0	S
NMDC20554887	0	0	0	0	0	0	0	0	0	0	1	1	0	1	1	0	0	0	1	0	S
NMDC20552925	0	0	0	0	0	0	0	0	0	1	0	1	0	0	1	1	0	0	1	0	S
NMDC20582858	0	0	0	0	0	0	0	0	0	1	1	1	0	0	1	1	0	0	1	0	S
NMDC20550911	0	0	0	0	0	0	0	0	0	1	0	1	0	0	1	1	0	0	1	0	S
NMDC20582859	0	0	0	0	0	0	0	0	0	0	1	1	0	1	1	0	0	0	1	0	S
NMDC20550912	0	0	0	0	0	0	0	0	0	1	0	1	0	0	1	1	0	0	1	0	S
NMDC20582860	0	0	0	0	1	0	0	0	0	1	0	0	0	0	0	0	0	0	1	0	S
NMDC20552927	0	0	0	0	0	0	0	0	0	1	0	0	0	0	1	1	0	0	0	0	S
NMDC20554889	0	0	0	1	0	0	0	0	0	1	0	1	0	0	1	0	0	0	1	0	S
NMDC20550913	1	0	0	0	0	0	0	0	0	1	0	1	0	0	1	1	0	0	1	0	S
NMDC20552928	0	0	0	0	0	0	0	0	0	1	0	1	0	0	1	1	0	0	1	0	S
NMDC20582862	0	0	0	0	0	0	0	0	0	1	1	1	0	0	1	1	0	0	1	0	S
NMDC20550915	0	0	0	0	0	0	0	0	0	0	1	1	0	1	1	0	0	0	1	0	S
NMDC20582865	0	0	0	0	0	0	0	0	0	1	0	1	0	0	1	1	0	0	1	0	S
NMDC20552930	0	0	0	1	0	0	0	0	0	0	1	1	0	0	1	0	0	0	1	0	S
NMDC20582866	0	0	0	0	0	0	0	0	0	1	0	1	0	0	1	1	0	0	1	0	S
NMDC20582867	0	0	0	0	0	0	0	0	0	1	0	1	0	0	1	1	0	0	1	0	S
NMDC20550917	0	0	0	0	0	0	0	0	0	1	0	1	0	0	1	0	0	0	1	0	S
NMDC20582870	0	0	0	0	0	0	0	0	0	1	0	1	0	0	1	1	0	0	1	0	S
NMDC20556918	0	0	0	0	0	0	0	0	0	1	0	1	0	0	1	1	0	0	1	0	S
NMDC20552934	1	0	0	0	0	0	0	0	0	1	0	1	0	0	1	0	1	0	1	0	S
NMDC20554897	0	0	0	0	0	0	0	0	0	1	0	1	0	0	1	1	0	0	1	0	S
NMDC20552935	0	0	0	0	0	0	0	0	0	1	0	1	0	0	1	1	0	0	1	0	S
NMDC20582876	0	0	0	0	0	0	0	0	0	1	0	1	0	0	1	1	0	0	1	0	S
NMDC20554900	0	0	0	0	0	0	0	0	0	1	1	1	0	0	1	1	0	0	1	0	S
NMDC20552936	0	0	0	0	0	0	0	0	0	1	0	1	0	0	1	1	0	0	1	0	S
NMDC20552937	0	0	0	0	0	0	0	0	0	1	0	1	0	0	1	1	0	0	1	0	S
NMDC20550919	1	0	0	0	0	0	0	0	0	1	0	1	0	0	1	1	0	0	1	0	S
NMDC20554901	1	0	0	0	0	0	0	0	0	1	0	1	0	0	1	1	1	0	1	0	S
NMDC20552940	1	0	0	0	0	0	0	0	0	1	0	1	0	0	1	1	0	0	1	0	S
NMDC20552941	0	0	0	0	0	0	0	0	0	1	0	1	0	0	1	1	0	0	1	0	S
NMDC20550920	0	0	0	0	0	0	0	0	0	0	1	1	0	1	1	0	0	0	1	0	S
NMDC20582882	0	0	0	0	0	0	0	0	0	1	0	1	0	0	1	1	0	0	1	0	S
NMDC20582883	1	0	0	1	0	0	0	0	0	1	0	1	0	0	1	0	0	0	1	0	S
NMDC20552942	0	0	0	0	0	0	0	0	0	0	1	1	0	1	1	0	0	0	1	0	S
NMDC20582888	0	0	0	0	0	0	0	0	0	0	1	1	0	1	1	0	0	0	1	0	S
NMDC20582889	0	0	0	0	0	0	0	0	0	0	1	1	0	1	1	0	0	0	1	0	S
NMDC20582890	0	0	0	0	0	0	0	0	0	0	1	1	0	1	1	0	0	0	1	0	S
NMDC20582892	0	0	0	0	0	0	0	0	0	0	1	1	0	1	1	0	0	0	1	0	S
NMDC20582894	0	0	0	0	0	0	0	0	0	1	0	1	0	0	1	1	0	0	1	0	S
NMDC20582897	0	0	0	0	1	0	0	0	0	1	0	1	0	0	1	0	0	0	1	0	S
NMDC20582898	0	1	0	1	0	0	0	0	0	1	0	0	0	0	1	1	0	0	1	0	S
NMDC20582899	0	0	0	1	0	0	0	0	0	1	0	0	0	0	1	1	0	0	1	0	S
NMDC20582901	0	0	0	0	1	1	0	0	0	1	0	1	0	0	1	0	0	0	1	0	S
NMDC20582902	0	0	0	0	0	0	0	0	0	0	1	1	0	0	1	0	0	0	1	0	S
NMDC20582903	0	0	0	0	0	0	0	0	0	0	1	1	0	1	1	0	0	0	1	0	S
NMDC20582904	0	0	0	0	0	0	0	0	0	1	0	0	0	0	1	1	0	0	0	0	S
NMDC20582905	0	0	0	1	0	0	0	1	0	1	0	1	0	0	1	0	0	0	1	0	S
NMDC20582906	0	0	0	1	0	0	0	0	0	1	0	1	0	0	0	0	0	0	1	0	S
NMDC20582907	0	0	0	0	0	0	0	0	0	1	0	1	0	0	1	0	0	0	0	0	S
NMDC20582908	0	0	0	0	0	0	0	0	0	0	1	1	0	1	1	0	0	0	1	0	S
NMDC20582909	0	0	0	0	0	0	0	0	0	0	1	1	0	1	1	0	0	0	1	0	S
NMDC20582910	0	0	0	0	0	0	0	0	0	0	1	1	0	1	1	0	0	0	1	0	S
NMDC20582912	0	0	0	0	0	0	0	0	0	0	1	1	0	1	1	0	0	0	1	0	S
NMDC20557090	0	0	0	1	0	0	0	0	0	0	0	0	0	0	1	0	0	0	1	0	S
NMDC20555073	0	0	0	0	0	0	0	0	0	1	0	1	0	0	1	1	0	0	1	0	S
NMDC20583319	0	0	0	1	0	0	0	0	0	0	0	0	0	0	1	0	0	0	1	0	S
NMDC20555076	0	0	0	0	0	0	0	0	0	1	0	1	0	0	1	1	0	0	1	0	S
NMDC20555077	0	0	0	0	0	0	0	0	0	0	1	1	0	1	1	0	0	0	1	0	S
NMDC20583324	0	0	0	0	0	0	0	0	0	1	0	1	0	0	1	1	0	0	1	0	S
NMDC20583325	0	0	0	0	0	0	0	0	0	1	0	1	0	0	1	1	0	0	1	0	S
NMDC20583326	0	0	0	0	0	0	0	0	0	1	0	1	0	0	1	1	0	0	1	0	S
NMDC20583328	0	0	0	0	0	0	0	0	0	1	0	1	0	0	1	1	0	0	1	0	S
NMDC20583329	0	0	0	0	0	0	0	0	0	1	0	1	0	0	1	1	0	0	1	0	S
NMDC20583331	0	1	0	0	0	0	0	0	1	0	1	1	0	1	1	0	0	0	1	1	S
NMDC20583335	0	0	0	0	0	0	0	0	0	1	0	1	0	0	0	1	0	0	1	0	S
NMDC20583336	0	0	0	0	0	0	0	0	0	1	1	1	0	0	1	1	0	0	1	0	S
NMDC20583337	0	0	0	1	0	0	0	0	0	1	0	1	0	0	1	0	0	0	0	0	S
NMDC20583338	1	0	0	1	0	0	0	0	0	0	0	1	0	0	1	0	0	0	0	0	S
NMDC20583343	1	0	0	1	0	0	0	0	0	1	0	1	0	0	1	0	0	0	1	0	S
NMDC20583344	0	0	0	1	0	0	0	0	0	0	1	1	0	0	1	0	0	0	1	0	S
NMDC20583345	0	0	0	0	0	0	0	0	0	1	0	1	0	0	0	1	0	0	1	0	S
NMDC20583347	1	0	0	1	0	0	0	0	0	0	0	1	0	0	1	0	0	0	0	0	S
NMDC20583348	0	0	0	0	1	0	0	0	0	1	0	0	0	0	0	0	0	0	1	0	S
NMDC20583350	0	0	0	0	0	0	0	0	0	1	0	0	0	0	1	1	0	0	0	0	S
NMDC20583351	0	1	0	1	0	0	0	1	0	1	0	1	0	0	1	0	0	0	1	0	S
NMDC20583352	0	0	0	0	0	0	0	0	0	1	0	1	0	0	1	1	0	0	1	0	S
NMDC20583353	0	0	0	0	0	0	0	0	0	1	0	1	0	0	1	1	0	0	1	0	S
NMDC20584427	0	0	0	1	0	0	0	0	0	1	0	1	0	0	0	0	0	0	1	0	S
NMDC20584428	0	0	0	0	0	0	0	0	0	1	0	1	0	0	1	0	0	0	0	0	S
NMDC20584430	0	0	0	1	0	0	0	0	0	0	0	1	0	0	1	0	0	0	1	0	S
NMDC20584431	0	0	0	0	0	0	0	0	0	0	1	1	0	0	1	0	0	0	1	0	S
NMDC20584432	0	0	0	0	0	0	0	0	0	1	0	1	0	0	1	1	0	0	1	0	S
NMDC20584433	0	0	0	0	0	0	0	0	0	1	0	1	0	0	1	1	0	0	1	0	S
NMDC20584437	0	0	0	0	0	0	0	0	0	0	1	1	0	1	1	0	0	0	1	0	S
NMDC20584439	0	0	0	0	0	0	0	0	0	0	1	1	0	1	1	0	0	0	1	0	S
NMDC20584441	0	0	0	0	0	0	0	0	0	0	1	1	0	0	1	0	0	0	1	0	S
NMDC20584442	0	0	0	0	1	0	0	0	0	1	0	1	0	0	1	0	0	0	1	0	S
NMDC20584443	0	0	0	0	0	0	0	0	0	0	1	1	0	1	1	0	0	0	1	0	S
NMDC20584446	1	0	0	1	0	0	0	0	0	0	0	1	0	0	1	0	0	0	0	0	S
NMDC20584447	1	0	0	1	0	0	0	0	0	0	0	1	0	0	1	0	0	0	0	0	S
NMDC20584448	1	0	0	1	0	0	0	0	0	0	0	1	0	0	1	0	0	0	0	0	S
NMDC20584449	1	0	0	1	0	0	0	0	0	0	0	1	0	0	1	0	0	0	0	0	S
NMDC20584450	1	0	0	1	0	0	0	0	0	0	0	1	0	0	1	0	0	0	0	0	S
NMDC20584451	0	0	0	1	0	0	0	0	0	1	0	1	0	0	1	1	0	0	1	0	S
NMDC20584452	1	0	0	1	0	0	0	0	0	0	0	1	0	0	1	0	0	0	0	0	S
NMDC20584453	1	0	0	1	0	0	0	0	0	1	0	1	0	0	1	0	0	0	1	0	S
NMDC20584455	1	0	0	1	0	0	0	0	0	0	0	1	0	0	1	0	0	0	0	0	S
NMDC20584456	0	0	0	1	0	0	0	0	0	0	0	1	0	0	1	0	0	0	0	0	S
NMDC20584457	1	0	0	1	0	0	1	0	0	1	0	0	0	0	1	1	0	0	1	0	S
NMDC20584458	1	0	0	1	0	0	0	0	0	0	0	1	0	0	1	0	0	0	0	0	S
NMDC20584459	1	0	0	1	0	0	0	0	0	0	0	1	0	0	1	0	0	0	0	0	S
NMDC20584460	0	0	0	0	0	0	0	0	0	1	0	1	0	0	1	0	0	0	1	0	S
NMDC20584461	1	0	0	0	0	0	1	0	0	1	0	1	0	0	0	1	0	0	1	0	S
NMDC20584462	1	0	0	1	0	0	1	0	0	1	0	1	0	0	0	0	0	0	0	0	S
NMDC20584463	1	0	0	1	0	0	0	0	0	0	0	1	0	0	1	0	0	0	0	0	S
NMDC20584464	1	0	0	1	0	0	1	0	0	1	0	1	0	0	0	0	0	0	0	0	S
NMDC20584465	1	0	0	1	0	0	0	0	0	0	0	1	0	0	1	0	0	0	0	0	S
NMDC20584467	1	0	0	1	0	0	0	0	0	1	0	1	0	0	1	1	0	0	1	0	S
NMDC20584468	1	0	0	1	0	0	0	0	0	0	0	1	0	0	1	0	0	0	0	0	S
NMDC20584469	1	0	0	1	0	0	0	0	0	0	0	1	0	0	1	0	0	0	0	0	S
NMDC20584472	1	0	0	1	0	0	0	0	0	0	0	1	0	0	1	0	0	0	0	0	S
NMDC20584473	1	0	0	1	0	0	0	0	0	0	0	1	0	0	1	0	0	0	0	0	S
NMDC20584474	1	0	0	1	0	0	0	0	0	0	0	1	0	0	1	0	0	0	0	0	S
NMDC20584475	1	0	0	1	0	0	0	0	0	0	0	1	0	0	1	0	0	0	0	0	S
NMDC20584476	1	0	0	1	0	0	0	0	0	0	0	1	0	0	1	0	0	0	0	0	S
NMDC20584477	1	0	0	0	0	0	0	0	0	1	0	1	0	0	1	0	0	0	1	0	S
NMDC20584478	1	0	0	1	0	0	0	0	0	0	0	1	0	0	1	0	0	0	0	0	S
NMDC20584479	1	0	0	1	0	0	0	0	0	0	0	1	0	0	1	0	0	0	0	0	S
NMDC20584481	1	0	0	1	0	0	0	0	0	0	0	1	0	0	1	0	0	0	0	0	S
NMDC20584482	0	0	0	1	0	0	0	0	0	0	0	1	0	0	1	0	0	0	0	0	S
NMDC20584485	1	0	0	1	0	0	0	0	0	0	0	1	0	0	1	0	0	0	0	0	S
NMDC20584486	1	0	0	1	0	0	0	0	0	1	0	1	0	0	1	0	0	0	1	0	S
NMDC20584487	1	0	0	1	0	0	0	0	0	1	0	1	0	0	1	0	0	0	1	0	S
NMDC20584490	1	0	0	1	0	0	0	0	0	0	0	1	0	0	1	0	0	0	0	0	S
NMDC20584491	1	0	0	1	0	0	0	0	0	0	0	1	0	0	1	0	0	0	0	0	S
NMDC20584492	0	0	0	1	0	0	0	0	0	0	0	1	0	0	1	0	0	0	0	0	S
NMDC20584493	1	0	0	1	0	0	0	0	0	0	0	1	0	0	1	0	0	0	0	0	S
NMDC20584495	1	0	0	1	0	0	0	0	0	0	0	1	0	0	1	0	0	0	0	0	S
NMDC20584496	1	0	0	0	0	0	0	0	0	1	0	1	0	0	1	0	0	0	1	0	S
NMDC20584498	1	0	0	1	0	0	0	0	0	1	0	1	0	0	1	0	0	0	1	0	S
NMDC20584499	1	0	0	1	0	0	0	0	0	0	0	1	0	0	1	0	0	0	0	0	S
NMDC20584500	1	0	0	1	0	0	0	0	0	0	0	1	0	0	1	0	0	0	0	0	S
NMDC20584503	1	0	0	1	0	0	0	0	0	0	0	1	0	0	1	0	0	0	0	0	S
NMDC20584504	1	0	0	1	0	0	0	0	0	0	0	1	0	0	1	0	0	0	0	0	S
NMDC20584505	1	0	0	1	0	0	1	0	0	1	0	1	0	0	0	0	0	0	0	0	S
NMDC20584506	1	0	0	1	0	0	0	0	0	0	0	1	0	0	1	0	0	0	0	0	S
NMDC20584507	0	0	0	1	0	0	0	0	0	0	0	1	0	0	1	0	0	0	0	0	S
NMDC20584508	0	0	0	1	0	0	0	0	0	1	0	1	0	0	1	1	0	0	1	0	S
NMDC20584514	0	0	0	0	0	0	0	0	0	0	1	1	0	1	1	0	0	0	1	0	S
NMDC20584519	0	0	0	0	0	0	0	0	0	0	1	1	0	1	1	0	0	0	1	0	S
NMDC20584522	0	0	0	1	0	0	0	0	0	1	0	1	0	0	1	0	0	0	1	0	S
NMDC20584523	0	0	0	0	0	0	0	0	0	0	1	1	0	1	1	0	0	0	1	0	S
NMDC20584526	0	0	0	1	0	0	0	0	0	1	0	1	0	0	0	0	0	0	1	0	S
NMDC20584528	1	0	0	1	0	0	1	0	0	1	0	1	0	0	1	0	0	0	1	0	S
NMDC20584532	1	0	0	0	1	0	1	0	0	0	0	0	0	0	0	0	0	0	1	0	S
NMDC20584537	0	0	0	0	0	0	0	0	0	0	1	1	0	1	1	0	0	0	1	0	S
NMDC20584540	0	0	0	0	0	0	0	0	0	0	1	1	0	1	1	0	0	0	1	0	S
NMDC20584543	1	0	0	0	1	0	1	0	0	0	0	0	0	0	0	0	0	0	1	0	S
NMDC20584544	1	0	0	0	1	0	1	0	0	0	0	0	0	0	0	0	0	0	1	0	S
NMDC20584547	0	0	0	0	1	0	1	0	0	0	0	0	0	0	0	0	0	0	1	0	S
NMDC20584548	1	0	0	0	1	0	1	0	0	0	0	0	0	0	0	0	0	0	1	0	S
NMDC20584551	1	0	0	0	1	0	1	0	0	0	0	0	0	0	0	0	0	0	1	0	S
NMDC20584553	0	0	0	0	1	0	1	0	0	0	0	0	0	0	0	0	0	0	1	0	S
NMDC20584555	1	0	0	0	1	0	1	0	0	0	0	0	0	0	0	0	0	0	1	0	S
NMDC20584557	1	0	0	0	1	0	1	0	0	0	0	0	0	0	0	0	0	0	1	0	S
NMDC20584558	1	0	0	0	1	0	1	0	0	0	0	0	0	0	0	0	0	0	1	0	S
NMDC20584559	1	0	0	0	1	0	1	0	0	0	0	0	0	0	0	0	0	0	1	0	S
NMDC20584562	1	0	0	0	1	0	1	0	0	0	0	0	0	0	0	0	0	0	1	0	S
NMDC20584563	1	0	0	0	1	0	1	0	0	0	0	0	0	0	0	0	0	0	1	0	S
NMDC20584565	1	0	0	0	1	0	1	0	0	0	0	0	0	0	0	0	0	0	1	0	S
NMDC20584566	1	0	0	0	1	0	1	0	0	0	0	0	0	0	0	0	0	0	1	0	S
NMDC20584569	1	0	0	0	1	0	1	0	0	0	0	0	0	0	0	0	0	0	1	0	S
NMDC20584574	1	0	0	0	1	0	1	0	0	0	0	0	0	0	0	0	0	0	1	0	S
NMDC20584580	1	0	0	0	1	0	1	0	0	0	0	0	0	0	0	0	0	0	1	0	S
NMDC20584582	1	0	0	0	1	0	1	0	0	0	0	0	0	0	0	0	0	0	1	0	S
NMDC20584583	0	0	0	0	0	0	0	0	0	0	1	1	0	1	1	0	0	0	1	0	S
NMDC20584584	1	0	0	0	1	0	1	0	0	0	0	0	0	0	0	0	0	0	1	0	S
NMDC20584585	1	0	0	0	1	0	1	0	0	0	0	0	0	0	0	0	0	0	1	0	S
NMDC20584586	1	0	0	0	1	0	1	0	0	0	0	0	0	0	0	0	0	0	1	0	S
NMDC20584587	0	1	0	0	0	0	0	0	1	0	1	1	0	1	1	0	0	0	1	1	S
NMDC20584588	1	0	0	0	1	0	1	0	0	0	0	0	0	0	0	0	0	0	1	0	S
NMDC20584590	0	0	0	0	0	0	0	0	0	0	1	1	0	1	1	0	0	0	1	0	S
NMDC20584592	1	0	0	0	1	0	1	0	0	0	0	0	0	0	0	0	0	0	1	0	S
NMDC20584593	1	0	0	0	1	0	1	0	0	0	0	0	0	0	0	0	0	0	1	0	S
NMDC20584594	0	0	0	0	0	0	0	0	0	0	1	1	0	1	1	0	0	0	1	0	S
NMDC20584595	1	0	0	0	1	0	1	0	0	0	0	0	0	0	0	0	0	0	1	0	S
NMDC20584597	0	1	0	0	0	0	0	0	1	0	1	1	0	1	1	0	0	0	1	1	S
NMDC20584598	0	1	0	0	0	0	0	0	1	0	1	1	0	1	1	0	0	0	1	1	S
NMDC20584599	1	0	0	0	1	0	1	0	0	0	0	0	0	0	0	0	0	0	1	0	S
NMDC20584601	1	0	0	0	1	0	1	0	0	0	0	0	0	0	0	0	0	0	1	0	S
NMDC20584602	1	0	0	0	1	0	1	0	0	0	0	0	0	0	0	0	0	0	1	0	S
NMDC20584603	0	1	0	0	0	0	0	0	1	0	1	1	0	1	1	0	0	0	1	1	S
NMDC20584604	1	0	0	0	1	0	1	0	0	0	0	0	0	0	0	0	0	0	1	0	S
NMDC20584605	1	0	0	0	1	0	1	0	0	0	0	0	0	0	0	0	0	0	1	0	S
NMDC20584606	1	0	0	0	1	0	1	0	0	0	0	0	0	0	0	0	0	0	1	0	S
NMDC20584608	1	0	0	0	1	0	1	0	0	0	0	0	0	0	0	0	0	0	1	0	S
NMDC20584610	1	0	0	0	1	0	1	0	0	0	0	0	0	0	0	0	0	0	1	0	S
NMDC20584611	1	0	0	0	1	0	1	0	0	0	0	0	0	0	0	0	0	0	1	0	S
NMDC20584612	1	0	0	0	1	0	1	0	0	0	0	0	0	0	0	0	0	0	1	0	S
NMDC20584620	0	0	0	1	0	0	0	0	0	1	0	1	0	0	1	0	0	0	1	0	S
NMDC20584622	1	0	0	0	1	0	1	0	0	0	0	0	0	0	0	0	0	0	1	0	S
NMDC20584627	1	0	0	0	1	0	1	0	0	0	0	0	0	0	0	0	0	0	1	0	S
NMDC20584629	0	0	0	0	0	0	0	0	0	0	1	1	0	1	1	0	0	0	1	0	S
NMDC20584631	0	0	0	0	0	0	0	0	0	0	1	1	0	1	1	0	0	0	1	0	S
NMDC20584635	0	0	0	0	0	0	0	0	0	0	1	1	0	1	1	0	0	0	1	0	S
NMDC20584637	0	1	0	0	0	0	0	0	1	0	1	1	0	1	1	0	0	0	1	1	S
NMDC20584638	0	1	0	0	0	0	0	0	1	0	1	1	0	1	1	0	0	0	1	1	S
NMDC20584641	0	1	0	0	0	0	0	0	1	0	1	1	0	1	1	0	0	0	1	1	S
NMDC20584643	1	0	0	0	1	0	1	0	0	0	0	0	0	0	0	0	0	0	1	0	S
NMDC20584644	1	0	0	0	1	0	1	0	0	0	0	0	0	0	0	0	0	0	1	0	S
NMDC20584645	0	0	0	0	0	0	0	0	0	0	1	1	0	1	1	0	0	0	1	0	S
NMDC20584646	0	0	0	0	1	0	1	0	0	0	0	0	0	0	0	0	0	0	1	0	S
NMDC20584648	0	0	0	0	0	0	0	0	0	1	0	0	0	0	1	1	0	0	0	0	S
NMDC20584651	0	0	0	0	0	0	0	0	0	0	1	1	0	1	1	0	0	0	1	0	S
NMDC20584652	0	0	0	0	0	0	0	0	0	0	1	1	0	1	1	0	0	0	1	0	S
NMDC20584653	0	0	0	1	0	0	0	0	0	1	0	1	0	0	1	0	0	0	1	0	S
NMDC20584654	0	0	0	0	0	0	0	0	0	1	0	1	0	0	1	1	0	0	1	0	S
NMDC20584655	0	1	0	0	0	0	0	0	1	0	1	1	0	1	1	0	0	0	1	1	S
NMDC20584657	1	0	0	1	0	0	1	0	0	1	0	0	0	0	1	1	0	0	1	0	S
NMDC20584658	0	0	0	0	0	0	0	0	0	0	1	1	0	1	1	0	0	0	1	0	S
NMDC20584661	0	0	0	1	0	0	0	0	0	1	0	1	0	0	1	0	0	0	1	0	S
NMDC20584664	0	0	0	0	0	0	0	0	0	1	0	1	0	0	1	1	0	0	1	0	S
NMDC20584666	0	0	0	0	0	0	0	0	0	1	0	1	0	0	1	0	0	0	0	0	S
NMDC20584668	0	0	0	0	0	0	0	0	0	1	0	1	0	0	1	0	0	0	0	0	S
NMDC20584671	0	0	0	0	0	0	0	0	0	0	1	1	0	1	1	0	0	0	1	0	S
NMDC20584672	1	1	0	0	0	0	0	0	0	1	0	0	0	0	1	1	0	0	0	0	S
NMDC20584674	0	0	0	1	0	0	0	0	0	1	0	1	0	0	0	0	0	0	0	0	S
NMDC20584675	1	1	0	0	0	0	0	0	0	1	0	0	0	0	1	1	0	0	0	0	S
NMDC20584676	1	0	0	0	1	0	1	0	0	0	0	0	0	0	0	0	0	0	1	0	S
NMDC20584677	1	0	0	0	1	0	1	0	0	0	0	0	0	0	0	0	0	0	1	0	S
NMDC20584680	0	0	0	0	0	0	0	0	0	0	1	1	0	1	1	0	0	0	1	0	S
NMDC20584683	0	0	0	0	0	0	0	0	0	0	1	1	0	0	1	0	0	0	1	0	S
NMDC20584684	0	0	0	1	0	0	0	0	0	1	0	1	0	0	1	0	0	0	1	0	S
NMDC20584689	0	0	0	0	0	0	0	0	0	0	1	1	0	0	1	0	0	0	1	0	S
NMDC20584690	1	0	0	1	0	0	1	0	0	1	0	0	0	0	1	1	0	0	1	0	S
NMDC20584691	0	0	0	0	0	0	0	0	0	0	1	1	0	0	1	0	0	0	1	0	S
NMDC20584692	0	0	0	1	0	0	0	0	0	0	0	1	0	0	1	0	0	0	1	0	S
NMDC20584693	0	0	0	0	0	0	0	0	0	0	1	1	0	1	1	0	0	0	1	0	S
NMDC20584694	0	0	0	0	0	0	0	0	0	0	1	1	0	0	1	0	0	0	1	0	S
NMDC20584695	1	0	0	1	0	0	0	0	0	1	0	1	0	0	1	0	0	0	1	0	S
NMDC20584696	0	0	0	0	0	0	0	0	0	0	1	1	0	0	1	0	0	0	1	0	S
NMDC20584701	1	0	0	1	0	0	0	0	0	0	0	1	0	0	1	0	0	0	0	0	S
NMDC20584703	0	0	0	1	0	0	0	0	0	1	0	1	0	0	1	0	0	0	1	0	S
NMDC20584704	0	0	0	1	0	0	0	0	0	1	0	1	0	0	1	0	0	0	1	0	S
NMDC20584706	1	0	0	1	0	0	0	0	0	0	0	1	0	0	1	0	0	0	0	0	S
NMDC20584708	1	0	0	1	0	0	0	0	0	1	0	1	0	0	1	0	0	0	1	0	S
NMDC20584709	0	1	0	0	0	0	0	0	1	0	1	1	0	1	1	0	0	0	1	1	S
NMDC20584710	0	0	0	0	0	0	0	0	0	1	0	1	0	0	1	0	0	0	0	0	S
NMDC20584711	0	0	0	0	0	0	0	0	0	0	1	1	0	1	1	0	0	0	1	0	S
NMDC20584712	0	0	0	0	0	0	0	0	0	1	0	1	0	0	1	0	0	0	0	0	S
NMDC20584715	0	0	0	0	0	0	0	0	0	0	1	1	0	1	1	0	0	0	1	0	S
NMDC20584716	0	0	0	0	0	0	0	0	0	0	1	1	0	0	1	0	0	0	1	0	S
NMDC20584718	0	0	0	0	0	0	0	0	0	0	1	1	0	1	1	0	0	0	1	0	S
NMDC20584719	0	0	0	0	0	0	0	0	0	0	1	1	0	1	1	0	0	0	1	0	S
NMDC20584721	1	0	0	1	0	0	1	0	0	1	0	0	0	0	1	1	0	0	1	0	S
NMDC20584722	0	0	0	0	1	0	0	0	0	1	0	1	0	0	1	0	0	0	1	0	S
NMDC20584724	1	1	0	1	0	0	1	0	0	1	0	1	0	0	1	0	0	0	1	0	S
NMDC20584725	0	1	0	0	0	0	0	0	1	0	1	1	0	1	1	0	0	0	1	1	S
NMDC20584731	0	0	0	0	0	0	0	0	0	1	0	1	0	0	1	1	0	0	1	0	S
NMDC20584736	0	1	0	1	0	0	0	1	0	1	0	1	0	0	1	0	0	0	1	0	S
NMDC20584737	1	1	0	1	0	0	0	0	0	1	0	1	0	0	1	0	0	0	1	0	S
NMDC20584739	1	1	0	1	0	0	0	0	0	1	0	1	0	0	1	0	0	0	1	0	S
NMDC20584740	0	0	0	0	0	0	0	0	0	0	1	1	0	1	1	0	0	0	1	0	S
NMDC20584741	0	0	0	0	0	0	0	0	0	0	1	1	0	1	1	0	0	0	1	0	S
NMDC20584743	0	1	0	0	0	0	0	0	1	0	1	1	0	1	1	0	0	0	1	1	S
NMDC20584745	0	1	0	1	0	0	0	1	0	1	0	1	0	0	1	0	0	0	1	0	S
NMDC20584750	0	0	0	0	0	0	0	0	0	0	1	1	0	1	1	0	0	0	1	0	S
NMDC20584752	0	0	0	0	0	0	0	0	0	0	1	1	0	0	1	0	0	0	1	0	S
NMDC20584759	0	0	0	0	0	0	0	0	0	0	1	1	0	1	1	0	0	0	1	0	S
NMDC20584768	0	0	0	0	0	0	0	0	0	0	1	1	0	1	1	0	0	0	1	0	S
NMDC20584771	1	0	0	1	1	0	0	1	0	1	0	1	0	0	1	0	0	0	1	0	S
NMDC20584774	0	0	0	0	0	0	0	0	0	0	1	1	0	1	1	0	0	0	1	0	S
NMDC20584775	0	0	0	0	0	0	0	0	0	0	1	1	0	1	1	0	0	0	1	0	S
NMDC20584777	0	0	0	0	0	0	0	0	0	0	1	1	0	1	1	0	0	0	1	0	S
NMDC20584778	1	0	0	1	0	0	0	0	0	0	0	1	0	0	1	0	0	0	0	0	S
NMDC20584785	0	0	0	0	0	0	0	0	0	0	1	1	0	1	1	0	0	0	1	0	S
NMDC20584786	0	0	0	0	0	0	0	0	0	0	1	1	0	1	1	0	0	0	1	0	S
NMDC20584787	1	1	0	1	0	0	1	0	0	1	0	1	0	0	1	0	0	0	1	0	S
NMDC20584788	0	0	0	0	0	0	0	0	0	1	0	1	0	0	1	1	0	0	1	0	S
NMDC20584789	0	0	0	0	0	0	0	0	0	1	0	1	0	0	1	1	0	0	1	0	S
NMDC20584792	1	0	0	0	0	0	1	0	0	1	0	1	0	0	0	1	0	0	1	0	S
NMDC20584793	0	0	0	1	0	0	0	0	0	1	0	1	0	0	1	0	0	0	1	0	S
NMDC20584794	1	0	0	1	0	0	0	0	0	0	0	1	0	0	1	0	0	0	0	0	S
NMDC20584798	0	0	0	1	0	0	0	0	0	1	0	0	0	0	1	1	0	0	1	0	S
NMDC20584799	0	0	0	0	0	0	0	0	0	0	1	1	0	1	1	0	0	0	1	0	S
NMDC20584801	0	0	0	1	0	0	0	0	0	0	0	1	0	0	1	0	0	0	1	0	S
NMDC20584802	1	0	0	0	1	0	1	0	0	0	0	0	0	0	0	0	0	0	1	0	S
NMDC20584803	1	0	0	1	0	0	0	0	0	0	0	1	0	0	1	0	0	0	0	0	S
NMDC20584806	0	0	0	0	0	0	0	0	0	0	1	1	0	1	1	0	0	0	1	0	S
NMDC20584808	0	0	0	1	1	0	0	0	0	1	0	1	0	0	1	0	0	0	1	0	S
NMDC20584809	1	1	0	1	0	0	0	0	0	1	0	1	0	0	1	1	0	0	1	0	S
NMDC20584812	0	1	0	0	0	0	0	0	1	0	1	1	0	1	1	0	0	0	1	1	S
NMDC20584813	0	0	0	0	0	0	0	0	0	0	1	1	0	1	1	0	0	0	1	0	S
NMDC20584817	1	0	0	1	0	0	0	0	0	1	0	1	0	0	1	0	0	0	1	0	S
NMDC20584820	0	0	0	0	0	0	0	0	0	0	1	1	0	1	1	0	0	0	1	0	S
NMDC20584822	0	0	0	0	0	0	0	0	0	0	1	1	0	0	1	0	0	0	1	0	S
NMDC20584823	0	0	0	0	0	0	0	0	0	0	1	1	0	0	1	0	0	0	1	0	S
NMDC20584826	1	0	0	1	0	0	0	0	0	0	1	1	0	0	1	0	1	0	1	0	S
NMDC20584829	0	0	0	0	0	0	0	0	0	0	1	1	0	0	1	0	0	0	1	0	S
NMDC20584830	0	1	0	0	0	0	0	0	1	0	1	1	0	1	1	0	0	0	1	1	S
NMDC20584831	0	0	0	0	0	0	0	0	0	0	1	1	0	1	1	0	0	0	1	0	S
NMDC20584832	0	0	0	0	0	0	0	0	0	0	1	1	0	1	1	0	0	0	1	0	S
NMDC20584834	0	0	0	0	0	0	0	0	0	0	1	1	0	1	1	0	0	0	1	0	S
NMDC20584835	0	0	0	0	0	0	0	0	0	0	1	1	0	0	1	0	0	0	1	0	S
NMDC20584839	1	0	0	1	0	0	0	0	0	0	0	1	0	0	1	0	0	0	0	0	S
NMDC20584843	0	0	0	0	0	0	0	0	0	1	0	1	0	0	0	0	0	0	0	0	S
NMDC20584844	0	0	0	1	0	0	0	0	0	1	0	1	0	0	1	0	0	0	1	0	S
NMDC20584858	0	1	0	0	0	0	0	0	1	0	1	1	0	1	1	0	0	0	1	1	S
NMDC20584860	0	1	0	0	0	0	0	0	1	0	1	1	0	1	1	0	0	0	1	1	S
NMDC20584865	0	1	0	0	0	0	0	0	1	0	1	1	0	1	1	0	0	0	1	1	S
NMDC20584866	0	0	0	0	0	0	0	0	0	0	0	1	0	0	1	1	0	0	1	0	S
NMDC20584867	0	1	0	0	0	0	0	0	1	0	1	1	0	1	1	0	0	0	1	1	S
NMDC20584868	0	0	0	0	0	0	0	0	0	0	0	1	0	0	1	0	0	0	0	0	S
NMDC20584870	0	0	0	0	0	0	0	0	0	1	0	1	0	0	1	0	0	0	1	0	S
NMDC20584873	0	0	0	1	0	0	0	0	0	0	0	1	0	0	1	0	0	0	0	0	S
NMDC20584874	0	0	0	0	0	0	0	0	0	1	0	1	0	0	1	0	0	0	0	0	S
NMDC20584876	1	0	0	1	0	0	1	0	0	1	0	1	0	0	1	1	0	0	1	0	S
NMDC20584879	1	0	0	1	1	0	1	0	0	1	0	1	0	0	1	0	0	0	1	0	S
NMDC20584880	0	0	0	0	0	0	0	0	0	1	0	1	0	0	0	0	0	0	1	0	S
NMDC20584881	0	0	0	0	0	0	0	0	0	0	1	1	0	1	1	0	0	0	1	0	S
NMDC20584882	0	0	0	0	0	0	0	0	0	0	1	1	0	1	1	0	0	0	1	0	S
NMDC20584883	0	1	0	0	0	0	0	0	1	0	1	1	0	1	1	0	0	0	1	1	S
NMDC20584884	0	1	0	0	0	0	0	0	1	0	1	1	0	1	1	0	0	0	1	1	S
NMDC20584887	0	0	0	0	0	0	0	0	0	0	1	1	0	1	1	0	0	0	1	0	S
NMDC20584888	1	1	0	1	0	0	0	0	0	1	0	1	0	0	1	0	0	0	1	0	S
NMDC20584891	0	0	0	0	0	0	0	0	0	0	1	1	0	1	1	0	0	0	1	0	S
NMDC20584892	0	0	0	0	0	0	0	0	0	0	1	1	0	1	1	0	0	0	1	0	S
NMDC20584893	0	1	0	0	0	0	0	0	1	0	1	1	0	1	1	0	0	0	1	1	S
NMDC20584895	0	1	0	0	0	0	0	0	1	0	1	1	0	1	1	0	0	0	1	1	S
NMDC20584897	0	0	0	0	0	0	0	0	0	1	0	1	0	0	1	1	0	0	1	0	S
NMDC20555575	0	0	0	0	0	0	0	0	0	0	1	1	0	1	1	0	0	0	1	0	S
NMDC20585325	0	0	0	0	0	0	0	0	0	0	1	1	0	1	1	0	0	0	1	0	S
NMDC20555576	0	0	0	0	0	0	0	0	0	1	0	1	0	0	1	0	0	0	1	0	S
NMDC20557615	0	0	0	0	0	0	0	0	0	1	0	1	0	0	1	1	0	0	1	0	S
NMDC20585326	1	0	0	0	0	0	0	0	0	1	0	1	0	0	1	1	0	0	1	0	S
NMDC20557616	0	0	0	0	0	0	0	0	0	0	1	1	0	1	1	0	0	0	1	0	S
NMDC20585327	0	0	0	0	0	0	0	0	0	0	1	1	0	1	1	0	0	0	1	0	S
NMDC20553585	1	0	0	0	0	0	0	0	0	1	0	1	0	0	1	1	0	0	1	0	S
NMDC20585329	0	0	0	0	0	0	0	0	0	1	0	1	0	0	1	1	0	0	1	0	S
NMDC20585332	0	0	0	0	0	0	0	0	0	0	1	0	0	0	1	1	0	0	0	0	S
NMDC20585333	0	0	0	0	0	0	0	0	0	0	1	0	0	0	1	1	0	0	0	0	S
NMDC20585334	0	0	0	0	0	0	0	0	0	1	0	1	0	0	1	1	0	0	1	0	S
NMDC20585336	0	0	0	0	1	0	0	0	0	1	0	1	0	0	1	0	0	0	1	0	S
NMDC20585337	0	1	0	1	0	0	0	0	0	0	1	1	0	0	1	0	0	0	0	0	S
NMDC20585338	0	0	0	0	0	0	0	0	0	1	0	1	0	0	1	1	0	0	0	0	S
NMDC20585342	0	0	0	1	0	0	0	0	0	1	0	1	0	0	1	1	0	0	1	0	S
NMDC20585346	1	0	0	0	0	1	0	0	0	1	0	1	0	0	1	1	1	0	1	0	S
NMDC20585347	0	0	0	0	0	0	0	0	0	0	1	1	0	1	1	0	0	0	1	0	S
NMDC20551546	0	0	0	0	0	0	0	0	0	1	0	1	0	0	1	1	0	0	1	0	S
NMDC20551547	0	0	0	0	0	0	0	0	0	0	1	1	0	1	1	0	0	0	1	0	S
NMDC20555583	1	0	0	1	0	0	0	0	0	0	0	1	0	0	1	0	0	0	1	0	S
NMDC20557620	0	0	0	1	0	0	0	0	0	1	1	0	0	0	0	1	0	0	1	0	S
NMDC20553590	0	0	0	0	0	0	0	0	0	0	1	1	0	0	1	0	0	0	1	0	S
NMDC20555584	0	0	0	0	0	0	0	0	0	1	0	1	0	0	1	1	0	0	1	0	S
NMDC20585350	0	0	0	0	0	0	0	0	0	0	1	1	0	1	1	0	0	0	1	0	S
NMDC20585351	0	0	0	0	0	0	0	0	0	1	0	1	0	0	1	1	0	0	1	0	S
NMDC20585352	0	0	0	0	0	0	0	0	0	0	1	1	0	1	1	0	0	0	1	0	S
NMDC20585353	0	0	0	0	0	0	0	0	0	0	1	1	0	1	1	0	0	0	1	0	S
NMDC20553591	1	0	0	0	0	0	1	0	0	1	0	1	1	0	1	1	0	0	1	0	S
NMDC20555586	0	1	0	0	0	0	0	0	1	0	1	1	0	1	1	0	0	0	1	1	S
NMDC20585355	0	1	0	0	0	0	0	0	1	0	1	1	0	1	1	0	0	0	1	1	S
NMDC20585356	0	0	0	0	0	0	0	0	0	1	1	1	0	0	1	1	0	0	1	0	S
NMDC20585358	0	0	0	0	0	0	0	0	0	1	0	1	0	0	1	1	0	0	1	0	S
NMDC20555588	0	0	0	0	0	0	0	0	0	1	0	1	0	0	1	1	0	0	1	0	S
NMDC20553595	0	0	0	0	1	0	0	0	0	1	0	1	0	0	1	0	0	0	1	0	S
NMDC20585361	1	0	0	0	0	0	1	0	0	1	0	1	0	0	1	1	0	0	1	0	S
NMDC20551550	1	0	0	1	0	0	0	0	0	0	1	1	0	0	1	0	1	0	1	0	S
NMDC20557623	0	0	0	0	0	0	0	0	0	1	0	1	0	0	1	0	0	0	1	0	S
NMDC20553598	0	1	0	0	0	0	0	0	1	0	1	1	0	1	1	0	0	0	1	1	S
NMDC20585363	0	0	0	0	0	0	0	0	0	0	1	1	0	1	1	0	0	0	1	0	S
NMDC20557624	0	0	0	0	0	0	0	0	0	0	1	1	0	1	1	0	0	0	1	0	S
NMDC20585365	0	1	0	0	0	0	0	0	0	1	1	1	0	0	1	1	0	0	1	0	S
NMDC20557625	0	0	0	0	0	0	0	0	0	0	1	1	0	1	1	0	0	0	1	0	S
NMDC20551551	0	1	0	1	0	0	0	0	0	1	0	0	0	0	1	1	0	0	1	0	S
NMDC20555591	0	1	0	0	0	0	0	0	1	0	1	1	0	1	1	0	0	0	1	1	S
NMDC20585368	0	0	0	0	0	0	0	0	0	1	0	1	0	0	1	1	0	0	1	0	S
NMDC20555595	0	1	0	0	0	0	0	0	0	1	1	1	0	0	1	1	0	0	1	0	S
NMDC20585372	0	0	0	0	0	0	0	0	0	1	0	1	0	0	1	1	0	0	1	0	S
NMDC20585375	0	0	0	0	1	0	0	0	0	0	0	0	0	0	0	0	0	0	1	0	S
NMDC20551555	0	0	0	0	0	0	0	0	0	1	0	1	0	0	1	1	0	0	1	0	S
NMDC20585376	0	0	0	0	0	0	0	0	0	1	0	1	0	0	1	1	0	0	1	0	S
NMDC20555597	0	0	0	0	0	0	0	0	0	1	0	1	0	0	1	1	0	0	1	0	S
NMDC20555598	0	0	0	0	0	0	0	0	0	1	1	1	0	0	1	1	0	0	1	0	S
NMDC20585378	0	0	0	0	0	0	0	0	0	0	1	1	0	1	1	0	0	0	1	0	S
NMDC20585380	0	0	0	0	0	0	0	0	0	1	0	1	0	0	1	1	0	0	1	0	S
NMDC20585382	0	0	0	0	0	0	0	0	0	1	0	0	0	0	1	1	0	0	0	0	S
NMDC20555600	0	0	0	0	0	0	0	0	0	0	1	1	0	1	1	0	0	0	1	0	S
NMDC20585384	0	0	0	0	0	0	0	0	0	0	1	1	0	1	1	0	0	0	1	0	S
NMDC20585386	0	0	0	0	0	0	0	0	0	0	1	1	0	1	1	0	0	0	1	0	S
NMDC20585387	0	0	0	0	0	0	0	0	0	1	0	1	0	0	1	1	0	0	1	0	S
NMDC20557631	0	0	0	0	0	0	0	0	0	1	0	1	0	0	1	1	0	0	1	0	S
NMDC20557632	0	0	0	1	0	0	0	0	0	0	1	1	0	0	1	0	0	0	1	0	S
NMDC20585388	0	0	0	0	0	0	0	0	0	1	0	1	0	0	1	1	0	0	1	0	S
NMDC20585391	0	0	0	0	0	0	0	0	0	0	1	1	0	1	1	0	0	0	1	0	S
NMDC20585394	0	0	0	0	1	0	0	0	0	1	0	1	0	0	1	0	0	0	1	0	S
NMDC20585395	0	0	0	0	0	0	0	0	0	1	0	1	0	0	1	1	0	0	1	0	S
NMDC20553603	0	0	0	0	0	0	0	0	0	0	1	1	0	1	1	0	0	0	1	0	S
NMDC20553604	0	1	0	0	0	0	0	0	1	0	1	1	0	1	1	0	0	0	1	1	S
NMDC20585398	0	0	0	0	0	0	0	0	0	0	1	1	0	1	1	0	0	0	1	0	S
NMDC20557635	0	0	0	1	0	0	0	0	0	0	1	1	0	0	1	0	0	0	1	0	S
NMDC20553605	1	1	0	0	0	0	0	0	0	1	0	1	0	0	1	1	0	0	1	0	S
NMDC20551556	0	0	0	0	0	0	0	0	0	1	0	1	0	0	1	1	0	0	1	0	S
NMDC20553608	0	0	0	0	0	0	0	0	0	1	0	1	0	0	1	1	0	0	1	0	S
NMDC20555605	1	1	0	0	0	0	0	0	0	1	0	1	0	0	1	0	0	0	1	0	S
NMDC20551558	0	0	0	0	0	0	0	0	0	1	0	1	0	0	1	1	0	0	1	0	S
NMDC20585402	0	0	0	0	0	0	0	0	0	1	0	1	0	0	1	1	0	0	1	0	S
NMDC20555607	0	0	0	0	0	0	0	0	0	1	0	1	0	0	1	1	0	0	1	0	S
NMDC20551562	1	0	0	0	0	0	1	0	0	1	0	1	0	0	1	1	0	0	1	0	S
NMDC20585408	0	0	0	1	0	0	0	0	0	1	0	1	0	0	1	0	0	0	1	0	S
NMDC20557638	0	0	0	0	0	0	0	0	0	1	0	1	0	0	1	1	0	0	1	0	S
NMDC20553611	0	0	0	1	0	0	0	0	0	1	0	1	0	0	1	0	0	0	1	0	S
NMDC20553612	0	0	0	0	0	0	0	0	0	1	0	1	0	0	1	1	0	0	1	0	S
NMDC20557639	0	0	0	0	0	0	0	0	0	1	0	1	0	0	1	1	0	0	1	0	S
NMDC20585416	0	0	0	0	0	0	0	0	0	1	0	1	0	0	1	1	0	0	1	0	S
NMDC20553613	0	0	0	0	0	0	0	0	0	0	1	1	0	1	1	0	0	0	1	0	S
NMDC20553614	0	0	0	0	0	0	0	0	0	1	0	1	0	0	1	1	0	0	1	0	S
NMDC20557640	0	0	0	0	0	0	0	0	0	1	0	1	0	0	1	1	0	0	1	0	S
NMDC20585421	0	0	0	0	0	0	0	0	0	1	0	1	0	0	1	1	0	0	1	0	S
NMDC20553615	0	0	0	0	0	0	0	0	0	1	0	1	0	0	1	1	0	0	1	0	S
NMDC20555610	0	0	0	0	0	0	0	0	0	1	0	1	0	0	1	1	0	0	1	0	S
NMDC20585422	0	0	0	0	0	0	0	0	0	1	0	1	0	0	1	1	0	0	1	0	S
NMDC20585424	1	1	1	0	0	0	0	0	0	1	0	1	0	0	1	1	0	0	0	0	S
NMDC20585425	0	0	0	0	0	0	0	0	0	1	0	1	0	0	1	1	0	0	1	0	S
NMDC20557642	0	0	0	0	0	0	0	0	0	0	1	1	0	1	1	0	0	0	1	0	S
NMDC20557643	1	0	0	1	0	0	0	0	0	1	0	1	0	0	1	0	0	0	1	0	S
NMDC20557645	0	0	0	0	0	0	0	0	0	1	0	1	0	0	1	1	0	0	1	0	S
NMDC20585429	0	0	0	0	0	0	0	0	0	0	1	1	0	1	1	0	0	0	1	0	S
NMDC20553618	1	1	0	1	0	0	0	0	0	1	1	1	0	0	1	0	0	0	1	0	S
NMDC20585431	0	0	0	0	0	0	0	0	0	0	1	1	0	1	1	0	0	0	1	0	S
NMDC20553619	0	0	0	0	0	0	0	0	0	1	0	1	0	0	1	1	0	0	1	0	S
NMDC20551568	0	0	0	0	1	0	0	0	0	1	0	1	0	0	1	0	0	0	1	0	S
NMDC20557646	0	0	0	0	0	0	0	0	0	1	0	1	0	0	1	1	0	0	1	0	S
NMDC20557648	0	0	0	0	0	0	0	0	0	1	0	1	0	0	1	1	0	0	1	0	S
NMDC20553622	0	0	0	0	0	0	0	0	0	1	0	1	0	0	1	1	0	0	1	0	S
NMDC20585436	1	0	0	0	0	0	0	0	0	1	0	1	0	0	1	1	0	0	1	0	S
NMDC20585439	0	0	0	0	0	0	0	0	0	0	1	1	0	1	1	0	0	0	1	0	S
NMDC20551570	0	0	0	0	0	0	0	0	0	1	0	1	0	0	1	1	0	0	1	0	S
NMDC20585442	1	0	0	0	1	0	0	0	0	1	0	1	0	0	1	0	0	0	1	0	S
NMDC20555613	1	0	0	0	0	0	0	0	0	1	0	1	0	0	1	1	0	0	1	0	S
NMDC20557651	0	0	0	0	0	0	0	0	0	0	1	1	0	1	1	0	0	0	1	0	S
NMDC20551573	0	0	0	1	0	0	0	0	0	0	0	0	0	0	1	0	0	0	1	0	S
NMDC20553625	0	0	0	0	0	0	0	0	0	1	0	1	0	0	0	1	0	0	1	0	S
NMDC20585446	0	0	0	0	0	0	0	0	0	1	0	1	0	0	1	1	0	0	0	0	S
NMDC20585447	0	0	0	0	0	0	0	0	0	1	0	1	0	0	1	1	0	0	1	0	S
NMDC20555616	0	0	0	1	0	0	0	0	0	0	0	0	0	0	1	0	0	0	1	0	S
NMDC20557653	0	0	0	0	0	0	0	0	0	1	0	1	0	0	1	1	0	0	1	0	S
NMDC20585449	0	0	0	1	0	0	0	0	0	1	0	1	0	0	1	0	0	0	1	0	S
NMDC20551576	0	0	0	0	0	0	0	0	0	1	0	1	0	0	1	1	0	0	1	0	S
NMDC20553626	0	0	0	0	0	0	0	0	0	0	1	1	0	1	1	0	0	0	1	0	S
NMDC20585451	1	1	0	0	0	0	0	0	0	1	0	1	0	0	1	1	0	0	1	0	S
NMDC20555618	0	0	0	0	0	0	0	0	0	1	0	1	0	0	1	1	0	0	1	0	S
NMDC20585452	0	0	0	1	0	0	0	0	0	1	0	1	0	0	1	0	0	0	1	0	S
NMDC20555619	0	0	0	0	1	0	0	0	0	1	0	1	0	0	0	0	0	0	1	0	S
NMDC20551577	0	0	0	0	1	0	0	0	0	1	0	1	0	0	1	0	0	0	1	0	S
NMDC20555622	0	0	0	0	0	0	0	0	0	1	0	1	0	0	1	1	0	0	1	0	S
NMDC20585454	0	0	0	0	0	0	0	0	0	0	1	1	0	1	1	0	0	0	1	0	S
NMDC20585456	0	0	0	0	0	0	0	0	0	1	0	1	0	0	1	1	0	0	1	0	S
NMDC20553633	0	0	0	0	0	0	0	0	0	1	0	1	0	0	1	0	0	0	0	0	S
NMDC20555623	0	0	0	0	0	0	0	0	0	1	0	1	0	0	1	1	0	0	1	0	S
NMDC20555625	0	0	0	0	0	0	0	0	0	1	0	1	0	0	1	1	0	0	1	0	S
NMDC20551583	1	0	0	0	0	0	0	0	0	1	0	1	0	0	1	1	0	0	1	0	S
NMDC20585462	0	0	0	0	0	0	0	0	0	1	0	1	0	0	1	1	0	0	1	0	S
NMDC20551584	0	0	0	0	0	0	0	0	0	1	0	1	0	0	1	1	0	0	1	0	S
NMDC20553636	0	0	0	0	1	0	0	0	0	1	0	1	0	0	1	0	0	0	1	0	S
NMDC20551585	0	0	0	0	1	0	0	0	0	1	0	0	0	0	1	0	0	0	1	0	S
NMDC20553637	0	0	0	0	0	0	0	0	0	1	0	1	0	0	1	1	0	0	1	0	S
NMDC20553638	0	0	0	0	0	0	0	0	0	0	0	1	0	0	1	1	0	0	1	0	S
NMDC20585465	0	0	0	0	0	0	0	0	0	1	0	1	0	0	1	1	0	0	1	0	S
NMDC20551588	0	0	0	0	0	0	0	0	0	0	1	1	0	1	1	0	0	0	1	0	S
NMDC20555626	0	0	0	0	0	0	0	0	0	1	0	1	0	0	1	1	0	0	1	0	S
NMDC20551589	0	0	0	0	0	0	0	0	0	1	0	1	0	0	1	1	0	0	1	0	S
NMDC20551591	0	0	0	0	0	0	0	0	0	1	0	1	0	0	1	1	0	0	1	0	S
NMDC20555627	0	0	0	0	0	0	0	0	0	1	0	1	0	0	1	1	0	0	1	0	S
NMDC20553639	0	0	0	1	0	0	0	0	0	1	0	1	0	0	1	0	0	0	1	0	S
NMDC20585472	0	0	0	0	0	0	0	0	0	1	0	0	0	0	1	1	0	0	0	0	S
NMDC20553640	0	0	0	0	0	0	0	0	0	1	0	1	0	0	1	1	0	0	1	0	S
NMDC20585474	0	0	0	0	0	0	0	0	0	0	1	1	0	1	1	0	0	0	1	0	S
NMDC20557659	0	1	0	1	0	0	0	1	0	1	0	1	0	0	1	0	0	0	1	0	S
NMDC20585476	0	0	0	1	0	0	0	0	0	0	0	0	0	0	1	0	0	0	1	0	S
NMDC20585477	0	0	0	0	0	0	0	0	0	1	0	1	0	0	1	1	0	0	1	0	S
NMDC20557660	0	0	0	1	0	0	0	0	0	1	0	0	0	0	1	1	0	0	1	0	S
NMDC20585480	0	0	0	0	0	0	0	0	0	0	1	1	0	1	1	0	0	0	1	0	S
NMDC20551594	1	0	0	0	0	0	0	0	0	1	0	1	0	0	1	1	1	0	1	0	S
NMDC20553643	0	0	0	0	0	0	0	0	0	1	0	1	0	0	1	1	0	0	1	0	S
NMDC20585481	0	0	0	1	0	0	0	0	0	0	0	0	0	0	1	0	0	0	1	0	S
NMDC20557662	0	0	0	0	0	0	0	0	0	0	1	1	0	1	1	0	0	0	1	0	S
NMDC20555632	0	0	0	0	0	0	0	0	0	0	1	1	0	1	1	0	0	0	1	0	S
NMDC20551595	0	0	0	1	0	0	0	0	0	1	0	1	0	0	1	0	0	0	0	0	S
NMDC20555635	0	0	0	0	0	0	0	0	0	1	0	1	0	0	0	1	0	0	1	0	S
NMDC20585482	0	0	0	1	0	0	0	0	0	1	0	0	0	0	1	1	0	0	1	0	S
NMDC20553644	1	0	0	0	0	0	0	0	0	1	0	1	0	0	1	1	0	0	1	0	S
NMDC20585483	0	0	0	0	0	0	0	0	0	1	0	1	0	0	1	1	0	0	1	0	S
NMDC20585484	1	0	0	0	1	0	0	0	0	1	0	1	0	0	1	0	0	0	1	0	S
NMDC20585485	1	0	0	0	1	0	0	0	0	1	0	1	0	0	1	0	0	0	1	0	S
NMDC20585489	0	0	0	0	1	0	0	0	0	1	0	1	0	0	1	0	0	0	1	0	S
NMDC20585490	0	0	0	1	0	0	0	0	0	1	0	1	0	0	1	0	0	0	1	0	S
NMDC20585491	0	0	0	0	0	0	0	0	0	1	0	1	0	0	1	1	0	0	1	0	S
NMDC20585493	0	0	0	0	0	0	0	0	0	0	1	1	0	1	1	0	0	0	1	0	S
NMDC20585495	0	0	0	0	1	0	0	0	0	1	0	1	0	0	1	0	0	0	1	0	S
NMDC20585500	0	0	0	1	0	0	0	0	0	1	0	1	0	0	1	0	0	0	1	0	S
NMDC20585503	0	0	0	1	0	0	0	0	0	0	1	1	0	0	1	0	0	0	0	0	S
NMDC20585510	0	0	0	0	0	0	0	0	0	1	0	1	0	0	1	1	0	0	1	0	S
NMDC20585515	0	0	0	1	0	0	0	0	0	1	1	1	0	0	1	0	0	0	1	0	S
NMDC20585516	0	0	0	1	0	0	0	0	0	1	1	1	0	0	1	0	0	0	1	0	S
NMDC20585518	0	0	0	0	1	0	0	0	0	1	0	1	0	0	1	0	0	0	1	0	S
NMDC20585520	0	0	0	0	0	0	0	0	0	1	0	1	0	0	0	1	0	0	1	0	S
NMDC20585522	0	0	0	0	0	0	0	0	0	1	0	1	0	0	1	1	0	0	1	0	S
NMDC20585523	0	0	0	0	1	0	0	0	0	1	0	1	0	0	1	0	0	0	1	0	S
NMDC20585528	0	0	0	0	0	0	0	0	0	1	0	1	0	0	1	1	0	0	1	0	S
NMDC20585529	0	0	0	0	1	1	0	0	0	1	0	1	0	0	1	0	0	0	1	0	S
NMDC20585530	1	0	0	1	0	0	0	0	0	1	0	0	0	0	0	1	1	0	1	0	S
NMDC20585533	0	0	0	0	1	0	0	0	0	1	0	1	0	0	1	0	0	0	1	0	S
NMDC20585535	1	0	0	1	0	0	0	0	0	1	0	0	0	0	0	1	1	0	1	0	S
NMDC20585538	0	0	0	1	0	0	0	0	0	0	0	1	0	0	1	0	0	0	0	0	S
NMDC20585539	0	0	0	0	0	0	0	0	0	1	0	1	0	0	0	1	0	0	1	0	S
NMDC20585546	0	0	0	1	0	0	0	0	0	0	1	1	0	0	1	0	0	0	0	0	S
NMDC20585548	0	0	0	0	0	0	0	0	0	1	0	1	0	0	1	1	0	0	1	0	S
NMDC20585557	1	0	0	1	0	0	0	0	0	0	1	1	0	0	1	0	1	0	1	0	S
NMDC20585565	0	0	0	0	0	0	0	0	0	1	0	1	0	0	1	1	0	0	1	0	S
NMDC20585566	0	0	0	0	0	0	0	0	0	1	0	1	0	0	0	1	0	0	1	0	S
NMDC20585567	0	0	0	0	0	0	0	0	0	1	0	1	0	0	1	1	0	0	1	0	S
NMDC20585568	0	0	0	0	0	0	0	0	0	1	0	1	0	0	1	1	0	0	1	0	S
NMDC20585569	0	0	0	0	0	0	0	0	0	1	0	1	0	0	0	1	0	0	1	0	S
NMDC20551597	0	0	0	0	0	0	0	0	0	1	0	1	0	0	1	1	0	0	1	0	S
NMDC20555637	0	0	0	0	0	0	0	0	0	0	1	1	0	1	1	0	0	0	1	0	S
NMDC20555638	0	0	0	0	0	0	0	0	0	0	1	1	0	1	1	0	0	0	1	0	S
NMDC20585570	0	0	0	0	0	0	0	0	0	0	1	1	0	1	1	0	0	0	1	0	S
NMDC20585572	0	0	0	0	0	0	0	0	0	0	1	1	0	1	1	0	0	0	1	0	S
NMDC20555639	0	0	0	0	0	0	0	0	1	0	1	1	0	0	1	0	0	0	1	0	S
NMDC20555640	0	0	0	0	0	0	0	0	0	0	1	1	0	1	1	0	0	0	1	0	S
NMDC20551601	1	0	0	0	0	0	0	0	0	1	0	1	0	0	1	1	1	0	1	0	S
NMDC20553649	0	0	0	0	0	0	0	0	0	1	0	1	0	0	1	1	0	0	1	0	S
NMDC20555641	0	0	0	0	0	0	0	0	0	1	0	1	0	0	1	1	0	0	1	0	S
NMDC20555642	0	0	0	0	0	0	0	0	0	0	1	1	0	1	1	0	0	0	1	0	S
NMDC20557666	0	0	0	0	0	0	0	0	0	0	1	1	0	1	1	0	0	0	1	0	S
NMDC20585582	0	0	0	0	0	0	0	0	0	0	1	1	0	1	1	0	0	0	1	0	S
NMDC20585583	0	0	0	0	0	0	0	0	0	0	1	1	0	1	1	0	0	0	1	0	S
NMDC20585584	0	0	0	0	0	0	0	0	0	0	1	1	0	1	1	0	0	0	1	0	S
NMDC20585585	0	0	0	0	0	0	0	0	0	0	1	1	0	1	1	0	0	0	1	0	S
NMDC20551603	0	0	0	0	0	0	0	0	0	1	0	1	0	0	1	1	0	0	1	0	S
NMDC20585586	0	0	0	0	0	0	0	0	0	1	0	1	0	0	1	0	0	0	1	0	S
NMDC20551604	1	0	0	0	0	0	1	0	0	1	0	1	0	0	0	0	0	0	0	0	S
NMDC20555644	0	0	0	0	0	0	0	0	0	1	0	1	0	0	1	1	0	0	1	0	S
NMDC20585587	0	0	0	0	0	0	0	0	0	1	0	1	0	0	1	1	0	0	1	0	S
NMDC20585592	0	0	0	0	1	0	0	0	0	1	0	0	0	0	1	0	0	0	1	0	S
NMDC20585594	0	0	0	0	0	0	0	0	0	1	0	1	0	0	1	1	0	0	1	0	S
NMDC20585596	0	0	0	0	0	0	0	0	0	1	0	1	0	0	1	1	0	0	1	0	S
NMDC20585597	1	0	0	0	0	0	0	0	0	1	0	1	0	0	1	1	0	0	1	0	S
NMDC20585599	1	0	0	0	0	0	0	0	0	1	0	1	0	0	1	1	0	0	1	0	S
NMDC20585602	0	0	0	0	1	0	0	0	0	1	0	1	0	0	1	0	0	0	1	0	S
NMDC20585603	1	0	0	1	0	0	0	0	0	1	0	1	0	0	1	1	0	0	1	0	S
NMDC20585606	0	0	0	0	0	0	0	0	0	1	0	1	0	0	1	1	0	0	1	0	S
NMDC20551605	0	0	0	0	0	0	0	0	0	1	1	1	0	0	1	1	0	0	1	0	S
NMDC20585611	0	0	0	0	0	0	0	0	0	1	0	1	0	0	0	1	0	0	1	0	S
NMDC20585612	0	0	0	0	0	0	0	0	0	1	0	1	0	0	1	0	0	0	1	0	S
NMDC20557675	0	0	0	0	0	0	0	0	0	1	0	1	0	0	1	1	0	0	1	0	S
NMDC20551609	0	0	0	0	0	0	0	0	0	1	0	1	0	0	1	1	0	0	1	0	S
NMDC20553654	0	0	0	0	0	0	0	0	0	0	1	1	0	1	1	0	0	0	1	0	S
NMDC20557677	0	0	0	0	0	0	0	0	0	1	0	1	0	0	1	1	0	0	1	0	S
NMDC20585615	1	1	0	0	0	0	0	0	0	1	0	1	0	0	0	0	0	0	1	0	S
NMDC20555649	1	0	0	0	0	0	0	0	0	1	0	1	0	0	1	1	0	0	1	0	S
NMDC20557678	1	0	0	0	0	0	0	0	0	1	0	1	0	0	1	1	0	0	1	0	S
NMDC20553656	1	0	0	0	0	0	0	0	0	1	0	1	0	0	0	1	1	0	1	0	S
NMDC20551614	0	0	0	0	0	0	0	0	0	1	0	1	0	0	1	1	0	0	1	0	S
NMDC20585617	0	0	0	0	0	0	0	0	0	1	0	1	0	0	1	1	0	0	1	0	S
NMDC20585618	0	0	0	0	0	0	0	0	0	0	1	1	0	1	1	0	0	0	1	0	S
NMDC20553657	1	0	0	0	0	0	0	0	0	1	0	1	0	0	1	1	0	0	1	0	S
NMDC20557679	0	0	0	0	0	0	0	0	0	1	0	1	0	0	1	1	0	0	1	0	S
NMDC20585622	0	0	0	0	0	0	0	0	0	1	0	1	0	0	1	1	0	0	1	0	S
NMDC20585626	0	0	0	0	0	0	0	0	0	1	0	1	0	0	1	1	0	0	1	0	S
NMDC20585627	0	0	0	0	0	0	0	0	0	1	0	1	0	0	1	1	0	0	1	0	S
NMDC20585628	1	0	0	1	0	0	1	0	0	1	0	1	0	0	1	0	0	0	1	0	S
NMDC20557681	0	0	0	0	0	0	0	0	0	0	0	1	0	0	1	1	0	0	1	0	S
NMDC20585633	0	0	0	0	0	0	0	0	0	0	0	1	0	0	1	1	0	0	1	0	S
NMDC20557682	0	0	0	0	0	0	0	0	0	1	0	1	0	0	1	0	0	0	1	0	S
NMDC20585636	0	0	0	0	0	0	0	0	0	0	1	1	0	1	1	0	0	0	1	0	S
NMDC20551615	0	0	0	0	0	0	0	0	0	1	0	1	0	0	1	1	0	0	1	0	S
NMDC20555654	0	0	0	0	0	0	0	0	0	1	0	1	0	0	1	1	0	0	1	0	S
NMDC20585639	0	0	0	0	0	0	0	0	0	1	0	1	0	0	1	1	0	0	1	0	S
NMDC20551616	0	0	0	0	0	0	0	0	0	1	0	1	0	0	1	1	0	0	1	0	S
NMDC20585640	0	0	0	0	0	0	0	0	0	1	0	1	0	0	1	1	0	0	1	0	S
NMDC20585641	0	0	0	0	0	0	0	0	0	1	0	1	0	0	1	1	0	0	1	0	S
NMDC20555655	0	0	0	0	0	0	0	0	0	1	0	1	0	0	0	1	0	0	1	0	S
NMDC20585642	0	0	0	0	0	0	0	0	0	1	0	1	0	0	1	1	0	0	1	0	S
NMDC20585643	0	0	0	0	0	0	0	0	0	1	0	0	0	0	1	1	0	0	0	0	S
NMDC20551617	0	0	0	0	0	0	0	0	0	1	0	1	0	0	1	1	0	0	1	0	S
NMDC20553659	0	0	0	0	0	0	0	0	0	0	0	0	0	0	1	0	0	0	1	0	S
NMDC20557684	0	0	0	0	0	0	0	0	0	0	0	0	0	0	1	0	0	0	1	0	S
NMDC20585646	0	0	0	0	0	0	0	0	0	0	0	0	0	0	1	0	0	0	1	0	S
NMDC20553660	0	0	0	0	0	0	0	0	0	1	0	0	0	0	1	1	0	0	0	0	S
NMDC20551620	0	0	0	1	0	0	0	0	0	1	0	1	0	0	0	0	0	0	1	0	S
NMDC20585647	0	0	0	0	1	0	0	0	0	1	0	1	0	0	1	0	0	0	1	0	S
NMDC20555656	0	0	0	0	0	0	0	0	0	1	0	0	0	0	1	1	0	0	0	0	S
NMDC20585650	1	0	0	0	0	0	0	0	0	1	0	1	0	0	1	1	0	0	1	0	S
NMDC20551621	0	0	0	0	0	0	0	0	0	1	0	1	0	0	1	1	0	0	1	0	S
NMDC20585651	0	0	0	0	0	0	0	0	0	0	1	1	0	1	1	0	0	0	1	0	S
NMDC20557688	1	0	0	0	0	0	0	0	0	1	0	1	0	0	1	1	1	0	1	0	S
NMDC20585652	1	0	0	0	0	0	0	0	0	1	0	1	0	0	1	1	1	0	1	0	S
NMDC20551622	0	0	0	0	0	0	0	0	0	0	1	1	0	0	0	0	0	0	0	0	S
NMDC20557689	1	0	0	0	0	0	0	0	0	1	0	1	0	0	1	1	0	0	1	0	S
NMDC20555659	0	0	0	0	0	0	0	0	0	1	0	1	0	0	1	1	0	0	1	0	S
NMDC20585654	0	0	0	0	0	0	0	0	0	0	1	1	0	1	1	0	0	0	1	0	S
NMDC20585656	0	0	0	0	0	0	0	0	0	1	0	1	0	0	0	0	0	0	0	0	S
NMDC20555660	0	0	0	0	0	0	0	0	0	1	0	1	0	0	1	1	0	0	1	0	S
NMDC20555661	0	0	0	1	0	0	0	0	0	1	0	1	0	0	1	0	0	0	0	0	S
NMDC20585657	0	0	0	0	0	0	0	0	0	1	0	1	0	0	1	1	0	0	1	0	S
NMDC20585659	0	0	0	0	0	0	0	0	0	1	0	1	0	0	1	1	0	0	1	0	S
NMDC20585660	0	0	0	0	0	0	0	0	0	0	1	1	0	1	1	0	0	0	1	0	S
NMDC20553665	0	0	0	0	0	0	0	0	0	1	0	1	0	0	1	1	0	0	1	0	S
NMDC20585661	0	0	0	0	0	0	0	0	0	1	0	1	0	0	1	1	0	0	1	0	S
NMDC20585664	0	0	0	0	1	0	0	0	0	1	0	0	0	0	0	0	0	0	1	0	S
NMDC20585665	0	0	0	0	0	0	0	0	0	0	0	1	0	0	1	1	0	0	1	0	S
NMDC20585666	1	0	0	1	0	0	0	0	0	1	0	1	0	0	1	0	0	0	1	0	S
NMDC20585668	0	0	0	1	1	0	0	0	0	1	0	0	0	0	1	0	0	0	1	0	S
NMDC20585671	0	0	0	0	0	0	0	0	0	1	0	1	0	0	0	0	0	0	0	0	S
NMDC20585672	1	0	0	0	0	0	1	0	0	1	0	1	0	0	0	0	0	0	0	0	S
NMDC20585673	1	0	0	0	1	0	0	0	0	1	0	1	0	0	1	0	0	0	1	0	S
NMDC20585676	0	0	0	0	0	0	0	0	0	0	1	1	0	1	1	0	0	0	1	0	S
NMDC20585680	0	0	0	0	0	0	0	0	0	0	1	1	0	0	1	0	0	0	1	0	S
NMDC20557691	0	0	0	1	1	0	0	0	0	0	0	0	0	0	1	0	0	0	1	0	S
NMDC20585681	0	0	0	0	0	0	0	0	0	1	0	1	0	0	1	1	0	0	1	0	S
NMDC20585682	0	0	0	0	0	0	0	0	0	1	0	1	0	0	1	1	0	0	1	0	S
NMDC20585683	0	0	0	0	0	0	0	0	0	1	0	1	0	0	1	1	0	0	1	0	S
NMDC20553666	0	0	0	0	0	0	0	0	0	0	1	1	0	1	1	0	0	0	1	0	S
NMDC20585684	0	0	0	0	0	0	0	0	0	1	0	0	0	0	1	1	0	0	0	0	S
NMDC20555663	0	0	0	0	0	0	0	0	0	1	0	1	0	0	1	1	0	0	1	0	S
NMDC20555665	0	0	0	1	0	0	0	0	0	0	1	1	0	0	1	0	0	0	1	0	S
NMDC20585685	0	0	0	0	0	0	0	0	0	0	1	1	0	0	1	0	0	0	1	0	S
NMDC20585688	0	1	0	0	0	0	0	0	1	0	1	1	0	1	1	0	0	0	1	1	S
NMDC20585689	0	0	0	0	0	0	0	0	0	1	0	1	0	0	1	1	0	0	1	0	S
NMDC20557692	0	0	0	0	0	0	0	0	0	1	0	1	0	0	1	1	0	0	1	0	S
NMDC20551629	0	1	0	0	0	0	0	0	1	0	1	1	0	1	1	0	0	0	1	1	S
NMDC20585691	1	1	1	0	0	0	0	0	0	1	0	1	0	0	1	1	0	0	1	0	S
NMDC20585692	0	0	0	0	0	0	0	0	0	1	0	1	0	0	0	0	0	0	0	0	S
NMDC20585695	0	0	0	0	0	0	0	0	0	1	0	1	0	0	1	1	0	0	1	0	S
NMDC20557693	0	0	0	0	0	0	0	0	0	1	0	1	0	0	1	1	0	0	1	0	S
NMDC20553668	0	0	0	0	0	0	0	0	0	1	0	1	0	0	1	1	0	0	1	0	S
NMDC20555666	0	0	0	0	0	0	0	0	0	1	0	1	0	0	1	1	0	0	1	0	S
NMDC20585696	0	0	0	0	0	0	0	0	0	1	0	1	0	0	1	1	0	0	1	0	S
NMDC20585697	1	0	0	0	0	0	0	0	0	1	0	1	0	0	1	1	1	0	1	0	S
NMDC20555667	0	0	0	0	0	0	0	0	0	1	0	1	0	0	1	1	0	0	1	0	S
NMDC20557695	0	0	0	0	0	0	0	0	0	0	1	1	0	1	1	0	0	0	1	0	S
NMDC20585698	1	0	0	0	0	0	0	0	0	1	0	1	0	0	1	1	0	0	1	0	S
NMDC20585699	0	0	0	0	1	0	0	0	0	1	0	1	0	0	0	0	0	0	1	0	S
NMDC20551630	0	0	0	0	0	0	0	0	0	1	0	1	0	0	1	1	0	0	1	0	S
NMDC20585700	1	1	0	1	0	0	0	0	0	1	0	1	0	0	1	0	0	0	1	0	S
NMDC20555668	1	1	0	1	0	0	0	0	0	1	0	1	0	0	1	0	0	0	1	0	S
NMDC20555669	0	0	0	0	0	0	0	0	0	1	0	1	0	0	1	1	0	0	1	0	S
NMDC20553669	0	0	0	0	0	0	0	0	0	0	1	1	0	1	1	0	0	0	1	0	S
NMDC20557696	0	0	0	0	0	0	0	0	0	0	1	1	0	1	1	0	0	0	1	0	S
NMDC20585702	0	0	0	0	0	0	0	0	0	0	1	1	0	1	1	0	0	0	1	0	S
NMDC20553670	0	0	0	0	0	0	0	0	0	0	1	1	0	1	1	0	0	0	1	0	S
NMDC20555671	0	0	0	0	0	0	0	0	0	0	1	1	0	1	1	0	0	0	1	0	S
NMDC20551633	0	0	0	0	0	0	0	0	0	0	1	1	0	1	1	0	0	0	1	0	S
NMDC20551635	1	1	0	0	0	0	0	0	0	1	0	1	0	0	1	1	0	0	1	0	S
NMDC20555672	0	0	0	0	0	0	0	0	0	0	1	1	0	1	1	0	0	0	1	0	S
NMDC20585709	0	0	0	0	0	0	0	0	0	0	1	1	0	1	1	0	0	0	1	0	S
NMDC20585716	0	0	0	1	0	0	0	0	0	0	1	1	0	0	1	0	0	0	0	0	S
NMDC20557699	1	0	0	0	0	0	0	0	0	1	0	1	0	0	1	1	1	0	1	0	S
NMDC20555673	0	0	0	0	0	0	0	0	0	1	0	1	0	0	0	0	0	0	1	0	S
NMDC20557700	0	0	0	0	0	0	0	0	0	1	0	1	0	0	1	1	0	0	1	0	S
NMDC20551636	0	0	0	0	0	0	0	0	0	0	0	1	0	0	0	1	0	0	1	0	S
NMDC20557873	0	0	0	0	0	0	0	0	0	0	1	1	0	1	1	0	0	0	1	0	S
NMDC20586307	0	0	0	0	0	0	0	0	0	0	1	1	0	1	1	0	0	0	1	0	S
NMDC20586309	0	0	0	0	0	0	0	0	0	1	0	1	0	0	1	1	0	0	1	0	S
NMDC20551845	0	0	0	0	0	0	0	0	0	0	1	1	0	1	1	0	0	0	1	0	S
NMDC20586310	0	0	0	0	0	0	0	0	0	0	0	0	0	0	1	0	0	0	1	0	S
NMDC20586311	0	0	0	0	0	0	0	0	0	0	1	1	0	1	1	0	0	0	1	0	S
NMDC20586312	0	0	0	0	0	0	0	0	0	0	1	1	0	1	1	0	0	0	1	0	S
NMDC20553857	0	0	0	0	0	0	0	0	0	0	1	1	0	1	1	0	0	0	1	0	S
NMDC20586313	0	0	0	0	0	0	0	0	0	0	1	1	0	1	1	0	0	0	1	0	S
NMDC20555871	0	0	0	0	0	0	0	0	0	0	1	1	0	1	1	0	0	0	1	0	S
NMDC20586314	0	0	0	0	0	0	0	0	0	0	1	1	0	1	1	0	0	0	1	0	S
NMDC20553858	0	0	0	0	0	0	0	0	0	1	0	0	0	0	1	1	0	0	0	0	S
NMDC20586317	0	0	0	1	0	0	0	0	0	1	0	1	0	0	1	0	0	0	1	0	S
NMDC20586319	1	0	0	0	0	0	0	0	0	1	0	1	0	0	1	1	1	0	1	0	S
NMDC20586320	0	0	0	0	0	0	0	0	0	0	1	1	0	1	1	0	0	0	1	0	S
NMDC20551847	0	0	0	0	0	0	0	0	0	0	1	1	0	1	1	0	0	0	1	0	S
NMDC20555873	0	0	0	0	0	0	0	0	0	1	0	1	0	0	1	1	0	0	1	0	S
NMDC20586321	1	0	0	0	0	0	0	0	0	1	0	1	0	0	1	1	0	0	1	0	S
NMDC20586322	0	0	0	0	0	0	0	0	0	0	1	1	0	1	1	0	0	0	1	0	S
NMDC20586323	1	0	0	0	0	0	0	0	0	0	1	1	0	1	1	0	0	0	1	0	S
NMDC20586324	0	0	0	1	0	0	0	0	0	1	0	1	0	0	1	0	0	0	0	0	S
NMDC20555874	0	0	0	0	0	0	0	0	0	1	0	1	0	0	1	1	0	0	1	0	S
NMDC20555875	0	0	0	0	0	0	0	0	0	1	0	1	0	0	1	1	0	0	1	0	S
NMDC20586325	0	0	0	0	0	0	0	0	0	0	1	1	0	0	1	0	0	0	1	0	S
NMDC20586326	0	0	0	0	1	0	0	0	0	0	0	0	0	0	1	0	0	0	1	0	S
NMDC20586327	0	0	0	0	0	0	0	0	0	0	1	1	0	1	1	0	0	0	1	0	S
NMDC20586328	0	0	0	0	0	0	0	0	0	0	1	1	0	1	1	0	0	0	1	0	S
NMDC20586329	0	0	0	0	0	0	0	0	0	0	1	1	0	1	1	0	0	0	1	0	S
NMDC20557875	0	0	0	0	0	0	0	0	0	0	1	1	0	1	1	0	0	0	1	0	S
NMDC20553863	0	0	0	0	0	0	0	0	0	0	1	1	0	1	1	0	0	0	1	0	S
NMDC20586330	0	0	0	0	0	0	0	0	0	0	1	1	0	0	1	0	0	0	1	0	S
NMDC20586331	0	0	0	0	0	0	0	0	0	0	1	1	0	0	1	0	0	0	1	0	S
NMDC20586334	0	0	0	0	0	0	0	0	0	0	1	1	0	0	1	0	0	0	1	0	S
NMDC20586335	0	0	0	0	0	0	0	0	0	0	1	1	0	1	1	0	0	0	1	0	S
NMDC20586336	0	0	0	0	0	0	0	0	0	0	1	1	0	0	1	0	0	0	1	0	S
NMDC20586337	0	0	0	0	0	0	0	0	0	0	1	1	0	0	1	0	0	0	1	0	S
NMDC20586341	0	0	0	0	0	0	0	0	0	1	0	1	0	0	1	1	0	0	1	0	S
NMDC20586346	0	1	0	0	0	0	0	0	1	0	1	1	0	1	1	0	0	0	1	1	S
NMDC20586348	0	0	0	0	0	0	0	0	0	0	0	0	0	0	1	0	0	0	1	0	S
NMDC20586349	0	0	0	0	0	0	0	0	0	0	1	1	0	1	1	0	0	0	1	0	S
NMDC20586350	0	0	0	0	0	0	0	0	0	0	1	1	0	1	1	0	0	0	1	0	S
NMDC20586351	0	0	0	0	0	0	0	0	0	0	1	1	0	1	1	0	0	0	1	0	S
NMDC20586352	0	0	0	0	0	0	0	0	0	0	1	1	0	1	1	0	0	0	1	0	S
NMDC20586353	0	0	0	0	0	0	0	0	0	0	1	1	0	1	1	0	0	0	1	0	S
NMDC20586354	0	0	0	0	0	0	0	0	0	0	1	1	0	1	1	0	0	0	1	0	S
NMDC20586355	0	1	0	1	0	0	0	1	0	1	0	1	0	0	1	0	0	0	1	0	S
NMDC20586356	0	0	0	0	0	0	0	0	0	0	1	1	0	1	1	0	0	0	1	0	S
NMDC20586357	0	0	0	0	0	0	0	0	0	0	1	1	0	0	1	0	0	0	1	0	S
NMDC20586359	0	0	0	0	0	0	0	0	0	1	0	1	0	0	1	1	0	0	1	0	S
NMDC20586360	0	0	0	0	0	0	0	0	0	0	1	1	0	0	1	0	0	0	1	0	S
NMDC20586363	0	0	0	0	0	0	0	0	0	0	1	1	0	1	1	0	0	0	1	0	S
NMDC20586365	0	0	0	1	0	0	0	0	0	1	0	1	0	0	1	0	0	0	1	0	S
NMDC20586369	1	1	0	1	0	0	0	0	0	1	0	1	0	0	1	1	0	0	1	0	S
NMDC20586370	0	0	0	0	0	0	0	0	0	0	1	1	0	1	1	0	0	0	1	0	S
NMDC20586371	1	1	0	1	0	0	0	0	0	1	0	1	0	0	1	0	0	0	1	0	S
NMDC20586372	0	1	0	1	0	0	0	0	0	1	0	1	0	0	1	1	0	0	1	0	S
NMDC20586373	0	0	0	0	0	0	0	0	0	0	1	1	0	1	1	0	0	0	1	0	S
NMDC20586375	0	0	0	0	0	0	0	0	0	0	1	1	0	1	1	0	0	0	1	0	S
NMDC20586377	0	0	0	0	0	0	0	0	0	0	1	1	0	1	1	0	0	0	1	0	S
NMDC20586379	0	0	0	0	0	0	0	0	0	1	1	1	0	0	1	1	0	0	1	0	S
NMDC20586382	0	0	0	0	0	0	0	0	0	0	1	1	0	1	1	0	0	0	1	0	S
NMDC20586383	0	0	0	0	0	0	0	0	0	0	1	1	0	1	1	0	0	0	1	0	S
NMDC20589010	1	0	0	0	0	0	0	0	0	1	0	1	0	0	1	1	1	0	1	0	S
NMDC20589013	1	0	0	0	0	0	1	0	0	1	0	1	1	0	1	1	0	0	1	0	S
NMDC20589016	0	0	0	0	1	0	0	0	0	1	0	1	0	0	1	0	0	0	1	0	S
NMDC20589019	0	0	0	0	0	0	0	0	0	1	0	1	0	0	1	1	0	0	1	0	S
NMDC20589020	1	0	0	0	0	0	0	0	0	1	0	1	0	0	1	1	1	0	1	0	S
NMDC20589021	0	0	0	0	0	0	0	0	0	0	1	1	0	1	1	0	0	0	1	0	S
NMDC20589022	1	0	0	0	0	0	0	0	0	1	0	1	0	0	1	1	1	0	1	0	S
NMDC20589023	1	0	0	0	0	0	1	0	0	1	0	1	1	0	1	1	0	0	1	0	S
NMDC20589024	1	0	0	0	0	0	0	0	0	1	0	1	0	0	1	1	1	0	1	0	S
NMDC20589034	0	0	0	0	0	0	0	0	0	0	1	1	0	1	1	0	0	0	1	0	S
NMDC20589038	0	0	0	0	0	0	0	0	0	0	1	1	0	0	1	0	0	0	1	0	S
NMDC20589039	0	0	0	0	0	0	0	0	0	0	1	1	0	1	1	0	0	0	1	0	S
NMDC20589040	1	0	0	0	0	0	0	0	0	1	0	1	0	0	1	1	1	0	1	0	S
NMDC20589041	0	0	0	0	0	0	0	0	0	0	1	1	0	1	1	0	0	0	1	0	S
NMDC20557917	0	0	0	0	0	0	0	0	0	0	1	1	0	1	1	0	0	0	1	0	S
NMDC20553907	0	0	0	0	1	0	0	0	0	0	1	1	0	0	0	0	0	0	1	0	S
NMDC20586536	0	0	0	0	0	0	0	0	0	1	0	1	0	0	1	1	0	0	1	0	S
NMDC20551899	0	0	0	0	1	0	0	0	0	1	0	1	0	0	0	0	0	0	1	0	S
NMDC20553912	0	0	0	1	0	0	0	0	0	0	1	1	0	0	1	0	0	0	1	0	S
NMDC20551905	0	0	0	0	0	0	0	0	0	1	0	1	0	0	1	1	0	0	1	0	S
NMDC20557921	0	0	0	0	0	0	0	0	0	1	0	1	0	0	1	1	0	0	1	0	S
NMDC20551906	0	0	0	0	0	0	0	0	0	1	0	1	0	0	1	1	0	0	1	0	S
NMDC20555949	0	0	0	1	0	0	0	0	0	1	0	1	0	0	1	0	0	0	1	0	S
NMDC20551912	0	0	0	1	0	0	0	0	0	1	0	1	0	0	1	0	0	0	1	0	S
NMDC20586574	0	0	0	0	0	0	0	0	0	1	0	1	0	0	1	1	0	0	1	0	S
NMDC20586577	0	0	0	0	0	0	0	0	0	1	0	1	0	0	1	0	0	0	1	0	S
NMDC20553922	0	0	0	0	1	0	0	0	0	1	0	0	0	0	0	0	0	0	1	0	S
NMDC20555960	0	0	0	0	0	0	0	0	0	1	0	1	0	0	1	1	0	0	1	0	S
NMDC20553942	0	0	0	0	0	0	0	0	0	1	0	1	0	0	0	1	0	0	1	0	S
NMDC20557957	0	0	0	0	0	0	0	0	0	1	0	1	0	0	1	1	0	0	1	0	S
NMDC20555968	0	0	0	0	0	0	0	0	0	0	1	1	0	1	1	0	0	0	1	0	S
NMDC20586625	0	0	0	0	0	0	0	0	0	1	0	1	0	0	1	1	0	0	1	0	S
NMDC20551938	0	0	0	0	0	0	0	0	0	1	0	1	0	0	1	1	0	0	1	0	S
NMDC20586626	0	0	0	0	0	0	0	0	0	1	0	1	0	0	1	1	0	0	1	0	S
NMDC20586627	0	0	0	0	0	0	0	0	0	0	0	1	0	0	1	0	0	0	1	0	S
NMDC20586628	0	0	0	0	0	0	0	0	0	1	0	1	0	0	1	1	0	0	1	0	S
NMDC20557958	0	0	0	0	0	0	0	0	0	1	0	1	0	0	1	1	0	0	1	0	S
NMDC20551940	0	0	0	0	0	0	0	0	0	1	0	1	0	0	1	1	0	0	1	0	S
NMDC20557959	0	0	0	0	0	0	0	0	0	0	1	1	0	1	1	0	0	0	1	0	S
NMDC20555970	0	0	0	0	0	0	0	0	0	0	1	1	0	1	1	0	0	0	1	0	S
NMDC20551941	0	0	0	0	0	0	0	0	0	0	1	1	0	1	1	0	0	0	1	0	S
NMDC20557960	0	0	0	0	0	0	0	0	0	1	0	1	0	0	1	1	0	0	1	0	S
NMDC20555971	0	0	0	0	0	0	0	0	0	0	1	1	0	1	1	0	0	0	1	0	S
NMDC20586629	0	0	0	0	0	0	0	0	0	1	0	1	0	0	1	1	0	0	1	0	S
NMDC20551942	0	0	0	0	0	0	0	0	0	1	0	1	0	0	1	1	0	0	1	0	S
NMDC20553951	0	0	0	0	0	0	0	0	0	0	1	1	0	1	1	0	0	0	1	0	S
NMDC20557962	0	0	0	0	0	0	0	0	0	1	0	1	0	0	1	1	0	0	1	0	S
NMDC20555973	0	0	0	0	0	0	0	0	0	0	0	1	0	0	1	0	0	0	1	0	S
NMDC20586630	0	0	0	0	0	0	0	0	0	1	0	1	0	0	1	1	0	0	1	0	S
NMDC20586632	0	0	0	0	0	0	0	0	0	0	1	1	0	1	1	0	0	0	1	0	S
NMDC20551944	0	0	0	0	0	0	0	0	0	0	1	1	0	1	1	0	0	0	1	0	S
NMDC20557964	0	0	0	0	0	0	0	0	0	1	0	1	0	0	1	1	0	0	1	0	S
NMDC20553954	0	0	0	0	0	0	0	0	0	1	0	1	0	0	1	1	0	0	1	0	S
NMDC20586634	0	0	0	0	0	0	0	0	0	1	0	1	0	0	1	1	0	0	1	0	S
NMDC20586635	0	0	0	0	0	0	0	0	0	1	0	1	0	0	1	1	0	0	1	0	S
NMDC20557965	1	1	1	0	1	0	0	0	0	1	0	1	0	0	1	0	0	0	1	0	S
NMDC20553955	0	0	0	0	0	0	0	0	0	1	0	1	0	0	1	1	0	0	1	0	S
NMDC20555974	0	0	0	0	0	0	0	0	0	1	0	1	0	0	1	1	0	0	1	0	S
NMDC20586636	0	0	0	0	0	0	0	0	0	0	1	1	0	1	1	0	0	0	1	0	S
NMDC20586637	0	0	0	0	0	0	0	0	0	1	0	1	0	0	1	1	0	0	1	0	S
NMDC20586638	0	0	0	0	0	0	0	0	0	1	0	1	0	0	1	1	0	0	1	0	S
NMDC20557967	0	0	0	0	0	0	0	0	0	1	0	1	0	0	1	1	0	0	1	0	S
NMDC20551947	0	0	0	0	0	0	0	0	0	1	0	1	0	0	0	0	0	0	0	0	S
NMDC20553956	0	0	0	0	0	0	0	0	0	1	0	1	0	0	1	1	0	0	1	0	S
NMDC20557968	1	0	0	0	0	0	0	0	0	1	0	1	0	0	1	1	0	0	1	0	S
NMDC20553957	0	0	0	0	0	0	0	0	0	0	1	1	0	1	1	0	0	0	1	0	S
NMDC20586640	0	0	0	0	0	0	0	0	0	0	1	1	0	1	1	0	0	0	1	0	S
NMDC20551950	0	0	0	0	0	0	0	0	0	0	1	1	0	1	1	0	0	0	1	0	S
NMDC20553958	0	0	0	0	0	0	0	0	0	1	0	1	0	0	1	1	0	0	1	0	S
NMDC20586641	0	0	0	0	0	0	0	0	0	0	1	1	0	1	1	0	0	0	1	0	S
NMDC20586642	0	0	0	0	0	0	0	0	0	1	0	1	0	0	1	1	0	0	1	0	S
NMDC20553960	0	0	0	0	0	0	0	0	0	1	0	1	0	0	1	1	0	0	1	0	S
NMDC20553961	0	0	0	0	0	0	0	0	0	0	1	1	0	1	1	0	0	0	1	0	S
NMDC20555975	0	0	0	0	1	0	0	0	0	1	0	0	0	0	0	0	0	0	1	0	S
NMDC20553962	0	0	0	0	0	0	0	0	0	0	1	1	0	1	1	0	0	0	1	0	S
NMDC20557970	1	0	0	0	0	0	0	0	0	1	0	1	0	0	1	1	1	0	1	0	S
NMDC20586645	1	0	0	0	0	0	0	0	0	1	0	1	0	0	1	1	0	0	1	0	S
NMDC20553963	0	0	0	0	0	0	0	0	0	1	0	1	0	0	1	1	0	0	1	0	S
NMDC20557971	0	0	0	0	0	0	0	0	0	1	0	1	0	0	1	1	0	0	1	0	S
NMDC20555976	0	0	0	0	0	0	0	0	0	1	0	1	0	0	1	1	0	0	1	0	S
NMDC20586648	0	0	0	0	0	0	0	0	0	1	0	1	0	0	1	1	0	0	1	0	S
NMDC20586649	0	0	0	0	0	0	0	0	0	1	0	1	0	0	1	1	0	0	1	0	S
NMDC20551952	0	0	0	0	0	0	0	0	0	1	0	1	0	0	1	1	0	0	1	0	S
NMDC20586651	0	0	0	0	0	0	0	0	0	1	0	1	0	0	1	1	0	0	1	0	S
NMDC20553965	0	0	0	0	0	0	0	0	0	0	1	1	0	1	1	0	0	0	1	0	S
NMDC20557973	0	0	0	0	0	0	0	0	0	0	1	1	0	1	1	0	0	0	1	0	S
NMDC20557974	0	0	0	0	0	0	0	0	0	0	0	1	0	0	1	0	0	0	1	0	S
NMDC20551955	0	0	0	0	0	0	0	0	0	1	0	1	0	0	1	1	0	0	1	0	S
NMDC20555978	0	0	0	0	0	0	0	0	0	0	0	1	0	0	1	0	0	0	1	0	S
NMDC20586653	0	0	0	0	0	0	0	0	0	1	0	1	0	0	1	1	0	0	1	0	S
NMDC20586654	0	0	0	0	0	0	0	0	0	0	1	1	0	1	1	0	0	0	1	0	S
NMDC20557975	0	0	0	0	0	0	0	0	0	1	0	1	0	0	1	1	0	0	1	0	S
NMDC20588175	0	0	0	1	0	0	0	0	0	1	0	1	0	0	1	0	0	0	1	0	S
NMDC20588178	1	0	0	1	0	0	0	0	0	1	0	1	0	0	1	0	0	0	1	0	S
NMDC20588179	1	0	0	1	0	0	0	0	0	1	0	1	0	0	1	0	0	0	1	0	S
NMDC20554395	0	0	0	0	0	0	0	0	0	1	0	1	0	0	1	1	0	0	1	0	S
NMDC20588185	0	0	0	1	0	0	0	0	0	1	0	1	0	0	1	0	0	0	1	0	S
NMDC20552391	1	0	0	1	0	0	0	0	0	1	0	1	0	0	1	0	1	0	1	0	S
NMDC20556377	0	0	0	1	0	0	0	0	0	0	0	0	0	0	1	0	0	0	1	0	S
NMDC20588188	0	0	0	1	0	0	0	0	0	0	0	0	0	0	1	0	0	0	1	0	S
NMDC20554079	0	0	0	0	0	0	0	0	0	1	0	1	0	0	1	1	0	0	1	0	S
NMDC20554080	0	0	0	0	0	0	0	0	0	1	0	1	0	0	1	1	0	0	1	0	S
NMDC20556082	1	0	0	0	0	0	0	0	0	1	0	1	0	0	1	1	0	0	1	0	S
NMDC20586924	0	0	0	0	0	0	0	0	0	1	0	1	0	0	1	0	0	0	0	0	S
NMDC20586926	0	0	0	0	0	0	0	0	0	0	1	1	0	1	1	0	0	0	1	0	S
NMDC20554081	0	0	0	0	0	0	0	0	0	0	1	1	0	1	1	0	0	0	1	0	S
NMDC20556085	0	0	0	0	0	0	0	0	0	0	1	1	0	0	1	0	0	0	1	0	S
NMDC20586929	0	0	0	0	0	0	0	0	0	0	1	1	0	1	1	0	0	0	1	0	S
NMDC20552047	0	0	0	1	0	0	0	0	0	1	0	0	0	0	1	1	0	0	1	0	S
NMDC20556086	0	0	0	0	0	0	0	0	0	1	0	1	0	0	1	1	0	0	1	0	S
NMDC20552048	0	0	0	0	0	0	0	0	0	1	0	1	0	0	1	1	0	0	1	0	S
NMDC20556088	0	1	0	0	0	0	0	0	0	1	0	1	0	0	1	1	0	0	1	0	S
NMDC20586933	0	0	0	0	0	0	0	0	0	1	0	1	0	0	1	0	0	0	1	0	S
NMDC20556089	0	0	0	0	0	0	0	0	0	0	1	1	0	1	1	0	0	0	1	0	S
NMDC20586936	1	1	0	0	0	0	0	0	0	1	0	1	0	0	1	1	0	0	1	0	S
NMDC20554087	0	0	0	0	0	0	0	0	0	0	1	1	0	1	1	0	0	0	1	0	S
NMDC20552051	0	0	0	0	0	0	0	0	0	1	0	1	0	0	1	0	0	0	1	0	S
NMDC20556092	1	0	0	0	0	0	0	0	0	1	0	1	0	0	1	1	1	0	1	0	S
NMDC20552052	0	0	0	0	0	0	0	0	0	1	0	1	0	0	1	1	0	0	1	0	S
NMDC20586943	1	0	0	1	0	0	0	0	0	1	0	1	0	0	1	1	0	0	1	0	S
NMDC20586944	0	0	0	1	0	0	0	0	0	1	0	1	0	0	1	0	0	0	1	0	S
NMDC20556093	0	0	0	0	0	0	0	0	0	0	1	1	0	1	1	0	0	0	1	0	S
NMDC20552053	0	0	0	0	0	0	0	0	0	0	1	1	0	1	1	0	0	0	1	0	S
NMDC20552054	0	0	0	1	0	0	0	0	0	1	0	1	0	0	1	0	0	0	0	0	S
NMDC20554089	0	0	0	0	0	0	0	0	0	0	1	1	0	1	1	0	0	0	1	0	S
NMDC20556094	0	0	0	0	0	0	0	0	0	0	1	1	0	1	1	0	0	0	1	0	S
NMDC20586948	0	0	0	0	0	0	0	0	0	1	0	1	0	0	1	1	0	0	1	0	S
NMDC20554092	0	0	0	0	0	0	0	0	0	0	1	1	0	1	1	0	0	0	1	0	S
NMDC20586949	0	0	0	0	0	0	0	0	0	0	1	1	0	1	1	0	0	0	1	0	S
NMDC20552056	0	0	0	0	0	0	0	0	0	1	0	1	0	0	1	0	0	0	1	0	S
NMDC20586950	0	0	0	0	0	0	0	0	0	1	0	1	0	0	0	0	0	0	0	0	S
NMDC20586951	0	0	0	0	0	0	0	0	0	1	0	0	0	0	1	1	0	0	1	0	S
NMDC20586953	0	0	0	0	0	0	0	0	0	0	1	1	0	1	1	0	0	0	1	0	S
NMDC20586954	0	0	0	0	0	0	0	0	0	1	0	1	0	0	1	1	0	0	1	0	S
NMDC20554097	0	0	0	0	0	0	0	0	0	0	1	1	0	1	1	0	0	0	1	0	S
NMDC20586955	0	0	0	1	0	0	0	0	0	1	0	1	0	0	1	0	0	0	1	0	S
NMDC20554099	0	0	0	0	0	0	0	0	0	1	0	0	0	0	1	1	0	0	0	0	S
NMDC20586958	0	0	0	0	0	0	0	0	0	0	1	1	0	1	1	0	0	0	1	0	S
NMDC20554100	0	0	0	0	0	0	0	0	0	0	1	1	0	1	1	0	0	0	1	0	S
NMDC20552058	0	0	0	0	0	0	0	0	0	0	1	1	0	0	1	0	0	0	1	0	S
NMDC20586960	0	0	0	0	0	0	0	0	0	1	0	1	0	0	1	1	0	0	1	0	S
NMDC20558097	0	0	0	0	0	0	0	0	0	0	1	1	0	1	1	0	0	0	1	0	S
NMDC20554101	0	0	0	0	0	0	0	0	0	0	1	1	0	1	1	0	0	0	1	0	S
NMDC20586963	0	0	0	0	0	0	0	0	0	0	1	1	0	1	1	0	0	0	1	0	S
NMDC20558099	0	0	0	1	0	0	0	0	0	0	1	1	0	0	1	0	0	0	1	0	S
NMDC20552061	1	1	0	0	0	0	0	0	0	1	0	1	0	0	1	1	0	0	1	0	S
NMDC20552062	0	0	0	0	0	0	0	0	0	1	0	1	0	0	1	1	0	0	1	0	S
NMDC20586967	0	0	0	0	1	0	0	0	0	1	0	1	0	0	1	0	0	0	1	0	S
NMDC20556098	0	0	0	1	0	0	0	1	0	1	0	1	0	0	1	0	0	0	1	0	S
NMDC20552063	0	0	0	0	0	0	0	0	0	0	1	1	0	1	1	0	0	0	1	0	S
NMDC20586968	0	0	0	0	0	0	0	0	0	1	0	1	0	0	1	1	0	0	1	0	S
NMDC20554104	0	0	0	0	0	0	0	0	0	0	1	1	0	1	1	0	0	0	1	0	S
NMDC20558102	0	0	0	0	0	0	0	0	0	0	1	1	0	1	1	0	0	0	1	0	S
NMDC20558103	0	0	0	0	0	0	0	0	0	0	1	1	0	1	1	0	0	0	1	0	S
NMDC20552064	0	0	0	0	0	0	0	0	0	0	1	1	0	1	1	0	0	0	1	0	S
NMDC20554105	0	0	0	0	0	0	0	0	0	1	0	0	0	0	1	1	0	0	0	0	S
NMDC20552065	0	0	0	1	0	0	0	0	0	1	0	0	0	0	1	1	0	0	1	0	S
NMDC20552066	0	0	0	0	0	0	0	0	0	0	1	1	0	0	1	0	0	0	1	0	S
NMDC20552067	0	0	0	0	0	0	0	0	0	0	1	1	0	1	1	0	0	0	1	0	S
NMDC20552068	0	0	0	1	0	0	0	0	0	1	0	0	0	0	1	1	0	0	1	0	S
NMDC20586970	0	0	0	1	0	0	0	0	0	1	0	0	0	0	1	1	0	0	1	0	S
NMDC20586972	0	0	0	0	0	0	0	0	0	0	1	1	0	1	1	0	0	0	1	0	S
NMDC20552069	0	0	0	0	0	0	0	0	0	0	1	1	0	1	1	0	0	0	1	0	S
NMDC20556099	0	0	0	0	0	0	0	0	0	0	1	1	0	1	1	0	0	0	1	0	S
NMDC20556100	0	0	0	0	0	0	0	0	0	0	1	1	0	1	1	0	0	0	1	0	S
NMDC20558105	0	0	0	0	1	0	0	0	0	1	0	1	0	0	0	0	0	0	1	0	S
NMDC20586973	0	0	0	0	0	0	0	0	0	0	1	1	0	1	1	0	0	0	1	0	S
NMDC20552070	0	0	0	0	0	0	0	0	0	1	0	1	0	0	1	1	0	0	1	0	S
NMDC20552071	0	0	0	0	0	0	0	0	0	1	0	1	0	0	1	1	0	0	1	0	S
NMDC20586975	0	0	0	0	0	0	0	0	0	0	1	1	0	1	1	0	0	0	1	0	S
NMDC20556102	0	0	0	0	0	0	0	0	0	0	1	1	0	1	1	0	0	0	1	0	S
NMDC20586976	0	0	0	0	0	0	0	0	0	1	0	1	0	0	0	0	0	0	0	0	S
NMDC20556103	0	0	0	0	0	0	0	0	0	0	1	1	0	1	1	0	0	0	1	0	S
NMDC20558107	1	0	0	1	0	0	0	0	0	0	0	1	0	0	1	0	0	0	0	0	S
NMDC20586978	0	0	0	1	0	0	0	0	0	1	0	1	0	0	1	0	0	0	0	0	S
NMDC20556104	0	0	0	0	0	0	0	0	0	0	1	1	0	1	1	0	0	0	1	0	S
NMDC20554108	1	1	0	0	0	0	0	0	0	1	0	1	0	0	1	1	0	0	1	0	S
NMDC20586982	1	0	0	0	0	0	0	0	0	1	0	1	0	0	1	1	0	0	1	0	S
NMDC20552074	0	0	0	0	0	0	0	0	0	0	1	1	0	1	1	0	0	0	1	0	S
NMDC20586983	0	0	0	0	0	0	0	0	0	0	1	1	0	1	1	0	0	0	1	0	S
NMDC20558109	1	1	0	0	0	0	0	0	0	1	0	1	0	0	1	1	0	0	1	0	S
NMDC20558110	0	0	0	0	0	0	0	0	0	1	0	1	0	0	1	1	0	0	1	0	S
NMDC20586985	1	0	0	1	0	0	0	0	0	1	0	0	0	0	0	1	1	0	1	0	S
NMDC20586987	0	0	0	1	0	0	0	0	0	0	0	1	0	0	1	0	0	0	0	0	S
NMDC20558111	0	0	0	0	0	0	0	0	0	0	1	1	0	0	1	0	0	0	1	0	S
NMDC20586988	0	0	0	0	0	0	0	0	0	0	1	1	0	1	1	0	0	0	1	0	S
NMDC20552076	0	0	0	0	0	0	0	0	0	1	0	1	0	0	1	1	0	0	1	0	S
NMDC20586989	0	1	0	0	0	0	0	0	1	0	1	1	0	1	1	0	0	0	1	1	S
NMDC20586990	0	0	0	0	0	0	0	0	0	0	0	0	0	0	1	0	0	0	1	0	S
NMDC20586991	0	0	0	0	0	0	0	0	0	0	1	1	0	1	1	0	0	0	1	0	S
NMDC20556107	0	0	0	0	0	0	0	0	0	0	1	1	0	1	1	0	0	0	1	0	S
NMDC20554114	0	0	0	0	0	0	0	0	0	1	0	1	0	0	1	1	0	0	1	0	S
NMDC20552078	1	0	0	0	0	0	0	0	0	1	0	1	0	0	1	1	0	0	1	0	S
NMDC20556109	0	0	0	0	0	0	0	0	0	1	0	1	0	0	1	1	0	0	1	0	S
NMDC20558112	0	0	0	0	0	0	0	0	0	0	1	1	0	1	1	0	0	0	1	0	S
NMDC20554115	0	0	0	0	0	0	0	0	0	1	0	1	0	0	1	1	0	0	1	0	S
NMDC20556110	0	0	0	0	0	0	0	0	0	1	0	1	0	0	1	1	0	0	1	0	S
NMDC20552080	0	0	0	0	0	0	0	0	0	1	0	1	0	0	1	1	0	0	1	0	S
NMDC20586996	0	0	0	0	0	0	0	0	0	0	1	1	0	1	1	0	0	0	1	0	S
NMDC20586997	0	0	0	0	0	0	0	0	0	0	0	1	0	0	1	0	0	0	0	0	S
NMDC20586998	0	0	0	0	0	0	0	0	0	0	1	0	0	0	1	1	0	0	0	0	S
NMDC20586999	0	0	0	0	1	0	0	0	0	1	0	1	0	0	1	0	0	0	1	0	S
NMDC20587000	1	1	0	1	0	0	0	0	0	1	0	1	0	0	1	1	0	0	1	0	S
NMDC20587003	1	0	0	1	0	0	0	0	0	1	0	1	0	0	1	0	0	0	1	0	S
NMDC20554116	0	0	0	0	0	0	0	0	0	0	0	0	0	0	1	0	0	0	1	0	S
NMDC20558114	0	0	0	0	1	0	0	0	0	1	0	1	0	0	1	0	0	0	1	0	S
NMDC20587004	0	0	0	0	0	0	0	0	0	0	1	1	0	1	1	0	0	0	1	0	S
NMDC20587006	0	0	0	0	0	0	0	0	0	1	0	1	0	0	1	1	0	0	1	0	S
NMDC20552081	0	0	0	0	0	0	0	0	0	1	0	1	0	0	1	1	0	0	1	0	S
NMDC20552082	0	0	0	0	0	0	0	0	0	0	1	1	0	1	1	0	0	0	1	0	S
NMDC20556112	0	0	0	0	0	0	0	0	0	1	0	1	0	0	1	1	0	0	1	0	S
NMDC20587008	0	0	0	0	0	0	0	0	0	0	0	1	0	0	1	0	0	0	1	0	S
NMDC20587009	0	0	0	0	0	0	0	0	0	1	0	1	0	0	1	1	0	0	1	0	S
NMDC20587010	1	0	0	0	0	0	0	0	0	0	1	1	0	1	1	0	0	0	1	0	S
NMDC20587012	0	0	0	0	0	0	0	0	0	0	1	1	0	1	1	0	0	0	1	0	S
NMDC20587013	0	0	0	0	0	0	0	0	0	0	1	1	0	1	1	0	0	0	1	0	S
NMDC20552083	0	0	0	0	0	0	0	0	0	0	1	1	0	1	1	0	0	0	1	0	S
NMDC20587014	0	0	0	0	0	0	0	0	0	1	0	1	0	0	1	1	0	0	1	0	S
NMDC20554118	0	0	0	0	0	0	0	0	0	0	1	1	0	1	1	0	0	0	1	0	S
NMDC20558116	0	0	0	0	0	0	0	0	0	1	0	1	0	0	1	1	0	0	1	0	S
NMDC20552084	0	0	0	0	0	0	0	0	0	0	1	1	0	1	1	0	0	0	1	0	S
NMDC20552085	0	0	0	0	0	0	0	0	0	0	1	1	0	1	1	0	0	0	1	0	S
NMDC20552086	1	1	0	0	0	0	0	0	0	1	0	1	0	0	1	1	0	0	1	0	S
NMDC20587016	0	0	0	0	0	0	0	0	0	0	1	1	0	1	1	0	0	0	1	0	S
NMDC20556114	0	0	0	0	0	0	0	0	0	1	0	1	0	0	1	1	0	0	1	0	S
NMDC20556115	0	0	0	0	0	0	0	0	0	0	1	1	0	1	1	0	0	0	1	0	S
NMDC20552087	0	0	0	0	0	0	0	0	0	0	1	1	0	1	1	0	0	0	1	0	S
NMDC20556117	1	1	0	0	1	0	0	0	0	1	0	1	0	0	0	0	0	0	1	0	S
NMDC20554119	0	0	0	0	0	0	0	0	0	1	1	1	0	0	1	1	0	0	1	0	S
NMDC20587017	0	0	0	0	0	0	0	0	0	1	0	1	0	0	1	1	0	0	1	0	S
NMDC20587018	0	0	0	0	0	0	0	0	0	0	1	1	0	1	1	0	0	0	1	0	S
NMDC20587019	0	0	0	0	0	0	0	0	0	1	0	1	0	0	1	1	0	0	1	0	S
NMDC20558118	0	0	0	0	0	0	0	0	0	1	0	1	0	0	1	1	0	0	1	0	S
NMDC20558119	0	0	0	0	0	0	0	0	0	0	1	1	0	0	1	0	0	0	1	0	S
NMDC20554120	0	0	0	0	0	0	0	0	0	0	1	1	0	0	1	0	0	0	1	0	S
NMDC20587020	1	1	0	1	0	0	0	0	0	1	0	1	0	0	1	0	0	0	1	0	S
NMDC20556120	0	0	0	1	0	0	0	0	0	1	0	1	0	0	1	0	0	0	1	0	S
NMDC20587021	0	0	0	0	0	0	0	0	0	0	1	1	0	1	1	0	0	0	1	0	S
NMDC20552089	0	0	0	0	0	0	0	0	0	0	1	1	0	1	1	0	0	0	1	0	S
NMDC20552090	0	0	0	0	0	0	0	0	0	1	0	1	0	0	1	1	0	0	1	0	S
NMDC20558120	1	0	0	0	0	0	0	0	0	1	0	1	0	0	1	1	0	0	1	0	S
NMDC20587023	0	0	0	0	0	0	0	0	0	0	1	1	0	1	1	0	0	0	1	0	S
NMDC20554121	0	0	0	0	0	0	0	0	0	0	1	1	0	1	1	0	0	0	1	0	S
NMDC20587024	0	0	0	0	0	0	0	0	0	1	0	1	0	0	1	0	0	0	1	0	S
NMDC20554122	1	0	0	0	0	0	0	0	0	1	0	1	0	0	1	1	0	0	1	0	S
NMDC20556121	0	0	0	0	0	0	0	0	0	1	0	1	0	0	1	1	0	0	1	0	S
NMDC20587025	0	0	0	0	0	0	0	0	0	0	1	1	0	1	1	0	0	0	1	0	S
NMDC20552104	0	0	0	0	0	0	0	0	0	1	0	0	0	0	1	0	0	0	1	0	S
NMDC20587056	0	0	0	0	0	0	0	0	0	1	1	1	0	0	1	1	0	0	1	0	S
NMDC20556126	0	0	0	0	0	0	0	0	0	1	0	1	0	0	1	1	0	0	1	0	S
NMDC20556127	0	0	0	0	0	0	0	0	0	1	0	1	0	0	1	1	0	0	1	0	S
NMDC20556128	0	0	0	1	0	0	0	0	0	1	0	1	0	0	1	0	0	0	1	0	S
NMDC20552106	0	0	0	0	0	0	0	0	0	1	0	1	0	0	1	1	0	0	1	0	S
NMDC20556129	0	0	0	0	0	0	0	0	0	1	0	1	0	0	1	1	0	0	1	0	S
NMDC20587057	1	0	0	0	0	0	0	0	0	1	0	1	0	0	1	1	0	0	1	0	S
NMDC20556130	1	1	0	1	0	1	0	0	0	1	0	0	0	0	1	1	0	0	1	0	S
NMDC20558133	0	0	0	0	0	0	0	0	0	0	1	1	0	1	1	0	0	0	1	0	S
NMDC20556131	0	0	0	0	0	0	0	0	0	1	0	1	0	0	1	1	0	0	1	0	S
NMDC20587059	0	0	0	0	0	0	0	0	0	1	0	1	0	0	1	1	0	0	1	0	S
NMDC20552107	0	0	0	0	0	0	0	0	0	1	0	1	0	0	1	1	0	0	1	0	S
NMDC20554138	0	0	0	0	0	0	0	0	0	1	0	1	0	0	1	1	0	0	1	0	S
NMDC20587061	1	0	0	0	0	0	0	0	0	1	0	1	0	0	1	1	1	0	1	0	S
NMDC20587062	0	0	0	1	0	0	0	0	0	0	1	1	0	0	1	0	0	0	1	0	S
NMDC20552109	0	0	0	1	0	0	0	0	0	1	0	1	0	0	1	0	0	0	1	0	S
NMDC20552110	0	0	0	0	0	0	0	0	0	0	1	1	0	1	1	0	0	0	1	0	S
NMDC20554141	1	1	0	0	0	0	0	0	0	1	0	1	0	0	1	1	0	0	1	0	S
NMDC20587065	0	0	0	0	0	0	0	0	0	1	0	1	0	0	1	1	0	0	1	0	S
NMDC20587066	0	0	0	0	0	0	0	0	0	1	0	1	0	0	1	1	0	0	1	0	S
NMDC20554144	0	0	0	1	0	0	0	0	0	0	0	1	0	0	1	0	0	0	0	0	S
NMDC20554145	0	0	0	0	0	0	0	0	0	1	0	1	0	0	1	1	0	0	1	0	S
NMDC20587068	0	0	0	0	0	0	0	0	0	1	0	1	0	0	1	1	0	0	1	0	S
NMDC20587071	0	0	0	0	0	0	0	0	0	1	0	1	0	0	1	1	0	0	1	0	S
NMDC20556134	0	0	0	0	0	0	0	0	0	1	0	1	0	0	1	1	0	0	1	0	S
NMDC20556135	1	0	0	0	0	0	0	0	0	1	0	1	0	0	1	1	1	0	1	0	S
NMDC20558136	1	0	0	0	0	0	0	0	0	1	0	1	0	0	1	0	0	0	1	0	S
NMDC20558137	0	0	0	0	0	0	0	0	0	1	0	1	0	0	1	1	0	0	1	0	S
NMDC20587073	0	0	0	0	0	0	0	0	0	1	0	1	0	0	1	1	0	0	1	0	S
NMDC20554146	0	0	0	0	0	0	0	0	0	1	0	1	0	0	1	1	0	0	1	0	S
NMDC20587076	0	0	0	0	0	0	0	0	0	1	0	1	0	0	1	1	0	0	1	0	S
NMDC20554147	0	0	0	0	0	0	0	0	0	1	0	1	0	0	1	1	0	0	1	0	S
NMDC20558139	0	0	0	0	0	0	0	0	0	0	1	1	0	1	1	0	0	0	1	0	S
NMDC20554148	0	1	0	0	0	0	0	0	0	1	0	1	0	0	1	1	0	0	1	0	S
NMDC20587077	0	0	0	0	0	0	0	0	0	1	0	1	0	0	1	1	0	0	1	0	S
NMDC20554149	0	0	0	0	0	0	0	0	0	0	1	1	0	1	1	0	0	0	1	0	S
NMDC20554151	1	0	0	0	0	0	1	0	0	1	0	1	1	0	1	1	0	0	1	0	S
NMDC20556138	0	0	0	0	0	0	0	0	0	1	0	1	0	0	1	1	0	0	1	0	S
NMDC20587079	0	0	0	0	0	0	0	0	0	0	1	1	0	1	1	0	0	0	1	0	S
NMDC20587080	0	0	0	0	0	0	0	0	0	0	1	1	0	1	1	0	0	0	1	0	S
NMDC20587082	0	0	0	0	0	0	0	0	0	1	0	1	0	0	1	1	0	0	1	0	S
NMDC20587084	0	0	0	0	0	0	0	0	0	1	0	1	0	0	1	1	0	0	1	0	S
NMDC20554154	0	0	0	0	0	0	0	0	0	1	0	1	0	0	1	1	0	0	1	0	S
NMDC20587086	0	0	0	0	0	0	0	0	0	1	0	1	0	0	1	1	0	0	1	0	S
NMDC20554156	0	0	0	0	0	0	0	0	0	1	0	1	0	0	1	1	0	0	1	0	S
NMDC20556141	1	0	0	0	0	0	0	0	0	1	0	1	0	0	1	1	0	0	1	0	S
NMDC20587088	0	0	0	0	0	0	0	0	0	1	0	1	0	0	1	1	0	0	1	0	S
NMDC20587090	0	0	0	0	0	0	0	0	0	1	0	1	0	0	1	1	0	0	1	0	S
NMDC20554157	0	0	0	1	0	0	0	0	0	0	1	1	0	0	1	0	0	0	1	0	S
NMDC20552117	0	0	0	0	0	0	0	0	0	0	1	1	0	0	1	0	0	0	1	0	S
NMDC20554159	0	0	0	0	0	0	0	0	0	0	1	1	0	0	1	0	0	0	1	0	S
NMDC20587092	0	0	0	0	0	0	0	0	0	0	1	1	0	1	1	0	0	0	1	0	S
NMDC20587093	0	0	0	0	0	0	0	0	0	1	0	1	0	0	1	1	0	0	1	0	S
NMDC20587094	0	0	0	0	0	0	0	0	0	1	0	1	0	0	1	1	0	0	1	0	S
NMDC20554160	0	0	0	0	0	0	0	0	0	1	0	1	0	0	1	1	0	0	1	0	S
NMDC20558146	0	0	0	0	0	0	0	0	0	1	0	1	0	0	1	1	0	0	1	0	S
NMDC20558147	0	0	0	0	0	0	0	0	0	1	0	1	0	0	1	1	0	0	1	0	S
NMDC20587095	1	0	0	0	0	0	0	0	0	1	0	1	0	0	1	1	1	0	1	0	S
NMDC20587097	0	0	0	0	0	0	0	0	0	1	0	1	0	0	1	1	0	0	1	0	S
NMDC20554161	0	0	0	1	0	0	0	0	0	1	0	1	0	0	1	0	0	0	1	0	S
NMDC20556142	1	0	0	0	0	0	0	0	0	1	0	1	0	0	1	0	1	0	1	0	S
NMDC20558149	0	0	0	0	0	0	0	0	0	1	0	1	0	0	1	1	0	0	1	0	S
NMDC20587098	0	0	0	0	0	0	0	0	0	0	0	1	0	0	1	0	0	0	1	0	S
NMDC20558151	0	0	0	0	0	0	0	0	0	1	0	1	0	0	1	1	0	0	1	0	S
NMDC20556143	0	0	0	0	0	0	0	0	0	1	0	1	0	0	1	1	0	0	1	0	S
NMDC20558152	0	0	0	0	0	0	0	0	0	1	0	1	0	0	1	1	0	0	1	0	S
NMDC20554162	0	0	0	0	0	0	0	0	0	1	1	1	0	0	1	1	0	0	1	0	S
NMDC20587100	0	0	0	0	0	0	0	0	0	1	0	1	0	0	1	1	0	0	1	0	S
NMDC20556144	0	0	0	0	0	0	0	0	0	1	0	1	0	0	1	1	0	0	1	0	S
NMDC20558153	0	0	0	0	0	0	0	0	0	1	0	1	0	0	1	1	0	0	1	0	S
NMDC20556145	0	0	0	0	0	0	0	0	0	1	0	1	0	0	1	1	0	0	1	0	S
NMDC20552119	0	0	0	0	0	0	0	0	0	1	0	1	0	0	1	1	0	0	1	0	S
NMDC20552120	1	0	0	1	0	0	0	0	0	0	1	1	0	0	1	0	1	0	1	0	S
NMDC20552121	1	1	0	0	0	0	0	0	0	1	0	1	0	0	1	1	0	0	1	0	S
NMDC20558156	0	0	0	0	0	0	0	0	0	1	0	1	0	0	1	1	0	0	1	0	S
NMDC20587102	0	0	0	0	0	0	0	0	0	1	0	1	0	0	0	0	0	0	1	0	S
NMDC20556149	0	0	0	0	0	0	0	0	0	0	1	1	0	1	1	0	0	0	1	0	S
NMDC20587104	0	0	0	0	0	0	0	0	0	0	1	1	0	1	1	0	0	0	1	0	S
NMDC20558157	0	0	0	0	0	0	0	0	0	0	1	1	0	1	1	0	0	0	1	0	S
NMDC20556150	0	0	0	0	0	0	0	0	0	0	1	1	0	1	1	0	0	0	1	0	S
NMDC20587105	0	0	0	0	0	0	0	0	0	1	0	1	0	0	1	1	0	0	1	0	S
NMDC20558158	0	0	0	0	0	0	0	0	0	1	0	1	0	0	1	1	0	0	1	0	S
NMDC20556152	0	0	0	0	0	0	0	0	0	1	0	1	0	0	1	1	0	0	1	0	S
NMDC20587106	0	0	0	0	0	0	0	0	0	1	0	1	0	0	1	1	0	0	1	0	S
NMDC20587107	0	0	0	1	0	0	0	0	0	1	0	1	0	0	1	0	0	0	1	0	S
NMDC20587108	0	0	0	0	0	0	0	0	0	1	0	1	0	0	1	1	0	0	1	0	S
NMDC20587109	0	0	0	0	0	0	0	0	0	1	0	1	0	0	1	0	0	0	1	0	S
NMDC20587113	0	0	0	0	0	0	0	0	0	0	1	1	0	1	1	0	0	0	1	0	S
NMDC20556155	0	0	0	0	0	0	0	0	0	1	0	1	0	0	1	1	0	0	1	0	S
NMDC20554166	0	0	0	0	0	0	0	0	0	1	0	1	0	0	1	1	0	0	1	0	S
NMDC20587114	0	0	0	0	0	0	0	0	0	1	0	1	0	0	1	1	0	0	1	0	S
NMDC20587115	1	0	0	1	0	0	0	0	0	1	0	0	0	0	0	1	1	0	1	0	S
NMDC20554170	0	0	0	0	0	0	0	0	0	1	0	1	0	0	1	1	0	0	1	0	S
NMDC20552126	0	0	0	0	0	0	0	0	0	1	0	1	0	0	1	1	0	0	1	0	S
NMDC20587117	0	0	0	0	0	0	0	0	0	0	1	1	0	1	1	0	0	0	1	0	S
NMDC20587119	0	0	0	0	0	0	0	0	0	1	0	1	0	0	1	1	0	0	1	0	S
NMDC20587120	0	0	0	0	0	0	0	0	0	0	1	1	0	1	1	0	0	0	1	0	S
NMDC20558160	0	0	0	0	0	0	0	0	0	0	1	1	0	1	1	0	0	0	1	0	S
NMDC20556156	0	0	0	0	0	0	0	0	0	1	0	1	0	0	1	1	0	0	1	0	S
NMDC20587122	0	0	0	0	0	0	0	0	0	1	0	1	0	0	1	1	0	0	1	0	S
NMDC20552128	1	1	0	1	0	0	0	0	0	1	0	0	0	0	1	1	0	0	1	0	S
NMDC20554172	0	0	0	0	0	0	0	0	0	0	1	1	0	1	1	0	0	0	1	0	S
NMDC20554174	0	0	0	0	0	0	0	0	0	1	0	1	0	0	1	1	0	0	1	0	S
NMDC20587124	0	0	0	0	0	0	0	0	0	1	0	1	0	0	1	1	0	0	1	0	S
NMDC20556160	0	0	0	0	0	0	0	0	0	1	0	1	0	0	1	1	0	0	1	0	S
NMDC20587127	0	0	0	0	0	0	0	0	0	1	0	1	0	0	1	1	0	0	1	0	S
NMDC20558163	1	0	0	0	0	0	0	0	0	1	0	1	0	0	1	1	0	0	1	0	S
NMDC20587129	1	0	0	0	0	0	0	0	0	1	0	1	0	0	1	1	0	0	1	0	S
NMDC20587131	0	0	0	0	0	0	0	0	0	1	0	1	0	0	1	1	0	0	1	0	S
NMDC20554177	0	0	0	0	0	0	0	0	0	0	1	1	0	1	1	0	0	0	1	0	S
NMDC20556162	1	0	0	0	0	0	0	0	0	1	0	1	0	0	1	1	0	0	1	0	S
NMDC20554178	0	0	0	0	0	0	0	0	0	1	0	1	0	0	1	1	0	0	1	0	S
NMDC20552132	1	1	0	1	0	0	0	0	0	1	0	1	0	0	1	0	0	0	1	0	S
NMDC20556164	0	0	0	0	0	0	0	0	0	1	0	1	0	0	1	1	0	0	1	0	S
NMDC20556165	0	0	0	0	0	0	0	0	0	1	0	1	0	0	1	1	0	0	1	0	S
NMDC20587134	0	0	0	0	0	0	0	0	0	1	0	1	0	0	1	1	0	0	1	0	S
NMDC20556166	1	0	0	1	0	0	0	0	0	0	1	1	0	0	1	0	1	0	1	0	S
NMDC20558166	0	0	0	0	0	0	0	0	0	1	0	1	0	0	1	1	0	0	1	0	S
NMDC20552134	0	0	0	0	0	0	0	0	0	1	0	1	0	0	1	1	0	0	1	0	S
NMDC20556167	0	0	0	0	0	0	0	0	0	1	0	1	0	0	1	1	0	0	1	0	S
NMDC20587138	0	0	0	0	0	0	0	0	0	1	0	1	0	0	1	1	0	0	1	0	S
NMDC20556168	0	0	0	1	0	0	0	0	0	1	0	1	0	0	1	0	0	0	1	0	S
NMDC20558169	0	0	0	0	0	0	0	0	0	1	0	1	0	0	1	1	0	0	1	0	S
NMDC20558170	1	0	0	0	0	0	1	0	0	1	0	1	1	0	1	1	0	0	1	0	S
NMDC20552135	0	0	0	0	0	0	0	0	0	0	1	1	0	1	1	0	0	0	1	0	S
NMDC20587140	0	0	0	0	0	0	0	0	0	0	1	1	0	1	1	0	0	0	1	0	S
NMDC20554180	0	0	0	0	0	0	0	0	0	0	1	1	0	1	1	0	0	0	1	0	S
NMDC20554183	0	0	0	1	0	0	0	0	0	1	0	1	0	0	1	0	0	0	0	0	S
NMDC20554184	0	0	0	0	0	0	0	0	0	0	1	1	0	1	1	0	0	0	1	0	S
NMDC20552141	0	0	0	0	0	0	0	0	0	1	0	1	0	0	1	1	0	0	1	0	S
NMDC20556169	0	0	0	0	0	0	0	0	0	1	0	1	0	0	1	1	0	0	1	0	S
NMDC20556170	0	0	0	0	0	0	0	0	0	1	0	1	0	0	1	1	0	0	1	0	S
NMDC20554188	0	0	0	0	0	0	0	0	0	0	1	1	0	1	1	0	0	0	1	0	S
NMDC20552144	0	0	0	0	0	0	0	0	0	0	1	1	0	1	1	0	0	0	1	0	S
NMDC20552145	0	0	0	0	0	0	0	0	0	1	0	1	0	0	1	1	0	0	1	0	S
NMDC20552146	0	0	0	0	0	0	0	0	0	1	0	1	0	0	1	1	0	0	1	0	S
NMDC20587146	0	0	0	0	0	0	0	0	0	1	0	1	0	0	1	1	0	0	1	0	S
NMDC20558171	0	0	0	0	1	0	0	0	0	1	0	1	0	0	0	0	0	0	1	0	S
NMDC20558172	0	0	0	0	0	0	0	0	0	1	0	1	0	0	1	1	0	0	1	0	S
NMDC20552147	0	0	0	0	0	0	0	0	0	1	0	1	0	0	1	1	0	0	1	0	S
NMDC20558173	0	0	0	0	0	0	0	0	0	1	0	1	0	0	1	1	0	0	1	0	S
NMDC20587153	0	0	0	0	0	0	0	0	0	1	1	1	0	0	1	1	0	0	1	0	S
NMDC20552148	0	0	0	0	0	0	0	0	0	1	0	0	0	0	1	1	0	0	0	0	S
NMDC20587155	0	0	0	0	0	0	0	0	0	1	0	1	0	0	1	1	0	0	1	0	S
NMDC20587160	0	0	0	0	0	0	0	0	0	1	0	1	0	0	1	1	0	0	1	0	S
NMDC20552150	0	0	0	0	0	0	0	0	0	0	1	1	0	1	1	0	0	0	1	0	S
NMDC20552151	0	0	0	0	0	0	0	0	0	0	1	1	0	1	1	0	0	0	1	0	S
NMDC20587162	0	0	0	0	0	0	0	0	0	1	0	1	0	0	1	1	0	0	1	0	S
NMDC20556176	0	0	0	0	0	0	0	0	0	0	1	1	0	1	1	0	0	0	1	0	S
NMDC20554190	0	0	0	0	0	0	0	0	0	0	1	1	0	1	1	0	0	0	1	0	S
NMDC20552152	0	0	0	0	0	0	0	0	0	1	0	1	0	0	1	1	0	0	1	0	S
NMDC20552153	0	0	0	0	0	0	0	0	0	0	1	1	0	1	1	0	0	0	1	0	S
NMDC20558175	0	0	0	0	0	0	0	0	0	0	1	1	0	1	1	0	0	0	1	0	S
NMDC20587164	0	0	0	0	0	0	0	0	0	1	0	1	0	0	1	1	0	0	1	0	S
NMDC20587165	0	0	0	0	0	0	0	0	0	1	0	1	0	0	1	1	0	0	1	0	S
NMDC20558176	0	0	0	0	0	0	0	0	0	1	0	1	0	0	1	1	0	0	1	0	S
NMDC20556177	0	0	0	0	0	0	0	0	0	1	0	1	0	0	1	1	0	0	1	0	S
NMDC20587167	0	0	0	0	0	0	0	0	0	1	0	1	0	0	1	1	0	0	1	0	S
NMDC20552155	0	0	0	0	0	0	0	0	0	0	1	1	0	1	1	0	0	0	1	0	S
NMDC20554192	1	0	0	0	0	0	0	0	0	1	0	1	0	0	1	1	0	0	1	0	S
NMDC20556180	1	0	0	0	0	0	1	0	0	1	0	1	0	0	1	1	0	0	1	0	S
NMDC20558178	0	0	0	0	0	0	0	0	0	0	1	1	0	1	1	0	0	0	1	0	S
NMDC20587172	1	0	0	0	0	0	0	0	0	1	0	1	0	0	1	1	0	0	1	0	S
NMDC20587173	0	0	0	0	0	0	0	0	0	1	0	1	0	0	1	1	0	0	1	0	S
NMDC20558181	0	0	0	0	0	0	0	0	0	1	0	1	0	0	1	1	0	0	1	0	S
NMDC20556182	0	0	0	0	0	0	0	0	0	0	1	1	0	1	1	0	0	0	1	0	S
NMDC20587174	0	0	0	0	0	0	0	0	0	1	0	1	0	0	1	1	0	0	1	0	S
NMDC20558182	0	0	0	0	0	0	0	0	0	1	0	1	0	0	1	1	0	0	1	0	S
NMDC20554195	0	0	0	0	0	0	0	0	0	0	1	1	0	1	1	0	0	0	1	0	S
NMDC20587177	0	0	0	0	0	0	0	0	0	1	0	1	0	0	1	1	0	0	1	0	S
NMDC20556183	0	0	0	0	0	0	0	0	0	1	0	1	0	0	1	1	0	0	1	0	S
NMDC20552160	0	0	0	0	0	0	0	0	0	1	0	0	0	0	1	1	0	0	0	0	S
NMDC20587178	0	0	0	0	0	0	0	0	0	1	0	1	0	0	1	1	0	0	1	0	S
NMDC20552162	0	0	0	0	0	0	0	0	0	1	0	1	0	0	1	1	0	0	1	0	S
NMDC20587180	0	0	0	0	0	0	0	0	0	0	1	1	0	1	1	0	0	0	1	0	S
NMDC20552163	0	0	0	0	0	0	0	0	0	1	0	1	0	0	1	1	0	0	1	0	S
NMDC20552164	0	0	0	0	1	0	0	0	0	1	0	1	0	0	1	0	0	0	1	0	S
NMDC20554197	0	0	0	0	0	0	0	0	0	1	0	1	0	0	1	1	0	0	1	0	S
NMDC20587184	0	0	0	0	0	0	0	0	0	1	0	1	0	0	1	1	0	0	1	0	S
NMDC20587185	1	0	0	0	0	0	0	0	0	1	0	1	0	0	1	1	1	0	1	0	S
NMDC20587186	0	0	0	0	0	0	0	0	0	1	0	1	0	0	1	1	0	0	1	0	S
NMDC20558186	0	0	0	0	0	0	0	0	0	1	0	1	0	0	1	1	0	0	1	0	S
NMDC20587189	0	0	0	0	0	0	0	0	0	1	0	1	0	0	1	1	0	0	1	0	S
NMDC20558187	0	0	0	0	0	0	0	0	0	1	0	1	0	0	1	1	0	0	1	0	S
NMDC20587193	0	0	0	0	0	0	0	0	0	1	0	1	0	0	1	1	0	0	1	0	S
NMDC20554199	0	0	0	0	0	0	0	0	0	1	0	1	0	0	1	1	0	0	1	0	S
NMDC20587196	0	0	0	0	0	0	0	0	0	1	0	1	0	0	1	1	0	0	1	0	S
NMDC20556186	0	0	0	0	0	0	0	0	0	1	0	1	0	0	1	1	0	0	1	0	S
NMDC20552168	0	0	0	0	0	0	0	0	0	1	0	1	0	0	1	1	0	0	1	0	S
NMDC20554201	0	0	0	0	0	0	0	0	0	1	0	1	0	0	1	1	0	0	1	0	S
NMDC20556188	1	1	0	0	0	0	0	0	0	1	0	1	0	0	1	1	0	0	1	0	S
NMDC20587200	0	0	0	0	0	0	0	0	0	1	0	1	0	0	1	1	0	0	1	0	S
NMDC20587201	0	0	0	0	0	0	0	0	0	1	0	1	0	0	1	1	0	0	1	0	S
NMDC20558192	0	0	0	0	0	0	0	0	0	1	0	1	0	0	1	1	0	0	1	0	S
NMDC20556190	0	0	0	0	0	0	0	0	0	1	0	1	0	0	1	1	0	0	1	0	S
NMDC20556191	1	0	0	0	0	0	0	0	0	1	0	1	0	0	1	1	0	0	1	0	S
NMDC20558193	0	0	0	0	0	0	0	0	0	0	1	1	0	1	1	0	0	0	1	0	S
NMDC20587204	1	0	0	0	0	0	0	0	0	1	0	1	0	0	1	1	0	0	1	0	S
NMDC20558194	0	0	0	0	0	0	0	0	0	0	1	1	0	0	1	0	0	0	1	0	S
NMDC20556196	0	0	0	1	0	0	0	0	0	1	0	1	0	0	1	0	0	0	0	0	S
NMDC20558195	0	0	0	0	0	0	0	0	0	1	0	1	0	0	1	0	0	0	1	0	S
NMDC20587211	1	1	0	0	0	0	0	0	0	1	0	1	0	0	1	1	0	0	1	0	S
NMDC20587212	0	0	0	0	0	0	0	0	0	1	0	1	0	0	1	1	0	0	1	0	S
NMDC20558201	1	0	0	0	0	0	1	0	0	1	0	1	0	0	1	1	0	0	1	0	S
NMDC20554206	1	0	0	0	0	0	1	0	0	1	0	1	0	0	1	1	0	0	1	0	S
NMDC20552176	0	0	0	0	0	0	0	0	0	0	1	1	0	1	1	0	0	0	1	0	S
NMDC20587214	0	0	0	0	0	0	0	0	0	0	1	1	0	1	1	0	0	0	1	0	S
NMDC20558202	0	0	0	0	0	0	0	0	0	0	1	1	0	1	1	0	0	0	1	0	S
NMDC20558203	0	0	0	0	0	0	0	0	0	0	1	1	0	1	1	0	0	0	1	0	S
NMDC20587215	0	0	0	0	0	0	0	0	0	0	1	1	0	1	1	0	0	0	1	0	S
NMDC20552177	0	0	0	0	0	0	0	0	0	0	1	1	0	1	1	0	0	0	1	0	S
NMDC20552179	0	0	0	1	0	0	0	0	0	1	0	1	0	0	1	0	0	0	1	0	S
NMDC20587217	0	0	0	0	0	0	0	0	0	1	0	1	0	0	1	1	0	0	1	0	S
NMDC20556199	0	0	0	0	0	0	0	0	0	1	0	1	0	0	1	1	0	0	1	0	S
NMDC20587219	1	0	0	0	0	1	0	0	0	1	0	1	0	0	1	1	1	0	1	0	S
NMDC20556201	0	0	0	0	0	0	0	0	0	1	0	1	0	0	1	1	0	0	1	0	S
NMDC20587220	0	0	0	0	0	0	0	0	0	1	0	1	0	0	1	1	0	0	1	0	S
NMDC20587222	0	0	0	0	0	0	0	0	0	0	1	1	0	1	1	0	0	0	1	0	S
NMDC20554209	0	0	0	0	0	0	0	0	0	1	0	1	0	0	1	1	0	0	1	0	S
NMDC20556202	0	0	0	1	0	0	0	0	0	1	1	1	0	0	1	0	0	0	1	0	S
NMDC20556203	0	0	0	0	0	0	0	0	0	1	0	1	0	0	1	1	0	0	1	0	S
NMDC20554211	0	0	0	0	0	0	0	0	0	1	0	1	0	0	1	1	0	0	1	0	S
NMDC20556204	0	0	0	0	0	0	0	0	0	0	0	0	0	0	1	0	0	0	1	0	S
NMDC20554213	0	0	0	0	0	0	0	0	0	1	0	1	0	0	1	1	0	0	1	0	S
NMDC20587223	0	0	0	0	0	0	0	0	0	0	1	1	0	1	1	0	0	0	1	0	S
NMDC20558209	0	0	0	0	0	0	0	0	0	0	1	1	0	1	1	0	0	0	1	0	S
NMDC20552182	0	1	0	0	0	0	0	0	1	0	1	1	0	1	1	0	0	0	1	1	S
NMDC20587224	1	0	0	0	0	0	0	0	0	1	0	1	0	0	1	1	0	0	1	0	S
NMDC20554214	0	0	0	1	0	0	0	0	0	1	0	1	0	0	1	0	0	0	0	0	S
NMDC20556205	0	0	0	0	0	0	0	0	0	1	0	1	0	0	1	1	0	0	1	0	S
NMDC20558211	0	1	0	0	0	0	0	0	1	0	1	1	0	1	1	0	0	0	1	1	S
NMDC20558212	0	0	0	0	0	0	0	0	0	1	0	1	0	0	1	1	0	0	1	0	S
NMDC20554215	0	0	0	0	0	0	0	0	0	1	0	1	0	0	1	1	0	0	1	0	S
NMDC20552183	0	0	0	0	0	0	0	0	0	1	0	1	0	0	1	1	0	0	1	0	S
NMDC20556206	0	0	0	0	0	0	0	0	0	0	1	1	0	1	1	0	0	0	1	0	S
NMDC20552185	0	0	0	0	0	0	0	0	0	0	1	1	0	1	1	0	0	0	1	0	S
NMDC20554217	0	0	0	0	0	0	0	0	0	0	1	1	0	1	1	0	0	0	1	0	S
NMDC20554218	0	0	0	0	0	0	0	0	0	1	0	1	0	0	1	1	0	0	1	0	S
NMDC20554219	0	0	0	0	0	0	0	0	0	1	0	1	0	0	1	1	0	0	1	0	S
NMDC20556207	1	0	0	0	0	0	0	0	0	1	0	1	0	0	1	1	0	0	1	0	S
NMDC20587226	1	0	0	0	0	1	0	0	0	1	0	1	0	0	1	1	1	0	1	0	S
NMDC20587227	0	0	0	0	0	0	0	0	0	0	1	1	0	1	1	0	0	0	1	0	S
NMDC20556208	0	0	0	0	0	0	0	0	0	1	0	1	0	0	1	1	0	0	1	0	S
NMDC20558213	0	0	0	0	0	0	0	0	0	1	0	1	0	0	1	1	0	0	1	0	S
NMDC20587231	1	0	0	0	0	0	0	0	0	1	0	1	0	0	1	1	0	0	1	0	S
NMDC20587232	0	0	0	0	0	0	0	0	0	1	0	1	0	0	1	1	0	0	1	0	S
NMDC20587234	0	1	0	0	0	0	0	0	1	0	1	1	0	1	1	0	0	0	1	1	S
NMDC20558215	0	0	0	0	0	0	0	0	0	1	0	1	0	0	0	0	0	0	0	0	S
NMDC20587235	0	0	0	1	0	0	0	0	0	0	1	1	0	0	1	0	0	0	1	0	S
NMDC20558216	0	0	0	0	0	0	0	0	0	1	0	1	0	0	1	1	0	0	1	0	S
NMDC20554223	0	1	0	0	0	0	0	0	1	0	1	1	0	1	1	0	0	0	1	1	S
NMDC20556211	0	0	0	0	0	0	0	0	0	1	0	1	0	0	1	1	0	0	1	0	S
NMDC20556212	0	0	0	0	0	0	0	0	0	1	0	1	0	0	1	1	0	0	1	0	S
NMDC20552190	0	0	0	0	0	0	0	0	0	1	0	1	0	0	1	1	0	0	1	0	S
NMDC20554226	0	0	0	0	0	0	0	0	0	1	0	1	0	0	1	1	0	0	1	0	S
NMDC20556213	0	0	0	1	0	0	0	0	0	1	0	1	0	0	1	0	0	0	1	0	S
NMDC20587240	0	0	0	0	0	0	0	0	0	0	1	1	0	1	1	0	0	0	1	0	S
NMDC20558217	0	0	0	0	0	0	0	0	0	0	1	1	0	1	1	0	0	0	1	0	S
NMDC20587244	0	0	0	0	0	0	0	0	0	1	0	1	0	0	1	1	0	0	1	0	S
NMDC20556214	0	0	0	0	0	0	0	0	0	1	0	1	0	0	1	1	0	0	1	0	S
NMDC20552195	0	0	0	0	0	0	0	0	0	0	1	1	0	1	1	0	0	0	1	0	S
NMDC20552196	0	0	0	0	0	0	0	0	0	1	0	1	0	0	1	1	0	0	1	0	S
NMDC20587245	0	0	0	0	0	0	0	0	0	0	1	1	0	1	1	0	0	0	1	0	S
NMDC20552200	0	0	0	0	0	0	0	0	0	1	0	1	0	0	1	1	0	0	1	0	S
NMDC20558223	0	0	0	0	0	0	0	0	0	0	1	1	0	1	1	0	0	0	1	0	S
NMDC20558224	0	0	0	0	0	0	0	0	0	0	1	1	0	1	1	0	0	0	1	0	S
NMDC20556217	0	0	0	1	0	0	0	0	0	1	0	1	0	0	1	0	0	0	1	0	S
NMDC20552202	0	0	0	0	1	0	0	0	0	1	0	1	0	0	1	0	0	0	1	0	S
NMDC20552203	0	0	0	0	0	0	0	0	0	1	0	1	0	0	1	1	0	0	1	0	S
NMDC20587249	0	0	0	0	0	0	0	0	0	1	0	1	0	0	1	1	0	0	1	0	S
NMDC20556218	0	0	0	0	0	0	0	0	0	0	1	1	0	1	1	0	0	0	1	0	S
NMDC20587251	0	0	0	0	0	0	0	0	0	0	1	1	0	1	1	0	0	0	1	0	S
NMDC20556219	0	0	0	1	0	0	0	0	0	1	0	1	0	0	1	0	0	0	1	0	S
NMDC20558226	0	0	0	0	0	0	0	0	0	0	1	1	0	1	1	0	0	0	1	0	S
NMDC20587253	0	0	0	1	0	0	0	0	0	1	0	1	0	0	1	0	0	0	1	0	S
NMDC20554230	0	0	0	0	0	0	0	0	0	1	0	1	0	0	1	1	0	0	1	0	S
NMDC20554231	0	0	0	0	0	0	0	0	0	1	0	1	0	0	1	1	0	0	1	0	S
NMDC20556220	0	0	0	0	0	0	0	0	0	0	1	1	0	1	1	0	0	0	1	0	S
NMDC20587257	0	0	0	0	0	0	0	0	0	0	1	1	0	1	1	0	0	0	1	0	S
NMDC20552204	0	0	0	0	0	0	0	0	0	1	0	1	0	0	1	1	0	0	1	0	S
NMDC20552205	1	1	0	0	0	0	0	0	0	1	0	1	0	0	1	1	0	0	1	0	S
NMDC20558229	0	0	0	0	0	0	0	0	0	1	0	1	0	0	1	1	0	0	1	0	S
NMDC20587259	0	0	0	0	0	0	0	0	0	0	1	1	0	1	1	0	0	0	1	0	S
NMDC20554233	0	0	0	0	0	0	0	0	0	1	0	1	0	0	1	1	0	0	1	0	S
NMDC20556222	0	0	0	0	0	0	0	0	0	1	0	1	0	0	1	1	0	0	1	0	S
NMDC20556223	0	0	0	0	0	0	0	0	0	1	0	1	0	0	1	1	0	0	1	0	S
NMDC20552209	0	1	0	0	0	0	0	0	1	0	1	1	0	1	1	0	0	0	1	1	S
NMDC20558230	0	0	0	0	0	0	0	0	0	1	0	1	0	0	1	1	0	0	1	0	S
NMDC20587261	1	0	0	0	0	0	1	0	0	1	0	1	1	0	1	1	0	0	1	0	S
NMDC20558232	0	0	0	0	0	0	0	0	0	1	0	1	0	0	1	1	0	0	1	0	S
NMDC20554234	0	0	0	0	0	0	0	0	0	1	0	1	0	0	1	1	0	0	1	0	S
NMDC20552210	0	0	0	0	0	0	0	0	0	1	0	1	0	0	1	1	0	0	1	0	S
NMDC20587262	0	0	0	0	0	0	0	0	0	1	0	1	0	0	1	1	0	0	1	0	S
NMDC20556226	0	0	0	0	0	0	0	0	0	1	0	1	0	0	1	1	0	0	1	0	S
NMDC20554236	0	0	0	0	0	0	0	0	0	0	1	1	0	1	1	0	0	0	1	0	S
NMDC20558235	0	0	0	0	0	0	0	0	0	1	0	1	0	0	0	1	0	0	1	0	S
NMDC20587263	0	0	0	0	0	0	0	0	0	1	0	1	0	0	0	1	0	0	1	0	S
NMDC20587264	0	0	0	0	0	0	0	0	0	1	0	1	0	0	1	1	0	0	1	0	S
NMDC20556227	0	0	0	0	0	0	0	0	0	1	0	1	0	0	1	1	0	0	1	0	S
NMDC20556228	0	0	0	0	0	0	0	0	0	1	1	1	0	0	1	1	0	0	1	0	S
NMDC20587266	0	0	0	0	1	0	0	0	0	0	1	1	0	0	0	0	0	0	1	0	S
NMDC20552213	1	0	0	0	0	0	1	0	0	1	0	1	1	0	1	1	0	0	1	0	S
NMDC20554237	0	0	0	0	0	0	0	0	0	1	0	1	0	0	1	1	0	0	1	0	S
NMDC20556229	0	0	0	0	0	0	0	0	0	1	0	1	0	0	1	1	0	0	1	0	S
NMDC20587267	0	0	0	0	0	0	0	0	0	1	0	1	0	0	1	1	0	0	1	0	S
NMDC20587269	0	0	0	0	0	0	0	0	0	1	0	1	0	0	1	1	0	0	1	0	S
NMDC20554239	0	0	0	0	0	0	0	0	0	1	0	1	0	0	1	1	0	0	1	0	S
NMDC20587270	0	0	0	0	0	0	0	0	0	0	1	1	0	1	1	0	0	0	1	0	S
NMDC20587272	0	0	0	0	0	0	0	0	0	0	1	1	0	1	1	0	0	0	1	0	S
NMDC20556233	0	0	0	0	0	0	0	0	0	1	0	1	0	0	1	1	0	0	1	0	S
NMDC20554241	0	1	0	0	0	0	0	0	1	0	1	1	0	1	1	0	0	0	1	1	S
NMDC20554242	0	1	0	0	0	0	0	0	1	0	1	1	0	1	1	0	0	0	1	1	S
NMDC20587275	0	0	0	0	0	0	0	0	0	1	0	1	0	0	1	1	0	0	1	0	S
NMDC20587279	0	0	0	0	0	0	0	0	0	1	0	1	0	0	1	1	0	0	1	0	S
NMDC20554244	0	0	0	0	0	0	0	0	0	1	0	1	0	0	1	0	0	0	1	0	S
NMDC20558239	0	0	0	0	0	0	0	0	0	1	0	1	0	0	1	1	0	0	1	0	S
NMDC20552219	0	0	0	0	1	0	0	0	0	1	0	1	0	0	1	0	0	0	1	0	S
NMDC20552220	1	0	0	0	0	0	1	0	0	1	0	1	1	0	1	1	0	0	1	0	S
NMDC20558241	0	0	0	0	0	0	0	0	0	1	0	1	0	0	1	1	0	0	1	0	S
NMDC20587282	1	0	0	0	0	0	1	0	0	1	0	1	1	0	1	1	0	0	1	0	S
NMDC20552222	0	0	0	0	0	0	0	0	0	1	0	1	0	0	1	1	0	0	1	0	S
NMDC20554246	1	0	0	0	0	0	0	0	0	1	0	1	0	0	1	1	0	0	1	0	S
NMDC20552223	0	1	0	0	0	0	0	0	1	0	1	1	0	1	1	0	0	0	1	1	S
NMDC20558242	1	0	0	0	0	0	0	0	0	1	0	1	0	0	1	1	0	0	1	0	S
NMDC20554247	0	0	0	0	0	0	0	0	0	1	0	1	0	0	1	1	0	0	1	0	S
NMDC20587287	0	0	0	0	0	0	0	0	0	1	0	1	0	0	1	1	0	0	1	0	S
NMDC20558243	0	0	0	0	0	0	0	0	0	0	0	1	0	0	1	0	0	0	1	0	S
NMDC20558244	0	0	0	0	0	0	0	0	0	1	0	1	0	0	1	1	0	0	1	0	S
NMDC20587288	0	0	0	0	0	0	0	0	0	1	0	1	0	0	0	0	0	0	0	0	S
NMDC20552224	0	0	0	0	0	0	0	0	0	1	0	1	0	0	1	1	0	0	1	0	S
NMDC20587290	0	0	0	0	0	0	0	0	0	1	0	1	0	0	1	1	0	0	1	0	S
NMDC20587291	0	0	0	1	0	0	0	0	0	0	1	1	0	0	1	0	0	0	1	0	S
NMDC20587292	0	1	0	0	0	0	0	0	1	0	1	1	0	1	1	0	0	0	1	1	S
NMDC20558247	0	1	0	0	0	0	0	0	1	0	1	1	0	1	1	0	0	0	1	1	S
NMDC20556239	0	1	0	0	0	0	0	0	1	0	1	1	0	1	1	0	0	0	1	1	S
NMDC20587293	0	1	0	0	0	0	0	0	1	0	1	1	0	1	1	0	0	0	1	1	S
NMDC20552226	0	1	0	0	0	0	0	0	1	0	1	1	0	1	1	0	0	0	1	1	S
NMDC20587296	0	0	0	0	0	0	0	0	0	0	1	1	0	1	1	0	0	0	1	0	S
NMDC20552228	0	0	0	0	0	0	0	0	0	1	0	1	0	0	1	1	0	0	1	0	S
NMDC20587298	0	0	0	1	0	0	0	0	0	0	1	1	0	0	1	0	0	0	1	0	S
NMDC20552229	0	0	0	0	0	0	0	0	0	1	0	1	0	0	1	1	0	0	1	0	S
NMDC20558251	0	0	0	0	0	0	0	0	0	1	0	1	0	0	1	1	0	0	1	0	S
NMDC20587299	0	0	0	0	0	0	0	0	0	1	0	1	0	0	0	0	0	0	0	0	S
NMDC20556241	0	0	0	0	0	0	0	0	0	0	1	1	0	1	1	0	0	0	1	0	S
NMDC20554254	0	0	0	0	0	0	0	0	0	1	0	1	0	0	0	0	0	0	0	0	S
NMDC20587301	0	0	0	0	0	0	0	0	0	1	0	1	0	0	1	1	0	0	1	0	S
NMDC20552233	0	0	0	0	0	0	0	0	0	1	0	1	0	0	1	1	0	0	1	0	S
NMDC20587302	0	0	0	0	0	0	0	0	0	1	0	1	0	0	1	1	0	0	1	0	S
NMDC20587303	0	0	0	0	0	0	0	0	0	0	1	1	0	1	1	0	0	0	1	0	S
NMDC20552235	0	0	0	0	0	0	0	0	0	1	0	1	0	0	1	1	0	0	1	0	S
NMDC20554256	0	0	0	0	0	0	0	0	0	1	0	1	0	0	1	1	0	0	1	0	S
NMDC20556244	0	0	0	0	0	0	0	0	0	1	0	1	0	0	1	1	0	0	1	0	S
NMDC20587307	0	0	0	0	0	0	0	0	0	1	0	1	0	0	1	1	0	0	1	0	S
NMDC20587308	0	0	0	0	0	0	0	0	0	1	0	1	0	0	1	1	0	0	1	0	S
NMDC20558255	0	0	0	0	0	0	0	0	0	1	0	1	0	0	1	1	0	0	1	0	S
NMDC20556245	0	0	0	0	0	0	0	0	0	1	0	1	0	0	1	1	0	0	1	0	S
NMDC20558259	0	0	0	0	0	0	0	0	0	1	0	1	0	0	1	1	0	0	1	0	S
NMDC20587310	0	0	0	0	0	0	0	0	0	1	0	1	0	0	1	1	0	0	1	0	S
NMDC20554257	0	0	0	0	0	0	0	0	0	1	0	1	0	0	1	1	0	0	1	0	S
NMDC20556248	0	0	0	0	0	0	0	0	0	1	0	1	0	0	0	0	0	0	0	0	S
NMDC20556249	0	0	0	0	0	0	0	0	0	1	0	1	0	0	0	0	0	0	0	0	S
NMDC20587312	0	0	0	0	0	0	0	0	0	0	1	1	0	1	1	0	0	0	1	0	S
NMDC20587313	0	0	0	0	0	0	0	0	0	1	0	1	0	0	1	0	0	0	1	0	S
NMDC20552241	0	0	0	0	0	0	0	0	0	1	0	1	0	0	1	1	0	0	1	0	S
NMDC20587316	0	0	0	0	0	0	0	0	0	1	1	1	0	0	1	1	0	0	1	0	S
NMDC20587317	1	0	0	0	0	0	1	0	0	1	0	1	1	0	1	1	0	0	1	0	S
NMDC20558262	0	0	0	0	0	0	0	0	0	1	0	1	0	0	1	1	0	0	1	0	S
NMDC20552242	0	0	0	0	0	0	0	0	0	1	0	1	0	0	1	1	0	0	1	0	S
NMDC20558263	0	0	0	0	0	0	0	0	0	1	0	1	0	0	1	1	0	0	1	0	S
NMDC20587320	0	1	0	0	0	0	0	0	0	1	1	1	0	0	1	1	0	0	1	0	S
NMDC20558264	0	0	0	0	0	0	0	0	0	1	0	1	0	0	1	1	0	0	1	0	S
NMDC20587321	0	0	0	0	0	0	0	0	0	0	1	1	0	1	1	0	0	0	1	0	S
NMDC20552244	1	0	0	0	0	0	0	0	0	1	0	1	0	0	1	1	0	0	1	0	S
NMDC20558266	1	0	0	0	0	0	0	0	0	1	0	1	0	0	1	1	0	0	1	0	S
NMDC20587323	0	0	0	1	0	0	0	0	0	1	0	1	0	0	1	0	0	0	0	0	S
NMDC20552245	0	0	0	0	0	0	0	0	0	1	0	1	0	0	1	1	0	0	1	0	S
NMDC20556257	0	0	0	0	0	0	0	0	0	1	0	1	0	0	1	1	0	0	1	0	S
NMDC20558267	1	0	0	0	0	0	0	0	0	1	0	1	0	0	1	1	0	0	1	0	S
NMDC20552246	0	0	0	0	0	0	0	0	0	1	0	1	0	0	1	1	0	0	1	0	S
NMDC20587325	1	0	0	0	0	0	0	0	0	1	0	1	0	0	1	1	1	0	1	0	S
NMDC20554262	0	0	0	0	0	0	0	0	0	1	0	1	0	0	1	1	0	0	1	0	S
NMDC20558269	0	0	0	0	0	0	0	0	0	1	0	1	0	0	1	1	0	0	1	0	S
NMDC20556260	0	0	0	0	0	0	0	0	0	1	0	1	0	0	1	1	0	0	1	0	S
NMDC20556261	0	0	0	0	0	0	0	0	0	1	0	1	0	0	1	1	0	0	1	0	S
NMDC20556262	0	1	0	1	0	0	0	1	0	1	0	1	0	0	1	0	0	0	1	0	S
NMDC20552249	0	0	0	0	0	0	0	0	0	1	0	1	0	0	1	1	0	0	1	0	S
NMDC20587327	0	0	0	0	0	0	0	0	0	1	0	1	0	0	1	1	0	0	1	0	S
NMDC20558272	1	1	0	0	0	0	0	0	0	1	0	1	0	0	1	1	0	0	1	0	S
NMDC20554264	0	0	0	0	0	0	0	0	0	1	0	1	0	0	1	1	0	0	1	0	S
NMDC20554265	0	0	0	0	0	0	0	0	0	1	0	1	0	0	1	1	0	0	1	0	S
NMDC20587328	1	0	0	0	0	0	0	0	0	1	0	1	0	0	1	1	0	0	1	0	S
NMDC20587329	0	0	0	0	0	0	0	0	0	1	0	1	0	0	1	1	0	0	1	0	S
NMDC20587330	0	0	0	0	0	0	0	0	0	1	0	1	0	0	1	1	0	0	1	0	S
NMDC20587331	0	0	0	0	0	0	0	0	0	1	0	1	0	0	1	1	0	0	1	0	S
NMDC20587332	1	0	0	0	0	0	0	0	0	1	0	1	0	0	1	1	0	0	1	0	S
NMDC20552251	0	0	0	0	0	0	0	0	0	1	0	1	0	0	1	1	0	0	1	0	S
NMDC20558273	0	0	0	0	0	0	0	0	0	1	0	1	0	0	1	1	0	0	1	0	S
NMDC20554268	0	0	0	1	0	0	0	0	0	0	0	1	0	0	1	0	0	0	0	0	S
NMDC20552252	0	0	0	0	0	0	0	0	0	0	1	1	0	1	1	0	0	0	1	0	S
NMDC20556264	0	0	0	0	0	0	0	0	0	1	0	1	0	0	1	1	0	0	1	0	S
NMDC20556266	0	0	0	0	0	0	0	0	0	1	0	1	0	0	1	1	0	0	1	0	S
NMDC20554269	0	0	0	0	1	0	0	0	0	1	0	1	0	0	1	0	0	0	1	0	S
NMDC20587335	0	1	0	0	0	0	0	0	1	0	1	1	0	1	1	0	0	0	1	1	S
NMDC20587336	0	1	0	0	0	0	0	0	1	0	1	1	0	1	1	0	0	0	1	1	S
NMDC20556269	0	0	0	0	0	0	0	0	0	1	0	1	0	0	1	0	0	0	1	0	S
NMDC20587339	0	0	0	0	0	0	0	0	0	1	0	1	0	0	1	1	0	0	1	0	S
NMDC20558275	0	0	0	0	0	0	0	0	0	1	0	1	0	0	1	1	0	0	1	0	S
NMDC20587340	0	0	0	0	0	0	0	0	0	1	0	1	0	0	1	1	0	0	1	0	S
NMDC20587341	0	0	0	0	0	0	0	0	0	1	0	1	0	0	1	1	0	0	1	0	S
NMDC20558278	0	0	0	0	0	0	0	0	0	1	0	1	0	0	1	1	0	0	1	0	S
NMDC20558279	0	0	0	0	0	0	0	0	0	1	0	1	0	0	1	1	0	0	1	0	S
NMDC20554273	0	0	0	0	0	0	0	0	0	1	0	1	0	0	1	1	0	0	1	0	S
NMDC20558280	0	0	0	0	0	0	0	0	0	1	0	1	0	0	1	1	0	0	1	0	S
NMDC20587343	0	0	0	0	0	0	0	0	0	0	1	1	0	1	1	0	0	0	1	0	S
NMDC20587344	1	0	0	0	0	0	0	0	0	1	0	1	0	0	1	0	0	0	1	0	S
NMDC20587347	0	0	0	0	0	0	0	0	0	1	0	1	0	0	0	1	0	0	1	0	S
NMDC20558283	0	0	0	0	0	0	0	0	0	1	0	1	0	0	1	1	0	0	1	0	S
NMDC20587348	1	1	0	0	0	0	0	0	0	1	0	1	0	0	1	1	0	0	1	0	S
NMDC20552260	0	0	0	0	0	0	0	0	0	0	1	1	0	1	1	0	0	0	1	0	S
NMDC20587349	0	0	0	0	0	0	0	0	0	1	0	1	0	0	1	1	0	0	1	0	S
NMDC20558285	0	0	0	1	0	0	0	0	0	0	1	1	0	0	1	0	0	0	1	0	S
NMDC20554275	1	0	0	0	1	1	0	0	0	1	0	1	0	0	1	0	0	0	1	0	S
NMDC20587355	1	0	0	0	0	0	0	0	0	1	0	1	0	0	1	0	1	0	1	0	S
NMDC20556273	1	0	0	0	0	0	0	0	0	1	0	1	0	0	1	1	0	0	1	0	S
NMDC20556274	0	0	0	0	0	0	0	0	0	0	1	1	0	1	1	0	0	0	1	0	S
NMDC20587356	0	0	0	0	0	0	0	0	0	1	0	1	0	0	1	1	0	0	1	0	S
NMDC20552261	0	0	0	0	0	0	0	0	0	1	0	1	0	0	1	1	0	0	1	0	S
NMDC20552262	0	0	0	0	0	0	0	0	0	0	1	1	0	1	1	0	0	0	1	0	S
NMDC20554277	0	0	0	0	0	0	0	0	0	1	0	1	0	0	1	1	0	0	1	0	S
NMDC20587358	0	0	0	0	0	0	0	0	0	1	0	1	0	0	1	1	0	0	1	0	S
NMDC20554278	0	0	0	0	0	0	0	0	0	1	0	1	0	0	1	1	0	0	1	0	S
NMDC20554279	0	0	0	0	0	0	0	0	0	1	0	1	0	0	1	1	0	0	1	0	S
NMDC20558287	0	0	0	0	0	0	0	0	0	1	0	1	0	0	1	1	0	0	1	0	S
NMDC20587360	0	0	0	0	0	0	0	0	0	0	1	1	0	1	1	0	0	0	1	0	S
NMDC20587361	0	0	0	0	0	0	0	0	0	0	1	1	0	1	1	0	0	0	1	0	S
NMDC20587362	1	0	0	0	0	0	0	0	0	1	0	1	0	0	1	1	0	0	1	0	S
NMDC20587363	0	0	0	0	0	0	0	0	0	0	1	1	0	1	1	0	0	0	1	0	S
NMDC20587365	0	0	0	1	0	0	0	0	0	1	0	1	0	0	1	0	0	0	1	0	S
NMDC20552264	0	0	0	0	0	0	0	0	0	1	0	1	0	0	1	1	0	0	1	0	S
NMDC20558289	0	0	0	1	0	0	0	0	0	1	0	1	0	0	1	0	0	0	1	0	S
NMDC20552265	0	0	0	0	0	0	0	0	0	0	1	1	0	1	1	0	0	0	1	0	S
NMDC20552266	0	0	0	0	0	0	0	0	0	1	0	1	0	0	0	1	0	0	1	0	S
NMDC20587368	0	0	0	0	0	0	0	0	0	0	1	1	0	1	1	0	0	0	1	0	S
NMDC20587373	0	0	0	0	0	0	0	0	0	1	0	1	0	0	1	1	0	0	1	0	S
NMDC20552271	0	0	0	0	0	0	0	0	0	1	0	1	0	0	1	1	0	0	1	0	S
NMDC20587375	0	0	0	0	0	0	0	0	0	0	1	1	0	1	1	0	0	0	1	0	S
NMDC20554286	1	0	0	0	0	0	0	0	0	1	0	1	0	0	1	1	0	0	1	0	S
NMDC20587376	0	0	0	0	0	0	0	0	0	1	0	1	0	0	0	1	0	0	1	0	S
NMDC20587377	0	0	0	0	0	0	0	0	0	0	1	1	0	1	1	0	0	0	1	0	S
NMDC20556280	0	0	0	0	0	0	0	0	0	1	0	1	0	0	1	1	0	0	1	0	S
NMDC20554287	0	0	0	0	0	0	0	0	0	1	0	1	0	0	1	1	0	0	1	0	S
NMDC20552272	0	0	0	0	0	0	0	0	0	1	0	1	0	0	1	1	0	0	1	0	S
NMDC20554289	0	0	0	0	0	0	0	0	0	1	0	1	0	0	1	1	0	0	1	0	S
NMDC20587383	0	1	0	0	0	0	0	0	0	1	1	1	0	0	1	1	0	0	1	0	S
NMDC20554290	0	0	0	0	0	0	0	0	0	1	0	1	0	0	1	1	0	0	1	0	S
NMDC20587385	0	0	0	0	0	0	0	0	0	1	0	1	0	0	1	1	0	0	1	0	S
NMDC20552278	0	0	0	0	0	0	0	0	0	0	1	1	0	1	1	0	0	0	1	0	S
NMDC20554292	0	0	0	0	0	0	0	0	0	1	0	1	0	0	1	1	0	0	1	0	S
NMDC20587386	0	0	0	0	0	0	0	0	0	1	0	1	0	0	1	1	0	0	1	0	S
NMDC20556282	0	0	0	0	0	0	0	0	0	0	1	1	0	1	1	0	0	0	1	0	S
NMDC20558299	0	0	0	0	0	0	0	0	0	0	1	1	0	1	1	0	0	0	1	0	S
NMDC20554294	0	0	0	0	0	0	0	0	0	0	1	1	0	1	1	0	0	0	1	0	S
NMDC20587389	0	0	0	0	0	0	0	0	0	1	0	1	0	0	1	1	0	0	1	0	S
NMDC20556284	0	0	0	0	0	0	0	0	0	1	0	1	0	0	1	1	0	0	1	0	S
NMDC20587390	0	0	0	0	0	0	0	0	0	1	0	1	0	0	1	1	0	0	1	0	S
NMDC20558301	0	0	0	0	0	0	0	0	0	1	0	1	0	0	1	1	0	0	1	0	S
NMDC20554297	0	0	0	0	0	0	0	0	0	1	0	1	0	0	1	1	0	0	1	0	S
NMDC20587392	0	0	0	0	1	0	0	0	0	1	0	0	0	0	1	0	0	0	1	0	S
NMDC20587393	0	0	0	0	0	0	0	0	0	1	0	1	0	0	1	1	0	0	1	0	S
NMDC20554298	0	0	0	0	0	0	0	0	0	1	0	1	0	0	1	1	0	0	1	0	S
NMDC20558304	0	0	0	0	0	0	0	0	0	1	0	1	0	0	1	1	0	0	1	0	S
NMDC20587394	0	0	0	0	0	0	0	0	0	1	0	0	0	0	1	1	0	0	0	0	S
NMDC20558305	1	1	0	0	0	0	0	0	0	1	0	1	0	0	1	1	0	0	1	0	S
NMDC20587395	0	0	0	0	0	0	0	0	0	1	0	1	0	0	1	1	0	0	1	0	S
NMDC20587396	0	0	0	0	0	0	0	0	0	1	0	1	0	0	1	1	0	0	1	0	S
NMDC20587399	0	0	0	0	0	0	0	0	0	1	0	1	0	0	1	1	0	0	1	0	S
NMDC20552283	0	0	0	1	0	0	0	0	0	1	1	1	0	0	1	0	0	0	1	0	S
NMDC20556289	1	0	0	0	0	0	1	0	0	1	0	1	0	0	1	1	0	0	1	0	S
NMDC20556290	1	0	0	0	0	0	1	0	0	1	0	1	1	0	1	1	0	0	1	0	S
NMDC20556291	0	0	0	0	0	0	0	0	0	1	0	1	0	0	1	1	0	0	1	0	S
NMDC20556292	0	0	0	0	0	0	0	0	0	0	1	1	0	1	1	0	0	0	1	0	S
NMDC20587406	0	0	0	0	0	0	0	0	0	0	1	1	0	1	1	0	0	0	1	0	S
NMDC20554301	0	0	0	0	0	0	0	0	0	1	0	1	0	0	1	1	0	0	1	0	S
NMDC20552284	0	0	0	1	0	0	0	0	0	1	0	1	0	0	1	0	0	0	1	0	S
NMDC20554302	0	0	0	0	0	0	0	0	0	1	0	1	0	0	1	1	0	0	1	0	S
NMDC20587409	0	0	0	0	0	0	0	0	0	1	0	1	0	0	1	1	0	0	1	0	S
NMDC20554303	1	1	0	0	0	0	0	0	0	1	0	1	0	0	1	1	0	0	1	0	S
NMDC20587410	0	0	0	0	0	0	0	0	0	0	1	1	0	1	1	0	0	0	1	0	S
NMDC20587411	0	0	0	0	0	0	0	0	0	1	0	1	0	0	1	1	0	0	1	0	S
NMDC20552286	0	0	0	0	0	0	0	0	0	1	0	1	0	0	1	1	0	0	1	0	S
NMDC20554305	0	0	0	0	0	0	0	0	0	0	1	1	0	1	1	0	0	0	1	0	S
NMDC20558312	0	0	0	0	0	0	0	0	0	1	0	1	0	0	1	1	0	0	1	0	S
NMDC20554307	0	0	0	0	0	0	0	0	0	1	0	1	0	0	1	1	0	0	1	0	S
NMDC20556295	0	0	0	0	0	0	0	0	0	1	0	1	0	0	1	1	0	0	1	0	S
NMDC20558313	0	0	0	0	0	0	0	0	0	1	0	1	0	0	1	1	0	0	1	0	S
NMDC20558315	0	0	0	0	0	0	0	0	0	0	1	1	0	1	1	0	0	0	1	0	S
NMDC20587417	0	0	0	0	0	0	0	0	0	0	1	1	0	1	1	0	0	0	1	0	S
NMDC20558319	0	0	0	0	0	0	0	0	0	1	0	1	0	0	1	1	0	0	1	0	S
NMDC20556298	0	0	0	0	0	0	0	0	0	1	0	1	0	0	1	1	0	0	1	0	S
NMDC20587421	0	0	0	1	0	0	0	0	0	1	1	0	0	0	0	1	0	0	1	0	S
NMDC20552287	0	0	0	0	0	0	0	0	0	1	0	1	0	0	1	1	0	0	1	0	S
NMDC20587422	0	0	0	0	0	0	0	0	0	1	0	1	0	0	1	0	0	0	1	0	S
NMDC20558322	0	0	0	0	0	0	0	0	0	1	0	1	0	0	1	1	0	0	0	0	S
NMDC20552289	0	0	0	0	0	0	0	0	0	1	0	1	0	0	1	1	0	0	1	0	S
NMDC20552290	0	0	0	0	0	0	0	0	0	1	0	1	0	0	1	1	0	0	1	0	S
NMDC20587427	0	0	0	0	0	0	0	0	0	1	0	1	0	0	1	1	0	0	1	0	S
NMDC20558323	0	0	0	0	0	0	0	0	0	1	0	1	0	0	1	1	0	0	1	0	S
NMDC20556303	0	0	0	0	0	0	0	0	0	1	0	1	0	0	1	1	0	0	1	0	S
NMDC20587432	0	0	0	0	0	0	0	0	0	1	0	1	0	0	1	0	0	0	1	0	S
NMDC20554313	0	0	0	0	0	0	0	0	0	1	0	1	0	0	1	1	0	0	1	0	S
NMDC20587433	0	0	0	0	0	0	0	0	0	0	1	1	0	1	1	0	0	0	1	0	S
NMDC20556306	0	0	0	0	0	0	0	0	0	0	1	1	0	1	1	0	0	0	1	0	S
NMDC20558324	0	0	0	0	1	0	0	0	0	1	0	1	0	0	1	0	0	0	1	0	S
NMDC20558325	0	0	0	0	0	0	0	0	0	0	1	1	0	1	1	0	0	0	1	0	S
NMDC20558327	0	0	0	0	0	0	0	0	0	1	0	1	0	0	1	1	0	0	1	0	S
NMDC20556307	0	0	0	0	0	0	0	0	0	1	0	1	0	0	1	0	0	0	1	0	S
NMDC20558328	0	0	0	0	0	0	0	0	0	0	1	1	0	1	1	0	0	0	1	0	S
NMDC20554316	1	1	0	0	0	0	0	0	0	1	0	1	0	0	1	1	0	0	1	0	S
NMDC20558329	0	0	0	0	0	0	0	0	0	1	0	1	0	0	1	1	0	0	1	0	S
NMDC20587438	0	0	0	0	0	0	0	0	0	1	0	1	0	0	1	1	0	0	1	0	S
NMDC20558330	0	0	0	0	1	0	0	0	0	1	1	1	0	0	1	0	0	0	1	0	S
NMDC20587440	0	0	0	0	0	0	0	0	0	1	0	1	0	0	1	1	0	0	1	0	S
NMDC20587441	0	0	0	0	0	0	0	0	0	1	0	1	0	0	1	1	0	0	1	0	S
NMDC20556310	0	0	0	0	0	0	0	0	0	1	0	1	0	0	1	1	0	0	1	0	S
NMDC20552293	0	0	0	0	0	0	0	0	0	1	0	1	0	0	1	1	0	0	1	0	S
NMDC20556311	0	0	0	0	0	0	0	0	0	1	0	1	0	0	1	1	0	0	1	0	S
NMDC20587445	0	0	0	0	0	0	0	0	0	1	0	1	0	0	1	1	0	0	1	0	S
NMDC20587447	0	0	0	0	0	0	0	0	0	0	1	1	0	0	1	0	0	0	1	0	S
NMDC20552294	1	1	0	0	0	0	0	0	0	1	0	1	0	0	1	1	0	0	1	0	S
NMDC20587448	0	0	0	0	0	0	0	0	0	0	1	1	0	1	1	0	0	0	1	0	S
NMDC20556314	1	0	0	0	0	0	0	0	0	1	1	1	0	0	1	1	0	0	1	0	S
NMDC20556315	0	0	0	0	0	0	0	0	0	1	0	1	0	0	1	1	0	0	1	0	S
NMDC20587451	1	0	0	0	0	0	1	0	0	1	0	1	1	0	1	1	0	0	1	0	S
NMDC20556316	0	0	0	0	0	0	0	0	0	1	0	1	0	0	1	1	0	0	1	0	S
NMDC20587452	0	0	0	0	0	0	0	0	0	1	0	1	0	0	1	1	0	0	1	0	S
NMDC20587454	0	1	0	0	0	0	0	0	1	0	1	1	0	1	1	0	0	0	1	1	S
NMDC20554320	0	1	0	1	0	0	0	0	0	1	0	0	0	0	1	1	0	0	1	0	S
NMDC20552297	0	0	0	0	0	0	0	0	0	1	0	1	0	0	1	1	0	0	1	0	S
NMDC20558335	0	0	0	0	0	0	0	0	0	1	0	1	0	0	1	1	0	0	1	0	S
NMDC20587455	0	1	0	0	0	0	0	0	1	0	1	1	0	1	1	0	0	0	1	1	S
NMDC20556318	0	0	0	0	0	0	0	0	0	1	0	1	0	0	0	1	0	0	1	0	S
NMDC20587457	0	0	0	0	1	0	0	0	0	1	0	1	0	0	1	0	0	0	1	0	S
NMDC20556319	0	1	0	0	0	0	0	0	1	0	1	1	0	1	1	0	0	0	1	1	S
NMDC20587458	0	1	0	0	0	0	0	0	1	0	1	1	0	1	1	0	0	0	1	1	S
NMDC20587459	0	1	0	0	0	0	0	0	1	0	1	1	0	1	1	0	0	0	1	1	S
NMDC20552299	0	0	0	0	0	0	0	0	0	1	0	1	0	0	0	1	0	0	1	0	S
NMDC20556322	0	0	0	0	0	0	0	0	0	1	0	1	0	0	1	1	0	0	1	0	S
NMDC20587464	0	1	0	0	0	0	0	0	1	0	1	1	0	1	1	0	0	0	1	1	S
NMDC20554326	0	0	0	0	0	0	0	0	0	1	0	1	0	0	1	1	0	0	1	0	S
NMDC20587466	0	0	0	1	0	0	0	0	0	1	1	0	0	0	0	1	0	0	1	0	S
NMDC20558339	0	1	0	0	0	0	0	0	0	1	0	1	0	0	1	1	0	0	1	0	S
NMDC20556324	0	0	0	1	0	0	0	0	0	0	1	1	0	0	1	0	0	0	1	0	S
NMDC20587468	0	0	0	0	0	0	0	0	0	1	0	1	0	0	1	1	0	0	1	0	S
NMDC20558341	0	0	0	0	0	0	0	0	0	1	0	1	0	0	1	1	0	0	1	0	S
NMDC20552304	0	0	0	0	0	0	0	0	0	1	0	1	0	0	1	1	0	0	1	0	S
NMDC20587472	0	0	0	0	0	0	0	0	0	1	0	1	0	0	1	1	0	0	1	0	S
NMDC20587473	0	0	0	0	0	0	0	0	0	1	0	1	0	0	1	1	0	0	1	0	S
NMDC20556326	0	0	0	0	0	0	0	0	0	1	0	1	0	0	1	0	0	0	1	0	S
NMDC20554329	0	0	0	0	0	0	0	0	0	1	0	1	0	0	1	1	0	0	1	0	S
NMDC20587476	0	0	0	0	0	0	0	0	0	1	0	1	0	0	1	1	0	0	1	0	S
NMDC20552306	0	0	0	0	0	0	0	0	0	1	0	1	0	0	1	1	0	0	1	0	S
NMDC20556327	0	0	0	0	0	0	0	0	0	1	0	1	0	0	1	1	0	0	1	0	S
NMDC20587479	0	0	0	0	0	0	0	0	0	1	0	1	0	0	1	1	0	0	1	0	S
NMDC20556329	0	0	0	0	0	0	0	0	0	1	0	1	0	0	1	1	0	0	1	0	S
NMDC20587484	0	0	0	0	0	0	0	0	0	1	0	1	0	0	1	1	0	0	1	0	S
NMDC20554332	0	0	0	0	0	0	0	0	0	1	0	1	0	0	1	1	0	0	1	0	S
NMDC20552308	0	0	0	0	0	0	0	0	0	1	0	1	0	0	1	1	0	0	1	0	S
NMDC20554333	0	0	0	0	0	0	0	0	0	1	0	1	0	0	1	1	0	0	1	0	S
NMDC20587487	0	0	0	0	0	0	0	0	0	1	0	1	0	0	1	1	0	0	1	0	S
NMDC20552309	0	0	0	0	0	0	0	0	0	1	0	1	0	0	1	1	0	0	1	0	S
NMDC20587488	0	0	0	0	0	0	0	0	0	1	0	1	0	0	1	1	0	0	1	0	S
NMDC20556330	0	0	0	0	0	0	0	0	0	1	0	1	0	0	1	1	0	0	1	0	S
NMDC20587490	0	0	0	0	0	0	0	0	0	1	0	1	0	0	1	1	0	0	1	0	S
NMDC20552310	0	0	0	0	0	0	0	0	0	1	0	1	0	0	1	1	0	0	1	0	S
NMDC20587491	0	0	0	0	0	0	0	0	0	1	0	1	0	0	1	1	0	0	1	0	S
NMDC20556332	0	0	0	0	1	0	0	0	0	1	0	1	0	0	1	0	0	0	1	0	S
NMDC20587493	0	0	0	0	0	0	0	0	0	1	0	1	0	0	1	1	0	0	1	0	S
NMDC20587495	0	0	0	0	0	0	0	0	0	1	0	1	0	0	1	1	0	0	1	0	S
NMDC20587496	0	0	0	0	0	0	0	0	0	1	0	1	0	0	1	1	0	0	1	0	S
NMDC20552312	0	0	0	0	0	0	0	0	0	1	0	1	0	0	1	1	0	0	1	0	S
NMDC20556334	0	0	0	1	0	0	0	0	0	1	0	1	0	0	1	0	0	0	1	0	S
NMDC20587504	0	0	0	0	0	0	0	0	0	0	1	1	0	0	1	0	0	0	1	0	S
NMDC20587505	0	0	0	0	1	0	0	0	0	1	0	1	0	0	1	0	0	0	1	0	S
NMDC20552314	0	0	0	0	0	0	0	0	0	1	0	1	0	0	1	1	0	0	1	0	S
NMDC20554337	0	0	0	0	0	0	0	0	0	1	0	1	0	0	1	1	0	0	1	0	S
NMDC20587507	1	0	0	0	0	0	0	0	0	0	1	1	0	1	1	0	0	0	1	0	S
NMDC20587509	0	0	0	0	0	0	0	0	0	1	0	1	0	0	1	1	0	0	1	0	S
NMDC20552315	0	0	0	0	0	0	0	0	0	1	0	1	0	0	1	1	0	0	1	0	S
NMDC20558351	1	0	0	0	0	0	0	0	0	0	1	1	0	1	1	0	0	0	1	0	S
NMDC20556335	1	0	0	1	1	0	0	1	0	1	0	1	0	0	1	0	0	0	1	0	S
NMDC20587511	0	0	0	1	0	0	0	0	0	0	1	1	0	0	1	0	0	0	1	0	S
NMDC20556336	0	1	0	0	0	0	0	0	1	0	1	1	0	1	1	0	0	0	1	1	S
NMDC20558353	0	0	0	0	0	0	0	0	0	1	0	1	0	0	1	1	0	0	1	0	S
NMDC20558354	0	0	0	0	1	0	0	0	0	1	0	1	0	0	0	0	0	0	1	0	S
NMDC20587513	0	0	0	0	0	0	0	0	0	1	0	1	0	0	1	1	0	0	1	0	S
NMDC20587515	0	0	0	0	0	0	0	0	0	1	0	1	0	0	1	1	0	0	1	0	S
NMDC20558356	0	0	0	0	0	0	0	0	0	1	0	1	0	0	1	1	0	0	1	0	S
NMDC20554338	0	0	0	0	1	0	0	0	0	1	0	1	0	0	1	0	0	0	1	0	S
NMDC20587516	0	0	0	0	0	0	0	0	0	1	0	1	0	0	1	1	0	0	1	0	S
NMDC20558357	0	1	0	0	0	0	0	0	1	0	1	1	0	1	1	0	0	0	1	1	S
NMDC20558358	0	1	0	0	0	0	0	0	1	0	1	1	0	1	1	0	0	0	1	1	S
NMDC20554339	0	1	0	0	0	0	0	0	1	0	1	1	0	1	1	0	0	0	1	1	S
NMDC20558360	0	0	0	0	0	0	0	0	0	0	1	1	0	1	1	0	0	0	1	0	S
NMDC20587518	0	0	0	0	0	0	0	0	0	1	0	1	0	0	1	1	0	0	1	0	S
NMDC20554340	0	0	0	0	0	0	0	0	0	1	0	1	0	0	1	1	0	0	1	0	S
NMDC20558361	0	0	0	0	0	0	0	0	0	1	0	1	0	0	1	1	0	0	1	0	S
NMDC20587524	0	0	0	0	0	0	0	0	0	1	0	1	0	0	1	1	0	0	1	0	S
NMDC20554341	0	0	0	0	0	0	0	0	0	0	1	1	0	1	1	0	0	0	1	0	S
NMDC20558362	0	0	0	0	0	0	0	0	0	1	0	1	0	0	1	1	0	0	1	0	S
NMDC20587528	0	0	0	0	0	0	0	0	0	0	1	1	0	1	1	0	0	0	1	0	S
NMDC20556337	0	0	0	0	0	0	0	0	0	0	0	1	0	0	1	0	0	0	1	0	S
NMDC20554342	0	0	0	0	0	0	0	0	0	1	0	1	0	0	1	1	0	0	1	0	S
NMDC20554343	0	0	0	0	0	0	0	0	0	1	0	1	0	0	1	1	0	0	1	0	S
NMDC20587529	0	0	0	1	0	0	0	0	0	1	0	1	0	0	1	0	0	0	1	0	S
NMDC20587530	0	0	0	0	0	0	0	0	0	0	1	1	0	1	1	0	0	0	1	0	S
NMDC20587531	0	0	0	1	0	0	0	0	0	1	0	1	0	0	1	0	0	0	1	0	S
NMDC20552325	0	0	0	0	0	0	0	0	0	1	0	1	0	0	1	1	0	0	1	0	S
NMDC20587535	0	0	0	1	0	0	0	0	0	1	0	0	0	0	0	1	0	0	1	0	S
NMDC20552326	0	1	0	1	0	0	0	0	0	1	0	0	0	0	1	1	0	0	1	0	S
NMDC20556339	0	0	0	0	0	0	0	0	0	1	0	1	0	0	1	1	0	0	1	0	S
NMDC20558367	0	0	0	0	0	0	0	0	0	1	0	1	0	0	1	1	0	0	1	0	S
NMDC20552327	0	0	0	0	0	0	0	0	0	1	0	1	0	0	1	1	0	0	1	0	S
NMDC20587537	0	0	0	0	0	0	0	0	0	1	0	1	0	0	1	1	0	0	1	0	S
NMDC20587538	0	0	0	0	0	0	0	0	0	1	0	1	0	0	1	1	0	0	1	0	S
NMDC20587540	0	0	0	0	0	0	0	0	0	1	0	1	0	0	1	1	0	0	1	0	S
NMDC20587541	0	0	0	0	0	0	0	0	0	0	1	1	0	1	1	0	0	0	1	0	S
NMDC20587542	0	0	0	1	0	0	0	0	0	1	0	1	0	0	1	0	0	0	1	0	S
NMDC20587544	0	0	0	0	0	0	0	0	0	1	0	1	0	0	1	1	0	0	1	0	S
NMDC20554349	0	0	0	0	0	0	0	0	0	0	1	1	0	1	1	0	0	0	1	0	S
NMDC20556341	1	0	0	0	0	0	0	0	0	1	0	1	0	0	1	1	0	0	1	0	S
NMDC20552330	1	0	0	0	0	0	0	0	0	1	0	1	0	0	1	1	0	0	1	0	S
NMDC20552331	0	0	0	1	0	0	0	0	0	1	0	1	0	0	0	0	0	0	1	0	S
NMDC20552332	0	0	0	0	0	0	0	0	0	1	0	1	0	0	1	1	0	0	1	0	S
NMDC20587546	0	0	0	0	0	0	0	0	0	0	1	1	0	1	1	0	0	0	1	0	S
NMDC20552334	0	0	0	0	0	0	0	0	0	0	1	1	0	1	1	0	0	0	1	0	S
NMDC20587549	0	0	0	0	0	0	0	0	0	0	1	1	0	1	1	0	0	0	1	0	S
NMDC20587550	0	0	0	0	0	0	0	0	0	1	0	1	0	0	1	1	0	0	1	0	S
NMDC20556344	0	0	0	0	0	0	0	0	0	1	0	1	0	0	1	0	0	0	1	0	S
NMDC20558369	0	0	0	0	0	0	0	0	0	0	1	1	0	1	1	0	0	0	1	0	S
NMDC20552335	0	0	0	0	0	0	0	0	0	1	0	1	0	0	1	1	0	0	1	0	S
NMDC20587551	0	0	0	0	0	0	0	0	0	1	0	1	0	0	1	1	0	0	1	0	S
NMDC20587552	0	0	0	0	0	0	0	0	0	1	0	1	0	0	1	1	0	0	1	0	S
NMDC20552336	0	0	0	0	0	0	0	0	0	0	1	1	0	1	1	0	0	0	1	0	S
NMDC20556345	0	0	0	1	1	0	0	0	0	1	0	0	0	0	1	1	0	0	0	0	S
NMDC20556346	0	0	0	0	0	0	0	0	0	1	0	1	0	0	1	1	0	0	1	0	S
NMDC20587555	0	0	0	0	0	0	0	0	0	0	1	1	0	1	1	0	0	0	1	0	S
NMDC20552338	1	0	0	0	0	0	0	0	0	1	0	1	0	0	1	1	0	0	1	0	S
NMDC20587559	0	0	0	0	0	0	0	0	0	1	0	1	0	0	1	1	0	0	1	0	S
NMDC20587562	0	1	0	1	0	0	0	0	0	1	0	1	0	0	1	0	0	0	1	0	S
NMDC20587563	0	0	0	1	0	0	0	0	0	1	1	1	0	0	1	0	0	0	1	0	S
NMDC20556350	0	0	0	0	0	0	0	0	0	1	0	1	0	0	1	1	0	0	1	0	S
NMDC20558371	0	0	0	0	0	0	0	0	0	1	0	1	0	0	1	1	0	0	1	0	S
NMDC20552339	0	0	0	0	0	0	0	0	0	1	0	1	0	0	1	1	0	0	1	0	S
NMDC20587564	0	0	0	0	0	0	0	0	0	1	0	1	0	0	1	1	0	0	1	0	S
NMDC20558376	1	1	0	0	0	0	0	0	0	1	0	1	0	0	1	1	0	0	1	0	S
NMDC20587567	0	0	0	0	0	0	0	0	0	0	1	1	0	1	1	0	0	0	1	0	S
NMDC20587568	1	1	1	1	0	0	0	0	0	0	0	1	0	0	1	0	0	0	1	0	S
NMDC20587569	1	0	0	0	1	1	0	0	0	1	0	1	0	0	1	0	0	0	1	0	S
NMDC20587575	1	0	0	1	0	0	1	0	0	1	0	1	0	0	1	0	0	0	1	0	S
NMDC20587572	0	0	0	0	0	0	0	0	0	0	1	1	0	1	1	0	0	0	1	0	S
NMDC20587581	0	1	0	1	0	0	1	1	0	1	0	1	0	0	1	0	0	0	1	0	S
NMDC20587584	0	0	0	1	0	0	0	0	0	1	0	1	0	0	1	0	0	0	0	0	S
NMDC20587585	0	0	0	0	0	0	0	0	0	1	0	1	0	0	1	1	0	0	1	0	S
NMDC20587586	0	0	0	1	0	0	0	0	0	1	0	1	0	0	1	0	0	0	0	0	S
NMDC20587587	1	0	0	1	1	0	1	1	0	1	0	1	0	0	1	0	0	0	1	0	S
NMDC20587591	1	0	0	1	0	1	0	0	0	0	1	1	0	0	1	0	0	0	0	0	S
NMDC20587595	0	0	0	0	0	0	0	0	0	1	0	1	0	0	1	1	0	0	1	0	S
NMDC20587596	0	0	0	0	0	0	0	0	0	1	0	1	0	0	1	1	0	0	1	0	S
NMDC20587597	0	0	0	0	0	0	0	0	0	1	0	1	0	0	1	1	0	0	1	0	S
NMDC20587600	1	0	0	1	0	0	0	0	0	0	1	1	0	0	1	0	1	0	1	0	S
NMDC20587602	1	0	0	0	1	1	0	0	0	1	0	1	0	0	1	0	0	0	1	0	S
NMDC20587607	0	0	0	1	0	0	0	0	0	1	0	1	0	0	1	0	0	0	1	0	S
NMDC20587609	0	0	0	0	0	0	0	0	0	1	0	1	0	0	0	0	0	0	1	0	S
NMDC20587610	0	0	0	0	0	0	0	0	0	1	0	1	0	0	1	1	0	0	1	0	S
NMDC20587611	0	0	0	0	0	0	0	0	0	1	0	0	0	0	1	1	0	0	1	0	S
NMDC20587612	1	0	0	0	1	1	0	0	0	1	0	1	0	0	1	0	1	0	1	0	S
NMDC20587613	0	0	0	0	0	0	0	0	0	0	0	0	0	0	1	0	0	0	1	0	S
NMDC20587614	0	0	0	0	0	0	0	0	0	1	0	1	0	0	1	1	0	0	1	0	S
NMDC20587616	0	0	0	0	0	0	0	0	0	1	0	1	0	0	1	1	0	0	1	0	S
NMDC20587617	0	0	0	0	0	0	0	0	0	1	0	1	0	0	1	1	0	0	1	0	S
NMDC20587618	0	0	0	0	0	0	0	0	0	1	0	1	0	0	1	1	0	0	1	0	S
NMDC20587619	0	0	0	0	0	0	0	0	0	1	0	1	0	0	1	1	0	0	1	0	S
NMDC20587632	1	0	0	0	0	0	0	0	0	1	1	1	0	0	1	0	0	0	1	0	S
NMDC20587633	0	0	0	1	0	0	0	0	0	0	1	1	0	0	1	0	0	0	1	0	S
NMDC20587634	0	0	0	1	0	0	0	0	0	0	1	1	0	0	1	0	0	0	1	0	S
NMDC20587636	0	0	0	0	0	0	0	0	0	1	0	1	0	0	1	1	0	0	1	0	S
NMDC20587638	0	0	0	0	0	0	0	0	0	1	1	1	0	0	1	0	0	0	1	0	S
NMDC20587640	0	0	0	0	0	0	0	0	0	0	1	1	0	1	1	0	0	0	1	0	S
NMDC20587645	0	0	0	1	0	0	0	0	0	1	0	1	0	0	1	0	0	0	1	0	S
NMDC20587646	0	0	0	0	0	0	0	0	0	1	0	1	0	0	1	1	0	0	1	0	S
NMDC20587649	0	0	0	0	0	0	0	0	0	1	0	1	0	0	1	1	0	0	1	0	S
NMDC20587650	0	1	0	1	0	0	0	1	0	1	0	1	0	0	1	0	0	0	1	0	S
NMDC20587651	0	0	0	1	0	0	0	0	0	1	0	1	0	0	0	0	0	0	1	0	S
NMDC20587653	0	1	0	1	0	0	0	1	0	1	0	1	0	0	1	0	0	0	1	0	S
NMDC20587654	0	0	0	0	0	0	0	0	0	1	0	1	0	0	1	1	0	0	1	0	S
NMDC20587657	0	0	0	0	0	0	0	0	0	1	0	1	0	0	0	0	0	0	0	0	S
NMDC20587658	0	0	0	1	0	0	0	0	0	0	0	1	0	0	1	0	0	0	0	0	S
NMDC20587659	0	0	0	0	1	0	0	0	0	1	0	1	0	0	1	0	0	0	1	0	S
NMDC20587660	0	0	0	0	0	0	0	0	0	1	0	1	0	0	1	1	0	0	1	0	S
NMDC20587662	0	0	0	0	0	0	0	0	0	1	0	1	0	0	1	1	0	0	1	0	S
NMDC20587663	1	0	0	1	0	0	0	0	0	1	0	1	0	0	1	1	0	0	1	0	S
NMDC20587664	0	0	0	0	0	0	0	0	0	1	0	1	0	0	1	1	0	0	1	0	S
NMDC20587665	1	0	0	0	1	0	0	0	0	1	0	1	0	0	1	0	0	0	1	0	S
NMDC20587670	1	0	0	1	0	0	0	0	0	0	1	1	0	0	1	0	1	0	1	0	S
NMDC20587671	0	0	0	0	0	0	0	0	0	1	0	1	0	0	1	1	0	0	1	0	S
NMDC20587675	0	0	0	1	0	0	0	0	0	0	0	1	0	0	1	0	0	0	0	0	S
NMDC20587677	0	0	0	1	0	0	0	0	0	1	0	1	0	0	1	1	0	0	1	0	S
NMDC20587679	0	0	0	1	0	0	0	0	0	1	0	1	0	0	1	1	0	0	1	0	S
NMDC20587682	0	1	0	0	0	0	0	0	1	0	1	1	0	1	1	0	0	0	1	1	S
NMDC20587683	0	1	0	0	0	0	0	0	1	0	1	1	0	1	1	0	0	0	1	1	S
NMDC20587686	0	0	0	1	0	0	0	0	0	1	0	1	0	0	0	0	0	0	1	0	S
NMDC20587689	0	0	0	0	0	0	0	0	0	0	1	1	0	1	1	0	0	0	1	0	S
NMDC20587693	0	0	0	0	0	0	0	0	0	1	0	1	0	0	1	1	0	0	1	0	S
NMDC20587694	0	0	0	0	0	0	0	0	0	1	0	1	0	0	1	1	0	0	1	0	S
NMDC20587697	0	0	0	0	0	0	0	0	0	0	1	1	0	0	1	0	0	0	1	0	S
NMDC20587698	0	0	0	0	0	0	0	0	0	0	1	1	0	1	1	0	0	0	1	0	S
NMDC20587700	1	0	0	1	0	0	0	0	0	0	0	1	0	0	1	0	0	0	0	0	S
NMDC20587701	0	0	0	1	0	0	0	0	0	1	0	1	0	0	1	0	0	0	1	0	S
NMDC20587703	0	0	0	1	0	0	0	0	0	0	1	1	0	0	1	0	0	0	0	0	S
NMDC20587704	1	0	0	0	0	0	0	0	0	1	0	1	0	0	1	1	0	0	1	0	S
NMDC20587705	1	0	0	0	0	0	0	0	0	1	0	1	0	0	1	1	0	0	1	0	S
NMDC20587707	0	0	0	0	0	0	0	0	0	0	0	1	0	0	1	1	0	0	0	0	S
NMDC20587709	0	0	0	0	0	0	0	0	0	0	0	1	0	0	1	1	0	0	0	0	S
NMDC20587710	0	0	0	1	0	0	0	0	0	0	0	1	0	0	1	0	0	0	0	0	S
NMDC20587711	0	0	0	1	0	0	0	0	0	0	0	1	0	0	1	0	0	0	0	0	S
NMDC20587712	1	1	0	0	0	0	0	0	0	1	0	1	0	0	1	1	0	0	0	0	S
NMDC20587714	0	0	0	1	0	0	0	0	0	0	0	1	0	0	1	0	0	0	0	0	S
NMDC20587717	0	0	0	0	0	0	0	0	0	1	0	1	0	0	1	1	0	0	1	0	S
NMDC20587718	1	0	0	0	0	0	0	0	0	1	0	1	0	0	1	1	0	0	1	0	S
NMDC20587719	0	0	0	0	0	0	0	0	0	1	0	1	0	0	1	1	0	0	1	0	S
NMDC20587724	0	0	0	0	0	0	0	0	0	1	0	1	0	0	0	1	0	0	1	0	S
NMDC20587725	0	0	0	0	0	0	0	0	0	1	0	1	0	0	0	1	0	0	1	0	S
NMDC20587726	0	0	0	0	0	0	0	0	0	1	0	1	0	0	1	1	0	0	1	0	S
NMDC20587731	1	0	0	0	0	0	0	0	0	1	0	1	0	0	1	1	0	0	1	0	S
NMDC20587736	0	0	0	1	0	0	0	0	0	0	0	0	0	0	1	0	0	0	1	0	S
NMDC20587739	0	0	0	0	0	1	0	0	0	1	0	1	0	0	0	1	0	0	1	0	S
NMDC20587743	0	0	0	1	0	0	0	0	0	1	0	0	0	0	1	1	0	0	1	0	S
NMDC20587748	0	0	0	0	1	0	0	0	0	1	0	1	0	0	1	0	0	0	1	0	S
NMDC20587749	0	0	0	0	1	0	0	0	0	1	0	1	0	0	1	0	0	0	1	0	S
NMDC20587752	0	0	0	0	1	0	0	0	0	1	0	1	0	0	1	0	0	0	1	0	S
NMDC20587755	1	1	0	0	0	0	0	0	0	1	0	1	0	0	1	1	0	0	1	0	S
NMDC20587757	0	0	0	0	0	0	0	0	0	1	0	1	0	0	0	1	0	0	1	0	S
NMDC20587758	0	0	0	0	0	0	0	0	0	1	0	1	0	0	0	1	0	0	1	0	S
NMDC20587760	0	0	0	0	0	0	0	0	0	1	0	1	0	0	1	1	0	0	1	0	S
NMDC20587766	0	0	0	0	0	0	0	0	0	1	0	1	0	0	1	1	0	0	1	0	S
NMDC20587768	0	0	0	0	0	0	0	0	0	1	0	0	0	0	1	1	0	0	0	0	S
NMDC20587769	0	0	0	0	0	0	0	0	0	1	0	1	0	0	1	1	0	0	1	0	S
NMDC20587770	0	0	0	0	0	0	0	0	0	1	0	1	0	0	1	1	0	0	1	0	S
NMDC20587771	0	0	0	1	0	0	0	0	0	0	1	1	0	0	1	0	0	0	1	0	S
NMDC20587772	0	0	0	1	0	0	0	0	0	0	1	1	0	0	1	0	0	0	0	0	S
NMDC20587773	0	0	0	0	0	0	0	0	0	1	0	1	0	0	1	1	0	0	1	0	S
NMDC20587774	0	0	0	0	0	0	0	0	0	1	0	1	0	0	1	1	0	0	1	0	S
NMDC20587777	0	0	0	0	0	0	0	0	0	1	0	0	0	0	1	1	0	0	0	0	S
NMDC20587781	0	0	0	0	0	0	0	0	0	1	0	1	0	0	1	1	0	0	1	0	S
NMDC20587782	0	0	0	0	0	0	0	0	0	1	0	1	0	0	1	1	0	0	1	0	S
NMDC20587783	0	0	0	1	0	0	0	0	0	0	1	1	0	0	1	0	0	0	1	0	S
NMDC20587789	1	0	0	0	0	0	0	0	0	1	0	1	0	0	1	1	0	0	1	0	S
NMDC20587792	0	0	0	0	1	0	0	0	0	1	0	1	0	0	1	0	0	0	1	0	S
NMDC20587793	1	0	0	0	1	0	0	0	0	1	0	1	0	0	1	0	0	0	1	0	S
NMDC20587797	0	0	0	0	0	0	0	0	0	1	0	1	0	0	1	1	0	0	1	0	S
NMDC20587801	0	0	0	1	0	0	0	0	0	0	0	1	0	0	1	0	0	0	1	0	S
NMDC20587802	1	0	0	1	0	0	0	0	0	1	0	1	0	0	1	1	0	0	1	0	S
NMDC20587803	0	0	0	0	0	0	0	0	0	1	0	1	0	0	1	1	0	0	1	0	S
NMDC20587808	0	0	0	0	1	0	0	0	0	1	0	1	0	0	1	0	0	0	1	0	S
NMDC20587809	0	0	0	0	1	0	0	0	0	1	0	1	0	0	1	0	0	0	1	0	S
NMDC20587810	0	0	0	0	0	0	0	0	0	1	0	1	0	0	0	1	0	0	1	0	S
NMDC20587811	0	0	0	1	0	0	0	0	0	0	1	1	0	0	1	0	0	0	1	0	S
NMDC20587812	0	0	0	0	0	0	0	0	0	1	0	1	0	0	0	1	0	0	1	0	S
NMDC20587818	0	0	0	0	0	0	0	0	0	1	0	1	0	0	1	1	0	0	1	0	S
NMDC20587820	1	0	0	1	0	1	0	0	0	0	1	1	0	0	1	0	0	0	0	0	S
NMDC20587822	0	0	0	0	0	0	0	0	0	1	0	1	0	0	1	0	0	0	1	0	S
NMDC20587828	0	0	0	1	0	0	0	0	0	0	1	1	0	0	1	0	0	0	1	0	S
NMDC20587834	0	0	0	1	0	0	0	0	0	1	0	1	0	0	1	1	0	0	1	0	S
NMDC20587835	0	0	0	1	0	0	0	0	0	1	0	1	0	0	1	1	0	0	1	0	S
NMDC20587838	0	0	0	1	0	0	0	0	0	0	1	1	0	0	1	0	0	0	1	0	S
NMDC20587839	0	0	0	0	0	0	0	0	0	1	0	1	0	0	1	1	0	0	1	0	S
NMDC20587840	0	0	0	0	0	0	0	0	0	1	0	1	0	0	1	1	0	0	1	0	S
NMDC20587843	0	0	0	1	0	0	0	0	0	0	1	1	0	0	1	0	0	0	1	0	S
NMDC20587844	0	0	0	1	0	0	0	0	0	0	1	1	0	0	1	0	0	0	1	0	S
NMDC20587845	0	0	0	1	0	0	0	0	0	0	1	1	0	0	1	0	0	0	1	0	S
NMDC20587846	0	0	0	0	0	0	0	0	0	1	0	1	0	0	0	1	0	0	1	0	S
NMDC20587847	0	0	0	0	0	0	0	0	0	1	0	1	0	0	0	1	0	0	1	0	S
NMDC20587848	0	0	0	1	0	0	0	0	0	0	1	1	0	0	1	0	0	0	1	0	S
NMDC20587849	0	0	0	0	0	0	0	0	0	1	0	1	0	0	1	1	0	0	1	0	S
NMDC20587850	0	0	0	1	0	0	0	0	0	0	1	1	0	0	1	0	0	0	1	0	S
NMDC20587851	0	0	0	1	0	0	0	0	0	0	1	1	0	0	1	0	0	0	1	0	S
NMDC20587852	1	0	0	0	0	0	0	0	0	1	0	1	0	0	1	1	0	0	1	0	S
NMDC20587855	0	0	0	1	0	0	0	0	0	0	0	0	0	0	1	0	0	0	1	0	S
NMDC20587858	1	0	0	0	0	0	0	0	0	1	0	1	0	0	1	1	0	0	1	0	S
NMDC20587859	0	0	0	0	0	0	0	0	0	0	0	1	0	0	1	0	0	0	1	0	S
NMDC20587860	0	0	0	0	0	0	0	0	0	0	0	1	0	0	1	0	0	0	1	0	S
NMDC20587861	0	0	0	0	0	0	0	0	0	1	0	1	0	0	0	1	0	0	1	0	S
NMDC20587862	0	0	0	0	0	0	0	0	0	1	0	1	0	0	1	0	0	0	1	0	S
NMDC20587863	0	0	0	0	0	0	0	0	0	1	0	1	0	0	1	0	0	0	1	0	S
NMDC20587864	0	0	0	0	0	0	0	0	0	1	0	1	0	0	1	0	0	0	1	0	S
NMDC20587866	0	0	0	0	0	0	0	0	0	1	0	1	0	0	1	0	0	0	1	0	S
NMDC20587871	0	0	0	0	0	0	0	0	0	1	0	1	0	0	1	0	0	0	1	0	S
NMDC20587872	0	0	0	0	1	0	0	0	0	1	0	1	0	0	1	0	0	0	1	0	S
NMDC20587879	0	0	0	0	0	0	0	0	0	1	0	1	0	0	0	1	0	0	1	0	S
NMDC20587883	0	0	0	0	0	0	0	0	0	1	0	1	0	0	0	1	0	0	1	0	S
NMDC20587884	0	0	0	0	0	0	0	0	0	1	0	1	0	0	0	1	0	0	1	0	S
NMDC20587895	0	0	0	0	0	0	0	0	0	1	0	1	0	0	0	1	0	0	1	0	S
NMDC20587896	0	0	0	0	0	0	0	0	0	1	0	1	0	0	0	1	0	0	1	0	S
NMDC20587901	0	0	0	0	0	0	0	0	0	1	1	1	0	0	1	0	0	0	1	0	S
NMDC20587903	0	0	0	0	0	0	0	0	0	1	0	1	0	0	0	1	0	0	1	0	S
NMDC20587907	0	0	0	1	0	0	0	0	0	0	1	1	0	0	1	0	0	0	1	0	S
NMDC20587908	0	0	0	1	0	0	0	0	0	0	1	1	0	0	1	0	0	0	1	0	S
NMDC20587918	0	0	0	0	1	0	0	0	0	1	0	1	0	0	1	0	0	0	1	0	S
NMDC20587921	1	0	0	1	0	0	0	0	0	0	1	1	0	0	1	0	1	0	1	0	S
NMDC20587924	1	0	0	1	0	0	0	0	0	0	1	1	0	0	1	0	1	0	1	0	S
NMDC20587926	0	0	0	0	0	0	0	0	0	1	0	1	0	0	1	1	0	0	1	0	S
NMDC20587927	0	0	0	0	1	0	0	0	0	1	0	1	0	0	1	0	0	0	1	0	S
NMDC20587928	1	0	0	1	0	0	0	0	0	0	1	1	0	0	1	0	0	0	0	0	S
NMDC20587930	0	0	0	0	0	0	0	0	0	1	0	1	0	0	1	1	0	0	1	0	S
NMDC20587933	0	0	0	0	0	0	0	0	0	1	0	1	0	0	1	1	0	0	1	0	S
NMDC20587935	0	0	0	0	0	0	0	0	0	1	0	1	0	0	1	1	0	0	1	0	S
NMDC20587939	0	0	0	0	0	0	0	0	0	1	0	1	0	0	0	1	0	0	1	0	S
NMDC20587940	0	0	0	1	0	0	0	0	0	0	1	1	0	0	1	0	0	0	1	0	S
NMDC20587941	0	0	0	1	0	0	0	0	0	0	1	1	0	0	1	0	0	0	1	0	S
NMDC20587945	0	0	0	0	0	0	0	0	0	1	0	1	0	0	0	1	0	0	1	0	S
NMDC20587946	0	0	0	0	1	0	0	0	0	1	0	1	0	0	1	0	0	0	1	0	S
NMDC20587947	0	0	0	0	0	0	0	0	0	1	0	1	0	0	1	1	0	0	1	0	S
NMDC20587948	0	0	0	0	0	0	0	0	0	1	0	1	0	0	1	1	0	0	1	0	S
NMDC20587949	0	0	0	0	0	0	0	0	0	0	1	1	0	1	1	0	0	0	1	0	S
NMDC20587951	1	1	0	1	0	0	1	0	0	1	0	1	0	0	1	0	0	0	1	0	S
NMDC20587952	1	1	0	1	0	0	1	0	0	1	0	1	0	0	1	0	0	0	1	0	S
NMDC20587953	1	1	0	1	0	0	1	0	0	1	0	1	0	0	1	0	0	0	1	0	S
NMDC20587954	1	1	0	1	0	0	1	0	0	1	0	1	0	0	1	0	0	0	1	0	S
NMDC20587955	0	0	0	0	1	0	0	0	0	1	0	1	0	0	0	0	0	0	1	0	S
NMDC20587957	0	0	0	0	0	0	0	0	0	1	0	1	0	0	0	1	0	0	1	0	S
NMDC20587958	0	0	0	0	0	0	0	0	0	0	1	1	0	1	1	0	0	0	1	0	S
NMDC20587960	0	1	0	1	0	0	0	1	0	1	0	1	0	0	1	0	0	0	1	0	S
NMDC20587962	0	0	0	0	0	0	0	0	0	1	0	1	0	0	1	1	0	0	1	0	S
NMDC20587963	1	0	0	1	0	0	0	0	0	0	0	1	0	0	1	0	0	0	0	0	S
NMDC20587966	0	0	0	0	0	0	0	0	0	0	0	1	0	0	1	0	0	0	0	0	S
NMDC20587971	0	0	0	0	0	0	0	0	0	0	1	1	0	1	1	0	0	0	1	0	S
NMDC20587972	0	0	0	0	0	0	0	0	0	1	0	1	0	0	1	1	0	0	1	0	S
NMDC20587973	0	0	0	1	0	0	0	0	0	1	0	1	0	0	1	0	0	0	1	0	S
NMDC20587974	0	0	0	1	0	0	0	0	0	0	0	1	0	0	1	0	0	0	0	0	S
NMDC20587975	1	0	0	1	0	0	0	0	0	1	0	1	0	0	1	0	0	0	1	0	S
NMDC20587977	0	0	0	1	0	0	0	0	0	1	0	1	0	0	1	0	0	0	1	0	S
NMDC20587979	1	0	0	1	0	0	0	0	0	1	0	1	0	0	1	0	0	0	1	0	S
NMDC20587982	0	0	0	1	0	0	0	1	0	1	0	1	0	0	1	0	0	0	1	0	S
NMDC20587983	0	0	0	0	0	0	0	0	0	0	1	1	0	1	1	0	0	0	1	0	S
NMDC20587986	0	1	0	0	0	1	0	0	0	1	0	1	0	0	0	1	0	0	1	0	S
NMDC20587988	0	0	0	0	0	0	0	0	0	1	1	0	0	0	1	1	0	0	1	0	S
NMDC20587990	0	0	0	0	0	0	0	0	0	1	1	1	0	0	1	1	0	0	1	0	S
NMDC20587992	0	0	0	1	1	0	0	0	0	1	1	0	0	0	1	0	0	0	1	0	S
NMDC20587993	0	0	0	0	1	0	0	0	0	1	0	0	0	0	0	0	0	0	1	0	S
NMDC20587994	0	0	0	0	0	0	0	0	0	0	1	1	0	1	1	0	0	0	1	0	S
NMDC20587997	0	0	0	0	0	0	0	0	0	0	1	1	0	0	1	0	0	0	1	0	S
NMDC20587998	0	0	0	0	0	0	0	0	0	0	1	1	0	1	1	0	0	0	1	0	S
NMDC20587999	0	0	0	1	0	0	0	0	0	0	0	1	0	0	1	0	0	0	1	0	S
NMDC20588003	1	0	0	0	0	0	0	0	0	1	0	1	0	0	1	1	0	0	1	0	S
NMDC20588005	0	0	0	1	0	0	0	0	0	0	1	1	0	0	1	0	0	0	1	0	S
NMDC20588006	0	0	0	0	0	0	0	0	0	0	1	1	0	1	1	0	0	0	1	0	S
NMDC20588007	1	0	0	0	0	0	0	0	0	1	0	1	0	0	1	1	0	0	1	0	S
NMDC20588008	0	0	0	0	0	0	0	0	0	1	0	1	0	0	1	0	0	0	0	0	S
NMDC20588009	0	0	0	0	0	0	0	0	0	0	1	1	0	1	1	0	0	0	1	0	S
NMDC20588010	0	0	0	1	0	0	0	0	0	0	1	1	0	0	1	0	0	0	1	0	S
NMDC20588013	0	0	0	1	0	0	0	0	0	0	1	1	0	0	1	0	0	0	1	0	S
NMDC20588018	0	0	0	1	0	0	0	0	0	0	1	1	0	0	1	0	0	0	1	0	S
NMDC20588019	0	0	0	0	0	0	0	0	0	1	0	1	0	0	1	1	0	0	1	0	S
NMDC20588021	0	0	0	0	0	0	0	0	0	1	0	1	0	0	1	0	0	0	1	0	S
NMDC20588028	0	0	0	0	1	0	0	0	0	1	0	0	0	0	1	0	0	0	1	0	S
NMDC20588032	1	1	0	1	0	0	0	0	0	1	0	1	0	0	1	1	0	0	1	0	S
NMDC20588033	0	0	0	0	0	0	0	0	0	0	1	1	0	1	1	0	0	0	1	0	S
NMDC20588037	0	0	0	1	0	0	0	0	0	1	0	1	0	0	1	0	0	0	1	0	S
NMDC20588040	1	0	0	1	0	0	0	0	0	0	0	1	0	0	1	0	0	0	0	0	S
NMDC20588041	0	0	0	0	0	0	0	0	0	0	0	1	0	0	1	1	0	0	1	0	S
NMDC20588044	0	0	0	0	0	0	0	0	0	0	0	1	0	0	1	0	0	0	0	0	S
NMDC20588045	1	0	0	1	0	0	1	0	0	1	0	1	0	0	1	0	0	0	1	0	S
NMDC20588046	0	0	0	1	0	0	0	0	0	1	0	1	0	0	1	1	0	0	1	0	S
NMDC20588048	1	0	0	1	0	0	1	0	0	1	0	1	0	0	1	0	0	0	1	0	S
NMDC20588054	0	0	0	0	1	0	0	0	0	1	0	0	0	0	0	0	0	0	1	0	S
NMDC20588058	0	0	0	0	0	0	0	0	0	0	1	1	0	1	1	0	0	0	1	0	S
NMDC20588059	0	0	0	0	0	0	0	0	0	1	0	1	0	0	1	1	0	0	1	0	S
NMDC20588060	0	0	0	0	0	0	0	0	0	1	0	1	0	0	1	1	0	0	1	0	S
NMDC20588066	1	1	0	1	0	0	0	0	0	1	0	1	0	0	1	0	0	0	1	0	S
NMDC20588067	1	0	0	1	0	0	0	0	0	1	0	1	0	0	1	0	0	0	1	0	S
NMDC20588068	0	0	0	0	0	0	0	0	0	0	1	1	0	1	1	0	0	0	1	0	S
NMDC20556353	0	0	0	0	0	0	0	0	0	1	0	1	0	0	1	1	0	0	1	0	S
NMDC20554362	0	0	0	0	0	0	0	0	0	1	0	1	0	0	1	1	0	0	1	0	S
NMDC20588069	0	0	0	0	0	0	0	0	0	1	0	1	0	0	1	1	0	0	1	0	S
NMDC20588070	0	0	0	0	0	0	0	0	0	1	0	1	0	0	1	1	0	0	1	0	S
NMDC20588071	0	0	0	0	0	0	0	0	0	1	0	1	0	0	1	1	0	0	1	0	S
NMDC20554363	0	0	0	0	0	0	0	0	0	1	0	1	0	0	1	1	0	0	1	0	S
NMDC20552346	0	0	0	0	0	0	0	0	0	1	0	1	0	0	1	1	0	0	1	0	S
NMDC20556354	0	0	0	0	0	0	0	0	0	1	0	1	0	0	1	1	0	0	1	0	S
NMDC20558377	0	0	0	0	0	0	0	0	0	1	0	1	0	0	1	1	0	0	1	0	S
NMDC20554364	0	0	0	0	0	0	0	0	0	1	0	1	0	0	1	1	0	0	1	0	S
NMDC20588072	0	0	0	0	0	0	0	0	0	1	0	1	0	0	1	1	0	0	1	0	S
NMDC20588073	0	0	0	0	0	0	0	0	0	1	0	1	0	0	1	1	0	0	1	0	S
NMDC20588074	0	0	0	0	0	0	0	0	0	1	0	1	0	0	1	1	0	0	1	0	S
NMDC20588075	0	0	0	0	0	0	0	0	0	1	0	1	0	0	1	1	0	0	1	0	S
NMDC20588086	0	1	0	0	0	0	0	0	1	0	1	1	0	1	1	0	0	0	1	1	S
NMDC20558381	0	1	0	0	0	0	0	0	1	0	1	1	0	1	1	0	0	0	1	1	S
NMDC20588100	0	1	0	0	0	0	0	0	1	0	1	1	0	1	1	0	0	0	1	1	S
NMDC20556359	0	0	0	0	0	0	0	0	0	1	0	1	0	0	1	1	0	0	1	0	S
NMDC20556360	0	0	0	0	0	0	0	0	0	1	0	1	0	0	1	1	0	0	1	0	S
NMDC20552358	0	0	0	0	0	0	0	0	0	0	1	1	0	1	1	0	0	0	1	0	S
NMDC20588101	0	0	0	0	0	0	0	0	0	0	1	1	0	1	1	0	0	0	1	0	S
NMDC20588106	0	0	0	0	0	0	0	0	0	1	0	1	0	0	1	1	0	0	1	0	S
NMDC20552360	0	0	0	0	0	0	0	0	0	1	0	1	0	0	1	1	0	0	1	0	S
NMDC20554375	0	0	0	0	0	0	0	0	0	1	0	1	0	0	1	1	0	0	1	0	S
NMDC20552361	0	0	0	0	0	0	0	0	0	1	0	1	0	0	1	1	0	0	1	0	S
NMDC20588107	0	0	0	0	0	0	0	0	0	1	0	1	0	0	1	1	0	0	1	0	S
NMDC20552362	0	0	0	0	0	0	0	0	0	1	0	1	0	0	1	1	0	0	1	0	S
NMDC20558388	0	0	0	0	0	0	0	0	0	1	0	1	0	0	1	1	0	0	1	0	S
NMDC20588108	0	0	0	0	0	0	0	0	0	1	0	1	0	0	1	1	0	0	1	0	S
NMDC20588109	0	0	0	0	0	0	0	0	0	1	0	1	0	0	1	1	0	0	1	0	S
NMDC20588110	0	0	0	0	1	0	0	0	0	1	0	0	0	0	0	0	0	0	1	0	S
NMDC20558390	0	0	0	0	0	0	0	0	0	1	0	1	0	0	0	0	0	0	1	0	S
NMDC20558391	0	0	0	0	0	0	0	0	0	1	0	1	0	0	0	0	0	0	1	0	S
NMDC20588111	0	0	0	0	0	0	0	0	0	1	0	1	0	0	0	0	0	0	1	0	S
NMDC20588112	0	0	0	0	0	0	0	0	0	1	0	1	0	0	0	0	0	0	1	0	S
NMDC20588114	0	0	0	0	0	0	0	0	0	1	0	1	0	0	1	1	0	0	1	0	S
NMDC20588115	0	0	0	0	0	0	0	0	0	1	0	1	0	0	1	1	0	0	1	0	S
NMDC20554376	0	0	0	0	0	0	0	0	0	1	0	1	0	0	1	1	0	0	1	0	S
NMDC20552363	0	0	0	0	0	0	0	0	0	1	0	1	0	0	1	1	0	0	1	0	S
NMDC20588116	0	0	0	0	0	0	0	0	0	1	0	1	0	0	1	1	0	0	1	0	S
NMDC20552364	0	0	0	0	0	0	0	0	0	1	0	1	0	0	1	1	0	0	1	0	S
NMDC20588117	0	0	0	0	0	0	0	0	0	1	0	1	0	0	1	1	0	0	1	0	S
NMDC20588118	0	0	0	0	0	0	0	0	0	1	0	1	0	0	1	1	0	0	1	0	S
NMDC20588119	0	0	0	0	0	0	0	0	0	1	0	1	0	0	1	1	0	0	1	0	S
NMDC20588120	0	0	0	0	0	0	0	0	0	1	0	1	0	0	1	1	0	0	1	0	S
NMDC20588121	0	0	0	0	0	0	0	0	0	1	0	1	0	0	1	1	0	0	1	0	S
NMDC20588122	0	0	0	0	0	0	0	0	0	1	0	1	0	0	1	1	0	0	1	0	S
NMDC20588123	0	0	0	0	0	0	0	0	0	1	0	1	0	0	1	1	0	0	1	0	S
NMDC20558393	0	0	0	0	0	0	0	0	0	1	0	1	0	0	1	1	0	0	1	0	S
NMDC20588124	0	0	0	0	0	0	0	0	0	1	0	1	0	0	1	1	0	0	1	0	S
NMDC20556361	0	0	0	0	0	0	0	0	0	1	0	1	0	0	1	1	0	0	1	0	S
NMDC20556362	0	0	0	0	0	0	0	0	0	1	0	1	0	0	1	1	0	0	1	0	S
NMDC20588125	0	0	0	0	0	0	0	0	0	1	0	1	0	0	1	1	0	0	1	0	S
NMDC20552365	0	0	0	0	0	0	0	0	0	1	0	1	0	0	1	1	0	0	1	0	S
NMDC20588126	0	0	0	0	0	0	0	0	0	1	0	1	0	0	1	1	0	0	1	0	S
NMDC20588127	0	0	0	0	0	0	0	0	0	1	0	1	0	0	1	1	0	0	1	0	S
NMDC20558394	0	0	0	0	0	0	0	0	0	1	0	1	0	0	1	1	0	0	1	0	S
NMDC20554377	0	0	0	0	0	0	0	0	0	1	0	1	0	0	1	1	0	0	1	0	S
NMDC20554378	0	0	0	0	0	0	0	0	0	1	0	1	0	0	1	1	0	0	1	0	S
NMDC20588129	0	1	0	0	0	0	0	0	1	0	1	1	0	1	1	0	0	0	1	1	S
NMDC20552367	0	0	0	0	0	0	0	0	0	0	1	1	0	1	1	0	0	0	1	0	S
NMDC20588132	0	0	0	0	0	0	0	0	0	1	0	1	0	0	1	1	0	0	1	0	S
NMDC20558396	0	0	0	0	0	0	0	0	0	1	0	1	0	0	1	1	0	0	1	0	S
NMDC20552368	1	0	0	0	0	0	0	0	0	1	0	1	0	0	1	1	1	0	1	0	S
NMDC20556364	0	0	0	0	0	0	0	0	0	1	0	1	0	0	1	1	0	0	1	0	S
NMDC20588133	0	0	0	0	0	0	0	0	0	1	0	1	0	0	1	1	0	0	1	0	S
NMDC20554379	0	0	0	0	0	0	0	0	0	1	0	1	0	0	1	1	0	0	1	0	S
NMDC20552369	0	0	0	0	0	0	0	0	0	1	0	1	0	0	1	1	0	0	1	0	S
NMDC20588134	0	0	0	0	0	0	0	0	0	1	0	1	0	0	1	1	0	0	1	0	S
NMDC20588135	0	0	0	0	0	0	0	0	0	1	0	1	0	0	1	1	0	0	1	0	S
NMDC20556366	0	0	0	0	0	0	0	0	0	1	0	1	0	0	1	1	0	0	1	0	S
NMDC20588136	0	0	0	0	0	0	0	0	0	1	0	1	0	0	1	1	0	0	1	0	S
NMDC20558397	0	0	0	0	0	0	0	0	0	1	0	1	0	0	1	1	0	0	1	0	S
NMDC20554382	0	0	0	0	0	0	0	0	0	1	0	1	0	0	1	1	0	0	1	0	S
NMDC20552372	0	0	0	0	0	0	0	0	0	1	0	1	0	0	1	1	0	0	1	0	S
NMDC20552373	0	0	0	0	0	0	0	0	0	1	0	1	0	0	1	1	0	0	1	0	S
NMDC20588137	0	0	0	0	0	0	0	0	0	1	0	1	0	0	1	1	0	0	1	0	S
NMDC20558398	0	0	0	0	0	0	0	0	0	1	0	1	0	0	1	1	0	0	1	0	S
NMDC20552374	0	0	0	0	0	0	0	0	0	1	0	1	0	0	1	1	0	0	1	0	S
NMDC20552375	0	0	0	0	0	0	0	0	0	1	0	1	0	0	1	1	0	0	1	0	S
NMDC20554383	0	0	0	0	0	0	0	0	0	1	0	1	0	0	1	1	0	0	1	0	S
NMDC20556367	0	0	0	0	0	0	0	0	0	1	0	1	0	0	1	1	0	0	1	0	S
NMDC20588138	0	0	0	0	0	0	0	0	0	1	0	1	0	0	1	1	0	0	1	0	S
NMDC20554384	0	0	0	0	0	0	0	0	0	0	0	1	0	0	1	0	0	0	1	0	S
NMDC20588139	0	0	0	0	0	0	0	0	0	0	0	1	0	0	1	0	0	0	1	0	S
NMDC20558399	0	0	0	0	0	0	0	0	0	0	0	1	0	0	1	0	0	0	1	0	S
NMDC20556368	0	0	0	0	0	0	0	0	0	0	0	1	0	0	1	0	0	0	1	0	S
NMDC20552377	0	0	0	0	0	0	0	0	0	0	0	1	0	0	1	0	0	0	1	0	S
NMDC20588140	1	0	0	0	0	0	0	0	0	0	1	1	0	1	1	0	0	0	1	0	S
NMDC20552378	0	0	0	0	0	0	0	0	0	0	0	1	0	0	1	0	0	0	1	0	S
NMDC20556369	0	0	0	0	0	0	0	0	0	0	0	1	0	0	1	0	0	0	1	0	S
NMDC20588141	0	0	0	0	0	0	0	0	0	0	0	1	0	0	1	0	0	0	1	0	S
NMDC20588142	0	0	0	0	0	0	0	0	0	0	0	1	0	0	1	0	0	0	1	0	S
NMDC20552379	0	0	0	0	0	0	0	0	0	0	0	1	0	0	1	0	0	0	1	0	S
NMDC20588143	0	0	0	0	0	0	0	0	0	0	0	1	0	0	1	0	0	0	1	0	S
NMDC20554386	0	0	0	0	0	0	0	0	0	0	0	1	0	0	1	0	0	0	1	0	S
NMDC20552380	0	0	0	0	0	0	0	0	0	0	0	1	0	0	1	0	0	0	1	0	S
NMDC20588144	0	0	0	0	0	0	0	0	0	0	0	1	0	0	1	0	0	0	1	0	S
NMDC20588145	0	0	0	0	0	0	0	0	0	0	0	1	0	0	1	0	0	0	1	0	S
NMDC20554387	0	0	0	0	0	0	0	0	0	0	0	1	0	0	1	0	0	0	1	0	S
NMDC20588147	0	0	0	0	0	0	0	0	0	1	0	1	0	0	1	1	0	0	1	0	S
NMDC20558400	0	0	0	0	0	0	0	0	0	1	0	1	0	0	1	1	0	0	1	0	S
NMDC20588148	0	0	0	0	0	0	0	0	0	1	0	1	0	0	1	1	0	0	1	0	S
NMDC20552382	0	0	0	0	0	0	0	0	0	0	1	1	0	1	1	0	0	0	1	0	S
NMDC20556370	0	0	0	0	0	0	0	0	0	0	1	1	0	1	1	0	0	0	1	0	S
NMDC20556371	0	0	0	0	0	0	0	0	0	0	1	1	0	1	1	0	0	0	1	0	S
NMDC20558401	0	0	0	0	0	0	0	0	0	1	0	1	0	0	1	1	0	0	1	0	S
NMDC20552383	0	0	0	0	0	0	0	0	0	1	0	1	0	0	1	1	0	0	1	0	S
NMDC20588150	0	0	0	0	0	0	0	0	0	1	0	1	0	0	1	1	0	0	1	0	S
NMDC20588151	0	1	0	0	0	0	0	0	1	0	1	1	0	1	1	0	0	0	1	1	S
NMDC20588154	0	1	0	0	0	0	0	0	1	0	1	1	0	1	1	0	0	0	1	1	S
NMDC20588155	0	1	0	0	0	0	0	0	1	0	1	1	0	1	1	0	0	0	1	1	S
NMDC20588157	0	1	0	0	0	0	0	0	1	0	1	1	0	1	1	0	0	0	1	1	S
NMDC20552384	0	1	0	0	0	0	0	0	1	0	1	1	0	1	1	0	0	0	1	1	S
NMDC20556373	0	1	0	0	0	0	0	0	1	0	1	1	0	1	1	0	0	0	1	1	S
NMDC20554388	0	1	0	0	0	0	0	0	1	0	1	1	0	1	1	0	0	0	1	1	S
NMDC20552385	0	1	0	0	0	0	0	0	1	0	1	1	0	1	1	0	0	0	1	1	S
NMDC20552387	0	1	0	0	0	0	0	0	1	0	1	1	0	1	1	0	0	0	1	1	S
NMDC20588160	0	1	0	0	0	0	0	0	1	0	1	1	0	1	1	0	0	0	1	1	S
NMDC20558403	0	1	0	0	0	0	0	0	1	0	1	1	0	1	1	0	0	0	1	1	S
NMDC20588162	0	0	0	0	0	0	0	0	0	1	0	1	0	0	1	1	0	0	1	0	S
NMDC20588164	0	1	0	0	0	0	0	0	1	0	1	1	0	1	1	0	0	0	1	1	S
NMDC20588165	0	1	0	0	0	0	0	0	1	0	1	1	0	1	1	0	0	0	1	1	S
NMDC20588166	0	1	0	0	0	0	0	0	1	0	1	1	0	1	1	0	0	0	1	1	S
NMDC20588167	0	0	0	0	0	0	0	0	0	1	0	1	0	0	1	1	0	0	1	0	S
NMDC20552389	0	0	0	0	0	0	0	0	0	1	0	1	0	0	1	1	0	0	1	0	S
NMDC20558405	0	0	0	0	0	0	0	0	0	1	0	1	0	0	1	1	0	0	1	0	S
NMDC20588168	0	0	0	0	0	0	0	0	0	1	0	1	0	0	1	1	0	0	1	0	S
NMDC20588169	0	0	0	0	0	0	0	0	0	1	0	1	0	0	1	1	0	0	1	0	S
NMDC20588170	0	0	0	0	0	0	0	0	0	1	0	1	0	0	1	1	0	0	1	0	S
NMDC20552390	0	0	0	0	0	0	0	0	0	1	0	1	0	0	1	1	0	0	1	0	S
NMDC20554393	0	0	0	0	0	0	0	0	0	1	0	1	0	0	1	1	0	0	1	0	S
NMDC20588171	0	0	0	0	0	0	0	0	0	1	0	1	0	0	1	1	0	0	1	0	S
NMDC20588172	0	0	0	0	0	0	0	0	0	1	0	1	0	0	1	1	0	0	1	0	S
NMDC20587207	0	0	0	0	0	0	0	0	0	1	0	1	0	0	1	1	0	0	1	0	S
NMDC20556197	0	0	0	0	0	0	0	0	0	1	0	1	0	0	1	1	0	0	1	0	S
NMDC20587208	0	1	0	1	0	0	0	0	0	0	1	1	0	0	1	0	0	0	1	0	S
NMDC20552175	0	0	0	0	0	0	0	0	0	1	0	1	0	0	1	1	0	0	1	0	S
NMDC20554205	0	0	0	0	0	0	0	0	0	1	0	1	0	0	1	1	0	0	1	0	S
NMDC20558291	0	0	0	0	0	0	0	0	0	0	0	1	0	0	1	0	0	0	1	0	S
NMDC20552267	0	0	0	0	0	0	0	0	0	1	0	1	0	0	1	1	0	0	1	0	S
NMDC20587372	0	0	0	0	0	0	0	0	0	1	0	1	0	0	1	1	0	0	1	0	S
NMDC20554284	1	1	0	0	0	0	0	0	0	1	0	1	0	0	1	1	0	0	1	0	S
NMDC20556279	1	1	0	0	0	0	0	0	0	1	0	1	0	0	1	1	0	0	1	0	S
NMDC20587374	0	0	0	0	0	0	0	0	0	1	0	1	0	0	1	1	0	0	1	0	S
NMDC20554285	0	0	0	0	0	0	0	0	0	1	0	1	0	0	1	1	0	0	1	0	S
NMDC20587547	0	0	0	0	0	0	0	0	0	1	0	1	0	0	1	1	0	0	1	0	S
NMDC20554355	0	0	0	0	0	0	0	0	0	1	0	1	0	0	1	1	0	0	1	0	S
NMDC20556348	0	0	0	0	0	0	0	0	0	0	1	1	0	1	1	0	0	0	1	0	S
NMDC20554356	0	0	0	0	0	0	0	0	0	1	0	0	0	0	1	1	0	0	0	0	S
NMDC20587565	0	0	0	0	0	0	0	0	0	1	0	1	0	0	1	1	0	0	1	0	S
NMDC20558577	0	0	0	0	0	0	0	0	0	1	0	1	0	0	1	1	0	0	1	0	S
NMDC20554581	0	0	0	0	0	0	0	0	0	0	1	1	0	1	1	0	0	0	1	0	S
NMDC20554582	0	0	0	0	0	0	0	0	0	0	1	1	0	1	1	0	0	0	1	0	S
NMDC20588757	0	0	0	0	0	0	0	0	0	1	0	1	0	0	1	1	0	0	1	0	S
NMDC20588758	0	0	0	0	0	0	0	0	0	1	0	1	0	0	1	1	0	0	1	0	S
NMDC20558578	0	0	0	0	0	0	0	0	0	1	0	1	0	0	1	1	0	0	1	0	S
NMDC20588759	0	0	0	0	0	0	0	0	0	1	0	1	0	0	1	1	0	0	1	0	S
NMDC20588763	0	0	0	0	0	0	0	0	0	1	1	1	0	0	1	1	0	0	1	0	S
NMDC20588764	0	0	0	0	0	0	0	0	0	1	1	1	0	0	1	1	0	0	1	0	S
NMDC20552580	0	0	0	0	0	0	0	0	0	1	1	1	0	0	1	1	0	0	1	0	S
NMDC20558579	0	0	0	0	0	0	0	0	0	1	1	1	0	0	1	1	0	0	1	0	S
NMDC20588765	0	0	0	0	0	0	0	0	0	1	1	1	0	0	1	1	0	0	1	0	S
NMDC20588766	0	0	0	0	0	0	0	0	0	1	1	1	0	0	1	1	0	0	1	0	S
NMDC20552581	0	0	0	0	0	0	0	0	0	0	0	1	0	0	1	0	0	0	1	0	S
NMDC20588768	0	0	0	0	0	0	0	0	0	1	0	1	0	0	1	1	0	0	1	0	S
NMDC20588769	0	0	0	0	0	0	0	0	0	1	1	1	0	0	1	1	0	0	1	0	S
NMDC20558580	0	0	0	0	0	0	0	0	0	1	0	1	0	0	1	1	0	0	1	0	S
NMDC20588770	0	0	0	0	0	0	0	0	0	1	0	1	0	0	1	1	0	0	1	0	S
NMDC20554584	0	0	0	0	0	0	0	0	0	1	0	1	0	0	1	1	0	0	1	0	S
NMDC20588772	0	0	0	0	0	0	0	0	0	1	0	1	0	0	1	1	0	0	1	0	S
NMDC20588774	0	0	0	0	0	0	0	0	0	1	0	1	0	0	1	1	0	0	1	0	S
NMDC20558581	0	0	0	0	0	0	0	0	0	1	0	1	0	0	1	1	0	0	1	0	S
NMDC20554586	0	0	0	1	0	0	0	0	0	1	0	1	0	0	1	1	0	0	1	0	S
NMDC20588776	0	0	0	1	0	0	0	0	0	1	0	1	0	0	1	1	0	0	1	0	S
NMDC20556581	0	0	0	1	0	0	0	0	0	1	0	1	0	0	1	1	0	0	1	0	S
NMDC20558583	0	0	0	1	0	0	0	0	0	1	0	1	0	0	1	1	0	0	1	0	S
NMDC20588778	0	0	0	0	0	0	0	0	0	1	0	1	0	0	1	1	0	0	1	0	S
NMDC20552582	0	0	0	0	0	0	0	0	0	1	0	1	0	0	1	1	0	0	1	0	S
NMDC20558584	0	0	0	0	0	0	0	0	0	1	0	1	0	0	1	1	0	0	1	0	S
NMDC20556582	0	0	0	0	0	0	0	0	0	1	0	1	0	0	1	1	0	0	1	0	S
NMDC20552584	0	0	0	0	0	0	0	0	0	1	0	1	0	0	1	1	0	0	1	0	S
NMDC20588780	0	0	0	0	0	0	0	0	0	1	0	1	0	0	1	1	0	0	1	0	S
NMDC20558586	0	0	0	0	0	0	0	0	0	1	0	1	0	0	1	1	0	0	1	0	S
NMDC20588782	0	0	0	0	0	0	0	0	0	1	0	1	0	0	1	1	0	0	1	0	S
NMDC20588783	0	0	0	0	0	0	0	0	0	1	0	1	0	0	1	1	0	0	1	0	S
NMDC20552586	0	0	0	0	0	0	0	0	0	1	0	1	0	0	1	1	0	0	1	0	S
NMDC20588786	0	0	0	0	0	0	0	0	0	1	0	1	0	0	1	1	0	0	1	0	S
NMDC20556583	0	0	0	0	0	0	0	0	0	1	0	1	0	0	1	1	0	0	1	0	S
NMDC20556584	0	0	0	0	0	0	0	0	0	1	0	1	0	0	1	1	0	0	1	0	S
NMDC20558588	0	0	0	0	0	0	0	0	0	1	0	1	0	0	1	1	0	0	1	0	S
NMDC20552587	0	0	0	0	0	0	0	0	0	1	0	1	0	0	1	1	0	0	1	0	S
NMDC20588787	0	0	0	0	0	0	0	0	0	1	1	1	0	0	1	1	0	0	1	0	S
NMDC20588788	0	0	0	0	0	0	0	0	0	1	1	1	0	0	1	1	0	0	1	0	S
NMDC20554588	0	0	0	0	0	0	0	0	0	1	1	1	0	0	1	1	0	0	1	0	S
NMDC20588789	0	0	0	0	0	0	0	0	0	1	1	1	0	0	1	1	0	0	1	0	S
NMDC20558589	0	0	0	0	0	0	0	0	0	1	1	1	0	0	1	1	0	0	1	0	S
NMDC20588790	0	0	0	0	0	0	0	0	0	1	0	1	0	0	1	1	0	0	1	0	S
NMDC20588791	0	0	0	0	0	0	0	0	0	1	0	1	0	0	1	1	0	0	1	0	S
NMDC20588792	0	0	0	0	0	0	0	0	0	1	0	1	0	0	1	1	0	0	1	0	S
NMDC20588793	0	0	0	0	0	0	0	0	0	1	0	1	0	0	1	1	0	0	1	0	S
NMDC20588794	0	0	0	0	0	0	0	0	0	1	0	1	0	0	1	1	0	0	1	0	S
NMDC20556586	0	0	0	0	0	0	0	0	0	1	0	1	0	0	1	1	0	0	1	0	S
NMDC20558590	0	0	0	0	0	0	0	0	0	1	0	1	0	0	1	1	0	0	1	0	S
NMDC20556587	0	0	0	0	0	0	0	0	0	1	0	1	0	0	1	1	0	0	1	0	S
NMDC20554589	0	0	0	0	0	0	0	0	0	1	0	1	0	0	1	1	0	0	1	0	S
NMDC20556589	0	0	0	0	0	0	0	0	0	1	0	1	0	0	1	1	0	0	1	0	S
NMDC20588795	0	0	0	0	0	0	0	0	0	1	0	1	0	0	1	1	0	0	1	0	S
NMDC20556590	0	0	0	0	0	0	0	0	0	1	0	1	0	0	1	1	0	0	1	0	S
NMDC20558591	0	0	0	0	0	0	0	0	0	1	0	1	0	0	1	1	0	0	1	0	S
NMDC20554591	0	0	0	0	0	0	0	0	0	1	0	1	0	0	1	1	0	0	1	0	S
NMDC20588796	0	0	0	0	0	0	0	0	0	1	0	1	0	0	1	1	0	0	1	0	S
NMDC20588797	0	0	0	0	0	0	0	0	0	1	0	1	0	0	1	1	0	0	1	0	S
NMDC20588798	0	0	0	0	0	0	0	0	0	1	0	1	0	0	1	1	0	0	1	0	S
NMDC20588799	0	0	0	0	0	0	0	0	0	1	0	1	0	0	1	1	0	0	1	0	S
NMDC20556592	0	0	0	0	0	0	0	0	0	1	0	1	0	0	1	1	0	0	1	0	S
NMDC20588800	0	0	0	0	0	0	0	0	0	1	0	1	0	0	1	1	0	0	1	0	S
NMDC20588801	0	0	0	0	0	0	0	0	0	1	0	1	0	0	1	1	0	0	1	0	S
NMDC20588802	0	0	0	0	0	0	0	0	0	1	0	1	0	0	1	1	0	0	1	0	S
NMDC20552589	0	0	0	0	0	0	0	0	0	1	0	1	0	0	1	1	0	0	1	0	S
NMDC20588803	0	0	0	0	0	0	0	0	0	1	0	1	0	0	1	1	0	0	1	0	S
NMDC20588804	0	0	0	0	0	0	0	0	0	1	0	1	0	0	1	1	0	0	1	0	S
NMDC20558592	0	0	0	0	0	0	0	0	0	1	0	1	0	0	1	1	0	0	1	0	S
NMDC20588805	0	0	0	0	0	0	0	0	0	1	0	1	0	0	1	1	0	0	1	0	S
NMDC20552590	0	0	0	0	0	0	0	0	0	1	0	1	0	0	1	1	0	0	1	0	S
NMDC20588806	0	0	0	0	0	0	0	0	0	1	0	1	0	0	1	1	0	0	1	0	S
NMDC20558593	0	0	0	0	0	0	0	0	0	1	0	1	0	0	1	1	0	0	1	0	S
NMDC20554592	0	0	0	0	0	0	0	0	0	1	0	1	0	0	1	1	0	0	1	0	S
NMDC20588807	0	0	0	0	0	0	0	0	0	1	0	1	0	0	1	1	0	0	1	0	S
NMDC20588808	0	0	0	0	0	0	0	0	0	1	0	1	0	0	1	1	0	0	1	0	S
NMDC20554593	0	0	0	0	0	0	0	0	0	1	0	1	0	0	1	1	0	0	1	0	S
NMDC20588809	0	0	0	0	0	0	0	0	0	1	0	1	0	0	1	1	0	0	1	0	S
NMDC20588810	0	0	0	0	0	0	0	0	0	1	0	1	0	0	1	1	0	0	1	0	S
NMDC20552591	0	0	0	0	0	0	0	0	0	1	0	1	0	0	1	1	0	0	1	0	S
NMDC20588811	0	0	0	0	0	0	0	0	0	1	0	1	0	0	1	1	0	0	1	0	S
NMDC20552592	0	0	0	0	0	0	0	0	0	1	0	1	0	0	1	1	0	0	1	0	S
NMDC20588812	0	0	0	0	0	0	0	0	0	1	0	1	0	0	1	1	0	0	1	0	S
NMDC20552593	0	0	0	0	0	0	0	0	0	1	0	1	0	0	1	1	0	0	1	0	S
NMDC20558595	0	0	0	0	0	0	0	0	0	1	0	1	0	0	1	1	0	0	1	0	S
NMDC20588813	0	0	0	0	0	0	0	0	0	1	0	1	0	0	1	1	0	0	1	0	S
NMDC20558596	0	0	0	0	0	0	0	0	0	1	0	1	0	0	1	1	0	0	1	0	S
NMDC20558597	0	0	0	0	0	0	0	0	0	1	0	1	0	0	1	1	0	0	1	0	S
NMDC20552595	0	0	0	0	0	0	0	0	0	1	0	1	0	0	1	1	0	0	1	0	S
NMDC20558598	0	0	0	0	0	0	0	0	0	0	1	1	0	1	1	0	0	0	1	0	S
NMDC20556593	0	0	0	0	0	0	0	0	0	0	1	1	0	1	1	0	0	0	1	0	S
NMDC20552596	0	0	0	0	0	0	0	0	0	0	1	1	0	1	1	0	0	0	1	0	S
NMDC20588815	0	0	0	0	0	0	0	0	0	0	1	1	0	1	1	0	0	0	1	0	S
NMDC20588817	0	0	0	0	0	0	0	0	0	0	1	1	0	1	1	0	0	0	1	0	S
NMDC20556594	0	0	0	0	0	0	0	0	0	1	0	1	0	0	1	1	0	0	1	0	S
NMDC20554594	0	0	0	0	0	0	0	0	0	1	0	1	0	0	1	1	0	0	1	0	S
NMDC20558599	0	0	0	0	0	0	0	0	0	1	0	1	0	0	1	1	0	0	1	0	S
NMDC20554596	0	0	0	0	0	0	0	0	0	0	1	1	0	1	1	0	0	0	1	0	S
NMDC20554597	0	0	0	0	0	0	0	0	0	1	0	1	0	0	1	1	0	0	1	0	S
NMDC20552597	0	0	0	0	0	0	0	0	0	1	0	1	0	0	1	1	0	0	1	0	S
NMDC20554598	0	0	0	0	0	0	0	0	0	1	0	1	0	0	1	1	0	0	1	0	S
NMDC20558600	0	0	0	0	0	0	0	0	0	1	0	1	0	0	1	1	0	0	1	0	S
NMDC20554599	0	0	0	0	0	0	0	0	0	1	0	1	0	0	1	1	0	0	1	0	S
NMDC20558601	0	0	0	0	0	0	0	0	0	1	0	1	0	0	1	1	0	0	1	0	S
NMDC20588819	0	0	0	0	0	0	0	0	0	1	0	1	0	0	1	1	0	0	1	0	S
NMDC20554600	0	0	0	0	0	0	0	0	0	1	0	1	0	0	1	1	0	0	1	0	S
NMDC20588821	0	0	0	0	0	0	0	0	0	1	0	1	0	0	1	1	0	0	1	0	S
NMDC20588823	0	0	0	0	0	0	0	0	0	1	0	1	0	0	1	1	0	0	1	0	S
NMDC20558602	0	0	0	0	0	0	0	0	0	1	0	1	0	0	1	1	0	0	1	0	S
NMDC20556595	0	0	0	0	0	0	0	0	0	1	0	1	0	0	1	1	0	0	1	0	S
NMDC20558603	0	0	0	0	0	0	0	0	0	1	0	1	0	0	1	1	0	0	1	0	S
NMDC20556596	0	0	0	0	0	0	0	0	0	1	0	1	0	0	1	1	0	0	1	0	S
NMDC20552602	0	0	0	0	0	0	0	0	0	0	1	1	0	1	1	0	0	0	1	0	S
NMDC20556597	0	0	0	0	0	0	0	0	0	1	0	1	0	0	1	1	0	0	1	0	S
NMDC20556598	0	0	0	0	0	0	0	0	0	1	0	1	0	0	1	1	0	0	1	0	S
NMDC20588826	0	0	0	0	0	0	0	0	0	1	0	1	0	0	1	1	0	0	1	0	S
NMDC20588827	0	0	0	0	0	0	0	0	0	0	1	1	0	1	1	0	0	0	1	0	S
NMDC20588828	0	0	0	0	0	0	0	0	0	0	1	1	0	1	1	0	0	0	1	0	S
NMDC20558606	0	0	0	0	0	0	0	0	0	0	1	1	0	1	1	0	0	0	1	0	S
NMDC20556599	0	0	0	0	0	0	0	0	0	0	1	1	0	1	1	0	0	0	1	0	S
NMDC20552603	0	0	0	0	0	0	0	0	0	0	1	1	0	1	1	0	0	0	1	0	S
NMDC20556600	0	1	0	0	0	0	0	0	1	0	1	1	0	1	1	0	0	0	1	1	S
NMDC20558607	0	1	0	0	0	0	0	0	1	0	1	1	0	1	1	0	0	0	1	1	S
NMDC20588831	0	1	0	0	0	0	0	0	1	0	1	1	0	1	1	0	0	0	1	1	S
NMDC20554602	0	0	0	0	0	0	0	0	0	0	1	1	0	1	1	0	0	0	1	0	S
NMDC20558605	0	0	0	0	0	0	0	0	0	0	1	1	0	1	1	0	0	0	1	0	S
NMDC20554603	0	0	0	0	0	0	0	0	0	0	1	1	0	1	1	0	0	0	1	0	S
NMDC20552601	0	0	0	0	0	0	0	0	0	0	1	1	0	1	1	0	0	0	1	0	S
NMDC20550668	0	0	0	0	0	0	0	0	0	1	0	1	0	0	1	1	0	0	1	0	S
NMDC20582165	0	0	0	1	0	0	0	0	0	0	0	0	0	0	1	0	0	0	1	0	S
NMDC20582166	0	0	0	1	0	0	0	0	0	0	0	0	0	0	1	0	0	0	1	0	S
NMDC20554669	0	0	0	1	0	0	0	0	0	1	0	0	0	0	1	1	0	0	1	0	S
NMDC20554671	0	0	0	1	0	0	0	0	0	1	0	0	0	0	1	1	0	0	1	0	S
NMDC20554672	0	0	0	0	0	0	0	0	0	0	1	1	0	1	1	0	0	0	1	0	S
NMDC20556668	0	0	0	0	0	0	0	0	0	1	1	1	0	0	1	1	0	0	1	0	S
NMDC20582167	0	0	0	0	0	0	0	0	0	0	1	1	0	1	1	0	0	0	1	0	S
NMDC20582169	0	0	0	1	0	0	0	0	0	1	1	1	0	0	1	0	0	0	1	0	S
NMDC20582170	0	0	0	0	0	0	0	0	0	0	1	1	0	1	1	0	0	0	1	0	S
NMDC20556669	0	0	0	1	0	0	0	0	0	1	0	0	0	0	1	1	0	0	1	0	S
NMDC20556671	0	0	0	1	0	0	0	0	0	1	0	0	0	0	1	1	0	0	1	0	S
NMDC20582171	0	0	0	1	0	0	0	0	0	1	0	0	0	0	1	1	0	0	1	0	S
NMDC20554674	0	0	0	1	0	0	0	0	0	1	0	0	0	0	1	1	0	0	1	0	S
NMDC20552669	0	0	0	1	0	0	0	0	0	1	0	0	0	0	1	1	0	0	1	0	S
NMDC20556672	0	0	0	0	0	0	0	0	0	0	1	1	0	1	1	0	0	0	1	0	S
NMDC20582172	0	0	0	0	0	0	0	0	0	0	1	1	0	1	1	0	0	0	1	0	S
NMDC20582173	0	0	0	1	0	0	0	0	0	0	0	0	0	0	1	0	0	0	1	0	S
NMDC20582174	0	0	0	0	0	0	0	0	0	0	1	1	0	1	1	0	0	0	1	0	S
NMDC20552672	0	0	0	0	0	0	0	0	0	0	1	1	0	1	1	0	0	0	1	0	S
NMDC20550669	0	0	0	0	0	0	0	0	0	1	0	1	0	0	1	1	0	0	1	0	S
NMDC20582175	0	0	0	1	0	0	0	0	0	0	0	0	0	0	1	0	0	0	1	0	S
NMDC20554675	0	0	0	0	0	0	0	0	0	0	1	1	0	1	1	0	0	0	1	0	S
NMDC20556674	0	0	0	0	0	0	0	0	0	1	0	1	0	0	0	1	0	0	1	0	S
NMDC20552673	0	0	0	0	0	0	0	0	0	0	1	1	0	1	1	0	0	0	1	0	S
NMDC20582180	0	0	0	0	0	0	0	0	0	0	1	1	0	1	1	0	0	0	1	0	S
NMDC20550671	0	0	0	0	0	0	0	0	0	0	0	1	0	0	1	0	0	0	1	0	S
NMDC20582181	0	1	0	0	0	0	0	0	0	0	1	1	0	1	1	0	0	0	1	0	S
NMDC20552682	0	0	0	0	0	0	0	0	0	1	0	1	0	0	1	1	0	0	1	0	S
NMDC20554679	0	0	0	0	0	0	0	0	0	0	1	1	0	1	1	0	0	0	1	0	S
NMDC20552679	0	0	0	0	0	0	0	0	0	0	1	1	0	1	1	0	0	0	1	0	S
NMDC20550675	0	0	0	0	0	0	0	0	0	0	1	1	0	1	1	0	0	0	1	0	S
NMDC20582184	1	1	0	1	0	0	1	0	0	1	0	1	0	0	1	0	0	0	1	0	S
NMDC20552683	0	0	0	0	0	0	0	0	0	1	0	1	0	0	1	1	0	0	1	0	S
NMDC20582189	0	0	0	0	0	0	0	0	0	0	1	1	0	1	1	0	0	0	1	0	S
NMDC20582190	0	0	0	0	0	0	0	0	0	0	1	1	0	1	1	0	0	0	1	0	S
NMDC20552685	0	0	0	0	0	0	0	0	0	0	1	1	0	1	1	0	0	0	1	0	S
NMDC20582192	0	0	0	0	0	0	0	0	0	0	1	1	0	1	1	0	0	0	1	0	S
NMDC20582193	0	0	0	0	0	0	0	0	0	0	1	1	0	1	1	0	0	0	1	0	S
NMDC20556683	0	0	0	0	0	0	0	0	0	0	1	1	0	1	1	0	0	0	1	0	S
NMDC20582195	1	0	0	1	0	0	0	0	0	1	0	1	0	0	1	0	0	0	1	0	S
NMDC20554682	0	0	0	0	0	0	0	0	0	0	1	1	0	1	1	0	0	0	1	0	S
NMDC20582197	0	0	0	0	0	0	0	0	0	0	1	1	0	1	1	0	0	0	1	0	S
NMDC20582198	0	0	0	0	0	0	0	0	0	0	1	1	0	1	1	0	0	0	1	0	S
NMDC20582199	0	0	0	0	0	0	0	0	0	0	1	1	0	1	1	0	0	0	1	0	S
NMDC20552686	0	0	0	0	0	0	0	0	0	1	0	1	0	0	1	1	0	0	1	0	S
NMDC20552687	0	0	0	0	0	0	0	0	0	0	1	1	0	1	1	0	0	0	1	0	S
NMDC20552688	0	0	0	0	0	0	0	0	0	0	1	1	0	1	1	0	0	0	1	0	S
NMDC20556684	0	0	0	0	0	0	0	0	0	0	1	1	0	1	1	0	0	0	1	0	S
NMDC20554683	0	0	0	0	0	0	0	0	0	0	1	1	0	1	1	0	0	0	1	0	S
NMDC20550679	0	0	0	0	0	0	0	0	0	0	1	1	0	1	1	0	0	0	1	0	S
NMDC20556694	0	0	0	1	0	0	0	0	0	0	0	1	0	0	1	0	0	0	0	0	S
NMDC20582201	0	1	0	1	0	0	0	1	0	1	0	1	0	0	1	0	0	0	1	0	S
NMDC20552690	0	0	0	0	0	0	0	0	0	0	1	1	0	1	1	0	0	0	1	0	S
NMDC20552691	0	0	0	0	0	0	0	0	0	0	1	1	0	1	1	0	0	0	1	0	S
NMDC20582203	0	0	0	0	0	0	0	0	0	0	1	1	0	1	1	0	0	0	1	0	S
NMDC20582204	0	0	0	0	0	0	0	0	0	0	1	1	0	1	1	0	0	0	1	0	S
NMDC20582205	0	0	0	0	0	0	0	0	0	0	1	1	0	1	1	0	0	0	1	0	S
NMDC20582206	0	1	0	0	0	0	0	0	1	0	1	1	0	1	1	0	0	0	1	1	S
NMDC20582207	0	0	0	0	0	0	0	0	0	0	1	1	0	1	1	0	0	0	1	0	S
NMDC20552692	0	0	0	0	0	0	0	0	0	0	0	1	0	0	1	1	0	0	1	0	S
NMDC20552693	0	0	0	0	0	0	0	0	0	1	0	1	0	0	1	0	0	0	0	0	S
NMDC20582208	0	0	0	0	0	0	0	0	0	1	0	1	0	0	1	1	0	0	1	0	S
NMDC20582209	0	0	0	0	1	0	0	0	0	0	0	0	0	0	1	0	0	0	1	0	S
NMDC20556687	0	0	0	1	0	0	0	0	0	1	0	1	0	0	1	0	0	0	1	0	S
NMDC20556688	0	0	0	0	0	0	0	0	0	1	0	1	0	0	1	1	0	0	1	0	S
NMDC20554687	0	0	0	0	1	0	0	0	0	0	0	0	0	0	1	0	0	0	1	0	S
NMDC20554688	0	0	0	0	0	0	0	0	0	0	1	1	0	1	1	0	0	0	1	0	S
NMDC20554689	0	0	0	0	0	0	0	0	0	0	1	1	0	1	1	0	0	0	1	0	S
NMDC20552694	1	1	0	1	0	0	0	0	0	1	0	1	0	0	1	0	0	0	1	0	S
NMDC20582211	0	0	0	0	0	0	0	0	0	1	0	1	0	0	1	1	0	0	1	0	S
NMDC20582212	0	0	0	0	0	0	0	0	0	1	0	1	0	0	1	1	0	0	1	0	S
NMDC20582213	0	0	0	0	0	0	0	0	0	0	1	1	0	1	1	0	0	0	1	0	S
NMDC20582214	0	0	0	0	0	0	0	0	0	0	1	1	0	1	1	0	0	0	1	0	S
NMDC20550683	0	0	0	0	0	0	0	0	0	1	0	1	0	0	1	1	0	0	1	0	S
NMDC20550684	0	0	0	0	0	0	0	0	0	1	0	1	0	0	1	1	0	0	1	0	S
NMDC20582215	0	0	0	0	0	0	0	0	0	0	1	1	0	1	1	0	0	0	1	0	S
NMDC20552696	0	0	0	0	0	0	0	0	0	0	1	1	0	1	1	0	0	0	1	0	S
NMDC20556689	0	0	0	0	0	0	0	0	0	0	1	1	0	1	1	0	0	0	1	0	S
NMDC20550685	0	0	0	0	0	0	0	0	0	0	1	1	0	1	1	0	0	0	1	0	S
NMDC20582216	0	0	0	0	0	0	0	0	0	0	1	1	0	1	1	0	0	0	1	0	S
NMDC20556692	0	0	0	0	0	0	0	0	0	1	0	1	0	0	1	1	0	0	1	0	S
NMDC20582217	0	0	0	0	0	0	0	0	0	0	1	1	0	1	1	0	0	0	1	0	S
NMDC20556690	0	0	0	0	0	0	0	0	0	0	1	1	0	1	1	0	0	0	1	0	S
NMDC20556691	0	0	0	0	0	0	0	0	0	1	0	1	0	0	1	1	0	0	1	0	S
NMDC20582218	0	0	0	0	0	0	0	0	0	1	0	1	0	0	1	1	0	0	1	0	S
NMDC20552697	0	0	0	0	0	0	0	0	0	0	1	1	0	1	1	0	0	0	1	0	S
NMDC20554690	0	0	0	0	0	0	0	0	0	1	0	1	0	0	1	1	0	0	1	0	S
NMDC20582219	0	0	0	0	0	0	0	0	0	1	0	1	0	0	1	1	0	0	1	0	S
NMDC20556693	0	0	0	1	0	0	0	0	0	1	0	0	0	0	1	1	0	0	1	0	S
NMDC20552700	0	0	0	0	0	0	0	0	0	0	1	1	0	1	1	0	0	0	1	0	S
NMDC20550687	0	0	0	0	0	0	0	0	0	0	1	1	0	1	1	0	0	0	1	0	S
NMDC20582220	0	0	0	0	0	0	0	0	0	0	1	1	0	1	1	0	0	0	1	0	S
NMDC20556696	0	0	0	0	0	0	0	0	0	0	1	1	0	1	1	0	0	0	1	0	S
NMDC20550688	0	0	0	0	0	0	0	0	0	0	1	1	0	1	1	0	0	0	1	0	S
NMDC20550689	1	1	0	0	0	0	0	0	0	1	0	1	0	0	1	1	0	0	1	0	S
NMDC20582221	0	0	0	0	1	0	0	0	0	1	0	1	0	0	0	0	0	0	1	0	S
NMDC20582222	0	0	0	0	0	0	0	0	0	0	1	1	0	1	1	0	0	0	1	0	S
NMDC20556697	0	0	0	0	0	0	0	0	0	1	0	1	0	0	1	1	0	0	1	0	S
NMDC20554691	0	0	0	0	0	0	0	0	0	1	0	1	0	0	1	1	0	0	1	0	S
NMDC20554692	0	0	0	0	0	0	0	0	0	0	1	1	0	1	1	0	0	0	1	0	S
NMDC20556698	0	0	0	1	0	0	0	0	0	0	0	0	0	0	1	0	0	0	1	0	S
NMDC20552701	0	0	0	0	0	0	0	0	0	1	0	1	0	0	1	1	0	0	1	0	S
NMDC20582225	0	0	0	0	0	0	0	0	0	0	1	1	0	1	1	0	0	0	1	0	S
NMDC20550693	0	0	0	0	0	0	0	0	0	1	0	1	0	0	1	1	0	0	1	0	S
NMDC20556699	0	0	0	0	0	0	0	0	0	0	1	1	0	1	1	0	0	0	1	0	S
NMDC20582228	0	0	0	0	0	0	0	0	0	1	0	1	0	0	1	1	0	0	1	0	S
NMDC20556700	0	0	0	1	0	0	0	0	0	1	0	0	0	0	1	1	0	0	1	0	S
NMDC20552702	0	0	0	1	0	0	0	0	0	1	0	0	0	0	1	1	0	0	1	0	S
NMDC20582229	0	0	0	1	0	0	0	0	0	1	0	0	0	0	1	1	0	0	1	0	S
NMDC20550694	0	0	0	1	0	0	0	0	0	1	1	1	0	0	1	0	0	0	1	0	S
NMDC20582230	0	0	0	0	0	0	0	0	0	1	0	1	0	0	1	1	0	0	1	0	S
NMDC20556702	0	0	0	1	0	0	0	0	0	0	0	0	0	0	1	0	0	0	1	0	S
NMDC20552703	0	0	0	1	0	0	0	0	0	0	0	0	0	0	1	0	0	0	1	0	S
NMDC20582231	0	0	0	1	0	0	0	0	0	1	0	0	0	0	1	1	0	0	1	0	S
NMDC20552704	0	0	0	1	0	0	0	0	0	1	0	0	0	0	1	1	0	0	1	0	S
NMDC20552705	0	0	0	1	0	0	0	0	0	1	0	0	0	0	1	1	0	0	1	0	S
NMDC20552706	0	0	0	1	0	0	0	0	0	1	0	0	0	0	1	1	0	0	1	0	S
NMDC20582233	0	0	0	1	0	0	0	0	0	1	0	0	0	0	1	1	0	0	1	0	S
NMDC20582234	0	0	0	1	0	0	0	0	0	1	0	0	0	0	1	1	0	0	1	0	S
NMDC20582235	0	0	0	0	0	1	0	0	0	1	0	1	0	0	1	1	0	0	1	0	S
NMDC20554693	0	0	0	1	0	0	0	0	0	1	0	0	0	0	1	1	0	0	1	0	S
NMDC20550695	0	0	0	1	0	0	0	0	0	1	0	0	0	0	1	1	0	0	1	0	S
NMDC20552708	0	0	0	0	1	0	0	0	0	1	0	1	0	0	1	0	0	0	1	0	S
NMDC20556705	0	0	0	0	0	0	0	0	0	0	1	1	0	0	1	0	0	0	1	0	S
NMDC20582237	0	0	0	1	0	0	0	0	0	1	0	0	0	0	1	1	0	0	1	0	S
NMDC20556704	0	0	0	1	0	0	0	0	0	1	0	0	0	0	1	1	0	0	1	0	S
NMDC20582239	0	0	0	1	0	0	0	0	0	1	0	0	0	0	1	1	0	0	1	0	S
NMDC20552709	0	0	0	1	0	0	0	0	0	1	0	0	0	0	1	1	0	0	1	0	S
NMDC20552710	0	0	0	1	0	0	0	0	0	1	0	0	0	0	1	1	0	0	1	0	S
NMDC20582240	0	0	0	1	0	0	0	0	0	1	0	0	0	0	1	1	0	0	1	0	S
NMDC20556708	0	0	0	1	0	0	0	0	0	1	0	0	0	0	1	1	0	0	1	0	S
NMDC20582241	0	0	0	1	0	0	0	0	0	1	0	0	0	0	1	1	0	0	1	0	S
NMDC20582242	0	0	0	0	0	0	0	0	0	1	0	1	0	0	1	1	0	0	1	0	S
NMDC20556709	0	0	0	0	0	0	0	0	0	0	1	1	0	1	1	0	0	0	1	0	S
NMDC20554698	0	0	0	0	0	0	0	0	0	0	1	1	0	1	1	0	0	0	1	0	S
NMDC20552712	0	0	0	0	0	0	0	0	0	0	1	1	0	1	1	0	0	0	1	0	S
NMDC20582244	0	0	0	0	0	0	0	0	0	1	0	1	0	0	1	1	0	0	1	0	S
NMDC20582245	0	0	0	0	0	0	0	0	0	1	0	1	0	0	1	1	0	0	1	0	S
NMDC20582246	0	0	0	0	0	0	0	0	0	1	0	1	0	0	1	1	0	0	1	0	S
NMDC20582247	0	0	0	0	0	0	0	0	0	0	1	1	0	1	1	0	0	0	1	0	S
NMDC20552713	0	0	0	0	0	0	0	0	0	1	0	1	0	0	1	1	0	0	1	0	S
NMDC20550698	0	0	0	0	0	0	0	0	0	1	0	1	0	0	1	1	0	0	1	0	S
NMDC20556710	0	1	0	0	0	0	0	0	0	1	1	1	0	0	1	1	0	0	1	0	S
NMDC20582257	0	0	0	0	0	0	0	0	0	1	0	1	0	0	1	1	0	0	1	0	S
NMDC20552716	0	0	0	0	0	0	0	0	0	1	0	1	0	0	1	1	0	0	1	0	S
NMDC20556712	0	0	0	0	0	0	0	0	0	0	1	1	0	0	1	0	0	0	1	0	S
NMDC20554699	0	0	0	0	0	0	0	0	0	1	0	1	0	0	1	1	0	0	1	0	S
NMDC20554700	0	0	0	1	0	0	0	0	0	1	0	0	0	0	1	1	0	0	1	0	S
NMDC20556713	0	0	0	1	0	0	0	0	0	1	0	1	0	0	1	0	0	0	1	0	S
NMDC20550699	0	0	0	0	0	0	0	0	0	1	0	1	0	0	1	1	0	0	1	0	S
NMDC20556714	1	1	0	0	0	0	0	0	0	1	0	1	0	0	1	1	0	0	1	0	S
NMDC20552717	0	0	0	0	0	0	0	0	0	1	0	1	0	0	1	1	0	0	1	0	S
NMDC20582261	0	0	0	0	0	0	0	0	0	1	0	1	0	0	1	1	0	0	1	0	S
NMDC20556715	0	0	0	0	0	0	0	0	0	1	0	1	0	0	1	1	0	0	1	0	S
NMDC20550700	0	0	0	0	0	0	0	0	0	0	1	1	0	1	1	0	0	0	1	0	S
NMDC20582262	0	0	0	0	0	0	0	0	0	0	1	1	0	1	1	0	0	0	1	0	S
NMDC20582263	0	0	0	0	0	0	0	0	0	1	0	1	0	0	1	1	0	0	1	0	S
NMDC20554701	0	0	0	1	0	0	0	0	0	1	0	0	0	0	1	1	0	0	1	0	S
NMDC20582264	0	0	0	0	0	0	0	0	0	0	1	1	0	1	1	0	0	0	1	0	S
NMDC20556716	0	0	0	0	0	0	0	0	0	0	1	1	0	1	1	0	0	0	1	0	S
NMDC20582266	0	0	0	0	0	0	0	0	0	1	0	1	0	0	1	1	0	0	1	0	S
NMDC20552719	0	0	0	0	0	0	0	0	0	1	0	1	0	0	1	1	0	0	1	0	S
NMDC20582268	0	0	0	0	0	0	0	0	0	0	1	1	0	1	1	0	0	0	1	0	S
NMDC20582269	0	0	0	0	0	0	0	0	0	0	1	1	0	1	1	0	0	0	1	0	S
NMDC20554702	0	0	0	1	0	0	0	0	0	1	0	1	0	0	0	0	0	0	1	0	S
NMDC20582270	0	0	0	0	0	0	0	0	0	1	0	1	0	0	1	1	0	0	1	0	S
NMDC20582272	0	0	0	0	0	0	0	0	0	0	1	1	0	1	1	0	0	0	1	0	S
NMDC20550703	0	0	0	1	0	0	0	0	0	0	1	1	0	0	1	0	0	0	1	0	S
NMDC20582273	0	0	0	1	0	0	0	0	0	1	1	0	0	0	0	1	0	0	1	0	S
NMDC20582274	0	0	0	0	0	0	0	0	0	0	0	1	0	0	1	0	0	0	1	0	S
NMDC20556721	0	0	0	0	0	0	0	0	0	1	0	1	0	0	1	1	0	0	1	0	S
NMDC20582279	1	0	0	1	0	0	0	0	0	0	0	1	0	0	1	0	0	0	0	0	S
NMDC20554704	1	0	0	1	0	0	0	0	0	1	0	1	0	0	1	0	0	0	0	0	S
NMDC20554705	0	0	0	0	0	0	0	0	0	1	0	1	0	0	1	1	0	0	1	0	S
NMDC20582280	0	0	0	1	0	0	0	0	0	1	0	0	0	0	1	1	0	0	1	0	S
NMDC20550708	0	0	0	0	0	0	0	0	0	1	0	1	0	0	1	1	0	0	1	0	S
NMDC20556723	0	0	0	0	1	0	0	0	0	1	0	1	0	0	0	0	0	0	1	0	S
NMDC20552723	0	0	0	1	0	0	0	0	0	1	0	1	0	0	1	0	0	0	0	0	S
NMDC20556726	1	0	0	0	0	0	1	0	0	0	0	1	0	0	1	1	0	0	1	0	S
NMDC20556724	0	0	0	0	0	0	0	0	0	0	1	1	0	1	1	0	0	0	1	0	S
NMDC20582284	0	0	0	0	0	0	0	0	0	0	1	1	0	1	1	0	0	0	1	0	S
NMDC20554707	0	0	0	0	0	0	0	0	0	1	0	1	0	0	1	1	0	0	1	0	S
NMDC20554708	0	0	0	0	0	0	0	0	0	0	1	1	0	1	1	0	0	0	1	0	S
NMDC20552724	0	0	0	0	0	0	0	0	0	0	1	1	0	1	1	0	0	0	1	0	S
NMDC20552733	0	0	0	1	0	0	0	0	0	1	0	0	0	0	1	1	0	0	1	0	S
NMDC20554709	0	0	0	0	0	1	0	0	0	0	0	1	0	1	0	0	0	0	1	0	S
NMDC20582288	0	0	0	0	0	0	0	0	0	0	1	1	0	1	1	0	0	0	1	0	S
NMDC20556728	0	0	0	0	0	0	0	0	0	1	0	1	0	0	1	1	0	0	1	0	S
NMDC20550716	0	0	0	0	1	0	0	0	0	1	0	0	0	0	0	0	0	0	1	0	S
NMDC20552726	0	0	0	0	0	0	0	0	0	1	0	1	0	0	1	1	0	0	1	0	S
NMDC20582291	0	0	0	0	0	0	0	0	0	0	1	1	0	0	1	0	0	0	1	0	S
NMDC20582293	0	0	0	0	0	0	0	0	0	1	0	1	0	0	1	1	0	0	1	0	S
NMDC20556729	0	0	0	0	0	0	0	0	0	1	0	1	0	0	0	0	0	0	1	0	S
NMDC20556730	0	1	0	0	0	0	0	0	0	1	1	1	0	0	1	1	0	0	1	0	S
NMDC20552729	0	0	0	1	0	0	0	0	0	1	0	1	0	0	1	0	0	0	0	0	S
NMDC20550723	0	0	0	1	0	0	0	0	0	1	0	1	0	0	1	0	0	0	1	0	S
NMDC20550718	0	0	0	0	0	0	0	0	0	0	1	1	0	1	1	0	0	0	1	0	S
NMDC20550719	0	0	0	0	1	0	0	0	0	1	0	0	0	0	0	0	0	0	1	0	S
NMDC20550720	0	0	0	0	0	0	0	0	0	0	1	1	0	1	1	0	0	0	1	0	S
NMDC20550721	1	0	0	1	0	0	0	0	0	1	1	1	0	0	1	0	0	0	1	0	S
NMDC20582297	0	0	0	0	0	0	0	0	0	1	0	1	0	0	0	0	0	0	1	0	S
NMDC20556731	1	0	0	0	0	0	0	0	0	1	0	1	0	0	1	1	1	0	1	0	S
NMDC20582299	0	0	0	0	0	0	0	0	0	1	0	1	0	0	1	1	0	0	1	0	S
NMDC20582300	0	0	0	1	0	0	0	0	0	1	0	1	0	0	1	0	0	0	1	0	S
NMDC20582301	0	0	0	0	0	0	0	0	0	0	1	1	0	1	1	0	0	0	1	0	S
NMDC20582302	0	0	0	0	1	0	0	0	0	1	0	0	0	0	0	0	0	0	1	0	S
NMDC20582303	0	0	0	0	1	0	0	0	0	1	0	0	0	0	1	0	0	0	1	0	S
NMDC20554717	0	0	0	0	0	0	0	0	0	0	1	1	0	1	1	0	0	0	1	0	S
NMDC20554718	0	0	0	0	0	0	0	0	0	0	1	1	0	1	1	0	0	0	1	0	S
NMDC20556732	0	0	0	0	0	0	0	0	0	0	1	1	0	1	1	0	0	0	1	0	S
NMDC20556733	0	0	0	0	1	0	0	0	0	1	0	1	0	0	1	0	0	0	1	0	S
NMDC20582306	0	0	0	1	0	0	0	0	0	1	0	0	0	0	1	1	0	0	1	0	S
NMDC20554719	0	0	0	1	0	0	0	0	0	0	1	1	0	0	1	0	0	0	1	0	S
NMDC20582308	0	0	0	1	0	0	0	0	0	0	1	1	0	0	1	0	0	0	1	0	S
NMDC20582310	0	0	0	0	0	0	0	0	0	0	1	1	0	0	1	0	0	0	1	0	S
NMDC20550726	0	0	0	0	0	0	0	0	0	0	1	1	0	0	1	0	0	0	1	0	S
NMDC20552735	0	0	0	0	1	0	0	0	0	1	0	1	0	0	1	0	0	0	1	0	S
NMDC20552737	0	0	0	0	0	0	0	0	0	1	0	1	0	0	1	1	0	0	1	0	S
NMDC20582311	0	0	0	0	0	0	0	0	0	0	1	1	0	1	1	0	0	0	1	0	S
NMDC20550728	0	0	0	0	0	0	0	0	0	0	1	1	0	1	1	0	0	0	1	0	S
NMDC20550730	0	0	0	0	0	0	0	0	0	1	0	1	0	0	1	1	0	0	1	0	S
NMDC20582316	0	0	0	0	0	0	0	0	0	0	1	1	0	1	1	0	0	0	1	0	S
NMDC20550732	0	0	0	0	0	0	0	0	0	0	1	1	0	1	1	0	0	0	1	0	S
NMDC20556737	0	0	0	0	0	0	0	0	0	1	0	1	0	0	1	1	0	0	1	0	S
NMDC20582317	0	0	0	0	0	0	0	0	0	1	0	1	0	0	1	1	0	0	1	0	S
NMDC20554722	0	1	0	0	0	0	0	0	0	1	0	1	0	0	1	1	0	0	1	0	S
NMDC20582318	0	1	0	0	0	0	0	0	1	0	1	1	0	1	1	0	0	0	1	1	S
NMDC20552739	0	0	0	1	0	0	0	0	0	1	0	1	0	0	1	0	0	0	0	0	S
NMDC20582320	0	0	0	0	0	0	0	0	0	1	0	1	0	0	1	1	0	0	1	0	S
NMDC20556738	0	0	0	0	0	0	0	0	0	0	1	1	0	1	1	0	0	0	1	0	S
NMDC20556739	0	0	0	0	0	0	0	0	0	1	0	1	0	0	1	1	0	0	1	0	S
NMDC20550734	0	0	0	0	0	0	0	0	0	0	1	1	0	1	1	0	0	0	1	0	S
NMDC20554725	0	0	0	0	0	0	0	0	0	0	1	1	0	1	1	0	0	0	1	0	S
NMDC20582325	1	0	0	1	0	0	0	0	0	1	0	0	0	0	0	1	1	0	1	0	S
NMDC20582326	0	0	0	0	1	0	0	0	0	1	0	1	0	0	1	0	0	0	1	0	S
NMDC20556740	0	0	0	0	0	0	0	0	0	1	0	1	0	0	1	1	0	0	1	0	S
NMDC20554726	0	0	0	0	0	0	0	0	0	1	0	1	0	0	0	0	0	0	0	0	S
NMDC20582327	0	0	0	0	0	0	0	0	0	1	0	1	0	0	1	1	0	0	1	0	S
NMDC20552740	0	0	0	0	0	0	0	0	0	0	1	1	0	1	1	0	0	0	1	0	S
NMDC20582328	0	0	0	0	0	0	0	0	0	0	1	1	0	1	1	0	0	0	1	0	S
NMDC20554727	0	0	0	0	0	0	0	0	0	0	1	1	0	1	1	0	0	0	1	0	S
NMDC20552742	0	0	0	0	0	0	0	0	0	0	1	1	0	1	1	0	0	0	1	0	S
NMDC20556741	0	0	0	0	0	0	0	0	0	0	1	1	0	1	1	0	0	0	1	0	S
NMDC20552745	0	0	0	0	0	0	0	0	0	1	0	1	0	0	1	1	0	0	1	0	S
NMDC20556758	0	0	0	0	0	0	0	0	0	0	0	1	0	0	1	1	0	0	1	0	S
NMDC20556745	0	1	0	1	0	0	0	1	0	1	0	1	0	0	1	0	0	0	1	0	S
NMDC20582330	1	0	0	1	0	0	0	0	0	1	0	0	0	0	1	1	0	0	1	0	S
NMDC20550736	0	0	0	1	0	0	0	0	0	1	0	1	0	0	1	0	0	0	1	0	S
NMDC20550737	0	0	0	0	1	0	0	0	0	1	0	1	0	0	0	0	0	0	1	0	S
NMDC20556743	0	0	0	0	0	0	0	0	0	1	0	1	0	0	0	0	0	0	0	0	S
NMDC20582331	0	0	0	1	1	0	0	0	0	1	1	0	0	0	1	0	0	0	1	0	S
NMDC20556746	0	0	0	0	1	0	0	0	0	1	0	0	0	0	0	0	0	0	1	0	S
NMDC20556747	0	0	0	1	0	0	0	0	0	0	0	0	0	0	1	0	0	0	1	0	S
NMDC20582333	0	0	0	0	0	0	0	0	0	1	0	1	0	0	1	1	0	0	1	0	S
NMDC20582334	0	0	0	0	0	0	0	0	0	0	1	1	0	1	1	0	0	0	1	0	S
NMDC20550739	0	0	0	0	0	0	0	0	0	0	1	1	0	1	1	0	0	0	1	0	S
NMDC20582335	0	0	0	1	0	0	0	0	0	1	0	1	0	0	0	0	0	0	1	0	S
NMDC20582336	0	0	0	1	0	0	0	0	0	1	0	1	0	0	0	0	0	0	1	0	S
NMDC20582337	0	0	0	0	1	0	0	0	0	0	0	0	0	0	1	0	0	0	1	0	S
NMDC20552747	0	0	0	0	0	0	0	0	0	0	1	1	0	1	1	0	0	0	1	0	S
NMDC20582339	0	0	0	1	0	0	0	0	0	1	0	1	0	0	1	0	0	0	1	0	S
NMDC20556749	0	0	0	1	0	0	0	0	0	1	0	1	0	0	1	0	0	0	1	0	S
NMDC20582340	0	0	0	1	0	0	0	0	0	1	0	1	0	0	1	0	0	0	1	0	S
NMDC20582341	0	0	0	1	0	0	0	0	0	1	0	1	0	0	1	0	0	0	1	0	S
NMDC20550740	0	0	0	1	0	0	0	0	0	1	0	1	0	0	1	0	0	0	1	0	S
NMDC20552748	0	0	0	1	0	0	0	0	0	1	0	1	0	0	1	0	0	0	1	0	S
NMDC20556751	0	0	0	1	0	0	0	0	0	1	0	1	0	0	1	0	0	0	1	0	S
NMDC20552749	0	0	0	1	0	0	0	0	0	1	0	1	0	0	1	0	0	0	1	0	S
NMDC20552750	0	0	0	1	0	0	0	0	0	1	0	1	0	0	1	0	0	0	1	0	S
NMDC20550741	0	0	0	1	0	0	0	0	0	1	0	1	0	0	1	0	0	0	1	0	S
NMDC20556752	0	0	0	1	0	0	0	0	0	1	0	1	0	0	1	0	0	0	1	0	S
NMDC20582342	0	0	0	1	0	0	0	0	0	0	1	1	0	0	1	0	0	0	0	0	S
NMDC20552752	0	0	0	0	0	0	0	0	0	1	0	0	0	0	1	1	0	0	0	0	S
NMDC20582344	0	0	0	1	0	0	0	0	0	1	0	0	0	0	0	1	0	0	1	0	S
NMDC20554731	0	0	0	0	1	0	0	0	0	1	0	0	0	0	0	0	0	0	1	0	S
NMDC20550742	0	0	0	0	1	0	0	0	0	1	0	0	0	0	0	0	0	0	1	0	S
NMDC20550743	0	0	0	0	0	0	0	0	0	0	0	1	0	0	1	0	0	0	1	0	S
NMDC20556754	0	0	0	0	1	0	0	0	0	1	0	0	0	0	0	0	0	0	1	0	S
NMDC20582346	1	0	0	1	0	0	0	0	0	0	0	1	0	0	1	0	0	0	0	0	S
NMDC20582347	1	1	0	0	0	0	0	0	0	1	0	1	0	0	1	0	0	0	1	0	S
NMDC20550744	0	0	0	0	0	0	0	0	0	1	1	1	0	0	0	1	0	0	1	0	S
NMDC20582348	0	0	0	0	0	0	0	0	0	1	0	1	0	0	1	1	0	0	1	0	S
NMDC20556755	0	0	0	0	0	0	0	0	0	0	1	1	0	1	1	0	0	0	1	0	S
NMDC20582349	0	0	0	1	0	0	0	0	0	1	0	1	0	0	1	0	0	0	1	0	S
NMDC20582351	0	0	0	1	0	0	0	0	0	1	0	1	0	0	1	0	0	0	1	0	S
NMDC20582352	0	0	0	1	0	0	0	0	0	1	0	0	0	0	1	1	0	0	1	0	S
NMDC20582353	0	0	0	0	0	0	0	0	0	1	0	0	0	0	1	1	0	0	0	0	S
NMDC20582354	0	0	0	1	0	0	0	0	0	1	0	0	0	0	1	1	0	0	1	0	S
NMDC20582355	0	0	0	1	0	0	0	0	0	1	0	0	0	0	0	1	0	0	1	0	S
NMDC20582358	0	0	0	0	0	0	0	0	0	1	0	1	0	0	1	0	0	0	1	0	S
NMDC20582359	1	0	0	0	0	0	0	0	0	1	0	1	0	0	1	0	0	0	1	0	S
NMDC20582360	1	0	0	0	0	0	0	0	0	1	0	1	0	0	1	0	0	0	1	0	S
NMDC20582361	0	0	0	0	0	0	0	0	0	1	0	1	0	0	1	0	0	0	0	0	S
NMDC20582362	0	0	0	1	0	0	0	0	0	1	0	1	0	0	1	0	0	0	1	0	S
NMDC20582363	0	0	0	0	1	0	0	0	0	1	0	1	0	0	0	0	0	0	1	0	S
NMDC20582364	0	0	0	0	0	0	0	0	0	0	1	1	0	1	1	0	0	0	1	0	S
NMDC20550748	0	0	0	0	0	0	0	0	0	0	0	1	0	0	1	1	0	0	1	0	S
NMDC20552758	0	0	0	0	0	0	0	0	0	1	0	1	0	0	1	1	0	0	1	0	S
NMDC20552759	0	1	0	0	0	0	1	0	0	1	0	1	0	0	1	1	0	0	1	0	S
NMDC20582365	0	0	0	0	0	0	0	0	0	1	0	1	0	0	1	1	0	0	1	0	S
NMDC20552760	0	0	0	0	0	0	0	0	0	1	0	1	0	0	1	1	0	0	1	0	S
NMDC20582366	0	0	0	0	0	0	0	0	0	1	0	1	0	0	1	1	0	0	1	0	S
NMDC20550747	1	0	0	0	0	0	0	0	0	1	0	1	0	0	1	1	0	0	1	0	S
NMDC20550749	0	0	0	0	0	0	0	0	0	1	0	1	0	0	1	1	0	0	1	0	S
NMDC20582367	1	0	0	0	0	0	0	0	0	1	0	1	0	0	1	1	0	0	1	0	S
NMDC20582369	0	0	0	0	0	0	0	0	0	1	0	1	0	0	1	1	0	0	1	0	S
NMDC20582375	0	0	0	1	0	0	0	0	0	1	0	1	0	0	1	0	0	0	1	0	S
NMDC20582377	0	0	0	0	1	0	0	0	0	1	0	0	0	0	0	0	0	0	1	0	S
NMDC20554734	0	0	0	0	1	0	0	0	0	1	0	0	0	0	0	0	0	0	1	0	S
NMDC20552762	0	0	0	0	1	0	0	0	0	1	0	0	0	0	0	0	0	0	1	0	S
NMDC20550751	0	0	0	0	1	0	0	0	0	1	0	0	0	0	0	0	0	0	1	0	S
NMDC20582379	0	0	0	1	1	0	0	0	0	1	0	0	0	0	1	1	0	0	0	0	S
NMDC20556763	0	0	0	0	0	0	0	0	0	0	0	1	0	0	1	0	0	0	1	0	S
NMDC20582380	0	0	0	1	0	0	0	0	0	0	0	1	0	0	1	0	0	0	0	0	S
NMDC20552763	0	0	0	1	0	0	0	0	0	0	0	1	0	0	1	0	0	0	0	0	S
NMDC20550752	0	0	0	1	0	0	0	0	0	0	0	1	0	0	1	0	0	0	0	0	S
NMDC20582382	0	0	0	0	0	0	0	0	0	1	0	1	0	0	1	1	0	0	1	0	S
NMDC20550753	0	0	0	0	0	0	0	0	0	0	1	1	0	1	1	0	0	0	1	0	S
NMDC20556765	0	0	0	1	0	0	0	0	0	0	1	1	0	0	1	0	0	0	0	0	S
NMDC20582383	0	0	0	0	0	0	0	0	0	0	1	1	0	1	1	0	0	0	1	0	S
NMDC20550754	0	0	0	0	0	0	0	0	0	0	1	1	0	1	1	0	0	0	1	0	S
NMDC20582384	0	0	0	0	0	0	0	0	0	0	1	1	0	1	1	0	0	0	1	0	S
NMDC20556764	0	0	0	0	1	0	0	0	0	0	0	0	0	0	1	0	0	0	1	0	S
NMDC20582385	0	0	0	0	1	0	0	0	0	0	0	0	0	0	1	0	0	0	1	0	S
NMDC20582386	0	0	0	0	1	0	0	0	0	0	0	0	0	0	1	0	0	0	1	0	S
NMDC20552766	0	0	0	0	1	0	0	0	0	0	0	0	0	0	1	0	0	0	1	0	S
NMDC20582387	0	0	0	1	0	0	0	0	0	0	1	1	0	0	1	0	0	0	0	0	S
NMDC20554736	0	0	0	1	0	0	0	0	0	1	0	1	0	0	1	0	0	0	1	0	S
NMDC20582388	0	0	0	1	0	0	0	0	0	1	0	1	0	0	1	0	0	0	1	0	S
NMDC20582389	0	0	0	1	0	0	0	0	0	1	0	1	0	0	1	0	0	0	1	0	S
NMDC20554737	0	0	0	1	0	0	0	0	0	1	0	1	0	0	1	0	0	0	1	0	S
NMDC20552767	0	0	0	1	0	0	0	0	0	1	0	1	0	0	1	0	0	0	1	0	S
NMDC20582390	0	0	0	1	0	0	0	0	0	1	0	1	0	0	1	0	0	0	1	0	S
NMDC20556766	0	0	0	1	0	0	0	0	0	1	0	1	0	0	1	0	0	0	1	0	S
NMDC20552768	0	0	0	1	0	0	0	0	0	1	0	1	0	0	1	0	0	0	1	0	S
NMDC20550756	0	0	0	1	0	0	0	0	0	1	0	1	0	0	1	0	0	0	1	0	S
NMDC20582391	0	0	0	1	0	0	0	0	0	1	0	1	0	0	1	0	0	0	1	0	S
NMDC20554738	0	0	0	0	0	0	0	0	0	1	1	1	0	0	1	1	0	0	1	0	S
NMDC20582395	0	0	0	0	0	0	0	0	0	1	0	1	0	0	1	1	0	0	1	0	S
NMDC20552770	0	0	0	0	0	0	0	0	0	1	0	1	0	0	1	1	0	0	1	0	S
NMDC20550758	0	0	0	0	0	0	0	0	0	1	0	1	0	0	1	1	0	0	1	0	S
NMDC20582399	0	0	0	0	0	0	0	0	0	1	0	1	0	0	1	1	0	0	1	0	S
NMDC20550759	0	0	0	0	0	0	0	0	0	1	0	1	0	0	1	1	0	0	1	0	S
NMDC20552771	0	0	0	1	0	0	0	0	0	1	0	1	0	0	1	0	0	0	1	0	S
NMDC20582401	0	0	0	0	0	0	0	0	0	1	0	1	0	0	1	1	0	0	1	0	S
NMDC20556786	0	0	0	0	0	0	0	0	0	0	1	1	0	1	1	0	0	0	1	0	S
NMDC20550762	0	0	0	0	0	0	0	0	0	0	1	1	0	0	1	0	0	0	1	0	S
NMDC20582402	0	0	0	1	0	0	0	0	0	1	0	0	0	0	1	1	0	0	1	0	S
NMDC20552772	0	0	0	0	0	0	0	0	0	0	0	1	0	0	1	1	0	0	1	0	S
NMDC20552773	0	0	0	0	0	0	0	0	0	1	1	1	0	0	1	1	0	0	1	0	S
NMDC20554739	0	0	0	1	0	0	0	0	0	1	0	0	0	0	1	1	0	0	1	0	S
NMDC20556768	0	0	0	0	0	0	0	0	0	1	0	1	0	0	1	1	0	0	1	0	S
NMDC20556769	0	0	0	1	0	0	0	0	0	1	1	0	0	0	1	0	0	0	1	0	S
NMDC20550764	0	0	0	1	0	0	0	0	0	1	0	1	0	0	1	0	0	0	1	0	S
NMDC20582407	0	0	0	1	0	0	0	0	0	1	0	1	0	0	0	0	0	0	1	0	S
NMDC20554742	0	0	0	0	0	0	0	0	0	0	1	1	0	1	1	0	0	0	1	0	S
NMDC20556770	1	0	0	1	0	1	0	0	0	0	1	1	0	0	1	0	1	0	1	0	S
NMDC20582408	0	0	0	0	0	0	0	0	0	1	0	1	0	0	1	0	0	0	0	0	S
NMDC20550765	0	0	0	1	0	0	0	0	0	1	0	1	0	0	0	0	0	0	1	0	S
NMDC20554743	0	0	0	0	0	0	0	0	0	1	0	1	0	0	1	1	0	0	1	0	S
NMDC20582410	0	0	0	0	0	0	0	0	0	1	1	1	0	0	1	1	0	0	1	0	S
NMDC20556773	0	0	0	1	0	0	0	0	0	1	0	1	0	0	1	0	0	0	1	0	S
NMDC20550766	0	0	0	1	0	0	0	0	0	1	0	0	0	0	0	1	0	0	1	0	S
NMDC20552774	0	0	0	1	0	0	0	0	0	1	0	0	0	0	1	1	0	0	1	0	S
NMDC20550767	0	0	0	0	0	0	0	0	0	1	0	1	0	0	1	0	0	0	0	0	S
NMDC20556774	0	0	0	0	0	0	0	0	0	1	0	1	0	0	1	1	0	0	1	0	S
NMDC20554744	0	0	0	0	0	0	0	0	0	1	0	1	0	0	1	1	0	0	1	0	S
NMDC20582411	0	0	0	1	0	0	0	0	0	1	0	1	0	0	1	0	0	0	1	0	S
NMDC20550768	0	0	0	0	0	0	0	0	0	1	0	1	0	0	1	1	0	0	1	0	S
NMDC20582413	0	0	0	0	0	0	0	0	0	1	1	1	0	0	1	1	0	0	1	0	S
NMDC20550769	0	0	0	0	0	0	0	0	0	1	0	1	0	0	1	1	0	0	1	0	S
NMDC20554747	0	0	0	0	0	0	0	0	0	1	0	0	0	0	1	1	0	0	0	0	S
NMDC20552776	0	0	0	0	0	0	0	0	0	1	0	1	0	0	1	1	0	0	1	0	S
NMDC20550773	0	1	0	0	0	0	0	0	1	1	0	1	0	0	0	0	0	0	1	1	S
NMDC20582415	0	0	0	1	0	0	0	0	0	1	0	0	0	0	0	1	0	0	1	0	S
NMDC20582417	0	1	0	1	0	0	0	1	0	1	0	1	0	0	1	0	0	0	1	0	S
NMDC20582418	0	0	0	0	0	0	0	0	0	1	0	1	0	0	1	1	0	0	1	0	S
NMDC20554748	0	0	0	0	0	0	0	0	0	1	0	1	0	0	1	1	0	0	1	0	S
NMDC20554750	0	0	0	0	0	0	0	0	0	0	1	1	0	0	1	0	0	0	1	0	S
NMDC20582419	0	0	0	0	0	0	0	0	0	1	0	1	0	0	1	1	0	0	1	0	S
NMDC20582420	0	0	0	1	0	0	0	0	0	1	0	0	0	0	1	1	0	0	1	0	S
NMDC20554752	0	0	0	0	0	0	0	0	0	1	0	0	0	0	1	1	0	0	0	0	S
NMDC20554753	0	0	0	0	0	0	0	0	0	1	1	1	0	0	1	1	0	0	1	0	S
NMDC20554754	0	0	0	0	0	0	0	0	0	1	0	1	0	0	1	0	0	0	0	0	S
NMDC20554755	0	0	0	1	0	0	0	0	0	1	0	1	0	0	0	0	0	0	1	0	S
NMDC20582421	0	0	0	0	0	0	0	0	0	1	0	1	0	0	1	1	0	0	1	0	S
NMDC20582422	0	0	0	1	0	0	0	0	0	1	0	1	0	0	0	0	0	0	1	0	S
NMDC20582423	0	0	0	1	0	0	0	0	0	1	0	1	0	0	0	0	0	0	1	0	S
NMDC20550774	0	0	0	1	0	0	0	0	0	1	0	1	0	0	0	0	0	0	1	0	S
NMDC20582424	0	0	0	0	0	0	0	0	0	1	0	1	0	0	0	0	0	0	1	0	S
NMDC20552780	0	0	0	0	0	0	0	0	0	1	1	1	0	0	1	1	0	0	1	0	S
NMDC20582425	0	0	0	0	0	0	0	0	0	1	0	1	0	0	1	1	0	0	1	0	S
NMDC20556779	0	0	0	1	0	0	0	0	0	1	0	1	0	0	0	0	0	0	1	0	S
NMDC20582427	0	0	0	1	0	0	0	0	0	1	0	1	0	0	0	0	0	0	1	0	S
NMDC20556780	0	0	0	0	0	0	0	0	0	0	1	1	0	1	1	0	0	0	1	0	S
NMDC20550775	0	0	0	1	0	0	0	0	0	0	0	0	0	0	1	0	0	0	1	0	S
NMDC20556781	0	0	0	1	1	0	0	0	0	0	0	0	0	0	1	0	0	0	1	0	S
NMDC20554756	0	0	0	1	0	0	0	0	0	1	0	1	0	0	0	0	0	0	1	0	S
NMDC20554757	0	0	0	1	0	0	0	0	0	1	0	1	0	0	1	0	0	0	1	0	S
NMDC20552781	0	0	0	0	0	0	0	0	0	0	1	1	0	1	1	0	0	0	1	0	S
NMDC20582428	0	0	0	1	0	0	0	0	0	1	0	1	0	0	1	0	0	0	1	0	S
NMDC20582429	0	0	0	1	0	0	0	0	0	1	0	1	0	0	1	0	0	0	1	0	S
NMDC20552782	0	0	0	0	0	0	0	0	0	0	1	1	0	1	1	0	0	0	1	0	S
NMDC20556782	0	0	0	0	0	0	0	0	0	0	1	1	0	0	1	0	0	0	1	0	S
NMDC20556783	0	0	0	0	0	0	0	0	0	0	1	1	0	1	1	0	0	0	1	0	S
NMDC20582430	0	0	0	1	0	0	0	0	0	1	0	1	0	0	1	0	0	0	1	0	S
NMDC20552784	1	1	0	0	0	0	0	0	0	1	0	1	0	0	1	0	0	1	1	0	S
NMDC20552785	0	0	0	0	0	0	0	0	0	1	0	0	0	0	1	1	0	0	0	0	S
NMDC20556785	0	0	0	0	1	0	0	0	0	1	0	1	0	0	1	0	0	0	1	0	S
NMDC20582434	0	0	0	1	0	0	0	0	0	1	0	1	0	0	0	0	0	0	1	0	S
NMDC20554758	0	0	0	0	0	0	0	0	0	1	0	1	0	0	0	1	0	0	1	0	S
NMDC20582435	0	0	0	1	0	0	0	0	0	1	0	1	0	0	1	0	0	0	1	0	S
NMDC20582436	0	0	0	1	0	0	0	0	0	1	0	1	0	0	1	0	0	0	1	0	S
NMDC20582437	0	0	0	0	0	0	0	0	0	1	0	1	0	0	0	1	0	0	1	0	S
NMDC20552786	0	0	0	0	0	0	0	0	0	0	1	1	0	1	1	0	0	0	1	0	S
NMDC20554759	0	0	0	1	0	0	0	0	0	1	0	1	0	0	0	0	0	0	1	0	S
NMDC20582438	0	0	0	1	0	0	0	0	0	1	0	1	0	0	0	0	0	0	1	0	S
NMDC20582440	0	0	0	1	0	0	0	0	0	1	0	0	0	0	1	1	0	0	1	0	S
NMDC20582442	0	0	0	1	0	0	0	0	0	1	0	1	0	0	1	0	0	0	0	0	S
NMDC20554761	0	0	0	0	0	0	0	0	0	0	1	1	0	0	1	0	0	0	1	0	S
NMDC20582443	0	0	0	1	0	0	0	0	0	1	0	1	0	0	1	0	0	0	1	0	S
NMDC20554762	0	0	0	1	0	0	0	0	0	1	0	1	0	0	0	0	0	0	1	0	S
NMDC20552787	0	0	0	0	0	0	0	0	0	1	0	1	0	0	1	1	0	0	1	0	S
NMDC20554764	0	0	0	0	0	0	0	0	0	1	0	1	0	0	1	0	0	0	0	0	S
NMDC20554765	0	0	0	0	0	0	0	0	0	1	0	1	0	0	1	1	0	0	1	0	S
NMDC20582444	1	0	0	0	0	0	0	0	0	1	0	1	0	0	1	0	0	0	1	0	S
NMDC20556791	0	0	0	0	0	0	0	0	0	1	0	1	0	0	0	1	0	0	1	0	S
NMDC20556792	0	0	0	1	0	0	0	0	0	1	0	1	0	0	0	0	0	0	1	0	S
NMDC20552788	0	0	0	1	0	0	0	0	0	1	1	1	0	0	1	0	0	0	1	0	S
NMDC20582445	0	0	0	0	0	0	0	0	0	1	0	1	0	0	1	1	0	0	1	0	S
NMDC20550780	0	0	0	0	0	0	0	0	0	0	1	1	0	1	1	0	0	0	1	0	S
NMDC20550777	0	0	0	1	0	0	0	0	0	1	0	1	0	0	1	0	0	0	1	0	S
NMDC20582446	0	0	0	0	0	0	0	0	0	1	0	1	0	0	1	1	0	0	1	0	S
NMDC20550779	0	0	0	0	0	0	0	0	0	1	0	1	0	0	1	1	0	0	1	0	S
NMDC20552789	0	0	0	1	0	0	0	0	0	1	0	1	0	0	1	0	0	0	1	0	S
NMDC20582447	0	0	0	1	0	0	0	0	0	1	0	1	0	0	0	0	0	0	1	0	S
NMDC20582448	0	0	0	0	0	0	0	0	0	0	1	1	0	1	1	0	0	0	1	0	S
NMDC20556793	0	0	0	0	0	0	0	0	0	1	1	1	0	0	1	1	0	0	1	0	S
NMDC20556796	0	0	0	0	0	0	0	0	0	1	0	1	0	0	0	1	0	0	1	0	S
NMDC20550781	0	0	0	0	0	0	0	0	0	0	1	1	0	1	1	0	0	0	1	0	S
NMDC20552793	0	0	0	0	1	0	0	0	0	1	0	0	0	0	0	0	0	0	1	0	S
NMDC20582449	0	0	0	1	0	0	0	0	0	1	0	1	0	0	1	0	0	0	1	0	S
NMDC20582450	0	0	0	0	0	0	0	0	0	0	1	1	0	1	1	0	0	0	1	0	S
NMDC20556797	0	0	0	0	0	0	0	0	0	1	0	1	0	0	1	1	0	0	1	0	S
NMDC20554766	0	0	0	0	0	0	0	0	0	0	0	1	0	0	1	1	0	0	1	0	S
NMDC20550782	0	0	0	0	0	0	0	0	0	0	1	1	0	1	1	0	0	0	1	0	S
NMDC20550783	0	0	0	1	0	0	0	0	0	1	0	1	0	0	1	1	0	0	1	0	S
NMDC20550784	0	1	0	1	0	0	0	1	0	1	0	1	0	0	1	0	0	0	1	0	S
NMDC20552794	0	0	0	0	1	0	0	0	0	1	0	0	0	0	0	0	0	0	1	0	S
NMDC20556799	0	0	0	1	0	0	0	0	0	1	0	1	0	0	0	0	0	0	1	0	S
NMDC20582456	0	0	0	0	0	0	0	0	0	0	1	1	0	1	1	0	0	0	1	0	S
NMDC20554767	0	0	0	0	0	0	0	0	0	1	0	1	0	0	1	0	0	0	0	0	S
NMDC20550785	0	0	0	0	0	0	0	0	0	1	1	1	0	0	1	1	0	0	1	0	S
NMDC20556801	0	0	0	0	0	0	0	0	0	1	0	1	0	0	1	0	0	0	1	0	S
NMDC20552796	0	0	0	1	0	0	0	0	0	1	0	1	0	0	0	0	0	0	1	0	S
NMDC20556802	1	0	0	0	0	0	1	0	0	1	0	1	1	0	1	1	0	0	1	0	S
NMDC20582458	0	0	0	0	0	0	0	0	0	0	1	1	0	1	1	0	0	0	1	0	S
NMDC20556804	0	0	0	1	0	0	0	0	0	1	0	1	0	0	1	0	0	0	1	0	S
NMDC20556803	0	0	0	0	0	0	0	0	0	1	0	1	0	0	1	0	0	0	0	0	S
NMDC20582459	0	0	0	0	0	0	0	0	0	1	1	1	0	0	1	1	0	0	1	0	S
NMDC20582461	0	0	0	0	0	0	0	0	0	0	1	1	0	1	1	0	0	0	1	0	S
NMDC20554769	0	0	0	1	0	0	0	0	0	1	0	0	0	0	1	1	0	0	1	0	S
NMDC20554770	0	0	0	0	0	0	0	0	0	0	1	1	0	1	1	0	0	0	1	0	S
NMDC20550788	0	0	0	0	0	0	0	0	0	0	0	1	0	0	1	1	0	0	1	0	S
NMDC20582463	0	0	0	0	1	0	0	0	0	1	0	1	0	0	1	0	0	0	1	0	S
NMDC20554771	0	0	0	1	0	0	0	0	0	1	1	0	0	0	1	0	0	0	1	0	S
NMDC20554772	0	0	0	0	0	0	0	0	0	1	0	1	0	0	1	1	0	0	1	0	S
NMDC20582466	0	0	0	0	0	0	0	0	0	1	0	1	0	0	0	1	0	0	1	0	S
NMDC20556805	0	0	0	1	0	0	0	0	0	1	0	0	0	0	1	1	0	0	1	0	S
NMDC20550790	0	0	0	0	0	0	0	0	0	1	0	1	0	0	1	1	0	0	1	0	S
NMDC20582467	0	0	0	0	0	0	0	0	0	0	1	1	0	1	1	0	0	0	1	0	S
NMDC20582468	0	0	0	0	0	0	0	0	0	0	0	1	0	0	1	1	0	0	1	0	S
NMDC20554773	0	0	0	0	0	0	0	0	0	0	0	1	0	0	1	1	0	0	1	0	S
NMDC20552797	1	0	0	0	0	0	0	0	0	1	0	1	0	0	1	1	0	0	1	0	S
NMDC20552798	0	0	0	0	0	0	0	0	0	1	0	1	0	0	1	1	0	0	1	0	S
NMDC20582470	0	0	0	0	0	0	0	0	0	0	1	1	0	1	1	0	0	0	1	0	S
NMDC20554774	0	0	0	1	0	0	0	0	0	1	0	1	0	0	1	0	0	0	1	0	S
NMDC20556807	0	0	0	1	0	0	0	0	0	0	1	1	0	0	1	0	0	0	0	0	S
NMDC20550792	0	0	0	0	0	0	0	0	0	0	0	1	0	0	1	0	0	0	1	0	S
NMDC20554776	0	0	0	1	0	0	0	0	0	1	0	1	0	0	1	0	0	0	1	0	S
NMDC20582473	0	0	0	0	0	0	0	0	0	1	1	1	0	0	1	1	0	0	1	0	S
NMDC20554777	0	0	0	0	0	0	0	0	0	1	0	1	0	0	1	1	0	0	1	0	S
NMDC20550793	1	0	0	0	0	0	1	0	0	0	1	1	0	1	1	0	0	0	1	0	S
NMDC20552803	0	0	0	0	0	0	0	0	0	0	1	1	0	1	1	0	0	0	1	0	S
NMDC20582627	0	0	0	0	0	0	0	0	0	0	0	1	0	0	1	1	0	0	1	0	S
NMDC20554797	0	0	0	0	0	0	0	0	0	1	0	1	0	0	1	1	0	0	1	0	S
NMDC20550808	0	0	0	0	0	0	0	0	0	1	0	1	0	0	1	1	0	0	1	0	S
NMDC20552814	0	0	0	0	0	0	0	0	0	1	0	1	0	0	1	1	0	0	1	0	S
NMDC20552816	0	0	0	0	0	0	0	0	0	1	0	1	0	0	1	1	0	0	1	0	S
NMDC20550812	0	0	0	0	0	0	0	0	0	0	1	1	0	0	1	0	0	0	1	0	S
NMDC20582630	1	0	0	0	0	0	0	0	0	1	0	1	0	0	1	1	0	0	1	0	S
NMDC20582632	0	0	0	0	0	0	0	0	0	1	0	1	0	0	1	1	0	0	1	0	S
NMDC20550809	0	0	0	0	0	0	0	0	0	1	0	1	0	0	1	1	0	0	1	0	S
NMDC20582637	1	0	0	0	0	1	0	0	0	1	0	1	0	0	1	1	1	0	1	0	S
NMDC20582638	0	0	0	0	0	0	0	0	0	0	0	0	0	0	1	0	0	0	1	0	S
NMDC20554799	0	0	0	0	0	0	0	0	0	0	0	1	0	0	1	0	0	0	1	0	S
NMDC20582643	0	0	0	0	0	0	0	0	0	1	0	1	0	0	1	1	0	0	1	0	S
NMDC20550816	0	0	0	1	0	0	0	0	0	0	1	1	0	0	1	0	0	0	1	0	S
NMDC20556823	1	1	0	0	0	0	0	0	0	1	0	1	0	0	1	1	0	0	1	0	S
NMDC20552821	0	0	0	0	0	0	0	0	0	1	0	1	0	0	1	1	0	0	1	0	S
NMDC20582647	0	0	0	0	0	0	0	0	0	1	0	1	0	0	1	1	0	0	1	0	S
NMDC20552822	0	0	0	0	0	0	0	0	0	1	0	1	0	0	1	1	0	0	1	0	S
NMDC20552823	0	0	0	0	0	0	0	0	0	1	0	1	0	0	1	1	0	0	1	0	S
NMDC20552825	0	0	0	0	0	0	0	0	0	1	0	1	0	0	1	1	0	0	1	0	S
NMDC20550817	1	0	0	0	0	0	0	0	0	1	0	1	0	0	1	1	0	0	1	0	S
NMDC20554802	0	0	0	0	0	0	0	0	0	1	0	1	0	0	1	1	0	0	1	0	S
NMDC20582651	0	0	0	0	0	0	0	0	0	1	0	1	0	0	1	1	0	0	1	0	S
NMDC20554803	0	0	0	0	0	0	0	0	0	1	0	1	0	0	1	1	0	0	1	0	S
NMDC20550818	0	0	0	0	0	0	0	0	0	1	0	1	0	0	1	1	0	0	1	0	S
NMDC20552827	0	0	0	0	0	0	0	0	0	1	0	0	0	0	1	1	0	0	0	0	S
NMDC20556826	0	0	0	0	0	0	0	0	0	1	0	1	0	0	1	1	0	0	1	0	S
NMDC20550820	0	0	0	1	0	0	0	0	0	0	1	1	0	0	1	0	0	0	1	0	S
NMDC20582656	1	1	1	0	1	0	0	0	0	1	0	1	0	0	1	0	0	0	1	0	S
NMDC20582659	0	0	0	0	0	0	0	0	0	1	0	1	0	0	1	1	0	0	1	0	S
NMDC20582660	0	0	0	0	0	0	0	0	0	1	0	1	0	0	1	1	0	0	1	0	S
NMDC20554820	0	0	0	0	0	0	0	0	0	0	1	1	0	1	1	0	0	0	1	0	S
NMDC20552829	0	0	0	0	0	0	0	0	0	1	0	1	0	0	1	1	0	0	1	0	S
NMDC20556829	1	0	0	0	0	0	0	0	0	1	0	1	0	0	1	1	1	0	1	0	S
NMDC20554807	1	0	0	0	0	1	0	0	0	1	0	1	0	0	1	1	1	0	1	0	S
NMDC20582668	0	0	0	0	0	0	0	0	0	1	1	1	0	0	1	1	0	0	1	0	S
NMDC20552834	0	0	0	0	0	0	0	0	0	1	0	1	0	0	1	1	0	0	1	0	S
NMDC20554811	1	0	0	0	0	0	0	0	0	1	0	1	0	0	1	1	1	0	1	0	S
NMDC20582680	0	0	0	0	0	0	0	0	0	1	0	1	0	0	1	1	0	0	1	0	S
NMDC20554813	0	0	0	0	0	0	0	0	0	1	0	1	0	0	1	1	0	0	1	0	S
NMDC20556834	0	0	0	0	0	0	0	0	0	1	0	1	0	0	1	1	0	0	1	0	S
NMDC20552835	0	0	0	1	0	0	0	0	0	1	0	1	0	0	1	0	0	0	1	0	S
NMDC20550830	1	0	0	0	0	1	0	0	0	1	0	1	0	0	1	1	1	0	1	0	S
NMDC20550831	0	0	0	0	0	0	0	0	0	1	0	1	0	0	1	1	0	0	1	0	S
NMDC20550832	0	0	0	0	0	0	0	0	0	1	0	1	0	0	1	1	0	0	1	0	S
NMDC20552836	0	0	0	0	0	0	0	0	0	1	0	1	0	0	1	1	0	0	1	0	S
NMDC20582683	0	0	0	0	0	0	0	0	0	1	1	1	0	0	1	1	0	0	1	0	S
NMDC20554815	0	0	0	0	0	0	0	0	0	1	0	1	0	0	1	1	0	0	1	0	S
NMDC20556837	0	0	0	0	0	0	0	0	0	1	0	1	0	0	1	1	0	0	1	0	S
NMDC20556838	0	0	0	0	0	0	0	0	0	1	0	1	0	0	1	1	0	0	1	0	S
NMDC20554817	0	0	0	0	0	0	0	0	0	1	0	1	0	0	1	1	0	0	1	0	S
NMDC20582686	0	0	0	0	0	0	0	0	0	1	0	1	0	0	1	1	0	0	1	0	S
NMDC20556839	0	0	0	0	0	0	0	0	0	1	0	1	0	0	1	1	0	0	1	0	S
NMDC20556840	0	0	0	0	0	0	0	0	0	1	0	1	0	0	1	1	0	0	1	0	S
NMDC20582688	1	0	0	0	0	0	1	0	0	1	0	1	1	0	1	1	0	0	1	0	S
NMDC20550834	0	0	0	0	0	0	0	0	0	1	0	1	0	0	1	1	0	0	1	0	S
NMDC20556853	0	0	0	0	0	0	0	0	0	0	1	1	0	1	1	0	0	0	1	0	S
NMDC20582691	0	0	0	0	0	0	0	0	0	1	0	1	0	0	0	1	0	0	1	0	S
NMDC20554822	0	0	0	0	0	0	0	0	0	0	1	1	0	1	1	0	0	0	1	0	S
NMDC20582696	0	0	0	0	0	0	0	0	0	1	0	1	0	0	1	1	0	0	1	0	S
NMDC20582697	0	0	0	0	0	0	0	0	0	1	0	1	0	0	1	1	0	0	1	0	S
NMDC20582698	0	0	0	0	0	0	0	0	0	1	0	1	0	0	1	1	0	0	1	0	S
NMDC20582699	0	0	0	0	0	0	0	0	0	0	1	1	0	1	1	0	0	0	1	0	S
NMDC20582700	0	0	0	0	0	0	0	0	0	0	1	1	0	1	1	0	0	0	1	0	S
NMDC20582703	0	0	0	0	1	0	0	0	0	1	0	1	0	0	1	0	0	0	1	0	S
NMDC20582704	0	0	0	0	0	0	0	0	0	1	0	1	0	0	1	1	0	0	1	0	S
NMDC20582705	0	0	0	0	0	0	0	0	0	0	1	1	0	1	1	0	0	0	1	0	S
NMDC20582706	0	0	0	0	0	0	1	0	0	1	0	1	0	0	1	1	0	0	1	0	S
NMDC20582708	0	0	0	0	0	0	0	0	0	0	0	0	0	0	1	0	0	0	1	0	S
NMDC20582709	0	0	0	0	0	0	0	0	0	1	0	0	0	0	1	1	0	0	0	0	S
NMDC20556844	0	0	0	0	0	0	0	0	0	1	0	1	0	0	1	1	0	0	1	0	S
NMDC20554824	0	0	0	0	0	0	0	0	0	1	0	1	0	0	1	1	0	0	1	0	S
NMDC20554825	1	0	0	0	0	0	1	0	0	1	0	1	0	0	1	1	0	0	1	0	S
NMDC20556847	0	0	0	0	0	0	0	0	0	1	0	1	0	0	1	1	0	0	1	0	S
NMDC20556848	0	0	0	0	0	0	0	0	0	0	1	1	0	1	1	0	0	0	1	0	S
NMDC20582716	1	1	1	0	1	0	0	0	0	1	0	1	0	0	1	0	0	0	1	0	S
NMDC20582717	0	0	0	0	0	0	0	0	0	1	0	1	0	0	1	1	0	0	1	0	S
NMDC20550843	1	0	0	0	0	1	0	0	0	1	0	1	0	0	1	1	1	0	1	0	S
NMDC20582718	0	0	0	0	0	0	0	0	0	0	1	1	0	1	1	0	0	0	1	0	S
NMDC20582720	0	0	0	0	0	0	0	0	0	1	0	0	0	0	1	1	0	0	0	0	S
NMDC20552843	0	0	0	0	0	0	0	0	0	1	0	0	0	0	1	1	0	0	0	0	S
NMDC20554828	1	0	0	0	0	0	1	0	0	1	0	1	0	0	1	1	0	0	1	0	S
NMDC20550844	1	0	0	0	0	0	1	0	0	1	0	1	0	0	1	1	0	0	1	0	S
NMDC20582721	0	0	0	0	0	0	0	0	0	1	0	1	0	0	1	1	0	0	1	0	S
NMDC20554830	0	0	0	0	0	0	0	0	0	1	0	1	0	0	1	1	0	0	1	0	S
NMDC20552846	0	0	0	0	0	1	0	0	0	1	0	1	0	0	1	1	0	0	1	0	S
NMDC20582724	0	0	0	0	0	0	0	0	0	1	0	1	0	0	1	1	0	0	1	0	S
NMDC20556849	1	0	0	0	0	0	1	0	0	1	0	1	0	0	1	1	0	0	1	0	S
NMDC20552847	0	0	0	0	0	0	0	0	0	1	0	1	0	0	1	1	0	0	1	0	S
NMDC20582726	1	1	0	0	0	0	0	0	0	1	0	1	0	0	1	1	0	0	1	0	S
NMDC20550846	1	0	0	0	0	0	0	0	0	1	0	1	0	0	1	1	1	0	1	0	S
NMDC20582727	1	0	0	0	0	0	1	0	0	1	0	1	0	0	1	1	0	0	1	0	S
NMDC20552850	0	0	0	0	0	0	0	0	0	1	0	1	0	0	1	1	0	0	1	0	S
NMDC20554834	0	0	0	0	0	0	0	0	0	0	1	1	0	1	1	0	0	0	1	0	S
NMDC20552854	0	0	0	0	0	0	0	0	0	1	0	1	0	0	1	1	0	0	1	0	S
NMDC20552851	0	0	0	0	0	0	0	0	0	0	1	1	0	1	1	0	0	0	1	0	S
NMDC20552852	0	0	0	0	0	0	0	0	0	1	0	1	0	0	1	1	0	0	1	0	S
NMDC20556852	0	1	0	0	0	1	0	0	0	1	0	1	0	0	0	1	0	0	1	0	S
NMDC20552853	0	0	0	0	0	0	0	0	0	1	0	1	0	0	1	1	0	0	1	0	S
NMDC20552864	0	0	0	0	0	0	0	0	0	1	0	0	0	0	1	1	0	0	0	0	S
NMDC20550847	0	1	0	0	0	1	0	0	0	1	0	1	0	0	0	1	0	0	1	0	S
NMDC20582732	0	0	0	0	0	0	0	0	0	0	1	1	0	1	1	0	0	0	1	0	S
NMDC20556854	0	0	0	0	0	0	0	0	0	1	0	1	0	0	1	1	0	0	1	0	S
NMDC20552856	0	0	0	0	0	0	0	0	0	1	0	1	0	0	1	1	0	0	1	0	S
NMDC20582733	1	0	0	0	0	1	0	0	0	1	0	1	0	0	1	0	1	0	1	0	S
NMDC20552857	0	0	0	0	0	0	0	0	0	1	0	1	0	0	1	1	0	0	1	0	S
NMDC20552858	1	0	0	0	0	0	0	0	0	1	0	1	0	0	1	1	1	0	1	0	S
NMDC20582735	1	0	0	0	0	0	1	0	0	1	0	1	0	0	1	1	0	0	1	0	S
NMDC20582736	0	0	0	0	0	1	0	0	0	1	0	1	0	0	1	1	0	0	1	0	S
NMDC20550848	0	0	0	0	0	0	0	0	0	1	0	1	0	0	1	1	0	0	1	0	S
NMDC20552860	1	0	0	0	0	0	1	0	0	1	0	1	0	0	1	1	0	0	1	0	S
NMDC20552861	1	1	1	0	1	0	0	0	0	1	0	1	0	0	1	0	0	0	1	0	S
NMDC20550850	0	0	0	0	0	0	0	0	0	1	0	1	0	0	1	1	0	0	1	0	S
NMDC20582744	1	1	1	0	0	0	0	0	0	1	0	1	0	0	1	1	0	0	1	0	S
NMDC20556856	1	0	0	1	0	0	0	0	0	0	1	1	0	0	1	0	1	0	1	0	S
NMDC20582745	0	1	0	0	0	1	0	0	0	1	0	1	0	0	0	1	0	0	1	0	S
NMDC20554837	0	0	0	0	1	0	0	0	0	1	0	1	0	0	1	0	0	0	1	0	S
NMDC20582746	0	0	0	1	0	0	0	0	0	1	0	0	0	0	1	1	0	0	1	0	S
NMDC20556858	1	0	0	0	0	0	1	0	0	1	0	1	0	0	1	1	0	0	1	0	S
NMDC20582747	0	0	0	0	0	0	0	0	0	1	0	1	0	0	1	1	0	0	1	0	S
NMDC20582751	0	0	0	0	0	0	0	0	0	1	0	1	0	0	1	1	0	0	1	0	S
NMDC20554838	0	0	0	0	0	0	0	0	0	1	0	1	0	0	1	1	0	0	1	0	S
NMDC20550856	0	0	0	0	0	0	0	0	0	1	0	1	0	0	1	1	0	0	1	0	S
NMDC20554839	1	0	0	0	0	0	0	0	0	1	0	1	0	0	1	1	1	0	1	0	S
NMDC20552865	0	0	0	0	0	0	0	0	0	1	0	1	0	0	1	1	0	0	1	0	S
NMDC20554840	0	0	0	0	0	0	0	0	0	1	0	1	0	0	1	1	0	0	1	0	S
NMDC20582752	0	0	0	0	0	0	0	0	0	1	0	1	0	0	1	1	0	0	1	0	S
NMDC20550857	1	1	1	0	0	0	0	0	0	1	0	1	0	0	1	1	0	0	1	0	S
NMDC20552867	0	0	0	0	0	0	0	0	0	0	0	0	0	0	1	0	0	0	1	0	S
NMDC20552868	0	0	0	0	0	0	0	0	0	1	0	1	0	0	1	0	0	0	1	0	S
NMDC20554841	1	0	0	0	0	1	0	0	0	1	0	1	0	0	0	1	1	0	1	0	S
NMDC20550858	0	0	0	1	0	0	0	0	0	0	1	1	0	0	1	0	0	0	1	0	S
NMDC20556859	0	0	0	0	0	0	0	0	0	1	1	1	0	0	1	1	0	0	1	0	S
NMDC20552869	0	0	0	0	0	0	0	0	0	1	0	1	0	0	1	1	0	0	1	0	S
NMDC20556860	0	0	0	0	0	0	0	0	0	1	0	1	0	0	0	1	0	0	1	0	S
NMDC20550860	0	0	0	0	0	0	0	0	0	1	0	1	0	0	1	1	0	0	1	0	S
NMDC20554844	0	0	0	0	0	0	0	0	0	1	0	1	0	0	1	1	0	0	1	0	S
NMDC20552871	0	0	0	0	0	0	0	0	0	0	1	1	0	0	0	0	0	0	0	0	S
NMDC20554842	0	0	0	0	0	0	0	0	0	1	0	1	0	0	1	1	0	0	1	0	S
NMDC20582755	1	0	0	0	0	0	0	0	0	1	0	1	0	0	1	1	1	0	1	0	S
NMDC20550861	0	0	0	0	0	0	0	0	0	1	0	1	0	0	1	1	0	0	1	0	S
NMDC20582756	0	0	0	0	0	0	0	0	0	1	0	1	0	0	1	1	0	0	1	0	S
NMDC20554843	0	0	0	0	0	0	0	0	0	1	0	1	0	0	1	1	0	0	1	0	S
NMDC20554845	0	0	0	0	0	0	0	0	0	0	1	1	0	0	0	0	0	0	0	0	S
NMDC20550862	0	0	0	0	0	0	0	0	0	1	0	1	0	0	1	1	0	0	1	0	S
NMDC20552873	0	0	0	0	0	0	0	0	0	1	0	1	0	0	1	1	0	0	1	0	S
NMDC20582757	0	0	0	0	0	0	0	0	0	1	0	0	0	0	1	1	0	0	0	0	S
NMDC20554853	1	0	0	0	0	0	1	0	0	1	0	1	0	0	1	1	0	0	1	0	S
NMDC20582758	1	0	0	0	0	0	0	0	0	1	0	1	0	0	1	1	1	0	1	0	S
NMDC20554846	0	0	0	0	0	0	0	0	0	0	1	1	0	1	1	0	0	0	1	0	S
NMDC20552874	0	1	0	0	0	0	0	0	0	1	0	1	0	0	1	1	0	0	1	0	S
NMDC20550863	0	0	0	0	0	0	0	0	0	1	0	1	0	0	1	1	0	0	1	0	S
NMDC20554848	0	0	0	0	0	0	0	0	0	1	0	1	0	0	1	1	0	0	1	0	S
NMDC20582759	0	0	0	0	0	0	0	0	0	1	0	0	0	0	1	1	0	0	0	0	S
NMDC20556863	0	0	0	0	0	0	0	0	0	1	0	1	0	0	1	1	0	0	1	0	S
NMDC20582761	0	0	0	1	0	0	0	0	0	1	0	1	0	0	1	0	0	0	1	0	S
NMDC20582762	0	0	0	0	0	0	0	0	0	1	0	1	0	0	1	1	0	0	1	0	S
NMDC20582763	0	0	0	0	0	0	0	0	0	1	0	1	0	0	1	1	0	0	1	0	S
NMDC20582764	0	0	0	0	0	0	0	0	0	0	1	1	0	1	1	0	0	0	1	0	S
NMDC20552876	0	0	0	0	0	0	0	0	0	1	0	1	0	0	1	1	0	0	1	0	S
NMDC20554849	0	0	0	0	0	0	0	0	0	1	0	1	0	0	1	1	0	0	1	0	S
NMDC20582765	1	0	0	0	0	0	1	0	0	1	0	1	0	0	1	1	0	0	1	0	S
NMDC20550866	0	0	0	0	0	0	0	0	0	1	1	1	0	0	1	1	0	0	1	0	S
NMDC20552878	0	0	0	0	0	0	0	0	0	1	0	1	0	0	1	1	0	0	1	0	S
NMDC20554851	1	0	0	0	0	1	0	0	0	1	0	1	0	0	1	1	1	0	1	0	S
NMDC20552879	0	0	0	0	0	0	0	0	0	1	0	1	0	0	1	1	0	0	1	0	S
NMDC20550867	0	0	0	0	0	0	0	0	0	1	0	1	0	0	1	1	0	0	1	0	S
NMDC20550871	1	0	0	0	0	1	0	0	0	1	0	1	0	0	1	1	1	0	1	0	S
NMDC20550868	0	0	0	0	0	0	0	0	0	0	1	1	0	1	1	0	0	0	1	0	S
NMDC20554852	0	0	0	0	0	0	0	0	0	0	1	1	0	1	1	0	0	0	1	0	S
NMDC20550870	0	0	0	0	0	0	0	0	0	0	1	1	0	1	1	0	0	0	1	0	S
NMDC20582768	0	0	0	0	0	0	0	0	0	1	0	1	0	0	0	1	0	0	1	0	S
NMDC20582769	0	0	0	0	0	0	0	0	0	0	1	1	0	1	1	0	0	0	1	0	S
NMDC20556865	0	0	0	0	0	0	0	0	0	1	0	1	0	0	1	1	0	0	1	0	S
NMDC20582773	0	0	0	0	0	0	0	0	0	0	1	1	0	1	1	0	0	0	1	0	S
NMDC20556868	0	0	0	0	0	0	0	0	0	1	1	1	0	0	1	1	0	0	1	0	S
NMDC20552885	0	0	0	1	0	0	0	0	0	1	0	1	0	0	1	0	0	0	1	0	S
NMDC20550873	0	0	0	0	0	0	0	0	0	1	0	1	0	0	1	1	0	0	1	0	S
NMDC20582775	1	0	0	0	0	0	0	0	0	1	0	1	0	0	1	1	1	0	1	0	S
NMDC20582777	0	0	0	0	0	0	0	0	0	1	1	1	0	0	1	1	0	0	1	0	S
NMDC20582778	0	1	0	0	0	0	0	0	0	1	0	1	0	0	1	1	0	0	1	0	S
NMDC20556869	0	0	0	0	1	0	0	0	0	1	0	0	0	0	0	0	0	0	1	0	S
NMDC20582780	1	0	0	0	0	0	0	0	0	1	0	1	0	0	1	1	1	0	1	0	S
NMDC20556871	1	0	0	0	1	1	0	0	0	1	0	1	0	0	1	0	0	0	1	0	S
NMDC20554855	1	1	0	0	0	1	0	0	0	1	0	1	0	0	1	1	0	0	1	0	S
NMDC20582782	1	0	0	0	0	1	0	0	0	1	0	1	0	0	1	1	1	0	1	0	S
NMDC20582785	0	0	0	0	0	0	0	0	0	0	1	1	0	1	1	0	0	0	1	0	S
NMDC20552893	0	0	0	1	0	0	0	0	0	1	0	1	0	0	1	0	0	0	1	0	S
NMDC20582787	0	0	0	0	0	0	0	0	0	1	0	1	0	0	1	1	0	0	1	0	S
NMDC20554859	1	1	1	0	0	0	0	0	0	1	0	1	0	0	1	1	0	0	1	0	S
NMDC20582789	0	0	0	0	0	0	0	0	0	1	1	1	0	0	1	1	0	0	1	0	S
NMDC20582790	0	0	0	0	0	0	0	0	0	0	0	1	0	0	1	1	0	0	1	0	S
NMDC20552892	0	0	0	0	0	0	0	0	0	1	0	1	0	0	0	1	0	0	1	0	S
NMDC20556873	0	0	0	0	0	0	0	0	0	1	1	1	0	0	1	1	0	0	1	0	S
NMDC20582791	1	1	0	1	0	1	0	0	0	1	0	0	0	0	1	1	0	0	1	0	S
NMDC20582792	0	0	0	0	0	0	0	0	0	1	0	1	0	0	1	0	0	0	0	0	S
NMDC20550877	0	0	0	0	0	0	0	0	0	1	0	1	0	0	1	1	0	0	1	0	S
NMDC20554861	0	0	0	1	0	0	0	0	0	1	0	1	0	0	1	0	0	0	1	0	S
NMDC20554862	0	0	0	0	0	0	0	0	0	1	0	1	0	0	1	1	0	0	1	0	S
NMDC20582794	0	0	0	0	0	0	0	0	0	1	0	1	0	0	1	1	0	0	1	0	S
NMDC20582795	0	0	0	0	0	0	0	0	0	1	0	1	0	0	1	1	0	0	1	0	S
NMDC20582796	0	0	0	0	0	0	0	0	0	1	0	1	0	0	1	1	0	0	1	0	S
NMDC20556874	0	0	0	0	0	0	0	0	0	1	0	1	0	0	1	1	0	0	1	0	S
NMDC20554864	0	0	0	0	0	0	0	0	0	0	1	1	0	1	1	0	0	0	1	0	S
NMDC20556876	1	0	0	0	0	0	0	0	0	1	0	1	0	0	1	1	0	0	1	0	S
NMDC20556877	0	0	0	0	0	0	0	0	0	1	0	1	0	0	0	0	0	0	1	0	S
NMDC20582798	0	0	0	0	0	0	0	0	0	1	0	1	0	0	1	0	0	0	1	0	S
NMDC20582800	0	0	0	0	0	0	0	0	0	1	0	1	0	0	1	1	0	0	1	0	S
NMDC20556878	0	0	0	0	0	0	0	0	0	1	0	1	0	0	1	0	0	0	1	0	S
NMDC20582801	0	0	0	0	0	0	0	0	0	1	0	1	0	0	1	1	0	0	1	0	S
NMDC20582802	1	0	0	1	0	0	0	0	0	0	1	1	0	0	1	0	1	0	1	0	S
NMDC20556920	0	0	0	0	0	0	0	0	0	0	1	1	0	1	1	0	0	0	1	0	S
NMDC20552943	0	0	0	1	0	0	0	0	0	1	1	0	0	0	0	1	0	0	1	0	S
NMDC20582917	0	0	0	0	0	0	0	0	0	0	0	1	0	0	1	0	0	0	1	0	S
NMDC20582918	0	0	0	0	0	0	0	0	0	0	0	1	0	0	1	0	0	0	1	0	S
NMDC20582919	0	0	0	0	0	0	0	0	0	0	1	1	0	1	1	0	0	0	1	0	S
NMDC20582920	0	0	0	0	0	0	0	0	0	1	0	1	0	0	1	1	0	0	1	0	S
NMDC20582922	0	0	0	1	0	0	0	0	0	1	1	0	0	0	0	1	0	0	1	0	S
NMDC20556921	0	0	0	0	0	0	0	0	0	1	0	1	0	0	1	1	0	0	1	0	S
NMDC20552944	0	0	0	0	0	0	0	0	0	1	0	1	0	0	1	0	0	0	1	0	S
NMDC20582924	0	0	0	0	0	0	0	0	0	1	0	1	0	0	1	1	0	0	1	0	S
NMDC20582925	0	0	0	0	0	0	0	0	0	0	1	1	0	0	1	0	0	0	1	0	S
NMDC20552946	0	0	0	0	0	0	0	0	0	1	0	1	0	0	1	1	0	0	1	0	S
NMDC20582928	0	0	0	0	0	0	0	0	0	1	0	1	0	0	1	1	0	0	1	0	S
NMDC20550923	0	0	0	0	0	0	0	0	0	0	1	1	0	1	1	0	0	0	1	0	S
NMDC20550926	0	0	0	0	0	0	0	0	0	1	0	1	0	0	1	1	0	0	1	0	S
NMDC20582934	0	0	0	0	0	0	0	0	0	1	0	1	0	0	1	1	0	0	1	0	S
NMDC20556922	0	0	0	0	0	0	0	0	0	1	0	1	0	0	1	1	0	0	1	0	S
NMDC20554909	1	0	0	0	0	0	0	0	0	1	0	1	0	0	1	1	1	0	1	0	S
NMDC20552949	0	0	0	0	0	0	0	0	0	0	0	1	0	0	1	0	0	0	1	0	S
NMDC20554912	0	1	0	1	0	0	0	1	0	1	0	1	0	0	1	0	0	0	1	0	S
NMDC20550929	0	0	0	0	0	0	0	0	0	1	0	1	0	0	1	1	0	0	1	0	S
NMDC20582940	0	0	0	0	0	0	0	0	0	1	0	1	0	0	1	1	0	0	1	0	S
NMDC20554916	0	0	0	0	0	0	0	0	0	1	0	1	0	0	1	1	0	0	1	0	S
NMDC20582943	0	0	0	0	0	0	0	0	0	0	1	1	0	1	1	0	0	0	1	0	S
NMDC20582945	0	0	0	0	0	0	0	0	0	1	0	1	0	0	1	1	0	0	1	0	S
NMDC20550931	0	0	0	1	0	0	0	0	0	0	0	1	0	0	1	0	0	0	0	0	S
NMDC20554918	0	0	0	0	0	0	0	0	0	1	1	1	0	0	1	1	0	0	1	0	S
NMDC20552952	0	0	0	0	0	0	0	0	0	0	0	1	0	0	1	0	0	0	1	0	S
NMDC20554919	0	0	0	0	0	0	0	0	0	1	0	1	0	0	1	1	0	0	1	0	S
NMDC20582947	0	0	0	1	0	0	0	0	0	0	0	1	0	0	1	0	0	0	0	0	S
NMDC20552953	0	0	0	0	0	0	0	0	0	1	0	1	0	0	1	0	0	0	0	0	S
NMDC20582948	0	0	0	0	0	0	0	0	0	1	0	1	0	0	1	1	0	0	1	0	S
NMDC20554920	1	0	0	1	0	0	1	0	0	1	0	1	0	0	1	0	0	0	1	0	S
NMDC20582950	0	0	0	0	0	0	0	0	0	0	1	1	0	1	1	0	0	0	1	0	S
NMDC20554922	0	0	0	0	0	0	0	0	0	0	1	1	0	1	1	0	0	0	1	0	S
NMDC20582951	0	0	0	1	0	0	0	0	0	0	0	1	0	0	1	0	0	0	0	0	S
NMDC20582952	0	0	0	0	0	0	0	0	0	0	1	1	0	1	1	0	0	0	1	0	S
NMDC20582954	0	0	0	0	0	0	0	0	0	0	1	1	0	1	1	0	0	0	1	0	S
NMDC20582955	0	0	0	0	0	0	0	0	0	0	1	1	0	1	1	0	0	0	1	0	S
NMDC20554923	0	0	0	0	0	0	0	0	0	1	0	1	0	0	1	0	0	0	1	0	S
NMDC20582957	0	0	0	0	0	0	0	0	0	0	0	1	0	0	1	0	0	0	1	0	S
NMDC20554924	0	0	0	1	0	0	0	0	0	1	1	1	0	0	1	0	0	0	1	0	S
NMDC20550932	0	0	0	0	0	0	0	0	0	1	0	1	0	0	1	1	0	0	1	0	S
NMDC20554926	1	0	0	0	0	0	0	0	0	1	0	1	0	0	1	1	0	0	1	0	S
NMDC20550933	1	0	0	0	0	0	0	0	0	1	0	1	0	0	1	1	0	0	1	0	S
NMDC20552957	0	0	0	1	0	0	0	0	0	1	0	1	0	0	1	0	0	0	1	0	S
NMDC20552958	0	0	0	0	0	0	0	0	0	1	0	1	0	0	1	1	0	0	1	0	S
NMDC20582963	0	0	0	0	1	0	0	0	0	0	0	0	0	0	0	0	0	0	1	0	S
NMDC20552959	0	0	0	1	0	0	0	0	0	1	0	1	0	0	1	0	0	0	1	0	S
NMDC20582965	1	0	0	0	0	0	1	0	0	1	0	1	0	0	1	1	0	0	1	0	S
NMDC20552960	0	0	0	0	0	0	0	0	0	1	0	1	0	0	1	0	0	0	0	0	S
NMDC20554929	0	0	0	0	0	0	0	0	0	1	0	1	0	0	1	0	0	0	1	0	S
NMDC20582966	0	0	0	0	0	0	0	0	0	0	0	1	0	0	1	0	0	0	1	0	S
NMDC20582968	1	0	0	0	0	0	0	0	0	0	1	1	0	0	1	0	0	0	1	0	S
NMDC20552964	0	0	0	1	0	0	0	0	0	1	1	0	0	0	0	1	0	0	1	0	S
NMDC20554932	0	0	0	0	0	0	0	0	0	1	0	1	0	0	1	1	0	0	1	0	S
NMDC20552966	1	0	0	1	0	0	0	0	0	0	1	1	0	0	1	0	1	0	1	0	S
NMDC20582972	0	0	0	0	0	0	0	0	0	1	0	1	0	0	1	1	0	0	1	0	S
NMDC20582974	1	1	1	0	1	0	0	0	0	1	0	1	0	0	1	0	0	0	1	0	S
NMDC20582975	0	0	0	0	0	0	0	0	0	1	0	1	0	0	0	0	0	0	0	0	S
NMDC20554933	0	0	0	1	0	0	0	0	0	1	0	1	0	0	0	0	0	0	1	0	S
NMDC20556934	1	0	0	0	1	0	0	0	0	1	0	1	0	0	1	0	0	0	1	0	S
NMDC20552968	0	0	0	0	0	0	0	0	0	0	1	1	0	1	1	0	0	0	1	0	S
NMDC20582979	0	0	0	1	0	0	0	0	0	0	0	1	0	0	1	0	0	0	1	0	S
NMDC20554936	0	0	0	0	0	0	0	0	0	1	0	1	0	0	1	1	0	0	1	0	S
NMDC20550940	0	0	0	0	0	0	0	0	0	1	0	1	0	0	1	1	0	0	1	0	S
NMDC20550941	0	0	0	0	0	0	0	0	0	0	1	1	0	1	1	0	0	0	1	0	S
NMDC20582985	0	0	0	0	0	0	0	0	0	1	0	1	0	0	1	1	0	0	1	0	S
NMDC20556941	0	0	0	0	0	0	0	0	0	1	0	1	0	0	1	1	0	0	1	0	S
NMDC20552972	0	0	0	0	0	0	0	0	0	0	0	1	0	0	1	0	0	0	1	0	S
NMDC20550943	0	0	0	1	1	0	0	0	0	1	1	0	0	0	1	0	0	0	1	0	S
NMDC20552973	0	0	0	0	0	0	0	0	0	0	0	1	0	0	1	0	0	0	1	0	S
NMDC20582986	0	0	0	0	0	0	0	0	0	1	1	1	0	0	1	1	0	0	1	0	S
NMDC20550944	1	0	0	0	0	1	0	0	0	1	0	1	0	0	1	1	1	0	1	0	S
NMDC20582988	0	0	0	0	0	0	0	0	0	1	0	1	0	0	1	1	0	0	1	0	S
NMDC20556944	0	0	0	0	0	0	0	0	0	1	0	1	0	0	1	1	0	0	1	0	S
NMDC20556945	0	0	0	0	0	0	0	0	0	1	1	1	0	0	0	0	0	0	1	0	S
NMDC20556947	0	0	0	1	1	0	0	0	0	1	1	0	0	0	1	0	0	0	1	0	S
NMDC20556948	0	0	0	0	0	0	0	0	0	1	0	1	0	0	0	1	0	0	1	0	S
NMDC20582993	0	0	0	0	0	0	0	0	0	1	0	1	0	0	1	1	0	0	1	0	S
NMDC20550947	0	0	0	0	0	0	0	0	0	1	0	1	0	0	1	1	0	0	1	0	S
NMDC20554938	1	0	0	1	0	0	0	0	0	0	1	1	0	0	1	0	1	0	1	0	S
NMDC20582995	1	0	0	0	0	0	0	0	0	1	0	1	0	0	1	0	0	0	0	0	S
NMDC20554943	0	1	0	1	0	0	0	1	0	1	0	1	0	0	1	0	0	0	1	0	S
NMDC20582998	0	0	0	0	0	0	0	0	0	0	0	1	0	0	1	0	0	0	1	0	S
NMDC20554944	0	0	0	0	1	0	0	0	0	1	0	0	0	0	0	0	0	0	1	0	S
NMDC20550949	0	0	0	0	0	0	0	0	0	1	0	1	0	0	1	1	0	0	1	0	S
NMDC20554945	0	0	0	0	1	0	0	0	0	1	0	0	0	0	0	0	0	0	1	0	S
NMDC20583002	0	0	0	0	0	0	0	0	0	1	1	1	0	0	1	1	0	0	1	0	S
NMDC20554946	0	0	0	0	0	0	0	0	0	1	1	1	0	0	1	1	0	0	1	0	S
NMDC20550951	0	1	0	1	0	0	0	1	0	1	0	1	0	0	1	0	0	0	1	0	S
NMDC20550952	0	0	0	0	0	0	0	0	0	0	0	1	0	0	1	0	0	0	1	0	S
NMDC20583008	0	0	0	0	0	0	0	0	0	0	0	0	0	0	1	0	0	0	1	0	S
NMDC20583009	0	0	0	0	0	0	0	0	0	0	1	1	0	1	1	0	0	0	1	0	S
NMDC20583011	1	0	0	0	0	0	0	0	0	1	1	1	0	0	1	0	0	0	1	0	S
NMDC20556954	0	0	0	0	0	0	0	0	0	0	1	1	0	1	1	0	0	0	1	0	S
NMDC20583013	0	0	0	0	1	0	0	0	0	1	0	1	0	0	0	0	0	0	1	0	S
NMDC20556955	0	0	0	1	0	0	0	0	0	1	1	1	0	0	1	0	0	0	1	0	S
NMDC20583017	0	0	0	0	0	0	0	0	0	1	0	1	0	0	0	1	0	0	1	0	S
NMDC20583018	1	0	0	0	0	0	0	0	0	0	1	1	0	1	1	0	0	0	1	0	S
NMDC20550954	0	0	0	0	1	0	0	0	0	1	0	0	0	0	0	0	0	0	1	0	S
NMDC20583019	0	0	0	0	0	0	0	0	0	1	0	1	0	0	1	0	0	0	0	0	S
NMDC20556956	0	0	0	0	0	0	0	0	0	1	0	1	0	0	1	1	0	0	1	0	S
NMDC20550953	0	0	0	0	1	0	0	0	0	1	0	0	0	0	1	0	0	0	1	0	S
NMDC20583021	0	0	0	0	0	0	0	0	0	0	1	1	0	1	1	0	0	0	1	0	S
NMDC20583022	0	0	0	0	0	0	0	0	0	1	0	1	0	0	1	1	0	0	1	0	S
NMDC20552983	0	0	0	0	0	0	0	0	0	1	0	1	0	0	1	0	0	0	1	0	S
NMDC20554951	1	1	0	0	1	0	0	0	0	1	0	1	0	0	1	0	0	0	1	0	S
NMDC20556960	0	0	0	0	0	0	0	0	0	1	0	1	0	0	1	1	0	0	1	0	S
NMDC20583027	0	0	0	0	0	0	0	0	0	0	1	1	0	1	1	0	0	0	1	0	S
NMDC20556961	0	0	0	0	0	0	0	0	0	0	1	1	0	1	1	0	0	0	1	0	S
NMDC20583028	0	0	0	0	0	0	0	0	0	0	1	1	0	1	1	0	0	0	1	0	S
NMDC20552985	0	0	0	0	0	0	0	0	0	0	1	1	0	1	1	0	0	0	1	0	S
NMDC20583029	0	0	0	0	0	0	0	0	0	0	1	1	0	1	1	0	0	0	1	0	S
NMDC20554954	0	0	0	0	0	0	0	0	0	0	1	1	0	1	1	0	0	0	1	0	S
NMDC20552986	0	0	0	1	0	0	0	0	0	1	0	1	0	0	1	1	0	0	1	0	S
NMDC20550956	0	0	0	1	0	0	0	0	0	1	0	0	0	0	1	1	0	0	1	0	S
NMDC20583031	0	0	0	0	0	0	0	0	0	1	0	1	0	0	1	1	0	0	1	0	S
NMDC20550957	0	0	0	0	1	0	0	0	0	1	0	1	0	0	0	0	0	0	1	0	S
NMDC20552988	1	1	0	0	0	0	0	0	0	1	0	1	0	0	1	1	0	0	1	0	S
NMDC20583034	0	0	0	0	0	0	0	0	0	0	0	1	0	0	1	0	0	0	1	0	S
NMDC20550958	0	0	0	0	0	0	0	0	0	0	0	0	0	0	1	0	0	0	1	0	S
NMDC20556966	0	0	0	0	0	0	0	0	0	1	0	1	0	0	1	1	0	0	1	0	S
NMDC20583036	0	1	0	1	0	0	0	1	0	1	0	1	0	0	1	0	0	0	1	0	S
NMDC20550960	0	0	0	0	0	0	0	0	0	1	0	1	0	0	0	1	0	0	1	0	S
NMDC20583038	1	1	0	0	0	0	0	0	0	1	0	1	0	0	1	1	0	0	1	0	S
NMDC20554959	0	0	0	0	0	0	0	0	0	1	0	1	0	0	1	1	0	0	1	0	S
NMDC20583039	0	0	0	0	0	0	0	0	0	1	0	1	0	0	1	1	0	0	1	0	S
NMDC20556969	1	1	0	0	0	0	0	0	0	1	0	1	0	0	1	1	0	0	1	0	S
NMDC20554961	0	0	0	0	0	0	0	0	0	1	0	1	0	0	0	1	0	0	1	0	S
NMDC20583043	0	0	0	0	0	0	0	0	0	0	0	1	0	0	1	0	0	0	1	0	S
NMDC20583044	0	0	0	0	0	0	0	0	0	0	1	1	0	1	1	0	0	0	1	0	S
NMDC20583046	0	0	0	0	0	0	0	0	0	1	0	1	0	0	1	1	0	0	1	0	S
NMDC20550961	0	0	0	0	0	0	0	0	0	0	1	1	0	1	1	0	0	0	1	0	S
NMDC20583047	0	0	0	0	1	0	0	0	0	1	0	1	0	0	0	0	0	0	1	0	S
NMDC20583049	0	0	0	0	0	0	0	0	0	0	1	1	0	1	1	0	0	0	1	0	S
NMDC20583050	1	0	0	0	0	0	0	0	0	1	0	1	0	0	1	1	0	0	1	0	S
NMDC20552993	0	0	0	0	0	0	0	0	0	1	1	1	0	0	1	1	0	0	1	0	S
NMDC20583051	0	0	0	0	0	0	0	0	0	1	0	1	0	0	1	1	0	0	1	0	S
NMDC20554965	0	0	0	1	0	0	0	0	0	0	1	1	0	0	1	0	0	0	1	0	S
NMDC20554966	0	0	0	0	0	0	0	0	0	1	0	1	0	0	0	0	0	0	0	0	S
NMDC20554967	0	0	0	0	0	0	0	0	0	1	0	1	0	0	1	0	0	0	1	0	S
NMDC20556973	0	0	0	0	1	0	0	0	0	1	0	1	0	0	0	0	0	0	1	0	S
NMDC20554968	0	0	0	1	1	0	0	0	0	1	1	0	0	0	1	0	0	0	1	0	S
NMDC20550963	0	0	0	0	0	0	0	0	0	1	1	1	0	0	1	1	0	0	1	0	S
NMDC20583057	0	0	0	0	0	0	0	0	0	1	1	1	0	0	1	1	0	0	1	0	S
NMDC20556975	0	0	0	0	0	0	0	0	0	1	1	1	0	0	1	1	0	0	1	0	S
NMDC20556976	0	0	0	0	1	0	0	0	0	1	0	1	0	0	1	0	0	0	1	0	S
NMDC20583058	0	0	0	0	0	0	0	0	0	0	0	1	0	0	1	0	0	0	0	0	S
NMDC20552994	0	0	0	1	0	0	0	0	0	0	0	1	0	0	1	0	0	0	0	0	S
NMDC20552995	0	0	0	0	0	0	0	0	0	1	1	1	0	0	1	1	0	0	1	0	S
NMDC20550967	0	0	0	0	1	0	0	0	0	1	0	1	0	0	1	0	0	0	1	0	S
NMDC20556977	0	0	0	0	0	0	0	0	0	0	0	1	0	0	1	0	0	0	1	0	S
NMDC20583061	0	0	0	0	0	0	0	0	0	1	0	1	0	0	1	1	0	0	1	0	S
NMDC20554971	0	0	0	0	0	0	0	0	0	1	0	1	0	0	1	1	0	0	1	0	S
NMDC20554972	0	0	0	0	1	0	0	0	0	1	0	1	0	0	1	0	0	0	1	0	S
NMDC20583063	0	0	0	0	0	0	0	0	0	1	0	1	0	0	1	1	0	0	1	0	S
NMDC20552997	0	0	0	0	0	0	0	0	0	1	0	1	0	0	1	1	0	0	1	0	S
NMDC20583067	0	0	0	0	0	0	0	0	0	1	0	0	0	0	1	1	0	0	0	0	S
NMDC20583068	0	0	0	0	0	0	0	0	0	1	1	1	0	0	1	1	0	0	1	0	S
NMDC20556980	0	0	0	0	0	0	0	0	0	0	0	1	0	0	1	0	0	0	1	0	S
NMDC20583070	0	0	0	0	0	0	0	0	0	1	1	1	0	0	1	1	0	0	1	0	S
NMDC20583074	0	0	0	0	1	0	0	0	0	1	0	0	0	0	0	0	0	0	1	0	S
NMDC20554980	0	0	0	0	0	0	0	0	0	0	1	1	0	1	1	0	0	0	1	0	S
NMDC20553003	1	1	0	1	0	0	0	0	0	0	1	1	0	0	1	0	0	0	0	0	S
NMDC20554979	0	0	0	1	0	0	0	0	0	0	1	1	0	0	1	0	0	0	1	0	S
NMDC20550970	0	0	0	0	0	0	0	0	0	1	1	1	0	0	1	1	0	0	1	0	S
NMDC20550971	0	0	0	0	0	0	0	0	0	0	1	0	0	0	1	1	0	0	0	0	S
NMDC20553004	0	0	0	0	0	0	0	0	0	1	1	1	0	0	1	1	0	0	1	0	S
NMDC20583077	0	0	0	0	0	0	0	0	0	0	0	1	0	0	1	0	0	0	1	0	S
NMDC20550972	0	0	0	1	0	0	0	0	0	1	0	1	0	0	1	0	0	0	1	0	S
NMDC20583078	0	0	0	0	0	0	0	0	0	1	0	1	0	0	1	1	0	0	1	0	S
NMDC20583079	0	0	0	0	0	0	0	0	0	1	1	1	0	0	1	1	0	0	1	0	S
NMDC20554981	0	0	0	0	0	0	0	0	0	1	0	1	0	0	1	1	0	0	1	0	S
NMDC20556982	0	0	0	0	1	0	0	0	0	1	0	1	0	0	0	0	0	0	1	0	S
NMDC20583081	0	0	0	0	0	0	0	0	0	1	0	1	0	0	0	1	0	0	1	0	S
NMDC20553012	0	0	0	1	0	0	1	0	0	1	0	1	0	0	1	0	0	0	1	0	S
NMDC20554982	0	0	0	0	0	0	0	0	0	0	1	1	0	0	1	0	0	0	1	0	S
NMDC20583092	0	0	0	1	1	0	0	0	0	1	0	0	0	0	1	1	0	0	1	0	S
NMDC20550974	0	0	0	0	0	0	0	0	0	1	0	1	0	0	1	1	0	0	1	0	S
NMDC20554984	1	0	0	0	0	0	0	0	0	1	0	1	0	0	1	1	0	0	1	0	S
NMDC20556985	0	0	0	0	0	0	0	0	0	1	0	1	0	0	1	1	0	0	1	0	S
NMDC20583094	0	0	0	0	0	0	0	0	0	0	1	1	0	1	1	0	0	0	1	0	S
NMDC20553013	0	0	0	0	0	0	0	0	0	1	0	1	0	0	1	1	0	0	1	0	S
NMDC20583096	0	0	0	0	0	0	0	0	0	1	0	1	0	0	1	1	0	0	1	0	S
NMDC20583097	0	0	0	0	0	0	0	0	0	1	1	1	0	0	1	1	0	0	1	0	S
NMDC20583101	0	0	0	0	0	0	0	0	0	1	1	1	0	0	1	1	0	0	1	0	S
NMDC20556990	0	0	0	1	1	0	0	0	0	1	0	0	0	0	1	1	0	0	1	0	S
NMDC20583106	0	0	0	0	0	0	0	0	0	0	1	1	0	1	1	0	0	0	1	0	S
NMDC20583107	0	0	0	0	1	0	0	0	0	1	0	1	0	0	0	0	0	0	1	0	S
NMDC20583110	0	0	0	0	1	0	0	0	0	1	0	0	0	0	0	0	0	0	1	0	S
NMDC20583112	1	0	0	0	0	0	0	0	0	1	0	1	0	0	1	1	0	0	1	0	S
NMDC20553017	0	0	0	0	1	0	0	0	0	0	0	0	0	0	1	0	0	0	1	0	S
NMDC20550980	0	0	0	0	0	0	0	0	0	1	0	1	0	0	1	1	0	0	1	0	S
NMDC20553015	0	0	0	0	0	0	0	0	0	0	1	1	0	1	1	0	0	0	1	0	S
NMDC20556991	0	0	0	0	0	0	0	0	0	1	0	1	0	0	1	0	0	0	1	0	S
NMDC20583119	0	0	0	0	0	0	0	0	0	1	0	1	0	0	1	1	0	0	1	0	S
NMDC20550983	1	1	0	1	0	0	0	0	0	0	1	1	0	0	1	0	0	0	0	0	S
NMDC20583121	1	1	0	0	0	0	0	0	0	1	0	1	0	0	1	1	0	0	1	0	S
NMDC20556992	0	0	0	0	0	0	0	0	0	1	0	1	0	0	1	1	0	0	1	0	S
NMDC20550981	0	0	0	0	0	0	0	0	0	1	0	1	0	0	1	1	0	0	1	0	S
NMDC20583122	0	0	0	0	0	0	0	0	0	1	0	1	0	0	1	1	0	0	1	0	S
NMDC20550982	0	0	0	0	0	0	0	0	0	0	0	0	0	0	1	0	0	0	1	0	S
NMDC20583124	0	0	0	0	0	0	0	0	0	1	0	1	0	0	1	1	0	0	1	0	S
NMDC20550985	0	0	0	0	0	0	0	0	0	1	0	1	0	0	1	1	0	0	1	0	S
NMDC20550987	0	0	0	0	0	0	0	0	0	1	0	1	0	0	1	1	0	0	1	0	S
NMDC20553022	1	0	0	0	0	0	0	0	0	0	1	1	0	1	1	0	0	0	1	0	S
NMDC20553024	0	0	0	0	0	0	0	0	0	1	0	1	0	0	1	1	0	0	1	0	S
NMDC20554994	1	0	0	0	0	0	0	0	0	1	0	1	0	0	1	1	0	0	1	0	S
NMDC20554995	0	0	0	0	0	0	0	0	0	1	0	1	0	0	1	0	0	0	1	0	S
NMDC20583128	0	0	0	0	0	0	0	0	0	1	0	1	0	0	0	1	0	0	1	0	S
NMDC20556996	1	0	0	0	0	0	1	0	0	1	0	1	0	0	1	1	0	0	1	0	S
NMDC20554996	1	0	0	0	0	0	0	0	0	1	0	1	0	0	1	1	0	0	1	0	S
NMDC20550991	0	0	0	0	0	0	0	0	0	1	0	1	0	0	1	1	0	0	1	0	S
NMDC20583132	1	0	0	1	0	0	0	0	0	0	0	1	0	0	1	0	0	0	0	0	S
NMDC20553026	1	1	0	1	0	0	1	1	0	1	0	1	0	0	1	0	0	0	1	0	S
NMDC20583133	0	0	0	0	0	0	0	0	0	1	1	1	0	0	1	1	0	0	1	0	S
NMDC20583135	0	0	0	0	1	0	0	0	0	0	0	0	0	0	1	0	0	0	1	0	S
NMDC20550995	0	0	0	0	0	0	1	0	0	1	0	1	0	0	1	1	0	0	1	0	S
NMDC20550997	1	0	0	0	0	0	0	0	0	1	0	1	0	0	1	1	0	0	1	0	S
NMDC20553025	1	0	0	0	0	0	0	0	0	1	0	1	0	0	1	1	0	0	1	0	S
NMDC20583136	0	0	0	1	1	0	0	0	0	1	0	0	0	0	1	1	0	0	1	0	S
NMDC20554997	1	0	0	0	0	0	0	0	0	1	0	1	0	0	1	1	0	0	1	0	S
NMDC20557000	0	0	0	1	0	0	0	0	0	1	1	1	0	0	1	0	0	0	1	0	S
NMDC20583140	0	0	0	0	0	0	0	0	0	1	1	1	0	0	1	1	0	0	1	0	S
NMDC20553028	0	0	0	0	0	0	0	0	0	1	0	1	0	0	1	0	0	0	1	0	S
NMDC20557001	0	0	0	1	1	0	0	0	0	1	0	0	0	0	1	1	0	0	0	0	S
NMDC20555000	0	0	0	0	0	0	0	0	0	1	0	1	0	0	1	1	0	0	1	0	S
NMDC20555001	0	0	0	0	0	0	0	0	0	1	0	1	0	0	1	1	0	0	1	0	S
NMDC20583144	1	0	0	0	0	0	1	0	0	1	0	1	1	0	1	1	0	0	1	0	S
NMDC20583145	0	0	0	1	0	0	1	0	0	1	0	1	0	0	1	0	0	0	1	0	S
NMDC20583146	0	0	0	0	0	0	0	0	0	1	0	1	0	0	1	1	0	0	1	0	S
NMDC20553029	0	0	0	0	0	0	0	0	0	0	0	1	0	0	1	0	0	0	1	0	S
NMDC20583149	1	0	0	0	0	0	1	0	0	1	0	1	1	0	1	1	0	0	1	0	S
NMDC20553032	0	0	0	0	0	0	0	0	0	1	1	1	0	0	1	1	0	0	1	0	S
NMDC20583150	0	0	0	0	0	0	0	0	0	0	0	1	0	0	1	0	0	0	1	0	S
NMDC20583151	0	0	0	0	0	0	0	0	0	1	0	1	0	0	1	1	0	0	1	0	S
NMDC20555005	0	0	0	0	0	0	0	0	0	0	1	1	0	1	1	0	0	0	1	0	S
NMDC20583152	1	1	0	0	0	0	0	0	0	1	0	1	0	0	1	1	0	0	1	0	S
NMDC20551003	1	1	0	1	0	0	0	1	0	1	0	1	0	0	1	0	0	0	1	0	S
NMDC20583154	1	0	0	0	0	0	1	0	0	1	0	1	0	0	1	1	0	0	1	0	S
NMDC20557004	0	0	0	0	1	0	0	0	0	1	0	1	0	0	1	0	0	0	1	0	S
NMDC20551004	0	0	0	0	0	0	0	0	0	1	0	1	0	0	1	1	0	0	1	0	S
NMDC20555008	0	0	0	0	0	0	0	0	0	0	1	1	0	1	1	0	0	0	1	0	S
NMDC20551008	1	0	0	0	0	1	0	0	0	1	0	1	0	0	1	0	1	0	1	0	S
NMDC20553035	0	0	0	0	0	0	0	0	0	1	0	1	0	0	1	1	0	0	1	0	S
NMDC20551006	1	0	0	0	0	0	1	0	0	1	0	1	1	0	1	1	0	0	1	0	S
NMDC20557006	0	0	0	0	0	0	0	0	0	1	0	1	0	0	1	1	0	0	1	0	S
NMDC20583159	0	0	0	0	0	0	0	0	0	1	1	1	0	0	1	1	0	0	1	0	S
NMDC20583160	0	0	0	0	0	0	0	0	0	1	0	1	0	0	1	1	0	0	1	0	S
NMDC20583161	0	0	0	0	0	0	0	0	0	1	0	1	0	0	1	1	0	0	1	0	S
NMDC20583163	0	1	0	0	0	0	0	0	0	1	0	1	0	0	1	1	0	0	1	0	S
NMDC20583164	0	0	0	0	0	0	0	0	0	1	0	1	0	0	1	1	0	0	1	0	S
NMDC20551009	0	0	0	0	0	0	0	0	0	1	0	1	0	0	1	1	0	0	1	0	S
NMDC20583165	0	0	0	0	0	0	0	0	0	1	0	1	0	0	1	1	0	0	1	0	S
NMDC20583167	0	0	0	0	0	0	0	0	0	1	0	1	0	0	0	1	0	0	1	0	S
NMDC20583169	0	0	0	0	0	0	0	0	0	1	0	1	0	0	1	1	0	0	1	0	S
NMDC20555010	0	0	0	0	0	0	0	0	0	1	0	1	0	0	1	1	0	0	1	0	S
NMDC20583174	0	0	0	0	0	0	0	0	0	1	0	1	0	0	0	1	0	0	1	0	S
NMDC20583175	0	0	0	0	0	0	0	0	0	1	0	1	0	0	1	1	0	0	1	0	S
NMDC20583176	0	0	0	0	0	0	0	0	0	1	1	1	0	0	1	1	0	0	1	0	S
NMDC20557010	1	0	0	0	0	0	0	0	0	1	0	1	0	0	1	1	0	0	1	0	S
NMDC20583179	1	1	0	0	0	0	0	0	0	1	0	1	0	0	1	1	0	0	1	0	S
NMDC20553040	1	0	0	0	0	0	1	0	0	1	0	1	1	0	1	1	0	0	1	0	S
NMDC20551013	0	0	0	0	0	0	0	0	0	0	1	1	0	1	1	0	0	0	1	0	S
NMDC20583180	0	0	0	0	0	0	0	0	0	1	0	1	0	0	1	1	0	0	1	0	S
NMDC20551012	0	0	0	0	0	0	0	0	0	0	0	1	0	0	1	0	0	0	1	0	S
NMDC20553042	0	0	0	0	0	0	0	0	0	1	0	1	0	0	1	1	0	0	1	0	S
NMDC20551014	1	1	0	0	0	0	0	0	0	1	0	1	0	0	1	1	0	0	1	0	S
NMDC20557012	1	1	0	0	0	0	0	0	0	1	0	1	0	0	1	1	0	0	1	0	S
NMDC20557013	0	0	0	0	0	0	0	0	0	1	0	1	0	0	1	1	0	0	1	0	S
NMDC20553044	0	0	0	0	0	0	0	0	0	1	0	1	0	0	1	0	0	0	1	0	S
NMDC20553045	1	0	0	0	0	0	0	0	0	1	0	1	0	0	1	1	0	0	1	0	S
NMDC20555017	1	0	0	0	0	0	0	0	0	1	0	1	0	0	1	1	0	0	1	0	S
NMDC20583183	1	0	0	0	0	0	0	0	0	1	0	1	0	0	1	1	0	0	1	0	S
NMDC20555019	0	0	0	0	0	0	0	0	0	1	0	1	0	0	1	1	0	0	1	0	S
NMDC20557016	0	0	0	1	0	0	0	0	0	0	0	1	0	0	1	0	0	0	1	0	S
NMDC20557017	0	0	0	0	0	0	0	0	0	0	0	1	0	0	1	0	0	0	1	0	S
NMDC20583187	0	0	0	0	0	0	0	0	0	0	1	1	0	1	1	0	0	0	1	0	S
NMDC20553048	0	0	0	0	0	0	0	0	0	1	1	1	0	0	1	1	0	0	1	0	S
NMDC20551018	1	0	0	0	0	0	0	0	0	1	0	1	0	0	1	1	1	0	1	0	S
NMDC20553051	0	0	0	0	0	0	0	0	0	0	1	1	0	1	1	0	0	0	1	0	S
NMDC20551019	0	0	0	0	0	0	0	0	0	1	0	1	0	0	1	1	0	0	1	0	S
NMDC20555020	0	0	0	0	0	0	0	0	0	1	0	1	0	0	1	1	0	0	0	0	S
NMDC20551020	0	0	0	0	0	0	0	0	0	0	1	1	0	1	1	0	0	0	1	0	S
NMDC20557020	0	0	0	0	0	0	0	0	0	0	1	1	0	1	1	0	0	0	1	0	S
NMDC20551024	0	0	0	0	0	0	0	0	0	1	1	1	0	0	1	1	0	0	1	0	S
NMDC20551021	0	0	0	0	0	0	0	0	0	1	0	1	0	0	1	1	0	0	1	0	S
NMDC20553056	0	0	0	0	0	0	0	0	0	1	1	1	0	0	1	1	0	0	1	0	S
NMDC20551025	0	0	0	0	0	0	0	0	0	0	1	1	0	1	1	0	0	0	1	0	S
NMDC20583193	0	0	0	0	0	0	0	0	0	1	1	1	0	0	1	1	0	0	1	0	S
NMDC20553057	0	0	0	0	0	0	0	0	0	1	1	1	0	0	1	1	0	0	1	0	S
NMDC20555022	0	0	0	1	1	0	0	0	0	1	1	0	0	0	1	0	0	0	1	0	S
NMDC20553059	0	0	0	0	0	0	0	0	0	1	0	1	0	0	1	1	0	0	1	0	S
NMDC20583196	1	0	0	1	0	0	0	0	0	1	0	1	0	0	1	0	0	0	1	0	S
NMDC20557025	0	0	0	0	0	0	0	0	0	1	1	1	0	0	1	1	0	0	1	0	S
NMDC20553061	1	0	0	0	0	0	1	0	0	1	0	1	1	0	1	1	0	0	1	0	S
NMDC20583199	0	0	0	0	0	0	0	0	0	1	1	1	0	0	1	1	0	0	1	0	S
NMDC20555026	0	0	0	0	0	0	0	0	0	1	0	1	0	0	1	1	0	0	1	0	S
NMDC20555027	0	0	0	0	0	0	0	0	0	1	1	1	0	0	1	1	0	0	1	0	S
NMDC20555028	0	0	0	0	0	0	0	0	0	1	1	1	0	0	1	1	0	0	1	0	S
NMDC20583204	0	0	0	0	0	0	0	0	0	1	0	1	0	0	1	0	0	0	0	0	S
NMDC20583205	0	0	0	0	0	0	0	0	0	0	1	1	0	1	1	0	0	0	1	0	S
NMDC20583206	0	0	0	0	0	0	0	0	0	1	1	1	0	0	1	1	0	0	1	0	S
NMDC20555029	0	0	0	0	0	0	0	0	0	1	0	1	0	0	1	1	0	0	1	0	S
NMDC20551028	1	1	0	0	0	0	0	0	0	1	1	1	0	0	1	1	0	0	1	0	S
NMDC20555030	0	0	0	0	0	0	0	0	0	1	1	1	0	0	1	1	0	0	1	0	S
NMDC20553063	0	0	0	0	0	0	0	0	0	1	1	1	0	0	1	1	0	0	1	0	S
NMDC20557030	0	0	0	1	1	0	0	0	0	1	0	0	0	0	1	1	0	0	1	0	S
NMDC20583208	0	0	0	0	0	0	0	0	0	1	1	1	0	0	1	1	0	0	1	0	S
NMDC20583209	0	0	0	0	0	0	0	0	0	1	1	1	0	0	1	1	0	0	1	0	S
NMDC20583210	0	0	0	0	0	0	0	0	0	1	0	1	0	0	1	1	0	0	1	0	S
NMDC20555032	0	0	0	0	0	0	0	0	0	1	0	0	0	0	1	1	0	0	0	0	S
NMDC20557031	1	0	0	0	0	1	0	0	0	1	0	1	0	0	1	1	0	0	1	0	S
NMDC20583212	1	1	0	0	0	0	0	0	0	1	0	0	0	0	1	1	0	1	0	0	S
NMDC20551029	0	0	0	0	0	0	0	0	0	1	0	1	0	0	1	1	0	0	1	0	S
NMDC20583215	1	0	0	0	0	0	0	0	0	1	1	1	0	0	1	0	0	0	1	0	S
NMDC20551031	1	0	0	0	0	1	0	0	0	1	0	1	0	0	1	1	1	0	1	0	S
NMDC20555035	0	0	0	0	0	0	0	0	0	1	1	1	0	0	1	1	0	0	1	0	S
NMDC20557035	0	0	0	0	0	0	0	0	0	1	1	1	0	0	1	1	0	0	1	0	S
NMDC20555036	0	0	0	0	0	0	0	0	0	1	1	1	0	0	1	1	0	0	1	0	S
NMDC20583217	0	0	0	0	0	0	0	0	0	1	0	1	0	0	1	0	0	0	1	0	S
NMDC20555038	0	0	0	0	0	0	0	0	0	0	0	1	0	0	1	0	0	0	1	0	S
NMDC20557037	1	1	0	0	0	0	0	0	0	1	0	1	0	0	1	1	0	0	1	0	S
NMDC20553071	0	0	0	0	0	0	0	0	0	1	1	1	0	0	1	1	0	0	1	0	S
NMDC20557038	0	0	0	0	0	0	0	0	0	1	0	1	0	0	1	1	0	0	1	0	S
NMDC20557040	0	0	0	0	0	0	0	0	0	1	1	1	0	0	1	1	0	0	1	0	S
NMDC20551036	1	0	0	0	0	0	0	0	0	1	0	1	0	0	1	1	0	0	1	0	S
NMDC20557041	0	0	0	0	0	0	0	0	0	1	0	1	0	0	1	1	0	0	1	0	S
NMDC20557042	0	0	0	0	0	0	0	0	0	1	1	1	0	0	1	1	0	0	1	0	S
NMDC20583223	0	1	0	0	0	0	0	0	0	1	0	1	0	0	1	1	0	0	1	0	S
NMDC20583227	0	0	0	1	1	0	0	0	0	1	1	0	0	0	1	0	0	0	1	0	S
NMDC20583230	0	0	0	0	0	0	0	0	0	0	1	1	0	1	1	0	0	0	1	0	S
NMDC20553074	0	0	0	0	0	0	0	0	0	0	0	1	0	0	1	0	0	0	1	0	S
NMDC20583231	0	0	0	0	0	0	0	0	0	1	1	1	0	0	1	1	0	0	1	0	S
NMDC20557043	0	0	0	0	0	0	0	0	0	1	1	1	0	0	1	1	0	0	1	0	S
NMDC20583233	0	1	0	0	0	0	0	0	0	1	0	1	0	0	1	0	0	0	1	0	S
NMDC20557044	1	0	0	0	0	0	0	0	0	1	0	1	0	0	1	1	0	0	1	0	S
NMDC20557045	1	0	0	0	0	0	1	0	0	1	0	1	0	0	1	1	0	0	1	0	S
NMDC20583239	0	0	0	1	0	0	1	0	0	1	0	1	0	0	1	0	0	0	1	0	S
NMDC20557047	0	0	0	0	0	0	0	0	0	0	0	1	0	0	1	0	0	0	1	0	S
NMDC20583241	0	0	0	0	1	0	0	0	0	1	0	0	0	0	1	0	0	0	1	0	S
NMDC20583243	1	0	0	0	1	0	0	0	0	1	0	1	0	0	1	0	1	0	1	0	S
NMDC20557051	0	0	0	0	1	0	0	0	0	1	0	1	0	0	0	0	0	0	1	0	S
NMDC20555045	0	0	0	0	1	0	0	0	0	1	0	1	0	0	0	0	0	0	1	0	S
NMDC20557053	0	0	0	0	0	0	0	0	0	1	0	1	0	0	1	1	0	0	1	0	S
NMDC20583247	0	0	0	0	0	0	0	0	0	0	1	1	0	1	1	0	0	0	1	0	S
NMDC20583249	0	0	0	0	0	0	0	0	0	1	0	1	0	0	1	1	0	0	1	0	S
NMDC20557055	0	0	0	0	0	0	0	0	0	1	0	1	0	0	1	1	0	0	1	0	S
NMDC20553082	0	0	0	0	0	0	0	0	0	1	1	1	0	0	1	1	0	0	1	0	S
NMDC20555046	0	0	0	1	0	0	0	0	0	0	1	1	0	0	1	0	0	0	0	0	S
NMDC20583250	0	0	0	0	0	0	0	0	0	1	0	1	0	0	1	1	0	0	1	0	S
NMDC20551045	0	0	0	0	0	0	0	0	0	1	0	1	0	0	1	0	0	0	1	0	S
NMDC20557056	0	0	0	1	0	0	1	0	0	1	0	1	0	0	1	0	0	0	1	0	S
NMDC20553084	0	0	0	1	0	0	0	0	0	0	1	1	0	0	1	0	0	0	1	0	S
NMDC20555049	0	0	0	0	0	0	0	0	0	0	1	1	0	0	1	0	0	0	1	0	S
NMDC20551047	0	0	0	0	0	0	0	0	0	1	0	1	0	0	1	1	0	0	1	0	S
NMDC20583256	0	0	0	0	0	0	0	0	0	1	0	1	0	0	1	1	0	0	1	0	S
NMDC20555048	0	0	0	0	0	0	0	0	0	1	0	1	0	0	1	1	0	0	1	0	S
NMDC20557058	0	0	0	0	0	0	0	0	0	1	0	1	0	0	1	1	0	0	1	0	S
NMDC20583259	0	0	0	0	0	0	0	0	0	1	1	1	0	0	1	1	0	0	1	0	S
NMDC20557057	0	0	0	0	0	0	0	0	0	1	1	1	0	0	1	1	0	0	1	0	S
NMDC20557062	0	0	0	0	0	0	0	0	0	0	1	1	0	1	1	0	0	0	1	0	S
NMDC20551050	1	0	0	1	0	0	0	0	0	0	0	1	0	0	1	0	0	0	0	0	S
NMDC20553089	0	0	0	0	0	0	0	0	0	1	0	1	0	0	1	1	0	0	1	0	S
NMDC20557059	1	0	0	0	0	0	0	0	0	1	0	1	0	0	1	1	0	0	1	0	S
NMDC20557060	0	0	0	0	0	0	0	0	0	1	1	1	0	0	1	1	0	0	1	0	S
NMDC20555051	0	0	0	1	0	0	0	0	0	1	0	1	0	0	1	0	0	0	1	0	S
NMDC20557061	0	0	0	0	1	0	0	0	0	1	0	1	0	0	1	0	0	0	1	0	S
NMDC20583261	0	0	0	0	0	0	0	0	0	0	0	0	0	0	1	0	0	0	1	0	S
NMDC20551053	0	0	0	0	0	0	0	0	0	0	1	1	0	1	1	0	0	0	1	0	S
NMDC20583262	0	0	0	1	0	0	0	0	0	1	0	1	0	0	1	0	0	0	1	0	S
NMDC20583263	0	0	0	0	0	0	0	0	0	1	1	1	0	0	1	1	0	0	1	0	S
NMDC20555053	0	0	0	1	0	0	0	0	0	1	0	1	0	0	1	0	0	0	1	0	S
NMDC20583264	0	0	0	0	0	0	0	0	0	1	0	1	0	0	1	1	0	0	1	0	S
NMDC20555055	0	0	0	0	0	0	0	0	0	1	0	1	0	0	1	1	0	0	1	0	S
NMDC20551055	0	0	0	0	0	0	0	0	0	1	0	1	0	0	1	1	0	0	1	0	S
NMDC20583268	0	0	0	0	0	0	0	0	0	0	0	0	0	0	1	0	0	0	1	0	S
NMDC20553090	1	0	0	0	0	0	0	0	0	1	0	1	0	0	1	1	0	0	1	0	S
NMDC20553092	0	0	0	0	0	0	0	0	0	1	1	1	0	0	1	0	0	0	1	0	S
NMDC20583270	0	0	0	0	0	0	0	0	0	1	1	1	0	0	1	1	0	0	1	0	S
NMDC20551057	1	0	0	0	0	0	0	0	0	1	0	1	0	0	1	1	0	0	1	0	S
NMDC20583272	0	0	0	0	0	0	0	0	0	1	0	1	0	0	1	1	0	0	1	0	S
NMDC20557067	0	0	0	0	0	0	0	0	0	1	0	1	0	0	1	1	0	0	1	0	S
NMDC20583273	0	0	0	0	0	0	0	0	0	1	0	1	1	0	1	1	0	0	1	0	S
NMDC20553093	0	0	0	0	0	0	0	0	0	1	1	1	0	0	1	1	0	0	1	0	S
NMDC20583275	0	0	0	0	0	0	0	0	0	1	0	1	0	0	1	1	0	0	1	0	S
NMDC20583276	0	0	0	0	0	0	0	0	0	1	0	1	0	0	1	1	0	0	1	0	S
NMDC20555057	0	0	0	0	0	0	0	0	0	1	0	1	0	0	1	1	0	0	1	0	S
NMDC20583279	0	0	0	0	0	0	0	0	0	1	0	1	0	0	1	1	0	0	1	0	S
NMDC20557070	0	0	0	0	0	0	0	0	0	0	1	1	0	1	1	0	0	0	1	0	S
NMDC20583280	1	1	0	0	0	0	0	0	0	1	0	1	0	0	1	1	0	0	1	0	S
NMDC20583282	0	0	0	0	0	0	0	0	0	1	0	1	0	0	1	1	0	0	1	0	S
NMDC20553095	0	0	0	0	0	1	0	0	0	1	0	1	0	0	1	1	0	0	1	0	S
NMDC20553096	0	0	0	0	1	0	0	0	0	1	0	0	0	0	0	0	0	0	1	0	S
NMDC20551066	0	0	0	0	0	0	0	0	0	0	1	1	0	1	1	0	0	0	1	0	S
NMDC20551063	0	0	0	1	1	0	0	0	0	1	0	0	0	0	1	1	0	0	1	0	S
NMDC20555058	0	0	0	0	0	0	0	0	0	1	1	1	0	0	1	1	0	0	1	0	S
NMDC20551061	0	0	0	0	0	0	0	0	0	1	0	1	0	0	0	1	0	0	1	0	S
NMDC20551062	0	0	0	0	0	0	0	0	0	1	1	1	0	0	1	1	0	0	1	0	S
NMDC20583286	0	0	0	0	0	0	0	0	0	1	1	1	0	0	1	1	0	0	1	0	S
NMDC20583287	0	0	0	0	0	0	0	0	0	1	1	1	0	0	1	1	0	0	1	0	S
NMDC20553097	0	0	0	0	0	0	0	0	0	1	1	1	0	0	1	1	0	0	1	0	S
NMDC20555059	0	1	0	0	0	0	0	0	0	1	0	1	0	0	1	1	0	0	1	0	S
NMDC20583289	0	0	0	0	0	0	0	0	0	0	1	1	0	1	1	0	0	0	1	0	S
NMDC20551065	0	0	0	0	0	0	0	0	0	1	0	1	0	0	1	1	0	0	1	0	S
NMDC20583290	0	0	0	0	0	0	0	0	0	0	0	1	0	0	1	0	0	0	1	0	S
NMDC20583291	0	0	0	0	1	0	0	0	0	1	0	1	0	0	0	0	0	0	1	0	S
NMDC20583292	0	0	0	0	0	0	0	0	0	1	1	1	0	0	1	1	0	0	1	0	S
NMDC20583293	0	0	0	0	0	0	0	0	0	1	1	1	0	0	1	1	0	0	1	0	S
NMDC20553099	0	1	0	0	0	0	0	0	0	1	1	1	0	0	1	1	0	0	1	0	S
NMDC20557075	1	0	0	0	0	0	0	0	0	1	0	1	0	0	1	1	0	0	1	0	S
NMDC20557074	0	0	0	0	0	0	0	0	0	1	0	1	0	0	0	1	0	0	1	0	S
NMDC20551069	0	0	0	0	0	0	0	0	0	0	1	1	0	1	1	0	0	0	1	0	S
NMDC20551070	0	0	0	0	0	0	0	0	0	1	0	1	0	0	0	1	0	0	1	0	S
NMDC20551071	0	0	0	0	0	0	0	0	0	0	1	1	0	1	1	0	0	0	1	0	S
NMDC20557076	0	0	0	0	0	0	0	0	0	1	0	1	0	0	1	1	0	0	1	0	S
NMDC20553102	1	1	0	0	0	0	0	0	0	1	0	1	0	0	1	1	0	0	1	0	S
NMDC20555063	0	0	0	0	0	0	0	0	0	0	1	1	0	1	1	0	0	0	1	0	S
NMDC20583300	0	0	0	0	0	0	0	0	0	0	1	1	0	1	1	0	0	0	1	0	S
NMDC20555064	0	0	0	0	0	0	0	0	0	0	1	1	0	1	1	0	0	0	1	0	S
NMDC20557078	0	0	0	0	0	0	0	0	0	0	1	1	0	1	1	0	0	0	1	0	S
NMDC20583304	0	0	0	0	0	0	0	0	0	1	0	1	0	0	1	1	0	0	1	0	S
NMDC20555066	0	0	0	0	0	0	0	0	0	0	1	1	0	1	1	0	0	0	1	0	S
NMDC20557080	0	0	0	0	0	0	0	0	0	0	1	1	0	1	1	0	0	0	1	0	S
NMDC20557081	0	0	0	0	0	0	0	0	0	1	0	1	0	0	1	1	0	0	1	0	S
NMDC20557083	0	0	0	0	1	0	0	0	0	1	0	1	0	0	0	0	0	0	1	0	S
NMDC20555067	0	0	0	0	0	0	0	0	0	0	0	1	0	0	0	1	0	0	1	0	S
NMDC20583307	1	0	0	0	0	1	0	0	0	1	0	1	0	0	1	1	1	0	1	0	S
NMDC20551074	0	0	0	0	0	0	0	0	0	0	1	1	0	1	1	0	0	0	1	0	S
NMDC20583308	0	0	0	0	0	0	0	0	0	0	1	1	0	1	1	0	0	0	1	0	S
NMDC20553108	0	0	0	0	0	0	0	0	0	1	0	1	0	0	1	1	0	0	1	0	S
NMDC20555068	1	0	0	0	0	0	1	0	0	1	0	1	1	0	1	1	0	0	1	0	S
NMDC20583309	0	0	0	0	0	0	0	0	0	0	0	1	0	0	0	1	0	0	1	0	S
NMDC20557084	0	0	0	0	0	0	0	0	0	0	0	0	0	0	1	0	0	0	1	0	S
NMDC20555069	0	0	0	0	0	0	0	0	0	0	1	1	0	1	1	0	0	0	1	0	S
NMDC20555071	0	0	0	0	0	0	0	0	0	1	0	1	0	0	1	1	0	0	1	0	S
NMDC20557087	0	0	0	0	0	0	0	0	0	1	0	1	0	0	1	1	0	0	1	0	S
NMDC20557088	0	0	0	0	0	0	0	0	0	1	0	1	0	0	1	1	0	0	1	0	S
NMDC20557110	1	0	0	0	0	0	0	0	0	0	0	1	0	0	1	0	0	0	1	0	S
NMDC20555078	0	0	0	0	0	0	0	0	0	1	0	1	0	0	1	1	0	0	1	0	S
NMDC20553115	0	0	0	0	0	0	0	0	0	0	1	1	0	1	1	0	0	0	1	0	S
NMDC20553116	1	0	0	1	0	0	0	0	0	0	0	1	0	0	1	0	0	0	0	0	S
NMDC20583355	0	0	0	1	0	0	0	0	0	1	0	1	0	0	1	1	0	0	1	0	S
NMDC20551080	0	0	0	0	0	0	0	0	0	0	1	1	0	1	1	0	0	0	1	0	S
NMDC20583358	0	0	0	0	0	0	0	0	0	0	1	1	0	1	1	0	0	0	1	0	S
NMDC20583359	1	0	0	0	1	0	0	0	0	1	0	1	0	0	1	0	0	0	1	0	S
NMDC20583360	0	0	0	0	0	0	0	0	0	1	0	1	0	0	1	1	0	0	1	0	S
NMDC20583361	0	1	0	1	0	0	0	1	0	1	0	1	0	0	1	0	0	0	1	0	S
NMDC20557095	0	0	0	0	0	0	0	0	0	0	0	1	0	0	1	0	0	0	1	0	S
NMDC20551083	0	0	0	0	0	0	0	0	0	1	1	1	0	0	1	1	0	0	1	0	S
NMDC20551084	0	0	0	1	0	1	0	0	0	0	1	1	0	0	1	0	0	0	1	0	S
NMDC20583366	0	0	0	0	0	0	0	0	0	1	0	1	0	0	1	1	0	0	1	0	S
NMDC20583367	0	0	0	1	0	0	0	0	0	1	0	0	0	0	0	1	0	0	1	0	S
NMDC20555081	1	1	0	1	0	0	0	0	0	1	0	1	0	0	1	1	0	0	1	0	S
NMDC20553120	0	0	0	0	0	0	0	0	0	0	1	1	0	1	1	0	0	0	1	0	S
NMDC20583371	0	0	0	0	0	0	0	0	0	0	1	1	0	1	1	0	0	0	1	0	S
NMDC20583372	0	0	0	0	0	0	0	0	0	0	1	1	0	1	1	0	0	0	1	0	S
NMDC20583373	0	0	0	0	0	0	0	0	0	0	1	1	0	1	1	0	0	0	1	0	S
NMDC20583374	0	0	0	0	0	0	0	0	0	0	0	1	0	0	1	0	0	0	1	0	S
NMDC20557098	0	0	0	0	0	0	0	0	0	0	1	1	0	1	1	0	0	0	1	0	S
NMDC20557099	0	0	0	0	0	0	0	0	0	0	0	1	0	0	1	0	0	0	1	0	S
NMDC20583376	1	0	0	1	0	0	0	0	0	0	0	1	0	0	1	0	0	0	0	0	S
NMDC20583378	0	0	0	0	0	0	0	0	0	1	0	1	0	0	1	1	0	0	1	0	S
NMDC20555083	0	0	0	0	0	0	0	0	0	1	0	1	0	0	1	0	0	0	1	0	S
NMDC20551086	0	0	0	0	0	0	0	0	0	1	0	1	0	0	1	1	0	0	1	0	S
NMDC20557101	0	0	0	0	0	0	0	0	0	1	0	1	0	0	1	1	0	0	1	0	S
NMDC20553121	0	0	0	1	1	0	0	0	0	1	0	0	0	0	1	1	0	0	0	0	S
NMDC20551087	0	0	0	0	0	0	0	0	0	1	0	1	0	0	1	0	0	0	0	0	S
NMDC20583380	0	0	0	0	0	0	0	0	0	0	1	1	0	1	1	0	0	0	1	0	S
NMDC20551088	0	0	0	0	0	0	0	0	0	1	0	1	0	0	1	1	0	0	1	0	S
NMDC20583381	0	0	0	0	0	0	0	0	0	1	0	1	0	0	1	1	0	0	1	0	S
NMDC20555087	1	0	0	0	0	1	0	0	0	1	0	1	0	0	1	1	1	0	1	0	S
NMDC20553124	0	0	0	0	0	0	0	0	0	1	0	1	0	0	1	1	0	0	1	0	S
NMDC20551090	0	0	0	0	0	0	0	0	0	1	0	1	0	0	1	1	0	0	1	0	S
NMDC20551091	1	1	0	1	0	0	0	0	0	1	0	1	0	0	1	0	0	0	1	0	S
NMDC20555089	0	1	0	1	0	0	0	0	0	1	0	1	0	0	1	0	0	0	1	0	S
NMDC20553125	0	1	0	1	0	0	0	0	0	1	0	1	0	0	1	0	0	0	1	0	S
NMDC20551092	0	0	0	1	0	0	0	0	0	0	0	1	0	0	1	0	0	0	0	0	S
NMDC20557105	0	0	0	0	0	0	0	0	0	0	1	1	0	1	1	0	0	0	1	0	S
NMDC20553129	0	0	0	0	0	0	0	0	0	1	0	1	0	0	1	1	0	0	1	0	S
NMDC20557107	0	0	0	0	0	0	0	0	0	1	0	1	0	0	1	1	0	0	1	0	S
NMDC20583392	0	0	0	0	0	0	0	0	0	1	0	1	0	0	1	1	0	0	1	0	S
NMDC20583393	0	0	0	1	0	0	0	0	0	0	1	1	0	0	1	0	0	0	1	0	S
NMDC20557108	0	0	0	1	0	0	0	0	0	1	0	1	0	0	1	0	0	0	0	0	S
NMDC20555093	0	0	0	0	0	0	0	0	0	1	1	1	0	0	1	1	0	0	1	0	S
NMDC20551095	0	0	0	0	0	0	0	0	0	1	1	1	0	0	1	1	0	0	1	0	S
NMDC20583398	0	0	0	0	0	0	0	0	0	1	1	1	0	0	1	1	0	0	1	0	S
NMDC20555095	0	0	0	0	0	0	0	0	0	0	1	1	0	1	1	0	0	0	1	0	S
NMDC20551097	0	0	0	0	0	0	0	0	0	0	1	1	0	1	1	0	0	0	1	0	S
NMDC20553133	0	0	0	0	0	0	0	0	0	0	1	1	0	1	1	0	0	0	1	0	S
NMDC20583400	0	0	0	0	0	0	0	0	0	0	1	1	0	1	1	0	0	0	1	0	S
NMDC20583401	1	1	0	1	0	0	0	0	0	0	1	1	0	0	1	0	0	0	0	0	S
NMDC20583402	0	0	0	0	0	0	0	0	0	1	0	1	0	0	1	1	0	0	1	0	S
NMDC20583403	0	0	0	0	0	0	0	0	0	0	1	1	0	1	1	0	0	0	1	0	S
NMDC20551099	0	0	0	0	0	0	0	0	0	1	0	1	0	0	1	1	0	0	1	0	S
NMDC20583404	0	0	0	0	0	0	0	0	0	1	0	1	0	0	1	1	0	0	1	0	S
NMDC20557111	0	0	0	0	0	0	0	0	0	0	1	1	0	1	1	0	0	0	1	0	S
NMDC20553135	0	0	0	0	0	0	0	0	0	0	0	1	0	0	1	0	0	0	1	0	S
NMDC20583406	0	0	0	0	1	0	0	0	0	1	0	1	0	0	0	0	0	0	1	0	S
NMDC20583407	0	0	0	1	0	0	0	0	0	0	1	1	0	0	1	0	0	0	0	0	S
NMDC20583409	0	0	0	0	0	0	0	0	0	0	0	1	0	0	1	0	0	0	1	0	S
NMDC20553134	0	0	0	1	0	0	0	0	0	0	0	1	0	0	1	0	0	0	0	0	S
NMDC20555100	0	0	0	0	0	0	0	0	0	1	0	1	0	0	1	1	0	0	1	0	S
NMDC20555102	0	0	0	1	0	0	0	0	0	1	0	0	0	0	1	1	0	0	1	0	S
NMDC20555103	0	0	0	1	0	0	0	0	0	0	1	1	0	0	1	0	0	0	1	0	S
NMDC20555105	0	0	0	0	0	0	0	0	0	1	0	1	0	0	1	1	0	0	1	0	S
NMDC20555107	0	0	0	0	0	0	0	0	0	1	0	1	0	0	1	1	0	0	1	0	S
NMDC20557113	0	0	0	0	0	0	0	0	0	1	0	1	0	0	1	1	0	0	1	0	S
NMDC20583412	0	0	0	0	0	0	0	0	0	1	0	1	0	0	1	0	0	0	1	0	S
NMDC20551102	0	1	0	1	0	0	0	1	0	1	0	1	0	0	1	0	0	0	1	0	S
NMDC20551103	0	0	0	0	0	0	0	0	0	1	0	1	0	0	1	1	0	0	1	0	S
NMDC20583416	0	0	0	1	0	0	0	0	0	1	0	1	0	0	1	0	0	0	1	0	S
NMDC20583418	0	0	0	0	0	0	0	0	0	1	1	1	0	0	1	1	0	0	1	0	S
NMDC20583419	0	0	0	0	1	0	0	0	0	1	0	1	0	0	1	0	0	0	1	0	S
NMDC20583420	0	0	0	0	0	0	0	0	0	0	1	1	0	1	1	0	0	0	1	0	S
NMDC20551104	0	0	0	0	0	0	0	0	0	0	1	1	0	1	1	0	0	0	1	0	S
NMDC20555108	0	0	0	0	0	0	0	0	0	1	0	1	0	0	1	0	0	0	1	0	S
NMDC20583422	1	0	0	1	0	0	0	0	0	1	0	1	0	0	1	0	0	0	1	0	S
NMDC20583423	1	0	0	1	0	0	0	0	0	1	0	1	0	0	1	0	0	0	1	0	S
NMDC20583424	1	0	0	1	0	0	0	0	0	1	0	1	0	0	1	0	0	0	1	0	S
NMDC20583425	0	0	0	0	0	0	0	0	0	1	0	1	0	0	1	1	0	0	1	0	S
NMDC20583426	0	0	0	0	0	0	0	0	0	0	1	1	0	1	1	0	0	0	1	0	S
NMDC20583428	1	0	0	1	0	0	0	0	0	1	0	1	0	0	1	0	0	0	1	0	S
NMDC20553138	0	0	0	0	0	0	0	0	0	0	1	1	0	1	1	0	0	0	1	0	S
NMDC20555109	0	0	0	0	0	0	0	0	0	0	1	1	0	1	1	0	0	0	1	0	S
NMDC20555110	0	0	0	0	0	0	0	0	0	0	1	1	0	1	1	0	0	0	1	0	S
NMDC20583430	0	0	0	0	0	0	0	0	0	0	1	1	0	1	1	0	0	0	1	0	S
NMDC20583431	1	0	0	0	0	0	0	0	0	1	0	1	0	0	1	0	0	0	1	0	S
NMDC20551105	0	0	0	0	0	0	0	0	0	0	1	1	0	1	1	0	0	0	1	0	S
NMDC20583432	0	0	0	0	0	0	0	0	0	0	1	1	0	1	1	0	0	0	1	0	S
NMDC20551106	0	0	0	0	0	0	0	0	0	0	1	1	0	1	1	0	0	0	1	0	S
NMDC20583436	1	0	0	1	0	0	0	0	0	1	0	1	0	0	1	0	0	0	1	0	S
NMDC20557118	1	0	0	0	0	0	0	0	0	0	0	1	0	0	1	0	0	0	1	0	S
NMDC20557116	0	0	0	0	1	0	0	0	0	1	0	1	0	0	0	0	0	0	1	0	S
NMDC20583438	1	0	0	0	0	0	0	0	0	1	1	1	0	0	1	0	0	0	1	0	S
NMDC20583439	0	0	0	0	0	0	0	0	0	1	1	1	0	0	1	1	0	0	1	0	S
NMDC20583440	0	0	0	0	0	0	0	0	0	0	1	1	0	1	1	0	0	0	1	0	S
NMDC20553141	1	0	0	0	0	0	0	0	0	0	1	1	0	1	1	0	0	0	1	0	S
NMDC20557117	0	0	0	1	0	0	0	0	0	0	0	1	0	0	1	0	0	0	0	0	S
NMDC20557119	0	0	0	0	0	0	0	0	0	0	1	1	0	1	1	0	0	0	1	0	S
NMDC20583444	1	0	0	1	0	0	0	0	0	0	0	1	0	0	1	0	0	0	0	0	S
NMDC20555111	0	0	0	0	0	0	0	0	0	1	0	1	0	0	1	1	0	0	1	0	S
NMDC20557120	0	0	0	0	0	0	0	0	0	0	1	1	0	1	1	0	0	0	1	0	S
NMDC20557121	0	0	0	1	0	0	0	0	0	0	0	1	0	0	1	0	0	0	0	0	S
NMDC20551107	0	0	0	0	0	0	0	0	0	0	1	1	0	1	1	0	0	0	1	0	S
NMDC20557122	0	0	0	0	0	0	0	0	0	0	1	1	0	1	1	0	0	0	1	0	S
NMDC20555112	0	0	0	0	0	0	0	0	0	1	0	1	0	0	1	1	0	0	1	0	S
NMDC20583445	1	0	0	0	0	0	0	0	0	1	0	1	0	0	1	1	1	0	1	0	S
NMDC20583446	0	0	0	0	0	0	0	0	0	1	0	1	0	0	1	1	0	0	1	0	S
NMDC20553145	0	0	0	0	0	0	0	0	0	0	1	1	0	1	1	0	0	0	1	0	S
NMDC20551110	0	0	0	0	0	0	0	0	0	0	1	1	0	1	1	0	0	0	1	0	S
NMDC20555113	0	0	0	0	0	0	0	0	0	1	0	1	0	0	1	1	0	0	1	0	S
NMDC20557123	1	0	0	0	0	0	0	0	0	1	1	1	0	0	1	0	0	0	1	0	S
NMDC20551112	0	0	0	0	0	0	0	0	0	1	0	1	0	0	1	1	0	0	1	0	S
NMDC20557124	0	0	0	0	0	0	0	0	0	0	1	1	0	1	1	0	0	0	1	0	S
NMDC20557125	0	0	0	0	0	0	0	0	0	0	1	1	0	1	1	0	0	0	1	0	S
NMDC20557126	0	0	0	0	0	0	0	0	0	1	0	1	0	0	1	1	0	0	1	0	S
NMDC20555115	1	0	0	0	0	1	0	0	0	1	0	1	0	0	1	1	1	0	1	0	S
NMDC20553147	1	0	0	0	0	1	0	0	0	1	0	1	0	0	0	1	1	0	1	0	S
NMDC20557129	0	0	0	0	0	0	0	0	0	0	1	1	0	1	1	0	0	0	1	0	S
NMDC20583450	0	0	0	0	0	0	0	0	0	0	0	1	0	0	1	0	0	0	1	0	S
NMDC20553149	0	0	0	0	0	0	0	0	0	1	0	1	0	0	1	1	0	0	1	0	S
NMDC20555117	0	0	0	1	0	1	0	0	0	0	1	1	0	0	1	0	0	0	1	0	S
NMDC20553150	0	0	0	0	0	0	0	0	0	1	1	1	0	0	1	1	0	0	1	0	S
NMDC20583451	0	0	0	0	0	0	0	0	0	0	1	1	0	1	1	0	0	0	1	0	S
NMDC20583453	0	0	0	0	0	0	0	0	0	1	0	1	0	0	1	1	0	0	1	0	S
NMDC20583454	0	1	0	0	0	0	0	0	0	1	0	1	0	0	1	1	0	0	1	0	S
NMDC20583456	0	0	0	0	0	0	0	0	0	0	0	1	0	0	1	0	0	0	1	0	S
NMDC20553151	0	0	0	0	0	0	0	0	0	0	1	1	0	1	1	0	0	0	1	0	S
NMDC20555120	0	0	0	0	0	0	0	0	0	1	0	1	0	0	1	1	0	0	1	0	S
NMDC20553152	0	0	0	1	0	0	0	0	0	1	0	1	0	0	1	1	0	0	1	0	S
NMDC20583459	0	0	0	1	0	0	0	0	0	1	0	1	0	0	1	1	0	0	1	0	S
NMDC20551119	0	0	0	0	0	0	0	0	0	1	0	1	0	0	1	1	0	0	1	0	S
NMDC20583461	1	1	0	0	0	0	0	0	0	1	0	1	0	0	1	1	0	0	1	0	S
NMDC20583462	0	0	0	0	0	0	0	0	0	1	0	1	0	0	1	1	0	0	1	0	S
NMDC20551121	0	0	0	0	0	0	0	0	0	0	1	1	0	1	1	0	0	0	1	0	S
NMDC20555124	0	0	0	0	0	0	0	0	0	1	0	1	0	0	1	1	0	0	1	0	S
NMDC20583464	1	0	0	0	0	1	0	0	0	1	0	1	0	0	1	1	1	0	1	0	S
NMDC20551122	0	0	0	0	0	0	0	0	0	1	0	1	0	0	1	1	0	0	1	0	S
NMDC20555122	1	0	0	1	0	0	0	0	0	1	0	1	0	0	1	0	0	0	1	0	S
NMDC20583465	0	0	0	0	0	0	0	0	0	0	1	1	0	1	1	0	0	0	1	0	S
NMDC20553153	0	0	0	1	0	0	0	0	0	0	0	1	0	0	1	0	0	0	0	0	S
NMDC20583466	0	0	0	0	0	0	0	0	0	1	1	1	0	0	1	1	0	0	1	0	S
NMDC20553156	1	0	0	0	0	0	0	0	0	1	0	1	0	0	1	1	0	0	1	0	S
NMDC20551124	0	0	0	0	0	0	0	0	0	0	1	1	0	1	1	0	0	0	1	0	S
NMDC20583469	0	0	0	0	0	0	0	0	0	1	0	1	0	0	1	1	0	0	1	0	S
NMDC20553157	0	0	0	0	0	0	0	0	0	1	0	0	0	0	1	1	0	0	0	0	S
NMDC20583470	0	0	0	0	0	0	0	0	0	0	1	1	0	0	1	0	0	0	1	0	S
NMDC20583471	0	0	0	0	0	0	0	0	0	0	1	1	0	1	1	0	0	0	1	0	S
NMDC20583472	0	0	0	0	0	0	0	0	0	0	1	1	0	1	1	0	0	0	1	0	S
NMDC20551126	1	0	0	0	0	1	0	0	0	1	0	1	0	0	1	1	1	0	1	0	S
NMDC20555126	0	0	0	0	0	0	0	0	0	0	1	1	0	1	1	0	0	0	1	0	S
NMDC20553158	0	1	0	0	0	0	0	0	1	0	1	1	0	1	1	0	0	0	1	1	S
NMDC20553159	0	0	0	0	0	0	0	0	0	0	1	1	0	1	1	0	0	0	1	0	S
NMDC20583475	0	0	0	0	0	0	0	0	0	1	1	1	0	0	1	1	0	0	1	0	S
NMDC20551127	1	1	0	0	0	0	0	0	0	1	0	1	0	0	1	0	0	1	1	0	S
NMDC20583476	0	0	0	1	0	0	0	0	0	1	0	0	0	0	1	1	0	0	1	0	S
NMDC20557138	0	0	0	0	0	0	0	0	0	1	0	1	0	0	1	0	0	0	1	0	S
NMDC20551128	1	0	0	0	1	0	0	0	0	1	0	1	0	0	1	0	0	0	1	0	S
NMDC20551129	1	1	0	0	0	0	0	0	0	1	0	1	0	0	1	0	0	1	1	0	S
NMDC20583480	0	0	0	0	0	0	0	0	0	0	1	1	0	1	1	0	0	0	1	0	S
NMDC20583481	0	0	0	0	0	0	0	0	0	0	1	1	0	1	1	0	0	0	1	0	S
NMDC20551131	0	0	0	0	0	0	0	0	0	0	1	1	0	1	1	0	0	0	1	0	S
NMDC20551132	0	0	0	0	0	0	0	0	0	0	0	0	0	0	1	0	0	0	1	0	S
NMDC20553160	0	0	0	0	0	0	0	0	0	0	1	1	0	1	1	0	0	0	1	0	S
NMDC20551133	1	0	0	0	0	1	0	0	0	1	0	1	0	0	1	1	1	0	1	0	S
NMDC20583486	1	0	0	0	0	0	0	0	0	1	0	1	0	0	1	1	0	0	1	0	S
NMDC20551134	0	0	0	0	0	0	0	0	0	1	0	1	0	0	1	1	0	0	1	0	S
NMDC20583488	0	0	0	0	0	0	0	0	0	1	0	1	0	0	1	1	0	0	1	0	S
NMDC20583489	0	0	0	1	0	0	0	0	0	0	1	1	0	0	1	0	0	0	1	0	S
NMDC20583490	0	0	0	0	0	0	0	0	0	1	0	1	0	0	1	1	0	0	0	0	S
NMDC20557142	0	0	0	0	0	0	0	0	0	1	0	1	0	0	1	1	0	0	1	0	S
NMDC20551135	0	0	0	0	0	0	0	0	0	1	0	1	0	0	1	1	0	0	1	0	S
NMDC20583491	0	0	0	0	0	0	0	0	0	1	0	1	0	0	1	1	0	0	1	0	S
NMDC20583492	0	0	0	0	0	0	0	0	0	1	0	1	0	0	1	1	0	0	1	0	S
NMDC20553162	0	0	0	0	0	0	0	0	0	0	1	1	0	0	1	0	0	0	1	0	S
NMDC20551136	0	0	0	0	0	0	0	0	0	0	1	1	0	0	1	0	0	0	1	0	S
NMDC20583495	0	0	0	0	0	0	0	0	0	0	1	1	0	1	1	0	0	0	1	0	S
NMDC20551138	0	0	0	0	1	0	0	0	0	0	0	0	0	0	0	0	0	0	1	0	S
NMDC20583497	0	1	0	0	0	0	0	0	1	0	1	1	0	1	1	0	0	0	1	1	S
NMDC20583498	0	0	0	0	0	0	0	0	0	1	0	1	0	0	1	1	0	0	1	0	S
NMDC20555133	0	0	0	0	0	0	0	0	0	1	0	1	0	0	1	1	0	0	1	0	S
NMDC20553164	0	0	0	0	0	0	0	0	0	1	0	1	0	0	1	1	0	0	1	0	S
NMDC20555135	0	0	0	0	0	0	0	0	0	1	0	1	0	0	1	1	0	0	1	0	S
NMDC20583503	1	0	0	0	0	0	1	0	0	1	0	1	1	0	1	1	0	0	1	0	S
NMDC20557145	0	0	0	0	0	0	0	0	0	1	0	1	0	0	1	1	0	0	1	0	S
NMDC20583504	0	0	0	0	0	0	0	0	0	1	1	1	0	0	1	1	0	0	1	0	S
NMDC20555140	1	0	0	0	0	0	0	0	0	1	0	1	0	0	1	1	0	0	1	0	S
NMDC20553167	0	0	0	1	0	0	0	0	0	1	0	1	0	0	1	0	0	0	1	0	S
NMDC20557148	0	0	0	0	0	0	0	0	0	1	0	1	0	0	1	1	0	0	1	0	S
NMDC20557149	0	0	0	0	0	0	0	0	0	1	0	1	0	0	0	1	0	0	1	0	S
NMDC20557150	0	0	0	0	0	0	0	0	0	1	0	1	0	0	1	1	0	0	1	0	S
NMDC20557151	0	0	0	1	0	0	0	0	0	1	0	1	0	0	1	0	0	0	1	0	S
NMDC20583507	1	0	0	0	0	0	0	0	0	1	1	1	0	0	1	0	0	0	1	0	S
NMDC20551139	0	0	0	0	0	0	0	0	0	1	0	1	0	0	1	1	0	0	1	0	S
NMDC20555144	0	0	0	0	0	0	0	0	0	1	0	1	0	0	1	1	0	0	1	0	S
NMDC20583509	0	1	0	0	0	0	0	0	1	0	1	1	0	1	1	0	0	0	1	1	S
NMDC20583511	0	0	0	0	0	0	0	0	0	1	0	1	0	0	1	1	0	0	1	0	S
NMDC20555145	0	0	0	0	0	0	0	0	0	1	0	1	0	0	1	1	0	0	1	0	S
NMDC20553170	0	0	0	0	0	0	0	0	0	1	0	1	0	0	1	1	0	0	1	0	S
NMDC20557152	0	0	0	0	0	0	0	0	0	1	0	1	0	0	1	1	0	0	1	0	S
NMDC20555150	0	0	0	0	0	0	0	0	0	1	1	1	0	0	1	1	0	0	1	0	S
NMDC20553171	0	0	0	1	0	0	0	0	0	0	0	1	0	0	1	0	0	0	0	0	S
NMDC20557153	0	0	0	1	0	0	0	0	0	1	0	1	0	0	0	0	0	0	1	0	S
NMDC20551144	0	0	0	0	0	0	0	0	0	1	0	1	0	0	1	1	0	0	1	0	S
NMDC20553174	0	0	0	0	0	0	0	0	0	1	0	1	0	0	1	1	0	0	1	0	S
NMDC20553175	0	0	0	1	0	0	0	0	0	1	0	1	0	0	1	0	0	0	1	0	S
NMDC20583516	0	0	0	0	0	0	0	0	0	1	0	1	0	0	1	1	0	0	1	0	S
NMDC20583517	1	0	0	0	1	0	0	0	0	1	0	1	0	0	1	0	0	0	1	0	S
NMDC20555155	0	0	0	0	1	0	0	0	0	1	0	1	0	0	1	0	0	0	1	0	S
NMDC20557154	0	0	0	0	0	0	0	0	0	1	0	1	0	0	1	1	0	0	1	0	S
NMDC20557155	0	0	0	0	0	0	0	0	0	1	1	1	0	0	1	1	0	0	1	0	S
NMDC20583520	0	0	0	0	0	0	0	0	0	1	0	1	0	0	1	1	0	0	1	0	S
NMDC20583521	0	0	0	0	0	0	0	0	0	1	0	1	0	0	1	1	0	0	1	0	S
NMDC20583523	0	0	0	0	0	0	0	0	0	0	0	1	0	0	1	0	0	0	1	0	S
NMDC20583524	0	0	0	0	0	0	0	0	0	1	0	1	0	0	1	1	0	0	1	0	S
NMDC20583525	0	0	0	0	0	0	0	0	0	1	0	1	0	0	1	1	0	0	1	0	S
NMDC20583526	1	0	0	0	0	0	0	0	0	1	0	1	0	0	1	1	0	0	1	0	S
NMDC20553181	0	0	0	0	0	0	0	0	0	1	0	1	0	0	1	1	0	0	1	0	S
NMDC20551147	0	0	0	0	0	0	0	0	0	0	1	1	0	1	1	0	0	0	1	0	S
NMDC20555156	1	0	0	1	0	0	0	0	0	1	0	0	0	0	0	1	0	0	1	0	S
NMDC20557158	0	0	0	1	0	0	0	0	0	0	1	1	0	0	1	0	0	0	1	0	S
NMDC20551148	0	0	0	0	0	0	0	0	0	1	0	1	0	0	1	1	0	0	1	0	S
NMDC20555157	0	0	0	0	0	0	0	0	0	1	0	1	0	0	1	1	0	0	1	0	S
NMDC20555158	1	0	0	0	0	0	0	0	0	1	0	1	0	0	1	1	0	0	1	0	S
NMDC20583529	0	0	0	0	0	0	0	0	0	0	0	1	0	0	1	0	0	0	1	0	S
NMDC20553184	1	0	0	0	0	0	1	0	0	1	0	1	0	0	1	1	0	0	1	0	S
NMDC20557160	0	0	0	0	0	0	0	0	0	1	0	1	0	0	1	1	0	0	1	0	S
NMDC20551152	0	0	0	0	0	0	0	0	0	1	0	1	0	0	1	1	0	0	1	0	S
NMDC20555160	0	0	0	0	0	0	0	0	0	1	0	1	0	0	1	1	0	0	1	0	S
NMDC20555161	0	0	0	0	0	0	0	0	0	0	1	1	0	1	1	0	0	0	1	0	S
NMDC20583532	0	0	0	0	0	0	0	0	0	0	1	1	0	1	1	0	0	0	1	0	S
NMDC20553186	1	0	0	0	0	0	0	0	0	1	0	1	0	0	1	1	0	0	1	0	S
NMDC20557161	1	1	0	0	0	0	0	0	0	1	1	1	0	0	1	1	0	0	1	0	S
NMDC20583536	0	0	0	0	1	0	0	0	0	1	0	0	0	0	0	0	0	0	1	0	S
NMDC20551155	0	0	0	1	0	0	0	0	0	0	0	1	0	0	1	0	0	0	0	0	S
NMDC20583539	0	0	0	0	0	0	0	0	0	0	1	1	0	1	1	0	0	0	1	0	S
NMDC20551157	0	0	0	0	0	0	0	0	0	0	0	1	0	0	1	0	0	0	1	0	S
NMDC20583540	0	0	0	0	0	0	0	0	0	1	1	1	0	0	1	1	0	0	1	0	S
NMDC20583541	0	0	0	1	0	0	0	0	0	1	0	0	0	0	0	1	0	0	1	0	S
NMDC20583542	0	0	0	1	0	0	0	0	0	1	0	1	0	0	1	0	0	0	1	0	S
NMDC20553189	0	0	0	0	0	0	0	0	0	0	1	1	0	1	1	0	0	0	1	0	S
NMDC20555165	0	0	0	0	0	0	0	0	0	1	1	1	0	0	1	1	0	0	1	0	S
NMDC20583543	0	0	0	0	0	0	0	0	0	1	1	1	0	0	1	1	0	0	1	0	S
NMDC20555166	0	0	0	1	0	0	0	0	0	1	0	1	0	0	0	0	0	0	1	0	S
NMDC20583545	0	0	0	1	0	0	0	0	0	0	1	1	0	0	1	0	0	0	1	0	S
NMDC20555168	0	0	0	0	0	0	0	0	0	1	0	1	0	0	1	1	0	0	1	0	S
NMDC20557167	0	0	0	1	0	0	0	0	0	1	0	0	0	0	1	1	0	0	1	0	S
NMDC20583546	0	0	0	0	0	0	0	0	0	1	0	1	0	0	1	1	0	0	1	0	S
NMDC20553191	0	0	0	0	0	0	0	0	0	1	0	1	0	0	1	1	0	0	1	0	S
NMDC20551159	1	0	0	0	0	0	0	0	0	1	0	1	0	0	1	1	1	0	1	0	S
NMDC20557168	1	0	0	0	0	0	0	0	0	1	0	1	0	0	1	1	0	0	1	0	S
NMDC20557169	0	0	0	0	0	0	0	0	0	0	0	1	0	0	1	0	0	0	1	0	S
NMDC20555170	1	0	0	0	0	0	0	0	0	1	0	1	0	0	1	1	1	0	1	0	S
NMDC20583547	0	0	0	1	0	0	0	0	0	1	0	1	0	0	1	0	0	0	1	0	S
NMDC20583548	1	0	0	1	0	0	0	0	0	0	1	1	0	0	1	0	0	0	0	0	S
NMDC20583549	1	0	0	1	0	0	0	0	0	0	1	1	0	0	1	0	0	0	0	0	S
NMDC20551160	0	0	0	0	0	0	0	0	0	1	0	1	0	0	1	1	0	0	1	0	S
NMDC20583550	0	1	0	1	0	0	0	0	0	0	1	1	0	0	1	0	0	0	0	0	S
NMDC20583551	1	0	0	0	0	0	0	0	0	1	0	1	0	0	1	1	0	0	1	0	S
NMDC20583552	0	0	0	0	0	0	0	0	0	1	1	1	0	0	1	1	0	0	1	0	S
NMDC20557171	0	0	0	0	0	0	0	0	0	1	0	1	0	0	1	1	0	0	1	0	S
NMDC20583555	0	0	0	0	1	0	0	0	0	0	0	0	0	0	1	0	0	0	1	0	S
NMDC20583556	1	0	0	1	0	0	0	0	0	0	1	1	0	0	1	0	0	0	0	0	S
NMDC20583558	1	0	0	1	0	0	0	0	0	0	1	1	0	0	1	0	1	0	1	0	S
NMDC20583559	0	0	0	1	0	0	0	0	0	0	1	1	0	0	1	0	0	0	0	0	S
NMDC20583560	0	0	0	1	0	0	0	0	0	0	1	1	0	0	1	0	0	0	0	0	S
NMDC20583561	1	0	0	1	0	0	0	0	0	1	0	1	0	0	1	0	0	0	1	0	S
NMDC20583562	1	0	0	0	0	1	0	0	0	1	0	1	0	0	1	1	0	0	1	0	S
NMDC20557172	0	0	0	0	0	0	0	0	0	1	0	1	0	0	1	1	0	0	1	0	S
NMDC20551162	0	0	0	0	0	0	0	0	0	1	0	1	0	0	1	1	0	0	1	0	S
NMDC20583564	1	1	0	1	0	0	0	0	0	0	1	1	0	0	1	0	0	0	0	0	S
NMDC20557175	0	1	0	0	0	0	0	0	0	1	0	1	0	0	1	1	0	0	1	0	S
NMDC20583567	1	0	0	0	0	0	0	0	0	1	0	1	0	0	1	1	0	0	1	0	S
NMDC20583569	0	0	0	1	0	0	0	0	0	1	0	1	0	0	1	0	0	0	1	0	S
NMDC20583570	0	0	0	1	0	0	0	0	0	0	1	1	0	0	1	0	0	0	1	0	S
NMDC20583572	1	0	0	1	0	1	0	0	0	0	1	1	0	0	1	0	0	0	0	0	S
NMDC20583575	1	1	0	1	0	0	0	1	0	1	0	1	0	0	1	0	0	0	1	0	S
NMDC20583580	0	0	0	1	0	0	0	0	0	0	1	1	0	0	1	0	0	0	0	0	S
NMDC20583582	0	0	0	0	1	0	0	0	0	0	0	0	0	0	1	0	0	0	1	0	S
NMDC20551164	0	0	0	0	0	0	0	0	0	0	1	1	0	1	1	0	0	0	1	0	S
NMDC20583596	0	0	0	1	0	0	0	0	0	0	1	1	0	0	1	0	0	0	0	0	S
NMDC20583600	0	0	0	0	0	0	0	0	0	1	1	1	0	0	1	1	0	0	1	0	S
NMDC20583604	0	0	0	1	0	0	0	1	0	1	0	1	0	0	1	0	0	0	1	0	S
NMDC20551166	0	0	0	0	0	0	0	0	0	1	1	1	0	0	1	1	0	0	1	0	S
NMDC20583607	0	0	0	0	1	0	0	0	0	1	0	0	0	0	0	0	0	0	1	0	S
NMDC20551167	1	0	0	0	0	0	0	0	0	1	1	1	0	0	1	1	1	0	1	0	S
NMDC20551168	1	0	0	0	0	0	0	0	0	1	0	1	0	0	0	1	1	0	1	0	S
NMDC20583610	1	0	0	0	0	0	0	0	0	1	1	1	0	0	1	0	0	0	1	0	S
NMDC20555173	0	0	0	0	1	0	0	0	0	1	0	0	0	0	1	0	0	0	1	0	S
NMDC20583613	1	0	0	1	0	0	1	0	0	1	0	1	0	0	1	0	0	0	1	0	S
NMDC20583614	0	0	0	0	0	0	0	0	0	1	1	1	0	0	1	1	0	0	1	0	S
NMDC20583621	0	0	0	0	0	0	0	0	0	1	1	1	0	0	1	1	0	0	1	0	S
NMDC20583628	0	0	0	0	0	0	0	0	0	1	0	1	0	0	0	0	0	0	1	0	S
NMDC20583632	0	0	0	1	0	0	0	0	0	0	1	1	0	0	1	0	0	0	0	0	S
NMDC20583635	0	0	0	0	0	0	0	0	0	1	1	1	0	0	1	1	0	0	1	0	S
NMDC20583638	1	0	0	1	0	0	0	0	0	0	1	1	0	0	1	0	0	0	0	0	S
NMDC20583645	1	0	0	1	0	0	0	0	0	1	0	1	0	0	1	0	0	0	1	0	S
NMDC20555179	1	0	0	0	0	0	0	0	0	1	1	1	0	0	1	0	0	0	1	0	S
NMDC20583649	0	0	0	0	0	0	0	0	0	1	0	1	0	0	1	1	0	0	1	0	S
NMDC20551172	0	0	0	0	1	0	0	0	0	1	0	1	0	0	1	0	0	0	1	0	S
NMDC20553200	1	0	0	0	0	0	0	0	0	1	0	1	0	0	1	1	0	0	1	0	S
NMDC20583650	1	0	0	1	0	0	0	0	0	1	0	1	0	0	1	0	0	0	1	0	S
NMDC20555180	0	0	0	0	0	0	0	0	0	1	0	1	0	0	1	1	0	0	1	0	S
NMDC20557182	0	0	0	0	0	0	0	0	0	1	0	1	0	0	1	1	0	0	1	0	S
NMDC20583653	1	0	0	0	0	0	0	0	0	1	0	1	0	0	1	1	0	0	1	0	S
NMDC20551173	0	0	0	0	0	0	0	0	0	1	1	1	0	0	1	1	0	0	1	0	S
NMDC20555182	1	0	0	0	0	0	0	0	0	1	0	1	0	0	1	1	1	0	1	0	S
NMDC20583655	0	0	0	1	0	0	0	0	0	1	0	1	0	0	1	0	0	0	1	0	S
NMDC20553203	0	0	0	0	0	0	0	0	0	0	1	1	0	1	1	0	0	0	1	0	S
NMDC20583658	1	0	0	1	0	0	0	0	0	0	1	1	0	0	1	0	0	0	0	0	S
NMDC20583661	0	0	0	0	0	0	0	0	0	0	0	1	0	0	1	0	0	0	1	0	S
NMDC20557185	0	0	0	0	0	0	0	0	0	1	0	1	0	0	1	1	0	0	1	0	S
NMDC20555185	0	1	0	0	0	0	0	0	0	1	0	1	0	0	1	1	0	0	1	0	S
NMDC20551175	0	0	0	0	0	0	0	0	0	0	1	1	0	1	1	0	0	0	1	0	S
NMDC20583663	0	0	0	0	0	0	0	0	0	1	0	1	0	0	1	1	0	0	1	0	S
NMDC20583664	0	1	0	1	0	0	0	0	0	0	1	1	0	0	1	0	0	0	1	0	S
NMDC20583666	0	0	0	0	0	0	0	0	0	0	1	1	0	1	1	0	0	0	1	0	S
NMDC20553205	0	0	0	0	0	0	0	0	0	1	0	1	0	0	1	1	0	0	1	0	S
NMDC20583668	0	0	0	1	0	0	0	0	0	0	1	1	0	0	1	0	0	0	0	0	S
NMDC20583669	0	0	0	0	0	0	0	0	0	0	1	1	0	1	1	0	0	0	1	0	S
NMDC20553207	0	0	0	0	0	0	0	0	0	1	0	1	0	0	1	1	0	0	1	0	S
NMDC20583671	0	1	0	1	0	0	0	1	0	1	0	1	0	0	1	0	0	0	1	0	S
NMDC20583674	0	0	0	0	1	0	0	0	0	1	0	1	0	0	0	0	0	0	1	0	S
NMDC20583675	0	0	0	0	0	0	0	0	0	1	1	1	0	0	1	1	0	0	1	0	S
NMDC20583677	1	0	0	1	0	0	0	0	0	1	0	0	0	0	0	1	1	0	1	0	S
NMDC20583678	1	0	0	0	0	0	0	0	0	1	0	1	0	0	1	1	0	0	1	0	S
NMDC20583680	0	0	0	0	0	0	0	0	0	0	1	1	0	0	1	0	0	0	1	0	S
NMDC20553210	0	0	0	1	0	0	0	0	0	1	0	1	0	0	0	0	0	0	1	0	S
NMDC20583681	1	0	0	0	0	0	0	0	0	1	0	1	0	0	0	1	1	0	1	0	S
NMDC20583682	0	0	0	0	0	0	0	0	0	1	1	1	0	0	1	1	0	0	1	0	S
NMDC20555190	0	0	0	0	0	0	0	0	0	1	0	1	0	0	1	1	0	0	1	0	S
NMDC20583683	0	0	0	1	0	0	0	0	0	0	1	1	0	0	1	0	0	0	0	0	S
NMDC20557189	0	0	0	1	0	0	0	0	0	1	0	1	0	0	1	0	0	0	1	0	S
NMDC20583684	0	0	0	0	0	0	0	0	0	1	1	1	0	0	1	1	0	0	1	0	S
NMDC20583685	0	0	0	1	0	0	0	0	0	1	0	1	0	0	0	0	0	0	1	0	S
NMDC20583686	1	0	0	0	0	1	0	0	0	1	0	1	0	0	1	1	1	0	1	0	S
NMDC20583687	0	0	0	0	0	0	0	0	0	1	1	1	0	0	1	1	0	0	1	0	S
NMDC20583692	0	0	0	0	0	0	0	0	0	1	1	1	0	0	1	1	0	0	1	0	S
NMDC20583694	0	0	0	0	0	0	0	0	0	1	1	1	0	0	1	1	0	0	1	0	S
NMDC20583695	0	0	0	0	0	0	0	0	0	1	0	1	0	0	1	1	0	0	1	0	S
NMDC20583698	1	1	0	1	0	0	0	0	0	0	1	1	0	0	1	0	0	0	0	0	S
NMDC20557190	0	0	0	0	0	0	0	0	0	1	0	1	0	0	1	1	0	0	1	0	S
NMDC20583701	0	0	0	0	0	0	0	0	0	1	1	1	0	0	1	1	0	0	1	0	S
NMDC20551179	1	0	0	0	1	0	0	0	0	1	0	1	0	0	1	0	1	0	1	0	S
NMDC20583702	0	0	0	0	0	0	0	0	0	1	1	1	0	0	1	1	0	0	1	0	S
NMDC20555192	0	0	0	0	0	0	0	0	0	0	0	1	0	0	1	0	0	0	1	0	S
NMDC20583703	0	0	0	0	1	0	0	0	0	1	0	0	0	0	0	0	0	0	1	0	S
NMDC20583704	0	0	0	0	0	0	0	0	0	1	1	1	0	0	1	0	0	0	1	0	S
NMDC20583707	0	0	0	1	0	0	0	0	0	0	1	1	0	0	1	0	0	0	0	0	S
NMDC20553214	0	0	0	0	0	0	0	0	0	1	1	1	0	0	1	1	0	0	1	0	S
NMDC20553216	0	0	0	0	0	0	0	0	0	1	0	1	0	0	1	1	0	0	1	0	S
NMDC20557193	0	0	0	0	0	0	0	0	0	1	0	1	0	0	1	1	0	0	1	0	S
NMDC20583710	0	1	0	1	0	0	0	0	0	0	1	1	0	0	1	0	0	0	0	0	S
NMDC20583712	0	0	0	0	0	0	0	0	0	1	0	1	0	0	1	1	0	0	1	0	S
NMDC20583713	1	1	0	0	0	0	0	0	0	1	0	1	0	0	1	1	0	0	1	0	S
NMDC20557196	0	0	0	0	1	0	0	0	0	1	0	1	0	0	1	0	0	0	1	0	S
NMDC20555195	0	0	0	0	0	0	0	0	0	0	1	1	0	1	1	0	0	0	1	0	S
NMDC20583715	0	0	0	1	0	0	0	0	0	0	1	1	0	0	1	0	0	0	0	0	S
NMDC20555196	0	0	0	0	0	0	0	0	0	1	0	1	0	0	1	1	0	0	1	0	S
NMDC20551182	0	0	0	1	0	0	0	0	0	0	0	1	0	0	1	0	0	0	0	0	S
NMDC20551183	0	0	0	0	0	0	0	0	0	1	0	1	0	0	1	1	0	0	1	0	S
NMDC20583717	0	0	0	0	0	0	0	0	0	1	0	1	0	0	1	1	0	0	1	0	S
NMDC20583718	0	0	0	0	0	0	0	0	0	1	0	1	0	0	1	1	0	0	1	0	S
NMDC20553218	0	0	0	0	0	0	0	0	0	1	1	1	0	0	1	1	0	0	1	0	S
NMDC20553219	0	0	0	0	0	0	0	0	0	1	1	1	0	0	1	1	0	0	1	0	S
NMDC20583723	1	0	0	1	0	0	0	0	0	1	0	1	0	0	1	0	0	0	1	0	S
NMDC20557199	0	0	0	0	0	0	0	0	0	1	0	1	0	0	1	1	0	0	1	0	S
NMDC20583727	0	0	0	1	0	0	0	0	0	0	0	0	0	0	1	0	0	0	1	0	S
NMDC20583728	0	0	0	0	0	0	0	0	0	1	0	1	0	0	1	1	0	0	1	0	S
NMDC20583730	0	0	0	1	0	0	0	0	0	0	1	1	0	0	1	0	0	0	0	0	S
NMDC20583732	1	0	0	0	0	0	0	0	0	1	0	1	0	0	1	0	0	0	1	0	S
NMDC20553221	0	0	0	0	1	0	0	0	0	1	0	1	0	0	1	0	0	0	1	0	S
NMDC20553222	0	0	0	0	1	0	0	0	0	1	0	0	0	0	0	0	0	0	1	0	S
NMDC20551185	0	0	0	0	0	0	0	0	0	0	0	1	0	0	1	1	0	0	1	0	S
NMDC20583736	0	0	0	0	0	0	0	0	0	1	0	1	0	0	0	0	0	0	1	0	S
NMDC20557200	1	0	0	0	0	0	0	0	0	1	0	1	0	0	1	1	1	0	1	0	S
NMDC20557201	0	0	0	0	0	0	0	0	0	1	0	1	0	0	1	1	0	0	1	0	S
NMDC20583740	0	0	0	0	0	0	0	0	0	1	0	1	0	0	1	1	0	0	1	0	S
NMDC20583741	0	0	0	0	0	0	0	0	0	1	0	1	0	0	1	1	0	0	1	0	S
NMDC20583746	0	0	0	1	0	0	0	0	0	0	1	1	0	0	1	0	0	0	0	0	S
NMDC20557205	0	0	0	0	0	0	0	0	0	1	0	1	0	0	1	1	0	0	1	0	S
NMDC20583748	0	0	0	0	0	0	0	0	0	1	0	1	0	0	1	1	0	0	1	0	S
NMDC20583750	0	0	0	0	0	0	0	0	0	0	0	1	0	0	1	0	0	0	1	0	S
NMDC20583752	1	0	0	0	0	1	0	0	0	1	0	1	0	0	1	1	1	0	1	0	S
NMDC20557206	0	0	0	0	0	0	0	0	0	0	1	1	0	1	1	0	0	0	1	0	S
NMDC20583753	0	0	0	0	0	0	0	0	0	1	1	1	0	0	1	1	0	0	1	0	S
NMDC20553224	0	0	0	0	0	0	0	0	0	1	0	1	0	0	1	1	0	0	1	0	S
NMDC20583754	0	1	0	1	0	0	0	1	0	1	0	1	0	0	1	0	0	0	1	0	S
NMDC20583759	0	1	0	1	0	0	0	0	0	0	1	1	0	0	1	0	0	0	1	0	S
NMDC20583760	0	0	0	1	0	0	0	0	0	1	0	1	0	0	1	0	0	0	1	0	S
NMDC20583764	0	0	0	0	0	0	0	0	0	1	0	1	0	0	1	0	0	0	1	0	S
NMDC20583767	0	0	0	0	1	0	0	0	0	1	0	0	0	0	1	0	0	0	1	0	S
NMDC20583769	0	0	0	0	0	0	0	0	0	1	1	1	0	0	1	1	0	0	1	0	S
NMDC20583771	0	0	0	0	0	0	0	0	0	1	1	1	0	0	1	1	0	0	1	0	S
NMDC20557207	0	0	0	0	0	0	0	0	0	1	1	1	0	0	1	1	0	0	1	0	S
NMDC20557208	0	0	0	0	1	0	0	0	0	1	0	0	0	0	0	0	0	0	1	0	S
NMDC20583774	0	1	0	1	0	0	0	1	0	1	0	1	0	0	1	0	0	0	1	0	S
NMDC20555201	1	1	0	0	0	0	0	0	0	1	0	0	0	0	1	0	0	0	1	0	S
NMDC20583775	0	0	0	0	0	0	0	0	0	0	0	1	0	0	1	0	0	0	1	0	S
NMDC20583777	0	0	0	1	0	0	1	0	0	1	0	1	0	0	1	0	0	0	1	0	S
NMDC20583778	1	0	0	1	0	0	0	0	0	1	0	1	0	0	1	0	0	0	1	0	S
NMDC20551190	0	0	0	0	0	0	0	0	0	1	1	1	0	0	1	1	0	0	1	0	S
NMDC20557209	0	0	0	0	0	0	0	0	0	1	1	1	0	0	1	1	0	0	1	0	S
NMDC20583782	1	0	0	0	1	0	1	0	0	1	0	1	0	0	0	0	0	0	1	0	S
NMDC20583783	0	0	0	0	1	0	0	0	0	1	0	0	0	0	1	0	0	0	1	0	S
NMDC20583784	0	0	0	0	1	0	0	0	0	1	0	0	0	0	1	0	0	0	1	0	S
NMDC20583785	0	0	0	0	0	0	0	0	0	1	1	1	0	0	1	1	0	0	1	0	S
NMDC20583786	1	0	0	0	0	1	0	0	0	1	1	1	0	0	1	1	1	0	1	0	S
NMDC20557210	1	0	0	1	0	0	0	0	0	1	0	1	0	0	1	0	0	0	1	0	S
NMDC20551192	1	0	0	1	0	0	0	0	0	0	0	1	0	0	1	0	0	0	0	0	S
NMDC20583789	0	0	0	1	0	0	0	0	0	1	0	1	0	0	1	0	0	0	1	0	S
NMDC20553226	0	0	0	1	0	0	0	0	0	1	0	0	0	0	0	1	0	0	1	0	S
NMDC20583790	0	0	0	1	0	0	0	0	0	1	0	1	0	0	1	0	0	0	0	0	S
NMDC20553227	0	0	0	1	0	0	0	0	0	0	1	1	0	0	1	0	0	0	1	0	S
NMDC20553228	0	0	0	0	0	0	0	0	0	1	0	1	0	0	1	1	0	0	1	0	S
NMDC20583792	0	0	0	0	0	0	0	0	0	1	0	1	0	0	1	1	0	0	1	0	S
NMDC20583795	0	0	0	1	0	0	0	0	0	0	1	1	0	0	1	0	0	0	1	0	S
NMDC20557214	1	0	0	0	0	0	0	0	0	1	0	1	0	0	1	1	1	0	1	0	S
NMDC20553230	1	0	0	0	0	0	0	0	0	1	0	1	0	0	1	1	0	0	1	0	S
NMDC20553233	0	0	0	0	0	0	0	0	0	1	0	1	0	0	1	1	0	0	1	0	S
NMDC20583805	0	0	0	0	0	0	0	0	0	0	1	1	0	1	1	0	0	0	1	0	S
NMDC20583806	0	0	0	0	0	0	0	0	0	0	1	1	0	1	1	0	0	0	1	0	S
NMDC20555210	0	0	0	0	0	0	0	0	0	1	0	1	0	0	1	1	0	0	1	0	S
NMDC20583807	0	0	0	0	0	0	0	0	0	0	1	1	0	1	1	0	0	0	1	0	S
NMDC20583808	0	0	0	0	0	0	0	0	0	1	0	1	0	0	1	1	0	0	1	0	S
NMDC20551198	1	1	0	0	0	0	0	0	0	1	0	1	0	0	1	1	0	0	1	0	S
NMDC20557223	0	0	0	0	0	0	0	0	0	0	0	1	0	0	1	0	0	0	1	0	S
NMDC20555212	0	0	0	1	0	0	0	0	0	1	0	1	0	0	1	0	0	0	1	0	S
NMDC20583809	0	0	0	0	0	0	0	0	0	1	1	1	0	0	1	1	0	0	1	0	S
NMDC20557224	0	0	0	0	0	0	0	0	0	0	1	1	0	1	1	0	0	0	1	0	S
NMDC20583812	0	0	0	1	0	0	0	0	0	0	0	1	0	0	1	0	0	0	0	0	S
NMDC20557226	1	0	0	0	0	0	0	0	0	1	0	1	0	0	1	1	0	0	1	0	S
NMDC20557227	0	0	0	0	0	0	0	0	0	0	1	1	0	1	1	0	0	0	1	0	S
NMDC20583815	1	0	0	0	0	0	1	0	0	1	0	1	0	0	1	1	0	0	1	0	S
NMDC20583816	0	0	0	0	0	0	0	0	0	0	1	1	0	0	1	0	0	0	1	0	S
NMDC20551200	0	0	0	0	0	0	0	0	0	1	0	1	0	0	1	1	0	0	1	0	S
NMDC20551202	0	0	0	0	0	0	0	0	0	0	1	1	0	1	1	0	0	0	1	0	S
NMDC20583820	0	0	0	1	1	0	0	0	0	1	1	0	0	0	1	0	0	0	1	0	S
NMDC20553247	0	1	0	0	0	0	0	0	1	0	1	1	0	1	1	0	0	0	1	1	S
NMDC20583821	1	0	0	0	0	1	0	0	0	1	0	1	0	0	1	1	1	0	1	0	S
NMDC20583822	0	1	0	0	0	0	0	0	1	0	1	1	0	1	1	0	0	0	1	1	S
NMDC20555214	0	0	0	0	0	0	0	0	0	1	0	1	0	0	1	1	0	0	1	0	S
NMDC20557230	1	0	0	0	0	0	1	0	0	1	0	1	1	0	1	1	0	0	1	0	S
NMDC20551204	0	0	0	0	0	0	0	0	0	0	1	1	0	0	1	0	0	0	1	0	S
NMDC20551205	0	0	0	0	0	0	0	0	0	1	0	1	0	0	1	1	0	0	1	0	S
NMDC20555216	0	0	0	0	0	0	0	0	0	0	1	1	0	1	1	0	0	0	1	0	S
NMDC20553238	0	0	0	0	0	0	0	0	0	1	0	1	0	0	1	1	0	0	1	0	S
NMDC20553239	0	0	0	0	0	0	0	0	0	1	0	1	0	0	1	1	0	0	1	0	S
NMDC20583830	1	0	0	0	0	1	0	0	0	1	0	1	0	0	1	1	1	0	1	0	S
NMDC20553240	0	0	0	0	0	0	0	0	0	1	0	1	0	0	1	1	0	0	1	0	S
NMDC20583835	0	0	0	0	0	0	0	0	0	1	0	1	0	0	1	1	0	0	1	0	S
NMDC20583840	0	0	0	0	0	0	0	0	0	1	0	1	0	0	1	1	0	0	1	0	S
NMDC20583845	0	1	0	0	0	0	0	0	1	0	1	1	0	1	1	0	0	0	1	1	S
NMDC20557241	0	0	0	0	0	0	0	0	0	1	0	1	0	0	1	1	0	0	1	0	S
NMDC20555224	0	0	0	0	0	0	0	0	0	1	0	1	0	0	1	1	0	0	1	0	S
NMDC20583851	0	0	0	0	0	0	0	0	0	0	1	1	0	1	1	0	0	0	1	0	S
NMDC20583852	1	1	0	0	0	0	0	0	0	1	0	1	0	0	1	1	0	0	1	0	S
NMDC20557242	0	0	0	0	0	0	0	0	0	1	0	1	0	0	1	1	0	0	1	0	S
NMDC20553249	0	0	0	0	0	0	0	0	0	1	0	1	0	0	1	1	0	0	1	0	S
NMDC20583857	0	0	0	0	0	0	0	0	0	1	0	1	0	0	1	1	0	0	1	0	S
NMDC20557243	1	0	0	0	0	0	0	0	0	1	0	1	0	0	1	1	1	0	1	0	S
NMDC20551215	0	0	0	0	0	0	0	0	0	0	1	1	0	1	1	0	0	0	1	0	S
NMDC20583861	0	0	0	0	0	0	0	0	0	1	0	1	0	0	1	1	0	0	1	0	S
NMDC20583863	0	0	0	0	0	0	0	0	0	1	0	1	0	0	1	1	0	0	1	0	S
NMDC20557245	0	0	0	1	0	0	0	0	0	1	0	1	0	0	1	0	0	0	1	0	S
NMDC20553252	0	0	0	0	0	0	0	0	0	1	0	1	0	0	1	1	0	0	1	0	S
NMDC20583864	0	1	0	0	0	0	0	0	1	0	1	1	0	1	1	0	0	0	1	1	S
NMDC20555226	0	1	0	0	0	0	0	0	1	0	1	1	0	1	1	0	0	0	1	1	S
NMDC20557247	1	0	0	0	0	0	1	0	0	1	0	1	0	0	1	0	0	0	1	0	S
NMDC20553254	1	1	1	0	1	0	0	0	0	1	0	1	0	0	1	0	0	0	1	0	S
NMDC20551216	0	1	0	0	0	0	0	0	1	0	1	1	0	1	1	0	0	0	1	1	S
NMDC20583871	0	1	0	0	0	0	0	0	1	0	1	1	0	1	1	0	0	0	1	1	S
NMDC20551217	0	1	0	0	0	0	0	0	1	0	1	1	0	1	1	0	0	0	1	1	S
NMDC20553255	0	1	0	0	0	0	0	0	1	0	1	1	0	1	1	0	0	0	1	1	S
NMDC20553257	0	1	0	0	0	0	0	0	1	0	1	1	0	1	1	0	0	0	1	1	S
NMDC20551219	0	0	0	0	0	0	0	0	0	0	1	1	0	1	1	0	0	0	1	0	S
NMDC20555233	0	0	0	0	0	0	0	0	0	1	0	1	0	0	1	1	0	0	1	0	S
NMDC20553262	0	0	0	0	0	0	0	0	0	1	0	1	0	0	1	1	0	0	1	0	S
NMDC20551221	0	1	0	0	0	0	0	0	1	1	0	1	0	0	1	1	0	0	1	1	S
NMDC20553263	0	0	0	0	1	0	0	0	0	1	0	1	0	0	1	0	0	0	1	0	S
NMDC20583878	0	0	0	0	0	0	0	0	0	1	0	1	0	0	1	1	0	0	1	0	S
NMDC20555236	0	0	0	1	0	0	0	0	0	0	1	1	0	0	1	0	0	0	1	0	S
NMDC20583880	0	0	0	0	0	0	0	0	0	1	1	1	0	0	1	1	0	0	1	0	S
NMDC20583881	0	0	0	1	0	0	1	0	0	1	0	1	0	0	1	0	0	0	1	0	S
NMDC20583882	1	0	0	0	0	1	0	0	0	1	0	1	0	0	1	1	1	0	1	0	S
NMDC20557255	0	0	0	1	0	0	0	0	0	0	1	1	0	0	1	0	0	0	1	0	S
NMDC20551225	0	0	0	0	0	0	0	0	0	0	1	1	0	1	1	0	0	0	1	0	S
NMDC20553265	0	0	0	0	0	0	0	0	0	0	1	1	0	1	1	0	0	0	1	0	S
NMDC20583886	0	0	0	0	0	0	0	0	0	0	1	1	0	1	1	0	0	0	1	0	S
NMDC20551226	0	0	0	0	0	0	0	0	0	0	1	1	0	1	1	0	0	0	1	0	S
NMDC20583887	0	0	0	1	1	0	0	0	0	1	0	0	0	0	1	1	0	0	0	0	S
NMDC20583888	0	0	0	1	1	0	0	0	0	1	0	0	0	0	1	1	0	0	0	0	S
NMDC20583889	0	0	0	1	1	0	0	0	0	1	0	0	0	0	1	1	0	0	0	0	S
NMDC20551227	0	0	0	0	0	0	0	0	0	1	0	1	0	0	1	1	0	0	1	0	S
NMDC20583891	0	0	0	1	0	0	0	0	0	1	0	1	0	0	1	0	0	0	0	0	S
NMDC20583892	0	0	0	1	0	0	0	0	0	1	0	1	0	0	1	0	0	0	0	0	S
NMDC20583893	0	0	0	0	0	0	0	0	0	1	0	1	0	0	1	1	0	0	1	0	S
NMDC20583894	0	0	0	0	0	0	0	0	0	1	0	1	0	0	1	1	0	0	1	0	S
NMDC20551230	0	0	0	1	0	0	0	0	0	1	0	1	0	0	1	0	0	0	1	0	S
NMDC20583896	0	0	0	0	0	0	0	0	0	0	1	1	0	1	1	0	0	0	1	0	S
NMDC20583897	0	0	0	0	0	0	0	0	0	0	1	1	0	1	1	0	0	0	1	0	S
NMDC20583898	0	0	0	0	0	0	0	0	0	0	1	1	0	1	1	0	0	0	1	0	S
NMDC20555240	1	0	0	0	0	0	0	0	0	1	1	1	0	0	1	1	1	0	1	0	S
NMDC20553268	1	0	0	0	0	1	0	0	0	1	0	1	0	0	1	1	1	0	1	0	S
NMDC20557258	0	0	0	0	0	0	0	0	0	0	1	1	0	1	1	0	0	0	1	0	S
NMDC20583903	0	0	0	1	0	0	0	0	0	1	0	1	0	0	1	0	0	0	1	0	S
NMDC20583905	0	0	0	0	0	0	0	0	0	1	0	1	0	0	1	1	0	0	1	0	S
NMDC20551231	0	0	0	1	0	0	0	0	0	1	1	1	0	0	1	0	0	0	1	0	S
NMDC20551232	0	0	0	0	0	0	0	0	0	0	1	1	0	1	1	0	0	0	1	0	S
NMDC20583908	0	0	0	0	0	0	0	0	0	1	0	1	0	0	1	1	0	0	1	0	S
NMDC20583909	0	0	0	0	0	0	0	0	0	1	0	0	0	0	1	1	0	0	1	0	S
NMDC20583911	0	0	0	0	0	0	0	0	0	0	1	1	0	1	1	0	0	0	1	0	S
NMDC20583912	0	0	0	1	0	0	0	0	0	1	0	1	0	0	1	0	0	0	1	0	S
NMDC20583913	1	0	0	0	0	0	0	0	0	0	1	1	0	1	1	0	0	0	1	0	S
NMDC20553271	0	0	0	0	0	0	0	0	0	0	1	1	0	1	1	0	0	0	1	0	S
NMDC20551236	0	0	0	0	0	0	0	0	0	0	1	1	0	1	1	0	0	0	1	0	S
NMDC20583914	0	0	0	0	0	0	0	0	0	0	1	1	0	1	1	0	0	0	1	0	S
NMDC20557260	0	0	0	0	0	0	0	0	0	0	1	1	0	1	1	0	0	0	1	0	S
NMDC20583915	1	0	0	1	0	0	0	0	0	1	0	0	0	0	1	1	0	0	1	0	S
NMDC20557261	1	0	0	1	0	0	0	0	0	1	0	0	0	0	1	1	0	0	1	0	S
NMDC20583917	0	0	0	0	0	0	0	0	0	1	0	1	0	0	1	1	0	0	1	0	S
NMDC20583918	1	1	0	1	0	0	0	0	0	1	0	0	0	0	1	1	0	0	1	0	S
NMDC20551237	0	0	0	0	0	0	0	0	0	1	0	1	0	0	1	1	0	0	1	0	S
NMDC20557262	0	0	0	0	0	0	0	0	0	0	1	1	0	1	1	0	0	0	1	0	S
NMDC20557263	0	0	0	0	0	0	0	0	0	0	1	1	0	1	1	0	0	0	1	0	S
NMDC20583919	0	0	0	0	0	0	0	0	0	0	1	1	0	1	1	0	0	0	1	0	S
NMDC20557265	0	0	0	0	0	0	0	0	0	1	0	1	0	0	1	1	0	0	1	0	S
NMDC20583920	0	0	0	0	0	0	0	0	0	0	1	1	0	1	1	0	0	0	1	0	S
NMDC20583921	0	0	0	0	0	0	0	0	0	0	1	1	0	1	1	0	0	0	1	0	S
NMDC20555247	0	0	0	0	0	0	0	0	0	0	1	1	0	1	1	0	0	0	1	0	S
NMDC20555248	0	1	0	1	0	0	0	0	0	1	0	0	0	0	1	1	0	0	1	0	S
NMDC20551240	0	0	0	0	0	0	0	0	0	0	0	1	0	0	1	0	0	0	1	0	S
NMDC20583923	0	0	0	0	0	0	0	0	0	0	1	1	0	1	1	0	0	0	1	0	S
NMDC20583924	0	0	0	0	0	0	0	0	0	1	0	1	0	0	1	1	0	0	1	0	S
NMDC20583925	0	0	0	0	0	0	0	0	0	0	1	1	0	1	1	0	0	0	1	0	S
NMDC20583927	0	0	0	0	0	0	0	0	0	0	1	1	0	1	1	0	0	0	1	0	S
NMDC20551245	0	0	0	0	0	0	0	0	0	0	1	1	0	0	1	0	0	0	1	0	S
NMDC20583928	0	0	0	0	0	0	0	0	0	0	1	1	0	1	1	0	0	0	1	0	S
NMDC20551247	0	0	0	0	0	0	0	0	0	0	1	1	0	1	1	0	0	0	1	0	S
NMDC20557269	0	0	0	0	0	0	0	0	0	0	1	1	0	1	1	0	0	0	1	0	S
NMDC20583931	0	0	0	0	0	0	0	0	0	0	1	1	0	1	1	0	0	0	1	0	S
NMDC20555256	0	0	0	0	0	0	0	0	0	0	1	1	0	1	1	0	0	0	1	0	S
NMDC20551246	0	0	0	0	0	0	0	0	0	0	1	1	0	1	1	0	0	0	1	0	S
NMDC20583932	0	0	0	0	0	0	0	0	0	0	1	1	0	1	1	0	0	0	1	0	S
NMDC20583933	1	1	0	0	0	0	0	0	0	1	0	1	0	0	1	1	0	0	1	0	S
NMDC20551248	0	0	0	0	0	0	0	0	0	0	1	1	0	1	1	0	0	0	1	0	S
NMDC20583936	0	0	0	0	0	0	0	0	0	0	1	1	0	1	1	0	0	0	1	0	S
NMDC20583937	0	0	0	0	0	0	0	0	0	0	1	1	0	1	1	0	0	0	1	0	S
NMDC20583940	0	0	0	0	0	0	0	0	0	0	1	1	0	1	1	0	0	0	1	0	S
NMDC20551250	0	0	0	0	0	0	0	0	0	1	0	1	0	0	1	1	0	0	1	0	S
NMDC20583942	0	1	0	1	0	0	0	0	0	1	0	0	0	0	1	1	0	0	1	0	S
NMDC20553273	0	1	0	0	0	0	0	0	1	0	1	1	0	1	1	0	0	0	1	1	S
NMDC20551251	0	1	0	0	0	0	0	0	1	0	1	1	0	1	1	0	0	0	1	1	S
NMDC20551252	0	0	0	1	0	0	0	0	0	1	0	0	0	0	1	1	0	0	1	0	S
NMDC20551253	0	0	0	0	0	0	0	0	0	1	0	1	0	0	1	1	0	0	1	0	S
NMDC20551258	0	0	0	0	0	0	0	0	0	0	1	1	0	1	1	0	0	0	1	0	S
NMDC20583945	0	0	0	1	0	0	0	0	0	1	0	1	0	0	1	0	0	0	1	0	S
NMDC20583947	0	0	0	0	0	0	0	0	0	1	0	1	0	0	1	1	0	0	1	0	S
NMDC20557272	0	0	0	0	0	0	0	0	0	1	1	1	0	0	1	1	0	0	1	0	S
NMDC20551255	0	0	0	0	0	0	0	0	0	1	0	1	0	0	1	1	0	0	1	0	S
NMDC20583948	0	0	0	0	0	0	0	0	0	1	1	1	0	0	1	1	0	0	1	0	S
NMDC20583949	0	1	0	1	0	0	0	1	0	1	0	1	0	0	1	0	0	0	1	0	S
NMDC20583950	0	0	0	1	0	0	0	0	0	1	0	1	0	0	1	0	0	0	1	0	S
NMDC20557273	0	1	0	1	0	0	0	1	0	1	0	1	0	0	1	0	0	0	1	0	S
NMDC20557274	0	0	0	0	0	0	0	0	0	0	1	1	0	1	1	0	0	0	1	0	S
NMDC20551256	0	0	0	0	0	0	0	0	0	0	1	1	0	1	1	0	0	0	1	0	S
NMDC20583953	0	0	0	1	0	0	0	0	0	1	0	1	0	0	0	0	0	0	1	0	S
NMDC20583954	0	0	0	0	0	0	0	0	0	1	0	1	0	0	1	1	0	0	1	0	S
NMDC20583955	0	0	0	0	0	0	0	0	0	0	1	1	0	1	1	0	0	0	1	0	S
NMDC20555261	0	0	0	0	0	0	0	0	0	0	1	1	0	1	1	0	0	0	1	0	S
NMDC20553277	0	0	0	0	0	0	0	0	0	0	1	1	0	1	1	0	0	0	1	0	S
NMDC20551259	0	0	0	0	0	0	0	0	0	1	0	1	0	0	1	1	0	0	1	0	S
NMDC20583956	0	0	0	0	0	0	0	0	0	0	1	1	0	1	1	0	0	0	1	0	S
NMDC20555260	0	0	0	0	0	0	0	0	0	1	0	1	0	0	1	1	0	0	1	0	S
NMDC20583959	0	1	0	1	0	0	0	1	0	1	0	1	0	0	1	0	0	0	1	0	S
NMDC20583960	0	0	0	0	0	0	0	0	0	0	1	1	0	1	1	0	0	0	1	0	S
NMDC20557275	1	0	0	0	0	0	0	0	0	1	0	1	0	0	1	1	1	0	1	0	S
NMDC20553279	0	0	0	0	0	0	0	0	0	0	1	1	0	1	1	0	0	0	1	0	S
NMDC20555262	0	0	0	0	0	0	0	0	0	0	1	1	0	1	1	0	0	0	1	0	S
NMDC20555264	0	0	0	0	0	0	0	0	0	1	0	1	0	0	1	1	0	0	1	0	S
NMDC20555265	0	0	0	0	0	0	0	0	0	0	1	1	0	1	1	0	0	0	1	0	S
NMDC20583965	0	0	0	1	0	0	0	0	0	1	0	1	0	0	1	0	0	0	1	0	S
NMDC20553282	0	0	0	1	0	0	0	0	0	1	0	0	0	0	1	1	0	0	1	0	S
NMDC20555267	0	0	0	1	0	0	0	1	0	1	0	1	0	0	1	0	0	0	1	0	S
NMDC20555268	1	0	0	0	0	1	0	0	0	1	1	1	0	0	1	1	1	0	1	0	S
NMDC20555269	0	0	0	0	0	0	0	1	0	1	0	0	0	0	1	1	0	0	1	0	S
NMDC20555270	0	0	0	0	0	0	0	1	0	1	0	0	0	0	1	1	0	0	1	0	S
NMDC20583971	0	0	0	0	0	0	0	1	0	1	0	0	0	0	1	1	0	0	1	0	S
NMDC20555272	0	0	0	0	0	0	0	0	0	1	0	1	0	0	1	1	0	0	1	0	S
NMDC20555273	0	0	0	0	0	0	0	1	0	1	0	0	0	0	1	1	0	0	1	0	S
NMDC20553284	0	0	0	0	0	0	0	1	0	1	0	0	0	0	1	1	0	0	1	0	S
NMDC20555275	0	0	0	0	0	0	0	0	0	0	1	1	0	1	1	0	0	0	1	0	S
NMDC20583972	0	0	0	0	0	0	0	0	0	0	1	1	0	1	1	0	0	0	1	0	S
NMDC20583973	0	0	0	0	0	0	0	0	0	0	1	1	0	1	1	0	0	0	1	0	S
NMDC20555277	0	0	0	0	0	0	0	0	0	0	1	1	0	1	1	0	0	0	1	0	S
NMDC20557277	1	0	0	0	0	0	0	0	0	1	0	1	0	0	1	1	1	0	1	0	S
NMDC20583975	0	0	0	0	0	0	0	0	0	0	1	1	0	1	1	0	0	0	1	0	S
NMDC20583976	0	0	0	0	0	0	0	0	0	0	1	1	0	1	1	0	0	0	1	0	S
NMDC20557278	1	0	0	0	1	0	0	0	0	1	0	1	0	0	1	0	0	0	1	0	S
NMDC20555276	0	0	0	0	0	0	0	0	0	0	1	1	0	1	1	0	0	0	1	0	S
NMDC20555278	0	0	0	0	0	0	0	0	0	0	1	1	0	1	1	0	0	0	1	0	S
NMDC20555279	0	0	0	0	0	0	0	0	0	1	0	1	0	0	0	1	0	0	1	0	S
NMDC20583981	0	0	0	0	0	0	0	0	0	0	1	1	0	1	1	0	0	0	1	0	S
NMDC20583982	0	0	0	0	0	0	0	0	0	0	1	1	0	1	1	0	0	0	1	0	S
NMDC20551270	0	0	0	1	0	0	0	0	0	0	0	1	0	0	0	0	0	0	0	0	S
NMDC20583983	0	0	0	1	0	0	0	0	0	1	0	1	0	0	0	0	0	0	1	0	S
NMDC20583984	0	0	0	1	0	0	0	0	0	1	0	1	0	0	1	0	0	0	1	0	S
NMDC20555280	0	0	0	0	0	0	0	0	0	0	1	1	0	1	1	0	0	0	1	0	S
NMDC20583985	0	0	0	0	0	0	0	0	0	0	1	1	0	1	1	0	0	0	1	0	S
NMDC20551272	0	0	0	0	1	0	0	0	0	1	0	1	0	0	1	0	0	0	1	0	S
NMDC20583991	0	0	0	1	0	0	0	0	0	0	0	0	0	0	1	0	0	0	1	0	S
NMDC20555282	0	0	0	0	0	0	0	0	0	1	0	1	0	0	1	0	0	0	0	0	S
NMDC20557283	0	0	0	0	0	0	0	0	0	1	0	0	0	0	1	1	0	0	1	0	S
NMDC20583993	0	0	0	0	0	0	0	0	0	0	1	1	0	0	1	0	0	0	1	0	S
NMDC20583994	0	0	0	0	0	0	0	0	0	0	1	1	0	1	1	0	0	0	1	0	S
NMDC20553292	1	0	0	0	0	0	0	0	0	0	1	1	0	1	1	0	0	0	1	0	S
NMDC20553293	0	0	0	0	0	0	0	0	0	0	1	1	0	1	1	0	0	0	1	0	S
NMDC20555285	0	0	0	0	0	0	0	0	0	0	1	1	0	1	1	0	0	0	1	0	S
NMDC20583997	0	0	0	0	0	0	0	0	0	0	1	1	0	1	1	0	0	0	1	0	S
NMDC20584000	0	0	0	0	0	0	0	0	0	0	1	1	0	1	1	0	0	0	1	0	S
NMDC20584002	0	0	0	0	0	0	0	0	0	0	1	1	0	1	1	0	0	0	1	0	S
NMDC20584004	0	0	0	0	0	0	0	0	0	0	1	1	0	1	1	0	0	0	1	0	S
NMDC20584006	0	0	0	1	0	0	0	0	0	0	1	1	0	0	1	0	0	0	0	0	S
NMDC20584007	0	0	0	1	0	0	0	0	0	0	1	1	0	0	1	0	0	0	0	0	S
NMDC20584009	0	0	0	0	0	0	0	0	0	0	1	1	0	0	1	0	0	0	1	0	S
NMDC20584011	0	0	0	1	0	0	0	0	0	0	1	1	0	0	1	0	0	0	0	0	S
NMDC20584012	0	0	0	1	0	0	0	0	0	1	0	1	0	0	1	0	0	0	1	0	S
NMDC20584013	0	0	0	1	0	0	0	0	0	0	1	1	0	0	1	0	0	0	0	0	S
NMDC20584014	0	0	0	1	0	0	0	0	0	0	1	1	0	0	1	0	0	0	0	0	S
NMDC20584015	0	0	0	1	0	0	0	0	0	0	1	1	0	0	1	0	0	0	1	0	S
NMDC20584017	0	0	0	1	0	0	0	0	0	0	1	1	0	0	1	0	0	0	0	0	S
NMDC20584018	0	0	0	1	0	0	0	0	0	0	1	1	0	0	1	0	0	0	0	0	S
NMDC20584019	0	0	0	1	0	0	0	0	0	0	1	1	0	0	1	0	0	0	0	0	S
NMDC20584020	0	0	0	1	0	0	0	0	0	0	1	1	0	0	1	0	0	0	0	0	S
NMDC20584021	0	0	0	0	0	0	0	0	0	0	1	1	0	1	1	0	0	0	1	0	S
NMDC20584024	0	0	0	1	0	0	0	0	0	0	1	1	0	0	1	0	0	0	0	0	S
NMDC20584026	0	0	0	0	0	0	0	0	0	1	0	1	0	0	0	0	0	0	1	0	S
NMDC20584027	0	0	0	1	0	0	0	0	0	0	1	1	0	0	1	0	0	0	0	0	S
NMDC20584029	0	0	0	1	0	0	0	0	0	0	1	1	0	0	1	0	0	0	0	0	S
NMDC20584031	0	0	0	0	0	0	0	0	0	1	0	1	0	0	1	1	0	0	1	0	S
NMDC20584032	0	0	0	1	0	0	0	0	0	0	1	1	0	0	1	0	0	0	0	0	S
NMDC20551276	0	0	0	1	0	0	1	0	0	1	0	1	0	0	0	0	0	0	1	0	S
NMDC20584040	0	0	0	1	0	0	0	0	0	0	1	1	0	0	1	0	0	0	0	0	S
NMDC20584042	0	0	0	0	0	0	0	0	0	0	1	1	0	1	1	0	0	0	1	0	S
NMDC20584045	0	0	0	0	0	0	0	0	0	1	0	1	0	0	0	0	0	0	1	0	S
NMDC20584047	1	0	0	0	0	0	0	0	0	1	0	1	0	0	0	0	0	0	1	0	S
NMDC20584048	0	0	0	0	0	0	0	0	0	1	1	1	0	0	1	1	0	0	1	0	S
NMDC20557288	0	0	0	0	0	0	0	0	0	1	1	1	0	0	1	1	0	0	1	0	S
NMDC20557289	0	0	0	0	0	0	0	0	0	1	0	1	0	0	1	1	0	0	1	0	S
NMDC20555288	0	0	0	0	0	0	0	0	0	1	0	1	0	0	1	1	0	0	1	0	S
NMDC20555289	1	0	0	0	0	0	0	0	0	1	0	1	0	0	1	1	0	0	1	0	S
NMDC20557292	0	0	0	1	0	0	0	0	0	1	0	1	0	0	0	0	0	0	1	0	S
NMDC20553295	0	0	0	0	0	0	0	0	0	1	0	1	0	0	1	1	0	0	1	0	S
NMDC20553297	1	0	0	0	0	0	0	0	0	1	0	1	0	0	1	1	0	0	1	0	S
NMDC20584051	0	0	0	1	0	0	0	0	0	1	0	1	0	0	1	0	0	0	1	0	S
NMDC20584052	0	0	0	1	0	0	0	0	0	1	0	1	0	0	0	0	0	0	1	0	S
NMDC20584053	0	0	0	0	0	0	0	0	0	1	0	1	0	0	1	1	0	0	1	0	S
NMDC20584054	0	0	0	1	0	0	0	0	0	1	0	1	0	0	1	0	0	0	1	0	S
NMDC20584057	0	0	0	0	0	0	0	0	0	1	1	1	0	0	1	1	0	0	1	0	S
NMDC20584058	0	0	0	0	1	0	0	0	0	0	0	0	0	0	1	0	0	0	1	0	S
NMDC20584059	0	0	0	0	0	0	0	0	0	1	0	1	0	0	1	1	0	0	1	0	S
NMDC20555291	0	0	0	0	0	0	0	0	0	1	0	1	0	0	1	1	0	0	1	0	S
NMDC20553298	1	1	0	0	0	0	0	0	0	1	0	1	0	0	1	1	0	0	1	0	S
NMDC20584060	0	0	0	0	0	0	0	0	0	1	0	1	0	0	1	1	0	0	1	0	S
NMDC20584061	0	0	0	0	0	0	0	0	0	1	0	1	0	0	1	1	0	0	1	0	S
NMDC20557297	0	0	0	0	0	0	0	0	0	1	0	1	0	0	1	1	0	0	1	0	S
NMDC20557298	0	0	0	0	0	0	0	0	0	1	0	1	0	0	1	1	0	0	1	0	S
NMDC20584070	0	0	0	0	0	0	0	0	0	1	0	1	0	0	1	1	0	0	1	0	S
NMDC20551281	1	0	0	1	0	0	0	0	0	1	0	0	0	0	1	1	0	0	1	0	S
NMDC20584075	0	0	0	0	0	0	0	0	0	1	0	1	0	0	1	1	0	0	1	0	S
NMDC20584077	0	0	0	1	0	0	0	0	0	1	1	1	0	0	1	0	0	0	1	0	S
NMDC20553303	0	0	0	0	0	0	0	0	0	1	0	1	0	0	1	1	0	0	1	0	S
NMDC20584080	0	0	0	0	1	0	0	0	0	1	0	1	0	0	0	0	0	0	1	0	S
NMDC20584081	0	0	0	0	0	0	0	0	0	0	1	1	0	1	1	0	0	0	1	0	S
NMDC20553319	1	0	0	1	0	0	0	0	0	1	0	1	0	0	1	0	0	0	0	0	S
NMDC20557303	0	0	0	0	0	0	0	0	0	1	0	1	0	0	1	1	0	0	1	0	S
NMDC20551282	0	0	0	0	0	0	0	0	0	0	1	1	0	1	1	0	0	0	1	0	S
NMDC20584084	1	0	0	0	0	0	0	0	0	1	0	1	0	0	1	1	0	0	1	0	S
NMDC20553304	0	0	0	0	0	0	0	0	0	0	1	1	0	1	1	0	0	0	1	0	S
NMDC20557306	0	0	0	0	0	0	0	0	0	0	1	1	0	1	1	0	0	0	1	0	S
NMDC20553305	0	0	0	1	0	0	0	0	0	0	1	1	0	0	1	0	0	0	1	0	S
NMDC20584085	1	0	0	0	0	1	0	0	0	1	0	1	0	0	1	1	1	0	1	0	S
NMDC20551283	0	0	0	0	0	0	0	0	0	1	0	1	0	0	1	1	0	0	1	0	S
NMDC20553306	0	0	0	0	0	0	0	0	0	0	1	1	0	1	1	0	0	0	1	0	S
NMDC20584086	0	0	0	0	0	0	0	0	0	0	1	1	0	1	1	0	0	0	1	0	S
NMDC20584087	0	0	0	0	0	0	0	0	0	0	1	1	0	1	1	0	0	0	1	0	S
NMDC20555296	0	0	0	0	0	0	0	0	0	0	1	1	0	1	1	0	0	0	1	0	S
NMDC20553307	0	0	0	0	0	0	0	0	0	0	1	1	0	1	1	0	0	0	1	0	S
NMDC20584088	0	0	0	0	0	0	0	0	0	0	1	1	0	1	1	0	0	0	1	0	S
NMDC20555297	0	0	0	0	0	0	0	0	0	0	1	1	0	1	1	0	0	0	1	0	S
NMDC20584089	0	0	0	0	0	0	0	0	0	0	1	1	0	1	1	0	0	0	1	0	S
NMDC20551286	0	0	0	0	0	0	0	0	0	1	0	1	0	0	1	1	0	0	1	0	S
NMDC20551284	0	0	0	0	0	0	0	0	0	0	1	1	0	1	1	0	0	0	1	0	S
NMDC20584090	0	0	0	0	0	0	0	0	0	0	1	1	0	1	1	0	0	0	1	0	S
NMDC20584091	0	0	0	0	0	0	0	0	0	0	1	1	0	1	1	0	0	0	1	0	S
NMDC20584092	0	0	0	0	0	0	0	0	0	0	1	1	0	1	1	0	0	0	1	0	S
NMDC20555298	0	0	0	0	0	0	0	0	0	1	0	1	0	0	1	1	0	0	1	0	S
NMDC20584094	0	0	0	0	0	0	0	0	0	1	0	1	0	0	1	1	0	0	1	0	S
NMDC20584095	1	0	0	0	0	0	0	0	0	1	0	1	0	0	1	1	0	0	1	0	S
NMDC20584097	0	0	0	0	1	0	0	0	0	1	0	1	0	0	1	0	0	0	1	0	S
NMDC20551287	0	0	0	0	0	0	0	0	0	0	1	1	0	1	1	0	0	0	1	0	S
NMDC20584100	0	0	0	0	0	0	0	0	0	0	1	1	0	1	1	0	0	0	1	0	S
NMDC20584102	0	0	0	0	0	0	0	0	0	0	1	1	0	1	1	0	0	0	1	0	S
NMDC20553309	0	0	0	0	0	0	0	0	0	0	1	1	0	1	1	0	0	0	1	0	S
NMDC20557311	0	0	0	1	1	0	0	0	0	1	0	0	0	0	1	0	0	0	1	0	S
NMDC20584103	0	0	0	0	0	0	0	0	0	1	0	1	0	0	1	1	0	0	1	0	S
NMDC20555301	0	0	0	0	0	0	0	0	0	1	0	1	0	0	1	1	0	0	1	0	S
NMDC20557312	1	1	1	0	0	0	0	0	0	1	0	1	0	0	1	1	0	0	1	0	S
NMDC20584105	0	0	0	0	1	0	0	0	0	1	0	1	0	0	0	0	0	0	1	0	S
NMDC20551293	0	0	0	0	0	0	0	0	0	0	1	1	0	1	1	0	0	0	1	0	S
NMDC20555302	0	0	0	1	1	0	0	0	0	1	0	0	0	0	1	0	0	0	1	0	S
NMDC20555303	0	0	0	0	0	0	0	0	0	1	1	1	0	0	1	1	0	0	1	0	S
NMDC20584107	0	0	0	0	0	0	0	0	0	0	1	1	0	1	1	0	0	0	1	0	S
NMDC20551292	0	0	0	0	0	0	0	0	0	1	0	1	0	0	1	1	0	0	1	0	S
NMDC20553312	0	0	0	0	0	0	0	0	0	1	0	1	0	0	0	0	0	0	0	0	S
NMDC20584110	0	0	0	0	0	0	0	0	0	0	1	1	0	1	1	0	0	0	1	0	S
NMDC20551295	0	0	0	0	0	0	0	0	0	1	0	1	0	0	1	1	0	0	1	0	S
NMDC20551296	1	0	0	0	0	0	0	0	0	1	0	1	0	0	1	1	0	0	1	0	S
NMDC20584111	0	0	0	1	0	0	0	0	0	1	0	0	0	0	1	1	0	0	1	0	S
NMDC20551297	0	0	0	0	0	0	0	0	0	1	1	1	0	0	1	1	0	0	1	0	S
NMDC20551298	1	0	0	1	0	0	0	0	0	0	1	1	0	0	1	0	0	0	0	0	S
NMDC20551300	0	0	0	0	0	0	0	0	0	0	1	1	0	1	1	0	0	0	1	0	S
NMDC20553313	1	0	0	0	0	1	0	0	0	1	0	1	0	0	1	1	1	0	1	0	S
NMDC20584115	0	0	0	0	1	0	0	0	0	1	0	0	0	0	0	0	0	0	1	0	S
NMDC20557313	0	0	0	1	0	0	0	0	0	1	0	1	0	0	0	0	0	0	1	0	S
NMDC20553314	0	0	0	0	0	0	0	0	0	0	1	1	0	1	1	0	0	0	1	0	S
NMDC20584117	0	0	0	0	0	0	0	0	0	0	0	0	0	0	1	0	0	0	1	0	S
NMDC20557314	0	0	0	0	1	0	0	0	0	0	0	0	0	0	1	0	0	0	1	0	S
NMDC20551301	0	0	0	0	0	0	0	0	0	1	0	1	0	0	1	1	0	0	1	0	S
NMDC20555307	0	0	0	0	0	0	0	0	0	1	0	1	0	0	1	1	0	0	1	0	S
NMDC20584118	0	0	0	0	0	0	0	0	0	0	1	1	0	1	1	0	0	0	1	0	S
NMDC20584119	0	0	0	1	0	0	0	0	0	1	0	0	0	0	1	1	0	0	1	0	S
NMDC20557315	0	0	0	0	0	0	0	0	0	0	1	1	0	1	1	0	0	0	1	0	S
NMDC20584120	0	0	0	0	0	0	0	0	0	0	1	1	0	1	1	0	0	0	1	0	S
NMDC20553316	0	0	0	1	0	0	0	0	0	1	0	1	0	0	0	0	0	0	1	0	S
NMDC20584121	0	0	0	0	0	0	0	0	0	1	0	1	0	0	1	1	0	0	1	0	S
NMDC20553318	0	0	0	0	1	0	0	0	0	1	0	0	0	0	0	0	0	0	1	0	S
NMDC20584125	0	0	0	0	0	0	0	0	0	0	0	1	0	0	1	0	0	0	1	0	S
NMDC20584126	0	0	0	0	0	0	0	0	0	1	0	1	0	0	1	1	0	0	1	0	S
NMDC20557317	0	0	0	0	0	0	0	0	0	0	1	1	0	1	1	0	0	0	1	0	S
NMDC20551305	0	0	0	0	1	0	0	0	0	1	0	1	0	0	0	0	0	0	1	0	S
NMDC20555309	0	0	0	0	1	0	0	0	0	1	0	1	0	0	0	0	0	0	1	0	S
NMDC20553321	0	0	0	0	0	0	0	0	0	1	1	1	0	0	1	1	0	0	1	0	S
NMDC20557318	0	0	0	0	0	0	0	0	0	0	1	1	0	1	1	0	0	0	1	0	S
NMDC20555315	1	1	0	0	0	0	0	0	0	1	0	1	0	0	1	1	0	0	1	0	S
NMDC20553323	0	0	0	0	0	0	0	0	0	0	1	1	0	1	1	0	0	0	1	0	S
NMDC20555312	0	0	0	0	0	0	0	0	0	1	0	1	0	0	1	1	0	0	1	0	S
NMDC20557319	0	0	0	0	0	0	0	0	0	0	1	1	0	1	1	0	0	0	1	0	S
NMDC20553324	0	0	0	0	0	0	0	0	0	0	1	1	0	1	1	0	0	0	1	0	S
NMDC20584130	1	0	0	1	0	1	0	0	0	1	0	0	0	0	1	1	0	0	1	0	S
NMDC20553325	0	0	0	0	0	0	0	0	0	1	0	1	0	0	1	1	0	0	1	0	S
NMDC20553326	0	0	0	0	0	0	0	0	0	1	0	1	0	0	1	1	0	0	1	0	S
NMDC20584131	1	0	0	1	0	0	0	0	0	0	1	1	0	0	1	0	1	0	1	0	S
NMDC20555316	1	0	0	0	0	0	0	0	0	1	0	1	0	0	1	1	0	0	1	0	S
NMDC20553328	0	0	0	0	0	0	0	0	0	1	0	1	0	0	1	1	0	0	1	0	S
NMDC20557320	0	0	0	1	0	0	0	0	0	1	0	1	0	0	1	0	0	0	1	0	S
NMDC20551307	0	0	0	1	0	0	0	0	0	1	0	1	0	0	1	0	0	0	1	0	S
NMDC20584133	0	0	0	0	0	0	0	0	0	0	1	1	0	1	1	0	0	0	1	0	S
NMDC20555318	0	0	0	0	0	0	0	0	0	1	0	1	0	0	1	1	0	0	1	0	S
NMDC20551308	0	0	0	0	0	0	0	0	0	1	0	1	0	0	1	1	0	0	1	0	S
NMDC20584136	1	0	0	1	0	0	0	0	0	0	1	1	0	0	1	0	1	0	1	0	S
NMDC20555320	1	0	0	0	0	0	0	0	0	1	0	1	0	0	1	1	1	0	1	0	S
NMDC20553331	0	0	0	0	0	0	0	0	0	1	0	1	0	0	1	1	0	0	1	0	S
NMDC20551309	0	0	0	0	0	0	0	0	0	1	0	1	0	0	1	1	0	0	1	0	S
NMDC20553330	0	0	0	0	0	0	0	0	0	0	1	1	0	1	1	0	0	0	1	0	S
NMDC20555321	0	0	0	0	0	0	0	0	0	1	0	1	0	0	1	1	0	0	1	0	S
NMDC20584137	0	0	0	1	0	0	0	0	0	1	0	1	0	0	1	0	0	0	1	0	S
NMDC20584138	0	0	0	0	0	0	0	0	0	0	1	1	0	1	1	0	0	0	1	0	S
NMDC20584139	0	0	0	1	0	0	0	0	0	0	0	1	0	0	1	0	0	0	0	0	S
NMDC20584140	0	1	0	1	0	0	0	1	0	1	0	1	0	0	1	0	0	0	1	0	S
NMDC20584141	0	0	0	0	0	0	0	0	0	0	1	1	0	1	1	0	0	0	1	0	S
NMDC20584142	0	0	0	1	0	0	0	0	0	0	0	1	0	0	1	0	0	0	0	0	S
NMDC20584145	0	0	0	0	0	0	0	0	0	0	1	1	0	1	1	0	0	0	1	0	S
NMDC20584147	0	0	0	0	1	0	0	0	0	0	0	0	0	0	0	0	0	0	1	0	S
NMDC20557330	0	0	0	0	0	0	0	0	0	1	1	1	0	0	1	1	0	0	1	0	S
NMDC20553332	0	0	0	0	0	0	0	0	0	1	0	1	0	0	1	1	0	0	1	0	S
NMDC20551312	0	0	0	1	0	0	0	0	0	1	0	1	0	0	1	0	0	0	1	0	S
NMDC20584148	0	0	0	0	1	0	0	0	0	1	0	1	0	0	0	0	0	0	1	0	S
NMDC20553333	0	0	0	0	0	0	0	0	0	1	0	1	0	0	1	1	0	0	1	0	S
NMDC20557329	0	0	0	0	0	0	0	0	0	1	0	1	0	0	1	1	0	0	1	0	S
NMDC20551314	0	0	0	0	0	0	0	0	0	1	0	1	0	0	1	1	0	0	1	0	S
NMDC20555326	0	0	0	0	0	0	0	0	0	1	0	1	0	0	1	1	0	0	1	0	S
NMDC20584152	0	0	0	0	0	0	0	0	0	0	1	1	0	1	1	0	0	0	1	0	S
NMDC20584153	0	0	0	0	0	0	0	0	0	0	1	1	0	1	1	0	0	0	1	0	S
NMDC20555329	0	0	0	0	0	0	0	0	0	0	1	1	0	1	1	0	0	0	1	0	S
NMDC20557332	0	0	0	0	0	0	0	0	0	1	0	1	0	0	1	1	0	0	1	0	S
NMDC20557333	0	0	0	0	0	0	0	0	0	1	0	1	0	0	1	1	0	0	1	0	S
NMDC20584156	0	0	0	0	0	0	0	0	0	0	1	1	0	1	1	0	0	0	1	0	S
NMDC20584157	1	0	0	0	0	0	0	0	0	1	0	1	0	0	0	1	1	0	1	0	S
NMDC20555330	1	0	0	0	0	0	0	0	0	1	0	1	0	0	0	1	1	0	1	0	S
NMDC20557334	0	0	0	0	0	0	0	0	0	0	1	1	0	1	1	0	0	0	1	0	S
NMDC20584158	1	0	0	1	0	0	0	0	0	1	0	1	0	0	1	0	0	0	1	0	S
NMDC20551317	0	0	0	0	0	0	0	0	0	0	1	1	0	1	1	0	0	0	1	0	S
NMDC20584160	0	0	0	0	0	0	0	0	0	0	1	1	0	1	1	0	0	0	1	0	S
NMDC20551319	0	0	0	0	0	0	0	0	0	1	0	1	0	0	1	1	0	0	1	0	S
NMDC20551318	0	0	0	0	0	0	0	0	0	0	1	1	0	1	1	0	0	0	1	0	S
NMDC20584161	0	0	0	1	0	0	0	0	0	1	0	1	0	0	1	0	0	0	1	0	S
NMDC20584162	1	0	0	0	0	0	0	0	0	1	0	1	0	0	1	1	0	0	1	0	S
NMDC20584163	0	0	0	0	0	0	0	0	0	0	1	1	0	1	1	0	0	0	1	0	S
NMDC20584164	0	0	0	0	0	0	0	0	0	1	0	1	0	0	1	1	0	0	1	0	S
NMDC20553340	0	0	0	0	0	0	0	0	0	1	0	1	0	0	1	1	0	0	1	0	S
NMDC20584165	1	0	0	0	0	0	0	0	0	1	0	1	0	0	1	1	0	0	1	0	S
NMDC20557335	0	0	0	0	0	0	0	0	0	1	0	1	0	0	1	1	0	0	1	0	S
NMDC20557336	0	0	0	0	0	0	0	0	0	0	1	1	0	1	1	0	0	0	1	0	S
NMDC20553341	0	0	0	0	0	0	0	0	0	1	0	1	0	0	1	1	0	0	1	0	S
NMDC20557338	1	0	0	0	0	0	1	0	0	1	0	1	1	0	1	1	0	0	1	0	S
NMDC20557339	0	0	0	1	0	0	0	0	0	1	1	1	0	0	1	0	0	0	1	0	S
NMDC20584167	0	0	0	0	0	0	0	0	0	1	0	1	0	0	1	1	0	0	1	0	S
NMDC20584168	0	0	0	0	0	0	0	0	0	1	0	1	0	0	1	1	0	0	1	0	S
NMDC20551320	0	0	0	0	0	0	0	0	0	1	0	1	0	0	1	1	0	0	1	0	S
NMDC20584169	1	0	0	1	0	0	0	0	0	1	0	0	0	0	1	1	0	0	1	0	S
NMDC20555334	1	0	0	0	0	0	0	0	0	1	1	1	0	0	1	0	0	0	1	0	S
NMDC20553345	0	0	0	0	0	0	0	0	0	1	0	1	0	0	1	1	0	0	1	0	S
NMDC20584170	0	0	0	0	0	0	0	0	0	1	0	1	0	0	0	1	0	0	1	0	S
NMDC20553346	0	0	0	0	0	0	0	0	0	0	1	1	0	1	1	0	0	0	1	0	S
NMDC20584172	0	0	0	0	0	0	0	0	0	1	0	1	0	0	1	1	0	0	1	0	S
NMDC20555337	0	0	0	0	0	0	0	0	0	1	0	1	0	0	1	1	0	0	1	0	S
NMDC20551325	1	0	0	0	1	1	0	0	0	1	0	1	0	0	1	0	1	0	1	0	S
NMDC20584173	0	0	0	0	0	0	0	0	0	1	0	1	0	0	1	1	0	0	1	0	S
NMDC20584175	0	0	0	0	0	0	0	0	0	1	0	1	0	0	0	0	0	0	0	0	S
NMDC20553347	0	0	0	0	0	0	0	0	0	1	0	1	0	0	1	1	0	0	1	0	S
NMDC20584178	1	0	0	0	0	0	0	0	0	1	0	1	0	0	0	1	1	0	1	0	S
NMDC20557343	0	0	0	0	0	0	0	0	0	0	1	1	0	1	1	0	0	0	1	0	S
NMDC20584181	0	0	0	0	0	0	0	0	0	0	1	1	0	1	1	0	0	0	1	0	S
NMDC20555343	0	0	0	0	0	0	0	0	0	0	1	1	0	1	1	0	0	0	1	0	S
NMDC20555340	0	0	0	0	0	0	0	0	0	0	1	1	0	1	1	0	0	0	1	0	S
NMDC20584182	0	0	0	0	0	0	0	0	0	0	1	1	0	1	1	0	0	0	1	0	S
NMDC20584183	0	0	0	0	0	0	0	0	0	0	1	1	0	1	1	0	0	0	1	0	S
NMDC20551328	0	0	0	0	0	0	0	0	0	1	0	1	0	0	1	0	0	0	1	0	S
NMDC20557345	0	0	0	0	0	0	0	0	0	1	0	1	0	0	1	1	0	0	1	0	S
NMDC20553352	0	0	0	0	0	0	0	0	0	1	0	1	0	0	1	1	0	0	1	0	S
NMDC20584187	0	0	0	1	0	0	0	0	0	1	0	1	0	0	1	0	0	0	1	0	S
NMDC20557346	0	0	0	0	0	0	0	0	0	0	1	1	0	1	1	0	0	0	1	0	S
NMDC20551330	0	0	0	0	0	0	0	0	0	0	1	1	0	1	1	0	0	0	1	0	S
NMDC20555366	0	0	0	0	0	0	0	0	0	1	0	1	0	0	1	1	0	0	1	0	S
NMDC20557347	0	0	0	0	0	0	0	0	0	0	1	1	0	1	1	0	0	0	1	0	S
NMDC20584191	0	0	0	0	0	0	0	0	0	0	1	1	0	1	1	0	0	0	1	0	S
NMDC20584192	0	0	0	0	0	0	0	0	0	1	0	1	0	0	1	1	0	0	1	0	S
NMDC20584193	0	0	0	0	0	0	0	0	0	0	1	1	0	1	1	0	0	0	1	0	S
NMDC20584194	0	0	0	0	0	0	0	0	0	1	0	1	0	0	1	1	0	0	1	0	S
NMDC20555348	1	1	0	0	0	0	0	0	0	1	0	1	0	0	1	1	0	0	1	0	S
NMDC20555349	0	0	0	0	0	0	0	0	0	0	1	1	0	1	1	0	0	0	1	0	S
NMDC20584195	0	0	0	0	0	0	0	0	0	1	0	1	0	0	0	1	0	0	1	0	S
NMDC20584197	0	0	0	0	0	0	0	0	0	1	0	1	0	0	1	1	0	0	1	0	S
NMDC20557348	0	0	0	0	0	0	0	0	0	1	0	1	0	0	1	1	0	0	1	0	S
NMDC20555351	0	0	0	1	0	0	0	0	0	0	1	1	0	0	1	0	0	0	1	0	S
NMDC20551333	0	0	0	0	0	0	0	0	0	1	0	1	0	0	1	1	0	0	1	0	S
NMDC20553356	0	0	0	0	0	0	0	0	0	1	0	1	0	0	1	1	0	0	1	0	S
NMDC20551336	0	0	0	0	0	0	0	0	0	0	1	1	0	1	1	0	0	0	1	0	S
NMDC20557350	0	0	0	0	0	0	0	0	0	0	1	1	0	1	1	0	0	0	1	0	S
NMDC20553359	0	0	0	0	0	0	0	0	0	1	0	1	0	0	1	0	0	0	1	0	S
NMDC20555355	0	0	0	0	0	0	0	0	0	0	1	1	0	1	1	0	0	0	1	0	S
NMDC20553360	0	0	0	0	0	0	0	0	0	0	1	1	0	1	1	0	0	0	1	0	S
NMDC20555356	0	0	0	0	0	0	0	0	0	0	1	1	0	1	1	0	0	0	1	0	S
NMDC20555357	1	0	0	0	0	0	1	0	0	1	0	1	1	0	1	1	0	0	1	0	S
NMDC20555358	1	1	0	0	0	0	0	0	0	1	0	1	0	0	1	1	0	0	1	0	S
NMDC20553361	0	0	0	0	0	0	0	0	0	0	1	1	0	1	1	0	0	0	1	0	S
NMDC20551338	1	0	0	0	0	0	0	0	0	1	0	1	0	0	1	1	1	0	1	0	S
NMDC20557353	1	0	0	0	0	0	0	0	0	1	0	1	0	0	1	1	1	0	1	0	S
NMDC20557355	0	0	0	0	0	0	0	0	0	1	1	1	0	0	1	1	0	0	1	0	S
NMDC20584203	0	0	0	0	0	0	0	0	0	0	1	1	0	1	1	0	0	0	1	0	S
NMDC20557358	0	0	0	0	0	0	0	0	0	0	1	1	0	1	1	0	0	0	1	0	S
NMDC20584205	0	0	0	0	1	0	0	0	0	1	0	1	0	0	1	0	0	0	1	0	S
NMDC20584206	0	0	0	1	0	0	0	0	0	1	0	1	0	0	0	0	0	0	1	0	S
NMDC20584207	0	0	0	0	0	0	0	0	0	1	0	1	0	0	1	1	0	0	1	0	S
NMDC20584208	1	0	0	0	0	0	1	0	0	1	0	1	1	0	1	1	0	0	1	0	S
NMDC20557359	0	0	0	0	0	0	0	0	0	1	0	1	0	0	1	1	0	0	1	0	S
NMDC20584209	0	0	0	0	0	0	0	0	0	0	1	1	0	0	1	0	0	0	1	0	S
NMDC20553366	0	0	0	0	0	0	0	0	0	1	0	1	0	0	1	1	0	0	1	0	S
NMDC20584211	0	0	0	0	0	0	0	0	0	1	0	1	0	0	1	1	0	0	1	0	S
NMDC20551343	0	0	0	0	0	0	0	0	0	1	0	1	0	0	1	1	0	0	1	0	S
NMDC20553367	0	0	0	0	0	0	0	0	0	1	0	1	0	0	1	1	0	0	1	0	S
NMDC20551344	1	0	0	0	0	0	1	0	0	1	0	1	1	0	1	1	0	0	1	0	S
NMDC20557363	0	0	0	0	0	0	0	0	0	0	1	1	0	1	1	0	0	0	1	0	S
NMDC20551345	1	1	0	0	0	0	0	0	0	1	0	1	0	0	1	0	0	0	1	0	S
NMDC20557364	0	0	0	0	0	0	0	1	0	1	0	0	0	0	1	1	0	0	1	0	S
NMDC20584218	0	0	0	1	0	0	0	0	0	1	0	1	0	0	1	0	0	0	0	0	S
NMDC20553370	0	0	0	0	0	0	0	0	0	1	0	1	0	0	1	1	0	0	1	0	S
NMDC20555370	0	0	0	0	0	0	0	0	0	0	1	1	0	1	1	0	0	0	1	0	S
NMDC20557369	0	0	0	0	0	0	0	0	0	0	1	1	0	1	1	0	0	0	1	0	S
NMDC20553372	0	0	0	0	0	0	0	0	0	1	0	1	0	0	1	1	0	0	1	0	S
NMDC20584220	0	0	0	0	0	0	0	0	0	1	0	1	0	0	1	1	0	0	1	0	S
NMDC20555372	0	0	0	0	0	0	0	0	0	0	1	1	0	1	1	0	0	0	1	0	S
NMDC20584222	0	0	0	0	0	0	0	0	0	1	0	1	0	0	1	1	0	0	1	0	S
NMDC20553373	0	0	0	0	1	0	0	0	0	1	0	1	0	0	1	0	0	0	1	0	S
NMDC20551347	0	0	0	0	1	0	0	0	0	1	0	1	0	0	1	0	0	0	1	0	S
NMDC20551351	0	0	0	0	0	0	0	0	0	1	0	1	0	0	1	1	0	0	1	0	S
NMDC20584225	0	0	0	0	0	0	0	0	0	0	1	1	0	1	1	0	0	0	1	0	S
NMDC20557372	0	0	0	0	0	0	0	0	0	1	1	1	0	0	1	1	0	0	1	0	S
NMDC20551350	0	0	0	0	0	0	0	0	0	1	0	1	0	0	1	1	0	0	1	0	S
NMDC20557373	0	0	0	0	0	0	0	0	0	1	0	1	0	0	1	1	0	0	1	0	S
NMDC20584228	0	0	0	0	0	0	0	0	0	1	0	1	0	0	1	1	0	0	1	0	S
NMDC20584229	0	0	0	0	0	0	0	0	0	1	0	1	0	0	1	1	0	0	1	0	S
NMDC20557374	0	0	0	0	0	0	0	0	0	1	0	1	0	0	1	1	0	0	1	0	S
NMDC20584230	0	0	0	0	0	0	0	0	0	1	0	1	0	0	1	1	0	0	1	0	S
NMDC20551352	0	0	0	0	0	0	0	0	0	1	0	1	0	0	1	0	0	0	1	0	S
NMDC20557375	0	0	0	0	0	0	0	0	0	1	0	1	0	0	1	1	0	0	1	0	S
NMDC20584231	1	0	0	0	0	0	1	0	0	1	0	1	1	0	1	1	0	0	1	0	S
NMDC20584232	0	0	0	1	0	0	0	0	0	1	0	1	0	0	1	1	0	0	1	0	S
NMDC20553378	0	0	0	0	0	0	0	0	0	0	1	1	0	1	1	0	0	0	1	0	S
NMDC20553381	0	0	0	1	0	0	0	0	0	1	0	1	0	0	1	0	0	0	0	0	S
NMDC20555380	0	0	0	0	1	0	0	0	0	1	0	1	0	0	0	0	0	0	1	0	S
NMDC20553383	1	1	0	0	0	0	0	0	0	1	0	1	0	0	1	1	0	0	1	0	S
NMDC20584243	0	0	0	0	0	0	0	0	0	1	0	1	0	0	1	1	0	0	1	0	S
NMDC20555377	0	0	0	0	0	0	0	0	0	1	0	1	0	0	1	1	0	0	1	0	S
NMDC20555378	0	0	0	0	0	0	0	0	0	1	0	1	0	0	0	0	0	0	0	0	S
NMDC20555379	0	0	0	0	0	0	0	0	0	1	0	1	0	0	1	1	0	0	1	0	S
NMDC20584244	0	0	0	0	0	0	0	0	0	0	1	1	0	1	1	0	0	0	1	0	S
NMDC20553385	0	0	0	0	0	0	0	0	0	1	0	1	0	0	1	1	0	0	1	0	S
NMDC20584245	0	0	0	0	0	0	0	0	0	0	0	0	0	0	1	0	0	0	1	0	S
NMDC20553387	0	0	0	0	0	0	0	0	0	1	0	1	0	0	1	1	0	0	1	0	S
NMDC20584247	1	0	0	0	0	0	0	0	0	1	1	1	0	0	1	1	0	0	1	0	S
NMDC20555381	0	0	0	0	0	0	0	0	0	0	1	1	0	1	1	0	0	0	1	0	S
NMDC20551359	0	0	0	1	0	0	0	0	0	1	0	0	0	0	1	1	0	0	1	0	S
NMDC20553389	1	1	1	0	0	0	0	0	0	1	0	1	0	0	1	1	0	0	1	0	S
NMDC20584252	1	0	0	0	0	0	0	0	0	1	0	1	0	0	1	1	1	0	1	0	S
NMDC20557382	0	0	0	0	0	0	0	0	0	0	1	1	0	1	1	0	0	0	1	0	S
NMDC20553391	0	0	0	0	0	0	0	0	0	1	0	1	0	0	1	1	0	0	1	0	S
NMDC20555384	0	0	0	0	1	0	0	0	0	1	0	1	0	0	1	0	0	0	1	0	S
NMDC20551361	1	0	0	0	0	0	1	0	0	1	0	1	1	0	1	1	0	0	1	0	S
NMDC20555385	0	0	0	0	0	0	0	0	0	1	0	1	0	0	1	1	0	0	1	0	S
NMDC20553394	0	1	0	1	0	0	0	1	0	1	0	1	0	0	1	0	0	0	1	0	S
NMDC20551362	0	0	0	0	0	0	0	0	0	0	1	1	0	1	1	0	0	0	1	0	S
NMDC20584260	0	0	0	0	0	0	0	0	0	0	1	1	0	1	1	0	0	0	1	0	S
NMDC20557388	1	0	0	0	0	0	0	0	0	1	0	1	0	0	1	1	0	0	1	0	S
NMDC20551364	0	0	0	1	0	0	0	0	0	1	0	1	0	0	1	0	0	0	1	0	S
NMDC20557389	1	0	0	0	0	1	0	0	0	1	0	1	0	0	1	1	1	0	1	0	S
NMDC20557390	0	0	0	0	0	0	0	0	0	1	0	1	0	0	1	1	0	0	1	0	S
NMDC20584263	0	0	0	1	0	0	0	0	0	0	0	0	0	0	1	0	0	0	1	0	S
NMDC20551365	0	0	0	0	0	0	0	0	0	0	1	1	0	1	1	0	0	0	1	0	S
NMDC20555387	1	0	0	0	0	1	0	0	0	1	0	1	0	0	1	1	1	0	1	0	S
NMDC20584264	0	0	0	0	0	0	0	0	0	1	0	1	0	0	1	1	0	0	1	0	S
NMDC20557391	0	0	0	0	0	0	0	0	0	1	0	1	0	0	1	1	0	0	1	0	S
NMDC20551370	0	0	0	0	0	0	0	0	0	0	1	1	0	1	1	0	0	0	1	0	S
NMDC20584265	0	0	0	0	0	0	0	0	0	1	0	1	0	0	1	1	0	0	0	0	S
NMDC20584266	0	0	0	0	0	0	0	0	0	1	0	1	0	0	1	1	0	0	1	0	S
NMDC20555388	0	0	0	0	0	0	0	0	0	0	1	1	0	1	1	0	0	0	1	0	S
NMDC20555389	1	0	0	0	0	1	0	0	0	1	0	1	0	0	1	0	1	0	1	0	S
NMDC20551367	0	0	0	0	0	0	0	0	0	1	0	1	0	0	1	1	0	0	1	0	S
NMDC20584268	0	0	0	0	0	0	0	0	0	0	1	1	0	1	1	0	0	0	1	0	S
NMDC20557394	0	0	0	0	0	0	0	0	0	1	0	1	0	0	1	1	0	0	1	0	S
NMDC20555391	0	0	0	1	0	0	0	0	0	0	0	0	0	0	1	0	0	0	1	0	S
NMDC20553397	0	0	0	0	0	0	0	0	0	1	0	1	0	0	1	1	0	0	1	0	S
NMDC20551368	0	0	0	0	0	0	0	0	0	0	1	1	0	1	1	0	0	0	1	0	S
NMDC20553399	0	0	0	0	0	0	0	0	0	1	0	1	0	0	1	1	0	0	1	0	S
NMDC20584272	0	0	0	0	0	0	0	0	0	1	1	1	0	0	1	1	0	0	1	0	S
NMDC20551369	0	0	0	0	0	0	0	0	0	1	0	1	0	0	1	1	0	0	1	0	S
NMDC20557395	0	0	0	0	0	0	0	0	0	0	1	1	0	1	1	0	0	0	1	0	S
NMDC20555395	0	0	0	1	0	0	0	0	0	1	0	1	0	0	1	0	0	0	1	0	S
NMDC20584273	0	0	0	0	0	0	0	0	0	1	0	1	0	0	1	1	0	0	1	0	S
NMDC20551371	0	0	0	0	1	0	0	0	0	1	0	0	0	0	0	0	0	0	1	0	S
NMDC20584274	0	0	0	0	0	0	0	0	0	1	0	1	0	0	1	1	0	0	1	0	S
NMDC20584276	0	0	0	1	0	0	0	0	0	1	0	1	0	0	1	0	0	0	0	0	S
NMDC20557398	0	0	0	1	0	0	0	0	0	1	0	1	0	0	1	0	0	0	0	0	S
NMDC20584277	0	0	0	1	0	0	0	0	0	1	1	1	0	0	1	0	0	0	1	0	S
NMDC20584278	0	0	0	0	0	0	0	0	0	1	1	1	0	0	1	1	0	0	1	0	S
NMDC20557399	0	0	0	0	0	0	0	0	0	1	0	1	0	0	1	1	0	0	1	0	S
NMDC20551374	0	0	0	0	0	0	0	0	0	1	0	1	0	0	1	1	0	0	1	0	S
NMDC20584286	0	0	0	1	1	0	0	0	0	1	0	0	0	0	1	1	0	0	1	0	S
NMDC20551375	0	0	0	0	0	0	0	0	0	0	1	1	0	1	1	0	0	0	1	0	S
NMDC20553403	0	0	0	0	0	0	0	0	0	0	0	0	0	0	1	0	0	0	1	0	S
NMDC20557400	0	0	0	0	0	0	0	0	0	1	0	1	0	0	1	1	0	0	1	0	S
NMDC20584297	0	0	0	0	0	0	0	0	0	1	0	1	0	0	1	1	0	0	1	0	S
NMDC20584299	1	0	0	0	0	0	0	0	0	1	0	1	0	0	1	1	0	0	1	0	S
NMDC20551376	0	0	0	0	0	0	0	0	0	0	1	1	0	1	1	0	0	0	1	0	S
NMDC20584301	0	0	0	0	0	0	0	0	0	1	0	1	0	0	1	1	0	0	1	0	S
NMDC20584303	0	0	0	0	0	0	0	0	0	0	0	1	0	0	1	0	0	0	0	0	S
NMDC20557403	1	0	0	0	0	0	1	0	0	1	0	1	1	0	1	1	0	0	1	0	S
NMDC20551378	0	1	0	1	0	0	0	0	0	1	0	1	0	0	1	0	0	0	0	0	S
NMDC20584305	0	0	0	0	0	0	0	0	0	1	0	1	0	0	1	1	0	0	0	0	S
NMDC20555400	0	0	0	0	0	0	0	0	0	1	0	1	0	0	1	1	0	0	1	0	S
NMDC20555401	1	0	0	0	0	1	0	0	0	1	0	1	0	0	1	1	0	0	1	0	S
NMDC20555402	1	1	0	0	0	0	0	0	0	1	0	1	0	0	1	1	0	0	1	0	S
NMDC20584306	0	0	0	1	0	0	0	0	0	1	0	1	0	0	1	0	0	0	0	0	S
NMDC20584307	0	1	0	1	0	0	0	0	0	1	0	0	0	0	1	1	0	0	1	0	S
NMDC20555403	0	0	0	0	0	0	0	0	0	1	0	1	0	0	1	1	0	0	1	0	S
NMDC20553404	0	0	0	1	0	0	0	0	0	1	0	1	0	0	1	0	0	0	0	0	S
NMDC20557405	0	0	0	0	0	0	0	0	0	1	0	1	0	0	1	1	0	0	1	0	S
NMDC20584310	0	0	0	0	1	0	0	0	0	1	0	0	0	0	0	0	0	0	1	0	S
NMDC20555405	0	1	0	1	0	0	0	1	0	1	0	1	0	0	1	0	0	0	1	0	S
NMDC20584312	0	0	0	0	0	0	0	0	0	0	0	0	0	0	1	0	0	0	1	0	S
NMDC20557409	0	0	0	0	0	0	0	0	0	1	0	1	0	0	1	1	0	0	1	0	S
NMDC20551381	1	1	0	1	0	0	0	0	0	1	0	0	0	0	1	1	0	0	1	0	S
NMDC20551382	1	0	0	0	0	0	0	0	0	1	0	1	0	0	1	1	1	0	1	0	S
NMDC20557411	1	0	0	0	0	1	0	0	0	1	0	1	0	0	1	1	1	0	1	0	S
NMDC20551384	1	0	0	1	0	0	0	0	0	0	1	1	0	0	1	0	1	0	1	0	S
NMDC20553406	0	0	0	0	0	0	0	0	0	0	1	1	0	1	1	0	0	0	1	0	S
NMDC20551386	1	1	0	1	0	0	0	0	0	1	0	1	0	0	1	0	0	0	1	0	S
NMDC20553408	0	0	0	1	0	0	0	0	0	1	0	0	0	0	1	1	0	0	1	0	S
NMDC20555406	0	0	0	1	0	0	0	0	0	1	0	1	0	0	1	0	0	0	1	0	S
NMDC20584314	1	1	0	1	0	0	0	0	0	1	0	0	0	0	1	1	0	0	1	0	S
NMDC20584316	0	0	0	0	0	0	0	0	0	0	0	0	0	0	1	0	0	0	1	0	S
NMDC20584317	0	0	0	0	0	0	0	0	0	1	0	1	0	0	1	1	0	0	1	0	S
NMDC20551387	0	0	0	0	0	0	0	0	0	0	0	0	0	0	1	0	0	0	1	0	S
NMDC20557415	0	0	0	1	0	0	0	0	0	1	1	1	0	0	1	0	0	0	1	0	S
NMDC20555409	1	1	0	0	0	1	0	0	0	1	0	1	0	0	1	1	0	0	1	0	S
NMDC20584319	0	0	0	0	0	0	0	0	0	1	0	1	0	0	0	1	0	0	1	0	S
NMDC20584320	1	0	0	0	0	0	0	0	0	1	0	1	0	0	1	1	0	0	1	0	S
NMDC20551388	0	0	0	0	0	0	0	0	0	1	0	1	0	0	1	1	0	0	1	0	S
NMDC20553409	0	0	0	1	0	0	0	0	0	1	0	0	0	0	1	1	0	0	1	0	S
NMDC20584324	0	0	0	1	0	0	0	0	0	1	0	0	0	0	1	1	0	0	1	0	S
NMDC20553410	1	0	0	0	0	0	0	0	0	1	0	1	0	0	1	1	0	0	1	0	S
NMDC20584326	0	0	0	1	0	0	0	0	0	1	0	0	0	0	1	1	0	0	1	0	S
NMDC20553411	0	1	0	0	0	0	0	0	0	1	1	1	0	0	1	1	0	0	1	0	S
NMDC20557417	0	0	0	0	0	0	0	0	0	0	1	1	0	1	1	0	0	0	1	0	S
NMDC20551390	0	0	0	0	0	0	0	0	0	1	0	1	0	0	1	1	0	0	1	0	S
NMDC20557418	0	0	0	0	0	0	0	0	0	1	0	1	0	0	1	1	0	0	1	0	S
NMDC20555412	0	0	0	0	0	0	0	0	0	0	1	1	0	1	1	0	0	0	1	0	S
NMDC20584335	0	0	0	0	0	0	0	0	0	1	0	1	0	0	1	1	0	0	1	0	S
NMDC20557420	0	0	0	0	0	0	0	0	0	1	0	1	0	0	1	1	0	0	1	0	S
NMDC20553414	1	1	0	0	0	0	0	0	0	1	0	1	0	0	1	1	0	0	1	0	S
NMDC20557423	0	0	0	0	0	0	0	0	0	1	1	1	0	0	1	1	0	0	1	0	S
NMDC20584337	0	0	0	0	0	0	0	0	0	1	0	1	0	0	1	1	0	0	1	0	S
NMDC20553415	1	0	0	0	0	0	1	0	0	1	0	1	0	0	1	1	0	0	1	0	S
NMDC20557422	0	0	0	0	0	0	0	0	0	1	0	1	0	0	1	1	0	0	1	0	S
NMDC20557425	1	0	0	0	0	0	1	0	0	0	0	0	0	0	1	0	0	0	1	0	S
NMDC20557424	0	0	0	0	0	0	0	0	0	1	0	1	0	0	1	1	0	0	1	0	S
NMDC20584344	0	0	0	0	0	0	0	0	0	1	0	1	0	0	0	0	0	0	0	0	S
NMDC20557426	0	0	0	0	0	0	0	0	0	1	0	1	0	0	1	1	0	0	1	0	S
NMDC20584352	0	0	0	0	0	0	0	0	0	0	1	1	0	1	1	0	0	0	1	0	S
NMDC20584353	0	0	0	0	0	0	0	0	0	0	1	1	0	1	1	0	0	0	1	0	S
NMDC20557427	0	0	0	0	0	0	0	0	0	0	1	1	0	1	1	0	0	0	1	0	S
NMDC20584354	0	1	0	1	0	0	0	1	0	1	0	1	0	0	1	0	0	0	1	0	S
NMDC20584355	0	0	0	0	0	0	0	0	0	0	1	1	0	1	1	0	0	0	1	0	S
NMDC20553424	0	0	0	0	0	0	0	0	0	0	1	1	0	1	1	0	0	0	1	0	S
NMDC20557430	1	1	0	0	0	0	0	0	0	1	0	1	0	0	1	1	0	0	1	0	S
NMDC20553421	0	0	0	0	0	0	0	0	0	0	1	1	0	1	1	0	0	0	1	0	S
NMDC20553422	1	0	0	0	1	0	0	0	0	1	0	1	0	0	1	0	0	0	1	0	S
NMDC20553423	0	0	0	0	0	0	0	0	0	0	0	1	0	0	1	0	0	0	1	0	S
NMDC20584356	0	0	0	0	0	0	0	0	0	0	1	1	0	1	1	0	0	0	1	0	S
NMDC20557432	0	0	0	0	0	0	0	0	0	0	1	1	0	1	1	0	0	0	1	0	S
NMDC20551398	0	0	0	0	0	0	0	0	0	0	1	1	0	1	1	0	0	0	1	0	S
NMDC20557433	0	0	0	0	0	0	0	0	0	0	1	1	0	1	1	0	0	0	1	0	S
NMDC20584360	0	0	0	0	0	0	0	0	0	1	0	1	0	0	0	0	0	0	0	0	S
NMDC20584361	0	0	0	0	0	0	0	0	0	0	1	1	0	1	1	0	0	0	1	0	S
NMDC20584363	0	0	0	0	0	0	0	0	0	0	1	1	0	1	1	0	0	0	1	0	S
NMDC20584364	0	0	0	0	0	0	0	0	0	1	0	1	0	0	1	1	0	0	1	0	S
NMDC20555418	0	0	0	0	0	0	0	0	0	1	0	1	0	0	1	1	0	0	1	0	S
NMDC20584365	0	1	0	0	0	0	0	0	0	1	1	1	0	0	1	1	0	0	1	0	S
NMDC20584366	0	0	0	0	0	0	0	0	0	0	1	1	0	0	1	0	0	0	1	0	S
NMDC20557437	0	0	0	0	0	0	0	0	0	0	1	1	0	1	1	0	0	0	1	0	S
NMDC20553427	0	0	0	0	0	0	0	0	0	0	1	1	0	1	1	0	0	0	1	0	S
NMDC20584369	0	0	0	0	0	0	0	0	0	1	0	1	0	0	1	1	0	0	1	0	S
NMDC20584370	0	0	0	0	0	0	0	0	0	0	1	1	0	1	1	0	0	0	1	0	S
NMDC20584372	0	0	0	0	0	0	0	0	0	1	1	1	0	0	1	1	0	0	1	0	S
NMDC20584373	0	0	0	0	0	0	0	0	0	1	1	1	0	0	1	1	0	0	1	0	S
NMDC20555420	1	0	0	0	0	0	0	0	0	0	1	1	0	1	1	0	0	0	1	0	S
NMDC20555422	0	0	0	0	0	0	0	0	0	0	1	1	0	1	1	0	0	0	1	0	S
NMDC20551400	0	0	0	0	0	0	0	0	0	0	1	1	0	1	1	0	0	0	1	0	S
NMDC20584374	1	0	0	0	0	0	0	0	0	1	0	1	0	0	1	1	0	0	1	0	S
NMDC20557438	0	0	0	0	0	0	0	0	0	0	1	1	0	1	1	0	0	0	1	0	S
NMDC20557439	0	0	0	0	0	0	0	0	0	0	1	1	0	1	1	0	0	0	1	0	S
NMDC20553430	0	0	0	0	0	0	0	0	0	0	1	1	0	1	1	0	0	0	1	0	S
NMDC20557440	0	0	0	0	0	0	0	0	0	1	0	1	0	0	1	1	0	0	1	0	S
NMDC20584375	0	0	0	1	0	0	0	0	0	0	0	0	0	0	1	0	0	0	1	0	S
NMDC20557441	0	0	0	1	0	0	0	0	0	0	0	0	0	0	1	0	0	0	1	0	S
NMDC20553431	0	0	0	0	0	0	0	0	0	1	0	1	0	0	1	1	0	0	1	0	S
NMDC20584377	0	0	0	0	0	0	0	0	0	1	0	1	0	0	1	1	0	0	1	0	S
NMDC20553433	0	0	0	0	0	0	0	0	0	1	0	1	0	0	1	1	0	0	1	0	S
NMDC20555423	0	0	0	0	0	0	0	0	0	1	0	1	0	0	1	1	0	0	1	0	S
NMDC20551401	0	0	0	0	0	0	0	0	0	0	1	1	0	1	1	0	0	0	1	0	S
NMDC20584378	0	0	0	0	0	0	0	0	0	0	1	1	0	1	1	0	0	0	1	0	S
NMDC20555424	0	0	0	1	1	0	0	0	0	1	0	0	0	0	1	0	0	0	1	0	S
NMDC20553435	0	0	0	0	0	0	0	0	0	1	0	1	0	0	1	1	0	0	1	0	S
NMDC20553436	0	0	0	0	0	0	0	0	0	0	1	1	0	1	1	0	0	0	1	0	S
NMDC20555425	0	0	0	0	0	0	0	0	0	1	0	1	0	0	1	0	0	0	0	0	S
NMDC20584380	0	1	0	0	0	0	0	0	1	0	1	1	0	1	1	0	0	0	1	1	S
NMDC20551402	0	0	0	0	0	0	0	0	0	0	1	1	0	0	1	0	0	0	1	0	S
NMDC20555426	0	0	0	1	0	0	0	0	0	1	0	0	0	0	1	1	0	0	1	0	S
NMDC20551405	0	0	0	0	0	0	0	0	0	1	0	1	0	0	1	1	0	0	1	0	S
NMDC20584383	0	0	0	0	0	0	0	0	0	0	1	1	0	1	1	0	0	0	1	0	S
NMDC20555428	0	0	0	1	0	0	0	0	0	1	1	0	0	0	0	1	0	0	1	0	S
NMDC20551406	0	0	0	0	0	0	0	0	0	1	0	1	0	0	1	1	0	0	1	0	S
NMDC20557444	0	0	0	0	0	0	0	0	0	0	1	1	0	1	1	0	0	0	1	0	S
NMDC20584387	0	0	0	0	0	0	0	0	0	0	1	1	0	1	1	0	0	0	1	0	S
NMDC20584389	0	0	0	0	0	0	0	0	0	0	1	1	0	1	1	0	0	0	1	0	S
NMDC20584390	0	0	0	0	0	0	0	0	0	1	0	1	0	0	1	1	0	0	1	0	S
NMDC20551407	0	0	0	0	0	0	0	0	0	1	0	1	0	0	1	1	0	0	1	0	S
NMDC20555429	0	0	0	0	0	0	0	0	0	0	1	1	0	1	1	0	0	0	1	0	S
NMDC20555431	0	0	0	0	0	0	0	0	0	0	1	1	0	1	1	0	0	0	1	0	S
NMDC20557446	0	0	0	0	0	0	0	0	0	0	1	1	0	1	1	0	0	0	1	0	S
NMDC20584392	0	0	0	0	0	0	0	0	0	1	1	1	0	0	1	1	0	0	1	0	S
NMDC20557448	0	0	0	0	0	0	0	0	0	0	1	1	0	1	1	0	0	0	1	0	S
NMDC20584393	0	0	0	1	1	0	0	0	0	1	0	1	0	0	1	0	0	0	1	0	S
NMDC20557449	0	0	0	0	0	0	0	0	0	1	1	1	0	0	1	1	0	0	1	0	S
NMDC20584394	0	0	0	0	0	0	0	0	0	1	0	1	0	0	1	1	0	0	1	0	S
NMDC20551409	0	0	0	0	0	0	0	0	0	0	1	1	0	1	1	0	0	0	1	0	S
NMDC20555432	0	0	0	0	0	0	0	0	0	0	1	1	0	1	1	0	0	0	1	0	S
NMDC20551410	0	0	0	0	0	0	0	0	0	1	1	1	0	0	1	1	0	0	1	0	S
NMDC20557450	0	0	0	0	0	0	0	0	0	0	1	1	0	1	1	0	0	0	1	0	S
NMDC20551414	0	0	0	0	0	0	0	0	0	0	1	1	0	1	1	0	0	0	1	0	S
NMDC20584397	0	0	0	0	0	0	0	0	0	0	1	1	0	1	1	0	0	0	1	0	S
NMDC20557451	0	0	0	0	0	0	0	0	0	0	1	1	0	0	1	0	0	0	1	0	S
NMDC20584398	0	0	0	0	0	0	0	0	0	1	0	1	0	0	1	1	0	0	1	0	S
NMDC20551411	0	0	0	0	0	0	0	0	0	1	0	1	0	0	1	1	0	0	1	0	S
NMDC20584400	1	0	0	0	0	1	0	0	0	1	0	1	0	0	1	0	1	0	1	0	S
NMDC20551413	0	0	0	1	0	0	0	0	0	1	0	1	0	0	1	0	0	0	1	0	S
NMDC20555433	0	0	0	0	0	0	0	0	0	0	0	1	0	0	1	0	0	0	1	0	S
NMDC20553441	0	0	0	0	0	0	0	0	0	0	1	1	0	1	1	0	0	0	1	0	S
NMDC20584401	0	0	0	0	0	0	0	0	0	0	1	1	0	1	1	0	0	0	1	0	S
NMDC20584403	0	0	0	0	0	0	0	0	0	1	0	1	0	0	0	0	0	0	1	0	S
NMDC20557454	0	0	0	0	0	0	0	0	0	0	1	1	0	1	1	0	0	0	1	0	S
NMDC20584404	0	0	0	0	0	0	0	0	0	0	1	1	0	1	1	0	0	0	1	0	S
NMDC20584405	0	0	0	0	0	0	0	0	0	0	1	1	0	1	1	0	0	0	1	0	S
NMDC20551415	0	0	0	0	0	0	0	0	0	0	1	1	0	1	1	0	0	0	1	0	S
NMDC20553442	0	0	0	0	0	0	0	0	0	0	1	1	0	1	1	0	0	0	1	0	S
NMDC20551416	0	0	0	0	0	0	0	0	0	1	0	1	0	0	1	1	0	0	1	0	S
NMDC20584407	0	0	0	0	0	0	0	0	0	1	0	1	0	0	1	1	0	0	1	0	S
NMDC20555436	0	0	0	0	0	0	0	0	0	0	1	1	0	1	1	0	0	0	1	0	S
NMDC20584409	0	0	0	0	0	0	0	0	0	0	1	1	0	1	1	0	0	0	1	0	S
NMDC20557455	0	0	0	0	0	0	0	0	0	1	1	1	0	0	1	1	0	0	1	0	S
NMDC20584410	0	0	0	0	0	0	0	0	0	0	1	1	0	1	1	0	0	0	1	0	S
NMDC20557458	0	0	0	0	0	0	0	0	0	0	1	1	0	1	1	0	0	0	1	0	S
NMDC20551417	0	0	0	0	0	0	0	0	0	1	0	1	0	0	1	1	0	0	1	0	S
NMDC20584414	0	0	0	0	0	0	0	0	0	0	1	1	0	1	1	0	0	0	1	0	S
NMDC20555438	0	0	0	0	0	0	0	0	0	1	0	1	0	0	1	1	0	0	1	0	S
NMDC20553443	0	0	0	0	0	0	0	0	0	0	1	1	0	1	1	0	0	0	1	0	S
NMDC20553444	0	0	0	0	0	0	0	0	0	1	0	1	0	0	1	1	0	0	1	0	S
NMDC20584415	0	0	0	0	0	0	0	0	0	1	0	1	0	0	1	1	0	0	1	0	S
NMDC20584416	0	0	0	0	0	0	0	0	0	0	1	1	0	1	1	0	0	0	1	0	S
NMDC20555439	0	0	0	0	0	0	0	0	0	0	1	1	0	1	1	0	0	0	1	0	S
NMDC20584417	0	0	0	0	0	0	0	0	0	1	0	1	0	0	1	1	0	0	1	0	S
NMDC20553446	0	0	0	0	0	0	0	0	0	1	0	1	0	0	1	1	0	0	1	0	S
NMDC20555440	0	0	0	0	0	0	0	0	0	0	1	1	0	1	1	0	0	0	1	0	S
NMDC20584419	0	0	0	1	0	0	0	0	0	1	0	1	0	0	1	0	0	0	0	0	S
NMDC20557459	1	0	0	0	0	0	0	0	0	0	1	1	0	1	1	0	0	0	1	0	S
NMDC20584420	0	0	0	0	0	0	0	0	0	1	0	1	0	0	1	1	0	0	1	0	S
NMDC20584421	0	0	0	1	0	0	0	0	0	1	0	1	0	0	1	1	0	0	1	0	S
NMDC20553447	0	0	0	0	0	0	0	0	0	0	0	0	0	0	1	0	0	0	1	0	S
NMDC20584422	1	0	0	0	0	0	0	0	0	0	1	1	0	1	1	0	0	0	1	0	S
NMDC20553448	0	0	0	0	0	0	0	0	0	0	1	1	0	1	1	0	0	0	1	0	S
NMDC20557460	0	0	0	1	1	0	0	0	0	1	0	0	0	0	1	0	0	0	1	0	S
NMDC20553449	0	0	0	0	0	0	0	0	0	1	0	1	0	0	1	1	0	0	1	0	S
NMDC20553451	0	0	0	0	0	0	0	0	0	1	0	1	0	0	1	1	0	0	1	0	S
NMDC20555444	0	0	0	0	0	0	0	0	0	0	1	1	0	1	1	0	0	0	1	0	S
NMDC20551419	0	0	0	1	0	0	0	0	0	1	0	1	0	0	1	0	0	0	1	0	S
NMDC20555442	0	0	0	0	0	0	0	0	0	0	1	1	0	1	1	0	0	0	1	0	S
NMDC20557463	0	0	0	0	0	0	0	0	0	0	1	1	0	1	1	0	0	0	1	0	S
NMDC20555443	0	0	0	0	0	0	0	0	0	0	1	1	0	1	1	0	0	0	1	0	S
NMDC20584901	0	0	0	0	0	0	0	0	0	1	0	0	0	0	1	1	0	0	0	0	S
NMDC20584902	0	0	0	0	0	0	0	0	0	1	0	0	0	0	1	1	0	0	0	0	S
NMDC20555446	1	0	0	0	0	1	0	0	0	1	0	1	0	0	1	1	0	0	1	0	S
NMDC20584904	1	1	0	1	0	0	0	0	0	1	0	1	0	0	1	1	0	0	1	0	S
NMDC20553453	0	0	0	1	0	0	0	0	0	1	0	1	0	0	1	0	0	0	1	0	S
NMDC20551420	0	0	0	0	0	0	0	0	0	1	0	1	0	0	1	1	0	0	1	0	S
NMDC20584906	0	0	0	0	0	0	0	0	0	0	1	1	0	0	1	0	0	0	1	0	S
NMDC20584907	0	0	0	0	0	0	0	0	0	1	1	1	0	0	1	1	0	0	1	0	S
NMDC20584908	1	1	0	1	0	0	0	0	0	1	0	1	0	0	1	1	0	0	1	0	S
NMDC20555445	0	0	0	1	0	0	0	0	0	1	0	1	0	0	1	0	0	0	1	0	S
NMDC20555448	0	0	0	0	0	0	0	0	0	1	0	1	0	0	1	0	0	0	0	0	S
NMDC20553454	0	0	0	0	0	0	0	0	0	1	0	1	0	0	1	1	0	0	1	0	S
NMDC20555447	0	0	0	0	0	0	0	0	0	0	1	1	0	1	1	0	0	0	1	0	S
NMDC20584910	0	0	0	0	0	0	0	0	0	0	1	1	0	1	1	0	0	0	1	0	S
NMDC20584911	0	0	0	1	0	0	0	0	0	0	1	1	0	0	1	0	0	0	0	0	S
NMDC20584912	0	0	0	1	0	0	0	0	0	0	1	1	0	0	1	0	0	0	0	0	S
NMDC20584913	0	0	0	0	0	0	0	0	0	0	1	1	0	1	1	0	0	0	1	0	S
NMDC20555449	0	0	0	0	0	0	0	0	0	0	1	1	0	1	1	0	0	0	1	0	S
NMDC20584920	0	0	0	0	0	0	0	0	0	1	0	1	0	0	0	0	0	0	1	0	S
NMDC20584921	0	0	0	0	0	0	0	0	0	1	0	1	0	0	0	0	0	0	1	0	S
NMDC20584925	0	0	0	1	0	0	0	0	0	0	1	1	0	0	1	0	0	0	1	0	S
NMDC20551421	0	0	0	0	0	0	0	0	0	0	1	1	0	1	1	0	0	0	1	0	S
NMDC20584927	0	0	0	1	0	0	0	0	0	0	1	1	0	0	1	0	0	0	0	0	S
NMDC20584928	0	0	0	1	0	0	0	0	0	0	1	1	0	0	1	0	0	0	0	0	S
NMDC20584929	0	0	0	1	0	0	0	0	0	0	1	1	0	0	1	0	0	0	0	0	S
NMDC20584930	0	0	0	1	0	0	0	0	0	0	1	1	0	0	1	0	0	0	0	0	S
NMDC20584931	0	0	0	1	0	0	0	0	0	0	1	1	0	0	1	0	0	0	1	0	S
NMDC20584932	0	0	0	1	0	0	0	0	0	0	1	1	0	0	1	0	0	0	1	0	S
NMDC20584937	0	0	0	0	0	0	0	0	0	0	0	0	0	0	1	0	0	0	1	0	S
NMDC20555450	0	0	0	0	0	0	0	0	0	1	0	1	0	0	0	0	0	0	1	0	S
NMDC20584938	0	1	0	1	0	0	0	1	0	1	0	1	0	0	1	0	0	0	1	0	S
NMDC20584940	0	0	0	0	0	0	0	0	0	0	1	1	0	1	1	0	0	0	1	0	S
NMDC20584941	0	0	0	0	0	0	0	0	0	0	1	1	0	1	1	0	0	0	1	0	S
NMDC20584942	0	0	0	0	0	0	0	0	0	0	1	1	0	1	1	0	0	0	1	0	S
NMDC20584943	0	0	0	0	0	0	0	0	0	0	1	1	0	1	1	0	0	0	1	0	S
NMDC20584944	0	0	0	0	0	0	0	0	0	0	1	1	0	1	1	0	0	0	1	0	S
NMDC20584945	0	0	0	0	0	0	0	0	0	1	1	1	0	0	1	1	0	0	1	0	S
NMDC20555452	0	0	0	1	0	0	0	0	0	1	0	1	0	0	0	0	0	0	1	0	S
NMDC20551423	0	0	0	0	1	0	0	0	0	0	0	0	0	0	1	0	0	0	1	0	S
NMDC20584946	0	0	0	0	0	0	0	0	0	0	1	1	0	1	1	0	0	0	1	0	S
NMDC20553456	0	0	0	0	0	0	0	0	0	0	1	1	0	1	1	0	0	0	1	0	S
NMDC20584947	0	0	0	0	0	0	0	0	0	0	1	1	0	1	1	0	0	0	1	0	S
NMDC20555453	0	0	0	0	0	0	0	0	0	0	1	1	0	1	1	0	0	0	1	0	S
NMDC20553457	0	0	0	0	0	0	0	0	0	1	0	1	0	0	1	1	0	0	1	0	S
NMDC20584948	0	0	0	0	0	0	0	0	0	1	0	0	0	0	1	1	0	0	0	0	S
NMDC20553458	0	0	0	0	0	0	0	0	0	1	0	1	0	0	1	1	0	0	1	0	S
NMDC20584950	0	0	0	0	0	0	0	0	0	0	1	1	0	1	1	0	0	0	1	0	S
NMDC20584951	0	0	0	0	0	0	0	0	0	0	1	1	0	1	1	0	0	0	1	0	S
NMDC20551428	0	0	0	0	0	0	0	0	0	0	1	1	0	1	1	0	0	0	1	0	S
NMDC20557465	0	0	0	0	0	0	0	0	0	0	1	1	0	1	1	0	0	0	1	0	S
NMDC20584952	0	0	0	0	0	0	0	0	0	0	1	1	0	0	1	0	0	0	1	0	S
NMDC20555454	1	1	0	0	0	0	0	0	0	1	0	1	0	0	1	1	0	0	1	0	S
NMDC20557467	0	0	0	0	0	0	0	0	0	1	0	0	0	0	1	1	0	0	0	0	S
NMDC20584954	0	0	0	0	0	0	0	0	0	0	1	1	0	1	1	0	0	0	1	0	S
NMDC20584955	0	0	0	0	0	0	0	0	0	0	1	1	0	1	1	0	0	0	1	0	S
NMDC20551429	0	0	0	0	0	0	0	0	0	1	0	1	0	0	1	1	0	0	1	0	S
NMDC20557469	0	0	0	0	0	0	0	0	0	0	1	1	0	1	1	0	0	0	1	0	S
NMDC20555457	0	0	0	1	0	0	0	0	0	1	0	1	0	0	1	0	0	0	1	0	S
NMDC20584957	0	0	0	1	0	0	0	0	0	1	0	1	0	0	1	0	0	0	1	0	S
NMDC20555459	0	0	0	0	1	0	0	0	0	1	0	1	0	0	1	0	0	0	1	0	S
NMDC20557470	0	0	0	0	0	0	0	0	0	0	1	1	0	1	1	0	0	0	1	0	S
NMDC20557471	0	0	0	0	0	0	0	0	0	1	0	1	0	0	1	1	0	0	1	0	S
NMDC20584960	0	0	0	0	0	0	0	0	0	1	0	1	0	0	1	1	0	0	1	0	S
NMDC20584961	0	1	0	0	0	0	0	0	1	0	1	1	0	1	1	0	0	0	1	1	S
NMDC20584962	0	0	0	0	0	0	0	0	0	1	0	1	0	0	1	1	0	0	1	0	S
NMDC20557472	0	0	0	0	0	0	0	0	0	0	1	1	0	1	1	0	0	0	1	0	S
NMDC20553465	0	0	0	0	0	0	0	0	0	0	1	1	0	1	1	0	0	0	1	0	S
NMDC20555461	0	0	0	0	0	0	0	0	0	0	1	1	0	1	1	0	0	0	1	0	S
NMDC20584966	0	0	0	0	1	0	0	0	0	1	0	0	0	0	0	0	0	0	1	0	S
NMDC20555463	0	0	0	0	0	0	0	0	0	1	0	1	0	0	1	1	0	0	1	0	S
NMDC20553466	0	0	0	0	0	0	0	0	0	1	0	1	0	0	1	1	0	0	1	0	S
NMDC20553467	0	0	0	0	0	0	0	0	0	0	1	1	0	1	1	0	0	0	1	0	S
NMDC20555464	0	0	0	0	0	0	0	0	0	0	1	1	0	1	1	0	0	0	1	0	S
NMDC20584967	1	0	0	0	0	1	0	0	0	1	0	1	0	0	1	1	1	0	1	0	S
NMDC20555465	0	0	0	0	0	0	0	0	0	0	1	1	0	1	1	0	0	0	1	0	S
NMDC20584968	0	1	0	0	0	0	0	0	0	0	1	1	0	0	1	0	0	1	1	0	S
NMDC20557473	0	0	0	0	0	0	0	0	0	0	1	1	0	1	1	0	0	0	1	0	S
NMDC20555467	0	0	0	0	0	0	0	0	0	1	0	1	0	0	1	1	0	0	1	0	S
NMDC20557475	0	0	0	0	0	0	0	0	0	0	1	1	0	1	1	0	0	0	1	0	S
NMDC20553472	0	0	0	0	0	0	0	0	0	0	1	1	0	1	1	0	0	0	1	0	S
NMDC20557476	1	1	1	0	0	0	0	0	0	1	0	1	0	0	1	1	0	0	1	0	S
NMDC20553473	0	0	0	0	0	0	0	0	0	0	1	1	0	1	1	0	0	0	1	0	S
NMDC20584975	0	0	0	0	0	0	0	0	0	0	1	1	0	1	1	0	0	0	1	0	S
NMDC20584976	1	0	0	0	0	0	0	0	0	1	0	1	0	0	1	1	0	0	1	0	S
NMDC20584977	0	0	0	0	0	0	0	0	0	1	0	1	0	0	1	1	0	0	1	0	S
NMDC20555469	0	0	0	0	0	0	0	0	0	0	1	1	0	1	1	0	0	0	1	0	S
NMDC20557477	0	0	0	0	0	0	0	0	0	1	0	1	0	0	1	1	0	0	1	0	S
NMDC20584978	0	0	0	0	0	0	0	0	0	0	1	1	0	1	1	0	0	0	1	0	S
NMDC20551433	0	0	0	0	0	0	0	0	0	0	1	1	0	1	1	0	0	0	1	0	S
NMDC20551434	0	0	0	0	0	0	0	0	0	0	1	1	0	1	1	0	0	0	1	0	S
NMDC20555470	1	0	0	0	1	0	0	0	0	1	0	1	0	0	1	0	0	0	1	0	S
NMDC20584982	0	0	0	0	0	0	0	0	0	1	0	1	0	0	1	1	0	0	1	0	S
NMDC20557478	0	0	0	0	0	0	0	0	0	0	1	1	0	1	1	0	0	0	1	0	S
NMDC20557479	0	0	0	0	0	0	0	0	0	0	1	1	0	0	1	0	0	0	1	0	S
NMDC20553475	0	0	0	0	0	0	0	0	0	1	0	1	0	0	1	1	0	0	1	0	S
NMDC20584987	0	1	0	0	0	0	0	0	0	0	1	1	0	0	1	0	0	1	1	0	S
NMDC20584988	0	0	0	0	0	0	0	0	0	1	0	1	0	0	1	1	0	0	1	0	S
NMDC20584989	0	0	0	0	0	0	0	0	0	0	1	1	0	1	1	0	0	0	1	0	S
NMDC20584990	0	0	0	1	0	0	0	0	0	0	1	1	0	0	1	0	0	0	0	0	S
NMDC20584991	0	0	0	0	0	0	0	0	0	1	0	1	0	0	1	1	0	0	1	0	S
NMDC20584992	0	0	0	0	0	0	0	0	0	1	0	1	0	0	1	1	0	0	1	0	S
NMDC20584993	0	0	0	1	0	0	0	0	0	1	0	1	0	0	1	1	0	0	1	0	S
NMDC20551435	0	0	0	0	0	0	0	0	0	0	1	1	0	1	1	0	0	0	1	0	S
NMDC20584997	0	0	0	0	0	0	0	0	0	0	1	1	0	1	1	0	0	0	1	0	S
NMDC20584998	0	0	0	1	0	0	0	0	0	1	0	1	0	0	1	0	0	0	1	0	S
NMDC20551436	0	0	0	0	0	0	0	0	0	0	1	1	0	1	1	0	0	0	1	0	S
NMDC20584999	0	0	0	0	0	0	0	0	0	0	1	1	0	1	1	0	0	0	1	0	S
NMDC20585000	0	0	0	1	0	0	0	0	0	1	1	0	0	0	0	1	0	0	1	0	S
NMDC20585002	0	0	0	0	0	0	0	0	0	0	1	1	0	1	1	0	0	0	1	0	S
NMDC20555473	0	0	0	0	0	0	0	0	0	1	0	0	0	0	1	1	0	0	0	0	S
NMDC20551437	0	0	0	0	0	0	0	0	0	1	1	1	0	0	1	1	0	0	1	0	S
NMDC20585004	0	0	0	0	1	0	0	0	0	1	0	0	0	0	0	0	0	0	1	0	S
NMDC20585005	0	0	0	1	0	0	0	0	0	0	1	1	0	0	1	0	0	0	0	0	S
NMDC20557485	0	0	0	0	0	0	0	0	0	0	1	1	0	1	1	0	0	0	1	0	S
NMDC20585007	1	0	0	0	0	1	0	0	0	1	0	1	0	0	1	0	1	0	1	0	S
NMDC20557486	1	0	0	0	0	0	0	0	0	0	1	1	0	0	1	0	0	0	1	0	S
NMDC20555474	0	0	0	0	0	0	0	0	0	1	0	1	0	0	1	1	0	0	1	0	S
NMDC20585008	0	0	0	0	0	0	0	0	0	1	0	0	0	0	1	1	0	0	0	0	S
NMDC20555475	0	0	0	1	0	0	0	0	0	0	1	1	0	0	1	0	0	0	0	0	S
NMDC20585010	0	0	0	0	0	0	0	0	0	1	0	1	0	0	1	1	0	0	1	0	S
NMDC20585011	0	0	0	1	0	0	0	0	0	0	1	1	0	0	1	0	0	0	0	0	S
NMDC20555476	0	0	0	1	0	0	0	0	0	1	0	1	0	0	1	0	0	0	1	0	S
NMDC20585012	0	0	0	0	0	0	0	0	0	1	0	1	0	0	1	1	0	0	1	0	S
NMDC20551439	0	0	0	0	0	0	0	0	0	1	0	1	0	0	0	1	0	0	1	0	S
NMDC20585013	0	0	0	0	0	0	0	0	0	1	0	1	0	0	1	1	0	0	1	0	S
NMDC20585014	0	0	0	0	0	0	0	0	0	1	0	0	0	0	1	1	0	0	0	0	S
NMDC20553480	0	0	0	0	0	0	0	0	0	0	1	1	0	1	1	0	0	0	1	0	S
NMDC20585016	0	0	0	1	0	0	0	0	0	1	0	1	0	0	1	0	0	0	1	0	S
NMDC20585017	0	0	0	0	1	0	0	0	0	1	0	0	0	0	0	0	0	0	1	0	S
NMDC20557487	0	1	1	0	0	0	0	0	0	1	0	1	0	0	0	0	0	0	0	0	S
NMDC20555479	0	1	1	0	1	0	0	0	0	1	0	1	0	0	1	0	0	0	1	0	S
NMDC20551440	0	1	1	0	1	0	0	0	0	1	0	1	0	0	1	0	0	0	1	0	S
NMDC20585018	0	0	0	0	0	0	0	0	0	1	0	1	0	0	1	1	0	0	1	0	S
NMDC20585019	0	0	0	0	0	0	0	0	0	1	0	1	0	0	1	1	0	0	1	0	S
NMDC20551441	0	0	0	0	0	0	0	0	0	0	1	1	0	1	1	0	0	0	1	0	S
NMDC20557488	0	0	0	0	0	0	0	0	0	1	0	0	0	0	1	1	0	0	0	0	S
NMDC20553482	0	0	0	0	0	0	0	0	0	1	0	1	0	0	1	1	0	0	1	0	S
NMDC20585024	0	0	0	0	0	0	0	0	0	0	1	1	0	1	1	0	0	0	1	0	S
NMDC20585028	0	0	0	0	0	0	0	0	0	0	1	1	0	1	1	0	0	0	1	0	S
NMDC20585035	0	0	0	0	0	0	0	0	0	0	1	1	0	1	1	0	0	0	1	0	S
NMDC20551442	0	0	0	0	0	0	0	0	0	1	0	1	0	0	1	1	0	0	1	0	S
NMDC20553483	0	0	0	0	0	0	0	0	0	0	1	1	0	1	1	0	0	0	1	0	S
NMDC20553484	0	0	0	0	0	0	0	0	0	1	0	1	0	0	1	1	0	0	1	0	S
NMDC20555482	0	0	0	0	0	0	0	0	0	1	0	1	0	0	1	1	0	0	0	0	S
NMDC20557489	0	0	0	1	0	0	0	0	0	0	1	1	0	0	1	0	0	0	1	0	S
NMDC20551444	0	0	0	0	0	0	0	0	0	1	1	1	0	0	1	1	0	0	1	0	S
NMDC20557491	0	0	0	0	1	0	0	0	0	1	0	0	0	0	0	0	0	0	1	0	S
NMDC20555483	0	0	0	1	0	0	0	0	0	0	1	1	0	0	1	0	0	0	1	0	S
NMDC20585040	0	0	0	0	0	0	0	0	0	1	0	1	0	0	1	1	0	0	1	0	S
NMDC20555484	0	0	0	0	0	0	0	0	0	1	0	1	0	0	1	1	0	0	1	0	S
NMDC20557492	0	0	0	0	0	0	0	0	0	0	1	1	0	1	1	0	0	0	1	0	S
NMDC20557494	0	0	0	0	0	0	0	0	0	0	1	1	0	1	1	0	0	0	1	0	S
NMDC20557495	0	0	0	0	0	0	0	0	0	1	0	1	0	0	1	1	0	0	1	0	S
NMDC20557496	1	0	0	0	1	0	0	0	0	1	0	1	0	0	1	0	0	0	1	0	S
NMDC20585046	0	0	0	1	0	0	0	0	0	0	0	0	0	0	1	0	0	0	1	0	S
NMDC20555485	0	1	0	0	0	0	0	0	0	1	0	1	0	0	1	1	0	0	1	0	S
NMDC20557498	1	0	0	1	0	0	0	0	0	0	1	1	0	0	1	0	1	0	1	0	S
NMDC20553488	0	0	0	0	0	0	0	0	0	1	0	1	0	0	1	1	0	0	1	0	S
NMDC20551445	0	0	0	0	0	0	0	0	0	1	0	1	0	0	1	1	0	0	1	0	S
NMDC20555487	0	0	0	0	0	0	0	0	0	1	0	1	0	0	1	1	0	0	1	0	S
NMDC20585058	0	0	0	0	0	0	0	0	0	1	0	1	0	0	1	1	0	0	1	0	S
NMDC20557501	1	0	0	0	0	1	0	0	0	1	0	1	0	0	1	1	1	0	1	0	S
NMDC20585059	0	0	0	0	0	0	0	0	0	1	0	1	0	0	1	1	0	0	1	0	S
NMDC20585061	1	1	0	0	0	0	0	0	0	1	0	1	0	0	1	1	0	0	1	0	S
NMDC20553491	1	0	0	0	0	0	0	0	0	1	0	1	0	0	1	1	1	0	1	0	S
NMDC20585063	0	0	0	0	0	0	0	0	0	1	0	1	0	0	1	1	0	0	1	0	S
NMDC20585064	0	0	0	0	0	0	0	0	0	1	0	1	0	0	1	1	0	0	1	0	S
NMDC20557504	0	0	0	0	0	0	0	0	0	1	0	1	0	0	1	1	0	0	1	0	S
NMDC20557506	0	0	0	0	0	0	0	0	0	1	0	1	0	0	1	1	0	0	1	0	S
NMDC20557510	0	0	0	0	0	0	0	0	0	0	1	1	0	1	1	0	0	0	1	0	S
NMDC20553493	0	0	0	0	0	0	0	0	0	1	0	1	0	0	1	1	0	0	1	0	S
NMDC20553494	0	0	0	0	0	0	0	0	0	0	1	1	0	1	1	0	0	0	1	0	S
NMDC20585066	0	0	0	0	0	0	0	0	0	1	0	1	0	0	1	1	0	0	1	0	S
NMDC20585067	0	0	0	0	0	0	0	0	0	1	0	1	0	0	1	1	0	0	1	0	S
NMDC20585068	0	0	0	0	0	0	0	0	0	1	0	1	0	0	1	1	0	0	1	0	S
NMDC20557508	0	0	0	0	0	0	0	0	0	1	0	1	0	0	1	1	0	0	1	0	S
NMDC20555491	0	0	0	0	0	0	0	0	0	1	0	1	0	0	1	1	0	0	1	0	S
NMDC20585069	0	0	0	0	0	0	0	0	0	0	0	1	0	0	1	0	0	0	1	0	S
NMDC20553496	0	0	0	0	0	0	0	0	0	1	0	1	0	0	1	1	0	0	1	0	S
NMDC20557511	0	0	0	0	0	0	0	0	0	1	0	1	0	0	1	1	0	0	1	0	S
NMDC20585073	0	0	0	0	0	0	0	0	0	1	0	1	0	0	1	1	0	0	1	0	S
NMDC20585076	0	0	0	0	0	0	0	0	0	1	0	1	0	0	1	1	0	0	1	0	S
NMDC20585077	0	0	0	0	0	0	0	0	0	1	0	1	0	0	1	1	0	0	1	0	S
NMDC20557521	0	0	0	0	0	0	0	0	0	1	0	1	0	0	1	1	0	0	1	0	S
NMDC20585079	0	0	0	1	0	0	0	0	0	1	0	1	0	0	1	0	0	0	1	0	S
NMDC20553498	0	0	0	0	0	0	0	0	0	0	1	1	0	1	1	0	0	0	1	0	S
NMDC20557512	0	0	0	0	0	0	0	0	0	0	1	1	0	1	1	0	0	0	1	0	S
NMDC20585080	0	0	0	0	0	0	0	0	0	0	1	1	0	1	1	0	0	0	1	0	S
NMDC20551453	0	0	0	0	0	0	0	0	0	0	1	1	0	1	1	0	0	0	1	0	S
NMDC20551455	0	0	0	0	0	0	0	0	0	0	1	1	0	1	1	0	0	0	1	0	S
NMDC20557513	0	0	0	0	0	0	0	0	0	0	1	1	0	1	1	0	0	0	1	0	S
NMDC20585082	0	0	0	0	0	0	0	0	0	0	1	1	0	1	1	0	0	0	1	0	S
NMDC20585083	0	0	0	0	0	0	0	0	0	0	1	1	0	1	1	0	0	0	1	0	S
NMDC20585085	0	0	0	0	0	0	0	0	0	0	1	1	0	1	1	0	0	0	1	0	S
NMDC20585086	0	0	0	0	0	0	0	0	0	0	1	1	0	0	1	0	0	0	1	0	S
NMDC20585087	0	0	0	0	0	0	0	0	0	0	1	1	0	0	1	0	0	0	1	0	S
NMDC20557515	0	0	0	0	0	0	0	0	0	0	1	1	0	1	1	0	0	0	1	0	S
NMDC20551456	0	0	0	0	0	0	0	0	0	0	1	1	0	1	1	0	0	0	1	0	S
NMDC20555495	0	0	0	0	0	0	0	0	0	0	1	1	0	1	1	0	0	0	1	0	S
NMDC20557516	0	0	0	0	0	0	0	0	0	0	1	1	0	1	1	0	0	0	1	0	S
NMDC20557517	0	0	0	0	0	0	0	0	0	0	1	1	0	1	1	0	0	0	1	0	S
NMDC20585089	0	0	0	0	0	0	0	0	0	0	1	1	0	1	1	0	0	0	1	0	S
NMDC20585090	0	0	0	0	0	0	0	0	0	0	1	1	0	1	1	0	0	0	1	0	S
NMDC20551457	0	0	0	0	0	0	0	0	0	0	1	1	0	1	1	0	0	0	1	0	S
NMDC20553499	0	0	0	0	0	0	0	0	0	0	1	1	0	1	1	0	0	0	1	0	S
NMDC20585091	0	0	0	0	0	0	0	0	0	0	1	1	0	1	1	0	0	0	1	0	S
NMDC20553500	0	0	0	0	0	0	0	0	0	0	1	1	0	1	1	0	0	0	1	0	S
NMDC20585092	0	0	0	0	0	0	0	0	0	1	0	1	0	0	1	1	0	0	1	0	S
NMDC20585093	0	0	0	0	0	0	0	0	0	1	0	1	0	0	1	1	0	0	1	0	S
NMDC20557518	0	0	0	0	0	0	0	0	0	1	0	1	0	0	1	1	0	0	1	0	S
NMDC20585094	0	0	0	0	0	0	0	0	0	1	0	1	0	0	1	1	0	0	1	0	S
NMDC20551459	0	0	0	0	0	0	0	0	0	0	1	1	0	1	1	0	0	0	1	0	S
NMDC20585095	0	0	0	0	0	0	0	0	0	1	0	1	0	0	1	1	0	0	1	0	S
NMDC20553501	0	0	0	0	0	0	0	0	0	1	0	1	0	0	1	1	0	0	1	0	S
NMDC20553502	0	0	0	0	0	0	0	0	0	1	0	1	0	0	1	1	0	0	1	0	S
NMDC20553504	0	0	0	0	0	0	0	0	0	1	0	1	0	0	1	1	0	0	1	0	S
NMDC20555496	0	0	0	0	1	0	0	0	0	0	0	0	0	0	1	0	0	0	1	0	S
NMDC20555497	0	0	0	0	0	0	0	0	0	1	0	1	0	0	1	1	0	0	1	0	S
NMDC20553507	0	0	0	0	0	0	0	0	0	1	0	1	0	0	1	1	0	0	1	0	S
NMDC20557522	0	0	0	0	0	0	0	0	0	0	1	1	0	1	1	0	0	0	1	0	S
NMDC20557523	0	0	0	0	0	0	0	0	0	0	1	1	0	1	1	0	0	0	1	0	S
NMDC20585098	0	0	0	0	0	0	0	0	0	1	0	1	0	0	1	1	0	0	1	0	S
NMDC20553508	0	0	0	0	0	0	0	0	0	1	0	1	0	0	1	1	0	0	1	0	S
NMDC20557524	0	0	0	0	0	0	0	0	0	0	1	1	0	1	1	0	0	0	1	0	S
NMDC20585099	0	0	0	0	0	0	0	0	0	0	1	1	0	0	1	0	0	0	1	0	S
NMDC20553512	1	0	0	0	0	0	0	0	0	1	0	1	0	0	1	1	1	0	1	0	S
NMDC20557528	0	0	0	0	0	0	0	0	0	1	0	1	0	0	1	0	0	0	1	0	S
NMDC20551463	0	0	0	0	0	0	0	0	0	0	1	1	0	1	1	0	0	0	1	0	S
NMDC20555499	0	0	0	0	0	0	0	0	0	1	0	1	0	0	0	0	0	0	0	0	S
NMDC20555500	0	0	0	0	0	0	0	0	0	1	0	1	0	0	1	1	0	0	1	0	S
NMDC20585105	0	0	0	0	0	0	0	0	0	0	1	1	0	1	1	0	0	0	1	0	S
NMDC20585106	0	0	0	0	0	0	0	0	0	1	0	1	0	0	1	1	0	0	1	0	S
NMDC20557531	0	0	0	0	0	0	0	0	0	1	0	1	0	0	1	1	0	0	1	0	S
NMDC20557534	0	0	0	0	0	0	0	0	0	0	1	1	0	1	1	0	0	0	1	0	S
NMDC20553514	0	0	0	0	0	0	0	0	0	0	1	1	0	1	1	0	0	0	1	0	S
NMDC20551465	0	0	0	0	0	0	0	0	0	1	0	1	0	0	1	1	0	0	1	0	S
NMDC20557532	0	0	0	1	0	0	0	0	0	1	0	1	0	0	0	0	0	0	1	0	S
NMDC20557533	0	0	0	0	0	0	0	0	0	0	1	1	0	1	1	0	0	0	1	0	S
NMDC20551468	0	0	0	0	0	0	0	0	0	0	1	1	0	1	1	0	0	0	1	0	S
NMDC20557535	0	0	0	0	0	0	0	0	0	1	1	1	0	0	1	1	0	0	1	0	S
NMDC20585111	0	0	0	0	0	0	0	0	0	1	1	1	0	0	1	1	0	0	1	0	S
NMDC20585112	0	0	0	0	0	0	0	0	0	1	0	1	0	0	1	0	0	0	0	0	S
NMDC20585113	0	0	0	0	0	0	0	0	0	1	0	1	0	0	1	1	0	0	1	0	S
NMDC20551467	0	0	0	0	0	0	0	0	0	1	0	1	0	0	1	1	0	0	1	0	S
NMDC20585117	1	0	0	0	0	1	0	0	0	1	0	1	0	0	1	1	1	0	1	0	S
NMDC20557536	0	0	0	0	0	0	0	0	0	1	0	1	0	0	1	1	0	0	1	0	S
NMDC20585120	1	0	0	0	0	0	0	0	0	1	0	1	0	0	1	1	1	0	1	0	S
NMDC20585123	0	0	0	0	0	0	0	0	0	1	0	1	0	0	1	1	0	0	1	0	S
NMDC20553517	0	0	0	0	0	0	0	0	0	1	0	1	0	0	1	1	0	0	1	0	S
NMDC20585127	1	1	0	0	0	0	0	0	0	1	0	1	0	0	1	1	0	0	1	0	S
NMDC20555506	0	0	0	0	0	0	0	0	0	1	0	1	0	0	1	1	0	0	1	0	S
NMDC20557538	0	0	0	0	0	0	0	0	0	1	0	1	0	0	1	1	0	0	1	0	S
NMDC20555510	0	0	0	0	0	0	0	0	0	1	0	1	0	0	1	1	0	0	1	0	S
NMDC20551473	0	0	0	0	0	0	0	0	0	1	0	1	0	0	1	1	0	0	1	0	S
NMDC20585130	0	0	0	0	0	0	0	0	0	1	0	1	0	0	1	1	0	0	1	0	S
NMDC20585131	0	0	0	0	0	0	0	0	0	1	0	1	0	0	1	1	0	0	1	0	S
NMDC20551474	0	0	0	0	0	0	0	0	0	0	0	0	0	0	1	0	0	0	1	0	S
NMDC20557540	0	0	0	0	0	0	0	0	0	1	0	1	0	0	1	1	0	0	1	0	S
NMDC20557541	0	0	0	0	0	0	0	0	0	1	0	1	0	0	1	1	0	0	1	0	S
NMDC20585134	0	0	0	0	0	0	0	0	0	1	0	1	0	0	1	1	0	0	1	0	S
NMDC20553523	1	0	0	0	0	0	0	0	0	1	0	1	0	0	1	1	1	0	1	0	S
NMDC20555512	0	0	0	0	0	0	0	0	0	1	0	1	0	0	1	1	0	0	1	0	S
NMDC20557546	0	0	0	0	0	0	0	0	0	1	0	1	0	0	1	1	0	0	1	0	S
NMDC20585139	0	0	0	0	0	0	0	0	0	1	0	1	0	0	0	1	0	0	1	0	S
NMDC20585140	1	0	0	1	0	0	0	0	0	0	0	1	0	0	1	0	0	0	0	0	S
NMDC20585141	0	0	0	0	0	0	0	0	0	1	0	1	0	0	1	1	0	0	1	0	S
NMDC20551476	0	0	0	0	0	0	0	0	0	1	0	1	0	0	1	1	0	0	1	0	S
NMDC20585143	0	0	0	0	0	0	0	0	0	1	0	1	0	0	1	1	0	0	1	0	S
NMDC20555518	1	0	0	1	0	0	0	0	0	0	1	1	0	0	1	0	1	0	1	0	S
NMDC20585146	0	0	0	0	0	0	0	0	0	0	1	1	0	1	1	0	0	0	1	0	S
NMDC20585148	0	0	0	0	0	0	0	0	0	1	0	1	0	0	0	1	0	0	1	0	S
NMDC20551479	0	0	0	0	0	0	0	0	0	1	0	1	0	0	1	1	0	0	1	0	S
NMDC20585150	0	0	0	0	0	0	0	0	0	1	0	1	0	0	1	1	0	0	1	0	S
NMDC20553530	0	0	0	0	0	0	0	0	0	0	1	1	0	1	1	0	0	0	1	0	S
NMDC20585151	0	0	0	0	0	0	0	0	0	0	1	1	0	1	1	0	0	0	1	0	S
NMDC20585152	0	0	0	0	0	0	0	0	0	0	1	1	0	1	1	0	0	0	1	0	S
NMDC20551481	0	0	0	0	0	0	0	0	0	0	1	1	0	1	1	0	0	0	1	0	S
NMDC20585153	0	0	0	0	0	0	0	0	0	1	0	1	0	0	1	0	0	0	1	0	S
NMDC20553529	0	0	0	0	0	0	0	0	0	1	0	1	0	0	1	1	0	0	1	0	S
NMDC20585154	0	0	0	0	0	0	0	0	0	0	0	0	0	0	1	0	0	0	1	0	S
NMDC20551485	0	0	0	0	0	0	0	0	0	1	0	1	0	0	1	1	0	0	1	0	S
NMDC20557555	0	0	0	0	0	0	0	0	0	1	0	1	0	0	1	1	0	0	1	0	S
NMDC20551484	0	0	0	0	0	0	0	0	0	1	0	1	0	0	1	1	0	0	1	0	S
NMDC20551488	0	0	0	0	0	0	0	0	0	1	0	0	0	0	1	1	0	0	0	0	S
NMDC20585159	0	0	0	0	0	0	0	0	0	0	1	1	0	1	1	0	0	0	1	0	S
NMDC20551487	0	0	0	0	0	0	0	0	0	1	0	1	0	0	1	1	0	0	1	0	S
NMDC20585160	0	1	0	0	0	0	0	0	0	1	0	1	0	0	1	1	0	0	1	0	S
NMDC20555524	0	0	0	0	0	0	0	0	0	0	1	1	0	1	1	0	0	0	1	0	S
NMDC20585161	0	0	0	0	0	0	0	0	0	1	0	1	0	0	1	1	0	0	1	0	S
NMDC20585162	0	0	0	0	0	0	0	0	0	1	0	1	0	0	1	1	0	0	1	0	S
NMDC20553535	0	0	0	0	0	0	0	0	0	0	1	1	0	1	1	0	0	0	1	0	S
NMDC20551490	0	0	0	0	0	0	0	0	0	1	0	1	0	0	1	1	0	0	1	0	S
NMDC20557559	0	0	0	0	0	0	0	0	0	1	0	1	0	0	1	1	0	0	1	0	S
NMDC20551493	0	0	0	0	0	0	0	0	0	1	0	1	0	0	1	1	0	0	1	0	S
NMDC20585166	0	0	0	0	0	0	0	0	0	1	0	1	0	0	1	1	0	0	1	0	S
NMDC20585169	0	0	0	0	0	0	0	0	0	0	1	1	0	1	1	0	0	0	1	0	S
NMDC20551492	0	0	0	0	0	0	0	0	0	1	0	1	0	0	1	1	0	0	1	0	S
NMDC20585171	0	0	0	0	0	0	0	0	0	1	0	1	0	0	1	1	0	0	1	0	S
NMDC20557560	0	0	0	0	0	0	0	0	0	1	0	1	0	0	1	1	0	0	1	0	S
NMDC20553537	1	0	0	0	0	0	0	0	0	1	0	1	0	0	1	1	0	0	1	0	S
NMDC20585172	0	0	0	0	0	0	0	0	0	1	0	1	0	0	1	1	0	0	1	0	S
NMDC20585173	0	0	0	0	0	0	0	0	0	1	0	1	0	0	1	1	0	0	1	0	S
NMDC20585174	0	0	0	0	0	0	0	0	0	1	0	1	0	0	1	1	0	0	1	0	S
NMDC20551495	0	0	0	0	0	0	0	0	0	1	0	1	0	0	0	0	0	0	0	0	S
NMDC20553539	0	0	0	0	0	0	0	0	0	1	0	1	0	0	0	1	0	0	1	0	S
NMDC20555530	1	0	0	1	0	0	0	0	0	1	0	0	0	0	1	1	0	0	1	0	S
NMDC20585177	0	1	0	0	0	0	0	0	0	1	0	1	0	0	1	1	0	0	1	0	S
NMDC20555531	0	0	0	0	0	0	0	0	0	1	0	1	0	0	1	1	0	0	1	0	S
NMDC20585181	0	0	0	1	0	0	0	0	0	0	1	1	0	0	1	0	0	0	1	0	S
NMDC20557562	0	0	0	0	0	0	0	0	0	1	1	1	0	0	1	1	0	0	1	0	S
NMDC20585182	0	0	0	0	0	0	0	0	0	1	0	1	0	0	1	1	0	0	1	0	S
NMDC20551496	0	0	0	0	1	0	0	0	0	1	0	1	0	0	0	0	0	0	1	0	S
NMDC20585183	1	1	0	0	0	0	0	0	0	1	0	1	0	0	1	1	0	0	1	0	S
NMDC20585184	0	0	0	0	0	0	0	0	0	1	0	1	0	0	1	1	0	0	1	0	S
NMDC20585185	1	0	0	0	0	0	0	0	0	1	0	1	0	0	1	1	0	0	1	0	S
NMDC20551497	1	0	0	1	0	0	0	0	0	0	0	1	0	0	1	0	0	0	0	0	S
NMDC20551498	0	0	0	1	0	0	0	0	0	0	1	1	0	0	1	0	0	0	1	0	S
NMDC20553541	0	0	0	0	0	0	0	0	0	0	0	0	0	0	1	0	0	0	1	0	S
NMDC20585192	0	0	0	0	0	0	0	0	0	0	1	1	0	1	1	0	0	0	1	0	S
NMDC20551499	1	1	0	0	0	0	0	0	0	1	0	1	0	0	1	1	0	0	1	0	S
NMDC20585194	0	0	0	0	0	0	0	0	0	1	0	1	0	0	1	1	0	0	1	0	S
NMDC20557563	0	0	0	0	0	0	0	0	0	1	0	1	0	0	1	1	0	0	1	0	S
NMDC20555538	1	0	0	0	0	0	0	0	0	1	1	1	0	0	1	0	0	0	1	0	S
NMDC20585198	0	0	0	0	0	0	0	0	0	1	0	1	0	0	1	1	0	0	1	0	S
NMDC20555537	0	0	0	0	0	0	0	0	0	1	0	1	0	0	1	1	0	0	1	0	S
NMDC20585199	0	0	0	0	0	0	0	0	0	1	0	1	0	0	1	1	0	0	1	0	S
NMDC20585201	0	0	0	0	0	0	0	0	0	1	0	1	0	0	1	1	0	0	1	0	S
NMDC20585202	0	0	0	0	0	0	0	0	0	1	0	1	0	0	0	0	0	0	0	0	S
NMDC20557566	0	0	0	0	0	0	0	0	0	0	1	1	0	1	1	0	0	0	1	0	S
NMDC20585203	0	0	0	0	0	0	0	0	0	1	0	1	0	0	1	1	0	0	1	0	S
NMDC20585204	0	0	0	0	1	0	0	0	0	1	0	1	0	0	1	0	0	0	1	0	S
NMDC20585206	0	0	0	0	0	0	0	0	0	1	0	1	0	0	1	1	0	0	1	0	S
NMDC20551502	0	0	0	0	0	0	0	0	0	1	0	1	0	0	1	1	0	0	1	0	S
NMDC20553544	0	0	0	0	0	0	0	0	0	1	0	1	0	0	1	1	0	0	1	0	S
NMDC20555539	1	0	0	1	0	0	0	0	0	0	1	1	0	0	1	0	1	0	1	0	S
NMDC20555540	1	0	0	1	0	0	0	0	0	0	1	1	0	0	1	0	1	0	1	0	S
NMDC20585213	0	0	0	0	0	0	0	0	0	1	0	1	0	0	1	1	0	0	1	0	S
NMDC20553547	0	1	0	1	0	0	0	1	0	1	0	1	0	0	1	0	0	0	1	0	S
NMDC20553549	0	0	0	0	0	0	0	0	0	0	1	1	0	1	1	0	0	0	1	0	S
NMDC20551508	1	0	0	0	0	0	0	0	0	1	0	1	0	0	1	1	0	0	1	0	S
NMDC20585217	0	0	0	0	0	0	0	0	0	1	0	1	0	0	1	1	0	0	1	0	S
NMDC20551509	0	0	0	0	0	0	0	0	0	0	1	1	0	1	1	0	0	0	1	0	S
NMDC20585218	0	0	0	0	0	0	0	0	0	0	1	1	0	1	1	0	0	0	1	0	S
NMDC20551510	0	0	0	0	0	0	0	0	0	1	0	1	0	0	1	1	0	0	1	0	S
NMDC20551511	0	0	0	0	0	0	0	0	0	1	0	1	0	0	1	1	0	0	1	0	S
NMDC20551512	1	0	0	0	0	0	0	0	0	1	0	1	0	0	1	1	0	0	1	0	S
NMDC20555546	1	0	0	0	0	1	0	0	0	1	0	0	0	0	1	1	1	0	1	0	S
NMDC20555547	0	0	0	0	0	0	0	0	0	1	0	1	0	0	1	1	0	0	1	0	S
NMDC20557574	0	0	0	0	0	0	0	0	0	1	0	1	0	0	1	1	0	0	1	0	S
NMDC20585221	0	0	0	0	0	0	0	0	0	1	0	1	0	0	1	1	0	0	1	0	S
NMDC20585222	1	1	1	0	0	0	0	0	0	1	0	1	0	0	1	1	0	0	1	0	S
NMDC20555548	0	0	0	0	0	0	0	0	0	1	0	1	0	0	0	1	0	0	1	0	S
NMDC20553555	0	0	0	0	0	0	0	0	0	1	0	1	0	0	1	1	0	0	1	0	S
NMDC20585227	0	0	0	0	0	0	0	0	0	1	0	0	0	0	1	1	0	0	0	0	S
NMDC20557577	0	0	0	0	0	0	0	0	0	1	0	1	0	0	0	1	0	0	1	0	S
NMDC20557578	0	0	0	0	0	0	0	0	0	1	0	1	0	0	1	1	0	0	1	0	S
NMDC20553556	0	0	0	0	0	0	0	0	0	1	0	1	0	0	1	1	0	0	1	0	S
NMDC20555553	0	0	0	0	0	0	0	0	0	1	0	1	0	0	1	1	0	0	1	0	S
NMDC20557582	0	0	0	0	0	0	0	0	0	1	0	1	0	0	1	1	0	0	1	0	S
NMDC20557583	0	0	0	0	0	0	0	0	0	1	0	1	0	0	1	1	0	0	1	0	S
NMDC20557584	0	0	0	0	0	0	0	0	0	1	0	1	0	0	1	0	0	0	1	0	S
NMDC20585229	0	0	0	1	0	0	0	0	0	1	0	1	0	0	0	0	0	0	1	0	S
NMDC20551516	0	0	0	0	0	0	0	0	0	1	0	1	0	0	1	0	0	0	1	0	S
NMDC20555554	0	0	0	0	0	1	0	0	0	1	0	1	0	0	1	1	0	0	1	0	S
NMDC20585230	0	0	0	0	0	0	0	0	0	1	0	1	0	0	1	1	0	0	1	0	S
NMDC20557586	1	0	0	0	0	1	0	0	0	1	0	1	0	0	1	1	0	0	1	0	S
NMDC20585231	1	0	0	0	0	1	0	0	0	1	0	1	0	0	1	1	0	0	1	0	S
NMDC20557588	0	0	0	0	0	0	0	0	0	1	0	1	0	0	1	1	0	0	1	0	S
NMDC20557590	1	0	0	0	0	1	0	0	0	1	0	1	0	0	1	1	0	0	1	0	S
NMDC20585233	0	0	0	0	0	0	0	0	0	0	0	1	0	0	1	1	0	0	1	0	S
NMDC20557591	0	0	0	1	0	0	0	0	0	0	0	1	0	0	1	0	0	0	1	0	S
NMDC20553562	0	0	0	0	0	0	0	0	0	1	1	1	0	0	1	1	0	0	1	0	S
NMDC20557593	0	0	0	0	0	0	0	0	0	1	1	1	0	0	1	1	0	0	1	0	S
NMDC20557594	0	0	0	0	0	0	0	0	0	1	1	1	0	0	1	1	0	0	1	0	S
NMDC20553563	0	0	0	0	0	0	0	0	0	1	1	1	0	0	1	1	0	0	1	0	S
NMDC20555561	0	0	0	0	0	0	0	0	0	1	1	1	0	0	1	1	0	0	1	0	S
NMDC20555562	0	0	0	0	0	0	0	0	0	1	1	1	0	0	1	1	0	0	1	0	S
NMDC20585239	0	0	0	0	0	0	0	0	0	0	0	1	0	0	1	1	0	0	1	0	S
NMDC20585243	1	0	0	0	0	1	0	0	0	1	0	1	0	0	1	1	1	0	1	0	S
NMDC20557600	0	0	0	0	0	0	0	0	0	1	0	1	0	0	1	1	0	0	1	0	S
NMDC20557601	0	0	0	0	0	0	0	0	0	1	0	1	0	0	1	1	0	0	1	0	S
NMDC20585247	0	0	0	0	0	0	0	0	0	1	0	1	0	0	1	1	0	0	1	0	S
NMDC20557602	0	0	0	0	0	0	0	0	0	1	0	1	0	0	1	1	0	0	1	0	S
NMDC20551524	0	0	0	0	0	0	0	0	0	1	0	1	0	0	1	1	0	0	1	0	S
NMDC20553566	1	0	0	0	0	0	0	0	0	1	0	1	0	0	1	1	0	0	1	0	S
NMDC20557603	0	0	0	0	0	0	0	0	0	1	0	1	0	0	1	1	0	0	1	0	S
NMDC20585248	0	1	0	1	0	0	0	1	0	1	0	1	0	0	1	0	0	0	1	0	S
NMDC20553567	0	0	0	0	0	0	0	0	0	1	0	1	0	0	1	1	0	0	1	0	S
NMDC20553568	0	0	0	0	0	0	0	0	0	1	0	0	0	0	1	1	0	0	0	0	S
NMDC20585250	0	0	0	1	0	0	0	0	0	1	0	0	0	0	1	1	0	0	1	0	S
NMDC20585252	1	0	0	1	0	0	0	0	0	1	0	1	0	0	1	0	0	0	1	0	S
NMDC20585254	1	0	0	0	1	0	0	0	0	1	0	1	0	0	1	0	0	0	1	0	S
NMDC20585259	0	0	0	1	0	0	0	0	0	1	0	1	0	0	1	0	0	0	1	0	S
NMDC20585260	0	0	0	1	0	0	0	0	0	1	0	1	0	0	1	0	0	0	1	0	S
NMDC20555567	0	0	0	0	1	0	0	0	0	1	0	0	0	0	0	0	0	0	1	0	S
NMDC20585265	0	0	0	0	0	0	0	0	0	1	0	1	0	0	0	0	0	0	0	0	S
NMDC20585266	0	0	0	0	1	0	0	0	0	1	0	0	0	0	0	0	0	0	1	0	S
NMDC20585267	0	0	0	0	1	0	0	0	0	1	0	0	0	0	0	0	0	0	1	0	S
NMDC20585268	0	0	0	0	1	0	0	0	0	0	0	0	0	0	0	0	0	0	1	0	S
NMDC20585269	0	0	0	0	1	0	0	0	0	1	0	0	0	0	0	0	0	0	1	0	S
NMDC20553572	0	0	0	0	1	0	0	0	0	1	0	1	0	0	0	0	0	0	1	0	S
NMDC20557607	0	0	0	0	1	0	0	0	0	1	0	0	0	0	0	0	0	0	1	0	S
NMDC20585271	0	0	0	0	0	0	0	0	0	1	0	1	0	0	1	1	0	0	1	0	S
NMDC20585272	0	0	0	0	0	0	0	0	0	1	0	1	0	0	1	1	0	0	1	0	S
NMDC20585274	0	0	0	0	0	0	0	0	0	0	0	0	0	0	1	0	0	0	1	0	S
NMDC20551529	0	0	0	0	1	0	0	0	0	1	0	0	0	0	0	0	0	0	1	0	S
NMDC20551530	0	0	0	1	0	0	0	0	0	1	0	0	0	0	0	1	0	0	1	0	S
NMDC20585276	0	0	0	0	0	0	0	0	0	1	0	1	0	0	1	0	0	0	1	0	S
NMDC20585277	0	0	0	0	0	0	0	0	0	1	0	1	0	0	1	0	0	0	1	0	S
NMDC20551531	1	0	0	0	0	0	0	0	0	1	0	1	0	0	1	0	0	0	1	0	S
NMDC20585278	0	0	0	0	0	0	0	0	0	1	1	1	0	0	0	0	0	0	1	0	S
NMDC20585279	0	0	0	1	0	0	0	0	0	0	0	1	0	0	1	0	0	0	0	0	S
NMDC20585280	0	0	0	0	0	0	0	0	0	0	1	1	0	1	1	0	0	0	1	0	S
NMDC20555568	1	0	0	0	0	0	0	0	0	0	1	1	0	1	1	0	0	0	1	0	S
NMDC20557608	0	0	0	0	0	0	0	0	0	0	1	1	0	0	1	0	0	0	1	0	S
NMDC20551532	0	0	0	1	0	0	0	0	0	1	0	1	0	0	1	0	0	0	1	0	S
NMDC20585283	0	0	0	1	0	0	0	0	0	1	0	1	0	0	1	0	0	0	1	0	S
NMDC20553575	0	0	0	1	0	0	0	0	0	0	1	1	0	0	1	0	0	0	0	0	S
NMDC20555569	0	0	0	1	0	0	0	0	0	0	1	1	0	0	1	0	0	0	0	0	S
NMDC20585288	0	0	0	1	0	0	0	0	0	0	1	1	0	0	1	0	0	0	0	0	S
NMDC20585289	1	0	0	1	0	0	0	0	0	0	1	1	0	0	1	0	0	0	0	0	S
NMDC20585290	0	0	0	1	0	0	0	0	0	1	0	1	0	0	0	0	0	0	1	0	S
NMDC20585294	0	0	0	1	0	0	0	0	0	0	1	1	0	0	1	0	0	0	0	0	S
NMDC20585295	0	0	0	1	0	0	0	0	0	0	1	1	0	0	1	0	0	0	0	0	S
NMDC20585296	0	0	0	1	0	0	0	0	0	0	1	1	0	0	1	0	0	0	0	0	S
NMDC20557610	0	0	0	1	0	0	0	0	0	1	0	1	0	0	0	0	0	0	1	0	S
NMDC20585297	0	0	0	1	0	0	0	0	0	0	1	1	0	0	1	0	0	0	1	0	S
NMDC20585298	0	1	0	1	0	0	0	0	0	0	1	1	0	0	1	0	0	0	1	0	S
NMDC20585299	0	0	0	1	0	0	0	0	0	0	1	1	0	0	1	0	0	0	1	0	S
NMDC20551534	1	0	0	1	0	0	0	0	0	0	1	1	0	0	1	0	1	0	1	0	S
NMDC20553576	0	0	0	1	0	0	0	0	0	0	1	1	0	0	1	0	0	0	0	0	S
NMDC20585302	0	0	0	1	0	0	0	0	0	1	0	1	0	0	0	0	0	0	1	0	S
NMDC20553577	0	0	0	1	0	0	0	0	0	0	1	1	0	0	1	0	0	0	0	0	S
NMDC20585303	0	0	0	1	0	0	0	0	0	0	1	1	0	0	1	0	0	0	0	0	S
NMDC20585304	0	0	0	1	0	0	0	0	0	0	1	1	0	0	1	0	0	0	1	0	S
NMDC20557611	1	0	0	0	0	0	0	0	0	1	0	1	0	0	1	0	1	0	1	0	S
NMDC20555572	0	0	0	0	0	0	0	0	0	1	0	1	0	0	1	0	0	0	1	0	S
NMDC20585307	0	0	0	1	0	0	0	0	0	1	0	1	0	0	0	0	0	0	1	0	S
NMDC20585308	0	0	0	0	0	0	0	0	0	1	0	1	0	0	1	0	0	0	1	0	S
NMDC20585310	0	0	0	1	0	0	0	1	0	1	0	1	0	0	1	0	0	0	1	0	S
NMDC20585312	0	0	0	0	0	0	0	0	0	1	0	1	0	0	1	1	0	0	1	0	S
NMDC20585313	0	0	0	0	0	0	0	0	0	1	0	1	0	0	1	1	0	0	1	0	S
NMDC20585314	0	1	0	0	0	1	0	0	0	1	0	1	0	0	0	1	0	0	1	0	S
NMDC20585315	0	0	0	1	0	0	0	0	0	1	0	1	0	0	0	0	0	0	1	0	S
NMDC20585316	1	0	0	0	0	0	1	0	0	1	0	1	0	0	1	1	0	0	1	0	S
NMDC20585317	0	0	0	0	0	0	0	0	0	1	0	1	0	0	1	1	0	0	1	0	S
NMDC20551536	0	0	0	0	0	0	0	0	0	1	0	1	0	0	1	1	0	0	1	0	S
NMDC20557612	0	0	0	0	0	0	0	0	0	1	0	1	0	0	1	1	0	0	1	0	S
NMDC20585318	0	0	0	0	0	1	0	0	0	1	0	1	0	0	1	1	0	0	1	0	S
NMDC20585319	0	0	0	0	1	0	0	0	0	0	0	0	0	0	1	0	0	0	1	0	S
NMDC20585321	1	0	0	0	0	1	0	0	0	1	0	1	0	0	1	1	1	0	0	0	S
NMDC20551538	0	0	0	0	0	0	0	0	0	1	0	1	0	0	1	1	0	0	1	0	S
NMDC20553581	0	0	0	0	0	0	0	0	0	1	0	1	0	0	1	1	0	0	1	0	S
NMDC20585322	1	0	0	0	0	1	0	0	0	1	0	1	0	0	1	1	0	0	1	0	S
NMDC20557702	0	0	0	0	0	0	0	0	0	1	0	1	0	0	1	1	0	0	1	0	S
NMDC20585720	0	0	0	0	0	0	0	0	0	1	0	1	0	0	1	1	0	0	1	0	S
NMDC20551637	0	0	0	0	0	0	0	0	0	0	1	1	0	1	1	0	0	0	1	0	S
NMDC20551638	0	0	0	0	0	0	0	0	0	0	1	1	0	1	1	0	0	0	1	0	S
NMDC20557706	0	0	0	0	0	0	0	0	0	0	1	1	0	1	1	0	0	0	1	0	S
NMDC20585721	0	0	0	0	0	0	0	0	0	0	1	1	0	1	1	0	0	0	1	0	S
NMDC20585722	0	0	0	0	0	0	0	0	0	1	0	1	0	0	1	1	0	0	1	0	S
NMDC20585723	0	0	0	0	0	0	0	0	0	0	1	1	0	1	1	0	0	0	1	0	S
NMDC20557705	0	0	0	0	0	0	0	0	0	0	1	1	0	1	1	0	0	0	1	0	S
NMDC20555677	0	0	0	0	0	0	0	0	0	0	1	1	0	1	1	0	0	0	1	0	S
NMDC20553673	0	0	0	0	0	0	0	0	0	1	0	1	0	0	1	1	0	0	1	0	S
NMDC20585724	0	0	0	0	0	0	0	0	0	1	0	1	0	0	1	1	0	0	1	0	S
NMDC20553674	0	0	0	0	0	0	0	0	0	0	1	1	0	1	1	0	0	0	1	0	S
NMDC20553675	0	0	0	0	0	0	0	0	0	1	0	1	0	0	1	1	0	0	1	0	S
NMDC20585726	0	0	0	0	0	0	0	0	0	1	0	1	0	0	1	1	0	0	1	0	S
NMDC20585729	0	1	0	1	0	0	0	1	0	1	0	1	0	0	1	0	0	0	1	0	S
NMDC20585731	0	0	0	0	0	0	0	0	0	0	1	1	0	1	1	0	0	0	1	0	S
NMDC20551639	0	0	0	0	0	0	0	0	0	0	1	1	0	1	1	0	0	0	1	0	S
NMDC20585732	0	0	0	0	0	0	0	0	0	1	0	1	0	0	1	1	0	0	1	0	S
NMDC20585733	0	0	0	0	0	0	0	0	0	0	1	1	0	1	1	0	0	0	1	0	S
NMDC20555680	0	0	0	1	0	0	0	0	0	1	0	1	0	0	1	0	0	0	1	0	S
NMDC20555681	0	0	0	0	0	0	0	0	0	0	1	1	0	1	1	0	0	0	1	0	S
NMDC20585734	0	0	0	0	0	0	0	0	0	0	1	1	0	1	1	0	0	0	1	0	S
NMDC20551644	0	0	0	0	0	0	0	0	0	0	1	1	0	0	1	0	0	0	1	0	S
NMDC20553676	0	1	0	0	0	0	0	0	1	0	1	1	0	1	1	0	0	0	1	1	S
NMDC20585735	0	0	0	0	0	0	0	0	0	1	0	1	0	0	1	1	0	0	1	0	S
NMDC20551642	0	0	0	0	0	0	0	0	0	0	1	1	0	1	1	0	0	0	1	0	S
NMDC20553677	0	0	0	0	0	0	0	0	0	0	0	1	0	0	0	1	0	0	1	0	S
NMDC20555683	0	0	0	0	0	0	0	0	0	0	1	1	0	1	1	0	0	0	1	0	S
NMDC20585738	0	1	0	0	0	0	0	0	0	0	1	1	0	1	1	0	0	0	1	0	S
NMDC20585739	0	0	0	0	0	0	0	0	0	0	1	1	0	1	1	0	0	0	1	0	S
NMDC20557707	0	0	0	0	0	0	0	0	0	0	1	1	0	1	1	0	0	0	1	0	S
NMDC20551645	0	1	0	0	0	0	0	0	0	1	0	1	0	0	1	1	0	0	1	0	S
NMDC20555684	0	0	0	0	0	0	0	0	0	1	0	1	0	0	1	1	0	0	1	0	S
NMDC20585742	0	0	0	0	0	0	0	0	0	1	1	1	0	0	1	1	0	0	1	0	S
NMDC20585743	0	0	0	0	0	0	0	0	0	1	0	1	0	0	1	1	0	0	1	0	S
NMDC20551646	0	0	0	0	0	0	0	0	0	0	1	1	0	1	1	0	0	0	1	0	S
NMDC20555685	0	0	0	0	0	0	0	0	0	0	1	1	0	1	1	0	0	0	1	0	S
NMDC20585745	1	1	1	0	1	0	0	0	0	1	0	1	0	0	1	0	0	0	1	0	S
NMDC20585746	0	0	0	0	0	0	0	0	0	1	0	1	0	0	1	1	0	0	1	0	S
NMDC20585747	0	0	0	0	0	0	0	0	0	0	1	1	0	0	1	0	0	0	1	0	S
NMDC20585748	0	0	0	0	0	0	0	0	0	1	0	1	0	0	1	1	0	0	1	0	S
NMDC20555686	0	1	0	0	0	0	0	0	0	0	1	1	0	1	1	0	0	0	1	0	S
NMDC20585749	0	0	0	0	0	0	0	0	0	1	0	1	0	0	1	1	0	0	1	0	S
NMDC20585750	0	0	0	0	0	0	0	0	0	1	0	1	0	0	1	1	0	0	1	0	S
NMDC20557710	0	0	0	0	0	0	0	0	0	1	0	1	0	0	1	1	0	0	1	0	S
NMDC20585751	0	0	0	0	0	0	0	0	0	0	1	1	0	1	1	0	0	0	1	0	S
NMDC20551647	0	0	0	0	0	0	0	0	0	0	1	1	0	1	1	0	0	0	1	0	S
NMDC20553679	0	0	0	0	0	0	0	0	0	0	1	1	0	1	1	0	0	0	1	0	S
NMDC20585752	0	0	0	0	0	0	0	0	0	1	0	1	0	0	1	1	0	0	1	0	S
NMDC20585754	0	0	0	0	0	0	0	0	0	0	1	1	0	1	1	0	0	0	1	0	S
NMDC20551649	0	0	0	0	0	0	0	0	0	0	1	1	0	1	1	0	0	0	1	0	S
NMDC20555688	0	0	0	0	0	0	0	0	0	0	1	1	0	1	1	0	0	0	1	0	S
NMDC20585755	0	0	0	0	0	0	0	0	0	0	1	1	0	1	1	0	0	0	1	0	S
NMDC20551650	0	0	0	0	0	0	0	0	0	0	1	1	0	1	1	0	0	0	1	0	S
NMDC20585756	0	0	0	0	0	0	0	0	0	0	1	1	0	1	1	0	0	0	1	0	S
NMDC20585757	0	0	0	0	0	0	0	0	0	1	0	1	0	0	1	1	0	0	1	0	S
NMDC20585758	0	0	0	0	0	0	0	0	0	0	1	1	0	1	1	0	0	0	1	0	S
NMDC20557712	0	0	0	0	0	0	0	0	0	1	0	1	0	0	1	1	0	0	1	0	S
NMDC20585759	0	0	0	0	0	0	0	0	0	0	1	1	0	1	1	0	0	0	1	0	S
NMDC20553681	1	0	0	0	0	0	1	0	0	1	0	1	1	0	1	1	0	0	1	0	S
NMDC20557713	0	0	0	0	0	0	0	0	0	0	1	1	0	1	1	0	0	0	1	0	S
NMDC20585760	0	0	0	0	0	0	0	0	0	0	1	1	0	1	1	0	0	0	1	0	S
NMDC20551652	0	0	0	0	0	0	0	0	0	1	0	1	0	0	1	1	0	0	1	0	S
NMDC20585761	0	0	0	0	0	0	0	0	0	1	0	1	0	0	1	1	0	0	1	0	S
NMDC20555690	0	0	0	0	0	0	0	0	0	1	0	0	0	0	1	1	0	0	0	0	S
NMDC20585763	0	0	0	0	0	0	0	0	0	0	1	1	0	1	1	0	0	0	1	0	S
NMDC20551653	0	0	0	0	0	0	0	0	0	0	1	1	0	1	1	0	0	0	1	0	S
NMDC20555691	0	0	0	0	0	0	0	0	0	0	1	1	0	1	1	0	0	0	1	0	S
NMDC20557714	1	0	0	0	0	0	0	0	0	1	0	1	0	0	1	1	0	0	1	0	S
NMDC20553683	0	0	0	0	0	0	0	0	0	0	1	1	0	1	1	0	0	0	1	0	S
NMDC20585764	0	0	0	0	0	0	0	0	0	1	0	1	0	0	1	1	0	0	1	0	S
NMDC20551655	0	0	0	0	0	0	0	0	0	0	1	1	0	1	1	0	0	0	1	0	S
NMDC20555692	0	0	0	0	0	0	0	0	0	0	1	1	0	1	1	0	0	0	1	0	S
NMDC20555693	0	0	0	0	0	0	0	0	0	0	1	1	0	1	1	0	0	0	1	0	S
NMDC20551657	0	0	0	0	0	0	0	0	0	1	0	1	0	0	1	1	0	0	1	0	S
NMDC20557715	0	0	0	0	0	0	0	0	0	0	1	1	0	1	1	0	0	0	1	0	S
NMDC20557716	0	0	0	0	0	0	0	0	0	0	1	1	0	1	1	0	0	0	1	0	S
NMDC20585765	0	0	0	0	0	0	0	0	0	1	0	1	0	0	1	1	0	0	1	0	S
NMDC20585766	0	0	0	0	0	0	0	0	0	1	0	0	0	0	1	1	0	0	0	0	S
NMDC20553685	0	0	0	0	0	0	0	0	0	0	1	1	0	1	1	0	0	0	1	0	S
NMDC20555694	0	0	0	0	0	0	0	0	0	0	1	1	0	1	1	0	0	0	1	0	S
NMDC20585767	0	0	0	1	0	0	0	0	0	0	0	0	0	0	1	1	0	0	1	0	S
NMDC20551656	0	0	0	0	0	0	0	0	0	1	0	1	0	0	1	1	0	0	1	0	S
NMDC20585768	0	0	0	0	0	0	0	0	0	0	1	1	0	1	1	0	0	0	1	0	S
NMDC20551658	0	0	0	0	0	0	0	0	0	0	1	1	0	1	1	0	0	0	1	0	S
NMDC20585769	0	0	0	0	0	0	0	0	0	0	1	1	0	1	1	0	0	0	1	0	S
NMDC20553686	0	0	0	0	0	0	0	0	0	1	0	1	0	0	1	1	0	0	1	0	S
NMDC20585770	0	1	0	1	0	0	0	1	0	1	0	1	0	0	1	0	0	0	1	0	S
NMDC20557718	0	0	0	1	0	0	0	0	0	1	0	1	0	0	1	0	0	0	1	0	S
NMDC20555699	0	0	0	0	0	0	0	0	0	1	0	1	0	0	1	1	0	0	1	0	S
NMDC20551659	0	0	0	0	1	0	0	0	0	1	0	1	0	0	1	0	0	0	1	0	S
NMDC20551660	0	0	0	0	0	0	0	0	0	1	0	1	0	0	1	1	0	0	1	0	S
NMDC20585772	0	0	0	0	1	0	0	0	0	1	0	0	0	0	0	0	0	0	1	0	S
NMDC20557719	0	0	0	1	0	0	0	0	0	1	0	1	0	0	1	0	0	0	1	0	S
NMDC20557721	0	0	0	0	0	0	0	0	0	0	1	1	0	1	1	0	0	0	1	0	S
NMDC20555700	0	0	0	0	0	0	0	0	0	0	1	1	0	1	1	0	0	0	1	0	S
NMDC20585774	0	0	0	0	0	0	0	0	0	0	1	1	0	1	1	0	0	0	1	0	S
NMDC20585777	0	0	0	0	0	0	0	0	0	0	1	1	0	0	1	0	0	0	1	0	S
NMDC20553688	0	0	0	0	0	0	0	0	0	1	0	1	0	0	1	1	0	0	1	0	S
NMDC20555701	0	0	0	0	0	0	0	0	0	1	0	1	0	0	1	1	0	0	1	0	S
NMDC20557726	0	0	0	0	0	0	0	0	0	1	0	1	0	0	1	1	0	0	1	0	S
NMDC20553689	1	1	0	0	0	0	0	0	0	1	0	1	0	0	1	1	0	0	1	0	S
NMDC20551663	0	0	0	0	0	0	0	0	0	1	0	1	0	0	1	1	0	0	1	0	S
NMDC20585779	0	0	0	0	0	0	0	0	0	0	1	1	0	1	1	0	0	0	1	0	S
NMDC20557722	0	0	0	0	0	0	0	0	0	0	1	1	0	1	1	0	0	0	1	0	S
NMDC20585781	0	0	0	1	0	0	0	0	0	1	0	1	0	0	1	1	0	0	1	0	S
NMDC20555702	0	0	0	0	0	0	0	0	0	0	1	1	0	1	1	0	0	0	1	0	S
NMDC20585782	0	0	0	0	0	0	0	0	0	0	1	1	0	1	1	0	0	0	1	0	S
NMDC20585783	0	0	0	0	0	0	0	0	0	0	0	1	0	0	1	1	0	0	1	0	S
NMDC20551665	0	0	0	0	0	0	0	0	0	1	0	1	0	0	1	1	0	0	1	0	S
NMDC20555703	0	0	0	0	0	0	0	0	0	0	1	1	0	1	1	0	0	0	1	0	S
NMDC20585784	0	0	0	0	0	0	0	0	0	1	0	1	0	0	1	1	0	0	1	0	S
NMDC20585785	0	0	0	0	0	0	0	0	0	1	0	1	0	0	1	1	0	0	1	0	S
NMDC20551666	0	0	0	0	0	0	0	0	0	1	0	1	0	0	1	1	0	0	1	0	S
NMDC20553692	0	0	0	0	0	0	0	0	0	1	0	1	0	0	1	0	0	0	1	0	S
NMDC20557725	0	0	0	0	0	0	0	0	0	0	1	1	0	0	1	0	0	0	1	0	S
NMDC20553693	0	0	0	0	0	0	0	0	0	0	1	1	0	1	1	0	0	0	1	0	S
NMDC20585787	0	0	0	0	0	0	0	0	0	0	1	1	0	1	1	0	0	0	1	0	S
NMDC20585788	0	0	0	0	0	0	0	0	0	0	1	1	0	1	1	0	0	0	1	0	S
NMDC20553695	0	0	0	0	0	0	0	0	0	1	0	1	0	0	1	1	0	0	1	0	S
NMDC20557724	0	0	0	0	0	0	0	0	0	1	0	1	0	0	1	1	0	0	1	0	S
NMDC20553696	0	0	0	0	0	0	0	0	0	1	0	1	0	0	1	1	0	0	1	0	S
NMDC20585789	0	0	0	0	0	0	0	0	0	1	0	1	0	0	1	1	0	0	1	0	S
NMDC20585790	0	0	0	0	0	0	0	0	0	0	1	1	0	0	1	0	0	0	1	0	S
NMDC20585792	0	0	0	0	0	0	0	0	0	0	1	1	0	1	1	0	0	0	1	0	S
NMDC20555705	1	0	0	0	0	0	0	0	0	0	1	1	0	1	1	0	0	0	1	0	S
NMDC20555706	1	0	0	0	0	0	0	0	0	0	1	1	0	1	1	0	0	0	1	0	S
NMDC20585793	1	0	0	0	0	0	0	0	0	1	0	1	0	0	1	1	0	0	1	0	S
NMDC20551668	0	0	0	0	0	0	0	0	0	1	0	1	0	0	1	1	0	0	1	0	S
NMDC20557727	1	0	0	0	0	0	0	0	0	1	0	1	0	0	1	1	0	0	1	0	S
NMDC20551669	0	0	0	1	0	0	0	0	0	1	0	0	0	0	1	1	0	0	1	0	S
NMDC20585794	0	0	0	0	1	0	0	0	0	1	0	1	0	0	1	0	0	0	1	0	S
NMDC20557728	0	0	0	0	0	0	0	0	0	1	0	1	0	0	1	1	0	0	1	0	S
NMDC20551670	0	0	0	0	0	0	0	0	0	1	0	1	0	0	1	1	0	0	1	0	S
NMDC20555710	0	0	0	0	0	0	0	0	0	1	0	1	0	0	1	1	0	0	1	0	S
NMDC20585795	0	0	0	0	0	0	0	0	0	1	0	1	0	0	1	1	0	0	1	0	S
NMDC20557729	0	0	0	0	0	0	0	0	0	1	0	1	0	0	1	1	0	0	1	0	S
NMDC20585796	0	0	0	0	0	0	0	0	0	1	0	1	0	0	1	1	0	0	1	0	S
NMDC20585797	0	0	0	0	0	0	0	0	0	0	1	1	0	1	1	0	0	0	1	0	S
NMDC20557732	0	0	0	0	0	0	0	0	0	1	0	1	0	0	1	1	0	0	1	0	S
NMDC20551671	0	0	0	0	0	0	0	0	0	1	0	1	0	0	0	1	0	0	1	0	S
NMDC20553697	0	0	0	0	0	0	0	0	0	0	1	1	0	1	1	0	0	0	1	0	S
NMDC20585799	0	0	0	0	0	0	0	0	0	0	1	1	0	1	1	0	0	0	1	0	S
NMDC20555712	0	0	0	0	0	0	0	0	0	0	1	1	0	1	1	0	0	0	1	0	S
NMDC20585800	0	0	0	0	0	0	0	0	0	1	0	1	0	0	1	1	0	0	1	0	S
NMDC20585801	0	0	0	1	0	0	0	0	0	1	0	1	0	0	1	1	0	0	1	0	S
NMDC20585802	0	0	0	1	0	0	0	0	0	1	0	1	0	0	1	1	0	0	1	0	S
NMDC20553698	0	0	0	0	0	0	0	0	0	1	0	1	0	0	1	1	0	0	1	0	S
NMDC20557733	0	0	0	0	0	0	0	0	0	1	0	1	0	0	1	1	0	0	1	0	S
NMDC20555713	0	0	0	0	0	0	0	0	0	1	0	1	0	0	1	1	0	0	1	0	S
NMDC20553699	1	0	0	0	0	1	0	0	0	1	0	1	0	0	0	1	1	0	1	0	S
NMDC20551672	0	0	0	0	0	0	0	0	0	0	1	1	0	1	1	0	0	0	1	0	S
NMDC20551673	0	0	0	0	0	0	0	0	0	1	0	1	0	0	1	1	0	0	1	0	S
NMDC20585806	0	0	0	0	0	0	0	0	0	1	0	0	0	0	1	1	0	0	0	0	S
NMDC20551674	0	0	0	0	0	0	0	0	0	1	0	1	0	0	1	1	0	0	1	0	S
NMDC20553701	0	0	0	0	0	0	0	0	0	0	1	1	0	1	1	0	0	0	1	0	S
NMDC20555714	0	0	0	0	0	0	0	0	0	1	0	1	0	0	1	1	0	0	1	0	S
NMDC20585808	0	0	0	0	0	0	1	0	0	1	0	1	1	0	1	1	0	0	1	0	S
NMDC20557735	0	0	0	0	0	0	0	0	0	0	1	1	0	1	1	0	0	0	1	0	S
NMDC20553704	0	0	0	0	0	0	0	0	0	0	1	1	0	0	1	0	0	0	1	0	S
NMDC20551676	0	0	0	0	0	0	0	0	0	1	0	1	0	0	0	1	0	0	1	0	S
NMDC20585810	0	0	0	0	0	0	0	0	0	1	0	0	0	0	1	1	0	0	0	0	S
NMDC20585812	0	0	0	0	0	0	0	0	0	1	0	0	0	0	1	1	0	0	0	0	S
NMDC20555715	0	0	0	0	0	0	0	0	0	0	1	1	0	1	1	0	0	0	1	0	S
NMDC20555716	0	0	0	0	0	0	0	0	0	0	1	1	0	1	1	0	0	0	1	0	S
NMDC20585815	0	0	0	1	0	0	0	1	0	1	0	1	0	0	1	0	0	0	1	0	S
NMDC20553706	0	0	0	0	0	0	0	0	0	1	0	1	0	0	1	1	0	0	1	0	S
NMDC20585817	0	0	0	0	0	0	0	0	0	1	0	1	0	0	1	1	0	0	1	0	S
NMDC20551679	0	0	0	0	0	0	0	0	0	0	1	1	0	0	1	0	0	0	1	0	S
NMDC20585819	0	0	0	0	0	0	0	0	0	0	1	1	0	1	1	0	0	0	1	0	S
NMDC20585820	0	0	0	0	0	0	0	0	0	1	0	1	0	0	1	1	0	0	1	0	S
NMDC20551680	1	0	0	0	0	0	0	0	0	1	0	1	0	0	1	1	0	0	1	0	S
NMDC20585821	0	0	0	0	0	0	0	0	0	1	0	1	0	0	1	1	0	0	1	0	S
NMDC20555718	0	0	0	0	0	0	0	0	0	1	1	1	0	0	1	1	0	0	1	0	S
NMDC20585822	0	0	0	0	0	0	0	0	0	0	1	1	0	1	1	0	0	0	1	0	S
NMDC20585823	0	0	0	0	0	0	0	0	0	1	1	1	0	0	1	1	0	0	1	0	S
NMDC20585824	0	0	0	1	0	0	0	0	0	1	1	1	0	0	1	0	0	0	1	0	S
NMDC20551681	0	0	0	1	0	0	0	0	0	1	0	1	0	0	1	0	0	0	1	0	S
NMDC20551682	0	0	0	0	0	0	0	0	0	1	0	1	0	0	1	1	0	0	1	0	S
NMDC20557736	0	0	0	0	0	0	0	0	0	1	0	1	0	0	1	1	0	0	1	0	S
NMDC20553707	0	0	0	0	0	0	0	0	0	1	0	1	0	0	1	1	0	0	1	0	S
NMDC20551683	0	0	0	0	0	0	0	0	0	0	1	1	0	1	1	0	0	0	1	0	S
NMDC20585829	0	1	0	0	0	0	0	0	0	1	0	1	0	0	1	1	0	0	1	0	S
NMDC20585830	0	0	0	0	0	0	0	0	0	1	1	0	0	0	1	1	0	0	1	0	S
NMDC20557738	0	0	0	0	0	0	0	0	0	1	0	1	0	0	1	1	0	0	1	0	S
NMDC20551688	0	0	0	0	0	0	0	0	0	1	0	1	0	0	1	1	0	0	1	0	S
NMDC20585831	0	0	0	0	0	0	0	0	0	1	0	1	0	0	0	0	0	0	1	0	S
NMDC20585833	0	0	0	0	0	0	0	0	0	1	0	1	0	0	1	1	0	0	1	0	S
NMDC20585834	0	0	0	0	0	0	0	0	0	1	0	1	0	0	1	1	0	0	1	0	S
NMDC20585837	0	1	0	0	0	0	0	0	1	0	1	1	0	1	1	0	0	0	1	1	S
NMDC20585840	0	0	0	0	0	0	0	0	0	0	1	1	0	1	1	0	0	0	1	0	S
NMDC20585843	0	0	0	1	0	0	0	0	0	1	0	1	0	0	1	0	0	0	1	0	S
NMDC20585848	0	0	0	0	0	0	0	0	0	1	1	1	0	0	1	1	0	0	1	0	S
NMDC20585853	0	0	0	1	0	0	0	0	0	1	0	1	0	0	1	0	0	0	1	0	S
NMDC20585855	0	0	0	1	0	0	0	0	0	1	0	1	0	0	1	0	0	0	1	0	S
NMDC20585856	0	0	0	0	0	0	0	0	0	0	1	1	0	1	1	0	0	0	1	0	S
NMDC20585857	0	1	0	0	0	0	0	0	0	0	1	1	0	1	1	0	0	0	1	0	S
NMDC20585862	0	0	0	0	0	0	0	0	0	0	1	1	0	1	1	0	0	0	1	0	S
NMDC20585872	0	0	0	1	0	0	0	0	0	0	1	0	0	0	1	0	0	0	1	0	S
NMDC20585873	0	0	0	0	0	0	0	0	0	0	1	1	0	1	1	0	0	0	1	0	S
NMDC20585874	0	0	0	1	0	0	0	0	0	1	0	1	0	0	0	0	0	0	1	0	S
NMDC20585875	0	0	0	1	0	0	0	0	0	0	1	1	0	0	1	0	0	0	0	0	S
NMDC20585876	0	0	0	0	0	0	0	0	0	0	1	1	0	1	1	0	0	0	1	0	S
NMDC20585877	1	0	0	1	0	0	0	0	0	1	0	0	0	0	0	1	1	0	1	0	S
NMDC20585878	0	0	0	1	0	0	0	0	0	1	0	1	0	0	0	0	0	0	0	0	S
NMDC20557739	0	0	0	0	0	0	0	0	0	0	1	1	0	1	1	0	0	0	1	0	S
NMDC20585879	0	0	0	0	0	0	0	0	0	0	1	1	0	1	1	0	0	0	1	0	S
NMDC20585880	0	0	0	0	0	0	0	0	0	1	0	1	0	0	1	1	0	0	1	0	S
NMDC20551690	0	0	0	0	0	0	0	0	0	1	0	0	0	0	1	1	0	0	0	0	S
NMDC20551691	0	0	0	1	0	0	0	0	0	1	0	1	0	0	1	1	0	0	1	0	S
NMDC20585882	0	0	0	1	0	0	0	0	0	0	1	1	0	0	1	0	0	0	0	0	S
NMDC20585883	0	0	0	1	0	0	0	0	0	1	0	1	0	0	0	0	0	0	1	0	S
NMDC20585884	0	0	0	1	0	0	0	0	0	0	1	1	0	0	1	0	0	0	1	0	S
NMDC20585885	0	0	0	1	0	0	0	0	0	1	0	1	0	0	1	0	0	0	1	0	S
NMDC20551692	0	0	0	0	0	0	0	0	0	1	0	1	0	0	1	1	0	0	1	0	S
NMDC20553712	0	0	0	0	0	0	0	0	0	0	0	1	0	0	1	1	0	0	1	0	S
NMDC20585887	0	0	0	0	1	0	0	0	0	0	0	0	0	0	1	0	0	0	1	0	S
NMDC20551693	0	0	0	0	0	0	0	0	0	0	1	1	0	1	1	0	0	0	1	0	S
NMDC20555720	0	0	0	0	0	0	0	0	0	0	1	1	0	1	1	0	0	0	1	0	S
NMDC20553714	0	0	0	0	0	0	0	0	0	1	0	1	0	0	1	1	0	0	1	0	S
NMDC20585893	0	0	0	0	0	0	0	0	0	1	0	1	0	0	1	0	0	0	1	0	S
NMDC20585894	0	0	0	0	0	0	0	0	0	1	0	1	0	0	1	1	0	0	1	0	S
NMDC20555723	0	0	0	0	0	0	0	0	0	0	1	1	0	1	1	0	0	0	1	0	S
NMDC20555724	0	0	0	1	0	0	0	0	0	1	1	0	0	0	0	1	0	0	1	0	S
NMDC20585895	0	0	0	0	0	0	0	0	0	1	0	1	0	0	1	1	0	0	1	0	S
NMDC20557742	0	0	0	1	0	0	0	0	0	1	0	0	0	0	1	1	0	0	1	0	S
NMDC20553750	0	0	0	1	1	0	0	0	0	1	0	0	0	0	1	1	0	0	0	0	S
NMDC20551734	1	0	0	0	0	1	0	0	0	1	0	1	0	0	1	1	0	0	1	0	S
NMDC20551735	0	0	0	1	1	0	0	0	0	1	0	0	0	0	1	1	0	0	0	0	S
NMDC20555758	0	0	0	0	0	0	0	0	0	1	0	1	0	0	0	1	0	0	1	0	S
NMDC20551736	0	0	0	0	0	0	0	0	0	1	0	1	0	0	1	1	0	0	1	0	S
NMDC20585984	0	0	0	0	0	0	0	0	0	1	0	1	0	0	1	1	0	0	1	0	S
NMDC20551737	0	0	0	1	0	0	0	0	0	1	0	1	0	0	1	0	0	0	1	0	S
NMDC20585985	0	0	0	0	0	0	0	0	0	0	1	1	0	1	1	0	0	0	1	0	S
NMDC20553751	0	0	0	1	0	0	0	0	0	0	1	1	0	0	1	0	0	0	0	0	S
NMDC20585987	0	0	0	0	0	0	0	0	0	1	0	1	0	0	1	1	0	0	1	0	S
NMDC20585988	0	0	0	1	0	0	0	0	0	1	0	1	0	0	0	0	0	0	1	0	S
NMDC20585989	0	0	0	0	0	0	0	0	0	1	0	1	0	0	1	1	0	0	1	0	S
NMDC20551738	0	0	0	0	1	0	0	0	0	1	0	1	0	0	0	0	0	0	1	0	S
NMDC20553752	0	0	0	1	0	0	0	0	0	1	0	1	0	0	0	0	0	0	1	0	S
NMDC20585991	0	0	0	0	0	0	0	0	0	0	0	1	0	0	0	1	0	0	1	0	S
NMDC20585992	0	0	0	0	0	0	0	0	0	0	1	1	0	1	1	0	0	0	1	0	S
NMDC20585993	0	0	0	0	0	0	0	0	0	1	0	1	0	0	1	1	0	0	1	0	S
NMDC20585995	0	0	0	0	0	0	0	0	0	1	0	1	0	0	0	1	0	0	1	0	S
NMDC20553753	0	0	0	0	0	0	0	0	0	0	0	1	0	0	0	1	0	0	1	0	S
NMDC20585997	0	0	0	0	0	0	0	0	0	1	0	1	0	0	1	1	0	0	1	0	S
NMDC20557784	0	0	0	0	0	0	0	0	0	1	0	1	0	0	1	1	0	0	1	0	S
NMDC20585998	0	0	0	0	0	0	0	0	0	0	1	1	0	1	1	0	0	0	1	0	S
NMDC20553754	0	0	0	1	0	0	0	0	0	1	0	0	0	0	1	1	0	0	1	0	S
NMDC20585999	0	0	0	0	0	0	0	0	0	0	1	1	0	1	1	0	0	0	1	0	S
NMDC20586000	0	0	0	0	0	0	0	0	0	1	0	1	0	0	1	1	0	0	1	0	S
NMDC20586001	1	0	0	0	0	0	0	0	0	1	0	1	0	0	1	1	0	0	1	0	S
NMDC20586002	0	0	0	0	0	0	0	0	0	1	0	1	0	0	1	1	0	0	1	0	S
NMDC20586003	0	0	0	0	0	0	0	0	0	1	1	1	0	0	1	1	0	0	1	0	S
NMDC20555761	0	0	0	1	0	0	0	0	0	0	0	1	0	0	1	0	0	0	1	0	S
NMDC20586005	0	0	0	0	0	0	0	0	0	1	0	1	0	0	1	0	0	0	0	0	S
NMDC20551742	0	0	0	0	0	0	0	0	0	0	1	1	0	1	1	0	0	0	1	0	S
NMDC20557785	0	0	0	0	0	0	0	0	0	0	0	1	0	0	1	0	0	0	1	0	S
NMDC20557786	0	0	0	0	0	0	0	0	0	0	1	1	0	1	1	0	0	0	1	0	S
NMDC20553755	0	0	0	0	0	0	0	0	0	0	1	1	0	0	1	0	0	0	1	0	S
NMDC20551743	0	0	0	0	0	0	0	0	0	0	1	1	0	0	1	0	0	0	1	0	S
NMDC20586008	0	0	0	0	0	0	0	0	0	0	1	1	0	1	1	0	0	0	1	0	S
NMDC20586009	0	0	0	0	0	0	0	0	0	1	0	1	0	0	0	1	0	0	1	0	S
NMDC20586021	0	0	0	1	0	0	0	0	0	1	1	1	0	0	1	0	0	0	1	0	S
NMDC20553766	0	0	0	0	0	0	0	0	0	0	1	1	0	1	1	0	0	0	1	0	S
NMDC20551754	0	0	0	0	0	0	0	0	0	1	0	1	0	0	0	1	0	0	1	0	S
NMDC20586023	0	0	0	0	0	0	0	0	0	0	1	1	0	0	1	0	0	0	1	0	S
NMDC20555771	1	0	0	1	0	1	0	0	0	0	1	1	0	0	1	0	0	0	0	0	S
NMDC20555772	0	0	0	0	0	0	0	0	0	1	0	1	0	0	1	1	0	0	1	0	S
NMDC20586025	0	0	0	1	1	0	0	0	0	1	0	0	0	0	1	1	0	0	0	0	S
NMDC20586026	0	0	0	0	0	0	0	0	0	1	0	1	0	0	1	1	0	0	1	0	S
NMDC20586027	0	0	0	0	1	0	0	0	0	1	0	0	0	0	0	0	0	0	1	0	S
NMDC20586030	0	0	0	1	0	0	0	0	0	0	1	1	0	0	1	0	0	0	1	0	S
NMDC20586031	0	0	0	0	0	0	0	0	0	1	1	1	0	0	1	1	0	0	1	0	S
NMDC20586032	0	0	0	0	0	0	0	0	0	1	0	1	0	0	1	1	0	0	1	0	S
NMDC20586036	0	0	0	0	0	0	0	0	0	1	0	1	0	0	1	0	0	0	1	0	S
NMDC20586039	0	0	0	0	0	0	0	0	0	1	0	1	0	0	1	1	0	0	1	0	S
NMDC20586041	0	0	0	0	0	0	0	0	0	0	1	1	0	1	1	0	0	0	1	0	S
NMDC20586042	1	0	0	0	0	0	0	0	0	1	0	1	0	0	1	1	0	0	1	0	S
NMDC20586043	0	0	0	0	0	0	0	0	0	1	0	1	0	0	1	1	0	0	1	0	S
NMDC20586044	0	0	0	0	0	0	0	0	0	1	0	1	0	0	1	1	0	0	1	0	S
NMDC20586045	0	0	0	0	0	0	0	0	0	0	1	1	0	1	1	0	0	0	1	0	S
NMDC20586046	1	0	0	0	0	1	0	0	0	1	0	1	0	0	1	1	1	0	1	0	S
NMDC20586049	0	0	0	0	0	0	0	0	0	0	1	1	0	1	1	0	0	0	1	0	S
NMDC20586051	0	0	0	0	0	0	0	0	0	1	0	1	0	0	1	1	0	0	1	0	S
NMDC20586052	0	0	0	0	0	0	0	0	0	0	1	1	0	1	1	0	0	0	1	0	S
NMDC20586054	0	0	0	0	0	0	0	0	0	0	1	1	0	1	1	0	0	0	1	0	S
NMDC20586055	0	0	0	0	0	0	0	0	0	0	0	1	0	0	0	1	0	0	1	0	S
NMDC20586057	0	0	0	0	0	0	0	0	0	1	0	1	0	0	1	1	0	0	1	0	S
NMDC20586063	0	0	0	0	0	0	0	0	0	1	0	1	0	0	1	1	0	0	1	0	S
NMDC20586065	0	0	0	0	0	0	0	0	0	1	1	1	0	0	1	1	0	0	1	0	S
NMDC20586066	0	0	0	1	0	0	0	0	0	0	1	1	0	0	1	0	0	0	1	0	S
NMDC20586068	0	0	0	0	0	0	0	0	0	1	0	1	0	0	1	1	0	0	1	0	S
NMDC20586069	0	0	0	1	0	0	0	0	0	0	1	1	0	0	1	0	0	0	0	0	S
NMDC20586070	0	0	0	1	0	0	0	0	0	1	0	0	0	0	1	1	0	0	1	0	S
NMDC20586072	0	0	0	0	0	0	0	0	0	1	0	1	0	0	1	1	0	0	1	0	S
NMDC20586077	0	0	0	0	0	0	0	0	0	1	0	1	0	0	1	1	0	0	1	0	S
NMDC20586078	0	0	0	0	0	0	0	0	0	0	1	1	0	1	1	0	0	0	1	0	S
NMDC20586081	0	0	0	0	0	0	0	0	0	1	0	1	0	0	1	1	0	0	1	0	S
NMDC20586083	0	0	0	0	0	0	0	0	0	1	0	1	0	0	0	0	0	0	0	0	S
NMDC20586084	0	0	0	0	0	0	0	0	0	0	1	1	0	1	1	0	0	0	1	0	S
NMDC20586085	0	0	0	0	0	0	0	0	0	0	1	1	0	1	1	0	0	0	1	0	S
NMDC20586086	0	0	0	0	1	0	0	0	0	1	0	0	0	0	0	0	0	0	1	0	S
NMDC20586087	0	0	0	0	0	0	0	0	0	1	0	1	0	0	1	1	0	0	1	0	S
NMDC20586088	0	0	0	0	1	0	0	0	0	1	0	0	0	0	0	0	0	0	1	0	S
NMDC20586089	0	0	0	0	0	0	0	0	0	1	0	1	0	0	1	1	0	0	1	0	S
NMDC20586090	0	0	0	0	0	0	0	0	0	1	0	1	0	0	1	1	0	0	1	0	S
NMDC20586091	0	0	0	0	0	0	0	0	0	0	1	1	0	1	1	0	0	0	1	0	S
NMDC20586092	0	0	0	0	1	0	0	0	0	1	0	1	0	0	1	0	0	0	1	0	S
NMDC20586094	0	0	0	0	0	0	0	0	0	0	1	1	0	0	1	0	0	0	1	0	S
NMDC20586098	0	0	0	0	0	0	0	0	0	1	0	1	0	0	1	1	0	0	1	0	S
NMDC20586099	0	0	0	0	0	0	0	0	0	1	0	1	0	0	1	0	0	0	1	0	S
NMDC20586102	0	0	0	0	0	0	0	0	0	1	0	1	0	0	1	1	0	0	1	0	S
NMDC20557794	0	0	0	0	0	0	0	0	0	0	1	1	0	1	1	0	0	0	1	0	S
NMDC20586103	0	0	0	0	0	0	0	0	0	1	0	1	0	0	1	1	0	0	1	0	S
NMDC20553769	0	0	0	0	0	0	0	0	0	1	0	1	0	0	1	1	0	0	1	0	S
NMDC20555774	0	0	0	0	0	0	0	0	0	0	1	1	0	0	1	0	0	0	1	0	S
NMDC20553771	0	0	0	0	0	0	0	0	0	1	0	1	0	0	1	1	0	0	1	0	S
NMDC20586104	0	0	0	0	0	0	0	0	0	1	0	1	0	0	1	1	0	0	1	0	S
NMDC20555776	0	0	0	0	0	0	0	0	0	0	1	1	0	1	1	0	0	0	1	0	S
NMDC20586106	0	0	0	0	0	0	0	0	0	0	1	1	0	1	1	0	0	0	1	0	S
NMDC20551758	0	0	0	0	0	0	0	0	0	1	0	1	0	0	1	1	0	0	1	0	S
NMDC20586107	0	0	0	0	0	0	0	0	0	0	1	1	0	1	1	0	0	0	1	0	S
NMDC20586108	1	0	0	0	0	0	0	0	0	1	0	1	0	0	0	0	0	0	1	0	S
NMDC20553772	0	0	0	0	0	0	0	0	0	0	1	1	0	1	1	0	0	0	1	0	S
NMDC20551760	0	0	0	0	0	0	0	0	0	1	0	1	0	0	1	1	0	0	1	0	S
NMDC20586109	1	0	0	0	0	1	0	0	0	1	0	1	0	0	1	0	1	0	1	0	S
NMDC20557798	0	0	0	0	0	0	0	0	0	1	0	1	0	0	1	1	0	0	1	0	S
NMDC20555779	0	0	0	0	0	0	0	0	0	0	1	1	0	1	1	0	0	0	1	0	S
NMDC20557800	0	0	0	0	0	0	0	0	0	0	1	1	0	1	1	0	0	0	1	0	S
NMDC20551761	0	0	0	0	0	0	0	0	0	0	1	1	0	1	1	0	0	0	1	0	S
NMDC20586112	0	0	0	0	0	0	0	0	0	1	0	1	0	0	1	1	0	0	1	0	S
NMDC20555780	0	0	0	0	0	0	0	0	0	1	0	1	0	0	1	1	0	0	1	0	S
NMDC20555781	0	0	0	0	0	0	0	0	0	1	0	1	0	0	1	1	0	0	1	0	S
NMDC20555782	0	0	0	0	0	0	0	0	0	0	1	1	0	1	1	0	0	0	1	0	S
NMDC20557802	1	0	0	0	0	0	0	0	0	1	0	1	0	0	1	1	0	0	1	0	S
NMDC20586113	1	0	0	1	0	0	0	0	0	1	0	0	0	0	1	1	0	0	1	0	S
NMDC20586114	0	0	0	0	0	0	0	0	0	1	0	1	0	0	1	1	0	0	1	0	S
NMDC20553776	0	1	0	0	0	1	0	0	0	1	0	1	0	0	0	1	0	0	1	0	S
NMDC20557804	1	0	0	0	0	0	0	0	0	1	0	1	0	0	1	1	1	0	1	0	S
NMDC20586115	0	0	0	0	0	0	0	0	0	1	0	1	0	0	1	1	0	0	1	0	S
NMDC20553778	0	0	0	0	0	0	0	0	0	1	0	1	0	0	1	1	0	0	1	0	S
NMDC20586116	0	0	0	0	0	0	0	0	0	0	1	1	0	1	1	0	0	0	1	0	S
NMDC20551763	0	0	0	0	0	0	0	0	0	1	1	1	0	0	1	1	0	0	1	0	S
NMDC20555786	0	0	0	0	0	0	0	0	0	1	0	1	0	0	0	0	0	0	0	0	S
NMDC20586118	0	0	0	0	0	0	0	0	0	1	0	1	0	0	1	1	0	0	1	0	S
NMDC20555788	0	0	0	0	0	0	0	0	0	0	1	1	0	1	1	0	0	0	1	0	S
NMDC20586119	0	0	0	0	0	0	0	0	0	0	1	1	0	1	1	0	0	0	1	0	S
NMDC20586120	0	0	0	0	0	0	0	0	0	0	1	1	0	1	1	0	0	0	1	0	S
NMDC20551764	0	0	0	0	0	0	0	0	0	0	1	1	0	1	1	0	0	0	1	0	S
NMDC20557806	0	0	0	0	0	0	0	0	0	0	1	1	0	1	1	0	0	0	1	0	S
NMDC20551765	0	0	0	0	0	0	0	0	0	1	0	1	0	0	1	1	0	0	1	0	S
NMDC20551767	0	0	0	0	0	0	0	0	0	1	0	1	0	0	1	1	0	0	1	0	S
NMDC20586123	0	0	0	0	0	0	0	0	0	1	1	1	0	0	1	1	0	0	1	0	S
NMDC20586127	0	0	0	0	0	0	0	0	0	1	0	1	0	0	1	1	0	0	1	0	S
NMDC20553780	0	0	0	0	0	0	0	0	0	0	1	1	0	1	1	0	0	0	1	0	S
NMDC20553781	0	0	0	0	0	0	0	0	0	0	1	1	0	1	1	0	0	0	1	0	S
NMDC20551768	0	0	0	0	0	0	0	0	0	0	1	1	0	1	1	0	0	0	1	0	S
NMDC20555793	0	0	0	0	1	0	0	0	0	1	0	0	0	0	0	0	0	0	1	0	S
NMDC20555794	0	0	0	0	0	0	0	0	0	0	1	1	0	1	1	0	0	0	1	0	S
NMDC20586129	0	0	0	1	0	0	0	0	0	0	1	1	0	0	1	0	0	0	0	0	S
NMDC20555797	0	0	0	1	0	0	0	0	0	1	0	0	0	0	1	1	0	0	1	0	S
NMDC20553784	0	0	0	0	0	0	0	0	0	1	0	1	0	0	1	1	0	0	1	0	S
NMDC20557811	0	0	0	0	0	0	0	0	0	1	0	1	0	0	1	1	0	0	1	0	S
NMDC20551774	0	0	0	1	0	0	0	0	0	1	0	0	0	0	0	1	0	0	1	0	S
NMDC20553785	0	0	0	0	0	0	0	0	0	1	0	1	0	0	1	1	0	0	1	0	S
NMDC20586135	0	0	0	0	0	0	0	0	0	1	0	1	0	0	1	1	0	0	1	0	S
NMDC20586136	0	0	0	1	0	0	0	0	0	1	0	1	0	0	1	0	0	0	1	0	S
NMDC20551776	0	0	0	0	0	0	0	0	0	1	0	1	0	0	1	1	0	0	1	0	S
NMDC20553787	0	0	0	0	0	0	0	0	0	1	0	1	0	0	1	1	0	0	1	0	S
NMDC20551777	1	0	0	0	1	0	0	0	0	1	0	1	0	0	1	0	0	0	1	0	S
NMDC20586138	0	0	0	0	0	0	0	0	0	1	0	1	0	0	0	0	0	0	0	0	S
NMDC20586140	0	0	0	0	0	0	0	0	0	0	1	1	0	1	1	0	0	0	1	0	S
NMDC20553788	0	0	0	0	0	0	0	0	0	1	1	1	0	0	1	1	0	0	1	0	S
NMDC20586141	0	0	0	0	0	0	0	0	0	0	1	1	0	1	1	0	0	0	1	0	S
NMDC20557812	0	0	0	0	0	0	0	0	0	1	0	1	0	0	1	1	0	0	1	0	S
NMDC20551778	0	0	0	0	0	0	0	0	0	1	0	1	0	0	0	1	0	0	1	0	S
NMDC20586142	0	0	0	0	0	0	0	0	0	1	0	1	0	0	1	1	0	0	1	0	S
NMDC20586143	0	0	0	0	0	0	0	0	0	1	0	1	0	0	1	1	0	0	1	0	S
NMDC20586144	0	0	0	0	0	0	0	0	0	0	1	1	0	1	1	0	0	0	1	0	S
NMDC20551780	0	0	0	0	0	0	0	0	0	1	0	1	0	0	1	1	0	0	1	0	S
NMDC20555800	0	0	0	0	0	0	0	0	0	0	1	1	0	1	1	0	0	0	1	0	S
NMDC20586147	0	0	0	0	0	0	0	0	0	0	1	1	0	1	1	0	0	0	1	0	S
NMDC20586148	0	0	0	0	0	0	0	0	0	0	1	1	0	0	1	0	0	0	1	0	S
NMDC20586150	0	0	0	1	0	0	0	0	0	0	1	1	0	0	1	0	0	0	0	0	S
NMDC20553789	0	0	0	0	0	0	0	0	0	1	0	1	0	0	1	1	0	0	1	0	S
NMDC20557813	0	0	0	0	0	0	0	0	0	1	0	1	0	0	1	1	0	0	1	0	S
NMDC20557814	0	0	0	0	0	0	0	0	0	1	0	1	0	0	1	1	0	0	1	0	S
NMDC20555801	0	0	0	0	0	0	0	0	0	0	1	1	0	1	1	0	0	0	1	0	S
NMDC20557815	0	0	0	0	1	0	0	0	0	1	0	0	0	0	0	0	0	0	1	0	S
NMDC20586152	0	0	0	0	0	0	0	0	0	1	0	1	0	0	1	1	0	0	1	0	S
NMDC20551796	1	0	0	0	0	0	0	0	0	1	0	1	0	0	1	1	0	0	1	0	S
NMDC20551782	0	0	0	0	0	0	0	0	0	1	1	1	0	0	1	1	0	0	1	0	S
NMDC20557818	0	0	0	1	0	0	0	0	0	1	0	1	0	0	1	0	0	0	1	0	S
NMDC20551783	0	0	0	1	0	0	0	0	0	1	0	1	0	0	1	0	0	0	1	0	S
NMDC20557819	0	0	0	0	0	0	0	0	0	0	1	1	0	1	1	0	0	0	1	0	S
NMDC20586159	0	0	0	1	0	0	0	0	0	1	0	1	0	0	1	0	0	0	1	0	S
NMDC20555806	0	0	0	0	1	0	0	0	0	1	0	0	0	0	0	0	0	0	1	0	S
NMDC20586162	0	0	0	0	0	0	0	0	0	0	1	1	0	1	1	0	0	0	1	0	S
NMDC20553793	0	0	0	0	0	0	0	0	0	0	1	1	0	1	1	0	0	0	1	0	S
NMDC20586164	0	0	0	0	0	0	0	0	0	0	1	1	0	1	1	0	0	0	1	0	S
NMDC20553794	0	0	0	0	0	0	0	0	0	0	1	1	0	1	1	0	0	0	1	0	S
NMDC20557820	0	0	0	0	0	0	0	0	0	0	1	1	0	1	1	0	0	0	1	0	S
NMDC20557821	0	0	0	0	0	0	0	0	0	0	1	1	0	1	1	0	0	0	1	0	S
NMDC20586165	0	0	0	0	0	0	0	0	0	0	1	1	0	1	1	0	0	0	1	0	S
NMDC20551784	0	0	0	0	0	0	0	0	0	0	1	1	0	1	1	0	0	0	1	0	S
NMDC20553796	0	0	0	0	0	0	0	0	0	1	0	1	0	0	1	1	0	0	1	0	S
NMDC20555807	0	0	0	0	0	0	0	0	0	1	0	1	0	0	1	1	0	0	1	0	S
NMDC20586166	1	0	0	0	0	0	0	0	0	1	0	1	0	0	1	1	1	0	1	0	S
NMDC20586167	0	0	0	0	0	0	0	0	0	0	1	1	0	1	1	0	0	0	1	0	S
NMDC20586168	0	0	0	0	0	0	0	0	0	0	1	1	0	1	1	0	0	0	1	0	S
NMDC20555809	0	0	0	0	0	0	0	0	0	0	1	1	0	1	1	0	0	0	1	0	S
NMDC20586171	0	0	0	0	0	0	0	0	0	0	1	1	0	1	1	0	0	0	1	0	S
NMDC20553798	0	0	0	0	0	0	0	0	0	0	1	1	0	1	1	0	0	0	1	0	S
NMDC20557824	1	0	0	0	0	0	0	0	0	1	0	1	0	0	1	1	1	0	1	0	S
NMDC20553800	0	0	0	0	1	0	0	0	0	1	0	0	0	0	0	0	0	0	1	0	S
NMDC20555810	0	0	0	0	0	0	0	0	0	1	0	1	0	0	1	1	0	0	1	0	S
NMDC20586174	0	0	0	0	0	0	0	0	0	1	0	1	0	0	1	1	0	0	1	0	S
NMDC20555811	0	0	0	0	0	0	0	0	0	1	0	1	0	0	1	0	0	0	0	0	S
NMDC20553807	0	0	0	0	0	0	0	0	0	0	1	1	0	1	1	0	0	0	1	0	S
NMDC20553803	0	0	0	0	0	0	0	0	0	0	1	1	0	1	1	0	0	0	1	0	S
NMDC20553805	0	0	0	0	0	0	0	0	0	0	1	1	0	0	1	0	0	0	1	0	S
NMDC20586176	1	1	0	0	0	1	0	0	0	1	0	1	0	0	1	1	0	0	1	0	S
NMDC20586177	0	0	0	0	0	0	0	0	0	1	0	1	0	0	1	1	0	0	1	0	S
NMDC20551786	0	0	0	0	0	0	0	0	0	1	0	1	0	0	1	1	0	0	1	0	S
NMDC20555813	0	0	0	0	0	0	0	0	0	1	0	1	0	0	1	1	0	0	1	0	S
NMDC20551788	0	0	0	0	0	0	0	0	0	1	0	1	0	0	1	1	0	0	1	0	S
NMDC20586179	0	0	0	0	0	0	0	0	0	0	1	1	0	1	1	0	0	0	1	0	S
NMDC20551789	0	0	0	0	0	0	0	0	0	0	1	1	0	1	1	0	0	0	1	0	S
NMDC20551790	0	0	0	0	0	0	0	0	0	0	1	1	0	1	1	0	0	0	1	0	S
NMDC20557826	0	0	0	0	0	0	0	0	0	0	1	1	0	1	1	0	0	0	1	0	S
NMDC20553808	0	0	0	0	0	0	0	0	0	0	1	1	0	1	1	0	0	0	1	0	S
NMDC20555815	0	0	0	0	0	0	0	0	0	1	0	1	0	0	1	1	0	0	1	0	S
NMDC20557828	0	0	0	0	0	0	0	0	0	0	1	1	0	1	1	0	0	0	1	0	S
NMDC20557830	0	0	0	0	0	0	0	0	0	0	1	1	0	1	1	0	0	0	1	0	S
NMDC20586185	0	0	0	0	0	0	0	0	0	0	1	1	0	1	1	0	0	0	1	0	S
NMDC20553811	0	0	0	0	0	0	0	0	0	0	1	1	0	1	1	0	0	0	1	0	S
NMDC20586186	0	0	0	0	0	0	0	0	0	1	0	1	0	0	1	1	0	0	1	0	S
NMDC20586187	0	0	0	0	0	0	0	0	0	1	0	1	0	0	1	1	0	0	1	0	S
NMDC20551791	0	0	0	0	0	0	0	0	0	1	0	1	0	0	1	1	0	0	1	0	S
NMDC20586190	1	0	0	1	0	0	0	0	0	0	1	1	0	0	1	0	0	0	0	0	S
NMDC20555818	0	0	0	0	0	0	0	0	0	1	1	1	0	0	1	1	0	0	1	0	S
NMDC20555819	0	0	0	0	0	0	0	0	0	1	0	1	0	0	1	1	0	0	1	0	S
NMDC20555820	0	0	0	0	0	0	0	0	0	1	0	1	0	0	1	1	0	0	1	0	S
NMDC20586191	0	0	0	0	0	0	0	0	0	0	1	1	0	1	1	0	0	0	1	0	S
NMDC20551793	0	0	0	0	0	0	0	0	0	0	1	1	0	1	1	0	0	0	1	0	S
NMDC20586192	0	0	0	1	0	1	0	0	0	0	1	1	0	0	1	0	0	0	1	0	S
NMDC20551800	1	0	0	0	0	0	0	0	0	1	0	1	0	0	1	1	0	0	1	0	S
NMDC20555822	0	0	0	0	0	0	0	0	0	0	1	1	0	1	1	0	0	0	1	0	S
NMDC20551798	0	0	0	0	0	0	0	0	0	1	0	1	0	0	1	1	0	0	1	0	S
NMDC20557832	0	0	0	0	0	0	0	0	0	0	1	1	0	1	1	0	0	0	1	0	S
NMDC20586193	1	0	0	0	0	1	0	0	0	1	0	1	0	0	1	1	1	0	1	0	S
NMDC20586195	0	0	0	0	0	0	0	0	0	0	1	1	0	1	1	0	0	0	1	0	S
NMDC20557835	0	0	0	0	0	0	0	0	0	0	1	1	0	0	1	0	0	0	1	0	S
NMDC20586196	0	0	0	0	0	0	0	0	0	1	1	1	0	0	1	1	0	0	1	0	S
NMDC20551801	0	0	0	0	0	0	0	0	0	0	1	1	0	1	1	0	0	0	1	0	S
NMDC20586197	0	0	0	1	0	0	0	0	0	1	0	1	0	0	1	0	0	0	1	0	S
NMDC20586198	0	0	0	0	0	0	0	0	0	1	0	1	0	0	1	1	0	0	1	0	S
NMDC20551802	0	0	0	1	0	0	0	0	0	1	0	1	0	0	1	0	0	0	1	0	S
NMDC20586199	0	0	0	0	0	0	0	0	0	0	1	1	0	1	1	0	0	0	1	0	S
NMDC20586201	0	0	0	1	0	0	0	0	0	1	0	1	0	0	1	0	0	0	1	0	S
NMDC20586202	0	0	0	1	0	0	0	0	0	1	0	0	0	0	1	1	0	0	1	0	S
NMDC20586203	0	0	0	1	0	0	0	0	0	1	0	0	0	0	1	1	0	0	1	0	S
NMDC20551803	0	0	0	0	0	0	0	0	0	0	1	1	0	1	1	0	0	0	1	0	S
NMDC20555826	0	0	0	0	0	0	0	0	0	0	1	1	0	1	1	0	0	0	1	0	S
NMDC20586204	0	0	0	0	0	0	0	0	0	0	1	1	0	1	1	0	0	0	1	0	S
NMDC20553815	0	0	0	0	0	0	0	0	0	0	1	1	0	1	1	0	0	0	1	0	S
NMDC20557838	0	0	0	0	0	0	0	0	0	1	0	1	0	0	0	1	0	0	1	0	S
NMDC20586205	1	0	0	0	0	1	0	0	0	1	0	1	0	0	1	1	1	0	1	0	S
NMDC20586207	0	0	0	0	0	0	0	0	0	1	0	1	0	0	1	0	0	0	1	0	S
NMDC20586208	0	0	0	0	0	0	0	0	0	1	0	1	0	0	1	0	0	0	1	0	S
NMDC20553818	0	0	0	0	0	0	0	0	0	1	0	1	0	0	1	1	0	0	1	0	S
NMDC20586210	0	0	0	0	0	0	0	0	0	1	0	1	0	0	1	1	0	0	1	0	S
NMDC20586212	0	0	0	0	1	0	0	0	0	1	0	1	0	0	1	0	0	0	1	0	S
NMDC20557841	0	0	0	0	0	0	0	0	0	1	0	1	0	0	1	1	0	0	1	0	S
NMDC20586215	1	1	0	0	0	0	0	0	0	1	0	1	0	0	1	1	0	0	1	0	S
NMDC20553819	1	1	0	0	0	0	0	0	0	1	0	1	0	0	1	1	0	0	1	0	S
NMDC20557843	0	0	0	0	0	0	0	0	0	1	0	1	0	0	1	0	0	0	1	0	S
NMDC20586217	0	0	0	0	0	0	0	0	0	1	0	1	0	0	1	1	0	0	1	0	S
NMDC20551807	0	0	0	0	0	0	0	0	0	0	1	1	0	0	1	0	0	0	1	0	S
NMDC20553820	0	0	0	0	0	0	0	0	0	0	1	1	0	1	1	0	0	0	1	0	S
NMDC20555829	0	0	0	0	0	0	0	0	0	1	0	1	0	0	1	1	0	0	1	0	S
NMDC20555827	0	0	0	0	0	0	0	0	0	1	0	1	0	0	1	1	0	0	1	0	S
NMDC20586220	0	0	0	0	0	0	0	0	0	1	1	1	0	0	1	1	0	0	1	0	S
NMDC20551808	0	0	0	1	0	0	0	0	0	1	0	1	0	0	1	0	0	0	0	0	S
NMDC20557845	0	0	0	0	0	0	0	0	0	0	1	1	0	1	1	0	0	0	1	0	S
NMDC20553822	1	0	0	0	0	0	0	0	0	1	0	1	0	0	0	1	1	0	1	0	S
NMDC20586221	0	0	0	0	0	0	0	0	0	1	0	1	0	0	1	1	0	0	1	0	S
NMDC20551810	0	0	0	0	0	0	0	0	0	1	1	1	0	0	1	1	0	0	1	0	S
NMDC20551811	0	0	0	0	0	0	0	0	0	0	1	1	0	1	1	0	0	0	1	0	S
NMDC20586225	0	0	0	0	0	0	0	0	0	1	0	1	0	0	0	0	0	0	0	0	S
NMDC20557846	0	0	0	0	0	0	0	0	0	1	1	1	0	0	1	1	0	0	1	0	S
NMDC20555852	0	0	0	0	0	0	0	0	0	1	0	1	0	0	1	1	0	0	1	0	S
NMDC20551813	0	0	0	0	1	0	0	0	0	1	0	1	0	0	1	0	0	0	1	0	S
NMDC20553825	0	0	0	0	1	0	0	0	0	1	0	1	0	0	1	0	0	0	1	0	S
NMDC20551814	0	0	0	0	0	0	0	0	0	1	0	1	0	0	1	1	0	0	1	0	S
NMDC20551815	0	0	0	0	0	0	0	0	0	1	0	0	0	0	1	1	0	0	0	0	S
NMDC20551816	1	0	0	0	0	0	1	0	0	1	0	1	0	0	1	1	0	0	1	0	S
NMDC20555832	0	0	0	0	0	0	0	0	0	1	0	1	0	0	1	1	0	0	1	0	S
NMDC20553826	0	0	0	0	0	0	0	0	0	0	1	1	0	1	1	0	0	0	1	0	S
NMDC20557850	0	0	0	0	0	0	0	0	0	0	1	1	0	1	1	0	0	0	1	0	S
NMDC20555835	0	0	0	0	0	0	0	0	0	1	0	1	0	0	1	1	0	0	1	0	S
NMDC20553828	0	0	0	1	1	0	0	0	0	1	0	0	0	0	1	1	0	0	0	0	S
NMDC20586237	1	0	0	0	0	0	1	0	0	1	0	1	1	0	1	1	0	0	1	0	S
NMDC20586239	1	0	0	0	0	0	1	0	0	1	0	1	1	0	1	1	0	0	1	0	S
NMDC20553829	0	0	0	0	0	0	0	0	0	0	0	1	0	0	0	1	0	0	1	0	S
NMDC20586240	0	0	0	0	0	0	0	0	0	1	0	1	0	0	1	1	0	0	1	0	S
NMDC20555837	0	0	0	0	0	0	0	0	0	1	0	1	0	0	1	1	0	0	1	0	S
NMDC20586241	0	0	0	0	0	0	0	0	0	0	1	1	0	1	1	0	0	0	1	0	S
NMDC20553830	0	0	0	1	0	0	0	0	0	1	0	1	0	0	1	0	0	0	0	0	S
NMDC20555838	0	0	0	0	0	0	0	0	0	0	1	1	0	1	1	0	0	0	1	0	S
NMDC20586243	0	0	0	0	1	0	0	0	0	1	0	0	0	0	1	0	0	0	1	0	S
NMDC20586244	0	0	0	0	0	0	0	0	0	1	0	1	0	0	1	1	0	0	1	0	S
NMDC20586245	0	0	0	0	0	1	0	0	0	1	0	1	0	0	1	1	0	0	1	0	S
NMDC20555840	0	0	0	0	0	0	0	0	0	1	0	1	0	0	1	1	0	0	1	0	S
NMDC20555841	0	0	0	0	0	0	0	0	0	1	0	1	0	0	1	1	0	0	1	0	S
NMDC20557853	0	0	0	0	0	0	0	0	0	1	0	1	0	0	1	1	0	0	1	0	S
NMDC20586247	0	0	0	0	0	0	0	0	0	1	0	1	0	0	1	1	0	0	1	0	S
NMDC20557854	1	0	0	0	0	0	0	0	0	1	0	1	0	0	1	1	1	0	1	0	S
NMDC20551820	1	0	0	0	0	0	0	0	0	1	0	1	0	0	1	1	1	0	1	0	S
NMDC20586249	0	0	0	0	0	0	0	0	0	0	1	1	0	1	1	0	0	0	1	0	S
NMDC20555842	0	0	0	0	0	0	0	0	0	0	1	1	0	0	1	0	0	0	1	0	S
NMDC20586251	0	0	0	0	0	0	0	0	0	0	1	1	0	0	1	0	0	0	1	0	S
NMDC20555843	0	0	0	0	0	0	0	0	0	1	0	1	0	0	1	0	0	0	1	0	S
NMDC20555845	0	0	0	0	0	0	0	0	0	0	1	1	0	0	1	0	0	0	1	0	S
NMDC20557855	0	0	0	0	0	0	0	0	0	1	0	1	0	0	1	1	0	0	1	0	S
NMDC20555846	0	0	0	0	0	0	0	0	0	0	1	1	0	1	1	0	0	0	1	0	S
NMDC20586252	0	0	0	0	0	0	0	0	0	1	0	1	0	0	1	1	0	0	1	0	S
NMDC20586253	0	0	0	0	0	0	0	0	0	1	0	1	0	0	1	1	0	0	1	0	S
NMDC20555847	1	0	0	0	0	0	0	0	0	1	0	1	0	0	1	1	1	0	1	0	S
NMDC20557859	1	1	0	0	0	0	0	0	0	1	0	1	0	0	1	0	0	0	1	0	S
NMDC20586254	0	0	0	0	1	0	0	0	0	1	0	0	0	0	0	0	0	0	1	0	S
NMDC20553837	0	0	0	0	0	0	0	0	0	1	0	1	0	0	1	1	0	0	1	0	S
NMDC20553838	0	0	0	0	0	0	0	0	0	1	0	1	0	0	1	1	0	0	1	0	S
NMDC20551827	0	0	0	0	1	0	0	0	0	1	0	1	0	0	1	0	0	0	1	0	S
NMDC20586255	0	0	0	0	0	0	0	0	0	0	1	1	0	1	1	0	0	0	1	0	S
NMDC20555850	0	0	0	0	1	0	0	0	0	1	0	0	0	0	0	0	0	0	1	0	S
NMDC20553840	1	0	0	0	0	1	0	0	0	1	0	1	0	0	1	1	0	0	1	0	S
NMDC20551828	0	0	0	0	0	0	0	0	0	1	1	1	0	0	1	0	0	0	1	0	S
NMDC20551829	0	0	0	0	0	0	0	0	0	1	1	1	0	0	1	0	0	0	1	0	S
NMDC20555851	0	0	0	0	0	0	0	0	0	1	0	1	0	0	1	1	0	0	1	0	S
NMDC20586260	0	0	0	0	0	0	0	0	0	1	0	1	0	0	1	1	0	0	1	0	S
NMDC20553839	0	0	0	0	0	0	0	0	0	1	0	1	0	0	1	1	0	0	1	0	S
NMDC20586261	0	1	0	0	1	0	0	0	0	1	1	1	0	0	1	0	0	0	1	0	S
NMDC20586262	0	0	0	0	0	0	0	0	0	1	0	1	0	0	1	1	0	0	1	0	S
NMDC20586263	0	0	0	0	0	0	0	0	0	0	0	1	0	0	0	1	0	0	1	0	S
NMDC20555853	0	0	0	0	0	0	0	0	0	1	0	1	0	0	1	1	0	0	1	0	S
NMDC20586264	0	0	0	0	0	0	0	0	0	1	0	1	0	0	1	1	0	0	1	0	S
NMDC20553842	0	0	0	0	1	0	0	0	0	1	0	1	0	0	1	0	0	0	1	0	S
NMDC20557864	0	0	0	0	0	0	0	0	0	1	0	1	0	0	1	1	0	0	1	0	S
NMDC20557865	0	0	0	0	0	0	0	0	0	1	0	1	0	0	1	1	0	0	1	0	S
NMDC20553843	0	0	0	1	0	0	0	0	0	1	0	0	0	0	1	1	0	0	1	0	S
NMDC20553844	0	0	0	1	0	0	0	0	0	0	1	1	0	0	1	0	0	0	1	0	S
NMDC20586269	0	0	0	0	0	0	0	0	0	1	0	1	0	0	1	1	0	0	1	0	S
NMDC20555854	0	0	0	0	0	0	0	0	0	1	0	1	0	0	1	1	0	0	1	0	S
NMDC20586271	0	0	0	1	0	0	0	0	0	1	1	1	0	0	1	0	0	0	1	0	S
NMDC20555858	0	0	0	0	0	0	0	0	0	1	0	1	0	0	1	1	0	0	1	0	S
NMDC20555857	0	0	0	0	0	0	0	0	0	1	0	1	0	0	1	1	0	0	1	0	S
NMDC20586273	0	0	0	0	0	0	0	0	0	0	1	0	0	0	1	1	0	0	0	0	S
NMDC20553846	0	1	0	0	0	0	0	0	1	0	1	1	0	1	1	0	0	0	1	1	S
NMDC20586274	0	0	0	0	0	0	0	0	0	1	0	1	0	0	1	1	0	0	1	0	S
NMDC20555859	1	0	0	0	0	1	0	0	0	1	0	1	0	0	1	1	1	0	1	0	S
NMDC20551832	1	0	0	0	0	1	0	0	0	1	0	1	0	0	1	1	0	0	1	0	S
NMDC20586276	0	0	0	0	0	0	0	0	0	1	0	1	0	0	1	1	0	0	1	0	S
NMDC20586277	0	0	0	0	0	0	0	0	0	0	1	1	0	1	1	0	0	0	1	0	S
NMDC20553847	0	0	0	0	0	0	0	0	0	1	0	1	0	0	1	1	0	0	1	0	S
NMDC20586281	0	0	0	0	0	0	0	0	0	1	0	1	0	0	1	1	0	0	1	0	S
NMDC20555860	0	0	0	0	0	0	0	0	0	1	0	1	0	0	1	1	0	0	0	0	S
NMDC20586283	0	0	0	1	0	0	0	0	0	1	0	1	0	0	1	0	0	0	1	0	S
NMDC20555861	0	0	0	0	0	0	0	0	0	1	0	1	0	0	0	1	0	0	1	0	S
NMDC20555862	0	0	0	0	0	0	0	0	0	1	0	1	0	0	1	1	0	0	1	0	S
NMDC20586284	0	0	0	0	0	0	0	0	0	1	0	1	0	0	1	1	0	0	1	0	S
NMDC20586285	0	0	0	0	0	0	0	0	0	1	0	1	0	0	1	1	0	0	1	0	S
NMDC20553849	0	0	0	0	0	0	0	0	0	1	0	1	0	0	1	1	0	0	1	0	S
NMDC20553850	0	0	0	0	0	0	0	0	0	0	1	1	0	0	1	0	0	0	1	0	S
NMDC20586286	0	0	0	0	0	0	0	0	0	1	1	1	0	0	1	1	0	0	1	0	S
NMDC20551837	1	0	0	0	0	0	0	0	0	1	0	1	0	0	1	1	0	0	1	0	S
NMDC20551839	0	0	0	0	0	0	0	0	0	1	0	1	0	0	1	1	0	0	1	0	S
NMDC20553851	0	0	0	0	0	0	0	0	0	1	0	0	0	0	1	1	0	0	0	0	S
NMDC20586295	0	0	0	0	0	0	0	0	0	1	0	1	0	0	1	1	0	0	1	0	S
NMDC20551841	0	0	0	0	0	0	0	0	0	1	0	1	0	0	1	1	0	0	1	0	S
NMDC20551842	0	0	0	0	0	0	0	0	0	1	0	1	0	0	1	1	0	0	1	0	S
NMDC20555864	0	0	0	0	0	0	0	0	0	1	0	1	0	0	1	1	0	0	1	0	S
NMDC20553855	0	0	0	0	0	0	0	0	0	1	0	1	0	0	1	1	0	0	1	0	S
NMDC20586299	0	0	0	0	0	0	0	0	0	1	0	1	0	0	1	1	0	0	1	0	S
NMDC20586300	0	0	0	0	0	0	0	0	0	1	0	1	0	0	1	1	0	0	1	0	S
NMDC20551843	0	0	0	0	0	0	0	0	0	1	0	1	0	0	1	1	0	0	1	0	S
NMDC20555868	0	0	0	0	0	0	0	0	0	1	0	1	0	0	1	1	0	0	1	0	S
NMDC20586303	0	0	0	1	0	0	0	0	0	0	1	1	0	0	1	0	0	0	1	0	S
NMDC20586305	1	0	0	0	0	0	0	0	0	1	0	1	0	0	1	1	1	0	1	0	S
NMDC20557872	1	0	0	0	0	0	0	0	0	1	0	1	0	0	1	1	0	0	1	0	S
NMDC20553865	0	0	0	0	0	0	0	0	0	0	1	1	0	1	1	0	0	0	1	0	S
NMDC20551851	0	0	0	0	0	0	0	0	0	1	0	0	0	0	1	1	0	0	0	0	S
NMDC20586384	0	0	0	0	0	0	0	0	0	0	1	1	0	1	1	0	0	0	1	0	S
NMDC20586385	0	0	0	0	0	0	0	0	0	0	1	1	0	1	1	0	0	0	1	0	S
NMDC20586387	0	0	0	0	0	0	0	0	0	0	1	1	0	1	1	0	0	0	1	0	S
NMDC20557876	0	0	0	0	0	0	0	0	0	0	1	1	0	1	1	0	0	0	1	0	S
NMDC20557877	0	0	0	1	0	0	0	0	0	1	0	0	0	0	1	1	0	0	1	0	S
NMDC20555877	0	0	0	0	0	0	0	0	0	0	1	1	0	1	1	0	0	0	1	0	S
NMDC20553866	0	0	0	0	0	0	0	0	0	1	0	1	0	0	1	1	0	0	1	0	S
NMDC20551852	0	0	0	0	0	0	0	0	0	0	1	1	0	1	1	0	0	0	1	0	S
NMDC20586388	0	0	0	0	0	0	0	0	0	0	1	1	0	1	1	0	0	0	1	0	S
NMDC20555879	0	0	0	0	0	0	0	0	0	1	0	1	0	0	1	1	0	0	1	0	S
NMDC20557880	0	0	0	0	0	0	0	0	0	0	1	1	0	1	1	0	0	0	1	0	S
NMDC20551854	0	0	0	0	0	0	0	0	0	0	1	1	0	1	1	0	0	0	1	0	S
NMDC20553868	0	1	0	0	0	0	0	0	1	0	1	1	0	1	1	0	0	0	1	1	S
NMDC20551855	0	0	0	0	0	0	0	0	0	0	1	1	0	1	1	0	0	0	1	0	S
NMDC20586390	0	0	0	0	0	0	0	0	0	1	0	1	0	0	1	1	0	0	1	0	S
NMDC20586391	0	0	0	0	0	0	0	0	0	0	1	1	0	1	1	0	0	0	1	0	S
NMDC20551857	0	0	0	0	0	0	0	0	0	0	1	1	0	1	1	0	0	0	1	0	S
NMDC20553869	0	0	0	0	0	0	0	0	0	1	0	1	0	0	1	1	0	0	1	0	S
NMDC20555880	0	0	0	0	0	0	0	0	0	1	0	1	0	0	1	1	0	0	1	0	S
NMDC20553870	0	0	0	0	0	0	0	0	0	1	0	1	0	0	1	1	0	0	1	0	S
NMDC20557881	0	0	0	0	0	0	0	0	0	0	0	1	0	0	1	1	0	0	1	0	S
NMDC20586392	0	0	0	0	0	0	0	0	0	0	0	1	0	0	1	1	0	0	1	0	S
NMDC20586393	0	0	0	0	0	0	0	0	0	0	0	1	0	0	1	1	0	0	1	0	S
NMDC20586395	0	0	0	0	0	0	0	0	0	1	0	1	0	0	1	1	0	0	1	0	S
NMDC20553871	0	0	0	0	0	0	0	0	0	0	0	1	0	0	1	1	0	0	1	0	S
NMDC20555883	0	0	0	0	0	0	0	0	0	0	0	1	0	0	1	1	0	0	1	0	S
NMDC20557883	0	0	0	0	0	0	0	0	0	0	0	1	0	0	1	1	0	0	1	0	S
NMDC20553873	0	0	0	0	0	0	0	0	0	0	0	1	0	0	1	1	0	0	1	0	S
NMDC20557885	0	0	0	0	0	0	0	0	0	0	1	1	0	1	1	0	0	0	1	0	S
NMDC20555884	0	0	0	0	0	0	0	0	0	0	0	1	0	0	1	1	0	0	1	0	S
NMDC20555885	0	0	0	0	0	0	0	0	0	0	0	1	0	0	1	1	0	0	1	0	S
NMDC20557884	0	0	0	0	0	0	0	0	0	0	0	1	0	0	1	1	0	0	1	0	S
NMDC20586398	0	0	0	0	0	0	0	0	0	0	0	1	0	0	1	1	0	0	1	0	S
NMDC20555887	0	0	0	0	0	0	0	0	0	0	0	1	0	0	1	1	0	0	1	0	S
NMDC20586399	0	0	0	0	0	0	0	0	0	0	0	1	0	0	1	1	0	0	1	0	S
NMDC20553874	0	0	0	0	0	0	0	0	0	0	0	1	0	0	1	1	0	0	1	0	S
NMDC20586400	1	0	0	0	0	0	1	0	0	1	0	1	1	0	1	1	0	0	1	0	S
NMDC20586402	0	0	0	0	0	0	0	0	0	0	1	1	0	0	1	0	0	0	1	0	S
NMDC20586403	0	0	0	0	0	0	0	0	0	0	1	1	0	1	1	0	0	0	1	0	S
NMDC20586408	0	0	0	1	0	0	0	0	0	1	0	1	0	0	1	1	0	0	1	0	S
NMDC20555889	1	0	0	0	0	0	1	0	0	1	0	1	1	0	1	1	0	0	1	0	S
NMDC20586409	0	0	0	0	0	0	1	0	0	0	1	1	0	1	1	0	0	0	1	0	S
NMDC20586410	0	0	0	0	0	0	0	0	0	1	0	1	0	0	1	1	0	0	1	0	S
NMDC20551861	1	0	0	0	0	0	1	0	0	1	0	1	1	0	1	1	0	0	1	0	S
NMDC20586413	0	0	0	0	0	0	0	0	0	0	1	1	0	1	1	0	0	0	1	0	S
NMDC20586414	1	0	0	0	0	0	0	0	0	1	0	1	0	0	1	1	1	0	1	0	S
NMDC20586415	0	0	0	0	0	0	0	0	0	1	0	1	0	0	1	1	0	0	1	0	S
NMDC20553876	0	0	0	1	0	0	0	0	0	1	0	1	0	0	1	0	0	0	1	0	S
NMDC20555892	1	0	0	0	0	0	1	0	0	1	0	1	1	0	1	1	0	0	1	0	S
NMDC20586417	0	0	0	0	0	0	0	0	0	1	0	0	0	0	1	1	0	0	0	0	S
NMDC20551863	0	0	0	0	0	0	0	0	0	1	0	0	0	0	1	1	0	0	0	0	S
NMDC20586419	0	0	0	1	0	0	0	0	0	0	0	0	0	0	1	0	0	0	1	0	S
NMDC20555894	0	0	0	1	1	0	0	0	0	1	0	0	0	0	1	1	0	0	1	0	S
NMDC20551865	0	0	0	0	0	0	0	0	0	0	1	1	0	1	1	0	0	0	1	0	S
NMDC20586420	0	0	0	1	0	0	0	0	0	0	1	1	0	0	1	0	0	0	0	0	S
NMDC20557887	0	0	0	0	0	0	0	0	0	1	0	1	0	0	1	1	0	0	1	0	S
NMDC20586423	0	0	0	0	0	0	0	0	0	1	1	1	0	0	1	1	0	0	1	0	S
NMDC20586426	0	0	0	0	0	0	0	0	0	0	1	1	0	1	1	0	0	0	1	0	S
NMDC20586427	0	0	0	0	0	0	0	0	0	0	1	1	0	1	1	0	0	0	1	0	S
NMDC20586428	0	0	0	0	0	0	0	0	0	0	1	1	0	1	1	0	0	0	1	0	S
NMDC20551866	0	0	0	0	0	0	0	0	0	0	1	1	0	1	1	0	0	0	1	0	S
NMDC20586429	0	0	0	0	0	0	0	0	0	0	1	1	0	1	1	0	0	0	1	0	S
NMDC20586430	0	0	0	0	0	0	0	0	0	0	1	1	0	1	1	0	0	0	1	0	S
NMDC20555899	0	0	0	0	0	0	0	0	0	0	1	1	0	1	1	0	0	0	1	0	S
NMDC20557888	0	0	0	0	0	0	0	0	0	0	1	1	0	1	1	0	0	0	1	0	S
NMDC20555901	0	0	0	0	0	0	0	0	0	0	1	1	0	1	1	0	0	0	1	0	S
NMDC20586431	0	0	0	0	0	0	0	0	0	0	1	1	0	1	1	0	0	0	1	0	S
NMDC20586432	0	0	0	0	0	0	0	0	0	1	0	1	0	0	1	1	0	0	1	0	S
NMDC20586433	0	0	0	0	0	0	0	0	0	1	0	1	0	0	1	1	0	0	1	0	S
NMDC20557889	0	0	0	0	0	0	0	0	0	1	1	1	0	0	1	1	0	0	1	0	S
NMDC20557890	0	0	0	0	0	0	0	0	0	1	0	1	0	0	1	1	0	0	1	0	S
NMDC20586434	0	0	0	0	0	0	0	0	0	0	1	1	0	1	1	0	0	0	1	0	S
NMDC20551868	0	0	0	0	0	0	0	0	0	1	0	1	0	0	0	1	0	0	1	0	S
NMDC20551869	0	0	0	0	0	0	0	0	0	1	0	1	0	0	1	1	0	0	1	0	S
NMDC20551870	0	0	0	0	0	0	0	0	0	1	0	1	0	0	1	1	0	0	1	0	S
NMDC20555902	0	0	0	0	0	0	0	0	0	0	1	1	0	1	1	0	0	0	1	0	S
NMDC20553877	0	0	0	0	0	0	0	0	0	1	0	1	0	0	1	1	0	0	1	0	S
NMDC20557891	0	0	0	0	0	0	0	0	0	0	1	1	0	1	1	0	0	0	1	0	S
NMDC20551871	0	0	0	0	0	0	0	0	0	1	0	1	0	0	1	1	0	0	1	0	S
NMDC20586435	0	0	0	0	0	0	0	0	0	1	0	1	0	0	1	1	0	0	1	0	S
NMDC20557892	0	0	0	0	0	0	0	0	0	1	0	1	0	0	1	1	0	0	1	0	S
NMDC20586436	0	0	0	0	0	0	0	0	0	1	0	1	0	0	1	1	0	0	1	0	S
NMDC20553878	0	0	0	0	0	0	0	0	0	1	0	1	0	0	1	1	0	0	1	0	S
NMDC20553879	0	0	0	0	0	0	0	0	0	1	0	1	0	0	1	1	0	0	1	0	S
NMDC20553880	0	0	0	0	0	0	0	0	0	1	0	0	0	0	1	1	0	0	0	0	S
NMDC20586442	0	0	0	1	0	0	0	0	0	0	1	1	0	0	1	0	0	0	0	0	S
NMDC20586444	0	0	0	1	0	0	0	0	0	1	0	1	0	0	1	0	0	0	1	0	S
NMDC20557893	0	0	0	0	0	0	0	0	0	1	0	1	0	0	1	1	0	0	1	0	S
NMDC20555903	0	0	0	0	0	0	0	0	0	1	0	1	0	0	1	1	0	0	1	0	S
NMDC20586446	0	1	0	1	0	0	0	1	0	1	0	1	0	0	1	0	0	0	1	0	S
NMDC20586447	0	0	0	0	0	0	0	0	0	1	0	1	0	0	1	1	0	0	1	0	S
NMDC20586448	0	0	0	0	0	0	0	0	0	1	0	1	0	0	1	1	0	0	1	0	S
NMDC20586449	0	0	0	0	0	0	0	0	0	1	0	1	0	0	1	1	0	0	1	0	S
NMDC20586450	0	0	0	0	0	0	0	0	0	0	1	1	0	1	1	0	0	0	1	0	S
NMDC20557894	0	0	0	0	0	0	0	0	0	1	0	0	0	0	1	1	0	0	0	0	S
NMDC20586451	0	0	0	0	0	0	0	0	0	1	0	1	0	0	1	1	0	0	1	0	S
NMDC20586455	0	1	0	0	0	0	0	0	0	1	1	1	0	0	1	1	0	0	1	0	S
NMDC20586456	0	0	0	1	0	0	0	0	0	0	1	1	0	0	1	0	0	0	1	0	S
NMDC20586457	0	1	0	1	0	0	0	0	0	0	1	1	0	0	1	0	0	0	1	0	S
NMDC20553883	0	0	0	0	0	0	0	0	0	1	0	1	0	0	1	0	0	0	0	0	S
NMDC20586460	0	0	0	1	0	0	0	0	0	1	0	0	0	0	1	1	0	0	1	0	S
NMDC20586461	0	0	0	1	0	0	0	0	0	1	0	0	0	0	1	1	0	0	1	0	S
NMDC20557896	0	0	0	0	0	0	0	0	0	0	1	1	0	1	1	0	0	0	1	0	S
NMDC20555904	0	0	0	1	0	0	0	0	0	1	0	0	0	0	1	1	0	0	1	0	S
NMDC20557897	0	0	0	1	0	0	0	0	0	1	0	0	0	0	1	1	0	0	1	0	S
NMDC20586462	0	0	0	0	0	0	0	0	0	0	1	1	0	1	1	0	0	0	1	0	S
NMDC20553885	0	0	0	0	0	0	0	0	0	1	0	1	0	0	1	1	0	0	1	0	S
NMDC20586466	0	0	0	1	0	0	0	0	0	1	0	0	0	0	1	1	0	0	1	0	S
NMDC20586467	1	1	0	1	0	0	1	0	0	1	0	1	0	0	1	0	0	0	1	0	S
NMDC20555905	0	0	0	0	0	0	0	0	0	0	1	1	0	1	1	0	0	0	1	0	S
NMDC20586468	0	0	0	0	0	0	0	0	0	1	0	1	0	0	1	1	0	0	1	0	S
NMDC20586469	0	0	0	0	0	0	0	0	0	0	1	1	0	1	1	0	0	0	1	0	S
NMDC20586471	0	0	0	0	0	0	0	0	0	1	0	1	0	0	1	1	0	0	1	0	S
NMDC20553886	0	0	0	0	0	0	0	0	0	1	0	1	0	0	1	1	0	0	1	0	S
NMDC20586473	0	0	0	0	0	0	0	0	0	0	1	1	0	1	1	0	0	0	1	0	S
NMDC20555907	0	0	0	0	0	0	0	0	0	1	0	1	0	0	1	1	0	0	1	0	S
NMDC20586477	0	0	0	0	0	0	0	0	0	0	1	1	0	1	1	0	0	0	1	0	S
NMDC20555908	0	0	0	0	0	0	0	0	0	1	0	1	0	0	1	1	0	0	1	0	S
NMDC20555909	0	0	0	0	0	0	0	0	0	1	0	1	0	0	1	1	0	0	1	0	S
NMDC20586479	0	0	0	0	0	0	0	0	0	1	0	1	0	0	1	1	0	0	1	0	S
NMDC20553888	0	0	0	0	0	0	0	0	0	0	1	1	0	1	1	0	0	0	1	0	S
NMDC20586480	0	0	0	1	0	0	0	0	0	0	1	1	0	0	1	0	0	0	1	0	S
NMDC20557905	0	0	0	0	0	0	0	0	0	0	1	1	0	1	1	0	0	0	1	0	S
NMDC20557904	0	0	0	0	0	0	0	0	0	1	1	1	0	0	1	1	0	0	1	0	S
NMDC20551881	0	0	0	0	0	0	0	0	0	1	0	1	0	0	1	1	0	0	1	0	S
NMDC20555910	0	0	0	0	0	0	0	0	0	1	0	1	0	0	1	1	0	0	1	0	S
NMDC20553890	0	0	0	0	0	0	0	0	0	1	0	1	0	0	1	0	0	0	1	0	S
NMDC20586487	0	0	0	0	0	0	0	0	0	0	1	1	0	1	1	0	0	0	1	0	S
NMDC20557906	0	0	0	0	0	0	0	0	0	0	1	1	0	1	1	0	0	0	1	0	S
NMDC20557907	1	1	0	0	0	0	0	0	0	1	0	1	0	0	1	1	0	0	1	0	S
NMDC20555913	0	0	0	0	0	0	0	0	0	1	0	1	0	0	1	0	0	0	1	0	S
NMDC20586489	0	0	0	0	0	0	0	0	0	0	1	1	0	1	1	0	0	0	1	0	S
NMDC20555914	0	0	0	0	0	0	0	0	0	1	0	1	0	0	1	1	0	0	1	0	S
NMDC20586490	1	0	0	1	0	0	0	0	0	1	0	1	0	0	1	0	0	0	0	0	S
NMDC20555915	1	0	0	0	0	0	0	0	0	1	0	1	0	0	1	1	0	0	1	0	S
NMDC20555916	0	0	0	0	0	0	0	0	0	1	0	1	0	0	1	1	0	0	1	0	S
NMDC20555917	0	0	0	0	0	0	0	0	0	0	1	1	0	1	1	0	0	0	1	0	S
NMDC20553892	0	0	0	0	0	0	0	0	0	0	1	1	0	1	1	0	0	0	1	0	S
NMDC20586491	0	0	0	0	0	0	0	0	0	0	1	1	0	1	1	0	0	0	1	0	S
NMDC20557912	0	0	0	0	0	0	0	0	0	1	0	1	0	0	1	1	0	0	1	0	S
NMDC20551885	0	0	0	0	0	0	0	0	0	1	0	1	0	0	1	1	0	0	1	0	S
NMDC20586492	0	0	0	0	0	0	0	0	0	1	0	1	0	0	1	1	0	0	1	0	S
NMDC20557911	0	0	0	0	0	0	0	0	0	1	0	1	0	0	1	1	0	0	1	0	S
NMDC20553894	0	0	0	0	0	0	0	0	0	1	0	1	0	0	1	1	0	0	1	0	S
NMDC20553896	1	1	0	0	0	0	0	0	0	1	0	1	0	0	1	1	0	0	1	0	S
NMDC20586493	0	0	0	1	0	0	0	0	0	1	0	1	0	0	1	0	0	0	0	0	S
NMDC20586494	0	0	0	0	0	0	0	0	0	0	1	1	0	1	1	0	0	0	1	0	S
NMDC20555920	1	0	0	0	0	0	0	0	0	0	1	1	0	1	1	0	0	0	1	0	S
NMDC20586495	1	0	0	0	0	0	1	0	0	1	0	1	1	0	1	1	0	0	1	0	S
NMDC20586496	0	0	0	0	0	0	0	0	0	1	0	1	0	0	1	1	0	0	1	0	S
NMDC20551891	0	0	0	0	0	0	0	0	0	0	1	1	0	1	1	0	0	0	1	0	S
NMDC20586497	0	0	0	0	0	0	0	0	0	0	1	1	0	1	1	0	0	0	1	0	S
NMDC20553897	0	0	0	0	0	0	0	0	0	1	0	1	0	0	1	1	0	0	1	0	S
NMDC20551889	0	0	0	0	0	0	0	0	0	0	1	1	0	1	1	0	0	0	1	0	S
NMDC20557914	0	0	0	0	0	0	0	0	0	1	0	1	0	0	1	1	0	0	1	0	S
NMDC20551890	0	0	0	1	0	0	0	0	0	0	1	1	0	0	1	0	0	0	1	0	S
NMDC20553899	0	0	0	0	0	0	0	0	0	1	0	1	0	0	1	1	0	0	1	0	S
NMDC20553900	0	0	0	0	0	0	0	0	0	1	0	1	0	0	1	1	0	0	1	0	S
NMDC20553902	0	0	0	0	0	0	0	0	0	1	0	1	0	0	1	1	0	0	1	0	S
NMDC20586501	0	0	0	0	0	0	0	0	0	1	0	1	0	0	1	1	0	0	1	0	S
NMDC20555922	0	0	0	0	0	0	0	0	0	0	1	1	0	1	1	0	0	0	1	0	S
NMDC20553903	0	0	0	0	0	0	0	0	0	1	0	1	0	0	1	1	0	0	1	0	S
NMDC20555924	0	0	0	0	0	0	0	0	0	1	0	1	0	0	1	1	0	0	1	0	S
NMDC20586506	0	0	0	0	0	0	0	0	0	1	0	1	0	0	1	0	0	0	1	0	S
NMDC20586519	1	0	0	0	0	0	1	0	0	1	0	1	0	0	1	1	0	0	1	0	S
NMDC20586527	1	0	0	0	0	0	1	0	0	1	0	1	1	0	1	1	0	0	1	0	S
NMDC20553904	1	0	0	0	0	0	0	0	0	1	0	1	0	0	1	1	0	0	1	0	S
NMDC20551892	0	0	0	0	0	0	0	0	0	1	0	1	0	0	1	1	0	0	1	0	S
NMDC20557915	1	0	0	0	0	0	0	0	0	1	0	1	0	0	1	1	0	0	1	0	S
NMDC20553906	0	0	0	0	0	0	0	0	0	1	0	1	0	0	1	1	0	0	1	0	S
NMDC20551894	0	0	0	0	0	0	0	0	0	0	1	1	0	1	1	0	0	0	1	0	S
NMDC20553905	0	0	0	0	0	0	0	0	0	1	0	1	0	0	1	1	0	0	1	0	S
NMDC20586531	0	0	0	0	0	0	0	0	0	1	0	1	0	0	1	1	0	0	1	0	S
NMDC20555930	0	0	0	0	0	0	1	0	0	1	0	1	1	0	1	1	0	0	1	0	S
NMDC20586533	0	0	0	0	0	0	0	0	0	1	0	1	0	0	1	1	0	0	1	0	S
NMDC20551897	1	0	0	0	0	0	1	0	0	1	0	1	0	0	1	1	0	0	1	0	S
NMDC20551898	0	0	0	0	0	0	0	0	0	1	0	1	0	0	1	1	0	0	1	0	S
NMDC20551900	0	0	0	0	0	0	0	0	0	1	0	1	0	0	1	1	0	0	1	0	S
NMDC20551903	0	0	0	0	0	0	0	0	0	0	1	0	0	0	1	1	0	0	0	0	S
NMDC20586541	0	0	0	0	1	0	0	0	0	0	0	0	0	0	1	0	0	0	1	0	S
NMDC20557918	0	0	0	0	1	0	0	0	0	0	0	0	0	0	1	0	0	0	1	0	S
NMDC20586543	0	0	0	0	0	0	0	0	0	1	0	1	0	0	1	1	0	0	1	0	S
NMDC20586545	0	0	0	0	0	0	0	0	0	1	0	0	0	0	1	1	0	0	0	0	S
NMDC20586546	0	0	0	0	0	0	0	0	0	1	0	1	0	0	1	1	0	0	1	0	S
NMDC20557919	0	0	0	0	0	0	0	0	0	1	0	1	0	0	1	1	0	0	1	0	S
NMDC20586547	1	1	0	1	0	0	0	0	0	1	0	0	0	0	0	1	0	0	1	0	S
NMDC20551904	0	0	0	0	0	0	0	0	0	1	0	1	0	0	1	1	0	0	1	0	S
NMDC20553911	1	0	0	0	0	1	0	0	0	1	0	1	0	0	1	1	1	0	1	0	S
NMDC20555938	0	0	0	0	0	0	0	0	0	0	1	1	0	1	1	0	0	0	1	0	S
NMDC20586552	0	0	0	0	0	0	0	0	0	0	1	1	0	1	1	0	0	0	1	0	S
NMDC20586553	0	0	0	1	0	0	0	0	0	1	0	1	0	0	0	0	0	0	1	0	S
NMDC20555939	0	0	0	0	0	0	0	0	0	0	1	1	0	1	1	0	0	0	1	0	S
NMDC20586554	0	0	0	0	0	0	0	0	0	0	1	1	0	1	1	0	0	0	1	0	S
NMDC20555941	0	0	0	0	0	0	0	0	0	1	0	1	0	0	1	1	0	0	1	0	S
NMDC20586555	0	0	0	0	0	0	0	0	0	0	1	1	0	1	1	0	0	0	1	0	S
NMDC20555942	0	0	0	0	0	0	0	0	0	1	0	1	0	0	1	1	0	0	1	0	S
NMDC20555944	0	0	0	0	0	0	0	0	0	0	1	1	0	1	1	0	0	0	1	0	S
NMDC20586558	0	0	0	0	0	0	0	0	0	1	0	1	0	0	1	1	0	0	1	0	S
NMDC20586559	0	0	0	0	0	0	0	0	0	0	0	1	0	0	1	0	0	0	1	0	S
NMDC20551908	0	0	0	0	1	0	0	0	0	1	0	1	0	0	1	0	0	0	1	0	S
NMDC20555945	0	0	0	0	0	0	0	0	0	0	1	1	0	1	1	0	0	0	1	0	S
NMDC20586560	0	0	0	0	0	0	0	0	0	1	0	1	0	0	1	1	0	0	1	0	S
NMDC20553913	1	1	0	0	0	0	0	0	0	1	0	1	0	0	1	1	0	0	1	0	S
NMDC20553914	0	0	0	0	0	0	0	0	0	1	0	1	0	0	1	1	0	0	1	0	S
NMDC20555947	0	0	0	0	0	0	0	0	0	0	1	1	0	1	1	0	0	0	1	0	S
NMDC20586563	0	1	0	1	0	0	0	1	0	1	0	1	0	0	1	0	0	0	1	0	S
NMDC20553917	0	0	0	0	0	0	0	0	0	1	0	1	0	0	1	1	0	0	1	0	S
NMDC20586565	1	0	0	0	0	0	0	0	0	1	0	1	0	0	1	1	1	0	1	0	S
NMDC20586567	0	0	0	0	0	0	0	0	0	1	0	1	0	0	1	1	0	0	1	0	S
NMDC20586570	0	0	0	0	0	0	0	0	0	1	0	1	0	0	1	1	0	0	1	0	S
NMDC20551911	0	0	0	0	0	0	0	0	0	1	0	1	0	0	1	1	0	0	1	0	S
NMDC20557929	0	0	0	0	0	0	0	0	0	1	0	1	0	0	1	1	0	0	1	0	S
NMDC20586579	0	0	0	0	0	0	0	0	0	1	0	1	0	0	1	1	0	0	1	0	S
NMDC20586580	0	0	0	0	0	0	0	0	0	1	0	1	0	0	1	0	0	0	1	0	S
NMDC20551914	1	1	0	1	0	0	0	0	0	1	0	0	0	0	1	1	0	0	1	0	S
NMDC20553924	0	0	0	0	0	0	0	0	0	1	0	1	0	0	1	1	0	0	1	0	S
NMDC20557931	0	0	0	0	0	0	0	0	0	1	0	1	0	0	1	1	0	0	1	0	S
NMDC20586582	0	0	0	0	0	0	0	0	0	1	0	1	0	0	1	1	0	0	1	0	S
NMDC20586583	0	0	0	1	0	0	0	0	0	1	0	1	0	0	1	0	0	0	1	0	S
NMDC20551916	0	0	0	0	0	0	0	0	0	0	1	1	0	1	1	0	0	0	1	0	S
NMDC20586584	0	0	0	0	0	0	0	0	0	1	0	1	0	0	1	0	0	0	1	0	S
NMDC20557932	0	0	0	0	0	0	0	0	0	1	0	0	0	0	1	1	0	0	0	0	S
NMDC20553927	0	0	0	0	0	0	0	0	0	1	0	1	0	0	1	0	0	0	1	0	S
NMDC20553928	0	0	0	0	0	0	0	0	0	0	0	1	0	0	1	0	0	0	1	0	S
NMDC20555951	0	0	0	1	0	0	0	0	0	1	0	1	0	0	1	0	0	0	1	0	S
NMDC20555952	1	1	0	0	0	0	0	0	0	1	0	1	0	0	1	1	0	0	1	0	S
NMDC20557933	0	0	0	0	0	0	0	0	0	0	1	1	0	1	1	0	0	0	1	0	S
NMDC20557934	0	0	0	0	0	0	0	0	0	1	0	1	0	0	1	1	0	0	1	0	S
NMDC20586589	0	0	0	1	0	0	0	0	0	0	1	1	0	0	1	0	0	0	1	0	S
NMDC20586592	0	0	0	0	0	0	0	0	0	1	0	1	0	0	1	1	0	0	1	0	S
NMDC20555953	0	0	0	0	0	0	0	0	0	0	1	1	0	0	1	0	0	0	1	0	S
NMDC20553932	0	0	0	0	0	0	0	0	0	0	1	1	0	1	1	0	0	0	1	0	S
NMDC20586595	0	0	0	0	0	0	0	0	0	1	0	1	0	0	1	1	0	0	1	0	S
NMDC20586596	0	0	0	0	0	0	0	0	0	0	1	1	0	1	1	0	0	0	1	0	S
NMDC20555955	0	0	0	0	0	0	0	0	0	0	1	1	0	1	1	0	0	0	1	0	S
NMDC20551923	0	0	0	0	0	0	0	0	0	0	1	1	0	1	1	0	0	0	1	0	S
NMDC20553935	0	0	0	0	0	0	0	0	0	1	0	1	0	0	1	1	0	0	1	0	S
NMDC20555958	0	0	0	0	0	0	0	0	0	0	1	1	0	1	1	0	0	0	1	0	S
NMDC20586598	0	0	0	1	0	0	0	0	0	0	1	1	0	0	1	0	0	0	1	0	S
NMDC20555959	0	0	0	0	0	0	0	0	0	1	0	1	0	0	1	1	0	0	1	0	S
NMDC20586599	0	0	0	0	0	0	0	0	0	1	1	1	0	0	1	1	0	0	1	0	S
NMDC20557938	0	0	0	0	0	0	0	0	0	1	0	1	0	0	1	1	0	0	1	0	S
NMDC20586600	0	0	0	1	0	0	0	0	0	1	0	1	0	0	1	0	0	0	1	0	S
NMDC20586601	0	0	0	0	0	0	0	0	0	0	1	1	0	1	1	0	0	0	1	0	S
NMDC20557939	0	0	0	0	0	0	0	0	0	0	1	1	0	1	1	0	0	0	1	0	S
NMDC20555961	0	0	0	0	0	0	0	0	0	1	0	1	0	0	1	1	0	0	1	0	S
NMDC20551928	1	0	0	0	0	0	0	0	0	1	1	1	0	0	1	0	0	0	1	0	S
NMDC20551930	0	0	0	0	0	0	0	0	0	1	0	1	0	0	0	1	0	0	1	0	S
NMDC20586602	0	0	0	0	0	0	0	0	0	1	0	1	0	0	1	1	0	0	1	0	S
NMDC20586603	0	0	0	0	0	0	0	0	0	1	0	1	0	0	1	1	0	0	1	0	S
NMDC20586604	0	0	0	0	0	0	0	0	0	1	0	1	0	0	1	1	0	0	1	0	S
NMDC20551931	0	0	0	0	0	0	0	0	0	1	0	1	0	0	1	1	0	0	1	0	S
NMDC20557942	0	0	0	0	0	0	0	0	0	0	1	1	0	1	1	0	0	0	1	0	S
NMDC20551932	0	0	0	0	0	0	0	0	0	1	0	1	0	0	1	1	0	0	1	0	S
NMDC20551933	0	0	0	0	0	0	0	0	0	1	0	1	0	0	1	1	0	0	1	0	S
NMDC20586605	0	0	0	0	0	0	0	0	0	1	0	1	0	0	1	1	0	0	1	0	S
NMDC20555963	0	0	0	0	0	0	0	0	0	1	0	1	0	0	1	1	0	0	1	0	S
NMDC20551934	0	0	0	0	0	0	0	0	0	0	1	1	0	1	1	0	0	0	1	0	S
NMDC20553937	0	0	0	0	0	0	0	0	0	1	0	1	0	0	1	1	0	0	1	0	S
NMDC20557945	0	0	0	0	0	0	0	0	0	1	0	1	0	0	1	1	0	0	1	0	S
NMDC20586610	0	0	0	0	0	0	0	0	0	1	0	1	0	0	1	1	0	0	1	0	S
NMDC20553940	0	0	0	0	0	0	0	0	0	0	1	1	0	1	1	0	0	0	1	0	S
NMDC20555965	0	0	0	1	0	0	0	0	0	0	1	1	0	0	1	0	0	0	1	0	S
NMDC20557947	0	0	0	0	0	0	0	0	0	0	1	1	0	1	1	0	0	0	1	0	S
NMDC20557948	0	0	0	0	0	0	0	0	0	1	1	1	0	0	1	1	0	0	1	0	S
NMDC20586614	0	0	0	0	0	0	0	0	0	1	1	1	0	0	1	1	0	0	1	0	S
NMDC20553945	0	0	0	0	0	0	0	0	0	0	1	1	0	1	1	0	0	0	1	0	S
NMDC20586617	0	0	0	0	0	0	0	0	0	1	1	1	0	0	1	1	0	0	1	0	S
NMDC20557952	0	0	0	0	1	0	0	0	0	1	1	1	0	0	1	0	0	0	1	0	S
NMDC20551936	0	0	0	0	0	0	0	0	0	0	0	0	0	0	1	0	0	0	1	0	S
NMDC20586619	0	0	0	0	0	0	0	0	0	1	0	1	0	0	1	1	0	0	1	0	S
NMDC20557956	0	0	0	0	0	0	0	0	0	1	0	1	0	0	0	0	0	0	1	0	S
NMDC20553947	0	0	0	0	0	0	0	0	0	0	1	1	0	1	1	0	0	0	1	0	S
NMDC20555967	0	0	0	0	0	0	0	0	0	0	1	1	0	1	1	0	0	0	1	0	S
NMDC20586623	0	0	0	0	0	0	0	0	0	1	0	1	0	0	1	1	0	0	1	0	S
NMDC20586657	0	0	0	0	0	0	0	0	0	0	0	1	0	0	1	1	0	0	1	0	S
NMDC20551957	0	0	0	0	0	0	0	0	0	0	0	1	0	0	1	1	0	0	1	0	S
NMDC20586658	0	0	0	0	0	0	0	0	0	0	1	1	0	0	1	0	0	0	1	0	S
NMDC20586659	1	1	0	1	0	0	0	0	1	1	0	1	0	0	1	1	0	0	1	1	S
NMDC20586662	0	0	0	1	0	0	0	0	0	1	0	1	0	0	1	0	0	0	1	0	S
NMDC20553968	0	0	0	1	0	0	0	0	0	1	0	1	0	0	1	0	0	0	1	0	S
NMDC20555979	0	0	0	0	0	0	0	0	0	0	1	1	0	1	1	0	0	0	1	0	S
NMDC20586663	0	0	0	1	0	0	0	0	0	1	0	1	0	0	1	0	0	0	1	0	S
NMDC20557978	0	0	0	0	0	0	0	0	0	0	1	1	0	1	1	0	0	0	1	0	S
NMDC20553969	0	0	0	0	0	0	0	0	0	0	1	1	0	1	1	0	0	0	1	0	S
NMDC20553970	0	0	0	1	0	0	0	0	0	0	1	1	0	0	1	0	0	0	1	0	S
NMDC20586666	0	0	0	0	0	0	0	0	0	0	1	1	0	1	1	0	0	0	1	0	S
NMDC20557977	1	1	0	0	0	0	0	0	0	1	0	1	0	0	1	1	0	0	1	0	S
NMDC20553971	0	0	0	0	0	0	0	0	0	1	0	1	0	0	1	1	0	0	1	0	S
NMDC20586671	0	0	0	0	0	0	0	0	0	1	0	1	0	0	1	1	0	0	1	0	S
NMDC20551962	0	0	0	1	0	0	0	0	0	0	1	1	0	0	1	0	0	0	0	0	S
NMDC20586673	0	0	0	0	0	0	0	0	0	0	0	1	0	0	1	0	0	0	1	0	S
NMDC20553973	0	0	0	0	0	0	0	0	0	1	0	1	0	0	1	1	0	0	1	0	S
NMDC20555982	0	0	0	0	0	0	0	0	0	1	0	1	0	0	1	1	0	0	1	0	S
NMDC20553974	0	0	0	0	0	0	0	0	0	0	1	1	0	1	1	0	0	0	1	0	S
NMDC20557980	0	0	0	0	0	0	0	0	0	0	0	0	0	0	1	0	0	0	1	0	S
NMDC20551964	0	0	0	0	0	0	0	0	0	1	0	1	0	0	1	1	0	0	1	0	S
NMDC20555983	0	0	0	0	0	0	0	0	0	1	0	1	0	0	1	1	0	0	1	0	S
NMDC20555984	0	0	0	1	1	0	0	0	0	1	0	0	0	0	1	1	0	0	0	0	S
NMDC20557982	0	0	0	0	0	0	0	0	0	1	0	1	0	0	1	1	0	0	1	0	S
NMDC20553975	0	0	0	0	0	0	0	0	0	0	1	1	0	1	1	0	0	0	1	0	S
NMDC20553976	0	0	0	0	0	0	0	0	0	1	0	1	0	0	1	0	0	0	0	0	S
NMDC20551965	0	0	0	0	0	0	0	0	0	1	0	1	0	0	1	1	0	0	1	0	S
NMDC20553977	1	0	0	0	0	0	0	0	0	1	0	1	0	0	1	1	0	0	1	0	S
NMDC20551967	0	0	0	0	0	0	0	0	0	1	0	1	0	0	1	1	0	0	1	0	S
NMDC20557983	0	0	0	0	0	0	0	0	0	1	0	1	0	0	1	1	0	0	1	0	S
NMDC20586677	0	0	0	0	0	0	0	0	0	1	0	1	0	0	1	1	0	0	1	0	S
NMDC20553980	0	0	0	0	0	0	0	0	0	0	1	1	0	1	1	0	0	0	1	0	S
NMDC20557987	0	0	0	0	0	0	0	0	0	1	0	1	0	0	1	1	0	0	1	0	S
NMDC20551968	0	0	0	0	0	0	0	0	0	1	0	1	0	0	1	1	0	0	1	0	S
NMDC20551969	0	0	0	0	0	0	0	0	0	1	0	1	0	0	1	1	0	0	1	0	S
NMDC20557989	0	0	0	0	0	0	0	0	0	1	1	1	0	0	1	1	0	0	1	0	S
NMDC20553982	0	0	0	0	0	0	0	0	0	1	0	1	0	0	1	1	0	0	1	0	S
NMDC20586681	0	0	0	0	0	0	0	0	0	1	0	1	0	0	1	1	0	0	1	0	S
NMDC20553983	0	0	0	0	0	0	0	0	0	1	0	1	0	0	1	1	0	0	1	0	S
NMDC20586682	0	0	0	0	0	0	0	0	0	1	1	1	0	0	1	1	0	0	1	0	S
NMDC20586683	0	0	0	0	0	0	0	0	0	1	0	1	0	0	1	0	0	0	1	0	S
NMDC20586684	0	0	0	1	0	0	0	0	0	0	0	1	0	0	1	0	0	0	0	0	S
NMDC20551970	0	0	0	0	0	0	0	0	0	1	0	1	0	0	1	1	0	0	1	0	S
NMDC20551971	0	0	0	0	0	0	0	0	0	1	0	1	0	0	1	1	0	0	1	0	S
NMDC20586688	0	0	0	0	0	0	0	0	0	1	0	1	0	0	1	1	0	0	1	0	S
NMDC20553984	1	0	0	0	1	0	0	0	0	1	0	1	0	0	1	0	0	0	1	0	S
NMDC20553985	0	0	0	0	0	0	0	0	0	1	0	1	0	0	1	1	0	0	1	0	S
NMDC20557991	0	0	0	0	0	0	0	0	0	1	0	1	0	0	1	1	0	0	0	0	S
NMDC20586692	0	0	0	0	0	0	0	0	0	1	0	1	0	0	1	1	0	0	1	0	S
NMDC20586699	0	0	0	0	0	0	0	0	0	1	0	1	0	0	1	1	0	0	1	0	S
NMDC20551972	0	0	0	0	0	0	0	0	0	1	0	1	0	0	1	1	0	0	1	0	S
NMDC20586700	1	0	0	0	0	0	0	0	0	1	0	1	0	0	1	1	0	0	1	0	S
NMDC20586702	0	0	0	0	0	0	0	0	0	0	1	1	0	1	1	0	0	0	1	0	S
NMDC20557995	0	0	0	0	0	0	0	0	0	1	0	1	0	0	1	1	0	0	1	0	S
NMDC20557996	0	0	0	0	0	0	0	0	0	0	1	1	0	1	1	0	0	0	1	0	S
NMDC20553988	1	1	0	0	0	0	0	0	0	1	0	1	0	0	1	0	0	0	1	0	S
NMDC20555994	0	0	0	0	0	0	0	0	0	1	0	1	0	0	1	1	0	0	1	0	S
NMDC20586707	0	0	0	0	0	0	0	0	0	1	0	1	0	0	1	1	0	0	1	0	S
NMDC20553991	1	1	0	0	0	0	0	0	0	1	0	1	0	0	1	0	0	0	1	0	S
NMDC20586709	0	0	0	1	0	0	0	0	0	0	1	1	0	0	1	0	0	0	0	0	S
NMDC20553995	0	0	0	0	1	0	0	0	0	1	0	1	0	0	1	0	0	0	1	0	S
NMDC20551981	1	0	0	1	0	0	0	0	0	1	0	1	0	0	1	0	0	0	1	0	S
NMDC20586714	0	0	0	0	1	0	0	0	0	1	0	1	0	0	1	0	0	0	1	0	S
NMDC20553996	0	0	0	0	0	0	0	0	0	1	0	1	0	0	1	1	0	0	1	0	S
NMDC20558001	0	0	0	0	0	0	0	0	0	1	0	1	0	0	1	1	0	0	1	0	S
NMDC20555997	0	0	0	0	0	0	0	0	0	1	0	1	0	0	1	1	0	0	1	0	S
NMDC20555998	0	0	0	0	0	0	0	0	0	1	0	1	0	0	1	1	0	0	1	0	S
NMDC20586717	0	0	0	0	0	0	0	0	0	1	0	1	0	0	1	1	0	0	1	0	S
NMDC20586718	0	0	0	0	0	0	0	0	0	1	0	1	0	0	1	1	0	0	1	0	S
NMDC20586719	1	0	0	0	0	0	1	0	0	1	0	1	1	0	1	1	0	0	1	0	S
NMDC20556000	0	0	0	0	0	0	0	0	0	1	0	1	0	0	1	0	0	0	1	0	S
NMDC20556001	0	0	0	0	0	0	0	0	0	1	0	0	0	0	1	1	0	0	0	0	S
NMDC20558002	1	0	0	1	0	0	0	0	0	0	1	1	0	0	1	0	0	0	0	0	S
NMDC20586721	0	0	0	1	0	0	0	0	0	1	0	0	0	0	0	1	0	0	1	0	S
NMDC20558004	0	0	0	0	0	0	0	0	0	1	0	1	0	0	1	1	0	0	1	0	S
NMDC20586724	1	0	0	0	0	0	1	0	0	1	0	1	1	0	1	1	0	0	1	0	S
NMDC20556002	1	0	0	0	1	0	0	0	0	1	0	1	0	0	1	0	0	0	1	0	S
NMDC20553998	0	0	0	0	0	0	0	0	0	1	0	1	0	0	1	1	0	0	1	0	S
NMDC20586725	0	0	0	0	0	0	0	0	0	1	0	1	0	0	1	1	0	0	1	0	S
NMDC20558005	1	1	0	0	0	0	0	0	0	1	0	1	0	0	1	1	0	0	1	0	S
NMDC20586727	0	0	0	0	0	0	0	0	0	0	1	1	0	1	1	0	0	0	1	0	S
NMDC20586728	0	0	0	0	0	0	0	0	0	1	0	1	0	0	1	1	0	0	1	0	S
NMDC20554002	0	0	0	0	0	0	0	0	0	1	1	1	0	0	1	1	0	0	1	0	S
NMDC20554003	0	0	0	0	0	0	0	0	0	1	0	1	0	0	1	1	0	0	1	0	S
NMDC20556005	0	0	0	0	0	0	0	0	0	1	0	1	0	0	1	1	0	0	1	0	S
NMDC20558007	0	0	0	0	0	0	0	0	0	1	0	1	0	0	1	1	0	0	1	0	S
NMDC20551987	0	0	0	0	0	0	0	0	0	1	0	1	0	0	1	1	0	0	1	0	S
NMDC20554004	0	0	0	1	0	0	0	0	0	0	1	1	0	0	1	0	0	0	1	0	S
NMDC20551988	0	0	0	0	0	0	0	0	0	0	1	1	0	1	1	0	0	0	1	0	S
NMDC20586735	0	0	0	0	0	0	0	0	0	0	1	1	0	1	1	0	0	0	1	0	S
NMDC20586737	0	0	0	0	0	0	0	0	0	1	0	1	0	0	1	1	0	0	1	0	S
NMDC20554005	0	0	0	0	0	0	0	0	0	0	1	1	0	1	1	0	0	0	1	0	S
NMDC20551991	0	0	0	0	0	0	0	0	0	1	0	1	0	0	1	1	0	0	1	0	S
NMDC20586740	0	0	0	0	0	0	0	0	0	1	1	1	0	0	1	1	0	0	1	0	S
NMDC20586741	0	0	0	0	0	0	0	0	0	1	0	1	0	0	1	1	0	0	1	0	S
NMDC20558013	0	0	0	0	0	0	0	0	0	1	0	1	0	0	1	1	0	0	1	0	S
NMDC20556007	1	1	0	0	0	0	0	0	0	1	0	1	0	0	1	1	0	0	1	0	S
NMDC20554006	0	0	0	0	0	0	0	0	0	1	0	1	0	0	1	1	0	0	1	0	S
NMDC20551992	0	0	0	0	0	0	0	0	0	0	1	1	0	1	1	0	0	0	1	0	S
NMDC20586744	0	0	0	0	0	0	0	0	0	1	0	1	0	0	1	1	0	0	1	0	S
NMDC20586749	0	0	0	0	0	0	0	0	0	1	0	1	0	0	1	1	0	0	1	0	S
NMDC20556010	0	0	0	0	0	0	0	0	0	1	0	1	0	0	1	1	0	0	1	0	S
NMDC20556011	0	0	0	0	0	0	0	0	0	1	0	1	0	0	0	1	0	0	1	0	S
NMDC20554008	1	1	0	0	0	0	0	0	1	1	0	1	0	0	1	1	0	0	1	0	S
NMDC20556012	1	0	0	0	0	1	0	0	0	1	0	1	0	0	1	1	1	0	1	0	S
NMDC20556013	1	0	0	0	0	1	0	0	0	1	0	1	0	0	1	1	1	0	1	0	S
NMDC20558015	0	0	0	0	0	0	0	0	0	1	0	1	0	0	1	1	0	0	1	0	S
NMDC20586750	1	0	0	0	0	0	1	0	0	1	0	1	0	0	1	1	0	0	1	0	S
NMDC20551995	0	0	0	0	0	0	0	0	0	1	0	1	0	0	1	1	0	0	1	0	S
NMDC20586754	0	0	0	0	0	0	0	0	0	0	1	1	0	1	1	0	0	0	1	0	S
NMDC20556014	1	0	0	0	0	0	1	0	0	1	0	1	0	0	1	1	0	0	1	0	S
NMDC20554009	0	0	0	1	0	0	1	0	0	1	0	1	0	0	1	0	0	0	1	0	S
NMDC20554010	0	0	0	1	1	0	0	0	0	1	0	0	0	0	1	1	0	0	1	0	S
NMDC20556015	0	0	0	0	0	0	0	0	0	1	0	1	0	0	1	1	0	0	1	0	S
NMDC20558016	0	0	0	0	0	0	0	0	0	1	0	1	0	0	1	1	0	0	1	0	S
NMDC20554012	0	1	0	0	0	1	0	0	0	1	0	1	0	0	0	1	0	0	1	0	S
NMDC20556016	0	1	0	0	0	1	0	0	0	1	0	1	0	0	0	1	0	0	1	0	S
NMDC20556017	0	0	0	0	0	0	0	0	0	1	0	1	0	0	1	1	0	0	1	0	S
NMDC20556018	0	0	0	0	0	0	0	0	0	1	0	1	0	0	1	1	0	0	1	0	S
NMDC20558019	0	0	0	1	1	0	0	0	0	1	0	0	0	0	1	1	0	0	0	0	S
NMDC20558020	0	0	0	0	0	0	0	0	0	1	0	1	0	0	1	1	0	0	1	0	S
NMDC20558022	1	0	0	0	0	0	1	0	0	1	0	1	0	0	1	1	0	0	1	0	S
NMDC20554014	0	0	0	0	0	0	0	0	0	1	0	1	0	0	1	0	0	0	1	0	S
NMDC20554015	0	1	1	0	0	0	0	0	0	1	0	1	0	0	1	1	0	0	1	0	S
NMDC20556020	0	1	1	0	0	0	0	0	0	1	0	1	0	0	1	1	0	0	1	0	S
NMDC20551999	0	0	0	1	0	0	0	0	0	0	1	1	0	0	1	0	0	0	0	0	S
NMDC20586763	0	0	0	1	0	0	0	0	0	0	1	1	0	0	1	0	0	0	0	0	S
NMDC20586764	0	0	0	1	0	0	0	0	0	0	1	1	0	0	1	0	0	0	0	0	S
NMDC20586767	1	1	1	1	0	0	0	0	0	0	0	1	0	0	1	0	0	0	1	0	S
NMDC20586769	0	1	0	1	0	0	0	0	0	0	1	1	0	0	1	0	0	1	0	0	S
NMDC20586773	0	1	0	1	0	0	1	1	0	1	0	1	0	0	1	0	0	0	1	0	S
NMDC20586776	0	0	0	1	0	0	0	0	0	1	0	1	0	0	1	0	0	0	1	0	S
NMDC20586777	0	0	0	0	0	0	0	0	0	0	0	0	0	0	1	1	0	0	0	0	S
NMDC20586778	0	0	0	0	0	0	0	0	0	0	0	1	0	0	1	1	0	0	1	0	S
NMDC20586780	0	0	0	1	0	0	0	0	0	0	1	1	0	0	1	0	0	0	0	0	S
NMDC20586781	0	0	0	1	0	0	0	0	0	0	1	1	0	0	1	0	0	0	0	0	S
NMDC20586782	0	0	0	1	0	0	0	0	0	0	1	1	0	0	1	0	0	0	1	0	S
NMDC20586783	0	0	0	0	0	0	0	0	0	0	0	1	0	0	1	1	0	0	1	0	S
NMDC20586784	0	0	0	1	0	0	0	0	0	0	1	1	0	0	1	0	0	0	1	0	S
NMDC20556041	0	0	0	0	0	0	0	0	0	0	1	1	0	1	1	0	0	0	1	0	S
NMDC20556022	0	0	0	0	0	0	0	0	0	1	0	1	0	0	1	1	0	0	1	0	S
NMDC20556023	0	0	0	0	0	0	0	0	0	0	1	1	0	1	1	0	0	0	1	0	S
NMDC20558024	0	0	0	0	0	0	0	0	0	1	0	1	0	0	1	1	0	0	1	0	S
NMDC20586789	1	0	0	1	0	0	0	0	0	1	0	1	0	0	1	0	0	0	1	0	S
NMDC20586792	0	0	0	0	0	0	0	0	0	1	0	1	0	0	1	1	0	0	1	0	S
NMDC20552001	0	1	0	0	0	1	0	0	0	1	0	1	0	0	0	1	0	0	1	0	S
NMDC20554020	0	0	0	0	0	0	0	0	0	1	0	1	0	0	1	1	0	0	1	0	S
NMDC20586793	0	0	0	0	0	0	0	0	0	1	0	1	0	0	1	1	0	0	1	0	S
NMDC20586794	0	0	0	0	0	0	0	0	0	0	1	1	0	0	1	0	0	0	1	0	S
NMDC20586795	0	1	0	0	0	0	0	0	1	0	1	1	0	1	1	0	0	0	1	1	S
NMDC20586797	0	0	0	0	0	0	0	0	0	0	1	1	0	1	1	0	0	0	1	0	S
NMDC20554022	0	0	0	0	0	0	0	0	0	0	1	1	0	1	1	0	0	0	1	0	S
NMDC20556028	0	0	0	0	0	0	0	0	0	1	0	1	0	0	1	1	0	0	1	0	S
NMDC20558029	0	0	0	0	0	0	0	0	0	1	0	1	0	0	1	1	0	0	1	0	S
NMDC20586798	0	0	0	0	0	0	0	0	0	1	0	1	0	0	1	1	0	0	1	0	S
NMDC20556029	1	1	1	0	1	0	0	0	0	1	0	1	0	0	1	0	0	0	1	0	S
NMDC20556030	0	0	0	1	0	0	0	0	0	1	0	0	0	0	0	1	0	0	1	0	S
NMDC20556031	0	0	0	0	0	0	0	0	0	0	1	1	0	1	1	0	0	0	1	0	S
NMDC20586800	0	0	0	0	0	0	0	0	0	1	0	1	0	0	1	1	0	0	1	0	S
NMDC20586801	0	0	0	0	0	0	0	0	0	0	1	1	0	1	1	0	0	0	1	0	S
NMDC20556032	0	0	0	0	0	0	0	0	0	1	0	0	0	0	1	1	0	0	0	0	S
NMDC20556033	0	0	0	0	0	0	0	0	0	1	0	0	0	0	1	1	0	0	0	0	S
NMDC20586803	0	0	0	0	0	0	0	0	0	0	1	1	0	1	1	0	0	0	1	0	S
NMDC20556034	1	1	1	0	1	0	0	0	0	1	0	1	0	0	1	0	0	0	1	0	S
NMDC20552004	1	1	0	0	0	0	1	0	0	1	0	1	0	0	1	1	0	0	1	0	S
NMDC20558032	0	0	0	0	0	0	0	0	0	0	1	1	0	1	1	0	0	0	1	0	S
NMDC20586807	0	0	0	0	0	0	0	0	0	1	0	1	0	0	1	1	0	0	1	0	S
NMDC20586808	1	1	0	0	0	0	1	0	0	1	0	1	0	0	1	0	0	0	0	0	S
NMDC20556036	1	0	0	1	0	0	1	0	0	1	0	1	0	0	1	0	0	0	1	0	S
NMDC20586810	0	0	0	1	0	0	0	0	0	1	0	1	0	0	1	1	0	0	1	0	S
NMDC20586811	0	0	0	1	0	0	0	0	0	1	0	0	0	0	0	1	0	0	1	0	S
NMDC20556037	1	1	1	0	1	0	0	0	0	1	0	1	0	0	1	0	0	0	1	0	S
NMDC20556040	1	0	0	0	0	0	0	0	0	0	1	1	0	1	1	0	0	0	1	0	S
NMDC20556039	1	0	0	0	1	0	0	0	0	1	0	1	0	0	1	0	0	0	1	0	S
NMDC20552006	0	0	0	1	0	0	0	0	0	1	0	0	0	0	1	1	0	0	1	0	S
NMDC20586812	0	0	0	0	0	0	0	0	0	1	0	1	0	0	1	1	0	0	1	0	S
NMDC20586813	0	0	0	0	0	0	0	0	0	1	1	1	0	0	1	1	0	0	0	0	S
NMDC20586815	0	1	0	1	0	0	0	1	0	1	0	1	0	0	1	0	0	0	1	0	S
NMDC20558035	0	0	0	1	0	0	0	0	0	1	0	1	0	0	1	0	0	0	0	0	S
NMDC20558036	0	0	0	0	0	0	0	0	0	0	1	1	0	0	1	0	0	0	1	0	S
NMDC20586817	0	0	0	0	0	0	0	0	0	0	1	1	0	1	1	0	0	0	1	0	S
NMDC20554026	0	0	0	0	0	0	0	0	0	0	1	1	0	1	1	0	0	0	1	0	S
NMDC20554028	0	0	0	0	0	0	0	0	0	0	1	1	0	1	1	0	0	0	1	0	S
NMDC20552007	0	0	0	0	0	0	0	0	0	0	1	1	0	1	1	0	0	0	1	0	S
NMDC20556042	0	0	0	1	0	0	0	0	0	1	0	1	0	0	1	0	0	0	1	0	S
NMDC20554029	0	0	0	0	0	0	0	0	0	0	1	1	0	1	1	0	0	0	1	0	S
NMDC20552008	0	0	0	0	0	0	0	0	0	1	0	1	0	0	1	1	0	0	1	0	S
NMDC20552009	0	0	0	0	0	0	0	0	0	0	1	1	0	1	1	0	0	0	1	0	S
NMDC20556043	0	0	0	0	0	0	0	0	0	0	0	0	0	0	0	0	0	0	0	0	S
NMDC20586823	0	0	0	0	0	0	0	0	0	1	0	1	0	0	1	1	0	0	1	0	S
NMDC20556044	0	0	0	0	0	0	0	0	0	0	1	1	0	1	1	0	0	0	1	0	S
NMDC20558039	0	0	0	0	0	0	0	0	0	1	0	1	0	0	1	1	0	0	1	0	S
NMDC20556045	0	0	0	0	0	0	0	0	0	0	1	1	0	1	1	0	0	0	1	0	S
NMDC20586825	0	0	0	0	0	0	0	0	0	0	1	1	0	1	1	0	0	0	1	0	S
NMDC20554030	0	0	0	0	0	0	0	0	0	0	1	1	0	1	1	0	0	0	1	0	S
NMDC20586827	0	0	0	0	0	0	0	0	0	0	1	1	0	1	1	0	0	0	1	0	S
NMDC20554031	0	0	0	0	0	0	0	0	0	1	1	0	0	0	1	1	0	0	1	0	S
NMDC20586830	0	0	0	0	0	0	0	0	0	0	1	1	0	1	1	0	0	0	1	0	S
NMDC20554032	0	0	0	0	0	0	0	0	0	0	1	1	0	1	1	0	0	0	1	0	S
NMDC20552011	0	0	0	0	0	0	0	0	0	0	1	1	0	1	1	0	0	0	1	0	S
NMDC20554033	1	1	0	0	0	0	0	0	0	1	0	1	0	0	1	1	0	0	1	0	S
NMDC20552012	0	0	0	0	0	0	0	0	0	0	1	1	0	1	1	0	0	0	1	0	S
NMDC20554034	0	0	0	0	0	0	0	0	0	1	0	1	0	0	1	1	0	0	1	0	S
NMDC20558041	0	0	0	0	0	0	0	0	0	1	0	1	0	0	1	0	0	0	0	0	S
NMDC20586832	0	0	0	0	0	0	0	0	0	0	1	1	0	1	1	0	0	0	1	0	S
NMDC20556046	0	0	0	0	0	0	0	0	0	1	1	0	0	0	1	1	0	0	1	0	S
NMDC20554035	0	0	0	1	0	0	0	0	0	1	0	0	0	0	1	1	0	0	1	0	S
NMDC20586834	1	0	0	0	0	0	1	0	0	1	0	1	0	0	1	1	0	0	1	0	S
NMDC20554040	1	0	0	0	0	0	1	0	0	1	0	1	0	0	1	1	0	0	1	0	S
NMDC20552014	0	0	0	0	0	0	0	0	1	1	0	1	0	0	1	1	0	0	1	1	S
NMDC20558042	1	0	0	0	0	1	0	0	0	1	0	1	0	0	1	1	1	0	1	0	S
NMDC20586838	1	1	1	0	1	0	0	0	0	1	0	1	0	0	1	0	0	0	1	0	S
NMDC20558046	0	0	0	0	0	0	0	0	0	0	1	1	0	1	1	0	0	0	1	0	S
NMDC20554041	0	0	0	0	0	0	0	0	0	0	1	1	0	1	1	0	0	0	1	0	S
NMDC20558047	0	0	0	1	0	0	0	0	0	1	0	1	0	0	1	0	0	0	0	0	S
NMDC20554042	0	0	0	0	0	0	0	0	0	1	0	1	0	0	1	1	0	0	1	0	S
NMDC20554043	0	0	0	0	0	0	0	0	0	1	0	1	0	0	1	1	0	0	1	0	S
NMDC20558048	0	1	0	1	0	0	0	0	0	0	0	0	0	0	1	1	0	0	1	0	S
NMDC20554045	0	0	0	1	0	0	0	0	0	1	0	1	0	0	1	0	0	0	1	0	S
NMDC20556049	0	0	0	0	0	0	0	0	0	1	0	1	0	0	1	1	0	0	1	0	S
NMDC20556051	0	0	0	0	1	0	0	0	0	1	0	1	0	0	1	0	0	0	1	0	S
NMDC20558050	0	0	0	1	0	0	0	0	0	1	0	1	0	0	1	0	0	0	1	0	S
NMDC20552017	0	0	0	1	0	0	0	1	0	1	0	1	0	0	1	0	0	0	1	0	S
NMDC20552018	0	0	0	0	0	0	0	0	0	0	1	1	0	1	1	0	0	0	1	0	S
NMDC20552019	0	0	0	1	0	0	0	0	0	1	0	1	0	0	1	0	0	0	1	0	S
NMDC20586841	1	0	0	0	0	0	0	0	0	1	0	1	0	0	1	1	0	0	1	0	S
NMDC20552023	0	0	0	0	0	0	0	0	0	1	0	1	0	0	1	0	0	0	0	0	S
NMDC20554046	0	0	0	0	0	0	0	0	0	0	0	1	0	0	1	1	0	0	1	0	S
NMDC20552020	0	0	0	0	0	0	0	0	0	1	0	1	0	0	1	1	0	0	1	0	S
NMDC20586842	0	1	0	1	0	0	0	1	0	1	0	1	0	0	1	0	0	0	1	0	S
NMDC20586843	0	0	0	0	0	0	0	0	0	1	0	1	0	0	1	1	0	0	1	0	S
NMDC20554048	0	0	0	0	0	0	0	0	0	1	0	1	0	0	1	1	0	0	1	0	S
NMDC20552022	0	0	0	0	0	0	0	0	0	0	1	1	0	1	1	0	0	0	1	0	S
NMDC20586844	0	0	0	0	0	0	0	0	0	1	0	0	0	0	1	1	0	0	0	0	S
NMDC20558052	0	0	0	1	0	0	0	0	0	1	0	0	0	0	1	1	0	0	1	0	S
NMDC20586845	0	0	0	0	0	0	0	0	0	1	0	1	0	0	1	1	0	0	1	0	S
NMDC20586847	0	0	0	0	0	0	0	0	0	1	0	1	0	0	1	1	0	0	1	0	S
NMDC20586848	0	1	0	1	0	0	0	1	0	1	0	1	0	0	1	0	0	0	1	0	S
NMDC20552025	0	0	0	0	0	0	0	0	0	0	1	1	0	1	1	0	0	0	1	0	S
NMDC20586853	0	0	0	1	0	0	0	0	0	0	1	1	0	0	1	0	0	0	0	0	S
NMDC20586854	0	0	0	0	0	0	0	0	0	1	0	1	0	0	1	1	0	0	1	0	S
NMDC20586856	0	0	0	0	0	0	0	0	0	1	0	0	0	0	1	1	0	0	0	0	S
NMDC20586857	0	0	0	1	0	0	0	0	0	0	0	1	0	0	1	0	0	0	0	0	S
NMDC20556053	0	0	0	0	0	0	0	1	0	1	0	0	0	0	1	1	0	0	1	0	S
NMDC20552026	0	0	0	0	0	0	0	0	0	1	0	1	0	0	1	1	0	0	1	0	S
NMDC20552027	1	0	0	0	0	0	0	0	0	0	1	1	0	1	1	0	0	0	1	0	S
NMDC20586859	1	1	0	1	0	0	0	0	0	1	0	1	0	0	1	1	0	0	1	0	S
NMDC20558055	0	0	0	0	0	0	0	0	0	0	1	1	0	1	1	0	0	0	1	0	S
NMDC20554052	0	0	0	0	0	0	0	0	0	0	1	1	0	1	1	0	0	0	1	0	S
NMDC20554050	0	0	0	0	0	0	0	0	0	0	1	1	0	1	1	0	0	0	1	0	S
NMDC20558057	0	0	0	0	0	0	0	0	0	1	0	1	0	0	1	0	0	0	0	0	S
NMDC20586862	0	0	0	1	0	0	0	0	0	1	0	1	0	0	0	0	0	0	1	0	S
NMDC20554051	0	0	0	0	0	0	0	0	0	0	1	1	0	1	1	0	0	0	1	0	S
NMDC20558058	0	0	0	0	0	0	0	0	0	1	0	1	0	0	0	1	0	0	1	0	S
NMDC20552029	0	0	0	0	0	0	0	0	0	1	1	1	0	0	1	1	0	0	1	0	S
NMDC20558059	0	0	0	0	0	0	0	0	0	1	0	1	0	0	1	1	0	0	1	0	S
NMDC20556057	0	0	0	0	0	0	0	0	0	0	1	1	0	1	1	0	0	0	1	0	S
NMDC20586863	1	0	0	0	0	0	0	0	0	1	0	1	0	0	1	1	0	0	1	0	S
NMDC20552030	0	0	0	1	0	0	0	0	0	1	0	0	0	0	0	1	0	0	1	0	S
NMDC20556058	0	1	0	1	0	0	0	1	0	1	0	1	0	0	1	0	0	0	1	0	S
NMDC20586869	0	0	0	1	0	0	0	0	0	1	0	0	0	0	1	1	0	0	1	0	S
NMDC20556059	0	0	0	0	0	0	0	0	0	1	0	1	0	0	1	1	0	0	1	0	S
NMDC20556060	0	0	0	0	0	0	0	0	0	0	1	1	0	1	1	0	0	0	1	0	S
NMDC20586870	0	0	0	0	0	0	0	0	0	1	0	1	0	0	0	1	0	0	1	0	S
NMDC20586871	0	0	0	0	0	0	0	0	0	0	1	1	0	1	1	0	0	0	1	0	S
NMDC20554055	0	0	0	0	0	0	0	0	0	0	1	1	0	1	1	0	0	0	1	0	S
NMDC20552031	0	0	0	0	0	0	0	0	0	1	1	1	0	0	1	0	0	0	1	0	S
NMDC20556063	0	0	0	0	0	0	0	0	0	1	0	1	0	0	1	1	0	0	1	0	S
NMDC20554053	0	0	0	0	0	0	0	0	0	0	1	1	0	1	1	0	0	0	1	0	S
NMDC20586873	0	0	0	1	0	0	0	0	0	1	0	1	0	0	0	0	0	0	1	0	S
NMDC20554054	0	0	0	1	0	0	0	0	0	1	0	1	0	0	0	0	0	0	1	0	S
NMDC20586874	0	0	0	0	0	0	0	0	0	1	0	1	0	0	1	1	0	0	1	0	S
NMDC20586875	0	0	0	0	0	0	0	0	0	0	1	1	0	1	1	0	0	0	1	0	S
NMDC20558062	0	0	0	0	0	0	0	0	0	0	1	1	0	1	1	0	0	0	1	0	S
NMDC20586877	0	0	0	0	0	0	0	0	0	0	1	1	0	1	1	0	0	0	1	0	S
NMDC20558063	0	0	0	1	0	0	0	0	0	1	0	0	0	0	1	1	0	0	1	0	S
NMDC20586878	0	0	0	0	0	0	0	0	0	0	1	1	0	1	1	0	0	0	1	0	S
NMDC20586879	0	0	0	0	0	0	0	0	0	1	0	1	0	0	1	1	0	0	1	0	S
NMDC20556064	0	0	0	0	0	0	0	0	0	1	0	1	0	0	1	1	0	0	1	0	S
NMDC20558066	1	0	0	0	0	1	0	0	0	1	0	1	0	0	1	1	1	0	1	0	S
NMDC20556065	0	0	0	1	0	0	0	0	0	1	0	1	0	0	1	1	0	0	1	0	S
NMDC20558067	0	0	0	0	0	0	0	0	0	0	1	1	0	1	1	0	0	0	1	0	S
NMDC20558068	0	0	0	0	0	0	0	0	0	0	1	1	0	1	1	0	0	0	1	0	S
NMDC20586882	0	0	0	0	0	0	0	0	0	0	1	1	0	1	1	0	0	0	1	0	S
NMDC20554061	0	1	0	0	0	0	0	0	1	0	1	1	0	1	1	0	0	0	1	1	S
NMDC20554062	0	1	0	0	0	0	0	0	1	0	1	1	0	1	1	0	0	0	1	1	S
NMDC20586887	0	0	0	0	0	0	0	0	0	0	1	1	0	1	1	0	0	0	1	0	S
NMDC20554063	0	0	0	0	0	0	0	0	0	0	1	1	0	1	1	0	0	0	1	0	S
NMDC20586888	0	0	0	0	0	0	0	0	0	0	1	1	0	1	1	0	0	0	1	0	S
NMDC20558069	0	0	0	1	0	0	0	0	0	1	0	0	0	0	1	1	0	0	1	0	S
NMDC20558070	0	0	0	1	0	0	0	0	0	1	0	1	0	0	1	0	0	0	0	0	S
NMDC20556067	0	0	0	1	0	0	0	0	0	1	0	1	0	0	1	0	0	0	0	0	S
NMDC20558071	0	0	0	1	0	0	0	0	0	1	0	1	0	0	1	0	0	0	0	0	S
NMDC20558072	0	0	0	0	0	0	0	0	0	0	1	1	0	1	1	0	0	0	1	0	S
NMDC20554066	0	0	0	0	0	0	0	0	0	0	1	1	0	1	1	0	0	0	1	0	S
NMDC20586890	0	0	0	0	0	0	0	0	0	0	1	1	0	1	1	0	0	0	1	0	S
NMDC20586891	0	0	0	0	0	0	0	0	0	0	1	1	0	1	1	0	0	0	1	0	S
NMDC20554067	0	0	0	0	0	0	0	0	0	1	0	1	0	0	1	1	0	0	1	0	S
NMDC20554070	0	0	0	0	0	0	0	0	0	1	0	1	0	0	1	1	0	0	1	0	S
NMDC20556069	0	0	0	0	0	0	0	0	0	0	1	1	0	1	1	0	0	0	1	0	S
NMDC20586892	0	0	0	0	0	0	0	0	0	0	1	1	0	1	1	0	0	0	1	0	S
NMDC20586893	0	0	0	0	0	0	0	0	0	1	0	1	0	0	1	1	0	0	1	0	S
NMDC20556070	0	0	0	0	0	0	0	0	0	0	1	1	0	1	1	0	0	0	1	0	S
NMDC20586894	1	0	0	0	0	1	0	0	0	1	0	1	0	0	1	1	1	0	1	0	S
NMDC20586895	0	0	0	0	0	0	0	0	0	0	1	1	0	1	1	0	0	0	1	0	S
NMDC20552038	0	0	0	0	0	0	0	0	0	0	1	1	0	1	1	0	0	0	1	0	S
NMDC20552039	0	0	0	0	0	0	0	0	0	0	1	1	0	1	1	0	0	0	1	0	S
NMDC20586898	0	0	0	0	0	0	0	0	0	1	0	1	0	0	1	1	0	0	1	0	S
NMDC20586901	0	0	0	0	0	0	0	0	0	0	1	1	0	1	1	0	0	0	1	0	S
NMDC20586902	1	0	0	1	0	0	0	0	0	1	0	0	0	0	0	1	0	0	1	0	S
NMDC20558076	1	0	0	0	0	0	0	0	0	0	1	1	0	0	1	0	0	0	1	0	S
NMDC20558077	0	0	0	0	0	0	0	0	0	1	1	1	0	0	1	1	0	0	1	0	S
NMDC20554071	0	0	0	0	0	0	0	0	0	1	0	1	0	0	1	1	0	0	1	0	S
NMDC20552041	0	0	0	0	0	0	0	0	0	1	0	1	0	0	1	1	0	0	1	0	S
NMDC20554073	0	0	0	0	0	0	0	0	0	0	1	1	0	1	1	0	0	0	1	0	S
NMDC20558079	0	0	0	1	0	0	0	0	0	1	0	1	0	0	1	0	0	0	1	0	S
NMDC20556072	0	0	0	1	0	0	0	0	0	1	0	0	0	0	1	1	0	0	1	0	S
NMDC20558081	0	0	0	1	0	0	0	0	0	1	0	1	0	0	1	0	0	0	1	0	S
NMDC20586912	0	0	0	1	0	0	0	0	0	1	0	1	0	0	1	0	0	0	1	0	S
NMDC20586914	0	0	0	1	0	0	0	0	0	1	0	1	0	0	1	0	0	0	1	0	S
NMDC20556079	0	0	0	0	0	0	0	0	0	0	0	1	0	0	1	0	0	0	1	0	S
NMDC20556074	0	0	0	1	0	0	0	0	0	1	0	1	0	0	1	0	0	0	1	0	S
NMDC20556075	0	0	0	1	0	0	0	0	0	1	0	1	0	0	1	0	0	0	1	0	S
NMDC20558084	0	0	0	1	0	0	0	0	0	1	0	1	0	0	1	0	0	0	1	0	S
NMDC20556076	0	0	0	1	0	0	0	0	0	1	0	1	0	0	1	0	0	0	1	0	S
NMDC20586915	0	0	0	0	0	0	0	0	0	1	0	1	0	0	1	1	0	0	1	0	S
NMDC20552044	1	1	0	1	0	0	0	0	0	1	0	1	0	0	1	0	0	0	1	0	S
NMDC20586916	0	0	0	0	0	0	0	0	0	1	1	1	0	0	1	0	0	0	1	0	S
NMDC20586918	0	0	0	0	0	0	0	0	0	0	1	1	0	1	1	0	0	0	1	0	S
NMDC20586919	0	0	0	0	1	0	0	0	0	0	0	1	0	0	1	0	0	0	1	0	S
NMDC20554078	0	0	0	0	0	0	0	0	0	0	1	1	0	1	1	0	0	0	1	0	S
NMDC20586922	0	0	0	0	0	0	0	0	0	1	0	1	0	0	1	1	0	0	1	0	S
NMDC20556080	0	0	0	0	0	0	0	0	0	1	0	1	0	0	1	0	0	0	1	0	S
NMDC20586923	0	0	0	0	0	0	0	0	0	1	0	1	0	0	1	1	0	0	1	0	S
NMDC20558129	0	0	0	0	0	0	0	0	0	1	0	1	0	0	1	1	0	0	1	0	S
NMDC20587036	1	1	0	1	0	0	0	0	1	1	0	1	0	0	1	1	0	0	1	1	S
NMDC20556124	0	0	0	1	0	0	0	0	0	1	0	1	0	0	1	0	0	0	1	0	S
NMDC20554131	0	0	0	0	0	0	0	0	0	0	1	1	0	1	1	0	0	0	1	0	S
NMDC20588191	0	0	0	0	0	0	0	0	0	0	1	1	0	1	1	0	0	0	1	0	S
NMDC20554397	0	0	0	0	0	0	0	0	0	0	1	1	0	1	1	0	0	0	1	0	S
NMDC20552392	0	0	0	0	0	0	0	0	0	0	1	1	0	1	1	0	0	0	1	0	S
NMDC20588193	0	0	0	1	0	0	0	0	0	1	0	1	0	0	1	0	0	0	1	0	S
NMDC20554398	0	0	0	0	0	0	0	0	0	0	1	1	0	1	1	0	0	0	1	0	S
NMDC20554399	0	0	0	0	0	0	0	0	0	1	0	1	0	0	1	1	0	0	1	0	S
NMDC20588194	0	0	0	0	0	0	0	0	0	0	1	1	0	1	1	0	0	0	1	0	S
NMDC20588195	0	0	0	0	0	0	0	0	0	0	1	1	0	1	1	0	0	0	1	0	S
NMDC20588196	0	0	0	0	0	0	0	0	0	1	0	1	0	0	1	1	0	0	1	0	S
NMDC20556381	0	0	0	0	0	0	0	0	0	0	1	1	0	1	1	0	0	0	1	0	S
NMDC20552395	0	0	0	0	0	0	0	0	0	0	1	1	0	1	1	0	0	0	1	0	S
NMDC20588197	0	0	0	0	0	0	0	0	0	1	0	1	0	0	1	1	0	0	1	0	S
NMDC20558411	0	0	0	0	0	0	0	0	0	1	0	1	0	0	1	1	0	0	1	0	S
NMDC20554401	0	0	0	0	0	0	0	0	0	1	0	1	0	0	1	1	0	0	1	0	S
NMDC20552396	0	0	0	0	0	0	0	0	0	0	1	1	0	1	1	0	0	0	1	0	S
NMDC20588198	0	0	0	0	0	0	0	0	0	1	1	1	0	0	1	1	0	0	1	0	S
NMDC20588199	0	0	0	0	0	0	0	0	0	0	1	1	0	1	1	0	0	0	1	0	S
NMDC20588200	0	0	0	0	0	0	0	0	0	0	1	1	0	1	1	0	0	0	1	0	S
NMDC20552399	0	0	0	0	0	0	0	0	0	1	0	1	0	0	1	1	0	0	1	0	S
NMDC20554402	0	0	0	0	0	0	0	0	0	0	1	1	0	1	1	0	0	0	1	0	S
NMDC20556383	0	0	0	0	0	0	0	0	0	1	1	1	0	0	1	1	0	0	1	0	S
NMDC20558413	1	1	0	0	0	0	0	0	0	1	0	1	0	0	1	1	0	0	1	0	S
NMDC20556386	1	0	0	0	0	0	0	0	0	1	0	1	0	0	1	1	0	0	1	0	S
NMDC20558415	0	0	0	0	0	0	0	0	0	0	1	1	0	1	1	0	0	0	1	0	S
NMDC20588203	0	0	0	0	0	0	0	0	0	1	0	1	0	0	1	1	0	0	1	0	S
NMDC20588204	0	0	0	0	0	0	0	0	0	1	0	1	0	0	1	1	0	0	1	0	S
NMDC20554406	1	0	0	0	0	0	0	0	0	1	0	1	0	0	1	1	0	0	1	0	S
NMDC20556387	0	0	0	0	0	0	0	0	0	0	1	1	0	1	1	0	0	0	1	0	S
NMDC20554407	0	0	0	1	1	0	0	0	0	1	0	0	0	0	1	0	0	0	1	0	S
NMDC20552401	0	0	0	0	0	0	0	0	0	0	1	1	0	1	1	0	0	0	1	0	S
NMDC20588205	0	0	0	0	0	0	0	0	0	0	1	1	0	0	1	0	0	0	1	0	S
NMDC20554409	1	0	0	0	0	0	0	0	0	1	0	1	0	0	1	1	0	0	1	0	S
NMDC20552402	0	0	0	1	0	0	0	0	0	0	1	1	0	0	1	0	0	0	0	0	S
NMDC20554410	0	0	0	0	0	0	0	0	0	1	0	1	0	0	1	1	0	0	1	0	S
NMDC20588210	0	0	0	0	0	0	0	0	0	1	0	1	0	0	1	1	0	0	1	0	S
NMDC20552404	0	0	0	0	0	0	0	0	0	1	0	1	0	0	1	1	0	0	1	0	S
NMDC20558417	0	0	0	0	0	0	0	0	0	0	1	1	0	1	1	0	0	0	1	0	S
NMDC20554411	0	0	0	0	0	0	0	0	0	0	1	1	0	0	1	0	0	0	1	0	S
NMDC20588212	0	0	0	0	0	0	0	0	0	0	1	1	0	0	1	0	0	0	1	0	S
NMDC20588213	0	0	0	0	0	0	0	0	0	1	0	1	0	0	1	1	0	0	1	0	S
NMDC20556389	0	0	0	0	0	0	0	0	0	1	0	1	0	0	1	1	0	0	1	0	S
NMDC20588214	0	0	0	0	0	0	0	0	0	0	1	1	0	1	1	0	0	0	1	0	S
NMDC20588216	0	0	0	0	0	0	0	0	0	0	1	1	0	1	1	0	0	0	1	0	S
NMDC20552406	0	0	0	0	0	0	0	0	0	1	0	1	0	0	1	1	0	0	1	0	S
NMDC20588217	0	0	0	0	0	0	0	0	0	0	1	1	0	1	1	0	0	0	1	0	S
NMDC20588218	0	0	0	0	0	0	0	0	0	0	1	1	0	1	1	0	0	0	1	0	S
NMDC20588220	0	0	0	0	0	0	0	0	0	0	1	1	0	0	1	0	0	0	1	0	S
NMDC20552408	0	0	0	1	0	0	0	0	0	1	0	1	0	0	1	0	0	0	1	0	S
NMDC20588221	0	0	0	0	0	0	0	0	0	1	0	1	0	0	1	1	0	0	1	0	S
NMDC20556392	0	0	0	0	0	0	0	0	0	0	1	1	0	1	1	0	0	0	1	0	S
NMDC20588222	0	0	0	0	0	0	0	0	0	0	1	1	0	1	1	0	0	0	1	0	S
NMDC20556393	0	0	0	0	0	0	0	0	0	1	0	1	0	0	1	1	0	0	1	0	S
NMDC20556394	0	0	0	0	0	0	0	0	0	1	0	1	0	0	1	1	0	0	1	0	S
NMDC20588224	0	0	0	0	0	0	0	0	0	1	0	1	0	0	1	1	0	0	1	0	S
NMDC20558420	0	0	0	0	0	0	0	0	0	0	1	1	0	1	1	0	0	0	1	0	S
NMDC20554413	0	0	0	0	0	0	0	0	0	1	0	1	0	0	1	1	0	0	1	0	S
NMDC20588228	1	0	0	0	0	0	0	0	0	1	0	1	0	0	1	1	0	0	1	0	S
NMDC20588229	0	0	0	0	0	0	0	0	0	1	0	1	0	0	1	1	0	0	1	0	S
NMDC20588230	0	0	0	0	0	0	0	0	0	0	1	1	0	1	1	0	0	0	1	0	S
NMDC20558421	0	0	0	0	0	0	0	0	0	0	1	1	0	1	1	0	0	0	1	0	S
NMDC20556395	0	0	0	0	0	0	0	0	0	0	1	1	0	1	1	0	0	0	1	0	S
NMDC20552410	0	0	0	0	0	0	0	0	0	1	0	1	0	0	1	1	0	0	1	0	S
NMDC20552413	0	0	0	0	0	0	0	0	0	0	1	1	0	1	1	0	0	0	1	0	S
NMDC20554414	0	0	0	0	0	0	0	0	0	1	0	1	0	0	1	0	0	0	1	0	S
NMDC20556396	0	0	0	0	0	0	0	0	0	0	1	1	0	1	1	0	0	0	1	0	S
NMDC20554416	0	0	0	0	0	0	0	0	0	0	1	1	0	1	1	0	0	0	1	0	S
NMDC20552411	0	0	0	0	0	0	0	0	0	0	1	1	0	1	1	0	0	0	1	0	S
NMDC20552412	0	0	0	0	0	0	0	0	0	0	1	1	0	1	1	0	0	0	1	0	S
NMDC20554417	0	0	0	0	0	0	0	0	0	1	0	1	0	0	1	1	0	0	1	0	S
NMDC20556397	0	0	0	0	0	0	0	0	0	0	0	0	0	0	1	1	0	0	0	0	S
NMDC20588233	0	0	0	0	0	0	0	0	0	0	1	1	0	1	1	0	0	0	1	0	S
NMDC20588234	0	0	0	1	0	0	0	0	0	1	0	1	0	0	1	0	0	0	1	0	S
NMDC20558422	0	0	0	0	0	0	0	0	0	1	0	1	0	0	1	1	0	0	1	0	S
NMDC20552414	0	0	0	0	0	0	0	0	0	1	0	1	0	0	1	1	0	0	1	0	S
NMDC20552415	0	0	0	0	0	0	0	0	0	1	0	1	0	0	1	1	0	0	1	0	S
NMDC20588235	0	0	0	0	0	0	0	0	0	1	0	1	0	0	1	1	0	0	1	0	S
NMDC20554419	0	0	0	0	0	0	0	0	0	1	0	1	0	0	1	1	0	0	1	0	S
NMDC20558423	0	0	0	0	0	0	0	0	0	1	0	1	0	0	1	1	0	0	1	0	S
NMDC20558424	0	0	0	0	0	0	0	0	0	1	0	1	0	0	1	1	0	0	1	0	S
NMDC20552416	0	0	0	0	0	0	0	0	0	1	0	1	0	0	0	1	0	0	1	0	S
NMDC20556400	0	0	0	0	0	0	0	0	0	1	0	1	0	0	1	1	0	0	1	0	S
NMDC20554421	1	1	0	0	0	0	0	0	0	1	0	1	0	0	1	1	0	0	1	0	S
NMDC20588239	0	0	0	0	0	0	0	0	0	1	0	1	0	0	1	1	0	0	1	0	S
NMDC20588240	0	1	0	1	0	0	0	0	0	0	1	1	0	0	1	0	0	0	1	0	S
NMDC20558426	0	0	0	0	0	0	0	0	0	0	1	1	0	1	1	0	0	0	1	0	S
NMDC20556402	0	0	0	0	0	0	0	0	0	1	0	1	0	0	1	1	0	0	1	0	S
NMDC20558427	0	0	0	0	0	0	0	0	0	1	0	1	0	0	1	1	0	0	1	0	S
NMDC20554423	0	0	0	0	0	0	0	0	0	1	0	1	0	0	1	1	0	0	1	0	S
NMDC20588243	0	0	0	1	0	0	0	0	0	0	1	1	0	0	1	0	0	0	1	0	S
NMDC20554425	0	0	0	0	0	0	0	0	0	0	0	0	0	0	1	0	0	0	1	0	S
NMDC20588246	0	0	0	0	0	0	0	0	0	0	1	1	0	1	1	0	0	0	1	0	S
NMDC20556404	0	0	0	0	0	0	0	0	0	0	1	1	0	0	1	0	0	0	1	0	S
NMDC20556405	1	0	0	0	0	0	0	0	0	0	1	1	0	1	1	0	0	0	1	0	S
NMDC20588247	0	1	0	1	0	0	0	0	0	0	1	1	0	0	1	0	0	0	1	0	S
NMDC20556406	0	0	0	0	0	0	0	0	0	1	1	1	0	0	1	1	0	0	1	0	S
NMDC20558430	0	1	0	0	0	0	0	0	0	1	1	1	0	0	1	1	0	0	1	0	S
NMDC20556407	0	0	0	0	0	0	0	0	0	1	1	1	0	0	1	1	0	0	1	0	S
NMDC20554429	0	0	0	0	0	0	0	0	0	0	1	1	0	1	1	0	0	0	1	0	S
NMDC20554426	0	0	0	0	0	0	0	0	0	0	1	1	0	1	1	0	0	0	1	0	S
NMDC20554427	0	0	0	0	0	0	0	0	0	0	1	1	0	1	1	0	0	0	1	0	S
NMDC20554428	0	0	0	0	0	0	0	0	0	0	1	1	0	1	1	0	0	0	1	0	S
NMDC20552420	0	0	0	0	0	0	0	0	0	1	0	1	0	0	1	1	0	0	1	0	S
NMDC20552421	0	0	0	0	0	0	0	0	0	0	0	1	0	0	1	0	0	0	1	0	S
NMDC20556409	0	1	0	0	0	0	0	0	0	1	1	1	0	0	1	1	0	0	1	0	S
NMDC20588250	1	0	0	0	0	0	0	0	0	0	1	1	0	0	1	0	0	0	1	0	S
NMDC20556410	1	1	1	0	1	0	0	0	0	1	0	1	0	0	1	0	0	0	1	0	S
NMDC20556411	1	1	1	0	1	0	0	0	0	1	0	1	0	0	1	0	0	0	1	0	S
NMDC20558432	0	0	0	0	0	0	0	0	0	0	1	1	0	1	1	0	0	0	1	0	S
NMDC20558434	0	0	0	0	0	0	0	0	0	0	1	1	0	1	1	0	0	0	1	0	S
NMDC20588251	0	0	0	0	0	0	0	0	0	1	0	1	0	0	1	1	0	0	1	0	S
NMDC20552424	0	0	0	0	0	0	0	0	0	0	1	1	0	1	1	0	0	0	1	0	S
NMDC20588253	1	0	0	0	0	1	0	0	0	1	0	1	0	0	1	1	0	0	1	0	S
NMDC20558435	0	0	0	0	0	0	0	0	0	0	1	1	0	1	1	0	0	0	1	0	S
NMDC20588254	1	0	0	0	0	0	1	0	0	0	1	1	0	1	1	0	0	0	1	0	S
NMDC20552423	0	0	0	0	0	0	0	0	0	1	0	1	0	0	1	1	0	0	1	0	S
NMDC20588256	0	0	0	0	0	0	0	0	0	1	0	1	0	0	1	1	0	0	1	0	S
NMDC20554430	0	0	0	0	0	0	0	0	0	0	1	1	0	1	1	0	0	0	1	0	S
NMDC20588258	0	0	0	0	0	0	0	0	0	0	1	1	0	1	1	0	0	0	1	0	S
NMDC20552425	0	0	0	0	0	0	0	0	0	0	1	1	0	1	1	0	0	0	1	0	S
NMDC20556413	0	0	0	0	0	0	0	0	0	0	1	1	0	1	1	0	0	0	1	0	S
NMDC20588260	0	0	0	0	0	0	0	0	0	0	1	1	0	1	1	0	0	0	1	0	S
NMDC20556414	0	0	0	0	0	0	0	0	0	0	1	1	0	1	1	0	0	0	1	0	S
NMDC20552426	0	0	0	0	0	0	0	0	0	1	0	1	0	0	0	0	0	0	1	0	S
NMDC20556415	0	0	0	0	0	0	0	0	0	1	0	1	0	0	1	0	0	0	1	0	S
NMDC20588262	0	1	0	1	0	0	0	1	0	1	0	1	0	0	1	0	0	0	1	0	S
NMDC20588263	0	0	0	0	0	0	0	0	0	0	1	1	0	1	1	0	0	0	1	0	S
NMDC20556416	0	0	0	0	0	0	0	0	0	0	1	1	0	1	1	0	0	0	1	0	S
NMDC20556417	0	0	0	0	0	0	0	0	0	1	0	1	0	0	1	1	0	0	1	0	S
NMDC20558437	0	0	0	0	0	0	0	0	0	1	0	1	0	0	1	1	0	0	1	0	S
NMDC20554431	0	0	0	0	0	0	0	0	0	0	1	1	0	1	1	0	0	0	1	0	S
NMDC20588265	0	0	0	1	0	0	0	0	0	0	0	1	0	0	1	0	0	0	0	0	S
NMDC20588267	0	0	0	0	0	0	0	0	0	0	1	1	0	1	1	0	0	0	1	0	S
NMDC20588268	0	0	0	0	0	0	0	0	0	0	1	1	0	1	1	0	0	0	1	0	S
NMDC20554432	0	0	0	0	0	0	0	0	0	0	1	1	0	1	1	0	0	0	1	0	S
NMDC20588270	0	0	0	0	0	0	0	0	0	1	0	1	0	0	1	1	0	0	1	0	S
NMDC20558439	0	0	0	0	0	0	0	0	0	0	1	1	0	1	1	0	0	0	1	0	S
NMDC20556419	0	0	0	0	0	0	0	0	0	0	1	1	0	1	1	0	0	0	1	0	S
NMDC20556420	0	0	0	0	0	0	0	0	0	0	1	1	0	1	1	0	0	0	1	0	S
NMDC20556421	0	0	0	0	0	0	0	0	0	0	1	1	0	1	1	0	0	0	1	0	S
NMDC20552430	0	0	0	0	0	0	0	0	0	1	0	1	0	0	1	1	0	0	1	0	S
NMDC20552431	0	0	0	0	0	0	0	0	0	1	1	1	0	0	1	1	0	0	1	0	S
NMDC20588271	0	0	0	0	0	0	0	0	0	0	1	1	0	1	1	0	0	0	1	0	S
NMDC20558440	0	0	0	0	0	0	0	0	0	0	1	1	0	1	1	0	0	0	1	0	S
NMDC20558441	0	0	0	0	0	0	0	0	0	1	0	1	0	0	1	1	0	0	1	0	S
NMDC20556422	0	0	0	0	0	0	0	0	0	0	1	1	0	1	1	0	0	0	1	0	S
NMDC20554434	0	0	0	0	0	0	0	0	0	0	1	1	0	1	1	0	0	0	1	0	S
NMDC20558442	0	0	0	0	0	0	0	0	0	0	1	1	0	1	1	0	0	0	1	0	S
NMDC20556425	0	0	0	1	0	0	0	0	0	1	0	0	0	0	1	1	0	0	1	0	S
NMDC20588272	0	0	0	0	0	0	0	0	0	0	1	1	0	1	1	0	0	0	1	0	S
NMDC20556423	1	0	0	0	0	0	0	0	0	0	1	1	0	1	1	0	0	0	1	0	S
NMDC20558444	0	0	0	0	0	0	0	0	0	0	1	1	0	1	1	0	0	0	1	0	S
NMDC20556424	0	0	0	0	0	0	0	0	0	0	1	1	0	1	1	0	0	0	1	0	S
NMDC20558445	0	0	0	0	0	0	0	0	0	1	0	1	0	0	1	1	0	0	1	0	S
NMDC20558447	0	0	0	1	0	0	0	0	0	1	0	0	0	0	1	1	0	0	1	0	S
NMDC20588275	0	0	0	0	0	0	0	0	0	0	1	1	0	0	1	0	0	0	1	0	S
NMDC20554436	0	0	0	0	0	0	0	0	0	0	1	1	0	0	1	0	0	0	1	0	S
NMDC20554437	0	0	0	0	0	0	0	0	0	1	0	1	0	0	1	1	0	0	1	0	S
NMDC20558446	0	0	0	0	0	0	0	0	0	0	1	1	0	1	1	0	0	0	1	0	S
NMDC20588276	0	0	0	0	0	0	0	0	0	0	1	1	0	1	1	0	0	0	1	0	S
NMDC20554438	0	0	0	0	0	0	0	0	0	0	1	1	0	1	1	0	0	0	1	0	S
NMDC20588277	0	0	0	0	0	0	0	0	0	0	1	1	0	1	1	0	0	0	1	0	S
NMDC20556427	0	0	0	0	0	0	0	0	0	0	1	1	0	1	1	0	0	0	1	0	S
NMDC20588278	0	0	0	0	0	0	0	0	0	0	1	1	0	1	1	0	0	0	1	0	S
NMDC20588280	0	0	0	0	0	0	0	0	0	1	1	1	0	0	1	1	0	0	1	0	S
NMDC20554439	0	0	0	0	0	0	0	0	0	0	1	1	0	1	1	0	0	0	1	0	S
NMDC20554440	0	0	0	0	0	0	0	0	0	0	1	1	0	1	1	0	0	0	1	0	S
NMDC20558448	1	1	0	0	0	1	0	0	0	1	0	1	0	0	1	1	0	0	1	0	S
NMDC20552434	0	1	0	0	0	0	0	0	1	0	1	1	0	1	1	0	0	0	1	1	S
NMDC20588281	0	0	0	0	0	0	0	0	0	0	1	1	0	0	1	0	0	0	1	0	S
NMDC20554441	0	0	0	0	0	0	0	0	0	0	1	1	0	1	1	0	0	0	1	0	S
NMDC20588282	0	0	0	0	0	0	0	0	0	1	0	1	0	0	1	0	0	0	0	0	S
NMDC20588283	0	0	0	0	0	0	0	0	0	1	0	1	0	0	1	1	0	0	1	0	S
NMDC20588284	0	0	0	1	0	0	0	0	0	1	0	0	0	0	1	1	0	0	1	0	S
NMDC20554442	0	1	0	1	0	0	0	1	0	1	0	1	0	0	1	0	0	0	1	0	S
NMDC20558449	0	0	0	0	0	0	0	0	0	0	1	1	0	1	1	0	0	0	1	0	S
NMDC20558450	0	0	0	0	0	0	0	0	0	0	1	1	0	0	1	0	0	0	1	0	S
NMDC20588286	0	0	0	0	0	0	0	0	0	0	1	1	0	1	1	0	0	0	1	0	S
NMDC20558451	0	0	0	0	0	0	0	0	0	0	1	1	0	1	1	0	0	0	1	0	S
NMDC20558452	0	0	0	0	0	0	0	0	0	0	1	1	0	1	1	0	0	0	1	0	S
NMDC20552437	0	0	0	1	0	0	0	0	0	1	0	0	0	0	1	1	0	0	1	0	S
NMDC20588289	0	0	0	0	0	0	0	0	0	0	1	1	0	1	1	0	0	0	1	0	S
NMDC20588290	0	0	0	0	0	0	0	0	0	1	1	1	0	0	1	1	0	0	1	0	S
NMDC20552436	0	0	0	0	0	0	0	0	0	0	1	1	0	1	1	0	0	0	1	0	S
NMDC20588291	0	0	0	0	0	0	0	0	0	0	1	1	0	1	1	0	0	0	1	0	S
NMDC20558453	0	0	0	1	0	0	0	0	0	1	0	1	0	0	1	0	0	0	1	0	S
NMDC20588293	0	0	0	0	0	0	0	0	0	1	0	1	0	0	1	1	0	0	1	0	S
NMDC20588294	0	0	0	0	0	0	0	0	0	1	0	1	0	0	1	1	0	0	1	0	S
NMDC20588295	0	0	0	0	0	0	0	0	0	0	1	1	0	0	1	0	0	0	1	0	S
NMDC20588296	0	0	0	0	0	0	0	0	0	1	0	1	0	0	1	1	0	0	1	0	S
NMDC20556430	0	0	0	1	0	0	0	0	0	1	1	1	0	0	1	0	0	0	1	0	S
NMDC20552438	0	0	0	0	0	0	0	0	0	0	1	1	0	1	1	0	0	0	1	0	S
NMDC20556431	0	0	0	0	1	0	0	0	0	0	0	0	0	0	0	0	0	0	1	0	S
NMDC20552439	0	0	0	0	0	0	0	0	0	1	0	1	0	0	1	1	0	0	1	0	S
NMDC20552440	0	0	0	0	0	0	0	0	0	0	1	1	0	1	1	0	0	0	1	0	S
NMDC20554444	0	1	0	0	0	0	0	0	1	0	1	1	0	1	1	0	0	0	1	1	S
NMDC20588299	0	0	0	0	0	0	0	0	0	0	1	1	0	1	1	0	0	0	1	0	S
NMDC20588300	1	0	0	0	0	0	1	0	0	1	0	1	1	0	1	1	0	0	1	0	S
NMDC20588301	0	0	0	0	0	0	0	0	0	0	1	1	0	1	1	0	0	0	1	0	S
NMDC20554445	0	0	0	0	0	0	0	0	0	1	0	1	0	0	1	1	0	0	1	0	S
NMDC20556432	1	0	0	0	0	0	0	0	0	0	1	1	0	1	1	0	0	0	1	0	S
NMDC20556434	0	0	0	0	0	0	0	0	0	0	1	1	0	1	1	0	0	0	1	0	S
NMDC20588304	0	0	0	0	0	0	0	0	0	0	1	1	0	1	1	0	0	0	1	0	S
NMDC20588305	0	0	0	0	0	0	0	0	0	0	1	1	0	1	1	0	0	0	1	0	S
NMDC20552443	0	0	0	0	0	0	0	0	0	1	0	1	0	0	1	1	0	0	1	0	S
NMDC20588306	0	0	0	0	0	0	0	0	0	0	1	1	0	1	1	0	0	0	1	0	S
NMDC20556438	0	0	0	0	0	0	0	0	0	0	1	1	0	1	1	0	0	0	1	0	S
NMDC20552448	0	0	0	1	0	0	0	0	0	1	1	0	0	0	0	1	0	0	1	0	S
NMDC20552444	0	0	0	0	0	0	0	0	0	0	1	1	0	1	1	0	0	0	1	0	S
NMDC20552445	0	0	0	0	0	0	0	0	0	0	1	1	0	1	1	0	0	0	1	0	S
NMDC20588307	0	0	0	0	0	0	0	0	0	1	0	1	0	0	1	1	0	0	1	0	S
NMDC20588308	0	0	0	0	0	0	0	0	0	1	0	1	0	0	1	1	0	0	1	0	S
NMDC20554447	0	0	0	0	0	0	0	0	0	1	0	1	0	0	1	1	0	0	1	0	S
NMDC20588309	0	0	0	0	0	0	0	0	0	1	0	1	0	0	1	1	0	0	1	0	S
NMDC20588310	0	0	0	0	0	0	0	0	0	0	1	1	0	1	1	0	0	0	1	0	S
NMDC20556442	0	0	0	1	0	0	0	0	0	1	1	0	0	0	0	1	0	0	1	0	S
NMDC20554448	0	0	0	0	0	0	0	0	0	1	0	1	0	0	1	1	0	0	1	0	S
NMDC20588311	1	0	0	0	0	0	0	0	0	1	0	1	0	0	1	1	0	0	1	0	S
NMDC20556441	0	0	0	0	0	0	0	0	0	0	1	1	0	1	1	0	0	0	1	0	S
NMDC20558458	0	0	0	1	0	0	0	0	0	1	0	1	0	0	1	0	0	0	1	0	S
NMDC20552450	0	0	0	0	0	0	0	0	0	1	0	1	0	0	1	1	0	0	1	0	S
NMDC20556443	0	0	0	0	0	0	0	0	0	1	0	1	0	0	1	1	0	0	1	0	S
NMDC20588315	0	0	0	0	0	0	0	0	0	0	1	1	0	1	1	0	0	0	1	0	S
NMDC20558465	0	0	0	0	0	0	0	0	0	0	0	1	0	0	1	0	0	0	1	0	S
NMDC20554449	1	0	0	0	0	0	1	0	0	1	0	1	0	0	1	1	0	0	1	0	S
NMDC20588316	0	0	0	0	0	0	0	0	0	0	1	1	0	1	1	0	0	0	1	0	S
NMDC20588318	0	0	0	0	0	0	0	0	0	1	0	1	0	0	1	1	0	0	1	0	S
NMDC20552452	0	0	0	1	0	0	0	0	0	1	0	1	0	0	1	0	0	0	1	0	S
NMDC20554453	0	0	0	0	0	1	0	0	0	1	0	1	0	0	0	1	0	0	1	0	S
NMDC20554450	0	0	0	0	0	0	0	0	0	0	1	1	0	1	1	0	0	0	1	0	S
NMDC20554451	0	0	0	0	0	0	0	0	0	1	0	1	0	0	1	1	0	0	1	0	S
NMDC20556447	0	0	0	0	0	0	0	0	0	0	1	1	0	1	1	0	0	0	1	0	S
NMDC20588323	1	1	1	0	0	0	0	0	0	1	0	1	0	0	1	1	0	0	1	0	S
NMDC20554452	0	0	0	0	0	0	0	0	0	1	1	1	0	0	1	1	0	0	1	0	S
NMDC20588324	0	0	0	0	0	0	0	0	0	0	1	1	0	1	1	0	0	0	1	0	S
NMDC20554454	0	0	0	0	0	0	0	0	0	0	0	0	0	0	1	0	0	0	1	0	S
NMDC20588325	0	0	0	0	0	0	0	0	0	0	1	1	0	1	1	0	0	0	1	0	S
NMDC20588326	0	0	0	0	0	0	0	0	0	1	1	1	0	0	1	1	0	0	1	0	S
NMDC20588327	0	0	0	0	0	0	0	0	0	1	1	1	0	0	1	1	0	0	1	0	S
NMDC20588328	0	0	0	0	0	0	0	0	0	1	0	1	0	0	1	1	0	0	1	0	S
NMDC20554456	0	0	0	0	0	0	0	0	0	0	1	1	0	1	1	0	0	0	1	0	S
NMDC20558472	0	0	0	0	0	0	0	0	0	0	1	1	0	1	1	0	0	0	1	0	S
NMDC20558471	0	0	0	0	0	0	0	0	0	0	1	1	0	1	1	0	0	0	1	0	S
NMDC20554457	0	0	0	0	0	0	0	0	0	0	1	1	0	1	1	0	0	0	1	0	S
NMDC20554458	0	0	0	0	0	0	0	0	0	0	1	1	0	1	1	0	0	0	1	0	S
NMDC20552456	0	0	0	0	0	0	0	0	0	0	1	1	0	1	1	0	0	0	1	0	S
NMDC20556448	0	0	0	0	0	0	0	0	0	0	1	1	0	1	1	0	0	0	1	0	S
NMDC20588330	0	0	0	0	0	0	0	0	0	0	1	1	0	1	1	0	0	0	1	0	S
NMDC20588331	0	0	0	0	0	0	0	0	0	0	1	1	0	1	1	0	0	0	1	0	S
NMDC20552457	0	0	0	0	0	0	0	0	0	0	1	1	0	1	1	0	0	0	1	0	S
NMDC20588332	0	0	0	0	0	0	0	0	0	0	1	1	0	1	1	0	0	0	1	0	S
NMDC20588333	0	0	0	0	0	0	0	0	0	0	1	1	0	1	1	0	0	0	1	0	S
NMDC20558473	0	0	0	0	0	0	0	0	0	0	1	1	0	1	1	0	0	0	1	0	S
NMDC20558474	0	0	0	0	0	0	0	0	0	0	1	0	0	0	1	1	0	0	0	0	S
NMDC20588334	0	0	0	0	0	0	0	0	0	1	0	1	0	0	1	1	0	0	1	0	S
NMDC20552459	0	0	0	1	0	0	0	0	0	0	1	1	0	0	1	0	0	0	1	0	S
NMDC20556450	0	0	0	0	0	0	0	0	0	1	0	1	0	0	1	1	0	0	1	0	S
NMDC20588337	0	0	0	0	0	0	0	0	0	1	0	1	0	0	1	1	0	0	1	0	S
NMDC20556451	0	0	0	0	0	0	0	0	0	0	1	1	0	1	1	0	0	0	1	0	S
NMDC20588339	0	0	0	0	0	0	0	0	0	0	1	1	0	1	1	0	0	0	1	0	S
NMDC20588341	0	0	0	0	0	0	0	0	0	0	1	1	0	1	1	0	0	0	1	0	S
NMDC20552461	0	0	0	0	0	0	0	0	0	0	1	1	0	1	1	0	0	0	1	0	S
NMDC20588343	0	0	0	0	0	0	0	0	0	0	1	1	0	1	1	0	0	0	1	0	S
NMDC20588344	0	0	0	0	0	0	0	0	0	0	1	1	0	1	1	0	0	0	1	0	S
NMDC20554462	0	0	0	0	0	0	0	0	0	0	1	1	0	1	1	0	0	0	1	0	S
NMDC20556452	0	0	0	0	1	0	0	0	0	1	0	1	0	0	1	0	0	0	1	0	S
NMDC20554463	0	0	0	0	0	0	0	0	0	0	1	1	0	1	1	0	0	0	1	0	S
NMDC20558475	0	0	0	0	0	0	0	0	0	0	1	1	0	1	1	0	0	0	1	0	S
NMDC20556454	0	0	0	1	0	0	0	0	0	1	0	1	0	0	1	0	0	0	0	0	S
NMDC20554464	0	0	0	0	0	0	0	0	0	0	1	1	0	1	1	0	0	0	1	0	S
NMDC20558476	0	0	0	1	0	0	0	0	0	1	0	1	0	0	1	0	0	0	1	0	S
NMDC20588348	0	0	0	0	0	0	0	0	0	0	1	1	0	1	1	0	0	0	1	0	S
NMDC20588349	0	0	0	0	0	0	0	0	0	1	0	1	0	0	1	1	0	0	1	0	S
NMDC20556456	0	0	0	0	0	0	0	0	0	0	1	1	0	1	1	0	0	0	1	0	S
NMDC20588350	0	0	0	1	0	0	0	0	0	1	0	1	0	0	1	0	0	0	1	0	S
NMDC20554465	0	0	0	0	0	0	0	0	0	1	0	1	0	0	1	1	0	0	1	0	S
NMDC20552463	0	0	0	0	0	0	0	0	0	0	1	1	0	1	1	0	0	0	1	0	S
NMDC20558477	0	0	0	1	0	0	0	0	0	1	0	1	0	0	1	0	0	0	1	0	S
NMDC20588351	0	0	0	0	1	0	0	0	0	1	0	1	0	0	0	0	0	0	1	0	S
NMDC20558481	0	0	0	0	0	0	0	0	0	0	1	1	0	1	1	0	0	0	1	0	S
NMDC20556459	0	0	0	0	0	0	0	0	0	0	1	1	0	1	1	0	0	0	1	0	S
NMDC20552464	0	0	0	1	0	0	0	0	0	0	1	1	0	0	1	0	0	0	0	0	S
NMDC20556460	0	0	0	0	0	0	0	0	0	1	1	1	0	0	1	1	0	0	1	0	S
NMDC20588355	0	0	0	0	0	0	0	0	0	1	0	1	0	0	1	1	0	0	1	0	S
NMDC20556463	0	0	0	0	0	0	0	0	0	0	1	1	0	1	1	0	0	0	1	0	S
NMDC20552465	0	0	0	0	0	0	0	0	0	1	0	1	0	0	1	1	0	0	1	0	S
NMDC20556461	0	0	0	0	0	0	0	0	0	1	0	1	0	0	1	0	0	0	1	0	S
NMDC20558482	0	0	0	0	0	0	0	0	0	0	1	1	0	1	1	0	0	0	1	0	S
NMDC20552466	0	0	0	0	0	0	0	0	0	0	1	1	0	1	1	0	0	0	1	0	S
NMDC20588357	0	0	0	0	0	0	0	0	0	1	0	1	0	0	1	1	0	0	1	0	S
NMDC20588358	0	0	0	0	0	0	0	0	0	0	1	1	0	1	1	0	0	0	1	0	S
NMDC20588359	0	0	0	1	0	0	0	0	0	1	0	1	0	0	1	0	0	0	1	0	S
NMDC20552467	0	0	0	0	0	0	0	0	0	0	1	1	0	1	1	0	0	0	1	0	S
NMDC20558483	0	0	0	0	0	0	0	0	0	0	1	1	0	1	1	0	0	0	1	0	S
NMDC20588362	1	0	0	0	0	0	0	0	0	1	0	1	0	0	1	1	0	0	1	0	S
NMDC20554469	0	0	0	0	0	0	0	0	0	0	1	1	0	1	1	0	0	0	1	0	S
NMDC20588363	0	0	0	0	0	0	0	0	0	0	1	1	0	1	1	0	0	0	1	0	S
NMDC20588364	0	0	0	0	0	0	0	0	0	1	0	1	0	0	1	1	0	0	1	0	S
NMDC20588365	0	0	0	0	0	0	0	0	0	0	1	1	0	1	1	0	0	0	1	0	S
NMDC20552469	0	0	0	1	0	0	0	0	0	1	0	1	0	0	0	0	0	0	1	0	S
NMDC20588366	0	0	0	0	0	0	0	0	0	1	0	1	0	0	1	1	0	0	1	0	S
NMDC20556464	0	0	0	0	0	0	0	0	0	1	0	1	0	0	1	1	0	0	1	0	S
NMDC20558485	0	0	0	1	1	0	0	0	0	1	0	0	0	0	1	1	0	0	0	0	S
NMDC20588369	0	0	0	0	0	0	0	0	0	1	0	1	0	0	0	1	0	0	1	0	S
NMDC20588370	0	0	0	1	0	0	0	0	0	1	0	1	0	0	0	0	0	0	1	0	S
NMDC20554471	0	0	0	0	0	0	0	0	0	0	0	1	0	0	1	0	0	0	1	0	S
NMDC20588372	0	0	0	0	0	0	0	0	0	0	0	1	0	0	1	0	0	0	1	0	S
NMDC20556468	0	0	0	0	0	0	0	0	0	0	1	1	0	1	1	0	0	0	1	0	S
NMDC20552470	0	0	0	0	0	0	0	0	0	0	1	1	0	1	1	0	0	0	1	0	S
NMDC20556469	0	0	0	0	0	0	0	0	0	0	1	1	0	0	1	0	0	0	1	0	S
NMDC20552471	0	0	0	0	0	0	0	0	0	0	1	1	0	0	1	0	0	0	1	0	S
NMDC20558487	0	0	0	1	0	0	0	0	0	1	0	1	0	0	0	0	0	0	1	0	S
NMDC20556470	0	0	0	0	0	0	0	0	0	0	1	1	0	1	1	0	0	0	1	0	S
NMDC20588373	0	0	0	0	0	0	0	0	0	0	1	1	0	1	1	0	0	0	1	0	S
NMDC20558488	0	0	0	0	0	0	0	0	0	1	0	1	0	0	1	1	0	0	1	0	S
NMDC20588374	0	0	0	1	0	0	0	0	0	0	1	1	0	0	1	0	0	0	1	0	S
NMDC20554475	0	0	0	0	0	0	0	0	0	1	0	1	0	0	1	1	0	0	1	0	S
NMDC20554473	0	0	0	0	0	0	0	0	0	0	1	1	0	1	1	0	0	0	1	0	S
NMDC20588377	1	0	0	0	1	0	0	0	0	1	0	1	0	0	1	0	0	0	1	0	S
NMDC20552473	0	0	0	0	0	0	0	0	0	1	1	1	0	0	1	1	0	0	1	0	S
NMDC20588378	0	0	0	0	0	0	0	0	0	0	1	1	0	1	1	0	0	0	1	0	S
NMDC20556471	0	0	0	0	0	0	0	0	0	0	1	1	0	1	1	0	0	0	1	0	S
NMDC20558491	0	1	0	0	0	1	0	0	0	1	0	1	0	0	1	1	0	0	1	0	S
NMDC20554474	0	0	0	0	0	0	0	0	0	1	0	1	0	0	1	1	0	0	1	0	S
NMDC20588381	0	0	0	0	0	0	0	0	0	0	1	1	0	1	1	0	0	0	1	0	S
NMDC20588382	0	0	0	0	0	0	0	0	0	0	1	1	0	1	1	0	0	0	1	0	S
NMDC20556472	0	0	0	0	0	0	0	0	0	0	1	1	0	1	1	0	0	0	1	0	S
NMDC20588383	0	1	0	1	0	0	0	1	0	1	0	1	0	0	1	0	0	0	1	0	S
NMDC20552474	0	0	0	0	0	0	0	0	0	0	1	1	0	1	1	0	0	0	1	0	S
NMDC20552475	0	0	0	0	0	0	0	0	0	0	1	1	0	1	1	0	0	0	1	0	S
NMDC20588385	0	0	0	0	0	0	0	0	0	0	1	1	0	0	1	0	0	0	1	0	S
NMDC20558493	0	0	0	0	0	0	0	0	0	0	1	1	0	1	1	0	0	0	1	0	S
NMDC20556473	0	0	0	0	0	0	0	0	0	0	1	1	0	1	1	0	0	0	1	0	S
NMDC20558494	0	0	0	0	0	0	0	0	0	1	0	0	0	0	1	1	0	0	0	0	S
NMDC20554476	0	0	0	0	0	0	0	0	0	1	0	1	0	0	1	1	0	0	1	0	S
NMDC20552476	0	0	0	0	0	0	0	0	0	0	1	1	0	1	1	0	0	0	1	0	S
NMDC20588388	0	0	0	0	0	0	0	0	0	0	1	1	0	1	1	0	0	0	1	0	S
NMDC20588389	0	0	0	1	0	0	0	0	0	1	0	1	0	0	0	0	0	0	0	0	S
NMDC20556474	0	0	0	0	0	0	0	0	0	1	0	1	0	0	1	0	0	0	0	0	S
NMDC20554478	0	0	0	0	0	0	0	0	0	1	0	0	0	0	1	1	0	0	0	0	S
NMDC20554479	0	0	0	0	0	0	0	0	0	1	0	0	0	0	1	1	0	0	0	0	S
NMDC20588390	0	0	0	0	0	0	0	0	0	0	1	1	0	1	1	0	0	0	1	0	S
NMDC20554481	0	0	0	0	0	0	0	0	0	0	1	1	0	0	1	0	0	0	1	0	S
NMDC20554484	0	0	0	0	0	0	0	0	0	0	1	1	0	1	1	0	0	0	1	0	S
NMDC20552477	0	0	0	0	0	0	0	0	0	0	1	1	0	1	1	0	0	0	1	0	S
NMDC20554482	0	0	0	1	0	0	0	0	0	1	1	1	0	0	1	0	0	0	1	0	S
NMDC20554483	0	0	0	0	0	0	0	0	0	0	1	1	0	1	1	0	0	0	1	0	S
NMDC20588393	0	0	0	1	0	0	0	0	0	1	0	1	0	0	1	0	0	0	1	0	S
NMDC20588394	0	0	0	0	0	0	0	0	0	0	1	1	0	1	1	0	0	0	1	0	S
NMDC20558495	0	0	0	0	0	0	0	0	0	0	1	1	0	1	1	0	0	0	1	0	S
NMDC20588396	1	0	0	0	0	1	0	0	0	1	0	1	0	0	1	1	1	0	1	0	S
NMDC20558496	0	0	0	0	0	0	0	0	0	0	1	1	0	0	1	0	0	0	1	0	S
NMDC20588397	0	0	0	0	0	0	0	0	0	0	1	1	0	1	1	0	0	0	1	0	S
NMDC20554485	0	0	0	0	0	0	0	0	0	0	1	1	0	1	1	0	0	0	1	0	S
NMDC20554486	0	0	0	0	0	0	0	0	0	0	1	1	0	1	1	0	0	0	1	0	S
NMDC20556477	0	0	0	0	0	0	0	0	0	0	1	1	0	1	1	0	0	0	1	0	S
NMDC20588398	0	0	0	0	0	0	0	0	0	0	1	1	0	1	1	0	0	0	1	0	S
NMDC20588399	0	0	0	0	0	0	0	0	0	1	0	1	0	0	1	1	0	0	1	0	S
NMDC20552480	0	0	0	0	0	0	0	0	0	0	1	1	0	1	1	0	0	0	1	0	S
NMDC20588400	0	0	0	0	0	0	0	0	0	0	1	1	0	1	1	0	0	0	1	0	S
NMDC20556478	0	0	0	0	0	0	0	0	0	0	1	1	0	1	1	0	0	0	1	0	S
NMDC20588401	0	0	0	0	0	0	0	0	0	0	1	1	0	1	1	0	0	0	1	0	S
NMDC20558497	0	0	0	0	0	0	0	0	0	0	1	1	0	1	1	0	0	0	1	0	S
NMDC20588403	0	0	0	0	0	0	0	0	0	0	1	1	0	1	1	0	0	0	1	0	S
NMDC20556479	0	0	0	0	0	0	0	0	0	0	0	1	0	0	1	1	0	0	1	0	S
NMDC20588404	0	0	0	0	0	0	0	0	0	0	1	1	0	1	1	0	0	0	1	0	S
NMDC20588405	0	0	0	1	0	0	0	0	0	1	0	1	0	0	1	0	0	0	1	0	S
NMDC20588406	0	0	0	0	0	0	0	0	0	0	1	1	0	1	1	0	0	0	1	0	S
NMDC20588407	0	0	0	0	0	0	0	0	0	1	1	1	0	0	1	1	0	0	1	0	S
NMDC20554488	0	0	0	0	0	0	0	0	0	0	1	1	0	1	1	0	0	0	1	0	S
NMDC20552481	0	0	0	1	0	0	0	0	0	1	0	0	0	0	1	1	0	0	1	0	S
NMDC20556480	0	0	0	0	0	0	0	0	0	0	1	1	0	1	1	0	0	0	1	0	S
NMDC20556481	0	0	0	0	0	0	0	0	0	0	1	1	0	1	1	0	0	0	1	0	S
NMDC20556482	0	0	0	0	0	0	0	0	0	1	0	1	0	0	1	1	0	0	1	0	S
NMDC20554489	0	0	0	0	0	0	0	0	0	0	1	1	0	1	1	0	0	0	1	0	S
NMDC20588410	0	0	0	0	0	0	0	0	0	0	1	1	0	1	1	0	0	0	1	0	S
NMDC20556483	0	0	0	0	0	0	0	0	0	1	0	1	0	0	1	1	0	0	1	0	S
NMDC20588411	0	0	0	0	0	0	0	0	0	0	1	1	0	1	1	0	0	0	1	0	S
NMDC20558499	0	0	0	0	0	0	0	0	0	0	1	1	0	1	1	0	0	0	1	0	S
NMDC20588412	0	0	0	0	0	0	0	0	0	0	1	1	0	1	1	0	0	0	1	0	S
NMDC20588413	0	0	0	0	0	0	0	0	0	0	1	1	0	1	1	0	0	0	1	0	S
NMDC20588414	0	0	0	0	0	0	0	0	0	0	1	1	0	1	1	0	0	0	1	0	S
NMDC20588415	0	0	0	0	0	0	0	0	0	0	1	1	0	1	1	0	0	0	1	0	S
NMDC20588416	0	0	0	1	0	0	0	0	0	1	0	0	0	0	1	1	0	0	1	0	S
NMDC20588418	0	0	0	0	0	0	0	0	0	0	1	1	0	1	1	0	0	0	1	0	S
NMDC20554492	0	0	0	0	0	0	0	0	0	0	1	1	0	1	1	0	0	0	1	0	S
NMDC20588419	0	0	0	0	0	0	0	0	0	0	1	1	0	1	1	0	0	0	1	0	S
NMDC20554493	0	0	0	1	0	0	0	0	0	1	0	1	0	0	1	0	0	0	1	0	S
NMDC20588421	0	0	0	0	0	0	0	0	0	1	0	1	0	0	1	1	0	0	1	0	S
NMDC20588423	0	0	0	0	0	0	0	0	0	1	0	1	0	0	1	0	0	0	0	0	S
NMDC20552484	0	0	0	0	0	0	0	0	0	1	0	1	0	0	1	1	0	0	1	0	S
NMDC20588424	0	0	0	0	0	0	0	0	0	1	0	1	0	0	1	1	0	0	1	0	S
NMDC20558500	0	0	0	0	0	0	0	0	0	1	0	1	0	0	1	1	0	0	1	0	S
NMDC20554494	0	0	0	0	0	0	0	0	0	0	1	1	0	1	1	0	0	0	1	0	S
NMDC20552486	0	0	0	0	0	0	0	0	0	1	0	1	0	0	1	1	0	0	1	0	S
NMDC20552487	0	0	0	0	0	0	0	0	0	1	0	1	0	0	1	1	0	0	1	0	S
NMDC20552488	0	0	0	0	0	0	0	0	0	0	0	1	0	0	1	1	0	0	1	0	S
NMDC20588426	0	0	0	1	0	0	0	0	0	1	0	1	0	0	1	0	0	0	1	0	S
NMDC20558502	0	0	0	0	0	0	0	0	0	1	1	1	0	0	1	1	0	0	1	0	S
NMDC20558503	0	0	0	0	0	0	0	0	0	1	1	1	0	0	1	1	0	0	1	0	S
NMDC20552491	0	0	0	0	1	0	0	0	0	1	0	0	0	0	0	0	0	0	1	0	S
NMDC20552489	0	0	0	0	0	0	0	0	0	0	1	1	0	1	1	0	0	0	1	0	S
NMDC20556487	0	0	0	0	0	0	0	0	0	0	1	1	0	0	1	0	0	0	1	0	S
NMDC20556488	0	0	0	0	0	0	0	0	0	0	1	1	0	1	1	0	0	0	1	0	S
NMDC20588430	0	0	0	0	0	0	0	0	0	0	1	1	0	1	1	0	0	0	1	0	S
NMDC20552490	0	0	0	1	0	0	0	0	0	1	0	1	0	0	1	0	0	0	1	0	S
NMDC20588431	0	0	0	1	1	0	0	0	0	1	0	0	0	0	1	1	0	0	0	0	S
NMDC20588432	0	0	0	0	0	0	0	0	0	1	0	1	0	0	1	1	0	0	1	0	S
NMDC20588433	0	0	0	0	0	0	0	0	0	0	1	1	0	0	1	0	0	0	1	0	S
NMDC20554496	0	0	0	0	0	0	0	0	0	1	0	1	0	0	1	0	0	0	0	0	S
NMDC20554497	0	0	0	1	0	0	0	0	0	1	0	1	0	0	0	0	0	0	1	0	S
NMDC20588435	0	0	0	0	0	0	0	0	0	1	0	1	0	0	1	1	0	0	1	0	S
NMDC20554499	0	1	0	1	0	0	0	0	0	0	1	1	0	0	1	0	0	1	0	0	S
NMDC20588436	0	0	0	0	0	0	0	0	0	1	0	1	0	0	1	1	0	0	1	0	S
NMDC20554501	0	0	0	0	0	0	0	0	0	0	1	1	0	1	1	0	0	0	1	0	S
NMDC20558506	0	0	0	0	0	0	0	0	0	1	0	1	0	0	1	1	0	0	1	0	S
NMDC20552493	0	0	0	0	0	0	0	0	0	1	1	1	0	0	1	1	0	0	1	0	S
NMDC20588437	0	0	0	0	1	0	0	0	0	1	0	1	0	0	1	0	0	0	1	0	S
NMDC20556489	1	0	0	0	0	0	0	0	0	1	0	1	0	0	1	1	1	0	1	0	S
NMDC20588438	0	0	0	0	0	0	0	0	0	1	0	1	0	0	1	1	0	0	1	0	S
NMDC20552494	0	0	0	0	0	0	0	0	0	1	0	1	0	0	1	1	0	0	1	0	S
NMDC20554500	0	0	0	0	0	0	0	0	0	1	0	1	0	0	1	1	0	0	1	0	S
NMDC20558507	1	1	0	1	0	0	0	0	0	1	0	1	0	0	1	0	0	0	1	0	S
NMDC20556491	0	0	0	0	0	0	0	0	0	0	1	1	0	1	1	0	0	0	1	0	S
NMDC20558508	0	0	0	0	0	0	0	0	0	0	1	1	0	1	1	0	0	0	1	0	S
NMDC20552496	0	0	0	0	0	0	0	0	0	0	1	1	0	1	1	0	0	0	1	0	S
NMDC20552497	1	0	0	0	0	0	0	0	0	1	0	1	0	0	1	1	0	0	1	0	S
NMDC20556490	0	0	0	0	0	0	0	0	0	0	1	1	0	1	1	0	0	0	1	0	S
NMDC20554503	0	0	0	0	0	0	0	0	0	0	1	1	0	1	1	0	0	0	1	0	S
NMDC20558509	0	0	0	0	0	0	0	0	0	1	0	1	0	0	1	1	0	0	1	0	S
NMDC20554504	0	0	0	0	0	0	0	0	0	0	1	1	0	1	1	0	0	0	1	0	S
NMDC20588441	0	0	0	0	0	0	0	0	0	0	1	1	0	1	1	0	0	0	1	0	S
NMDC20558510	0	0	0	0	0	0	0	0	0	1	0	1	0	0	1	1	0	0	1	0	S
NMDC20552499	0	0	0	0	0	0	0	0	0	1	0	1	0	0	1	1	0	0	1	0	S
NMDC20552500	0	0	0	0	0	0	0	0	0	0	1	1	0	1	1	0	0	0	1	0	S
NMDC20556492	0	0	0	0	0	0	0	0	0	0	1	1	0	1	1	0	0	0	1	0	S
NMDC20554508	0	0	0	0	0	0	0	0	0	0	0	0	0	0	1	0	0	0	1	0	S
NMDC20554505	0	0	0	1	0	0	0	0	0	1	0	1	0	0	1	0	0	0	1	0	S
NMDC20588444	0	0	0	0	0	0	0	0	0	0	1	1	0	1	1	0	0	0	1	0	S
NMDC20588445	0	0	0	0	0	0	0	0	0	1	0	1	0	0	1	0	0	0	1	0	S
NMDC20554507	0	0	0	0	0	0	0	0	0	1	0	1	0	0	1	1	0	0	1	0	S
NMDC20556494	0	0	0	0	0	0	0	0	0	1	0	1	0	0	1	1	0	0	1	0	S
NMDC20588446	0	0	0	0	0	0	0	0	0	1	0	1	0	0	1	1	0	0	1	0	S
NMDC20588447	0	0	0	0	0	0	0	0	0	0	1	1	0	0	1	0	0	0	1	0	S
NMDC20588448	0	0	0	0	0	0	0	0	0	0	1	1	0	1	1	0	0	0	1	0	S
NMDC20588449	0	0	0	1	0	0	0	0	0	1	0	1	0	0	1	0	0	0	1	0	S
NMDC20552501	0	0	0	0	0	0	0	0	0	1	0	1	0	0	1	1	0	0	1	0	S
NMDC20556495	0	0	0	0	0	0	0	0	0	0	1	1	0	1	1	0	0	0	1	0	S
NMDC20552502	0	0	0	0	0	0	0	0	0	0	1	1	0	1	1	0	0	0	1	0	S
NMDC20588451	0	0	0	0	0	0	0	0	0	0	1	1	0	0	1	0	0	0	1	0	S
NMDC20588453	0	0	0	0	0	0	0	0	0	0	1	1	0	1	1	0	0	0	1	0	S
NMDC20552505	0	0	0	0	0	0	0	0	0	0	1	1	0	1	1	0	0	0	1	0	S
NMDC20552506	0	0	0	0	0	0	0	0	0	0	1	1	0	1	1	0	0	0	1	0	S
NMDC20556496	0	0	0	0	0	0	0	0	0	0	1	1	0	1	1	0	0	0	1	0	S
NMDC20552507	0	0	0	0	0	0	0	0	0	0	1	1	0	1	1	0	0	0	1	0	S
NMDC20554510	0	0	0	0	0	0	0	0	0	0	1	1	0	1	1	0	0	0	1	0	S
NMDC20588454	0	0	0	0	0	0	0	0	0	0	1	1	0	1	1	0	0	0	1	0	S
NMDC20556499	0	0	0	0	0	0	0	0	0	1	0	1	0	0	1	1	0	0	1	0	S
NMDC20588455	0	0	0	0	0	0	0	0	0	0	1	1	0	1	1	0	0	0	1	0	S
NMDC20556498	1	1	0	1	0	0	0	0	0	1	0	0	0	0	1	1	0	0	1	0	S
NMDC20554511	0	0	0	0	0	0	0	0	0	1	0	1	0	0	1	1	0	0	1	0	S
NMDC20588456	0	0	0	1	0	0	0	0	0	0	1	1	0	0	1	0	0	0	1	0	S
NMDC20588457	0	0	0	0	0	0	0	0	0	0	1	1	0	1	1	0	0	0	1	0	S
NMDC20554513	0	0	0	0	0	0	0	0	0	0	1	1	0	1	1	0	0	0	1	0	S
NMDC20554514	0	0	0	0	0	0	0	0	0	1	0	1	0	0	1	1	0	0	1	0	S
NMDC20588460	0	0	0	0	0	0	0	0	0	0	1	1	0	1	1	0	0	0	1	0	S
NMDC20558517	0	0	0	0	0	0	0	0	0	1	0	1	0	0	1	1	0	0	1	0	S
NMDC20588461	0	0	0	0	0	0	0	0	0	1	0	1	0	0	1	1	0	0	1	0	S
NMDC20554515	0	0	0	0	0	0	0	0	0	1	0	1	0	0	1	1	0	0	1	0	S
NMDC20588462	0	0	0	1	0	0	0	0	0	0	1	1	0	0	1	0	0	0	1	0	S
NMDC20554516	0	0	0	1	1	0	0	0	0	1	0	0	0	0	1	1	0	0	0	0	S
NMDC20588464	0	0	0	0	0	0	0	0	0	0	1	1	0	1	1	0	0	0	1	0	S
NMDC20552512	0	0	0	0	0	0	0	0	0	0	1	1	0	0	1	0	0	0	1	0	S
NMDC20588465	0	0	0	1	0	0	0	0	0	0	1	1	0	0	1	0	0	0	1	0	S
NMDC20552514	0	0	0	0	0	0	0	0	0	0	1	1	0	0	1	0	0	0	1	0	S
NMDC20588468	0	0	0	0	0	1	0	0	0	1	0	1	0	0	1	1	0	0	1	0	S
NMDC20552515	0	0	0	0	0	0	0	0	0	1	0	1	0	0	1	1	0	0	1	0	S
NMDC20558520	0	0	0	0	0	0	0	0	0	1	0	1	0	0	1	1	0	0	1	0	S
NMDC20588472	0	0	0	1	1	0	0	0	0	1	0	0	0	0	1	1	0	0	0	0	S
NMDC20558519	0	0	0	0	0	0	0	0	0	1	0	1	0	0	1	1	0	0	1	0	S
NMDC20588473	0	0	0	0	0	0	0	0	0	1	0	1	0	0	1	1	0	0	1	0	S
NMDC20556507	0	0	0	0	0	0	0	0	0	1	0	1	0	0	1	1	0	0	1	0	S
NMDC20554518	0	0	0	0	0	0	0	0	0	0	1	1	0	1	1	0	0	0	1	0	S
NMDC20588476	0	0	0	0	0	0	0	0	0	0	1	1	0	1	1	0	0	0	1	0	S
NMDC20552518	0	0	0	0	0	0	0	0	0	1	0	1	0	0	1	1	0	0	1	0	S
NMDC20554519	1	0	0	0	0	0	0	0	0	0	1	1	0	1	1	0	0	0	1	0	S
NMDC20554520	0	0	0	0	0	0	0	0	0	0	1	1	0	1	1	0	0	0	1	0	S
NMDC20558522	0	0	0	0	0	0	0	0	0	0	1	1	0	0	1	0	0	0	1	0	S
NMDC20556506	0	0	0	0	0	0	0	0	0	1	0	1	0	0	1	1	0	0	1	0	S
NMDC20588478	0	0	0	0	0	0	0	0	0	1	0	1	0	0	1	1	0	0	1	0	S
NMDC20558525	0	0	0	0	0	0	0	0	0	1	0	1	0	0	1	1	0	0	1	0	S
NMDC20588479	0	0	0	0	0	0	0	0	0	0	1	1	0	0	1	0	0	0	1	0	S
NMDC20554521	0	0	0	0	0	0	0	0	0	1	0	1	0	0	1	1	0	0	1	0	S
NMDC20558529	0	0	0	0	0	0	0	0	0	1	0	1	0	0	1	1	0	0	1	0	S
NMDC20552520	1	0	0	0	0	0	0	0	0	1	0	1	0	0	1	1	0	0	1	0	S
NMDC20554522	1	0	0	1	0	0	0	0	0	0	1	1	0	0	1	0	1	0	1	0	S
NMDC20552524	0	0	0	0	0	0	0	0	0	0	1	1	0	1	1	0	0	0	1	0	S
NMDC20552523	0	0	0	0	0	0	0	0	0	0	1	1	0	1	1	0	0	0	1	0	S
NMDC20554523	0	0	0	0	0	0	0	0	0	0	1	1	0	1	1	0	0	0	1	0	S
NMDC20588483	0	0	0	0	0	0	0	0	0	1	0	1	0	0	1	1	0	0	1	0	S
NMDC20554524	0	0	0	0	0	0	0	0	0	1	0	1	0	0	1	1	0	0	1	0	S
NMDC20554525	0	0	0	1	0	0	0	0	0	1	0	1	0	0	1	0	0	0	1	0	S
NMDC20556509	0	0	0	0	0	0	0	0	0	0	1	1	0	1	1	0	0	0	1	0	S
NMDC20588485	1	0	0	0	0	0	0	0	0	0	1	1	0	1	1	0	0	0	1	0	S
NMDC20556510	0	0	0	0	0	0	0	0	0	1	0	1	0	0	1	1	0	0	1	0	S
NMDC20554528	0	0	0	0	0	0	0	0	0	0	1	1	0	1	1	0	0	0	1	0	S
NMDC20556511	0	0	0	1	1	0	0	0	0	1	0	0	0	0	1	1	0	0	0	0	S
NMDC20554526	0	0	0	0	0	0	0	0	0	1	0	1	0	0	1	1	0	0	1	0	S
NMDC20588486	0	0	0	0	0	0	0	0	0	0	1	1	0	1	1	0	0	0	1	0	S
NMDC20556513	1	0	0	0	1	0	0	0	0	1	0	1	0	0	1	0	0	0	1	0	S
NMDC20552525	0	0	0	0	0	0	0	0	0	0	1	1	0	1	1	0	0	0	1	0	S
NMDC20552528	0	0	0	0	0	0	0	0	0	0	1	1	0	1	1	0	0	0	1	0	S
NMDC20588489	0	0	0	0	0	0	0	0	0	1	0	1	0	0	1	1	0	0	1	0	S
NMDC20552526	0	0	0	0	0	0	0	0	0	0	1	1	0	1	1	0	0	0	1	0	S
NMDC20556516	0	1	0	1	0	0	0	1	0	1	0	1	0	0	1	0	0	0	1	0	S
NMDC20588491	0	0	0	0	0	0	0	0	0	1	0	1	0	0	1	0	0	0	1	0	S
NMDC20588493	0	0	0	0	0	0	0	0	0	1	0	1	0	0	1	0	0	0	1	0	S
NMDC20588494	0	0	0	0	0	0	0	0	0	0	1	1	0	1	1	0	0	0	1	0	S
NMDC20558530	0	0	0	0	0	0	0	0	0	1	0	1	0	0	1	1	0	0	1	0	S
NMDC20558531	0	0	0	0	0	0	0	0	0	1	0	1	0	0	1	1	0	0	1	0	S
NMDC20588496	0	0	0	0	0	0	0	0	0	1	0	1	0	0	1	1	0	0	1	0	S
NMDC20556519	0	0	0	0	0	0	0	0	0	1	0	1	0	0	1	1	0	0	1	0	S
NMDC20588497	0	0	0	0	0	0	0	0	0	1	0	1	0	0	1	1	0	0	1	0	S
NMDC20556520	0	0	0	0	0	0	0	0	0	1	0	1	0	0	1	1	0	0	1	0	S
NMDC20554529	0	0	0	0	0	0	0	0	0	1	0	1	0	0	1	1	0	0	1	0	S
NMDC20556523	1	0	0	0	0	0	0	0	0	1	0	1	0	0	1	1	0	0	1	0	S
NMDC20552529	0	0	0	0	0	0	0	0	0	1	0	1	0	0	1	1	0	0	1	0	S
NMDC20556521	0	0	0	0	0	0	0	0	0	1	0	1	0	0	1	1	0	0	1	0	S
NMDC20556522	0	0	0	0	0	0	0	0	0	0	1	1	0	1	1	0	0	0	1	0	S
NMDC20588500	0	0	0	0	0	0	0	0	0	1	0	1	0	0	1	1	0	0	1	0	S
NMDC20588501	0	0	0	0	0	0	0	0	0	1	0	1	0	0	1	1	0	0	1	0	S
NMDC20588502	0	0	0	0	0	0	0	0	0	1	0	1	0	0	1	1	0	0	1	0	S
NMDC20552532	0	0	0	0	0	0	0	0	0	1	0	1	0	0	1	1	0	0	1	0	S
NMDC20588503	0	0	0	0	0	0	0	0	0	1	0	1	0	0	1	1	0	0	1	0	S
NMDC20588504	0	0	0	0	0	0	0	0	0	1	0	1	0	0	1	1	0	0	1	0	S
NMDC20558536	0	0	0	0	0	0	0	0	0	1	0	1	0	0	1	1	0	0	1	0	S
NMDC20556527	0	0	0	0	0	0	0	0	0	0	1	1	0	1	1	0	0	0	1	0	S
NMDC20588505	0	1	0	1	0	0	0	1	0	1	0	1	0	0	1	0	0	0	1	0	S
NMDC20558533	0	0	0	0	0	0	0	0	0	0	1	1	0	1	1	0	0	0	1	0	S
NMDC20558534	0	0	0	0	0	0	0	0	0	1	0	1	0	0	1	1	0	0	1	0	S
NMDC20552535	0	0	0	1	1	0	0	0	0	1	0	0	0	0	1	1	0	0	1	0	S
NMDC20552536	1	0	0	0	0	0	0	0	0	1	0	1	0	0	1	1	0	0	1	0	S
NMDC20556528	0	0	0	0	0	0	0	0	0	0	1	1	0	1	1	0	0	0	1	0	S
NMDC20588508	1	0	0	0	0	1	0	0	0	1	0	1	0	0	1	1	1	0	1	0	S
NMDC20556529	0	0	0	0	0	0	0	0	0	1	0	1	0	0	1	1	0	0	1	0	S
NMDC20556530	0	0	0	0	0	0	0	0	0	0	1	1	0	1	1	0	0	0	1	0	S
NMDC20558537	0	1	0	1	0	0	0	1	0	1	0	1	0	0	1	0	0	0	1	0	S
NMDC20588511	0	0	0	1	0	0	0	0	0	0	0	1	0	0	1	0	0	0	0	0	S
NMDC20554536	1	1	0	0	0	1	0	0	0	1	0	1	0	0	1	1	0	0	1	0	S
NMDC20588514	0	0	0	1	0	0	0	0	0	0	1	1	0	0	1	0	0	0	1	0	S
NMDC20552541	0	0	0	0	0	0	0	0	0	0	1	1	0	1	1	0	0	0	1	0	S
NMDC20554537	0	0	0	0	0	0	0	0	0	0	1	1	0	1	1	0	0	0	1	0	S
NMDC20588516	0	0	0	0	0	0	0	0	0	0	1	1	0	1	1	0	0	0	1	0	S
NMDC20554538	0	0	0	0	0	0	0	0	0	0	1	1	0	1	1	0	0	0	1	0	S
NMDC20552542	0	0	0	0	0	0	0	0	0	1	0	1	0	0	1	1	0	0	1	0	S
NMDC20558538	0	0	0	0	0	0	0	0	0	0	1	1	0	1	1	0	0	0	1	0	S
NMDC20558539	0	0	0	0	0	0	0	0	0	1	0	1	0	0	1	1	0	0	1	0	S
NMDC20554543	0	0	0	0	0	0	0	0	0	1	0	1	0	0	1	1	0	0	1	0	S
NMDC20554544	0	0	0	0	0	0	0	0	0	1	0	1	0	0	1	1	0	0	1	0	S
NMDC20588518	0	0	0	0	0	0	0	0	0	1	0	1	0	0	1	1	0	0	1	0	S
NMDC20588520	0	0	0	0	0	0	0	0	0	0	0	1	0	0	1	0	0	0	0	0	S
NMDC20588521	0	0	0	0	0	0	0	0	0	1	0	1	0	0	1	1	0	0	1	0	S
NMDC20552543	0	0	0	0	0	0	0	0	0	1	0	1	0	0	1	1	0	0	1	0	S
NMDC20588522	0	1	0	1	0	0	0	0	0	1	0	1	0	0	1	0	0	0	1	0	S
NMDC20588523	0	0	0	0	0	0	0	0	0	1	0	1	0	0	1	1	0	0	1	0	S
NMDC20588524	0	0	0	0	0	0	0	0	0	1	0	1	0	0	1	1	0	0	1	0	S
NMDC20556533	0	0	0	0	0	0	0	0	0	0	1	1	0	1	1	0	0	0	1	0	S
NMDC20552546	1	0	0	0	0	0	0	0	0	1	0	1	0	0	1	1	0	0	1	0	S
NMDC20588528	0	0	0	1	0	0	0	0	0	1	0	1	0	0	1	0	0	0	1	0	S
NMDC20556534	0	0	0	1	0	0	0	0	0	1	0	1	0	0	1	1	0	0	1	0	S
NMDC20554548	0	0	0	0	0	0	0	0	0	1	0	1	0	0	1	1	0	0	1	0	S
NMDC20558544	1	0	0	0	0	0	0	0	0	1	0	1	0	0	0	1	1	0	1	0	S
NMDC20588531	1	0	0	0	0	0	0	0	0	1	0	1	0	0	0	1	1	0	1	0	S
NMDC20556535	0	0	0	1	0	0	0	0	0	1	0	1	0	0	1	1	0	0	1	0	S
NMDC20588532	0	0	0	0	0	0	0	0	0	1	0	1	0	0	1	1	0	0	1	0	S
NMDC20588533	0	0	0	0	0	0	0	0	0	1	0	1	0	0	1	1	0	0	1	0	S
NMDC20556536	0	0	0	1	0	0	0	0	0	1	0	1	0	0	1	0	0	0	0	0	S
NMDC20558547	0	0	0	0	0	0	0	0	0	1	0	1	0	0	1	1	0	0	1	0	S
NMDC20554550	0	0	0	1	0	0	0	0	0	0	1	1	0	0	1	0	0	0	1	0	S
NMDC20552549	1	0	0	0	0	0	0	0	0	1	0	1	0	0	1	1	0	0	1	0	S
NMDC20558549	0	0	0	0	0	0	0	0	0	1	0	1	0	0	0	1	0	0	1	0	S
NMDC20588536	0	0	0	0	0	0	0	0	0	1	0	1	0	0	1	1	0	0	1	0	S
NMDC20588537	1	0	0	0	0	0	0	0	0	1	0	1	0	0	1	1	1	0	1	0	S
NMDC20588538	0	0	0	1	0	0	0	0	0	1	0	1	0	0	1	1	0	0	1	0	S
NMDC20556538	1	0	0	0	0	0	0	0	0	1	0	1	0	0	0	1	1	0	1	0	S
NMDC20554551	0	0	0	1	0	0	0	0	0	0	1	1	0	0	1	0	0	0	1	0	S
NMDC20588539	0	0	0	0	0	0	0	0	0	1	0	1	0	0	1	1	0	0	1	0	S
NMDC20558551	0	0	0	0	0	0	0	0	0	1	0	1	0	0	1	1	0	0	1	0	S
NMDC20556542	0	0	0	0	0	0	0	0	0	1	0	1	0	0	1	1	0	0	1	0	S
NMDC20556543	1	0	0	0	1	0	0	0	0	1	0	1	0	0	1	0	0	0	1	0	S
NMDC20588547	0	0	0	0	0	0	0	0	0	0	1	1	0	1	1	0	0	0	1	0	S
NMDC20554553	0	0	0	0	0	0	0	0	0	1	0	1	0	0	1	1	0	0	1	0	S
NMDC20558553	0	0	0	0	0	0	0	0	0	1	0	1	0	0	1	1	0	0	1	0	S
NMDC20556545	0	0	0	0	0	0	0	0	0	1	0	1	0	0	1	1	0	0	1	0	S
NMDC20554554	0	0	0	0	0	0	0	0	0	1	0	1	0	0	1	1	0	0	1	0	S
NMDC20558554	0	0	0	0	0	0	0	0	0	1	0	1	0	0	1	1	0	0	1	0	S
NMDC20588550	0	0	0	0	0	0	0	0	0	1	0	1	0	0	1	1	0	0	1	0	S
NMDC20588551	1	1	0	0	0	0	0	0	0	1	0	1	0	0	1	1	0	0	1	0	S
NMDC20554555	0	0	0	0	0	0	0	0	0	1	0	1	0	0	1	1	0	0	1	0	S
NMDC20588552	0	0	0	0	0	0	0	0	0	1	0	1	0	0	1	1	0	0	1	0	S
NMDC20556546	0	0	0	0	0	0	0	0	0	1	0	1	0	0	1	1	0	0	1	0	S
NMDC20556548	0	0	0	0	0	0	0	0	0	1	0	1	0	0	1	1	0	0	1	0	S
NMDC20554556	1	1	0	0	0	0	0	0	0	1	0	1	0	0	1	1	0	0	1	0	S
NMDC20552552	0	0	0	0	0	0	0	0	0	0	1	1	0	1	1	0	0	0	1	0	S
NMDC20552553	0	0	0	0	0	0	0	0	0	0	1	1	0	1	1	0	0	0	1	0	S
NMDC20552554	0	0	0	0	0	0	0	0	0	0	1	1	0	1	1	0	0	0	1	0	S
NMDC20558555	0	0	0	0	0	0	0	0	0	1	0	1	0	0	1	1	0	0	1	0	S
NMDC20556551	0	0	0	0	0	0	0	0	0	0	0	1	0	0	1	0	0	0	1	0	S
NMDC20558557	1	0	0	0	0	0	0	0	0	1	0	1	0	0	1	1	0	0	1	0	S
NMDC20558558	0	0	0	0	0	0	0	0	0	0	1	1	0	1	1	0	0	0	1	0	S
NMDC20556550	0	0	0	0	0	0	0	0	0	0	1	1	0	1	1	0	0	0	1	0	S
NMDC20588561	0	0	0	1	0	0	0	0	0	1	0	1	0	0	1	0	0	0	0	0	S
NMDC20588562	0	0	0	0	0	0	0	0	0	1	0	1	0	0	1	1	0	0	1	0	S
NMDC20558559	0	0	0	0	0	0	0	0	0	1	0	1	0	0	1	1	0	0	1	0	S
NMDC20556552	0	0	0	0	0	0	0	0	0	1	0	1	0	0	1	1	0	0	1	0	S
NMDC20554558	0	0	0	0	0	0	0	0	0	1	0	1	0	0	1	1	0	0	1	0	S
NMDC20588563	1	1	0	0	0	0	0	0	0	1	0	1	0	0	1	1	0	0	1	0	S
NMDC20554559	0	0	0	0	0	0	0	0	0	0	1	1	0	1	1	0	0	0	1	0	S
NMDC20554560	1	1	0	0	0	0	0	0	0	1	0	1	0	0	1	1	0	0	1	0	S
NMDC20558561	1	1	0	0	0	0	0	0	0	1	0	1	0	0	1	1	0	0	1	0	S
NMDC20554561	1	0	0	0	0	0	0	0	0	1	0	1	0	0	1	1	1	0	1	0	S
NMDC20588566	1	0	0	0	0	0	1	0	0	1	0	1	0	0	1	1	0	0	1	0	S
NMDC20588567	1	0	0	0	0	1	0	0	0	1	0	1	0	0	1	1	0	0	1	0	S
NMDC20556556	0	0	0	0	1	0	0	0	0	0	0	0	0	0	1	0	0	0	1	0	S
NMDC20552563	0	0	0	0	0	0	0	0	0	0	1	1	0	1	1	0	0	0	1	0	S
NMDC20554562	0	0	0	0	0	0	0	0	0	0	1	1	0	1	1	0	0	0	1	0	S
NMDC20588569	0	0	0	1	0	0	0	0	0	1	0	1	0	0	0	0	0	0	1	0	S
NMDC20558563	0	0	0	0	1	0	0	0	0	1	0	1	0	0	1	0	0	0	1	0	S
NMDC20588573	0	0	0	1	0	0	0	0	0	1	0	1	0	0	1	0	0	0	1	0	S
NMDC20558567	0	0	0	1	1	0	0	0	0	1	0	0	0	0	1	1	0	0	0	0	S
NMDC20552564	0	0	0	1	1	0	0	0	0	1	0	0	0	0	1	1	0	0	0	0	S
NMDC20558568	0	0	0	1	1	0	0	0	0	1	0	0	0	0	1	1	0	0	0	0	S
NMDC20552565	0	0	0	1	1	0	0	0	0	1	0	0	0	0	1	1	0	0	0	0	S
NMDC20556559	0	0	0	0	0	0	0	0	0	1	0	1	0	0	0	1	0	0	1	0	S
NMDC20558569	0	0	0	0	0	0	0	0	0	1	0	1	0	0	1	1	0	0	1	0	S
NMDC20554566	0	0	0	0	0	0	0	0	0	0	0	1	0	0	1	0	0	0	1	0	S
NMDC20588575	0	0	0	1	0	0	0	0	0	1	0	1	0	0	1	0	0	0	1	0	S
NMDC20558570	0	0	0	1	0	0	0	0	0	1	0	0	0	0	0	1	0	0	1	0	S
NMDC20556561	0	0	0	0	0	0	0	0	0	0	1	1	0	1	1	0	0	0	1	0	S
NMDC20554569	0	0	0	0	0	0	0	0	0	0	1	1	0	1	1	0	0	0	1	0	S
NMDC20552567	0	0	0	0	0	0	0	0	0	0	1	1	0	1	1	0	0	0	1	0	S
NMDC20588578	0	0	0	0	0	0	0	0	0	0	1	1	0	0	1	0	0	0	1	0	S
NMDC20552568	0	0	0	0	0	0	0	0	0	1	0	1	0	0	1	1	0	0	1	0	S
NMDC20588580	0	0	0	0	0	0	0	0	0	0	1	1	0	1	1	0	0	0	1	0	S
NMDC20588583	0	0	0	1	0	0	0	0	0	1	0	1	0	0	1	0	0	0	1	0	S
NMDC20588584	0	0	0	1	0	0	0	0	0	1	0	1	0	0	1	0	0	0	1	0	S
NMDC20588585	0	0	0	1	0	0	0	0	0	1	0	1	0	0	1	0	0	0	1	0	S
NMDC20588586	0	0	0	1	0	0	0	0	0	1	0	1	0	0	0	0	0	0	1	0	S
NMDC20588588	1	0	0	1	0	0	0	0	0	1	0	1	0	0	1	0	0	0	1	0	S
NMDC20588589	0	0	0	1	0	0	0	0	0	0	1	1	0	0	1	0	0	0	0	0	S
NMDC20552569	0	0	0	1	0	0	0	0	0	0	1	1	0	0	1	0	0	0	1	0	S
NMDC20554571	0	0	0	1	0	0	0	0	0	1	0	1	0	0	0	0	0	0	1	0	S
NMDC20588595	0	0	0	1	0	0	0	0	0	0	1	1	0	0	1	0	0	0	0	0	S
NMDC20588600	0	0	0	1	0	0	0	0	0	0	1	1	0	0	1	0	0	0	0	0	S
NMDC20588602	0	0	0	1	0	0	0	0	0	0	1	1	0	0	1	0	0	0	0	0	S
NMDC20588604	0	0	0	1	0	0	0	0	0	1	0	1	0	0	0	0	0	0	1	0	S
NMDC20588607	0	1	0	1	0	0	0	0	0	0	1	1	0	0	1	0	0	0	1	0	S
NMDC20556565	0	0	0	1	0	0	0	0	0	0	1	1	0	0	1	0	0	0	0	0	S
NMDC20588614	0	1	0	1	0	0	0	1	0	1	0	1	0	0	1	0	0	0	1	0	S
NMDC20554572	0	0	0	0	0	0	0	0	0	1	1	1	0	0	1	1	0	0	1	0	S
NMDC20588621	0	0	0	0	0	0	0	0	0	1	0	1	0	0	1	1	0	0	1	0	S
NMDC20552574	1	0	0	0	0	0	0	0	0	1	0	1	0	0	1	1	1	0	1	0	S
NMDC20558573	0	0	0	0	0	0	0	0	0	1	0	1	0	0	1	1	0	0	1	0	S
NMDC20554573	0	0	0	0	0	0	0	0	0	1	0	1	0	0	1	1	0	0	1	0	S
NMDC20588623	1	0	0	0	0	0	0	0	0	1	0	1	0	0	1	1	0	0	1	0	S
NMDC20588625	0	0	0	0	0	0	0	0	0	0	0	0	0	0	1	0	0	0	1	0	S
NMDC20552575	0	0	0	0	0	0	0	0	0	1	0	1	0	0	1	0	0	0	1	0	S
NMDC20554574	0	0	0	0	0	0	0	0	0	1	0	1	0	0	1	1	0	0	1	0	S
NMDC20554575	0	0	0	0	0	0	0	0	0	1	0	1	0	0	1	0	0	0	1	0	S
NMDC20588626	0	0	0	0	0	0	0	0	0	1	0	1	0	0	1	1	0	0	1	0	S
NMDC20588627	0	0	0	0	0	0	0	0	0	1	0	1	0	0	1	1	0	0	1	0	S
NMDC20556569	0	0	0	0	0	0	0	0	0	1	0	1	0	0	1	1	0	0	1	0	S
NMDC20556570	1	1	0	0	0	0	0	0	0	1	0	1	0	0	1	1	0	0	1	0	S
NMDC20556571	0	0	0	0	0	0	0	0	0	1	0	1	0	0	1	1	0	0	1	0	S
NMDC20554576	0	0	0	0	0	0	0	0	0	1	0	1	0	0	1	1	0	0	1	0	S
NMDC20556572	0	0	0	0	0	0	0	0	0	1	0	1	0	0	1	1	0	0	1	0	S
NMDC20558575	0	0	0	0	0	0	0	0	0	0	1	1	0	1	1	0	0	0	1	0	S
NMDC20556573	1	1	0	0	0	0	0	0	0	1	0	1	0	0	1	1	0	0	1	0	S
NMDC20552576	1	0	0	0	0	0	0	0	0	1	0	1	0	0	1	1	0	0	1	0	S
NMDC20558576	0	0	0	0	0	0	0	0	0	1	0	1	0	0	1	1	0	0	1	0	S
NMDC20552577	0	0	0	0	0	0	0	0	0	0	1	1	0	1	1	0	0	0	1	0	S
NMDC20556574	0	0	0	0	0	0	0	0	0	1	0	1	0	0	1	1	0	0	1	0	S
NMDC20552578	0	0	0	0	0	0	0	0	0	1	0	1	0	0	1	1	0	0	1	0	S
NMDC20554578	0	0	0	0	0	0	0	0	0	1	0	1	0	0	1	1	0	0	1	0	S
NMDC20556577	0	0	0	0	0	0	0	0	0	1	0	1	0	0	1	1	0	0	1	0	S
NMDC20588633	0	0	0	0	1	0	0	0	0	1	0	1	0	0	1	0	0	0	1	0	S
NMDC20558609	0	0	0	0	0	0	0	0	0	1	0	1	0	0	1	1	0	0	1	0	S
NMDC20588832	0	0	0	1	0	0	0	0	0	1	0	1	0	0	1	0	0	0	1	0	S
NMDC20552604	0	0	0	1	0	0	0	0	0	1	0	0	0	0	1	1	0	0	1	0	S
NMDC20556601	0	0	0	0	0	0	0	0	0	1	1	1	0	0	1	1	0	0	1	0	S
NMDC20588834	0	0	0	0	1	0	0	0	0	1	0	1	0	0	1	0	0	0	1	0	S
NMDC20552605	1	0	0	0	0	0	0	0	0	1	0	1	0	0	1	1	0	0	1	0	S
NMDC20588835	0	0	0	0	0	0	0	0	0	1	0	1	0	0	1	1	0	0	1	0	S
NMDC20556603	0	0	0	1	0	0	0	0	0	1	0	1	0	0	1	0	0	0	1	0	S
NMDC20554607	0	0	0	0	0	0	0	0	0	1	0	1	0	0	1	1	0	0	1	0	S
NMDC20552607	1	0	0	1	0	0	0	0	0	1	0	1	0	0	1	0	0	0	1	0	S
NMDC20588839	0	0	0	0	0	0	0	0	0	0	1	1	0	1	1	0	0	0	1	0	S
NMDC20552608	0	0	0	0	0	0	0	0	0	0	1	1	0	1	1	0	0	0	1	0	S
NMDC20558610	0	0	0	0	0	0	0	0	0	0	1	1	0	1	1	0	0	0	1	0	S
NMDC20552609	1	0	0	0	0	1	0	0	0	1	0	1	0	0	1	1	1	0	1	0	S
NMDC20588840	0	0	0	0	1	0	0	0	0	1	0	1	0	0	1	0	0	0	1	0	S
NMDC20588841	1	0	0	0	0	0	0	0	0	1	0	1	0	0	1	1	1	0	1	0	S
NMDC20558611	1	0	0	0	0	0	0	0	0	1	1	1	0	0	1	0	0	0	1	0	S
NMDC20588842	0	0	0	0	0	0	0	0	0	1	0	1	0	0	0	1	0	0	1	0	S
NMDC20588843	0	0	0	0	0	0	0	0	0	1	0	1	0	0	1	1	0	0	1	0	S
NMDC20558612	0	0	0	0	0	0	0	0	0	0	1	1	0	1	1	0	0	0	1	0	S
NMDC20552611	0	0	0	0	0	0	0	0	0	1	0	1	0	0	1	1	0	0	1	0	S
NMDC20554608	0	0	0	0	0	0	0	0	0	0	1	1	0	1	1	0	0	0	1	0	S
NMDC20588846	0	0	0	0	0	0	0	0	0	0	1	1	0	1	1	0	0	0	1	0	S
NMDC20558615	0	0	0	0	0	0	0	0	0	1	0	1	0	0	1	1	0	0	1	0	S
NMDC20558614	1	0	0	1	0	0	0	0	0	0	1	1	0	0	1	0	1	0	1	0	S
NMDC20588848	0	0	0	0	1	0	0	0	0	1	0	0	0	0	0	0	0	0	1	0	S
NMDC20558616	1	0	0	0	0	0	0	0	0	1	0	1	0	0	1	1	0	0	1	0	S
NMDC20588849	1	0	0	0	0	0	0	0	0	1	0	1	0	0	1	1	0	0	1	0	S
NMDC20588850	0	0	0	0	0	0	0	0	0	0	1	1	0	1	1	0	0	0	1	0	S
NMDC20554610	0	0	0	0	0	0	0	0	0	1	0	1	0	0	1	1	0	0	1	0	S
NMDC20588852	0	0	0	1	0	0	0	0	0	1	0	1	0	0	1	0	0	0	1	0	S
NMDC20554611	0	0	0	0	0	0	0	0	0	0	1	1	0	1	1	0	0	0	1	0	S
NMDC20554614	0	0	0	0	0	0	0	0	0	1	0	1	0	0	1	1	0	0	1	0	S
NMDC20588854	0	0	0	0	0	0	0	0	0	1	0	1	0	0	1	1	0	0	1	0	S
NMDC20558618	0	0	0	0	0	0	0	0	0	1	0	1	0	0	0	0	0	0	0	0	S
NMDC20556606	0	0	0	0	0	0	0	0	0	1	0	1	0	0	1	1	0	0	1	0	S
NMDC20556607	0	0	0	0	0	0	0	0	0	0	0	1	0	0	1	0	0	0	1	0	S
NMDC20552612	1	1	0	1	0	1	0	0	0	1	0	0	0	0	1	1	0	0	1	0	S
NMDC20554615	0	0	0	0	0	0	0	0	0	0	1	1	0	1	1	0	0	0	1	0	S
NMDC20588856	0	0	0	1	0	0	0	0	0	0	1	1	0	0	1	0	0	0	0	0	S
NMDC20558620	1	0	0	1	0	0	0	0	0	0	0	1	0	0	1	0	0	0	0	0	S
NMDC20556609	0	0	0	0	0	0	0	0	0	1	0	1	0	0	1	0	0	0	0	0	S
NMDC20588858	0	0	0	0	0	0	0	0	0	1	0	0	0	0	1	1	0	0	0	0	S
NMDC20552613	0	0	0	1	0	0	0	0	0	0	0	1	0	0	1	0	0	0	0	0	S
NMDC20552614	0	0	0	1	0	0	0	0	0	1	0	0	0	0	1	1	0	0	1	0	S
NMDC20588859	0	0	0	0	0	0	0	0	0	1	0	1	0	0	1	1	0	0	1	0	S
NMDC20588862	0	0	0	0	1	0	0	0	0	0	0	1	0	0	1	0	0	0	1	0	S
NMDC20552618	1	0	0	0	0	1	0	0	0	1	0	1	0	0	1	1	1	0	1	0	S
NMDC20588863	0	0	0	1	0	1	0	0	0	0	1	1	0	0	1	0	0	0	1	0	S
NMDC20588864	0	0	0	0	0	0	0	0	0	1	0	0	0	0	1	1	0	0	0	0	S
NMDC20588865	0	0	0	1	0	0	0	0	0	1	0	1	0	0	1	0	0	0	1	0	S
NMDC20556611	0	0	0	0	0	0	0	0	0	0	1	1	0	1	1	0	0	0	1	0	S
NMDC20558624	0	0	0	0	0	0	0	0	0	0	1	1	0	1	1	0	0	0	1	0	S
NMDC20556613	0	0	0	0	0	0	0	0	0	0	1	1	0	1	1	0	0	0	1	0	S
NMDC20588866	0	0	0	0	0	0	0	0	0	1	0	0	0	0	1	1	0	0	0	0	S
NMDC20588867	0	0	0	0	0	0	0	0	0	0	1	1	0	1	1	0	0	0	1	0	S
NMDC20588868	0	0	0	1	0	0	0	0	0	1	0	1	0	0	1	0	0	0	1	0	S
NMDC20588870	1	0	0	0	0	0	0	0	0	1	0	1	0	0	0	0	0	0	1	0	S
NMDC20554618	1	0	0	0	0	0	0	0	0	1	0	1	0	0	0	0	0	0	1	0	S
NMDC20556615	0	0	0	0	0	0	0	0	0	1	0	1	0	0	0	1	0	0	1	0	S
NMDC20588873	0	0	0	0	0	0	0	1	0	1	0	0	0	0	1	1	0	0	1	0	S
NMDC20552619	0	0	0	0	0	0	0	0	0	1	0	1	0	0	1	1	0	0	1	0	S
NMDC20554619	0	1	0	1	0	0	0	1	0	1	0	1	0	0	1	0	0	0	1	0	S
NMDC20558627	0	0	0	0	1	0	0	0	0	1	0	0	0	0	0	0	0	0	1	0	S
NMDC20552621	0	0	0	0	0	0	0	0	0	1	0	1	0	0	0	1	0	0	1	0	S
NMDC20552622	0	0	0	0	0	0	0	0	0	1	0	1	0	0	1	1	0	0	1	0	S
NMDC20588879	1	0	0	0	0	1	0	0	0	1	0	1	0	0	1	0	1	0	1	0	S
NMDC20552623	0	0	0	0	0	0	0	0	0	0	1	1	0	1	1	0	0	0	1	0	S
NMDC20588883	0	0	0	0	0	0	0	0	0	1	0	1	0	0	0	1	0	0	1	0	S
NMDC20588887	0	0	0	0	0	0	0	0	0	0	1	1	0	1	1	0	0	0	1	0	S
NMDC20558629	0	0	0	0	0	0	0	0	0	0	1	1	0	1	1	0	0	0	1	0	S
NMDC20554622	0	0	0	0	0	0	0	0	0	0	1	1	0	1	1	0	0	0	1	0	S
NMDC20556623	1	0	0	0	0	0	0	0	0	1	0	1	0	0	1	1	0	0	1	0	S
NMDC20554624	0	0	0	0	0	0	0	0	0	1	0	1	0	0	1	1	0	0	1	0	S
NMDC20558630	1	0	0	0	0	0	0	0	0	1	1	1	0	0	1	0	0	0	1	0	S
NMDC20588891	0	0	0	0	0	0	0	0	0	0	1	1	0	1	1	0	0	0	1	0	S
NMDC20558631	0	0	0	0	0	0	0	0	0	1	0	1	0	0	1	1	0	0	1	0	S
NMDC20554626	0	0	0	1	0	0	0	0	0	1	1	1	0	0	1	0	0	0	1	0	S
NMDC20588892	0	0	0	0	0	0	0	0	0	0	1	1	0	1	1	0	0	0	1	0	S
NMDC20554627	0	0	0	0	1	0	0	0	0	1	0	1	0	0	1	0	0	0	1	0	S
NMDC20558632	0	0	0	0	1	0	0	0	0	1	0	1	0	0	0	0	0	0	1	0	S
NMDC20588893	0	0	0	0	0	0	0	0	0	0	1	1	0	1	1	0	0	0	1	0	S
NMDC20588894	0	0	0	0	0	0	0	0	0	0	1	1	0	1	1	0	0	0	1	0	S
NMDC20588895	0	0	0	0	0	0	0	0	0	0	1	1	0	1	1	0	0	0	1	0	S
NMDC20558634	0	0	0	0	0	0	0	0	0	1	0	1	0	0	1	1	0	0	1	0	S
NMDC20556633	0	0	0	0	0	0	0	0	0	0	1	1	0	1	1	0	0	0	1	0	S
NMDC20552627	0	0	0	0	0	0	0	0	0	0	1	1	0	1	1	0	0	0	1	0	S
NMDC20588897	0	0	0	0	0	0	0	0	0	0	1	1	0	1	1	0	0	0	1	0	S
NMDC20588898	0	0	0	0	1	0	0	0	0	1	0	1	0	0	0	0	0	0	1	0	S
NMDC20588899	0	0	0	0	0	0	0	0	0	0	1	1	0	1	1	0	0	0	1	0	S
NMDC20552626	0	0	0	0	0	0	0	0	0	0	1	1	0	1	1	0	0	0	1	0	S
NMDC20588900	0	0	0	0	0	0	0	0	0	0	1	1	0	1	1	0	0	0	1	0	S
NMDC20588901	0	0	0	0	0	0	0	0	0	1	0	1	0	0	0	0	0	0	0	0	S
NMDC20556625	0	0	0	0	0	0	0	0	0	1	0	1	0	0	1	1	0	0	1	0	S
NMDC20556627	0	0	0	0	0	0	0	0	0	1	0	1	0	0	1	0	0	0	0	0	S
NMDC20554629	0	0	0	0	0	0	0	0	0	0	1	1	0	1	1	0	0	0	1	0	S
NMDC20588904	0	0	0	0	0	0	0	0	0	1	0	1	0	0	1	1	0	0	1	0	S
NMDC20554630	0	0	0	1	0	0	0	0	0	1	0	1	0	0	1	0	0	0	1	0	S
NMDC20552629	0	0	0	1	0	0	0	0	0	1	0	0	0	0	1	1	0	0	1	0	S
NMDC20556629	0	0	0	0	0	0	0	0	0	0	1	1	0	1	1	0	0	0	1	0	S
NMDC20554632	0	0	0	0	0	0	0	0	0	1	0	1	0	0	1	1	0	0	1	0	S
NMDC20556630	0	0	0	0	0	0	0	0	0	1	0	1	0	0	1	1	0	0	1	0	S
NMDC20554633	1	0	0	0	0	0	0	0	0	1	0	1	0	0	1	1	1	0	1	0	S
NMDC20556631	0	0	0	0	0	0	0	0	0	1	0	1	0	0	1	1	0	0	1	0	S
NMDC20588907	0	0	0	0	0	0	0	0	0	1	0	1	0	0	1	1	0	0	1	0	S
NMDC20552630	0	0	0	0	0	0	0	0	0	1	0	1	0	0	1	1	0	0	1	0	S
NMDC20556632	0	0	0	0	0	0	0	0	0	0	1	1	0	1	1	0	0	0	1	0	S
NMDC20588908	0	0	0	1	0	0	0	0	0	1	0	1	0	0	0	0	0	0	1	0	S
NMDC20588909	0	0	0	0	0	0	0	0	0	0	1	1	0	1	1	0	0	0	1	0	S
NMDC20588910	0	0	0	0	0	0	0	0	0	1	0	1	0	0	1	1	0	0	1	0	S
NMDC20554635	0	0	0	0	0	0	0	0	0	1	0	1	0	0	1	1	0	0	1	0	S
NMDC20588911	0	1	0	0	0	0	0	0	0	0	1	1	0	1	1	0	0	0	1	0	S
NMDC20552633	0	0	0	0	0	0	0	0	0	1	0	1	0	0	1	1	0	0	1	0	S
NMDC20588913	0	0	0	0	0	0	0	0	0	0	1	1	0	1	1	0	0	0	1	0	S
NMDC20588914	0	0	0	0	0	0	0	0	0	1	0	1	0	0	1	1	0	0	1	0	S
NMDC20554636	1	0	0	0	0	0	0	0	0	1	0	1	0	0	1	1	1	0	1	0	S
NMDC20556636	0	0	0	0	0	0	0	0	0	0	1	1	0	1	1	0	0	0	1	0	S
NMDC20556638	0	0	0	0	0	0	0	0	0	0	1	1	0	1	1	0	0	0	1	0	S
NMDC20556637	1	0	0	0	0	0	0	0	0	0	1	1	0	1	1	0	0	0	1	0	S
NMDC20554637	1	0	0	0	0	0	0	0	0	0	1	1	0	0	1	0	0	0	1	0	S
NMDC20588917	1	0	0	0	1	0	0	0	0	1	0	1	0	0	1	0	0	0	1	0	S
NMDC20588919	0	0	0	1	0	0	0	0	0	1	0	1	0	0	1	0	0	0	0	0	S
NMDC20588920	0	0	0	0	0	0	0	0	0	1	0	1	0	0	1	1	0	0	1	0	S
NMDC20554638	1	0	0	0	0	0	0	0	0	1	0	1	0	0	1	1	0	0	1	0	S
NMDC20554640	0	0	0	0	0	0	0	0	0	0	1	1	0	1	1	0	0	0	1	0	S
NMDC20588921	0	0	0	0	0	0	0	0	0	0	1	1	0	1	1	0	0	0	1	0	S
NMDC20588922	0	0	0	0	0	0	0	0	0	0	1	1	0	1	1	0	0	0	1	0	S
NMDC20554641	0	0	0	0	0	0	0	0	0	1	0	1	0	0	1	0	0	0	1	0	S
NMDC20588923	0	0	0	0	0	0	0	0	0	1	0	1	0	0	1	0	0	0	1	0	S
NMDC20588924	0	0	0	0	0	0	0	0	0	0	1	1	0	1	1	0	0	0	1	0	S
NMDC20552634	0	0	0	0	0	0	0	0	0	1	0	1	0	0	1	0	0	0	1	0	S
NMDC20552635	0	0	0	0	0	0	0	0	0	0	0	0	0	1	1	0	0	0	1	0	S
NMDC20554642	0	0	0	0	0	0	0	0	0	0	1	1	0	1	1	0	0	0	1	0	S
NMDC20588925	0	0	0	0	0	0	0	0	0	0	1	1	0	1	1	0	0	0	1	0	S
NMDC20556639	0	0	0	0	0	0	0	0	0	0	1	1	0	1	1	0	0	0	1	0	S
NMDC20556644	1	0	0	0	1	0	0	0	0	1	0	1	0	0	1	0	0	0	1	0	S
NMDC20588926	0	0	0	0	0	0	0	0	0	1	0	1	0	0	1	0	0	0	1	0	S
NMDC20558641	0	0	0	0	0	0	0	0	0	1	0	1	0	0	1	0	0	0	1	0	S
NMDC20588927	0	0	0	0	0	0	0	0	0	0	1	1	0	1	1	0	0	0	1	0	S
NMDC20558642	0	0	0	0	1	0	0	0	0	1	0	1	0	0	1	0	0	0	1	0	S
NMDC20588930	0	0	0	0	0	0	0	0	0	0	1	1	0	1	1	0	0	0	1	0	S
NMDC20558644	0	0	0	0	0	0	0	0	0	1	0	1	0	0	1	1	0	0	1	0	S
NMDC20552639	1	0	0	0	0	1	0	0	0	1	0	1	0	0	1	1	1	0	1	0	S
NMDC20554645	0	0	0	0	0	0	0	0	0	1	0	1	0	0	1	1	0	0	1	0	S
NMDC20588933	1	1	0	0	0	1	0	0	0	1	0	1	0	0	0	1	1	0	1	0	S
NMDC20556645	0	0	0	0	0	0	0	0	0	1	0	1	0	0	1	0	0	0	1	0	S
NMDC20552640	0	0	0	0	1	0	0	0	0	1	0	0	0	0	0	0	0	0	1	0	S
NMDC20588935	0	0	0	1	0	0	0	0	0	1	0	1	0	0	1	0	0	0	0	0	S
NMDC20588936	1	0	0	0	0	1	0	0	0	1	0	1	0	0	1	1	1	0	1	0	S
NMDC20558646	0	0	0	0	0	0	0	0	0	0	1	1	0	1	1	0	0	0	1	0	S
NMDC20552643	1	0	0	0	0	0	0	0	0	1	0	1	0	0	1	1	0	0	1	0	S
NMDC20552646	0	0	0	1	0	0	0	0	0	1	0	0	0	0	1	1	0	0	1	0	S
NMDC20588941	1	1	0	0	0	1	0	0	0	1	0	1	0	0	1	1	0	0	1	0	S
NMDC20556649	0	0	0	0	0	0	0	0	0	1	0	1	0	0	1	1	0	0	1	0	S
NMDC20552647	1	0	0	0	1	0	0	0	0	1	0	1	0	0	1	0	0	0	1	0	S
NMDC20588943	0	0	0	0	0	0	0	0	0	1	0	1	0	0	1	1	0	0	1	0	S
NMDC20558647	0	0	0	0	0	0	0	0	0	1	0	1	0	0	1	1	0	0	1	0	S
NMDC20556650	1	0	0	0	0	0	1	0	0	1	0	1	0	0	1	0	0	0	1	0	S
NMDC20588946	0	0	0	0	0	0	0	0	0	1	0	0	0	0	1	0	0	0	1	0	S
NMDC20556651	1	0	0	1	0	0	0	0	0	1	0	0	0	0	1	1	0	0	1	0	S
NMDC20554649	0	0	0	0	0	0	0	0	0	1	0	1	0	0	1	1	0	0	1	0	S
NMDC20554650	0	0	0	1	0	0	0	0	0	0	0	1	0	0	1	0	0	0	0	0	S
NMDC20552649	1	0	0	1	0	0	0	0	0	0	0	1	0	0	1	0	0	0	0	0	S
NMDC20588950	0	0	0	0	0	0	0	0	0	1	0	1	0	0	1	1	0	0	1	0	S
NMDC20588952	0	0	0	0	0	0	0	0	0	1	1	1	0	0	1	1	0	0	1	0	S
NMDC20556655	0	0	0	0	0	0	0	0	0	0	1	1	0	0	1	0	0	0	1	0	S
NMDC20558652	0	0	0	0	0	0	0	0	0	0	1	1	0	1	1	0	0	0	1	0	S
NMDC20558653	0	0	0	0	0	0	0	0	0	1	0	1	0	0	1	1	0	0	1	0	S
NMDC20588954	0	0	0	0	0	0	0	0	0	1	0	1	0	0	0	1	0	0	1	0	S
NMDC20588955	0	0	0	0	0	0	0	0	0	1	0	1	0	0	1	1	0	0	1	0	S
NMDC20588956	0	0	0	0	0	0	0	0	0	1	0	1	0	0	1	1	0	0	1	0	S
NMDC20588957	0	0	0	0	0	0	0	0	0	1	0	1	0	0	1	1	0	0	1	0	S
NMDC20588958	1	0	0	0	1	0	0	0	0	1	0	1	0	0	1	0	0	0	1	0	S
NMDC20554655	0	0	0	0	0	0	0	0	0	1	0	1	0	0	1	1	0	0	1	0	S
NMDC20558655	0	0	0	0	0	0	0	0	0	1	0	1	0	0	1	1	0	0	1	0	S
NMDC20558656	0	0	0	0	0	0	0	0	0	1	0	1	0	0	1	0	0	0	1	0	S
NMDC20588960	0	0	0	1	0	0	0	0	0	1	0	1	0	0	1	0	0	0	1	0	S
NMDC20554657	0	0	0	0	0	0	0	0	0	1	0	1	0	0	1	1	0	0	1	0	S
NMDC20552654	0	0	0	1	0	0	0	0	0	1	0	1	0	0	1	0	0	0	1	0	S
NMDC20588966	0	0	0	0	0	0	0	0	0	0	1	1	0	0	1	0	0	0	1	0	S
NMDC20552656	0	0	0	0	0	0	0	0	0	0	0	1	0	0	1	1	0	0	1	0	S
NMDC20588969	1	0	0	0	0	0	1	0	0	1	0	1	1	0	1	1	0	0	1	0	S
NMDC20588970	0	0	0	0	0	0	0	0	0	1	1	1	0	0	1	1	0	0	1	0	S
NMDC20552657	0	0	0	0	1	0	0	0	0	1	0	1	0	0	1	0	0	0	1	0	S
NMDC20554659	0	0	0	0	0	0	0	0	0	1	0	1	0	0	1	1	0	0	1	0	S
NMDC20556658	0	0	0	0	0	0	0	0	0	0	1	1	0	1	1	0	0	0	1	0	S
NMDC20556659	0	0	0	0	0	0	0	0	0	0	1	1	0	1	1	0	0	0	1	0	S
NMDC20588971	0	0	0	0	0	0	0	0	0	1	0	1	0	0	1	1	0	0	1	0	S
NMDC20552658	0	0	0	0	1	0	0	0	0	1	0	0	0	0	1	0	0	0	1	0	S
NMDC20588972	1	0	0	0	0	0	0	0	0	1	0	1	0	0	1	1	0	0	1	0	S
NMDC20552660	0	0	0	0	0	0	0	0	0	1	0	0	0	0	1	1	0	0	0	0	S
NMDC20558658	0	0	0	0	0	0	0	0	0	1	0	1	0	0	1	1	0	0	1	0	S
NMDC20588976	0	0	0	0	0	0	0	0	0	1	0	0	0	0	1	1	0	0	0	0	S
NMDC20588977	0	0	0	0	0	0	0	0	0	0	1	1	0	1	1	0	0	0	1	0	S
NMDC20554660	1	0	0	0	1	0	0	0	0	1	0	1	0	0	1	0	0	0	1	0	S
NMDC20556660	0	0	0	0	0	0	0	0	0	1	0	1	0	0	1	1	0	0	1	0	S
NMDC20556661	0	0	0	1	0	0	0	0	0	1	0	1	0	0	1	0	0	0	1	0	S
NMDC20588978	0	0	0	0	0	0	0	0	0	1	0	0	0	0	1	1	0	0	0	0	S
NMDC20588979	0	0	0	0	0	0	0	0	0	1	0	1	0	0	1	1	0	0	1	0	S
NMDC20554662	0	0	0	1	0	0	0	0	0	1	0	1	0	0	0	0	0	0	1	0	S
NMDC20588984	0	0	0	0	0	0	0	0	0	1	1	1	0	0	1	1	0	0	1	0	S
NMDC20588985	0	0	0	0	0	0	0	0	0	1	0	1	0	0	1	1	0	0	1	0	S
NMDC20558663	0	0	0	0	0	0	0	0	0	1	0	1	0	0	1	0	0	0	0	0	S
NMDC20554666	0	0	0	1	0	0	0	0	0	1	0	1	0	0	0	0	0	0	1	0	S
NMDC20554667	0	0	0	0	0	0	0	0	0	1	1	1	0	0	1	1	0	0	1	0	S
NMDC20588986	1	0	0	1	0	1	0	0	0	0	1	1	0	0	1	0	0	0	0	0	S
NMDC20552661	0	0	0	0	0	0	0	0	0	1	0	1	0	0	1	1	0	0	1	0	S
NMDC20558665	0	0	0	0	0	0	0	0	0	0	1	1	0	1	1	0	0	0	1	0	S
NMDC20552662	0	0	0	0	0	0	0	0	0	1	0	1	0	0	1	0	0	0	1	0	S
NMDC20556665	0	0	0	0	0	0	0	0	0	1	0	1	0	0	1	1	0	0	1	0	S
NMDC20588990	1	0	0	0	0	0	0	0	0	1	0	1	0	0	1	1	1	0	1	0	S
NMDC20588994	0	0	0	0	0	0	0	0	0	1	0	1	0	0	1	1	0	0	1	0	S
NMDC20558667	0	0	0	0	0	0	0	0	0	1	0	1	0	0	1	1	0	0	1	0	S
NMDC20588996	0	0	0	0	0	0	0	0	0	1	0	1	0	0	1	1	0	0	1	0	S
NMDC20588997	0	0	0	1	0	0	0	0	0	0	1	1	0	0	1	0	0	0	0	0	S
NMDC20588999	0	0	0	1	0	0	0	0	0	1	1	0	0	0	0	1	0	0	1	0	S
NMDC20589000	0	0	0	0	0	0	0	0	0	1	0	1	0	0	1	1	0	0	1	0	S
NMDC20589001	0	0	0	0	0	0	0	0	0	0	1	1	0	1	1	0	0	0	1	0	S
NMDC20589003	0	0	0	1	0	0	0	0	0	1	0	1	0	0	1	0	0	0	1	0	S
NMDC20589004	0	0	0	0	0	0	0	0	0	1	1	1	0	0	1	1	0	0	1	0	S
NMDC20589005	0	0	0	1	0	0	0	0	0	0	1	1	0	0	1	0	0	0	1	0	S
NMDC20589006	0	0	0	0	0	0	0	0	0	1	0	1	0	0	1	1	0	0	1	0	S
NMDC20589007	1	0	0	1	0	0	0	0	0	1	0	0	0	0	1	1	0	0	1	0	S
NMDC20589008	0	0	0	0	0	0	0	0	0	1	0	1	0	0	1	1	0	0	1	0	S
NMDC20589009	0	0	0	0	0	0	0	0	0	1	0	1	0	0	1	1	0	0	1	0	S
